time,NORM_ERROR_Pept0003,NORM_ERROR_ATP,NORM_ERROR_ADP,NORM_ERROR_AMP,NORM_ERROR_GTP,NORM_ERROR_GDP,NORM_ERROR_PO4,NORM_ERROR_PPi,NORM_ERROR_CP,NORM_ERROR_RS30S,NORM_ERROR_RS50S,NORM_ERROR_RF1,NORM_ERROR_RF2,NORM_ERROR_RF3,NORM_ERROR_RF3_GDP,NORM_ERROR_RF3_GTP,NORM_ERROR_EFTu,NORM_ERROR_EFTu_GDP,NORM_ERROR_EFG,NORM_ERROR_EFG_GDP,NORM_ERROR_RRF,NORM_ERROR_tRNAGlyGCC,NORM_ERROR_GlytRNAGlyGCC,NORM_ERROR_tRNAfMetCAU,NORM_ERROR_MettRNAfMetCAU,NORM_ERROR_fMettRNAfMetCAU,NORM_ERROR_EFTu_GTP,NORM_ERROR_EFG_GTP,NORM_ERROR_RS70S,NORM_ERROR_BOUND_RF1,NORM_ERROR_BOUND_RF2,NORM_ERROR_BOUND_RF3,NORM_ERROR_BOUND_EFTu,NORM_ERROR_BOUND_EFG,NORM_ERROR_BOUND_RRF,NORM_ERROR_BOUND_tRNAGlyGCC,NORM_ERROR_BOUND_tRNAfMetCAU,NORM_ERROR_OCCUPIED_30S,NORM_ERROR_OCCUPIED_50S,NORM_CUM_ERROR_NET_Pept0003,NORM_CUM_ERROR_NET_ATP,NORM_CUM_ERROR_NET_ADP,NORM_CUM_ERROR_NET_AMP,NORM_CUM_ERROR_NET_GTP,NORM_CUM_ERROR_NET_GDP,NORM_CUM_ERROR_NET_PO4,NORM_CUM_ERROR_NET_PPi,NORM_CUM_ERROR_NET_CP,NORM_CUM_ERROR_CONSUMED_ATP,NORM_CUM_ERROR_CONSUMED_GTP,NORM_CUM_ERROR_RELEASED_GDP,NORM_CUM_ERROR_RELEASED_PO4,NORM_CUM_ERROR_RELEASED_PPi,NORM_CUM_ERROR_RELEASED_EFG_GDP,NORM_CUM_ERROR_RELEASED_RRF,NORM_CUM_ERROR_RELEASED_tRNAGlyGCC,NORM_CUM_ERROR_RELEASED_RS50S,NORM_CUM_ERROR_RESIDUE_re0000000018,NORM_CUM_ERROR_RESIDUE_re0000000079,NORM_CURRENT_ERROR_NET_Pept0003,NORM_CURRENT_ERROR_NET_ATP,NORM_CURRENT_ERROR_NET_ADP,NORM_CURRENT_ERROR_NET_AMP,NORM_CURRENT_ERROR_NET_GTP,NORM_CURRENT_ERROR_NET_GDP,NORM_CURRENT_ERROR_NET_PO4,NORM_CURRENT_ERROR_NET_PPi,NORM_CURRENT_ERROR_NET_CP,NORM_CURRENT_ERROR_CONSUMED_ATP,NORM_CURRENT_ERROR_CONSUMED_GTP,NORM_CURRENT_ERROR_RELEASED_GDP,NORM_CURRENT_ERROR_RELEASED_PO4,NORM_CURRENT_ERROR_RELEASED_PPi,NORM_CURRENT_ERROR_RELEASED_EFG_GDP,NORM_CURRENT_ERROR_RELEASED_RRF,NORM_CURRENT_ERROR_RELEASED_tRNAGlyGCC,NORM_CURRENT_ERROR_RELEASED_RS50S,NORM_CURRENT_ERROR_RESIDUE_re0000000018,NORM_CURRENT_ERROR_RESIDUE_re0000000079
0.0,0.0,0.0,0.0,0.0,0.0,0.0,0.0,0.0,0.0,0.0,0.0,0.0,0.0,0.0,0.0,0.0,0.0,0.0,0.0,0.0,0.0,0.0,0.0,0.0,0.0,0.0,0.0,0.0,0.0,0.0,0.0,0.0,0.0,0.0,0.0,0.0,0.0,0.0,0.0,0.0,0.0,0.0,0.0,0.0,0.0,0.0,0.0,0.0,0.0,0.0,0.0,0.0,0.0,0.0,0.0,0.0,0.0,0.0,0.0,0.0,0.0,0.0,0.0,0.0,0.0,0.0,0.0,0.0,0.0,0.0,0.0,0.0,0.0,0.0,0.0,0.0,0.0,0.0,0.0
1e-07,0.0,6.9121597334742546e-15,3.960294614344736e-55,3.1275222540080783e-37,1.8189894035458566e-16,1.8963557413530433e-36,7.682456134703677e-28,4.809394335645271e-22,7.761021455128987e-14,-3.217305206181459e-20,2.757268708510092e-25,0.0,0.0,2.0602567271258263e-13,7.86027368992095e-40,-2.0610373526900158e-13,5.329070518200751e-16,2.70723896935195e-40,4.1310624172098847e-16,8.964286169439397e-29,0.0,0.0,7.206341340879735e-35,2.503552920780083e-16,2.130438476728683e-37,2.6211025166675368e-55,-6.921329828712963e-16,-7.103289210060844e-16,8.881784197001252e-16,0.0,0.0,0.0,3.869135308670411e-184,3.8570781279993735e-17,0.0,-6.067494360466012e-17,-2.260555177111228e-18,-1.1351235345199069e-15,-1.1351596745923231e-15,0.0,7.178337553999844e-15,3.960294614344732e-55,3.1275222540080783e-37,4.709982404094148e-16,1.8963557413530433e-36,7.682456123305481e-28,4.809394335645271e-22,7.702749549309829e-14,-7.075445784821e-15,-4.66260363651827e-16,1.8963729242588494e-36,7.6824561489635325e-28,4.809397185233858e-22,8.964396423679172e-29,0.0,3.874875194640888e-18,-2.757268708510092e-25,8.819405873641966e-203,1.2976311335244095e-304,0.0,-6.219372153282165e-10,2.449640201810171e-47,1.0946601269759719e-29,-1.1140946298837661e-11,4.625511492932089e-29,-3.2990667498181724e-24,-3.551926014242938e-17,-8.18111002445221e-09,6.14020973443985e-10,1.103617250919342e-11,4.6255716636328814e-29,-3.299034790980309e-24,-3.551572042824215e-17,1.116546424266001e-21,0.0,-6.066959543863063e-15,-4.625929269271485e-18,9.23893886245554e-195,1.3652854128216717e-296
1.2275703955658056e-07,0.0,2.231293668349584e-14,1.8943761184672821e-53,3.338882364142859e-36,7.275957614183426e-16,1.4999248497519995e-35,3.4890960280546254e-27,2.1804678326361462e-21,2.696954955657323e-13,-4.0006866052998037e-20,1.6543612251060553e-24,0.0,0.0,3.568574007723718e-13,8.384586682628513e-39,-3.567991636271068e-13,8.881784197001252e-16,2.892040164191588e-39,6.196593625814827e-16,5.33682143934341e-28,0.0,-1.2517764603900416e-16,7.693036719590622e-34,3.755329381170125e-16,2.27451242938484e-36,1.3141292230662236e-53,-9.956662230803381e-16,-1.0231590687741695e-15,1.3322676295501878e-15,0.0,0.0,0.0,3.0156779765429658e-179,5.5306396674980466e-17,0.0,-8.657725772109896e-17,-3.227045181013451e-18,-1.61907524424502e-15,-1.6191475243898523e-15,0.0,2.2606575870535533e-14,1.8943761184672821e-53,3.338882364142861e-36,8.053918643113888e-16,1.4999248497519995e-35,3.489096026496758e-27,2.1804678326361462e-21,2.6951127255851287e-13,-2.2305024494073677e-14,-7.976397320419437e-16,1.4999432003989363e-35,3.489096041772302e-27,2.180469527561538e-21,5.336908645343423e-28,0.0,5.527672927676268e-18,1.1029074834040368e-24,6.998994237027113e-197,1.8738193253269996e-297,0.0,-2.019976576169332e-09,7.88952469736396e-46,8.650835722361708e-29,-1.9220169633626937e-11,2.7537522773818043e-28,-1.2188633843251599e-23,-1.5931873556468236e-16,-2.8625130653381348e-08,1.9957001010576882e-09,1.905718818306923e-11,2.7537998629169657e-28,-1.2188488696884006e-23,-1.5930268732125953e-16,5.0708268354515055e-21,0.0,-8.657305559064722e-15,-4.625929269271485e-18,3.2906809330689038e-189,8.810034349085652e-290
1.5069290760695855e-07,0.0,3.7228649792571864e-14,-8.601879941656838e-52,-6.849674722050351e-36,9.094947017729283e-16,1.0647316885279239e-36,6.212391998845281e-27,3.89142420097642e-21,4.579002658526102e-13,-3.8651668482765324e-20,4.411629933616147e-24,0.0,0.0,4.618527782440651e-13,-1.7161098138123135e-38,-4.618726036552192e-13,1.0658141036401502e-15,-5.9602675100348e-39,8.262124834419769e-16,6.46004371608273e-28,0.0,-1.2517764603900416e-16,-1.5777735384825762e-33,2.503552920780083e-16,-4.6675031283017915e-36,-6.28158361471595e-52,-1.1147333056626963e-15,-1.1467833304415283e-15,1.4802973661668755e-15,0.0,0.0,0.0,-1.3917371493140239e-173,6.18520850038388e-17,0.0,-9.617912580334496e-17,-3.5827937249399115e-18,-1.79833000342929e-15,-1.7983661435017062e-15,0.0,3.753102273407194e-14,-8.601879941656838e-52,-6.849674722050351e-36,1.0340978073841711e-15,1.0647316885279239e-36,6.212391993055033e-27,3.891424200976461e-21,4.593483223421421e-13,-3.7040355967595435e-14,-1.0244360915123707e-15,1.0643539962083952e-36,6.212392011544261e-27,3.891426259778233e-21,6.460049904187623e-28,0.0,6.138490922925956e-18,2.2058149668080737e-24,3.6189489222042234e-194,3.960968041969334e-291,0.0,-3.3806078135967256e-09,-1.825770758962443e-44,6.746160351792668e-30,-2.480810508131981e-11,3.3333791797356283e-28,-2.4740205555658286e-23,-2.861509454003893e-16,-4.878826439380646e-08,3.3405919869740806e-09,2.461019903421402e-11,3.333382557055959e-28,-2.4739947120281896e-23,-2.8612230451845523e-16,9.028993547079316e-21,0.0,-9.618141787450046e-15,-6.938893903907228e-18,1.936485090410115e-186,1.8623064036321332e-283
1.8498615220003515e-07,0.0,6.160310780008635e-14,-4.1548509368078e-51,-4.4239434594519587e-35,1.0913936421275138e-15,-6.094261176620194e-35,1.0709080349061195e-26,6.730137128606279e-21,7.722216347853342e-13,-2.8614658930046886e-20,1.1304801704891378e-23,0.0,0.0,5.966655740914056e-13,-1.1095254693558967e-37,-5.966804431497711e-13,1.2434497875801752e-15,-3.8442615303553617e-38,8.262124834419769e-16,3.752628895570903e-28,0.0,-1.2517764603900416e-16,-1.0191101042601043e-32,2.503552920780083e-16,-3.014295102510109e-35,-3.034555712727341e-51,-1.1548921541315593e-15,-1.1903027013650163e-15,1.6283271027835629e-15,7.4e-323,2.5e-323,0.0,-6.921757410633388e-173,6.401425913985661e-17,0.0,-9.821142889455438e-17,-3.650600829956767e-18,-1.8354819978731265e-15,-1.835554278017959e-15,0.0,6.179121658789199e-14,-4.1548509368078014e-51,-4.423943459451954e-35,1.3221035377597446e-15,-6.094261176620194e-35,1.0709080342398079e-26,6.730137128606443e-21,7.712423588657202e-13,-6.09959157256886e-14,-1.3102297025113786e-15,-6.094504893733655e-35,1.0709080353134056e-26,6.730138350314669e-21,3.7522745638913253e-28,0.0,6.26338693034867e-18,5.790264287871194e-24,6.588853378378756e-193,6.088203147321714e-290,0.0,-5.599949508905411e-09,-8.760667414807447e-44,-3.4886718694696545e-28,-3.189779818058014e-11,1.9365497766515848e-28,-4.85509181807347e-23,-4.983707748355127e-16,-8.191565672556559e-08,5.534384399652481e-09,3.1676609069108964e-11,1.9363565072547274e-28,-4.855047268258253e-23,-4.983212410270454e-16,1.5565148541277887e-20,0.0,-9.821555462263428e-15,-4.625929269271485e-18,3.2138063692059366e-185,2.8624567476505606e-282
2.270835240303935e-07,0.0,8.973681057492892e-14,-1.2771585295858587e-50,-8.903704185374552e-35,1.2732925824820995e-15,-1.0109416699156376e-34,1.6021626856974082e-26,1.006046034846615e-20,1.1331091324488322e-12,-1.1212157476285439e-20,2.0403788442974684e-23,0.0,0.0,7.284649074433349e-13,-2.2351922825460505e-37,-7.284066702980699e-13,1.0658141036401502e-15,-7.744318913449712e-38,6.196593625814827e-16,8.378206164250898e-28,0.0,-1.2517764603900416e-16,-2.0509695686916753e-32,3.755329381170125e-16,-6.066958349913967e-35,-9.376454808738889e-51,-1.089840023782429e-15,-1.1263599871923827e-15,1.4802973661668755e-15,7.264131e-317,2.784586e-317,0.0,-1.7127933992435123e-169,6.037794046458417e-17,0.0,-9.068197514873904e-17,-3.359794302102788e-18,-1.693523793422358e-15,-1.693523793422358e-15,0.0,8.986467866141842e-14,-1.2771585295858587e-50,-8.903704185374552e-35,1.59855184644897e-15,-1.0109416699156376e-34,1.602162684629504e-26,1.0060460348466807e-20,1.1337533282566408e-12,-8.871835488477586e-14,-1.58473512090751e-15,-1.0109907675757607e-34,1.6021626870267572e-26,1.006046306139233e-20,8.37761837892211e-28,0.0,5.775339296240974e-18,1.047762109233835e-23,3.788282817338886e-190,1.732819275544278e-285,1.0412e-319,-8.171672622362773e-09,-2.428980819171084e-43,-5.773774201555688e-28,-3.878958523273468e-11,4.32347489684863e-28,-7.95934040083872e-23,-7.494578122106388e-16,-1.2041876713434855e-07,8.076584587494533e-09,3.8521829992532733e-11,4.323154374992352e-28,-7.959273750599305e-23,-7.493837672235814e-16,2.328641059634127e-20,0.0,-9.068044710130204e-15,-2.3129646346357427e-18,2.06575284065622e-182,8.150628317461391e-278
2.7876101142046726e-07,1.510928e-317,1.1568772606551648e-13,-7.491158362532422e-50,-4.343339537036809e-34,1.8189894035458565e-15,-6.3157103585184305e-34,2.066037848678995e-26,1.3116966876784757e-20,1.4726538211107254e-12,4.279281035607663e-21,2.7572687085100924e-23,0.0,0.0,8.444039118720477e-13,-1.0893231277977627e-36,-8.444373672533701e-13,1.2434497875801752e-15,-3.777135882360059e-37,6.196593625814827e-16,-3.752732762181082e-27,0.0,-2.503552920780083e-16,-1.000496054652509e-31,3.755329381170125e-16,-2.959516699544003e-34,-5.527616310575014e-50,-1.0355865470712545e-15,-1.0729567266964688e-15,1.4802973661668755e-15,2.436468616887939e-307,9.339796359403236e-308,2.95e-321,4.464519683694544e-167,5.728582622272138e-17,0.0,-8.431765757363586e-17,-3.1133966528866088e-18,-1.5736833132902934e-15,-1.5736833132902934e-15,1.510928e-317,1.1588532355943927e-13,-7.491158362532422e-50,-4.343339537036809e-34,1.842093144688306e-15,-6.3157103585184305e-34,2.0660378482807128e-26,1.311696687678607e-20,1.4729866807764818e-12,-1.1441584716701907e-13,-1.826555573458677e-15,-6.315949785633722e-34,2.0660378375355646e-26,1.3116955178234569e-20,-3.7530999685638544e-27,0.0,5.36336244913503e-18,1.3234889800848443e-23,9.803478420163133e-184,1.2301159655542078e-276,3.49227152677583e-310,-1.0562222450971604e-08,-1.3543586896532115e-42,-3.6174976129659335e-27,-4.493631422519684e-11,-1.9362099292273317e-27,-1.0508161982150072e-22,-9.770034141795747e-16,-1.5644915401935576e-07,1.0439784576495488e-08,4.4587068259716035e-11,-1.9364101080940264e-27,-1.050807603533793e-22,-9.769068733016264e-16,3.0033372826638796e-20,0.0,-8.432376976338387e-15,-2.3129646346357427e-18,2.2661199910902555e-176,2.8432330780891456e-269
3.4219876505774637e-07,3.67779334e-316,1.2235735387851795e-13,-7.927669582769741e-50,-2.9600707840889457e-34,1.8189894035458565e-15,-2.6849627648067662e-34,2.2232749552239547e-26,1.3955306289790463e-20,1.556084801753362e-12,9.465703476315147e-21,3.032995579361101e-23,0.0,0.0,8.796138420815883e-13,-7.482197721260255e-37,-8.796187984343769e-13,1.0658141036401502e-15,-2.5802037207842496e-37,6.196593625814827e-16,1.3237974040116325e-27,0.0,-1.2517764603900416e-16,-6.817799742257928e-32,3.755329381170125e-16,-2.0172088957254853e-34,-5.866623305160961e-50,-1.0108233694516856e-15,-1.0484991428055167e-15,1.3322676295501878e-15,5.930670291467595e-306,2.2734236104309e-306,7.162e-320,-1.810483394530446e-165,5.592073352044163e-17,0.0,-8.162065384733163e-17,-3.008343391592889e-18,-1.523376332486966e-15,-1.523376332486966e-15,3.67779334e-316,1.225786139258389e-13,-7.927669582769741e-50,-2.9600707840889457e-34,1.915617664494107e-15,-2.6849627648067662e-34,2.2232749545427534e-26,1.3955306289791778e-20,1.5564305992180986e-12,-1.210237243753909e-13,-1.8995804929033966e-15,-2.6851264995337224e-34,2.223274958329902e-26,1.3955310621460535e-20,1.3236412920061434e-27,0.0,5.190493455847653e-18,1.4889251025954498e-23,2.3859092181234287e-182,2.9942486660705096e-275,8.50062703456469e-309,-1.116852896908919e-08,-1.1723375318029638e-42,-1.5283636886242602e-27,-4.6764034777879715e-11,6.831645269026051e-28,-1.1384279077147734e-22,-1.0418049217732934e-15,-1.6531062622865041e-07,1.1039059609174728e-08,4.640314728021622e-11,6.830794585447624e-28,-1.1384186588015495e-22,-1.0417022107235455e-15,3.231371936143937e-20,0.0,-8.162951652246623e-15,-2.3129646346357427e-18,5.514595935466434e-175,6.920723115223606e-268
4.200730733840671e-07,4.99529489896154e-310,1.1047328977535168e-13,5.075155453652003e-49,1.0204376128387528e-33,1.8189894035458565e-15,1.5144089005651541e-33,2.0828195012789946e-26,1.2629465825468194e-20,1.391163095831871e-12,1.1580528575742387e-22,2.7572687085100924e-23,0.0,0.0,8.580437947460139e-13,2.5368974950115794e-36,-8.579434286020467e-13,1.2434497875801752e-15,8.8778899665625e-37,6.196593625814827e-16,1.6206500746287184e-26,0.0,-2.503552920780083e-16,2.350472599946632e-31,3.755329381170125e-16,6.9535562534116215e-34,3.810588260649513e-49,-1.1057127435876168e-15,-1.1450183501607378e-15,1.6283271027835629e-15,8.055216269263294e-300,3.0878329014541434e-300,9.725446006e-314,2.4483986247849504e-163,6.122026040602277e-17,5e-324,-9.054445087940908e-17,-3.3426037684365433e-18,-1.6903434670497337e-15,-1.6903434670497337e-15,4.99529489896154e-310,1.1066850399051494e-13,5.075155453652003e-49,1.0204376128387528e-33,1.87435067466879e-15,1.5144089005651541e-33,2.0828194827977708e-26,1.2629465825470823e-20,1.391762557053274e-12,-1.0925542692774571e-13,-1.8584356276107883e-15,1.5144650750486006e-33,2.082819529193038e-26,1.2629516853864075e-20,1.620738124923821e-26,0.0,5.762235035059644e-18,1.433779728425248e-23,1.559013799692296e-179,2.2492899442832938e-269,1.1545809465462221e-302,-1.0053270185987154e-08,7.326196329121307e-42,8.676010999157293e-27,-4.5693013817071916e-11,8.362074802809035e-27,-1.038788057895226e-22,-9.463668058569292e-16,-1.4781927069028218e-07,9.93618741631508e-09,4.533212631940842e-11,8.362554391647084e-27,-1.0387793931783095e-22,-9.462738529686348e-16,3.0257332300219924e-20,0.0,-9.054842380274527e-15,-2.3129646346357427e-18,3.5963404351642465e-172,5.198862913973924e-262
5.15669268860623e-07,8.046298084263251e-305,9.519377878556649e-14,5.521613640953428e-48,5.431962914401802e-33,1.6370904631912708e-15,5.619895733822641e-33,1.9146795327625653e-26,1.094535803668767e-20,1.1777350058158238e-12,-1.077540611285744e-20,2.426396463488881e-23,0.0,0.0,8.272747566349738e-13,1.3556513024232422e-35,-8.272970602225221e-13,1.0658141036401502e-15,4.73845529919749e-36,4.1310624172098847e-16,3.747425657368152e-26,0.0,-1.2517764603900416e-16,1.2510137083392267e-30,3.755329381170125e-16,3.7020604446827974e-33,4.1724580443286686e-48,-1.2074542754536565e-15,-1.2485974786391205e-15,1.7763568394002505e-15,1.29749826338212e-294,4.973743340124262e-295,1.5665704043160057e-308,1.6798688697920476e-160,6.692242649604054e-17,6.90605e-319,-1.0021699115561631e-16,-3.709335153316438e-18,-1.8716220702893103e-15,-1.8716220702893103e-15,8.046298084263251e-305,9.534000255939645e-14,5.521613640953418e-48,5.431962914401778e-33,1.8144374891448933e-15,5.619895733822641e-33,1.914679535559786e-26,1.094535803668767e-20,1.1793064894997466e-12,-9.410906128456039e-14,-1.7987722422674322e-15,5.6201956333026836e-33,1.914679642854884e-26,1.0945475151140691e-20,3.747752412928115e-26,0.0,6.382592543069577e-18,1.2131982317444405e-23,4.964339999884415e-177,1.913728413970198e-265,1.859747427009771e-297,-8.616953467329342e-09,6.732061046458781e-41,3.2055564287472203e-26,-4.408648237586021e-11,1.933493772090626e-26,-9.171853207490071e-23,-8.258718671078321e-16,-1.2525195876757305e-07,8.515796313683191e-09,4.3748877942562106e-11,1.933671642707578e-26,-9.17177355904437e-23,-8.257913092673482e-16,2.7792168409108625e-20,4.14363e-319,-1.0020079385278411e-14,0.0,1.1396618343247588e-169,4.422153959492067e-258
6.330203283563647e-07,4.572219621927973e-301,9.155579997847478e-14,3.497233666279209e-47,1.567042596876868e-32,1.8189894035458565e-15,1.2081133279950903e-32,1.9521366816311456e-26,1.0637525847463176e-20,1.1195273449023566e-12,-1.1059956243575682e-20,2.536687211829285e-23,0.0,0.0,8.30288219130385e-13,3.916642908195808e-35,-8.301791793690379e-13,1.2434497875801752e-15,1.3709347261494881e-35,4.1310624172098847e-16,5.629143248352529e-26,0.0,-1.2517764603900416e-16,3.608390974381604e-30,3.755329381170125e-16,1.0681760252901051e-32,2.663667999467508e-47,-1.2101430968414207e-15,-1.251421447088385e-15,1.6283271027835629e-15,7.367915241157034e-291,2.8243675074960983e-291,8.907868777991619e-305,2.7382654504753756e-158,6.712301202355712e-17,3.929576396e-315,-1.0039271661087126e-16,-3.715065331205187e-18,-1.875525198110258e-15,-1.875525198110258e-15,4.572219621927973e-301,9.160453136776899e-14,3.4972336662792113e-47,1.567042596876849e-32,1.8208878849179654e-15,1.2081133279950903e-32,1.9521367738862714e-26,1.0637525847463176e-20,1.1201938339884994e-12,-9.041341009208281e-14,-1.805156024659027e-15,1.2082000731602718e-32,1.9521369350835262e-26,1.0637700270268083e-20,5.629845690254488e-26,1.04e-322,6.395606920479093e-18,1.2131982317444405e-23,1.0731775408926992e-174,5.771830919573926e-262,1.0560678035925325e-293,-8.250648776690166e-09,3.5276192449439906e-40,6.856847511032552e-26,-4.4261105358600614e-11,2.904255826104959e-26,-9.287267430688213e-23,-8.088263662185367e-16,-1.1897149185339609e-07,8.153279001514118e-09,4.391185939311981e-11,2.9046379262832963e-26,-9.287186211891819e-23,-8.087480740367797e-16,2.831778460882571e-20,2.357745836e-315,-1.0042572243551045e-14,-6.938893903907228e-18,2.436022430147922e-167,1.3323368652459764e-254
7.770770148816172e-07,4.126505909446135e-293,7.73676826308171e-14,4.975151541757755e-46,6.888056407565586e-32,1.6370904631912708e-15,3.8652815121598443e-32,2.082973925455394e-26,9.462618111689204e-21,8.983382334311803e-13,-8.658926652205094e-21,2.867559456850496e-23,0.0,0.0,8.20772021776455e-13,1.7146765511910816e-34,-8.208017598931861e-13,1.0658141036401502e-15,6.051240445512459e-35,4.1310624172098847e-16,1.2578485117282941e-25,0.0,-1.2517764603900416e-16,1.5856804489456623e-29,3.755329381170125e-16,4.6965294929311677e-32,3.844610873774683e-46,-1.1346826256364296e-15,-1.17416573879779e-15,1.6283271027835629e-15,3.502687733351536e-283,1.342696962994671e-283,1.5262628991656415e-296,1.2928686555827677e-153,6.316591847776415e-17,1.2782117503668029e-306,-9.36234664649632e-17,-3.4552972669152607e-18,-1.7486012637846216e-15,-1.7483121432052921e-15,4.126505909446135e-293,7.742573989351816e-14,4.975151541757755e-46,6.88805640756551e-32,1.7982504374458584e-15,3.8652815121598443e-32,2.0829733827529875e-26,9.46261811171024e-21,8.989594846298133e-13,-7.638734089709941e-14,-1.7827184173313528e-15,3.8656638037459713e-32,2.0829737430405542e-26,9.463003107954404e-21,1.2580732596235226e-25,6.3036453056e-314,5.960206665548292e-18,1.102907483404037e-23,1.7488843079020077e-169,7.991445429410344e-255,5.020518654511663e-286,-6.868643686175346e-09,3.8929899178478467e-39,2.177735596962624e-25,-4.3725594878196715e-11,6.489276916212935e-26,-1.0169160534840672e-22,-7.460211884471358e-16,-9.547012547651927e-08,6.785740454991658e-09,4.33996319770813e-11,6.490498365013012e-26,-1.0169073887671507e-22,-7.459515435453279e-16,3.0149971896538776e-20,7.669270502200817e-307,-9.36094084285428e-15,-4.625929269271485e-18,2.1285443710152243e-162,9.723085875281452e-248
9.539167385433204e-07,4.9220742030323164e-288,-1.5764574830730755e-14,5.615106518701913e-45,3.7209606765097495e-31,1.4551915228366853e-15,1.7187204481183408e-31,2.1633810180756356e-26,6.999472039589759e-22,-4.811833302179972e-13,-2.3584573625111925e-20,2.867559456850496e-23,0.0,0.0,6.856420193506503e-13,9.243478636390974e-34,-6.856271502922848e-13,1.2434497875801752e-15,3.280480817306924e-34,6.196593625814827e-16,4.491976392634979e-25,0.0,-1.2517764603900416e-16,8.564051693352759e-29,3.755329381170125e-16,2.537662762387625e-31,4.372910035362601e-45,-1.005098781980962e-15,-1.039422101361452e-15,1.3322676295501878e-15,4.177876378409562e-278,1.6015192766527283e-278,1.8205576487049544e-291,3.454149499862537e-151,5.695780717371072e-17,1.5247062440498936e-301,-8.341610958580612e-17,-3.063735111184123e-18,-1.5586490431651612e-15,-1.5586490431651612e-15,4.9220742030323164e-288,-1.5612444670409787e-14,5.615106518701913e-45,3.7209606765097035e-31,1.5091816685242066e-15,1.7187204481183408e-31,2.163380562970686e-26,6.999472041272662e-22,-4.81263147851981e-13,1.5604465867606148e-14,-1.4956702543145184e-15,1.7189274754783405e-31,2.1633818498431785e-26,7.01308407853032e-22,4.492975769070217e-25,7.51939391393984e-309,5.307974576709126e-18,1.3234889800848443e-23,4.8131294820430036e-167,4.7280852937726006e-250,5.988288962867729e-281,2.0418316125869752e-09,3.6920061588170433e-38,9.626897064916996e-25,-3.662426024675369e-11,2.31731729290884e-25,-1.0938292054772474e-22,-2.0347049376314222e-16,5.1133334636688236e-08,-2.0290414492289224e-09,3.6344863474369046e-11,2.3178598426363017e-25,-1.0938202073031464e-22,-2.0346534221463613e-16,3.099519400951242e-20,9.148237464299357e-302,-8.341916568068011e-15,-4.625929269271485e-18,5.814714951958871e-160,5.752183671210803e-243
1.1709999480704671e-06,1.6697971249245094e-283,-2.194913880278667e-13,4.354087582959089e-44,1.3661525756145708e-30,7.275957614183426e-16,5.1777042371503515e-31,1.9143541086833888e-26,-1.921717520213699e-20,-3.4614155689875285e-12,-7.456757495294694e-20,2.426396463488881e-23,0.0,0.0,3.5019606262462085e-13,3.392079100163485e-33,-3.500473720409657e-13,1.0658141036401502e-15,1.2099559534337915e-33,6.196593625814827e-16,1.098744711220968e-24,0.0,-2.503552920780083e-16,3.143430282869238e-28,2.503552920780083e-16,9.319698852091114e-31,3.4192757681541246e-44,-9.457712391025553e-16,-9.72655418739554e-16,1.3322676295501878e-15,1.4171045553795536e-273,5.432234123060181e-274,6.177165242060326e-287,9.97966941999384e-149,5.558208039137006e-17,5.174163899069963e-297,-8.199502546939653e-17,-3.0255339252591337e-18,-1.5360976379774627e-15,-1.5360976379774627e-15,1.6697971249245094e-283,-2.1951226022072963e-13,4.354087582959089e-44,1.366152575614583e-30,8.022249531336456e-16,5.1777042371503515e-31,1.9143556400226434e-26,-1.921717520213699e-20,-3.4618394077294093e-12,2.1718398931132773e-13,-7.932987600156594e-16,5.178467107740937e-31,1.9143587884774496e-26,-1.9213884607331726e-20,1.0990457848882354e-24,2.5521491219373774e-304,5.22940100464349e-18,8.823259867232295e-24,1.4630135565732946e-164,2.252020540116257e-246,2.031183022060489e-276,2.1471579869588217e-08,2.3577545802896305e-37,2.879050109685197e-24,-1.9010622054338455e-11,5.667890465802149e-25,-9.673770299014698e-23,1.0675092798536805e-15,3.677071382602056e-07,-2.1248543635010718e-08,1.8835999071598053e-11,5.669522798272137e-25,-9.67369068288074e-23,1.0673678415862873e-15,2.6725887334095092e-20,3.10449833944197e-297,-8.199135815554772e-15,-4.625929269271485e-18,1.7464489324272882e-157,2.736468383480342e-239
1.4374848694604012e-06,5.279569918450542e-280,-4.1763996705412864e-13,2.2501691140605124e-43,3.411363108552946e-30,0.0,1.0423204655572337e-30,1.5737670787524733e-26,-3.904279787754025e-20,-6.3329935073852536e-12,-1.3039234013292566e-19,1.764651973446459e-23,0.0,0.0,8.881784197001252e-15,8.494651451554256e-33,-8.65874832151852e-15,1.2434497875801752e-15,3.0397831835814488e-33,4.1310624172098847e-16,1.7460586183022186e-24,0.0,-1.2517764603900416e-16,7.846545324070649e-28,2.503552920780083e-16,2.3280359459237605e-30,1.7803056025338177e-43,-9.475059625785321e-16,-9.678143299693861e-16,1.3322676295501878e-15,4.469578044157763e-270,1.7133382483966648e-270,1.9579042629490082e-283,1.0734467690639963e-146,5.757696609740789e-17,1.6440197078100325e-293,-8.630411924173529e-17,-3.1897990247365867e-18,-1.6196534854036788e-15,-1.61907524424502e-15,5.279569918450542e-280,-4.1770151781861386e-13,2.2501691140605124e-43,3.4113631085529704e-30,8.564260411958457e-17,1.0423204655572337e-30,1.57377272822915e-26,-3.904279787754025e-20,-6.335765334597454e-12,4.131061418869801e-13,-8.131273432354647e-17,1.0425120129882386e-30,1.5737777330585554e-26,-3.903765544551771e-20,1.7466647299322503e-24,8.128954931821486e-301,5.512509471251744e-18,6.617444900424222e-24,3.175184850894759e-162,4.090848960387166e-243,6.40639464652442e-273,4.030298441648483e-08,9.937979286006015e-37,5.738863799012067e-24,-1.1525116860866548e-12,9.006381860360716e-25,-7.809268647276856e-23,2.3420749632175397e-15,6.729371845722198e-07,-3.9875398700435955e-08,1.0593794286251069e-12,9.00966269200577e-25,-7.809203093213311e-23,2.3417876079960446e-15,2.1127877356166614e-20,9.864118246860104e-294,-8.625522172375131e-15,-4.625929269271485e-18,3.7228235087951454e-155,4.9543197332627894e-236
1.7646138698233616e-06,7.097694033637354e-274,-5.693436833098531e-13,1.424413468596602e-42,8.083734734005615e-30,-9.094947017729283e-16,1.8801557458179225e-30,1.4183738487768517e-26,-5.475633757872739e-20,-8.511900280912717e-12,-1.718197510245481e-19,1.3234889800848443e-23,0.0,0.0,-2.6899117853775224e-13,2.010296423836419e-32,2.692489088827545e-13,1.0658141036401502e-15,7.271956663938393e-33,4.1310624172098847e-16,2.329494840435755e-24,0.0,-1.2517764603900416e-16,1.858288023558981e-27,2.503552920780083e-16,5.519893179385803e-30,1.14296149603023e-42,-8.736067425019201e-16,-8.871295171332556e-16,1.3322676295501878e-15,4.267615553550175e-264,1.6359192930219166e-264,3.7060472036943443e-277,3.79167830828476e-143,5.513359614423954e-17,4.381564132662511e-287,-8.282017108537629e-17,-3.0560948739991253e-18,-1.5577816814271728e-15,-1.5572034402685138e-15,7.097694033637354e-274,-5.693760426102775e-13,1.424413468596602e-42,8.083734734005615e-30,-5.009104242503781e-16,1.8801557458179225e-30,1.4183826317569554e-26,-5.475633758007371e-20,-8.51368800643589e-12,5.630367579575098e-13,5.013545134602281e-16,1.8806130654596456e-30,1.4183893124227464e-26,-5.474966679050561e-20,2.330588220109646e-24,3.050438289912695e-294,5.299720658363517e-18,0.0,1.6465196224743672e-158,1.1892228460148042e-237,6.116914887215171e-267,5.466267466545105e-08,4.960798203260369e-36,1.0185165527115943e-23,1.3469252735376358e-11,1.2014287343696101e-24,-7.088841276242931e-23,3.346422336624106e-15,9.042281657457352e-07,-5.40783628821373e-08,-1.3445969671010972e-11,1.2020193903088132e-24,-7.088782339624287e-23,3.346019329641575e-15,1.8285190588015995e-20,2.6289384795974826e-287,-8.27737184432915e-15,-4.625929269271485e-18,1.4175569202684214e-151,1.0248651464704515e-230
2.1661877461999666e-06,1.9224948822885436e-269,-5.385421294098099e-13,8.823365304278147e-42,1.8147984774633576e-29,-9.094947017729283e-16,3.042601193626212e-30,1.529694888836781e-26,-5.348751098226849e-20,-7.984150821963946e-12,-1.682154493687837e-19,1.764651973446459e-23,0.0,0.0,-2.834240778578793e-13,4.502265472531096e-32,2.8370163361403557e-13,1.0658141036401502e-15,1.6550331331346886e-32,4.1310624172098847e-16,2.4363620827124497e-24,0.0,-1.2517764603900416e-16,4.168376811511383e-27,2.503552920780083e-16,1.240276732678085e-29,7.189572253994832e-42,-7.827072323607353e-16,-7.943419823717054e-16,1.1842378929335002e-15,1.1525386791183735e-259,4.418064929833739e-260,1.0067813411291593e-272,9.336672291036366e-141,5.0247373321969467e-17,1.1937898882997767e-282,-7.462983682305863e-17,-2.765765860969208e-18,-1.403969533223896e-15,-1.4045477743825547e-15,1.9224948822885436e-269,-5.385095036558596e-13,8.823365304278147e-42,1.8147984774634357e-29,-5.354827692372055e-16,3.042601193626212e-30,1.5296962957702054e-26,-5.348751098092217e-20,-7.986459849007588e-12,5.324837459852461e-13,5.356159960001605e-16,3.043638962611409e-30,1.529703291388713e-26,-5.348094267141178e-20,2.4381316402027656e-24,8.33553412409406e-290,4.774689378722386e-18,-8.823259867232295e-24,5.260816678302731e-156,1.0819893163878698e-233,1.6519719064231368e-262,5.154755587379138e-08,2.4421380817789276e-35,1.6043242830905162e-23,1.4225952327251435e-11,1.2562093724887223e-24,-7.708963899018064e-23,3.2684930608394003e-15,8.482041458288828e-07,-5.0994381308555606e-08,-1.4214310795068741e-11,1.2571629532856025e-24,-7.708900206110897e-23,3.268099393806834e-15,1.9795098998828255e-20,7.162739329798429e-283,-7.463717145075623e-15,-4.625929269271485e-18,4.3794483007216315e-149,9.281171264774586e-227
2.6591479484724944e-06,5.492934409623883e-265,-4.4165062718093393e-13,5.194622665033948e-41,3.8330224464924783e-29,-1.0913936421275138e-15,4.6913743057174255e-30,1.5104178802544473e-26,-4.670533339943499e-20,-6.4455283184846244e-12,-1.594142476512195e-19,0.0,0.0,0.0,-2.317194055681934e-13,9.492780198915421e-32,2.3185818344627155e-13,8.881784197001252e-16,3.5595802758830167e-32,6.196593625814827e-16,2.3777680595816235e-24,0.0,-2.503552920780083e-16,8.79421729847473e-27,2.503552920780083e-16,2.622549157106846e-29,4.3111550510201394e-41,-8.083811398051921e-16,-8.213713946718091e-16,1.3322676295501878e-15,3.2662611707533286e-255,1.252066780182975e-255,2.899932537778138e-268,5.010406237984921e-138,5.129592131690775e-17,3.466285849699829e-278,-7.640237184997813e-17,-2.8268877584491908e-18,-1.4363510381087963e-15,-1.437507520426114e-15,5.492934409623883e-265,-4.4152592693080803e-13,5.194622665033948e-41,3.8330224464924783e-29,-4.262812325350751e-16,4.6913743057174255e-30,1.51046011350073e-26,-4.670533339943499e-20,-6.4468932710800194e-12,4.3653691032356317e-13,4.270805931128052e-16,4.693598357028247e-30,1.5104669537136394e-26,-4.6699552330530556e-20,2.3804968957036466e-24,2.4396323955755165e-285,4.882842755787948e-18,-1.764651973446459e-23,3.529734002445912e-153,1.5158340741424043e-229,4.681640439080013e-258,4.20358187208573e-08,1.1220917729220595e-34,2.383464449336255e-23,1.1525116860866547e-11,1.2254624891499585e-24,-7.277300937128185e-23,2.8606655629836333e-15,6.846665094296138e-07,-4.158144195874532e-08,-1.1513475328683853e-11,1.2269285706748404e-24,-7.277238071401631e-23,2.8603218087792058e-15,1.9572130227549088e-20,2.079771509819713e-278,-7.639748209817973e-15,-2.3129646346357427e-18,2.795434803318006e-146,1.2843629084046259e-222
3.2642912989743803e-06,9.46407866793744e-259,-3.6404041262964407e-13,2.6951258557161045e-40,7.236311739470828e-29,-1.0913936421275138e-15,6.778180826219225e-30,1.4981800692226007e-26,-4.182838581575517e-20,-5.188242842753728e-12,-1.5516143639521352e-19,0.0,0.0,0.0,-2.171279029588342e-13,1.791651323949949e-31,2.1726668083691234e-13,8.881784197001252e-16,6.875113295842783e-32,4.1310624172098847e-16,2.418097416193474e-24,0.0,-2.503552920780083e-16,1.657917994177299e-26,1.2517764603900416e-16,4.958112197342512e-29,2.2885378619175255e-40,-8.076872504148014e-16,-8.213713946718091e-16,1.1842378929335002e-15,3.6962746840744476e-249,1.4169052922208303e-249,7.615344751749906e-262,6.38805436428898e-135,5.116768446838158e-17,1.3884130381916507e-271,-7.628012805501816e-17,-2.8116072840791952e-18,-1.4328815911568427e-15,-1.4328815911568427e-15,9.46407866793744e-259,-3.63983450786994e-13,2.6951258557161045e-40,7.236311739472081e-29,-3.965272554751209e-16,6.778180826219225e-30,1.498099231490199e-26,-4.1828385804984593e-20,-5.190895061938742e-12,3.5980960433334985e-13,3.9737102497383605e-16,6.78245906405909e-30,1.4981062026540185e-26,-4.182319488044107e-20,2.42204070603443e-24,1.4912840266241807e-278,4.869890166185256e-18,-1.764651973446459e-23,9.224440336845344e-150,4.387548410578882e-224,5.297992727735909e-252,3.437558189034462e-08,4.48547904652646e-34,3.294222920316656e-23,1.073349267244339e-11,1.245627965971626e-24,-6.881135190455101e-23,2.574503138931611e-15,5.512524396181106e-07,-3.4000010540088016e-08,-1.0745134204626083e-11,1.2477387463639266e-24,-6.881073979089771e-23,2.574195281983488e-15,1.9349186036441907e-20,8.330478229149255e-272,-7.620189202624378e-15,-2.3129646346357427e-18,5.40198079734843e-143,2.471312777092821e-217
4.00714736112399e-06,2.971060842538865e-254,1.9705718538413446e-13,2.6733917531584675e-39,2.596857004289435e-28,-1.8189894035458566e-16,1.764763616911378e-29,1.703118246945411e-26,-1.277092516461973e-21,3.614695742726326e-12,-8.37944989591051e-20,0.0,0.0,0.0,1.249793919149462e-13,6.131535959127416e-31,-1.248802648591761e-13,8.881784197001252e-16,2.5327144456256784e-31,6.196593625814827e-16,2.1673248167959957e-24,0.0,-2.503552920780083e-16,5.938978276651416e-26,2.503552920780083e-16,1.7825194863677608e-28,2.348101801722678e-39,-7.813194535799539e-16,-8.020070395911379e-16,1.0362081563168128e-15,1.1542609505875054e-244,4.424666966763567e-245,2.4009269702463078e-257,4.654957130407501e-132,4.7579810491337434e-17,4.393088655159527e-267,-6.986232881962e-17,-2.536558745419274e-18,-1.3056685362518767e-15,-1.3056685362518767e-15,2.971060842538865e-254,1.97008157935367e-13,2.6733917531584675e-39,2.596857004289937e-28,3.1663560662309463e-16,1.764763616911378e-29,1.7031667934455182e-26,-1.2770924949208112e-21,3.6133783964942268e-12,-1.951803459595188e-13,-3.11883852077699e-16,1.7663196576435239e-29,1.703173129576309e-26,-1.2763926656567325e-21,2.1775941155304263e-24,4.733426329092059e-274,4.4383510662771476e-18,-1.764651973446459e-23,9.959646910353803e-147,6.322297537368346e-220,1.654440386274148e-247,-2.0340302338202795e-08,3.654913419161008e-33,7.945278295296817e-23,-7.334165275096893e-12,1.1128691425074153e-24,-7.609103760338519e-23,1.0674597192500759e-16,-3.8374618937571843e-07,2.0143374179800353e-08,7.229391485452652e-12,1.118341294099306e-24,-7.609034277167063e-23,1.0673657550617939e-16,2.2564630896230375e-20,2.635853193095419e-267,-6.98647736955192e-15,-2.3129646346357427e-18,5.256191511647583e-140,3.511510772142511e-213
4.91905547118544e-06,3.175515582756054e-249,1.004445948638022e-12,1.732364870149214e-38,6.893255650168608e-28,9.094947017729283e-16,3.6785553787088597e-29,1.7320035028616763e-26,5.804821680066917e-20,1.6245758160948754e-11,1.184081474182574e-20,1.764651973446459e-23,0.0,0.0,5.803294353004926e-13,1.616337712265617e-30,-5.801906574224145e-13,8.881784197001252e-16,6.948318115650489e-31,6.196593625814827e-16,1.921752763757663e-24,0.0,-2.503552920780083e-16,1.573141237431731e-25,1.2517764603900416e-16,4.7415914379454685e-28,1.571278098994899e-38,-8.638922910364499e-16,-8.931808780959654e-16,1.0362081563168128e-15,1.2003951423823458e-239,4.601514701255351e-240,2.636481884297769e-252,2.942292873897982e-129,4.902094840810777e-17,4.9547668099425485e-262,-7.212383902637935e-17,-2.567119694159265e-18,-1.3368935588194593e-15,-1.3368935588194593e-15,3.175515582756054e-249,1.004283234351533e-12,1.732364870149214e-38,6.893255650168608e-28,1.269029326067539e-15,3.6785553787088597e-29,1.7320185101515372e-26,5.804821680066917e-20,1.6242254711566298e-11,-9.938350586935486e-13,-1.2589929099249275e-15,3.682796740614325e-29,1.7320242846133637e-26,5.80421359030265e-20,1.943164367309898e-24,5.481557612919501e-269,4.549582175607174e-18,-2.6469779601696886e-23,8.885381086567109e-144,2.1852527807051265e-215,1.7205660398770449e-242,-9.893934863309065e-08,1.865659641779582e-32,1.5230020374544894e-22,-3.1385570764541627e-11,9.802816127143164e-25,-7.009055363463976e-23,-3.46508175071928e-15,-1.7247946932911874e-06,9.791851043701172e-08,3.117602318525314e-11,9.9162894745893e-25,-7.008982571570072e-23,-3.4646545298882302e-15,2.319586910918181e-20,2.9728600859632086e-262,-7.19771464724274e-15,-4.625929269271485e-18,4.3303623875692485e-137,1.1714060529992967e-208
6.0384868705732515e-06,1.092401834919837e-244,1.820808392949402e-12,8.909183689040164e-38,1.4152627675549905e-27,2.0008883439004422e-15,6.069867006025302e-29,1.8227953219790883e-26,1.2382072827626724e-19,2.8783688321709633e-11,1.2956957115030625e-19,8.823259867232295e-24,0.0,0.0,1.12291128776373e-12,3.3177872637960456e-30,-1.122970763997192e-12,8.881784197001252e-16,1.4911505931856242e-30,6.196593625814827e-16,1.637178568062979e-24,0.0,-2.503552920780083e-16,3.220562738478231e-25,1.2517764603900416e-16,9.762405727305363e-28,8.395009961504216e-38,-9.270362255620057e-16,-9.71445146547012e-16,1.0362081563168128e-15,3.840616560254201e-235,1.4722363442410099e-235,9.737065172752694e-248,1.6167065425272417e-126,4.896008022654927e-17,1.9618240249854004e-257,-7.16348638465395e-17,-2.5824001685292607e-18,-1.3207028063770092e-15,-1.3160768771077376e-15,1.092401834919837e-244,1.8205791244933303e-12,8.909183689040164e-38,1.4152627675549905e-27,2.4022561717629286e-15,6.069867006025302e-29,1.8234288719492895e-26,1.2382072827626724e-19,2.8778178299641393e-11,-1.8013172583171884e-12,-2.3860913245243865e-15,6.078906543394438e-29,1.8234339963897298e-26,1.2380723360005526e-19,1.672521033646705e-24,2.323921983379008e-264,4.487624627185083e-18,-3.529303946892918e-23,8.150921975194495e-141,3.515692807908024e-211,5.50488259814267e-238,-1.7785712455709775e-07,7.413842925260992e-32,2.2579940914796705e-22,-6.001209840178489e-11,8.261870072174776e-25,-6.687404527911506e-23,-7.430925720672971e-15,-3.0558027947942414e-06,1.760014643271764e-07,5.962792783975601e-11,8.447935860300884e-25,-6.687331736017602e-23,-7.430014403571906e-15,2.475612501376419e-20,1.1770944149897242e-257,-7.166420235732988e-15,-4.625929269271485e-18,3.5935216976033864e-134,1.7435528925898713e-204
7.412667716328531e-06,4.7502709134244407e-240,2.8803090875347454e-12,4.125631820678609e-37,2.7459709109781757e-27,3.637978807091713e-15,9.760819128232835e-29,1.9344887617759128e-26,2.1607369803985865e-19,4.478109379609426e-11,3.072788481362319e-19,-1.764651973446459e-23,0.0,0.0,1.936070351657041e-12,6.421830173116321e-30,-1.9360108754235787e-12,8.881784197001252e-16,3.0475279219622655e-30,6.196593625814827e-16,1.1804123129268757e-24,0.0,0.0,6.227078464545411e-25,2.503552920780083e-16,1.9004622284230064e-27,4.06925668132717e-37,-1.0449974219284286e-15,-1.1102230246251565e-15,1.0362081563168128e-15,1.5822729195936568e-230,6.065379508339455e-231,4.47060690089381e-243,8.298936512536792e-124,4.9916636503727614e-17,9.51290662946839e-253,-7.297954559109911e-17,-2.5976806428992563e-18,-1.3230157710116448e-15,-1.3230157710116448e-15,4.7502709134244407e-240,2.8803598913403524e-12,4.125631820678609e-37,2.7459709109781757e-27,4.100364492387598e-15,9.760819128232835e-29,1.9363313136585682e-26,2.1607369803985865e-19,4.477724502294223e-11,-2.849542823923912e-12,-4.074607318216295e-15,9.779144383190781e-29,1.936335352626403e-26,2.1604988643962124e-19,1.237267767852329e-24,1.1903408181503704e-259,4.507799628501717e-18,-5.293955920339377e-23,8.211869909273211e-138,6.955574532821374e-207,2.2679240231325513e-233,-2.7965355354050794e-07,2.6902470890757913e-31,3.1885749317466555e-22,-1.0274816304445267e-10,5.794165905555995e-25,-6.215951283425684e-23,-1.2997649741075303e-14,-4.754335433244705e-06,2.7671197118858495e-07,1.0213116183876991e-10,6.0911143643286475e-25,-6.215871874086878e-23,-1.2996059397188628e-14,2.6759508102468986e-20,5.707743977666382e-253,-7.275950676017117e-15,-4.625929269271485e-18,3.2262863713003246e-131,3.24022751196076e-200
9.099571440731274e-06,4.4004781875911486e-235,4.085328934403757e-12,1.8197143352313705e-36,5.0706724132993314e-27,6.184563972055912e-15,1.5179819927103715e-28,2.1275520048777083e-26,3.3422174333971897e-19,6.245293964942296e-11,5.6137108579278755e-19,-1.764651973446459e-23,0.0,0.0,3.083247942673292e-12,1.1711196322270095e-29,-3.083208291850984e-12,1.2434497875801752e-15,6.001617789379892e-30,8.262124834419769e-16,4.8814281693418705e-25,0.0,2.503552920780083e-16,1.144751056375073e-24,1.2517764603900416e-16,3.524096504535318e-27,1.9003655143829666e-36,-1.2018164241567319e-15,-1.2957980941482568e-15,1.0362081563168128e-15,1.318975276068067e-225,5.056071876059542e-226,4.593970805357746e-238,5.307171156220707e-121,5.086925309277919e-17,1.0824317877255166e-247,-7.334627697597901e-17,-2.567119694159265e-18,-1.3160768771077376e-15,-1.3160768771077376e-15,4.4004781875911486e-235,4.085288907162976e-12,1.8197143352313705e-36,5.0706724132993314e-27,6.4956040546348956e-15,1.5179819927103715e-28,2.1261429099743665e-26,3.342217426504018e-19,6.244893218839327e-11,-4.041101793935316e-12,-6.45599129711627e-15,1.5215517112891608e-28,2.1261453838421653e-26,3.3418493966165636e-19,5.76605039616086e-25,1.4971625458192767e-254,4.4904300267764486e-18,-1.764651973446459e-23,1.0737836395369469e-134,2.4589837512046297e-202,1.8905307705256564e-228,-3.941848718871673e-07,9.322068517077613e-31,4.180406912912681e-22,-1.6292324289679527e-10,2.0615485619850565e-25,-5.915333996489212e-23,-2.0145242534315897e-14,-6.63020300368468e-06,3.90004583944877e-07,1.619919203221798e-10,2.519168489665095e-25,-5.915228117370805e-23,-2.0142782660286887e-14,3.0048751456179544e-20,6.494590726324703e-248,-7.291597881771992e-15,-4.625929269271485e-18,3.663020121893078e-128,1.0226374909941975e-195
1.1170364512977775e-05,3.239343892961371e-230,5.289136121670405e-12,7.4837016561714e-36,8.881226660105201e-27,9.64064383879304e-15,2.284097561324064e-28,2.3999698335268853e-26,4.732335398232874e-19,7.925943161050478e-11,9.072781656277625e-19,0.0,0.0,0.0,4.610597617979044e-12,2.037664635399991e-29,-4.610676919623659e-12,1.4210854715202005e-15,1.1377166485787952e-29,4.1310624172098847e-16,-5.046035119237718e-25,0.0,3.755329381170125e-16,1.9936278364678805e-24,-1.2517764603900416e-16,6.204450857359823e-27,8.364465499669424e-36,-1.4210854715202005e-15,-1.5459210139402617e-15,8.881784197001252e-16,8.873140664302452e-221,3.4013705765469683e-221,3.697759177708773e-233,2.66743709477292e-118,5.2276509691659364e-17,9.52051912118864e-243,-7.407973974573879e-17,-2.536558745419274e-18,-1.3091379832038304e-15,-1.313763912473102e-15,3.239343892961371e-230,5.288959196529201e-12,7.4837016561714e-36,8.881226660053844e-27,9.683809309990466e-15,2.284097561324064e-28,2.3983775714322383e-26,4.73233538444653e-19,7.925256776767735e-11,-5.231079332664498e-12,-9.626255348393898e-15,2.290788718088896e-28,2.3983776724064342e-26,4.731818127729986e-19,-3.7141831940006752e-25,1.4380803879036194e-249,4.478253398762858e-18,-5.293955920339377e-23,1.40810252053156e-131,7.448183349777482e-198,1.2718164910284863e-223,-5.065987119451165e-07,3.0136206157873827e-30,5.016273441847309e-22,-2.4278415367007257e-10,-3.284236636854383e-25,-5.792964205390567e-23,-2.85875222510538e-14,-8.41373885050416e-06,5.011742158482472e-07,2.414220944046974e-10,-2.6031201211168844e-25,-5.792911265831363e-23,-2.858403943227505e-14,3.473413599195023e-20,5.712311472670964e-243,-7.4793643508305e-15,-4.625929269271485e-18,4.1399676226786806e-125,2.8014038971294378e-191
1.3712408783810365e-05,4.2084473130316716e-225,6.944537744857371e-12,3.175628948918391e-35,1.6145437272742758e-26,1.4733814168721437e-14,3.645155144180408e-28,2.910372381266389e-26,6.869713742497496e-19,1.0153550344208876e-10,1.495577840535343e-18,0.0,0.0,0.0,7.207409272577285e-12,3.568543072027776e-29,-7.2073696217549765e-12,1.9539925233402757e-15,2.2737535440523323e-29,1.0327656043024713e-15,-2.3236245153811212e-24,0.0,3.755329381170125e-16,3.5979391150825774e-24,0.0,1.1351481397767215e-26,3.862894345027289e-35,-1.784683512084939e-15,-1.971936825715031e-15,7.401486830834377e-16,1.014133073049187e-215,3.887510098498416e-216,5.452928020551702e-228,1.5616902472344046e-115,5.4797910092788444e-17,1.591324292162766e-237,-7.505769010541852e-17,-2.567119694159265e-18,-1.304512053934559e-15,-1.2998861246652875e-15,4.2084473130316716e-225,6.944332398006736e-12,3.175628948918391e-35,1.6145437272742758e-26,1.510578329089185e-14,3.645155144180408e-28,2.900128751043943e-26,6.869713701138465e-19,1.015312866077996e-10,-6.867164851579825e-12,-1.5016787813237897e-14,3.6583155307803537e-28,2.900124308179325e-26,6.868972326728121e-19,-2.1109322394254855e-24,2.7206270169278254e-244,4.4659573920432526e-18,-3.529303946892918e-23,2.1583191601405885e-128,3.424412841140181e-193,1.4535902995404787e-218,-6.593696773052215e-07,1.0091687399969992e-29,5.862941303837118e-22,-3.7821009755134584e-10,-1.3061720973444048e-24,-6.375511114864711e-23,-4.1646524192214447e-14,-1.077823080122471e-05,6.522266659885645e-07,3.7605641409754755e-10,-1.1988726506549848e-24,-6.375405235746305e-23,-4.1641468196083426e-14,4.3336581417380086e-20,9.547945752860963e-238,-7.4793643508305e-15,-6.938893903907228e-18,5.342206054416748e-122,1.1217552887336044e-186
1.683294707490212e-05,7.04373962756547e-220,8.751279286419353e-12,1.3279482078236228e-34,2.9124458903557185e-26,2.3283064365386964e-14,5.911445694316732e-28,3.6774244757669847e-26,9.70362254077163e-19,1.2390858804186185e-10,2.4132321597669705e-18,-7.058607893785836e-23,0.0,0.0,1.1232205641777325e-11,6.068049516194987e-29,-1.1232205641777325e-11,2.842170943040401e-15,4.6021408181983535e-29,1.6524249668839539e-15,-5.424318850378518e-24,0.0,2.503552920780083e-16,6.4288023137333825e-24,0.0,2.0640004157070218e-26,1.7870148620018106e-34,-2.350897254643769e-15,-2.6464618610250826e-15,7.401486830834377e-16,1.4724306544644243e-210,5.644317483914247e-211,1.0502968443556937e-222,9.536628289516496e-113,5.88683958653612e-17,3.52141665010339e-232,-7.750256600461781e-17,-2.567119694159265e-18,-1.2998861246652875e-15,-1.2998861246652875e-15,7.04373962756547e-220,8.751269101973473e-12,1.3279482078236228e-34,2.9124458903557185e-26,2.3512392033353535e-14,5.911445694316732e-28,3.76137199883118e-26,9.703622485626255e-19,1.2390348066067722e-10,-8.652110731569943e-12,-2.3373836199880317e-14,5.937595401026358e-28,3.7613606897212424e-26,9.702596423221758e-19,-5.079110933325485e-24,6.905551310537152e-239,4.451393189909351e-18,-7.058607893785836e-23,3.474727705338206e-125,1.8808979694228596e-188,2.1104832041473804e-213,-8.21740614871184e-07,3.320290644688976e-29,5.978303717309993e-22,-5.876179784536362e-10,-2.9701019704657855e-24,-8.344756838112553e-23,-5.914956169537448e-14,-1.3152475577468674e-05,8.127042790874839e-07,5.84323424845934e-10,-2.7987319377762665e-24,-8.344756838112553e-23,-5.91424196942636e-14,5.802583027051744e-20,2.1128499900195674e-232,-7.729719642908507e-15,-6.938893903907228e-18,7.168253403389031e-119,5.288456445434082e-182
2.0663627499275822e-05,1.3139445054808179e-214,1.0364116557563345e-11,5.366857301964268e-34,5.1196735990697066e-26,3.601599019020796e-14,9.60257078638401e-28,5.084802009985637e-26,1.3085047797536436e-18,1.4046478706101577e-10,3.787437237568666e-18,0.0,0.0,0.0,1.7198226969534454e-11,9.902626346313325e-29,-1.7198226969534454e-11,3.907985046680551e-15,9.308427272859362e-29,3.0982968129074136e-15,-1.0585887120926451e-23,0.0,2.503552920780083e-16,1.115947409641364e-23,-1.2517764603900416e-16,3.664319870152817e-26,8.113064340084636e-34,-3.2029934260435768e-15,-3.646953540193101e-15,7.401486830834377e-16,2.3586621772936547e-205,9.041538299907028e-206,2.277935256411669e-217,5.293467926362499e-110,6.521917312570507e-17,8.866236080023935e-227,-7.970295431389718e-17,-2.5059977966792825e-18,-1.2998861246652875e-15,-1.2906342661267445e-15,1.3139445054808179e-214,1.036415255839529e-11,5.366857301964268e-34,5.1196735990697066e-26,3.598294995299511e-14,9.60257078638401e-28,5.202668784925907e-26,1.3085047797536436e-18,1.4045916240471949e-10,-1.0243778329292278e-11,-3.57694318608992e-14,9.654464206067265e-28,5.202646166706034e-26,1.308370710319961e-18,-1.0024583509081822e-23,2.0154575945955406e-233,4.434680171067168e-18,-1.0587911840678754e-22,5.676119570701312e-122,1.1030266243637223e-183,3.380747751730865e-208,-9.58932365756482e-07,1.051899041883341e-28,4.1970118059993176e-22,-8.973525837063789e-10,-5.735362638483366e-24,-1.2865583435845568e-22,-8.043234770345927e-14,-1.4909451423833768e-05,9.481737545380989e-07,8.923234418034554e-10,-5.4619252026965695e-24,-1.2865583435845568e-22,-8.04227170969618e-14,8.24987862551321e-20,5.3197416478364095e-227,-8.011369346496266e-15,-6.938893903907228e-18,9.686898771756919e-116,2.6357923885673637e-177
2.536605738311043e-05,2.898883741225754e-209,1.1934389476664364e-11,2.1823816232931657e-33,9.089641289636232e-26,5.638867150992155e-14,1.6256391668603173e-27,7.709223142591916e-26,1.7428389559956396e-18,1.5225571890672049e-10,6.012945720400402e-18,-3.529303946892918e-23,0.0,0.0,2.692425647511852e-11,1.5480000982565128e-28,-2.692425647511852e-11,5.329070518200751e-15,1.955881962777798e-28,4.5441686589308735e-15,-2.0105638818528048e-23,0.0,0.0,1.9479608629117438e-23,-1.2517764603900416e-16,6.586545346604454e-26,3.771297951090996e-33,-4.6074255521944e-15,-5.292923722050165e-15,7.401486830834377e-16,4.4094575857675956e-200,1.690292064310506e-200,5.922264357416606e-212,3.0561702473750884e-107,7.610847110808128e-17,2.712449249948193e-221,-8.410373093245592e-17,-2.567119694159265e-18,-1.2952601953960159e-15,-1.286008336857473e-15,2.898883741225754e-209,1.1934081337964624e-11,2.1823816232931657e-33,9.089641290951001e-26,5.633751243294682e-14,1.6256391668603173e-27,7.864422905022179e-26,1.7428389559956396e-18,1.5224977119032702e-10,-1.1790836396130545e-11,-5.5999649362092893e-14,1.63631837814402e-27,7.864374437408162e-26,1.74266882148725e-18,-1.915429678302674e-23,7.245626604697079e-228,4.416534607752798e-18,-3.529303946892918e-23,9.388991799780228e-119,7.14444375186812e-179,6.320219519125499e-203,-1.082807348575443e-06,3.3474123640350826e-28,-1.2516767782181702e-22,-1.401570625603199e-09,-1.0827205336808829e-23,-2.301854385810924e-22,-1.0858483672400906e-13,-1.616089012629042e-05,1.0703267141555746e-06,1.3936543837189673e-09,-1.0373791292358002e-23,-2.301812034163561e-22,-1.085720084439042e-13,1.2761314472593012e-19,1.6274695498766842e-221,-8.38690228461328e-15,-6.938893903907228e-18,1.316187600528184e-112,1.432883909195438e-172
3.11386210957298e-05,7.068876770400917e-204,1.3348471838980913e-11,8.979350661059245e-33,1.635169136479831e-25,9.022187441587448e-14,2.889655763063178e-27,1.2777368449227121e-25,2.280639563320953e-18,1.563418967028459e-10,9.691821568562643e-18,-7.058607893785836e-23,0.0,0.0,4.331891987975821e-11,2.2494779667351677e-28,-4.331891987975821e-11,7.638334409421077e-15,4.300517351144456e-28,7.229359230117299e-15,-3.8626324723953565e-23,0.0,-1.2517764603900416e-16,3.423376985646648e-23,-3.755329381170125e-16,1.2032456490303548e-25,1.800847356376331e-32,-6.999956170261612e-15,-8.087845638693728e-15,5.921189464667501e-16,9.0111701655181e-195,3.454281871827142e-195,1.7208597426984847e-206,1.6819062196061578e-104,9.558628920680343e-17,9.379656150633506e-216,-8.80155323711748e-17,-2.4448758991993e-18,-1.2952601953960159e-15,-1.286008336857473e-15,7.068876770400917e-204,1.3347980380255346e-11,8.979350661059245e-33,1.635169136479831e-25,9.070575401892711e-14,2.889655763063178e-27,1.30399789066671e-25,2.280639563320953e-18,1.5633546392261148e-10,-1.318059095941256e-11,-9.01540175846094e-14,2.9126513271561163e-27,1.3039901358484674e-25,2.2804338049008493e-18,-3.69329360915555e-23,2.9779291975494706e-222,4.404596737151239e-18,-2.8234431575143343e-22,1.5413745620748656e-115,4.830281755669513e-174,1.2916003205201874e-197,-1.1797846275536965e-06,1.0769261342486522e-27,-1.419514516239747e-21,-2.250727266073227e-09,-2.0716938774195182e-23,-4.518666663717516e-22,-1.4523822538155726e-13,-1.659494903869927e-05,1.1656762682832777e-06,2.237875014543533e-09,-1.9929848310134846e-23,-4.518666663717516e-22,-1.4522144193192718e-13,2.1531819132890216e-19,5.627793689830548e-216,-8.76243522273029e-15,-9.25185853854297e-18,1.7662152955711337e-109,8.044946077021641e-168
3.822484941585877e-05,1.8600757920629034e-198,1.4060666823449234e-11,3.7104739940482695e-32,2.917742170174825e-25,1.467924448661506e-13,5.30306021828072e-27,2.513812221306308e-25,2.813388347034834e-18,1.4527662036319573e-10,1.555830117516699e-17,0.0,0.0,0.0,7.013516751490963e-11,2.892758023599577e-28,-7.013516751490963e-11,1.1723955140041652e-14,9.761258820265994e-28,1.1980081009908667e-14,-7.496949079098748e-23,0.0,-2.503552920780083e-16,5.907582964663353e-23,-5.007105841560166e-16,2.1890163528624573e-25,8.728727198753139e-32,-1.0974554598419672e-14,-1.2715926502974177e-14,7.401486830834377e-16,1.967855695202549e-189,7.54344676594473e-190,5.4506374631872655e-201,9.437115303980276e-102,1.3011686770026617e-16,3.572416392948035e-210,-9.29052841695734e-17,-2.567119694159265e-18,-1.304512053934559e-15,-1.2952601953960159e-15,1.8600757920629034e-198,1.406020165480489e-11,3.7104739940482695e-32,2.917742172278454e-25,1.4706387219121096e-13,5.30306021828072e-27,2.31862603107735e-25,2.8133884352674325e-18,1.4527300417436588e-10,-1.3873509866850024e-11,-1.4615011423302348e-13,5.354342404190857e-27,2.3186027666226218e-25,2.81316864786414e-18,-7.18565326500743e-23,1.3624303252602763e-216,4.404596737151239e-18,-4.941025525650086e-22,2.4818816672217306e-112,3.341241793179307e-169,2.82059122502881e-192,-1.199061656370759e-06,3.471949964847286e-27,-4.1101136943626406e-21,-3.639946226030588e-09,-4.0088136117358134e-23,-9.137960841568842e-22,-1.8575685549933792e-13,-1.54220212638999e-05,1.1839668033644556e-06,3.618828486651182e-09,-3.8681731328152796e-23,-9.137791434979392e-22,-1.8573614868344635e-13,3.874529378605127e-19,2.1434498354003748e-210,-9.325734629905811e-15,-6.938893903907228e-18,2.316233359399197e-106,4.5888048863826924e-163
4.692369351786901e-05,5.092113319636357e-193,1.5027277792493502e-11,1.6508735083291986e-31,5.541749441106677e-25,2.5738700060173867e-13,1.0809129264430623e-26,5.042089763574637e-25,3.4213633620507505e-18,1.2939368995527427e-10,2.6202258362522403e-17,7.058607893785836e-23,0.0,0.0,1.226742913600682e-10,2.6094110670675237e-28,-1.2267441031253515e-10,2.007283228522283e-14,2.4458130366718937e-27,2.0655312086049426e-14,-1.6032316494977348e-22,0.0,-5.007105841560166e-16,1.0683923624471888e-22,-6.258882301950208e-16,4.258150875930442e-25,4.580254331429195e-31,-1.8751666885918895e-14,-2.1804263820835923e-14,1.0362081563168128e-15,4.4360947537338684e-184,1.7005029709549586e-184,1.810493304579125e-195,5.584103031108142e-99,2.0322487233100387e-16,1.4385470213836117e-204,-9.779503596797201e-17,-2.68936348911923e-18,-1.239749044164758e-15,-1.2212453270876722e-15,5.092113319636357e-193,1.50267955708235e-11,1.6508735083291986e-31,5.541749445313934e-25,2.577998259312153e-13,1.0809129264430623e-26,4.695816449523455e-25,3.421363714981145e-18,1.2939443744623228e-10,-1.481167544170603e-11,-2.561520773269876e-13,1.0935762660076947e-26,4.695754410977513e-25,3.42116801507729e-18,-1.5396523664803488e-22,6.645464576074395e-211,4.473358871816219e-18,-1.4117215787571672e-22,3.882582337262215e-109,2.309071438685465e-164,6.358397174655052e-187,-1.223461861566951e-06,1.2081714231127723e-26,-9.825590018793016e-21,-6.3642044551670554e-09,-8.550484049381216e-23,-2.0230196099042808e-21,-2.410219940296443e-13,-1.3738141022622585e-05,1.2069614545907826e-06,6.32645096629858e-09,-8.272158452772436e-23,-2.0229857285863908e-21,-2.409968174095963e-13,7.918973197083705e-19,8.631282125652054e-205,-9.63867874500332e-15,-6.938893903907228e-18,2.9432267374503664e-103,2.59678389342961e-158
5.7602137013138975e-05,1.4041617016941512e-187,1.580046955496073e-11,7.8338527718247095e-31,1.0949769818408643e-24,4.751200322061777e-13,2.3920797650820007e-26,1.0873692402558168e-24,3.727993171191149e-18,1.0399962775409221e-10,4.4887169904241825e-17,5.646886315028669e-22,0.0,0.0,2.2548320353722928e-10,-3.499750027111568e-30,-2.2548296563229544e-10,3.499422973618493e-14,6.633846831365441e-27,3.8831986721772917e-14,-3.712419868354357e-22,0.0,-6.258882301950208e-16,1.9580995763058233e-22,-5.007105841560166e-16,8.660854162137914e-25,2.548853449330233e-30,-3.409494908623856e-14,-3.9787294905752706e-14,5.921189464667501e-16,1.000981888152272e-178,3.837097188346819e-179,6.097400218936664e-190,3.555894733245135e-96,3.636615798548472e-16,5.913436491943494e-199,-1.0464068848573004e-16,-2.68936348911923e-18,-1.1657341758564144e-15,-1.1287267417022424e-15,1.4041617016941512e-187,1.579995796419098e-11,7.8338527718247095e-31,1.0949769818408643e-24,4.753403004542634e-13,2.3920797650820007e-26,1.0567511498821664e-24,3.727994229982333e-18,1.0400064904085109e-10,-1.555167585820527e-11,-4.721819379938097e-13,2.4261867895193462e-26,1.0567377081972126e-24,3.727947643170234e-18,-3.571364904730995e-22,3.33235162405749e-205,4.729306817513646e-18,5.646886315028669e-22,5.837677466728343e-106,1.5552710600775348e-159,1.4347392432938188e-181,-1.2140155158704147e-06,4.488808004199939e-26,-2.1606183475337685e-20,-1.1705397628247737e-08,-1.9751519996166233e-22,-4.752464697818648e-21,-2.986850812976745e-13,-1.1044757717172616e-05,1.1960951902437956e-06,1.1633860412985087e-08,-1.9154900469725875e-22,-4.752464697818648e-21,-2.9865764953710775e-13,1.7941709075045994e-18,3.5480618931933876e-199,-1.051492226727635e-14,-1.3877787807814457e-17,3.58700768764197e-100,1.4261417808668175e-153
7.071067811865475e-05,3.7284546160735295e-182,1.572346567021062e-11,3.882266337626612e-30,2.1892932726891297e-24,8.878487278707325e-13,5.561946547992484e-26,2.671272254760371e-24,2.8403732285475797e-18,6.974247905115286e-11,7.557764409602795e-17,1.8352380523843173e-21,0.0,0.0,4.195459456037197e-10,-2.7596280463358594e-28,-4.1954550944467433e-10,6.341593916658895e-14,1.8938777852880425e-26,7.270669854289398e-14,-9.071355971266937e-22,0.0,-6.258882301950208e-16,3.4688681932529624e-22,-1.1265988143510375e-15,1.789833274585103e-24,1.4575386739592512e-29,-6.34492458573277e-14,-7.420420866913256e-14,2.9605947323337506e-16,2.1673734663783444e-173,8.308264822827046e-174,1.984480091680221e-184,2.1214188835653794e-93,7.229359230117298e-16,2.3578779531645743e-193,-1.173540431615664e-16,-3.17833866895909e-18,-1.1287267417022424e-15,-1.0732155904709846e-15,3.7284546160735295e-182,1.5722713915996185e-11,3.8822663378272296e-30,2.1892932524942907e-24,8.881983148967265e-13,5.561946547992484e-26,2.55301851438979e-24,2.8403739344083692e-18,6.974490247557697e-11,-1.5447691244692883e-11,-8.820187247238209e-13,5.659539465139942e-26,2.5529874951168194e-24,2.8407692164504212e-18,-8.74232145661053e-22,1.6270592504546914e-199,5.4971506546059266e-18,1.2705494208814505e-21,8.351075619853938e-103,9.921304126445138e-155,3.1065647503018238e-176,-1.1302928498480468e-06,1.740771847360283e-25,-4.4121719464697914e-20,-2.18209286686033e-08,-4.814692850100135e-22,-1.1533742710900796e-20,-3.193995299725453e-13,-7.4111945587598405e-06,1.1116323973207423e-06,2.1682539954781532e-08,-4.6804987189401975e-22,-1.1533607185629235e-20,-3.193786207722482e-13,4.356741049558365e-18,1.4147267704668422e-193,-1.1891876373705395e-14,-2.312964634635743e-17,4.1525829646034113e-97,7.396621988130396e-149
8.680233510884337e-05,9.39699083594549e-177,1.4736603285806876e-11,2.0248915225191526e-29,4.488600462863271e-24,1.6738340491428972e-12,1.3578788222007641e-25,7.121574260647727e-24,-5.275956470210223e-19,3.723932119707267e-11,1.225543736950672e-16,5.646886315028669e-21,0.0,0.0,7.864621057570735e-10,2.0062877205196982e-27,-7.864618480267285e-10,1.1795009413617664e-13,5.690717978004417e-26,1.3797748473481016e-13,-2.355737664344101e-21,0.0,-2.503552920780083e-16,5.794254845469319e-22,-1.1265988143510375e-15,3.7879038999316236e-24,8.586807945093891e-29,-1.197930643570544e-13,-1.4063685616588902e-13,4.440892098500626e-16,4.442242216761238e-168,1.7028594832515286e-168,6.147759897974387e-179,1.2247490879718e-90,1.5860617083262366e-15,8.97484390070881e-188,-1.5842795826811464e-16,-2.68936348911923e-18,-1.27675647831893e-15,-1.1472304587793285e-15,9.39699083594549e-177,1.4735663474615042e-11,2.0248915225993997e-29,4.488600462863271e-24,1.674293059750198e-12,1.3578788222007641e-25,6.62975334793901e-24,-5.275956470210223e-19,3.724062954309678e-11,-1.4445890409812516e-11,-1.661980775224947e-12,1.387481540799441e-25,6.629687173490006e-24,-5.262206302033128e-19,-2.2750729016205942e-21,7.606330420638932e-194,7.838883351807755e-18,3.6704761047686346e-21,1.1274217018261562e-99,5.931750026773876e-150,6.3672040528880035e-171,-9.915101659620025e-07,7.088556494233387e-25,-8.631759305678294e-20,-4.103963728994131e-08,-1.2471738757971308e-21,-2.9390281441193936e-20,-2.460400401934256e-13,-3.963288697802151e-06,9.729153350538885e-07,4.076676559634507e-08,-1.215456958697765e-21,-2.939001039065081e-20,-2.4604392597401176e-13,1.135561547404304e-17,5.384906330467346e-188,-1.5772383400914525e-14,-3.469446951953614e-17,4.529919698480604e-94,3.5870573977949463e-144
0.00010655597684559827,2.220480904720739e-171,1.2628758364977935e-11,1.1078478102700755e-28,9.48022577365009e-24,3.127024683635682e-12,3.429063572578585e-25,1.9272861594954766e-23,-7.841658795647705e-18,1.4709075912833213e-11,1.8272053566011892e-16,1.5811281682080274e-20,0.0,0.0,1.4582921477522351e-09,1.9766799936636806e-26,-1.4582923757444632e-09,2.2044588376957107e-13,1.7776227013731498e-25,2.6118642132809495e-13,-6.466569350887308e-21,0.0,-2.503552920780083e-16,8.332373843671561e-22,-1.7524870445460582e-15,8.134789630680456e-24,5.185142403221225e-28,-2.2477575356560918e-13,-2.6593714310788635e-13,8.881784197001252e-16,8.514486715415169e-163,3.263886495854196e-163,1.7902797606943274e-173,6.860093751103024e-88,3.808524877897453e-15,3.219817699773001e-182,-3.3445902301046424e-16,-2.4448758991993e-18,-2.1094237467877974e-15,-1.887379141862766e-15,2.220480904720739e-171,1.2627845317562485e-11,1.1078478102700755e-28,9.48022577365009e-24,3.127260583823954e-12,3.429063623065683e-25,1.83733192224156e-23,-7.841658795647705e-18,1.4715551325631774e-11,-1.2345950513766487e-11,-3.1026559099700536e-12,3.5227847667141065e-25,1.8373145514486965e-23,-7.838490892424974e-18,-6.2617703871542534e-21,3.3608062021594926e-188,1.5173511049405655e-17,1.072908399855447e-20,1.4242329300985882e-96,3.286408991176213e-145,1.2204074489266995e-165,-8.026114669822467e-07,3.0180271805531672e-24,-1.6817256832582896e-19,-7.647739257663488e-08,-3.414314040637975e-21,-7.919663189137616e-20,-3.610260238910238e-15,-1.573799540832018e-06,7.853211810773549e-07,7.593768532387912e-08,-3.3363706313144505e-21,-7.919581873974679e-20,-3.6679918361907464e-15,3.1530345935101675e-17,1.931890613316041e-182,-3.329725384637511e-14,-7.864079757761526e-17,4.617028929751536e-91,1.6084953178694535e-139
0.00013080496264625176,4.941457658274649e-166,1.0493143539254864e-11,6.952615486277643e-28,2.2433220930499366e-23,6.245863914955407e-12,9.646651086504712e-25,5.976090412481231e-23,-2.1407492839317876e-17,4.3461720148722334e-12,2.356610830686178e-16,5.1104321151009456e-20,0.0,0.0,2.885466523454878e-09,1.1091549420873588e-25,-2.8854671033481544e-09,4.368061468085216e-13,6.187320334582235e-25,5.244383738647949e-13,-2.0504625376556248e-20,0.0,1.2517764603900416e-16,6.583967158877976e-22,-1.627309398507054e-15,1.8759975894064603e-23,3.509678223764174e-27,-4.46576109425223e-13,-5.362635400340582e-13,4.736951571734001e-15,1.5309602769199624e-157,5.8686808870811755e-158,4.929641988966132e-168,4.2963565122657415e-85,1.092573221817253e-14,1.0967583045533596e-176,-1.0855248992444892e-15,-2.4448758991993e-18,-6.328271240363392e-15,-6.069219201284189e-15,4.941457658274649e-166,1.0492657528023604e-11,6.952615486277643e-28,2.24332213613226e-23,6.24651192993042e-12,9.646651187478908e-25,5.938552956283575e-23,-2.1407492839317876e-17,4.3523120514995145e-12,-1.0219683588275075e-11,-6.193067747517489e-12,9.977535246481036e-25,5.938504979808047e-23,-2.1400942451192442e-17,-1.992460028948962e-20,1.4158560028785937e-182,4.215882878681793e-17,3.6422416731934915e-20,1.6714736144831474e-93,1.6826819673471493e-140,2.194371248198365e-160,-6.357886598076826e-07,1.4726989962985227e-23,-3.8914058731629215e-19,-1.5239452477544546e-07,-1.0795278410184163e-20,-2.4999858953822505e-19,4.83235766216931e-13,-4.742591253792246e-07,6.197599247874071e-07,1.5123540651984512e-07,-1.0578780759332904e-20,-2.499964211338801e-19,4.830782070660196e-13,1.0188378218523281e-16,6.580549786193021e-177,-1.0765277559354358e-13,-2.0354088784794536e-16,4.3641958443232206e-88,6.644054317394136e-135
0.00016057229973762954,1.0065957983440396e-160,7.615017239004373e-12,4.6765853632231146e-27,5.14272783115443e-23,1.218249963130802e-11,2.7155550699697777e-24,2.1069746039603709e-22,-4.068505357012903e-17,7.450580596923828e-13,1.701488726569706e-16,1.7364175418713157e-19,0.0,0.0,5.559245207033469e-09,5.149585519236038e-25,-5.55924607935156e-09,8.44480041450879e-13,2.2173532967159362e-24,1.0372064964009719e-12,-6.959944263045501e-20,0.0,2.7539082128580917e-15,-3.7583597031695174e-21,-1.627309398507054e-15,3.729987748297156e-23,2.4878476917146112e-26,-8.640865800657593e-13,-1.0734307499718811e-12,2.398081733190338e-14,2.5127202711240524e-152,9.632094017289462e-153,1.2461534037726627e-162,2.5834066698504295e-82,3.532441619575423e-14,3.4401250297599075e-171,-4.1269505178484186e-15,-3.91180143871888e-18,-2.590520390792032e-14,-2.5757174171303632e-14,1.0065957983440396e-160,7.614584281630718e-12,4.676585363428547e-27,5.1427280034837244e-23,1.2183163278223219e-11,2.7155551507491342e-24,2.0785930445269415e-22,-4.068505357012903e-17,7.489082539298882e-13,-7.375677076500626e-12,-1.2067675925209186e-11,2.835793890329708e-24,2.0785778244036704e-22,-4.067279982682542e-17,-6.795107185215425e-20,5.510002931640464e-177,1.4436992184771868e-16,1.284666636669022e-19,1.8053351792718312e-90,7.803480074952549e-136,3.601555233785231e-155,-4.359779726655688e-07,7.696062510561032e-23,-1.0822626929117447e-18,-2.9650180367752907e-07,-3.652931758383433e-20,-8.629034986551431e-19,1.2294504303511645e-12,-9.167366467105845e-08,4.2254100262653085e-07,2.940230071544647e-07,-3.590627720552551e-20,-8.628948250377633e-19,1.2291510402088572e-12,3.5566430843412546e-16,2.0640749940068725e-171,-4.125855213445577e-13,-6.314393452555578e-16,3.791080407811095e-85,2.4812017842757926e-130
0.0001971138015058328,1.7473397781321891e-155,3.4626282285898923e-12,2.4951323471392964e-26,5.627783957416112e-23,1.627104211365804e-11,5.029174921585013e-24,5.748950255868865e-22,-4.29435088111658e-17,-5.626740554968516e-14,-1.4686760741305463e-16,4.808323697246911e-19,0.0,0.0,7.304972242185214e-09,2.085752941477671e-24,-7.304973451535294e-09,1.1814549338851066e-12,5.989172735084174e-24,1.5147573118304346e-12,-1.8289394968314748e-19,0.0,1.0640099913315354e-14,-2.699433320504959e-20,-1.2517764603900417e-15,8.596750050153991e-24,1.371668104303116e-25,-1.1948664280225784e-12,-1.6108561513107794e-12,8.42289201348952e-14,3.5265262109595456e-147,1.3518349858491186e-147,2.6749372476451874e-157,1.1090757254142032e-79,9.510681970652472e-14,9.129615251351245e-166,-1.2302615524770877e-14,-4.8897517983986e-18,-8.58202398035246e-14,-8.600527697429546e-14,1.7473397781321891e-155,3.4620723473229493e-12,2.4951323471392964e-26,5.627783957416112e-23,1.627126522407707e-11,5.029174921585013e-24,5.724898490633783e-22,-4.29435088111658e-17,-4.762531110221365e-14,-3.337778290794328e-12,-1.6096586819003278e-11,5.3607479275255496e-24,5.724854815497441e-22,-4.2926297101677594e-17,-1.79778797114652e-19,1.8075611789344566e-171,4.0988344450076266e-16,3.5321273900504324e-19,1.7748598729090428e-87,3.158019824425935e-131,5.054669362752146e-150,-1.7641106508866262e-07,3.168413986295231e-22,-2.627109729483439e-18,-3.950178506784141e-07,-9.563697070913392e-20,-2.360980334847884e-18,1.4432310901923983e-12,-6.743257593673964e-09,1.6925161035032944e-07,3.912859712727368e-07,-9.434972415127971e-20,-2.3609564824000895e-18,1.4429148616675509e-12,9.745476509468388e-16,5.4777690353156e-166,-1.230496260563411e-12,-1.6607086076684634e-15,2.996394301442039e-82,8.107290796779394e-126
0.00024197106728599462,2.67838740087018e-150,1.420994522050023e-12,1.25847577430204e-25,-1.404446387406328e-22,1.7454840417485685e-11,4.639963663600225e-24,1.4917163408544487e-21,-3.2851483939127607e-17,-1.0865430037180583e-13,-8.674307711736048e-16,1.2699847322499476e-18,0.0,0.0,7.679207371677885e-09,8.30868238710768e-24,-7.679208380295677e-09,1.3526957332032907e-12,1.2915934680307179e-23,1.911649133563874e-12,-4.42485504473146e-19,0.0,3.1920299739946065e-14,-1.2008130915668405e-19,-1.3769541064290459e-15,-2.789381433746e-22,7.04142172706936e-25,-1.3304468637898026e-12,-2.161320218403997e-12,2.6290081223123707e-13,4.370561016474843e-142,1.6753816284283085e-142,5.068952218062137e-152,4.412673777198652e-77,2.486947986048052e-13,2.1379347120925633e-160,-3.389184766506038e-14,-6.84565251775804e-18,-2.6341891630939546e-13,-2.644551244657123e-13,2.67838740087018e-150,1.4203479281604813e-12,1.25847577430204e-25,-1.4044462495428926e-22,1.7454905787417374e-11,4.639963017365372e-24,1.4845398542088367e-21,-3.285146135158235e-17,-1.0526359043675863e-13,-1.3796499350367715e-12,-1.723615099535891e-11,5.3849412640762355e-24,1.484530060390384e-21,-3.282286551928304e-17,-4.393611783754736e-19,5.229044963324771e-166,1.1184696019861998e-15,9.170543375606559e-19,1.5838972491746481e-84,1.1316002989814283e-126,6.264442883007911e-145,-5.607150912207241e-08,1.2266757745471583e-21,-6.239826092890171e-18,-4.2308495030738414e-07,-2.30238695777651e-19,-6.132863314411985e-18,1.077003301356664e-12,-1.1074880603700876e-10,5.298256049475943e-08,4.1841646889224646e-07,-2.282500212361755e-19,-6.132802599090326e-18,1.0767616428116374e-12,2.5084242503459568e-15,1.2827607782258811e-160,-3.3888092335679206e-12,-4.3044271850571176e-15,2.147441071576036e-79,2.3427497382414556e-121
0.0002970365187837483,3.6966169977936995e-145,7.900477309400837e-13,6.973538607358973e-25,-1.5024636228264794e-21,1.683893060544506e-11,-1.8678288823542597e-23,4.184350700370124e-21,-3.031858437629413e-17,-1.0477378964424133e-13,-2.419120168127651e-15,3.7105689976053386e-18,0.0,0.0,7.247180273739793e-09,3.338872902420633e-23,-7.247181267798299e-09,1.3647749597112124e-12,1.7955612055799918e-23,2.463145966261394e-12,-1.1235332159474146e-18,0.0,1.0014211683120334e-13,-5.183512453758203e-19,-1.2517764603900417e-15,-1.8281436035880143e-21,3.9357638857820696e-24,-1.3038015111987989e-12,-3.1855655064709725e-12,8.815170815523743e-13,4.858485345847606e-137,1.8624192520750335e-137,8.682681364081666e-147,1.7763560477763662e-74,7.215864695170456e-13,4.543575127228592e-155,-1.016286013779165e-13,-1.564720575487552e-17,-8.804808733960575e-13,-8.829973789185411e-13,3.6966169977936995e-145,7.894525329750952e-13,6.973538608410788e-25,-1.502463512535731e-21,1.6839214822539362e-11,-1.8678288823542597e-23,4.185772656930327e-21,-3.0318539201203604e-17,-1.015422412820044e-13,-7.888128076653326e-13,-1.6582612261117902e-11,-1.7477630994543048e-23,4.185743540172766e-21,-3.0245671780194476e-17,-1.1337232635318345e-18,1.378404177766606e-160,3.3927542853188688e-15,2.608861477543245e-18,1.2774388900085434e-81,3.59942770626969e-122,6.963790479078867e-140,-2.1195369966638586e-08,5.167407853851089e-21,-1.561631954392212e-17,-4.089374968316406e-07,-5.801083016189999e-19,-1.748563967229888e-17,6.237007206995789e-13,9.923727096368869e-11,1.9808448269031943e-08,4.034442012198269e-07,-5.795032871605999e-19,-1.7485466199951282e-17,6.234775658716293e-13,7.004846646962137e-15,2.726144887061164e-155,-1.0161921305446359e-11,-1.245762752214811e-14,1.388918206095485e-76,5.9923293540798895e-117
0.0003646332368608554,4.4416160865947085e-140,5.524877148369948e-13,3.847521862929119e-24,-8.439174431661058e-21,1.2251257430762052e-11,-1.7325514030858193e-22,1.145439160561083e-20,-5.878986895103503e-17,-9.701276818911235e-14,-5.10582242062983e-15,1.0792329125282793e-17,0.0,0.0,5.204824969455568e-09,1.2031039316505402e-22,-5.20482561811824e-09,1.1611156480739737e-12,-4.1709750613047954e-23,3.553849720965234e-12,-2.5837201884788254e-18,0.0,3.0242919283023407e-13,-2.0752597815156916e-18,-1.0014211683120333e-15,-8.516264805787891e-21,2.185884937180898e-23,-1.3556267219883011e-12,-5.663686573994752e-12,2.927880160541463e-12,4.694947461887564e-132,1.7997297035898023e-132,1.296780861801599e-141,6.218769103521036e-72,2.109085677422014e-12,8.43307434970871e-150,-3.038296177452954e-13,-4.205186546622796e-17,-2.9243274468626623e-12,-2.9295084876442465e-12,4.4416160865947085e-140,5.5170422304703e-13,3.847521863770571e-24,-8.439174652242555e-21,1.2250902159394173e-11,-1.7325514547846077e-22,1.1456063436890473e-20,-5.878986895103503e-17,-9.49228251556633e-14,-5.730664535500788e-13,-1.201199211209314e-11,-1.745177332859464e-22,1.1455995674254692e-20,-5.857076976201192e-17,-2.6853106639609017e-18,3.178796447947154e-155,1.0283025788237296e-14,7.23083792639421e-18,9.253721779056285e-79,9.97481248283192e-118,6.729378416286063e-135,-1.0786944039864465e-08,2.1252931962241427e-20,-3.4375941763281624e-17,-3.0131898820400236e-07,-1.315083660391003e-18,-4.864392742776058e-17,3.328966731904378e-13,9.517631648729245e-11,1.009568659355864e-08,2.960895304568112e-07,-1.3324219166015301e-18,-4.8643450378804685e-17,3.3246368621083395e-13,1.89374047748729e-14,5.059843974646845e-150,-3.038211682541878e-11,-3.638987259672414e-14,8.061029333099941e-74,1.3340545578568437e-112
0.00044761296680971997,4.533032777009877e-135,3.637978807091713e-13,1.910881084648941e-23,-3.535972213770178e-20,5.437686922959983e-12,-8.386582088412955e-22,2.727031679289403e-20,-1.6406020783797196e-16,-9.313225746154786e-14,-8.48042370534759e-15,2.8149728280417917e-17,0.0,0.0,2.416829512901697e-09,3.212616206697651e-22,-2.4168302280104724e-09,1.4905410239407502e-12,-4.766875313207014e-22,6.43598869289214e-12,-4.344995084860112e-18,0.0,8.219164238921014e-13,-7.074710293344688e-18,-7.51065876234025e-16,-3.067676808944626e-20,1.09496395554118e-22,-3.660050040821261e-12,-1.2041737116485525e-11,8.817317246704684e-12,3.85652721168107e-127,1.478335271116472e-127,1.6437368390226874e-136,1.7901518115553722e-69,5.604808445523843e-12,1.3272272306819416e-144,-8.234420264532017e-13,-1.2517764603900416e-16,-8.810359849083701e-12,-8.81887155893916e-12,4.533032777009877e-135,3.6298691460009044e-13,1.9108810848172312e-23,-3.535972257886477e-20,5.436984906737052e-12,-8.386581985015378e-22,2.7225282168670885e-20,-1.640600271376099e-16,-8.735791349560411e-14,-4.014154342257825e-13,-5.293773597259133e-12,-8.609217646884025e-22,2.7225161466475905e-20,-1.6343480388480992e-16,-4.846031847614383e-18,6.210434030269506e-150,2.816130304492714e-14,1.7349493514294083e-17,5.992995331834456e-76,2.37858198133693e-113,5.52764177183246e-130,-5.988815002903418e-09,7.618300759707383e-20,-4.9863657763012567e-17,-1.4029660087544472e-07,-2.138720075334482e-18,-1.1733475302477814e-16,4.050952166304948e-13,8.748223384221394e-11,5.607199273072183e-09,1.3683035795111208e-07,-2.2399701586845245e-18,-1.17333608107284e-16,4.038880341283857e-13,4.430557508606499e-14,7.963361596845765e-145,-8.234485982796188e-11,-9.670273840948577e-14,4.180089313473253e-71,2.5562636199392398e-108
0.0005494764267269912,3.952946180763428e-130,2.0105896207193533e-13,8.911720554496181e-23,-1.2634205621926019e-19,1.1705196811817586e-12,-3.200380029300171e-21,5.780705944577903e-20,-4.613896432160518e-16,-8.925174673398336e-14,-1.1876397466562631e-14,6.862096250022838e-17,0.0,0.0,7.128120333261803e-10,6.078947696661191e-22,-7.128123488290125e-10,5.592504237483809e-12,-2.4489181856901932e-21,1.452879160648652e-11,-2.8796480923389417e-18,0.0,2.10799155929683e-12,-2.1496914370960412e-17,-5.007105841560166e-16,-9.401249153902588e-20,5.165816989032145e-22,-1.6287504678302865e-11,-2.8444533550259094e-11,2.5395019420670906e-11,2.7056745717843777e-122,1.0371751129676964e-122,1.780767877905415e-131,4.6991035920871105e-67,1.3914785021892336e-11,1.785681074852987e-139,-2.1094623966377882e-12,-3.8335654099445025e-16,-2.5384509309371122e-11,-2.5396425703168763e-11,3.952946180763428e-130,2.003046025341367e-13,8.911720553149858e-23,-1.2634205798391216e-19,1.1698517710101441e-12,-3.2003800706592016e-21,5.774939767789469e-20,-4.613896432160518e-16,-7.889298103691544e-14,-2.5380397043287907e-13,-1.1360214102751342e-12,-3.3208784896990367e-21,5.774930450427049e-20,-4.596771458846109e-16,-4.812229785168949e-18,1.037391566023472e-144,7.328417712813934e-14,3.702324543585397e-17,3.4611240984121286e-73,4.88217805746476e-109,3.878092365500312e-125,-2.811855666588296e-09,2.426615461210416e-19,8.873269595939999e-18,-3.502251056488603e-08,-1.1066434633900598e-18,-2.522114114777985e-16,9.69529641755192e-13,7.89402596031626e-11,2.6088455342687668e-09,3.345721634104848e-08,-1.4822520923336858e-18,-2.522090175594016e-16,9.661338395972052e-13,9.217984574737303e-14,1.071408219336207e-139,-2.1095337478960307e-10,-2.4016436987276773e-13,1.9314392989241522e-68,4.213060902740521e-104
0.0006745209945113374,2.961326067028822e-125,1.0113581083714961e-13,4.1592601886482504e-22,-4.2350965854122874e-19,3.967215889133513e-13,-1.1168006490508925e-20,1.1214728080108197e-19,-1.325827830046348e-15,-8.537123600641886e-14,-1.473512131098208e-14,1.6791694084095551e-16,0.0,0.0,1.3304764687045526e-10,8.6250408994764e-22,-1.3304801704805413e-10,2.5367175027213308e-11,-9.92853065169063e-21,3.7772988871121166e-11,1.7876867348665886e-17,0.0,5.46800993427578e-12,-6.14350828519837e-17,2.503552920780083e-16,-2.6594095764360974e-19,2.4484230775915876e-21,-6.610791913885805e-11,-7.17910485581194e-11,7.528822010272052e-11,1.6274385370852744e-117,6.238513346729628e-118,1.6607167271129144e-126,1.2089210400918448e-64,3.4017151176005706e-11,2.0723516786301938e-134,-5.46926171073617e-12,-1.2791590704610738e-15,-7.527489742642501e-11,-7.528970040008669e-11,2.961326067028822e-125,1.0003186427335701e-13,4.1592601902638376e-22,-4.2350965854122874e-19,3.9622136682737617e-13,-1.1168006490508925e-20,1.1213427037501216e-19,-1.325827468645624e-15,-6.961234551757418e-14,-1.6603204736990543e-13,-4.492875405048835e-13,-1.1654402670042458e-20,1.1213473624313315e-19,-1.3210295126316514e-15,1.1094452624755437e-17,1.4978491291309536e-139,1.9588296806866807e-13,7.337451140021951e-17,1.778769773252837e-70,8.61530315890292e-105,2.3326310478861714e-120,-9.963060923231144e-10,6.930168652810602e-19,4.484056933632778e-16,1.3793556718155742e-09,1.0378961009865558e-17,-5.034394429115352e-16,2.6512717946995204e-12,6.962606372932593e-11,8.951183796549837e-10,-1.772856921888888e-09,9.225172709070861e-18,-5.034347938526196e-16,2.6415136744617484e-12,1.7534229377717009e-13,1.243410139649627e-134,-5.469592179721713e-10,-5.875346505609021e-13,7.934973538512842e-66,5.9594646984202e-100
0.0008280220040497222,1.8902325168191964e-120,5.626740554968516e-14,1.9606178878160875e-21,-1.3536625524205685e-18,2.9260263545438648e-12,-3.7086346964027944e-20,1.7706881561040459e-19,-3.97587055870711e-15,-7.566995918750763e-14,-1.5982039077323768e-14,4.231754016937224e-16,0.0,0.0,1.505936264206896e-11,9.824360748740853e-22,-1.506001672575102e-11,1.0375420522734658e-10,-3.4114480960143174e-20,1.0729195309977513e-10,1.2615817673405306e-16,0.0,1.474229655165956e-11,-1.6039648142034295e-16,3.254618797014108e-15,-6.979888670255818e-19,1.181904938094597e-20,-2.381116637195646e-10,-1.904979533291289e-10,2.3438558501472545e-10,8.322054557213844e-113,3.190120246291704e-113,1.3225971773306665e-121,3.004134827412263e-62,8.320508849096871e-11,2.0586031527920842e-129,-1.474354832811995e-11,-4.6530878113561076e-15,-2.343708930633663e-10,-2.3438732436413073e-10,1.8902325168191964e-120,5.5205381007302395e-14,1.960617888246911e-21,-1.3536625524205685e-18,2.9253072852952755e-12,-3.7086346964027944e-20,1.7695344972298855e-19,-3.97587055870711e-15,-5.970074804887797e-14,-1.3269622437898458e-13,-3.066384124394972e-12,-3.868303980380477e-20,1.7695680397345968e-19,-3.961871340255977e-15,1.036442072016266e-16,1.8555965375679275e-134,5.533208906805267e-13,1.2787825811287623e-16,8.126595279004327e-68,1.2976821888693251e-100,1.1928081247754923e-115,-2.6695318666725145e-10,1.474843980999343e-18,2.528592497423136e-15,3.958272282034159e-09,6.821327086081047e-17,-8.758572339617742e-16,7.784013433820292e-12,5.964636026571195e-11,2.1242885850369931e-10,-3.693383769132197e-09,6.506461764765187e-17,-8.758498787342361e-16,7.754750915485905e-12,2.758516929091901e-13,1.2351603913453588e-129,-1.4744865196956279e-09,-1.4386940712836822e-12,2.8966200960044873e-63,7.18328636643332e-96
0.0010164552990485087,9.719897531003991e-116,3.844130939493577e-14,6.2565966657031475e-21,-2.664604687567619e-18,8.624374459031969e-12,-7.655019497350152e-20,1.0544814804322456e-19,-8.41081544689093e-15,-6.014791627724966e-14,-9.014467178921349e-15,7.277210156813226e-16,0.0,0.0,4.733194553062965e-13,8.566910966331108e-22,-4.74223834804174e-13,2.643428143045412e-10,-7.241827871707868e-20,2.2550979171886717e-10,4.127380901770678e-16,0.0,2.92480073523054e-11,-2.1398207020537562e-16,1.1391165789549378e-14,-1.0605534002512614e-18,3.943290179502062e-20,-5.367715161241904e-10,-3.8204395719350395e-10,5.123921287264466e-10,3.436709057282236e-108,1.3174047954828548e-108,8.463432992773169e-117,4.7674770271296503e-60,1.5653298747636933e-10,1.6386352136898792e-124,-2.924950948405787e-11,-1.2685972065765329e-14,-5.12384801254484e-10,-5.123945712171007e-10,9.719897531003991e-116,3.696574898034063e-14,6.256596663979854e-21,-2.664604687567619e-18,8.623521807749058e-12,-7.655019497350152e-20,1.0525759951141022e-19,-8.41081544689093e-15,-4.944051094450212e-14,-1.2729799436783652e-13,-8.814669172352296e-12,-7.975695450919892e-20,1.0526881422763188e-19,-8.382280691314006e-15,3.6631012137874226e-16,1.8367887352899557e-129,1.0969278004383548e-12,1.0731342753080483e-17,3.299824692165285e-65,1.6229792153050108e-96,4.9258483733503375e-111,-5.4569682106375694e-11,-7.887942511123731e-19,7.507226322071385e-15,-6.7156259319745006e-09,2.176905519995359e-16,-6.746755931708038e-17,1.641195623847125e-11,4.9538599948088326e-11,2.2587482817471028e-11,7.437572639901191e-09,2.1280616700238008e-16,-6.746311842498187e-17,1.635005020261815e-11,1.9115286106247004e-13,9.83179094218125e-125,-2.925272404600815e-09,-2.7105725071881657e-12,9.40692457240671e-61,7.205363367894468e-92
0.0012477704335279345,4.1405391118142746e-111,2.971016025791565e-14,1.53079575546104e-20,-3.2554600020492238e-18,1.7911042959894985e-11,-1.0300525737773987e-19,-9.449025221118513e-21,-1.517359154989961e-14,-5.044663945833842e-14,-2.2139836113792364e-15,1.0106977827000392e-15,0.0,0.0,-1.3077491718495514e-14,8.250773741464105e-23,1.2212453270876722e-14,5.364671595842196e-10,-7.620925037246605e-20,4.145102349217575e-10,1.002031826372025e-15,0.0,5.0218768037927693e-11,3.4802444320048686e-17,2.9917457403322e-14,-7.70384190308523e-19,1.0656119544024816e-19,-9.583577487148886e-10,-6.646191607398239e-10,9.60679730210856e-10,1.1765212047800891e-103,4.509996489912998e-104,4.482403246409373e-112,6.943273054663331e-58,2.5010706038519367e-10,1.0783569087971906e-119,-5.022017628644563e-11,-3.129441150975104e-14,-9.606795359218268e-10,-9.606827925760324e-10,4.1405391118142746e-111,2.8413419765153472e-14,1.530795756150357e-20,-3.255459776173771e-18,1.791001977835549e-11,-1.0300525737773987e-19,-9.332947826026783e-21,-1.5173590104296714e-14,-3.921343250112841e-14,-1.3610209255906133e-13,-1.8045551541945314e-11,-1.0598774773529495e-19,-9.305436195899963e-21,-1.5125189873714065e-14,9.40312352078477e-16,1.5013702142118608e-124,1.8818600976280886e-12,-5.302155199268799e-16,1.2037573106151662e-62,1.7112363396942884e-92,1.686303918335894e-106,-2.805318170355046e-11,-1.7036223856231807e-17,1.5919054963120516e-14,-2.1082522289361805e-08,5.197761817309077e-16,3.705732665171269e-15,3.000283281077524e-11,3.9200919369856516e-11,1.4150767431904873e-11,2.2196488862391563e-08,5.165185445153708e-16,3.7057323876155124e-15,2.9891153256282144e-11,1.1371182984239202e-13,6.470119077844211e-120,-5.022586811401102e-09,-4.340604264907455e-12,2.7492863193399127e-58,6.089182378901194e-88
0.0015317260446612003,1.4370090303433915e-106,2.267673456420501e-14,1.8871806549117003e-20,4.383713986429172e-19,2.4098699213936925e-11,1.8530052743137658e-20,1.1751827267390823e-18,-1.8194502617493075e-14,-4.0745362639427185e-14,1.3912593803338715e-15,7.65631951645899e-16,0.0,0.0,-2.709638069475773e-14,-1.4370221661241676e-21,2.5693732855610767e-14,7.195876117194189e-10,6.088653796472301e-20,5.40084437121156e-10,1.7957029044787935e-15,0.0,6.18196063845924e-11,8.778270211189729e-16,5.532851954923984e-14,1.0268520279390324e-18,1.7383750440832962e-19,-1.1253646903242043e-09,-8.597902751518611e-10,1.2015904937712207e-09,3.287222410395183e-99,1.2601014166709615e-99,1.930515607362658e-107,6.912588492100918e-56,3.1970305601835855e-10,5.759649910899909e-115,-6.1820717336201e-11,-5.677979788300455e-14,-1.2015937874328604e-09,-1.201593195313914e-09,1.4370090303433915e-106,2.1401547201094218e-14,1.8871806549117003e-20,4.383713986429172e-19,2.4098011408568708e-11,1.85300633310495e-20,1.1755032440063234e-18,-1.819449683508149e-14,-2.949983960813067e-14,-1.4693644819393133e-13,-2.3966020989973915e-11,2.1486473014763023e-20,1.175553388356801e-18,-1.8142833878761106e-14,1.8081594103979964e-15,9.940078400160674e-120,2.106755430042195e-12,-1.854844041670097e-15,4.0053887979128095e-60,1.512482253923233e-88,4.711535727689322e-102,-2.0083582323119724e-11,-5.637605205619015e-17,1.8664395954696526e-14,-3.0167007935233416e-08,9.16930550584616e-16,1.266606874938958e-14,3.722188187301375e-11,2.9451136166850726e-11,2.469654039790233e-11,3.122701891697943e-08,9.256235751833875e-16,1.2666117599202665e-14,3.708797417327029e-11,1.6989170688803732e-12,3.4557703972086565e-115,-6.1825780146095045e-09,-5.563982145388262e-12,7.353863400367872e-56,4.321425483738857e-84
0.0018803015465431966,4.220073499250417e-102,1.64921705921491e-14,-2.2796722693417084e-21,8.653835207745227e-18,2.55415216088295e-11,4.847956015918546e-19,6.486151947569102e-18,-1.6725712250383515e-14,-2.9103830456733704e-14,2.042193330042645e-15,-4.316028148302712e-17,0.0,0.0,-6.52869375624857e-14,-2.9306219773039785e-21,6.407572884979476e-14,7.621942743618604e-10,4.381669899885642e-19,5.857392478024826e-10,3.641359774006316e-15,0.0,6.33052146877833e-11,2.027391970622643e-15,8.912648397977097e-14,3.6488628438734855e-18,1.6031730308554543e-19,-1.0264606942200771e-09,-9.497088387029393e-10,1.196341308425571e-09,7.765030927227129e-95,2.9765936989264062e-95,7.041133624209309e-103,6.548074240248348e-54,3.639649176360972e-10,2.60731442828008e-110,-6.330634128659765e-11,-9.04799672775677e-14,-1.1963452450913792e-09,-1.19634302464533e-09,4.220073499250417e-102,1.5383487076784754e-14,-2.2796722693417084e-21,8.653835207745227e-18,2.5541191917000106e-11,4.847956227676782e-19,6.4853797245717494e-18,-1.6725706467971927e-14,-2.0795217399912266e-14,-1.574865867344973e-13,-2.5032755956999608e-11,5.031627063717642e-19,6.485488415839541e-18,-1.668933509909228e-14,3.9341354318261236e-15,5.58269912297373e-115,1.766600824136956e-12,-4.009149240889742e-15,1.2443337404474782e-57,1.1465135894368341e-84,1.1129437958304283e-97,-1.400888554788556e-11,-1.0727906012894066e-16,1.1242958416109635e-14,-3.2281820313073694e-08,1.842171944502202e-15,2.6707050460039738e-14,3.679089033425953e-11,2.07558817466591e-11,3.6285200621932746e-11,3.295823407825083e-08,1.8780396508766285e-15,2.670731968912321e-14,3.666781841123642e-11,7.715286742815408e-12,1.5643744031939618e-110,-6.330704228141547e-09,-6.357285068740263e-12,1.8426803790937125e-53,2.6291871782566706e-80
0.002308202513273028,1.0663619456167314e-97,1.1762798142929872e-14,-9.382984091570864e-20,2.3716732787740226e-17,2.743927325354889e-11,2.0291171459816803e-18,1.970591875441463e-17,-1.4435802090743504e-14,-2.3283064365386964e-14,2.2430973557978584e-15,-1.061456514408569e-15,0.0,0.0,-3.101344825792321e-14,-1.9220507422977503e-21,3.0134624954111394e-14,8.163286269180503e-10,1.3058291082766587e-18,6.962926682258598e-10,9.142826553389803e-15,0.0,6.944229914013756e-11,3.567324393457e-15,1.6773804569226557e-13,7.727372448635505e-18,-1.023304373172995e-19,-9.05579966570258e-10,-1.0920564710923553e-09,1.265913392630343e-09,1.575647874011152e-90,6.039979752346259e-91,2.2137557541094984e-98,7.612771542774118e-52,3.957532815669016e-10,1.0195535707841877e-105,-6.944355091659795e-11,-1.6866905443468067e-13,-1.2659175929741195e-09,-1.265914336319914e-09,1.0663619456167314e-97,1.0611955758577097e-14,-9.382984091570864e-20,2.3716732787740226e-17,2.7438625238573877e-11,2.0291171883333278e-18,1.9708327851641894e-17,-1.443579052592033e-14,-1.3511680663214065e-14,-1.785375995192832e-13,-2.6496894633964986e-11,2.0839595647010807e-18,1.9708626007239327e-17,-1.442674105178732e-14,1.0355337670694202e-14,2.714881113180277e-110,1.7538053216309066e-12,-7.103746844233649e-15,3.667519171178541e-55,7.563475822178711e-81,2.2583175117270494e-93,-9.231007661962092e-12,-1.5846106617261232e-16,-6.351060418315531e-15,-3.471721174719278e-08,4.616767211584882e-15,4.6705886935782815e-14,3.748964398179548e-11,1.337612047791481e-11,5.881156539544463e-11,3.491931565804407e-08,4.718715349016911e-15,4.670670628037499e-14,3.738348297588345e-11,2.0615366648910514e-11,6.11723274016519e-106,-6.943672122423006e-09,-6.952834141760178e-12,4.384935122109184e-51,1.3920036809552095e-76
0.002833481072264552,2.3176209679851812e-93,8.36735125631094e-15,-3.7345550295544093e-19,4.604242696016706e-17,2.846190909622237e-11,6.864816806911693e-18,4.85868409307727e-17,-7.228095436998908e-15,-1.3581787546475728e-14,2.2138313594127823e-15,-2.450464057652165e-15,0.0,0.0,-3.1868883772014276e-14,1.8497775672621447e-20,3.108624468950438e-14,8.422043729083839e-10,2.643374864818984e-18,8.307246137754269e-10,2.2877938752677902e-14,0.0,7.686358106320596e-11,4.468472462621589e-15,3.366026901988822e-13,1.3826352196696217e-17,-1.3415128169897007e-18,-7.396543821869273e-10,-1.2408507296603878e-09,1.2428124686788185e-09,2.7513566183275e-86,1.0546858854656937e-86,5.983642064782376e-94,9.91560114006608e-50,4.1010241714173466e-10,3.426425634039634e-101,-7.686517707819296e-11,-3.3762758217582656e-13,-1.2428165163669291e-09,-1.242811927445094e-09,2.3176209679851812e-93,7.444829937715744e-15,-3.73455499426137e-19,4.604242696016706e-17,2.846085180863156e-11,6.864816806911693e-18,4.858656554342089e-17,-7.228095436998908e-15,-7.91734085699621e-15,-2.1235185461894918e-13,-2.71334329227102e-11,6.988566118219883e-18,4.858740580010457e-17,-7.277338454070304e-15,2.6942624516390438e-14,1.1346059272555746e-105,1.9795592944608118e-12,-1.122296519317593e-14,1.0202378825564548e-52,4.3734477960920375e-77,3.943369673212495e-89,-6.1336358214703065e-12,-7.364589985301799e-17,-4.1433478870089854e-14,-3.5997005943499974e-08,1.155745412567688e-14,7.232276666435666e-14,3.243831277662442e-11,7.859974478681883e-12,9.524568061654766e-11,3.5679420034284704e-08,1.181588923926391e-14,7.232478504981543e-14,3.2385294446157785e-11,4.382803874347382e-11,2.0558087067203144e-101,-7.684740811133772e-09,-7.2621561542085544e-12,9.816782298136103e-49,6.460769820765132e-73
0.0034782974807080124,4.403195795206207e-89,8.24608529607455e-15,-1.3970289452540942e-18,9.492124245178794e-17,4.1326529753860086e-11,2.1410405729154618e-17,1.085515705101514e-16,1.1073329753141792e-14,-5.820766091346741e-15,2.712632131318062e-15,-3.2894784263391244e-15,0.0,0.0,-4.6431732466814936e-14,1.1642984173962571e-19,4.551914400963142e-14,1.2181084307893996e-09,5.444909930121527e-18,1.3690720940649867e-09,5.1281725832649396e-14,0.0,1.2014500395765203e-10,3.078867555958659e-15,1.0138137552698948e-12,3.2823570660950377e-17,-7.782132533627918e-18,-8.883958457772679e-10,-1.7760317247880162e-09,1.5178647259801263e-09,4.193191109179114e-82,1.6073883706283255e-82,1.4157360954651156e-89,1.498553724127356e-47,4.0690719204947096e-10,1.009330638774156e-96,-1.2014641220616998e-10,-1.0144239962943348e-12,-1.5178693857365033e-09,-1.517863316517302e-09,4.403195795206207e-89,7.311011055814257e-15,-1.3970289734885257e-18,9.492124967980242e-17,4.1325910160594504e-11,2.1410405729154618e-17,1.0855165507792086e-16,1.1073341317964964e-14,-3.955354562397891e-15,-3.2215628683237204e-13,-3.955318561565946e-11,2.17348179927003e-17,1.0855352641087057e-16,1.0847676923386729e-14,6.391903349524112e-14,4.1621593116058244e-101,4.840431805859232e-12,-1.6634109815833836e-14,2.606396141138012e-50,2.215088340303213e-73,6.009781809556481e-85,-5.5624854648309944e-12,7.161848949536568e-16,-1.3133864366447294e-13,-5.111040118208621e-08,2.5716546253606863e-14,1.0520840643124529e-13,2.367469183658007e-11,4.035731169619676e-12,2.13313614949584e-10,5.0171783368568865e-08,2.6511168607634694e-14,1.0521291171627923e-13,2.3756534517360705e-11,8.033289069483135e-11,6.055770998990875e-97,-1.2010767097649736e-08,-7.310608137374905e-12,2.00488078457963e-46,2.6199451416804085e-69
0.00426985501428828,7.13265607314417e-85,1.0186340659856796e-14,-2.4771746204863344e-18,7.977292148612462e-17,4.851208359468728e-11,5.683407778146569e-17,2.288754602508547e-16,4.85185734181807e-14,-9.701276818911234e-15,1.967344402563501e-15,-3.225167167474526e-15,0.0,0.0,-5.4667177282990186e-14,5.343392240401638e-19,5.3766515049704015e-14,1.4340284147651427e-09,1.8740451549973532e-17,1.5504569107921805e-09,1.0736021106466428e-13,0.0,1.3861796989421204e-10,-1.00581277664597e-14,2.4432172953892834e-12,5.838940843331514e-17,-2.4521363628757857e-17,-1.115804515450236e-09,-1.9725267414282088e-09,1.0997221115520428e-09,5.442056872147349e-78,2.0861192827347176e-78,2.8584487795920415e-85,1.4691458223446986e-45,4.219616258472298e-10,2.5389316461535057e-92,-1.3861917472905516e-10,-2.4440309500885368e-12,-1.0997256438827208e-09,-1.0997204628419392e-09,7.13265607314417e-85,9.38721692970527e-15,-2.4771745075486084e-18,7.977293594215359e-17,4.851163453167828e-11,5.683407913671841e-17,2.2886965760082754e-16,4.85185734181807e-14,-1.4930871354105572e-15,-4.2524372171707605e-13,-4.669599320550333e-11,5.807152312188937e-17,2.288742979861258e-16,4.800324489758386e-14,1.4109597323730487e-13,1.3046231016673786e-96,6.018130482404255e-12,-2.3229284526008847e-14,5.891467737730235e-48,9.557841890586892e-70,7.799538350281356e-81,-7.629844371119058e-12,3.1180402588574612e-15,-2.0136396254126036e-13,-5.9337879133636305e-08,5.358459370663482e-14,1.3009426869103891e-13,-1.7275425534535317e-11,1.4280279912274689e-12,3.2769554915527504e-10,5.8431168326933406e-08,5.555780280275258e-14,1.30103741113885e-13,-1.6918093592721563e-11,1.3258089151729123e-10,1.5232770959342348e-92,-1.3858537363518349e-08,-7.716297508360745e-12,3.598264535177068e-44,9.023235479250107e-66
0.005241547608898503,9.681129550869774e-81,1.2975457745293777e-14,-3.4071143620538016e-19,-9.014218769568909e-17,4.7386492951773104e-11,1.3732537513817116e-16,4.446824332371424e-16,8.971323683937272e-14,-5.820766091346741e-15,9.456835300540653e-16,-3.463926555892042e-15,0.0,0.0,-5.3337170989399755e-14,1.9417268718342742e-18,5.281489531431102e-14,1.4104576957774117e-09,6.461671529598185e-17,1.3264032201399083e-09,2.0824297601633295e-13,0.0,1.25790140261073e-10,-3.0850020934004236e-14,5.323680108392808e-12,9.528315877002145e-17,-5.115591128734298e-17,-1.232984025989481e-09,-1.7643486671659048e-09,5.2915496109573e-10,5.9009821187514424e-74,2.262039727400431e-74,4.847731171754358e-81,1.213464280339292e-43,4.3773626196654143e-10,5.376777416674688e-88,-1.2579125121268162e-10,-5.3244859394891845e-12,-5.291574585915745e-10,-5.29153017699476e-10,9.681129550869774e-81,1.2194334431114839e-14,-3.4071143620538016e-19,-9.014215878363115e-17,4.7386248525072006e-11,1.3732537649342389e-16,4.446712702915745e-16,8.971323683937272e-14,-1.8284633066893245e-16,-4.790592811332317e-13,-4.575545631269051e-11,1.4149337083935177e-16,4.446841159189141e-16,8.882001615676908e-14,2.9034098019753784e-13,3.4505480750539695e-92,4.991458635805291e-12,-3.1394492402160114e-14,1.1431437903055143e-45,3.4154885229369e-66,8.457065678544785e-77,-1.0797311134069787e-11,5.8962663455434476e-15,-1.5495554469187786e-13,-5.7744107164126036e-08,1.0381826648364623e-13,1.3464584114331045e-13,-6.346242642507604e-11,1.16415409256998e-13,3.916875963720183e-10,5.722677487938199e-08,1.0787738272122205e-13,1.3466422643659825e-13,-6.280177563174524e-11,1.9788585983016544e-10,3.2258035382095345e-88,-1.2580295344492157e-08,-8.153186459303186e-12,5.51292410590849e-42,2.562596012565553e-62
0.006434368671632525,1.0796333725207915e-76,1.988761747876803e-14,1.590999241712331e-17,-6.863715036146504e-16,5.3669828048441556e-11,3.081326779017304e-16,8.768896025967976e-16,1.7604565953159105e-13,-7.761021455128988e-15,4.356875927545066e-16,-5.31895129792422e-15,0.0,0.0,-6.042429081888821e-14,6.258395929522981e-18,5.963483675129413e-14,1.6115343210929001e-09,1.9563484066821565e-16,1.2314909056979912e-09,3.664770732470135e-13,0.0,1.277442884933879e-10,-6.468548746875792e-14,1.5175035674016396e-11,1.960142841677704e-16,-8.392227902989679e-17,-1.5191165658734462e-09,-1.670634896572136e-09,2.4455311307553424e-10,5.234651871419788e-70,2.00661273869066e-70,6.782286330611997e-77,1.2866104543441988e-41,4.387768765894366e-10,9.431740764260748e-84,-1.2774489873441235e-10,-1.5175685033055223e-11,-2.4455519091285777e-10,-2.445494177531297e-10,1.0796333725207915e-76,1.9197680482344975e-14,1.5909992868874216e-17,-6.863715036146504e-16,5.366939603845822e-11,3.081326833227413e-16,8.768873301090441e-16,1.7604565953159105e-13,5.97803288352831e-16,-5.887538160701904e-13,-5.2163670716254274e-11,3.2034692010619175e-16,8.769236378713963e-16,1.7400201649901229e-13,5.520456911368374e-13,7.591966049831269e-88,5.140490447017603e-12,-4.162599084867047e-14,1.8666966966709556e-43,9.857219328840463e-63,7.501876137220433e-73,-1.812050213582476e-11,5.737921711842138e-15,8.274184300679128e-14,-6.529629619649313e-08,1.8127694206837576e-13,5.945368641846472e-14,-1.2896135122749305e-10,-7.935644124462682e-13,5.267254891805351e-10,6.501691350422334e-08,1.9013788737920477e-13,5.948981751657811e-14,-1.2766008694597987e-10,2.7806212758686367e-10,5.658350973896223e-84,-1.2783934339068408e-08,-8.327914746697473e-12,7.078946484788096e-40,5.8529237747686245e-59
0.00789864049545215,9.563752650950239e-73,2.0857745160659154e-14,6.51249634370706e-17,-1.9441222937066627e-15,4.000939952675253e-11,6.396428200473869e-16,1.4543124343679993e-15,2.776434637752345e-13,-3.880510727564494e-15,1.0668320013859847e-16,-7.605109033845259e-15,0.0,0.0,-4.524855812458397e-14,1.8057005356175322e-17,4.488473085270276e-14,1.2131739179650074e-09,4.851381977985697e-16,6.972212439176508e-10,6.08950845856117e-13,0.0,8.241821392854073e-11,-6.809560037296111e-14,3.6768304793390656e-11,2.5914669812511447e-16,1.0243980773928836e-16,-1.1853535042405382e-09,-1.131359605482811e-09,6.09933262027638e-11,3.678675742171295e-66,1.4101556574991486e-66,7.554644498802234e-73,8.871623189262962e-40,4.3352918154606986e-10,1.3202881903958363e-79,-8.241945005779537e-11,-3.676905585926689e-11,-6.09956529729061e-11,-6.098780739686542e-11,9.563752650950239e-73,2.033194353619668e-14,6.51249634370706e-17,-1.9441222937066627e-15,4.0008814039538264e-11,6.396428363104195e-16,1.4543036913616803e-15,2.776434637752345e-13,7.87281351222191e-16,-4.931697124751129e-13,-3.861628670165374e-11,6.699194476066095e-16,1.4544261975335537e-15,2.73568066348299e-13,9.961360923485896e-13,1.3364138094376604e-83,1.7141044488293487e-12,-5.426966746361709e-14,2.534968397508642e-41,2.24354768365851e-59,5.271772117920836e-69,-2.0220107839937404e-11,-1.5537376940599757e-14,7.758760152872431e-13,-4.860755147291229e-08,3.027336270555736e-13,-1.3055950986995412e-13,-1.7435866084269946e-10,-6.480459900185901e-13,4.5350316213443876e-10,4.851983321714215e-08,3.164663225918574e-13,-1.3049973546230831e-13,-1.7228919328241924e-10,3.6284979865702914e-10,7.920296228705433e-80,-8.257514663982691e-09,-8.416392582866195e-12,7.536868539194744e-38,1.0514975293150793e-55
0.009696137237434288,6.640614783919297e-69,1.5643308870494366e-14,1.5296826305633004e-16,-3.957072401232035e-15,2.1797131921630353e-11,1.2462217022224388e-15,1.6617887621528382e-15,4.611939071382427e-13,-9.701276818911234e-15,2.0695175497182546e-17,-1.3785955883804935e-14,0.0,0.0,-2.4618204300505147e-14,4.813481355466557e-17,2.3790493384824785e-14,6.671292696004347e-10,8.97595918950517e-16,2.6795842353773947e-10,9.517524610096066e-13,0.0,3.7694744551725326e-11,-4.512651083611226e-14,8.649262112946428e-11,-4.270677704742949e-17,1.2113976874886222e-15,-6.593751322725439e-10,-6.894594456076279e-10,1.2946563742941009e-11,2.021643001845137e-62,7.74960805702211e-63,6.608550631800483e-69,5.686681097400824e-38,4.2054884445664665e-10,1.454318104827049e-75,-3.7695965033774205e-11,-8.649373990467575e-11,-1.2949345299754592e-11,-1.2935430504512624e-11,6.640614783919297e-69,1.526885284874879e-14,1.5296826667033728e-16,-3.957072401232035e-15,2.1796660121253807e-11,1.2462217022224388e-15,1.6617607290214664e-15,4.611939071382427e-13,6.584362684710261e-16,-2.5678067080055673e-13,-2.0457872551560287e-11,1.3075944732370004e-15,1.6621722054299682e-15,4.5283647202391346e-13,1.7051488990767938e-12,1.855503355304467e-79,-1.6867218387583166e-12,-7.004923623215216e-14,2.8463551268934732e-39,3.9868475275470427e-56,2.8969964260500357e-65,-1.6397336229564036e-11,-7.092254006302312e-14,2.029182510909777e-12,-2.645023685658998e-08,4.776675222029069e-13,-4.201529790748282e-13,-2.4096969752918086e-10,-6.373767032682072e-13,2.5390327209606767e-10,2.642736890265951e-08,4.956409227485636e-13,-4.200845893365113e-13,-2.375269107327919e-10,4.517885387505953e-10,8.723652494970755e-76,-3.784903351112716e-09,-8.303478275332546e-12,6.618734693900129e-36,1.471265331743892e-52
0.011902691024017547,3.577066513641657e-65,6.548361852765083e-15,2.176430693653919e-16,-5.763603483366353e-15,8.044480637181551e-12,2.2771950341018977e-15,-8.898307091165237e-16,7.829676259193027e-13,-7.761021455128988e-15,8.108855542896958e-18,-2.8024539069568255e-14,0.0,0.0,-8.922828993531061e-15,1.1985223618048825e-16,8.405974329304758e-15,2.4833918695326556e-10,1.340208359613394e-15,6.239690127634242e-11,1.4198617035320115e-12,0.0,1.1242079213116926e-11,-1.9755636337787503e-14,1.9616976961475062e-10,-1.9305972088323754e-15,5.1337658129917666e-15,-2.461195691694229e-10,-4.677725906879269e-10,5.801630660259849e-12,8.599254613859057e-59,3.29636830225823e-59,4.492432841081127e-65,3.24519873320823e-36,4.0395515098309534e-10,1.2471352599386402e-71,-1.1243049339873727e-11,-1.9617091186077073e-10,-5.804245972740318e-12,-5.7761203227831475e-12,3.577066513641657e-65,5.891820364922751e-15,2.176430765934064e-16,-5.763603483366353e-15,8.043440402616397e-12,2.277195055785941e-15,-8.89863044362116e-16,7.829676259193027e-13,3.808509063674137e-16,4.215886898843261e-14,-6.733688451276976e-12,2.389678038783316e-15,-8.886354152526365e-16,7.670791779545993e-13,2.7908571166288947e-12,2.0101185908891976e-75,-3.706103271865286e-12,-9.038126150273662e-14,2.6351158548740607e-37,5.488536933385909e-53,1.2321871438097673e-61,-8.256679547476627e-12,-1.486987903180174e-13,3.661171514105869e-12,-9.756926687032318e-09,7.184118189229593e-13,-2.853714775596927e-13,-3.707598554096118e-10,-3.89997175294828e-13,8.188362699002027e-12,9.74990034592338e-09,7.411788793820762e-13,-2.8540718233216467e-13,-3.6512486071652956e-10,5.450992112468273e-10,7.480199304309858e-72,-1.1356937214016473e-09,-7.933172637327365e-12,4.782108156382705e-34,1.5912354100697567e-49
0.014611391128650755,1.4693232918970038e-61,-1.697723443309466e-15,1.3896537277383973e-17,-2.488416417367745e-15,1.2791133485734464e-12,4.0856480525153224e-15,-8.45153474982041e-15,8.801554855312569e-13,-1.3581787546475728e-14,6.4786861798490636e-18,-5.317865288748114e-14,0.0,0.0,-1.5386377687815717e-15,2.715044714810671e-16,9.516197353929913e-16,3.999107130517321e-11,1.6964190354158788e-15,3.0349931224524424e-12,1.9538328682668762e-12,0.0,1.3762030405528117e-12,3.87045858726342e-14,3.0648807800304876e-10,-6.642105138793921e-15,1.1219015249024771e-14,-3.964597539152237e-11,-3.903568940956554e-10,4.751660942608112e-12,2.7865558065270996e-55,1.0681745358833675e-55,2.32910862897931e-61,1.2070855653552853e-34,3.853672968589814e-10,8.15757591368504e-68,-1.376938459223291e-12,-3.064890090117912e-10,-4.75441908065477e-12,-4.701128375472763e-12,1.4693232918970038e-61,-1.9722297868914515e-15,1.3896566189441907e-17,-2.488416879960672e-15,1.27797648019623e-12,4.08564809588341e-15,-8.451555011390611e-15,8.801554855312569e-13,9.284425080598643e-17,1.3648483824605742e-13,9.913492249324918e-15,4.283208466723809e-15,-8.449244359720609e-15,8.623979308453045e-13,4.400893182459207e-12,1.6620093423254247e-71,-4.455886077227412e-12,-1.1677258552472702e-13,2.0089403298753895e-35,5.801937245994622e-50,3.992532506154686e-58,-3.665353650224764e-13,-1.25676731984233e-13,3.2364458964669513e-12,-1.5599426276935446e-09,9.912673737400013e-13,1.90031876456942e-12,-4.1499233975154463e-10,-1.7656719789963896e-13,-1.3934768503531815e-10,1.5532526958850213e-09,1.0242147574501814e-12,1.899965624829747e-12,-4.095106091265658e-10,6.422591722020979e-10,4.8924798421586665e-68,-1.461433996187849e-10,-7.24024544022465e-12,2.839998467509616e-32,1.3194841239717715e-46
0.017936511187564473,4.583049756588913e-58,-1.940255363782247e-15,-4.240821814086952e-16,4.9755523775137555e-15,7.330527296289802e-14,7.159537762993496e-15,-1.512754976840114e-14,5.966427352177561e-13,-9.701276818911234e-15,5.610720462150061e-18,-8.970377970522285e-14,0.0,0.0,-1.418755985709603e-16,5.778640178694036e-16,-9.516197353929913e-16,2.646690126176937e-12,2.0676918628446765e-15,-2.6933284414090776e-12,2.4466626389210647e-12,0.0,9.851480743269628e-14,1.9081639062085988e-13,3.391922401624911e-10,-1.3593133717866748e-14,1.3675533198392124e-14,-2.6130209107577684e-12,-3.6502356692835747e-10,4.121884112963843e-12,6.848686216823383e-52,2.6253135247284535e-52,9.170845692139604e-58,3.438299214312899e-33,3.6526911340556543e-10,4.0532242890591994e-64,-9.940669816072418e-14,-3.3919318681843924e-10,-4.1241084621409146e-12,-4.034402441751202e-12,4.583049756588913e-58,-2.1681027343826522e-15,-4.240821235845793e-16,4.975550527142048e-15,7.240714694489725e-14,7.159537849729669e-15,-1.5127545882620553e-14,5.966427352177561e-13,3.789561257387201e-18,-1.4669391627345855e-13,1.1895053830812684e-12,7.515326685622603e-15,-1.5125208308042202e-14,5.896936642694565e-13,6.722341362907929e-12,1.044731915990134e-67,-4.555527483474459e-12,-1.5043399107424657e-13,1.2621945946947452e-33,4.693762333595221e-47,9.811675501600133e-55,1.4125764262e-12,1.2069959846409498e-14,6.287193580571207e-13,-1.0363286548908946e-10,1.2366481505488026e-12,5.427591389661757e-12,-3.151447576973017e-10,3.586985523421996e-14,-1.049256146264573e-10,9.581290214555337e-11,1.2922130143699917e-12,5.426928311180745e-12,-3.1310522767095487e-10,7.42630750176208e-10,2.430976665322986e-64,-1.9397528030204087e-11,-6.211834287691194e-12,1.3876092012502943e-30,8.357458861335414e-44
0.02201833013358902,1.0853100074917139e-54,1.4551915228366853e-15,-9.583641750558296e-16,1.2499160040313484e-14,-1.3096723705530166e-14,1.1925838355048013e-14,-1.2484596689787964e-14,1.287691249925634e-13,-5.820766091346741e-15,4.769134223502551e-18,-1.4953269380825937e-13,0.0,0.0,9.417070298159811e-17,1.1859812921948581e-15,-1.427429603089487e-15,7.89665696113856e-14,2.7493785683719867e-15,-2.6124983959098418e-12,2.871157529366871e-12,0.0,1.1891876373705395e-14,5.562463069377136e-13,3.1317331536740783e-10,-2.527693778213521e-14,6.7949862848657275e-15,-5.417888360170764e-14,-3.443509043801558e-10,3.5079909897067774e-12,1.2751043443117647e-48,4.887861631081982e-49,2.744212583632425e-54,9.413547102025633e-32,3.440909653460341e-10,1.5322585127439158e-60,-1.2486470192390665e-14,-3.13174003844461e-10,-3.5102291443915115e-12,-3.3607191104086573e-12,1.0853100074917139e-54,1.1503686891956021e-15,-9.583641750558296e-16,1.2499160040313484e-14,-1.4017587091075257e-14,1.1925838355048013e-14,-1.2484563383097225e-14,1.2876903247397801e-13,1.3263464400855203e-17,-8.416918717557564e-13,1.2440523278201e-12,1.2590806348911077e-14,-1.248444236878754e-14,1.4883270541924768e-13,9.995922553025298e-12,5.007820401370954e-64,-4.57421024714578e-12,-1.9481761400856149e-13,6.551069448238805e-32,2.89911146770752e-44,1.8265188902233197e-51,6.998797393483377e-13,1.597985595698977e-13,-1.976228129289363e-12,-4.422537358550471e-12,1.440967534183102e-12,7.633755245706198e-12,-1.7143564641960059e-10,-1.4562978970881582e-13,8.442051087816555e-12,-3.2769094104878606e-12,1.5333303182707424e-12,7.633130820750011e-12,-1.7366040457507855e-10,8.371500714865476e-10,9.192948786781536e-61,-1.3360961227619149e-11,-4.4915853443979375e-12,5.592224591682686e-29,4.031347907261454e-41
0.027029050231788372,1.943633416756527e-51,7.639755494892597e-15,-1.9223804261410867e-15,2.1350804457753724e-14,-2.219167072325945e-14,1.8903093326749777e-14,7.497705789560883e-15,-5.904883063993319e-13,-3.880510727564494e-15,3.989156948331733e-18,-2.7108144288329195e-13,0.0,0.0,1.0919464737175438e-16,2.3273977609405324e-15,-2.854859206178974e-15,1.0506840623231151e-15,4.076247739311968e-15,-2.3423253001280586e-12,3.2073012008079e-12,0.0,-5.745653953190291e-14,1.5283583029701457e-12,2.606973440161048e-10,-5.459842994419723e-14,-2.299947476013358e-14,6.075140390748857e-14,-3.2345247927085357e-10,2.938775091332335e-12,1.7904779393769796e-45,6.863430046898514e-46,6.217425560272935e-51,2.7555811870950118e-30,3.225857307374427e-10,4.392627421846721e-57,5.703406497652127e-14,-2.606980011987465e-10,-2.940906777363731e-12,-2.6698643296185764e-12,1.943633416756527e-51,7.380170548761574e-15,-1.9223805417893186e-15,2.1350804457753724e-14,-2.2998847271082924e-14,1.8903093240013602e-14,7.497725773575326e-15,-5.904883989179173e-13,3.221127068779121e-17,-2.6827365218196064e-12,1.2159716789028608e-12,2.014937678512796e-14,7.492187981128496e-15,-5.059930252571121e-13,1.453099571386117e-11,1.8264557432427528e-60,-4.598369532831308e-12,-2.5811290315739627e-13,2.8203613714863877e-30,1.3630640876205697e-41,2.5643269267740838e-48,-3.3955593892187606e-13,3.0327219254407587e-13,-3.8486130430707515e-12,-1.585050313224201e-12,1.5934394470562553e-12,6.450689937764764e-12,-3.176681880508643e-11,-9.446381454836229e-14,2.1098239812999963e-10,-5.703441274818033e-12,1.7398631646514673e-12,6.4508277830555014e-12,-3.8370816154061534e-11,9.143385338267326e-10,2.638203250330063e-57,-1.0530945005969342e-11,-9.519422287477635e-13,1.867383248253097e-27,1.4762990910580262e-38
0.03318006188480442,2.6054834971926443e-48,1.8674957876404127e-14,-3.568448777209928e-15,3.171325979600681e-14,-3.219611244276166e-14,2.8880008454135186e-14,4.871234304815175e-14,-1.7715692801623107e-12,0.0,3.3401001681149557e-18,-4.071145547415722e-13,0.0,0.0,-3.1163068157726217e-16,4.361642221210651e-15,-4.758098676964957e-15,1.6807031027327168e-16,6.5036234928842095e-15,-2.1311876682022154e-12,3.309184674909521e-12,0.0,-1.8563844907584318e-13,3.333088555924449e-12,1.3287844964567766e-10,-1.0583423105829603e-13,-9.679830972541016e-14,1.3233858453531866e-13,-3.028574806960954e-10,2.465217844675275e-12,1.8783456011741587e-42,7.200232619221794e-43,1.0543979891825934e-47,6.860444470686891e-29,3.016771587060782e-10,9.429752295852338e-54,1.850438552571579e-13,-1.3287896600346756e-10,-2.4676557094001814e-12,-2.060425903967674e-12,2.6054834971926443e-48,1.8244132130954918e-14,-3.568449008506391e-15,3.171326164637852e-14,-3.2656544135534205e-14,2.8880008280662836e-14,4.871232528458336e-14,-1.771569372680896e-12,4.926429634603361e-17,-6.468750749869893e-12,1.1833094504254405e-12,3.117331340979357e-14,4.8699986265887675e-14,-1.5778642281638612e-12,2.068349972883779e-11,5.004068615181211e-57,-4.641962648064392e-12,-3.3109474363579583e-13,1.0131730921137623e-28,4.861130412894792e-39,2.6895812294298865e-45,-1.5960458436362993e-12,4.2803301643819697e-13,-4.3157700228372655e-12,-1.6002275060600368e-12,1.617096356820724e-12,3.116065272479318e-13,1.2385830916450402e-10,7.425515017681997e-14,5.691084273469945e-10,-5.276342562865466e-12,1.8408385149548677e-12,3.135447457225382e-13,1.123227066912591e-10,9.618363663672172e-10,5.678447039704099e-54,-5.423697047577972e-12,2.8985471430450125e-12,5.200856235440113e-26,4.092436153710061e-36
0.04073086169282719,2.5957492194586832e-45,2.7042309132715067e-14,-4.848016895338721e-15,3.8617960681127293e-14,-4.511093720793724e-14,4.190505477341677e-14,7.904014553972161e-14,-2.7171743558855136e-12,3.880510727564494e-15,2.8281680131732375e-18,-3.7096813974267967e-13,0.0,0.0,2.942834468174941e-16,8.022371144757384e-15,-9.040387486233418e-15,7.359022245745361e-18,1.1078780816733189e-14,-1.9619561143672015e-12,3.246069534776546e-12,0.0,-3.5412756064434276e-13,4.477823948670927e-12,1.5766124518612575e-11,-1.2864053770168132e-13,-1.6693889980342635e-13,1.7212897773788428e-13,-2.824211149181581e-10,2.0900817968710905e-12,1.4630800576908118e-39,5.6083816178833984e-40,1.326897248564371e-44,1.2159024611326132e-27,2.8113482472235443e-10,1.5007383101640334e-50,3.5381461652924525e-13,-1.5766546993167955e-11,-2.092548356813495e-12,-1.721585836852076e-12,2.5957492194586832e-45,2.6947096406123214e-14,-4.848016895338721e-15,3.8617964381870706e-14,-4.540652298601344e-14,4.190505442647208e-14,7.904016552373605e-14,-2.717174448404099e-12,5.210646728907401e-17,-9.732442170691987e-12,1.1474867278593593e-12,4.609462117555197e-14,7.903131482578374e-14,-2.4321246868315902e-12,2.8633101219490287e-11,1.0197542558815643e-53,-4.700796141702723e-12,-3.795204891095712e-13,3.06095127570053e-27,1.3143204587074041e-36,2.094377601340526e-42,-2.4527405884100516e-12,4.924898711067271e-13,-3.776281095232056e-12,-1.500090718309366e-12,1.5475681403032127e-12,-3.5752700000557523e-12,2.245653931328325e-10,1.8693100400923867e-13,8.634116966277361e-10,-4.964931576978415e-12,1.8722501993195805e-12,-3.57190998556689e-12,2.0867923685348916e-10,9.778266697638471e-10,9.088756955791682e-51,-1.025455276351522e-12,1.4113964626657112e-12,1.2183310485252206e-24,8.588354963265172e-34
0.05,1.9280391962203137e-42,2.53445856894056e-14,-4.4067582916085254e-15,3.6008581301890296e-14,-6.039044819772244e-14,5.73823544236518e-14,8.425593556182775e-14,-2.64821590582424e-12,-1.940255363782247e-15,2.3863472733612076e-18,-2.096003672997134e-13,0.0,0.0,-1.8121664882972005e-17,1.4534988117350743e-14,-1.5860328923216522e-14,-4.6149065471845494e-17,1.9507619905014246e-14,-1.775993757742488e-12,3.2033396143186516e-12,0.0,-5.242439816113495e-13,3.761680190805885e-12,-1.599307159088129e-11,-8.14392134946623e-14,-1.6452599829684627e-13,1.2878587085651816e-13,-2.611459369164063e-10,1.7658751341973848e-12,8.487444462759649e-37,3.253451981499818e-37,1.24253780777844e-41,2.2554964730295385e-26,2.5971634081082817e-10,1.7755589380186625e-47,5.238371542617227e-13,1.5992680410737416e-11,-1.7679191444130993e-12,-1.5584570671004865e-12,1.9280391962203137e-42,2.5516300183880957e-14,-4.406759216794379e-15,3.600858500263371e-14,-6.062350621505175e-14,5.738235407670711e-14,8.425597552985664e-14,-2.648215998342825e-12,3.315866100213801e-17,-9.406085155205801e-12,1.1064912541769444e-12,6.494322371541905e-14,8.426650044413009e-14,-2.3603221229369827e-12,3.835057312092892e-11,1.5539735018547013e-50,-4.762571310022972e-12,-4.182025096592194e-13,7.849220024824942e-26,2.70952589680417e-34,1.2145255693014238e-39,-2.3594337742830856e-12,4.60140251827094e-13,-3.119367401419974e-12,-1.4344379906106042e-12,1.4821585070379228e-12,-3.2086728651847806e-12,2.2112920568713908e-10,6.568067571303497e-14,8.384585574579736e-10,-4.582398105412722e-12,1.9267736406369806e-12,-3.205037586440085e-12,2.055155342202871e-10,9.71912957091836e-10,1.0873701569724565e-47,1.0995604428066125e-12,-3.858154536591958e-12,2.423340150384893e-23,1.3724550382556486e-31
0.05352280527117856,1.6255210449308332e-41,2.4253192047278088e-14,-4.131249971746816e-15,3.474224611702918e-14,-6.602931534871459e-14,6.314098861814888e-14,8.492198499965297e-14,-2.5571085989402792e-12,-3.880510727564494e-15,2.2664219388360924e-18,-1.688822873502823e-13,0.0,0.0,1.6479873021779667e-16,1.7561722560254173e-14,-1.8715188129395497e-14,2.873623648064205e-16,2.343701963866728e-14,-1.7161659690244972e-12,3.178276011841288e-12,0.0,-5.968470163139719e-13,3.4243545508036094e-12,-1.753763856535656e-11,-5.832333972101528e-14,-1.5716948895995054e-13,1.085354028873553e-13,-2.5407004665508834e-10,1.677233294380039e-12,6.58903497302026e-36,2.525739035258872e-36,1.1309617125040958e-40,6.25789751393859e-26,2.5260552209403343e-10,1.7465728889527128e-46,5.966123082276487e-13,1.7537106560360896e-11,-1.6795453916529368e-12,-1.5104954324366797e-12,1.6255210449308332e-41,2.432685164421855e-14,-4.131249971746816e-15,3.474224611702918e-14,-6.629647941736038e-14,6.314098827120418e-14,8.492200720411347e-14,-2.557108691458865e-12,2.5579538487363606e-17,-9.058142798797537e-12,1.0917915460595396e-12,7.226805334714648e-14,8.494112080370541e-14,-2.275643747514285e-12,4.2022676722419145e-11,1.6661865817803676e-49,-4.789046382160222e-12,-4.3657453231242077e-13,2.2265897033299456e-25,1.4993989315999861e-33,9.427353512902748e-39,-2.279946897942864e-12,4.4736250259802547e-13,-2.9713009534286053e-12,-1.4255789437811472e-12,1.453292086672775e-12,-2.9833613268692718e-12,2.1340729313331272e-10,-7.013625236140796e-14,8.09041375759989e-10,-4.441426426637918e-12,1.9425249520033104e-12,-2.979683983994619e-12,1.982728699741661e-10,9.631249673760604e-10,1.0755266748471836e-46,1.742472832862938e-12,-5.2514959973197035e-12,6.318585563935268e-23,6.976581584457741e-31
0.05729381368192999,1.3280558567861941e-40,2.255546860396862e-14,-3.755671699560518e-15,3.295864322202154e-14,-7.203198038041592e-14,6.91850372130931e-14,8.49894288279529e-14,-2.421947734957778e-12,-3.880510727564494e-15,2.155813691003904e-18,-1.3494789776376712e-13,0.0,0.0,2.744580356634734e-16,2.1135358648628922e-14,-2.2363063781735298e-14,5.285485590866834e-19,2.8071480619065552e-14,-1.6573757869995789e-12,3.1450731019430442e-12,0.0,-6.792139074076366e-13,3.0363449219978033e-12,-1.750747075266116e-11,-3.1454229991186824e-14,-1.4616640137797593e-13,8.562039965909208e-14,-2.4692021037650234e-10,1.5957542000751464e-12,4.956050730580967e-35,1.8997722641815037e-35,9.9729105060275e-40,1.7468497013838998e-25,2.454300425682319e-10,1.6643609246308153e-45,6.790417881443329e-13,1.7506876158842478e-11,-1.597981006777142e-12,-1.4631259167193396e-12,1.3280558567861941e-40,2.2649260245088955e-14,-3.755671699560518e-15,3.295864322202154e-14,-7.224798537208698e-14,6.918503686614841e-14,8.49894599141976e-14,-2.4219478274763636e-12,1.6105635343895605e-17,-8.548871240539787e-12,1.0764779290184378e-12,8.016163219326522e-14,8.501831239016156e-14,-2.1509607058452693e-12,4.5912944392761045e-11,1.7328692912315374e-48,-4.818901250740524e-12,-4.58094644393651e-13,6.211143758942122e-25,8.061725499112782e-33,7.089841393640058e-38,-2.166922522898555e-12,4.2898615030632453e-13,-2.7951360929516036e-12,-1.3886022998121917e-12,1.4195755349000194e-12,-2.728891104197828e-12,2.018693723293552e-10,7.928520062705502e-14,7.655927523349722e-10,-4.326648195274174e-12,1.955632500383331e-12,-2.7252008294453843e-12,1.874864286044442e-10,9.514988925961664e-10,1.0317570499663509e-45,2.443467650681361e-12,-6.451540690566304e-12,1.620133263884318e-22,3.445204621869405e-30
0.0613305126588225,1.0516450227819383e-39,2.0736479200422765e-14,-3.30738769704908e-15,3.0853941623831816e-14,-7.803464541211724e-14,7.551105400682712e-14,8.475595336676634e-14,-2.2598354669038183e-12,-3.880510727564494e-15,2.0555105971063364e-18,-1.0841098346004811e-13,0.0,0.0,-1.078006731499873e-16,2.5333078932164095e-14,-2.632814601253943e-14,2.267148057830126e-16,3.349758604585763e-14,-1.6002703038666792e-12,3.10195070029871e-12,0.0,-7.756006948576698e-13,2.6282516156304343e-12,-1.6700200113355623e-11,-1.6056416858504004e-15,-1.3275990910424222e-13,6.021849685566849e-14,-2.397032443336367e-10,1.521686133580206e-12,3.6124597619067974e-34,1.3847388450743221e-34,8.521152872431611e-39,4.888218116112699e-25,2.3819895506942363e-10,1.536673676116632e-44,7.753816339771015e-13,1.6699433400273636e-11,-1.5238181087321816e-12,-1.4154603415287663e-12,1.0516450227819383e-39,2.064766135845275e-14,-3.30738769704908e-15,3.085394532457523e-14,-7.849507710488979e-14,7.551105365988242e-14,8.475599777568732e-14,-2.2598355594224035e-12,1.8947806286936006e-18,-7.942495964622746e-12,1.0605617717374115e-12,8.866055459244571e-14,8.479568158747952e-14,-2.0019143750123665e-12,5.0025647384234133e-11,1.7486827535830272e-47,-4.853638047516348e-12,-4.828731454039244e-13,1.704292819022319e-24,4.2126788722983854e-32,5.1669068441394375e-37,-1.994676542456849e-12,4.071055788775387e-13,-2.5988015295297374e-12,-1.3370069495977077e-12,1.3801251697032058e-12,-2.4670480058830436e-12,1.88016249421293e-10,4.226753465748819e-13,7.135769313511749e-10,-4.224602889735251e-12,1.9651846372426008e-12,-2.4633612838442786e-12,1.7455633753253134e-10,9.369358648098973e-10,9.602569796682022e-45,3.2446045853309878e-12,-7.446622022714658e-12,4.0862410029936984e-22,1.653294485330594e-29
0.06565162172439418,8.072712024108265e-39,1.8311159995694955e-14,-2.7922867721722847e-15,2.848590252568783e-14,-8.458300726488233e-14,8.210043513090515e-14,8.431428888400206e-14,-2.076430601534914e-12,-5.820766091346741e-15,1.9648001789091106e-18,-8.863307584978479e-14,0.0,0.0,-8.379333933066542e-17,3.024313380730764e-14,-3.124484797873655e-14,-3.666229646259733e-17,3.981360698751806e-14,-1.5448398374482574e-12,3.0489594366283407e-12,0.0,-8.897627080452416e-13,2.2122552479189034e-12,-1.5488355322052025e-11,3.076268156262393e-14,-1.1742506680643814e-13,3.321787289678468e-14,-2.3239828666128445e-10,1.4540103062538057e-12,2.5521066822830373e-33,9.782788238663909e-34,7.055433892138674e-38,1.3648616023130767e-24,2.30892046438297e-10,1.3747595381590843e-43,8.8934023348986e-13,1.5487682492204565e-11,-1.4561685190983553e-12,-1.3674987068649596e-12,8.072712024108265e-39,1.8372029823391738e-14,-2.792284921800577e-15,2.848590992717466e-14,-8.500933290633839e-14,8.210043443701576e-14,8.431437326095193e-14,-2.0764306940534994e-12,-9.473903143468002e-18,-7.260465887763227e-12,1.043918018694967e-12,9.779216117444811e-14,8.436600307248909e-14,-1.8335625610414277e-12,5.4359177446806555e-11,1.7126515584574536e-46,-4.894571137771102e-12,-5.1088025592357e-13,4.6012016895429446e-24,2.140115514501298e-31,3.649612774769309e-36,-1.839372032463871e-12,3.822980450725784e-13,-2.38268202205442e-12,-1.2995727161069225e-12,1.335045585193484e-12,-2.1986554088471167e-12,1.7233893886044645e-10,1.5973284916981356e-13,6.548652891069651e-10,-4.106914275325835e-12,1.9711397514221572e-12,-2.194986024051104e-12,1.599383329479546e-10,9.196341943776341e-10,8.673008763669603e-44,4.1919490105541715e-12,-8.258810302308461e-12,1.014015476452544e-21,7.712225202302373e-29
0.07027717930583655,6.008125641681494e-38,1.5643308870494366e-14,-2.2140863216909185e-15,2.5908105290758006e-14,-9.149516699835658e-14,8.89269317905228e-14,8.373644000414516e-14,-1.8762646991632436e-12,-3.880510727564494e-15,1.880803710017107e-18,-7.471269696662786e-14,0.0,0.0,-9.262184273519024e-17,3.5961811105641635e-14,-3.69545663910945e-14,-6.04903497083975e-17,4.7123284481888174e-14,-1.490048394747498e-12,2.986966420529884e-12,0.0,-1.0247042104752881e-12,1.7979174840173897e-12,-1.4052692899630686e-11,6.502006873556335e-14,-1.0056523316650851e-13,4.440892098500626e-15,-2.2497951821933808e-10,1.391949056017694e-12,1.7478415524236524e-32,6.699845139416468e-33,5.6616919591827155e-37,3.788735394903086e-24,2.2348037019139892e-10,1.191849086280414e-42,1.0243756191544356e-12,1.4052035716988981e-11,-1.3936999702461132e-12,-1.318944953254686e-12,6.008125641681494e-38,1.585741908153674e-14,-2.2140826209475034e-15,2.5908112692244837e-14,-9.17566467251163e-14,8.892693109663341e-14,8.373652438109502e-14,-1.8762647916818292e-12,-2.5579538487363606e-17,-6.519955301579709e-12,1.0265239325235599e-12,1.0758130081223171e-13,8.380129035145956e-14,-1.6499683101282397e-12,5.890919212385147e-11,1.6283598234442013e-45,-4.9426393538500795e-12,-5.420840281285718e-13,1.2225169354647096e-23,1.0572870558217305e-30,2.4989830789667086e-35,-1.7065964641460595e-12,3.552820260210865e-13,-2.149339313935646e-12,-1.243385838733957e-12,1.2848850317048744e-12,-1.924082084769907e-12,1.552252141638159e-10,-9.02768230541066e-15,5.909086515506108e-10,-4.005232767667622e-12,1.9738408907343797e-12,-1.9204416901175137e-12,1.4399217077946484e-10,8.998991797215786e-10,7.604068774174654e-43,5.310536455558713e-12,-8.916376896076864e-12,2.4763079861549937e-21,3.4981044685330647e-28
0.07522863565987976,4.336737431443861e-37,1.3460521586239339e-14,-1.6679657655060964e-15,2.38178587963489e-14,-9.840732673183084e-14,9.603207465347375e-14,8.380225402504494e-14,-1.7083739053032806e-12,-7.761021455128988e-15,1.8136960634184698e-18,-6.668613144328317e-14,0.0,0.0,1.2902005852577503e-16,4.2575953787618635e-14,-4.393311111730977e-14,1.9394479511963825e-16,5.549953603785872e-14,-1.4398043480981828e-12,2.9094031013903515e-12,0.0,-1.2089657054447023e-12,1.4327848034879812e-12,-1.2823698770819742e-11,1.0288924051344114e-13,-8.499424641779052e-14,-2.4868995751603507e-14,-2.1760247350780553e-10,1.3415363293624767e-12,1.1607595632381335e-31,4.449423532726204e-32,4.404430668878482e-36,1.0452291067447636e-23,2.1613041459892798e-10,1.0016031180862543e-41,1.2089031166216827e-12,1.2823057235383793e-11,-1.3438139490062895e-12,-1.2770525377921633e-12,4.336737431443861e-37,1.3590077211726263e-14,-1.6679639151343886e-15,2.381786619783573e-14,-9.879954632197041e-14,9.603207395958435e-14,8.38023606064553e-14,-1.708373997821866e-12,-4.7369515717340015e-17,-5.9111698647029694e-12,1.0085159374284558e-12,1.1811606762113235e-13,8.388119532298787e-14,-1.496710718325763e-12,6.370214473810533e-11,1.5037657350897865e-44,-5.008232440374517e-12,-5.753774193206773e-13,3.19732673099342e-23,5.0812255687777715e-30,1.6592396030651533e-34,-1.5154341781453695e-12,3.3407729915779784e-13,-1.956866668706425e-12,-1.218595002683287e-12,1.2261624271481253e-12,-1.7063869961475576e-12,1.40918431553357e-10,1.9563420513198556e-13,5.376719248791535e-10,-3.8731741369701925e-12,1.9701260067783722e-12,-1.7027468857122585e-12,1.306668543736104e-10,8.76187139638195e-10,6.474905044406871e-42,6.839706579571188e-12,-9.475480585348825e-12,5.952280409449146e-21,1.543287382395152e-27
0.08052895234480373,3.0363891082418905e-36,1.115646834174792e-14,-1.1251185168722108e-15,2.2049095882437085e-14,-1.0568328434601426e-13,1.0337777023305961e-13,8.430333764408715e-14,-1.5600868745006362e-12,-1.1641532182693482e-14,1.761570312074393e-18,-6.302040775803726e-14,0.0,0.0,-5.018307198361478e-17,5.020305016321107e-14,-5.122886242198937e-14,1.827287236452757e-16,6.505792303804995e-14,-1.3922261276649732e-12,2.8179404364695743e-12,0.0,-1.4603224186910226e-12,1.0923157865421052e-12,-1.1727267769164105e-11,1.4597996431018764e-13,-6.967969658994981e-14,-5.684341886080802e-14,-2.1023493023983256e-10,1.3020045111500345e-12,7.476394435390707e-31,2.865842642458752e-31,3.3219544426367154e-35,2.855833265150461e-23,2.0880665897888117e-10,8.159816411470698e-41,1.4602911242795128e-12,1.1726469761670606e-11,-1.3041419795930171e-12,-1.2410813117943083e-12,3.0363891082418905e-36,1.1416053287878943e-14,-1.125116666500503e-15,2.2049103283923916e-14,-1.0606981959426776e-13,1.0337777023305961e-13,8.43034886344185e-14,-1.5600869670192214e-12,-6.063298011819522e-17,-5.3894230707859e-12,9.897803465719336e-13,1.2942023980277995e-13,8.439758225620153e-14,-1.361899667114604e-12,6.872944760151393e-11,1.3491436905124698e-43,-5.097484102000328e-12,-6.102601063373569e-13,8.232731721785765e-23,2.376182397659476e-29,1.0684549720483307e-33,-1.4145373465150138e-12,3.16705595082567e-13,-1.789955443124806e-12,-1.1421690260249307e-12,1.1598735971674047e-12,-1.5231942995797e-12,1.2831761708742561e-10,-1.62413963759415e-13,4.912304575555027e-10,-3.7916834116913375e-12,1.9606926748849675e-12,-1.5195368519016482e-12,1.1893479867630673e-10,8.489242706732387e-10,5.356043955117213e-41,8.921661188491906e-12,-9.999834293950016e-12,1.4084565643417873e-20,6.624231899223227e-27
0.08620270870085896,2.0625680703512317e-35,9.216212977965672e-15,-5.68149231365093e-16,2.0533167758666575e-14,-1.1314114090055227e-13,1.1092788979039092e-13,8.51390424827514e-14,-1.4251995879751197e-12,-9.701276818911234e-15,1.7225147037258307e-18,-6.285871707404726e-14,0.0,0.0,7.992118871464576e-17,5.896783248916102e-14,-6.026924990822279e-14,-1.0877258295460824e-17,7.591295518897482e-14,-1.3479140284553703e-12,2.713680605524899e-12,0.0,-1.8063134323428302e-12,7.582699475586056e-13,-1.072108985030259e-11,1.9608088077270827e-13,-5.390859674888237e-14,-9.325873406851315e-14,-2.0286160348447548e-10,1.271623720674094e-12,4.671319871940055e-30,1.7905987358070144e-30,2.4295337672773114e-34,7.714863597999981e-23,2.0149302123436402e-10,6.445255398365903e-40,1.8058909577874485e-12,1.0720291842809091e-11,-1.2739439133232129e-12,-1.210883245524504e-12,2.0625680703512317e-35,9.235634479409783e-15,-5.68149231365093e-16,2.0533175160153406e-14,-1.1356178220012225e-13,1.1092788979039092e-13,8.513919347308274e-14,-1.4251996804937051e-12,-8.147556703382482e-17,-4.9361309114222725e-12,9.702944225864486e-13,1.4152419028357066e-13,8.524988714952996e-14,-1.2396791001142068e-12,7.398377090225515e-11,1.1763158074001224e-42,-5.2190315963042006e-12,-6.461148167417422e-13,2.087317343932141e-22,1.0815343333712102e-28,6.674083821116194e-33,-1.3095525256782518e-12,3.0223705020186266e-13,-1.6416154361801697e-12,-1.0638856906552974e-12,1.0867163058314589e-12,-1.3634101492243645e-12,1.168814596959796e-10,-1.586082968666839e-13,4.495634736182789e-10,-3.7109202821739014e-12,1.945955696580626e-12,-1.3597227166428638e-12,1.082907193546608e-10,8.183887805161537e-10,4.305474417007327e-40,1.1758687358319896e-11,-1.0544227528145692e-11,3.281193634217804e-20,2.7669823215392946e-26
0.09227621583288409,1.3595619212430132e-34,6.669627813001474e-15,2.5276077527299396e-17,1.9196792303925274e-14,-1.2059899745509028e-13,1.1863558815883301e-13,8.619686298061425e-14,-1.296880010788944e-12,-1.1641532182693482e-14,1.6946649111355246e-18,-6.568523213771697e-14,0.0,0.0,1.0377363650932686e-16,6.900043588236696e-14,-7.02612571298492e-14,-1.9361140295159895e-16,8.81772485702894e-14,-1.3061725473827266e-12,2.5984653654793298e-12,0.0,-2.283115086105397e-12,4.110408487514436e-13,-9.752089692314658e-12,2.546263374691658e-13,-3.6906868623952953e-14,-1.3624656958199922e-13,-1.954539889110556e-10,1.2493057080740593e-12,2.8318336444410715e-29,1.0854874235704372e-29,1.7232151826308817e-33,2.058443776728123e-22,1.941588669556389e-10,4.9367329778909725e-39,2.282473550669447e-12,9.75126039040965e-12,-1.2511473338842431e-12,-1.1855701605630504e-12,1.3595619212430132e-34,6.935844491332924e-15,2.5276077527299396e-17,1.9196799705412105e-14,-1.2120722203690092e-13,1.1863558815883301e-13,8.619704061629818e-14,-1.2968801033075294e-12,-1.0894988614988202e-16,-4.531921149464324e-12,9.499672160018235e-13,1.5445394338509111e-13,8.632585313250729e-14,-1.1236250818669191e-12,7.94532576036587e-11,9.970358134840814e-42,-5.386143753766271e-12,-6.823534792754771e-13,5.211567386988266e-22,4.7923955660776015e-28,4.0448072643935185e-32,-1.1827680168607913e-12,2.8970639220915475e-13,-1.5044484769077827e-12,-9.629502528696321e-13,1.0078053613860049e-12,-1.2161417828338018e-12,1.0601557576261911e-10,1.1117056904671093e-13,4.105725868915518e-10,-3.649074642453343e-12,1.92666361753524e-12,-1.2124172599214945e-12,9.818075463741138e-11,7.850392235500354e-10,3.364332787237403e-39,1.5683256916934753e-11,-1.1155456188423804e-11,7.526248004886878e-20,1.1250023184209072e-25
0.09877763862369399,8.69788020701107e-34,4.2443086082736655e-15,6.888600800891709e-16,1.793978299247101e-14,-1.2842065189033746e-13,1.264363017061676e-13,8.732850886872257e-14,-1.1663815283983562e-12,-1.1641532182693482e-14,1.6724333292656784e-18,-7.115709208203406e-14,0.0,0.0,2.7879484435341545e-17,8.044393086287901e-14,-8.183929724379726e-14,5.160802341031001e-17,1.0196723023228604e-13,-1.2649442217197206e-12,2.4755986837764943e-12,0.0,-2.9347899113844526e-12,2.8793303464870154e-14,-8.749541925188274e-12,3.2188426223716374e-13,-1.7840565045944694e-14,-1.8953727476400673e-13,-1.8795425164573191e-10,1.23081420634145e-12,1.6659321016415504e-28,6.385760021290949e-29,1.1855172200626521e-32,5.421158879900971e-22,1.8674112159711929e-10,3.6673496780039916e-38,2.9339449622736893e-12,8.748556151225718e-12,-1.2327916465437738e-12,-1.161589343231147e-12,8.69788020701107e-34,4.366995653981576e-15,6.888674815760017e-16,1.793979039395784e-14,-1.2894929568574298e-13,1.26436302400057e-13,8.732866874083811e-14,-1.1663816209169416e-12,-1.2410813117943082e-16,-4.151661414653063e-12,9.287759894505144e-13,1.6822530868321195e-13,8.747740309900109e-14,-1.0055506427519844e-12,8.511841425494332e-11,8.217803094905854e-41,-5.61384189191122e-12,-7.185733489715555e-13,1.2814909870079998e-21,2.067792468952844e-27,2.3787813741597998e-31,-1.0749045505538865e-12,2.7770585830921844e-13,-1.3689640828336754e-12,-8.902475201466587e-13,9.250562982288102e-13,-1.0683325513127785e-12,9.496045486982277e-11,-1.4891459917028746e-13,3.716229305913051e-10,-3.555396688170731e-12,1.904229218752107e-12,-1.0645727854807774e-12,8.789803588686121e-11,7.496893416136538e-10,2.556296985853477e-38,2.1045867273245693e-11,-1.1868945641128429e-11,1.699790256689361e-19,4.45302489109074e-25
0.1057371263440564,5.401641615247179e-33,1.2126596023639043e-15,1.473969094926512e-15,1.6623162106081207e-14,-1.3624230632558464e-13,1.3423665651268735e-13,8.83478801227966e-14,-1.0232240980438216e-12,-1.3581787546475728e-14,1.647699388179424e-18,-7.885825239334343e-14,0.0,0.0,-4.863421173720692e-17,9.346822225702808e-14,-9.468616367160264e-14,-3.4403090185680663e-16,1.1741889402515187e-13,-1.2221570654727205e-12,2.3510435967230506e-12,0.0,-3.8020206431426735e-12,-4.081871896018982e-13,-7.627699861386719e-12,3.9499463924981876e-13,3.91253490148864e-15,-2.5561774918969605e-13,-1.8024568917521827e-10,1.2104333016229225e-12,9.512127285971697e-28,3.646120488256046e-28,7.911939873038039e-32,1.4086246114924712e-21,1.79114797928937e-10,2.6426938200229185e-37,3.801050516385871e-12,7.626886206687466e-12,-1.2126596023639042e-12,-1.1339077824838266e-12,5.401641615247179e-33,1.3542944543587509e-15,1.4739838979001736e-15,1.6623169507568035e-14,-1.366970536764711e-13,1.3423665720657673e-13,8.834808440383313e-14,-1.023224190562407e-12,-1.4021376652332643e-16,-3.762852429645136e-12,9.066525308298878e-13,1.8283444480626797e-13,8.85187834143153e-14,-8.756835997066522e-13,9.094722875319224e-11,6.588400248973976e-40,-5.915895551803337e-12,-7.550621008064103e-13,3.103452909132919e-21,8.689127052107329e-27,1.3577821571723878e-30,-9.891046204302257e-13,2.6451492847930545e-13,-1.223434509256549e-12,-8.104791504592868e-13,8.418299779489047e-13,-9.045785986927513e-13,8.28070193896006e-11,-7.395328793791122e-15,3.294791288984319e-10,-3.4626282285898923e-12,1.8812863045170046e-12,-9.007975165786775e-13,7.659726408704159e-11,7.137882404003309e-10,1.889178519688055e-37,2.8195012993825297e-11,-1.2691907709990366e-11,3.7798536198876564e-19,1.7162089351725746e-24
0.11318695246493872,3.2568776934801975e-32,-2.4253192047278086e-15,2.41326958416721e-15,1.535318538969932e-14,-1.4370016288012266e-13,1.4197315892361395e-13,8.933835893287778e-14,-8.740139167962013e-13,-1.5522042910257976e-14,1.6166259348785633e-18,-8.878686992795186e-14,0.0,0.0,-2.1900883884207192e-16,1.0821333429137185e-13,-1.0943626957019401e-13,-7.85314738585563e-17,1.346210510145933e-13,-1.1766298529818055e-12,2.227109404518385e-12,0.0,-4.95766067137476e-12,-9.157507609033704e-13,-6.4281224793949416e-12,4.724049111892418e-13,2.8277434650139105e-14,-3.3928415632544784e-13,-1.723028954656488e-10,1.1858911566862511e-12,5.2721458532424146e-27,2.0208712920644132e-27,5.122847424888961e-31,3.610672724608866e-21,1.7125029753435122e-10,1.8475198151724483e-36,4.956847016675506e-12,6.42705846940361e-12,-1.1880866660855343e-12,-1.0994168538521383e-12,3.2568776934801975e-32,-2.142996891052462e-15,2.4132880878842874e-15,1.535319279118615e-14,-1.443709152226802e-13,1.4197316031139274e-13,8.933853656856173e-14,-8.740140093147867e-13,-1.4495071809506045e-16,-3.403420123504475e-12,8.834831533022225e-13,1.9830797698405789e-13,8.953355390417528e-14,-7.401903164468612e-13,9.692073613314833e-11,5.139105427296214e-39,-6.3182165061726965e-12,-7.914704771202116e-13,7.402099257641621e-21,3.5564382355143236e-26,7.52284336338084e-30,-7.62886524322918e-13,2.525277172556647e-13,-1.0770975222840206e-12,-7.349598263317603e-13,7.595270135052346e-13,-7.32916518586535e-13,7.012385450089198e-11,1.3727306698759397e-13,2.8644183961053687e-10,-3.3593096304684877e-12,1.8587413941340004e-12,-7.291234283002268e-13,6.480739870677136e-11,6.779174250383542e-10,1.3582498411703967e-36,3.771352119863117e-11,-1.3651390203447042e-11,8.275421919172238e-19,6.44074401798916e-24
0.1211616643203812,1.9069684683313642e-31,-6.427095892528693e-15,3.497520791502969e-15,1.484986948222892e-14,-1.5133991837501525e-13,1.497483255452625e-13,9.09406505655852e-14,-7.575221006028699e-13,-1.746229827404022e-14,1.6071039831205946e-18,-1.0384361917812705e-13,0.0,0.0,-3.7792190012351873e-17,1.2480165596650617e-13,-1.262482182288035e-13,-2.4602173596954825e-16,1.5358029111693998e-13,-1.1370007003092116e-12,2.0875434627448675e-12,0.0,-6.7438205027053105e-12,-1.5756095637674058e-12,-5.42407258051609e-12,5.746998634934851e-13,5.726473901761073e-14,-4.563460720419243e-13,-1.6454744543669983e-10,1.1758789110240715e-12,2.837068147710223e-26,1.0874734594516791e-26,3.218757671178678e-30,9.13416264656962e-21,1.635950289964121e-10,1.253469048746788e-35,6.742959906388792e-12,5.422867745672964e-12,-1.1780206439955994e-12,-1.0741037688906847e-12,1.9069684683313642e-31,-6.074666695591683e-15,3.4975429959634613e-15,1.484986948222892e-14,-1.5210730452963616e-13,1.497483269330413e-13,9.094081043770074e-14,-7.575221931214553e-13,-1.2031856992204364e-16,-3.282427011678616e-12,8.595407052780502e-13,2.1482335077482873e-13,9.116228660843717e-14,-6.351436043772196e-13,1.0309470815798829e-10,3.901743597992876e-38,-6.9380962093578445e-12,-8.202261208197411e-13,1.738705306924158e-20,1.417987439072987e-25,4.0466176458439994e-29,-6.910198635523556e-13,2.502282825389557e-13,-9.833883041210356e-13,-6.456588153014308e-13,6.695089760366812e-13,-6.074616720752602e-13,6.023977150437787e-11,-1.9363142200745643e-13,2.568505199936529e-10,-3.2667230698280037e-12,1.8287419023543806e-12,-6.036263044961743e-13,5.562134974823607e-11,6.381707630043457e-10,9.503502287773912e-36,5.241338252828351e-11,-1.5032456760858775e-11,1.783582809657246e-18,2.3538341145786433e-23
0.12969824331503332,1.0845440110293557e-30,-1.1399000262220701e-14,4.899132951171244e-15,1.544597042861066e-14,-1.5934347175061702e-13,1.5759437643758645e-13,9.327473904363615e-14,-6.801439966785949e-13,-1.940255363782247e-14,1.6346944545888654e-18,-1.2799465625111065e-13,0.0,0.0,-1.70374627104865e-18,1.4376259194981794e-13,-1.451220096474312e-13,-2.212314532956672e-17,1.7462880100294064e-13,-1.107765365226168e-12,1.9225541650847537e-12,0.0,-9.735065532453354e-12,-2.5664439304607265e-12,-4.6174278294407466e-12,7.25611111931409e-13,9.7245427865832e-14,-6.3860028376439e-13,-1.5727615592304786e-10,1.192819786809592e-12,1.4824968737547923e-25,5.682508623883371e-26,1.9629306547770743e-29,2.280387763090672e-20,1.56459209283512e-10,8.255922842760108e-35,9.734236230548345e-12,4.616285583420641e-12,-1.1951920934431353e-12,-1.0669983415330837e-12,1.0845440110293557e-30,-1.103946563792609e-14,4.899169958605398e-15,1.544597783009749e-14,-1.5991190593922512e-13,1.5759437782536522e-13,9.327492556110429e-14,-6.801440891971803e-13,-3.221127068779121e-17,-3.5282937460578978e-12,8.348251867573709e-13,2.3251186254125144e-13,9.35251698308548e-14,-5.664343068663887e-13,1.0949920072734171e-10,2.8845806681382245e-37,-7.974817473852877e-12,-8.310441455365117e-13,4.0217945888698584e-20,5.507699413776085e-25,2.113626001728705e-28,-5.62806216445703e-13,2.57546991141074e-13,-9.622629211965735e-13,-5.440455197458505e-13,5.665118540942871e-13,-5.373917133510985e-13,5.369232743597981e-11,5.911336605398295e-14,2.4498343312491976e-10,-3.181412466801703e-12,1.786266656811364e-12,-5.334741359774852e-13,4.953587096068191e-11,5.920436750669566e-10,6.473426221520886e-35,7.697223525996782e-11,-1.7218231470235896e-11,3.7836803509532565e-18,8.376900880234464e-23
0.13883627641928936,5.98917310120402e-30,-1.8068628075222175e-14,7.0745557560295916e-15,1.544909385605327e-14,-1.6643753042444586e-13,1.6493486576507622e-13,9.496115893625756e-14,-5.65876049722173e-13,-1.940255363782247e-14,1.613092908618914e-18,-1.5292707782980455e-13,0.0,0.0,1.2561256598367774e-16,1.6538437363771658e-13,-1.6716786685070215e-13,-1.7363768842898476e-16,1.9792815932236086e-13,-1.0633386935823378e-12,1.7877327424460407e-12,0.0,-1.3420670964779753e-11,-3.7722469444422244e-12,-3.4093383675183173e-12,8.510262776640203e-13,1.4361274378173664e-13,-8.659739592076221e-13,-1.491776211603496e-10,1.174720188022264e-12,7.520309835873917e-25,2.882565601373923e-25,1.1613534376314492e-28,5.60912679798742e-20,1.4845120610820838e-10,5.276535187187068e-34,1.3419747779640216e-11,3.4083212991442507e-12,-1.1766883763660492e-12,-1.023773658441011e-12,5.98917310120402e-30,-1.7668355667410652e-14,7.074585361976915e-15,1.5449101257540102e-14,-1.6720491657906678e-13,1.6493486854063378e-13,9.496135433550989e-14,-5.658761422407584e-13,1.3263464400855205e-16,-3.758577804546803e-12,8.088136382866651e-13,2.5096769246113484e-13,9.524386612724812e-14,-4.634663023731871e-13,1.1588538994690326e-10,2.0752572181187168e-36,-9.250878397574485e-12,-8.45457962898403e-13,9.159477960755245e-20,2.083738786483773e-24,1.0716792145284469e-27,-4.143728915551037e-13,2.58359615183205e-13,-9.093466720363116e-13,-4.564441269394592e-13,4.811755160982756e-13,-4.117705998396559e-13,4.3988710266932663e-11,-2.2127248181883866e-13,2.2405923421805105e-10,-3.0731825972907245e-12,1.7574985800017373e-12,-4.078177795463489e-13,4.052150244978255e-11,5.532207960468566e-10,4.2902729563470025e-34,1.0726222133790189e-10,-1.9448493741395605e-11,7.898735806166313e-18,2.9025430335215723e-22
0.1486181397473029,3.211965264753507e-29,-2.7042309132715067e-14,1.0430389885129898e-14,1.498024667275407e-14,-1.7316779121756555e-13,1.7173975991324752e-13,9.635677145070076e-14,-4.3929702468285354e-13,-1.5522042910257976e-14,1.5474536454709936e-18,-1.7888663640663882e-13,0.0,0.0,-1.70374627104865e-18,1.8968560368879435e-13,-1.911169635247591e-13,1.1484411512052706e-16,2.2348849116823888e-13,-1.0064349224815285e-12,1.6800485471885838e-12,0.0,-1.8085541122069282e-11,-5.266831365009446e-12,-1.9157186949809196e-12,9.46361523989808e-13,1.984722138897151e-13,-1.155697759713803e-12,-1.4037969753041771e-10,1.1253394049948184e-12,3.703655720276643e-24,1.4196161022891298e-24,6.667059269430829e-28,1.3599825799148535e-19,1.397040977734007e-10,3.273468789301033e-33,1.8084398876049176e-11,1.914529507343549e-12,-1.127542503809309e-12,-9.485745522397337e-13,3.211965264753507e-29,-2.635450376449929e-14,1.0430426892564052e-14,1.49802540742409e-14,-1.7394086171407253e-13,1.717397613010263e-13,9.63569490863847e-14,-4.392971172014389e-13,4.234834705130197e-16,-4.117282514926046e-12,7.817106961738319e-13,2.702661205944423e-13,9.667543210412078e-14,-3.4928689570297897e-13,1.2224813296670277e-10,1.4533859137938156e-35,-1.086567003147764e-11,-8.629925477935766e-13,2.0535278124786248e-19,7.678249497666872e-24,5.275156141036101e-27,-1.7103758409575676e-13,2.543827074911557e-13,-8.561464426293242e-13,-3.875371135109162e-13,4.1189753274828433e-13,-2.6522286589170107e-13,3.3233740019215456e-11,2.2180302039487287e-14,2.032888005487621e-10,-2.9414877644740045e-12,1.7406002195130555e-12,-2.612593164030841e-13,3.053440981541181e-11,5.209442438148985e-10,2.767222472025613e-33,1.4549247585938208e-10,-2.1753871852029743e-11,1.6222131625181032e-17,9.790242536862666e-22
0.15908919506919392,1.6734127043286439e-28,-4.0624096679190795e-14,1.623510215154056e-14,1.5698775612804637e-14,-1.7971615307033062e-13,1.7852152950359467e-13,9.862317185138637e-14,-3.6625323144671523e-13,-1.940255363782247e-14,1.5454806818466191e-18,-2.2574209573393103e-13,0.0,0.0,-6.737542071874206e-17,2.1680803548686844e-13,-2.1792091940499502e-13,2.6793346187548028e-17,2.5131915862633415e-13,-9.670752570838072e-13,1.5329244933936478e-12,0.0,-2.6608887040865077e-11,-7.904901357763475e-12,-3.5925984413194195e-13,1.1300699880308232e-12,2.9509212025673697e-13,-1.6608936448392342e-12,-1.3257364198685792e-10,1.1201605326175794e-12,1.7711924054414027e-23,6.788948862356405e-24,3.7151395307138696e-27,3.252961477944773e-19,1.3200605337508834e-10,1.9725064124229695e-32,2.6607885619696763e-11,3.581958341406104e-13,-1.1225094927643415e-12,-8.967641444238931e-13,1.6734127043286439e-28,-4.013476958183067e-14,1.6235124356001052e-14,1.5698783014291468e-14,-1.8067680684907828e-13,1.7852153227915223e-13,9.862331395993351e-14,-3.662533239653006e-13,1.0970779840135948e-15,-5.374325458736469e-12,7.543349056504667e-13,2.9098916609626715e-13,9.898121433593587e-14,-2.854028124943397e-13,1.2883465289435888e-10,9.91566303588077e-35,-1.3811350398067486e-11,-8.330795544149913e-13,4.531238370169065e-19,2.755484853245557e-23,2.5213014017640208e-26,2.4825415797143552e-14,2.660600036582158e-13,-9.354981974259621e-13,-2.8984885602767463e-13,3.2310087383358164e-13,-1.9735132639198129e-13,2.7001034556365748e-11,2.2290578272077256e-13,2.1650436489532392e-10,-2.834167389664799e-12,1.7039387345541002e-12,-1.9332148326611787e-13,2.4744661875075736e-11,4.791586120126708e-10,1.7379922113543007e-32,2.1548580699738333e-10,-2.59617050080152e-11,3.276656875042945e-17,3.2140149221706493e-21
0.17029800016874014,8.465337871466511e-28,-6.063298011819522e-14,2.613780303306612e-14,1.4850890887411577e-14,-1.8590071704238653e-13,1.846300196062245e-13,1.0070182909771574e-13,-2.977155559117743e-13,-1.5522042910257976e-14,1.5107342708991522e-18,-2.7889658898300196e-13,0.0,0.0,-4.801466763864377e-17,2.471491900644147e-13,-2.482141476483386e-13,6.475397475169675e-17,2.8184911137841064e-13,-9.188693088067326e-13,1.4080906150978512e-12,0.0,-3.811872123885943e-11,-1.1439451110608205e-11,1.6932780179696093e-12,1.2831244758038827e-12,4.30529688006731e-13,-2.346567384847731e-12,-1.2433485765509538e-10,1.0923428683575394e-12,8.22117218426741e-23,3.1511322328890917e-23,2.0082633186457458e-26,7.666522746427346e-19,1.238436001036613e-10,1.1538775731311745e-31,3.811768852327961e-11,-1.6942637919321665e-12,-1.0945318725437876e-12,-8.15791878494565e-13,8.465337871466511e-28,-6.013844237410619e-14,2.613781783603978e-14,1.4850898288898405e-14,-1.8675905266718473e-13,1.8463002099400328e-13,1.007019534426945e-13,-2.9771564843035964e-13,2.2642628512888525e-15,-7.182158393940578e-12,7.264588930411264e-13,3.1269307143588777e-13,1.0110401404972435e-13,-2.268483549154136e-13,1.3536722292191213e-10,6.584779063519901e-34,-1.778799385743457e-11,-7.93909498327435e-13,9.83770540269307e-19,9.626864350929773e-23,1.1695632310156527e-25,3.271229805553351e-13,2.625595148704936e-13,-1.0564055704283723e-12,-2.275754695801879e-13,2.4845387414096363e-13,-1.3144983768142992e-13,2.1244289290696845e-11,3.066512969477723e-14,2.442388601290683e-10,-2.6944690034724773e-12,1.6761583121471802e-12,-1.2736322219097927e-13,1.940501167159899e-11,4.427852787267805e-10,1.0621156072088762e-31,3.0999292691449483e-10,-3.0711410266744586e-11,6.506771915982105e-17,1.0264842567549956e-20
0.18229653402205231,4.154856704155484e-27,-8.306718276192745e-14,4.0137996630088916e-14,8.537437423683513e-15,-1.9063008949160577e-13,1.8937805074115134e-13,1.0180240650470296e-13,-2.0075774376238088e-13,-1.746229827404022e-14,1.3266142063025051e-18,-3.020689167548829e-13,0.0,0.0,-8.147004896105362e-17,2.810230516445567e-13,-2.8199664825478976e-13,2.1371522173491142e-16,3.1500001717275906e-13,-8.280892121885454e-13,1.3781426314054327e-12,0.0,-4.7783061401300747e-11,-1.440418879585713e-11,4.4406769932336726e-12,1.2062039736289666e-12,5.600763272776043e-13,-2.9551472380262565e-12,-1.1390268573291525e-10,9.593882401478144e-13,3.7011223441370914e-22,1.4186065494584538e-22,1.0521135282573111e-25,1.7789761838515956e-18,1.133508524445482e-10,6.547076849105619e-31,4.778185656645762e-11,-4.4415375895501905e-12,-9.617491987986189e-13,-6.59916565837193e-13,4.154856704155484e-27,-8.245374753338789e-14,4.013801143306258e-14,8.537444825170344e-15,-1.914145286718849e-13,1.893780521289301e-13,1.0180253084968172e-13,-2.0075783628096626e-13,3.7109278612964165e-15,-8.54003398368756e-12,6.976733857300133e-13,3.348533589297986e-13,1.0225445379319354e-13,-1.4343433848059324e-13,1.4153519603091774e-10,4.250284372546361e-33,-2.113023700667598e-11,-8.380518501382994e-13,2.1008116204083942e-18,3.272706857245972e-22,5.261734443180499e-25,6.631121133674848e-13,1.996170340134995e-13,-1.0648259755422865e-12,-1.992432885344897e-13,2.2704652602456577e-13,-1.1872245408994787e-14,1.3379930496881797e-11,3.342393029015511e-15,2.556955829883615e-10,-2.544038579799235e-12,1.691054773989009e-12,-7.790248446326586e-15,1.2134739139450327e-11,4.293639087682175e-10,6.307829024768064e-31,3.887476918540581e-10,-3.27019476313121e-11,1.2697948218938675e-16,3.187617344840643e-20
0.19514043784146168,1.9815797378992188e-26,-1.319373647371928e-13,7.083775048026078e-14,-2.4096724615674247e-15,-1.9535946194082498e-13,1.9402879164465148e-13,1.0312229292708252e-13,-1.601898243682361e-13,-1.5522042910257976e-14,1.2912571981995385e-18,-3.8624124153637435e-13,0.0,0.0,-4.4235448637408586e-16,3.188903323377298e-13,-3.197442310920451e-13,-1.259626083993659e-16,3.524930130768822e-13,-7.812871796548195e-13,1.260923420142052e-12,0.0,-7.180815665027474e-11,-2.1727664436528423e-11,9.172392013508031e-12,1.3308490034533304e-12,8.984107230758894e-13,-4.387246121950739e-12,-1.0602805455322976e-10,9.315121012506051e-13,1.6177888615709353e-21,6.200767494590977e-22,5.352042826915801e-25,4.0715797763531575e-18,1.0554659294492214e-10,3.6129618012873e-30,7.180681099057982e-11,-9.173424729087852e-12,-9.33771578578065e-13,-5.474139660085106e-13,1.9815797378992188e-26,-1.3148593325240653e-13,7.083779488918177e-14,-2.409665060080594e-15,-1.961268480954459e-13,1.9402879303243025e-13,1.031223817449245e-13,-1.601899168868215e-13,7.366907084360718e-15,-1.2685632100328803e-11,6.707978172926233e-13,3.5896293160142533e-13,1.0363171654148573e-13,-1.179871015703308e-13,1.479880389743632e-10,2.6761561903282757e-32,-2.94267610308491e-11,-7.337359886339101e-13,4.411376341987469e-18,1.0826616719208577e-21,2.2982273471303066e-24,1.2858568728309668e-12,1.0162786168166349e-13,-1.3326290589551112e-12,-1.449691922061902e-13,1.6272949099338518e-13,1.3524470432457747e-14,1.054659859445195e-11,-1.9986146071460098e-13,3.484407595048348e-10,-2.4181645130738614e-12,1.6621616305556586e-12,1.7643344563111897e-14,9.551710533628466e-12,3.950964620069203e-10,3.650923215527357e-30,5.857192242916885e-10,-4.026113701686521e-11,2.434206965923809e-16,9.622749088706792e-20
0.20888927310242156,9.159963883807648e-26,-1.8311159995694955e-13,1.1029522480517547e-13,-2.6698288024817884e-14,-1.988155418075621e-13,1.9714347099242246e-13,1.0317048548813545e-13,-1.0054947615264117e-13,-9.701276818911234e-15,1.1051825058154286e-18,-4.1042682851858786e-13,0.0,0.0,-3.7885121627136345e-16,3.608369479058209e-13,-3.616154994493367e-13,-2.711047532300004e-17,3.9267658135527796e-13,-6.915527582109885e-13,1.2394900038922142e-12,0.0,-8.926468010099803e-11,-2.7028366134295018e-11,1.4573932617737098e-11,1.1073610027287004e-12,1.238871427443708e-12,-5.488232091011014e-12,-9.602757865364807e-11,7.968637324070235e-13,6.85143387352649e-21,2.6260292506582706e-21,2.635506137449812e-24,9.170700554199854e-18,9.547775118972813e-11,1.932587737849629e-29,8.926328749968584e-11,-1.4574980980522676e-11,-7.993605777301127e-13,-3.8887411809203815e-13,9.159963883807648e-26,-1.8275159163749776e-13,1.1029525441112279e-13,-2.6698280623331053e-14,-1.9925323613279034e-13,1.9714347238020126e-13,1.0317062759668261e-13,-1.0054956867122655e-13,1.1525003174028826e-14,-1.5554905985482036e-11,6.441950972657651e-13,3.836375772614531e-13,1.0374513692568144e-13,-7.918665723138929e-14,1.5401580204986283e-10,1.6356703336767078e-31,-3.546157534638949e-11,-7.905921288002086e-13,9.104625407013134e-18,3.4814268711435985e-21,9.725167002158464e-24,1.933373994233989e-12,-1.0554484693633033e-13,-1.3407439306926487e-12,-1.3393304243436432e-13,1.5258383445626578e-13,7.600753804126726e-14,6.962415458981279e-12,-5.0022208597511053e-14,4.093545915869375e-10,-2.301749191246927e-12,1.6755096865495035e-12,8.009827467958531e-14,6.338646644602856e-12,3.8403327675529636e-10,2.050986946456797e-29,7.284147308279751e-10,-4.229463076062719e-11,4.58176063289868e-16,2.8210421415714866e-19
0.22360679774997896,4.108238364587925e-25,-2.68967899804314e-13,1.8003056823090447e-13,-7.296390158728627e-14,-2.0063453121110796e-13,1.9910541826373418e-13,1.0120547955239089e-13,-4.028009407501069e-14,-1.940255363782247e-15,9.458749644632285e-19,-4.4887466139897914e-13,0.0,0.0,-1.5922283333072838e-16,4.078440190317288e-13,-4.0887927964052197e-13,-5.706698134877453e-17,4.388679415538721e-13,-6.117490235310285e-13,1.2088607252044085e-12,0.0,-1.1608937340363435e-10,-3.517308830286203e-11,2.4176685378327225e-11,8.121229233807812e-13,1.8477506560079994e-12,-7.170619653606991e-12,-8.689937658346025e-11,6.822923302729489e-13,2.813107843178779e-20,1.0781972590393011e-20,1.2579185855527469e-23,2.0347476768223127e-17,8.630045079723328e-11,1.0041163826842372e-28,1.1608777738864735e-10,-2.4177905860376104e-11,-6.846375318521799e-13,-2.3566334069376654e-13,4.108238364587925e-25,-2.6878126391238764e-13,1.800305978368518e-13,-7.29639089887731e-14,-2.0136212697252632e-13,1.9910541965151297e-13,1.0120562166093805e-13,-4.0280186593596075e-14,1.893454282253515e-14,-2.0071941738327344e-11,6.21321305516176e-13,4.0975858262015663e-13,1.0185834398157567e-13,-5.2479687262518836e-14,1.599074958364512e-10,9.72996899422886e-31,-4.472722470619658e-11,-8.18513081387214e-13,1.846340875376032e-17,1.0880050106302215e-20,3.9894236216708054e-23,2.989929252332028e-12,-6.039012845349135e-13,-1.3013746524848102e-12,-1.1806662314484128e-13,1.429355911408692e-13,1.3349499283776822e-13,4.697155997490654e-12,-1.60654659945673e-13,5.152071632134418e-10,-2.226079232059419e-12,1.680294614558875e-12,1.3747587956913775e-13,4.451735276707798e-12,3.710603400769065e-10,1.1206307373202277e-28,9.470139562376406e-10,-4.565228287993032e-11,8.464004975483663e-16,8.027965532370078e-19
0.23936126186567866,1.7827371950749337e-24,-3.349365821729104e-13,2.459977406961874e-13,-1.302633038472815e-13,-2.0190782379359007e-13,2.0034307823824094e-13,9.884352891731396e-14,2.5021466380318695e-14,3.880510727564494e-15,7.42469321748343e-19,-4.0619348885597334e-13,0.0,0.0,-5.424108582920338e-16,4.586390093972873e-13,-4.589979190378862e-13,-1.8121626161465842e-16,4.845974045219332e-13,-5.217515695973518e-13,1.2037207748446947e-12,0.0,-1.2364972769145207e-10,-3.741405323949005e-11,3.253141700790848e-11,2.8441987022534714e-13,2.3399682302653774e-12,-7.766765008909715e-12,-7.72558244767255e-11,5.367148421299891e-13,1.1172444905416698e-19,4.2820625718680933e-20,5.800406249933155e-23,4.443006240939432e-17,7.657204892762379e-11,5.049257802467447e-28,1.2364816297087659e-10,-3.253282525642642e-11,-5.389762710213594e-13,-1.3278267374516872e-13,1.7827371950749337e-24,-3.348489485688333e-13,2.459977258932137e-13,-1.3026331124876834e-13,-2.027263690251857e-13,2.003430796260197e-13,9.884370655299791e-14,2.502137386173331e-14,2.500163039561206e-14,-2.1089908841531725e-11,5.982201400911435e-13,4.3711367858634277e-13,9.958048607927594e-14,-2.2326399988041127e-14,1.6566761044396266e-10,5.603272198638975e-30,-4.73521999436345e-11,-1.0618068924106439e-12,3.6773684214223966e-17,3.300580728161709e-20,1.5828598354542438e-22,3.6846392011587644e-12,-1.28735789436026e-12,-8.139759681095408e-13,-1.2321237363721592e-13,1.475818134366591e-13,1.9664703643229586e-13,2.9019492364668055e-12,-2.905759780939358e-13,5.390567821450532e-10,-2.1636878955177963e-12,1.6937401037253608e-12,2.004955490519933e-13,3.0694195333561917e-12,3.642589718227822e-10,5.929000165644431e-28,1.006718686292404e-09,-4.157565032987994e-11,1.5339271803516655e-15,2.2152762668690795e-18
0.256225724166006,7.487887006345422e-24,-3.827153705060482e-13,3.048233813511085e-13,-1.9173308126359718e-13,-2.02817318495363e-13,2.0115199922399185e-13,9.64182689244808e-14,9.202361095361766e-14,7.761021455128988e-15,5.615635431486415e-19,-3.251717471675075e-13,0.0,0.0,-3.3331472502697226e-16,5.132961868513116e-13,-5.138746571122153e-13,-2.1088274355929304e-16,5.292364365760277e-13,-4.3974998061573555e-13,1.1848850313581201e-12,0.0,-1.1724614003068078e-10,-3.5376730818059574e-11,3.9864448690519384e-11,-2.710490884202161e-13,2.739629159656408e-12,-7.558043080280186e-12,-6.819206698024615e-11,4.0740580758517425e-13,4.2925413444636644e-19,1.645171793357559e-19,2.5853038524976303e-22,9.550184517363418e-17,6.744514104183386e-11,2.4604553009032918e-27,1.1724435624922472e-10,-3.986574740859704e-11,-4.0930222174514103e-13,-8.43769498715119e-14,7.487887006345422e-24,-3.8263815819542896e-13,3.048234109570558e-13,-1.9173308866508402e-13,-2.0362449504318646e-13,2.0115200061177064e-13,9.641849985086992e-14,9.202351843503227e-14,2.9585104736421876e-14,-1.958869688678533e-11,5.746642273152247e-13,4.660359043118234e-13,9.724477223471695e-14,9.659680462921945e-15,1.714259064157928e-10,3.128349115601176e-29,-4.516659824379348e-11,-1.4111165939449204e-12,7.191317933385038e-17,9.715703875618808e-20,6.074858069066384e-22,4.19437261219476e-12,-1.999454705507257e-12,-4.429097089087008e-14,-1.229778945344151e-13,1.454850351301218e-13,2.593690595631415e-13,1.4443929385876685e-12,-3.68982000509277e-13,5.033968288140993e-10,-2.1078449208289386e-12,1.6970958194306718e-12,2.6307560574423405e-13,2.036732264324807e-12,3.5424957541029333e-10,3.04094588030671e-27,9.511888810883334e-10,-3.4011316910979396e-11,2.7262942016249273e-15,5.924020957572371e-18
0.27427839080007704,3.046845512057903e-23,-4.662676171089213e-13,3.9705222813305833e-13,-2.809551776413362e-13,-2.0245352061465382e-13,2.0069061967831203e-13,9.075666440594432e-14,1.7828201877752766e-13,1.5522042910257976e-14,4.543230233170272e-19,-2.7485284014028277e-13,0.0,0.0,-6.119546833557469e-16,5.738468356251771e-13,-5.741439070204381e-13,-1.7542933251901704e-16,5.797401323110254e-13,-3.824831278571635e-13,1.1330018979500429e-12,0.0,-1.179445061179324e-10,-3.550894970668827e-11,5.137428288851374e-11,-7.895776836420073e-13,3.469509697248691e-12,-7.79873943201892e-12,-6.093337720696666e-11,3.3053298235015866e-13,1.5960756658522075e-18,6.117036034743815e-19,1.1150854938810632e-21,2.020342861276445e-16,6.018120514202377e-11,1.1645148602135204e-26,1.1794275363088785e-10,-5.137565984262017e-11,-3.324747884410802e-13,-5.743553780727477e-14,3.046845512057903e-23,-4.662429849607482e-13,3.97052242936032e-13,-2.809551776413362e-13,-2.034369117609458e-13,2.006906210660908e-13,9.075687756876505e-14,1.7828192625894228e-13,3.736791616878084e-14,-1.927279906036953e-11,5.574747774517164e-13,4.967340372363793e-13,9.169141890197352e-14,4.051795935803663e-14,1.7701403811735155e-10,1.6986246345975237e-28,-4.544098764391098e-11,-1.6913808316883678e-12,1.3804448068890664e-16,2.7741362282608294e-19,2.2560666866375677e-21,5.141026330572155e-12,-2.894933833393528e-12,8.903872602180248e-13,-1.1019807288903394e-13,1.3176190694075274e-13,3.2978292097141096e-13,3.98470885916898e-13,-3.3434541061675795e-13,4.99656501536568e-10,-2.081287675537169e-12,1.6788376244747383e-12,3.332041842440958e-13,1.5422500313870083e-12,3.3674624458421996e-10,1.5156022786707368e-26,9.54194146014438e-10,-2.9262934668021025e-11,4.750822647639761e-15,1.534285983366179e-17
0.29360297801769475,1.198291552575932e-22,-5.026474051798383e-13,4.521281423327158e-13,-3.4823774974768184e-13,-2.0227162167429923e-13,2.0023817048908654e-13,8.716927624163872e-14,2.518086665107925e-13,1.746229827404022e-14,3.705316952169368e-19,-2.0339950788465325e-13,0.0,0.0,-1.0806397939187663e-15,6.374512027402955e-13,-6.37426619424072e-13,-2.0700129978179495e-17,6.237380837520457e-13,-3.3268607507096045e-13,1.0666510698963032e-12,0.0,-1.0181837068931163e-10,-3.049247999043417e-11,5.894152194686362e-11,-1.179974244788202e-12,3.888486124193756e-12,-7.01909641520615e-12,-5.4150172717908035e-11,2.6974530826599324e-13,5.7325162348613335e-18,2.1969607390500254e-18,4.641641285664582e-21,4.2040604589761104e-16,5.3414490208164454e-11,5.33795874835649e-26,1.0181677467432464e-10,-5.894282066494128e-11,-2.7193062616485503e-13,-6.838973831690964e-14,1.198291552575932e-22,-5.025678243934332e-13,4.5212823115055774e-13,-3.4823774974768184e-13,-2.0312427295721136e-13,2.0023817187686531e-13,8.716952493159624e-14,2.5180857399220715e-13,4.058430628598823e-14,-1.6020324740869304e-11,5.372385203372687e-13,5.290208437980226e-13,8.821004371384333e-14,7.28539450989274e-14,1.8266536861910857e-10,8.93002551893624e-28,-3.991915132183843e-11,-2.034613218645139e-12,2.60054463852245e-16,7.675518521635789e-19,8.092201802599859e-21,5.458981415055556e-12,-3.733708335100042e-12,1.896178029407262e-12,-9.768115205588402e-14,1.079335010256699e-13,3.9031704091030406e-13,-6.789095211937972e-13,-5.301899363985285e-13,4.2327058811982474e-10,-2.0230800146237017e-12,1.6506173539099222e-12,3.935317494097035e-13,9.338937031107737e-13,3.158076319833403e-10,7.313945956178281e-26,8.185256118161968e-10,-2.2611514512623405e-11,8.115691915092845e-15,3.8449533251733344e-17
0.31428910038958396,4.555238875235601e-22,-5.079831074302395e-13,4.768124857908636e-13,-3.911400240734035e-13,-2.015440259128809e-13,1.9954799201915564e-13,8.542883733753115e-14,3.0757637177932414e-13,1.746229827404022e-14,3.1176299423688186e-19,-1.4344963295923977e-13,-1.3877787807814457e-16,-1.3877787807814457e-16,-3.405943681850892e-16,7.04529469780576e-13,-7.053088272154388e-13,-1.869245860527946e-16,6.620576753924717e-13,-2.914561357116977e-13,9.89048883369587e-13,0.0,-8.061139978561375e-11,-2.3929060034678263e-11,6.324412799651628e-11,-1.4124642174517861e-12,4.08435100018077e-12,-5.8976823424927714e-12,-4.797691959475044e-11,2.277437497847738e-13,1.9883570581793565e-17,7.620073796155407e-18,1.8649075329166805e-20,8.602290974546204e-16,4.7277596082215205e-11,2.3721584942087383e-25,8.060955341533468e-11,-6.324548930341695e-11,-2.297421512290991e-13,-8.644936618414552e-14,4.555238875235601e-22,-5.078348408460443e-13,4.768124857908636e-13,-3.911400240734035e-13,-2.0247057364031207e-13,1.995479934069344e-13,8.54289794460783e-14,3.0757627926073873e-13,4.0429881664749703e-14,-1.1969677871093154e-11,5.14955900143832e-13,5.628654875522443e-13,8.657540462309043e-14,1.0015728986919233e-13,1.883111060496398e-10,4.551149657358152e-27,-3.2654842166902935e-11,-2.3588931733857046e-12,4.807321207883978e-16,2.0569500662498196e-18,2.80270291735004e-20,5.443683429954641e-12,-4.237849537958027e-12,2.744588793272366e-12,-4.535536390903872e-14,7.713274741139032e-14,4.3177386999104784e-13,-1.6248994742322035e-12,-4.411807215850179e-13,3.2593573754032454e-10,-1.981970854103565e-12,1.6136534775057499e-12,4.3486075185228403e-13,3.441491536193553e-13,2.923242268403942e-10,3.420651707872945e-25,6.413902298804911e-10,-1.701285408846805e-11,1.3590497729578683e-14,9.318297374257704e-17
0.33643268638011187,1.6747025866393358e-21,-5.746793855602543e-13,5.5906538657761e-13,-4.832409805644033e-13,-1.9845174392685295e-13,1.9637257514526496e-13,7.69090036101261e-14,4.1314118792712405e-13,2.522331972916921e-14,2.756122374044529e-19,-1.1359865594492054e-13,-2.7755575615628914e-16,-2.7755575615628914e-16,-4.665167062180485e-16,7.794045492554372e-13,-7.800109764437886e-13,-4.2625408411267604e-17,7.096636592176381e-13,-2.6178671633559577e-13,9.193042125549214e-13,0.0,-7.132497093656418e-11,-2.102278666680689e-11,7.54105189479852e-11,-1.7793933927919264e-12,4.8634243967656624e-12,-5.558931093219144e-12,-4.330861251018241e-11,2.0183366696707727e-13,6.661008091995363e-17,2.5526455946292073e-17,7.237704271877968e-20,1.730267601333489e-15,4.264933287025775e-11,1.0242163936798424e-24,7.132312456628511e-11,-7.54118020188571e-11,-2.0413300679441212e-13,-9.059419880941277e-14,1.6747025866393358e-21,-5.746272790929652e-13,5.590654457895046e-13,-4.832409879658901e-13,-1.9956587493652479e-13,1.9637257514526496e-13,7.690921677294682e-14,4.131410954085387e-13,4.540936515695648e-14,-9.869351439798872e-12,5.079527909401804e-13,5.98271870932976e-13,7.819533465180939e-14,1.3556045175278086e-13,1.933564145358809e-10,2.2556448507450424e-26,-2.9521896041838745e-11,-2.617887388349042e-12,8.72048027878256e-16,5.337613483675265e-18,9.373705899382142e-20,6.126397048925962e-12,-5.2217756637181385e-12,3.910561948335574e-12,-3.936690973205259e-14,6.024286069994389e-14,5.193106744627584e-13,-2.767560255042175e-12,-7.963990356074646e-13,2.7913823335741956e-10,-1.9754224922508003e-12,1.5711857592748402e-12,5.219565935021819e-13,-1.2151465019390647e-13,2.715859514023941e-10,1.5540664406483392e-24,5.628547761767882e-10,-1.4167972350875857e-11,2.2312514584729518e-14,2.183045540365258e-16
0.36013642319964434,5.942664808500366e-21,-5.942032051583131e-13,5.93221175885598e-13,-5.352807826615921e-13,-1.9535946194082498e-13,1.9312838273055632e-13,7.166356397192431e-14,4.886964906821353e-13,2.3283064365386964e-14,2.4607678858919907e-19,-8.694455745639207e-14,-4.163336342344337e-16,-2.7755575615628914e-16,-1.144762608120052e-15,8.57212201999341e-13,-8.574093815890852e-13,3.6913831366613967e-16,7.473006371702673e-13,-2.3444586065794457e-13,8.49435022381446e-13,0.0,-5.61429253143696e-11,-1.6312040858144786e-11,8.327317725098713e-11,-1.991843084441159e-12,5.299234283251894e-12,-4.810374321095878e-12,-3.891212933266679e-11,1.7934832583175556e-13,2.151741529852841e-16,8.245633604998635e-17,2.706956154646182e-19,3.4200544806554914e-15,3.829542787532388e-11,4.286070164925646e-24,5.614107894409053e-11,-8.327458549950506e-11,-1.8148445709205893e-13,-9.444297196144665e-14,5.942664808500366e-21,-5.940127797051294e-13,5.93221087067756e-13,-5.352807900630789e-13,-1.9640538084786386e-13,1.9312838273055632e-13,7.16635994990611e-14,4.886963981635499e-13,4.522651882628755e-14,-6.894818701160451e-12,4.9822119763121e-13,6.351284997929696e-13,7.308269545092116e-14,1.6330307476645583e-13,1.9838116614550761e-10,1.083007533769324e-25,-2.4365077735615926e-11,-2.879823694327636e-12,1.5524327548417604e-15,1.3403460484441526e-17,3.022537661287425e-19,6.377125790398471e-12,-5.8753502803673045e-12,4.7679264980615695e-12,-3.2991920306812973e-14,4.054390712049383e-14,5.827902782584715e-13,-3.7469888303220955e-12,-6.173953200535227e-13,2.0809723840405543e-10,-1.9586877897381782e-12,1.5255398277957966e-12,5.851340745266498e-13,-6.175919035437498e-13,2.509702716964098e-10,6.837627697564985e-24,4.3591362746038655e-10,-1.1647988129581677e-11,3.5922839782066364e-14,4.94187518903333e-16
0.38551023299946646,2.034339106425366e-20,-5.624315235763788e-13,5.706224233866427e-13,-5.335402638214267e-13,-1.9226717995479703e-13,1.9019371633177683e-13,7.145697367150206e-14,5.152363720857996e-13,1.3581787546475728e-14,2.1810119561406714e-19,-6.858178666172925e-14,-9.71445146547012e-16,-5.551115123125783e-16,-8.898202115613175e-16,9.370993448296954e-13,-9.375040426513288e-13,-2.3748635436665612e-16,7.715607558238247e-13,-2.0869610948942187e-13,7.788401479585217e-13,0.0,-3.981112301330677e-11,-1.126126953302492e-11,8.46036904507357e-11,-2.0172295755842896e-12,5.2634373882861776e-12,-3.90123489069083e-12,-3.45782317507719e-11,1.5875733887227295e-13,6.699120057826917e-16,2.5670372824745155e-16,9.750995512004974e-19,6.641775710089435e-15,3.4006259533120955e-11,1.7383532508836442e-23,3.980912017097014e-11,-8.460512999366515e-11,-1.6120438317557273e-13,-9.237055564881302e-14,2.034339106425366e-20,-5.62333468678844e-13,5.706224233866427e-13,-5.335402638214267e-13,-1.933472049131524e-13,1.9019371633177683e-13,7.145679603581811e-14,5.152362795672142e-13,3.967102202295791e-14,-3.970368804099659e-12,4.815774445887655e-13,6.73371480797158e-13,7.299679083416776e-14,1.7525314532917946e-13,2.0349368508084123e-10,5.036380948087986e-25,-1.8819207305503886e-11,-3.1333755035056754e-12,2.7127724509025177e-15,3.2566931622678503e-17,9.39120978776477e-19,5.990096951791202e-12,-5.888584198032731e-12,5.0906905357805955e-12,1.3659473552252167e-14,1.626866696913254e-14,5.981014794542716e-13,-4.300560463299518e-12,-6.81120582157746e-13,1.348865528901418e-10,-1.9559593056328593e-12,1.4779172996526313e-12,6.003782004881942e-13,-1.0013700979527585e-12,2.3021526545562006e-10,2.91291773429011e-23,3.0019201794022497e-10,-9.872611987186511e-12,5.673528638899514e-14,1.0809705742321141e-15
0.4126717826175424,6.718138112667109e-20,-5.285983206704259e-13,5.410733194821659e-13,-5.228808423278035e-13,-1.8808350432664157e-13,1.8633851406324453e-13,7.10587855223821e-14,5.362756535139586e-13,7.761021455128988e-15,1.9465193495082533e-19,-5.902599011416616e-14,-2.3592239273284576e-15,-1.2490009027033011e-15,-1.12664094323708e-15,1.0214310970231418e-12,-1.0217223892336084e-12,-4.1362583930865117e-16,7.898602290886542e-13,-1.8640773679156917e-13,7.159931839722109e-13,0.0,-2.7873807154089215e-11,-7.5715752902447e-12,8.572415556043083e-11,-2.027433265149598e-12,5.213057297556917e-12,-3.2368774327551365e-12,-3.089766169015875e-11,1.4186181887763474e-13,2.009756351325917e-15,7.700780946016694e-16,3.3829452770858768e-18,1.2671053584172449e-14,3.0366534545309846e-11,6.838912330004731e-23,2.7871835606164098e-11,-8.572556380894877e-11,-1.4403293372803697e-13,-8.496906881797865e-14,6.718138112667109e-20,-5.284926866503762e-13,5.410733786940606e-13,-5.228808497292903e-13,-1.8933405954157933e-13,1.8633851406324453e-13,7.105853683242458e-14,5.362755609953733e-13,3.326855827860224e-14,-1.90084392670542e-12,4.682988219428808e-13,7.130080859063526e-13,7.272934254842766e-14,1.8186156284608993e-13,2.0836497417645363e-10,2.271285229788158e-24,-1.480150557823601e-11,-3.3778419875988655e-12,4.654509898943423e-15,7.657367281421974e-17,2.8110520025927558e-18,5.61137909471654e-12,-5.7967177724549404e-12,5.249830318613628e-12,2.445830205033417e-14,-2.4459961833755983e-15,6.087904580454051e-13,-4.70736634857379e-12,-6.118170858826488e-13,8.179825575401386e-11,-1.948137651197612e-12,1.4288019434260946e-12,6.109936379061765e-13,-1.2734346910292515e-12,2.117654565914837e-10,1.2025470208118166e-22,2.0145088932349018e-10,-8.904738058035377e-12,8.793820464003502e-14,2.2852432081689405e-15
0.4417470292389771,2.1392053117203158e-19,-4.895506814743082e-13,5.021920361040581e-13,-5.015503494002852e-13,-1.8335413187742233e-13,1.8169265536549518e-13,7.084633324438982e-14,5.495875976535558e-13,-1.940255363782247e-15,1.7458274106562836e-19,-5.4336309757152534e-14,-6.106226635438361e-15,-2.7755575615628914e-15,-1.3605188404446674e-15,1.1098612883146081e-12,-1.1099058180466922e-12,-3.9821932643763216e-16,7.995769031685779e-13,-1.6887815435479144e-13,6.610784069708302e-13,0.0,-1.9298387334541195e-11,-4.927895774227548e-12,8.626842796540842e-11,-2.01823613099199e-12,5.1187623459262385e-12,-2.7544189151740282e-12,-2.7860917707267768e-11,1.267926374425484e-13,5.807649182216917e-15,2.225176109303833e-15,1.129688520009327e-17,2.374696126455789e-14,2.736682489151064e-11,2.6089766486180934e-22,1.9297104263669293e-11,-8.626989880274938e-11,-1.2922996006636822e-13,-7.490304672804389e-14,2.1392053117203158e-19,-4.894819956765181e-13,5.021922729516367e-13,-5.015503642032589e-13,-1.8450805328029672e-13,1.8169265536549518e-13,7.08461200815691e-14,5.495875051349704e-13,2.5789859137148596e-14,-5.078618414700031e-13,4.575667844619602e-13,7.539944224532746e-13,7.265644086373869e-14,1.8323157805847739e-13,2.130264117560568e-10,9.928426875029927e-24,-1.1949958801467493e-11,-3.6239021043253197e-12,7.844249269953334e-15,1.7427733888101481e-16,8.102804929563427e-18,5.273729660378497e-12,-5.5855490899148206e-12,5.243250219185332e-12,6.019718057359568e-14,-1.6385190426682073e-14,6.133392105311942e-13,-4.97198652619583e-12,-4.125013219891116e-13,4.4290694252898294e-11,-1.9927028915844856e-12,1.378431790932666e-12,6.154795784141242e-13,-1.4529155656362037e-12,1.9566541539461138e-10,4.808610998987171e-22,1.3141149281174658e-10,-8.393138036429567e-12,1.3382515334195937e-13,4.671475531352969e-15
0.4728708045015879,6.56638969025715e-19,-4.457736698289712e-13,4.551144350273262e-13,-4.714253432069881e-13,-1.7771526472643017e-13,1.7627818094112513e-13,7.073204244534282e-14,5.570471861560123e-13,-1.1641532182693482e-14,1.5785501219655704e-19,-5.2114418105005576e-14,-1.6514567491299204e-14,-6.661338147750939e-15,-1.2036192974835508e-15,1.2022353037299965e-12,-1.2025301389582768e-12,6.159352541890151e-17,7.98069076102248e-13,-1.5514237181756857e-13,6.150098624207947e-13,0.0,-1.3281348244738342e-11,-3.088180936325037e-12,8.634754023770508e-11,-1.996092156510172e-12,4.989086128232708e-12,-2.41140440948584e-12,-2.5548968625476256e-11,1.1399666656243998e-13,1.616309567201346e-14,6.192357203052294e-15,3.629807496112071e-17,4.372248126710381e-14,2.5087054526774434e-11,9.649131783862349e-22,1.3280002585043422e-11,-8.634897978063452e-11,-1.1590728377086634e-13,-6.394884621840902e-14,6.56638969025715e-19,-4.4566993058955027e-13,4.551146126630101e-13,-4.714253580099618e-13,-1.788635017874185e-13,1.7627818094112513e-13,7.073190033679566e-14,5.570470936374269e-13,1.7267135869284782e-14,3.5931104018042486e-13,4.499270289670676e-13,7.962809134287596e-13,7.269104429497019e-14,1.8056593257635239e-13,2.1748636483474183e-10,4.205579909197574e-23,-9.98316762690266e-12,-3.8784045419681945e-12,1.2990269512214077e-14,3.841315065822086e-16,2.248764978707517e-17,4.8237969470695434e-12,-5.208718434346338e-12,5.105362295883727e-12,3.6963854199711935e-14,-2.565198331527796e-14,6.141661401670717e-13,-5.131053545011829e-12,-2.56538138880084e-13,1.890827358389894e-11,-2.0081643015146257e-12,1.3268866672078162e-12,6.162504462281504e-13,-1.5645499710596292e-12,1.8219309136304608e-10,1.861798693615586e-21,8.371480398621274e-11,-8.126666006802452e-12,2.000431189468687e-13,9.24042907343278e-15
0.5061874397552807,1.9427906612956057e-18,-3.9338677500685055e-13,3.965593187160721e-13,-4.288771708142273e-13,-1.713488018140197e-13,1.7036607680154247e-13,7.157069603636046e-14,5.525025807232946e-13,-1.940255363782247e-14,1.4300319109332056e-19,-5.0892160855890247e-14,-4.371503159461554e-14,-1.7208456881689926e-14,-1.1732616366539567e-15,1.297871615719758e-12,-1.2980093190760403e-12,2.2692080419578485e-16,7.802174759128505e-13,-1.4693834004839082e-13,5.773198431546972e-13,0.0,-9.089899944768326e-12,-1.837547210930281e-12,8.537278190799935e-11,-1.942447667480301e-12,4.772766442522633e-12,-2.156674838715844e-12,-2.3945290195115376e-11,1.0331217941324707e-13,4.3324736423334964e-14,1.6596958637174507e-14,1.1219455941303456e-16,7.910087438909356e-14,2.351271470805703e-11,3.458268755754051e-21,9.088710757130956e-12,-8.537431533416333e-11,-1.056932319443149e-13,-5.477100254817439e-14,1.9427906612956057e-18,-3.93382511750436e-13,3.9655940753391405e-13,-4.28877185617201e-13,-1.727016751829069e-13,1.7036607680154247e-13,7.157051840067651e-14,5.525024882047092e-13,7.563964269744853e-15,8.117543378223975e-13,4.426510713528842e-13,8.397951112293356e-13,7.368480936520427e-14,1.7278067865333923e-13,2.2184505847331752e-10,1.725345632282552e-22,-8.631249049681415e-12,-4.145681483288162e-12,2.114707038842401e-14,8.205414540422639e-16,6.008988870188364e-17,4.309972941503777e-12,-4.754078256989184e-12,4.8031066531469454e-12,4.3569059471337824e-14,-3.2186939225020694e-14,6.058878909698251e-13,-5.141561065791223e-12,-3.004060999955982e-13,2.643112869312366e-12,-2.064552973024547e-12,1.27433676944122e-12,6.079642389522633e-13,-1.6049724512375482e-12,1.7122886442066942e-10,6.976012346847174e-21,5.3056294918339834e-11,-7.988489499529313e-12,2.938380019320595e-13,1.7702758793935485e-14
0.5418514353747664,5.541399759268542e-18,-3.407573482642571e-13,3.3589528195913467e-13,-3.844902544495691e-13,-1.6443664208054541e-13,1.6366378530197068e-13,7.198597273827546e-14,5.490869795880352e-13,-3.104408582051595e-14,1.3157941324365697e-19,-4.988594895967887e-14,-1.1213252548714081e-13,-4.343747583845925e-14,-1.5290348352538429e-15,1.397181698369104e-12,-1.3972949781353756e-12,-1.56585898761219e-17,7.422358192475664e-13,-1.4460493526116992e-13,5.51913115903746e-13,0.0,-6.289425647583725e-12,-1.0592429723032766e-12,8.47541539812746e-11,-1.8970745603488057e-12,4.5774697556945926e-12,-1.9937829165428413e-12,-2.3388216428154624e-11,9.4884133825431e-14,1.1188316235232315e-13,4.285591506478683e-14,3.3362054147666176e-16,1.4065452408049045e-13,2.297885557544549e-11,1.2007324451220115e-20,6.288205165534845e-12,-8.475574999626159e-11,-9.695947748393034e-14,-4.692542650748995e-14,5.541399759268542e-18,-3.407275054693552e-13,3.35895311565082e-13,-3.844902692525428e-13,-1.6575540939811617e-13,1.6366378530197068e-13,7.198593721113866e-14,5.490868870694498e-13,-2.7910118660656734e-15,9.643069157997767e-13,4.4028638512827454e-13,8.844698973220488e-13,7.426844916835762e-14,1.6395070486415383e-13,2.260523841756201e-10,6.853467881359619e-22,-7.72696573469565e-12,-4.428577874785826e-12,3.3854548750735085e-14,1.700105184995332e-15,1.5464028384909215e-16,3.906298928768592e-12,-4.275513276752463e-12,4.46103859038279e-12,5.013588988411755e-14,-3.380484503434644e-14,6.019728004957869e-13,-5.1286950612331835e-12,-3.8009299411593625e-13,-6.806900879989068e-12,-2.1596861188299954e-12,1.2206887278765066e-12,6.040208688773419e-13,-1.6150414339222152e-12,1.6394335501560322e-10,2.5285903853618928e-20,3.691939421215973e-11,-7.91758325568992e-12,4.2426599891076286e-13,3.288106357778958e-14
0.5800281772294444,1.524207520730332e-17,-2.8703652787953614e-13,2.7294098832915856e-13,-3.3908648481665675e-13,-1.5643308870494364e-13,1.5617593607242243e-13,7.191694351149635e-14,5.488751120275026e-13,-4.462587336699168e-14,1.2364999096000593e-19,-4.8550501003756054e-14,-2.7880475705899244e-13,-1.0755285551056204e-13,-1.4839630020833742e-15,1.4999314414517898e-12,-1.5008629260039796e-12,4.3416875997182025e-16,6.754598291282276e-13,-1.5204730239717462e-13,5.416764193801921e-13,0.0,-4.2604211829375064e-12,-5.91292258270991e-13,8.461320395183468e-11,-1.864512358441525e-12,4.413699254611548e-12,-1.8999912754225077e-12,-2.41386239162408e-11,8.905322226165913e-14,2.784961514376022e-13,1.0666192104336357e-13,9.546175978893077e-16,2.459060260665663e-13,2.3746853966426198e-11,4.0369782045949543e-20,4.2596075282382534e-12,-8.461458090594109e-11,-9.089025828264614e-14,-4.2484534408989326e-14,1.524207520730332e-17,-2.8715210949788645e-13,2.729410475410532e-13,-3.3908649961963043e-13,-1.580190200911602e-13,1.5617593607242243e-13,7.191708562004351e-14,5.488750195089172e-13,-1.3975901917243998e-14,9.128901486595472e-13,4.434696165844798e-13,9.302008052713973e-13,7.438273996740463e-14,1.5508520393818042e-13,2.301774726892876e-10,2.6347231925692958e-21,-7.030978022718786e-12,-4.729240147642126e-12,5.331807693431559e-14,3.4199435234701343e-15,3.834424006416825e-16,3.3644667496446345e-12,-3.768219751047279e-12,4.1007178689748494e-12,2.5106303147559572e-14,-3.0711069798350365e-14,6.055118006997873e-13,-5.122074246225831e-12,-2.8697589489941796e-13,-1.1590115415553252e-11,-2.272645360790193e-12,1.1657863785430322e-12,6.075051572906887e-13,-1.6110808983190357e-12,1.6121393625741253e-10,8.861796122675825e-20,3.186722441802552e-11,-7.880659088262595e-12,6.023287378012214e-13,5.927476480009427e-14
0.6208947036329641,4.044886258306576e-17,-2.2882886696606874e-13,2.0391563992916418e-13,-2.8833629558041215e-13,-1.484295353293419e-13,1.481920697266048e-13,7.244743471801485e-14,5.448038316776168e-13,-5.820766091346741e-14,1.1839966881697873e-19,-4.6442811980444233e-14,-6.687705944585787e-13,-2.5673907444456745e-13,-1.7468045858987885e-15,1.6052476653235266e-12,-1.6074443363679946e-12,-1.188095845663928e-16,5.656554760181954e-13,-1.689814309152217e-13,5.484435680957764e-13,0.0,-2.463496074047602e-12,-3.135167050331029e-13,8.414191011449782e-11,-1.8231725630809385e-12,4.21894435228277e-12,-1.8482992913959606e-12,-2.6389846380499328e-11,8.458500826841187e-14,6.686175729976973e-13,2.560359247713945e-13,2.629567764264627e-15,4.22860639246921e-13,2.6008523500250746e-11,1.313597707458831e-19,2.4624320640562705e-12,-8.414331836301576e-11,-8.659739592076221e-14,-4.04121180963557e-14,4.044886258306576e-17,-2.2885397280939895e-13,2.0391534386969094e-13,-2.8833630298189896e-13,-1.4980514606577345e-13,1.4819207250216238e-13,7.24478610436563e-14,5.448037391590314e-13,-2.6133761821256484e-14,7.079506758600473e-13,4.49108483735472e-13,9.768405195842434e-13,7.510891464335145e-14,1.446727922645626e-13,2.3444465038575206e-10,9.797383355224629e-21,-6.299940569851002e-12,-5.049530238387945e-12,8.263445004784212e-14,6.6858990108828925e-15,9.166324870482663e-16,2.8301900082775924e-12,-3.1956378876429882e-12,3.678549613065722e-12,2.889490036128706e-14,-2.5471438847013416e-14,6.107897121410133e-13,-5.069283696516417e-12,-1.3475679831268887e-13,-1.3409104819099108e-11,-2.4514520191587506e-12,1.1093161278452611e-12,6.127542917511164e-13,-1.5859373074060082e-12,1.6362323640697961e-10,3.001092986812591e-19,3.5981062577451355e-11,-7.863728187137061e-12,8.409802569814217e-13,1.0381618559222495e-13
0.6646405263290656,1.0362893239887776e-16,-1.6577056764314571e-13,1.290293501673053e-13,-2.3240172009053593e-13,-1.395164872519672e-13,1.3978542490189482e-13,7.401915524951619e-14,5.361542691299329e-13,-6.59686823685964e-14,1.159664481134363e-19,-4.310881801990648e-14,-1.549455008742484e-12,-5.941080960525369e-13,-1.807365021533336e-15,1.7125718122579534e-12,-1.7189424486982067e-12,-1.8117831453862144e-16,3.933944424557023e-13,-1.995900215127362e-13,5.768835022082798e-13,0.0,-4.3449160940138347e-13,-1.5482910094449328e-13,8.323211898308634e-11,-1.7709418235397794e-12,3.9846313579049484e-12,-1.8404833213025993e-12,-3.0568622568627984e-11,8.204269873422303e-14,1.5494452316338472e-12,5.93223916818382e-13,6.977238149968491e-15,7.155206914109013e-13,3.018947333723721e-11,4.1348535551113834e-19,4.3320853852948367e-13,-8.323346464278126e-11,-8.378483092504514e-14,-4.085620730620576e-14,1.0362893239887776e-16,-1.657748308995603e-13,1.2902917253162135e-13,-2.324017274920228e-13,-1.4114789337327237e-13,1.3978542490189482e-13,7.401922630378976e-14,5.361541766113476e-13,-3.923522247835839e-14,3.880510727564494e-13,4.555658961180598e-13,1.0241902770324884e-12,7.68885399793362e-14,1.3285742876216016e-13,2.391051342708675e-10,3.5223687826606427e-20,-5.307532192053777e-12,-5.39124300757976e-12,1.2606583979572772e-13,1.2715216672036974e-14,2.114096423839226e-15,2.3105251045763e-12,-2.5657014883032993e-12,3.1993624342400533e-12,4.7171427874914685e-14,-1.9567644726770083e-14,6.190105494852105e-13,-4.97089684229716e-12,7.676135282963515e-14,-1.3299480391045412e-11,-2.684828359633684e-12,1.0503686143081836e-12,6.209914715782361e-13,-1.5447650566121258e-12,1.7259568451446857e-10,9.815749549843451e-19,4.9182797839308894e-11,-7.864403572810374e-12,1.1549490648808133e-12,1.7682788409977406e-13
0.7114685093208841,2.5649727958451285e-16,-9.871049163242181e-14,4.924078922385888e-14,-1.7076835501228516e-13,-1.306034391745925e-13,1.311396519154684e-13,7.772221977120353e-14,5.182147303865273e-13,-7.955046991507212e-14,1.1558373921669508e-19,-3.7904719872120886e-14,-3.4688918404413016e-12,-1.3287981825982342e-12,-1.5116876004940748e-15,1.820930888248277e-12,-1.8388465353577238e-12,3.6741443221188776e-16,1.3013392446969975e-13,-2.4596926562720077e-13,6.321960175159367e-13,0.0,2.335940052733857e-12,-6.812891180708769e-14,8.14212991554861e-11,-1.6946086416777486e-12,3.673341934816016e-12,-1.8841816995518457e-12,-3.716489648330787e-11,8.071252722887297e-14,3.4688120609276533e-12,1.3277797155885172e-12,1.784616245091841e-14,1.1918914627325275e-12,3.6777102681069835e-11,1.2584805666284256e-18,-2.3368162962561297e-12,-8.142264481518102e-11,-8.289665250534502e-14,-4.500103993147301e-14,2.5649727958451285e-16,-9.8407800426988e-14,4.924067080006959e-14,-1.7076836241377198e-13,-1.3225189832155593e-13,1.3113965469102596e-13,7.77220066083828e-14,5.18214637867942e-13,-5.286911649212319e-14,-2.522331972916921e-14,4.576577339321375e-13,1.0719487852917097e-12,8.081201485765632e-14,1.1869135304228469e-13,2.446074544465825e-10,1.2237517492075689e-19,-3.7743563833680535e-12,-5.756534138257052e-12,1.8935938722729923e-13,2.35458103598326e-14,4.7079748783636064e-15,1.6965081783837378e-12,-1.8782908265772373e-12,2.651134659951519e-12,4.891184679500782e-15,-1.6227741372887296e-14,6.278525432890092e-13,-4.7912947683433535e-12,1.1183753182801108e-13,-1.1788991590340933e-11,-2.8849171940237285e-12,9.871297557140224e-13,6.299471522197564e-13,-1.4820122906655798e-12,1.897296338125931e-10,3.0990317087919306e-18,7.272120240048323e-11,-7.887135389239575e-12,1.5603216855804952e-12,2.93156099189734e-13
0.7615958096191475,6.138399729467825e-16,-2.995269217838844e-14,-3.225852177971926e-14,-1.0758314239467381e-13,-1.2132659321650862e-13,1.219427586685029e-13,8.355968361684063e-14,4.97318667728545e-13,-9.119200209776561e-14,1.196644279735723e-19,-2.9904753442074515e-14,-7.508854649174168e-12,-2.874089854998374e-12,-2.126120460244074e-15,1.9299708238421683e-12,-1.9733421246265996e-12,-3.14554155292357e-17,-2.638979096011851e-13,-3.1601659273901586e-13,7.252209421252531e-13,-1.1102230246251565e-16,6.461920443825473e-12,-2.445658259487044e-14,7.948142117481965e-11,-1.612949419913107e-12,3.34215513370904e-12,-2.022026990289305e-12,-4.712406175871746e-11,8.021542053278837e-14,7.508812925045664e-12,2.8734222777834573e-12,4.4038053819075664e-14,1.9554081063701306e-12,4.6713125938461764e-11,3.7021872481871105e-18,-6.463485164400961e-12,-7.948292330657213e-11,-8.230453355887828e-14,-5.2550556498924074e-14,6.138399729467825e-16,-2.959410494440817e-14,-3.225828493214067e-14,-1.0758314979616065e-13,-1.2286136552575044e-13,1.2194276144406047e-13,8.355961256256705e-14,4.973185752099596e-13,-6.702881213035046e-14,-5.105296925952037e-13,4.554749466478825e-13,1.1196299110061147e-12,8.689070796208398e-14,1.041870293742401e-13,2.514531896655891e-10,4.1069226477311526e-19,-1.4530621152207603e-12,-6.147799861781304e-12,2.8010371090473565e-13,4.2491199540609076e-14,1.0131636922678787e-14,1.0442181045770364e-12,-1.1501410786725803e-12,2.0830339527340885e-12,2.0919335708136088e-14,-1.651777326028281e-14,6.471365310289911e-13,-4.588420754458866e-12,-3.3560354495421054e-14,-9.519377878556649e-12,-3.197601472493261e-12,9.16119291538564e-13,6.494335025308829e-13,-1.4150280946978456e-12,2.182930645030475e-10,9.440711055727601e-18,1.0911785476278408e-10,-7.943312674285607e-12,2.0738473395942636e-12,4.733997140011131e-13
0.8152548842718242,1.4215102419887472e-15,4.1109160520136354e-14,-1.1679238317204484e-13,-4.502150504256027e-14,-1.1077645467594266e-13,1.1148227063717541e-13,9.139014878201123e-14,4.83712236931666e-13,-1.0865430037180583e-13,1.3459117785396255e-19,-1.7882541512396582e-14,-1.5729778590767296e-11,-6.018102682858739e-12,-2.3861740956159548e-15,2.0394624264446653e-12,-2.143523453972713e-12,1.7742155401095915e-16,-8.465109689603789e-13,-4.1781984848687527e-13,8.722439255851098e-13,-3.3306690738754696e-16,1.2743960610292897e-11,-3.3230753221916887e-15,7.853445228253459e-11,-1.5554048648488329e-12,3.078574040966723e-12,-2.331290716028889e-12,-6.183353570767669e-11,8.277554712267839e-14,1.5729750679646027e-11,6.017398769104836e-12,1.0493282216196657e-13,3.160980243592241e-12,6.137766974254507e-11,1.0523755548619416e-17,-1.2745400153222345e-11,-7.853601700311007e-11,-8.556118776444539e-14,-6.750155989720952e-14,1.4215102419887472e-15,4.146774775411662e-14,-1.1679161341741443e-13,-4.502151984553393e-14,-1.1223164619877934e-13,1.1148227341273298e-13,9.138972245636978e-14,4.837121444130806e-13,-8.263801494952835e-14,-1.0863004717975854e-12,4.525645636022091e-13,1.166383789552583e-12,9.499586894889944e-14,9.258001772612564e-14,2.603187529878178e-10,1.3309969734877932e-18,1.5872525517745728e-12,-6.567626072614037e-12,4.081057432952879e-13,7.478422485161703e-14,2.1086700507091625e-14,4.2352870840052977e-13,-3.8266965892338097e-13,1.537214918319781e-12,1.435616903133763e-14,-2.1088736312790955e-14,6.920397055409922e-13,-4.453100480953746e-12,9.364763779255251e-14,-6.975703096638123e-12,-3.615605237428099e-12,8.31251179000958e-13,6.946021358089637e-13,-1.3692343555267902e-12,2.6317248767823385e-10,2.7740886295897378e-17,1.621631340482725e-10,-8.04889488392746e-12,2.7119506343322976e-12,7.450789865274489e-13
0.8726945683451613,3.188406344421284e-15,1.9717845134437084e-13,-3.1337770896773993e-13,2.0479425562787886e-14,-8.731149137020111e-14,8.838909604236278e-14,7.338591956340679e-14,7.175885811487129e-13,-1.5910093983014424e-13,2.2460628181461955e-19,4.549167755459512e-15,-3.191599762253361e-11,-1.2205653154850893e-11,-2.3753320738910997e-15,2.168159508887558e-12,-2.409025360147358e-12,3.6797279633071776e-16,-1.713896093189643e-12,-6.104112693342054e-13,1.197644540267028e-12,-3.3306690738754696e-16,2.1712062705465273e-11,3.220928407123142e-14,1.0680757612748823e-10,-2.205659094986659e-12,5.055385294916835e-12,-3.268496584496461e-12,-9.077534589640743e-11,1.2276374216959227e-13,3.1916036863029836e-11,1.2204647024024396e-11,2.4168299803897035e-13,5.037159289942351e-12,9.018644358447908e-11,2.8915959661813577e-17,-2.171362742604076e-11,-1.0680926602570975e-10,-1.2508512744110098e-13,-1.2967404927621828e-13,3.188406344421284e-15,1.9771609534776265e-13,-3.1337705763689885e-13,2.0479410759814224e-14,-8.875531420926563e-14,8.838910436903547e-14,7.338584850913321e-14,7.175884886301275e-13,-1.3197241817882363e-13,-2.3491641816993556e-12,6.635673344135285e-13,1.2102732815932882e-12,7.746805863462213e-14,1.540197599088818e-13,2.6752328388732914e-10,4.169345422334653e-18,-4.998093051045358e-12,-7.0035088839404125e-12,5.857610077130692e-13,1.2845115541887673e-13,4.247802727499839e-14,-2.197564204683052e-13,2.1877587149295627e-13,1.505999591699947e-12,-6.49175352362974e-14,4.6452167112853717e-14,1.0232497515971773e-12,-6.4561084256453684e-12,1.420630724169314e-13,-6.5081015539666014e-12,-5.623769538942724e-12,7.226944820359904e-13,1.0245253889706874e-12,-1.8844548144159034e-12,3.609972850364891e-10,7.866088673445646e-17,2.327773463106272e-10,-8.321195584433857e-12,3.489477564107633e-12,1.1434965744222561e-12
0.934181228855066,6.929946668274421e-15,3.4766950799773135e-13,-4.945916269131582e-13,1.3044125039366841e-13,-6.893969839438797e-14,7.050064421143531e-14,8.678092910940904e-14,7.534759853082088e-13,-1.940255363782247e-13,3.3781484083408633e-19,3.347438067476579e-14,-6.276451580689013e-11,-2.3990809339125008e-11,-2.9112377191482203e-15,2.277073154289108e-12,-2.8140981608463077e-12,-2.200388309059331e-17,-2.9817159375236655e-12,-8.23943626505025e-13,1.5426960923992095e-12,-3.3306690738754696e-16,3.497951623149328e-11,6.410122325074677e-14,1.1344111512403318e-10,-2.3051370612798447e-12,5.268265529211917e-12,-4.32596181099143e-12,-1.2230320115831155e-10,1.4185104913605473e-13,6.276449032853923e-11,2.3989670026932396e-11,5.383325416390051e-13,7.916327135123908e-12,1.2158282617125924e-10,7.670839749488454e-17,-3.4980768007953673e-11,-1.1344299278872375e-10,-1.4418096346465367e-13,-1.7778371367664173e-13,6.929946668274421e-15,3.480816227844722e-13,-4.945915677012635e-13,1.3044123559069476e-13,-7.054836714814883e-14,7.0500652538108e-14,8.678071594658832e-14,7.534758927896235e-13,-1.6778850901270442e-13,-4.142930265516043e-12,7.135895430110395e-13,1.2491500500644292e-12,9.125734834469767e-14,1.6771473099197466e-13,2.8298932318929023e-10,1.2596422735577336e-17,-1.685792394736477e-11,-7.48102505869023e-12,8.283920555283793e-13,2.1544222243999648e-13,8.287029999767545e-14,-1.3303427692790137e-12,1.4762960631742316e-12,6.994189523841972e-13,-5.224700949657546e-14,3.4106714674742025e-14,1.1785880360548618e-12,-6.793680062955332e-12,5.305992090143264e-13,-2.5019592915972073e-12,-6.896152626723051e-12,5.742172515255107e-13,1.1801882493500671e-12,-1.9986301502683547e-12,4.6532250920655995e-10,2.1494338834061815e-16,3.311199093023738e-10,-8.620585726741107e-12,4.418251906895527e-12,1.7119893782183074e-12
1.0,1.4606008284645327e-14,4.17761233014365e-13,-5.736170057465036e-13,2.1565157067489812e-13,-5.3660187404602763e-14,5.522884372055614e-14,1.2968250473477384e-13,6.357795771331591e-13,-2.0372681319713593e-13,5.514238253365311e-19,6.879103768101895e-14,-1.1971340585503754e-10,-4.573147416309098e-11,-3.823826176331733e-15,2.364331836092074e-12,-3.522737657135622e-12,-3.3558496693314454e-16,-4.7696913909808795e-12,-1.0691738192466468e-12,1.920328197168625e-12,-4.440892098500626e-16,5.47176526365695e-11,8.186911436058777e-14,1.0211491653277804e-10,-1.974294743187066e-12,4.04554201810724e-12,-5.823075355237961e-12,-1.5788879247952008e-10,1.3781713039303275e-13,1.1971352223443007e-10,4.573037100824042e-11,1.1605951228910812e-12,1.2275100182880755e-11,1.5703576520538014e-10,1.964588393277677e-16,-5.471852888009177e-11,-1.0211663772541108e-10,-1.3988810110276972e-13,-2.088699583661461e-13,1.4606008284645327e-14,4.182519811971967e-13,-5.736176570773447e-13,2.156515410689508e-13,-5.538254299608525e-14,5.5228854822786386e-14,1.2968193630058523e-13,6.357794846145736e-13,-1.7955604410720602e-13,-6.076879799365998e-12,5.727997631765902e-13,1.278875738641716e-12,1.3453956171360915e-13,1.4320692779771587e-13,3.0976721833603617e-10,3.670086283528366e-17,-3.109412727608863e-11,-8.01396911794446e-12,1.1544998524836347e-12,3.5302904406853276e-13,1.5666785842994366e-13,-2.114289306594704e-12,2.590387519300445e-12,-2.3416930616804167e-13,6.191746282357969e-14,-6.691718568152539e-14,1.2069682497894973e-12,-5.8160437577114976e-12,7.141049233420442e-13,1.971299449602763e-12,-7.327253115363419e-12,3.5650855600977137e-13,1.2104061397621991e-12,-1.7757706416432483e-12,5.800858049723255e-10,5.659892111919425e-16,4.68406740108607e-10,-8.986848302564946e-12,5.5055450775704525e-12,2.501153823307972e-12
1.0444025524245693,2.313805184630254e-14,4.718458512797952e-13,-6.367504449637333e-13,2.692846094258054e-13,-3.874447429552674e-14,4.0084996433265016e-14,1.6099470201424994e-13,5.961594181277026e-13,-2.1536834537982942e-13,8.487786430053758e-19,9.872716070595071e-14,-1.7794252182845582e-10,-6.794592666281574e-11,-4.5404838123446525e-15,2.415891302733659e-12,-4.276420487566871e-12,-6.079663682212466e-16,-6.288012048983466e-12,-1.2737985730803576e-12,2.246209289910982e-12,-4.440892098500626e-16,7.112330974879535e-11,1.3601773680087402e-13,9.852156702558239e-11,-1.857369531258219e-12,3.5628726621865947e-12,-7.349498787334596e-12,-1.8796953657667557e-10,1.410274168856899e-13,1.7794258746528086e-10,6.794477484199687e-11,1.863559437854176e-12,1.6129395901789738e-11,1.8699527391646432e-10,3.515812885665173e-16,-7.112431116996365e-11,-9.852325692380391e-11,-1.4344081478157023e-13,-2.4217664910490083e-13,2.313805184630254e-14,4.722679136648367e-13,-6.367509778707851e-13,2.6928457981985804e-13,-4.033609002362937e-14,4.008501308661039e-14,1.6099463095997634e-13,5.961593256091172e-13,-1.9234486596057348e-13,-8.201459422707558e-12,4.880348569713533e-13,1.28927475362417e-12,1.6619530640582525e-13,1.4777956636180533e-13,3.318001235520946e-10,7.129368616625605e-17,-6.039971634557198e-11,-8.37273768835208e-12,1.4161026478581605e-12,4.780517667778716e-13,2.314417959173163e-13,-2.6413708553718605e-12,3.070149053504186e-12,-7.457408912614483e-13,1.481868433517164e-13,-1.4476047027756068e-13,1.2862640375033151e-12,-5.494852720981195e-12,7.30233296053484e-13,3.2533231812218825e-12,-7.914059096947312e-12,1.6315317985515777e-13,1.2909490010315495e-12,-1.7102238144180621e-12,6.787612784492746e-10,1.030053689744893e-15,5.681152415739313e-10,-9.328371408656722e-12,6.2830793271543785e-12,3.145544794124436e-12
1.0907766915109554,3.621316771055109e-14,4.72088383200268e-13,-6.337237105450792e-13,2.936243174526491e-13,-2.219167072325945e-14,2.3215701583367832e-14,2.0651057752729685e-13,5.045717547484212e-13,-2.1342809001604716e-13,1.3558316041722322e-18,1.3428147482841268e-13,-2.6132804253897746e-10,-9.973730175083517e-11,-5.1268823016346695e-15,2.4548102498537666e-12,-5.405200097032191e-12,-1.7970108907860994e-16,-8.154128500886814e-12,-1.500437371248278e-12,2.5974773043041394e-12,-7.771561172376096e-16,9.167772958369191e-11,1.8279603635543406e-13,8.88278101163219e-11,-1.5945546626227113e-12,2.5999279728258004e-12,-9.358558372696279e-12,-2.2103001599536458e-10,1.3283905225813797e-13,2.613279157795746e-10,9.973618380186815e-11,2.954230233524098e-12,2.1084118405992192e-11,2.1993138092355895e-10,6.202654514240605e-16,-9.16786684160372e-11,-8.882950001454343e-11,-1.3485509005780236e-13,-2.6911806116913795e-13,3.621316771055109e-14,4.725549729300838e-13,-6.337240066045525e-13,2.936242878467018e-13,-2.3823076844564637e-14,2.321571268559808e-14,2.065110038529383e-13,5.045716622298358e-13,-1.9237423506031822e-13,-1.0501147092630466e-11,3.0486262403428554e-13,1.28994877002242e-12,2.12091961770966e-13,1.4070152450547841e-13,3.6129021609057945e-10,1.364747691159192e-16,-9.374503840802606e-11,-8.76794007768448e-12,1.7268823964714036e-12,6.414276576967484e-13,3.3766677823237073e-13,-2.8354222081361514e-12,3.4493015258855545e-12,-1.137140751931535e-12,2.4747580373851717e-13,-2.707212787278479e-13,1.3288397582300604e-12,-4.7405649776048146e-12,9.245013643521815e-13,4.733252959946791e-12,-8.090319170150906e-12,-9.191869487779058e-14,1.3354708272572679e-12,-1.541456591998743e-12,7.853359241985815e-10,1.8466903437326618e-15,6.986775292349493e-10,-9.711139300113322e-12,7.1246800286145296e-12,3.917406872385361e-12
1.139209960739269,5.6004245076128745e-14,4.480777230734626e-13,-6.014871563782739e-13,2.9876208174073325e-13,1.8189894035458566e-16,3.109346113916445e-16,2.616796024312862e-13,4.140515708073167e-13,-2.1148783465226492e-13,2.245420788127419e-18,1.7728266771266377e-13,-3.7924774431985497e-10,-1.446627539980483e-10,-7.388063375365509e-15,2.4831710813321856e-12,-7.101462275370198e-12,1.256861368453821e-16,-1.0454135820903154e-11,-1.7655111868588178e-12,3.007803954222923e-12,-1.2212453270876722e-15,1.1724363647776e-10,2.3360300241669474e-13,7.88377577188871e-11,-1.331024056567713e-12,1.6275675774020096e-12,-1.2083845035704144e-11,-2.5977070623771713e-10,1.2238875277820194e-13,3.7924778727709367e-10,1.4466174866448044e-10,4.62451097856783e-12,2.7420885686392247e-11,2.585270515107124e-10,1.0788713336037626e-15,-1.1724432495481323e-10,-7.883951020593164e-11,-1.2434497875801753e-13,-3.015365734881925e-13,5.6004245076128745e-14,4.484225731478849e-13,-6.014873340139577e-13,2.987620447332991e-13,-1.4438228390645235e-15,3.10956815852137e-16,2.6168031297402193e-13,4.140514782887313e-13,-1.8863772766053444e-13,-1.3384366563210884e-11,7.075868779793381e-14,1.2764003409770907e-12,2.677415977814235e-13,1.4015973566946135e-13,3.9842837685430597e-10,2.574942856078325e-16,-1.4057349508063335e-10,-9.198669603804888e-12,2.093739006771956e-12,8.528502784521195e-13,4.865946238804401e-13,-2.9149347824386494e-12,3.5335621835959803e-12,-1.3726946690439946e-12,3.9538098628444374e-13,-4.323850222309744e-13,1.393920214809441e-12,-4.001015259843162e-12,5.748612845006088e-13,5.1222741603851315e-12,-8.283859642688185e-12,-4.288865262935815e-13,1.4028857719949882e-12,-1.3799598500933523e-12,9.09715720067034e-10,3.2618541977300788e-15,8.526400253359145e-10,-1.0170845647176444e-11,8.027918534992521e-12,4.831413548949203e-12
1.1897937907435858,8.559478105967859e-14,3.9508449845016003e-13,-5.343194331430823e-13,2.82259415840258e-13,3.03771230392158e-14,-3.077472165990969e-14,3.2903244573390113e-13,3.1858821136765415e-13,-2.0372681319713593e-13,3.779417928325118e-18,2.291812573051999e-13,-5.439357297909453e-10,-2.073544114189474e-10,-1.0188402700870927e-14,2.4974173817141267e-12,-9.638004680060217e-12,-3.1186262339916173e-16,-1.3277484970861119e-11,-2.0717923500810263e-12,3.4789338722468867e-12,-1.887379141862766e-15,1.4896327645110553e-10,2.7619029570484733e-13,6.793703794651853e-11,-1.0521142031563912e-12,5.979227617096196e-13,-1.5718981671852816e-11,-3.0459603831437817e-10,1.0819694388116326e-13,5.439357683107695e-10,2.0735349407045751e-10,7.149480345800266e-12,3.548450915422643e-11,3.0318772040764116e-10,1.850171194896695e-15,-1.489644030499199e-10,-6.793866525591704e-11,-1.1028215377943222e-13,-3.3943218606206454e-13,8.559478105967859e-14,3.954236641826962e-13,-5.34319314719293e-13,2.822593788328239e-13,2.891056283260696e-14,-3.0774699455449195e-14,3.2903358260227835e-13,3.1858821136765415e-13,-1.7975973302479058e-13,-1.6852087962130704e-11,-2.3137545213103296e-13,1.2427040951834556e-12,3.356996103320853e-13,1.4309738579261952e-13,4.450888946811023e-10,4.788726693949825e-16,-1.9938495745326246e-10,-9.676278297140092e-12,2.524067894373477e-12,1.1238101955262871e-12,6.926594703702808e-13,-2.7319086844575698e-12,3.318575399665254e-12,-1.4474278960581918e-12,6.241502814585686e-13,-6.401393998212157e-13,1.4771238454613921e-12,-3.2303831831725917e-12,5.137735570315271e-13,5.125669607271751e-12,-8.480674296151847e-12,-8.744878154942625e-13,1.4889285182562161e-12,-1.217942783663754e-12,1.0524280542652545e-09,5.676596602064463e-15,1.0348666324913185e-09,-1.0702994046596359e-11,8.989032637352195e-12,5.901307603527771e-12
1.242623671911505,1.2930747860942203e-13,4.524432976419727e-13,-6.093789176967826e-13,3.357583026423564e-13,7.821654435247182e-14,-7.912228650042153e-14,4.08428775244829e-13,3.5263023982305225e-13,-2.289501329263051e-13,6.432374887825775e-18,2.9667110781894657e-13,-7.711066507543052e-10,-2.93750024304984e-10,-1.3756821822570004e-14,2.501683020275746e-12,-1.3407529055241088e-11,-5.273098581046187e-16,-1.681966050812167e-11,-2.4663265615833943e-12,4.113118921683258e-12,-3.219646771412954e-15,1.8027583871953224e-10,9.406400865323992e-13,6.889014054345951e-11,-1.0571793748005574e-12,5.712168932874858e-13,-2.0967227953860856e-11,-3.631135702197605e-10,1.204049519231328e-13,7.711067485404374e-10,2.9374890096758563e-10,1.0918463417947449e-11,4.5694928274245884e-11,3.6146559582715256e-10,3.12926373148451e-15,-1.8027715308481564e-10,-6.889183044168104e-11,-1.2286468139185067e-13,-4.192202140984591e-13,1.2930747860942203e-13,4.527971479243812e-13,-6.093787400610988e-13,3.3575827303640913e-13,7.69205144024454e-14,-7.912226429596103e-14,4.0842962789611194e-13,3.5263023982305225e-13,-2.0642213864145256e-13,-3.040865218887726e-11,-4.2400642996653915e-13,1.1783915843111003e-12,4.1599847122597565e-13,2.936088409436858e-13,4.987339030132358e-10,8.785159429503688e-16,-5.427121907973599e-10,-1.0112725471837317e-11,3.0257028292431412e-12,1.467736719039979e-12,9.740512409595577e-13,-3.2856040850977782e-12,3.5456655685569178e-12,-1.7780569313193459e-12,8.32757013347063e-13,-8.549179780770189e-13,1.7286744480315974e-12,-3.5507648673179422e-12,7.095574498331795e-13,-1.735315890982747e-11,-9.801624401006847e-12,-1.4571576389954544e-12,1.7434010146644142e-12,-1.3262080322817838e-12,1.2434808221865846e-09,9.737087299238713e-15,1.0799986817048053e-09,-1.1500263704296762e-11,1.0002938286190595e-11,7.139152806630684e-12
1.2977993346475665,1.9309656608569564e-13,4.939162560428183e-13,-6.77117798867736e-13,3.944542618465145e-13,1.4133547665551306e-13,-1.4291186567483295e-13,5.198248231863545e-13,3.9664049822363266e-13,-2.638747294743856e-13,1.084296788161237e-17,3.799333532968537e-13,-1.080614070447794e-09,-4.1133166317486314e-10,-1.9166990663272672e-14,2.4815337811657077e-12,-1.893596390800667e-11,-3.4086774201858015e-16,-2.1150426614095775e-11,-2.9153343176239472e-12,4.8306071826303204e-12,-5.329070518200751e-15,2.0463159072051825e-10,2.467535498008259e-12,6.980781786657145e-11,-1.0477828610133699e-12,5.468933119415317e-13,-2.830269352216419e-11,-4.299946445419051e-10,1.3409387171250028e-13,1.0806141438771464e-09,4.113306110367341e-10,1.6472347256241525e-11,5.856082662349857e-11,4.2807828502896786e-10,5.218539229130008e-15,-2.0463265473050958e-10,-6.980963294243901e-11,-1.3618735768735254e-13,-5.160316618457728e-13,1.9309656608569564e-13,4.943686349179188e-13,-6.771170291131057e-13,3.944542322405672e-13,1.4026682038092986e-13,-1.4291184347037244e-13,5.198248231863545e-13,3.9664049822363266e-13,-2.4012081212276824e-13,-5.677914790188273e-11,-6.715708877891302e-13,1.0730071053899337e-12,5.28579704450749e-13,5.694711369130801e-13,5.653705798099073e-10,1.5889297178494575e-15,-1.232040452004948e-09,-1.0552003715247338e-11,3.6068718039825994e-12,1.900123768095095e-12,1.353272969489045e-12,-3.9249513861250305e-12,4.31506042749182e-12,-2.145141309028986e-12,1.094330209783223e-12,-1.135645458227863e-12,2.0195768968278573e-12,-3.97423334982013e-12,7.55365666312476e-13,-4.200119292363524e-11,-1.1213705874979495e-11,-2.2229626139846914e-12,2.0384138110784988e-12,-1.4761340298245311e-12,1.459463899862489e-09,1.6457531611697952e-14,1.188829128592284e-09,-1.248645631335421e-11,1.1063205364426917e-11,8.554595454159108e-12
1.3554249376408263,2.850556668884052e-13,4.079386902352174e-13,-5.897238845401868e-13,3.7111986076846885e-13,2.2137101041153074e-13,-2.2388412235230248e-13,6.604305724522419e-13,3.4972515624194973e-13,-2.696954955657323e-13,1.8024486887276048e-17,4.732091454795473e-13,-1.4971582307232723e-09,-5.693816251817196e-10,-2.7814432304992414e-14,2.430010170638827e-12,-2.6955739228031105e-11,-8.744063416041282e-16,-2.6324571906002903e-11,-3.3906130487239446e-12,5.553392502396091e-12,-8.770761894538737e-15,2.353059347606151e-10,3.1283042836819766e-12,6.206032299792541e-11,-8.428739001000377e-13,-2.0930875958153112e-13,-3.759623723453842e-11,-5.003009892672793e-10,1.234163234572113e-13,1.4971586542863327e-09,5.693807633355723e-10,2.45522237081726e-11,7.469503329621969e-11,4.981371000444346e-10,8.579006468269034e-15,-2.353075620700136e-10,-6.206195030732392e-11,-1.2552921665095104e-13,-5.984842251412678e-13,2.850556668884052e-13,4.083304361301998e-13,-5.897235884807136e-13,3.711198311625215e-13,2.202000359829981e-13,-2.23884100147842e-13,6.604308566693362e-13,3.4972506372336437e-13,-2.4539588139305124e-13,-8.464412530884147e-11,-1.1412339517846703e-12,9.135184608766167e-13,6.706177657633816e-13,8.090017544759576e-13,6.511685118763789e-10,2.8316135738760937e-15,-1.941176823921748e-09,-1.1125378396315e-11,4.276112257852708e-12,2.43859681316822e-12,1.8576617660188903e-12,-3.5650084366049363e-12,4.2709750402991634e-12,-2.066331224644576e-12,1.4981308193995346e-12,-1.5278395798512534e-12,2.2393773946305374e-12,-3.675226789567887e-12,7.20259170824041e-13,-4.770311837395032e-11,-1.1872907634824514e-11,-3.2318350218218938e-12,2.2637396313029967e-12,-1.479432872505034e-12,1.6774298294055886e-09,2.7402579000371798e-14,1.5678089583706264e-09,-1.3427592371328956e-11,1.2162135511224799e-11,1.0154034614630303e-11
1.4156092644919915,4.1605227983522407e-13,2.723633466909329e-13,-4.336622912622564e-13,3.0103641801559887e-13,3.279637894593179e-13,-3.320522135030757e-13,8.203804213735566e-13,2.622885242331563e-13,-2.619344741106033e-13,2.9610937869409165e-17,5.812459888399069e-13,-2.0509702269855268e-09,-7.792190503952412e-10,-4.0101695525770636e-14,2.3496839549697455e-12,-3.8471448249310924e-11,-9.504712555202798e-16,-3.253871436615513e-11,-3.912359777232526e-12,6.321686628429848e-12,-1.3988810110276972e-14,2.8638216967390994e-10,2.5781817796527823e-12,5.1744433187851076e-11,-5.889673035346475e-13,-1.178801804550741e-12,-4.901199446294413e-11,-5.775685872718938e-10,1.0070879315667487e-13,2.050970596879256e-09,7.792181618922226e-10,3.616060211346037e-11,9.483186547557586e-11,5.75158207559531e-10,1.3905023323439239e-14,-2.8638379698330846e-10,-5.174599790842656e-11,-1.0258460747536446e-13,-6.838973831690964e-13,4.1605227983522407e-13,2.72781619514717e-13,-4.3366187677899384e-13,3.010363958111384e-13,3.2706566344131716e-13,-3.3205218574750007e-13,8.203809898077452e-13,2.622884317145709e-13,-2.3553165344007236e-13,-1.0943040251731872e-10,-1.7716956790536642e-12,6.787512774053539e-13,8.323434030899079e-13,9.822468764279316e-13,7.569371679837331e-10,4.973669781693623e-15,-2.5487891177950744e-09,-1.1849743408731683e-11,5.042164119015482e-12,3.1028942011993024e-12,2.519753914813091e-12,-2.7311694831648006e-12,3.327734295529202e-12,-1.7189393020089482e-12,1.9884584478990773e-12,-2.0219438789936817e-12,2.4442541501912275e-12,-3.016288330215389e-12,5.77377553175514e-13,-4.5021685461203255e-11,-1.2296186469029635e-11,-4.549334597925281e-12,2.475038982652222e-12,-1.3772760709684917e-12,1.9091086592729906e-09,4.495633302128323e-14,1.8673150028105577e-09,-1.4324208486016232e-11,1.3290919635536866e-11,1.1939843089491342e-11
1.4784659290713034,6.004602466296235e-13,1.5813081214825313e-13,-2.9987869964998026e-13,2.3642852120531186e-13,4.733010428026318e-13,-4.78313905150074e-13,1.0071291001167993e-12,1.9439783116581566e-13,-2.561137080192566e-13,4.805748387593648e-17,7.103949951440628e-13,-2.778410557180422e-09,-1.054397957833686e-09,-5.713497631359183e-14,2.241609365885181e-12,-5.481805485731327e-11,-1.3452401085439769e-15,-4.0033783081129534e-11,-4.503685860938473e-12,7.174760321551169e-12,-2.220446049250313e-14,3.5120184611229616e-10,3.045964286223203e-12,4.3861496106190825e-11,-3.9535464722597584e-13,-1.9189772255793725e-12,-6.33606944688836e-11,-6.653117333540692e-10,8.149318893313495e-14,2.778410878269238e-09,1.0543969344882168e-09,5.263238663677253e-11,1.198463655617233e-10,6.626394620351141e-10,2.222395990804343e-14,-3.512032856552256e-10,-4.386337377088141e-11,-8.378483092504514e-14,-7.938834774752953e-13,6.004602466296235e-13,1.5833023780942313e-13,-2.998779891072445e-13,2.3642849159936456e-13,4.720277502201498e-13,-4.783138773944984e-13,1.0071300948766293e-12,1.9439773864723028e-13,-2.307833331845662e-13,-1.407611610678335e-10,-2.493106876499951e-12,3.3924938414031657e-13,1.0213740608833177e-12,1.1870423162937034e-12,8.834696411134387e-10,8.614123147228881e-15,-3.330937104251168e-09,-1.2675952879940647e-11,5.9138724666668855e-12,3.914791049634597e-12,3.377445768492911e-12,-1.979035838909719e-12,2.4330946738852315e-12,-1.3267182907839014e-12,2.576607066595571e-12,-2.6152516763300325e-12,2.703684174321097e-12,-2.6625627628599584e-12,3.766217560041696e-13,-5.0955471427490314e-11,-1.3025419320911169e-11,-6.254225981550121e-12,2.7418626302733173e-12,-1.4567635986395545e-12,2.1659258495259537e-09,7.268556237092916e-14,2.2009544877724046e-09,-1.5273671216675666e-11,1.4439763045229886e-11,1.3909729547904693e-11
1.5441135899948315,8.570035225841048e-13,7.372970382372538e-14,-1.9113741700493848e-13,1.7468803440815842e-13,6.66841515339911e-13,-6.732192470160215e-13,1.2193133613891406e-12,1.2431824088684115e-13,-2.5029294192790985e-13,7.695357494831431e-17,8.629708637501269e-13,-3.7224757998277624e-09,-1.4108605950191588e-09,-8.08357906901496e-14,2.1091180017751565e-12,-7.774638076187201e-11,-1.5791431747305684e-15,-4.902269753331856e-11,-5.162691979347624e-12,8.097869062564352e-12,-3.5083047578154947e-14,4.380322591195967e-10,3.1221299940861386e-12,3.77148981527376e-11,-2.452351107261102e-13,-2.4936951811545115e-12,-8.112657212677731e-11,-7.634205412535076e-10,6.417605885368956e-14,3.7224761974890848e-09,1.4108593999337892e-09,7.57168592412198e-11,1.5077537721669013e-10,7.604841740188736e-10,3.502631772805208e-14,-4.380340741954643e-10,-3.771646287331309e-11,-6.661338147750939e-14,-9.291826567429477e-13,8.570035225841048e-13,7.381165308591638e-14,-1.9113664725030807e-13,1.7468798999923745e-13,6.656819095951505e-13,-6.732192248115609e-13,1.219314782474612e-12,1.2431814836825577e-13,-2.2739357063983335e-13,-1.7468604103972514e-10,-3.336026566103101e-12,-1.421599282735997e-13,1.2364293411337711e-12,1.3620993222218659e-12,1.0339258260919147e-09,1.4711539620945338e-14,-4.171175529838707e-09,-1.3631022236874438e-11,6.900079159663727e-12,4.897954091265017e-12,4.473919442018247e-12,-1.2022904153733786e-12,1.5812595677289209e-12,-9.116642255927823e-13,3.286023075865785e-12,-3.3283252764970684e-12,2.9954765778938963e-12,-2.473431274611452e-12,2.7221176424063743e-13,-6.040888062367836e-11,-1.4023316907696425e-11,-8.446421784213954e-12,3.0420405039421894e-12,-1.7138453619243895e-12,2.44341375298204e-09,1.1581883484863647e-13,2.636955238874434e-09,-1.6187606810547095e-11,1.559801683672785e-11,1.605621497910465e-11
1.612676174624067,1.2097288191415259e-12,2.971016025791565e-14,-1.1982184133785267e-13,1.2428795030198595e-13,9.222276275977492e-13,-9.300539616230453e-13,1.459026748307224e-12,3.364096038775225e-14,-2.483526865641276e-13,1.2151062616907297e-16,1.0421065052557132e-12,-4.933111280580604e-09,-1.8670034962475768e-09,-1.1420660424310558e-13,1.9634451399810904e-12,-1.09523025569404e-10,-2.6198959451537164e-15,-5.974957889565147e-11,-5.889074757563713e-12,9.076410312330282e-12,-5.4511950509095186e-14,5.462838845717909e-10,3.0136440047861478e-12,3.330501486042953e-11,-1.3643593282343207e-13,-2.9015669817654133e-12,-1.0325127419719138e-10,-8.719875467683546e-10,5.026158887237268e-14,4.9331115533298456e-09,1.867002224958524e-09,1.076724246698843e-10,1.888404862212737e-10,8.687992654110835e-10,5.4438630100151635e-14,-5.462858874141275e-10,-3.3306329225712935e-11,-5.2254497025690703e-14,-1.0942358130705543e-12,1.2097288191415259e-12,2.994369197040214e-14,-1.1981976892154004e-13,1.2428792809752546e-13,9.213579232891789e-13,-9.300539338674696e-13,1.4590283115012425e-12,3.364086786916687e-14,-2.2524015245532307e-13,-2.1064382356901964e-10,-4.314642865210771e-12,-8.149727115380756e-13,1.479735516340952e-12,1.4724221841788676e-12,1.211121822985478e-09,2.4777829188751925e-14,-5.021946903274551e-09,-1.471334165614735e-11,8.009490842590346e-12,6.07768279061558e-12,5.857183636254153e-12,-4.881229642705875e-13,8.532495598956302e-13,-6.353171026300212e-13,4.162597427859182e-12,-4.180609386450484e-12,3.3027650658823404e-12,-2.231975900398216e-12,6.584741640836001e-14,-4.665732073287169e-11,-1.5335353964474052e-11,-1.124507837957367e-11,3.3588563042030727e-12,-2.0469137496093025e-12,2.737104212530796e-09,1.8189007886024127e-13,3.2942460340653836e-09,-1.6978159618948514e-11,1.6754372518867748e-11,1.8366299948123022e-11
1.6842831130116662,1.6890630351099477e-12,4.5838532969355584e-14,-9.658360037671324e-14,8.188166441177221e-14,1.256012183148414e-12,-1.2648786684721358e-12,1.7313426781129237e-12,-7.555659801520656e-14,-2.483526865641276e-13,1.8914589957186783e-16,1.250751527811141e-12,-6.467283514277611e-09,-2.443638902338563e-09,-1.5935789394421514e-13,1.8289943127733355e-12,-1.5304043746563626e-10,-3.7421834294532056e-15,-7.247770487071869e-11,-6.682254878630578e-12,1.0086028855814292e-11,-8.359979375427429e-14,6.872955640023838e-10,3.2964383992699125e-12,3.039062890534943e-11,-6.215644671672868e-14,-3.1584588940475207e-12,-1.3030554413262507e-10,-9.906552064464006e-10,4.0028346667368244e-14,6.4672837170239465e-09,2.4436374798052263e-09,1.51369564273033e-10,2.354725883144349e-10,9.872499248987031e-10,8.343984288632894e-14,-6.872975042558973e-10,-3.039194327063284e-11,-4.2484534408989326e-14,-1.292891719610149e-12,1.6890630351099477e-12,4.61516454682472e-14,-9.658111347713809e-14,8.188163480582488e-14,1.2552106909424766e-12,-1.2648786296143299e-12,1.7313435307642067e-12,-7.555669053379196e-14,-2.2346853256749454e-13,-2.5401483677948513e-10,-5.448600859381259e-12,-1.743890409855453e-12,1.7565224652571488e-12,1.5219292492929526e-12,1.4177682154896109e-09,4.1158909918653224e-14,-6.077795312084344e-09,-1.590429639837983e-11,9.250544657645367e-12,7.480570096923118e-12,7.579210551018837e-12,1.4887196660614185e-13,2.1131683070052533e-13,-2.754707869219904e-13,5.208291276037613e-12,-5.193163649108712e-12,3.6269994296844743e-12,-2.3488020787591306e-12,-6.85152675335606e-14,-5.33560523763299e-11,-1.692751538939774e-11,-1.4791613978104577e-11,3.69394555832514e-12,-2.8529652714344895e-12,3.0396148905369664e-09,2.815526138113725e-13,4.2478813870679034e-09,-1.7503036057557136e-11,1.7897033704694994e-11,2.0821361375548463e-11
1.7590695822349836,2.3329348432487544e-12,1.4273003519823155e-13,-1.3281275338764922e-13,4.492296904838137e-14,1.687476469669491e-12,-1.6969809668587744e-12,2.040272164549606e-12,-2.526528986024346e-13,-2.405916651089986e-13,2.9021756509579834e-16,1.4919052683063743e-12,-8.388754274557542e-09,-3.1638242026232888e-09,-2.205547562540116e-13,1.7513852626345275e-12,-2.1193190060029924e-10,-3.750802836724465e-15,-8.748479627361528e-11,-7.534046061437866e-12,1.1090475881005567e-11,-1.262323578998803e-13,8.79487563558953e-10,3.902436097099407e-12,2.8529362486395478e-11,-1.1245695673547021e-14,-3.300277343406835e-12,-1.6308057126934727e-10,-1.1185169586401888e-09,3.276339703012221e-14,8.388754698795581e-09,3.163822769435204e-09,2.1039969824239193e-10,2.923378714279168e-10,1.1149593490069455e-09,1.2612639154482184e-13,-8.794902548783428e-10,-2.8530739440501908e-11,-3.5379107051388324e-14,-1.5267787034645153e-12,2.3329348432487544e-12,1.4293230303034459e-13,-1.3281097703080984e-13,4.492294684392088e-14,1.6866465557541233e-12,-1.6969809335520837e-12,2.0402724487667e-12,-2.5265299112101993e-13,-2.175283952965401e-13,-3.1838135328143837e-10,-6.765185389667749e-12,-3.012502514110338e-12,2.0710069748020033e-12,1.4514315675266214e-12,1.6562970891450251e-09,6.743560340438202e-14,-7.721860489579594e-09,-1.717444704970224e-11,1.0631264360476327e-11,9.134074415844951e-12,9.69460820026331e-12,7.053770900711242e-13,-4.1905536818376275e-13,9.322131215109645e-14,6.373116945290747e-12,-6.387763268334012e-12,3.9189252731830496e-12,-2.676093976046919e-12,1.1459633242338896e-14,-8.662512603526314e-11,-1.869029802037403e-11,-1.9252060345920087e-11,3.99843173681802e-12,-4.2902266924234785e-12,3.340031920290955e-09,4.2958680753478755e-13,5.0032633885373536e-09,-1.7523538176078546e-11,1.901387915694836e-11,2.3397291368481722e-11
1.8371767615786376,3.187918150487632e-12,3.636766147489349e-13,-2.5101449807607426e-13,5.1889085620852406e-15,2.239721652586013e-12,-2.249410396837348e-12,2.3752707534185903e-12,-6.059845218212937e-13,-2.192488561073939e-13,4.3891535131781575e-16,1.7690033465855848e-12,-1.0767505914666131e-08,-4.052541219268235e-09,-3.029133863384294e-13,1.8082143390494538e-12,-2.9069175638036475e-10,-5.415944927776584e-15,-1.0506442005460415e-10,-8.43789185809451e-12,1.204407011784868e-11,-1.8807178037150152e-13,1.1407309324670799e-09,5.2151623357061275e-12,2.735156601481449e-11,2.529175220203692e-14,-3.359236014691206e-12,-2.018481382037862e-10,-1.2543237766278762e-09,2.7735011914424106e-14,1.0767506131527741e-08,4.052539913723119e-09,2.8918536900080027e-10,3.613648890576068e-10,1.2507161198189267e-09,1.8802658522519031e-13,-1.1407331230758857e-09,-2.735269261362884e-11,-3.0494125743037635e-14,-1.7987093296293704e-12,3.187918150487632e-12,3.6414178339327916e-13,-2.5101201117649906e-13,5.188886357624748e-15,2.2387609988072656e-12,-2.2494103635306574e-12,2.3752708955271375e-12,-6.059846143398791e-13,-1.9734234986875285e-13,-4.13110440907379e-10,-8.297865861095488e-12,-4.72788479477515e-12,2.4128866016326355e-12,1.0388564083048853e-12,1.9284184068723346e-09,1.0898461116548953e-13,-1.0188088440574352e-08,-1.8476960702192475e-11,1.2159106437324692e-11,1.1066009108873978e-11,1.2258805815146076e-11,1.1790490361818228e-12,-1.0480431929712115e-12,6.232492448058717e-13,7.789568806648717e-12,-7.784628713869424e-12,4.078671480556295e-12,-2.9926594535822914e-12,6.166374078020453e-14,-1.2686214176937938e-10,-2.071283233817667e-11,-2.4818601440657063e-11,4.172553502712617e-12,-6.807259200769522e-12,3.624614833081609e-09,6.461077236608207e-13,6.758911919711772e-09,-1.6668407395078095e-11,2.0092604798362596e-11,2.6064876754001888e-11
1.9187520990478337,4.310338841389368e-12,6.86122803017497e-13,-4.4267309817769273e-13,-2.2982260539095022e-14,2.9398506740108134e-12,-2.949288274711748e-12,2.7097280508314725e-12,-1.113508082036437e-12,-1.7462298274040223e-13,6.543014969703838e-16,2.086293233079702e-12,-1.3678778526537982e-08,-5.136208819367383e-09,-4.1142730963188755e-13,2.1229042519424085e-12,-3.9479800381262263e-10,-6.35211555664178e-15,-1.2552474563248816e-10,-9.382943388666568e-12,1.2892294124224467e-11,-2.7677860003905153e-13,1.4466139643179991e-09,2.717431153417218e-12,2.659461678921663e-11,5.445618782840553e-14,-3.357248819560337e-12,-2.496904016879853e-10,-1.3965535704618413e-09,2.4053892558328904e-14,1.3678778811938322e-08,5.136207340884079e-09,3.9308538368847924e-10,4.447723030787122e-10,1.3930432292193498e-09,2.7645997371783835e-13,-1.4466160923379818e-09,-2.659574338803098e-11,-2.7385501274087194e-14,-2.1128284307299814e-12,4.310338841389368e-12,6.867248695622644e-13,-4.4266930861643537e-13,-2.2982267940581853e-14,2.938764964710572e-12,-2.949288241405057e-12,2.709726629746001e-12,-1.113508082036437e-12,-1.5156634466014416e-13,-5.002958156789342e-10,-1.0081930668093264e-11,-7.026096060513965e-12,2.7557585724480306e-12,8.408829188510935e-14,2.2346989633447504e-09,1.7374827063361804e-13,-1.2224107860504596e-08,-1.973184578692629e-11,1.3840795517129897e-11,1.330396062447537e-11,1.532576527698259e-11,2.1020402603729357e-12,-1.57422282616911e-12,4.870074121754442e-13,9.406928053179442e-12,-9.401100886652358e-12,4.116457574809828e-12,-1.8074860127133737e-12,5.49456065831085e-13,1.1620189373691876e-11,-2.2828498913440854e-11,-3.1710857006927996e-11,4.225533274393456e-12,-8.75818676841315e-12,3.876985554301808e-09,9.579606930317704e-13,9.925552862826165e-09,-1.4389045510654341e-11,2.1120823902765815e-11,2.8790394968512013e-11
2.0039495897155577,5.767271449474624e-12,1.2617723162596424e-12,-7.649603617210233e-13,-1.0698255614727259e-13,3.819695848505944e-12,-3.827957217872324e-12,3.0200345690900577e-12,-1.980181481749573e-12,-8.731149137020111e-14,9.614783857903366e-16,2.449069014716828e-12,-1.7201708946146255e-08,-6.442020111796509e-09,-5.527340118343423e-13,2.8818101488965943e-12,-5.308174534844414e-10,-7.874414011468933e-15,-1.4918491936591337e-10,-1.0357685316666064e-11,1.3572466138300895e-11,-4.0112357879706906e-13,1.913773027534124e-09,-3.6813767749711444e-13,2.611080518727588e-11,7.906276355969185e-14,-3.3027496019161053e-12,-3.0323832334033796e-10,-1.54347459877679e-09,2.1303380066950428e-14,1.720170897051645e-08,6.44201883742697e-09,5.284869273909348e-10,5.450967631457027e-10,1.5402588732872808e-09,4.009307782272371e-13,-1.913775061670872e-09,-2.611205696373627e-11,-2.4572936278370132e-14,-2.4726887204451486e-12,5.767271449474624e-12,1.2625354391578489e-12,-7.649558616170301e-13,-1.0698254134429893e-13,3.8182633943506515e-12,-3.8279571845656335e-12,3.020032153244756e-12,-1.980181481749573e-12,-6.559162102348636e-14,-5.851955696319541e-10,-1.2145756045356393e-11,-1.0078964596260676e-11,3.0762647895699048e-12,-1.8251089528575902e-12,2.574059608872767e-09,2.732711549036486e-13,-1.4216767746689266e-08,-2.077094052310713e-11,1.5682145266169843e-11,1.587464642365609e-11,1.8945270587104836e-11,3.280292067605236e-12,-2.70818366251054e-12,1.1196111889451762e-12,1.1272891570213162e-11,-1.1251111692311966e-11,3.855031280863841e-12,-1.162050455860708e-12,1.083693253652503e-12,9.968522742080192e-11,-2.5088775146286935e-11,-4.0174957316452264e-11,3.9803033757834784e-12,-1.3435268453321214e-11,4.07831960709053e-09,1.4002674059103434e-12,1.4864665211321448e-08,-9.934423654082517e-12,2.208609416534894e-11,3.153637028081067e-11
2.092930066429097,7.637349229592585e-12,2.248998498544097e-12,-1.3288387871549883e-12,-2.3354661908096354e-13,4.915091267321259e-12,-4.92116969397216e-12,3.22685025366809e-12,-3.593337571938804e-12,7.372970382372538e-14,1.3928296166702955e-15,2.8642426971869916e-12,-2.1417597001471833e-08,-7.997125323067067e-09,-7.362299634026761e-13,4.357263867672228e-12,-7.064988276945477e-10,-8.863322944509256e-15,-1.7636699279829914e-10,-1.1349814821831745e-11,1.4012589387032014e-11,-5.737632591262809e-13,2.5997786358940757e-09,-6.874558774489454e-12,2.5790600768708106e-11,1.0105185515329539e-13,-3.2096017860573314e-12,-3.615690857827758e-10,-1.6930872208096717e-09,1.9332770338313192e-14,2.1417597023745623e-08,7.997124005062625e-09,7.028762516687083e-10,6.652202074261196e-10,1.690423411713887e-09,5.735348188271375e-13,-2.599780857797293e-09,-2.5791539601053397e-11,-2.3092638912203256e-14,-2.8858397153423234e-12,7.637349229592585e-12,2.2497057254137568e-12,-1.3288347607461522e-12,-2.335466338839372e-13,4.913465545541839e-12,-4.92116966066547e-12,3.226848548365524e-12,-3.5933374794202184e-12,9.48659817368025e-14,-6.732171944652995e-10,-1.4545730664394796e-11,-1.410087397957227e-11,3.295455428542482e-12,-5.674043457304378e-12,2.943325583260048e-09,4.240584476975222e-13,-1.603934025312081e-08,-2.1328864600415425e-11,1.7687854360181323e-11,1.880322939084729e-11,2.3159925004573675e-11,4.9701128546075775e-12,-4.191705234764716e-12,1.7090949692525708e-12,1.334941733266426e-11,-1.3343717658598208e-11,2.9420154135095798e-12,1.4694151451166704e-12,1.9137587514705957e-12,3.834715850340823e-10,-2.7677378966473043e-11,-5.0483088820385546e-11,3.0837821896056994e-12,-2.063883212481225e-11,4.207012464494811e-09,2.0180463824066114e-12,2.4187670968543607e-08,-2.2489787809831796e-12,2.297579686352811e-11,3.42623599218555e-11
2.1858615034246722,1.0011299058971197e-11,3.787378470102946e-12,-2.2070755297439367e-12,-4.262285931607342e-13,6.266236596275121e-12,-6.2689974877905284e-12,3.2210562039836076e-12,-6.210469083445247e-12,3.511862208445867e-13,1.9892662833246503e-15,3.341066717269895e-12,-2.6407823011664888e-08,-9.827659519512366e-09,-9.693614648575195e-13,6.934976991230088e-12,-9.308455593627839e-10,-1.0683378552471533e-14,-2.0738995785453407e-10,-1.2345389568505532e-11,1.4132259336450282e-11,-8.093525849517391e-13,3.549851589562383e-09,-1.694475518185037e-11,2.5559773189412184e-11,1.219693576402799e-13,-3.0870215761736364e-12,-4.235021222598334e-10,-1.8431827640391253e-09,1.761069588768205e-14,2.640782264731155e-08,9.827657972794206e-09,9.248782938394857e-10,8.083956693253064e-10,1.8413949596384798e-09,8.093536600383037e-13,-3.5498532794606044e-09,-2.5560649432934455e-11,-2.1464311809419694e-14,-3.3605710806720404e-12,1.0011299058971197e-11,3.787931272351367e-12,-2.2070713849113114e-12,-4.262286375696552e-13,6.264821195145487e-12,-6.268997454483838e-12,3.221054498681042e-12,-6.210469083445247e-12,3.709203610924305e-13,-7.028652665515741e-10,-1.7347701941616835e-11,-1.9356949998439177e-11,3.3044918268387846e-12,-1.2518769724560267e-11,3.3366179586710926e-09,6.493232192153953e-13,-1.574565346708994e-08,-2.0996130759935266e-11,1.986125385467159e-11,2.2112580868499517e-11,2.8001966270818585e-11,7.49167886245535e-12,-6.282674291924195e-12,2.354932841323413e-12,1.571759871143996e-11,-1.5681913717591202e-11,1.1527977505920717e-12,7.923088111520352e-12,2.918265333088736e-12,1.072430556329588e-09,-3.074419510085136e-11,-6.293254770639578e-11,1.3092514450363524e-12,-2.998831553450524e-11,4.238952367413692e-09,2.867808955841513e-12,4.2691682964163615e-08,1.0120349003273077e-11,2.3776686003103825e-11,3.692556848627796e-11
2.282919333423334,1.2992108133123387e-11,5.637775757350028e-12,-3.335307141583144e-12,-5.406904701743542e-13,7.917697075754404e-12,-7.915504818267749e-12,2.950516488908761e-12,-8.64623826239234e-12,7.819229116042455e-13,2.801373848076883e-15,3.8919429022158764e-12,-3.225145608909408e-08,-1.195764612327288e-08,-1.2641696655264966e-12,1.1146272087358174e-11,-1.2141389481103359e-09,-1.2590276043944471e-14,-2.42562201531113e-10,-1.3328030539681684e-11,1.3843657375564654e-11,-1.1268763699945339e-12,4.515065718351453e-09,-2.0446841383530353e-11,2.5374698039743514e-11,1.458351359741088e-13,-2.931942119937065e-12,-5.010507564406907e-10,-1.9913823561722006e-09,1.6676185895144375e-14,3.2251455960578e-08,1.1957644351830526e-08,1.2042551676730521e-09,9.782701113651417e-10,1.990866008871367e-09,1.1267985390799125e-12,-4.515067564721732e-09,-2.5375762049734845e-11,-2.1464311809419694e-14,-3.910649581939651e-12,1.2992108133123387e-11,5.638203977772112e-12,-3.3353046546835685e-12,-5.406904849773279e-13,7.916236199889682e-12,-7.915504784961058e-12,2.9505162046916667e-12,-8.646238354910925e-12,7.987580374901881e-13,-5.691632395610213e-10,-2.060187398456037e-11,-2.6172216127662294e-11,3.0508775239468377e-12,-2.153460224955476e-11,3.744679630978726e-09,9.811823532504307e-13,-1.025413216662453e-08,-1.9145055910977742e-11,2.2203944348639914e-11,2.5822461015662645e-11,3.3490062122980776e-11,9.076220427080746e-12,-7.526180686075653e-12,2.4490281210394946e-12,1.8300500914669727e-11,-1.8260609074838287e-11,-4.675601417147846e-13,1.8002893805342998e-11,4.221571240729342e-12,2.3624384387706715e-09,-3.4010554372798654e-11,-7.784262399113118e-11,-3.060316089431581e-13,-3.4320670749821147e-11,4.147821672691983e-09,4.01898633459603e-12,7.434974054276381e-08,2.913143800261272e-11,2.447359047971985e-11,3.948078913777939e-11
2.3842867788067266,1.6694732957826695e-11,7.104972610250116e-12,-4.3668435978361234e-12,-4.053071804103562e-13,9.915129339788109e-12,-9.90813535661772e-12,2.596611636818125e-12,-8.970255926943339e-12,1.3562384992837907e-12,3.890327835553951e-15,4.533353727131928e-12,-3.902260348187525e-08,-1.4407794957094211e-08,-1.6326224536475763e-12,1.770531157821244e-11,-1.567928009649222e-09,-1.511136593461415e-14,-2.8217258408319567e-10,-1.4281907375081758e-11,1.3052477380579988e-11,-1.5476508963274682e-12,4.9889613417668126e-09,-3.899158496468941e-12,2.5209839079910145e-11,1.8061691846647774e-13,-2.7088207894754178e-12,-6.188270340601321e-10,-2.135127630253919e-09,1.5546302671124817e-14,3.9022603048113914e-08,1.440779324005996e-08,1.5518540373810665e-09,1.178901440951184e-09,2.136356098485452e-09,1.5478595233696803e-12,-4.988963094253857e-09,-2.521071532343242e-11,-2.1316282072803006e-14,-4.5507301630702086e-12,1.6694732957826695e-11,7.105271038199134e-12,-4.36684075566518e-12,-4.0530719521332987e-13,9.913958365359576e-12,-9.90813532331103e-12,2.59660936308137e-12,-8.970256019461923e-12,1.3738618539112698e-12,-1.6783208896716436e-10,-2.428569132462144e-11,-3.494146447735602e-11,2.714486697641405e-12,-2.951095220045848e-11,4.15414581286993e-09,1.4633494469164325e-12,3.2093906113684635e-09,-1.4839870073520462e-11,2.4715157023201413e-11,2.9948492249339035e-11,3.9626224528725435e-11,7.353306349007957e-12,-6.381242201314308e-12,2.2901559759702648e-12,2.1108982278805755e-11,-2.1064378113999638e-11,-2.4835884460117087e-13,3.06174556078768e-11,5.65414666198194e-12,4.218533770957341e-09,-3.649674908956513e-11,-9.555095381585943e-11,-9.602615591575159e-14,-2.314156274015507e-11,3.905364068310812e-09,5.555012746946078e-12,1.2060966237832765e-07,5.738202505748783e-11,2.504603952930398e-11,4.1878489226372704e-11
2.4901551974979,2.124525509642791e-11,7.216901091548304e-12,-4.789223358632929e-12,1.5575521613205485e-13,1.2306736607570201e-11,-1.2296673024270176e-11,2.654776380950352e-12,-4.403929720897537e-12,2.0081643015146257e-12,5.328428823948372e-15,5.286829712440137e-12,-4.67874393395018e-08,-1.7194187323932297e-08,-2.08752719971228e-12,2.7550408631036942e-11,-2.004958897318586e-09,-1.989471684182148e-14,-3.264817110236462e-10,-1.5188202762656108e-11,1.1658429894121255e-11,-2.0979884496341583e-12,4.465887622497474e-09,5.842913365746266e-11,2.5049987225918337e-11,2.3577600811590307e-13,-2.3420346393753805e-12,-8.088872682776582e-10,-2.2715799267442953e-09,1.4447283068948675e-14,4.678743898879628e-08,1.7194185978968914e-08,1.9794947391827846e-09,1.4147634421746384e-09,2.2751083058835445e-09,2.098210251882505e-12,-4.465889523632972e-09,-2.505098864708665e-11,-2.1760371282653068e-14,-5.303461373766065e-12,2.124525509642791e-11,7.217127044138275e-12,-4.789220042766828e-12,1.5575517172313387e-13,1.230596922141558e-11,-1.2296672990963486e-11,2.6547741072135977e-12,-4.403929720897537e-12,2.0297970119524206e-12,4.5933605482180916e-10,-2.823690010700375e-11,-4.61396440165629e-11,2.7880213337994064e-12,-3.0187354838062676e-11,4.546733248298617e-09,2.154357026529532e-12,2.2228609763976974e-08,-6.713962719118172e-12,2.7390487349952354e-11,3.4500599270097774e-11,4.6392861578601786e-11,-1.2047010500282341e-12,-1.526045423361211e-12,3.7209915149105654e-12,2.4090666062015486e-11,-2.406424738365942e-11,4.160135205211191e-12,3.839520590354084e-11,6.213364637612055e-12,5.61805791221559e-09,-3.672648745123297e-11,-1.1640367780785255e-10,4.288381205697078e-12,1.226220828579964e-11,3.4815328527092536e-09,7.57386718008161e-12,1.652973599895898e-07,9.82715020469982e-11,2.5462157415776418e-11,4.4059450228333754e-11
2.600724444200114,2.6779365123110772e-11,5.4712775939454635e-12,-4.152910193511161e-12,9.445776753362149e-13,1.514181349193677e-11,-1.5131435893156465e-11,3.77375442894845e-12,4.6626996708099e-12,2.6232252518335977e-12,7.199094662006905e-15,6.179770237202398e-12,-5.5600666848398816e-08,-2.0326760968858437e-08,-2.6432560877190768e-12,4.188851971760214e-11,-2.5390316833145174e-09,-2.671456263668437e-14,-3.757205752248638e-10,-1.6025060800303682e-11,9.555231031071774e-12,-2.8071989177647083e-12,3.044173807763084e-09,1.3085298878415974e-10,2.4886630397837437e-11,3.176886412674966e-13,-1.7172182427745689e-12,-1.088155787698497e-09,-2.397426133584727e-09,1.352122985335639e-14,5.560066667550245e-08,2.032675908938762e-08,2.4997861552963077e-09,1.6907275187730479e-09,2.4038947544433226e-09,2.8071164286883465e-12,-3.044175145599176e-09,-2.4887569230182728e-11,-2.2500519965736505e-14,-6.1950444774083735e-12,2.6779365123110772e-11,5.471952135849278e-12,-4.1529065223736934e-12,9.445776605332412e-13,1.5141154108277987e-11,-1.5131435859849773e-11,3.773751302560413e-12,4.6626996708099e-12,2.6378415896033403e-12,1.1352919197330872e-09,-3.212990122847259e-11,-6.033195418808645e-11,3.918096638244606e-12,-1.9489928189860468e-11,4.898321412565764e-09,3.1313123284817975e-12,4.071365884835383e-08,7.196391630751957e-12,3.022011775564956e-11,3.948063783356021e-11,5.374969680941213e-11,-1.171322168147526e-11,4.6065991909927105e-12,5.520156776128715e-12,2.7216499287607832e-11,-2.7210723346771105e-11,1.2384920324848281e-11,3.318309294009225e-11,5.1431925385259094e-12,5.544311716221273e-09,-3.325330908410251e-11,-1.407401739150771e-10,1.249593196916976e-11,6.081530094329916e-11,2.84449199336908e-09,1.01878652504784e-11,1.7504218537274952e-07,1.5618147516012945e-10,2.56859997944414e-11,4.595353092283716e-11
2.7162032476755686,3.343999180152273e-11,3.810904066388806e-12,-3.395682549959626e-12,1.4953589329754398e-12,1.8472201190888883e-11,-1.8460613060433672e-11,5.649156946674339e-12,9.830144753752989e-12,3.1257513910531996e-12,9.596147104954773e-15,7.247580718442818e-12,-6.550097700341873e-08,-2.3807442683931868e-08,-3.3152904404888862e-12,6.224293990686073e-11,-3.184782913580518e-09,-3.4854728153156656e-14,-4.301080293572096e-10,-1.677191654292881e-11,6.636840423165602e-12,-3.70714570152586e-12,1.8250648011877838e-09,2.2647723704433916e-10,2.471507443394098e-11,4.102978509656769e-13,-7.773297110935836e-13,-1.4086118049760898e-09,-2.509401265593772e-09,1.2726834921576261e-14,6.550097683552833e-08,2.3807441259908547e-08,3.1258550002049984e-09,2.012028157000088e-09,2.5195354168638684e-09,3.707097136905271e-12,-1.8250671717394556e-09,-2.4716075855109295e-11,-2.338869838543663e-14,-7.261450699994991e-12,3.343999180152273e-11,3.81156866069432e-12,-3.39568018148384e-12,1.4953589403769267e-12,1.847123485276825e-11,-1.8460613038229214e-11,5.649154104503396e-12,9.830144753752989e-12,3.139045171944114e-12,1.7185850689808528e-09,-3.5627817851491274e-11,-7.818248874968958e-11,5.807111449485092e-12,-8.165019771411153e-12,5.178006912132105e-09,4.494153370326449e-12,5.749430913268697e-08,2.966501118824757e-11,3.3191218999370486e-11,4.4881618253692237e-11,6.163011251025639e-11,-1.992033039262727e-11,7.98913077915131e-12,7.673471221399571e-12,3.044456420298047e-11,-3.0431804609598604e-11,1.7090504940142636e-11,8.909395332601377e-11,4.338471626397222e-12,6.119564447241525e-09,-2.8452268452383578e-11,-1.6886398315207884e-10,1.7235139324611737e-11,1.4821629849374556e-10,1.9626164905137328e-09,1.3522495681462222e-11,1.5952544276483934e-07,2.3665961782863104e-10,2.5756829810036336e-11,4.7523928601706035e-11
2.836809604776269,4.1373903063802786e-11,1.8018909031525255e-12,-2.4343756640140175e-12,2.0080055544250777e-12,2.2339554561767727e-11,-2.2326364479408056e-11,8.057910179104511e-12,1.8590501082993427e-11,3.5506673157215118e-12,1.2622231408318259e-14,8.540218011943157e-12,-7.650671526859831e-08,-2.7628428850290376e-08,-4.119138376124892e-12,9.050118820275574e-11,-3.957351430677087e-09,-4.3951645166233344e-14,-4.899265218342997e-10,-1.7427115951868354e-11,2.8294477044762634e-12,-4.8330228707982315e-12,8.228768410687575e-10,1.790144013320265e-10,2.4532002126608937e-11,5.251749903537646e-13,5.425746831531861e-13,-1.7977969335447596e-09,-2.606829894066217e-09,1.2000708586590303e-14,7.650671482343168e-08,2.7628426869736763e-08,3.870968475772761e-09,2.384308699415612e-09,2.6214256669769275e-09,4.833289334423438e-12,-8.22878288924265e-10,-2.453294095895423e-11,-2.590520390792032e-14,-8.553306211448822e-12,4.1373903063802786e-11,1.8024948644779214e-12,-2.4343729402668638e-12,2.008005584031025e-12,2.2338133476296208e-11,-2.2326364457203595e-11,8.057906768499378e-12,1.8590501082993427e-11,3.572417502558286e-12,2.3917401752745114e-09,-3.870663931593299e-11,-1.0046248277717495e-10,8.235853670157667e-12,9.9670553292223e-12,5.347692960290432e-09,6.370323708529475e-12,7.389566514099491e-08,6.45484406665749e-11,3.630115096059817e-11,5.0694535233076196e-11,6.993879102846062e-11,-1.4781821988663068e-11,1.0581567740549265e-11,-1.8047996282651488e-12,3.363336631423408e-11,-3.3641816959972816e-11,2.565071582694145e-11,4.631912094617737e-11,2.9417909293745954e-12,4.353814923282092e-09,-2.2287895262707025e-11,-2.0107602818342229e-10,2.5815952966468102e-11,1.6179669160010235e-10,8.142550716370828e-10,1.771410334244867e-11,8.712729664264477e-08,3.4656496191350544e-10,2.5819934356355294e-11,4.882125168262255e-11
2.962771191970869,5.072765784689155e-11,7.051615587746103e-13,-1.4271037684920885e-12,1.536302722075315e-12,2.6778980100061744e-11,-2.6764972793635877e-11,1.1518551445988124e-11,2.0197171712865726e-11,3.85140689710776e-12,1.638621784494445e-14,1.0125774929185353e-11,-8.861679792748767e-08,-3.1772543346297866e-08,-5.070773909892397e-12,1.2896061481837814e-10,-4.871966639642876e-09,-5.4373153657479024e-14,-5.554805114146855e-10,-1.8003704147661654e-11,-1.892831670230208e-12,-6.222133919209227e-12,3.170749239962592e-10,7.199435833763587e-11,2.4335473222327703e-11,6.486948882893166e-13,2.376638434902288e-12,-2.2094922336179935e-09,-2.6916232550293835e-09,1.1479749442711018e-14,8.861679770370156e-08,3.1772541503230405e-08,4.748076085466096e-09,2.813792012972914e-09,2.711517790015201e-09,6.222468750731917e-12,-3.1707635437090397e-10,-2.4336161699380918e-11,-2.960594732333751e-14,-1.013900075008678e-11,5.072765784689155e-11,7.057683622709495e-13,-1.427101992135249e-12,1.536302759082749e-12,2.6778815254147047e-11,-2.6764972771431416e-11,1.1518548035382991e-11,2.0197171712865726e-11,3.8716753654928954e-12,2.791978962098559e-09,-4.107860149815679e-11,-1.280641431122831e-10,1.1723491581960844e-11,2.7447059440059244e-11,5.36293743264156e-09,8.919723226014315e-12,8.175896034785989e-08,1.171265306965097e-10,3.955604438106666e-11,5.691326669309221e-11,7.85574517268232e-11,2.869657815078123e-12,2.1839942595155056e-12,-6.039582700623214e-12,3.684252227187379e-11,-3.679983537341336e-11,2.8538147063272844e-11,-4.802118147573253e-11,1.6903262197350463e-12,1.5175234390577922e-09,-1.4573015505447983e-11,-2.3767031658294966e-10,2.881511896646316e-11,8.247897032021001e-11,-6.081650428735577e-10,2.2906230175268647e-11,3.687533044462475e-08,4.942932359715732e-10,2.5834029322236233e-11,4.9864895187640214e-11
3.0943257951443592,6.164399057580067e-11,1.7835797431568305e-12,-1.6845550732114134e-12,8.685083023133681e-13,3.183322405675426e-11,-3.181155707743244e-11,1.5057059670198214e-11,1.366054561136032e-11,4.10169983903567e-12,2.099948817469704e-14,1.2081919376997577e-11,-1.0181633008921054e-07,-3.621550129229156e-08,-6.185727618368157e-12,1.8035299909019819e-10,-5.9435458142433265e-09,-6.471307322473974e-14,-6.268968837097599e-10,-1.8495957349686116e-11,-7.572146892471318e-12,-7.911338251176403e-12,2.4712534702969086e-10,5.7006330029272216e-11,2.412454888875198e-11,7.714211795079886e-13,4.756727078673526e-12,-2.6357132476562127e-09,-2.7631073656499044e-09,1.0928071237277978e-14,1.0181633021706169e-07,3.621549905792876e-08,5.769377902067305e-09,3.3072569040108353e-09,2.7891731689124838e-09,7.911710479849742e-12,-2.471268354090164e-10,-2.4125237365805196e-11,-3.375077994860476e-14,-1.209462160052984e-11,6.164399057580067e-11,1.7841799149209692e-12,-1.684554481092467e-12,8.685083356200588e-13,3.1833201319386714e-11,-3.181155705522798e-11,1.505705739646146e-11,1.366054561136032e-11,4.123868772391385e-12,2.9325873280564945e-09,-4.2658211896196006e-11,-1.620092534793116e-10,1.5309645391425874e-11,3.645692044547862e-11,5.172936781770043e-09,1.2339720776979822e-11,8.543507731461653e-08,1.9453601692494735e-10,4.294237645681916e-11,6.35255052457395e-11,8.735675314142012e-11,1.3691141731442258e-11,-7.69192733211336e-12,-1.934466335266431e-12,3.995689377700451e-11,-3.9885106817294515e-11,2.3095052981148002e-11,-3.677507974068443e-11,2.4029456350641945e-12,9.501658496446907e-10,-9.741597750689835e-12,-2.788803763031922e-10,2.356573077122448e-11,5.437370960888662e-11,-2.3176412339674756e-09,2.924451402375539e-11,2.9807060776757095e-08,6.901061203971418e-10,2.5597330953675738e-11,5.059741844265689e-11
3.231721758481954,7.425865574528868e-11,4.298635758459568e-12,-3.1290870339262254e-12,5.715876290797913e-13,3.7532663554884495e-11,-3.749802872654584e-11,1.8164389814501193e-11,7.342378557003333e-12,4.49945218861103e-12,2.65712441471993e-14,1.4494666173333245e-11,-1.1607644193056821e-07,-4.092603603234046e-08,-7.478939807489022e-12,2.4784409612667116e-10,-7.186323758290315e-09,-7.629607395084198e-14,-7.040546506475315e-10,-1.8880727085139057e-11,-1.428678991567452e-11,-9.936051981185301e-12,2.828226179936206e-10,7.064736312161639e-11,2.389935430352781e-11,9.066509328065507e-13,7.74632132821443e-12,-3.115695879074565e-09,-2.817915823163995e-09,1.0585788611424304e-14,1.1607644205413337e-07,4.0926034245651515e-08,6.945957750607426e-09,3.871767818902738e-09,2.8510806506374285e-09,9.93676370020895e-12,-2.828241202628973e-10,-2.3900042780581026e-11,-3.8931820730188825e-14,-1.4507210247908612e-11,7.425865574528868e-11,4.299409776346389e-12,-3.1290841917552827e-12,5.715876660872255e-13,3.753298187803011e-11,-3.749802872654584e-11,1.8164386972330247e-11,7.342378603262627e-12,4.520478569247643e-12,3.0054788415630658e-09,-4.37605194747448e-11,-2.0345423923373573e-10,1.849069207082721e-11,4.208743279813613e-11,4.7183995986840545e-09,1.686995355341421e-11,8.833640674050418e-08,3.063123828657884e-10,4.642488921796762e-11,7.050676298215436e-11,9.619932258894529e-11,1.8190003340616083e-11,-1.292079427154628e-11,1.3585745269513913e-12,4.295488225669608e-11,-4.284473077986739e-11,1.712925019603517e-11,5.855337048554787e-12,4.319311604679872e-12,1.303645937393109e-09,-8.224196790251881e-12,-3.248800200417179e-10,1.7784331589609793e-11,5.583936479869322e-11,-4.337732989338729e-09,3.687036739494303e-11,3.397477936356067e-08,9.462995572325401e-10,2.5050431534252183e-11,5.095325743999907e-11
3.3752184532845706,8.869643456430896e-11,7.480897086982926e-12,-5.282200514026651e-12,6.601826936976825e-13,4.389912646729499e-11,-4.3847773267824406e-11,2.063919367856215e-11,6.28991419134491e-12,5.25033101439476e-12,3.320326676161341e-14,1.7465860933466953e-11,-1.3134731705055636e-07,-4.586352825297624e-08,-8.963427873195928e-12,3.350190772121493e-10,-8.613420611678992e-09,-9.012160050343721e-14,-7.866489812845268e-10,-1.9138866847934457e-11,-2.2106168034673805e-11,-1.2329692822277138e-11,2.518107515812341e-10,6.253325362619511e-11,2.366089088782351e-11,1.06349253334747e-12,1.1445946656897198e-11,-3.6755588794790127e-09,-2.8530201457135982e-09,1.0686402573030959e-14,1.3134731734569652e-07,4.58635264483556e-08,8.287364354458374e-09,4.514514117189004e-09,2.8942624395314026e-09,1.2330296165129252e-11,-2.518122347002563e-10,-2.3661454187230685e-11,-4.529709940470639e-14,-1.7477871002332297e-11,8.869643456430896e-11,7.482015481249013e-12,-5.282198500822233e-12,6.601827270043733e-13,4.3899814272663204e-11,-4.3847773267824406e-11,2.0639190552174114e-11,6.289914237604203e-12,5.276215612563343e-12,3.1382282031700014e-09,-4.480534698814154e-11,-2.5369245744144566e-10,2.1067304487587534e-11,4.819448247891008e-11,3.930065730215379e-09,2.2796623388053002e-11,9.21914896870922e-08,4.6503578765566544e-10,4.9963274444606385e-11,7.781691145528087e-11,1.0493377172820013e-10,2.0959745228310566e-11,-1.3728497805232109e-11,-1.633241690039237e-14,4.5721840474799436e-11,-4.559649532387411e-11,1.6264775553054277e-11,7.537741680829769e-12,7.184644346125424e-12,1.251112068227182e-09,-8.756978786550462e-12,-3.7575449471916043e-10,1.7030663528316835e-11,5.0837841159001585e-11,-6.689052619295517e-09,4.5914032106332156e-11,3.0521695620294945e-08,1.2772998954820498e-09,2.4229634932270134e-11,5.0849623963189946e-11
3.5250867676009126,1.0506537432747906e-10,1.1313629026214281e-11,-7.858817951955643e-12,7.520381761771944e-13,5.09424353367649e-11,-5.087059947728178e-11,2.2916432556030487e-11,6.689756896586611e-12,6.486273681124051e-12,4.098450786228629e-14,2.1115878143240785e-11,-1.475484272261962e-07,-5.097468308568054e-08,-1.0651931965445703e-11,4.4584990926123194e-10,-1.0236232179343981e-08,-1.0558200906445048e-13,-8.742418685248749e-10,-1.9256298751928676e-11,-3.107002946266871e-11,-1.5119461238555232e-11,2.3082210060503713e-10,5.645325723428362e-11,2.3411537016913813e-11,1.2398463217085138e-12,1.6015775686431612e-11,-4.314459189913578e-09,-2.866287878878951e-09,1.0622651485288811e-14,1.4754842751195125e-07,5.0974681186446324e-08,9.801033847722212e-09,5.242751394396812e-09,2.916612164960936e-09,1.51201144927245e-11,-2.3082319807831232e-10,-2.3412225493967028e-11,-5.2698586235540766e-14,-2.1127692188353347e-11,1.0506537432747906e-10,1.1314858265147146e-11,-7.858816057175014e-12,7.520382131846285e-13,5.094261155136337e-11,-5.0870599488384014e-11,2.291643141916211e-11,6.689756942845903e-12,6.513010930575547e-12,3.2820767955854534e-09,-4.5990600483492017e-11,-3.141535589890054e-10,2.3469986274449185e-11,5.390385323285803e-11,2.7285490146370153e-09,3.045601994289514e-11,9.609361539448285e-08,6.870971199409345e-10,5.3517008416333636e-11,8.539638437410078e-11,1.1338635388313927e-10,2.3646851351107518e-11,-1.4526095052739645e-11,-1.2237717802084566e-12,4.8172853839290045e-11,-4.805123955953228e-11,1.6772364226369518e-11,3.8400051656968986e-13,1.048016808150957e-11,1.1757629787704596e-09,-1.0398616723250598e-11,-4.314806468563859e-10,1.7626008528282e-11,4.671149115657395e-11,-9.383314977730996e-09,5.6487514574914646e-11,2.814687288983782e-08,1.6997874219271125e-09,2.3162777652125602e-11,5.020909601277657e-11
3.6816096176004676,1.2344875593308306e-10,1.5750871777224044e-11,-1.0782209554823414e-11,7.818256431146864e-13,5.865476850885898e-11,-5.856000093729109e-11,2.514526045160892e-11,7.734984805440881e-12,8.356679851810138e-12,4.998552780745717e-14,2.558400019614382e-11,-1.6455791174152523e-07,-5.6190058023153355e-08,-1.2552963535950432e-11,5.846414458085735e-10,-1.2063585685950784e-08,-1.2355499923958486e-13,-9.662360354097815e-10,-1.9224910746039164e-11,-4.118725618556826e-11,-1.8326784534394847e-11,2.1249323429449124e-10,5.120821570730211e-11,2.3153420710781384e-11,1.4368541771784034e-12,2.1625549304846564e-11,-5.040940820322248e-09,-2.8562828588107106e-09,1.1034142349819476e-14,1.645579123975353e-07,5.619005621949834e-08,1.1491497126791771e-08,6.063688101315713e-09,2.916693259652621e-09,1.832732973167437e-11,-2.1249418643469717e-10,-2.315435954312668e-11,-6.276460832547552e-14,-2.5596561907074527e-11,1.2344875593308306e-10,1.5752147438282312e-11,-1.078220807452605e-11,7.818256764213771e-13,5.865451271347411e-11,-5.856000094839331e-11,2.514526045160892e-11,7.734984851700173e-12,8.377223063386434e-12,3.439607098698616e-09,-4.7576031647622587e-11,-3.8639516901639583e-10,2.5847014057944763e-11,5.947593232728347e-11,1.024712201396681e-09,4.0236988801329565e-11,1.0007072351327203e-07,9.935989808695922e-10,5.7042614724424057e-11,9.316659224767429e-11,1.213534868632782e-10,2.6891993106422283e-11,-1.6165528412178294e-11,-1.8791244116300733e-12,5.0255628208928374e-11,-5.0115333655176286e-11,1.7860238230582582e-11,-9.801917888463407e-12,1.4458116008124003e-11,1.118609846647208e-09,-1.3233511708676815e-11,-4.919064713782007e-10,1.8792027702829728e-11,4.393026979225094e-11,-1.2423000483616156e-08,6.867738424459018e-11,2.604504574020995e-08,2.2327724114035163e-09,2.1855573244291903e-11,4.8985726441350156e-11
3.845082481652771,1.43894943787518e-10,2.0820031447025636e-11,-1.4047775683441917e-11,7.176472601363078e-13,6.70093868393451e-11,-6.688959726108834e-11,2.7518155718553316e-11,8.31278071840765e-12,1.1005128423372904e-11,6.025242712566615e-14,3.102873166738185e-11,-1.8220537426061334e-07,-6.14221157269057e-08,-1.4671444397915123e-11,7.559427810904003e-10,-1.4100649536885614e-08,-1.4359969647843169e-13,-1.0618388214273662e-09,-1.9040407170830528e-11,-5.243054032761206e-11,-2.1963764140764397e-11,1.9757340083700172e-10,4.7114726895585354e-11,2.2883475117098275e-11,1.6550061751311334e-12,2.8472938662443396e-11,-5.862675322987343e-09,-2.8223769574683397e-09,1.1986794658710073e-14,1.8220537485597586e-07,6.142211403002766e-08,1.3359378174995108e-08,6.9842958679325435e-09,2.8938454733282354e-09,2.1964327362650267e-11,-1.9757388727037013e-10,-2.2884226182974506e-11,-7.35707790984937e-14,-3.104183576851938e-11,1.43894943787518e-10,2.0821380530833268e-11,-1.4047773847873183e-11,7.176472915926269e-13,6.700907988488325e-11,-6.68895972832928e-11,2.7518154865902032e-11,8.312780764666942e-12,1.1026372703781818e-11,3.6115447680155437e-09,-4.9892696551978586e-11,-4.720891277898431e-10,2.8389503938797132e-11,6.516727898050097e-11,-1.279621834849787e-09,5.2581968259696494e-11,1.0407847912549623e-07,1.4113929284557496e-09,6.049113976308729e-11,1.01032429953471e-10,1.2860099102832883e-10,3.0918031631207065e-11,-1.8932390114893377e-11,-1.708038629052074e-12,5.184353459308788e-11,-5.1692483060694626e-11,1.837082692190961e-11,-1.6345007014528788e-11,1.891909657085004e-11,1.1050052611002078e-09,-1.7613092495594174e-11,-5.567259039551686e-10,1.939064993905504e-11,4.1488260419756764e-11,-1.579972274459524e-08,8.253692637145207e-11,2.4303244595315184e-08,2.8975883914483802e-09,2.0305882073276954e-11,4.71606768656377e-11
4.015813958121152,1.6640615544962535e-10,2.6659957560089727e-11,-1.7792549833473003e-11,6.273323046220488e-13,7.595717761432752e-11,-7.580956320474286e-11,3.003604717832786e-11,8.30306302879169e-12,1.460236186782519e-11,7.179981731999037e-14,3.762764983853787e-11,-2.0027008371115151e-07,-6.656560164186587e-08,-1.700876837067552e-11,9.644151567374843e-10,-1.6347692723327004e-08,-1.6619377315313377e-13,-1.160034120237935e-09,-1.8704156440728466e-11,-6.473016859681343e-11,-2.6031843347595895e-11,1.8629442220974474e-10,4.4260590767942534e-11,2.2571657600815115e-11,1.894322241305282e-12,3.67861113135397e-11,-6.7871524400686665e-09,-2.7648599688804056e-09,1.3323832777819197e-14,2.0027008422248836e-07,6.656560011588519e-08,1.5400286556476252e-08,8.011072343717438e-09,2.8482917607173925e-09,2.603239604964358e-11,-1.8629538136225587e-10,-2.2572408666691347e-11,-8.67454256573789e-14,-3.764248172425747e-11,1.6640615544962535e-10,2.666122279985454e-11,-1.7792548057116164e-11,6.273323490309698e-13,7.595688771289132e-11,-7.580956322694732e-11,3.00360454730253e-11,8.303063051921338e-12,1.4623579621305302e-11,3.799619541193048e-09,-5.3348048822954294e-11,-5.729983957536433e-10,3.110034271003315e-11,7.094548060138095e-11,-4.290340589256873e-09,6.798604592178521e-11,1.0807422970075471e-07,1.9742669721267703e-09,6.380735977209788e-11,1.088837841729264e-10,1.348717391282529e-10,3.489262544083734e-11,-2.1867735000569154e-11,-1.242743981795987e-12,5.284716730891148e-11,-5.2685881668512735e-11,1.817535835613171e-11,-1.841849247193513e-11,2.3883088336636623e-11,1.1449684582961103e-09,-2.4554356059525163e-11,-6.254493738921951e-10,1.929497571495631e-11,3.9389551250342456e-11,-1.949237667916153e-08,9.807703419606343e-11,2.2948114339997025e-08,3.71777941765572e-09,1.851439264875032e-11,4.472890947564434e-11
4.194126347923943,1.909272779880198e-10,3.332982790501167e-11,-2.2075247289402946e-11,5.402099600981814e-13,8.542137948097662e-11,-8.524328105607992e-11,3.2682555399787814e-11,7.74480979348624e-12,1.9346286232272783e-11,8.46027168537135e-14,4.557569599494826e-11,-2.18482426456168e-07,-7.149942762851857e-08,-1.9557781423639494e-11,1.214645473735351e-09,-1.8798820912633932e-08,-1.9152674509293616e-13,-1.2595726389848238e-09,-1.8224806353972758e-11,-7.796959894180774e-11,-3.051847663471108e-11,1.757458364576727e-10,4.175818987650627e-11,2.2109971147811758e-11,2.1543204906611175e-12,4.683050645656119e-11,-7.821707814770206e-09,-2.6849404353570633e-09,1.5675214309433343e-14,2.184824266765321e-07,7.149942619523718e-08,1.7603733285785767e-08,9.149770628925565e-09,2.781132346382711e-09,3.0519008392797116e-11,-1.757470366634871e-10,-2.2111003863391577e-11,-1.0154839931904765e-13,-4.559286281846653e-11,1.909272779880198e-10,3.333090224562814e-11,-2.2075245690681793e-11,5.402100026567306e-13,8.542137379663473e-11,-8.524328107828438e-11,3.268255511557072e-11,7.744809816615887e-12,1.936923960480878e-11,4.008728622769316e-09,-5.85561792831868e-11,-6.909425650292178e-10,3.3965345949127367e-11,7.683375417381437e-11,-8.119025968329784e-09,8.699330407828388e-11,1.120407507949525e-07,2.7242569681599584e-09,6.6930257536864e-11,1.165958072800874e-10,1.3989740537073777e-10,3.8577921775602896e-11,-2.4601701416789486e-11,-7.823656981524133e-13,5.317884247957316e-11,-5.30019190259079e-11,1.7326242165438545e-11,-1.7082437362795725e-11,2.9609357928469155e-11,1.215824158862233e-09,-3.490094968583435e-11,-6.973874599580654e-10,1.855673801287594e-11,3.685565130862045e-11,-2.34658346500819e-08,1.1525570071665785e-10,2.1653958060626902e-08,4.718851457733801e-09,1.648991819701093e-11,4.169315576234752e-11
4.380356262962904,2.1733532880068032e-10,4.085935264204939e-11,-2.6927985767126e-11,4.746675848673239e-13,9.529594535706564e-11,-9.508449299033827e-11,3.535036483981457e-11,7.092833612110106e-12,2.5469732160369555e-11,9.858785114319604e-14,5.508222813051707e-11,-2.3652604513868525e-07,-7.608906268941062e-08,-2.2305201150877945e-11,1.5108987213634043e-09,-2.1440742673358874e-08,-2.198607696726404e-13,-1.358967215234902e-09,-1.7616339588627905e-11,-9.198193724778781e-11,-3.539435411425984e-11,1.6445308728418272e-10,3.915357500781957e-11,2.1083670922349473e-11,2.434326504181845e-12,5.893931569085218e-11,-8.972726028844136e-09,-2.5847532899555264e-09,1.874386785829148e-14,2.3652604525076465e-07,7.608906133612303e-08,1.995214910635141e-08,1.0405098747681493e-08,2.6943491042914544e-09,3.539494788422352e-11,-1.6445501156960062e-10,-2.1084547165871744e-11,-1.1901590823981678e-13,-5.510258915819577e-11,2.1733532880068032e-10,4.0860853308307317e-11,-2.6927984582888106e-11,4.746676329769883e-13,9.529616136205731e-11,-9.508449301254273e-11,3.5350362850294916e-11,7.092833635239752e-12,2.549355334243349e-11,4.243270571654041e-09,-6.636473699472845e-11,-8.277525850530765e-10,3.688093443088292e-11,8.266310895047961e-11,-1.2880196960675802e-08,1.1018961540582189e-10,1.1594189911528288e-07,3.7130901316591767e-09,6.979442199422751e-11,1.2402916429142542e-10,1.4341001824003801e-10,4.1694141117432085e-11,-2.6816298041391442e-11,-5.071970103169103e-13,5.274629739093761e-11,-5.255553500171928e-11,1.6302784580091155e-11,-1.5167005475621072e-11,3.612170379104403e-11,1.3059053647642335e-09,-4.949706635670737e-11,-7.716334618379506e-10,1.764623149824729e-11,3.423852275770874e-11,-2.766988036628265e-08,1.3396677442277053e-10,2.0256329266883434e-08,5.927826599953316e-09,1.4252411591595485e-11,3.8066142780219734e-11
4.5748552615674045,2.4542980224447626e-10,4.921882161094497e-11,-3.2324002082380805e-11,4.2153836162424813e-13,1.0544299584580585e-10,-1.0519524655805412e-10,3.800140461862611e-11,6.427729621708937e-12,3.3234634126226105e-11,1.1362528144664922e-13,6.636667026123828e-11,-2.540401944362003e-07,-8.01892140189775e-08,-2.5227975555571532e-11,1.8568076336162152e-09,-2.42516192841943e-08,-2.5084955813936547e-13,-1.4565004890533528e-09,-1.6898569107333944e-11,-1.0654626254670337e-10,-4.0610959040066064e-11,1.5174135481024632e-10,3.623188108564954e-11,1.8034155698370273e-11,2.735076311756919e-12,7.361964930772243e-11,-1.0245390136276456e-08,-2.467473667249663e-09,2.328681952129541e-14,2.540401945455692e-07,8.01892128354353e-08,2.2420039366709244e-08,1.1780396063044908e-08,2.590916144420006e-09,4.0611602303938323e-11,-1.5174297125904766e-10,-1.8035219708361603e-11,-1.3855583347321954e-13,-6.639133687258436e-11,2.4542980224447626e-10,4.9220645810995244e-11,-3.232400054287155e-11,4.2153840603316915e-13,1.0544290489633567e-10,-1.0519524658025858e-10,3.8001401492238076e-11,6.427729621708937e-12,3.326038798453131e-11,4.507756481568019e-09,-7.790658855810761e-11,-9.852127305975955e-10,3.9811552028368166e-11,8.836222716486948e-11,-1.8687705439960113e-08,1.3819109773100786e-10,1.1972965050819828e-07,5.003693311541231e-09,7.233232615893714e-11,1.310314542068633e-10,1.4515239647446085e-10,4.415804480591608e-11,-2.8528939092590616e-11,-3.617602809905899e-13,5.145414626039901e-11,-5.127498748924708e-11,1.5200550684824064e-11,-1.3307999193375626e-11,4.330959200160578e-11,1.4084759944429e-09,-6.906957423780114e-11,-8.47054557517879e-10,1.665666246708497e-11,3.146972145836221e-11,-3.203810144829201e-08,1.5402921843001282e-10,1.868105746431067e-08,7.372582988551812e-09,1.1835178607724356e-11,3.387719309134414e-11
4.777990512153968,2.7492424832003544e-10,5.836433653409283e-11,-3.822750009874198e-11,3.7045761088390825e-13,1.1569027265068143e-10,-1.1540478888072414e-10,4.0694295080356824e-11,5.325061063395549e-12,4.290874737004439e-11,1.295213324754812e-13,7.965340944697068e-11,-2.7062365529073595e-07,-8.364725925802396e-08,-2.829361574519161e-11,2.255002185724434e-09,-2.720001906248675e-08,-2.8510081394230585e-13,-1.5502465226455154e-09,-1.6100078311886205e-11,-1.2138384975774812e-10,-4.6098014294670975e-11,1.375605214455383e-10,3.2963046364803545e-11,1.2148678314554412e-11,3.0477920754454443e-12,9.145530455388636e-11,-1.1643342379130672e-08,-2.3375300661507216e-09,2.8560920989351146e-14,2.7062365559864937e-07,8.364725790615938e-08,2.497331055475233e-08,1.327730318122122e-08,2.475011674935411e-09,4.6098736426178e-11,-1.3756172091693493e-10,-1.2149491969253666e-11,-1.5957605607278916e-13,-7.968366707207981e-11,2.7492424832003544e-10,5.836612047005474e-11,-3.822749986189441e-11,3.704576534424575e-13,1.1569035791580973e-10,-1.154047889029286e-10,4.0694289964449127e-11,5.325061063395549e-12,4.294045652386558e-11,4.806392826139927e-09,-9.458453860133886e-11,-1.1649904799071465e-09,4.2816583345484105e-11,9.400647075589556e-11,-2.5650190550375022e-08,1.7162764635936081e-10,1.233475528595986e-07,6.671619997196861e-09,7.447749310196047e-11,1.374406039336435e-10,1.4488906994807818e-10,4.61084830168564e-11,-2.9969771257280323e-11,-2.641556307025894e-13,4.928041127394422e-11,-4.910711191019601e-11,1.3592412209106897e-11,-9.33812346892715e-12,5.139436325407587e-11,1.5211706340778618e-09,-9.447121556149796e-11,-9.222883470272336e-10,1.51683055094054e-11,2.7748746633804443e-11,-3.648676947139969e-08,1.7517814504208087e-10,1.6925013121419478e-08,9.081102166537866e-09,9.286213227233166e-12,2.917995776521998e-11
4.990145486353979,3.0543994656940496e-10,6.822726087799917e-11,-4.459521463218152e-11,3.240977430873926e-13,1.2583495845319703e-10,-1.2551013643946619e-10,4.330181582190562e-11,4.305866820505007e-12,5.479087121784687e-11,1.460136350863414e-13,9.516404331222361e-11,-2.858424277829563e-07,-8.630821071720085e-08,-3.1458181483863736e-11,2.7066897439882525e-09,-3.0244084221158525e-08,-3.2287870023028215e-13,-1.6381143600439907e-09,-1.5259839580580793e-11,-1.3615618373154775e-10,-5.1762372166308523e-11,1.221382419794079e-10,2.9394466430159284e-11,9.2766024038355e-13,3.3711699429303777e-12,1.1314752660245444e-10,-1.3168373680372269e-08,-2.2008392008057514e-09,3.5619040992159366e-14,2.858424278642715e-07,8.630820951170356e-08,2.7568853040099694e-08,1.4895451983773554e-08,2.3522530435099572e-09,5.176300315045298e-11,-1.2213970974728358e-10,-9.28818133609411e-13,-1.8311278419484248e-13,-9.52010322426607e-11,3.0543994656940496e-10,6.822897375968751e-11,-4.4595215520359946e-11,3.2409778194519844e-13,1.2583490160977816e-10,-1.2551013646167063e-10,4.330181042178083e-11,4.305866820505007e-12,5.4820714012748795e-11,5.143671296536922e-09,-1.1815282050520183e-10,-1.3685525271256438e-09,4.577290440010984e-11,9.935092452432552e-11,-3.386530952305949e-08,2.111209396968822e-10,1.267368147355346e-07,8.80663912165384e-09,7.616851185168431e-11,1.430907512834159e-10,1.4242000445655623e-10,4.7312774794268836e-11,-3.073866743363851e-11,-2.331492036470687e-13,4.620561597223905e-11,-4.602303666501051e-11,1.2035925145426062e-11,-5.952213860682676e-12,5.991666209107886e-11,1.6436764174917092e-09,-1.265809260075912e-10,-9.957542204119818e-10,1.3727755785453156e-11,2.4022054900818546e-11,-4.0914251934740935e-08,1.9705867959680493e-10,1.501728731753525e-08,1.1080168856499503e-08,6.667875038824228e-12,2.4059144998341057e-11
5.21172068291804,3.36503528935864e-10,7.84627142517517e-11,-5.1183951181125546e-11,2.817925059961368e-13,1.35643313114997e-10,-1.3527914941580122e-10,4.571950853460294e-11,4.024642077937735e-12,6.929816057284674e-11,1.6276929132665327e-13,1.131038422641506e-10,-2.992436201609827e-07,-8.802202439150975e-08,-3.466761538058393e-11,3.2112070449407036e-09,-3.333110390865305e-08,-3.6342071116791245e-13,-1.7179240367933001e-09,-1.4426396124212443e-11,-1.5046727934195306e-10,-5.7486904125880756e-11,1.0584644211608347e-10,2.561050340738086e-11,-8.026334334080229e-11,3.875582863782449e-12,1.4892090381792133e-10,-1.4820808758031489e-08,-2.064943151869853e-09,4.6770277176607276e-14,2.992436207019996e-07,8.802202336490581e-08,3.015456507594622e-08,1.6632209344315578e-08,2.2298345986197757e-09,5.7487532217778273e-11,-1.058475887600151e-10,8.0262404508457e-11,-2.1123843415201313e-13,-1.1315215431295655e-10,3.36503528935864e-10,7.846438592196137e-11,-5.118395301669428e-11,2.8179254115319926e-13,1.356429891075095e-10,-1.3527914943800567e-10,4.5719501997609766e-11,4.024642077937735e-12,6.932651596495514e-11,5.530682392418385e-09,-1.5177938621491193e-10,-1.5970652736285729e-09,4.8580037059764436e-11,1.0442504046655661e-10,-4.3412392543844754e-08,2.5725622865122613e-10,1.2984132851078808e-07,1.1514365461096077e-08,7.73536657608318e-11,1.4782090501739425e-10,1.375987822792822e-10,4.7836256437487163e-11,-3.267556583826566e-11,-3.2112155897342137e-13,4.219264198579431e-11,-4.202337562930758e-11,1.123130019209384e-11,-6.220258937557806e-12,6.913336013288548e-11,1.7732881436434884e-09,-1.6711492207832634e-10,-1.065691212787101e-09,1.3023045184468174e-11,2.1807663822907367e-11,-4.5201719060256954e-08,2.1922397018346297e-10,1.3004405260737614e-08,1.3393034977345527e-08,4.053735317257126e-12,1.8634123818806204e-11
5.443134383763521,3.6754932477667083e-10,8.896458894014358e-11,-5.7933182813959167e-11,2.2171223930852098e-13,1.4485613064607604e-10,-1.444539979855719e-10,4.817631634068675e-11,3.4681588388189393e-12,8.66129994392395e-11,1.793862530703471e-13,1.3365947758303687e-10,-3.10374579093331e-07,-8.865266562518848e-08,-3.7854434678618365e-11,3.765529279755756e-09,-3.639754402635325e-08,-4.073902700645407e-13,-1.7874951007204598e-09,-1.3657214893875557e-11,-1.6386932105188916e-10,-6.313205513919229e-11,8.917418895032328e-11,2.1725273330708473e-11,-2.386506032267485e-10,4.312605530958478e-12,2.0792939580541583e-10,-1.6598484098295784e-08,-1.9389124930924925e-09,6.156479406133064e-14,3.1037457985877773e-07,8.865266480810661e-08,3.2669869888021046e-08,1.8482511999267314e-08,2.1164369159030093e-09,6.31326193402681e-11,-8.917580397231033e-11,2.3864980521925503e-10,-2.424727085781342e-13,-1.337226625726847e-10,3.6754932477667083e-10,8.896629424270941e-11,-5.7933184590316006e-11,2.2171227816632684e-13,1.4485587485069117e-10,-1.444539979855719e-10,4.817631008791068e-11,3.4681588619485854e-12,8.664129798792904e-11,5.9736058271179595e-09,-1.9907965906895697e-10,-1.8513082792992464e-09,5.14658557904113e-11,1.0981140441401748e-10,-5.4345806201481113e-08,3.10550631885696e-10,1.3261158392279768e-07,1.4916092657320707e-08,7.799475337893642e-11,1.514849743420362e-10,1.3035350655694946e-10,4.780082084228828e-11,-3.172962195208129e-11,-3.232764574552978e-13,3.731496564518544e-11,-3.715341335697175e-11,1.0160262036151835e-11,-5.2204787714948966e-12,7.823715956571201e-11,1.9061439767635117e-09,-2.1846426534466446e-10,-1.1301865585622296e-09,1.2057214746619138e-11,1.893167234090498e-11,-4.921486574860615e-08,2.411374420352105e-10,1.0946970263312448e-08,1.6040958783491988e-08,1.5230874117622371e-12,1.3057428575699292e-11
5.684823443592556,3.979296272640555e-10,9.96925033784161e-11,-6.484256077262292e-11,1.4931652025929054e-13,1.532005626359023e-10,-1.5276174016864984e-10,5.0636210175980525e-11,2.800428708371605e-12,1.068983692675829e-10,1.9539986284984363e-13,1.5697955898138124e-10,-3.1880961801067365e-07,-8.808975271445973e-08,-4.0943752914369376e-11,4.363820346742209e-09,-3.936994904688415e-08,-4.538689411283381e-13,-1.8447661898936262e-09,-1.3020051767997405e-11,-1.7588106419433896e-10,-6.853784206839464e-11,7.267996188045457e-11,1.7871032997717667e-11,-4.4163773521125234e-10,4.374012562090206e-12,2.926074261306929e-10,-1.8496013076685357e-08,-1.8329544600472345e-09,7.892326838362014e-14,3.1880961855277473e-07,8.808975212980371e-08,3.5047072878024836e-08,2.0438821613904527e-08,2.021853446939072e-09,6.853820201531027e-11,-7.268177144198095e-11,4.416366242596438e-10,-2.7637151826335565e-13,-1.570604387287252e-10,3.979296272640555e-10,9.969440479077699e-11,-6.484256266740355e-11,1.493165609674681e-13,1.532001192572352e-10,-1.5276174016864984e-10,5.063620506007283e-11,2.8004287315012516e-12,1.0692503072580924e-10,6.4768906061848e-09,-2.643530024215579e-10,-2.131564017560095e-09,5.439883864255535e-11,1.154244374153753e-10,-6.668631930899453e-08,3.714148191512598e-10,1.3500913040438495e-07,1.915064196111871e-08,7.807061133058407e-11,1.53963357562619e-10,1.2071044277348643e-10,4.686284332440967e-11,-3.162492241415293e-11,-2.0725939483175655e-13,3.1640367703644754e-11,-3.150383016126135e-11,9.026162715031205e-12,-4.150232426243979e-12,8.765676587548417e-11,2.0417265962654105e-09,-2.8158738132333385e-10,-1.1872602442508652e-09,1.1030356787955498e-11,1.5341192205475805e-11,-5.2809472040815915e-08,2.621818679681614e-10,8.913761516234715e-09,1.9038281321807442e-08,-8.473778930420904e-13,7.506483067510477e-12
5.9372441145710955,4.2693407973737157e-10,1.1071424523834139e-10,-7.199995533113679e-11,7.649044545902466e-14,1.6040103218983858e-10,-1.5992713091605992e-10,5.2986708283242477e-11,2.006846170724922e-12,1.3035605661571026e-10,2.102956945307379e-13,1.831583750407558e-10,-3.241806709186612e-07,-8.626099279318566e-08,-4.3850208217734765e-11,4.9970203917187085e-09,-4.216681892543761e-08,-5.0361755510233e-13,-1.8879219604306384e-09,-1.2579774108705721e-11,-1.860145350897508e-10,-7.352807251947979e-11,5.692297455260871e-11,1.4182156989958894e-11,-5.340990299175312e-10,3.660633653257671e-12,3.781043686163572e-10,-2.0503495345991496e-08,-1.7575931407950416e-09,9.600837919815364e-14,3.241806715214776e-07,8.626099207517278e-08,3.721364880640795e-08,2.2491212688320242e-08,1.9561855236435916e-09,7.352849880617467e-11,-5.692428418094507e-11,5.340982162628319e-10,-3.077538224260934e-13,-1.8325592895015083e-10,4.2693407973737157e-10,1.1071627786426083e-10,-7.199995740355311e-11,7.649048801757393e-14,1.604003387001285e-10,-1.5992713082724208e-10,5.2986702030466405e-11,2.006846170724922e-12,1.3038505433845178e-10,7.036999644090732e-09,-3.507797373458743e-10,-2.4375238318441462e-09,5.727092286633706e-11,1.2040247317675797e-10,-8.04135369145078e-08,4.4011185907918674e-10,1.3701015015448268e-07,2.4374504488851773e-08,7.757864679434553e-11,1.5517347332563945e-10,1.0881462689708217e-10,4.4668644072487496e-11,-2.9755098533238806e-11,5.995145121081199e-14,2.535431765093854e-11,-2.5217542998223763e-11,7.848666250254154e-12,-3.4113917709207203e-12,9.746706079264793e-11,2.1785538895831753e-09,-3.534893039613962e-10,-1.2349673387035409e-09,9.95795176095271e-12,1.0526241174998081e-11,-5.58393894688816e-08,2.816767602015267e-10,6.9735531069231766e-09,2.2390136189542886e-08,-2.993247744572288e-12,2.1676093408983083e-12
6.200872907625804,4.53819952786743e-10,1.2181820541930694e-10,-7.926210863947366e-11,3.145856723267097e-14,1.6619542293483392e-10,-1.6568889560364398e-10,5.509422805971553e-11,1.0946772192414282e-12,1.5736441127955914e-10,2.2353087183916348e-13,2.1221573109908576e-10,-3.2620858625431737e-07,-8.314380281482237e-08,-4.648422442476787e-11,5.6525753534720465e-09,-4.470172200653013e-08,-5.557672079709377e-13,-1.9155145716993892e-09,-1.2399972844389173e-11,-1.9381107355706852e-10,-7.791933764877967e-11,4.238194229749682e-11,1.077517581706778e-11,-4.2469188961475097e-10,2.4357219782232106e-12,4.3172799992095736e-10,-2.2608104899290992e-08,-1.7224636187646929e-09,1.130105846865644e-13,3.262085867319084e-07,8.314380192225293e-08,3.909563095848824e-08,2.462758115140805e-08,1.928672073469106e-09,7.791953236386656e-11,-4.2383398461762265e-11,4.246910759600517e-10,-3.385440076423644e-13,-2.1233074557850765e-10,4.53819952786743e-10,1.218200817258245e-10,-7.926211207376354e-11,3.145860794084854e-14,1.661944850184227e-10,-1.6568889553703059e-10,5.5094219533202703e-11,1.0946772192414282e-12,1.5739371974632378e-10,7.650388094286124e-09,-4.6055938582867384e-10,-2.7682070459889017e-09,5.995137769332359e-11,1.2368919222183194e-10,-9.545907465008515e-08,5.167144632767283e-10,1.3860728473034615e-07,3.0760525682183015e-08,7.653393739433823e-11,1.5507717889993653e-10,9.494142045963471e-11,4.0978625707547657e-11,-2.6783306950051157e-11,2.9663536812070866e-13,1.8594042633379715e-11,-1.8482888664017592e-11,6.661777121053092e-12,-2.5458093503664496e-12,1.0732828741311096e-10,2.3170442242796223e-09,-4.2915326048387213e-10,-1.271527970025943e-09,8.868740408729537e-12,4.9889214981391205e-12,-5.8167408280199497e-08,2.9890692954949214e-10,5.18466245678776e-09,2.6090244853449462e-08,-4.870448348373464e-12,-2.78638856074636e-12
6.476207491984751,4.778498549824241e-10,1.3245795950448762e-10,-8.618093382632234e-11,3.6625640483419396e-14,1.7034999473253264e-10,-1.6981590551523596e-10,5.6867557987061447e-11,3.495778435243698e-13,1.8824939616024495e-10,2.345631029038052e-13,2.44078498731759e-10,-3.247265276118405e-07,-7.877262647726369e-08,-4.875433281918695e-11,6.314336409891336e-09,-4.688729975705591e-08,-6.099087814653847e-13,-1.9265490806830156e-09,-1.2526496313093766e-11,-1.9887875493334892e-10,-8.152889474644098e-11,2.938186548247303e-11,7.731439101207702e-12,-2.2348875032358058e-10,1.9208676036246335e-12,4.372703653769803e-10,-2.4796109077129812e-08,-1.735020809194286e-09,1.302294860491826e-13,3.2472652823308835e-07,7.877262559797572e-08,4.06217176795191e-08,2.68339430693491e-08,1.9464236101438187e-09,8.152920496908154e-11,-2.938357474296564e-11,2.234875376651346e-10,-3.6637359812630166e-13,-2.442104296562775e-10,4.778498549824241e-10,1.3245988365421605e-10,-8.61809370533706e-11,3.6625681191596964e-14,1.7034934671755763e-10,-1.6981590544862256e-10,5.6867550028982807e-11,3.495778435243698e-13,1.8827780271143031e-10,8.315889863297344e-09,-5.933921784162521e-10,-3.121920196491601e-09,6.234784223124734e-11,1.2473686380095235e-10,-1.1170310464716867e-07,6.010663710303891e-10,1.3980848942173644e-07,3.8495526766268995e-08,7.496611238172699e-11,1.536822457519956e-10,7.949100127195459e-11,3.5633244443999956e-11,-2.2759721692485376e-11,1.7625065851234466e-13,1.1608251659911417e-11,-1.1525418647240215e-11,5.776401401647036e-12,-1.0995880363647478e-12,1.1648365519552801e-10,2.463405204859252e-09,-5.05164462083485e-10,-1.2954460570924198e-09,8.066290106967244e-12,1.1933576349321128e-12,-5.967640469639344e-08,3.131611237049393e-10,3.586552725057757e-09,3.0120905917622544e-08,-6.456236915529032e-12,-7.218019960304629e-12
6.763767634659993,4.983343040058814e-10,1.420125045115128e-10,-9.232508739742684e-11,3.3634201905089846e-14,1.7267884686589242e-10,-1.7212348712991598e-10,5.844379700192804e-11,-6.692508815649608e-14,2.2311384479204815e-10,2.42887237632387e-13,2.7856020904289586e-10,-3.1969072347703964e-07,-7.323986292440132e-08,-5.057416120935109e-11,6.962778866615291e-09,-4.864001741060926e-08,-6.660350520886968e-13,-1.920533702903793e-09,-1.2985586443346323e-11,-2.0092677935297671e-10,-8.418954422495517e-11,1.807428453141751e-11,5.090317872770524e-12,-1.3596694205919225e-11,1.9642430637807905e-12,4.184575421314244e-10,-2.7054605400422815e-08,-1.7995465582792582e-09,1.4898907483897514e-13,3.1969072412213993e-07,7.323986181824406e-08,4.172781266044126e-08,2.9094784110229643e-08,2.013456307366245e-09,8.418978598912238e-11,-1.8075401732740124e-11,1.3595544136296243e-11,-3.931669804539221e-13,-2.787106841613725e-10,4.983343040058814e-10,1.420145897175947e-10,-9.232509121659405e-11,3.363423983770986e-14,1.7267819316657551e-10,-1.721234870633026e-10,5.844379074915195e-11,-6.692508815649608e-14,2.2313868915565156e-10,9.043737857912978e-09,-7.521462976001203e-10,-3.4962465221610726e-09,6.459616827214631e-11,1.2438604812814446e-10,-1.2897319966531392e-07,6.927512769297078e-10,1.4063350824840798e-07,4.777768491948109e-08,7.29161321614292e-11,1.5103808449666693e-10,6.296203247498656e-11,2.959266816778457e-11,-1.867916547363772e-11,8.441078946930247e-14,4.643025525163935e-12,-4.59459914003979e-12,5.377095426695178e-12,-1.5718505201138082e-13,1.2502437130024192e-10,2.6032825796088826e-09,-5.840289304614999e-10,-1.3056030638836092e-09,7.738249365729644e-12,-7.978502118236955e-13,-6.027963247419992e-08,3.237804069922301e-10,2.197247613631168e-09,3.445308978851832e-08,-7.74106130903516e-12,-1.1037184049740926e-11
7.0640961816455885,5.14670731373001e-10,1.50139385368675e-10,-9.751230714745892e-11,4.570134548576021e-14,1.73057742358651e-10,-1.7248882799858478e-10,5.991273440031364e-11,-3.1341495371206565e-13,2.619810402393341e-10,2.4807340003342823e-13,3.1536032928565955e-10,-3.1117607920960744e-07,-6.66897262413535e-08,-5.186568498591734e-11,7.575473683372034e-09,-4.9884710647977015e-08,-7.234228217552555e-13,-1.89749756783833e-09,-1.3782760462648576e-11,-1.99786852517074e-10,-8.576017673789238e-11,8.49376105428755e-12,2.86171627627242e-12,2.2825320712189702e-10,2.2681131442222177e-12,3.719561433535055e-10,-2.936716123613792e-08,-1.9171163881199305e-09,1.7098428431218857e-13,3.1117607987205496e-07,6.668972504005749e-08,4.236110268815752e-08,3.1393449309677114e-08,2.1306833493932793e-09,8.576070681365187e-11,-8.495180948437018e-12,-2.282540520710078e-10,-4.2010839251815923e-13,-3.1553234099609046e-10,5.14670731373001e-10,1.5014158947224133e-10,-9.751231129229154e-11,4.570138341838022e-14,1.7305731603300954e-10,-1.724888279319714e-10,5.9912726442235e-11,-3.1341495371206565e-13,2.620083440281936e-10,9.836937533691525e-09,-9.412731742486358e-10,-3.8880699271715e-09,6.678880140498222e-11,1.227653386356072e-10,-1.4704763577331607e-07,7.910749677686801e-10,1.411100765710383e-07,5.881338764150238e-08,7.043610795315347e-11,1.4722874937502077e-10,4.5909508052082115e-11,2.276174300893293e-11,-1.4277345291210016e-11,-4.4108124560201154e-15,-2.0263880295967597e-12,2.0594510596883e-12,5.3043784120632155e-12,6.475032315877982e-13,1.3216137328223945e-10,2.7275020935727903e-09,-6.649164788541384e-10,-1.301332595282645e-09,7.730677396011743e-12,-1.7311819570468383e-12,-5.992705484302643e-08,3.3020830700890866e-10,1.0208378661251878e-09,3.9043525745796615e-08,-8.713464681774432e-12,-1.4194187903680243e-11
7.377760082683307,5.263760543353553e-10,1.5637718509727469e-10,-1.0139024168391112e-10,8.860649898985903e-14,1.7143374861916528e-10,-1.708596566230014e-10,6.125729044015316e-11,-2.191897589357931e-13,3.048471019913753e-10,2.498020209474885e-13,3.540693253636003e-10,-2.993642841953026e-07,-5.930817850718917e-08,-5.25642593687814e-11,8.127871405430587e-09,-5.0558650916648114e-08,-7.8199857342625e-13,-1.8580126321179891e-09,-1.4909609399806744e-11,-1.9541315926922402e-10,-8.61395399454068e-11,6.752868216744291e-13,1.053111651401367e-12,4.3718065603458613e-10,3.608766558445568e-12,2.860692881476355e-10,-3.171545319702318e-08,-2.08655335903364e-09,1.9598096293963843e-13,2.993642848967814e-07,5.930817726957239e-08,4.248334415516831e-08,3.371262291236912e-08,2.2968734666166875e-09,8.614007983743111e-11,-6.768355321328955e-13,-4.3718167701476165e-10,-4.4704980458239635e-13,-3.542666900576326e-10,5.263760543353553e-10,1.5637932098873837e-10,-1.0139024470371775e-10,8.860654016062952e-14,1.7143318018497666e-10,-1.7085965655638802e-10,6.125728248207451e-11,-2.191897589357931e-13,3.048760807663105e-10,1.0692122547576825e-08,-1.1619224096648395e-09,-4.2936396191350925e-09,6.891047576118581e-11,1.195593402059103e-10,-1.6566112678022756e-07,8.950628249426943e-10,1.4127291967005989e-07,7.181207006823342e-08,6.759359914814087e-11,1.4236907360341603e-10,2.8900367265704643e-11,1.534946611296088e-11,-9.285878732612218e-12,-3.0976122407840497e-13,-8.212962127052136e-12,8.208372914708662e-12,5.733267727237035e-12,1.5722864676881442e-12,1.3748476703767665e-10,2.8370316916455823e-09,-7.44129647500813e-10,-1.2824826070456652e-09,8.215153748380998e-12,-1.2400460288238454e-13,-5.860527799484647e-08,3.320365428417942e-10,6.191473454992953e-11,4.3834494256600465e-08,-9.346723900130587e-12,-1.6654800763342413e-11
7.705351461530547,5.331119216318731e-10,1.6026582064417502e-10,-1.0368251039949428e-10,5.176113287985729e-14,1.6782250895630567e-10,-1.6725355225233328e-10,6.310864705483254e-11,2.769536798970703e-13,3.507263803233703e-10,2.478901147661232e-13,3.9417131017516205e-10,-2.845363511472243e-07,-5.1313984589240746e-08,-5.2620076729683374e-11,8.594408442607774e-09,-5.061501567078202e-08,-8.410725647845993e-13,-1.8032356063207856e-09,-1.6352195760251517e-11,-1.8786340125247054e-10,-8.527245576317455e-11,-5.227014089374256e-12,-3.014052367823449e-13,2.947188326926458e-10,4.898504881971016e-12,2.8654990771960225e-10,-3.408985342900905e-08,-2.305846056729447e-09,2.2313766141525879e-13,2.8453635205795413e-07,5.131398343348123e-08,4.20732278516516e-08,3.6035027402414444e-08,2.510058711267901e-09,8.527310812783349e-11,5.225791189190307e-12,-2.9471975196598386e-10,-4.728069787537e-13,-3.9439577529757724e-10,5.331119216318731e-10,1.6026808395963598e-10,-1.0368251362654253e-10,5.1761172662849e-14,1.6782161651462956e-10,-1.6725355216351546e-10,6.310863852831972e-11,2.7695366833224713e-13,3.507581899005648e-10,1.1628361729284127e-08,-1.4189776265993714e-09,-4.708685937515611e-09,7.158729829370714e-11,1.18788330283337e-10,-1.8451035283619128e-07,1.003474004570773e-09,1.4116715357194744e-07,8.69812257775493e-08,6.44793149125536e-11,1.3660890880457198e-10,1.2484390225891058e-11,8.968495398183526e-12,-5.477723756068068e-12,-3.094277870966759e-13,-1.369416022800607e-11,1.3645089486091777e-11,6.73566983522278e-12,5.759514624485244e-13,1.4055552431576263e-10,2.9084178095217793e-09,-8.379180144402199e-10,-1.2494032826992907e-09,9.28762720064924e-12,2.4378120818309884e-12,-5.6331861087921805e-08,3.2903893150871573e-10,-6.601435717402954e-10,4.8757470579493166e-08,-9.596598875803719e-12,-1.836926952561435e-11
8.04748873375089,5.347087917622132e-10,1.620439434191212e-10,-1.0468737109784835e-10,5.691380237463998e-16,1.6232934285653755e-10,-1.6177488371127424e-10,6.548027897679277e-11,5.605843220179984e-13,3.9932201616466043e-10,2.4230718162567777e-13,4.3507269777605845e-10,-2.670815020533457e-07,-4.295545280585955e-08,-5.2005404725911326e-11,8.949960517245266e-09,-5.0026333393254115e-08,-9.005757267309053e-13,-1.7350375049879351e-09,-1.81005113997987e-11,-1.7730445594037805e-10,-8.315648170054146e-11,-8.903995909587577e-12,-1.1303021901193496e-12,1.0189725509917449e-10,5.098795411188863e-12,3.3135489903840053e-10,-3.646926680644924e-08,-2.5733166502066017e-09,2.5226876432712003e-13,2.6708150292287583e-07,4.295545146795407e-08,4.112837892180802e-08,3.834448497997778e-08,2.768718542547705e-09,8.315699684692174e-11,8.902759363940016e-12,-1.0189810884983848e-10,-4.957515879292865e-13,-4.3532614550182796e-10,5.347087917622132e-10,1.6204598694002924e-10,-1.0468737435450256e-10,5.69178038034579e-16,1.6232857547038293e-10,-1.617748836224564e-10,6.548026988184574e-11,5.605843220179984e-13,3.9935904965204824e-10,1.262930454686284e-08,-1.7203245079144836e-09,-5.1285220209251745e-09,7.484600814677833e-11,1.1944959095918268e-10,-2.0326164007747403e-07,1.1148353870478976e-09,1.4085582374777323e-07,1.0451940172610345e-07,6.121386092605939e-11,1.3014615186399934e-10,-2.8085005190972104e-12,2.925279736961291e-12,-1.857296183516155e-12,-2.128523431584502e-13,-1.825427792812029e-11,1.819037586392458e-11,7.671527164632152e-12,-5.462711186177138e-13,1.4212711600218124e-10,2.9347533806382366e-09,-9.39602432481479e-10,-1.2030327432910325e-09,1.0317446452745571e-11,3.368999523800653e-12,-5.315706314400301e-08,3.2119151710188623e-10,-1.106812076257961e-09,5.3731123550448956e-08,-9.419553761485257e-12,-1.925760548494975e-11
8.404817774137397,5.311938316524915e-10,1.6153814309897522e-10,-1.0426766025399085e-10,-6.480756163200023e-14,1.5514269762206822e-10,-1.5461161075869257e-10,6.842081461400085e-11,7.277884198075846e-13,4.501722287386656e-10,2.331807925721429e-13,4.761192285337076e-10,-2.4752552243989534e-07,-3.451505997675852e-08,-5.071586023785396e-11,9.171247446997695e-09,-4.878808246289168e-08,-9.59591312118223e-13,-1.6560935366116691e-09,-2.0143058732619143e-11,-1.6401232842785618e-10,-7.984224392743045e-11,-1.0028970780064587e-11,-1.3549239294599798e-12,-1.6360373707591092e-10,4.615001290110792e-12,4.1606962206117284e-10,-3.883681412020223e-08,-2.8870454347598268e-09,2.840624509341712e-13,2.47525523558792e-07,3.4515058780883526e-08,3.9667551753870944e-08,4.062736112165244e-08,3.0711975081950387e-09,7.984258949739117e-11,1.002710498066235e-11,1.6360267697772105e-10,-5.186961971048731e-13,-4.764042493832221e-10,5.311938316524915e-10,1.615402093572508e-10,-1.0426766282970827e-10,-6.480752115511912e-14,1.551418961298623e-10,-1.546116106254658e-10,6.842080608748802e-11,7.27788414025173e-13,4.502070964917948e-10,1.3685290468856693e-08,-2.0693085389211773e-09,-5.548272979183366e-09,7.874437869759276e-11,1.2146251412067007e-10,-2.2156119646964737e-07,1.2274896087432715e-09,1.4042683494769172e-07,1.246089134099293e-07,5.794523091530677e-11,1.2324056099562394e-10,-1.6446212626706573e-11,-2.5209593005707613e-12,1.3225323651037495e-12,-8.94661826104463e-14,-2.1767907437686417e-11,2.168554819603763e-11,8.6374293672975e-12,-1.7248297003632137e-12,1.416312443325296e-10,2.9171766072977333e-09,-1.046108991431538e-09,-1.1449532355101156e-09,1.1401742519012714e-11,3.4146704445496095e-12,-4.916390762199888e-08,3.0867912917808963e-10,-1.2381581979779148e-09,5.8665887703313047e-08,-8.809145146193923e-12,-1.9237019698185287e-11
8.778013135972484,5.228295450483006e-10,1.59281383578976e-10,-1.0288661131951926e-10,-9.340166047995998e-14,1.4654669939773156e-10,-1.460457102808732e-10,7.189809423380211e-11,2.839892557227053e-13,5.026638973504305e-10,2.2080281755012145e-13,5.166017127966605e-10,-2.2655632092583033e-07,-2.6312722140042766e-08,-4.8775644361747405e-11,9.238378819383306e-09,-4.692334774704575e-08,-1.0182496230741466e-12,-1.5698815525322373e-09,-2.244824481339873e-11,-1.4841626756713e-10,-7.543621283190305e-11,-8.530201648786399e-12,-9.53282417563364e-13,-1.974001098922317e-10,2.5636468243468243e-12,4.869407301476111e-10,-4.117543950243885e-08,-3.2421914248955147e-09,3.1702956955250344e-13,2.2655632196449602e-07,2.63127210596353e-08,3.773374558869606e-08,4.287416033803797e-08,3.4130531217794993e-09,7.54364549660119e-11,8.529104090513587e-12,1.9739913927649968e-10,-5.39124300757976e-13,-5.169196922357363e-10,5.228295450483006e-10,1.5928315851472993e-10,-1.0288661525711026e-10,-9.34016201187271e-14,1.4654614801656863e-10,-1.4604571019205536e-10,7.189808513885509e-11,2.839892557227053e-13,5.026962298870786e-10,1.4773216874649127e-08,-2.475810470059514e-09,-5.96313096252743e-09,8.327249929607206e-11,1.2352985597393247e-10,-2.390483073504372e-07,1.3396589571514268e-09,1.3999104850071973e-07,1.4741024164284985e-07,5.4832131255883504e-11,1.1621143296801362e-10,-2.7885435077932655e-11,-7.88678842233992e-12,4.83601117669726e-12,1.2772037131606832e-13,-2.4071339055353745e-11,2.398482202570218e-11,9.100768529890502e-12,-1.6065312621882377e-12,1.397252314442691e-10,2.8561655199155213e-09,-1.1500203981995583e-09,-1.077418138706321e-09,1.2014505692548027e-11,3.613646419135345e-13,-4.448146812126329e-08,2.9190291396493696e-10,-1.0464753584966093e-09,6.346669101375824e-08,-7.827804431485725e-12,-1.8289411596534092e-11
9.16777932442606,5.101513817894892e-10,1.5511213860008865e-10,-1.0028386604095848e-10,-6.879394079858011e-14,1.3691842468688264e-10,-1.364534973014031e-10,7.571003152406775e-11,-1.8965863601838605e-13,5.563973293950161e-10,2.056404336751733e-13,5.557719504519406e-10,-2.0500753955543516e-07,-1.869247423513798e-08,-4.6241467995969796e-11,9.136304837675802e-09,-4.448714476166873e-08,-1.0760330967181027e-12,-1.4804653241176635e-09,-2.4944826566099416e-11,-1.3113922819110531e-10,-7.010425573383827e-11,-4.841428891192942e-12,-2.1638939523415094e-14,-1.0407547131789919e-10,9.440382959470682e-13,5.019848300038707e-10,-4.34736787902068e-08,-3.627724477406594e-09,3.5060087790148947e-13,2.0500754021463008e-07,1.8692473440417787e-08,3.5397082198325534e-08,4.5080764713419994e-08,3.7838053620575026e-09,7.010457537612048e-11,4.839868506452057e-12,1.0407469775916469e-10,-5.574799880984452e-13,-5.561240357110364e-10,5.101513817894892e-10,1.551137861118453e-10,-1.002838696232781e-10,-6.879390020605077e-14,1.369177482501982e-10,-1.3645349721258526e-10,7.571002186068654e-11,-1.8965864180079765e-13,5.56433311279155e-10,1.587629085406661e-08,-2.941233105957508e-09,-6.368706191040019e-09,8.824638655369199e-11,1.242848727637617e-10,-2.5538085444814674e-07,1.4495325394060386e-09,1.3966615943392658e-07,1.730536632512288e-07,5.201493747149464e-11,1.0940480673459161e-10,-3.661903821983401e-11,-1.2998253680803392e-11,8.355738145837677e-12,1.6530703472739107e-13,-2.509087181357117e-11,2.5002232517667977e-11,9.631352035910368e-12,-4.940436601486021e-13,1.3638430876502146e-10,2.7700581995304676e-09,-1.242461075889878e-09,-1.003398189780569e-09,1.2708409755646245e-11,-1.9264426165399585e-12,-3.929693191006595e-08,2.7149411130940185e-10,-5.866569271043156e-10,6.803876499243226e-08,-6.610614504800119e-12,-1.6532652689351875e-11
9.574852126495772,4.93974012932367e-10,1.4897765746961036e-10,-9.63537354496206e-11,-2.8454258856521383e-14,1.2670807336689905e-10,-1.2628546959270182e-10,7.993724580046546e-11,-3.5916705662849177e-13,6.107128380487362e-10,1.8834440988109244e-13,5.928633984205364e-10,-1.8376919680429538e-07,-1.198160487492217e-08,-4.3205462614102315e-11,8.856145573832297e-09,-4.156741855482998e-08,-1.1326678906863757e-12,-1.392002302313955e-09,-2.7510677844316176e-11,-1.1299088078289638e-10,-6.407407937558673e-11,8.94951330641843e-14,1.219705762581109e-12,4.920580705537144e-12,3.0662084087656503e-13,4.754441334856854e-10,-4.5729412256889646e-08,-4.0250471689501484e-09,3.845900016276789e-13,1.83769197719362e-07,1.1981604362094542e-08,3.2754479692148023e-08,4.724875323371922e-08,4.165544989046558e-09,6.407464940758441e-11,-9.075379337827802e-14,-4.921359154023449e-12,-5.740593185995143e-13,-5.932488574463454e-10,4.93974012932367e-10,1.489796493577463e-10,-9.635373915036401e-11,-2.8454218206167926e-14,1.2670777209677907e-10,-1.2628546959270182e-10,7.993723613708425e-11,-3.5916706241090334e-13,6.107459152341714e-10,1.6984758743395407e-08,-3.4639844670891764e-09,-6.761411427191888e-09,9.375878221362654e-11,1.241347824532113e-10,-2.7026575706094964e-07,1.5553772461201739e-09,1.3954962204972778e-07,2.0163509735956117e-07,4.9587121777062055e-11,1.0313277424630942e-10,-4.229545694725787e-11,-1.7235487392852632e-11,1.1231057565434337e-11,1.2703137430847277e-13,-2.4846766802366636e-11,2.4745133092585192e-11,1.052483213470623e-11,4.593824337132772e-13,1.3083848292202067e-10,2.6595628393503527e-09,-1.3225615475676023e-09,-9.263394254332979e-10,1.3776731648817987e-11,-2.1899614991808627e-12,-3.38533212832013e-08,2.4832380350273e-10,2.3451499980411766e-11,7.229453820774741e-08,-5.329881591775952e-12,-1.4237463980123697e-11
10.0,4.753350546736016e-10,1.4116922102402895e-10,-9.12977093925349e-11,9.811932140622407e-15,1.1640186130534858e-10,-1.1602504330632257e-10,8.474310732253799e-11,-2.843977455156225e-13,6.648168588678042e-10,1.6973182479308478e-13,6.271472785535082e-10,-1.6363810681485624e-07,-6.428873128294654e-09,-3.978730911204297e-11,8.396215342531306e-09,-3.8279415034584274e-08,-1.1880238085610824e-12,-1.3081285764673933e-09,-2.9992786355290317e-11,-9.488533283536842e-11,-5.762845756152046e-11,5.088086193869854e-12,2.491697316432414e-12,1.008557616814118e-10,3.2472850861449726e-13,4.292140885499675e-10,-4.794635017901783e-08,-4.410565349636526e-09,4.1764123626455985e-13,1.6363810765619713e-07,6.428872619803835e-09,2.992298835177115e-08,4.9384509234597985e-08,4.5354398918677196e-09,5.762903759104802e-11,-5.089097199715714e-12,-1.0085688119008604e-10,-5.887142625245664e-13,-6.275661471969821e-10,4.753350546736016e-10,1.4117092632659478e-10,-9.129771288603668e-11,9.811972790975861e-15,1.1640141224233958e-10,-1.1602504330632257e-10,8.474309765915678e-11,-2.8439776575406305e-13,6.648467187157318e-10,1.8086738418787718e-08,-4.043028457090258e-09,-7.138775247028661e-09,9.998771759001101e-11,1.2380544885578123e-10,-2.834904278251125e-07,1.655670917376326e-09,1.396935142545602e-07,2.3321387487840184e-07,4.7580943860851355e-11,9.760941450942529e-11,-4.486338769232878e-11,-2.002430890731451e-11,1.313277415704306e-11,9.040845294627786e-14,-2.348393896844936e-11,2.3361035317304157e-11,1.1647326481067921e-11,9.49092407674194e-13,1.2394809042840885e-10,2.5214232058109094e-09,-1.391635487379972e-09,-8.497811972318914e-10,1.5092879657174764e-11,-1.1583044477273911e-12,-2.8424667374371292e-08,2.234784215219773e-10,6.391323512923924e-10,7.615917777907082e-08,-4.141708613801069e-12,-1.1763474839765012e-11
10.444025524245694,4.55368749600199e-10,1.3210628821980208e-10,-8.539097825869628e-11,4.152141836373987e-14,1.0645289876265451e-10,-1.0612384260255681e-10,9.020601282827556e-11,-2.1842143256104823e-14,7.180206011980772e-10,1.5071812195894895e-13,6.580115202714509e-10,-1.4517006013958778e-07,-2.1485084544803357e-09,-3.612162265107165e-11,7.762485500614361e-09,-3.475249104362937e-08,-1.242868045352001e-12,-1.2314269569324576e-09,-3.2244104027627995e-11,-7.76890414080459e-11,-5.107958500616405e-11,9.16381731419341e-12,3.554996918510488e-12,1.6146357198885289e-10,8.834459203856663e-13,3.7557130506552346e-10,-5.013153376864921e-08,-4.7613461493925085e-09,4.4982042902407443e-13,1.451700610980225e-07,2.1485080999462253e-09,2.7026128818145075e-08,5.1497322499081975e-08,4.871275747116962e-09,5.108023218338147e-11,-9.165256887683807e-12,-1.6146439242808278e-10,-6.018889090834515e-13,-6.584626177641439e-10,4.55368749600199e-10,1.3210814036786664e-10,-8.539098059756612e-11,4.1521458985181265e-14,1.0645232464412402e-10,-1.0612384264696573e-10,9.020600259646016e-11,-2.184215771213379e-14,7.180489869066757e-10,1.9168322129795947e-08,-4.677234392147511e-09,-7.499608562966386e-09,1.0703098666908773e-10,1.2364089900055812e-10,-2.949442558919896e-07,1.7492366734511277e-09,1.4009494394408976e-07,2.678126366599069e-07,4.597280936433542e-11,9.291470234989071e-11,-4.465057819429593e-11,-2.1375300810847856e-11,1.400934811120654e-11,3.036610962681152e-14,-2.124881217646646e-11,2.1144096568059823e-11,1.2869789429714728e-11,1.0113078141119983e-12,1.1586935215746052e-10,2.3588113739000012e-09,-1.4502629710477776e-09,-7.768651688166983e-10,1.6531703721511802e-11,7.994418090480811e-13,-2.327035282813781e-08,1.9816841008733549e-10,1.1392052022834577e-09,7.957589713096051e-08,-3.14570623311435e-12,-9.448306513617592e-12
10.907766915109553,4.351400172825093e-10,1.2240076709228257e-10,-7.905751375029506e-11,6.725841119580485e-14,9.721497917780652e-11,-9.693325879744918e-11,9.634250318413252e-11,2.758767433247433e-13,7.697342274089654e-10,1.3219515678605559e-13,6.850331100982654e-10,-1.2860399356551255e-07,9.008112311637007e-10,-3.2339102099335215e-11,6.9683375934572115e-09,-3.111249829197099e-08,-1.2970709846894107e-12,-1.1631650486537692e-09,-3.415751854489672e-11,-6.206194937001498e-11,-4.4728110104585994e-11,1.1796883803477711e-11,4.280388583729351e-12,2.3026414224223502e-10,1.6129494963154789e-12,3.1643366104172824e-10,-5.229331270228954e-08,-5.060776397430726e-09,4.798209175179794e-13,1.2860399465838834e-07,-9.008112734475854e-10,2.4176501814286314e-08,5.359710641539945e-08,5.15699257199329e-09,4.4728628342213014e-11,-1.1798744205052377e-11,-2.3026515613227044e-10,-6.135832582761699e-13,-6.855144600118971e-10,4.351400172825093e-10,1.2240255150193965e-10,-7.905751662207195e-11,6.725845190398242e-14,9.72142970567802e-11,-9.693325888626703e-11,9.634249238388293e-11,2.758767346511259e-13,7.697626983826922e-10,2.021391410380602e-08,-5.367369158193469e-09,-7.843955874875519e-09,1.1493046997657075e-10,1.2365717931099121e-10,-3.0461995468713634e-07,1.8353431669278697e-09,1.4070575077149e-07,3.054210129249668e-07,4.470294600345907e-11,8.900195341427405e-11,-4.231087952077707e-11,-2.1469702304877103e-11,1.3988598960660662e-11,-1.9372929186782055e-16,-1.857289663731443e-11,1.8475967553110985e-11,1.3982925857192186e-11,8.697244949692114e-13,1.0727253538789228e-10,2.1775582960496347e-09,-1.4987865142757073e-09,-7.098632160307261e-10,1.788707621130925e-11,2.8054307256904685e-12,-1.8587566214882615e-08,1.735666624801905e-10,1.4607687058486871e-09,8.250926756640335e-08,-2.3745619721094826e-12,-7.514927103634734e-12
11.392099607392687,4.1549925623371455e-10,1.1248715357699741e-10,-7.255848138617201e-11,8.926763393872957e-14,8.88960130396299e-11,-8.86598454652443e-11,1.030829918136078e-10,6.683148363421468e-13,8.196337148547173e-10,1.148915337278035e-13,7.080058877136549e-10,-1.138904411057684e-07,2.890092748453199e-09,-2.8550415380071812e-11,6.033470117366197e-09,-2.746597711172123e-08,-1.3506490712097627e-12,-1.103372868592467e-09,-3.568665873146332e-11,-4.836477088491763e-11,-3.881495125312995e-11,1.2963272384789953e-11,4.657958829292929e-12,2.8844431449249174e-10,2.7259881273815692e-12,2.4972639958430836e-10,-5.4439780505788346e-08,-5.30127590404528e-09,5.076234932977856e-13,1.1389044231573803e-07,-2.8900926877378774e-09,2.1461058982757567e-08,5.569242153189672e-08,5.385323827704831e-09,3.881566303609135e-11,-1.2965024333197778e-11,-2.8844547281357085e-10,-6.23945339839338e-13,-7.085147283684515e-10,4.1549925623371455e-10,1.1248905877891958e-10,-7.255848274804558e-11,8.92676745312589e-14,8.889534228728735e-11,-8.865984555406215e-11,1.0308297987648985e-10,6.683148305597353e-13,8.196634477523428e-10,2.1212222054600716e-08,-6.113064591772854e-09,-8.172833310027272e-09,1.236436236240479e-10,1.2364115065111036e-10,-3.1259524911716695e-07,1.9137302626382087e-09,1.4145486988497282e-07,3.460000452074989e-07,4.369869211854708e-11,8.574033393283127e-11,-3.865449514437134e-11,-2.047636213919901e-11,1.3334566399218298e-11,-4.594376268318712e-14,-1.582657076781846e-11,1.574026398942774e-11,1.5028579518627793e-11,5.378323538844191e-13,9.819615722032419e-11,1.9890535137771317e-09,-1.537456591904629e-09,-6.499487810174287e-10,1.9196849549985018e-11,5.302084974771286e-12,-1.448377660700663e-08,1.5062534749818034e-10,1.6018658058203719e-09,8.494559944338675e-08,-1.8100740705196313e-12,-6.042762872113944e-12
11.897937907435857,3.97006090722037e-10,1.0269080424526086e-10,-6.616249113022832e-11,8.327855306397569e-14,8.154802344506606e-11,-8.135460665137373e-11,1.1066552701777254e-10,9.324348498179757e-13,8.672922073553005e-10,9.927074683947334e-14,7.269240649236212e-10,-1.0079176229749187e-07,4.063755026928462e-09,-2.483735036836505e-11,4.982304593694119e-09,-2.3891456908080906e-08,-1.404252107932609e-12,-1.0511584562847287e-09,-3.6836959516320446e-11,-3.665521112575813e-11,-3.3490654693935085e-11,1.2974165235209704e-11,4.759892577923895e-12,2.5683701534427645e-10,3.3120318024745312e-12,2.3418822355913285e-10,-5.658157364862859e-08,-5.483440161883611e-09,5.315650083009363e-13,1.0079176322990574e-07,-4.063754784067175e-09,1.8933990927695798e-08,5.778924858090568e-08,5.556928586531542e-09,3.3490996190514363e-11,-1.2975539255465055e-11,-2.568377416557842e-10,-6.320869753532558e-13,-7.274570575551328e-10,3.97006090722037e-10,1.0269277671189532e-10,-6.616249204801269e-11,8.327859365650503e-14,8.154717079378316e-11,-8.135460674019156e-11,1.1066551564908878e-10,9.3243484692677e-13,8.673208469645033e-10,2.2162407791862886e-08,-6.906577618792653e-09,-8.487855637895336e-09,1.334217733983678e-10,1.2529784025142968e-10,-3.1900229269502043e-07,1.984550711535849e-09,1.422703471707527e-07,3.894867823817094e-07,4.2891862645523067e-11,8.296682395212325e-11,-3.445123543359639e-11,-1.8404055968090914e-11,1.1906879867259097e-11,-4.6012293974939664e-14,-1.3313066937747919e-11,1.322842501094712e-11,1.5778692237233827e-11,-3.862690838481638e-14,8.948977665568236e-11,1.7905263424230118e-09,-1.5748708392493427e-09,-5.972015213018267e-10,2.0246585350491842e-11,6.6255354443563634e-12,-1.0975748320543405e-08,1.2994409398465545e-10,1.601313049696024e-09,8.689152834288431e-08,-1.4075164789471387e-12,-4.99693214612897e-12
12.42623671911505,3.7992534459898216e-10,9.356190275866538e-11,-6.024332031747312e-11,7.245035029089056e-14,7.510643627028912e-11,-7.495138900637244e-11,1.189503262821745e-10,9.721617579237323e-13,9.125855285674334e-10,8.549664397297862e-14,7.419088919602412e-10,-8.900220907492873e-08,4.6758386051948264e-09,-2.1251023634269056e-11,3.842416761752026e-09,-2.0438641890052622e-08,-1.4579406746543372e-12,-1.005150953789502e-09,-3.7645945792221904e-11,-2.6775604101485444e-11,-2.880273797245536e-11,1.2256905231051698e-11,4.687627237884731e-12,2.2002014969231311e-10,3.3350387188256827e-12,2.457767632020742e-10,-5.872133321815909e-08,-5.612956714405173e-09,5.518085265341736e-13,8.900220999433217e-08,-4.675838295113005e-09,1.6617477536615928e-08,5.989057147138231e-08,5.677374474936645e-09,2.880302812867364e-11,-1.2258646876599678e-11,-2.2002099311337646e-10,-6.387483135010067e-13,-7.424622398370199e-10,3.7992534459898216e-10,9.356374922238805e-11,-6.024332173855858e-11,7.24503910279802e-14,7.510499813179194e-11,-7.495138909519028e-11,1.1895031263975398e-10,9.72161749250115e-13,9.126193522964362e-10,2.3053683495769897e-08,-7.752020610496401e-09,-8.79076782211996e-09,1.4416206340683858e-10,1.2785754085105812e-10,-3.239900329416805e-07,2.04824363036777e-09,1.4309567443514405e-07,4.358045444519121e-07,4.22296739706803e-11,8.052969025414599e-11,-3.027957801160497e-11,-1.6025061300162235e-11,1.0304175409222202e-11,-3.223354731278031e-14,-1.117570473663232e-11,1.1108585426522488e-11,1.6149748311988788e-11,-3.2569600951400566e-13,8.142533260979689e-11,1.5953148249536752e-09,-1.6101250366773457e-09,-5.509169767492495e-10,2.0949057883967726e-11,6.61804051375429e-12,-8.015906749739353e-09,1.117276698134155e-10,1.5117159447087638e-09,8.836214648866303e-08,-1.1178336424902403e-12,-4.282660307838628e-12
12.977993346475664,3.642953355642575e-10,8.528865388749789e-11,-5.4893644948113734e-11,6.433972498294989e-14,6.943027983652428e-11,-6.931032703327844e-11,1.277719320569304e-10,9.162124444545006e-13,9.556591976433992e-10,7.348906867116176e-14,7.531371313633054e-10,-7.823963477093798e-08,4.943963294312681e-09,-1.782048993737414e-11,2.643053380324556e-09,-1.7135196912170566e-08,-1.5109123804521452e-12,-9.638716672033531e-10,-3.8161896123776344e-11,-1.845261205624632e-11,-2.4719004620976648e-11,1.1184028308973452e-11,4.530896974700191e-12,1.9888546350047578e-10,3.191800835641191e-12,2.6341676578747917e-10,-6.085928134780261e-08,-5.69715716463491e-09,5.684807370213522e-13,7.823963569034142e-08,-4.943962873642238e-09,1.4509965346058895e-08,6.199656259891915e-08,5.753767901405068e-09,2.471932170437232e-11,-1.1186249982983529e-11,-1.9888624971144308e-10,-6.430411758628907e-13,-7.537065786304235e-10,3.642953355642575e-10,8.529045629757092e-11,-5.4893645806686206e-11,6.433976557547924e-14,6.942910886209574e-11,-6.931032712209628e-11,1.2777192011981242e-10,9.162124299984717e-13,9.556901905701428e-10,2.388226566836238e-08,-8.652565884403884e-09,-9.083135333298742e-09,1.557357916226465e-10,1.3058214953787228e-10,-3.277000822637029e-07,2.1053765153657275e-09,1.43894367902143e-07,4.848626555068828e-07,4.167624735191185e-11,7.831081587882094e-11,-2.6481816745258884e-11,-1.3679891138392481e-11,8.78919882059866e-12,-2.1399176874936642e-14,-9.502906542224743e-12,9.430062611337498e-12,1.6298906260203694e-11,-3.9216484804908507e-13,7.382371525939865e-11,1.4137595523303995e-09,-1.6419005987700075e-09,-5.09972572970696e-10,2.1452422345191737e-11,6.14051624362825e-12,-5.522219580836125e-09,9.586161242380138e-11,1.3789101567748102e-09,8.937725641070908e-08,-9.000949616720655e-13,-3.795328407021209e-12
13.554249376408261,3.500143398495655e-10,7.787772725957135e-11,-5.010316982042203e-11,5.884462277982079e-14,6.435438990592956e-11,-6.42652320692605e-11,1.3705440153444215e-10,8.394654213659629e-13,9.96676196033756e-10,6.302065510048112e-14,7.607786183435236e-10,-6.82884500335934e-08,5.029198724137984e-09,-1.4560250326851283e-11,1.4143660350050627e-09,-1.3995834808560355e-08,-1.5644676092801958e-12,-9.259880246262342e-10,-3.842672465755586e-11,-1.138717249531097e-11,-2.115940755942347e-11,1.0013711385108985e-11,4.3521110963768766e-12,1.893113836943344e-10,3.0466917590470097e-12,2.821771083049332e-10,-6.299432415701745e-08,-5.742750874321172e-09,5.81161511420634e-13,6.828845073615641e-08,-5.029198234078602e-09,1.2596030510787981e-08,6.410508202172119e-08,5.79256118523582e-09,2.1159877777905678e-11,-1.0015338281934684e-11,-1.8931203745414984e-10,-6.454096516487576e-13,-7.61360604191926e-10,3.500143398495655e-10,7.787936435003454e-11,-5.01031701164815e-11,5.884466348799836e-14,6.435283808059466e-11,-6.426523215807834e-11,1.3705439243949513e-10,8.394654069099339e-13,9.967063003083845e-10,2.46495862180988e-08,-9.61000332608819e-09,-9.366144450950741e-09,1.6810094962238508e-10,1.3326633130361642e-10,-3.302515718259688e-07,2.1565127878960325e-09,1.4464738855249756e-07,5.365565662884819e-07,4.121023340283858e-11,7.623016721909164e-11,-2.3197592353974004e-11,-1.163628691180918e-11,7.448799739980435e-12,-1.4304100496668564e-14,-8.206529800158791e-12,8.15539379916963e-12,1.632465234990832e-11,-3.6636722012632165e-13,6.761418565777907e-11,1.2493374621650824e-09,-1.6706830137991347e-09,-4.73143619927896e-10,2.185061653392495e-11,5.605106934147841e-12,-3.4050549976526793e-09,8.204070133340695e-11,1.2344522976307493e-09,8.995619863820063e-08,-7.247546696178645e-13,-3.447405071913684e-12
14.156092644919916,3.3691772363906673e-10,7.125769722430657e-11,-4.5822528586351535e-11,5.505096627398768e-14,5.972142389509827e-11,-5.966033591597863e-11,1.467619836148515e-10,7.651557021084073e-13,1.0358072662105163e-09,5.381371296330233e-14,7.649607486800066e-10,-5.9006639158143415e-08,5.0356881164947964e-09,-1.1481107483375069e-11,1.871257811401707e-10,-1.1030497943614089e-08,-1.6175770250169418e-12,-8.904463718456545e-10,-3.847404791398051e-11,-5.3144096842843624e-12,-1.8029133741492842e-11,8.893194100234123e-12,4.186964221845429e-12,1.8601157698953814e-10,2.9288192570303066e-12,3.0253152555587096e-10,-6.512373085243439e-08,-5.754826176319797e-09,5.894256256399703e-13,5.900664007754686e-08,-5.0356878215918055e-09,1.085485527851926e-08,6.621224522180582e-08,5.798610906683133e-09,1.8029588540587277e-11,-8.894747994593519e-12,-1.8601235470456167e-10,-6.443734434924409e-13,-7.655511780058077e-10,3.3691772363906673e-10,7.125938310537094e-11,-4.58225295633478e-11,5.505100675086879e-14,5.971996301923355e-11,-5.966033609361432e-11,1.467619773620754e-10,7.651556876523783e-13,1.035836942264723e-09,2.5358761195093392e-08,-1.0626131552271546e-08,-9.640522841891652e-09,1.8125606516150582e-10,1.3590605677885985e-10,-3.3173613437637934e-07,2.2021269350126077e-09,1.4534811899512754e-07,5.907660458603914e-07,4.0821208404281016e-11,7.424058623070606e-11,-2.0430850761199437e-11,-9.779413301380658e-12,6.296639772547981e-12,-9.522589198655376e-15,-7.243791927402654e-12,7.203273563738399e-12,1.626602031734592e-11,-3.0849516806837524e-13,6.163466726623786e-11,1.1015697964467107e-09,-1.6972884623100981e-09,-4.3933363720327635e-10,2.2180659229320555e-11,5.119273246053287e-12,-1.5851324387450553e-09,6.989632473746983e-11,1.0962790614200555e-09,9.011428418285543e-08,-5.727371745270493e-13,-3.176684580172053e-12
14.784659290713032,3.2483247582500613e-10,6.5299536800012e-11,-4.196573583451861e-11,5.2548704334668774e-14,5.540587153518573e-11,-5.5370280582778267e-11,1.5686166761952336e-10,7.068881533363787e-13,1.0732309116671483e-09,4.561022990054939e-14,7.657572273038019e-10,-5.031380492792614e-08,5.021165566665431e-09,-8.594288630213641e-12,-1.0074253385870616e-09,-8.249942633804202e-09,-1.670580373255154e-12,-8.56504799549851e-10,-3.832459382146788e-11,-3.03270006007164e-14,-1.5240919637449224e-11,7.889250874346847e-12,4.051776596814705e-12,1.865465578270265e-10,2.857993394978575e-12,3.244547316557925e-10,-6.724318186712708e-08,-5.7367661009207995e-09,5.941818579403383e-13,5.031380558712106e-08,-5.021165132984562e-09,9.26596395841742e-09,6.831292463058711e-08,5.77511741271119e-09,1.524121108623978e-11,-7.890572918068627e-12,-1.8654723878608634e-10,-6.40968759550257e-13,-7.663521669106407e-10,3.2483247582500613e-10,6.530099909696219e-11,-4.196573784772302e-11,5.2548744898286054e-14,5.5404501608791177e-11,-5.537028080482287e-11,1.5686165852457634e-10,7.06888135989144e-13,1.0732565745759833e-09,2.601325201491515e-08,-1.170331088360399e-08,-9.906560671879561e-09,1.9520446244314372e-10,1.3849771107743436e-10,-3.3222055432239614e-07,2.2425701865164474e-09,1.4599736437265228e-07,6.473516359998636e-07,4.050615649032566e-11,7.231921650072138e-11,-1.8115408065404644e-11,-8.351747597205397e-12,5.3741057826073305e-12,-6.443220031589666e-15,-6.516754291752136e-12,6.4842281016774805e-12,1.6146658801119428e-11,-2.520839439967837e-13,5.652533824710796e-11,9.687086276244371e-10,-1.7221547750523313e-09,-4.0768990317019414e-10,2.2464432589686113e-11,4.747443595650343e-12,-1.4051808812139423e-12,5.908777072770495e-11,9.72567074474855e-10,8.9861633245647e-08,-4.328700144278404e-13,-2.9439321011341668e-12
15.441135899948314,3.136074890284594e-10,5.986924710062643e-11,-3.844690654730698e-11,5.0901375996115215e-14,5.1317874749656765e-11,-5.1305777137855556e-11,1.6732807580410735e-10,6.631542768624025e-13,1.1090654879808426e-09,3.820655207782478e-14,7.631957242108337e-10,-4.2173479986029605e-08,5.010862280663275e-09,-5.913680693450267e-12,-2.13782017881898e-09,-5.668420019081363e-09,-1.7228593633114228e-12,-8.237037761940624e-10,-3.799086207122257e-11,4.6059133170898184e-12,-1.2725931419765857e-11,7.023316102540657e-12,3.951662374489464e-12,1.8891838816898543e-10,2.820517382166e-12,3.4906953879525624e-10,-6.934729652741112e-08,-5.690625335293938e-09,5.951344018290117e-13,4.2173480679918995e-08,-5.010861543405798e-09,7.812155399264784e-09,7.040114214580977e-08,5.724006836991155e-09,1.2726415903976961e-11,-7.024844318062874e-12,-1.8891960553381755e-10,-6.346034808757395e-13,-7.637919926158551e-10,3.136074890284594e-10,5.987060044769047e-11,-3.8446910928987185e-11,5.090141635734809e-14,5.1316686722202575e-11,-5.1305777448718005e-11,1.673280638669894e-10,6.63154256623962e-13,1.1090925473430009e-09,2.6615833242734273e-08,-1.284408790525049e-08,-1.0164191118633425e-08,2.0995885620322952e-10,1.4108264186537173e-10,-3.3175334768725935e-07,2.278076660986025e-09,1.4659969517128394e-07,7.061501203035429e-07,4.026663158578544e-11,7.045929701956129e-11,-1.6161720072770578e-11,-7.140047123913954e-12,4.643956449020455e-12,-4.424573670410344e-15,-5.946979542148511e-12,5.9195253226951295e-12,1.5970395210729295e-11,-2.0432242125075404e-13,5.145199490167821e-11,8.478586096316576e-10,-1.7456484783906489e-09,-3.7762339779590093e-10,2.2704590278976866e-11,4.4714566771464344e-12,1.3882487924079637e-09,4.934689387393583e-11,8.658796023869399e-10,8.920410158689644e-08,-2.991808052745885e-13,-2.726596155886579e-12
16.126761746240668,3.031256827952985e-10,5.4872968272926906e-11,-3.520733073969495e-11,4.974849152419858e-14,4.740159056382254e-11,-4.741101991001528e-11,1.781361589792141e-10,6.253561788775267e-13,1.143367262557149e-09,3.1460392615424425e-14,7.572743265793491e-10,-3.4577642971100886e-08,5.009779674436388e-09,-3.4587088587512935e-12,-3.1728896097783986e-09,-3.3040738399238633e-09,-1.7746146132452401e-12,-7.918126973538442e-10,-3.748086627885544e-11,8.681521264149463e-12,-1.0437206654501097e-11,6.295015069382814e-12,3.886477960431932e-12,1.916860521704809e-10,2.7884537515764633e-12,3.7791863628404683e-10,-7.142992819453298e-08,-5.6176056054963805e-09,5.927104691020221e-13,3.4577643829789007e-08,-5.009779114988067e-09,6.480423636948118e-09,7.247036289803594e-08,5.6464017311870545e-09,1.0437702568574792e-11,-6.296310418115871e-12,-1.9168740846538597e-10,-6.258697264153549e-13,-7.578684346754017e-10,3.031256827952985e-10,5.487442109597396e-11,-3.520733837802936e-11,4.974853142283853e-14,4.740038548334269e-11,-4.7411020265286653e-11,1.7813614476835937e-10,6.25356161530292e-13,1.1433966278673324e-09,2.7167645748704672e-08,-1.4051076141186058e-08,-1.0413089756866612e-08,2.2553423036697495e-10,1.4371790868494828e-10,-3.303722641193375e-07,2.308791224013302e-09,1.471613842932208e-07,7.669701886925395e-07,4.010680516285577e-11,6.866403552222936e-11,-1.4482525367033132e-11,-6.201744976822946e-12,3.9930905397037956e-12,-2.946204391562901e-15,-5.489185683771325e-12,5.448836493116005e-12,1.5731193521162367e-11,-1.5808658780184596e-13,4.693971883777218e-11,7.369402737822384e-10,-1.7680811652098781e-09,-3.4877781409647925e-10,2.289408755018485e-11,4.236520625052383e-12,2.6098929735720175e-09,4.048658041038312e-11,7.761719430453688e-10,8.814502313233182e-08,-1.6885957837437886e-13,-2.5127618237009986e-12
16.84283113011666,2.9330659102877466e-10,5.02146576764062e-11,-3.218458131115654e-11,4.897184998376806e-14,4.362718755146489e-11,-4.365669559192042e-11,1.892489495958216e-10,5.939416001845184e-13,1.176175040503343e-09,2.528380290894135e-14,7.479787044369542e-10,-2.753580793934951e-08,5.011679266031521e-09,-1.2503008611081112e-12,-4.083273377158176e-09,-1.1773634448327845e-09,-1.825816657152063e-12,-7.607712376733744e-10,-3.679885207921794e-11,1.2244335269532823e-11,-8.345213409199914e-12,5.695811139220354e-12,3.853994048035087e-12,1.9442568267481903e-10,2.7617026682306687e-12,4.112202087592103e-10,-7.348433781473318e-08,-5.518461036972387e-09,5.868472663835463e-13,2.7535808745995927e-08,-5.011678786814161e-09,5.261888120163182e-09,7.451372142986194e-08,5.543012612215508e-09,8.345794002851412e-12,-5.697460559465275e-12,-1.9442679607130354e-10,-6.131391690663198e-13,-7.485669861750921e-10,2.9330659102877466e-10,5.0216161184835074e-11,-3.218459238378084e-11,4.8971889969144184e-14,4.362593699624995e-11,-4.3656695947191795e-11,1.8924893424809851e-10,5.939415828372837e-13,1.1762065791269076e-09,2.7669263848414023e-08,-1.532725873403251e-08,-1.0652774727759606e-08,2.4193596686927775e-10,1.464170029663592e-10,-3.2811150303195764e-07,2.3348021566246477e-09,1.4768939361842502e-07,8.295891902321273e-07,4.0032205010411454e-11,6.694260523224896e-11,-1.3003987458607795e-11,-5.366324458873824e-12,3.688511422221079e-12,-1.894160754171518e-15,-5.05588823862535e-12,5.032849517694338e-12,1.5431299331680748e-11,-1.1641328526157402e-13,4.307939889258705e-11,6.338523235172033e-10,-1.789527050277684e-09,-3.2097702842293076e-10,2.3033469318534115e-11,4.0427704471139115e-12,3.6778200123620104e-09,3.239103690128031e-11,7.024149347419272e-10,8.668701563981547e-08,-4.096198640696214e-14,-2.2968017852204036e-12
17.590695822349833,2.8410385546443854e-10,4.5782750627646845e-11,-2.930493305797199e-11,4.8530466913628466e-14,3.998393367510289e-11,-4.0032066372930334e-11,2.0062177441104722e-10,5.72494363836514e-13,1.2075334476927916e-09,1.9630436350703193e-14,7.352991895914762e-10,-2.106769037002465e-08,5.005166558991192e-09,6.916605804961419e-13,-4.8442200449385e-09,6.922982821931458e-10,-1.8762432091919827e-12,-7.306377454441293e-10,-3.594978965678077e-11,1.531685489843535e-11,-6.43451958382002e-12,5.216526225006971e-12,3.851504797638316e-12,1.970019634412164e-10,2.7493762992084896e-12,4.4867789814374927e-10,-7.550350247242932e-08,-5.39380653836276e-09,5.778921539796126e-13,2.1067691185344684e-08,-5.005166025563723e-09,4.151230942576427e-09,7.652421234112018e-08,5.414436405686234e-09,6.435258992760996e-12,-5.2176546421977715e-12,-1.970028268491402e-10,-5.987802846145011e-13,-7.358784692712561e-10,2.8410385546443854e-10,4.578429582124954e-11,-2.9304935604083465e-11,4.853050652314783e-14,3.9982325006349127e-11,-4.00320667282017e-11,2.006217710004421e-10,5.724943435980734e-13,1.2075679099628662e-09,2.8121358870218197e-08,-1.66758632985875e-08,-1.0882693749181271e-08,2.591636484794435e-10,1.491784000033173e-10,-3.250075193985267e-07,2.35617264132508e-09,1.4819091735656969e-07,8.937509861084436e-07,4.0048837724136295e-11,6.530760168187618e-11,-1.1668489811531013e-11,-4.718422889441835e-12,3.049990600819304e-12,-1.2407426937717976e-15,-4.661909513981044e-12,4.642866044402006e-12,1.5075661892183235e-11,-8.640063201929375e-14,3.9107362681534143e-11,5.365390582786252e-10,-1.8097429347108118e-09,-2.9417600231340655e-10,2.3125582728766858e-11,3.908755680237519e-12,4.598733900145151e-09,2.4998806572983784e-11,6.433666528881485e-10,8.48338557920177e-08,8.43871449859405e-14,-2.076584772915437e-12
18.371767615786375,2.755024579535285e-10,4.138285779238989e-11,-2.6440798765274092e-11,4.842888786752801e-14,3.647146513685584e-11,-3.653785549673216e-11,2.1220272742539237e-10,5.670099921991263e-13,1.2375744214902322e-09,1.448425970992591e-14,7.192472312178566e-10,-1.5198812070016388e-08,4.977702555697405e-09,2.3577752783399927e-12,-5.444712518144966e-09,2.296138041606761e-09,-1.9251024792289392e-12,-7.015465906118345e-10,-3.4936778922053097e-11,1.790819128163453e-11,-4.7001291747506e-12,4.84813772616331e-12,3.876686079650896e-12,1.99450537948676e-10,2.7676674472424196e-12,4.897224277978898e-10,-7.748035031340806e-08,-5.244338710067601e-09,5.674239290237582e-13,1.5198812937378126e-08,-4.977701926860145e-09,3.1462183379404873e-09,7.849486926962441e-08,5.261364199612919e-09,4.7006944879277295e-12,-4.8487561193208265e-12,-1.9945105125037104e-10,-5.832371622697489e-13,-7.198159105807159e-10,2.755024579535285e-10,4.138452709412377e-11,-2.6440801489021244e-11,4.842892741922326e-14,3.646993604888849e-11,-3.653785576318569e-11,2.1220272969912912e-10,5.670099632870684e-13,1.237607403936636e-09,2.852647254864375e-08,-1.8100565648637712e-08,-1.1102286595132682e-08,2.772110383375548e-10,1.5198819684295965e-10,-3.211027780620561e-07,2.372961554358323e-09,1.4867301352404914e-07,9.591667122776926e-07,4.016245266335224e-11,6.377336043509689e-11,-1.0434833301251057e-11,-3.966513562048135e-12,2.763048575123624e-12,-9.763763871480554e-16,-4.3005652317074095e-12,4.267954506476102e-12,1.4672154158290596e-11,-7.75913708284115e-14,3.509148882585578e-11,4.409695975482464e-10,-1.828183485486079e-09,-2.684066792824069e-10,2.3175810710540646e-11,3.86775889094082e-12,5.375370433007236e-09,1.8287861025881313e-11,5.9801520735712e-10,8.259165114784157e-08,2.0646316542990058e-13,-1.8519172610351186e-12
19.187520990478333,2.674929568587577e-10,3.762349175910155e-11,-2.3996417534514574e-11,4.814325888178687e-14,3.311361069791019e-11,-3.319593302464341e-11,2.2396125132218002e-10,5.431301039702611e-13,1.265597529709339e-09,9.835188882907248e-15,6.99879617223805e-10,-9.952485918729437e-09,4.91541210512203e-09,3.7157804734907646e-12,-5.8516469447766895e-09,3.6034929008975175e-09,-1.9732879907993424e-12,-6.737408752427454e-10,-3.3767346154376275e-11,2.0004943276854384e-11,-3.13782333449808e-12,4.581579508038538e-12,3.926991624585942e-12,2.0012306695415628e-10,2.7229206027127415e-12,5.385152346809642e-10,-7.940825303975885e-08,-5.07104869723736e-09,5.509377134192694e-13,9.95248713303587e-09,-4.91541146110594e-09,2.2444400033952825e-09,8.041894755109928e-08,5.08480780736767e-09,3.1384324325023187e-12,-4.5826284438419034e-12,-2.0012400627547674e-10,-5.617728504603292e-13,-7.004315646004974e-10,2.674929568587577e-10,3.7625197535362534e-11,-2.3996417416090784e-11,4.814329831783389e-14,3.311193950139568e-11,-3.319593329109693e-11,2.2396125018531165e-10,5.431300808406147e-13,1.2656317892378865e-09,2.886839210987091e-08,-1.9602110842242838e-08,-1.1311026162275084e-08,2.9609410034936446e-10,1.5498688554771434e-10,-3.164473185816056e-07,2.3852970853924585e-09,1.491443664452349e-07,1.0255042658021314e-06,4.037866400038078e-11,6.235542987046798e-11,-9.263285057995822e-12,-3.5868739090005873e-12,2.6125288599132545e-12,-5.124141851572024e-16,-3.921278474150469e-12,3.899575998222993e-12,1.4187335963811165e-11,-4.082973542596236e-14,3.1947941655137886e-11,3.5873720965658627e-10,-1.8469838323653675e-09,-2.437849381919932e-10,2.3150136385652333e-11,3.722652741622312e-12,6.003689741733915e-09,1.2243112882011353e-11,5.652325480561573e-10,7.997374614395388e-08,3.2437006133751816e-13,-1.623433208610553e-12
20.03949589715557,2.6012094674991253e-10,3.352203445198635e-11,-2.132160930775247e-11,4.8204903147867445e-14,2.990636858157813e-11,-3.0004924500559584e-11,2.358133303914656e-10,5.409874024447925e-13,1.2925534974783659e-09,5.7141195111006794e-15,6.772761703318272e-10,-5.359134247484576e-09,4.811309545216247e-09,4.833343546823648e-12,-6.132927350490013e-09,4.678580380255783e-09,-2.0198952726353455e-12,-6.473877683932372e-10,-3.244940492019327e-11,2.162526859779961e-11,-1.7580381594939354e-12,4.41302935097493e-12,4.0010272305015815e-12,2.0054682818660176e-10,2.7235508458781317e-12,5.903810901854731e-10,-8.12805017957885e-08,-4.875147624096202e-09,5.365912972924344e-13,5.35913542709654e-09,-4.811308903368561e-09,1.4495158223516912e-09,8.229011484969014e-08,4.885968748454533e-09,1.7585954902325698e-12,-4.414389687565482e-12,-2.0054748225202668e-10,-5.438612523297101e-13,-6.778142491725703e-10,2.6012094674991253e-10,3.3523627488799924e-11,-2.132161984746972e-11,4.8204942121321537e-14,2.990472012243117e-11,-3.000492476701311e-11,2.358133338020707e-10,5.409873764239403e-13,1.2925895532589494e-09,2.9168456482390564e-08,-2.1186762023717164e-08,-1.1508456628916975e-08,3.1577534855387057e-10,1.58021190207099e-10,-3.110980364274224e-07,2.393239020154203e-09,1.4960939839600631e-07,1.0924292368486022e-06,4.070013998278924e-11,6.106772958841545e-11,-8.148938387501451e-12,-2.7884138109612878e-12,1.9241486626242476e-12,-4.917751391294208e-16,-3.5341818194201123e-12,3.5295735223428437e-12,1.3665842857335519e-11,-3.611408047610176e-14,2.813737107013973e-11,2.705671552879115e-10,-1.8627148165251127e-09,-2.2039518583483187e-10,2.3088503198209765e-11,3.7009081447584674e-12,6.489126135658469e-09,6.9034365084239685e-12,5.445033733817378e-10,7.699460239744364e-08,4.3656546043144286e-13,-1.3930559440364365e-12
20.929300664290967,2.533828226403134e-10,3.0415685614570975e-11,-1.929734357493847e-11,4.8020340713087845e-14,2.6901579985860737e-11,-2.701307435515332e-11,2.4771337734819097e-10,5.278681947569938e-13,1.3170589227229356e-09,2.1058299095182357e-15,6.516104739118234e-10,-1.431937485252277e-09,4.649184509597504e-09,5.591288995539036e-12,-6.170331319301147e-09,5.407226729862e-09,-2.064897168183033e-12,-6.228681907055611e-10,-3.099498532509795e-11,2.273259624791614e-11,-5.545564008002657e-13,4.328955508650342e-12,4.095284829012662e-12,1.994130476715406e-10,2.6821636428458127e-12,6.490181488027584e-10,-8.309138310735875e-08,-4.658360725586114e-09,5.126136602869036e-13,1.431938578128067e-09,-4.6491839674964175e-09,7.575154590901333e-10,8.410265705978415e-08,4.666619971586412e-09,5.55319526663765e-13,-4.3301451317812324e-12,-1.994139986671435e-10,-5.158836321091561e-13,-6.52124132471954e-10,2.533828226403134e-10,3.041737339041598e-11,-1.92973554173174e-11,4.802038032260721e-14,2.6899692784354557e-11,-2.7013074621606846e-11,2.477133818956645e-10,5.278681658449358e-13,1.317095224825001e-09,2.9393743413190046e-08,-2.2853005793876946e-08,-1.1694402547846039e-08,3.362607276358176e-10,1.612272892970168e-10,-3.0514045037503017e-07,2.3971199910027136e-09,1.5008198106238677e-07,1.159523215221725e-06,4.11326572686647e-11,5.992780284745184e-11,-7.052244520415936e-12,-2.703466280469987e-12,1.8773461600100443e-12,-3.1607494399565895e-16,-3.1642831882505716e-12,3.172521229055647e-12,1.3078042613301477e-11,-1.497282621961323e-14,2.5564471191804236e-11,2.0331499399617315e-10,-1.8797694792738183e-09,-1.9845379810590203e-10,2.296008240421088e-11,3.616812381997588e-12,6.820729510908159e-09,2.245461330980039e-12,5.342097280305448e-10,7.368055232603865e-08,5.419607521731558e-13,-1.1625474512453698e-12
21.858615034246718,2.4734425211706916e-10,2.747692633420229e-11,-1.7379263480184666e-11,4.785601151469088e-14,2.4099244910757988e-11,-2.422266227597447e-11,2.5958247533708345e-10,5.219873954372585e-13,1.3399422944833835e-09,-9.559378085208382e-16,6.230722766435252e-10,1.8087797926114035e-09,4.4251775854764475e-09,6.02496893521709e-12,-6.000421835992777e-09,5.822143243707144e-09,-2.1085216851592785e-12,-6.00385853186114e-10,-2.94166499944489e-11,2.335081175577192e-11,4.615197113366776e-13,4.324154116194988e-12,4.208016643280863e-12,1.9728563401810055e-10,2.6474654751091964e-12,7.122571445157871e-10,-8.48358063798571e-08,-4.42268836540607e-09,4.85150403647013e-13,-1.808778751777318e-09,-4.4251767875036485e-09,1.722558702819756e-10,8.585168618795873e-08,4.428751280433978e-09,-4.606731120702923e-13,-4.32538838123175e-12,-1.9728660457271062e-10,-4.853895063661184e-13,-6.235586861672952e-10,2.4734425211706916e-10,2.7478801219634383e-11,-1.7379274671232756e-11,4.7856051182034363e-14,2.4097232653730316e-11,-2.4222662542427997e-11,2.5958248102142535e-10,5.219873549603774e-13,1.3399824259370992e-09,2.9563368298113345e-08,-2.4606770602986218e-08,-1.1868837725614867e-08,3.5751957625507204e-10,1.6453676939439294e-10,-2.986676828334376e-07,2.3971704818642053e-09,1.5056922052898667e-07,1.2263876409216816e-06,4.16772543791281e-11,5.894922742074223e-11,-5.97973977625732e-12,-2.592084421178716e-12,1.7299290296553712e-12,-2.9826696668067143e-16,-2.831450232609889e-12,2.8233228893670413e-12,1.2447804991211342e-11,-5.642407837254855e-15,2.2725877594590808e-11,1.4018490522479017e-10,-1.8956208805320785e-09,-1.7805387173552845e-10,2.2784794708741173e-11,3.572409174035229e-12,7.005657346227043e-09,-1.6893647125735406e-12,5.336394587711558e-10,7.00595898332305e-08,6.387147444333422e-13,-9.347263414671848e-13
22.829193334233338,2.420534967369677e-10,2.473182879233112e-11,-1.5585330359613182e-11,4.764784753095534e-14,2.1518280846066774e-11,-2.165264554321311e-11,2.7135343202644436e-10,5.20051926869436e-13,1.3612036127597094e-09,-3.4534439055415795e-15,5.919492696941179e-10,4.355733551619778e-09,4.136012365929531e-09,6.121036682228489e-12,-5.6139305208504e-09,5.91325734409866e-09,-2.1500491247409758e-12,-5.802112592462327e-10,-2.7731802642374877e-11,2.348939800741958e-11,1.2850831510036187e-12,4.390861111099813e-12,4.337165967297405e-12,1.9403421354661586e-10,2.6110382529354806e-12,7.802940116350217e-10,-8.650984222313695e-08,-4.170670630559852e-09,4.551780140594116e-13,-4.355732649563571e-09,-4.136011724081845e-09,-3.054464543398147e-10,8.75333534543335e-08,4.1749100300889525e-09,-1.2841507811809944e-12,-4.3919828889245004e-12,-1.9403536557213957e-10,-4.5326705352029723e-13,-5.924059761260499e-10,2.420534967369677e-10,2.4733735415338742e-11,-1.5585330833308338e-11,4.764788714047471e-14,2.151628564206476e-11,-2.1652645987302322e-11,2.7135343771078626e-10,5.200518950661722e-13,1.361240178236282e-09,2.9676523990929126e-08,-2.6450888253748417e-08,-1.2031922238975313e-08,3.795328916567087e-10,1.679608037837473e-10,-2.917822114156035e-07,2.393754432086087e-09,1.5108005347831197e-07,1.292604039804246e-06,4.233361838162919e-11,5.8144152062511446e-11,-4.931007725981577e-12,-2.43388763957834e-12,1.781188056308262e-12,-3.572494152355906e-16,-2.480036828678145e-12,2.483377431472533e-12,1.1778218791391736e-11,-3.312101750270931e-15,2.0623277426542094e-11,8.14931505980591e-11,-1.9105791579931976e-09,-1.5932776662452852e-10,2.2562842332263243e-11,3.5488808188451532e-12,7.046911581397147e-09,-4.8812180290574644e-12,5.419214132908704e-10,6.616974020564233e-08,7.254634530548995e-13,-7.12327322416791e-13
23.842867788067263,2.375260541494691e-10,2.1805923703747493e-11,-1.3671231850291103e-11,4.7524908314278135e-14,1.9178878574166446e-11,-1.932410675919982e-11,2.830064386216691e-10,5.195481342599543e-13,1.381130035345753e-09,-5.337150189019413e-15,5.58721282202986e-10,6.218929676782281e-09,3.8059971840809226e-09,6.074890559591111e-12,-5.197948926441828e-09,5.867298710374566e-09,-2.1895176643971226e-12,-5.626278314768696e-10,-2.5968365055205948e-11,2.3176827059612734e-11,1.9014789742755056e-12,4.545596198925745e-12,4.4863346151577e-12,1.896746652981986e-10,2.5647593880454664e-12,8.532078311383474e-10,-8.811083329618441e-08,-3.906516144161552e-09,4.315319260782269e-13,-6.2189286879899e-09,-3.805996446823445e-09,-6.75423311030654e-10,8.914505105008008e-08,3.9093045080166084e-09,-1.9006405742880497e-12,-4.5468276370747486e-12,-1.896759288711852e-10,-4.2795396855884366e-13,-5.591547965385265e-10,2.375260541494691e-10,2.1807899012552904e-11,-1.3671215803867653e-11,4.752494740338046e-14,1.9177167587258735e-11,-1.9324107292106875e-11,2.8300642497924856e-10,5.195481082391022e-13,1.3811683099144526e-09,2.9738876037299634e-08,-2.837645006366074e-08,-1.2182924922399252e-08,4.023007249998045e-10,1.7144548299559878e-10,-2.8444084421153093e-07,2.3869650735142134e-09,1.51597203392367e-07,1.3580566597208115e-06,4.3081258028580354e-11,5.75035644910978e-11,-3.932652762467237e-12,-1.8871572230831174e-12,1.334361598992473e-12,-5.7902386589129645e-16,-2.180461089462682e-12,2.174782970376654e-12,1.1077747359422573e-11,-3.569690839218728e-15,1.7916469611615563e-11,1.9440388617416224e-11,-1.9226430595153945e-09,-1.4244504740190677e-10,2.230167062577948e-11,3.532631617786386e-12,6.952802881236293e-09,-7.270421786310932e-12,5.610017401880613e-10,6.207164856183074e-08,8.021831600311021e-13,-4.966961311287285e-13
24.901551974978997,2.3381524614600005e-10,1.961113108942906e-11,-1.2234164792346291e-11,4.702864145565237e-14,1.7074489733204244e-11,-1.7227936144337265e-11,2.9442766731335723e-10,5.171832695901232e-13,1.3990560546517371e-09,-6.755283771894256e-15,5.236113834183875e-10,7.406705387902335e-09,3.395082270873928e-09,5.493239017184285e-12,-4.3671291880384035e-09,5.304449419390218e-09,-2.227543551090033e-12,-5.477831223343888e-10,-2.4137633106739174e-11,2.2449343337125494e-11,2.359112905025995e-12,4.707537627226701e-12,4.635977687366116e-12,1.8394668406932378e-10,2.505166500672369e-12,9.309652118886834e-10,-8.963761661817671e-08,-3.6319812273978474e-09,3.9748360491341967e-13,-7.4067043991099535e-09,-3.3950815769845377e-09,-9.428110573996206e-10,9.068557276473057e-08,3.633667165608591e-09,-2.3583090775353144e-12,-4.70868233340318e-12,-1.8394792496608643e-10,-3.9168668308775523e-13,-5.240103166196756e-10,2.3381524614600005e-10,1.9612987027054867e-11,-1.2234162127811032e-11,4.702867979304119e-14,1.707269916551013e-11,-1.7227936677244316e-11,2.9442765139719993e-10,5.171832377868594e-13,1.3990928285541788e-09,2.9734630758563677e-08,-3.039859002456069e-08,-1.2324018723575137e-08,4.2579206365189747e-10,1.7507756725857842e-10,-2.7695054229276816e-07,2.3778181923450603e-09,1.5216569016119437e-07,1.4220156524894871e-06,4.393969973750152e-11,5.705996620799144e-11,-2.943318563412382e-12,-1.8133303155328425e-12,1.1810956361083906e-12,-7.843170557464418e-16,-1.868467008891983e-12,1.8633279114110833e-12,1.0346616292622457e-11,-5.026049021417123e-15,1.5936590595326076e-11,-2.7349839607874552e-11,-1.93700452655321e-09,-1.272670886010019e-10,2.1996786330191754e-11,3.50164850818994e-12,6.734035964509636e-09,-9.05150393114458e-12,5.809966296364685e-10,5.7798015262733315e-08,8.644995273752084e-13,-2.94432810742327e-13
26.007244442001138,2.3100201233342924e-10,1.7585261957719922e-11,-1.090679457860233e-11,4.6360638649804256e-14,1.5216937754303218e-11,-1.5377799211790945e-11,3.055431909615436e-10,5.133218763248015e-13,1.4156316562245288e-09,-7.579166885183622e-15,4.870622331380284e-10,7.93780208230288e-09,2.9159120951138817e-09,4.519624382090129e-12,-3.263765339338904e-09,4.364277035000847e-09,-2.2633757633958378e-12,-5.35891831604518e-10,-2.2262597127544076e-11,2.1332549744767028e-11,2.617905892066119e-12,4.911955336169512e-12,4.7941868101406595e-12,1.7695220828826764e-10,2.4318286279572932e-12,1.0131131985738374e-09,-9.109051362088394e-08,-3.3504774148894307e-09,3.6158550835209874e-13,-7.937801128204969e-09,-2.9159116657698214e-09,-1.1050297879114777e-09,9.215526760975143e-08,3.351404967497795e-09,-2.6171363660216704e-12,-4.9135981399690304e-12,-1.7695374917130311e-10,-3.5497530840681673e-13,-4.874246191851247e-10,2.3100201233342924e-10,1.7587216897633575e-11,-1.0906790078498338e-11,4.636067704501719e-14,1.5215255189104937e-11,-1.537779956706231e-11,3.0554317731912305e-10,5.13321856086361e-13,1.415667535790514e-09,2.96786039446791e-08,-3.252758760936558e-08,-1.2455971784675057e-08,4.4997992290518594e-10,1.7884619415061327e-10,-2.6944911129185343e-07,2.3668138616518564e-09,1.5279066910096858e-07,1.4840494676112332e-06,4.490202967546061e-11,5.681605333198355e-11,-2.0009299946111005e-12,-1.6407705860643774e-12,1.0494076718714496e-12,-9.106992937546465e-16,-1.5788945484374039e-12,1.555147180476446e-12,9.59455924487429e-12,-5.721222107180068e-15,1.431208147550933e-11,-7.059037064512571e-11,-1.9513887309585697e-09,-1.139412390216421e-10,2.1654682456073714e-11,3.460554504989647e-12,6.3988064459466804e-09,-1.006408457547743e-11,6.061937260231921e-10,5.340050327854821e-08,9.126014737017667e-13,-1.0785848053816253e-13
27.162032476755684,2.2912802187987264e-10,1.5797801703835527e-11,-9.734575219984738e-12,4.545219177883493e-14,1.3615135685540736e-11,-1.3782026453412755e-11,3.162702921599703e-10,5.076183426146649e-13,1.4309228087464969e-09,-7.829378229634096e-15,4.4954596295498916e-10,7.849637051471348e-09,2.3764713807938875e-09,3.3596528956665003e-12,-2.0819618152494765e-09,3.244177783555204e-09,-2.297802657240215e-12,-5.271314419685869e-10,-2.0368322661576334e-11,1.9866892368939892e-11,2.685296429660866e-12,5.133832484566531e-12,4.954922452388961e-12,1.6875081010679954e-10,2.3454386095288874e-12,1.0990023382717477e-09,-9.247152785718526e-08,-3.0658335818376928e-09,3.250283795002325e-13,-7.849636097373436e-09,-2.376470873387271e-09,-1.165574722552679e-09,9.355610066728967e-08,3.0663323043480104e-09,-2.684530522141168e-12,-5.135287751104107e-12,-1.687522349804736e-10,-3.1781984451602813e-13,-4.498716954515203e-10,2.2912802187987264e-10,1.579973674855258e-11,-9.734567700074118e-12,4.5452230694464914e-14,1.3613168903248152e-11,-1.3782027075137649e-11,3.1627029443370704e-10,5.076183194850185e-13,1.4309579531375978e-09,2.9571494087576866e-08,-3.477262216620147e-08,-1.2579929091316445e-08,4.748315450342489e-10,1.8275241172223863e-10,-2.6210738220671314e-07,2.3546744849084478e-09,1.534838888848362e-07,1.5436673000597996e-06,4.5961374844916134e-11,5.6773732196961175e-11,-1.1226177250532136e-12,-1.4679409317726784e-12,9.328279778249755e-13,-9.446203079003604e-16,-1.2590235798359829e-12,1.2588604186847262e-12,8.830986715224753e-12,-6.450505638892304e-15,1.2484542821766809e-11,-1.0897128959186376e-10,-1.9649804016808046e-09,-1.0250419677504396e-10,2.128122304156932e-11,3.4061846861573504e-12,5.958828675967346e-09,-1.0339577149109588e-11,6.336261880917593e-10,4.8938302891580556e-08,9.450041957003811e-13,5.888133730591605e-14
28.368096047762684,2.2818397222660696e-10,1.4203154326726993e-11,-8.6878529851712e-12,4.439229678299128e-14,1.2276723282411695e-11,-1.2448836717027234e-11,3.265684722464357e-10,5.0065616872171e-13,1.4450983144342899e-09,-7.531091077395962e-15,4.1168218371338366e-10,7.2012941443322376e-09,1.7974402521936383e-09,2.0879130207996603e-12,-8.866320574555228e-10,2.016638760744221e-09,-2.3303634006212673e-12,-5.216539603059011e-10,-1.848517301760244e-11,1.8099218022248937e-11,2.57160959193925e-12,5.376668912267463e-12,5.118965461631802e-12,1.5957074032726146e-10,2.2472474043421613e-12,1.1880776245942888e-09,-9.378432999085363e-08,-2.7825515535117884e-09,2.8994639805421385e-13,-7.201293190234326e-09,-1.7974398055023433e-09,-1.1320938754896419e-09,9.489166113601013e-08,2.782935071018946e-09,-2.570879801904423e-12,-5.378132384419775e-12,-1.5957220713055718e-10,-2.8318088614772324e-13,-4.119726781937061e-10,2.2818397222660696e-10,1.4204841628876844e-11,-8.687841202004165e-12,4.4392335872093604e-14,1.2274745131435339e-11,-1.2448837605205654e-11,3.2656846997269895e-10,5.006561369184463e-13,1.4451318065766828e-09,2.941587008535862e-08,-3.713584155775606e-08,-1.2696882936324982e-08,5.00340302096447e-10,1.8676868940303848e-10,-2.5501438273728804e-07,2.342057408254161e-09,1.54245573831139e-07,1.6006342112480827e-06,4.710131613442729e-11,5.692195599131071e-11,-3.273320503538457e-13,-1.2043870271464622e-12,7.766817115377004e-13,-1.1127635849798404e-15,-9.964794156491762e-13,9.862385130787744e-13,8.068474812716887e-12,-7.95201289075879e-15,1.1299077110985914e-11,-1.4348139908785621e-10,-1.9775070541072636e-09,-9.300179826254862e-11,2.0887077312181644e-11,3.341998414119196e-12,5.428310617543143e-09,-9.915696464867646e-12,6.635134600792794e-10,4.44823375171192e-08,9.616118332745708e-13,2.046400838136749e-13
29.627711919708684,2.2814458914647655e-10,1.2865954583200316e-11,-7.809525352323968e-12,4.312937507133796e-14,1.1195152183063329e-11,-1.1371552499639393e-11,3.363991947935574e-10,4.920888927821092e-13,1.4582571263114612e-09,-6.726545320422457e-15,3.740478459376047e-10,6.061331020434935e-09,1.1928874554811841e-09,7.721909359457e-13,2.6665042198091374e-10,7.469921506749903e-10,-2.3614331247801684e-12,-5.195088411541482e-10,-1.6639498241798413e-11,1.6089732905184355e-11,2.2923885012460232e-12,5.622130082331403e-12,5.282155232106534e-12,1.4955974243351062e-10,2.1388097701033147e-12,1.2796765861442105e-09,-9.503420761447501e-08,-2.504705280391009e-09,2.5581034686361637e-13,-6.061330153073197e-09,-1.1928870608315933e-09,-1.0144146385988278e-09,9.61670652435936e-08,2.5052522330550473e-09,-2.2918347924202713e-12,-5.623355393010184e-12,-1.4956125006623386e-10,-2.5017025488220196e-13,-3.7430458732501393e-10,2.2814458914647655e-10,1.2867666991193498e-11,-7.809522332517341e-12,4.312941444956087e-14,1.1193304771950353e-11,-1.1371553387817813e-11,3.3639919706729416e-10,4.920888841084918e-13,1.4582906677181503e-09,2.921275639285644e-08,-3.9622391341254114e-08,-1.2808204235170706e-08,5.265058371151099e-10,1.908797890119255e-10,-2.48281494588471e-07,2.3296832913320686e-09,1.5507965351654144e-07,1.6547224485445138e-06,4.830722768559929e-11,5.724942318818815e-11,3.7556426140302376e-13,-9.388713436327597e-13,6.194494991026052e-13,-1.259300071628407e-15,-7.407111368706864e-13,7.382851580084448e-13,7.317271624174281e-12,-8.97571369081381e-15,9.975186306595181e-12,-1.7284595135909815e-10,-1.9891316696885044e-09,-8.536582924989488e-11,2.048070669502522e-11,3.2668581728678703e-12,4.8253192656026184e-09,-8.852216675609911e-12,6.937440434964658e-10,4.0098660096058815e-08,9.621283479123443e-13,3.263258333980242e-13
30.943257951443588,2.2898997559250843e-10,1.1788991590340933e-11,-7.101504332733081e-12,4.161870605090545e-14,1.0367693903390318e-11,-1.0546813911105347e-11,3.456774948062957e-10,4.813817400250997e-13,1.4706146127233902e-09,-5.438045259685438e-15,3.3730335191606287e-10,4.523547508794579e-09,5.80046566334147e-10,-2.1311790378088423e-13,1.0275952113035306e-09,-2.0347311137568017e-10,-2.390803817398611e-12,-5.207102988374901e-10,-1.4860622422541416e-11,1.3897383324883905e-11,1.8566259640806493e-12,5.853593971141042e-12,5.440440375241068e-12,1.3880700953239506e-10,2.020318049783479e-12,1.3731037359201205e-09,-9.6227839030405e-08,-2.236647766220929e-09,2.2348312436748508e-13,-4.52354667612731e-09,-5.800462497471126e-10,-8.239092790954647e-10,9.738877180336092e-08,2.2376085222434715e-09,-1.8559505874423537e-12,-5.854808860536303e-12,-1.3880861544912944e-10,-2.1908401019269755e-13,-3.375276354707542e-10,2.2898997559250843e-10,1.1790548626322561e-11,-7.101503089283294e-12,4.161874519783189e-14,1.0365744174123392e-11,-1.054681497691945e-11,3.456774845744803e-10,4.813817197866592e-13,1.4706471953710812e-09,2.896601799875498e-08,-4.22407581936568e-08,-1.2915710999550356e-08,5.53290619791369e-10,1.9508515395709006e-10,-2.4211610700815583e-07,2.3185004484858884e-09,1.5599540911243138e-07,1.7054451954360654e-06,4.95642502966002e-11,5.774173366298226e-11,9.654142791905758e-13,-7.150447271323894e-13,4.570317457819328e-13,-1.2851423628982653e-15,-5.103781119952799e-13,5.147393261628607e-13,6.588410101926457e-12,-9.332251406831322e-15,8.939211208295698e-12,-1.971243667261054e-10,-1.9978411728516223e-09,-7.956055583235866e-11,2.006956250966141e-11,3.1772949549147e-12,4.167554776731671e-09,-7.18345378298256e-12,7.222787338564208e-10,3.5860011552794426e-08,9.467501739177098e-13,4.207709412377506e-13
32.31721758481953,2.3063550819157897e-10,1.0984513210132718e-11,-6.572480989082881e-12,3.994111176057006e-14,9.783980203792453e-12,-9.964584535282483e-12,3.5434409483059427e-10,4.692455249597864e-13,1.48239778354764e-09,-3.747637347545634e-15,3.022378597394848e-10,2.7136250191350797e-09,-1.3842677004660686e-11,-7.103432425603629e-13,1.2624074504006902e-09,-6.825203894119829e-10,-2.4190235291222594e-12,-5.252076863693222e-10,-1.31820539626023e-11,1.1598332517272375e-11,1.2926326675710698e-12,6.072861917417487e-12,5.594484789445595e-12,1.276796814253136e-10,1.8942618223096232e-12,1.4673438206238194e-09,-9.737305290968834e-08,-1.983543148852743e-09,1.930116765198886e-13,-2.7136241864678112e-09,1.3842833129773524e-11,-5.791773459638629e-10,9.856430461616258e-08,1.9851250875671328e-09,-1.2921292115160125e-12,-6.074495629334755e-12,-1.2768157449272237e-10,-1.9021821155244348e-13,-3.024317093055136e-10,2.3063550819157897e-10,1.0986233670943571e-11,-6.572474120503103e-12,3.994115119661708e-14,9.781740573089337e-12,-9.964585778732272e-12,3.543440743669635e-10,4.6924550183014e-13,1.4824305632525162e-09,2.867951989173889e-08,-4.499085480347276e-08,-1.3021403663060482e-08,5.80670216550061e-10,1.993680983266207e-10,-2.3669061253586248e-07,2.309561225859874e-09,1.569974471561831e-07,1.7524759385878497e-06,5.085110492408784e-11,5.837330614248219e-11,1.431132836659151e-12,-4.994494299618661e-13,3.023349866756083e-13,-1.2620978336504625e-15,-3.267829867814598e-13,3.304376522406116e-13,5.896632444546413e-12,-9.25291093745173e-15,8.22859268131045e-12,-2.1613668650388718e-10,-2.00316480913898e-09,-7.548481022467968e-11,1.9665792336809317e-11,3.078197673607915e-12,3.4779132545480047e-09,-5.019355102994089e-12,7.492788597181794e-10,3.1850479587092195e-08,9.181204060904058e-13,4.892245795395008e-13
33.752184532845696,2.3296195602225587e-10,1.0431904229335487e-11,-6.208879336592569e-12,3.81835782899594e-14,9.404902812093496e-12,-9.586736382516391e-12,3.6244484817871123e-10,4.568237801927388e-13,1.493818126618862e-09,-1.79590036000617e-15,2.692754121532322e-10,7.226778897528874e-10,-5.721152718241029e-10,-1.0246354855850522e-12,1.2831786129684023e-09,-9.852558451634813e-10,-2.4465343650709874e-12,-5.327891690332098e-10,-1.1621640342580412e-11,9.272901810104075e-12,6.478151348687788e-13,6.2713849541649565e-12,5.74270401177174e-12,1.1662847440710994e-10,1.7653629987496658e-12,1.5611863724181097e-09,-9.847840782839512e-08,-1.7481079116554464e-09,1.64690906311743e-13,-7.226772305579665e-10,5.72115354223468e-10,-2.9689883983869645e-10,9.970187423702901e-08,1.7504548973103637e-09,-6.47295774923104e-13,-6.272902198306577e-12,-1.1663076672275305e-10,-1.638689184346731e-13,-2.694407659949623e-10,2.3296195602225587e-10,1.0433707113103689e-11,-6.2088650073140646e-12,3.8183618304247583e-14,9.402936029800913e-12,-9.586737803601864e-12,3.6244481407265995e-10,4.56823762845504e-13,1.493849633031156e-09,2.8356180215875307e-08,-4.7874287702143195e-08,-1.3126805401952879e-08,6.087117117203889e-10,2.0370552059982099e-10,-2.320027622212111e-07,2.3033882266820793e-09,1.5808226267370748e-07,1.7960874837778344e-06,5.21515156985212e-11,5.912021650011922e-11,1.7847757184200989e-12,-2.6590340299984895e-13,1.643994570107073e-13,-1.3046045725199443e-15,-1.759316747840245e-13,1.8814360902563722e-13,5.250409458312788e-12,-9.504769656517217e-15,7.705602911300958e-12,-2.303262590430677e-10,-2.0076011423952877e-09,-7.284938234874972e-11,1.9279351306522585e-11,2.976852792047069e-12,2.780460099886515e-09,-2.541372385971019e-12,7.737199085495366e-10,2.8113187629704346e-08,8.784929973864227e-13,5.344347447228115e-13
35.250867676009115,2.3586257780205953e-10,1.0096967647162577e-11,-5.988452933536337e-12,3.631809980068438e-14,9.196264727506786e-12,-9.378497267675812e-12,3.699761418829439e-10,4.438239012416467e-13,1.5051181738575299e-09,3.321985750909732e-16,2.388997333291343e-10,-1.3378026464394566e-09,-1.0786520288075252e-09,-1.1179128059765223e-12,1.0700840015674476e-09,-1.074796600925814e-09,-2.472794080501765e-12,-5.432157043627761e-10,-1.0199267141447348e-11,7.0001421487551995e-12,-4.8960835385969403e-14,6.432402509705029e-12,5.881254563601813e-12,1.0577120521370955e-10,1.6349877069939447e-12,1.6537889457451494e-09,-9.955275697137722e-08,-1.5333113590179702e-09,1.3886913176099544e-13,1.337803409717786e-09,1.0786520244707165e-09,5.830048745357277e-12,1.0080993523718305e-07,1.536508904605451e-09,4.954824934675847e-14,-6.434256184050853e-12,-1.0577423465943624e-10,-1.4033219031261979e-13,-2.3903945489678335e-10,2.3586257780205953e-10,1.0098811268714296e-11,-5.98842303152954e-12,3.6318141549696035e-14,9.19422973311157e-12,-9.378499044032652e-12,3.6997611232436614e-10,4.438239012416467e-13,1.5051489337262562e-09,2.7999988136192163e-08,-5.0895713502541186e-08,-1.323367175700696e-08,6.374426038746605e-10,2.080895130281609e-10,-2.2813790877101617e-07,2.3006705078369716e-09,1.5924977955699576e-07,1.8362710250130476e-06,5.344780386791944e-11,5.995554349288075e-11,2.0257473418624124e-12,-1.419744988240268e-13,9.310312520938168e-14,-1.3365937986028106e-15,-8.1834661269653e-14,8.632045911394215e-14,4.657189123236094e-12,-9.520075699986918e-15,7.518974598497153e-12,-2.4035616661421956e-10,-2.011442120419815e-09,-7.139794249155784e-11,1.8917305339982705e-11,2.8718024023636582e-12,2.0986522080880437e-09,1.3889667953119467e-13,7.934806101812121e-10,2.469817239614258e-08,8.289991754404739e-13,5.562788077395631e-13
36.81609617600466,2.3929321977626355e-10,9.933864930644631e-12,-5.881146118251005e-12,3.4468699942891145e-14,9.123141353484244e-12,-9.305251857938401e-12,3.770918851841998e-10,4.3136100594254323e-13,1.5163328498601913e-09,2.5742897572149817e-15,2.1041579127227075e-10,-3.5073760562553957e-09,-1.5468275271768306e-09,-1.216809856000034e-12,8.382779688652166e-10,-1.1697312959516435e-09,-2.498613306273906e-12,-5.561961696765038e-10,-8.879842920404415e-12,4.759540629834357e-12,-7.787104294720848e-13,6.571103436683377e-12,6.013808698197952e-12,9.548478972728181e-11,1.5071838936876972e-12,1.74381129484321e-09,-1.00604408093119e-07,-1.333996892278032e-09,1.1478061701329181e-13,3.507376819533725e-09,1.5468274057461873e-09,3.3266893208404117e-10,1.0189672791225584e-07,1.3381156906036908e-09,7.792399402605996e-13,-6.573328548800187e-12,-9.548863783970336e-11,-1.1842378929335004e-13,-2.105312961001952e-10,2.3929321977626355e-10,9.93574881628471e-12,-5.881102538296545e-12,3.446873961023463e-14,9.12114614948223e-12,-9.30525310138819e-12,3.770918806367263e-10,4.3136099437772003e-13,1.5163642046900349e-09,2.7609911436835926e-08,-5.407699500210583e-08,-1.3341966632651748e-08,6.670524362561992e-10,2.1252825573488584e-10,-2.2488282326755093e-07,2.3006245337617304e-09,1.6049043223104818e-07,1.8739226656331691e-06,5.475130057663869e-11,6.08775710629154e-11,2.1731426149325848e-12,-4.909767407449787e-14,-5.038363800243436e-14,-1.3397875401703155e-15,2.897160289450085e-15,1.9792251171324438e-15,4.105037376689325e-12,-8.679394009059038e-15,7.318764498146871e-12,-2.4708254689661167e-10,-2.0156850951025264e-09,-7.089627160894451e-11,1.8573319522374732e-11,2.771377317449068e-12,1.4269179119939382e-09,2.9442441052459495e-12,8.105171880561839e-10,2.1523765288596525e-08,7.730026673734754e-13,5.590445843519272e-13
38.4508248165277,2.4317722687368835e-10,9.93823050521314e-12,-5.884615343158354e-12,3.2297306264602215e-14,9.184259397443384e-12,-9.365753683709954e-12,3.837405006379413e-10,4.17196046228104e-13,1.5276639411846796e-09,4.997737416670155e-15,1.843619192494946e-10,-5.667107061402277e-09,-1.9561428865610964e-09,-1.0031724644925047e-12,2.955474456437354e-10,-9.62637271482793e-10,-2.524185783894621e-12,-5.715974971121085e-10,-7.684511941503451e-12,2.5937690303061908e-12,-1.5594192603884949e-12,6.622835956357702e-12,6.125623271431145e-12,8.492776205175704e-11,1.3775451551776772e-12,1.8313226742449626e-09,-1.0164123942502101e-07,-1.153342744306312e-09,9.313349064755487e-14,5.6671077205971976e-09,1.9561427738040704e-09,6.680910140586884e-10,1.0296978002346885e-07,1.1584326779488366e-09,1.5600372895081295e-12,-6.625026916614296e-12,-8.493065446218958e-11,-9.932795326979733e-14,-1.8445615405463892e-10,2.4317722687368835e-10,9.940258394181001e-12,-5.884553170668975e-12,3.229734714625213e-14,9.182286930808913e-12,-9.365754927159741e-12,3.837404892692575e-10,4.171960375544866e-13,1.5276944168363116e-09,2.718898467719555e-08,-5.742514040321112e-08,-1.3453388214657024e-08,6.975412861720542e-10,2.1703555101263798e-10,-2.2239182898332265e-07,2.304053964979902e-09,1.6180797402240362e-07,1.9087428123990926e-06,5.6041775456372454e-11,6.185793867870733e-11,2.2098928127249156e-12,8.404151448833849e-15,-1.6556308916430377e-13,-1.39167566359788e-15,4.144477538936542e-14,-3.765497358365621e-14,3.598529687565133e-12,-1.0305211545214022e-14,7.231149841876079e-12,-2.509412297513336e-10,-2.018675513681956e-09,-7.130105643682327e-11,1.8249792219648953e-11,2.6567087418882808e-12,7.775314242582131e-10,5.9511606797027494e-12,8.168329049212373e-10,1.864940853598303e-08,7.02867435839009e-13,5.32653242982702e-13
40.1581395812115,2.4728377225520975e-10,1.006628735922277e-11,-5.970164806967659e-12,3.0279202235805604e-14,9.30467649595812e-12,-9.485456686775252e-12,3.898400200341712e-10,4.0343435768012507e-13,1.5394820366054773e-09,7.265972041306412e-15,1.6183239470723976e-10,-7.583284278300795e-09,-2.262455084389714e-09,-4.0325319968147004e-13,-5.921837425188719e-10,-3.835888749494286e-10,-2.549497513603359e-12,-5.889205033360323e-10,-6.6584657684139734e-12,6.684377696056296e-13,-2.284172850863797e-12,6.6659115219238735e-12,6.235304453594933e-12,7.549447060763673e-11,1.251057968665046e-12,1.9144224178673627e-09,-1.0267052674706179e-07,-9.981363539308467e-10,7.430940989853567e-14,7.583284902801246e-09,2.2624548979069403e-09,9.761734971945405e-10,1.0403558722928195e-07,1.0041250518405155e-09,2.2845426315672504e-12,-6.667837671559635e-12,-7.549689152375212e-11,-8.304468224196171e-14,-1.6190796851371184e-10,2.4728377225520975e-10,1.0068531726877458e-11,-5.970074331192639e-12,3.0279244563058415e-14,9.30273245103308e-12,-9.485457574953671e-12,3.898400177604344e-10,4.0343435478891926e-13,1.5395149110493853e-09,2.6743641744057338e-08,-6.093063857406378e-08,-1.3570596001954982e-08,7.28856143723533e-10,2.2157840007253072e-10,-2.2089985448072312e-07,2.3124242499138192e-09,1.6320130737346157e-07,1.940335863537257e-06,5.728722498691644e-11,6.284201443940152e-11,2.1301474357563835e-12,3.022887125799419e-14,-2.2084828780558988e-13,-1.2929139240706414e-15,3.594987363353397e-14,-3.802597403623764e-14,3.1603381245304263e-12,-8.52122770493106e-15,7.463556054669121e-12,-2.525033778510988e-10,-2.0208413843647576e-09,-7.208034986661005e-11,1.7965856358159727e-11,2.548411666876878e-12,2.0020987451886847e-10,8.741077631678473e-12,8.220834284750239e-10,1.6177892803170835e-08,6.366915154820685e-13,4.992097187017652e-13
41.94126347923942,2.514828690662145e-10,1.0256553650833667e-11,-6.096931552216726e-12,2.8138499053957192e-14,9.447285265196114e-12,-9.62755208888666e-12,3.954380736104213e-10,3.8925189749701904e-13,1.5519559383392335e-09,9.336834471998298e-15,1.4286830977520518e-10,-9.197704264884976e-09,-2.4728141756469313e-09,3.774344738039742e-13,-1.6131774289401032e-09,3.6973519484157744e-10,-2.574722184588152e-12,-6.078621349325797e-10,-5.79631304194227e-12,-9.813233881825396e-13,-2.9375391008557017e-12,6.627747421710181e-12,6.325801664887827e-12,6.672763118546162e-11,1.1294781332371686e-12,1.992577894826514e-09,-1.0369763101536477e-07,-8.677083857634877e-10,5.845333259669554e-14,9.197704993468836e-09,2.4728143230984267e-09,1.2430623445263453e-09,1.0509917050627673e-07,8.74484309255036e-10,2.9379364609519176e-12,-6.630034022455856e-12,-6.672994990576441e-11,-6.927791673660977e-14,-1.429278917441934e-10,2.514828690662145e-10,1.02586459623429e-11,-6.096837405304238e-12,2.8138541149913544e-14,9.445341220271075e-12,-9.62755297706508e-12,3.9543805542052725e-10,3.8925188304099e-13,1.5519863306205177e-09,2.627565215031306e-08,-6.459990399889648e-08,-1.3694474955627811e-08,7.610785314682289e-10,2.2617267762351881e-10,-2.2038454244995042e-07,2.3258792843094955e-09,1.6467045231264542e-07,1.9689720147653134e-06,5.848118237357831e-11,6.38135328837978e-11,1.9800319254562974e-12,6.370801663990732e-14,-1.3381130277897075e-13,-9.993450511558422e-16,-9.834963399235619e-15,7.777001265196759e-16,2.7867277196946817e-12,-6.854378176157639e-15,7.509212688698123e-12,-2.533194977634897e-10,-2.023615888901986e-09,-7.297519601934254e-11,1.7719382157110886e-11,2.437230001151036e-12,-2.947240384559717e-10,1.1260634541791423e-11,8.173267326907618e-10,1.4109253617296721e-08,5.704256974177942e-13,4.5147062882148573e-13
43.80356262962903,2.5544707071833983e-10,1.039588823914528e-11,-6.189937569918887e-12,2.639767490246007e-14,9.495670383330434e-12,-9.676236878419787e-12,4.005214373137278e-10,3.7842588726984723e-13,1.5654523546497027e-09,1.0803453032513885e-14,1.286402882364849e-10,-1.0267966754629043e-08,-2.564359835588448e-09,9.785641728975765e-13,-2.3788012532000025e-09,9.50914426565776e-10,-2.600131609044147e-12,-6.277624420292228e-10,-5.1410377892786625e-12,-2.1492925333545148e-12,-3.392730540952016e-12,6.563606438665123e-12,6.410758458862937e-12,6.00863787276985e-11,1.0212822743040412e-12,2.0644727057022598e-09,-1.0472690537000062e-07,-7.686756657544403e-10,4.609487343325743e-14,1.0267967413823964e-08,2.564359844262065e-09,1.4269061329333763e-09,1.0616398983411653e-07,7.759641508154039e-10,3.393088781678596e-12,-6.56544235709973e-12,-6.008864989516505e-11,-5.802765675374151e-14,-1.2868713502219484e-10,2.5544707071833983e-10,1.039783702102189e-11,-6.189830751660945e-12,2.639771896443636e-14,9.493840025243117e-12,-9.676237766598206e-12,4.0052139411272946e-10,3.784258612489951e-13,1.565482762089232e-09,2.5790634875496227e-08,-6.842028233222663e-08,-1.3827036059410602e-08,7.941776675579604e-10,2.3076246099170323e-10,-2.2093566583460543e-07,2.3455568789326753e-09,1.6620333971203467e-07,1.994649882893403e-06,5.958759384065241e-11,6.471561587543622e-11,1.7997183431039953e-12,1.249345071840935e-14,-5.666223046318919e-14,-7.863635668551675e-16,-5.443467343546615e-14,5.3192836246829244e-14,2.501000153642963e-12,-4.77618523434901e-15,7.560871987758826e-12,-2.55143337805445e-10,-2.0302566554164516e-09,-7.320050912085208e-11,1.753265109982749e-11,2.3496774202251083e-12,-6.450236727169097e-10,1.3016664189655774e-11,8.093641356846035e-10,1.2545125234926976e-08,5.1913468026669e-13,4.125925686174203e-13
45.748552615674036,2.591105983477486e-10,1.0414805728942156e-11,-6.2027992224026696e-12,2.503023159109811e-14,9.423456504009664e-12,-9.60537391847538e-12,4.0523041661799655e-10,3.71137050490337e-13,1.5798859143008788e-09,1.1668193768219168e-14,1.1824293858856785e-10,-1.0854301901730423e-08,-2.5785437673953027e-09,1.297294520072323e-12,-2.792392636563612e-09,1.258342160629208e-09,-2.625483424417707e-12,-6.483636516563251e-10,-4.650235300188994e-12,-2.8855527463580033e-12,-3.653188862529078e-12,6.470754651436319e-12,6.4892789413079496e-12,5.541872495695393e-11,9.27984392726598e-13,2.129773627600843e-09,-1.0576005591289572e-07,-6.945431310182464e-10,3.743928994950907e-14,1.0854302560925344e-08,2.5785438367842417e-09,1.5327510788365473e-09,1.0723178878335348e-07,7.020789634414404e-10,3.653711732579286e-12,-6.472185010800671e-12,-5.54211510073087e-11,-5.033011044967376e-14,-1.1828153271646139e-10,2.591105983477486e-10,1.0416769195368639e-11,-6.202658771788568e-12,2.503027287751684e-14,9.421995628144941e-12,-9.60537445138243e-12,4.052304188917333e-10,3.7113704759913123e-13,1.5799185916876013e-09,2.528405748307705e-08,-7.240718114189803e-08,-1.3967070344733656e-08,8.28296469990164e-10,2.3536998720411856e-10,-2.2229883381103635e-07,2.37031254866904e-09,1.6778662263029807e-07,2.018185407829757e-06,6.062153871481494e-11,6.55530404033063e-11,1.6386142500749805e-12,-8.169275626338883e-14,-1.2925246058633395e-14,-5.566214156260685e-16,-9.632810105131284e-14,9.439622694618066e-14,2.2859193649082952e-12,-2.1824498227148343e-15,7.547350833192468e-12,-2.593408377530674e-10,-2.0408806449268015e-09,-7.261120629209472e-11,1.739338685524672e-11,2.28672645633902e-12,-8.658178050482516e-10,1.4021479967764663e-11,7.979008382324249e-10,1.1383368914152925e-08,4.828347501909894e-13,3.836723271264756e-13
47.77990512153967,2.6259585802120475e-10,1.033270867386212e-11,-6.147976942353732e-12,2.3856617260379725e-14,9.269933798350393e-12,-9.453423999161715e-12,4.0969997371576026e-10,3.664780169147323e-13,1.5949636387328308e-09,1.2166861369560365e-14,1.1004525994155283e-10,-1.1141127742586576e-08,-2.556725248181735e-09,1.4652447162334858e-12,-3.0104499151465245e-09,1.4200007836251416e-09,-2.650896348136214e-12,-6.697095905616734e-10,-4.254127734836322e-12,-3.3583488057670328e-12,-3.795630476588485e-12,6.343124183651443e-12,6.559657864764833e-12,5.1908932628683466e-11,8.463832864261042e-13,2.1883603335100087e-09,-1.0679674273816886e-07,-6.348689016360452e-10,3.051187051859398e-14,1.1141128332392558e-08,2.556725456348552e-09,1.5889817289330541e-09,1.0830269749495936e-07,6.424816750967598e-10,3.796113556418963e-12,-6.345004522425043e-12,-5.1911294990021064e-11,-4.39648317751562e-14,-1.1007683653474487e-10,2.6259585802120475e-10,1.0334560348231511e-11,-6.1478251230558575e-12,2.3856656812074975e-14,9.268308076570975e-12,-9.453424354433082e-12,4.0969996462081326e-10,3.664780082411149e-13,1.5949960622189488e-09,2.4747087930639584e-08,-7.658739341422916e-08,-1.4112498274698736e-08,8.636209304313524e-10,2.400642469998123e-10,-2.2420614202421223e-07,2.3984327362711055e-09,1.694173328550927e-07,2.0403317175047655e-06,6.162128039314634e-11,6.63595426294202e-11,1.5079347030303817e-12,-1.0483719818192109e-13,5.660562389190697e-14,-3.957500993578833e-16,-1.1961934220927617e-13,1.224458340276513e-13,2.111986034947222e-12,-7.593462895509144e-16,7.451914522486428e-12,-2.65684260133033e-10,-2.0535340809146872e-09,-7.148534564294095e-11,1.7276800292620465e-11,2.2400897340772254e-12,-1.007602890013004e-09,1.4569885798060636e-11,7.821271893637449e-10,1.04550874624465e-08,4.5350221986271515e-13,3.580786838916494e-13
49.90145486353978,2.659368601258076e-10,1.0167908233900865e-11,-6.037728065659091e-12,2.2848321383032537e-14,9.046016202773898e-12,-9.231647801755117e-12,4.1398390976610243e-10,3.6382350257491147e-13,1.6105303075164557e-09,1.2375882489990966e-14,1.0342343648162e-10,-1.118712622538709e-08,-2.5087658339639773e-09,1.5197834930020488e-12,-3.079982578503758e-09,1.4725314618451487e-09,-2.6767132672682326e-12,-6.917625645919134e-10,-3.927010525547311e-12,-3.6296998998162234e-12,-3.845479490394155e-12,6.1936677586173375e-12,6.624911235783077e-12,4.92589812725221e-11,7.735624820429978e-13,2.2403078361341466e-09,-1.078355997385927e-07,-5.85630871961881e-10,2.528448009413616e-14,1.1187126641720724e-08,2.5087660161099423e-09,1.6059296947812385e-09,1.0937546540363619e-07,5.931882891862051e-10,3.845962258516508e-12,-6.195667590700511e-12,-4.9260783512791194e-11,-3.9227880203422196e-14,-1.0344998931562562e-10,2.659368601258076e-10,1.0169732907646297e-11,-6.037544745633265e-12,2.2848362553803034e-14,9.044345006259391e-12,-9.231648157026484e-12,4.139838983974187e-10,3.638234967924999e-13,1.6105653382207189e-09,2.4173750231663387e-08,-8.097621612250806e-08,-1.4262345030147117e-08,9.002427532323054e-10,2.4487285088525824e-10,-2.2653707251159833e-07,2.429192065382668e-09,1.7108897717156327e-07,2.0614026728556687e-06,6.259838305118966e-11,6.714121101684493e-11,1.3993000045712615e-12,-1.490998731886369e-13,8.01241147504091e-14,-3.1532184271062155e-16,-1.3471685988974967e-13,1.420786321926215e-13,1.9674929774282645e-12,-4.493512043938589e-17,7.380367605946959e-12,-2.7364076231606304e-10,-2.0674109691753985e-09,-6.989889129727089e-11,1.717277825719066e-11,2.205667569884125e-12,-1.08900671426285e-09,1.4761281389927272e-11,7.636796931663524e-10,9.6936408529776e-09,4.298527795284131e-13,3.3662182705636775e-13
52.11720682918039,2.6935273178541054e-10,9.987100687188406e-12,-5.916564542000439e-12,2.1775340789768432e-14,8.800998330116272e-12,-8.988833855028134e-12,4.1803431031439685e-10,3.607904889198673e-13,1.6264617443084716e-09,1.2510285478189582e-14,9.747892308157684e-11,-1.1118411608057599e-08,-2.4364021911083e-09,1.740850612225572e-12,-3.295339675738315e-09,1.6858452729045278e-09,-2.7019799781922634e-12,-7.146747034447731e-10,-3.6319268006505004e-12,-3.8193398702100076e-12,-3.870348486145758e-12,6.0175965979102415e-12,6.683515996000565e-12,4.66061733233601e-11,7.030353150640136e-13,2.2843873291109145e-09,-1.0887404862103267e-07,-5.413185145608771e-10,2.0343102202780017e-14,1.1118412371335928e-08,2.436402442643204e-09,1.6077513576414785e-09,1.1044771824923131e-07,5.487711060763643e-10,3.870933155719798e-12,-6.0192922874315544e-12,-4.660814401557866e-11,-3.478698810492157e-14,-9.750008208205448e-11,2.6935273178541054e-10,9.988699408343867e-12,-5.916352918688972e-12,2.1775382307483622e-14,8.799315764917993e-12,-8.98883509847792e-12,4.180342921245028e-10,3.6079050048469043e-13,1.6264960171004836e-09,2.3559962088863055e-08,-8.55996971949935e-08,-1.4416398926186958e-08,9.382759435538902e-10,2.498917369327576e-10,-2.293923438797762e-07,2.4622463200285605e-09,1.7282824145100292e-07,2.081086525625627e-06,6.358788565141715e-11,6.793278930124676e-11,1.270573276220451e-12,-1.5333604756288347e-13,1.2789390287556065e-13,-2.1859181131844708e-16,-1.5104447970148981e-13,1.6393955359905732e-13,1.834622622709503e-12,5.767146020000761e-16,7.0755656148927906e-12,-2.8208693644652765e-10,-2.0799665435333736e-09,-6.817738125164397e-11,1.70614936223501e-11,2.167791293694599e-12,-1.14603066055129e-09,1.48577711006799e-11,7.419190185044082e-10,9.010333220279184e-09,4.057587295672183e-13,3.127880998191982e-13
54.4313438376352,2.725491080971902e-10,9.70212568063289e-12,-5.725338662424898e-12,2.1005128539308693e-14,8.46575858304277e-12,-8.656374994586712e-12,4.21909503529605e-10,3.6073933192456074e-13,1.6428142165144284e-09,1.2280017877412606e-14,9.295873792947162e-11,-1.0800479816053254e-08,-2.3431659390560355e-09,1.7107626079648776e-12,-3.2247520526900483e-09,1.6566870097989297e-09,-2.727079215117216e-12,-7.381167323183835e-10,-3.396969398279175e-12,-3.805930054316643e-12,-3.781641666478208e-12,5.847899916293704e-12,6.743264331639429e-12,4.5075140570643826e-11,6.433489570291947e-13,2.3206368351502963e-09,-1.0990936090138348e-07,-5.060918092871636e-10,1.73095587342742e-14,1.0800480648720523e-08,2.3431662079381743e-09,1.5663526378717485e-09,1.1151634560988541e-07,5.132946780795306e-10,3.782155917121145e-12,-5.849175866464547e-12,-4.5079349424504295e-11,-3.108624468950438e-14,-9.297718150946821e-11,2.725491080971902e-10,9.703808245831169e-12,-5.725164934726005e-12,2.100516913183803e-14,8.464007805741857e-12,-8.6563762380365e-12,4.2190953536191953e-10,3.6073933192456074e-13,1.6428489743702813e-09,2.290268118182818e-08,-9.045302867889404e-08,-1.4574235592590412e-08,9.776946990314172e-10,2.5503504789507283e-10,-2.3261263592313872e-07,2.497634517609204e-09,1.7459951515666653e-07,2.099787423048838e-06,6.455501892303298e-11,6.869218601342671e-11,1.186402411497885e-12,-2.143568433865539e-13,1.6858005362034117e-13,-1.7064127888488655e-16,-1.7921361061823405e-13,1.7571456789600148e-13,1.729605969558179e-12,1.7442008485672271e-15,6.683997829289486e-12,-2.924090949818492e-10,-2.09459012694424e-09,-6.587150380710227e-11,1.696054596322938e-11,2.1495246323629165e-12,-1.14203633630009e-09,1.4514711372919098e-11,7.209574525080676e-10,8.470305938127845e-09,3.921263747735937e-13,3.0120545091670094e-13
56.84823443592555,2.7566501766459103e-10,9.35069692786783e-12,-5.489261312163762e-12,2.0217011167019312e-14,8.07740434538573e-12,-8.271265805603888e-12,4.256213651387952e-10,3.609714899673507e-13,1.6593859375764926e-09,1.1877358566613448e-14,8.913063342941285e-11,-1.0345233419917221e-08,-2.2468578386725113e-09,1.621025517438622e-12,-3.073265134442441e-09,1.5697592432266968e-09,-2.7524253763764467e-12,-7.622362283021822e-10,-3.191148895519233e-12,-3.684196036102003e-12,-3.639755163931113e-12,5.648210673742316e-12,6.795120668997574e-12,4.3728121769212165e-11,5.884934140031293e-13,2.349116220461511e-09,-1.1093769165526624e-07,-4.754106152676667e-10,1.452299652066058e-14,1.034523421789002e-08,2.24685810755465e-09,1.5018826509830394e-09,1.1257774310766415e-07,4.822857358955082e-10,3.640278508319772e-12,-5.649642698678375e-12,-4.373181206489442e-11,-2.7829590483937256e-14,-8.914617192582834e-11,2.7566501766459103e-10,9.352649025610542e-12,-5.489118374650085e-12,2.021704979352871e-14,8.075920732153464e-12,-8.271266693782308e-12,4.256213742337422e-10,3.609715246618202e-13,1.6594226887415667e-09,2.2194813936948775e-08,-9.555723518133164e-08,-1.4734696969753713e-08,1.0185816427110694e-09,2.6035595309300183e-10,-2.3613534156454059e-07,2.5346299989403853e-09,1.7640640741044463e-07,2.1175447386667656e-06,6.551898190654271e-11,6.944334010605679e-11,1.128835023141613e-12,-1.145727475856025e-13,2.1251764792395987e-13,-2.8232971516217734e-17,-1.7181871203586497e-13,1.7602212742939826e-13,1.6360907295620563e-12,2.8765878568037806e-15,6.426065131866684e-12,-3.0422913065801064e-10,-2.1093946998007596e-09,-6.324061843088203e-11,1.6853822444318213e-11,2.131889479765429e-12,-1.1056071820332872e-09,1.3967084921354816e-11,6.963469463942857e-10,8.00397733276744e-09,3.81168772760343e-13,2.910929440200216e-13
59.372441145710944,2.786439606827784e-10,8.934027088495593e-12,-5.208612326631131e-12,1.9616880458002878e-14,7.643211574759335e-12,-7.840256266433699e-12,4.2929146729875357e-10,3.6396846185097567e-13,1.6759091522544621e-09,1.1324237052331325e-14,8.542471822507262e-11,-9.815115664668639e-09,-2.1664575688973287e-09,1.379569047045361e-12,-2.759464987860711e-09,1.3368151030590525e-09,-2.777699947766228e-12,-7.870438814561176e-10,-2.9956834816386798e-12,-3.497192845391703e-12,-3.4531266734916244e-12,5.4541742745988905e-12,6.847463903391045e-12,4.28699318217978e-11,5.416681155295258e-13,2.3709063627236927e-09,-1.1195500722038787e-07,-4.4633733401750827e-10,1.2204881925705532e-14,9.815116393252499e-09,2.1664578638003196e-09,1.4212677810448201e-09,1.1362818647019048e-07,4.5283089939284023e-10,3.4536416966286093e-12,-5.4554921696718795e-12,-4.287334376835893e-11,-2.5461114698070258e-14,-8.543832308305355e-11,2.786439606827784e-10,8.93586739418121e-12,-5.208511547986442e-12,1.9616918737567584e-14,7.641830279681016e-12,-7.840257865154854e-12,4.2929148094117406e-10,3.6396848208941626e-13,1.6759446983390564e-09,2.142603819568952e-08,-1.0091948788613081e-07,-1.489551800659683e-08,1.0609724176902091e-09,2.658269604438601e-10,-2.396450393166032e-07,2.571971620055069e-09,1.782161076491787e-07,2.1350890430464156e-06,6.64783876558328e-11,7.018460942050572e-11,1.1220245797286902e-12,-1.25159789939507e-13,2.059162322135914e-13,-1.439959262938828e-16,-1.373171187868394e-13,1.6080975162591215e-13,1.549135220102471e-12,2.0038600408630223e-15,6.247682904358953e-12,-3.170023167816301e-10,-2.1248202756396495e-09,-6.034122037590351e-11,1.6739968771162238e-11,2.1290902374460074e-12,-1.0494796762893815e-09,1.3245878189866583e-11,6.724037525320342e-10,7.55327474640429e-09,3.7300385870298046e-13,2.8751235911737373e-13
62.00872907625803,2.817068471087462e-10,8.47988606741031e-12,-4.902316301051238e-12,1.8795908348264354e-14,7.152630132623017e-12,-7.353516728869636e-12,4.323588700572145e-10,3.634015484366149e-13,1.6931638432045778e-09,1.0531948056216307e-14,8.425451077561282e-11,-8.981327487278534e-09,-2.0236545772434056e-09,1.296716330542339e-12,-2.5583499108876903e-09,1.2560227461274768e-09,-2.8022861076970953e-12,-8.125389951152417e-10,-2.889460311843657e-12,-3.1008416119042652e-12,-3.1925573296121e-12,5.205758502571717e-12,6.885622823523927e-12,4.186351797241201e-11,4.93952129665251e-13,2.3774462062521776e-09,-1.1295917063947059e-07,-4.306971317059516e-10,1.1715292364683494e-14,8.981328111778986e-09,2.023654880820014e-09,1.3010287936273838e-09,1.1466403393445019e-07,4.3668743040230704e-10,3.1929118366174486e-12,-5.207640430514651e-12,-4.1866414783621176e-11,-2.3832787595286693e-14,-8.426755589615216e-11,2.817068471087462e-10,8.481452103599925e-12,-4.902112493709864e-12,1.8795944661809117e-14,7.151538738980889e-12,-7.353518327590791e-12,4.323588609622675e-10,3.634015831310844e-13,1.693199798561788e-09,2.0614809667070708e-08,-1.0658715618774294e-07,-1.5063829232531134e-08,1.104890452552354e-09,2.715800799061678e-10,-2.443493081257255e-07,2.6142449264382472e-09,1.8014454839868187e-07,2.1491264116472544e-06,6.743746852611033e-11,7.092394250599968e-11,1.0612192143562756e-12,-1.3789842231067457e-13,2.578924333344427e-13,3.1532554345403694e-16,-1.5058304325687998e-13,1.5669888997482672e-13,1.4942149562102713e-12,4.63529677604176e-15,5.636138666886836e-12,-3.309231639529268e-10,-2.1392659618868494e-09,-5.708106982638128e-11,1.6624937586584565e-11,2.1049869717663464e-12,-9.308640679977924e-10,1.2244008487215935e-11,6.418309666808894e-10,7.345832978937021e-09,3.711940433845373e-13,2.833600151394555e-13
64.76207491984752,2.8463953990106225e-10,7.91818213959535e-12,-4.5221144754729415e-12,1.9033904776385076e-14,6.594564183615148e-12,-6.799639606924757e-12,4.351605866759201e-10,3.7468970634502164e-13,1.7106494245429834e-09,9.424190356277173e-15,8.30650825900392e-11,-8.042503468752571e-09,-1.9143252261155652e-09,1.052240666870755e-12,-2.1718405149703408e-09,1.019667842224895e-09,-2.826111499226562e-12,-8.385810018607387e-10,-2.7943958516638713e-12,-2.615790336273556e-12,-2.839395385478838e-12,5.09939021893419e-12,6.956210890833513e-12,4.334418420346027e-11,4.740986333494794e-13,2.3706395152767494e-09,-1.1394591936664256e-07,-4.1688368519528523e-10,1.1866448217564182e-14,8.042503919780675e-09,1.91432560775473e-09,1.151118748932145e-09,1.1568195109316773e-07,4.222951187704291e-10,2.8398631509536296e-12,-5.100863898443381e-12,-4.3345013138633895e-11,-2.2648549702353193e-14,-8.307813696243708e-11,2.8463953990106225e-10,7.919775650104081e-12,-4.521932694956376e-12,1.9033938661316975e-14,6.593899115614476e-12,-6.7996404951031766e-12,4.351606094132876e-10,3.746897583867259e-13,1.7106842657691839e-09,1.974391440550486e-08,-1.1256641009822487e-07,-1.523487771919463e-08,1.1504182202770608e-09,2.7758940331542213e-10,-2.4950729978225484e-07,2.65832748001793e-09,1.821481157642318e-07,2.161675790072574e-06,6.843858993410556e-11,7.169433033360484e-11,1.1338029878386428e-12,-1.1026155914232542e-13,5.401133762461541e-13,-6.280901724646052e-17,-1.2366667412333498e-13,1.221819118102374e-13,1.455897091773295e-12,4.4999999097387425e-15,5.100325021582345e-12,-3.460792261951913e-10,-2.153684908989817e-09,-5.343813000990849e-11,1.6503437336723438e-11,2.153892457908609e-12,-7.863198464445854e-10,1.0880922465122955e-11,6.286180847408322e-10,7.134189535425624e-09,3.86008823285063e-13,3.099577539078524e-13
67.63767634659995,2.878738405061772e-10,7.476410246454179e-12,-4.221970684170629e-12,1.8191593486223863e-14,6.167465471662581e-12,-6.375524286283962e-12,4.3833851123054044e-10,3.772852632163056e-13,1.7268117517232895e-09,8.926400457534531e-15,7.832781645511488e-11,-7.585991695924221e-09,-1.9011667240498298e-09,7.86093040859383e-13,-1.8416275746454706e-09,7.624252023370153e-10,-2.849594461762882e-12,-8.660797447268553e-10,-2.571179703256459e-12,-2.5027146053243606e-12,-2.67708077927864e-12,4.862284702584776e-12,6.993576104926431e-12,4.171568671751e-11,4.359709274056171e-13,2.3638609266828564e-09,-1.1490947473546954e-07,-3.835420869791051e-10,9.299328523661629e-15,7.585992285730203e-09,1.9011673832447507e-09,1.0784155017397522e-09,1.1667878574625197e-07,3.8861771681801e-10,2.6775210195707777e-12,-4.863527081553428e-12,-4.1717453384834764e-11,-1.9687954970019444e-14,-7.833792873649752e-11,2.878738405061772e-10,7.478017020427311e-12,-4.221810575207504e-12,1.8191630956250944e-14,6.166771981952479e-12,-6.3755241086482785e-12,4.38338524872961e-10,3.7728533260524464e-13,1.7268473660199863e-09,1.8771613637606304e-08,-1.18835992179811e-07,-1.5397761944768717e-08,1.1975572215305875e-09,2.8386175780307594e-10,-2.536094381528444e-07,2.6974004817964525e-09,1.8408113901700114e-07,2.176330459254435e-06,6.948193108831842e-11,7.252540184151297e-11,1.1846684744298841e-12,-6.987896927768134e-14,1.1794156762334751e-13,-1.3796371452675278e-17,-8.568937781561203e-14,8.642931648150665e-14,1.3560823219904705e-12,3.3698853892557185e-15,4.8145011533051726e-12,-3.5936512479869026e-10,-2.1662852304871192e-09,-5.069728814532937e-11,1.632112116567441e-11,2.1423599468513763e-12,-7.511707018677551e-10,1.02530239073223e-11,5.994443527183445e-10,6.6031316710753645e-09,3.721252299360156e-13,2.997327328465212e-13
70.6409618164559,2.9124334980738335e-10,7.118433131836355e-12,-3.9780652845896235e-12,1.7098387636305112e-14,5.793481250293553e-12,-6.004062136355515e-12,4.4155746763863135e-10,3.792578230632504e-13,1.7422367818653584e-09,8.654016331623781e-15,7.247619171479869e-11,-7.2926863159406e-09,-1.8770086873676206e-09,6.116068093444037e-13,-1.6301329631389957e-09,5.941076202426692e-10,-2.872463326767695e-12,-8.946662133357818e-10,-2.3259850118324853e-12,-2.4809918331644893e-12,-2.582156710673189e-12,4.59689869549035e-12,7.02260464365399e-12,3.913740054165632e-11,3.948750389769248e-13,2.354589425268097e-09,-1.1584855252877446e-07,-3.4686290015950066e-10,6.329518072861751e-15,7.2926869057465815e-09,1.877009225131898e-09,1.03541325810871e-09,1.1765194954463929e-07,3.516715600896934e-10,2.5826143930677767e-12,-4.598025294304701e-12,-3.91385435211392e-11,-1.6135241291218943e-14,-7.248364871278075e-11,2.9124334980738335e-10,7.1197083191994654e-12,-3.977912044206278e-12,1.7098427534945058e-14,5.792617230326868e-12,-6.004061248177095e-12,4.4155753130326047e-10,3.7925789823460103e-13,1.7422724416367904e-09,1.7708664139111836e-08,-1.25416019000113e-07,-1.555696944706142e-08,1.246207393705845e-09,2.903431391606167e-10,-2.5732480332598517e-07,2.7347094155166785e-09,1.859729197403747e-07,2.191245319712228e-06,7.052296603175338e-11,7.336380817661118e-11,1.1820254844363554e-12,-5.4935685630160454e-14,2.1089713679126967e-13,-3.9401445069605266e-16,-7.552687919520907e-14,7.191580664311914e-14,1.24033093129583e-12,-1.4219412684350157e-15,4.3721229303628206e-12,-3.7098773949158687e-10,-2.177009628212545e-09,-4.830530286881185e-11,1.6110896297050203e-11,2.1209544768622618e-12,-7.449445711456572e-10,9.88547915400928e-12,5.666299951123735e-10,5.994105360211203e-09,3.4509975461773554e-13,2.8014790574154567e-13
73.7776008268331,2.946524250517039e-10,6.818663678131998e-12,-3.773998358269637e-12,1.5921539087138116e-14,5.4482370615005495e-12,-5.661290991554324e-12,4.4470055854617386e-10,3.788183597826696e-13,1.757120480760932e-09,8.465956770831921e-15,6.68801403147512e-11,-7.01651417522875e-09,-1.812149597046897e-09,5.390933545302528e-13,-1.5269793861889219e-09,5.236804640722832e-10,-2.8949753022328856e-12,-9.242131782105645e-10,-2.098499829977914e-12,-2.462561001368332e-12,-2.511990615516879e-12,4.350781702746924e-12,7.054190102359066e-12,3.614941868777094e-11,3.4758904184130304e-13,2.3408248913096484e-09,-1.1676147435579764e-07,-3.1279464806413334e-10,3.295089172581737e-15,7.0165148344236705e-09,1.8121502302209658e-09,1.0027585805356359e-09,1.1859921760268126e-07,3.173558573555352e-10,2.5124259768992407e-12,-4.351926042192019e-12,-3.615080346548025e-11,-1.2878587085651816e-14,-6.688442392525455e-11,2.946524250517039e-10,6.819717176161551e-12,-3.7739310935573185e-12,1.5921579910963917e-14,5.447412831927068e-12,-5.661289748104537e-12,4.4470065859059106e-10,3.7881842917160864e-13,1.7571549657683742e-09,1.6555966188510258e-08,-1.3232164783403277e-07,-1.5713921584392666e-08,1.2963079370820196e-09,2.9701464399067846e-10,-2.608583620945696e-07,2.7713495456826998e-09,1.8781846685124968e-07,2.2057889736970537e-06,7.153224864294335e-11,7.417673364429334e-11,1.0930300414768724e-12,-3.7801539676252104e-14,3.910874587139309e-13,-5.605812110805649e-16,-5.810386061178008e-14,7.906977295135675e-14,1.1272544497842319e-12,-1.11121759941805e-15,4.359208105597645e-12,-3.8133463628279664e-10,-2.1865875169169156e-09,-4.610140251770645e-11,1.5887094662048184e-11,2.0870936460563407e-12,-7.399114912496496e-10,9.615246316166393e-12,5.362288258580474e-10,5.422980583110378e-09,3.178281090277883e-13,2.6022414113581936e-13
77.05351461530549,2.979600355335066e-10,6.499612936750054e-12,-3.5562389181601853e-12,1.4804771529079256e-14,5.088440957479179e-12,-5.304064920608198e-12,4.476500771488645e-10,3.79243575201101e-13,1.7717403049270312e-09,8.138998453301736e-15,6.223494867600247e-11,-6.661830254106604e-09,-1.7293225185177619e-09,4.998520508713618e-13,-1.442333217146644e-09,4.859490587705295e-10,-2.9166122967293207e-12,-9.54498306782181e-10,-1.9033402115380095e-12,-2.3811185581396703e-12,-2.401967513776526e-12,4.1063278368339285e-12,7.083500076863572e-12,3.359630385398126e-11,3.0746856721354506e-13,2.31692469205701e-09,-1.1764700920124938e-07,-2.8358586796669044e-10,9.842206621461329e-16,6.661831121468342e-09,1.7293232124071523e-09,9.558826349501513e-10,1.195187117082738e-07,2.8786962477849643e-10,2.4024407815773433e-12,-4.1075792771238825e-12,-3.359742984157664e-11,-1.0510111299784816e-14,-6.223717837391025e-11,2.979600355335066e-10,6.500466535423281e-12,-3.556157561016941e-12,1.480481466586969e-14,5.087758836452849e-12,-5.3040633218870425e-12,4.476501362660201e-10,3.7924362724280535e-13,1.7717760329105658e-09,1.53165931502978e-08,-1.3958178460597991e-07,-1.5870460265432485e-08,1.3478240543918218e-09,3.0393058144303116e-10,-2.644542371135051e-07,2.8084961457147672e-09,1.8964924900841904e-07,2.219293454193879e-06,7.251452799339475e-11,7.496782389315725e-11,1.0167848334130537e-12,-5.5354002862865554e-14,2.3974517186312973e-13,-2.9336533202695135e-16,-6.034684973954541e-14,7.412935265627141e-14,1.0314620624285453e-12,1.8215290387146865e-15,3.8338839658536015e-12,-3.91845969716087e-10,-2.1955949705443343e-09,-4.3839294505687575e-11,1.565930091373957e-11,2.059154953030588e-12,-7.150460069011007e-10,9.191503894806496e-12,5.061086217420573e-10,4.941657749668593e-09,2.978223584993815e-13,2.434972492734722e-13
80.47488733750892,3.0123126881775875e-10,6.215365525955955e-12,-3.3619799684932634e-12,1.3515392046266801e-14,4.75647539133206e-12,-4.974451428552129e-12,4.5056925955577753e-10,3.801179394395208e-13,1.785704322780172e-09,7.879711680217025e-15,5.723865825757457e-11,-6.381040834613216e-09,-1.645764496904789e-09,5.041908730796241e-13,-1.409041435117077e-09,4.89649273508316e-10,-2.937237375522615e-12,-9.856521071549552e-10,-1.70720834110343e-12,-2.33087693203474e-12,-2.3122614933868135e-12,3.823726098571021e-12,7.101437520117022e-12,3.0659648624529516e-11,2.694712934888457e-13,2.2907998043845543e-09,-1.1850267274127191e-07,-2.5422702702694234e-10,-1.3617037185331693e-15,6.3810420489196495e-09,1.6457651734469447e-09,9.188853497543726e-10,1.204088361511993e-07,2.582643659655618e-10,2.3126575524404225e-12,-3.825428862951967e-12,-3.0662890285484265e-11,-7.84557604068444e-15,-5.7238806287311185e-11,3.0123126881775875e-10,6.216392497056707e-12,-3.362001995318072e-12,1.3515447094825105e-14,4.7557080051774396e-12,-4.974448941652554e-12,4.5056935960019473e-10,3.8011797991640193e-13,1.7857393686426803e-09,1.3978096346060434e-08,-1.4718682505190372e-07,-1.6023882562876677e-08,1.400727833242854e-09,3.11100638583639e-10,-2.677542751857694e-07,2.8442617983071017e-09,1.914278210715573e-07,2.232691637497434e-06,7.347438675993819e-11,7.574766101396217e-11,9.438052133807033e-13,-5.566667127254732e-14,3.2262429764765934e-13,-1.7388313011679202e-16,-6.866436308428093e-14,7.296857007510482e-14,9.306286585797353e-13,1.6545908162098517e-15,3.650590466956298e-12,-4.0162534181339043e-10,-2.203613803430926e-09,-4.177864099119688e-11,1.5411030176437636e-11,2.0285214249090206e-12,-7.001727363272991e-10,8.845292987641473e-12,4.712813313076511e-10,4.4483788504597515e-09,2.7153542869057243e-13,2.1987867978902805e-13
84.04817774137396,3.0437967664849924e-10,5.8958297207330665e-12,-3.1429181035491636e-12,1.2684766662977391e-14,4.3928594095632435e-12,-4.613013260268417e-12,4.531887771008769e-10,3.850246394857907e-13,1.7995674473543962e-09,7.414593712781072e-15,5.3827886592472396e-11,-5.937914604459138e-09,-1.5410800413562242e-09,4.897795029169221e-13,-1.3324497457770488e-09,4.753863969142458e-10,-2.957189381607231e-12,-1.0173611203478926e-09,-1.5611849668326009e-12,-2.1697122457870824e-12,-2.1630475188771925e-12,3.6035584838050936e-12,7.131985213045498e-12,2.8872701543159423e-11,2.426950432017637e-13,2.2482944828955503e-09,-1.193288599488085e-07,-2.3250290581700028e-10,-2.613577756993557e-15,5.937915333042998e-09,1.5410806398358234e-09,8.565726798494465e-10,1.2126834943095455e-07,2.3623573381719116e-10,2.163589511543218e-12,-3.605491738861437e-12,-2.8875729032985402e-11,-6.5133084111342514e-15,-5.382672085829654e-11,3.0437967664849924e-10,5.896511841759396e-12,-3.1431497404810214e-12,1.2684811071898376e-14,4.39192149315204e-12,-4.613009707554738e-12,4.531889317149762e-10,3.850246510506139e-13,1.7996015685639576e-09,1.2547646959622701e-08,-1.5520224114879967e-07,-1.6178356145246654e-08,1.4547873433912172e-09,3.1866385678351134e-10,-2.7126809739054937e-07,2.8814749926386884e-09,1.9321441251541138e-07,2.2444521619036095e-06,7.441022899697576e-11,7.650601504168482e-11,8.790004141223662e-13,-5.627546576884394e-14,9.308204577488747e-14,-2.189433819429117e-16,-6.433886479140227e-14,6.339544722511193e-14,8.614823343577882e-13,1.303864423836861e-15,3.5176829745372136e-12,-4.1170181551327307e-10,-2.211610808444675e-09,-3.954557854513041e-11,1.5168666038789523e-11,2.0198545613858696e-12,-6.511388844131055e-10,8.272837005284667e-12,4.441556913849298e-10,4.0884954681056724e-09,2.573983806768617e-13,2.1055655193928195e-13
87.78013135972485,3.075377138136067e-10,5.624315235763788e-12,-2.956263974359293e-12,1.1573074443216314e-14,4.079265636391938e-12,-4.301782041693514e-12,4.55825584140257e-10,3.888287492907298e-13,1.8126156646758318e-09,7.123572991499637e-15,4.942446452105287e-11,-5.641629108321666e-09,-1.4560114225403709e-09,4.933722391444898e-13,-1.2953471826916895e-09,4.787351467630937e-10,-2.9765626026250975e-12,-1.0499124403207106e-09,-1.3946386035687736e-12,-2.096844984466645e-12,-2.0661250488274163e-12,3.351012002263377e-12,7.152210349598541e-12,2.625269502701145e-11,2.134657209510422e-13,2.2072349632182965e-09,-1.2012247196935277e-07,-2.0760065501293825e-10,-4.534043135153339e-15,5.641629802211057e-09,1.4560119342837963e-09,8.161182642383937e-10,1.2209616624726544e-07,2.110930551804475e-10,2.0666229957801846e-12,-3.3527580715086876e-12,-2.6255385368450928e-11,-3.700743415417189e-15,-4.942105983711068e-11,3.075377138136067e-10,5.6253204168873106e-12,-2.9567289061560585e-12,1.1573118505192603e-14,4.078748361280304e-12,-4.3017781337084674e-12,4.5582561142509804e-10,3.8882872616108344e-13,1.8126520141474127e-09,1.1007332553466161e-08,-1.6358342254534365e-07,-1.6328899437212385e-08,1.5100965538294985e-09,3.2657306784737254e-10,-2.7437106065156323e-07,2.916513662520881e-09,1.9493764604478873e-07,2.2563743489930252e-06,7.533146865560762e-11,7.726294650363859e-11,8.100170129550962e-13,-6.582515273597285e-14,5.075880456691569e-14,-2.4612164158573555e-16,-7.408451907497949e-14,6.141895603217761e-14,7.772895571633854e-13,8.406238668120143e-16,3.38610940768073e-12,-4.2079894531828663e-10,-2.218524241470732e-09,-3.7655890139376426e-11,1.4897410096637032e-11,2.000984378192072e-12,-6.291426294664297e-10,7.899764718245772e-12,4.1304703176649635e-10,3.663018333099899e-09,2.338838078648024e-13,1.9163124646143226e-13
91.67779324426061,3.1060118773259167e-10,5.305628292262554e-12,-2.7370634351579306e-12,1.0816291496721734e-14,3.721288521774113e-12,-3.945968174434711e-12,4.5808566028426865e-10,3.9643440150986344e-13,1.8256813442955415e-09,6.564435531588758e-15,4.686617760540912e-11,-5.139243752783074e-09,-1.3467031656499984e-09,4.734126966931303e-13,-1.2031111226321454e-09,4.592783296532486e-10,-2.995148112817578e-12,-1.082832327969907e-09,-1.2910465655203372e-12,-1.876071972191911e-12,-1.890598788634179e-12,3.1350087751775042e-12,7.178286272824534e-12,2.4793379774947102e-11,2.0046873010994999e-13,2.1432699371582416e-09,-1.208858813939173e-07,-1.922857738667369e-10,-4.80561770932475e-15,5.139244169116708e-09,1.3467038074976845e-09,7.433598726648759e-10,1.228915256276024e-07,1.9545233648608872e-10,1.891090108401168e-12,-3.1369518097374443e-12,-2.479318528506932e-11,-3.4046839421838135e-15,-4.686266189916447e-11,3.1060118773259167e-10,5.306866531403405e-12,-2.73731496728639e-12,1.081633532740156e-14,3.720720087585505e-12,-3.945964621721032e-12,4.580856420943746e-10,3.9643439572745186e-13,1.8257167539559305e-09,9.364417443672816e-09,-1.7245259368792177e-07,-1.6481673901580506e-08,1.5656506548111793e-09,3.3524032142887944e-10,-2.776886012090768e-07,2.9539861008676116e-09,1.9669840482818502e-07,2.2661920411337633e-06,7.623434892615558e-11,7.800503548649473e-11,7.582898024771634e-13,-2.9819435809486097e-14,2.1673779807921771e-13,-1.4410694859634532e-16,-5.450187801070427e-14,5.327998042758963e-14,7.156600645430445e-13,2.24586553058496e-15,3.0704541131854056e-12,-4.3057783235174916e-10,-2.2243373678065836e-09,-3.5506398887719115e-11,1.4622542607867216e-11,2.0036981333385975e-12,-5.633542211536372e-10,7.225144365175656e-12,3.8641539955616583e-10,3.40801105854401e-09,2.2349715105239124e-13,1.8475012463168664e-13
95.74852126495772,3.1368136569713084e-10,5.054850286493699e-12,-2.563721560970104e-12,9.8197283637802e-15,3.431705408729613e-12,-3.658506386727822e-12,4.6043090151215436e-10,4.0337095353707814e-13,1.8377574936797221e-09,6.2498860702706505e-15,4.2873010697164204e-11,-4.850502499653686e-09,-1.2683359917886605e-09,4.622471180628005e-13,-1.1513328385908445e-09,4.486416000608935e-10,-3.0129502760984152e-12,-1.11652047191102e-09,-1.1469539788206767e-12,-1.7979351857451454e-12,-1.7895684933932898e-12,2.8969758257166785e-12,7.196366252342908e-12,2.2498200326473313e-11,1.8281333958259879e-13,2.084643049224697e-09,-1.2161465647864134e-07,-1.707550896544807e-10,-5.872734662575503e-15,4.8505033323209545e-09,1.2683366249627293e-09,7.02229504704174e-10,1.236537691925001e-07,1.7369996913686898e-10,1.789981072977502e-12,-2.8979876834489853e-12,-2.249792796729814e-11,-1.7763568394002505e-15,-4.286852354577301e-11,3.1368136569713084e-10,5.055718096021641e-12,-2.563971435165513e-12,9.81976502426966e-15,3.4310403407289412e-12,-3.658502834014144e-12,4.604309469868895e-10,4.033709477546665e-13,1.8377945555888195e-09,7.600119958321253e-09,-1.8169870600104332e-07,-1.662959039094858e-08,1.6222474732785485e-09,3.443288202712817e-10,-2.804558049362196e-07,2.988348599824997e-09,1.983768187517534e-07,2.2765774474464706e-06,7.712619709554503e-11,7.874997755748699e-11,7.071069597908152e-13,-4.108042054677223e-14,9.272345854090721e-14,-1.9695356456850277e-16,-3.500279510681992e-14,4.847719170530951e-14,6.44258619786342e-13,1.2980357529575788e-15,2.6975612854585053e-12,-4.3888988633019227e-10,-2.230032259831205e-09,-3.381969548854613e-11,1.4324712083180201e-11,1.9954931225936906e-12,-5.39570042392793e-10,6.836322523698368e-12,3.5706123960411865e-10,3.0355836363090325e-09,2.020924515696206e-13,1.6757054366785724e-13
100.0,3.166643406752693e-10,4.787822642053167e-12,-2.379195270426256e-12,9.065480079580486e-15,3.1237505027092994e-12,-3.352506183773585e-12,4.625546353054233e-10,4.129063063684768e-13,1.8495154411842426e-09,5.789217319855348e-15,4.023337218939105e-11,-4.444773715750472e-09,-1.1672977862087208e-09,4.495608684425477e-13,-1.0803979734662153e-09,4.3559774834786175e-10,-3.029465776003583e-12,-1.1505241814813162e-09,-1.0443947063765427e-12,-1.6367180543691444e-12,-1.6469048347289572e-12,2.6933750873360595e-12,7.219678717059562e-12,2.0935227959497482e-11,1.7488113646375417e-13,2.0102698461350253e-09,-1.223113721415814e-07,-1.554574556938712e-10,-6.11196387193443e-15,4.4447749647513746e-09,1.1672984800981112e-09,6.443514273733544e-10,1.243825212700583e-07,1.581411487549314e-10,1.647458834934043e-12,-2.694949541573721e-12,-2.0936086477669484e-11,-1.0362081563168128e-15,-4.022826516347777e-11,3.166643406752693e-10,4.788708451997081e-12,-2.3794247757299064e-12,9.065516855718177e-15,3.1229774322127922e-12,-3.3525004994316986e-12,4.62555008198251e-10,4.129063121508884e-13,1.849552048345989e-09,5.7167684038480126e-09,-1.9143361132591963e-07,-1.6777509426901815e-08,1.6784539184300228e-09,3.5431188057562696e-10,-2.830659754139095e-07,3.0235126312339045e-09,2.00042406472998e-07,2.285778729553082e-06,7.798689434975378e-11,7.946906947312963e-11,6.48291114078529e-13,-5.309748936828858e-14,2.947094420354309e-14,-1.054341799052357e-16,-4.4158701695273803e-14,4.101086970020873e-14,5.932282931553345e-13,2.007398876754015e-15,2.194671348358194e-12,-4.472254659049213e-10,-2.235120518889744e-09,-3.203715834843024e-11,1.402548775786272e-11,1.9997492550771766e-12,-4.910821103770337e-10,6.289574384314017e-12,3.319638511242666e-10,2.7797491715849296e-09,1.9016932126247886e-13,1.5842551373777362e-13
104.44025524245689,3.1963767447666193e-10,4.5514752855524424e-12,-2.2152875089886948e-12,8.220376694160573e-15,2.8523572837002576e-12,-3.082825017486357e-12,4.6463996113743635e-10,4.2377554590466993e-13,1.860551613693436e-09,5.433882975075669e-15,3.674159125092539e-11,-4.133860892485686e-09,-1.0899316171819606e-09,4.2685055019356774e-13,-1.0133112404719924e-09,4.137555377679649e-10,-3.0453926842333516e-12,-1.1849777575845267e-09,-9.308300254615605e-13,-1.5328056976137487e-12,-1.535549465359054e-12,2.4781267920864364e-12,7.237472676658679e-12,1.9033046053395247e-11,1.695224288169997e-13,1.9350402088855667e-09,-1.2297416294160257e-07,-1.3851276714752014e-10,-6.772902551299698e-15,4.133862245569997e-09,1.0899322937241163e-09,5.991289012527039e-10,1.2507750584678755e-07,1.409799925379185e-10,1.5359498883264072e-12,-2.4796439903866334e-12,-1.9034638034337013e-11,1.4802973661668753e-16,-3.6736095646953494e-11,3.1963767447666193e-10,4.552468150601878e-12,-2.2154315123164754e-12,8.220409075665458e-15,2.8516183192550672e-12,-3.0828186226017352e-12,4.6464037041005215e-10,4.23775516992612e-13,1.8605857803777325e-09,3.7036525706450146e-09,-2.0163045264780522e-07,-1.6922817121667323e-08,1.734350407787133e-09,3.651844456461125e-10,-2.8521891329356276e-07,3.057261846461934e-09,2.0166832589892345e-07,2.2948163026133748e-06,7.884014589324787e-11,8.019194105054102e-11,6.056741682266183e-13,-6.777195841560039e-14,1.6364746594869454e-14,-1.859771595983754e-16,-4.2831457824910045e-14,3.492544031757916e-14,5.283426673940994e-13,9.117475293270635e-16,2.0364192702497044e-12,-4.547893089087059e-10,-2.2391608581529e-09,-3.0506453185807915e-11,1.3698184488930565e-11,2.004920766444466e-12,-4.597773324856589e-10,5.8609956081132064e-12,3.054300824064293e-10,2.480257776937833e-09,1.7219850834600722e-13,1.4482853284703e-13
109.07766915109553,3.2244582892637653e-10,4.343382897786796e-12,-2.0702626576015366e-12,7.406583217110333e-15,2.601882442831993e-12,-2.833912304822661e-12,4.667142638936639e-10,4.3550435827044434e-13,1.8708310866107543e-09,5.1072989049360125e-15,3.3540753507921295e-11,-3.848553975505098e-09,-1.0048795129335986e-09,4.1463205636773005e-13,-9.614711407987135e-10,4.0171675509879737e-10,-3.060430912599915e-12,-1.2197144697023709e-09,-8.252555615617405e-13,-1.4396591154350778e-12,-1.4338530363033897e-12,2.2773755718468085e-12,7.255579030275814e-12,1.720046903068045e-11,1.606147641457384e-13,1.8709374248260457e-09,-1.2360197283456386e-07,-1.2277951265501586e-10,-7.068311503229581e-15,3.8485550857281225e-09,1.004879955288085e-09,5.593420022788541e-10,1.2573865543493258e-07,1.2504978964467376e-10,1.43435168798757e-12,-2.2789842237861097e-12,-1.7204040138662614e-11,5.921189464667501e-16,-3.353495259261763e-11,3.2244582892637653e-10,4.344201443018392e-12,-2.070508979083267e-12,7.406626006956075e-15,2.6007626274804354e-12,-2.833906975752143e-12,4.667145731218625e-10,4.3550430044632843e-13,1.8708656322511765e-09,1.562945544719696e-09,-2.1224406082183124e-07,-1.7065260908566415e-08,1.7911694158101454e-09,3.7643018184022973e-10,-2.870377440643118e-07,3.0888460192390887e-09,2.0318714132805556e-07,2.3039454693692583e-06,7.963572542143046e-11,8.0865625399588e-11,5.453451868327649e-13,-2.012117139571501e-14,-3.6372208948402357e-14,-1.7989313742342954e-16,-4.223185690044318e-14,3.2743911748678303e-14,4.732541469820717e-13,1.346769917809354e-15,2.0326600254823763e-12,-4.61622888299947e-10,-2.243765993625857e-09,-2.9120920430614207e-11,1.3365426525524527e-11,2.0106281917176005e-12,-4.316018343753206e-10,5.471239889094648e-12,2.8069298648628903e-10,2.2044754170262118e-09,1.5584569080841677e-13,1.3163028392965127e-13
113.92099607392682,3.2508787328744404e-10,4.1515401486928264e-12,-1.936559120470823e-12,6.561801333774634e-15,2.368869900237769e-12,-2.6022192400887435e-12,4.687557157012634e-10,4.481231242562759e-13,1.8804178883632022e-09,4.806157057553914e-15,3.050518171399119e-11,-3.582587976280749e-09,-9.243147913728933e-10,4.0075302947171846e-13,-9.11292232151441e-10,3.8825434930548196e-10,-3.0747791275988547e-12,-1.2546174640859498e-09,-7.281344455027618e-13,-1.352913259458697e-12,-1.3405943022348765e-12,2.0754634022864456e-12,7.270180791815718e-12,1.530555610735792e-11,1.4905050496264428e-13,1.8167373191670245e-09,-1.2419517281259118e-07,-1.0825180545241385e-10,-7.695865790700399e-15,3.582589259976121e-09,9.243152163801449e-10,5.226365074844404e-10,1.263660377068016e-07,1.1033799197310484e-10,1.341029311251532e-12,-2.076446792495001e-12,-1.531022753173852e-11,1.0362081563168128e-15,-3.0498566635136136e-11,3.2508787328744404e-10,4.152443011662399e-12,-1.9365742787158526e-12,6.56185245029306e-15,2.367761453569983e-12,-2.6022121346613856e-12,4.687561522587202e-10,4.4812306643216e-13,1.8804515851419032e-09,-7.088296115398407e-10,-2.233056351542473e-07,-1.720547370496206e-08,1.8488473506295122e-09,3.881141038183008e-10,-2.885717232095695e-07,3.1184928597771666e-09,2.046112343317194e-07,2.3130270013401364e-06,8.038020887779496e-11,8.149733249362967e-11,4.840933614617496e-13,-3.996314390519729e-15,-6.963366179964699e-14,-1.0790627650673438e-16,-3.1013672185942196e-14,3.231339085196794e-14,4.2165893887613494e-13,2.0355707860038783e-15,1.8525800745313366e-12,-4.680184550428142e-10,-2.2485817680717447e-09,-2.785922390557971e-11,1.3021615359321003e-11,2.0154110787669785e-12,-4.054819529237859e-10,5.113531559991502e-12,2.5575502934177417e-10,1.950156776805064e-09,1.3925506725751915e-13,1.1698255067184767e-13
118.97937907435858,3.275583230581229e-10,3.9563019527122375e-12,-1.8002793922278216e-12,5.847402654672133e-15,2.1373125491663814e-12,-2.3717952046808932e-12,4.707300831796602e-10,4.639076507199451e-13,1.8893973901867868e-09,4.455289788072858e-15,2.790399393030422e-11,-3.291600048083154e-09,-8.457474998113668e-10,3.833963466644473e-13,-8.52456359469654e-10,3.7135865811015785e-10,-3.0881702685510438e-12,-1.2895133502666134e-09,-6.465257915596575e-13,-1.2445688859342125e-12,-1.2344569810807116e-12,1.8885295357154115e-12,7.285407035782175e-12,1.3775400087139095e-11,1.416231362459763e-13,1.763846602979983e-09,-1.247549513472279e-07,-9.617464447570075e-11,-7.561171740805284e-15,3.291601505250874e-09,8.457479942075574e-10,4.807151403131625e-10,1.269598774317676e-07,9.80715250611231e-11,1.2347869444593804e-12,-1.8901824551889627e-12,-1.3780306341849813e-11,1.4802973661668755e-15,-2.7897684162780934e-11,3.275583230581229e-10,3.9570267063027134e-12,-1.8002090484969812e-12,5.847460710084462e-15,2.1359085167205193e-12,-2.3717884545249036e-12,4.707306015916401e-10,4.639076044606524e-13,1.8894353464323405e-09,-3.1183473765850068e-09,-2.348714042454958e-07,-1.7344329353363718e-08,1.9063413856201804e-09,4.0057518783479886e-10,-2.8977693588341597e-07,3.147010284310081e-09,2.059665417181742e-07,2.321847735705281e-06,8.108177990129307e-11,8.209308557013036e-11,4.383687452388004e-13,-1.3352371060667186e-14,-1.3571650470112218e-13,-7.108387952333335e-17,-2.7700530758067998e-14,2.6322287405289303e-14,3.780141355491651e-13,1.4479389909283213e-15,1.7111839648957053e-12,-4.740858760972818e-10,-2.253400816698559e-09,-2.663075235886936e-11,1.2670695355154748e-11,2.0296164748856427e-12,-3.726895794559739e-10,4.706248086551457e-12,2.3270492321879076e-10,1.7394962507448024e-09,1.2579598531829254e-13,1.054828591371774e-13
124.26236719115043,3.2990716528994804e-10,3.7730690867950516e-12,-1.6725574406943149e-12,5.245673340148471e-15,1.9213985069654882e-12,-2.1574486197550867e-12,4.726577753899619e-10,4.824410778277629e-13,1.8977288467188676e-09,4.1099146449287585e-15,2.542306180390123e-11,-3.013013866182135e-09,-7.734542173398751e-10,3.604313957909579e-13,-7.894098866653314e-10,3.4890408023053563e-10,-3.100820948208523e-12,-1.3243597274392726e-09,-5.717301632124361e-13,-1.1441816486516272e-12,-1.131206239790572e-12,1.7223045320343143e-12,7.302642555164965e-12,1.2484299509323562e-11,1.3678948288910854e-13,1.7134076474626725e-09,-1.2528155197699674e-07,-8.50174710993003e-11,-7.745133744421762e-15,3.0130151845719766e-09,7.734546336735093e-10,4.4014538046001563e-10,1.2752052315004586e-07,8.674027904211747e-11,1.1315223118289058e-12,-1.7236961859570873e-12,-1.2488598212373328e-11,2.220446049250313e-15,-2.5416557747348634e-11,3.2990716528994804e-10,3.774174691291895e-12,-1.6722926451014548e-12,5.245717517772993e-15,1.9196534140064612e-12,-2.157439027428154e-12,4.726582847069949e-10,4.824410662629397e-13,1.8977671364458124e-09,-5.671785523494085e-09,-2.469649538397789e-07,-1.748181111906888e-08,1.9634377167676575e-09,4.13898580594226e-10,-2.9061298360026086e-07,3.174203049710611e-09,2.072574376950832e-07,2.3305115064431448e-06,8.17498158056651e-11,8.266241228553166e-11,4.005411974317141e-13,-2.563367296204433e-14,-1.5972432265698443e-13,-1.1008971512183053e-16,-2.6580329604009022e-14,2.2447133041225698e-14,3.3888085226863043e-13,1.2299883334065952e-15,1.5045467686528962e-12,-4.797026728435109e-10,-2.257905180158559e-09,-2.5512989054732316e-11,1.231024896242161e-11,2.0513442333669473e-12,-3.4251753887939803e-10,4.310533700813135e-12,2.1223352745762958e-10,1.5427149927897215e-09,1.1392599681923446e-13,9.636393679540722e-14
129.77993346475662,3.3213831462930443e-10,3.601720284981032e-12,-1.5528745696731978e-12,4.6751748306039785e-15,1.718217390589416e-12,-1.955753248239489e-12,4.745483056467492e-10,5.025530107801342e-13,1.905406437193354e-09,3.775715607421127e-15,2.3175276512669523e-11,-2.740113136390221e-09,-7.030047377565296e-10,3.3704515493044557e-13,-7.277139803450541e-10,3.264449028555256e-10,-3.112627703868477e-12,-1.3590343767022618e-09,-5.052103761178166e-13,-1.044547200672803e-12,-1.0322853682964706e-12,1.5661670251914159e-12,7.319217048866747e-12,1.1267137235182998e-11,1.3226035601601973e-13,1.6653869050059552e-09,-1.257755926964421e-07,-7.51231635038409e-11,-7.39696028676425e-15,2.7401151139749835e-09,7.030049545969641e-10,4.0092972592680505e-10,1.280484502019655e-07,7.667871505704128e-11,1.032534111379893e-12,-1.567975194284566e-12,-1.1272497381104402e-11,1.6283271027835629e-15,-2.3169022256297467e-11,3.3213831462930443e-10,3.602873258993592e-12,-1.5526391431800827e-12,4.675213688409841e-15,1.7162960830319207e-12,-1.9557433006411884e-12,4.745490878121927e-10,5.025529992153111e-13,1.905446515593212e-09,-8.374763031800588e-09,-2.596082631498575e-07,-1.7618150195630734e-08,2.019882267632056e-09,4.281384195318575e-10,-2.910604074036941e-07,3.2001093684674853e-09,2.0848136262994014e-07,2.3390705337078543e-06,8.238019581311799e-11,8.320148274047294e-11,3.5951679133727766e-13,-3.1371120516136364e-14,-1.3329213288670871e-13,-8.995026945513019e-17,-1.9693910391360704e-14,1.9607994394821304e-14,3.0308825671454545e-13,1.9780010962477945e-15,1.3003348916148146e-12,-4.849442727087686e-10,-2.2623062250204382e-09,-2.4486234906362368e-11,1.1940862236770044e-11,2.0739878333249825e-12,-3.1274042786990746e-10,3.931687549314777e-12,1.9301521274263823e-10,1.37040956360579e-09,1.0345521748306163e-13,8.77835810407975e-14
135.54249376408254,3.342611136029442e-10,3.4462573239579798e-12,-1.4437941805075146e-12,4.131942010765499e-15,1.5346813597716391e-12,-1.7733771784378404e-12,4.764170626003761e-10,5.249159209149331e-13,1.9124146395673353e-09,3.4670224966072962e-15,2.0897191384724085e-11,-2.494218998005948e-09,-6.415830366979236e-10,3.1114186128349585e-13,-6.666126182798747e-10,3.0121270557158045e-10,-3.1234377009716623e-12,-1.3934544670912707e-09,-4.408311571077397e-13,-9.611546055178919e-13,-9.418021917895203e-13,1.4179903398857976e-12,7.334637637546478e-12,1.0104303648592698e-11,1.2865111561006395e-13,1.6218042108119047e-09,-1.2623754850338286e-07,-6.553538073973848e-11,-6.681224222597944e-15,2.494221114368589e-09,6.415830800660105e-10,3.6508872809846796e-10,1.285442515054641e-07,6.694236896075994e-11,9.419656623720768e-13,-1.4191389731441902e-12,-1.0110848825862445e-11,1.3322676295501878e-15,-2.0891732788186346e-11,3.342611136029442e-10,3.447187661246668e-12,-1.4436984940857656e-12,4.1319801746819704e-15,1.532714577479055e-12,-1.7733682966536434e-12,4.764178265759256e-10,5.24915851525994e-13,1.9124526564458694e-09,-1.1232712616523106e-08,-2.7282398659735917e-07,-1.775351265678182e-08,2.0756191952386873e-09,4.4331946114084533e-10,-2.9111027097949476e-07,3.2246075809538866e-09,2.0964201777538312e-07,2.3476022761315107e-06,8.297963927095253e-11,8.371704292760758e-11,3.2695979026072426e-13,2.9340567013017944e-14,-2.4523198286866925e-14,-8.787045165566572e-17,-3.0691296726281794e-14,2.0143142709372342e-14,2.669524690190883e-13,3.287786709549323e-15,1.1041265679523349e-12,-4.897723556496203e-10,-2.2665513824904338e-09,-2.3587591613249968e-11,1.1560187545001099e-11,2.099797234237736e-12,-2.8819241566812114e-10,3.5850536948822675e-12,1.7474857477296346e-10,1.2019185646749975e-09,9.297510967139673e-14,7.922784101231188e-14
141.56092644919914,3.362727947949414e-10,3.299040448231002e-12,-1.3405227150542487e-12,3.652086966177137e-15,1.3593307812698185e-12,-1.5992423385569055e-12,4.782962241733912e-10,5.499617428128545e-13,1.9187243500103554e-09,3.1560796309925182e-15,1.8721302286195396e-11,-2.2502252838840775e-09,-5.802275326871609e-10,2.8810999964736163e-13,-6.087375246734338e-10,2.789386182351044e-10,-3.1338629580919196e-12,-1.4274606149888847e-09,-3.8502550630962997e-13,-8.779282210774233e-13,-8.514300375850326e-13,1.2812058288810373e-12,7.34988778017485e-12,9.099167124620446e-12,1.2711512423645129e-13,1.5791537458423183e-09,-1.2666864224186725e-07,-5.7257970974375027e-11,-6.5322277390441235e-15,2.2502276084135353e-09,5.802273939092828e-10,3.295110761628425e-10,1.2900863373226904e-07,5.852538092397503e-11,8.51577787236088e-13,-1.2824449836695976e-12,-9.109928368134567e-12,2.220446049250313e-15,-1.871599171939427e-11,3.362727947949414e-10,3.3011891294639402e-12,-1.3406598498022503e-12,3.652137157509709e-15,1.357534529233817e-12,-1.5992338120440763e-12,4.782970609085169e-10,5.49961777507324e-13,1.9187624275218694e-09,-1.4254699150721232e-08,-2.866492141038179e-07,-1.7887889771373012e-08,2.1294961334206165e-09,4.5970211933384535e-10,-2.906090970967387e-07,3.2479944428454033e-09,2.107434568843015e-07,2.356282114609106e-06,8.354530844911778e-11,8.420529329367099e-11,2.953701808601957e-13,-1.303030276271026e-14,-2.057646497632959e-13,-7.636113963371826e-17,-1.6570170235929992e-14,1.1046134840153599e-14,2.3962485329320773e-13,2.063210713387775e-15,1.220056825938324e-12,-4.939975042361766e-10,-2.2704551156493834e-09,-2.275806707530137e-11,1.1178161116731644e-11,2.126550694795763e-12,-2.625013384954929e-10,3.2393312750060577e-12,1.5792487908818747e-10,1.0572449582468835e-09,8.408752282436834e-14,7.196585486100397e-14
147.84659290713026,3.381692563012943e-10,3.17110486018161e-12,-1.2501748377265662e-12,3.18347593656713e-15,1.203807187266648e-12,-1.4445006968344387e-12,4.801544673682656e-10,5.770888396779601e-13,1.924395716438691e-09,2.878384467330327e-15,1.655814374501574e-11,-2.033621743224856e-09,-5.248869394680611e-10,2.651100445323034e-13,-5.548659944208469e-10,2.5651132012123005e-10,-3.1431764580414774e-12,-1.460988777179928e-09,-3.315209863736067e-13,-8.104708764576479e-13,-7.712719352070962e-13,1.1522782474683156e-12,7.363907302159595e-12,8.106278450952824e-12,1.2392554295847447e-13,1.5452058811806555e-09,-1.2706898919745412e-07,-4.9315280541366013e-11,-5.878806194741422e-15,2.033623547337271e-09,5.248868614055047e-10,2.980875268843164e-10,1.2944239568532576e-07,5.046252821290541e-11,7.714556261601696e-13,-1.1531364753113063e-12,-8.118521411505654e-12,2.0724163126336257e-15,-1.6553277267424466e-11,3.381692563012943e-10,3.1745022018488572e-12,-1.2505746364392205e-12,3.1835365362405574e-15,1.2017494555038866e-12,-1.4444953677639204e-12,4.801549584954046e-10,5.77088897502076e-13,1.924432763189543e-09,-1.743814597527186e-08,-3.0108566861599684e-07,-1.802214992494555e-08,2.1833656501257794e-09,4.768081159530387e-10,-2.8983034225834565e-07,3.2698246263396236e-09,2.1177419565873704e-07,2.3649478559188233e-06,8.407590531186078e-11,8.46652979206534e-11,2.6515381325771987e-13,7.169146757727655e-15,-3.347916314548153e-13,-6.767179409431871e-17,-1.7601120561039352e-14,5.949570003327409e-15,2.1360790469771017e-13,1.465124318163665e-15,9.525441176568467e-13,-4.977705733229717e-10,-2.2743488443666136e-09,-2.2049900394449652e-11,1.078826471712091e-11,2.1534876659679016e-12,-2.417419236365298e-10,2.9330584727475795e-12,1.4198375426451167e-10,9.176825225646704e-10,7.511158651070845e-14,6.446059542623376e-14
154.41135899948313,3.401487809936062e-10,3.0168545587609213e-12,-1.1408933649666626e-12,2.936907661510446e-15,1.0348230716772377e-12,-1.276466221611372e-12,4.829278441320639e-10,6.095034199571358e-13,1.9279560850312313e-09,2.508158153960655e-15,1.4280743254602157e-11,-1.7570900290309055e-09,-4.6458864533249766e-10,2.4104091118914983e-13,-4.896584526736802e-10,2.328446959052956e-10,-3.1520865344941696e-12,-1.4938431283639809e-09,-2.8371039367942917e-13,-7.336476387638546e-13,-6.671330154972566e-13,1.0510503306893291e-12,7.3820859935424e-12,7.676527578163782e-12,1.4694191028302408e-13,1.4508450939317636e-09,-1.2744590316415838e-07,-4.221315803369878e-11,-4.4656209430514e-15,1.7570915208930948e-09,4.645888014576105e-10,2.565712424264431e-10,1.2984644304389312e-07,4.3235699258518656e-11,6.6717317163522e-13,-1.052368470249908e-12,-7.689412440883948e-12,4.440892098500626e-16,-1.427761612641613e-11,3.401487809936062e-10,3.0204290624169517e-12,-1.1413386384144056e-12,2.9369819076752177e-15,1.0328278676752233e-12,-1.2764594714553823e-12,4.829282988794148e-10,6.095034893460749e-13,1.927994950771487e-09,-2.0904466509819032e-08,-3.163865301758051e-07,-1.814357437979197e-08,2.2115837782621384e-09,5.005667169655226e-10,-2.8457771952881284e-07,3.2935141003331836e-09,2.1286981450782517e-07,2.3785661748358202e-06,8.462973137094802e-11,8.515215958275017e-11,2.462533417920317e-13,-7.862525445527051e-16,-1.2241741842444754e-12,-2.3092638912203255e-17,3.636635437231916e-15,-3.669962667096627e-14,2.1427709384624904e-13,-4.247111921410844e-15,6.102103119095167e-13,-5.012926218720774e-10,-2.2751490178052335e-09,-2.1299558738974156e-11,1.0431434702695697e-11,2.1866746376571674e-12,-2.1529031787289316e-10,2.534756801154947e-12,1.2956237253625984e-10,8.078349840919449e-10,7.260512503715066e-14,6.279454820706798e-14
161.2676174624066,3.421124028513134e-10,2.935970163283249e-12,-1.0828704451644928e-12,2.4570583993336705e-15,9.300492820329964e-13,-1.172266550497625e-12,4.859250839217565e-10,6.425678045207661e-13,1.9304240898539624e-09,2.2899107977381646e-15,1.1206202632507711e-11,-1.5897330674086163e-09,-4.2505346464771776e-10,2.1266099000819392e-13,-4.3794400645629546e-10,2.0552274168242745e-10,-3.1602577136137858e-12,-1.5262004882110603e-09,-2.1759483749711873e-13,-7.307639635530913e-13,-6.056266599330229e-13,9.305916924281132e-13,7.392772553738037e-12,6.669830978880252e-12,1.6091625363523629e-13,1.3778877126076162e-09,-1.2779274456420352e-07,-3.227784964374858e-11,-3.08962382587763e-15,1.5897339694648238e-09,4.250536120992132e-10,2.3220847863595194e-10,1.3022171704677072e-07,3.323253816836578e-11,6.057031368437646e-13,-9.3269864063662e-13,-6.682483456146198e-12,-4.440892098500626e-16,-1.1204518794253696e-11,3.421124028513134e-10,2.9385811709895885e-12,-1.0833822727818187e-12,2.457141434764054e-15,9.280995527660708e-13,-1.1722566028993241e-12,4.859256478084717e-10,6.425676773077113e-13,1.9304601967936226e-09,-2.4559472997983298e-08,-3.3233461435884235e-07,-1.8262142839375883e-08,2.236771542811766e-09,5.255120190857573e-10,-2.7838284442496355e-07,3.3152573117312123e-09,2.139059168940382e-07,2.3934849953851276e-06,8.516791383250677e-11,8.563257029396235e-11,2.2447088747952943e-13,7.0394875114250985e-15,-9.86809330546142e-13,-3.5926817076870066e-17,-2.532826726131532e-15,-2.8430917342614494e-14,1.7744014257914387e-13,-2.1406950286480726e-15,8.427984236429135e-13,-5.033873700692008e-10,-2.2764928871765734e-09,-2.088731321236992e-11,1.0040786264653433e-11,2.2188342829743133e-12,-2.153737653337208e-10,2.300097070272178e-12,1.1467829469735464e-10,6.404109835026853e-10,6.289355465825356e-14,5.428216325505571e-14
168.4283113011666,3.4386160067493656e-10,2.8626042573402327e-12,-1.0306076584735516e-12,2.0602570575493454e-15,8.329152478836476e-13,-1.0756782131693399e-12,4.886599708697759e-10,6.790049078553295e-13,1.9327407547583183e-09,2.0784058943618976e-15,8.520351091334533e-12,-1.4356310584773269e-09,-3.8271233404607585e-10,1.9440271565148875e-13,-3.9794984767788886e-10,1.8810191499645564e-10,-3.167741671186372e-12,-1.557687069608793e-09,-1.626960839952871e-13,-7.196649606993531e-13,-5.466738173254271e-13,8.261508419861939e-13,7.404540612427922e-12,5.85028278402791e-12,1.6372219377338352e-13,1.3424132126692731e-09,-1.2810959990616765e-07,-2.4055589561654882e-11,-1.5138353533690936e-15,1.4356317523667173e-09,3.827125682337451e-10,2.0965065497139234e-10,1.3056927647595952e-07,2.4944077811036297e-11,5.466757824418647e-13,-8.277997732559345e-13,-5.861818808714487e-12,-1.924386576016938e-15,-8.520295580183301e-12,3.4386160067493656e-10,2.86644403028428e-12,-1.0308814542743978e-12,2.0603148816652113e-15,8.310792054544436e-13,-1.0756636470432568e-12,4.886600981990341e-10,6.790048847256832e-13,1.932778680687382e-09,-2.8356102605660756e-08,-3.489025169983506e-07,-1.8385522707831116e-08,2.269368269480765e-09,5.493193100392091e-10,-2.731336323005624e-07,3.3347202915701146e-09,2.1483082147372182e-07,2.4071262790433443e-06,8.564728056400147e-11,8.60590188000998e-11,2.02246639574577e-13,3.940951269025087e-15,-8.684689116004544e-13,-7.516950025395394e-17,-4.732012004460273e-15,-2.1666987648494284e-14,1.480373157392023e-13,-1.0743720727883026e-15,6.713283558686574e-13,-5.052281873455892e-10,-2.2792128220316956e-09,-2.0526627508843376e-11,9.645050340623128e-12,2.2522462598632367e-12,-2.1254026962175653e-10,2.0748810113623006e-12,1.0182807000097894e-10,4.996951001127551e-10,5.469336355340415e-14,4.76217618579818e-14
175.90695822349824,3.454269907147515e-10,2.7889958194767437e-12,-9.788484097346858e-13,1.7376466006820598e-15,7.381458999589085e-13,-9.816094603820602e-13,4.91190621687565e-10,7.184123435033385e-13,1.934845931828022e-09,1.8712341997855465e-15,6.265747180359919e-12,-1.2840592478191581e-09,-3.3879690719551547e-10,1.8062049252087764e-13,-3.627803018308689e-10,1.7470437794843618e-10,-3.1749510870848415e-12,-1.588197393043167e-09,-1.1852114896750564e-13,-6.920578451393427e-13,-4.89386309254769e-13,7.388633325359032e-13,7.417536235666558e-12,5.2007902549764796e-12,1.586979909910626e-13,1.3320920966924767e-09,-1.2839876069037358e-07,-1.7490298615104073e-11,-5.643001257243929e-16,1.2840602886532437e-09,3.3879696791083713e-10,1.8789326741311795e-10,1.3089021956963466e-07,1.8305873612821734e-11,4.894353422980197e-13,-7.405509539667486e-13,-5.213148246940368e-12,-2.812564995717063e-15,-6.2665428401942336e-12,3.454269907147515e-10,2.7924054772180776e-12,-9.789007530495534e-13,1.7376988736828025e-15,7.36065430828603e-13,-9.815938284418735e-13,4.911909309157636e-10,7.184120196882896e-13,1.9348826450974836e-09,-3.2308573524157204e-08,-3.6615461576730014e-07,-1.8513478426029907e-08,2.307530739926733e-09,5.724596263689818e-10,-2.685535333131516e-07,3.352306807147265e-09,2.1566111178142336e-07,2.4197908411830817e-06,8.607515626183708e-11,8.643837183056983e-11,1.763279742124831e-13,1.3177607153617525e-15,-5.10410321415596e-13,-7.811529201262601e-17,8.31709145998616e-15,-1.0504919156772985e-14,1.1324189586048305e-13,1.9081033049891025e-15,7.363269105553627e-13,-5.069807230029255e-10,-2.2827647626399992e-09,-2.0178498516543187e-11,9.23855509427085e-12,2.2876014971195957e-12,-2.056228056041386e-10,1.856857983345561e-12,9.10546813213414e-11,3.884868723010489e-10,4.871530985319413e-14,4.2780293196820196e-14
183.71767615786374,3.4682858807144614e-10,2.724482328630984e-12,-9.326169466324548e-13,1.4059970780226175e-15,6.499249138869345e-13,-8.945001184201829e-13,4.933219315716996e-10,7.596401748373911e-13,1.937081106007099e-09,1.6936858590595992e-15,4.3453018960804e-12,-1.1515732811773205e-09,-3.0153005092792284e-10,1.6584018384748132e-13,-3.289578331955312e-10,1.5974888079028915e-10,-3.1807433125080956e-12,-1.6176686684632458e-09,-8.209518336450613e-14,-6.636519499322546e-13,-4.404254738687996e-13,6.535439634649423e-13,7.428353940533475e-12,4.513053265696645e-12,1.4590742789835326e-13,1.3442323881047465e-09,-1.2866162384383984e-07,-1.2087591909316554e-11,1.5102936262723077e-16,1.1515748077339794e-09,3.0152999888621856e-10,1.690413285539348e-10,1.311856855441487e-07,1.2841304247336497e-11,4.40518769465742e-13,-6.554301546602258e-13,-4.524671193725844e-12,-2.6645352591003757e-15,-4.34689321574903e-12,3.4682858807144614e-10,2.727478924195263e-12,-9.326652635384865e-13,1.406038248793114e-15,6.484981440735282e-13,-8.944827101231567e-13,4.933221134706401e-10,7.596398741519886e-13,1.9371196382659644e-09,-3.640887637933095e-08,-3.8413014262914656e-07,-1.8649355115485376e-08,2.3537719243904577e-09,5.946528247591232e-10,-2.652351995916539e-07,3.3679910804718105e-09,2.164028924805848e-07,2.430390698767345e-06,8.64577796392633e-11,8.677767393550085e-11,1.5232337960413566e-13,1.6643575406760647e-14,-4.592692448568414e-13,-5.013767179207207e-17,-9.05120423055905e-16,-6.513523748141737e-15,9.246562626685772e-14,3.1543286501308404e-15,8.694769348949194e-13,-5.087029421702027e-10,-2.286973722220864e-09,-1.9878984858223704e-11,8.83315465216583e-12,2.3143294688073487e-12,-1.973016065771527e-10,1.6706555843598592e-12,8.052355050480371e-11,2.9455904382302833e-10,4.246977191220876e-14,3.7200328176686023e-14
191.87520990478325,3.4813880593157856e-10,2.6547544014950594e-12,-8.826518183013832e-13,1.1522350203592897e-15,5.604306352324784e-13,-8.055693001551845e-13,4.959181387675926e-10,8.047462696225694e-13,1.9380492934336266e-09,1.505297614191165e-15,2.556103477028652e-12,-1.014058143011809e-09,-2.6623897531052876e-10,1.4978330455899565e-13,-2.939132667404262e-10,1.4473707946446472e-10,-3.1863010792115494e-12,-1.6460067100987352e-09,-4.8928077351957934e-14,-6.384072856920861e-13,-3.8902214782865485e-13,5.783426369004458e-13,7.439199769113472e-12,3.981653376815929e-12,1.372222908652829e-13,1.3492621511002398e-09,-1.2890209619698111e-07,-7.078265622207847e-12,9.16078555605419e-16,1.0140597042629373e-09,2.6623880183818116e-10,1.490191006306826e-10,1.3145686045044718e-07,7.773523427024271e-12,3.8921307583122955e-13,-5.799480340987063e-13,-3.9919151321838425e-12,-3.4046839421838135e-15,-2.5583979379462107e-12,3.4813880593157856e-10,2.657477201258492e-12,-8.830362219214294e-13,1.152242653142584e-15,5.581398454523878e-13,-8.05552957672262e-13,4.959186117048375e-10,8.047462233632767e-13,1.9380893112005045e-09,-4.074219614267349e-08,-4.0294609498232604e-07,-1.878154325822834e-08,2.394344046479091e-09,6.182380474228922e-10,-2.603525349831068e-07,3.3829023124432034e-09,2.1710271763847863e-07,2.443603837794702e-06,8.681621958365563e-11,8.709668671465683e-11,1.334354501891788e-13,1.888592985703023e-15,-1.0090748977139204e-12,-6.165438530085036e-17,-7.132977541957075e-15,-2.680298760715516e-14,9.74833369582484e-14,2.3415528775198405e-15,5.95415864760677e-13,-5.100232859452565e-10,-2.290394331794232e-09,-1.958493953679863e-11,8.453221198578831e-12,2.337256499451712e-12,-1.87678709782504e-10,1.4754227028491995e-12,7.124410617722299e-11,2.1214200766432137e-10,3.786802468819239e-14,3.306953669235391e-14
200.39495897155572,3.495640369758727e-10,2.6028525705138843e-12,-8.470318372625721e-13,9.583336439226523e-16,5.071342457085848e-13,-7.530193357752068e-13,5.016474096919409e-10,8.604629971505536e-13,1.93328014574945e-09,1.3024679516745975e-15,-1.2439493879412566e-12,-8.780563776067396e-10,-2.3815005523175614e-10,1.2948254819535242e-13,-2.5327486140115853e-10,1.2523648784679153e-10,-3.19159098834728e-12,-1.673348329345181e-09,7.314078283595235e-15,-6.597984432712009e-13,-3.353983757392598e-13,5.181006960980083e-13,7.451643576221421e-12,3.679944199938009e-12,1.510189987029439e-13,1.3021267901339564e-09,-1.2912537954434812e-07,1.2957077271578804e-12,3.176951793362285e-15,8.78058875608545e-10,2.3815009859984304e-10,1.2789573467746658e-10,1.3170495266802297e-07,-6.355639528877408e-13,3.3562970382528673e-13,-5.198627639999842e-13,-3.689485939353609e-12,-5.1810407815840636e-15,1.2390088954816747e-12,3.495640369758727e-10,2.604526609199335e-12,-8.474020300279032e-13,9.58344514856435e-16,5.051219886809122e-13,-7.530001511213414e-13,5.016479553887621e-10,8.604627427244438e-13,1.9333216187078507e-09,-4.553254693746567e-08,-4.227852448821068e-07,-1.8872774671763183e-08,2.3940617393236605e-09,6.481887263968626e-10,-2.458192855471659e-07,3.3990372808045954e-09,2.1786211133314833e-07,2.4738953167495006e-06,8.72069033652778e-11,8.745122885104687e-11,1.2949528602201887e-13,2.1316356087671313e-14,-5.033674218187419e-14,-9.922433245416566e-17,7.716752237207914e-15,-6.964417931243361e-15,3.394603709239163e-14,6.673088008094889e-15,3.754394128918648e-13,-5.093825166113675e-10,-2.2912723579793238e-09,-1.94659492080973e-11,8.07356514087587e-12,2.3898408252343016e-12,-1.9767092355725128e-10,1.2715285096533135e-12,6.384198816940287e-11,8.327087167951201e-11,3.488704406381012e-14,3.121143100914825e-14
209.29300664290955,3.508581144136732e-10,2.5745976017788052e-12,-8.26587864821704e-13,7.175995908603738e-16,4.636603989638388e-13,-7.095692922121088e-13,5.069501276011579e-10,9.178346971339125e-13,1.9287554702411097e-09,1.155634225579433e-15,-4.2588895373304086e-12,-7.743160279627403e-10,-2.0851154136636296e-10,1.1875746541910116e-13,-2.2803231525259096e-10,1.1483369810605383e-10,-3.19645585228432e-12,-1.6994349816279453e-09,5.5576505929655095e-14,-6.966568794710022e-13,-2.964295475749168e-13,4.570887569115922e-13,7.461418335230927e-12,3.2257017828287387e-12,1.5056468536915308e-13,1.2908276299142455e-09,-1.2932495980777502e-07,8.574639706281697e-12,5.2460387018245696e-15,7.743182484087896e-10,2.0851171483871056e-10,1.1306495422453672e-10,1.3193117770776847e-07,-7.924513758373292e-12,2.9660647581693927e-13,-4.591516056710673e-13,-3.2340896630637117e-12,-7.697546304067751e-15,4.2521541843143495e-12,3.508581144136732e-10,2.5747539211806724e-12,-8.273794094293407e-13,7.176254960642817e-16,4.615287707565586e-13,-7.095522391864506e-13,5.069507460575551e-10,9.178344889670954e-13,1.9287971857314307e-09,-5.047240604956945e-08,-4.4343541376292706e-07,-1.8973989062942563e-08,2.4052376102190463e-09,6.76296979899386e-10,-2.3289055397346898e-07,3.413235249993818e-09,2.1853365235156436e-07,2.501968841291576e-06,8.755357716605516e-11,8.77664056246156e-11,1.1155527890327476e-13,-3.516071878095772e-14,-5.767655390324459e-13,-8.29558643999917e-17,1.2352732725595672e-14,-1.7050692802111912e-14,3.38800987265131e-14,6.2249279804878674e-15,2.6169194219013056e-13,-5.08535837676997e-10,-2.293346005899366e-09,-1.9421506181060976e-11,7.727459205852938e-12,2.4208943183445798e-12,-2.0682122681137116e-10,1.1233721743629521e-12,5.6297693782391795e-11,-3.14367791058127e-11,3.066701840387376e-14,2.7576037518276902e-14
218.5861503424672,3.5201626206552797e-10,2.549980611850818e-12,-8.086390816212467e-13,4.874226022799633e-16,4.2255123844370247e-13,-6.68799415848298e-13,5.118580884300172e-10,9.780584212896552e-13,1.924465565631787e-09,1.0303551586512856e-15,-6.629419235792966e-12,-6.844599886868252e-10,-1.8271162360861126e-10,1.0863705768304756e-13,-2.0509385856293252e-10,1.0459236651375445e-10,-3.200232125740582e-12,-1.7241989683225433e-09,9.633282543756973e-14,-7.274510451380398e-13,-2.6345592374354965e-13,3.9989828099941967e-13,7.469928092529475e-12,2.772059949484107e-12,1.422959775537917e-13,1.301416281815039e-09,-1.2950337744399575e-07,1.4683861361972537e-11,6.810253316141823e-15,6.844620009660574e-10,1.8271184044904576e-10,1.0037485723543175e-10,1.3213676780546247e-07,-1.404168770921726e-11,2.634430081851699e-13,-4.0156988849312535e-13,-2.7804458738183604e-12,-8.733754460384565e-15,6.6207779999179666e-12,3.5201626206552797e-10,2.5497323955884592e-12,-8.092371217571781e-13,4.874371739571615e-16,4.2054466575791593e-13,-6.687795206516966e-13,5.118591070640832e-10,9.780580512153136e-13,1.924509645808333e-09,-5.55779164036115e-08,-4.64967405423522e-07,-1.9085383974015714e-08,2.4256951292045414e-09,7.03225010075433e-10,-2.213217284893184e-07,3.425882300067684e-09,2.1913262638643983e-07,2.527985240400691e-06,8.786305423965264e-11,8.804801073421705e-11,9.433657558825341e-14,1.2164506439186577e-14,-1.349696769163226e-12,-6.31494856406789e-17,-6.61853905015164e-16,-3.341525597888584e-14,5.152799076313386e-14,7.087386233450843e-15,6.438009828949968e-13,-5.077818059362471e-10,-2.2960210117162205e-09,-1.9391322325645886e-11,7.38603148420225e-12,2.443935331886138e-12,-2.132301570454306e-10,9.975755573161937e-13,4.924860216311102e-11,-1.2852297004428692e-10,2.6525140590927253e-14,2.379062803240887e-14
228.29193334233327,3.5307007687871797e-10,2.524878558081885e-12,-7.920668565475353e-13,2.767501505740455e-16,3.8689904613420367e-13,-6.33420071949331e-13,5.170236545382068e-10,1.0448120146833162e-12,1.919358813514312e-09,9.082044667416639e-16,-9.88405653619869e-12,-6.007160047172277e-10,-1.6118911760898413e-10,9.650963683969862e-14,-1.814305253652496e-10,9.32170214034451e-11,-3.2038448120625533e-12,-1.7476230629309697e-09,1.2909892793032234e-13,-7.258712365027083e-13,-2.318145675417327e-13,3.505976793820276e-13,7.478359376951896e-12,2.4162702399596933e-12,1.3256575921701563e-13,1.3190965603080569e-09,-1.2966322024965393e-07,1.9644647665679027e-11,8.273989494123982e-15,6.007183639411551e-10,1.6118918699792317e-10,8.809607805153925e-11,1.3232295047692073e-07,-1.9037174937228314e-11,2.318488012253289e-13,-3.5262542889187475e-13,-2.4259427802359007e-12,-1.021405182655144e-14,9.874323581016142e-12,3.5307007687871797e-10,2.524698553922159e-12,-7.925964477332552e-13,2.768130632121076e-16,3.8519942791026554e-13,-6.334072821800873e-13,5.170247823116369e-10,1.0448115520903894e-12,1.919396891025826e-09,-6.090768923362097e-08,-4.874634090811014e-07,-1.9198402878828347e-08,2.4486823531333355e-09,7.296655487228539e-10,-2.0931079340042808e-07,3.4374656732172326e-09,2.1968091649314468e-07,2.5554832063789945e-06,8.814635132914361e-11,8.830630930193687e-11,8.306981838512861e-14,-1.1093792551264415e-14,3.83285699475285e-14,-4.7117865165091644e-17,3.3653857478554982e-15,6.668013363686498e-16,-2.9820625968568494e-14,8.719784153991366e-15,3.881723387166858e-13,-5.066923525494834e-10,-2.2988935597823e-09,-1.9342925838827797e-11,6.987019105508807e-12,2.481522765052091e-12,-2.178561207402222e-10,8.77848195610792e-13,4.32230392579732e-11,-2.067726730577609e-10,2.3360731751798092e-14,2.086655356605312e-14
238.42867788067264,3.540580199394109e-10,2.5079013236487906e-12,-7.802962424345121e-13,1.0177090651689961e-16,3.6197889130562546e-13,-6.087592652193053e-13,5.22985246789176e-10,1.1164283386655427e-12,1.9125485171874366e-09,7.996917817297049e-16,-1.2023844882709985e-11,-5.267321301349881e-10,-1.4187970243106918e-10,8.689090493745651e-14,-1.6116972835687552e-10,8.383817449799024e-11,-3.2073316658803862e-12,-1.769708489474109e-09,1.6979312013235316e-13,-7.754762594343614e-13,-2.036149027162537e-13,3.052151136368973e-13,7.485746913292e-12,2.0823774502074838e-12,1.228099651862628e-13,1.33821444147701e-09,-1.2980618011582123e-07,2.573445332800898e-11,9.87153429022706e-15,5.267345587478545e-10,1.418800840702339e-10,7.722102719170161e-11,1.324909369333771e-07,-2.5115723454471368e-11,2.0369559446294094e-13,-3.0781183160991124e-13,-2.0930954194181887e-12,-1.2434497875801753e-14,1.201231706697096e-11,3.540580199394109e-10,2.509028718122863e-12,-7.808047541857376e-13,1.0187360214667744e-16,3.6023379834659863e-13,-6.087407911081755e-13,5.229860471445135e-10,1.1164275522575669e-12,1.912583866214845e-09,-6.650388240814209e-08,-5.109844729304313e-07,-1.9306094691273757e-08,2.470370673108846e-09,7.557144717414607e-10,-1.9550498109310865e-07,3.4482549038372667e-09,2.201922141018921e-07,2.5873808529771245e-06,8.841073021829497e-11,8.854865507501586e-11,7.318113129373139e-14,2.5309857913195325e-14,-1.1806160197617526e-12,-3.9050244519482174e-17,3.803546366754063e-15,-2.6716765258449905e-14,7.327685125346761e-15,1.1427155518125194e-14,5.892313007886211e-13,-5.049701333822062e-10,-2.3009450160316194e-09,-1.9393607431084092e-11,6.672687504760688e-12,2.5016670216852313e-12,-2.2836265178591212e-10,7.710763993452885e-13,3.76195753752789e-11,-3.0122275044656516e-10,2.0161677593647878e-14,1.8037497132491105e-14
249.01551974978983,3.551176138335184e-10,2.5241509623204667e-12,-7.917715076170377e-13,-1.3821814063656272e-17,3.752575139515102e-13,-6.216414050186358e-13,5.352749940357171e-10,1.205388196664122e-12,1.8947893598427375e-09,6.637798396285953e-16,-1.6394311834015223e-11,-4.389381913494361e-10,-1.220248901923071e-10,7.902517306209881e-14,-1.4010088724068584e-10,7.632513668706257e-11,-3.209892399623493e-12,-1.79057925014936e-09,2.544952297995947e-13,-9.342365382595021e-13,-1.6897594434794883e-13,2.723380117137996e-13,7.494515453064241e-12,1.9635383894247437e-12,1.2872679979961852e-13,1.3205901173917713e-09,-1.29936912163231e-07,3.8514979319532274e-11,1.1920540870953103e-14,4.3894055057336345e-10,1.2202533254679349e-10,6.367413540875333e-11,1.3264192534689988e-07,-3.782204523732553e-11,1.689828019266898e-13,-2.743894001174971e-13,-1.9735507674509396e-12,-1.3914795241968628e-14,1.6380822624266027e-11,3.551176138335184e-10,2.5251002474154422e-12,-7.921762801288423e-13,-1.3710097871803365e-17,3.7361473914643285e-13,-6.216296810634958e-13,5.35275976289995e-10,1.2053870864410973e-12,1.8948236174765043e-09,-7.27673371632894e-08,-5.357400048524141e-07,-1.93317056982778e-08,2.4576146097388117e-09,7.798493584232346e-10,-1.6649945009280496e-07,3.460004463495814e-09,2.2074438972273e-07,2.653806253268461e-06,8.869420531354422e-11,8.881178422311582e-11,6.914260830548358e-14,-2.4396825300717257e-14,-3.4850046404244494e-12,-5.885662327879497e-17,-6.515432637854701e-15,-8.430271099257869e-14,8.615785418442102e-14,2.578511478409003e-14,3.919315834840139e-13,-4.994438010423134e-10,-2.3011207304080016e-09,-1.9680155105561425e-11,6.452286243074923e-12,2.5442590626904387e-12,-2.679167482182133e-10,6.394916063703904e-13,3.356378052560078e-11,-4.833632753313092e-10,1.921028585048316e-14,1.7443623224107826e-14
260.0724444200114,3.561229829548059e-10,2.556528973703583e-12,-8.172352276384723e-13,-2.332189996678835e-16,4.0745362639427186e-13,-6.538872554529007e-13,5.480439358507283e-10,1.304763288153173e-12,1.8758893323441347e-09,5.827143396533856e-16,-2.2975343849651608e-11,-3.8548983449793184e-10,-1.0588072085759848e-10,7.314678376890704e-14,-1.270360007664197e-10,7.068409349894215e-11,-3.2125864414447174e-12,-1.8101045148877226e-09,3.3343240958969467e-13,-1.066117478536414e-12,-1.4954704141700859e-13,2.355166679048955e-13,7.50053405754696e-12,1.6589530605390059e-12,1.2509912159127606e-13,1.3260360960603442e-09,-1.3005117853737148e-07,5.043541811579247e-11,1.7523654782022197e-14,3.8549358150063995e-10,1.0588107647591105e-10,5.6252869426057626e-11,1.327770726440591e-07,-4.969327275254072e-11,1.4934315719847269e-13,-2.370864615978739e-13,-1.6691187322840815e-12,-2.057613338971957e-14,2.295615549504267e-11,3.561229829548059e-10,2.5572357268780858e-12,-8.177120018141674e-13,-2.3313064441884044e-16,4.0606664697406814e-13,-6.538694918845067e-13,5.480453182826749e-10,1.3047614377814654e-12,1.8759218922544582e-09,-7.924716919660568e-08,-5.615824367851019e-07,-1.935766849783249e-08,2.454216009937227e-09,8.016354750376801e-10,-1.3703726814805292e-07,3.470583265219318e-09,2.2124946650317986e-07,2.7229095091267177e-06,8.895701508748744e-11,8.905766420615654e-11,5.754684344790502e-14,6.666652415295478e-15,-2.866550137999487e-12,-5.866418462119327e-17,-1.4696796557522872e-14,-6.501377179668477e-14,2.481101546436548e-14,2.910838237113467e-14,4.880954899514714e-13,-4.934986160757641e-10,-2.301996391906869e-09,-2.0004094380965398e-11,6.147718067950336e-12,2.5979896012273685e-12,-3.0977597747931765e-10,5.655756895803221e-13,2.8994804268780006e-11,-6.576582241753689e-10,1.629491680477102e-14,1.476030235536552e-14
271.62032476755695,3.56905691667464e-10,2.5492530160893996e-12,-8.140529435725815e-13,-4.1762611887226817e-16,3.9908627513796093e-13,-6.459512036371961e-13,5.549796333070844e-10,1.4004839880380852e-12,1.866502376894156e-09,5.217578253624667e-16,-2.7458257889634297e-11,-3.45718592642541e-10,-9.308900872362358e-11,6.686677501382172e-14,-1.1519739527367434e-10,6.431395099022147e-11,-3.214874398052743e-12,-1.8280332594877713e-09,3.578024504587195e-13,-1.0659448130369448e-12,-1.3489209749195652e-13,2.0251006396151207e-13,7.505808525848572e-12,1.365225303277817e-12,1.0669666867197577e-13,1.3704567920058028e-09,-1.3014877993100525e-07,5.411020468902153e-11,2.0674106867285314e-14,3.4572185392267585e-10,9.308926893214498e-11,5.078866890543107e-11,1.3289751724245121e-07,-5.339232931747088e-11,1.3474203035875737e-13,-2.0391438539753778e-13,-1.3768289287830068e-12,-2.4276876805136755e-14,2.7435979414273486e-11,3.56905691667464e-10,2.550516834768738e-12,-8.145169279790328e-13,-4.1749335470224006e-16,3.9807446228223853e-13,-6.459316637119628e-13,5.549810157390311e-10,1.4004825540000118e-12,1.8665371195917637e-09,-8.551962673664092e-08,-5.88410533964634e-07,-1.947278724401258e-08,2.487507154000923e-09,8.25689762488461e-10,-1.2165083865321048e-07,3.4787972225114316e-09,2.216431451928667e-07,2.760306112274217e-06,8.916269463495514e-11,8.924861960579733e-11,4.751530766067269e-14,-6.652101092186058e-15,-7.117222367014619e-13,-1.912544197087603e-17,-1.2078274491678088e-14,-9.863655725528276e-15,-9.256297062165686e-14,1.6009601052265527e-14,5.010709476967653e-13,-4.911831638310105e-10,-2.3047194190439767e-09,-2.00597355615173e-11,5.755515530836419e-12,2.625211899716836e-12,-3.173226023030767e-10,5.107171196366833e-13,2.4947192907711682e-11,-7.179596176835427e-10,1.3432445260253001e-14,1.2099369538683587e-14
283.68096047762685,3.576329662043539e-10,2.5721722825740773e-12,-8.298061497195401e-13,-5.281969306381029e-16,4.156390787102282e-13,-6.621643677817701e-13,5.640650124405511e-10,1.4971546224984422e-12,1.8532213289290667e-09,4.497680010727712e-16,-2.820839857993936e-11,-2.961672573853491e-10,-8.0578460570635e-11,6.146791285291784e-14,-1.0308091681819422e-10,5.946544843839417e-11,-3.2170365763667385e-12,-1.8446907917857303e-09,4.246369083233999e-13,-1.2184810653999065e-12,-1.1646239528317892e-13,1.7342945701753726e-13,7.51056496314833e-12,1.1575778368697917e-12,9.268130870643589e-14,1.4049983742426286e-09,-1.302351017251624e-07,6.424524994684383e-11,2.2049171118839843e-14,2.9617051866548394e-10,8.057882486256496e-11,4.352666045053561e-11,1.3300435753218338e-07,-6.34441336675864e-11,1.162637016825438e-13,-1.7499834916252781e-13,-1.1716627669250789e-12,-2.5017025488220195e-14,2.8185157911290542e-11,3.576329662043539e-10,2.572854403600407e-12,-8.302860029137567e-13,-5.28069254990271e-16,4.143089427088853e-13,-6.621533543693659e-13,5.640661402139813e-10,1.4971525870895637e-12,1.8532546164351515e-09,-9.217634797096253e-08,-6.165151949971915e-07,-1.9566307310014962e-08,2.521688293199986e-09,8.467104824679457e-10,-1.0198206393058996e-07,3.486654479023521e-09,2.2201500091245366e-07,2.809451567979219e-06,8.935464146375694e-11,8.942741658302112e-11,4.0919304981438623e-14,-5.916274877411827e-15,-4.6691781108165746e-12,-6.039613253960852e-17,1.3032722123718087e-14,-9.978423191892016e-14,6.72685018798802e-14,5.796511419002097e-14,4.2515845658878483e-13,-4.870880123538276e-10,-2.306445821886882e-09,-2.0363327735140047e-11,5.534377578442218e-12,2.6350059171657374e-12,-3.498646333884058e-10,4.406912660313844e-13,2.1362924647556015e-11,-8.621488708134469e-10,1.1607310887914075e-14,1.0261072951970688e-14
296.27711919708696,3.5854928507698486e-10,2.7070200303569435e-12,-9.312823105271189e-13,-7.79267853949032e-16,5.760739441029727e-13,-8.217732272441936e-13,5.889406020287425e-10,1.655235855787159e-12,1.8131414738794168e-09,3.537488402745763e-16,-4.601276767009684e-11,-2.4490187655601403e-10,-7.093964304871747e-11,5.823358288636893e-14,-9.17303534718274e-11,5.6500994359355774e-11,-3.218410550543359e-12,-1.8605964130502528e-09,6.165562246798052e-13,-1.6059860160079906e-12,-9.536815781530095e-14,1.5322937280222406e-13,7.516306112417676e-12,1.0956131906673554e-12,9.694792276002607e-14,1.3991667232466096e-09,-1.3031377577021885e-07,9.322274218720321e-11,3.31524426509279e-14,2.4490548478084406e-10,7.094004203511695e-11,3.513741876824485e-11,1.3309864926305467e-07,-9.222503897516681e-11,9.516732291537516e-14,-1.5459439285817014e-13,-1.109574654489733e-12,-3.523107731477163e-14,4.597803619314315e-11,3.5854928507698486e-10,2.708532065298641e-12,-9.323800990538681e-13,-7.791027082741191e-16,5.751360276917694e-13,-8.217561742185353e-13,5.889412204851397e-10,1.655233912896866e-12,1.8131779749334479e-09,-1.0011829435825348e-07,-6.463040597736836e-07,-1.9449109095148742e-08,2.5237597583327444e-09,8.490451364195905e-10,-4.845713742407646e-08,3.496449893503062e-09,2.2248105831850143e-07,2.9446770592282214e-06,8.95966075405615e-11,8.965745294335174e-11,4.334531576259219e-14,-3.5011001505343605e-14,-2.923409662495639e-12,-9.213370807022632e-17,-8.062422951482517e-15,-5.5152346578601906e-14,-9.222560493071796e-14,5.028255589678565e-14,6.824848242104053e-13,-4.728732164949179e-10,-2.303909059264697e-09,-2.1344615674934175e-11,5.266248308544163e-12,2.733251588023696e-12,-4.72110619332239e-10,3.61822334246642e-13,1.8863723605876508e-11,-1.2709098958415173e-09,1.0691590841827026e-14,9.887305095028036e-15
309.4325795144359,3.5929660432050997e-10,2.783538851266106e-12,-9.916561793943401e-13,-1.0049188333323873e-15,6.739355740137398e-13,-9.195844086207216e-13,6.067542562959716e-10,1.8101743252489182e-12,1.7847206133107344e-09,2.952339690401968e-16,-6.015038467310774e-11,-2.1401255767550253e-10,-6.049244438699475e-11,5.804710011270142e-14,-8.6879392569017e-11,5.6014240864702256e-11,-3.219889421280167e-12,-1.8749184774180527e-09,7.39485991820677e-13,-1.8316291635855133e-12,-8.359979375427429e-14,1.3400852250643767e-13,7.52082032363772e-12,9.470067878615042e-13,8.647995548042942e-14,1.4283262925919884e-09,-1.3037921098302263e-07,1.1178618754173798e-10,4.3881415970510596e-14,2.1401651284502776e-10,6.049299949850706e-11,3.07700095561866e-11,1.3318139935136025e-07,-1.1068128325997498e-10,8.331913446939926e-14,-1.356925683062805e-13,-9.63116808624098e-13,-4.618527782440651e-14,6.01051060774201e-11,3.5929660432050997e-10,2.786087331211699e-12,-9.927494678170963e-13,-1.0047851439765054e-15,6.730033419444226e-13,-9.195613159818095e-13,6.067544745747e-10,1.810172844951552e-12,1.7847528700561573e-09,-1.0773328443368276e-07,-6.77206926047802e-07,-1.9439734023762866e-08,2.5589895085431635e-09,8.570403527604261e-10,-1.0922396837105584e-08,3.504188675340636e-09,2.22851668270155e-07,3.041486706933938e-06,8.979019046802724e-11,8.984106162716425e-11,3.659753634403333e-14,-5.553779658384883e-16,-3.9153083738104515e-13,-2.779998453661392e-17,-1.8979504079474908e-14,3.8403133104103486e-15,-2.62704418219073e-13,1.7163307812021837e-14,4.691780001545946e-13,-4.6313119431336723e-10,-2.3036425773170778e-09,-2.195953356931568e-11,4.9332766138832086e-12,2.788932048266209e-12,-5.481919827637517e-10,3.1806322983371493e-13,1.647300268579483e-11,-1.5376713236037176e-09,9.203639008322403e-15,8.624552171968929e-15
323.1721758481955,3.5988121075784345e-10,2.818948511655132e-12,-1.0190606284747142e-12,-1.1240453012817397e-15,7.146809366531671e-13,-9.601016870419698e-13,6.175346061354503e-10,1.94472687953251e-12,1.7679102408389251e-09,2.4822505218916193e-16,-6.495844602956898e-11,-1.8556489678189791e-10,-5.122069435259391e-11,5.646277096665082e-14,-8.173939699699215e-11,5.488926773417851e-11,-3.220915206639599e-12,-1.887754919049911e-09,8.102602890961457e-13,-1.9746042656273935e-12,-7.271960811294775e-14,1.1602892042420038e-13,7.524537917887433e-12,8.141852373236533e-13,7.048037625640392e-14,1.4704809289056143e-09,-1.304342796437652e-07,1.2244355400393626e-10,4.8545292315819076e-14,1.8556677028325197e-10,5.1221136707080284e-11,2.6752201644418354e-11,1.3325357499317435e-07,-1.212684732993609e-10,7.251421956389753e-14,-1.174166319845859e-13,-8.315551026371046e-13,-5.0922229396140515e-14,6.490822694142177e-11,3.5988121075784345e-10,2.8227570207188063e-12,-1.0201932335955158e-12,-1.1238431481726725e-15,7.139703939174069e-13,-9.60086765644519e-13,6.175346788950265e-10,1.9447248441236316e-12,1.7679454079673936e-09,-1.150812953710556e-07,-7.092977408319712e-07,-1.953811079147272e-08,2.614892728161067e-09,8.734013097940382e-10,1.1409188012949863e-08,3.5103119438995023e-09,2.2314363060893403e-07,3.100012084663225e-06,8.994211634731168e-11,8.998435367206051e-11,3.05276001237124e-14,-3.474697566711408e-14,-1.564599945898711e-12,-3.70962519961419e-17,-2.0180143667225535e-14,-2.0794823155090292e-14,-2.4377840190936694e-13,3.5203321739156003e-14,5.813490133732557e-13,-4.5771157601848247e-10,-2.3049184164847247e-09,-2.2314341663332015e-11,4.644336968340213e-12,2.801230543821494e-12,-5.875238280380071e-10,2.775413904775037e-13,1.4295956095700296e-11,-1.689941816115e-09,7.926949027736718e-15,7.471029003780494e-15
337.52184532845695,3.6054539206039255e-10,3.0542044745137295e-12,-1.1916083527315399e-12,-1.4332715569942422e-15,9.644281817600131e-13,-1.208243105565998e-12,6.421731086447835e-10,2.1226668570998678e-12,1.7274520359933376e-09,1.7727086684964262e-16,-8.56088348359189e-11,-1.4479500931585676e-10,-4.052938540333173e-11,6.174903098764087e-14,-8.070256764445917e-11,5.976711189451376e-11,-3.2220994291730016e-12,-1.900219315231766e-09,1.0770647939420204e-12,-2.5762935066940134e-12,-5.806466418789569e-14,1.0385475256698369e-13,7.528603135288827e-12,7.745836264836028e-13,6.398690238174764e-14,1.4940786050821882e-09,-1.3048240408153333e-07,1.628824723677236e-10,6.073035818806791e-14,1.4479820120705256e-10,4.0529845105052864e-11,2.0833860430486646e-11,1.333160964142035e-07,-1.613708649909863e-10,5.782031212327177e-14,-1.0602546619503653e-13,-7.938766311793644e-13,-6.246854885224214e-14,8.554653282052034e-11,3.6054539206039255e-10,3.0574142328987364e-12,-1.1921379439172597e-12,-1.4330573764690749e-15,9.641098586143925e-13,-1.2082214340125574e-12,6.421734724426642e-10,2.1226646366538185e-12,1.7274832013451184e-09,-1.2360687057177226e-07,-7.432604674249887e-07,-1.9455199799267577e-08,2.6824712404049933e-09,8.664138325305733e-10,6.077106115489462e-08,3.5174099188850505e-09,2.2347742030707115e-07,3.2340573549542264e-06,9.011376200795951e-11,9.014814635518083e-11,2.5179430300041142e-14,-4.2509640252319516e-14,-3.0992310939836898e-12,-8.348877145181177e-17,-2.382636032915997e-14,-3.824251713913096e-14,-2.956221578642726e-13,8.222533764978834e-14,9.011273505166173e-13,-4.409135726746172e-10,-2.301988206454553e-09,-2.3807885440874087e-11,4.388455181469908e-12,2.867014403662438e-12,-7.635996228092936e-10,2.2336798209676711e-13,1.2812919801955353e-11,-2.2522653371955434e-09,7.897929995189419e-15,7.340109423048524e-15
352.5086767600913,3.612971403536373e-10,3.3810162373508017e-12,-1.4351115851241047e-12,-1.951613870510016e-15,1.359512680210173e-12,-1.6015459181062397e-12,6.787457823520526e-10,2.3772543193227116e-12,1.6667142820854983e-09,1.1640413805113266e-16,-1.2503451977489513e-10,-1.2135709104299508e-10,-3.459510455883219e-11,6.708500942254059e-14,-8.294708174285048e-11,6.532774321499346e-11,-3.223232450258809e-12,-1.9121068325911318e-09,1.5033993107274925e-12,-3.4896504290877816e-12,-5.062616992290714e-14,8.538895635124188e-14,7.530195207913437e-12,5.988993673875547e-13,5.956690292643145e-14,1.515590258376345e-09,-1.3052301763849528e-07,2.2729812863927735e-10,9.1845711447149e-14,1.2135965843373953e-10,3.45957030384314e-11,1.750744390730371e-11,1.333698276988649e-07,-2.2529657725985894e-10,5.030527318490574e-14,-8.699846399710789e-14,-6.177516832024855e-13,-9.444297196144665e-14,1.2494094647763632e-10,3.612971403536373e-10,3.3851279113150667e-12,-1.4360243956919778e-12,-1.9514866574551113e-15,1.3591829883807805e-12,-1.6015146542258662e-12,6.787459278712049e-10,2.3772525614695895e-12,1.6667496917458872e-09,-1.3305979470411937e-07,-7.790834177285433e-07,-1.9218664965592325e-08,2.7745167608372868e-09,8.36253993459953e-10,1.3306742953001197e-07,3.5250916768925222e-09,2.2384492985878763e-07,3.43316605722066e-06,9.030560447579698e-11,9.033404098820104e-11,2.0879611697018537e-14,-3.764261495102043e-14,-1.4637938268909542e-12,-3.404683942183813e-17,-1.390924320165965e-14,-1.8485855207694967e-15,-5.296817562339129e-13,5.2123675745955705e-14,1.105096695634226e-12,-4.1601961129345e-10,-2.2959024136071093e-09,-2.606682585337694e-11,4.088611831321032e-12,2.973618943672799e-12,-1.04263099446101e-09,1.97665126454305e-13,1.051938367681721e-11,-3.159598804813868e-09,6.1652824049721984e-15,5.626461391701938e-15
368.1609617600467,3.6182323951787034e-10,3.4806968566651145e-12,-1.5117613827442256e-12,-2.1675503984279014e-15,1.4910256140865385e-12,-1.7323415590908552e-12,6.961206963751465e-10,2.586022507244934e-12,1.6382681981970867e-09,8.1260458725236e-17,-1.4039179078532507e-10,-1.0665218708183488e-10,-2.962713407939077e-11,6.855425825228309e-14,-8.162373554831959e-11,6.60665173362369e-11,-3.223708219856139e-12,-1.921922597458714e-09,1.661656923168664e-12,-3.8127995592815115e-12,-4.529709940470639e-14,7.085708770110672e-14,7.531866968211886e-12,4.648665030854456e-13,4.722776133773839e-14,1.5510996515835213e-09,-1.3055576015830183e-07,2.5121558580135677e-10,1.0591547193150644e-13,1.0665669736287242e-10,2.96282009343285e-11,1.5444015114393245e-11,1.3341559568306994e-07,-2.490509090947388e-10,4.49611458090346e-14,-7.185196882638839e-14,-4.851885560471802e-13,-1.0835776720341528e-13,1.402843767076926e-10,3.6182323951787034e-10,3.4861519300951235e-12,-1.5137085066877867e-12,-2.1673963549832347e-15,1.4914007806510198e-12,-1.7323024792403886e-12,6.96120987413451e-10,2.586019361613031e-12,1.6383101562193284e-09,-1.4134099086125692e-07,-8.158823475241661e-07,-1.9259782129665837e-08,2.8711644699797036e-09,8.355891149373444e-10,1.6748619896662963e-07,3.530440384480471e-09,2.2410207879207146e-07,3.527742895433524e-06,9.044046215637517e-11,9.046372539955883e-11,1.718067817642795e-14,-2.1627026095908757e-14,-9.748513699984567e-13,-2.744471316873387e-17,-2.020055234197571e-14,3.718632346494388e-15,-6.629318249906646e-13,1.4391821068215904e-14,1.2748690399651726e-12,-4.056011675857007e-10,-2.2950733182369732e-09,-2.6874411673816212e-11,3.752015800273511e-12,2.993358524013464e-12,-1.1411807932734858e-09,1.7854039644285558e-13,8.749684705940788e-12,-3.498718352072198e-09,4.741849274347842e-15,4.310761816950226e-15
384.5082481652772,3.622243601360727e-10,3.491368261165917e-12,-1.5230978552456994e-12,-2.2476479011324104e-15,1.5041223377920687e-12,-1.7453320566573893e-12,7.040808850433678e-10,2.7590300414696384e-12,1.6255711670964956e-09,5.31838576225977e-17,-1.4419987426350644e-10,-9.118303334609834e-11,-2.545963440070409e-11,6.649396435251135e-14,-7.756404645548848e-11,6.435439482897567e-11,-3.224370927592049e-12,-1.9303259143899076e-09,1.6881094390569894e-12,-3.85199785505356e-12,-3.9190872769268026e-14,6.218286665691441e-14,7.5340777396035e-12,4.0798719875334366e-13,3.536287028177041e-14,1.5825535081199146e-09,-1.305827834308104e-07,2.5517319523532407e-10,1.0823958916661436e-13,9.118546195896471e-11,2.5460623193085397e-11,1.310069116681031e-11,1.3345417606983392e-07,-2.5300123753119576e-10,3.8794976345984944e-14,-6.346506654177512e-14,-4.298600364979403e-13,-1.1013412404281553e-13,1.440899251766344e-10,3.622243601360727e-10,3.49857221711621e-12,-1.525720942178547e-12,-2.2474489861738314e-15,1.5058674307510954e-12,-1.7452830292086218e-12,7.040807395242154e-10,2.7590276359864183e-12,1.625609850937811e-09,-1.4923127988974255e-07,-8.540358860045671e-07,-1.944357718457468e-08,2.966352622024715e-09,8.508455569729752e-10,1.834501575970979e-07,3.5345985721635387e-09,2.2430120938854797e-07,3.5710481824935414e-06,9.054466176827703e-11,9.056321063442377e-11,1.552578089240401e-14,-3.6657373433020744e-14,-7.351028822692267e-13,2.1168252336186317e-18,-1.2010484273794475e-14,8.590123144053274e-15,-6.360031079566397e-13,2.8115287875607465e-14,1.1343217920511962e-12,-4.0139517902086177e-10,-2.29636953008594e-09,-2.7010111125491676e-11,3.463072744125384e-12,2.961590232312498e-12,-1.1537235249846185e-09,1.5552381431305218e-13,7.666389533516367e-12,-3.557397339667053e-09,4.172129944764643e-15,3.82180109318823e-15
401.58139581211503,3.6275956164881033e-10,3.9621227188035844e-12,-1.868817633976505e-12,-2.8582890683933234e-15,2.033266355283558e-12,-2.2715347824942e-12,7.386245124507696e-10,3.0529523353806098e-12,1.5675555914640426e-09,-2.307847143912748e-17,-1.9170443010807503e-10,-6.315947764790053e-11,-1.952382699954569e-11,7.94583892730191e-14,-8.577551367596114e-11,7.714511569239287e-11,-3.2245935549556416e-12,-1.9398028017203474e-09,2.2351322988827457e-12,-5.065405459422331e-12,-2.8754776337791554e-14,5.32478995980725e-14,7.535585494570537e-12,3.8626435414516295e-13,3.0814184401488e-14,1.6111040256284908e-09,-1.3060407093590244e-07,3.3793293744705873e-10,1.4231521754426378e-13,6.316162870501074e-11,1.952459027787512e-11,8.517759910096703e-12,1.3348629481188848e-07,-3.3509763439528695e-10,2.8277036203012973e-14,-5.507816425716183e-14,-4.058259284584515e-13,-1.437368742548036e-13,1.9156024914461037e-10,3.6275956164881033e-10,3.969595733603152e-12,-1.8711119764702744e-12,-2.8581253104971912e-15,2.0348011275928e-12,-2.2714921499300544e-12,7.386236393358558e-10,3.0529501149345605e-12,1.5676013087310519e-09,-1.5919022262096406e-07,-8.948294445872307e-07,-1.9273321959190072e-08,3.1393294921144843e-09,8.15273892840196e-10,2.4828094928823197e-07,3.5403302789394075e-09,2.245696062843943e-07,3.759166550783751e-06,9.068277129209435e-11,9.069729448955381e-11,1.635700255797623e-14,-1.846935937521721e-14,-1.3127352834393e-12,-2.2855791333616556e-17,-3.106934154395447e-14,8.509433522402298e-15,-8.766045311858761e-13,2.710646522056474e-14,1.519705013682445e-12,-3.7317270956312615e-10,-2.2881215045345018e-09,-2.9992239092280215e-11,3.099534069406218e-12,3.0383614143166445e-12,-1.5164985546392886e-09,1.188015614703164e-13,6.579358590717972e-12,-4.715141462459845e-09,3.8666032181611246e-15,3.670754383326239e-15
419.41263479239444,3.6322685007898295e-10,4.326890727194647e-12,-2.1369113293682556e-12,-3.347380243360713e-15,2.4490873329341412e-12,-2.685687405801218e-12,7.661321433261037e-10,3.3413238842427974e-12,1.5213581112523873e-09,-7.842494534822328e-17,-2.2883606121126832e-10,-4.41413572360716e-11,-1.3597178938340448e-11,9.031078836152506e-14,-9.373492061902157e-11,8.794235181345098e-11,-3.2250376794020626e-12,-1.948048374000866e-09,2.674515970448205e-12,-6.036787671815331e-12,-2.19824158875781e-14,4.489540894174045e-14,7.536537972379441e-12,3.3353754928405606e-13,2.4829836832247025e-14,1.6391901653646735e-09,-1.3062057648838277e-07,4.0433749371937813e-10,1.7125089301453454e-13,4.414184295864487e-11,1.3597890174965599e-11,5.6750735063662974e-12,1.335126306488719e-07,-4.0096938689234674e-10,2.1511208070888743e-14,-4.6941617264626564e-14,-3.545030935824598e-13,-1.7275070263167436e-13,2.286628664194268e-10,3.6322685007898295e-10,4.334003733674763e-12,-2.1399221357872495e-12,-3.347288649961181e-15,2.4510086404916365e-12,-2.6856415757947618e-12,7.661301788175479e-10,3.341322403945431e-12,1.5214012819342314e-09,-1.6879489024480183e-07,-9.371701627969742e-07,-1.9214341591577977e-08,3.3245026133954524e-09,7.875967374578371e-10,2.995961209350309e-07,3.5452141500247336e-09,2.247993883799905e-07,3.908991857315414e-06,9.080152703807206e-11,9.081281134489435e-11,1.376761551985517e-14,-2.5270008308098112e-14,-3.130234442020689e-12,-1.626846805417396e-17,-3.4208619270614805e-14,-1.58527832354316e-14,-1.0705460340432183e-12,3.407903588955226e-14,2.0823790691792966e-12,-3.5073899198323487e-10,-2.2817726858193054e-09,-3.236179964005714e-11,2.7303872229822444e-12,3.0902095697153226e-12,-1.8043976648757878e-09,9.566609657229996e-14,5.531564972250646e-12,-5.64641429908382e-09,3.3146170993110976e-15,3.189128648661832e-15
438.0356262962902,3.636654621885782e-10,4.7016025443250934e-12,-2.414467322372123e-12,-3.8801133602402634e-15,2.8800059226341544e-12,-3.114395497050282e-12,7.931275467853993e-10,3.635922859087278e-12,1.4758940475682418e-09,-1.31538358064041e-16,-2.698771761622254e-10,-2.7709085026472735e-11,-8.40771896548631e-12,1.0128043617068413e-13,-1.0205671625256636e-10,9.860366491563712e-11,-3.22532900994682e-12,-1.9556337479964546e-09,3.1170503839549157e-12,-7.005365280114146e-12,-1.6653345369377348e-14,3.741266760607418e-14,7.53719517030162e-12,2.796856125341376e-13,1.963401331209882e-14,1.6654205464983282e-09,-1.306328411665447e-07,4.712202721047699e-10,2.023144372210525e-13,2.7709640137985048e-11,8.408239382529104e-12,3.3292614696835344e-12,1.3353381754099977e-07,-4.673248867984618e-10,1.6082607793253823e-14,-3.943095850228631e-14,-2.9942492932529795e-13,-2.0413300679441212e-13,2.6967272859224067e-10,3.636654621885782e-10,4.709562517746235e-12,-2.4182218301878797e-12,-3.880046746858786e-15,2.881705540858093e-12,-3.1143521539434006e-12,7.931250729598105e-10,3.6359208236783994e-12,1.4759402498990919e-09,-1.7853702108065287e-07,-9.813636541366577e-07,-1.9177184731233865e-08,3.5371302510611712e-09,7.565762890256641e-10,3.494870873319722e-07,3.5497704220510684e-09,2.250136724815859e-07,4.056044417666271e-06,9.091235912232301e-11,9.092098777567041e-11,1.0729299393386072e-14,-2.6717265437052142e-14,-2.4067266698087525e-12,-5.625129991434126e-18,-2.926006936743164e-14,2.6285309866203033e-15,-1.2550123074106524e-12,4.429678845951912e-14,2.334976064351698e-12,-3.275027362784992e-10,-2.274800863233395e-09,-3.4758687661451406e-11,2.3696236439718634e-12,3.1071911710256473e-12,-2.09693265335688e-09,7.792621799576627e-14,4.622964984377253e-12,-6.583653326212395e-09,2.8048657146895195e-15,2.6954090001640727e-15
457.48552615674055,3.6402180529175133e-10,4.887260729447007e-12,-2.555938749537745e-12,-4.1938485092115244e-15,3.0935552786104383e-12,-3.3271483346197784e-12,8.088118192972615e-10,3.921768650568443e-12,1.4495570212602614e-09,-1.6323291922871815e-16,-2.9250492768658393e-10,-1.713490460630851e-11,-5.342115638740097e-12,1.0565286864629352e-13,-1.0489716238483637e-10,1.0294067185969069e-10,-3.224991118339765e-12,-1.9617739224764286e-09,3.333776246017789e-12,-7.469007647506917e-12,-1.3211653993039363e-14,3.205577642571044e-14,7.537814128836688e-12,2.3458694272232746e-13,1.4615636210631486e-14,1.6846108429355147e-09,-1.306420379876272e-07,5.04008824339846e-10,2.184649623747717e-13,1.7136847496601604e-11,5.342471257052672e-12,1.8254742955343366e-12,1.335504424530696e-07,-4.99863819586978e-10,1.2555521943305448e-14,-3.354760913845312e-14,-2.526084897067104e-13,-2.195280994025476e-13,2.922842708604397e-10,3.6402180529175133e-10,4.8946844799502285e-12,-2.5590679797460323e-12,-4.193877189972994e-15,3.094129397140932e-12,-3.3271053467842648e-12,8.088091999525204e-10,3.921769390717126e-12,1.4496049213145548e-09,-1.8768211205800374e-07,-1.027089450508356e-06,-1.9311522191856057e-08,3.738260129466653e-09,7.430016542760616e-10,3.785786501857517e-07,3.5534215292454263e-09,2.2518707055972147e-07,4.141542376601137e-06,9.100275718173142e-11,9.100915650724536e-11,8.77906543757708e-15,-3.543011809862643e-14,-4.1047580149703816e-13,1.1087427272589897e-17,-4.471902848024456e-14,3.420067553813744e-14,-1.3126518183526059e-12,1.337226625726847e-14,2.2149227637176713e-12,-3.140203868194173e-10,-2.2717224055668337e-09,-3.594147131025238e-11,2.0685172330559e-12,3.0562474773176973e-12,-2.2398773275421435e-09,6.618214006340328e-14,3.9358707529713175e-12,-7.043695404718164e-09,2.3970293342815788e-15,2.2808404470664457e-15
477.7990512153967,3.643520685159274e-10,5.0771632231771944e-12,-2.6979914006612185e-12,-4.482000881544934e-15,3.308196028228849e-12,-3.5410295140536617e-12,8.232551044784486e-10,4.1975613725616276e-12,1.425210696955522e-09,-1.9194486562787612e-16,-3.121736017834091e-10,-7.194522755327171e-12,-2.5442148388066244e-12,1.1025778504488874e-13,-1.0824765686986585e-10,1.0775555051420075e-10,-3.2253210220873145e-12,-1.9673756498916895e-09,3.5577330810070367e-12,-7.961878895197704e-12,-9.880984919163893e-15,2.713175052329994e-14,7.538117537935779e-12,1.9622341703763157e-13,1.0768050965452512e-14,1.7008079853838512e-09,-1.3064805290952108e-07,5.378740863556876e-10,2.342138346692983e-13,7.194800311083327e-12,2.5445878043539594e-12,3.5997990302913004e-13,1.3356304582013377e-07,-5.334602010777396e-10,9.177283499112177e-15,-2.8665680942931954e-14,-2.1555590647916518e-13,-2.353672812205332e-13,3.11937142782881e-10,3.643520685159274e-10,5.0834633687676006e-12,-2.7022177088535197e-12,-4.482020310447865e-15,3.3081619221775327e-12,-3.5409762233484797e-12,8.232520485762507e-10,4.197562852858994e-12,1.4252571418182925e-09,-1.9698602457841238e-07,-1.0748076252639294e-06,-1.9479023467283694e-08,3.9608794031664725e-09,7.289377397986148e-10,4.0508555600333007e-07,3.5568157585874616e-09,2.2534787476524435e-07,4.220275513944216e-06,9.108646651749079e-11,9.109104137650093e-11,7.374910867182412e-15,-1.0214880793076494e-14,-1.6363694991620529e-12,1.909583602355269e-17,-3.389321046043392e-14,2.0977817486583784e-14,-1.4474341014647506e-12,2.5598412278782234e-14,2.490681557295223e-12,-3.0138423123086494e-10,-2.2685215299134144e-09,-3.7160410215619776e-11,1.7294075860263547e-12,3.0387085440490107e-12,-2.3860797575496183e-09,5.4729929355873397e-14,3.303303121819684e-12,-7.518943097769201e-09,2.016506175002893e-15,1.9175402006984164e-15
499.0145486353981,3.64585831154803e-10,4.847000430648526e-12,-2.534409778339371e-12,-4.257583637497693e-15,3.047898644581437e-12,-3.2825546725234744e-12,8.172172965714708e-10,4.4071583419717326e-12,1.4357385225594044e-09,-1.77270443333169e-16,-2.9080025424714034e-10,-8.209682933468798e-12,-2.569611190494925e-12,1.0239344714375281e-13,-1.0044401818224256e-10,9.972451436064083e-11,-3.2255600832453366e-12,-1.97073104779566e-09,3.2918798501045e-12,-7.360867406558908e-12,-9.769962616701378e-15,2.4784471013901805e-14,7.538803195741472e-12,1.714087823673234e-13,7.519246388936187e-15,1.7010593420970973e-09,-1.3065289579117233e-07,4.976747696120985e-10,2.1812204955640527e-13,8.208295154688017e-12,2.5697673156077627e-12,5.868123447478573e-13,1.3357212240340944e-07,-4.935986503250375e-10,9.113152940609659e-15,-2.6537660960268883e-14,-1.8826717964266226e-13,-2.1760371282653068e-13,2.9057970844329856e-10,3.64585831154803e-10,4.852266026015665e-12,-2.5373111611770584e-12,-4.257520262266705e-15,3.0480009627353867e-12,-3.2824949869336706e-12,8.17214822745882e-10,4.40716019234344e-12,1.435780359315686e-09,-2.0509734749794006e-07,-1.1238512583076955e-06,-1.9945873646065594e-08,4.105634870938957e-09,7.514141013113355e-10,3.9526364775536974e-07,3.559049777113188e-09,2.2545886427617072e-07,4.187516727445957e-06,9.114617653220117e-11,9.114916303213742e-11,6.636022749824851e-15,-6.525818404175728e-14,-3.7051772020883314e-13,2.26929586233382e-17,-3.409371396312366e-14,3.2603277456272337e-14,-1.306198100792244e-12,-3.7699473172854895e-15,2.039329653295378e-12,-3.093244837752233e-10,-2.2731981516699306e-09,-3.573683784452442e-11,1.5595128388667945e-12,2.8993774048302612e-12,-2.2077124624555053e-09,5.3146668923392815e-14,3.023994631392998e-12,-6.957365646561205e-09,1.7738082414934613e-15,1.6900760305138541e-15
521.1720682918038,3.647834745379441e-10,4.513033976157506e-12,-2.293376629343887e-12,-3.872496767698408e-15,2.669912646524608e-12,-2.9069376239476695e-12,8.053479541558772e-10,4.565844739327455e-12,1.4561306064327557e-09,-1.5081993373102214e-16,-2.569257399424411e-10,-1.0993567167716378e-11,-3.2682190287403046e-12,9.137671398310296e-14,-8.997316780501308e-11,8.878739013847995e-11,-3.225454674399622e-12,-1.973260407850397e-09,2.9066647344847053e-12,-6.503641294758979e-12,-1.0103029524088925e-14,2.4046974198908334e-14,7.539595648782537e-12,1.6576539757299663e-13,5.3970539971859735e-15,1.6948547243047051e-09,-1.3065575359405558e-07,4.393857887349483e-10,1.9251906022780171e-13,1.0990722221215776e-11,3.2686006679050195e-12,1.064436237564946e-12,1.3357812117968986e-07,-4.357760663947903e-10,9.490970292666545e-15,-2.553623979195685e-14,-1.8150758675655605e-13,-1.912544197087603e-13,2.567309328090535e-10,3.647834745379441e-10,4.518981692550976e-12,-2.296881026116656e-12,-3.8724278413522954e-15,2.6696454824559623e-12,-2.9068612406035755e-12,8.053453348111362e-10,4.565848810145212e-12,1.456179961678572e-09,-2.1323822438716887e-07,-1.1748808436095715e-06,-2.0510402100626378e-08,4.2180076707154514e-09,7.885709389180799e-10,3.7496774470931746e-07,3.5608952175802955e-09,2.2555214465515664e-07,4.122972920110139e-06,9.119691964561601e-11,9.119851392587937e-11,6.39673499354861e-15,-6.162540107842081e-14,-9.98843082318975e-13,2.552032659271693e-17,-3.0679012108514314e-14,2.2056873558509716e-14,-1.2089205370102719e-12,-6.9844130479168594e-15,1.742106784755985e-12,-3.237682297670593e-10,-2.279401451232843e-09,-3.367521799191309e-11,1.4014165117259836e-12,2.7763091825505626e-12,-1.9499416035339597e-09,5.237618064951599e-14,2.9556671956628954e-12,-6.142274836899257e-09,1.7259645680260208e-15,1.6591863878182936e-15
544.3134383763522,3.6499963051994654e-10,4.362300387583673e-12,-2.1870533828405316e-12,-3.725600383752692e-15,2.4963810574263335e-12,-2.7345834041625495e-12,8.008429722394794e-10,4.778804019167637e-12,1.4638411812484263e-09,-1.4145866677012548e-16,-2.4183915980913184e-10,-1.0840495168196185e-11,-3.2578106878844437e-12,8.616882629058117e-14,-8.464046923657115e-11,8.345324431502377e-11,-3.2253995698242054e-12,-1.976241238710319e-09,2.727655795030209e-12,-6.103520466815837e-12,-9.769962616701378e-15,2.2872623902151062e-14,7.539928541556925e-12,1.571868170178861e-13,4.116342048517049e-15,1.6927115578268714e-09,-1.30655730856688e-07,4.12307758994022e-10,1.807976658377662e-13,1.0836262442914801e-11,3.2586520287702925e-12,1.0658834925791894e-12,1.335814452398061e-07,-4.0892540000165124e-10,9.088473788658458e-15,-2.4785173915722823e-14,-1.7562423739272285e-13,-1.7926401104280862e-13,2.416557324617467e-10,3.6499963051994654e-10,4.3701258315801774e-12,-2.1900689262110974e-12,-3.725597145602203e-15,2.4958978883660164e-12,-2.7345087971752945e-12,8.008397708181292e-10,4.778806239613687e-12,1.463889687632521e-09,-2.2240045169989268e-07,-1.2284988537430763e-06,-2.0991280325688422e-08,4.371421528048813e-09,8.158386322065781e-10,3.6729710869664373e-07,3.5629918460067245e-09,2.2565508674557445e-07,4.098547530399325e-06,9.1251952660798e-11,9.125247076487615e-11,6.1832599225949045e-15,-5.943879462696108e-14,-6.326814627755084e-13,2.4306482752460095e-17,-3.2961811058385137e-14,2.4177377591291793e-14,-1.1235090369154933e-12,-7.912929570845032e-15,1.737741210187475e-12,-3.292033701048543e-10,-2.282259811181575e-09,-3.2730721954976614e-11,1.2391683412715792e-12,2.6563947338094825e-12,-1.830410138704475e-09,4.988858718496525e-14,2.812383776664781e-12,-5.76382082802714e-09,1.6386631634945914e-15,1.5898220240284644e-15
568.4823443592555,3.652382011646675e-10,4.430573123196761e-12,-2.238317146444994e-12,-3.851578778135689e-15,2.566775947343558e-12,-2.8044890854062033e-12,8.049250754993409e-10,5.048700716751379e-12,1.4567805919796229e-09,-1.5252289347147691e-16,-2.4823815225616386e-10,-6.521727602404326e-12,-2.17728612916801e-12,8.65331182205363e-14,-8.543957208395625e-11,8.489970631282112e-11,-3.2254029959030706e-12,-1.9798869169140863e-09,2.795739253797593e-12,-6.25445109140336e-12,-8.43769498715119e-15,2.0913560124597032e-14,7.539824130075554e-12,1.4665722549521458e-13,3.30092627459238e-15,1.6967559849815686e-09,-1.306528739419832e-07,4.226266365294102e-10,1.8545942685946107e-13,6.518049988635255e-12,2.178491761983814e-12,4.061136347845361e-13,1.335824537262699e-07,-4.1915401382322333e-10,7.523007824333794e-15,-2.2907509225137763e-14,-1.6798840098434358e-13,-1.8474111129762605e-13,2.48050469053851e-10,3.652382011646675e-10,4.437777079147054e-12,-2.241298110069086e-12,-3.851532518842997e-15,2.5662359348643803e-12,-2.8044262023740886e-12,8.049230382312089e-10,5.048702197048745e-12,1.4568424376193434e-09,-2.3269280791282654e-07,-1.2848633341491222e-06,-2.1372437186073513e-08,4.588302108459175e-09,8.30534645501757e-10,3.7431396607601973e-07,3.5654011409924635e-09,2.2577000583316525e-07,4.1209010911795e-06,9.131225035356275e-11,9.131195281379216e-11,5.8534716425769535e-15,-2.160587264654623e-14,-8.529563425933399e-13,2.341830433275997e-17,-2.745401683768023e-14,2.3964180206198504e-14,-1.1965968838012486e-12,-2.6266026390923496e-14,1.7435619762788217e-12,-3.2486956721792616e-10,-2.281021806993522e-09,-3.312538012778532e-11,9.9907651929243e-13,2.5748544037658878e-12,-1.8756506425540655e-09,4.4404638386424944e-14,2.590670694721072e-12,-5.908348773194423e-09,1.5383253120411963e-15,1.502569769995521e-15
593.7244114571097,3.654704746243927e-10,4.465255187824369e-12,-2.2651448716715094e-12,-3.943454821945617e-15,2.5964254746213555e-12,-2.8348534186761753e-12,8.072008495219051e-10,5.33975678488711e-12,1.4527506815890472e-09,-1.5860247245039465e-16,-2.511349461720158e-10,-4.040517920245179e-12,-1.4824252936307403e-12,8.752531809438517e-14,-8.550265654224835e-11,8.532650776414487e-11,-3.225094228676874e-12,-1.983195835331131e-09,2.8209306660612894e-12,-6.310036472662427e-12,-7.549516567451064e-15,1.9375213647872092e-14,7.53959146193256e-12,1.3570564839234123e-13,2.71989960708837e-15,1.6988889181868386e-09,-1.3064843527033076e-07,4.2641151591605787e-10,1.8735972155970357e-13,4.040795476001335e-12,1.4838043987941418e-12,3.9065972678997696e-14,1.335814622359789e-07,-4.2291947721651013e-10,6.607656587685751e-15,-2.1405377472669712e-14,-1.5496992579628716e-13,-1.8681352761025968e-13,2.5094548661286353e-10,3.654704746243927e-10,4.468470630551262e-12,-2.2671756028103117e-12,-3.94335814002389e-15,2.5963402094930643e-12,-2.834796219985947e-12,8.071989577729255e-10,5.339756044738427e-12,1.4528210158459843e-09,-2.4323066075642906e-07,-1.3436526991426945e-06,-2.1798627858515828e-08,4.822561168111861e-09,8.46383822287559e-10,3.781008482017273e-07,3.567714873531358e-09,2.258810434123077e-07,4.1334424167871475e-06,9.137078427201572e-11,9.136985464526978e-11,5.510204561150663e-15,-9.711224417211876e-15,-2.4467302258320463e-14,2.6186460407492026e-17,-2.81824841241729e-14,3.0292500409132006e-14,-1.109656864173303e-12,-3.0201767013219675e-15,2.1156059422840675e-12,-3.2168876108092567e-10,-2.280238732055295e-09,-3.328852642425772e-11,8.34616002975963e-13,2.469517923486819e-12,-1.892894523295983e-09,4.115338712168404e-14,2.407764638950174e-12,-5.961712901125793e-09,1.4279506396763786e-15,1.3988448709552811e-15
620.0872907625803,3.656744507196663e-10,4.2783843431000906e-12,-2.130110487996717e-12,-3.737099518730247e-15,2.3752363631501795e-12,-2.614451943827589e-12,8.00152774900198e-10,5.565431078953982e-12,1.4646541482458512e-09,-1.4182649082747066e-16,-2.3137199563668295e-10,-6.548650510751486e-12,-2.1257995364010185e-12,8.129409843706169e-14,-7.960138500732026e-11,7.902519908295095e-11,-3.225028488078145e-12,-1.985429430584329e-09,2.5962452472121316e-12,-5.809417869243114e-12,-7.993605777301127e-15,1.945202859253006e-14,7.539560182801524e-12,1.3300051545367217e-13,2.39248679282177e-15,1.6928961948547789e-09,-1.3064338215684758e-07,3.924582106324494e-10,1.7283267509217784e-13,6.547817843483017e-12,2.127412829233677e-12,4.4958084873972634e-13,1.3357874448269682e-07,-3.89248530049118e-10,7.17445037840686e-15,-2.10298445345527e-14,-1.5083906347700002e-13,-1.734908513147578e-13,2.3119698748056786e-10,3.656744507196663e-10,4.282668442101567e-12,-2.1321004813520024e-12,-3.736929284533138e-15,2.3740483356959884e-12,-2.6144036269215574e-12,8.001511741895229e-10,5.565431819102665e-12,1.464727392885834e-09,-2.535037696361542e-07,-1.4046707190573215e-06,-2.237457229057327e-08,5.003261612728238e-09,8.783930146213e-10,3.657266440081172e-07,3.5696467448609326e-09,2.25976783281683e-07,4.095198164577596e-06,9.142234673002273e-11,9.142085533042632e-11,5.468403507791209e-15,-9.468041165897982e-15,1.7428192222723736e-14,2.7296683432117183e-17,-2.5307236861671357e-14,2.8450501720136964e-14,-1.0093589253301616e-12,4.793943020331426e-15,1.7459872954835494e-12,-3.3002531078333657e-10,-2.2845082639832983e-09,-3.2097622693072484e-11,7.325854767259443e-13,2.3505627074390154e-12,-1.7427622136110162e-09,4.2008985266100973e-14,2.3995655031346194e-12,-5.486931797804573e-09,1.4047212467301525e-15,1.3811680387350774e-15
647.6207491984753,3.6589181166372477e-10,4.2044121073558925e-12,-2.0768884686124996e-12,-3.6697381244898964e-15,2.281922206748277e-12,-2.5213790166844774e-12,7.974123582243919e-10,5.814388600218952e-12,1.4691303173700968e-09,-1.3589366030666473e-16,-2.229743982044378e-10,-6.8189898172477115e-12,-2.204070259637092e-12,7.870564319326487e-14,-7.686635058615618e-11,7.625106895099115e-11,-3.2245696239031897e-12,-1.988061618107828e-09,2.502118344557502e-12,-5.599146792207131e-12,-8.104628079763643e-15,1.9204408505364284e-14,7.53928541695164e-12,1.3025614225682094e-13,2.1790109256357463e-15,1.6905339362019652e-09,-1.3063649255684596e-07,3.782250998184747e-10,1.6647417268123832e-13,6.818920428308672e-12,2.2059697818432866e-12,5.046360155144417e-13,1.3357453345735057e-07,-3.7514105517090663e-10,7.105210517166505e-15,-2.0779489242474693e-14,-1.4207662825426972e-13,-1.6697754290362354e-13,2.228056258009777e-10,3.6589181166372477e-10,4.2105398279090874e-12,-2.0794715283045662e-12,-3.669630340337922e-15,2.281717570440378e-12,-2.5213282128788704e-12,7.974107575137168e-10,5.814390080516319e-12,1.469214475946501e-09,-2.647024889787038e-07,-1.4686147682368755e-06,-2.2912432905286552e-08,5.2257627248764035e-09,9.078324107273753e-10,3.606726031014046e-07,3.571760165410609e-09,2.260795891788219e-07,4.080403717428756e-06,9.147708146528544e-11,9.147516596049361e-11,5.380638064729955e-15,-2.4515989238693692e-14,-8.088922716827558e-13,1.8252066524837572e-17,-3.656406843965954e-14,2.1850916345420025e-14,-1.1433417057560292e-12,-7.90519501710681e-14,1.6786846875523526e-12,-3.3345422707498073e-10,-2.286451490363106e-09,-3.1609312145519654e-11,5.473611963680014e-13,2.2577824794941154e-12,-1.6793677559689968e-09,4.1200658336404405e-14,2.3560291090223977e-12,-5.287984568743316e-09,1.381874938551538e-15,1.3620484948240197e-15
676.3767634659991,3.6611876789531077e-10,4.184524489877125e-12,-2.065279621395651e-12,-3.686133805598975e-15,2.25427356781438e-12,-2.494142492537321e-12,7.966310658957809e-10,6.113175891423831e-12,1.4701935773094496e-09,-1.3460433498878582e-16,-2.2007506927934628e-10,-6.4581673342445356e-12,-2.0911050668814823e-12,7.738291654283256e-14,-7.591498858110819e-11,7.534623718592165e-11,-3.2245608743916578e-12,-1.990906402238313e-09,2.467596540537435e-12,-5.525397645882394e-12,-7.771561172376096e-15,1.855116822604697e-14,7.538842733968905e-12,1.2601208218340087e-13,2.030074052010695e-15,1.6897978603488445e-09,-1.306281200541548e-07,3.729945551389244e-10,1.64081356556599e-13,6.45407338684123e-12,2.0931346933483752e-12,4.58839315748654e-13,1.3356902419110316e-07,-3.6994769005311125e-10,6.9160578956492524e-15,-2.015360101227967e-14,-1.4044931885576268e-13,-1.6579330501069003e-13,2.1990868385538911e-10,3.6611876789531077e-10,4.19236319733803e-12,-2.066841868024009e-12,-3.685918699887954e-15,2.2530002752318977e-12,-2.4941041232295903e-12,7.966288831084967e-10,6.113176631572514e-12,1.4702767657581716e-09,-2.765849232673645e-07,-1.5354807488620282e-06,-2.344603417441249e-08,5.494975484907627e-09,9.354941236476103e-10,3.589081833799651e-07,3.5739841364179625e-09,2.261870536872358e-07,4.076313416589983e-06,9.153407661462627e-11,9.153184876709019e-11,5.255148168477793e-15,-2.2009505329378954e-15,-6.656904361079796e-13,2.3270274596143282e-17,-3.3894176354465346e-14,2.3254385461517202e-14,-1.1342737593622587e-12,-9.913736498390336e-14,1.765753647002081e-12,-3.3404551989709335e-10,-2.2865588107379153e-09,-3.145794948977709e-11,4.1110411075351293e-13,2.1583712594974714e-12,-1.6573380394167417e-09,4.0302667887043286e-14,2.2996835210990907e-12,-5.214875642423067e-09,1.3441389205374558e-15,1.3286247102506365e-15
706.409618164559,3.6633077016290374e-10,3.9919541450217364e-12,-1.923234075699535e-12,-3.4607155104578643e-15,2.0270817913115026e-12,-2.2668714905194064e-12,7.886902312748134e-10,6.371275359147906e-12,1.4835017888496319e-09,-1.153397705668287e-16,-1.992436956162654e-10,-1.0018930129973569e-11,-3.037292639618272e-12,7.07184806745888e-14,-7.008169838102723e-11,6.895785529893926e-11,-3.224349140549393e-12,-1.99300149578141e-09,2.2327311188527424e-12,-5.005030627673311e-12,-8.770761894538737e-15,1.9234648564142504e-14,7.538566959607713e-12,1.2817457491624268e-13,1.997079687727282e-15,1.6827658183161342e-09,-1.3061936572356102e-07,3.3745326946214043e-10,1.4828432761557786e-13,1.0017889295887983e-11,3.039088078415908e-12,1.026064154276339e-12,1.3356237631922345e-07,-3.3469165423623564e-10,7.87945284106556e-15,-2.2156443348903738e-14,-1.4871104349433695e-13,-1.484738258265376e-13,1.9909318638156037e-10,3.6633077016290374e-10,3.997147738724986e-12,-1.9262761459989027e-12,-3.46033525907193e-15,2.0245295218046524e-12,-2.2668441346240796e-12,7.88688485044986e-10,6.37127387885054e-12,1.4835798841280242e-09,-2.884499728679657e-07,-1.6050237230956555e-06,-2.4102532188408077e-08,5.710959085263312e-09,9.755855974920754e-10,3.448215910222728e-07,3.5759782357480674e-09,2.2628597407024167e-07,4.0332391411842155e-06,9.158745095660948e-11,9.158492778974884e-11,5.3641755389429354e-15,2.0600972779523847e-14,-3.562386533909982e-13,2.3344289464451624e-17,-1.938915972221622e-14,2.2288128092261273e-14,-9.880642437565257e-13,-8.303061941698312e-14,1.6256914629290502e-12,-3.4357508411630986e-10,-2.2902149794390425e-09,-3.021596342023258e-11,3.711988938448485e-13,2.0386196434666697e-12,-1.501333424505711e-09,4.258171506371644e-14,2.3701389768118564e-12,-4.717586913708753e-09,1.3664460188356209e-15,1.3532968148877166e-15
737.7760082683305,3.665509584749316e-10,3.819877747446299e-12,-1.7950152179461535e-12,-3.2546479400430427e-15,1.8255377653986216e-12,-2.065364768100153e-12,7.81550188548863e-10,6.608604034378611e-12,1.495432419081529e-09,-9.81121792108603e-17,-1.8070731947853838e-10,-1.3210960103648972e-11,-3.893690925238502e-12,6.517696848499075e-14,-6.496341163421602e-11,6.334662952919449e-11,-3.2237209267056004e-12,-1.9952336491324553e-09,2.024281904890599e-12,-4.544078291940497e-12,-9.43689570931383e-15,1.9638985196446956e-14,7.538186109064515e-12,1.304419528251601e-13,1.9991941233682303e-15,1.6764640313760042e-09,-1.3060948633736302e-07,3.0595123334034387e-10,1.3428568514684916e-13,1.321338871651534e-11,3.8952348291321215e-12,1.5328214887842609e-12,1.335547164116763e-07,-3.03432524584571e-10,8.748332462095443e-15,-2.1405377472669712e-14,-1.5133977406115602e-13,-1.3367085216486885e-13,1.8057126164687057e-10,3.665509584749316e-10,3.824701858926953e-12,-1.799040679391813e-12,-3.2542121775058775e-15,1.8218941022496437e-12,-2.0653491361599664e-12,7.815485878381879e-10,6.608598853337829e-12,1.495505178657671e-09,-3.01059087117513e-07,-1.6776886768639089e-06,-2.4772933102212847e-08,5.9396738652139906e-09,1.0200149821078716e-09,3.320332494737624e-07,3.5780616247649277e-09,2.2638885206970472e-07,3.994492847899285e-06,9.164281407810411e-11,9.16400540636649e-11,5.484906510459335e-15,5.806051935527042e-15,-3.5028051570407117e-13,1.594280263361725e-17,-2.982928626327208e-14,1.990434342954289e-14,-9.173098192150065e-13,-7.96399982997779e-14,1.1399000262220701e-12,-3.5306778348361453e-10,-2.293291254318319e-09,-2.911910712555254e-11,3.191200903529534e-13,1.92616811389712e-12,-1.3630903124574742e-09,4.4652161742403385e-14,2.4395519374412035e-12,-4.27661817070657e-09,1.3952814598150454e-15,1.384063581337062e-15
770.5351461530549,3.66799500402711e-10,3.850558035386105e-12,-1.8183579679013444e-12,-3.332902009933747e-15,1.8448190530762076e-12,-2.08474979501716e-12,7.821359031368047e-10,6.9501486047821955e-12,1.4940528975178799e-09,-1.003739689382661e-16,-1.8224697676908855e-10,-1.241534652862697e-11,-3.674976989387346e-12,6.581974548725e-14,-6.529481320706663e-11,6.380372420876159e-11,-3.2235029424378113e-12,-1.9983688884228633e-09,2.0410627322642575e-12,-4.582268027552095e-12,-9.103828801926284e-15,1.9516145462986563e-14,7.537462112548626e-12,1.283866679004982e-13,1.9494752798868568e-15,1.6770413193851247e-09,-1.305978032384303e-07,3.084989628095976e-10,1.3589551756757376e-13,1.2419509864969314e-11,3.6768244698892616e-12,1.4140375378549462e-12,1.3354614123529191e-07,-3.0596445274007897e-10,8.476766922942136e-15,-2.1530555118708715e-14,-1.4270251648446474e-13,-1.341149413747189e-13,1.8210929061031797e-10,3.66799500402711e-10,3.853847374557518e-12,-1.8228978622876943e-12,-3.332395470678762e-15,1.8418290892441292e-12,-2.084743400132538e-12,7.82134011387825e-10,6.9501426835927304e-12,1.4941203213917713e-09,-3.1499962011973065e-07,-1.7539233900606632e-06,-2.5362404994666577e-08,6.3033262267708775e-09,1.0615220465600335e-09,3.324363882880831e-07,3.5805106657349484e-09,2.2650653908540474e-07,3.997871923881273e-06,9.170503911803963e-11,9.170214661698614e-11,5.3942440791932e-15,-7.537096872548924e-15,-6.303196187218418e-13,1.9806378759312793e-17,-3.250837099511017e-14,1.9198157950525708e-14,-1.0573788244983006e-12,-1.9424536053710046e-13,1.2072026341532667e-12,-3.5173482804869613e-10,-2.293254146934487e-09,-2.924274440374575e-11,1.6943431546678766e-13,1.843876162865854e-12,-1.3745118738285762e-09,4.3728421491445735e-14,2.395782791143378e-12,-4.312410576782592e-09,1.3717802935242496e-15,1.3619906707081539e-15
804.7488733750887,3.6703638054783977e-10,3.691214563635488e-12,-1.698318878122033e-12,-3.140749697353821e-15,1.6461854102090002e-12,-1.8870789375569073e-12,7.752301462460309e-10,7.2484499883766296e-12,1.5055042846749226e-09,-8.363645672836324e-17,-1.6459493027790964e-10,-1.5704243461200917e-11,-4.556771626695877e-12,5.982581121967622e-14,-6.031078414459046e-11,5.830209331187624e-11,-3.2234123356622567e-12,-2.000785365163793e-09,1.8429928126253542e-12,-4.139361657058209e-12,-1.0103029524088925e-14,2.042889403852951e-14,7.536940047501538e-12,1.3037985297732043e-13,1.9871454693274886e-15,1.670966041395502e-09,-1.3058599934723247e-07,2.7854184075527714e-10,1.222935598274577e-13,1.5713333412215036e-11,4.558393593145915e-12,1.9335326990293263e-12,1.3353672121378808e-07,-2.762454864341106e-10,9.387727140791613e-15,-2.2031265702864734e-14,-1.4833551055621993e-13,-1.209402948158337e-13,1.644712514329664e-10,3.6703638054783977e-10,3.692916076640055e-12,-1.7021278608808643e-12,-3.140199211770778e-15,1.645122438276303e-12,-1.8870725426722855e-12,7.752288365736603e-10,7.248439626295067e-12,1.505576801719144e-09,-3.2895803451538087e-07,-1.8332459032535553e-06,-2.6082948897965253e-08,6.596973398700356e-09,1.1148487525739862e-09,3.200071913915751e-07,3.582757590603336e-09,2.2661720413587258e-07,3.960458949829142e-06,9.176451154502274e-11,9.17614636127458e-11,5.5370465157356106e-15,5.8047048649238305e-15,-4.301028866393608e-13,1.9406698470447738e-17,-1.523244308465621e-14,1.7839921206963538e-14,-9.452062954551366e-13,-1.9195312006559107e-13,1.1676699311162035e-12,-3.61073762178421e-10,-2.2973365048528647e-09,-2.8193960588396295e-11,1.4621264199377038e-13,1.7372710677439803e-12,-1.241695738477828e-09,4.6014624402457294e-14,2.4763561212773903e-12,-3.893179704543097e-09,1.4039261651369964e-15,1.3958437993418412e-15
840.4817774137397,3.67275146591813e-10,3.461294303027292e-12,-1.5269113381085238e-12,-2.8430396925571697e-15,1.3786120689474047e-12,-1.6207359010422806e-12,7.65582371968776e-10,7.496894956678565e-12,1.5216394482801357e-09,-5.981358450075711e-17,-1.3990801110234466e-10,-2.0495133368214624e-11,-5.8428262228460426e-12,5.2876230180068774e-14,-5.376112253787012e-11,5.100459737101509e-11,-3.223117402855781e-12,-2.0030671857296233e-09,1.5664141495525104e-12,-3.5302784597432866e-12,-1.1435297153639112e-14,2.1346853255832628e-14,7.536459033448846e-12,1.3643263224096814e-13,2.054538091477058e-15,1.6624518960336902e-09,-1.305735230161531e-07,2.367315129455365e-10,1.038758312764225e-13,2.0510745879498415e-11,5.844214001626824e-12,2.6874633471000008e-12,1.335265027838366e-07,-2.3477034270124636e-10,1.0760909849825973e-14,-2.253197628702075e-14,-1.5409368227401411e-13,-1.0302869668521453e-13,1.3980313203395175e-10,3.67275146591813e-10,3.4634391946989734e-12,-1.531094066346365e-12,-2.8425928277897583e-15,1.3784870134259108e-12,-1.6207383879418557e-12,7.655803347006441e-10,7.496886815043051e-12,1.5217095400051524e-09,-3.4342333674430846e-07,-1.9159745424985887e-06,-2.687021333258599e-08,6.851486396044493e-09,1.1759150690219637e-09,3.028376235052683e-07,3.5849905266616133e-09,2.2672818563542958e-07,3.908065991709009e-06,9.182450651697612e-11,9.182129871258363e-11,5.773749534032646e-15,-2.3787978994012823e-14,-6.46724629405071e-13,1.6105635343895605e-17,-1.1420342449497412e-14,1.4185718897295752e-14,-9.862549177341862e-13,-3.224701986918414e-13,9.424790429572264e-13,-3.738236652376751e-10,-2.300841697433498e-09,-2.6736503855318005e-11,1.1830479706986808e-13,1.6348137658421063e-12,-1.0589631497274494e-09,4.9584847946343436e-14,2.608975969553557e-12,-3.3080785518298703e-09,1.4599114741183547e-15,1.4532298975300506e-15
877.801313597248,3.6755505898137623e-10,3.5415723687037827e-12,-1.5853667415891929e-12,-2.991612975862997e-15,1.4524630387313664e-12,-1.6951158698930158e-12,7.677523535676301e-10,7.888448413003364e-12,1.5174523772050936e-09,-6.617995471839937e-17,-1.460211211205357e-10,-1.8972323712063144e-11,-5.434125371905907e-12,5.423752345063664e-14,-5.54942203301323e-11,5.297191257065087e-11,-3.2223485761217335e-12,-2.006778396235198e-09,1.6345048699530493e-12,-3.685843619980117e-12,-1.099120794378905e-14,2.0735863488148354e-14,7.535493070621309e-12,1.330495352154511e-13,2.0205791472490392e-15,1.6645417055399e-09,-1.3055887677637655e-07,2.470486864176776e-10,1.0832368033886324e-13,1.8990156669396185e-11,5.435001407261275e-12,2.4520167642348514e-12,1.335155114513722e-07,-2.4500701209453203e-10,1.0306127696049772e-14,-2.165573276474772e-14,-1.4545642469732283e-13,-1.0672944010063172e-13,1.4591202320464922e-10,3.6755505898137623e-10,3.5450587650605787e-12,-1.5896731042630562e-12,-2.9910768306606882e-15,1.4516331248159987e-12,-1.6951286596622595e-12,7.677501707803458e-10,7.888441751665216e-12,1.5175321702069293e-09,-3.5978506008783975e-07,-2.0028652623295783e-06,-2.752356813289225e-08,7.379046874120832e-09,1.2512612102000275e-09,3.058385330003275e-07,3.587764585422093e-09,2.268608939686543e-07,3.920099212943266e-06,9.189448165377219e-11,9.189122351926927e-11,5.669718167178317e-15,-7.035541038646897e-14,-7.327770390475052e-13,1.5276668818842154e-17,-2.2687013379041332e-14,1.3962358352825887e-14,-1.1648805298136722e-12,-4.878971301044052e-13,1.0676255139211813e-12,-3.703166536676387e-10,-2.2991220248513855e-09,-2.7146040793013526e-11,-1.9679191609611735e-14,1.5543588638422534e-12,-1.1056396108732623e-09,4.826792177753392e-14,2.5557832935898577e-12,-3.4525212318688623e-09,1.434642335484959e-15,1.4280532774820406e-15
916.7779324426061,3.6782231778905347e-10,3.392051439732313e-12,-1.4726457682930534e-12,-2.809919426767967e-15,1.2656528269872069e-12,-1.5108643225403285e-12,7.609656313434243e-10,8.23043485217075e-12,1.5286069052914779e-09,-4.9692034883620784e-17,-1.2893066244264636e-10,-2.2288837442374643e-11,-6.322858903118345e-12,4.950622005593454e-14,-5.096363807157088e-11,4.792452149412644e-11,-3.222029067162513e-12,-2.009683847115085e-09,1.4433714236736681e-12,-3.2636764737776307e-12,-1.2212453270876722e-14,2.166153934500832e-14,7.534785439493472e-12,1.3842104980978694e-13,2.0732337518687477e-15,1.6586195511057946e-09,-1.3054426926117912e-07,2.180988206572333e-10,9.553081637560534e-14,2.230486628729267e-11,6.324081883168908e-12,2.972919529601167e-12,1.3350375519468357e-07,-2.1628053353429836e-10,1.1254560651485779e-14,-2.3032686871176767e-14,-1.4658302351167387e-13,-9.296267459527978e-14,1.288341285506552e-10,3.6782231778905347e-10,3.3915853236976544e-12,-1.4764684882114428e-12,-2.8093624648839466e-15,1.2663008419622202e-12,-1.5108884809933444e-12,7.609653403051198e-10,8.230424490089187e-12,1.5286816051229835e-09,-3.760489324728648e-07,-2.09321491420269e-06,-2.833291364368051e-08,7.791618118062616e-09,1.3358123851503479e-09,2.9346348276513435e-07,3.5903094386391388e-09,2.2698583928498224e-07,3.883375029545277e-06,9.196150359732277e-11,9.195813592081473e-11,5.833730489420337e-15,-2.5962091735702112e-14,-4.6674131226609464e-14,1.6357285896143974e-17,-1.911550639999149e-14,1.5455426240033875e-14,-6.234239435798372e-13,-7.26411523525409e-14,8.465576684102416e-13,-3.7888433629026017e-10,-2.3017575585981832e-09,-2.6150036092076333e-11,7.704784366069361e-14,1.4545017042640513e-12,-9.790485734790076e-10,5.073128332352961e-14,2.6461165683134735e-12,-3.0472702879554467e-09,1.4734480996425603e-15,1.4677654346558395e-15
957.4852126495767,3.6809947090432613e-10,3.2240980848049124e-12,-1.343282936735098e-12,-2.584838824463513e-15,1.0624717106111347e-12,-1.3087415595691709e-12,7.536550401709974e-10,8.506502169325358e-12,1.5406714131434758e-09,-3.1861003138812634e-17,-1.1047412984410698e-10,-2.591218906111692e-11,-7.293193826640731e-12,4.381911500317415e-14,-4.596513645895227e-11,4.2363890173646723e-11,-3.221868339611453e-12,-2.0127089758736895e-09,1.2365762483746654e-12,-2.8064888914117503e-12,-1.3100631690576847e-14,2.2298353114377886e-14,7.534034671586488e-12,1.409591977245407e-13,2.1350566411104537e-15,1.6522252891796532e-09,-1.3052876202124253e-07,1.868660265284784e-10,8.164143099267708e-14,2.5925372959534343e-11,7.294555584569373e-12,3.541998044071753e-12,1.3349122581173791e-07,-1.852947769380926e-10,1.2286206123660048e-14,-2.3658575101371786e-14,-1.5146495170719504e-13,-8.171241461241152e-14,1.1039154775479194e-10,3.6809947090432613e-10,3.222851319151232e-12,-1.3476925649532252e-12,-2.58406398131091e-15,1.0641542758094147e-12,-1.3087952055457208e-12,7.536547491326928e-10,8.506500689027993e-12,1.540762847677494e-09,-3.9312119285265603e-07,-2.187556400895119e-06,-2.9182745493017137e-08,8.216192945837975e-09,1.4330108418410722e-09,2.8012944439556015e-07,3.592944886054994e-09,2.27115335059099e-07,3.8437162099095685e-06,9.20310035586643e-11,9.202753078104327e-11,6.011186918601178e-15,3.8788409521354576e-14,-3.6375998509659745e-13,1.4092430925908655e-17,1.6759732490712053e-15,1.167227889863065e-14,-8.644934723633924e-13,-3.854879378669314e-13,1.0363388961801926e-12,-3.905074360469977e-10,-2.304663030372467e-09,-2.5067072328965878e-11,1.907665136968717e-14,1.3664861834665013e-12,-8.419006060775732e-10,5.341950840009879e-14,2.745501751566285e-12,-2.610147949629512e-09,1.5156683778420425e-15,1.5107952504774443e-15
1000.0,3.6839007696206257e-10,3.0740920919924973e-12,-1.227787057208237e-12,-2.3881947345631243e-15,8.774804882705212e-13,-1.1260947729851977e-12,7.469579577445984e-10,8.860642590017657e-12,1.5516319156934819e-09,-1.565218066015434e-17,-9.369671705172777e-11,-2.919470221129927e-11,-8.174155796680793e-12,3.8736065446512825e-14,-4.14651051589792e-11,3.7355039696405716e-11,-3.2212988813938926e-12,-2.01601491611747e-09,1.0489985817969724e-12,-2.39168020013992e-12,-1.3988810110276972e-14,2.2871034732816583e-14,7.533195903427607e-12,1.4484214962764902e-13,2.1883931368989234e-15,1.6464017747306265e-09,-1.3051219625026533e-07,1.5846967149366001e-10,6.92298334996373e-14,2.921114738985153e-11,8.175586943548474e-12,4.0581625361722576e-12,1.3347790151445717e-07,-1.5712526886825927e-10,1.3223905477588449e-14,-2.3533397455332782e-14,-1.5371814933589712e-13,-6.750155989720952e-14,9.3626439934269e-11,3.6839007696206257e-10,3.0704048488890596e-12,-1.2332686575670475e-12,-2.387631296378127e-15,8.790664196567377e-13,-1.1261526822181621e-12,7.469585398212075e-10,8.860642590017657e-12,1.551718742121011e-09,-4.112335542837779e-07,-2.286100387573242e-06,-3.005843027494848e-08,8.65909387357533e-09,1.5455778642111303e-09,2.6782842279888344e-07,3.595719721971591e-09,2.2725129600827839e-07,3.807472239714116e-06,9.210385195264811e-11,9.210028295569827e-11,6.174748212739445e-15,7.022353069411717e-15,8.03576464628956e-15,1.4092430925908655e-17,-8.451625510552673e-15,1.1425665882164315e-14,-4.061300273860979e-13,4.5652370772586434e-15,7.913816565026839e-13,-4.0086791462575397e-10,-2.3072119802236556e-09,-2.409130104297219e-11,1.0364601621404291e-13,1.279879165612859e-12,-7.174804419835624e-10,5.586292062612075e-14,2.8343152914309583e-12,-2.212749687184138e-09,1.5545160644836463e-15,1.5503353809065423e-15
