time,NORM_ERROR_Pept0003,NORM_ERROR_ATP,NORM_ERROR_ADP,NORM_ERROR_AMP,NORM_ERROR_GTP,NORM_ERROR_GDP,NORM_ERROR_PO4,NORM_ERROR_PPi,NORM_ERROR_CP,NORM_ERROR_RS30S,NORM_ERROR_RS50S,NORM_ERROR_RF1,NORM_ERROR_RF2,NORM_ERROR_RF3,NORM_ERROR_RF3_GDP,NORM_ERROR_RF3_GTP,NORM_ERROR_EFTu,NORM_ERROR_EFTu_GDP,NORM_ERROR_EFG,NORM_ERROR_EFG_GDP,NORM_ERROR_RRF,NORM_ERROR_tRNAGlyGCC,NORM_ERROR_GlytRNAGlyGCC,NORM_ERROR_tRNAfMetCAU,NORM_ERROR_MettRNAfMetCAU,NORM_ERROR_fMettRNAfMetCAU,NORM_ERROR_EFTu_GTP,NORM_ERROR_EFG_GTP,NORM_ERROR_RS70S,NORM_ERROR_BOUND_RF1,NORM_ERROR_BOUND_RF2,NORM_ERROR_BOUND_RF3,NORM_ERROR_BOUND_EFTu,NORM_ERROR_BOUND_EFG,NORM_ERROR_BOUND_RRF,NORM_ERROR_BOUND_tRNAGlyGCC,NORM_ERROR_BOUND_tRNAfMetCAU,NORM_ERROR_OCCUPIED_30S,NORM_ERROR_OCCUPIED_50S,NORM_CUM_ERROR_NET_Pept0003,NORM_CUM_ERROR_NET_ATP,NORM_CUM_ERROR_NET_ADP,NORM_CUM_ERROR_NET_AMP,NORM_CUM_ERROR_NET_GTP,NORM_CUM_ERROR_NET_GDP,NORM_CUM_ERROR_NET_PO4,NORM_CUM_ERROR_NET_PPi,NORM_CUM_ERROR_NET_CP,NORM_CUM_ERROR_CONSUMED_ATP,NORM_CUM_ERROR_CONSUMED_GTP,NORM_CUM_ERROR_RELEASED_GDP,NORM_CUM_ERROR_RELEASED_PO4,NORM_CUM_ERROR_RELEASED_PPi,NORM_CUM_ERROR_RELEASED_EFG_GDP,NORM_CUM_ERROR_RELEASED_RRF,NORM_CUM_ERROR_RELEASED_tRNAGlyGCC,NORM_CUM_ERROR_RELEASED_RS50S,NORM_CUM_ERROR_RESIDUE_re0000000018,NORM_CUM_ERROR_RESIDUE_re0000000079,NORM_CURRENT_ERROR_NET_Pept0003,NORM_CURRENT_ERROR_NET_ATP,NORM_CURRENT_ERROR_NET_ADP,NORM_CURRENT_ERROR_NET_AMP,NORM_CURRENT_ERROR_NET_GTP,NORM_CURRENT_ERROR_NET_GDP,NORM_CURRENT_ERROR_NET_PO4,NORM_CURRENT_ERROR_NET_PPi,NORM_CURRENT_ERROR_NET_CP,NORM_CURRENT_ERROR_CONSUMED_ATP,NORM_CURRENT_ERROR_CONSUMED_GTP,NORM_CURRENT_ERROR_RELEASED_GDP,NORM_CURRENT_ERROR_RELEASED_PO4,NORM_CURRENT_ERROR_RELEASED_PPi,NORM_CURRENT_ERROR_RELEASED_EFG_GDP,NORM_CURRENT_ERROR_RELEASED_RRF,NORM_CURRENT_ERROR_RELEASED_tRNAGlyGCC,NORM_CURRENT_ERROR_RELEASED_RS50S,NORM_CURRENT_ERROR_RESIDUE_re0000000018,NORM_CURRENT_ERROR_RESIDUE_re0000000079
0.0,0.0,0.0,0.0,0.0,0.0,0.0,0.0,0.0,0.0,0.0,0.0,0.0,0.0,0.0,0.0,0.0,0.0,0.0,0.0,0.0,0.0,0.0,0.0,0.0,0.0,0.0,0.0,0.0,0.0,0.0,0.0,0.0,0.0,0.0,0.0,0.0,0.0,0.0,0.0,0.0,0.0,0.0,0.0,0.0,0.0,0.0,0.0,0.0,0.0,0.0,0.0,0.0,0.0,0.0,0.0,0.0,0.0,0.0,0.0,0.0,0.0,0.0,0.0,0.0,0.0,0.0,0.0,0.0,0.0,0.0,0.0,0.0,0.0,0.0,0.0,0.0,0.0,0.0,0.0
1e-07,5.145025257429651e-122,7.154691653947035e-15,9.323991722213952e-35,3.212257693629268e-37,-3.637978807091713e-16,1.1590723576792105e-22,-1.300190057774641e-22,4.938438790282867e-22,7.761021455128987e-14,-3.201381979389813e-20,1.378634354255046e-25,5.415722071342227e-16,0.0,2.02307306709473e-13,4.818676322157797e-18,-2.024214491048541e-13,8.877900115700632e-16,4.334912165869449e-20,2.0655312086049424e-16,-1.9514086725116772e-24,0.0,-1.2388559669385597e-16,3.717899714901278e-28,1.2517764603900416e-16,2.1881597449711513e-37,9.7795035967972e-19,-6.978124859008346e-16,-7.160272859126362e-16,1.3322676295501878e-15,0.0,1.983573364660486e-25,-4.17726209339279e-21,-4.334912165869449e-20,3.8421553473034734e-17,2.5773326746530122e-26,-6.387851079526949e-17,-1.3031379548661894e-18,-1.1310397063368782e-15,-1.1310397063368782e-15,5.145025257429651e-122,7.310344921999482e-15,9.323991722213952e-35,3.212257693629268e-37,4.7573334160944115e-16,1.1590723576792105e-22,1.8527052755511323e-22,4.938438790282867e-22,7.860337566019856e-14,-7.205687898211484e-15,-4.709468925945259e-16,1.1580013655811073e-22,1.85270528589089e-22,4.938441715013331e-22,-1.6600189790891065e-24,4.007766873991678e-33,3.867721785222206e-18,0.0,-9.549414154305513e-22,1.1598170386935459e-79,4.618543925783593e-114,-6.337960561116536e-10,1.2435200384994334e-27,1.1236494511240056e-29,-1.1199153959751128e-11,-2.73826100682939e-19,-2.335024534838581e-19,-3.6438843486485217e-17,-8.34837555885315e-09,6.257556378841401e-10,1.1094380170106887e-11,-2.370499629922307e-19,-2.335024534838581e-19,-3.643520879559238e-17,5.100311400000039e-18,1.5463996076807022e-26,-6.056844250860553e-15,2.3129646346357427e-18,1.1102230246251566e-18,8.325016506449532e-72
1.2275703955658056e-07,2.0362986331089656e-118,2.219167072325945e-14,5.4839331051208835e-34,3.3155856360025847e-36,1.8189894035458566e-16,1.6459033033427006e-22,-3.144939189661751e-22,2.1535993513415836e-21,2.638747294743856e-13,-3.9728657640309366e-20,1.6543612251060553e-24,6.769652589177783e-16,0.0,3.461737069838162e-13,4.818676322157797e-18,-3.462767061902023e-13,1.2429060161980885e-15,2.1674560829347246e-20,4.1310624172098847e-16,-1.5470922574611472e-23,0.0,0.0,5.280978819959468e-28,0.0,2.2586427009284465e-36,-2.1060689695220013e-54,-9.973982656840723e-16,-1.0247475510268807e-15,1.7763568394002505e-15,-4.231032868236115e-18,3.0233038148033896e-25,-5.923532275449182e-21,0.0,5.4740500680395913e-17,3.655405260352506e-26,-8.517134772702599e-17,-3.2365954774946982e-18,-1.6028844918025698e-15,-1.600571527167934e-15,2.0362986331089656e-118,2.238721060384326e-14,5.4839331051208835e-34,3.315585636002589e-36,8.041289856208778e-16,1.6459033033427006e-22,2.625936067369261e-22,2.1535993513415836e-21,2.6664411419593156e-13,-2.2088368171561493e-14,-7.963851800241172e-16,1.6407269104669203e-22,2.6259361500873222e-22,2.1536010291591913e-21,-1.4197356749558833e-23,2.7365548079721134e-32,5.483367949104163e-18,1.1029074834040368e-24,-1.3538409940281234e-21,1.4005004034769226e-77,9.542033322629492e-111,-1.9998600085576377e-09,5.661493778159583e-27,8.57814784015245e-29,-1.912703737616539e-11,-3.8784080114151464e-19,-3.309852392163748e-19,-1.5728973050516164e-16,-2.8320526083310445e-08,1.975800842046738e-09,1.8975697457790375e-11,-3.3562562451461277e-19,-3.309939128337547e-19,-1.5727388001408455e-16,7.245632596691211e-18,2.1932431513966787e-26,-8.589723989515405e-15,0.0,2.220446049250313e-18,6.32469842454044e-70
1.5069290760695855e-07,-2.5078758158883812e-114,3.698611787209908e-14,5.941436175878682e-34,-6.991881778953074e-36,3.637978807091713e-16,1.8371200089083815e-22,-7.123056568305422e-23,3.835049081812819e-21,4.4819898903369905e-13,-3.8687788702846804e-20,6.3417180295732124e-24,6.769652589177783e-16,0.0,4.4794415090778885e-13,4.818676322157797e-18,-4.4799233767101043e-13,1.2429060161980885e-15,4.334912165869449e-20,6.196593625814827e-16,-3.433350553181841e-23,0.0,-1.2388559669385597e-16,5.889010873757924e-28,0.0,-4.764381556921836e-36,-7.14407079502945e-52,-1.1198378598090549e-15,-1.151876559251809e-15,2.0724163126336257e-15,-4.231032868236115e-18,3.5740726706516993e-25,-6.580681317644087e-21,0.0,6.139905588016127e-17,4.070363035052619e-26,-9.678562241707498e-17,-3.602849347550531e-18,-1.7856086979387933e-15,-1.7856086979387933e-15,-2.5078758158883812e-114,3.707207133866556e-14,5.941436175878682e-34,-6.991881778953074e-36,1.0320244658856837e-15,1.8371200089083815e-22,2.924286796709276e-22,3.835049081812983e-21,4.533350879872463e-13,-3.658707411110148e-14,-1.0223794033592525e-15,1.8274148021788735e-22,2.9242868484080643e-22,3.835051091524064e-21,-3.2071643436295374e-23,3.765643241264115e-32,6.108863229575715e-18,3.8601761919141294e-24,-1.5074539483166377e-21,-2.5049200243030956e-75,-6.005027848734139e-107,-3.3384499450524646e-09,9.501835455466608e-27,3.768362420415001e-30,-2.4668406695127488e-11,-4.315992008230296e-19,-3.6855934970603245e-19,-2.8184386973824506e-16,-4.814950128396352e-08,3.2988997797171275e-09,2.448214218020439e-11,-3.733124920302089e-19,-3.6855934970603245e-19,-2.8181564377699936e-16,8.090351169538621e-18,2.4422178171797115e-26,-9.571856092992672e-15,2.3129646346357427e-18,1.8503717077085942e-18,-5.810663956679685e-68
1.8498615220003515e-07,-1.2494703878463461e-113,6.281576740245024e-14,1.7775265808242074e-34,-4.38542803638689e-35,5.456968210637569e-16,1.895332689420436e-22,6.635400840853155e-22,6.848693453425646e-21,7.819229116042455e-13,-2.848644593510117e-20,1.79222466053156e-23,5.415722071342227e-16,0.0,5.888807959782601e-13,4.818676322157797e-18,-5.888621236075118e-13,1.4204640185121011e-15,4.334912165869449e-20,6.196593625814827e-16,-7.311875596243404e-23,0.0,0.0,6.059553378549723e-28,0.0,-2.988056501995305e-35,-3.563839477903619e-51,-1.1687356690400623e-15,-1.2048259676755196e-15,2.0724163126336257e-15,-4.231032868236115e-18,4.087602515467315e-25,-6.7461174401546925e-21,0.0,6.402918763386977e-17,4.175919673074787e-26,-9.872133486541648e-17,-3.69357716412238e-18,-1.8318679906315083e-15,-1.834180955266144e-15,-1.2494703878463461e-113,6.28488113404065e-14,1.7775265808242074e-34,-4.3854280363868877e-35,1.341854405367826e-15,1.895332689420436e-22,3.0020460239296576e-22,6.84869345342614e-21,7.845448142992003e-13,-6.204000646548024e-14,-1.329822363338451e-15,1.8771546716765473e-22,3.002045920532081e-22,6.848694791513783e-21,-6.909333543782945e-23,4.3070073938125e-32,6.277106429441223e-18,8.823259867232295e-24,-1.5469821525218384e-21,-1.2277238409230372e-74,-2.9889428670420413e-106,-5.696093042691548e-09,1.5633889665582548e-26,-3.4118594668827223e-28,-3.235181793570518e-11,-4.426146948954823e-19,-3.7823910670198304e-19,-5.071242149046257e-16,-8.332853515942891e-08,5.62937930226326e-09,3.2084062695503236e-11,-3.8241979027908714e-19,-3.7820441223246347e-19,-5.070738085198739e-16,8.352874827117665e-18,2.505551773029993e-26,-9.84164601548027e-15,2.3129646346357427e-18,2.960594732333751e-18,-2.82292092402634e-67
2.270835240303935e-07,-6.567905469112807e-113,9.1313268058002e-14,5.088495764123475e-34,-8.786701308736925e-35,9.094947017729283e-16,1.7557087379245477e-22,5.34964920516099e-22,1.0234769973079662e-20,1.14863117535909e-12,-1.0946908226526768e-20,3.032995579361101e-23,5.415722071342227e-16,0.0,7.187152108024798e-13,4.818676322157797e-18,-7.188164030052451e-13,1.2429060161980885e-15,2.1674560829347246e-20,6.196593625814827e-16,-1.2139887705078853e-22,0.0,-1.2388559669385597e-16,5.587375952062536e-28,1.2517764603900416e-16,-5.987246035753912e-35,-1.2976516064532783e-50,-1.1011110392524987e-15,-1.13861399314187e-15,1.924386576016938e-15,-1.2693098604708344e-17,4.322867665608346e-25,-6.2038545941477076e-21,0.0,6.030775399724145e-17,3.8336162092274725e-26,-9.097848507205048e-17,-3.3894002211946548e-18,-1.690777147918728e-15,-1.690777147918728e-15,-6.567905469112807e-113,9.138760489098749e-14,5.088495764123475e-34,-8.786701308736915e-35,1.6222773124852097e-15,1.7557087379245477e-22,2.759693664300681e-22,1.0234769973080975e-20,1.1530718306100121e-12,-9.022197063520328e-14,-1.6082774001446864e-15,1.7276460152582268e-22,2.7596933127489204e-22,1.0234772905222397e-20,-1.1537996603428525e-22,3.7662021124896746e-32,5.7788707344020746e-18,1.4889251025954498e-23,-1.4211624668151057e-21,-4.319256862543891e-74,-1.5451208555573924e-105,-8.310439685980479e-09,2.3915770450112333e-26,-5.589427959590292e-28,-3.936002030968666e-11,-4.0614213381306996e-19,-3.476212373509924e-19,-7.624538831813194e-16,-1.224704086780548e-07,8.213706314563751e-09,3.9068982005119325e-11,-3.5045751023421447e-19,-3.4758654288147282e-19,-7.623785552729765e-16,7.745978182715039e-18,2.3001696793141648e-26,-9.072200317264523e-15,2.3129646346357427e-18,2.960594732333751e-18,-9.37893259955047e-67
2.7876101142046726e-07,-7.769141167573249e-112,1.1677911970764397e-13,-5.8002158846064526e-33,-4.399138691334714e-34,1.2732925824820995e-15,1.640245387952838e-22,9.742578749583251e-23,1.3222404353912144e-20,1.4823550979296366e-12,4.122116719222588e-21,4.521920681956551e-23,6.769652589177783e-16,0.0,8.28041339199596e-13,0.0,-8.282473376123682e-13,1.0653480138840758e-15,2.1674560829347246e-20,6.196593625814827e-16,-1.598645649737398e-22,0.0,-1.2388559669385597e-16,5.199878363284988e-28,1.2517764603900416e-16,-2.997539356982617e-34,-9.005664781155163e-50,-1.0450606249478067e-15,-1.0841013164694593e-15,1.7763568394002505e-15,0.0,4.543950864677192e-25,-5.7351189137009924e-21,0.0,5.718706701334525e-17,3.551976842326434e-26,-8.323563527868449e-17,-3.1382274237378516e-18,-1.572815951552305e-15,-1.5705029869176694e-15,-7.769141167573249e-112,1.1682429098177256e-13,-5.8002158846064526e-33,-4.3991386913347105e-34,1.8583579119990647e-15,1.640245387952838e-22,2.559501046132307e-22,1.3222404353913788e-20,1.4848787680913725e-12,-1.1534293520298888e-13,-1.842714869582096e-15,1.6038037392716613e-22,2.5595005084649087e-22,1.3222392535954383e-20,-1.5217413383332336e-22,3.9141301913153706e-32,5.366926269030369e-18,1.8749427217868628e-23,-1.3169597677830923e-21,-2.9475053410894346e-73,-1.8051608974064965e-104,-1.0647779951492946e-08,2.1636919436075955e-26,-3.658836555190165e-27,-4.5262277126312253e-11,-3.759145772441741e-19,-3.221728439584126e-19,-9.847906166369878e-16,-1.5771227578322092e-07,1.0524348666270575e-08,4.492467269301415e-11,-3.238728729648699e-19,-3.221728439584126e-19,-9.846932997423052e-16,7.244066916922473e-18,2.1311861208033e-26,-8.431963424975573e-15,2.3129646346357427e-18,2.220446049250313e-18,-6.038623025853582e-66
3.4219876505774637e-07,-4.989213240462061e-112,1.2381254540135463e-13,4.457593887479145e-34,-2.8809967374267657e-34,1.2732925824820995e-15,1.590108316664774e-22,7.955397960700168e-23,1.409669845216633e-20,1.5677263339360555e-12,9.438130789230046e-21,4.852792926977762e-23,6.769652589177783e-16,0.0,8.638151922152954e-13,0.0,-8.639730038648461e-13,1.0653480138840758e-15,2.1674560829347246e-20,6.196593625814827e-16,-1.739932089916915e-22,0.0,-2.4777119338771194e-16,5.032347884380642e-28,1.2517764603900416e-16,-1.9633240047438276e-34,-4.256288440969497e-49,-1.019658039655812e-15,-1.0590890244902588e-15,1.6283271027835629e-15,-8.46206573647223e-18,4.582645763192046e-25,-5.569682791190387e-21,4.334912165869449e-20,5.58003206463047e-17,3.431697394325799e-26,-8.129992283034298e-17,-3.031264103147882e-18,-1.5173048003210472e-15,-1.519617764955683e-15,-4.989213240462061e-112,1.238120346987633e-13,4.457593887479145e-34,-2.880996737426736e-34,1.935168691957756e-15,1.590108316664774e-22,2.473934671155739e-22,1.409669845216896e-20,1.5720344137548637e-12,-1.222415280111022e-13,-1.9189982936040906e-15,1.550829231687387e-22,2.4739340507702795e-22,1.4096703128986056e-20,-1.657005642797977e-22,3.919777812597923e-32,5.190515470431782e-18,2.0403788442974684e-23,-1.2726670032495862e-21,-3.4047658141178036e-73,-2.0120512992621974e-104,-1.1280924081802368e-08,3.332579291719812e-26,-1.4674307660064169e-27,-4.718312993645668e-11,-3.6307762352194575e-19,-3.1138286393783686e-19,-1.0523604326405643e-15,-1.6696788370609282e-07,1.1150119826197625e-08,4.682224243879318e-11,-3.1268390654481947e-19,-3.1138286393783686e-19,-1.0522566809424605e-15,7.025254945527248e-18,2.0590184442991992e-26,-8.161931538431933e-15,2.3129646346357427e-18,2.220446049250313e-18,-6.465657302996895e-66
4.200730733840671e-07,5.433637834094437e-110,1.1217101321866115e-13,2.077244967232835e-32,1.0400059612856238e-33,1.4551915228366853e-15,1.7559274237989915e-22,-6.12048190215563e-22,1.2789747295852661e-20,1.406685138742129e-12,2.900646681352617e-22,4.521920681956551e-23,6.769652589177783e-16,0.0,8.434611034305009e-13,-4.818676322157797e-18,-8.437550426861525e-13,1.0653480138840758e-15,2.1674560829347246e-20,6.196593625814827e-16,-1.5917690584158546e-22,0.0,-1.2388559669385597e-16,5.574855589824436e-28,1.2517764603900416e-16,7.0869184987589886e-34,9.7795035967972e-19,-1.1145926160883529e-15,-1.1555073758294348e-15,1.924386576016938e-15,-8.46206573647223e-18,4.6809916809838295e-25,-6.1946636984526745e-21,0.0,6.10317878805553e-17,3.812321779611366e-26,-9.097848507205048e-17,-2.393304298200565e-18,-1.6838382540148207e-15,-1.6838382540148207e-15,5.433637834094437e-110,1.1205843660396416e-13,2.077244967232835e-32,1.0400059612856238e-33,1.8957890812743016e-15,1.7559274237989915e-22,2.7457000637624837e-22,1.278974729585792e-20,1.4093426277857664e-12,-1.1062775140402436e-13,-1.8797241541079756e-15,1.719822644422277e-22,2.745699484736055e-22,1.2789798869108195e-20,-1.513950182955782e-22,4.733978225792921e-32,5.7553289458521586e-18,1.8749427217868628e-23,-1.4127803699412351e-21,3.7212538923413486e-72,9.527044082200967e-103,-1.0179852445920308e-08,5.83825307633779e-26,8.798292945054481e-27,-4.614703357219696e-11,-4.0349668051220533e-19,-3.4566099982313857e-19,-9.583636608759492e-16,-1.496863861878713e-07,1.0061279560128847e-08,4.580942913889885e-11,-3.4789879310714867e-19,-3.4566099982313857e-19,-9.582695283398688e-16,7.751640330191756e-18,2.2873928674701055e-26,-9.042680702427316e-15,2.3129646346357427e-18,1.4802973661668755e-18,5.730091316819064e-65
5.15669268860623e-07,1.2291249050151012e-108,9.640643838793039e-14,5.563359026733867e-32,5.5195729349422666e-33,1.2732925824820995e-15,1.9389303809783856e-22,-2.839519798736922e-22,1.1066751376481481e-20,1.1893765379985174e-12,-1.0703717126436178e-20,3.860176191914129e-23,6.769652589177783e-16,-1.3877787807814457e-16,8.129299702533091e-13,-4.818676322157797e-18,-8.130118877507857e-13,1.0653480138840758e-15,6.502368248804174e-20,8.262124834419769e-16,-1.4036892981985618e-22,0.0,-1.2388559669385597e-16,6.181424863974189e-28,1.2517764603900416e-16,3.7617727457587134e-33,9.7795035967972e-19,-1.2183704133392674e-15,-1.2609019125966304e-15,2.220446049250313e-15,-1.692413147294446e-17,4.7522956164264715e-25,-6.893171771275231e-21,4.334912165869449e-20,6.676743670282856e-17,4.234702252021193e-26,-1.0065704731375798e-16,-2.765765860969208e-18,-1.8665624601510444e-15,-1.8665624601510444e-15,1.2291249050151012e-108,9.638377503525438e-14,5.563359026733867e-32,5.5195729349422666e-33,1.8339108009968186e-15,1.9389299673880794e-22,3.046915815872137e-22,1.1066751376491998e-20,1.192189695113181e-12,-9.513940746330718e-14,-1.8181012251261565e-15,1.906967294928724e-22,3.046915815872137e-22,1.1066870065705972e-20,-1.332313233207454e-22,5.823090667111712e-32,6.380940800817655e-18,1.764651973446459e-23,-1.5684226739992127e-21,4.8633879287251855e-71,2.1819788300503407e-101,-8.711280922094981e-09,9.469931742063071e-26,3.2527999692372006e-26,-4.4517219066619875e-11,-4.48252546192407e-19,-3.835820550079916e-19,-8.350308562481773e-16,-1.266203820705414e-07,8.609021703402202e-09,4.420289769768715e-11,-3.86843335142828e-19,-3.835820550079916e-19,-8.349494049643993e-16,8.552682804858445e-18,2.540821135508562e-26,-1.0017311920167261e-14,4.625929269271485e-18,2.220446049250313e-18,6.889141419149015e-64
6.330203283563647e-07,2.3452345936189425e-107,9.24046617001295e-14,9.733712957256564e-32,1.6068432381544485e-32,1.2732925824820995e-15,1.945723188168671e-22,-1.356669675996184e-22,1.0714099989440882e-20,1.123407855629921e-12,-1.1214363291252248e-20,4.19104843693534e-23,5.415722071342227e-16,-1.3877787807814457e-16,8.147803419610177e-13,0.0,-8.149947730573537e-13,1.0653480138840758e-15,6.502368248804174e-20,8.262124834419769e-16,-1.420082073640127e-22,0.0,-1.2388559669385597e-16,6.22518884559293e-28,0.0,1.0953067167425388e-32,9.7795035967972e-19,-1.2227920237484542e-15,-1.2653395773026176e-15,2.220446049250313e-15,-8.46206573647223e-18,4.719388407024693e-25,-6.911553562665299e-21,-4.334912165869449e-20,6.706261167996367e-17,4.250761888492658e-26,-1.0065704731375798e-16,-2.7753161574504557e-18,-1.871188389420316e-15,-1.871188389420316e-15,2.3452345936189425e-107,9.222348810548435e-14,9.733712957256564e-32,1.606843238154458e-32,1.8386736577724604e-15,1.945722774578365e-22,3.0581302343087637e-22,1.0714099989461918e-20,1.1270889406963155e-12,-9.102392913481102e-14,-1.822808570750567e-15,1.9138883151139552e-22,3.0581302343087637e-22,1.0714278479212926e-20,-1.3475119777755153e-22,6.219505749446382e-32,6.404538258988581e-18,1.8749427217868628e-23,-1.5740695603142415e-21,4.187078111289497e-70,3.942046784312661e-100,-8.3050224930048e-09,1.2989003443439055e-25,7.026122646232323e-26,-4.461035132408142e-11,-4.495535887993895e-19,-3.8496983378877304e-19,-8.148780503290353e-16,-1.19704008102417e-07,8.20700079202652e-09,4.42960299551487e-11,-3.8805764157601176e-19,-3.8496983378877304e-19,-8.147991945615543e-16,8.581565643437786e-18,2.550456640057529e-26,-1.005602616913409e-14,2.3129646346357427e-18,2.220446049250313e-18,5.184730849427701e-63
7.770770148816172e-07,6.80234970497359e-105,7.918667203436295e-14,2.471613685700449e-31,6.712994004277495e-32,1.2732925824820995e-15,1.8196604492252834e-22,8.330325514273708e-22,9.641268242179335e-21,9.196810424327851e-13,-8.683190616839983e-21,4.301339185275744e-23,5.415722071342227e-16,-1.3877787807814457e-16,8.072246574878743e-13,-4.818676322157797e-18,-8.074077671881163e-13,8.877900115700632e-16,6.502368248804174e-20,8.262124834419769e-16,-1.5499267771013453e-22,0.0,-3.716567900815679e-16,5.919851844252665e-28,1.2517764603900416e-16,4.5771547389579654e-32,9.7795035967972e-19,-1.1490985169286736e-15,-1.1903027013650163e-15,2.220446049250313e-15,-8.46206573647223e-18,4.373834666766033e-25,-6.4703905693036835e-21,-4.334912165869449e-20,6.324361035877648e-17,3.9663682876967503e-26,-9.678562241707498e-17,-2.5250983896417772e-18,-1.753227193053893e-15,-1.753227193053893e-15,6.80234970497359e-105,7.914038313572292e-14,2.471613685700449e-31,6.712994004277495e-32,1.8193890838347214e-15,1.819660035634977e-22,2.855137630446413e-22,9.641268242221407e-21,9.221637971753201e-13,-7.808128958212516e-14,-1.803734939187507e-15,1.787811100509848e-22,2.8551369687019228e-22,9.641645708714604e-21,-1.4728003894277195e-22,5.766189981439396e-32,5.9830524243968276e-18,1.9852334701272664e-23,-1.4692492330915218e-21,9.424465609885496e-69,8.110474536271982e-98,-7.028008500734965e-09,2.4728467008144983e-25,2.1274470348624434e-25,-4.420289769768715e-11,-4.1945613649119193e-19,-3.594347042223944e-19,-7.583490058407766e-16,-9.793465336163838e-08,6.943335756659508e-09,4.385365173220634e-11,-3.6186331708876197e-19,-3.594347042223944e-19,-7.582780460967833e-16,8.027526994382804e-18,2.3798198632824022e-26,-9.39788393669798e-15,4.625929269271485e-18,2.590520390792032e-18,9.10620313949562e-62
9.539167385433204e-07,2.3192175717848425e-103,-1.2490393904348215e-14,1.0047297303259241e-30,3.6761305920115055e-31,1.0913936421275138e-15,1.6143356096258395e-22,3.650670643635407e-22,1.0082282375153106e-21,-4.423782229423523e-13,-2.3002238473874594e-20,4.632211430296955e-23,5.415722071342227e-16,-2.7755575615628914e-16,6.784696261598179e-13,-4.818676322157797e-18,-6.784021646913077e-13,8.877900115700632e-16,4.334912165869449e-20,6.196593625814827e-16,-1.6543560736608884e-22,0.0,-3.716567900815679e-16,5.888913258854137e-28,1.2517764603900416e-16,2.5070900265580093e-31,9.7795035967972e-19,-1.0188777554659554e-15,-1.0545505037682265e-15,2.0724163126336257e-15,-1.692413147294446e-17,2.900488706697274e-25,-5.808646079261261e-21,0.0,5.706099006805575e-17,3.5274833660355027e-26,-8.904277262370899e-17,-2.1392664117993874e-18,-1.5612511283791264e-15,-1.5612511283791264e-15,2.3192175717848425e-103,-1.2600912905706233e-14,1.0047297303259241e-30,3.6761305920115055e-31,1.535593874280039e-15,1.6143339552646144e-22,2.5417013601210844e-22,1.0082282375994557e-21,-4.393488239884391e-13,1.2628579663479892e-14,-1.5219048243864108e-15,1.5932846902169774e-22,2.5417000366321044e-22,1.0095714481021712e-21,-1.575176482852599e-22,5.004284869088284e-32,5.331207197972121e-18,2.426396463488881e-23,-1.3072541819291368e-21,1.498305739872929e-67,2.564135546983462e-96,1.7594080418348313e-09,8.098443981308422e-25,9.50539518447687e-25,-3.7206336855888366e-11,-3.725318664660193e-19,-3.199523979091623e-19,-2.243186296904298e-16,4.66812402009964e-08,-1.7497378091017405e-09,3.691529855132103e-11,-3.2161773244610005e-19,-3.199523979091623e-19,-2.2431120915241626e-16,7.12420267513601e-18,2.1164869997631488e-26,-8.375827763973669e-15,2.3129646346357427e-18,2.590520390792032e-18,1.2510640891014296e-60
1.1709999480704671e-06,6.6452681588955876e-102,-2.1706606882313887e-13,2.8123846467181712e-30,1.362887090916578e-30,5.456968210637569e-16,1.5590501662052453e-22,1.4585523539914827e-22,-1.8972116634023607e-20,-3.434251993894577e-12,-7.339408139060504e-20,4.632211430296955e-23,5.415722071342227e-16,-2.7755575615628914e-16,3.5126222918001483e-13,-9.637352644315595e-18,-3.51329690648525e-13,7.102320092560506e-16,4.334912165869449e-20,6.196593625814827e-16,-1.4330504148994895e-22,-1.1102230246251565e-16,-2.4777119338771194e-16,7.889888901924017e-28,0.0,9.297425937232003e-31,9.7795035967972e-19,-9.578421921705135e-16,-9.859684128575155e-16,1.924386576016938e-15,0.0,1.740362742385637e-26,-5.7351189137009924e-21,0.0,5.561381950384131e-17,3.471852032182702e-26,-8.129992283034298e-17,-2.085784751504403e-18,-1.5311825881288617e-15,-1.528869623494226e-15,6.6452681588955876e-102,-2.1720465426255942e-13,2.8123846467181712e-30,1.362887090916578e-30,8.269163132013091e-16,1.55904851184402e-22,2.5008978639928237e-22,-1.8972116634023607e-20,-3.4305661718766106e-12,2.1490421294364145e-13,-8.178124843993828e-16,1.568163215013742e-22,2.5008965405038436e-22,-1.8968835729038758e-20,-1.3651832655898533e-22,5.409293806950823e-32,5.2437741641867066e-18,1.9852334701272664e-23,-1.2860783582477793e-21,1.6864756480888134e-66,6.635999953588857e-95,2.125701867043972e-08,1.9387675733362366e-24,2.8713010528221386e-24,-1.959269866347313e-11,-3.654195002145144e-19,-3.1474822748123186e-19,1.0504206841338438e-15,3.643856694300969e-07,-2.1036388352513313e-08,1.9406434148550032e-11,-3.162400896705719e-19,-3.1474822748123186e-19,1.0502810493407675e-15,6.874949687728497e-18,2.083103084181536e-26,-8.224842193003032e-15,2.3129646346357427e-18,2.960594732333751e-18,1.1882276108311097e-59
1.4374848694604012e-06,1.3610236548519362e-100,-4.2152047778169317e-13,5.268499631986521e-30,3.4410168862459076e-30,-1.8189894035458566e-16,1.6126200370354045e-22,-1.1492856695234627e-21,-3.940682298803225e-20,-6.39896218975385e-12,-1.3014308304167636e-19,3.970466940254533e-23,5.415722071342227e-16,-4.163336342344337e-16,9.406056180852021e-15,-9.637352644315595e-18,-9.353050741308285e-15,7.102320092560506e-16,6.502368248804174e-20,4.1310624172098847e-16,-1.1097282805506187e-22,-1.1102230246251565e-16,-1.2388559669385597e-16,1.2709554763671388e-27,1.2517764603900416e-16,2.3482722894629424e-30,9.7795035967972e-19,-9.592293640635917e-16,-9.80723900023167e-16,2.0724163126336257e-15,-1.2693098604708344e-17,-2.4316920900325503e-25,-6.102754741502338e-21,-4.334912165869449e-20,5.75986343821051e-17,3.666142310162815e-26,-9.097848507205048e-17,-2.2691504439443504e-18,-1.6213882088796556e-15,-1.6213882088796556e-15,1.3610236548519362e-100,-4.215955584641051e-13,5.268499631986521e-30,3.441016886245883e-30,8.870681966755001e-17,1.6126183826741793e-22,2.6387405647576406e-22,-3.940682298803225e-20,-6.3949942822697875e-12,4.169572835147998e-13,-8.43325409505269e-17,1.654213986957021e-22,2.6387405647576406e-22,-3.940163244180538e-20,-1.0570350138486074e-22,6.15640451474447e-32,5.527608236366359e-18,1.764651973446459e-23,-1.3566644371856376e-21,1.2835856561008297e-65,1.20320768274934e-93,4.067913008232911e-08,3.0638530273639258e-24,5.7901512974384844e-24,-1.1874362826347352e-12,-3.851086116668512e-19,-3.3209546224099995e-19,2.3639982730048864e-15,6.792278339465459e-07,-4.024753967920939e-08,1.0943040251731873e-12,-3.344546861683284e-19,-3.3209546224099995e-19,2.363708239041695e-15,7.101835711372576e-18,2.1996714577723312e-26,-8.66037749387987e-15,4.625929269271485e-18,2.960594732333751e-18,7.5543395480501895e-59
1.7646138698233616e-06,6.3643036739047905e-99,-5.728603961567084e-13,8.631306212724615e-30,8.100538817950488e-30,-7.275957614183426e-16,1.5277744672446152e-22,-7.790074665625115e-22,-5.50887273407045e-20,-8.572048197189966e-12,-1.7104771578616527e-19,4.411629933616148e-23,5.415722071342227e-16,-4.163336342344337e-16,-2.6043981785998466e-13,-4.818676322157797e-18,2.6041090580205173e-13,8.877900115700632e-16,4.334912165869449e-20,2.0655312086049424e-16,-9.732103752066654e-23,-1.1102230246251565e-16,-2.4777119338771194e-16,2.296076826860807e-27,1.2517764603900416e-16,5.531350917442473e-30,9.7795035967972e-19,-8.860560467037154e-16,-9.008459353153978e-16,1.924386576016938e-15,-1.2693098604708344e-17,-4.62781182483864e-25,-5.88217324482153e-21,-4.334912165869449e-20,5.525580034532161e-17,3.531784506861704e-26,-8.517134772702599e-17,-2.1469066489843854e-18,-1.5589381637444906e-15,-1.5543122344752192e-15,6.3643036739047905e-99,-5.729490363629945e-13,8.631306212724615e-30,8.100538817950488e-30,-4.967803945987725e-16,1.5277728128833903e-22,2.541952492155056e-22,-5.50887273407045e-20,-8.568122448574892e-12,5.66570494224076e-13,4.972910971901001e-16,1.594332728053082e-22,2.5419511686660757e-22,-5.50820127646861e-20,-9.282766232215653e-23,6.393435603748092e-32,5.324516228725243e-18,2.6469779601696886e-23,-1.3058424603503798e-21,1.2934634536296774e-64,4.610777273171333e-92,5.500793146590392e-08,3.991660375053454e-24,1.022479437968689e-23,1.3352837413549423e-11,-3.6984304507825527e-19,-3.200217868482014e-19,3.3665052605163316e-15,9.100096921126047e-07,-5.4419956480463345e-08,-1.3329554349184037e-11,-3.217912047936977e-19,-3.201605647262795e-19,3.3660998070203044e-15,6.723280928492123e-18,2.1190529547466548e-26,-8.327434952765131e-15,2.3129646346357427e-18,1.4802973661668755e-18,6.0714709718701944e-58
2.1661877461999666e-06,2.076686136242302e-97,-5.439990976204474e-13,1.2581998047858743e-29,1.8209346268967046e-29,-5.456968210637569e-16,1.371108113588297e-22,-3.27828749762608e-22,-5.4017710932054073e-20,-8.073402568697929e-12,-1.6798604461223566e-19,4.852792926977762e-23,5.415722071342227e-16,-4.163336342344337e-16,-2.7755575615628914e-13,-9.637352644315595e-18,2.7767140438802096e-13,7.102320092560506e-16,6.502368248804174e-20,4.1310624172098847e-16,-1.0742688140813916e-22,-2.220446049250313e-16,-2.4777119338771194e-16,4.542251759779031e-27,0.0,1.2444656421285817e-29,-7.670483311423641e-41,-7.938091158140136e-16,-8.056378561687637e-16,1.7763568394002505e-15,-4.231032868236115e-18,-4.719981593447565e-25,-5.367483085899646e-21,-4.334912165869449e-20,5.04009226667101e-17,3.18168557193429e-26,-7.742849793365998e-17,-2.8039670468941972e-18,-1.4062824978585316e-15,-1.4062824978585316e-15,2.076686136242302e-97,-5.44036223478391e-13,1.2581998047858743e-29,1.8209346268967046e-29,-5.384137580222159e-16,1.3711064592270718e-22,2.290948836615025e-22,-5.4017710932054073e-20,-8.069173418334685e-12,5.379488262254502e-13,5.384581669432009e-16,1.437982357390759e-22,2.2909408956811443e-22,-5.401107900745396e-20,-1.0256398761749346e-22,6.491465367387741e-32,4.802260649815846e-18,3.0881409535313035e-23,-1.1759640751047204e-21,1.2436012451261923e-63,1.2949362429069418e-90,5.2078285564978916e-08,4.0245523554938134e-24,1.6129329239970303e-23,1.4272518455982208e-11,-3.3237301799715623e-19,-2.8782531913407185e-19,3.301149179452687e-15,8.569890012343725e-07,-5.151942993203799e-08,-1.424923539161682e-11,-2.896988204881268e-19,-2.8810287489022813e-19,3.300751607598234e-15,6.033681612240938e-18,1.9089940868282723e-26,-7.518307149358384e-15,4.625929269271485e-18,7.401486830834377e-19,4.7650804856075874e-57
2.6591479484724944e-06,7.225204296183056e-96,-4.4553113790849845e-13,1.7819163091753964e-29,3.8593295623610275e-29,-5.456968210637569e-16,1.4073948726997731e-22,-5.94619775950479e-23,-4.711864561739079e-20,-6.509556745489439e-12,-1.5903925910686211e-19,4.852792926977762e-23,6.769652589177783e-16,-2.7755575615628914e-16,-2.260537436250666e-13,-4.818676322157797e-18,2.2606338097771092e-13,7.102320092560506e-16,4.334912165869449e-20,4.1310624172098847e-16,-1.0319167139785611e-22,-3.3306690738754696e-16,-1.2388559669385597e-16,9.182982619136227e-27,0.0,2.6405447961035246e-29,-7.18675598240429e-40,-8.191250028626911e-16,-8.318604203405061e-16,1.6283271027835629e-15,0.0,-3.7229452257193855e-25,-5.7351189137009924e-21,-8.669824331738898e-20,5.141155116342828e-17,3.2541498416498263e-26,-7.742849793365998e-17,-2.86508894437418e-18,-1.438664002743432e-15,-1.438664002743432e-15,7.225204296183056e-96,-4.4552900628029115e-13,1.7819163091753964e-29,3.8593295623610275e-29,-4.2668091282394016e-16,1.4073948726997731e-22,2.3413790607121777e-22,-4.711864561739079e-20,-6.505927056347597e-12,4.4049504784500943e-13,4.273914555597003e-16,1.4687286607593551e-22,2.341371119778297e-22,-4.711281304626117e-20,-9.837103413406274e-23,7.547872736516925e-32,4.90641049199279e-18,3.0881409535313035e-23,-1.2013750635223492e-21,1.1795902836787293e-62,3.820559374470122e-89,4.241823529203733e-08,3.6700565727094296e-24,2.4011985169795414e-23,1.1525116860866547e-11,-3.4035274598664957e-19,-2.9504176879413537e-19,2.886071796722985e-15,6.909360488255819e-07,-4.195977623263995e-08,-1.146690919995308e-11,-2.9646424204443633e-19,-2.9504176879413537e-19,2.88572500449372e-15,6.188252813589452e-18,1.952472648657594e-26,-7.688649844812437e-15,0.0,7.401486830834377e-19,3.645083809262217e-56
3.2642912989743803e-06,2.619730625437652e-94,-3.699824446812272e-13,2.4137634161063532e-29,7.227430201139353e-29,-5.456968210637569e-16,1.4068191549934364e-22,-5.423641958519931e-22,-4.2378320797845525e-20,-5.281375100215276e-12,-1.5516143639521352e-19,4.411629933616148e-23,6.769652589177783e-16,-4.163336342344337e-16,-2.1340953695572455e-13,-4.818676322157797e-18,2.133902622504359e-13,8.877900115700632e-16,6.502368248804174e-20,4.1310624172098847e-16,-9.897852307525173e-23,-4.440892098500626e-16,-2.4777119338771194e-16,1.68118238958453e-26,0.0,4.9519762744528115e-29,-9.7795035967972e-19,-8.191250028626911e-16,-8.326672684688674e-16,1.7763568394002505e-15,-4.231032868236115e-18,-3.069630345537974e-25,-5.588064582580454e-21,-4.334912165869449e-20,5.1329310173782084e-17,3.251931170353892e-26,-7.742849793365998e-17,-3.804838118128911e-18,-1.429412144204889e-15,-1.429412144204889e-15,2.619730625437652e-94,-3.697873414883664e-13,2.4137634161063532e-29,7.227430201139353e-29,-4.0021319591687643e-16,1.4068257724383368e-22,2.3381126899093283e-22,-4.237832078707494e-20,-5.277746121616171e-12,3.655490724933467e-13,4.0096814757362155e-16,1.4660552130195836e-22,2.3380968080415674e-22,-4.237306447433482e-20,-9.422219228480379e-23,8.749848624074537e-32,4.89862020637496e-18,3.0881409535313035e-23,-1.1999633419435922e-21,1.0068366104058866e-61,1.1467103890112008e-87,3.4932543834050496e-08,3.4527349679625055e-24,3.300246368373735e-23,1.0791700333356858e-11,-3.4017927363905187e-19,-2.9448665728182276e-19,2.6084560085182807e-15,5.60476134220759e-07,-3.4551027541359266e-08,-1.0791700333356858e-11,-2.9646424204443633e-19,-2.9448665728182276e-19,2.60814410275267e-15,6.18006564920102e-18,1.9511439110703624e-26,-7.688649844812437e-15,2.3129646346357427e-18,1.4802973661668755e-18,2.4602691678064682e-55
4.00714736112399e-06,1.794912128134478e-92,1.9535946194082498e-13,5.693597668314987e-29,2.6095242519081485e-28,3.637978807091713e-16,1.3213978674963102e-22,1.2291782141551824e-21,-1.5285284100612147e-21,3.591412678360939e-12,-8.420919217286503e-20,3.529303946892918e-23,5.415722071342227e-16,-4.163336342344337e-16,1.2150774213953104e-13,0.0,-1.216233903712628e-13,7.102320092560506e-16,2.1674560829347246e-20,4.1310624172098847e-16,-1.1877500730502366e-22,-3.3306690738754696e-16,-2.4777119338771194e-16,5.949332842698987e-26,-1.2517764603900416e-16,1.7912131979178145e-28,-9.7795035967972e-19,-7.927687368942049e-16,-8.124960652598348e-16,1.6283271027835629e-15,0.0,2.3087296290263895e-25,-5.293955920339377e-21,0.0,4.778487125833551e-17,2.9660479783017975e-26,-6.968564814029399e-17,-3.5603505282089806e-18,-1.304512053934559e-15,-1.3068250185691947e-15,1.794912128134478e-92,1.9540618012570121e-13,5.693597668314987e-29,2.6095242519076468e-28,3.178790564106748e-16,1.3214044849412106e-22,2.1322995655942943e-22,-1.5285283992906338e-21,3.5928560275048465e-12,-1.9359796728698106e-13,-3.1308289294429413e-16,1.3372466480328261e-22,2.1322889776824536e-22,-1.5277965383189804e-21,-1.1315609857577808e-22,9.50751115690834e-32,4.471047980389371e-18,2.6469779601696886e-23,-1.0926725019580475e-21,1.591565426761921e-60,6.464144085293806e-86,-2.0194255436460177e-08,1.4570454102001445e-24,7.987633592292955e-23,-7.392372936010361e-12,-3.119032809806299e-19,-2.683964162031316e-19,1.2261322554424243e-16,-3.815667082866033e-07,1.999897261460622e-08,7.28759914636612e-12,-2.706168622523819e-19,-2.683964162031316e-19,1.226019769467029e-16,5.8030374954696874e-18,1.7796061072300534e-26,-7.069221861343157e-15,4.625929269271485e-18,7.401486830834377e-19,3.189786589423707e-54
4.91905547118544e-06,7.411094423494267e-91,1.0034758209561308e-12,1.1115228568461009e-28,6.906029866229242e-28,1.2732925824820995e-15,1.415021477947512e-22,5.554259732942464e-22,5.785085646098123e-20,1.6230236118038495e-11,1.0367330343997947e-20,4.411629933616148e-23,5.415722071342227e-16,-4.163336342344337e-16,5.648259637780484e-13,-4.818676322157797e-18,-5.649030625992029e-13,1.0653480138840758e-15,2.1674560829347246e-20,4.1310624172098847e-16,-1.2241407035937456e-22,-1.1102230246251565e-16,-3.716567900815679e-16,1.5649503863903531e-25,-1.2517764603900416e-16,4.750354257409181e-28,-9.7795035967972e-19,-8.753054645323592e-16,-9.036699037646623e-16,1.6283271027835629e-15,4.231032868236115e-18,1.045327474117415e-24,-5.588064582580454e-21,0.0,4.9190551981964975e-17,3.042320967075354e-26,-7.355707303697699e-17,-3.606191951318968e-18,-1.3322676295501878e-15,-1.3322676295501878e-15,7.411094423494267e-91,1.003328146490882e-12,1.1115228568461009e-28,6.906029866229242e-28,1.2713385899587593e-15,1.415021477947512e-22,2.1845191467925218e-22,5.785085641789891e-20,1.6231680414572718e-11,-9.928922869069841e-13,-1.2613021738161478e-15,1.3686993636445425e-22,2.1845085588806815e-22,5.784480227437916e-20,-1.1657823148561006e-22,1.1291516615354696e-31,4.579122502003164e-18,1.764651973446459e-23,-1.1293772630057337e-21,1.6599500304214979e-59,2.2063257437159644e-84,-9.885608839492003e-08,-1.5550220269779109e-24,1.527480795447934e-22,-3.147870302200317e-11,-3.230055112268815e-19,-2.758904216193514e-19,-3.452606762409845e-15,-1.7236712699135144e-06,9.783627465367317e-08,3.1257513910532e-11,-2.796374243274613e-19,-2.758904216193514e-19,-3.4521809645941467e-15,6.2050580457551804e-18,1.825374830874845e-26,-7.293764505350771e-15,2.3129646346357427e-18,0.0,2.6927901538048625e-53
6.0384868705732515e-06,2.733411793567279e-89,1.82759928672264e-12,1.7284552676492805e-28,1.4221640982801105e-27,2.3646862246096133e-15,1.471878564531957e-22,3.9987578406928266e-22,1.2421538631394466e-19,2.8888462111353875e-11,1.2760198419991346e-19,7.058607893785836e-23,6.769652589177783e-16,-4.163336342344337e-16,1.0969620273865784e-12,-1.4456028966473393e-17,-1.0968656538601351e-12,1.0653480138840758e-15,4.334912165869449e-20,2.0655312086049424e-16,-1.3187802950254235e-22,-1.1102230246251565e-16,-3.716567900815679e-16,3.208831874248087e-25,-1.2517764603900416e-16,9.809990703418652e-28,-9.7795035967972e-19,-9.377281997208792e-16,-9.827410203440702e-16,1.6283271027835629e-15,0.0,1.939136462016767e-24,-5.588064582580454e-21,0.0,4.9147215412570565e-17,3.006171416093601e-26,-7.355707303697699e-17,-3.621472425688963e-18,-1.3183898417423734e-15,-1.313763912473102e-15,2.733411793567279e-89,1.8273947688385306e-12,1.7284552676492805e-28,1.4221640982801105e-27,2.4137136733770603e-15,1.4718917994217578e-22,2.155910608999008e-22,1.2421538614161536e-19,2.88886520631119e-11,-1.8080614931174447e-12,-2.397193554770638e-15,1.3496940618905242e-22,2.1559317848226894e-22,1.242018501925374e-19,-1.2558531761603055e-22,1.3265068186882445e-31,4.519133610667386e-18,2.6469779601696886e-23,-1.1152600472181621e-21,1.4545076045709479e-58,6.68447992614194e-83,-1.785294773677985e-07,-5.047882993979512e-24,2.2698053069023625e-22,-6.030313670635224e-11,-3.2335245592207686e-19,-2.731148640577885e-19,-7.453994922748212e-15,-3.0675323059161505e-06,1.7666689430673918e-07,5.991896614432335e-11,-2.7720881146109377e-19,-2.731148640577885e-19,-7.453080714441355e-15,6.4444925916592736e-18,1.8036910167425824e-26,-7.262793106177307e-15,0.0,0.0,1.873436057351004e-52
7.412667716328531e-06,9.451442354609492e-88,2.899954173093041e-12,2.5982417756972277e-28,2.7649430284967923e-27,4.0017766878008845e-15,1.591336679874415e-22,1.2496806466434726e-21,2.175094211257355e-19,4.5081833377480505e-11,3.049848005707515e-19,7.058607893785836e-23,4.06179155350667e-16,-5.551115123125783e-16,1.895860012189764e-12,-1.4456028966473393e-17,-1.895956385716207e-12,1.0653480138840758e-15,2.1674560829347246e-20,0.0,-1.4478572533698372e-22,-1.1102230246251565e-16,-4.955423867754239e-16,6.212638102991021e-25,-1.2517764603900416e-16,1.9135875383032584e-27,-9.7795035967972e-19,-1.0556378106325283e-15,-1.1215188984222148e-15,1.6283271027835629e-15,-8.46206573647223e-18,3.1911218274749305e-24,-6.176281907062607e-21,0.0,5.0095498344682706e-17,3.024413824526837e-26,-7.355707303697699e-17,-3.697874797538941e-18,-1.3183898417423734e-15,-1.3230157710116448e-15,9.451442354609492e-88,2.899863105199074e-12,2.5982417756972277e-28,2.7649430284951873e-27,4.129852015921642e-15,1.591336679874415e-22,2.165397378008256e-22,2.175094209534062e-19,4.508257518409664e-11,-2.868836664523163e-12,-4.103739570382459e-15,1.354008635965601e-22,2.1654397296556187e-22,2.1748545115487665e-19,-1.378884832880456e-22,1.5782017882953514e-31,4.538302882197135e-18,3.529303946892918e-23,-1.1237303766907051e-21,1.1485516941844286e-57,1.8869351699485268e-81,-2.8155337398250897e-07,-1.015116788707383e-23,3.2116066137575163e-22,-1.0350486263632774e-10,-3.302913498259841e-19,-2.7422508708241366e-19,-1.3083604385808144e-14,-4.786751916011174e-06,2.78591892371575e-07,1.0288786143064499e-10,-2.8102520310824276e-19,-2.736699755701011e-19,-1.3082003470950287e-14,6.95374652814513e-18,1.814597018757263e-26,-7.371193003284431e-15,2.3129646346357427e-18,0.0,1.1759167333883041e-51
9.099571440731274e-06,3.243934760644096e-86,4.098789455989997e-12,3.696572523221021e-28,5.090286771121072e-27,6.366462912410498e-15,1.745311387817486e-22,7.987054824487063e-22,3.352802012389317e-19,6.265860671798388e-11,5.554947947212108e-19,7.058607893785836e-23,2.7078610356711135e-16,-2.7755575615628914e-16,3.0085501990918654e-12,-1.4456028966473393e-17,-3.0087043967341742e-12,1.0653480138840758e-15,4.334912165869449e-20,0.0,-1.6549661309864198e-22,-2.220446049250313e-16,-3.716567900815679e-16,1.1382048180148895e-24,0.0,3.537721479968928e-27,-9.779503596797204e-19,-1.2110010626572894e-15,-1.3054802716885925e-15,1.924386576016938e-15,-8.46206573647223e-18,4.751715495512343e-24,-6.4703905693036835e-21,0.0,5.103156824360188e-17,3.0184973677376796e-26,-7.742849793365998e-17,-3.728435746278932e-18,-1.304512053934559e-15,-1.3091379832038304e-15,3.243934760644096e-86,4.098953591361957e-12,3.696572523221021e-28,5.090286771108233e-27,6.519229600598919e-15,1.745284918037884e-22,2.157054103477801e-22,3.3528020054961453e-19,6.266011685814495e-11,-4.0546197510593625e-12,-6.4792615717124135e-15,1.346755916354736e-22,2.1571388067725267e-22,3.3524328244490054e-19,-1.576452353458619e-22,1.8825137658362252e-31,4.520403685668586e-18,5.293955920339377e-23,-1.1237303766907051e-21,8.692776942924699e-57,5.251279525617132e-80,-3.9550884005924064e-07,-1.693900794966743e-23,4.198026526659018e-22,-1.6347039490938185e-10,-3.400058012914542e-19,-2.731148640577885e-19,-2.02084081528849e-14,-6.652623601257801e-06,3.913145667562882e-07,1.6252743080258368e-10,-2.8310687127941494e-19,-2.731148640577885e-19,-2.0205940508740325e-14,7.608719679219677e-18,1.81110630925166e-26,-7.464107200804822e-15,4.625929269271485e-18,0.0,7.095995545305514e-51
1.1170364512977775e-05,1.044788176409821e-84,5.3064771539842085e-12,4.991948068877183e-28,8.912845374816556e-27,9.822542779147625e-15,1.9587636905255696e-22,1.2044130883598348e-21,4.747288280127449e-19,7.951360506316027e-11,8.982078544842477e-19,7.058607893785836e-23,5.415722071342227e-16,-4.163336342344337e-16,4.498099423797284e-12,-2.4093381610788988e-17,-4.4984078190819015e-12,1.4204640185121011e-15,6.502368248804174e-20,0.0,-1.9392380801432813e-22,-1.1102230246251565e-16,-3.716567900815679e-16,1.981172431421076e-24,1.2517764603900416e-16,6.2265124830988814e-27,-9.779503596797246e-19,-1.426012706084414e-15,-1.5556031914805973e-15,1.924386576016938e-15,0.0,6.572765396474314e-24,-7.058607893785837e-21,0.0,5.24262178404764e-17,3.0177085068324586e-26,-7.742849793365998e-17,-3.606191951318968e-18,-1.2952601953960159e-15,-1.2906342661267445e-15,1.044788176409821e-84,5.306456074549715e-12,4.991948068877183e-28,8.912845374816556e-27,9.71738245425513e-15,1.9587636905255696e-22,2.151294279436472e-22,4.747288273234277e-19,7.951713693425214e-11,-5.248386495774563e-12,-9.658585042870981e-15,1.3403766994707268e-22,2.1513789827311974e-22,4.746769431088226e-19,-1.8472322714577865e-22,2.2575058677033415e-31,4.50776200891245e-18,3.529303946892918e-23,-1.1237303766907051e-21,6.205000990106395e-56,1.3673788272410516e-78,-5.08279826802512e-07,-2.5526418698686206e-23,5.036697789175091e-22,-2.435874193906784e-10,-3.5457747848965937e-19,-2.7422508708241366e-19,-2.867710915376483e-14,-8.44182645281156e-06,5.028374182681242e-07,2.4217879399657247e-10,-2.886579864025407e-19,-2.7422508708241366e-19,-2.867361549296436e-14,8.514847948375439e-18,1.8106329927085273e-26,-7.587992797498679e-15,6.938893903907228e-18,7.401486830834377e-19,4.0585173914233893e-50
1.3712408783810365e-05,3.528188224713828e-83,6.987102096900344e-12,6.953927901993782e-28,1.6245228308113736e-26,1.5279510989785193e-14,2.3225114018120883e-22,1.2573865288811186e-21,6.911817056453979e-19,1.0215638515849908e-10,1.485325212569619e-18,7.058607893785836e-23,5.415722071342227e-16,-4.163336342344337e-16,7.050918491044753e-12,-9.637352644315595e-18,-7.05138108397168e-12,1.5980220208261138e-15,6.502368248804174e-20,6.196593625814827e-16,-2.4830747668465904e-22,-2.220446049250313e-16,-3.716567900815679e-16,3.584225227313169e-24,2.503552920780083e-16,1.14215969941805e-26,-9.779503596797624e-19,-1.7922260858570653e-15,-1.9945285733091476e-15,1.7763568394002505e-15,-8.46206573647223e-18,9.370997022256182e-24,-7.64682521826799e-21,0.0,5.4952345867357595e-17,3.017235190289326e-26,-7.549278548531848e-17,-3.545070053838985e-18,-1.2952601953960159e-15,-1.2906342661267445e-15,3.528188224713828e-83,6.987193520065678e-12,6.953927901993782e-28,1.6245228308113736e-26,1.5198686753592484e-14,2.3225114018120883e-22,2.1451109389215154e-22,6.911817028881291e-19,1.0216205244735951e-10,-6.909548725767915e-12,-1.510844782615095e-14,1.3323298864718111e-22,2.1451109389215154e-22,6.911071091191235e-19,-2.366391803985731e-22,2.717727892773438e-31,4.494765892621095e-18,3.529303946892918e-23,-1.1293772630057337e-21,4.6620656519384094e-55,3.734837905480331e-77,-6.6345256442825e-07,-3.95108964740882e-23,5.901407828188455e-22,-3.8045691326260567e-10,-3.788636071533347e-19,-2.7200464103316334e-19,-4.19017298433864e-14,-1.0845183891554674e-05,6.562654937927922e-07,3.7831487134099004e-10,-2.9490299091605723e-19,-2.7200464103316334e-19,-4.189664276679309e-14,1.0062160460162073e-17,1.810278005301178e-26,-7.711878394192534e-15,4.625929269271485e-18,1.4802973661668755e-18,2.459204660414746e-49
1.683294707490212e-05,1.191591395328667e-81,8.795177564024926e-12,9.390892264794854e-28,2.92716534894902e-26,2.346496330574155e-14,2.8798061415462143e-22,2.400881007674424e-21,9.751919328205574e-19,1.2452170873681705e-10,2.3944209697300315e-18,2.117582368135751e-22,4.06179155350667e-16,-5.551115123125783e-16,1.0975633981915835e-11,-4.818676322157797e-18,-1.0976058025432186e-11,2.3082540300821643e-15,8.669824331738898e-20,1.2393187251629655e-15,-3.3654107727148363e-22,-1.1102230246251565e-16,-3.716567900815679e-16,6.396438848002691e-24,2.503552920780083e-16,2.0744240060635647e-26,-9.779503596801094e-19,-2.363740905805293e-15,-2.6625988235923086e-15,1.6283271027835629e-15,-4.231032868236115e-18,1.2982110367823043e-23,-7.058607893785837e-21,0.0,5.899131413491624e-17,3.016446329384105e-26,-8.129992283034298e-17,-3.42282625887902e-18,-1.267504619780387e-15,-1.267504619780387e-15,1.191591395328667e-81,8.795222565064857e-12,9.390892264794854e-28,2.92716534894902e-26,2.362892104201819e-14,2.8798061415462143e-22,2.1372335325120505e-22,9.751919300632887e-19,1.2452947449522375e-10,-8.69556586735598e-12,-2.3488766487389513e-14,1.321583155953522e-22,2.1374029391015015e-22,9.75088810970859e-19,-3.2073387217912766e-22,3.282386478343471e-31,4.4796431391184266e-18,3.529303946892918e-23,-1.1293772630057337e-21,3.5264591487949594e-54,1.0203536612731202e-75,-8.258789234484236e-07,-5.934037621811834e-23,6.0115338415711645e-22,-5.903770215809345e-10,-4.232725281383409e-19,-2.6645352591003755e-19,-5.944377947051753e-14,-1.3218920398503543e-05,8.167972244943182e-07,5.870708264410496e-10,-3.0531133177191803e-19,-2.6645352591003755e-19,-5.943660205213567e-14,1.2426564289439601e-17,1.8099624609390895e-26,-7.897706789233318e-15,4.625929269271485e-18,2.220446049250313e-18,1.5029879252879153e-48
2.0663627499275822e-05,3.9648485425847135e-80,1.0403770526560645e-11,1.1904285530413316e-27,5.139254227855639e-26,3.5652192309498786e-14,3.7040750783430556e-22,2.825922140606632e-21,1.3134327468546901e-18,1.409964170306921e-10,3.754155901349466e-18,1.7646519734464591e-22,2.7078610356711135e-16,-5.551115123125783e-16,1.6784953057088124e-11,-4.818676322157797e-18,-1.678541565001505e-11,3.3736020439662402e-15,8.669824331738898e-20,1.8589780877444483e-15,-4.725149019468974e-22,-1.1102230246251565e-16,-3.716567900815679e-16,1.1088908250263667e-23,2.503552920780083e-16,3.678316691679566e-26,-1.955900719362987e-18,-3.2237874795137922e-15,-3.6727726803006635e-15,1.4802973661668755e-15,-4.231032868236115e-18,1.71948169283205e-23,-8.235042542750143e-21,0.0,6.5256994131722e-17,3.014710835392619e-26,-8.323563527868449e-17,-4.40077661855874e-18,-1.2490009027033011e-15,-1.2490009027033011e-15,3.9648485425847135e-80,1.0403788763824195e-11,1.1904285530413316e-27,5.1392542281843314e-26,3.6116887258685894e-14,3.7039691992246486e-22,2.1277467635028023e-22,1.313432757883765e-18,1.4099889540375442e-10,-1.0282956708351776e-11,-3.590194808111846e-14,1.3060189255477244e-22,2.1272385437344497e-22,1.3132981590544902e-18,-4.499026935594104e-22,3.975119405215255e-31,4.462630041427925e-18,7.058607893785836e-23,-1.1406710356357911e-21,2.6514213102243107e-53,2.7466176619039578e-74,-9.626048694675167e-07,-8.542552895188157e-23,4.2176058632161086e-22,-9.005074389278888e-10,-5.120903701083535e-19,-2.6423307986078728e-19,-8.07341173081344e-14,-1.496674387405316e-05,9.518051442379752e-07,8.954200893640518e-10,-3.247402347028583e-19,-2.6423307986078728e-19,-8.072445056156452e-14,1.590609684299773e-17,1.808700283490736e-26,-8.238392180141423e-15,2.3129646346357427e-18,1.4802973661668755e-18,9.136525648718105e-48
2.536605738311043e-05,1.3624134623903495e-78,1.1987503967247904e-11,1.4141695387203527e-27,9.13059743979621e-26,5.602487362921238e-14,5.020152520139424e-22,2.715553747579397e-21,1.7505761608058145e-18,1.5292898751795292e-10,5.964170739854342e-18,2.117582368135751e-22,1.3539305178355567e-16,-6.938893903907228e-16,2.629524684414106e-11,9.637352644315595e-18,-2.6295323942962214e-11,4.6165080601643285e-15,4.334912165869449e-20,3.9245092963493904e-15,-7.071612744017108e-22,0.0,-4.955423867754239e-16,1.936840815876937e-23,6.258882301950208e-16,6.616207067193374e-26,-9.779503597117134e-19,-4.644251498025893e-15,-5.344562002265289e-15,1.6283271027835629e-15,-8.46206573647223e-18,2.2562936502258962e-23,-9.411477191714448e-21,-4.334912165869449e-20,7.60580431000587e-17,3.0131331135821767e-26,-8.710706017536749e-17,-3.42282625887902e-18,-1.2212453270876722e-15,-1.2027416100105863e-15,1.3624134623903495e-78,1.1987177117589454e-11,1.4141695387203527e-27,9.13059743979621e-26,5.6584426033623456e-14,5.019940761902611e-22,2.1155494890623406e-22,1.7505761608058145e-18,1.5292889467370211e-10,-1.1843293397835927e-11,-5.624443133456225e-14,1.2826196403798243e-22,2.1158883022412422e-22,1.750405254262186e-18,-6.720722247253153e-22,4.824454510690026e-31,4.444671771643507e-18,3.529303946892918e-23,-1.1293772630057337e-21,2.073956909532946e-52,7.646779924266116e-73,-1.0876306293842692e-06,-1.224724256872634e-22,-1.2537545180534682e-22,-1.4074263162910939e-09,-6.800116025829084e-19,-2.6423307986078728e-19,-1.0906689903074825e-13,-1.6232974159841735e-05,1.0750944803779323e-06,1.3994635082781315e-09,-3.524958103184872e-19,-2.6423307986078728e-19,-1.0905401581773333e-13,2.1441358661101414e-17,1.808069194766559e-26,-8.61004897022299e-15,2.3129646346357427e-18,7.401486830834377e-19,5.790300283844134e-47
3.11386210957298e-05,4.8254480654306876e-77,1.3415168117110929e-11,1.4145996141816576e-27,1.6432223687070936e-25,9.040377335622907e-14,7.147264008931786e-22,2.1644741120957488e-21,2.291979834530511e-18,1.5712964038054147e-10,9.617247376164794e-18,2.8234431575143343e-22,2.7078610356711135e-16,-8.326672684688674e-16,4.232547954094754e-11,9.637352644315595e-18,-4.232532534330523e-11,6.7472040879324805e-15,6.502368248804174e-20,6.81625298839631e-15,-1.1270215616294806e-21,-1.1102230246251565e-16,-4.955423867754239e-16,3.405122323215987e-23,3.755329381170125e-16,1.2091643449513966e-25,-9.77950359964942e-19,-7.05238190440969e-15,-8.145938703935742e-15,1.4802973661668755e-15,-4.231032868236115e-18,2.9176241460652584e-23,-1.0587911840678754e-20,-8.669824331738898e-20,9.537197017270746e-17,3.0115553917717347e-26,-9.484990996873348e-17,-3.17833866895909e-18,-1.1657341758564144e-15,-1.1564823173178713e-15,4.8254480654306876e-77,1.3414936006483913e-11,1.4145996141816576e-27,1.6432223687070936e-25,9.114522470099473e-14,7.147264008931786e-22,2.103013401442977e-22,2.291979834530511e-18,1.5712697821375816e-10,-1.324670317141378e-11,-9.058958028163033e-14,1.2425973336220586e-22,2.1023357750851735e-22,2.291773149668121e-18,-1.0678204375566447e-21,5.865901128117424e-31,4.432857120469547e-18,1.4117215787571672e-22,-1.1519648082658485e-21,1.6913748326204605e-51,2.1979255862367815e-71,-1.1857240945876887e-06,-1.7337940782433507e-22,-1.425871192452064e-21,-2.2612977772951124e-09,-1.0380585280245214e-18,-2.531308496145357e-19,-1.459612118670517e-13,-1.6678958820799987e-05,1.171545028531303e-06,2.248375676572323e-09,-3.927413949611491e-19,-2.531308496145357e-19,-1.459443445724536e-13,3.033402270083354e-17,1.806491472956117e-26,-8.981705760304558e-15,2.3129646346357427e-18,2.590520390792032e-18,3.83468251970438e-46
3.822484941585877e-05,1.7711239918954783e-75,1.4097895473241806e-11,6.041350825393989e-28,2.9253369064517346e-25,1.467924448661506e-13,1.0432904811331217e-21,2.7380170613405806e-21,2.8207825035013704e-18,1.4565885066986085e-10,1.541183506137093e-17,4.941025525650086e-22,1.3539305178355567e-16,-9.71445146547012e-16,6.836853614109215e-11,1.927470528863119e-17,-6.8368459042271e-11,1.0831038141154771e-14,6.502368248804174e-20,1.1773527889048172e-14,-1.865893430008061e-21,-2.220446049250313e-16,-2.4777119338771194e-16,5.862300128411938e-23,1.2517764603900416e-16,2.1947027700820196e-25,-9.779503621872652e-19,-1.1014144831041096e-14,-1.2793383923296862e-14,1.6283271027835629e-15,0.0,3.575780265622011e-23,-1.176434648964306e-20,-8.669824331738898e-20,1.2943608959196133e-16,3.007768859426674e-26,-9.678562241707498e-17,-2.9338510790391602e-18,-1.1287267417022424e-15,-1.1102230246251565e-15,1.7711239918954783e-75,1.4097453752507742e-11,6.041350825393989e-28,2.9253369064517346e-25,1.4744152565526747e-13,1.0433328327804844e-21,2.0891220611080063e-22,2.820782415268772e-18,1.4565755179773986e-10,-1.391028021657803e-11,-1.46521728083826e-13,1.1727171154735787e-22,2.088444434750203e-22,2.8205621867024856e-18,-1.7599710288948024e-21,7.142311198760064e-31,4.4366378088452144e-18,2.117582368135751e-22,-1.242314989306307e-21,1.431695178291436e-50,6.547295420235847e-70,-1.2022281841685374e-06,-2.299447400519143e-22,-4.119971674458116e-21,-3.648840356618166e-09,-1.809663530139005e-18,-2.4424906541753445e-19,-1.8623509563201837e-13,-1.546286127025572e-05,1.1870933619017403e-06,3.6276644095778466e-09,-4.468647674116255e-19,-2.4424906541753445e-19,-1.8621433677442253e-13,4.396376774418692e-17,1.8042826624214982e-26,-9.291419752039198e-15,4.625929269271485e-18,2.960594732333751e-18,2.6350977788761667e-45
4.692369351786901e-05,7.131655099686529e-74,1.508439405976484e-11,-2.4880311652376122e-27,5.561578661131612e-25,2.5793269742280247e-13,1.6158000501823033e-21,1.960644103668474e-21,3.4342603209986837e-18,1.2990397711594898e-10,2.597631232384232e-17,8.470329472543003e-22,2.7078610356711135e-16,-8.326672684688674e-16,1.1970247324219782e-10,2.891205793294679e-17,-1.197027045386613e-10,1.82884742383433e-14,1.0837280414673623e-19,2.1274971448630907e-14,-3.501426677799319e-21,-1.1102230246251565e-16,-1.2388559669385597e-16,1.0612172689725987e-22,5.007105841560166e-16,4.273337515139691e-25,-2.1685655804612693e-26,-1.8854440370719217e-14,-2.1997907371642636e-14,1.7763568394002505e-15,-4.231032868236115e-18,4.426494176699592e-23,-1.4117215787571673e-20,-1.7339648663477797e-19,2.0191374412241675e-16,3.000195794736552e-26,-1.0452847221044099e-16,-1.71141312943951e-18,-1.0362081563168128e-15,-1.0177044392397268e-15,7.131655099686529e-74,1.50840792893329e-11,-2.488031112646885e-27,5.561578652717095e-25,2.5872353148770346e-13,1.6158000501823033e-21,2.0803129184565617e-22,3.4342603209986837e-18,1.2990027187242958e-10,-1.4868150088886978e-11,-2.5706015094328903e-13,1.0215217343886862e-22,2.076247160309741e-22,3.434064797560026e-18,-3.2849650535492508e-21,8.699425558797144e-31,4.49901916704372e-18,7.058607893785836e-23,-1.2874900798265365e-21,1.3453960095109236e-49,2.145084230599576e-68,-1.2281518060869228e-06,-2.956681136817878e-22,-9.859428985035826e-21,-6.386323366314173e-09,-3.788636071533347e-18,-2.575717417130363e-19,-2.4191701882466293e-13,-1.3791849970584735e-05,1.2115886919976523e-06,6.348418537527323e-09,-5.245803791353865e-19,-2.575717417130363e-19,-2.4189173812120637e-13,6.76145035067777e-17,1.7998650413522605e-26,-9.910847735508478e-15,4.625929269271485e-18,1.8503717077085942e-18,2.0166951373464352e-44
5.7602137013138975e-05,3.1248390987266704e-72,1.5834424023826918e-11,-1.2419060581177183e-26,1.0973645099705569e-24,4.756657290272415e-13,2.549230358056542e-21,1.5246593050577406e-21,3.736260212756351e-18,1.0422857788701852e-10,4.4458500646852215e-17,1.6940658945086007e-21,-2.7078610356711135e-16,-5.551115123125783e-16,2.1971086215809443e-10,1.927470528863119e-17,-2.197112862016108e-10,3.3913578441976415e-14,4.334912165869449e-20,3.8935263282203166e-14,-7.301407846454986e-21,-2.220446049250313e-16,-1.2388559669385597e-16,1.942148007498398e-22,8.762435222730291e-16,8.679722238844421e-25,9.779501757108141e-19,-3.4279791821749065e-14,-4.001966716672076e-14,1.1842378929335002e-15,0.0,5.174826564053969e-23,-1.4117215787571673e-20,-1.7339648663477797e-19,3.6020726130530037e-16,2.991360552598077e-26,-1.0839989710712398e-16,-4.8897517983986e-19,-9.80697005085555e-16,-9.066821367772111e-16,3.1248390987266704e-72,1.5834522315572032e-11,-1.2419060370814276e-26,1.0973645082876536e-24,4.763784033912089e-13,2.549230358056542e-21,2.0735366548785271e-22,3.736260212756351e-18,1.0422692658570062e-10,-1.558572222393195e-11,-4.7320583007604e-13,6.589916329638456e-23,2.0694708967317067e-22,3.736215390596225e-18,-6.812120895750656e-21,1.0596466554018572e-30,4.733421846335073e-18,5.646886315028669e-22,-1.242314989306307e-21,1.3812813101011844e-48,7.65098441695354e-67,-1.2166539803729394e-06,-2.9981403941630835e-22,-2.165203001593381e-20,-1.173008931800723e-08,-9.087175456556907e-18,-2.575717417130363e-19,-2.993183710146378e-13,-1.106881390636166e-05,1.1986944775950784e-06,1.1658412404358387e-08,-6.217248937900877e-19,-2.575717417130363e-19,-2.99290869865132e-13,1.0606270787349476e-16,1.7973406864555533e-26,-1.0530275718977757e-14,-2.3129646346357427e-18,7.401486830834377e-19,1.686502210862297e-43
7.071067811865475e-05,1.4511394160428395e-70,1.5724435797892512e-11,-4.0363957695273254e-26,2.189908131494224e-24,8.885763236321509e-13,3.891608172865158e-21,1.6130217821153092e-21,2.8408334497822547e-18,6.973665828506152e-11,7.478503301563474e-17,3.8116482626443515e-21,-1.3539305178355567e-16,-6.938893903907228e-16,4.080319222930938e-10,-4.818676322157797e-18,-4.0803271255601065e-10,6.232285881221844e-14,-1.0837280414673623e-19,7.311980478461496e-14,-1.6663841991257214e-20,-1.1102230246251565e-16,4.955423867754239e-16,3.4339310711096936e-22,6.258882301950208e-16,1.790341110464311e-24,9.779488333431836e-19,-6.353247270298265e-14,-7.438494264988549e-14,8.881784197001252e-16,0.0,5.146553789210848e-23,-1.176434648964306e-20,-8.669824331738898e-20,7.14010165591733e-16,2.9863118428046623e-26,-1.1614274690048997e-16,-2.4448758991993e-19,-8.696747026230393e-16,-7.956598343146956e-16,1.4511394160428395e-70,1.5724263609702878e-11,-4.0363957695273254e-26,2.189908138225837e-24,8.884583735380147e-13,3.891608172865158e-21,2.0979312037594512e-22,2.840832743921465e-18,6.973792115635054e-11,-1.544927007065174e-11,-8.822716779377515e-13,-2.439454888092385e-23,2.1033522146218787e-22,2.841230849406675e-18,-1.547539505536126e-20,1.2934545506504676e-30,5.5046822749711395e-18,1.9764102102600342e-21,-1.2649025345664219e-21,1.5103592260084087e-47,2.8907907931007203e-65,-1.1303417396751078e-06,5.695910552665978e-24,-4.413086565587629e-20,-2.1826481679454444e-08,-2.3320234632251412e-17,-2.398081733190338e-19,-3.193923366525316e-13,-7.410509463322038e-06,1.111679210832032e-06,2.1688046399503947e-08,-5.662137425588299e-19,-2.398081733190338e-19,-3.193714274522345e-13,1.6192433376050954e-16,1.7922919766621388e-26,-1.1645246089222461e-14,-1.1564823173178714e-17,1.8503717077085942e-18,1.5005553152587485e-42
8.680233510884337e-05,7.208950677818177e-69,1.4793355755197504e-11,-1.1354667811520932e-25,4.506917935934441e-24,1.6811100067570806e-12,5.336985194059895e-21,2.7294789692322576e-22,-5.306040257053538e-19,3.738095983862877e-11,1.2154414573330857e-16,7.058607893785837e-21,0.0,-6.938893903907228e-16,7.67757770938873e-10,-4.818676322157797e-18,-7.677579251365153e-10,1.1754339753187636e-13,-6.068877032217229e-19,1.3901025033911262e-13,-4.262000014283397e-20,-1.1102230246251565e-16,6.194279834692799e-16,5.757485035411782e-22,7.51065876234025e-16,3.8033798062669775e-24,9.779380142684006e-19,-1.2036213081861132e-13,-1.4128233466857807e-13,1.0362081563168128e-15,8.46206573647223e-18,3.479823225110927e-23,-4.705738595857224e-21,-1.3004736497608347e-19,1.5708324499034169e-15,2.9888361977013695e-26,-1.5485699586731997e-16,2.4448758991993e-19,-9.62193288008469e-16,-8.511709855459534e-16,7.208950677818177e-69,1.4793312648938203e-11,-1.1354667643230606e-25,4.506917909007989e-24,1.6811014802442514e-12,5.3371546006493466e-21,2.2388774861825667e-22,-5.306054374269326e-19,3.737865578538428e-11,-1.4502402715758459e-11,-1.6687323523001395e-12,-2.6630715861675204e-22,2.2388774861825667e-22,-5.292233620013293e-19,-3.9498643719744334e-20,1.5692477186867198e-30,7.863831821387343e-18,4.799853367774369e-21,-1.2649025345664219e-21,1.777482212723154e-46,1.1683654749888769e-63,-9.953688214106175e-07,1.2867515729756491e-21,-8.666820822808307e-20,-4.1205622255802154e-08,-6.264988527959759e-17,-2.575717417130363e-19,-2.4698201817052734e-13,-3.977984053199179e-06,9.76700930914376e-07,4.093163879588246e-08,2.7200464103316334e-19,-2.575717417130363e-19,-2.469859039511135e-13,2.269512501056285e-16,1.804913751145675e-26,-1.5733470780119708e-14,-2.544261098099317e-17,2.590520390792032e-18,1.436218817437254e-41
0.00010655597684559827,3.768654252265633e-67,1.2634457865109046e-11,-2.8689715473216486e-25,9.484777098017882e-24,3.1284798751585185e-12,4.972422213561645e-21,1.0842021724855045e-21,-7.843652146516909e-18,1.4726538211107254e-11,1.8104383394102903e-16,1.7787691892340307e-20,2.7078610356711135e-16,-6.938893903907228e-16,1.4185770131871747e-09,0.0,-1.418577601065686e-09,2.1875145885086358e-13,-1.8206631096651687e-18,2.6128969788852523e-13,-1.2014279004855077e-19,-1.1102230246251565e-16,1.1149703702447038e-15,8.251257696017481e-22,1.1265988143510375e-15,8.138621452270026e-24,9.778533293589542e-19,-2.2512135218387877e-13,-2.661695153688544e-13,1.1842378929335002e-15,8.46206573647223e-18,-1.1135434320354967e-23,-2.352869297928612e-20,-2.6009472995216694e-19,3.757592589794645e-15,2.9686413585277116e-26,-3.4068539090810395e-16,4.8897517983986e-19,-1.7763568394002505e-15,-1.6283271027835629e-15,3.768654252265633e-67,1.2634365494553398e-11,-2.8689714126893874e-25,9.484777098017882e-24,3.128899095372617e-12,4.972422213561645e-21,2.699663409488906e-22,-7.843654969960067e-18,1.4718678661059434e-11,-1.2352403189197503e-11,-3.104274526322115e-12,-9.16489648929153e-22,2.7159264420761884e-22,-7.840478596407863e-18,-1.1147124408281465e-19,1.8904928334105107e-30,1.5077385242159962e-17,1.2281977735187355e-20,-1.5359530776877979e-21,2.2143568390869705e-45,4.968990347457458e-62,-8.029892477982988e-07,5.080113629545162e-21,-1.6823830514114379e-19,-7.651651976630091e-08,-1.6839862837514374e-16,-3.4638958368304883e-19,-3.5877782226615785e-15,-1.5741850453196094e-06,7.856900624271172e-07,7.597653893753887e-08,4.246603069191224e-18,-3.4638958368304883e-19,-3.645509819942087e-15,2.424830765765836e-16,1.8276329452160402e-26,-3.295356872056569e-14,-6.938893903907228e-17,1.1102230246251566e-18,1.4542714980907754e-40
0.00013080496264625176,2.2946818204740065e-65,1.0544560306395094e-11,-7.451311081801819e-25,2.2535794773041827e-23,6.274422048591077e-12,-4.293440603042598e-21,1.0213184464813451e-21,-2.1506945801098158e-17,4.377216100692749e-12,2.3381285717770893e-16,5.166900978251232e-20,2.7078610356711135e-16,-4.163336342344337e-16,2.8184471249914633e-09,0.0,-2.8184480983640805e-09,4.3572733767858703e-13,-6.003853349729187e-18,5.269170113151209e-13,-4.0968139696324e-19,-1.1102230246251565e-16,1.4866271603262717e-15,6.550999946244394e-22,1.2517764603900417e-15,1.8846292108675507e-23,9.772115942200313e-19,-4.488000455989562e-13,-5.385614435036311e-13,4.440892098500626e-15,1.692413147294446e-17,-1.0881585191942087e-22,-2.352869297928612e-20,-3.4679297326955594e-19,1.0816706864827708e-14,2.88786200183308e-26,-1.0801275461745568e-15,1.4669255395195801e-18,-5.810167162204986e-15,-5.588122557279955e-15,2.2946818204740065e-65,1.0544434540330864e-11,-7.451310812537297e-25,2.2535794773041827e-23,6.275543285028107e-12,-4.293440603042598e-21,4.542807102714264e-22,-2.1506951447984474e-17,4.373672860917092e-12,-1.0270111279927126e-11,-6.221843307230302e-12,-2.970036326252479e-21,4.553649124439118e-22,-2.1500361531654837e-17,-3.8147030598832686e-19,2.2001823684679782e-30,4.1890027202390264e-17,3.6422416731934915e-20,-2.07805416393055e-21,3.2396226468975654e-44,2.4664090607003808e-60,-6.389360712394895e-07,1.5211817936462684e-20,-3.909139072602322e-19,-1.531022135168314e-07,-4.917510842972205e-16,-6.483702463810914e-19,4.85379791914653e-13,-4.765772396543374e-07,6.228287131913627e-07,1.5193774015642703e-07,2.1577184483589917e-17,-6.483702463810914e-19,4.852214926150585e-13,1.5367935444881743e-17,1.857925203976527e-26,-1.0654161315671614e-13,-1.989149585786739e-16,1.4802973661668755e-18,1.7319521482640383e-39
0.00016057229973762954,1.5015875525373266e-63,7.645940058864654e-12,-1.849688079121471e-24,5.157152999390883e-23,1.2217788025736809e-11,-4.623986740379116e-20,1.5102936262723076e-21,-4.080675526399053e-17,7.528190811475118e-13,1.6922532440014765e-16,1.730770655556287e-19,4.06179155350667e-16,-1.3877787807814457e-16,5.420814621834302e-09,4.818676322157797e-18,-5.420815185619432e-09,8.444658590054441e-13,-2.054748366622119e-17,1.0405113463347398e-12,-1.5193668880780758e-18,-3.3306690738754696e-16,4.955423867754239e-15,-3.723557832729223e-21,1.50213175246805e-15,3.741202705714336e-23,1.950467037537871e-18,-8.66860362047299e-13,-1.0762708553837128e-12,2.338869838543663e-14,2.96172300776528e-17,-2.9238290104013647e-22,1.8822954383428896e-20,-3.9014209492825044e-19,3.4904250032910084e-14,2.7868878059647905e-26,-4.0920961157939304e-15,5.37872697823846e-18,-2.4720966014986818e-14,-2.453592884421596e-14,1.5015875525373266e-63,7.645866636115291e-12,-1.8496881329743753e-24,5.157152999390883e-23,1.2218792733165174e-11,-4.623986740379116e-20,1.1774435593192578e-21,-4.0806760910876846e-17,7.537001541398543e-13,-7.406062252357515e-12,-1.210298563592005e-11,-9.274671959255687e-21,1.1785277614917433e-21,-4.0794507167573233e-17,-1.4212024792726432e-18,2.3234418849087613e-30,1.4312173914924963e-16,1.264902534566422e-19,-3.975407965780183e-21,5.127379037448592e-43,1.3145536823483006e-58,-4.378039802152974e-07,3.5932492875243026e-20,-1.0849642197937176e-18,-2.9736890573985874e-07,-1.3982259794431683e-15,-1.936228954946273e-18,1.2329422668007813e-12,-9.223292775762578e-08,4.24314599755841e-07,2.9488311265595255e-07,8.946177132429511e-17,-1.936228954946273e-18,1.2326419514726202e-12,-1.0567441221172087e-15,2.1608477915813955e-26,-4.0882246908972473e-13,-6.152485928131076e-16,4.070817756958907e-18,2.22933962390695e-38
0.0001971138015058328,8.113617806251633e-62,3.471723175607622e-12,-3.487090486083056e-24,5.640142380426241e-23,1.6301237337756903e-11,-1.519400924521186e-19,3.495467804093266e-21,-4.3026653565268286e-17,-4.8506384094556176e-14,-1.4375970235742073e-16,4.763148606726683e-19,1.3539305178355567e-16,-4.163336342344337e-16,7.11548113904841e-09,2.4093381610788988e-17,-7.1154818148677634e-09,1.1816485053997541e-12,-5.54652011622996e-17,1.518681821126784e-12,-4.4897270690061e-18,-2.220446049250313e-16,1.325575884624259e-14,-2.6746509976693694e-20,1.50213175246805e-15,8.652393458514586e-24,1.9173796847626813e-18,-1.1979394521120649e-12,-1.613541341881966e-12,8.171241461241152e-14,2.1155164341180572e-17,-4.294230601886616e-22,-1.8822954383428896e-20,-4.3349121658694494e-19,9.390380914713802e-14,2.3426013441443167e-26,-1.2202731274344814e-14,4.40077661855874e-18,-8.282263763703668e-14,-8.297066737365337e-14,8.113617806251633e-62,3.4717331232059224e-12,-3.487090486083056e-24,5.640142380426241e-23,1.6301679295338544e-11,-1.519400924521186e-19,3.15936513062276e-21,-4.302666485904091e-17,-4.779394657816738e-14,-3.3471844555303204e-12,-1.6126693935802905e-11,-2.0591709760930944e-20,3.168038748002644e-21,-4.3009419268234814e-17,-4.223702706127697e-18,2.194019392645939e-30,4.0625765009567226e-16,3.4897757426877174e-19,-9.486769009248163e-21,6.626060967707826e-42,5.748078768247492e-57,-1.7691814791760408e-07,3.9183662965993154e-20,-2.630988575693232e-18,-3.9575575501658024e-07,-2.6984969814236594e-15,-5.0448534238967115e-18,1.4461106386439344e-12,-6.774524808861316e-09,1.6974007109335314e-07,3.9201718172989785e-07,2.633115947503484e-16,-5.0448534238967115e-18,1.4457940400447456e-12,-3.630967861649943e-15,2.948446519354054e-26,-1.219777585047706e-12,-1.6329530320528345e-15,9.992007221626408e-18,2.3262027949089822e-37
0.00024197106728599462,4.221653861192556e-60,1.432150990391771e-12,-8.11090571004517e-24,-1.4162694177649837e-22,1.7599631974007934e-11,-3.3458207992359545e-19,9.037909309839165e-21,-3.313929444083199e-17,-9.895302355289459e-14,-8.663770621872204e-16,1.2649025345664218e-18,1.3539305178355567e-16,-4.163336342344337e-16,7.528254995424555e-09,7.228014483236697e-17,-7.528255488134208e-09,1.3580523806987257e-12,-1.4027775768753538e-16,1.9247652567385156e-12,-1.2445927241006377e-17,2.220446049250313e-16,3.4687967074279675e-14,-1.1984031043646175e-19,1.3769541064290459e-15,-2.81270342199547e-22,2.6710224538778294e-18,-1.3398526854615393e-12,-2.1724740869304634e-12,2.566835632933362e-13,3.384826294588892e-17,-4.801403792893861e-22,-1.8822954383428896e-20,-3.4679297326955594e-19,2.4705286266359e-13,1.3328593854614215e-26,-3.382851074721605e-14,5.8677021580783205e-18,-2.5705363763487793e-13,-2.5794181605457805e-13,4.221653861192556e-60,1.43220309685906e-12,-8.11090571004517e-24,-1.4162694177649837e-22,1.7600511625914807e-11,-3.3458343517631105e-19,8.901299836105992e-21,-3.3139317028377246e-17,-1.0568517912664295e-13,-1.3910034605639036e-12,-1.737990515948695e-11,-3.7312817766088636e-20,8.912141857830846e-21,-3.311060825835164e-17,-1.1771301817518246e-17,1.7256332301709633e-30,1.1163011725529385e-15,9.136662057716387e-19,-2.719540449317807e-20,8.280162760383372e-41,2.4233988067301595e-55,-5.656338059149372e-08,-1.7869599978339797e-20,-6.292179505294065e-18,-4.266171716153622e-07,-4.110345397378978e-15,-1.3677947663381929e-17,1.0860246035804267e-12,-1.1261921220769485e-10,5.3448219841811807e-08,4.219098191242665e-07,6.778244632243968e-16,-1.3677947663381929e-17,1.0857807245893507e-12,-7.088211235662093e-15,5.472801416061292e-26,-3.3820767897422684e-12,-4.274358644806853e-15,2.8125649957170635e-17,2.3456557556589327e-36
0.0002970365187837483,2.392764627053242e-58,7.877436776955922e-13,-2.5880826143912658e-23,-1.4984333783006243e-21,1.6786907508503645e-11,-5.684065414526818e-19,2.807216264999468e-20,-3.02023940434761e-17,-9.313225746154786e-14,-2.3787366018178813e-15,3.649017936771526e-18,1.3539305178355567e-16,-8.326672684688674e-16,7.024153443437409e-09,1.4456028966473394e-16,-7.024154252071529e-09,1.362757667760047e-12,-3.6955126214037057e-16,2.463145966261394e-12,-3.6180359831121446e-17,1.1102230246251565e-16,1.0084287570879876e-13,-5.11555993128707e-19,1.1265988143510375e-15,-1.8231800977138433e-21,3.1648342925891174e-18,-1.3052288750103069e-12,-3.174050169983e-12,8.528733275170453e-13,3.384826294588892e-17,-4.88161769409163e-22,-1.8822954383428896e-20,-3.9014209492825044e-19,7.10213945147793e-13,-1.6155871338926322e-26,-1.0034733332202334e-13,0.0,-8.517631044924201e-13,-8.541315802782871e-13,2.392764627053242e-58,7.877718625574441e-13,-2.5880824420619717e-23,-1.4984333783006243e-21,1.6787794265837874e-11,-5.684065414526818e-19,2.834538159746103e-20,-3.02023940434761e-17,-1.0196288258157437e-13,-7.874272493306004e-13,-1.653203867135744e-11,-5.1645970486347003e-20,2.83323711713912e-20,-3.0129888023191125e-17,-3.437760779041574e-17,3.254051234036674e-30,3.348117134476677e-15,2.57046265060105e-18,-8.872387778173045e-20,1.1332690219251516e-39,1.1154322847957833e-53,-2.1135098116549975e-08,-1.3308372732465912e-19,-1.5570016883142505e-17,-4.0768347680568696e-07,-5.148448334324485e-15,-4.170885858911788e-17,6.21882915533926e-13,9.962823241949081e-11,1.9751678822406878e-08,4.0220668888650834e-07,1.733879706478092e-15,-4.170885858911788e-17,6.216608709290009e-13,-7.92965297752689e-15,1.425755645660248e-25,-1.0034237789815559e-11,-1.2258712563569437e-14,8.733754460384564e-17,2.5941707223074535e-35
0.0003646332368608554,1.390449607621543e-56,5.492135339106123e-13,-7.872403345393401e-23,-8.393728356772156e-21,1.2170494301244617e-11,-6.145962645059955e-19,9.359700514632863e-20,-5.840217632419042e-17,-8.343098064263662e-14,-5.010850121968362e-15,1.059299403836228e-17,-5.415722071342227e-16,-5.551115123125783e-16,5.02701475236647e-09,2.553898450743633e-16,-5.0270156864367585e-09,1.1590986391058746e-12,-9.367311699227292e-16,3.5474465742185585e-12,-1.0354269867473544e-16,3.3306690738754696e-16,2.994314872090499e-13,-2.0425225196049194e-18,1.2517764603900417e-15,-8.470087436980338e-21,3.776204777927372e-18,-1.3528588091310409e-12,-5.619897312372327e-12,2.8328450696335494e-12,3.807929581412503e-17,-4.566699372017609e-22,0.0,-3.4679297326955594e-19,2.0723910313922704e-12,-1.1632227364026952e-25,-2.992456588140091e-13,-2.2492858272633562e-17,-2.828626222139974e-12,-2.8337332480532496e-12,1.390449607621543e-56,5.490081870599776e-13,-7.872403345393401e-23,-8.393728577353653e-21,1.2171335583843756e-11,-6.145962645059955e-19,9.307658810353559e-20,-5.840217632419042e-17,-9.531599213611722e-14,-5.707330312058426e-13,-1.1934079680031573e-11,3.333921680392926e-20,9.305490406008588e-20,-5.818425168752084e-17,-9.893891455657816e-17,2.7659435489311726e-29,1.0119662715873317e-14,7.104347672937569e-18,-2.983362977955946e-19,1.5919157135275682e-38,5.251076718120724e-52,-1.0716352214027816e-08,-2.3594102745768536e-20,-3.4174730103100904e-17,-2.99356272444129e-07,-3.421818384197195e-15,-1.3006484778088633e-16,3.30920476206605e-13,9.546250415345032e-11,1.0028877780617524e-08,2.9415932949632407e-07,4.196776259846047e-15,-1.3006484778088633e-16,3.3049044982173354e-13,5.664880709224727e-15,4.378241132849033e-25,-2.992382256782075e-11,-3.5753807322199314e-14,2.9309887850104134e-16,2.9362979207610155e-34
0.00044761296680971997,7.475062075359215e-55,3.6270648706704377e-13,-1.567411859290673e-22,-3.5287122590862213e-20,5.422407411970198e-12,3.7815887574121907e-19,2.8386147599146483e-19,-1.6368073707760203e-16,-7.761021455128987e-14,-8.358843419541866e-15,2.772959993857978e-17,-5.415722071342227e-16,-8.326672684688674e-16,2.34357867449431e-09,3.5658204783967704e-16,-2.3435794971327084e-09,1.4883799543972109e-12,-2.0048643648733764e-15,6.434232991364826e-12,-2.6514295615224245e-16,3.3306690738754696e-16,8.141761414720215e-13,-6.987464379225317e-18,1.2517764603900417e-15,-3.0615129196336635e-20,6.095625858688824e-18,-3.652234939097504e-12,-1.1961078122789501e-11,8.581431861405994e-12,3.384826294588892e-17,-5.092492204742966e-22,1.8822954383428896e-20,-3.9014209492825044e-19,5.527021831164786e-12,-3.7966297646476856e-25,-8.138509417807001e-13,-9.975093668733144e-17,-8.573660300233618e-12,-8.58202398035246e-12,7.475062075359215e-55,3.626098532549804e-13,-1.5674119282223907e-22,-3.5287123032025206e-20,5.423262905424053e-12,3.7816429675208153e-19,2.843645457994981e-19,-1.6368091777796412e-16,-8.771981659568458e-14,-4.0129748413164636e-13,-5.280503501126077e-12,6.408935881996314e-19,2.8429515686045904e-19,-1.6305677872733664e-16,-2.5543731284450173e-16,1.8972104770565334e-28,2.781146958357452e-14,1.710667740274785e-17,-9.405453846311752e-19,2.072891977897803e-37,2.280301281798572e-50,-5.975219876101316e-09,1.5376705216916508e-18,-4.976415691563633e-17,-1.3994050677865743e-07,3.1436186986866233e-15,-3.738165332833887e-16,4.0438763448946703e-13,8.794401458918817e-11,5.594055983237922e-09,1.3648182793986053e-07,8.56099635626606e-15,-3.738165332833887e-16,4.031826724334072e-13,6.04577353942089e-14,1.2860073585785352e-24,-8.138589943444853e-11,-9.536584485066631e-14,9.24075630829672e-16,3.0671160211465376e-33
0.0005494764267269912,3.873647631831157e-53,2.0118022803217173e-13,-2.130384366749363e-23,-1.2679038722893793e-19,1.1739757610484957e-12,4.454065154896325e-18,8.468573065023577e-19,-4.630661811754385e-16,-7.178944845994313e-14,-1.1777032102106307e-14,6.798512310115616e-17,-8.12358310701334e-16,-4.163336342344337e-16,6.957663125532157e-10,4.3368086899420177e-16,-6.957672092787625e-10,5.61793519321536e-12,-3.4004134757121427e-15,1.4584251119437563e-11,-6.20999644482208e-16,3.3306690738754696e-16,2.0958965248666555e-12,-2.135221870693527e-17,1.2517764603900417e-15,-9.435383820496471e-20,6.022651137921025e-18,-1.6363124040251306e-11,-2.8369554767386733e-11,2.4922989598034444e-11,3.807929581412503e-17,-9.297057720698541e-22,5.646886315028669e-20,0.0,1.3785773233559877e-11,-1.0679030955030299e-24,-2.095555839475747e-12,-3.5792983164277755e-16,-2.4911480286012495e-11,-2.4923322664941832e-11,3.873647631831157e-53,2.0114920099937688e-13,-2.1303871240180717e-23,-1.2679038722893793e-19,1.1748710448955535e-12,4.4540705759071875e-18,8.46536382659302e-19,-4.630663618758006e-16,-7.921698852442205e-14,-2.548726267074623e-13,-1.1408843647586764e-12,3.0404552573554123e-18,8.46466993720263e-19,-4.613497084360318e-16,-6.049501183683452e-16,1.014277908887916e-27,7.27924666198821e-14,3.673299547926149e-17,-2.890482991846355e-18,2.6101749719164987e-36,9.538104780509046e-49,-2.8237326972657683e-09,7.20937094925445e-18,8.834917751091946e-18,-3.516574506647885e-08,1.1309153613581202e-14,-1.0410161621621228e-15,9.73086796326091e-13,7.93661456555128e-11,2.6198720055011413e-09,3.359382099006325e-08,1.3725931502506228e-14,-1.0409806350253348e-15,9.696776714918087e-13,2.0640133255634628e-13,3.5639852173671466e-24,-2.0956091102823257e-10,-2.3797167939913305e-13,2.8362497535757333e-15,3.088196787060987e-32
0.0006745209945113374,2.0517969086804887e-51,1.0065074699620406e-13,1.3323490770620222e-21,-4.2484382013644895e-19,3.976310836151242e-13,1.6527274340760733e-17,2.6288866916690522e-18,-1.3301874069819123e-15,-6.014791627724966e-14,-1.4618739195787576e-14,1.6634823582264055e-16,-9.477513624848896e-16,-1.3877787807814457e-16,1.303473904755186e-10,4.577742506049908e-16,-1.3034804717075116e-10,2.5457556139773878e-11,-3.367208048521583e-15,3.790203293337876e-11,-1.3800462564028425e-15,7.771561172376096e-16,5.431887872638809e-12,-6.100385202036815e-17,2.0028423366240666e-15,-2.668310226589931e-19,4.9201180800619695e-18,-6.633815547654752e-11,-7.16036016009385e-11,7.404980332618531e-11,4.2310328682361143e-17,-2.2292840625730874e-21,1.5058363506743117e-19,1.0403789198086678e-18,3.370304035854588e-11,-2.9371374094168053e-24,-5.431462015900174e-12,-1.2478646589513227e-15,-7.403529641199687e-11,-7.405009938565854e-11,2.0517969086804887e-51,1.0057377153316338e-13,1.3323490770620222e-21,-4.248438271950569e-19,3.984155227954034e-13,1.6527274340760733e-17,2.6288693444342924e-18,-1.3301881297833606e-15,-6.9904141734393e-14,-1.6684396086930065e-13,-4.515811724559171e-13,1.088839305177225e-17,2.6286958720866947e-18,-1.3253760791411458e-15,-1.3651644784728034e-15,4.977317881491974e-27,1.9450740376697913e-13,7.280417588240162e-17,-9.245353325508057e-18,3.3812405959256907e-35,4.077728413756526e-47,-1.0029325494542719e-09,2.0353024007910975e-17,4.494190899058855e-16,1.3607874279841782e-09,1.0351008938869199e-14,-3.0216540380934022e-15,2.660076603433481e-12,6.997530966520079e-11,9.011976847735544e-10,-1.7573562217876315e-09,1.1881762240761873e-14,-3.021547456683038e-15,2.650285916653653e-12,5.443176997633929e-13,9.494805585887e-24,-5.431778853313718e-10,-5.822194578305092e-13,9.065711144747487e-15,3.1911975650082226e-31
0.0008280220040497222,1.1520538079287409e-49,5.5782341708739596e-14,7.359323560069827e-21,-1.3681874028140064e-18,2.9571310733444987e-12,4.931858957682444e-17,8.866067602308903e-18,-4.018731238989807e-15,-5.432715018590291e-14,-1.5974092778901257e-14,4.2231820435110107e-16,-1.3539305178355566e-15,1.3877787807814457e-16,1.491193040840905e-11,4.577742506049908e-16,-1.491229979006587e-11,1.0491902356735007e-10,6.319619189171533e-15,1.0838214047167682e-10,-2.905851124275643e-15,6.661338147750939e-16,1.4734705099573843e-11,-1.60461886690678e-16,5.382638779677179e-15,-7.055558259118492e-19,3.799908738392665e-18,-2.4070402002495886e-10,-1.9119321113394532e-10,2.328729061436737e-10,2.96172300776528e-17,-5.947170110314846e-21,1.1293772630057339e-19,4.421610409186839e-18,8.281380587742364e-11,-8.165177374693363e-24,-1.4734209557187068e-11,-4.651131910636749e-15,-2.328569929469874e-10,-2.328731281882786e-10,1.1520538079287409e-49,5.5564915631597007e-14,7.359323560069827e-21,-1.3681874169312221e-18,2.95786151127686e-12,4.931857873480272e-17,8.865460449092311e-18,-4.018733407394152e-15,-5.994896431123682e-14,-1.3339255626002948e-13,-3.1001405886854626e-12,3.4670400231306966e-17,8.865061462692836e-18,-4.004586737447561e-15,-2.9443661063561088e-15,2.4382901719476254e-26,5.537071583513013e-13,1.2842487670817101e-16,-3.2012514745531164e-17,4.678187239552008e-34,1.846334745830938e-45,-2.7058995328843593e-10,4.2718367453785606e-17,2.5548615306680843e-15,4.018598701804876e-09,-3.6325564778394436e-14,-9.584120164163324e-15,7.867895964371504e-12,5.990053371836742e-11,2.1572341211140157e-10,-3.751003532670438e-09,-3.161866324319362e-14,-9.583764892795443e-15,7.838316662400757e-12,1.3041229514246568e-12,2.3093202491861284e-23,-1.4735537610783624e-09,-1.4322594036701257e-12,3.138230416273776e-14,3.5094996745966166e-30
0.0010164552990485087,4.926959815030225e-48,3.7349915752808254e-14,2.484683491683709e-20,-2.690534370727715e-18,8.711322152521462e-12,9.372771656024348e-17,2.1921978121675067e-17,-8.49251080338916e-15,-4.268561800320943e-14,-8.994721040975838e-15,7.259862922053458e-16,-1.3539305178355566e-15,4.163336342344337e-16,4.67694399315963e-13,4.722302795714642e-16,-4.675272514810382e-13,2.6692449851117543e-10,3.981185500590585e-14,2.2766388257804107e-10,-4.23898239255854e-15,7.771561172376096e-16,2.9220771806583114e-11,-2.1383840020839615e-16,1.3394008126173445e-14,-1.0709112517096277e-18,3.9606165192885e-18,-5.419068455043642e-10,-3.835656340348832e-10,5.09322103011319e-10,2.96172300776528e-17,-1.0648270176000983e-20,1.8822954383428897e-19,1.1660913726188819e-17,1.5590584540424542e-10,-1.5335153074908865e-23,-2.922029174989593e-11,-1.2740737285907392e-14,-5.093131842196877e-10,-5.093231022120411e-10,4.926959815030225e-48,3.712585794346523e-14,2.484683491683709e-20,-2.690534427196578e-18,8.711532473171246e-12,9.372771656024348e-17,2.1921110759937078e-17,-8.492513694594953e-15,-4.9645147252401024e-14,-1.2787495506927371e-13,-8.904146397981095e-12,6.954920580420909e-17,2.1920139314790533e-17,-8.463704274467668e-15,-4.522070751243447e-15,8.213461972980131e-26,1.0965109324092073e-12,1.208207795963534e-17,-8.07018659075102e-17,4.823866771091043e-33,6.313840072163331e-44,-5.4969132179394364e-11,5.864610735697069e-17,7.579938066104574e-15,-6.788327300455421e-09,-1.8352144248723335e-13,-2.193665693539515e-14,1.6571603348817614e-11,4.9796653941077314e-11,2.2880946441243093e-11,7.517464109696447e-09,-1.7187371526006245e-13,-2.193573322983866e-14,1.650909631223385e-11,2.177859999899307e-12,2.1429147743951873e-23,-2.922352206682972e-09,-2.700434783194557e-12,7.911652814366714e-14,2.8363715747014145e-29
0.0012477704335279345,1.8547669838917462e-46,2.8740032576024535e-14,6.188188455090443e-20,-3.26321554865201e-18,1.796961441868916e-11,1.2372501027174688e-16,4.8560426513244435e-17,-1.521259247044826e-14,-3.104408582051595e-14,-2.1926560982142413e-15,9.999912862467448e-16,-1.624716621402668e-15,1.3877787807814457e-16,-1.2924292230567483e-14,4.674116032493064e-16,1.310679959626921e-14,5.380618269642544e-10,1.0931424953363935e-13,4.1577715430769545e-10,-4.037221606827644e-15,7.771561172376096e-16,4.987435905939932e-11,3.45995013292193e-17,3.179512209390706e-14,-7.720748446001618e-19,4.8833171034062835e-18,-9.61237678238265e-10,-6.641778599971055e-10,9.492474491631004e-10,3.384826294588892e-17,-1.3204516762731261e-20,2.2587545260114677e-19,2.6096171238534086e-17,2.4840477543136953e-10,-2.3665120337259276e-23,-4.987395643121006e-11,-3.1313970516944634e-14,-9.492455710358172e-10,-9.492486796602861e-10,1.8547669838917462e-46,2.8531843554446825e-14,6.188188543323042e-20,-3.26321554865201e-18,1.796975084289443e-11,1.2372501027174688e-16,4.855948976256741e-17,-1.5212595361654054e-14,-3.937827841582475e-14,-1.36642105038239e-13,-1.8105117760569556e-11,9.523425884699898e-17,4.855737339992672e-17,-1.5164070809222293e-14,-4.874393120731841e-15,2.295490570884518e-25,1.8660664823063966e-12,-5.280629268635909e-16,-1.8053339494635465e-16,4.3753670312502263e-32,1.896371595441289e-42,-2.8176630451071107e-11,4.09993870451042e-17,1.5959859360018907e-14,-2.1136978466529398e-08,-4.760879912524274e-13,-4.498780015183002e-14,3.0078926016585684e-11,3.944539154569308e-11,1.4194423177589973e-11,2.225498028565198e-08,-4.5398595993617617e-13,-4.498581063216989e-14,2.9966959284403555e-11,3.4711381056306594e-12,-6.109504305528378e-23,-4.98796018978514e-09,-4.31234677596611e-12,1.770023017044764e-13,1.9993930495954118e-28
0.0015317260446612003,5.1278520419532075e-45,2.1827872842550278e-14,1.0118724409326837e-19,4.413933863232679e-19,2.4263317754957826e-11,4.404040066657844e-17,7.89227710962237e-17,-1.8320325002411468e-14,-1.940255363782247e-14,1.3816063634622049e-15,7.576811357143387e-16,-1.3539305178355566e-15,1.3877787807814457e-16,-2.6460104603143805e-14,4.625929269271486e-16,2.6984587404083668e-14,7.241446331116158e-10,1.8787799765993307e-13,5.437769098053587e-10,-1.0304906313936713e-15,8.881784197001252e-16,6.159430816342818e-11,8.747605831449538e-16,5.745653953190291e-14,1.033938739639497e-18,4.7079972972507615e-18,-1.1323267098539712e-09,-8.615304851951107e-10,1.1938710853254264e-09,3.384826294588892e-17,2.7917345673664684e-21,4.517509052022935e-19,4.196194976561627e-17,3.1775439837484303e-10,-2.9623405687055304e-23,-6.159406039223479e-11,-5.706927118946974e-14,-1.1938724083411973e-09,-1.1938716681925143e-09,5.1278520419532075e-45,2.1490838738221405e-14,1.0118724762257232e-19,4.413933863232679e-19,2.4263164277726902e-11,4.404040066657844e-17,7.89211751506258e-17,-1.8320327893617262e-14,-2.96239477393101e-14,-1.4761951661057538e-13,-2.4129764142344356e-11,2.3898179442316535e-17,7.891798325943e-17,-1.8268294862955336e-14,-2.5036668799484827e-15,4.243566799109702e-25,2.099494046451898e-12,-1.8444944284319123e-15,-2.9082024693520095e-16,2.8726207095643617e-31,4.1600799875054017e-41,-2.0165558112239525e-11,-3.0821178942375125e-17,1.879334188270576e-14,-3.039849689230323e-08,-7.867441587094959e-13,-6.536836849591055e-14,3.747912202811676e-11,2.9702399236460525e-11,2.4871163380642733e-11,3.146519447909668e-08,-7.576289373645296e-13,-6.536509999932605e-14,3.734429062281682e-11,5.959154762024727e-12,-3.1644828308981765e-22,-6.15991297908515e-09,-5.531949898163191e-12,2.8517466166277927e-13,1.0069293781184458e-27
0.0018803015465431966,1.20722194020559e-43,1.5643308870494366e-14,1.0891411510148653e-19,8.733168087709612e-18,2.5749613996595145e-11,-1.808189882546163e-16,1.121477910537294e-16,-1.6879767259873426e-14,-5.820766091346741e-15,2.0350973997596206e-15,-4.9557074300691596e-17,-1.4893235696191124e-15,4.163336342344337e-16,-6.385423753216885e-14,4.625929269271486e-16,6.430041684287366e-14,7.679354524958167e-10,2.4794281156223054e-13,5.909026498081831e-10,4.840765715741439e-15,8.881784197001252e-16,6.317087626695418e-11,2.024828589948999e-15,9.150485925451204e-14,3.6818920406249635e-18,4.181119928821842e-18,-1.033712415832787e-09,-9.524623983571304e-10,1.1923383067916997e-09,4.2310328682361143e-17,5.077596491368476e-20,6.776263578034403e-19,5.696074585952457e-17,3.6155478804665413e-10,-6.0565130475367e-23,-6.317090723835336e-11,-9.117235613222094e-14,-1.1923401525374782e-09,-1.192337932091429e-09,1.20722194020559e-43,1.5450278093946206e-14,1.0891412216009443e-19,8.733168087709612e-18,2.574934114818461e-11,-1.808189882546163e-16,1.121456399966192e-16,-1.6879773042285014e-14,-2.0881429918517825e-14,-1.5832786933363726e-13,-2.52366646691371e-11,-1.822984038030162e-16,1.1214126849345972e-16,-1.6843031599063825e-14,3.1315174450987272e-15,5.80349190752994e-25,1.7677990720101162e-12,-3.986358407722286e-15,-3.984280353558356e-16,1.6010859300072135e-30,7.755045185921905e-40,-1.4093286656210088e-11,-1.3579005541525246e-16,1.1347665399933741e-14,-3.2591109629720446e-08,-9.996721006544363e-13,-7.95065346892443e-14,3.7130286993184804e-11,2.064625730380243e-11,3.665287901336948e-11,3.327142840134911e-08,-9.680035217840554e-13,-7.950184510718828e-14,3.7006078201784475e-11,1.2558168329524461e-11,-7.543757939512901e-22,-6.317160471426274e-09,-6.31752289370624e-12,3.907745423544403e-13,4.272004951791712e-27
0.002308202513273028,3.1945770328222935e-42,1.0792670461038748e-14,2.5759521299600473e-20,2.3810310277247447e-17,2.755386958597228e-11,-5.220214451678862e-16,1.8235524201770658e-16,-1.4496719796808223e-14,-1.940255363782247e-15,2.2246862057458543e-15,-1.0724611664592969e-15,-1.624716621402668e-15,2.7755575615628914e-16,-3.0268364733999136e-14,4.625929269271486e-16,3.068533081950086e-14,8.193769909601001e-10,2.9419980313907064e-13,6.991970762061295e-10,1.6808280302432166e-14,1.1102230246251565e-15,6.901716146053394e-11,3.544354709787766e-15,1.6924017744473363e-13,7.758613296412101e-18,2.1547199211736835e-18,-9.091071814328778e-10,-1.0921376464688534e-09,1.255498457512309e-09,4.654136155059726e-17,1.4673408584866442e-19,9.03501810404587e-19,8.752187662890418e-17,3.9292359095071067e-10,-1.7497454894910764e-22,-6.901711500343518e-11,-1.6924017744473363e-13,-1.2555001482894568e-09,-1.2554968916352511e-09,3.1945770328222935e-42,1.065766734124433e-14,2.5759528358208367e-20,2.3810310277247447e-17,2.755288619482599e-11,-5.220214451678862e-16,1.8235538079558467e-16,-1.4496725579219808e-14,-1.357231364333226e-14,-1.7926519528070154e-13,-2.660602831383585e-11,-4.900060825846486e-16,1.823487194574369e-16,-1.448763562820569e-14,1.604181043165088e-14,6.577332901115543e-25,1.7398628699556518e-12,-7.05897381201905e-15,-6.194480692278681e-16,1.0195976707953966e-29,1.626103421960052e-38,-9.251380106434227e-12,-2.8481276943363256e-16,-6.3735017263866215e-15,-3.48485784343211e-08,-1.1449788894779544e-12,-1.1711094316524395e-13,3.764430545061259e-11,1.3665218527118366e-11,5.903178437923391e-11,3.505204149405472e-08,-1.1062013527407544e-12,-1.171034114122449e-13,3.753770035549072e-11,2.740080247646813e-11,-1.6179135793654376e-21,-6.9010313064748705e-09,-6.905631159496532e-12,6.077211881875636e-13,2.0921311000950742e-26
0.002833481072264552,8.744551353778084e-41,7.761021455128988e-15,-3.287582201914538e-19,4.5765727723727037e-17,2.836513885995373e-11,-9.693939661409302e-16,3.0456456800997957e-16,-7.175683658378063e-15,1.1641532182693482e-14,2.172279250492364e-15,-2.4637952268646846e-15,-1.3539305178355566e-15,2.7755575615628914e-16,-3.097761365516674e-14,4.433182216385174e-16,3.1456319031046106e-14,8.390805026005099e-10,3.0826335277047304e-13,8.261251986114508e-10,3.7565515666040296e-14,7.771561172376096e-16,7.572928308940706e-11,4.395810627662434e-15,3.3597680196868715e-13,1.3749961016599928e-17,6.935214992977026e-21,-7.38903365237708e-10,-1.2337083292941528e-09,1.2194377053270644e-09,4.654136155059726e-17,3.2661536679386005e-19,7.529181753371559e-19,1.3689652619815722e-16,4.0754481830617475e-10,-5.029775112205254e-22,-7.572932954650582e-11,-3.3586727152840305e-13,-1.219439216271212e-09,-1.2194346273493768e-09,8.744551353778084e-41,7.466383067367132e-15,-3.287582201914538e-19,4.5765727723727037e-17,2.836415546880744e-11,-9.693939661409302e-16,3.0456692723390686e-16,-7.175683658378063e-15,-7.957131250198775e-15,-2.1228174773568754e-13,-2.7034633376388228e-11,-8.930171272597542e-16,3.0455749033819756e-16,-7.224695378985994e-15,4.105320967752183e-14,-1.288683174769045e-25,1.917388994305499e-12,-1.114567513080487e-14,-9.875636188446297e-16,7.006870710067209e-29,3.5207494442839095e-37,-6.140669128740228e-12,-3.3998327879832444e-16,-4.119780812790926e-14,-3.584908408811316e-08,-1.1464009963546573e-12,-1.8624241704401358e-13,3.2235067948249706e-11,7.937584693233172e-12,9.465099234754841e-11,3.55380372639047e-08,-1.0978710718312357e-12,-1.8622976938331705e-13,3.2182428573908816e-11,5.363538061684186e-11,-3.117255987800227e-21,-7.571184990824029e-09,-7.218966165586001e-12,9.692591636708178e-13,1.146417456072231e-25
0.0034782974807080124,3.492674663593915e-39,8.124819335838159e-15,-1.6962750411383346e-18,9.507194655376342e-17,4.139837983530015e-11,-1.4212409461117348e-15,6.884019743136349e-16,1.1079516933539443e-14,7.761021455128988e-15,2.6838258510360335e-15,-3.319339161172996e-15,-1.4893235696191124e-15,1.3877787807814457e-16,-4.5295105677378095e-14,4.240435163498862e-16,4.6105095050405806e-14,1.2196592597142204e-09,3.1916096432521514e-13,1.3713453886666448e-09,7.687195745304417e-14,6.661338147750939e-16,1.1910646203019708e-10,3.055117566050861e-15,1.0155662423144407e-12,3.2873276969667617e-17,-5.71009078933049e-18,-8.899235485258684e-10,-1.7754382976717838e-09,1.501746387256216e-09,5.5003427287069487e-17,6.624041665809332e-19,3.0116727013486233e-19,3.0574135505877227e-16,4.0401499329507964e-10,-1.1705639643391033e-21,-1.1910653945869503e-10,-1.015644478343215e-12,-1.5017483552999995e-09,-1.5017425821402715e-09,3.492674663593915e-39,7.333037880622821e-15,-1.6962750693727662e-18,9.507194655376342e-17,4.139712359574332e-11,-1.4212409461117348e-15,6.884064152057334e-16,1.1079516933539443e-14,-3.975249758999174e-15,-3.2294641035453724e-13,-3.961771426475025e-11,-1.2614181834486039e-15,6.883855985240217e-16,1.0853586548028224e-14,9.326188266726407e-14,-6.606186277584907e-24,4.787074956121979e-12,-1.6520083369851724e-14,-2.2749944289524037e-15,7.865674680808068e-28,1.1157304483808354e-35,-5.574612060854634e-12,2.809747804792077e-16,-1.3152294068656072e-13,-5.1183131927245996e-08,-1.1595289062249493e-12,-4.823749577553826e-13,2.373082471270512e-11,3.986254654142485e-12,2.1362066036090255e-10,5.024401434639003e-08,-1.0665929028874644e-12,-4.823463939374051e-13,2.3812720684190937e-11,1.0039513067782505e-10,-7.420895769154634e-21,-1.1906817146997095e-08,-7.259986593381266e-12,2.2342212802062276e-12,1.1091189077759544e-24
0.00426985501428828,1.0903689449186208e-37,1.0550138540565967e-14,-3.553452856219138e-18,7.987401249668716e-17,4.8591937229502945e-11,-1.958726757178564e-15,1.1436598890135485e-15,4.858902632095171e-14,1.1641532182693482e-14,1.9445692334395784e-15,-3.2520644163702705e-15,-1.3539305178355566e-15,4.163336342344337e-16,-5.304263370159743e-14,3.854941057726238e-16,5.366077952354924e-14,1.4357017979669208e-09,2.581353713277548e-13,1.5526898323271916e-09,1.4229318299989373e-13,7.771561172376096e-16,1.373968076404813e-10,-9.967548609422545e-15,2.4484747565229216e-12,5.848582166076099e-17,-2.26509110161675e-17,-1.1179142380271416e-09,-1.971819296989261e-09,1.0869928592933027e-09,6.769652589177784e-17,1.2470988505155722e-18,-2.1081708909440366e-18,4.656996139793549e-16,4.189860215881135e-10,-2.8569784381815885e-21,-1.3739688506897923e-10,-2.4483886968912698e-12,-1.0869943463850025e-09,-1.0869893133739577e-09,1.0903689449186208e-37,9.407112126306554e-15,-3.553452743281412e-18,7.98739980406582e-17,4.8590766255074415e-11,-1.958726757178564e-15,1.1436779301376987e-15,4.858902632095171e-14,-1.5044558191827188e-15,-4.261513216382203e-13,-4.676813887272146e-11,-1.6943831754323569e-15,1.1436479541160338e-15,4.8072818873793704e-14,1.8921900998981407e-13,-3.4060817698683154e-23,5.9512279082541436e-12,-2.3066238589303234e-14,-3.6808410775375966e-15,7.736687918880325e-27,2.769098617700102e-34,-7.632997404508994e-12,2.7417395899916502e-15,-2.0163518262468944e-13,-5.9424719370326786e-08,-8.45502790003394e-13,-8.050054844943588e-13,-1.7299086607636128e-11,1.6627988939458642e-12,3.2813210661212606e-10,5.8518692094367e-08,-7.203668550559428e-13,-8.049579847124732e-13,-1.6941239522338946e-11,1.5840741509207566e-10,-9.896492246160992e-21,-1.3736357656802414e-08,-7.662659858483542e-12,3.618810760312267e-12,9.55049165846932e-24
0.005241547608898503,3.1751608412469335e-36,1.3217989665766558e-14,-2.5721269009358154e-18,-9.158993008462346e-17,4.813864507013932e-11,-2.4205861273718378e-15,1.603467358890498e-15,9.112668952759861e-14,9.701276818911234e-15,9.479236072554355e-16,-3.539694217712571e-15,-1.624716621402668e-15,5.551115123125783e-16,-5.2518301484292637e-14,3.4212601887320363e-16,5.3043988954313034e-14,1.432075942182128e-09,1.7281797093168185e-13,1.3478279070998453e-09,2.4511749244719234e-13,9.992007221626409e-16,1.264762922919179e-10,-3.1070956040460435e-14,5.404544867734005e-12,9.672519384933678e-17,-5.31177053976658e-17,-1.252051318665274e-09,-1.7823280835712066e-09,5.304012631301055e-10,8.038962449648617e-17,2.120200394774481e-18,-1.1444356265124769e-17,5.380926471493747e-16,4.3425429273163566e-10,-6.635642873900388e-21,-1.2647618389202078e-10,-5.404411866485089e-12,-5.304012044386278e-10,-5.303967635465293e-10,3.1751608412469335e-36,1.238594412219148e-14,-2.5721269009358154e-18,-9.15899589966814e-17,4.8137201247300257e-11,-2.4205861273718378e-15,1.603480126455281e-15,9.112668952759861e-14,-1.8000415972589204e-16,-4.853025833047772e-13,-4.6494608341163254e-11,-2.062279166881176e-15,1.6034504279893724e-15,9.021838831557716e-14,3.5462275968911314e-13,-1.198285016176e-22,5.068182989295028e-12,-3.117551970339046e-14,-4.861636267172731e-15,7.843718739820358e-26,6.490935409917645e-33,-1.096174824984549e-11,5.75756641437349e-15,-1.575265251574365e-13,-5.865701067477858e-08,-3.9305486643215204e-13,-1.0741462475039042e-12,-6.44858921816649e-11,1.7462309144974005e-13,3.9801573924099405e-10,5.813196530652931e-08,-2.600237913874537e-13,-1.0740797051767003e-12,-6.381483193725519e-11,2.2228793095619e-10,-6.091668223570203e-21,-1.264887403166737e-08,-8.087896093596688e-12,4.79024213813813e-12,8.082548269600991e-23
0.006434368671632525,1.2013412345714748e-34,1.976635151853164e-14,1.1970764729589874e-17,-6.765648226843742e-16,5.289111868478358e-11,-2.776517904479192e-15,2.424537237644131e-15,1.7353789701542629e-13,9.701276818911234e-15,4.232065429758335e-16,-5.3438698778551785e-15,-1.7601096731862236e-15,5.551115123125783e-16,-5.813793216137409e-14,3.0357660829594124e-16,5.828670879282072e-14,1.5873495643491722e-09,1.0149030745010696e-13,1.2132052113568599e-09,3.9740838733712004e-13,1.2212453270876722e-15,1.245685779884292e-10,-6.289377001681301e-14,1.497475144035399e-11,1.9349193148836698e-16,-8.175850640810314e-17,-1.4966459896369375e-09,-1.6493787214575034e-09,2.3758559370446836e-10,1.0154478883766675e-16,3.1881691477386324e-18,-5.812528313602843e-17,5.198426669310643e-16,4.3577529182058707e-10,-1.177119370693586e-20,-1.2456805147464325e-10,-1.497423508256408e-11,-2.3758580288320747e-10,-2.3757988169374283e-10,1.2013412345714748e-34,1.8925068919391683e-14,1.1970764729589874e-17,-6.765648805084901e-16,5.288970896799583e-11,-2.776517904479192e-15,2.4245508378761827e-15,1.7353785075613358e-13,5.779080917515481e-16,-5.824252487703537e-13,-5.1378174248384315e-11,-2.3447039448898365e-15,2.424540845868961e-15,1.7152520144965895e-13,6.277346201286738e-13,-4.539052637188871e-22,4.925048668014864e-12,-4.132267625589955e-14,-7.142777399641679e-15,1.0474646006972304e-24,2.012730744033223e-31,-1.7821945696994134e-11,5.623131589989801e-15,8.18586679921888e-14,-6.434384684439465e-08,1.4580819884812967e-14,-1.6560674964694045e-12,-1.2708513944896064e-10,-6.257322666958221e-13,5.189130509582658e-10,6.406908269127599e-08,1.7038337962738126e-13,-1.6559668125637473e-12,-1.2580242625404026e-10,3.0078064070412336e-10,3.2757799823171864e-20,-1.2466272608649267e-08,-8.269778380605905e-12,7.074844876608921e-12,8.424782102531946e-22
0.00789864049545215,4.4265090420768035e-33,2.1585340922077496e-14,6.065505808843426e-17,-1.9484720549985587e-15,4.01865690946579e-11,-3.093895539069136e-15,2.6499374916610917e-15,2.7843537660684113e-13,1.940255363782247e-14,1.0576337116153644e-16,-7.736649862422063e-15,-1.4893235696191124e-15,0.0,-4.431345096037351e-14,2.698458740408367e-16,4.502571155424246e-14,1.217834118055075e-09,2.940494467105975e-14,7.006176969331278e-10,6.336743965166317e-13,1.3322676295501878e-15,8.194226964920063e-11,-6.770500599129606e-14,3.684791777627146e-11,2.599713662262702e-16,1.0235195993399913e-16,-1.189931586207703e-09,-1.1315793780034065e-09,6.047042980644272e-11,8.885169023295841e-17,3.777584965019418e-18,-2.4515015788977797e-16,-3.358256454899062e-16,4.3032702401468725e-10,-1.5506327762919057e-20,-8.194155730701964e-11,-3.6846775530251356e-11,-6.0469703318707e-11,-6.046185774266633e-11,4.4265090420768035e-33,2.0413655950809092e-14,6.065505989543788e-17,-1.9484721706467905e-15,4.018458525933966e-11,-3.093895539069136e-15,2.6499455407780204e-15,2.7843537660684113e-13,7.901235221652314e-16,-4.952501816054185e-13,-3.8783065292591347e-11,-2.568802115465729e-15,2.65007626953917e-15,2.7435017220985475e-13,1.0816021800338722e-12,-1.3738605635389157e-21,1.703326297493206e-12,-5.3872578417944274e-14,-7.45134278353395e-15,1.2099997517840031e-23,6.0998762285036815e-30,-2.0262065506907827e-11,-1.6346781335959312e-14,7.771642292671762e-13,-4.8816825038855426e-08,5.459254104334122e-13,-1.80841958297151e-12,-1.7490453529944716e-10,-6.577471752441019e-13,4.5531196519732473e-10,4.872855788562447e-08,6.636935223625073e-13,-1.8083087383047313e-12,-1.7282923536754425e-10,3.750638640104663e-10,1.920851935100733e-19,-8.210102656365187e-09,-8.350806157686463e-12,7.500447531579487e-12,7.061480690774226e-21
0.009696137237434288,1.7082273489310377e-31,1.685596847285827e-14,1.4877362579726606e-16,-3.971256656853939e-15,2.1907726477365942e-11,-3.370392766960384e-15,1.2835343898842666e-15,4.6285373681935e-13,1.5522042910257976e-14,2.0466298757592186e-17,-1.3910313872989022e-14,-9.477513624848896e-16,0.0,-2.4083593674509607e-14,2.8430190300731005e-16,2.513421569637507e-14,6.700296449068764e-10,-5.237993580104617e-14,2.6930219843529633e-10,9.679847640295004e-13,1.3322676295501878e-15,3.748864875873768e-11,-4.4975492354032607e-14,8.677013997073275e-11,-4.2076696237079205e-17,1.2147859237674331e-15,-6.621695438416797e-10,-6.876089361978387e-10,1.2808465515064723e-11,8.038962449648617e-17,9.618787035011627e-19,-1.019451209406509e-15,-3.045275796523288e-15,4.173381407898885e-10,-3.829846236120518e-22,-3.748781253095999e-11,-8.676931849243062e-11,-1.2807680841812422e-11,-1.2793766046570454e-11,1.7082273489310377e-31,1.535080211093979e-14,1.4877364025329501e-16,-3.971257119446866e-15,2.1905810854150332e-11,-3.370392766960384e-15,1.2835665863519807e-15,4.6285373681935e-13,6.64120610357107e-16,-2.5811838592441444e-13,-2.0557365587592358e-11,-2.759870023488764e-15,1.2841872010227461e-15,4.544676209435513e-13,1.793416785798314e-12,-3.548045834704162e-21,-1.6774109792348099e-12,-6.952824094820047e-14,-5.568980606523999e-15,1.2710051267096675e-22,1.910520261239735e-28,-1.64397768287472e-11,-7.384316121535524e-14,2.036039781216914e-12,-2.657766281592977e-08,1.2263744630924834e-12,-1.4074072041125873e-12,-2.4186347739411454e-10,-5.869300008972308e-13,2.5513678944359224e-10,2.655420103110373e-08,1.2823862582944656e-12,-1.4073504672751369e-12,-2.3840836860244965e-10,4.5333872637743834e-10,7.4334006720649045e-19,-3.764696959588856e-09,-8.237931170551605e-12,5.987570670754986e-12,5.1198579749673646e-20
0.011902691024017547,6.719984138402209e-30,7.761021455128988e-15,2.1252139949477314e-16,-5.750741087033144e-15,8.030838216654956e-12,-3.502852261721978e-15,-5.071143505119835e-15,7.810402324892607e-13,1.1641532182693482e-14,8.027400862163894e-18,-2.8004156068725528e-14,-8.12358310701334e-16,2.7755575615628914e-16,-8.49984386501622e-15,4.095874873834128e-16,1.2335811384723962e-14,2.476070187591189e-10,-1.5407157824669695e-13,6.219280258748839e-11,1.4259112806039375e-12,1.5543122344752192e-15,1.1093459641548028e-11,-1.9242403275343756e-14,1.9567907324227773e-10,-1.92368136163548e-15,5.119008694868943e-15,-2.4517315494320256e-10,-4.642502403178929e-10,5.7459907058105e-12,4.231032868236115e-18,-1.8997228471239846e-17,-4.3711417587373926e-15,-1.0097701050054636e-14,4.006307365959109e-10,9.588346788469676e-20,-1.1092375642576956e-11,-1.9567797011427202e-10,-5.74518210783026e-12,-5.717204487609706e-12,6.719984138402209e-30,5.898215249544591e-15,2.1252142840683107e-16,-5.75074154962607e-15,8.029059017644614e-12,-3.502852348458152e-15,-5.0711251864399284e-15,7.810402324892607e-13,3.751665644813329e-16,4.11849517452841e-14,-6.708506816721638e-12,-2.8215122946373405e-15,-5.06910902142721e-15,7.651840272515642e-13,2.873051391029165e-12,-6.840389462552869e-21,-3.693974265118638e-12,-8.968196917151967e-14,-1.7876477208245144e-15,1.2193757810038791e-21,5.9601800421517806e-27,-8.240917933240628e-12,-1.5342132749414834e-13,3.652627889039195e-12,-9.733647869603068e-09,2.091926720737547e-12,1.7984316258434774e-13,-3.698599589559611e-10,-2.2022480505867748e-13,8.201944486548503e-12,9.72561101661995e-09,2.0975143288914923e-12,1.796395210362789e-13,-3.6423877247671046e-10,5.404526858343325e-10,2.367471563236489e-18,-1.1211587035707554e-09,-7.872066424644922e-12,3.1687193147167393e-12,3.2566573615799717e-19
0.014611391128650755,1.9689257938781166e-28,-1.2126596023639044e-16,5.22696758561055e-18,-2.4605410301840418e-15,1.2692908057942986e-12,-1.78961758606766e-15,-1.7681875963404538e-14,8.704791517229656e-13,1.1641532182693482e-14,6.430034173487403e-18,-5.261725300256814e-14,-5.415722071342227e-16,-2.7755575615628914e-16,-1.39515737889975e-15,8.0953762212251e-16,1.5111368946286853e-14,3.9453826807284795e-11,-1.5714453245739932e-13,2.9733434706606116e-12,1.9475426046161592e-12,1.5543122344752192e-15,1.3394510714539707e-12,3.877286475940633e-14,3.0320516905802985e-10,-6.567681588374857e-15,1.1098142876639514e-14,-3.887241833060216e-11,-3.867996362481959e-10,4.71474638844005e-12,-2.7078610356711135e-16,-8.676482733525919e-17,-1.4453017293772045e-14,-2.0019708110026585e-14,3.818776980681738e-10,3.089015007711901e-19,-1.3385529008779404e-12,-3.0320405028281837e-10,-4.714451051768265e-12,-4.661752465532724e-12,1.9689257938781166e-28,-1.9272287469599784e-15,5.226982041639516e-18,-2.4605414927769687e-15,1.267267180082854e-12,-1.7896177595400074e-15,-1.768186708162034e-14,8.704791517229656e-13,8.526512829121202e-17,1.3327129029979307e-13,3.168452167301439e-14,-1.0609001524497509e-15,-1.7677872499177737e-14,8.528637055841651e-13,4.4678444568044715e-12,-2.072110052665209e-21,-4.437721444870202e-12,-1.157807935174097e-13,2.6491533214785997e-15,8.056298683166047e-21,1.3518357479286483e-25,-3.566013262457091e-13,-1.2993050339341985e-13,3.2015194051382423e-12,-1.5411130142473084e-09,2.4486343730423243e-12,4.138753126881056e-12,-4.1050275771207604e-10,1.1350105300067525e-13,-1.3783525597924988e-10,1.5333351257140747e-09,2.4404246068421287e-12,4.1380138071644975e-12,-4.050811064360005e-10,6.35519821522512e-10,4.0369681256007335e-18,-1.4246447185884017e-10,-7.1957254969371815e-12,8.65605735237788e-14,1.3610638339796406e-18
0.017936511187564473,4.431525477273966e-27,-4.8506384094556175e-16,-4.3364293637419377e-16,4.897552733732861e-15,7.748894859105348e-14,2.314349406562499e-15,-2.817151401046658e-14,5.860921007775725e-13,1.3581787546475728e-14,5.567907799459283e-18,-8.804569125280455e-14,1.3539305178355567e-16,1.3877787807814457e-16,8.221866474681742e-17,1.8792837656415413e-15,3.808681765033523e-14,2.58804393765438e-12,-6.075240683276725e-14,-2.664859612047977e-12,2.429793638175379e-12,1.4432899320127035e-15,8.956928640965787e-14,1.8706362154688188e-13,3.3349240122775104e-10,-1.3363361224765124e-14,1.3446382907106253e-14,-2.4236667315862726e-12,-3.614958461771811e-10,4.090188835773982e-12,-9.731375596943063e-16,-2.6043272042974744e-16,-3.9792026733838824e-14,-2.8144894077245645e-14,3.617297740413406e-10,7.14841213562201e-19,-8.843883033982643e-14,-3.334912746289367e-10,-4.090061622719077e-12,-4.002131959168764e-12,4.431525477273966e-27,-2.094206289863602e-15,-4.3364293637419377e-16,4.897551808547007e-15,7.558469405921642e-14,2.314349406562499e-15,-2.817150401845936e-14,5.860921007775725e-13,5.684341886080802e-18,-1.4648927996555964e-13,1.1967927093792242e-12,3.114859932484837e-15,-2.816664346205755e-14,5.791420121248337e-13,6.76600243653396e-12,2.9341698989692713e-20,-4.5374648359083424e-12,-1.4899735091555844e-13,5.0569111976576465e-15,3.977103182241995e-20,2.3170462045644426e-24,1.3919672525730675e-12,7.698656527092377e-15,6.165651692905764e-13,-1.0239701617731356e-10,2.2122241483124583e-12,8.789104413153837e-12,-3.0974727671662094e-10,6.767357045115811e-15,-1.0299797092253963e-10,9.388659236719832e-11,2.2303726865402494e-12,8.787883203353885e-12,-3.077451034746067e-10,7.355878696855175e-10,2.3753169577562483e-18,-1.8249835020165313e-11,-6.200752874126654e-12,-1.2112252404753813e-12,3.991659730788888e-18
0.02201833013358902,9.024491677444094e-26,2.78911708543698e-15,-9.528098217822153e-16,1.2110173049547276e-14,-8.73114913702011e-15,8.125674438863584e-15,-2.8118619654904366e-14,1.2326519434798417e-13,1.5522042910257976e-14,4.723957478621097e-18,-1.4443376327120486e-13,2.1662888285368908e-15,8.326672684688674e-16,-1.3928986243737383e-16,4.799401616869167e-15,1.0577958262400798e-13,7.550238438699485e-14,3.4137693400951864e-14,-2.582972595500588e-12,2.844127448895661e-12,1.3322676295501878e-15,1.2388559669385597e-15,5.357355200527868e-13,3.030021309161546e-10,-2.4468910117568434e-14,6.5638910757014504e-15,-3.0539976398010177e-14,-3.4088081194969945e-10,3.4805264862343885e-12,-2.877102350400558e-15,-7.226972456246376e-16,-1.1040551189327946e-13,-3.411528190505432e-14,3.40618460439674e-10,1.946511491292434e-18,-3.2519969132137194e-16,-3.0300099649373735e-10,-3.4804751673315573e-12,-3.336294203866904e-12,9.024491677444094e-26,1.1674217148538446e-15,-9.52809937430447e-16,1.2110172124361422e-14,-1.0163603292312472e-14,8.125674438863584e-15,-2.8118563033530108e-14,1.2326519434798417e-13,1.1368683772161604e-17,-8.177645819766136e-13,1.2500890989031178e-12,9.130305539395423e-15,-2.811521682133389e-14,1.4233262716582356e-13,1.0007463506941347e-11,1.2068139914615033e-19,-4.5580298449595225e-12,-1.924328390500348e-13,6.291469081820544e-15,1.7840259969900482e-19,3.561515118811517e-23,6.817437281370076e-13,1.5211790345877792e-13,-1.9155829515208704e-12,-4.768904060536983e-12,1.9261533479308923e-12,1.1609485568442324e-11,-1.6565217494009707e-10,1.328119244211242e-13,8.66469539081057e-12,-3.2312527764588594e-12,1.9888940605561344e-12,1.1608197851842305e-11,-1.6781217008580521e-10,8.299280771661461e-10,-8.541577847424646e-18,-1.2138806306450785e-11,-4.584464752266371e-12,-1.629942569802978e-12,9.246268793864658e-18
0.027029050231788372,1.8439942703703136e-24,8.852415097256502e-15,-1.8001023125805796e-15,1.9688358351051722e-14,-1.8189894035458565e-14,1.5746421527795817e-14,-1.0682357221014627e-14,-5.482307200802931e-13,1.746229827404022e-14,3.917964408141438e-18,-2.4953901430734465e-13,7.852797003446228e-15,2.220446049250313e-15,3.4092134979266416e-16,1.3930793247358193e-14,3.281325828336574e-13,1.0377481699880058e-15,9.101804831436037e-14,-2.3184167763884565e-12,3.163238682417003e-12,1.3322676295501878e-15,-7.111033250227333e-14,1.4014636764310672e-12,2.3945094215390463e-10,-5.0316947989045045e-14,-2.130549856200953e-14,1.278417616660891e-14,-3.2010156799113375e-10,2.9134418402104734e-12,-8.775162168721701e-15,-2.104826051950101e-15,-3.4258499779288916e-13,-3.855986734872027e-14,3.1925577007622394e-10,7.054494048872739e-18,7.210141727582417e-14,-2.394497294954586e-10,-2.9129291571431773e-12,-2.663351021207442e-12,1.8439942703703136e-24,6.8773431394220096e-15,-1.800102196932348e-15,1.9688358351051722e-14,-1.9679191609611735e-14,1.5746421527795817e-14,-1.0682299489417347e-14,-5.482307200802931e-13,3.031649005909761e-17,-2.475705211206029e-12,1.2223381418152712e-12,1.7217424014281946e-14,-1.0683716133996768e-14,-4.712307396144884e-13,1.4491299088513843e-11,3.3393555332343635e-19,-4.584231648660273e-12,-2.5229717042403915e-13,7.119660763721391e-15,8.055891380240219e-19,5.463586871508376e-22,-3.3106329529649275e-13,2.78247321479815e-13,-3.5449666313525085e-12,-1.7968753929231696e-12,1.781194025607391e-12,1.0723712904336934e-11,-2.8515544740296642e-11,-6.530556836044829e-14,1.9592844182625413e-10,-5.562651494983584e-12,1.902964452682454e-12,1.0723119032718386e-11,-3.4616197316002705e-11,9.072923291217533e-10,-4.678630821039961e-17,-9.207177546287376e-12,-1.5365625438690245e-12,-1.8525246151905133e-12,1.2009078277960801e-17
0.03318006188480442,2.9927896446816316e-23,1.709850039333105e-14,-3.012697961472336e-15,2.6628590073703625e-14,-2.801243681460619e-14,2.597500339818204e-14,2.961362488562713e-14,-1.4996933324814184e-12,1.5522042910257976e-14,3.1950623195099078e-18,-3.4169354267328994e-13,2.0715136922884016e-14,4.85722573273506e-15,9.099769067124867e-16,3.536426552831608e-14,8.705998884768936e-13,2.539608292374617e-16,1.0694148117324862e-13,-2.1117765159300992e-12,3.2627092141557493e-12,1.2212453270876722e-15,-1.9090770450523206e-13,2.7828961165185843e-12,1.0996092620885678e-10,-8.879168114608717e-14,-8.156712634561354e-14,3.781985449288469e-14,-2.9976042320191313e-10,2.4288508848844628e-12,-2.170519861405127e-14,-4.881484756344423e-15,-9.069772807019434e-13,-2.919082168462663e-14,2.986078374231565e-10,2.2959036484842174e-17,1.9214656047217062e-13,-1.0995967443239639e-10,-2.428575858933376e-12,-2.0867751970854442e-12,2.9927896446816316e-23,1.5393434675085398e-14,-3.0126974988794096e-15,2.662858637296021e-14,-2.9609736884594897e-14,2.597500339818204e-14,2.961366485365602e-14,-1.499693239962833e-12,4.263256414560601e-17,-5.4276824812404815e-12,1.1898578122782056e-12,2.8374201599401517e-14,2.960636624749213e-14,-1.3325633189490797e-12,2.0535166146663432e-11,4.035215536677887e-19,-4.626631494128746e-12,-3.171864536068621e-13,5.3730616599486265e-15,2.7572601554625583e-18,6.5947503376415795e-21,-1.3539925921198421e-12,3.5971270406776056e-13,-3.6082498174512996e-12,-1.6436633609728802e-12,1.660715276408098e-12,4.020154307227131e-12,1.0524166575246833e-10,-1.207058157130329e-13,4.807103929730753e-10,-5.18884917255491e-12,1.8617342778526337e-12,4.021351287519792e-12,9.54347253075601e-11,9.57309464258233e-10,-1.2439328001774132e-16,-4.905869629076697e-12,1.0260773712171083e-12,-1.3983066556496244e-12,-4.555702067605467e-17
0.04073086169282719,3.6703185600950756e-22,2.6072181450823943e-14,-4.43205472322461e-15,3.509111519880056e-14,-4.05634636990726e-14,3.9065957066486415e-14,6.725274781516078e-14,-2.470073775147815e-12,1.1641532182693482e-14,2.6277138887473764e-18,-3.3581985933381353e-13,4.0211736379716035e-14,8.465450562766819e-15,1.825374824287401e-15,7.352336332348368e-14,1.8603945544586825e-12,5.282903270143025e-17,9.783922767840342e-14,-1.9410958628565487e-12,3.2299316392911715e-12,1.3322676295501878e-15,-3.570382896716929e-13,4.0312646583564065e-12,1.4106519287427456e-11,-1.168208310084254e-13,-1.5171556676733733e-13,7.919086903204964e-14,-2.7997965702958706e-10,2.0553777140922915e-12,-4.154028070034217e-14,-8.421548845110628e-15,-1.9359008030887343e-12,-1.354425966577246e-14,2.7868917767830096e-10,5.88317586125111e-17,3.584939454328457e-13,-1.4105549160670655e-11,-2.0548007739762397e-12,-1.718773271856359e-12,3.6703185600950756e-22,2.452556676265279e-14,-4.432054260631683e-15,3.509111149805714e-14,-4.24279278377071e-14,3.9065957066486415e-14,6.725275447649892e-14,-2.4700736826292297e-12,5.021168666038041e-17,-8.834725425307018e-12,1.1543761502252892e-12,4.3208410460682243e-14,6.724676371305805e-14,-2.2119225895345097e-12,2.8404425129798253e-11,-6.753162491477328e-19,-4.6916714323930196e-12,-3.711959125490827e-13,2.41813947338132e-15,6.2314268455843525e-18,5.953189435979683e-20,-2.22111692001666e-12,4.4796193421348107e-13,-3.4299960797549527e-12,-1.529575666125993e-12,1.5695542532334627e-12,-1.6097975219508954e-12,2.0423853330786557e-10,3.8475889141409425e-14,7.851408251250784e-10,-4.875437298323959e-12,1.8719924499421836e-12,-1.6068767649812798e-12,1.8981565060490388e-10,9.733235212637623e-10,-1.863069349216127e-16,-1.6650224195654243e-12,4.647717396129755e-13,-6.29477303615289e-13,-3.4759738137389376e-16
0.05,2.9628687065167006e-21,2.6557245291769505e-14,-4.322717184201963e-15,3.487583555283891e-14,-5.602487362921238e-14,5.4678116895301445e-14,8.002351226110705e-14,-2.560570366849646e-12,1.746229827404022e-14,2.257219830248311e-18,-2.0225742738619323e-13,5.050160831526626e-14,9.020562075079397e-15,3.0511256137362905e-15,1.0838648651429534e-13,2.737008150985629e-12,1.4404100331153078e-16,9.226650301813079e-14,-1.7607475555089727e-12,3.1839421784647178e-12,1.2212453270876722e-15,-5.476982229835373e-13,3.607995967264709e-12,-1.547884182095306e-11,-7.893492711111246e-14,-1.5943361212782716e-13,5.166937867337768e-14,-2.5919049852122e-10,1.7433605918835509e-12,-5.2232100758374835e-14,-8.790243228809112e-15,-2.84853280045473e-12,-3.924612729369906e-15,2.577651674148484e-10,9.500960119837124e-17,5.495874783331186e-13,1.5479436414771745e-11,-1.7426060594516457e-12,-1.5403974392332505e-12,2.9628687065167006e-21,2.479178344098424e-14,-4.322717184201963e-15,3.487583185209549e-14,-5.775291356258094e-14,5.4678116895301445e-14,8.002353002467543e-14,-2.5605702743310605e-12,3.789561257387201e-17,-9.114561786797519e-12,1.1139377420477103e-12,6.199454699595818e-14,8.00343213924748e-14,-2.2879165229028332e-12,3.8065083021990366e-11,-3.54653253362289e-18,-4.771639585058904e-12,-4.1410798401475546e-13,5.10005810731388e-16,4.887933743155832e-18,3.480671005967319e-19,-2.2957353943790317e-12,4.4512494431122226e-13,-3.022035836390084e-12,-1.4473338638687493e-12,1.4944234849600947e-12,-2.7612372832663823e-12,2.141923499676679e-10,1.0547675325748665e-13,8.122030218752722e-10,-4.514731699600816e-12,1.9177975429940375e-12,-2.7577367234243866e-12,1.9910536922888393e-10,9.656752077566896e-10,-8.668721794146702e-17,8.226003620472037e-13,-3.987854028479158e-12,-1.3313743626082915e-13,-1.0292062092803118e-15
0.05352280527117856,5.667912994731947e-21,2.522331972916921e-14,-4.046614895022079e-15,3.3571301294443855e-14,-6.166374078020453e-14,6.044005296246268e-14,8.122642114472001e-14,-2.4668504276329865e-12,1.5522042910257976e-14,2.1806167016713065e-18,-1.629412750558945e-13,5.2261717988452486e-14,8.465450562766819e-15,3.1191894167867694e-15,1.197392879292991e-13,3.013330326003446e-12,-2.5049831814497345e-16,9.329431069265843e-14,-1.7008358545856323e-12,3.160824945813002e-12,1.2212453270876722e-15,-6.237639793535649e-13,3.2767950834253664e-12,-1.6941167081980707e-11,-5.641595450778058e-14,-1.5195594390965174e-13,3.355846243734839e-14,-2.5211997864104443e-10,1.6543973222621355e-12,-5.3941438037142223e-14,-8.237497056001741e-15,-3.136683621174363e-12,-2.960614961923858e-15,2.5065831839084523e-10,1.04825555004191e-16,6.25606777604386e-13,1.69416208509476e-11,-1.65393624721825e-12,-1.4911035369398935e-12,5.667912994731947e-21,2.3584334485349245e-14,-4.046615820207933e-15,3.357129759370044e-14,-6.34202024230035e-14,6.044005296246268e-14,8.12264566718568e-14,-2.466850335114401e-12,2.936909974475081e-17,-8.756675621649872e-12,1.099351720768027e-12,6.925429327231391e-14,8.124549921717517e-14,-2.2006946265307194e-12,4.169693438234086e-11,-4.774390956295326e-18,-4.803478183409225e-12,-4.3271650730184835e-13,2.6700863742235013e-16,1.2727760146252459e-18,5.959332633799176e-19,-2.2315221078391307e-12,4.3198114714944796e-13,-2.871529029372747e-12,-1.4307122708778762e-12,1.4656393432233017e-12,-2.685678168745653e-12,2.0623017164359917e-10,-4.1789386765837356e-15,7.819132103274266e-10,-4.379580786917359e-12,1.933639426354716e-12,-2.6821197707249668e-12,1.916335342263172e-10,9.574155551049352e-10,-1.688691205760476e-17,1.6689867586596277e-12,-5.329697331616738e-12,-7.000756456025196e-14,-1.3729847179063821e-15
0.05729381368192999,1.0751881896793515e-20,2.3889394166568916e-14,-3.7124266623796605e-15,3.2045603208056645e-14,-6.748450687155128e-14,6.650548792230815e-14,8.193220324415052e-14,-2.350384516643563e-12,1.1641532182693482e-14,2.1302791769481335e-18,-1.311651163839652e-13,5.361564850628804e-14,7.632783294297951e-15,3.7230297934071685e-15,1.3200763784551286e-13,3.3112401709445294e-12,-2.2111032298048226e-16,9.547626705678799e-14,-1.642494280120083e-12,3.127701081817333e-12,1.2212453270876722e-15,-7.133332657632227e-13,2.9234406965069232e-12,-1.7018401689586773e-11,-3.065099657545364e-14,-1.42220111908604e-13,1.3139292171236935e-14,-2.4502446583324476e-10,1.5744784671635943e-12,-5.519805479900835e-14,-7.404094986451131e-15,-3.4474063264560645e-12,-2.6637601768051178e-15,2.435375205763989e-10,1.132410655631789e-16,7.150366927177633e-13,1.7018871105759417e-11,-1.5741482191818552e-12,-1.4428458428028534e-12,1.0751881896793515e-20,2.2109247765911278e-14,-3.7124266623796605e-15,3.2045599507313227e-14,-6.937739271961618e-14,6.650548792230815e-14,8.19322210077189e-14,-2.3503844241249775e-12,2.2737367544323207e-17,-8.31796569400467e-12,1.0841858966159634e-12,7.709396732114015e-14,8.196058054465993e-14,-2.093236510051592e-12,4.5553341057279824e-11,-6.096824867508859e-18,-4.840705805215728e-12,-4.5440329739706204e-13,1.319054819074831e-16,-5.487074932450825e-18,1.0092770693707557e-18,-2.1064072560269172e-12,4.1671714967606023e-13,-2.717959783164285e-12,-1.3864580483691214e-12,1.43124218032753e-12,-2.54662353427193e-12,1.9628559555506797e-10,-1.2929840901657978e-13,7.444905349984765e-10,-4.272624209988862e-12,1.9462133904468713e-12,-2.543028045920437e-12,1.8232963509371794e-10,9.458451786650383e-10,7.084017117551492e-17,2.624392480362645e-12,-6.464289751632417e-12,-3.498326628381676e-14,-1.8026776767285023e-15
0.0613305126588225,2.0211896934734e-20,2.2070404763023058e-14,-3.310346441409706e-15,3.022885645502053e-14,-7.366907084360719e-14,7.285703082504647e-14,8.220924385682338e-14,-2.209114465430891e-12,9.701276818911234e-15,2.1048386857553236e-18,-1.0625609550216075e-13,5.402182766163871e-14,6.522560269672795e-15,3.594130201789447e-15,1.4499878921005028e-13,3.6254949659703726e-12,-1.281670968241376e-16,9.866244917326286e-14,-1.5861908040267744e-12,3.084258336252035e-12,9.992007221626409e-16,-8.187599085496942e-13,2.54990529749424e-12,-1.635758889614687e-11,-1.6617821486857642e-15,-1.3020088806149905e-13,-9.233016120328657e-15,-2.378779344045925e-10,1.5029654315083334e-12,-5.575232010474728e-14,-6.219745991029382e-15,-3.774906458022439e-12,-2.7949779680659863e-15,2.36378042462679e-10,1.1897721238665442e-16,8.205252783025816e-13,1.6358058312319517e-11,-1.5019097077129118e-12,-1.39562435682213e-12,2.0211896934734e-20,2.0333601469246786e-14,-3.3103445910379986e-15,3.0228852754277116e-14,-7.566427484562155e-14,7.285703082504647e-14,8.220926606128387e-14,-2.2091143729123058e-12,1.3263464400855203e-17,-7.790337501016136e-12,1.0683834261726589e-12,8.553785318943241e-14,8.224803060841168e-14,-1.963412025555537e-12,4.9632023297420556e-11,-7.43296805660454e-18,-4.884127706856925e-12,-4.791602589241754e-13,6.022092546853486e-17,-1.7121296662021868e-17,1.688531458658793e-18,-1.9599089758533714e-12,3.982972174298993e-13,-2.546448267063776e-12,-1.354437062506264e-12,1.3910205209910487e-12,-2.361463771194394e-12,1.842142984450253e-10,7.487225654282763e-15,6.992423247235517e-10,-4.151297616772354e-12,1.955171158307678e-12,-2.3578517982514314e-12,1.7105814024513204e-10,9.312392588322655e-10,1.7728521347018674e-16,3.720532239909883e-12,-7.412880494624593e-12,-1.65018924451014e-14,-2.3240746124100185e-15
0.06565162172439418,3.7731781524973703e-20,2.000888343900442e-14,-2.845819876048002e-15,2.8175173305555746e-14,-7.98536348156631e-14,7.947768554394941e-14,8.221069602853958e-14,-2.0483133707690133e-12,9.701276818911234e-15,2.1045732986421294e-18,-8.765648074291847e-14,5.37510415580716e-14,4.85722573273506e-15,4.023895896271896e-15,1.588139342256767e-13,3.958870268642538e-12,1.1586136491327571e-16,1.027856875780729e-13,-1.531538139204093e-12,3.030376312247955e-12,1.1102230246251565e-15,-9.448754459840394e-13,2.1669071681778393e-12,-1.5314108038765732e-11,3.031257990958134e-14,-1.1631252602850751e-13,-3.355846243734839e-14,-2.3066819772095695e-10,1.4384400065745966e-12,-5.549845813265312e-14,-4.623355700833411e-15,-4.122419757023815e-12,-3.199251876654971e-15,2.291673520845557e-10,1.2076986497528954e-16,9.465169301402331e-13,1.5314561807732623e-11,-1.4369246533381859e-12,-1.3491430195244902e-12,3.7731781524973703e-20,1.8299791311922794e-14,-2.8458180256762945e-15,2.8175173305555746e-14,-8.220695235650055e-14,7.947768485006002e-14,8.221074043746057e-14,-2.048313278250428e-12,0.0,-7.193951508573567e-12,1.0519215720705689e-12,9.461444128167074e-14,8.226103798136819e-14,-1.8159287037041358e-12,5.393188842868523e-11,-8.672706240439308e-18,-4.935354401089834e-12,-5.069265320012395e-13,2.3994116878552537e-17,-3.617178727084585e-17,2.793974752377045e-18,-1.8572762883195536e-12,3.772273160507211e-13,-2.3572034990593237e-12,-1.3086704386822135e-12,1.3449137470367134e-12,-2.1480471446011508e-12,1.7047483036325416e-10,-9.056104014841063e-15,6.479060781809191e-10,-4.041430656798184e-12,1.9603186185435107e-12,-2.1444338926812633e-12,1.5824384099379548e-10,9.13758706942552e-10,3.0247985944792453e-16,4.993085089149172e-12,-8.197118909573456e-12,-7.301150424983879e-15,-2.9386430264727085e-15
0.07027717930583655,7.01790743665458e-20,1.7704830194513003e-14,-2.334934097921367e-15,2.602353147788487e-14,-8.694769348949194e-14,8.63518388738438e-14,8.214503743886325e-14,-1.878392164034182e-12,1.1641532182693482e-14,2.1291143687822236e-18,-7.474397619930406e-14,5.2667897143803156e-14,2.6367796834847468e-15,4.669598523441041e-15,1.7387711640874198e-13,4.3253980644111485e-12,-3.9041302693861725e-17,1.0782968300147444e-13,-1.4791478765333368e-12,2.965765023544958e-12,9.992007221626409e-16,-1.0997324418513596e-12,1.7887606601491504e-12,-1.4107019998011614e-11,6.514601040532085e-14,-1.0124475586174221e-13,-5.930437277288022e-14,-2.233967016541841e-10,1.380886218450376e-12,-5.4398389586911725e-14,-2.5410607252802746e-15,-4.5047275130784114e-12,-3.7689026843718755e-15,2.2190797649036712e-10,1.173201777138086e-16,1.101265526110446e-12,1.4107379883743975e-11,-1.3800812344773779e-12,-1.3053262174859508e-12,7.01790743665458e-20,1.610374056326691e-14,-2.334934097921367e-15,2.602353147788487e-14,-8.90054252522532e-14,8.63518381799544e-14,8.214509072956844e-14,-1.8783920715155962e-12,-1.2316074086508403e-17,-6.569219597925743e-12,1.0347548595746049e-12,1.0435757397120326e-13,8.22080181706042e-14,-1.66032373035326e-12,5.845319423905085e-11,-9.669488243477452e-18,-4.99754497063015e-12,-5.375098514430002e-13,6.357761539454998e-18,-6.646146294204578e-17,4.583071374276862e-18,-1.7313472729559484e-12,3.5510504166798756e-13,-2.1600017182284623e-12,-1.2645647640141532e-12,1.2927983017441137e-12,-1.9258708050529093e-12,1.5596297753273092e-10,-1.2454298333371602e-13,5.93794296340396e-10,-3.929380909539759e-12,1.961408346851101e-12,-1.922262953257814e-12,1.4471904933680926e-10,8.934316981325403e-10,4.462585935768789e-16,6.5153913013232734e-12,-8.846224678708362e-12,-3.013677270698641e-15,-3.637723260639658e-15
0.07522863565987976,1.3051110779694882e-19,1.5643308870494366e-14,-1.7944812302772563e-15,2.392421816210799e-14,-9.404175216332079e-14,9.34628617554889e-14,8.220218283838676e-14,-1.709926367166048e-12,9.701276818911234e-15,2.180229994734938e-18,-6.673296897713454e-14,5.077239441883337e-14,0.0,5.332467685007873e-15,1.9090149985492548e-13,4.749133185476416e-12,-1.6852512908838217e-16,1.1380358210813749e-13,-1.4283471046754522e-12,2.890049815257441e-12,9.992007221626409e-16,-1.2962149982078151e-12,1.4255176861883547e-12,-1.2873895006881383e-11,1.0320071770299913e-13,-8.56166506998292e-14,-8.664830512923817e-14,-2.160754262852839e-10,1.3311371680850097e-12,-5.2405573105972516e-14,1.559387655895167e-16,-4.946382086716704e-12,-4.402558470217842e-15,2.146117360051937e-10,1.0695270619765277e-16,1.2977945395656617e-12,1.2874129714967706e-11,-1.3306393024474044e-12,-1.2638778912332782e-12,1.3051110779694882e-19,1.3838293474085125e-14,-1.7944830806489637e-15,2.392421816210799e-14,-9.606537787476554e-14,9.346286106159951e-14,8.220227165622873e-14,-1.7099262746474628e-12,-2.936909974475081e-17,-5.957917892374098e-12,1.0169287634198554e-12,1.1480459360946326e-13,8.227900138990662e-14,-1.506334686614726e-12,6.319629977593455e-11,-1.021019470320744e-17,-5.075716782143973e-12,-5.705514186105098e-13,-2.437286483747414e-18,-1.1384157327690397e-16,7.470229921726828e-18,-1.5673511673715742e-12,3.337428111649388e-13,-1.966556932112932e-12,-1.1907155927914914e-12,1.234523860915715e-12,-1.7110171768308646e-12,1.4158952325408573e-10,-9.049472282640636e-15,5.403523876642188e-10,-3.844797902274877e-12,1.9581592791695357e-12,-1.7074130198579951e-12,1.3133018228472794e-10,8.702178770862422e-10,6.086458474636222e-16,8.42818491427641e-12,-9.400850468447667e-12,-1.1428820852662133e-15,-4.3851125620565875e-15
0.08052895234480373,2.430910285447947e-19,1.3460521586239339e-14,-1.2302325824720128e-15,2.1958094601851978e-14,-1.013177097775042e-13,1.0078591572426631e-13,8.247351246382095e-14,-1.5480784247105343e-12,7.761021455128988e-15,2.2573192297852526e-18,-6.275401928425757e-14,4.7387568124244485e-14,-3.469446951953614e-15,5.485159490966248e-15,2.1042677631230886e-13,5.2536678711116264e-12,-1.6228285556953016e-16,1.2072808410365402e-13,-1.380278320580199e-12,2.8034289703129484e-12,9.992007221626409e-16,-1.5521626409773215e-12,1.0772026846651127e-12,-1.1674317624889606e-11,1.4529093715989578e-13,-6.960732826333352e-14,-1.1683316552262032e-13,-2.0870664369858577e-10,1.2890091916304784e-12,-4.9194219158981304e-14,3.691928625879429e-15,-5.470792607511735e-12,-4.944140721660741e-15,2.0728124965806012e-10,8.692371218731838e-17,1.5536647538372345e-12,1.167442715532989e-11,-1.2888949167214985e-12,-1.2259822786594061e-12,2.430910285447947e-19,1.153542446748664e-14,-1.2302307321003052e-15,2.1958094601851978e-14,-1.0331859812140465e-13,1.0078591572426631e-13,8.247355687274194e-14,-1.548078332191949e-12,-4.831690603168681e-17,-5.3826624935027215e-12,9.983068594010547e-13,1.259903653627603e-13,8.256528793992857e-14,-1.3586844612352897e-12,6.815841132769188e-11,-9.936124950850245e-18,-5.176311886659384e-12,-6.056098909394218e-13,-7.690607410163845e-18,-1.8699604316394656e-16,1.2099111557836784e-17,-1.3699008150069858e-12,3.1419015537418697e-13,-1.7829492549026326e-12,-1.1494367901931924e-12,1.1702661173451646e-12,-1.5101321082511276e-12,1.2779795240576892e-10,7.822317608467226e-14,4.893130001922448e-10,-3.726927388925106e-12,1.9505516979378967e-12,-1.506524966998768e-12,1.184887221672426e-10,8.441896664916594e-10,7.87956846106286e-16,1.0888057322229613e-11,-9.90755163095732e-12,-3.680389326632394e-16,-5.072350507644384e-15
0.08620270870085896,4.582845262905457e-19,1.152026622245709e-14,-6.680359968906184e-16,2.03559761639364e-14,-1.0859366739168764e-13,1.0831626845453357e-13,8.319868349815351e-14,-1.4075697089369991e-12,9.701276818911234e-15,2.369571085494584e-18,-6.240584582660007e-14,4.319038351895426e-14,-8.049116928532385e-15,6.467567126146169e-15,2.346261688021853e-13,5.9181055118213205e-12,-4.378423846734364e-16,1.2858634785425966e-13,-1.3354111098582835e-12,2.703490416231744e-12,1.1102230246251565e-15,-1.9075904178919944e-12,7.440268902003497e-13,-1.0625078595790674e-11,1.943870096278455e-13,-5.3640699472227605e-14,-1.5092430196691075e-13,-2.0136388680511606e-10,1.2569609704934e-12,-4.4599317464076884e-14,8.488210338059542e-15,-6.160348803219757e-12,-5.0951473869588036e-15,1.9999379252161202e-10,5.3584468913609514e-17,1.9089686451552134e-12,1.0625250715053978e-11,-1.2570685233489105e-12,-1.1947480042332852e-12,4.582845262905457e-19,9.310952009400353e-15,-6.680396976340337e-16,2.03559761639364e-14,-1.1078782335971482e-13,1.0831626845453357e-13,8.319875455242709e-14,-1.4075696164184137e-12,-6.631732200427602e-17,-4.905966003813471e-12,9.789573596208357e-13,1.3797210596244725e-13,8.330673928469423e-14,-1.2310184353362767e-12,7.334601797039518e-11,-8.328219843306393e-18,-5.314444326973034e-12,-6.415744671639523e-13,-1.232231909102192e-17,-3.010443087147787e-16,1.962443332067252e-17,-1.2860049025675835e-12,2.9888601223622877e-13,-1.6274602406459356e-12,-1.0399235583768984e-12,1.09878739440461e-12,-1.3422416600405995e-12,1.1585918206306426e-10,-3.634378723897195e-14,4.4575475233917434e-10,-3.67435859516263e-12,1.9373066484362765e-12,-1.3386126340719784e-12,1.0737604324203194e-10,8.147780189556063e-10,9.87926395997331e-16,1.4279549417320616e-11,-1.043293692178556e-11,-5.229613038911415e-17,-5.470054657349723e-15
0.09227621583288409,8.677498642288398e-19,9.337478938202064e-15,-7.505107646466059e-17,1.89702253905466e-14,-1.1586962500587107e-13,1.159969953423712e-13,8.419122288216841e-14,-1.2764135119229062e-12,5.820766091346741e-15,2.5037742467095417e-18,-6.50245193338043e-14,3.560837261907514e-14,-1.4710455076283324e-14,6.9905440907353574e-15,2.629310735185402e-13,6.7421377123208815e-12,-1.6864162985283991e-16,1.3738585108344056e-13,-1.292743367134281e-12,2.5930005578919346e-12,1.2212453270876722e-15,-2.396319096849256e-12,4.0174647223481237e-13,-9.634047172099878e-12,2.516621088070791e-13,-3.6662625521622945e-14,-1.9158508449681965e-13,-1.939984090683517e-10,1.2331805860031169e-12,-3.7233089240477805e-14,1.509074322344735e-14,-7.01339425385503e-12,-4.195024550276842e-15,1.9269604000304605e-10,-7.322335131217409e-19,2.3976198956145416e-12,9.634109760922896e-12,-1.2327916465437738e-12,-1.1679546219056647e-12,8.677498642288398e-19,6.998845947236987e-15,-7.505107646466059e-17,1.89702253905466e-14,-1.1841052582894917e-13,1.159969953423712e-13,8.419129393644198e-14,-1.2764134194043208e-12,-8.431773797686522e-17,-4.488477619209637e-12,9.587665772414767e-13,1.50766414630521e-13,8.431699782818214e-14,-1.112109848655507e-12,7.87429286826526e-11,-4.290016737051118e-18,-5.502874319544389e-12,-6.779825543571741e-13,-1.8049797767538677e-17,-4.739336562403586e-16,3.1505698316660466e-17,-1.1754593742807628e-12,2.8603247178201247e-13,-1.4864428502884644e-12,-1.0028891050950506e-12,1.0216792190043123e-12,-1.1898191587533801e-12,1.0473276061221763e-10,8.099808231539404e-14,4.0575978346168997e-10,-3.546665539033711e-12,1.9195736111754513e-12,-1.1861584425787441e-12,9.702290341510414e-11,7.826616744880156e-10,1.1913206059732434e-15,1.8918817242312133e-11,-1.1021059065363659e-11,9.510910577622175e-17,-4.982736590229223e-15
0.09877763862369399,1.6488223385937288e-18,6.790893773237864e-15,5.687191458510673e-16,1.7791346174078627e-14,-1.2369127944111825e-13,1.2377911334793267e-13,8.541109153270554e-14,-1.1515806826641513e-12,7.761021455128988e-15,2.6420078454591637e-18,-7.046851528228852e-14,2.3964570165689354e-14,-2.400857290751901e-14,8.153802671631264e-15,2.955101441326491e-13,7.756449803429809e-12,-8.900116540550714e-18,1.4709939221735582e-13,-1.2518684409514972e-12,2.473260639612535e-12,1.1102230246251565e-15,-3.077689878665464e-12,2.826188567389798e-14,-8.673684271688637e-12,3.1920602293338586e-13,-1.7928641700213347e-14,-2.425442311609413e-13,-1.8660194836345824e-10,1.215868117993013e-12,-2.5627366082906146e-14,2.4213321946694056e-14,-8.061598504875854e-12,-9.849137186463683e-16,1.8537838899593844e-10,-8.634124468718304e-17,3.078789363336122e-12,8.67382509654043e-12,-1.215176107886388e-12,-1.1447139532568447e-12,1.6488223385937288e-18,4.499630297990128e-15,5.687228465944827e-16,1.7791346174078627e-14,-1.261298621102469e-13,1.2377911334793267e-13,8.541114482341072e-14,-1.1515805901455659e-12,-1.0231815394945442e-16,-4.1291362625391535e-12,9.377345122629777e-13,1.6440134947837138e-13,8.555622876826873e-14,-9.990921053433985e-13,8.433671396904678e-11,3.870344998911114e-18,-5.7639012717783436e-12,-7.139017386507499e-13,-2.6411164921746887e-17,-7.290033416836141e-16,4.9682818701933514e-17,-1.0593654546179702e-12,2.751418056353335e-13,-1.3575314502152954e-12,-9.205576301241081e-13,9.397625899687511e-13,-1.0478865419827344e-12,9.4152640868946e-11,-2.080848086431312e-14,3.685937069046001e-10,-3.4593540476635097e-12,1.8977889926219403e-12,-1.0441875986089145e-12,8.718111491982465e-11,7.481729899699217e-10,1.3686699292496255e-15,2.5338073320600974e-11,-1.1725985922990864e-11,1.969489386392335e-16,-2.4493216699630894e-15
0.1057371263440564,3.0893491388762065e-18,3.880510727564494e-15,1.337023084838999e-15,1.652552169180884e-14,-1.3096723705530166e-13,1.315429085102515e-13,8.653183058981995e-14,-1.012262311010185e-12,9.701276818911234e-15,2.7173310499016777e-18,-7.806627884641519e-14,6.228080382043561e-15,-3.58046925441613e-14,9.47171064574142e-15,3.279301984281268e-13,8.837221078373937e-12,1.4431735396210498e-16,1.5788976888239475e-13,-1.208895709634974e-12,2.3527136462787382e-12,1.4432899320127035e-15,-3.977223196259552e-12,-4.0049019485583875e-13,-7.580382711183975e-12,3.9243827700961597e-13,3.572941639089857e-15,-3.061099959893578e-13,-1.7899191173159505e-10,1.1962228805885895e-12,-7.95011075941566e-15,3.600414339225127e-14,-9.176077625362556e-12,6.483858173855911e-15,1.7784554191081932e-10,-2.1481078473680197e-16,3.978400109428144e-12,7.580445300006995e-12,-1.1951920934431353e-12,-1.1174764817193743e-12,3.0893491388762065e-18,1.5404566511278972e-15,1.3370267855824144e-15,1.6525514290322008e-14,-1.3384351404965855e-13,1.315429085102515e-13,8.653188388052514e-14,-1.0122622184915996e-12,-1.1842378929335003e-16,-3.75366653315723e-12,9.15747477847617e-13,1.7884767972153882e-13,8.669836404351372e-14,-8.72572384717311e-13,9.008429983882105e-11,1.856752799535325e-17,-6.1050822050732224e-12,-7.501580375398239e-13,-3.883467621553412e-17,-1.0730799748492428e-15,7.46827690735515e-17,-9.333104363425567e-13,2.628829302390538e-13,-1.2163593983890071e-12,-8.444173360544483e-13,8.577790366892657e-13,-8.874475554421223e-13,8.231747302319311e-11,1.0102970312194277e-14,3.275927156209946e-10,-3.3593096304684877e-12,1.875766075798424e-12,-8.837243115067395e-13,7.617547999790494e-11,7.13365090513108e-10,1.4349611629214704e-15,3.376130281100963e-11,-1.2536078656625685e-11,3.037153861740194e-16,4.1193730284522225e-15
0.11318695246493872,5.756022943410653e-18,3.637978807091713e-16,2.2419695729543796e-15,1.5438924213147705e-14,-1.3878889149054886e-13,1.3925329223063443e-13,8.783107574572568e-14,-8.738822628491979e-13,7.761021455128988e-15,2.6790287273642807e-18,-8.843060109407312e-14,-1.6788738421160904e-14,-5.0237591864288333e-14,1.0673970388119791e-14,3.6158383386207684e-13,1.0073269379123279e-11,-2.561716344420551e-16,1.699798822621263e-13,-1.1651032206200358e-12,2.2296736435123294e-12,1.4432899320127035e-15,-5.219919616695622e-12,-9.095428866644622e-13,-6.460543489719044e-12,4.747109792592641e-13,2.8037470080632692e-14,-3.892071410723157e-13,-1.7124926799613944e-10,1.177110131011146e-12,1.5109018372471167e-14,5.05946840141918e-14,-1.044710228819628e-11,2.165574731054737e-14,1.701823162366383e-10,-4.0180532512312794e-16,5.221452700954708e-12,6.460668667365083e-12,-1.1766883763660492e-12,-1.0883146236058867e-12,5.756022943410653e-18,-1.8639904434773293e-15,2.241980675184626e-15,1.5438916811660873e-14,-1.415003225702094e-13,1.3925329223063443e-13,8.783113791821507e-14,-8.738821703306124e-13,-1.1937117960769682e-16,-3.442619345150888e-12,8.92805473995395e-13,1.941536126315313e-13,8.802111040040472e-14,-7.469145672326742e-13,9.59803312409475e-11,4.327707056225974e-17,-6.572874218189223e-12,-7.84858578591526e-13,-5.838211858399944e-17,-1.505843608805522e-15,1.0549352933332788e-16,-7.883632709611751e-13,2.520548510650163e-13,-1.083813098527268e-12,-7.368480270386612e-13,7.749587083161203e-13,-7.295308535049117e-13,7.055364015240428e-11,1.663105801223234e-13,2.882816867592434e-10,-3.2843672670423986e-12,1.8524583644818902e-12,-7.257814615968528e-13,6.523910300870739e-11,6.778373857040207e-10,1.3041009253177854e-15,4.532627103357447e-11,-1.353265647689265e-11,4.470729342287428e-16,1.821297127869992e-14
0.1211616643203812,1.0746406674321852e-17,-3.5167128468553225e-15,3.3265538471975256e-15,1.4872258979892195e-14,-1.4624674804508686e-13,1.468948476746057e-13,8.966895670425856e-14,-7.535763679733521e-13,3.880510727564494e-15,2.4522808749437612e-18,-1.03124431737045e-13,-4.06179155350667e-14,-6.675215935558754e-14,1.2157068609898921e-14,4.0002241488392955e-13,1.167260732515274e-11,-3.301604571531356e-16,1.8391779530168137e-13,-1.1243025244650613e-12,2.0988605919473072e-12,1.6653345369377348e-15,-7.054293646941547e-12,-1.5627432452199562e-12,-5.425324356976479e-12,5.757165040142696e-13,5.708137332517078e-14,-5.04264726571796e-13,-1.6356342636892044e-10,1.1656887116453147e-12,3.908205060389699e-14,6.713755934658824e-14,-1.2086130466422275e-11,5.0946185276745676e-14,1.6258660761383855e-10,-6.758400711967994e-16,7.055702845603939e-12,5.425402593005254e-12,-1.164994027173331e-12,-1.0618173007514997e-12,1.0746406674321852e-17,-5.8169765300893534e-15,3.326576051658018e-15,1.4872251578405364e-14,-1.4908891898812725e-13,1.468948476746057e-13,8.966900999496375e-14,-7.535762754547667e-13,-9.758120237772043e-17,-3.304739948362112e-12,8.689767128089443e-13,2.1038525643835016e-13,8.988466859705113e-14,-6.380686719727654e-13,1.0202774106837271e-10,8.402938737166063e-17,-7.257713796712859e-12,-8.137801775035906e-13,-9.121754277844711e-17,-1.981635624274282e-15,1.3440582081796335e-16,-6.822910828911214e-13,2.4831135666166423e-13,-9.851648978080144e-13,-6.413351738565609e-13,6.887709735892144e-13,-5.990023055346683e-13,6.032612687167926e-11,-4.315173403786806e-14,2.573147260894378e-10,-3.1917807064019142e-12,1.8252104050375807e-12,-5.95204880937672e-13,5.573273139288422e-11,6.40373451939987e-10,8.406101081735078e-16,6.23015710349534e-11,-1.4879856606124047e-11,6.628494049939112e-16,4.636657594328519e-14
0.12969824331503332,2.026813747580538e-17,-8.488617216547331e-15,4.734908761368691e-15,1.51883690809503e-14,-1.535227056592703e-13,1.5444539952502724e-13,9.243778187340012e-14,-6.641238485075954e-13,3.880510727564494e-15,1.8905130181838192e-18,-1.2528653606467635e-13,-4.9824643056348486e-14,-8.076872504148014e-14,1.486892929382829e-14,4.4908617719614026e-13,1.4001762712230933e-11,-7.346050529086515e-17,2.0173916107959142e-13,-1.0896177371230656e-12,1.9530744562402207e-12,2.220446049250313e-15,-9.967091796407489e-12,-2.5009317725512e-12,-4.529928654859483e-12,7.139811428884053e-13,9.544379881571203e-14,-6.784491268418423e-13,-1.5623822649072388e-10,1.1721538091998458e-12,4.833955051959761e-14,8.109652679206755e-14,-1.446665173842559e-11,1.0713731083034178e-13,1.5537246069833338e-10,-1.0941227282428652e-15,9.968686823464922e-12,4.530257246180335e-12,-1.1712112761112319e-12,-1.0459781189335142e-12,2.026813747580538e-17,-1.0747195725950102e-14,4.734930965829183e-15,1.5188361679463468e-14,-1.5659793461964e-13,1.5444539952502724e-13,9.24378618094579e-14,-6.641237559890101e-13,-1.2316074086508403e-17,-3.4745122926930585e-12,8.443066690233536e-13,2.276076271900962e-13,9.26816134949604e-14,-5.578861446882873e-13,1.0823160843006471e-10,1.525163554359153e-16,-8.339235055850222e-12,-8.287230855256548e-13,-1.5059134494954663e-16,-2.313398835018278e-15,1.328393087326558e-16,-5.571974289371913e-13,2.542221248328739e-13,-9.456108784888783e-13,-5.674776315522934e-13,5.955483328712319e-13,-5.149415471805696e-13,5.272720871030145e-11,-4.954472387908027e-14,2.4078811596458155e-10,-3.07063601212576e-12,1.7901760518412858e-12,-5.110517520279245e-13,4.866958909962212e-11,5.991466044227522e-10,-2.1923859652901462e-16,8.909951222699477e-11,-1.6883415961584564e-11,1.014026825470656e-15,1.0133303123110079e-13
0.13883627641928936,3.7173756699970516e-17,-1.5036979069312414e-14,6.883567789846741e-15,1.5834326442624538e-14,-1.6043486539274454e-13,1.6164845295651987e-13,9.58125845329505e-14,-5.747142576654577e-13,1.940255363782247e-15,6.139563359671377e-19,-1.5443104694340404e-13,8.394369210580452e-15,-6.994405055138486e-14,1.75496191652987e-14,4.953117391546001e-13,1.6712865659308643e-11,-2.00963818689604e-16,2.2872919120672775e-13,-1.0552718259949816e-12,1.8100942609695301e-12,2.6645352591003757e-15,-1.4231110149013317e-11,-3.826869151475187e-12,-3.4904534821515923e-12,8.728104275353734e-13,1.468119861396339e-13,-9.293385841115422e-13,-1.489533044710951e-10,1.1773340548998368e-12,-9.955620338959578e-15,7.012944065255041e-14,-1.722695096141437e-11,2.0190800590845204e-13,1.4819628566944514e-10,-1.6899821369116509e-15,1.423256580477447e-11,3.490719484649425e-12,-1.1765403466294326e-12,-1.0221453313382274e-12,3.7173756699970516e-17,-1.753429993793058e-14,6.883589994307234e-15,1.5834319041137707e-14,-1.6376588973798788e-13,1.6164845295651987e-13,9.581263782365568e-14,-5.747141651468723e-13,1.8000415972589204e-16,-3.884088073391467e-12,8.187726052710786e-13,2.456629177860492e-13,9.608767115310002e-14,-4.777569081089913e-13,1.1448531560749372e-10,2.6028767265497504e-16,-9.910599964315091e-12,-8.311274122633586e-13,-2.544954987489708e-16,-1.8026251155106817e-15,1.1815537866958092e-18,-3.9890011294119177e-13,2.5992351974461297e-13,-9.327685290827503e-13,-4.625761995669108e-13,5.067536723579735e-13,-4.3890715062389064e-13,4.511974035133666e-11,-3.3284474435883263e-13,2.2986011269191901e-10,-2.9740476747974754e-12,1.7568302590476036e-12,-4.349063686959198e-13,4.159949570000284e-11,5.587059497217926e-10,-2.3945494363936982e-15,1.2811059108350323e-10,-1.9501752065072726e-11,1.5649981310872362e-15,1.9655003608472684e-13
0.1486181397473029,6.044636375066774e-17,-2.3768128206332526e-14,1.0236100855820496e-14,1.5214044838766464e-14,-1.6661942936480045e-13,1.6804927172042737e-13,9.884734808451867e-14,-4.42165378385558e-13,5.820766091346741e-15,-1.7137458999155915e-18,-1.7924402558276245e-13,2.5562208176735307e-13,2.1371793224034263e-14,1.876061275851098e-14,5.009158597172696e-13,1.8089079616916907e-11,-7.814221043000415e-17,2.744479926008948e-13,-9.98088885441759e-13,1.7192619209350315e-12,3.4416913763379853e-15,-1.8895031207746913e-11,-5.284576767823236e-12,-1.955149653483206e-12,9.608032836825833e-13,2.0092845846184567e-13,-1.2150294098347885e-12,-1.4057984750453152e-10,1.1226120582898587e-12,-2.5718756392860044e-13,-2.1084776109857144e-14,-1.860983035304526e-11,3.1385414317719695e-13,1.3985635647000747e-10,-2.3190448135963315e-15,1.8896393949310546e-11,1.9556190696558522e-12,-1.1222134332911082e-12,-9.429494222482997e-13,6.044636375066774e-17,-2.618302611760252e-14,1.0236130461767818e-14,1.5214037437279633e-14,-1.7009256225719583e-13,1.6804927172042737e-13,9.884740137522386e-14,-4.421652858669726e-13,4.670634249729726e-16,-4.204654639276365e-12,7.921244105091319e-13,2.642161073262983e-13,9.915874343846554e-14,-3.577571572321858e-13,1.2058262092317678e-10,3.913845302359645e-16,-1.1608328181407693e-11,-8.502417520039884e-13,-4.070297339916114e-16,9.631275992306084e-16,-4.778325545434564e-16,-1.9240928850194905e-13,2.5380669418003286e-13,-8.704657735355188e-13,-4.167575506919263e-13,4.5085285504953276e-13,-3.161544270824379e-13,3.3843911747174126e-11,-1.7610091163078324e-14,2.0677834982052445e-10,-2.8261638362891974e-12,1.7501388338558855e-12,-3.120842961834569e-13,3.1127814400141085e-11,5.309531302993702e-10,-5.959485377106605e-15,1.7019601490756644e-10,-2.1702741455816483e-11,2.29749090123003e-15,3.159397512127645e-13
0.15908919506919392,9.672508745320841e-17,-3.67435859516263e-14,1.5837827345895525e-14,1.5334881512766667e-14,-1.7244019545614719e-13,1.7408664509943607e-13,1.0368534475446723e-13,-3.538056884503741e-13,5.820766091346741e-15,-5.617357897248622e-18,-2.1948390009398264e-13,9.599367371454097e-13,2.868538739875248e-13,2.184516793923224e-14,5.123602159823943e-13,2.068129618177434e-11,-2.2779692499633587e-16,3.5610343259572787e-13,-9.56436157663235e-13,1.6140120621228528e-12,4.3298697960381105e-15,-2.675185575007126e-11,-7.664744763931644e-12,-3.284661432063469e-13,1.1055463547144171e-12,2.8885524183787955e-13,-1.6772128898581634e-12,-1.335241994490579e-10,1.0960224336905207e-12,-9.616333813255723e-13,-2.866955550593535e-13,-2.1216263217722138e-11,4.741467755476939e-13,1.328643122524926e-10,-3.2629987646863763e-15,2.6753311405832412e-11,3.2876344011568956e-13,-1.0951239914902544e-12,-8.754478623510901e-13,9.672508745320841e-17,-3.921201141565689e-14,1.5837864353329678e-14,1.5334874111279836e-14,-1.760781742632389e-13,1.7408664509943607e-13,1.036853980451724e-13,-3.5380559593178874e-13,1.0894988614988202e-15,-5.261305583796154e-12,7.652033673366532e-13,2.8364366133626364e-13,1.0403864436625554e-13,-2.793524670844742e-13,1.2669312869478423e-10,5.978283499895681e-16,-1.4454228108658953e-11,-8.351190109815813e-13,-7.03673230795232e-16,8.522803637963858e-15,-1.7732604257582676e-15,-3.486396356796225e-16,2.593030975125051e-13,-9.146020829575717e-13,-3.589826547134578e-13,3.954139238260268e-13,-2.8592516798653376e-13,2.63105720543777e-11,-1.0109791522457575e-13,2.116430550813675e-10,-2.7010173653252425e-12,1.7410239472326338e-12,-2.8169843346859125e-13,2.413132434616235e-11,5.002439612415666e-10,-1.1971308072991106e-14,2.410030754691332e-10,-2.531785429453019e-11,3.672386468996554e-15,4.928727261391263e-13
0.17029800016874014,1.139557768321814e-16,-4.9476511776447293e-14,2.3125353483995545e-14,1.1964111183241736e-14,-1.775333657860756e-13,1.793046933151743e-13,1.0694529706256617e-13,-2.4108002631232733e-13,3.880510727564494e-15,-9.88282860107597e-18,-2.326234185024793e-13,2.295047620783052e-12,8.162914788556463e-13,2.0572736222912447e-14,4.583428544110054e-13,1.9649405559442182e-11,-6.013335970092026e-17,4.730665587850809e-13,-8.804084722240059e-13,1.5939538428657947e-12,4.884981308350689e-15,-3.215240056674652e-11,-9.331946311785788e-12,1.5415627109703364e-12,1.0460684529109537e-12,3.5525000316966516e-13,-2.021497856345034e-12,-1.2492663234636068e-10,9.686687939038559e-13,-2.2965961788128264e-12,-8.160108229589031e-13,-2.0128933724303553e-11,5.237842291670028e-13,1.242108176649299e-10,-3.745805850555433e-15,3.215388719390685e-11,-1.541218472443729e-12,-9.679664477365197e-13,-7.357077909849371e-13,1.139557768321814e-16,-5.1967674608022205e-14,2.312538308994287e-14,1.1964103781754905e-14,-1.8119408196071164e-13,1.793046933151743e-13,1.0694536811683974e-13,-2.410799337937419e-13,1.7384612268263785e-15,-5.800272144066791e-12,7.375092536676675e-13,3.03692396230737e-13,1.0734819255731054e-13,-1.7892724339200566e-13,1.3255995864944904e-10,7.377678146408637e-16,-1.6356615331489806e-11,-8.960297781523963e-13,-1.047541683026528e-15,2.1722640053198582e-14,-4.1627367926601684e-15,2.5401476477782127e-13,2.2413798224836985e-13,-8.607524174900997e-13,-3.5974208056899214e-13,3.934016890028147e-13,-2.0955923218934914e-13,1.6923835481167752e-11,-3.621304737559209e-14,1.9901635823771357e-10,-2.5678673409856855e-12,1.778974723087856e-12,-2.0525888544398184e-13,1.5433391601741656e-11,4.90385600343922e-10,-1.8006965428978396e-14,2.883551237798456e-10,-2.6427360300118607e-11,5.311434162861654e-15,5.656200132107362e-13
0.18229653402205231,8.880364490372316e-17,-6.354336316386858e-14,3.274383727121707e-14,6.177799013092529e-15,-1.824446371756494e-13,1.8440816929032877e-13,1.0907559300221692e-13,-1.5434246473470618e-13,7.761021455128988e-15,-1.411352159895601e-17,-2.3346949373781456e-13,4.5047976189424645e-12,1.6944778913341452e-12,1.812213814582507e-14,3.90356150181681e-13,1.7302825838783065e-11,-7.912840294773946e-17,6.262743624336068e-13,-8.03588461922726e-13,1.598822818324399e-12,4.9960036108132044e-15,-3.667918026994002e-11,-1.0739962737800575e-11,3.370157764308109e-12,9.011720270383425e-13,4.247805623297638e-13,-2.3183748362140632e-12,-1.1690286981341392e-10,8.226302307170105e-13,-4.506257325282006e-12,-1.6944978643710414e-12,-1.771194952857047e-11,4.191299343507102e-13,1.1610497124449241e-10,-3.924559872095718e-15,3.668089918259415e-11,-3.3697039953412178e-12,-8.220091274324659e-13,-5.887142625245664e-13,8.880364490372316e-17,-6.590947047394972e-14,3.274386687716439e-14,6.177791611605698e-15,-1.8621904018800705e-13,1.8440816929032877e-13,1.0907569958362728e-13,-1.543423722161208e-13,2.556059068107667e-15,-6.291763080904881e-12,7.092694431776181e-13,3.250259339449002e-13,1.0953657536560968e-13,-1.03536253644639e-13,1.384127712315798e-10,8.21993673951618e-16,-1.7901716493455576e-11,-9.947615647876162e-13,-1.5077638212031748e-15,4.162757938555352e-14,-8.051637986574616e-15,4.849283641306102e-13,1.6988354426909305e-13,-7.977509615860375e-13,-3.9825187592157363e-13,4.1194544442291206e-13,-1.6452958107038285e-13,9.933244412193195e-12,-2.7595585076293597e-14,1.9197080594797928e-10,-2.4467226467095315e-12,1.836534990751204e-12,-1.6019072290873738e-13,8.974846051520066e-12,4.872428171526093e-10,-2.3771571394811362e-14,3.2709068106930696e-10,-2.641452334639638e-11,7.714916668473866e-15,4.920474155437985e-13
0.19514043784146168,-2.6648350734706643e-17,-8.440110832452773e-14,4.7975682685811686e-14,-2.453866739434337e-15,-1.877197064459324e-13,1.899478213607253e-13,1.0938808969740421e-13,-1.0177904815241352e-13,7.761021455128988e-15,-1.9317702504507523e-17,-2.4232648584513833e-13,8.271973891768116e-12,3.180511409794917e-12,1.653077029043246e-14,3.3350540693286333e-13,1.577040966951573e-11,-6.577416415675789e-17,8.333596623145608e-13,-7.52371356430607e-13,1.6058662747029412e-12,5.218048215738236e-15,-4.3960803986814794e-11,-1.2976464091705525e-11,5.754791921351138e-12,7.775716315638093e-13,5.494359828766991e-13,-2.753569499885708e-12,-1.1147837175337563e-10,7.09614514140163e-13,-8.273361670548898e-12,-3.1804940286788395e-12,-1.612116352834376e-11,9.006768384567599e-14,1.1062196055818535e-10,-4.14788900248526e-15,4.396229061397512e-11,-5.754338152384247e-12,-7.089144086573166e-13,-4.665897298157992e-13,-2.6648350734706643e-17,-8.69448513185489e-14,4.797569748878535e-14,-2.4538741409211677e-15,-1.917442205012776e-13,1.899478213607253e-13,1.0938821404238297e-13,-1.0177895563382814e-13,4.0103032006300055e-15,-7.41256371838972e-12,6.807567842770368e-13,3.480098154096112e-13,1.0991925591952168e-13,-6.191288222841725e-14,1.4430034525162477e-10,9.071586281030812e-16,-2.039404692774257e-11,-1.0781583958952012e-12,-2.3072920888692985e-15,7.262802555543791e-14,-1.4610398089661465e-14,7.106190006804051e-13,7.602712533601637e-14,-7.901391541054182e-13,-4.2935416333378383e-13,4.414971832567005e-13,-1.2750398070693337e-13,6.041431429200846e-12,-3.004288373631425e-13,2.0883113999540607e-10,-2.3877873900346458e-12,1.908361801916669e-12,-1.231799018341917e-13,5.406739500557478e-12,4.86257855686216e-10,-3.097495641869643e-14,3.8977282865730387e-10,-2.7198239031337817e-11,1.2311980139105097e-14,1.8862477262996761e-13
0.20888927310242156,-4.312766150307453e-16,-1.4151737559586762e-13,8.707701226740028e-14,-2.051495269957589e-14,-1.9535946194082498e-13,1.9721201616196283e-13,1.0145127404825871e-13,-8.018326743316114e-14,1.1641532182693482e-14,-3.237418323357182e-17,-3.1916620677382063e-13,1.7536243460057915e-11,6.800116025829084e-12,1.9729317282899766e-14,2.7338278246130047e-13,1.9246024527161707e-11,-3.142811320255351e-19,1.2219492084506052e-12,-7.761572392546983e-13,1.6499450939474315e-12,6.5503158452884236e-15,-6.896054574284484e-11,-2.0563262554623577e-11,1.1102881670721553e-11,8.500004688586138e-13,9.551494470437873e-13,-4.129999133823934e-12,-1.1475223871901446e-10,6.934005597712215e-13,-1.7537825866350632e-11,-6.800294597315024e-12,-1.9539952940791607e-11,-1.083914399341373e-12,1.1387558047689108e-10,-5.5497535176630714e-15,6.896197042720682e-11,-1.1102412254548906e-11,-6.933712863125644e-13,-3.73775084957136e-13,-4.312766150307453e-16,-1.4404548664970207e-13,8.707699746442662e-14,-2.051496010106272e-14,-1.9921344573958777e-13,1.972120189375204e-13,1.0145138062966908e-13,-8.018317491457575e-14,8.502828071262533e-15,-1.183004011788095e-11,6.536993168992922e-13,3.725928787723376e-13,1.0208392353661111e-13,-5.792699653284217e-14,1.498728499186334e-10,1.2279612395682147e-15,-2.911484962140987e-11,-9.895834152118255e-13,-4.586128930320991e-15,1.4107283537959787e-13,-3.064849197501991e-14,1.4429351343399806e-12,-7.69203959786561e-14,-1.0279549655933806e-12,-4.952643073430352e-13,5.221933552235214e-13,-1.9856102539961285e-13,5.28415866618559e-12,-9.431460057385266e-14,3.143320403372248e-10,-2.436718204990029e-12,2.044372071630107e-12,-1.9455072219898283e-13,4.78605377551844e-12,5.001222691794547e-10,-5.005703069795508e-14,6.109254671969872e-10,-3.4372999816826656e-11,2.6372411199293566e-14,-8.98828164674903e-13
0.22360679774997896,-1.3730270981411067e-15,-1.8529438724120457e-13,1.2626678961661735e-13,-5.0536811772398475e-14,-2.0590960048139094e-13,2.078476141198493e-13,8.615211655182975e-14,-3.215159620021761e-14,1.5522042910257976e-14,-3.682937856423617e-17,-3.05540748951616e-13,2.497311300842506e-11,9.728190475399856e-12,1.6134434162934982e-14,2.0538644087933182e-13,1.5733556433003868e-11,8.194880517565827e-17,1.3542545424756467e-12,-7.251418457946696e-13,1.7818806981850402e-12,5.773159728050814e-15,-7.783967422908689e-11,-2.3384802992496795e-11,1.6573019624979994e-11,5.280310943792091e-13,1.2553772736143823e-12,-4.580463785694584e-12,-1.120337930953695e-10,5.637574463969915e-13,-2.4974923890492665e-11,-9.728397490252165e-12,-1.595613711566974e-11,-2.437297992939214e-12,1.1097438536586853e-10,-4.807165026761147e-15,7.784109891344887e-11,-1.65723937367498e-11,-5.635492072997295e-13,-2.5831189039611974e-13,-1.3730270981411067e-15,-1.8783765654006857e-13,1.2626676001067002e-13,-5.0536819173885306e-14,-2.0993979887862223e-13,2.0784761689540688e-13,8.615224089680851e-14,-3.2151503681632224e-14,1.2250704154818474e-14,-1.3300814316608011e-11,6.226400728337467e-13,4.026490196817889e-13,8.688527231015541e-14,-3.084662155335612e-14,1.5643173449104502e-10,9.968621700743902e-16,-3.190400994537534e-11,-1.1419915938818785e-12,-6.787267507283682e-15,1.84037194121342e-13,-4.3045744784397587e-14,1.924329732598077e-12,-4.729624691890422e-13,-8.567601147054423e-13,-5.734839270132853e-13,5.904814082136056e-13,3.735849674058045e-13,3.1446384385347413e-12,-3.635932444012724e-13,3.459751800013085e-10,-2.4603650672361255e-12,2.194005954692102e-12,3.769700640532392e-13,2.946571875384052e-12,5.336012704045022e-10,-5.5496927006974586e-14,6.846641565187173e-10,-3.3282839447442335e-11,4.256223845588991e-14,-2.3946552726861193e-12
0.23936126186567866,-2.2519461697667833e-15,-1.7813969558725754e-13,1.3277888418391134e-13,-6.824727449838975e-14,-2.1591404220089316e-13,2.181469865858432e-13,8.653097793853703e-14,4.080532208424378e-15,1.3581787546475728e-14,-2.7037229362084456e-17,-2.1326632589543001e-13,2.0445027784575822e-11,7.974038096492109e-12,8.823899847681332e-15,2.4919302732406834e-13,8.65033353589537e-12,6.518624169426184e-18,1.1042290115260438e-12,-5.968465386001952e-13,1.7618836733157176e-12,3.552713678800501e-15,-6.104586662686447e-11,-1.8422413947425312e-11,1.7047317725821782e-11,1.1090152668839961e-13,1.1925894376966854e-12,-3.6109970930600752e-12,-9.766058762717114e-11,4.1552257872926973e-13,-2.0446961366596607e-11,-7.974286209383018e-12,-8.909226558655942e-12,-2.41013788253325e-12,9.649287990079276e-11,-2.449373643904733e-15,6.104747713962149e-11,-1.704659795435706e-11,-4.1522341120980855e-13,-2.0220862021839517e-13,-2.2519461697667833e-15,-1.808189153962303e-13,1.3277888418391134e-13,-6.824728189987657e-14,-2.2006929611961824e-13,2.1814698936140075e-13,8.653110228351579e-14,4.080624727009763e-15,1.1615005253891771e-14,-1.0203924224091073e-11,5.857600626768544e-13,4.3759789125630276e-13,8.733115564041327e-14,-2.6636100732465215e-15,1.6460045213134065e-10,3.3745496157079787e-16,-2.568074088105618e-11,-1.5141522295240388e-12,-7.049661780259934e-15,1.6168655607093352e-13,-3.4408097144250926e-14,1.75880406535119e-12,-6.606451089889257e-13,-3.689995272300924e-13,-5.18525455905916e-13,5.036326800045288e-13,6.811769281966918e-13,1.401946521835858e-12,-1.8518070040348297e-13,2.678100524159769e-10,-2.334672899451107e-12,2.1860867782663716e-12,6.845515088116372e-13,1.4303217869363985e-12,5.210689308972629e-10,-4.001632755219102e-14,5.30842844239758e-10,-2.4642454743428743e-11,4.652432374537459e-14,-2.4820498954747363e-12
0.256225724166006,-3.2027083881630528e-15,-1.7692703598489364e-13,1.415641529926385e-13,-8.481872981747074e-14,-2.2646418074145913e-13,2.2867949200922057e-13,8.663391781738029e-14,2.8720914535540486e-14,1.1641532182693482e-14,-1.8608748059637992e-17,-1.543246867102832e-13,1.062415738040383e-11,4.123090757701675e-12,4.772447146192096e-15,3.2855662635000726e-13,4.701948706929847e-12,-7.676858513744428e-17,7.734708783580389e-13,-4.812784537824919e-13,1.6734126499708802e-12,1.9984014443252818e-15,-4.8615185854602963e-11,-1.4760538150053183e-11,1.7724528790892795e-11,-1.4025250634587714e-13,1.1869574215752899e-12,-2.8762620794846906e-12,-8.297507384023173e-11,3.3012069640403485e-13,-1.0625887872846938e-11,-4.123381967628941e-12,-5.036239558103222e-12,-2.367292802786642e-12,8.178042868223987e-11,-7.401246838165988e-16,4.861685831015833e-11,-1.772371513619354e-11,-3.3010631265521323e-13,-1.755632676273914e-13,-3.2027083881630528e-15,-1.79531411959033e-13,1.4156409378074386e-13,-8.481873721895758e-14,-2.3046595742926003e-13,2.286794947847781e-13,8.663402439879065e-14,2.872100705412587e-14,1.1281523863241698e-14,-7.92824721429497e-12,5.477886588778346e-13,4.756479321521567e-13,8.750452806793873e-14,1.3300286797838604e-14,1.7327004818015295e-10,-2.1628954544403037e-16,-2.1051631674993557e-11,-1.8109425995819588e-12,-7.530949243846527e-15,1.2837227447136852e-13,-1.642033631823215e-14,1.7175494804178016e-12,-8.281704803418203e-13,2.4898364851348257e-14,-3.4202388699000606e-13,3.6547925796881487e-13,8.560994757544905e-13,6.093790287190851e-13,-1.959733708645217e-13,2.119006239809096e-10,-2.2486347006633877e-12,2.1285380569224797e-12,8.594608402745507e-13,7.936717949519334e-13,4.907836217530352e-10,-2.698923610912774e-14,4.1764312357432726e-10,-1.8982708923272657e-11,5.223861274106234e-14,-2.5190465685609453e-12
0.27427839080007704,-3.8183755818352505e-15,-1.713488018140197e-13,1.4462093744782578e-13,-9.543312066521518e-14,-2.342858351767063e-13,2.3708326413185433e-13,9.227537844935796e-14,4.562054437921385e-14,1.1641532182693482e-14,-1.06777844627789e-17,-1.1266797680005898e-13,-5.951336984197973e-12,-2.388367281724868e-12,2.4769502132241756e-15,4.311028771618474e-13,2.3373278621205726e-12,2.6603626893951176e-16,4.0222169614597973e-13,-3.66546263625771e-13,1.5053599768934145e-12,7.771561172376096e-16,-3.676379413248192e-11,-1.1236133747193598e-11,1.785446318748128e-11,-2.8297727120102457e-13,1.1520269906282496e-12,-2.2006538806798726e-12,-6.66410595957047e-11,2.7346896448732227e-13,5.949619184853469e-12,2.3880780707953575e-12,-2.7720736585819714e-12,-1.876319870596078e-12,6.549984553446918e-11,5.20325139718265e-16,3.676506395984804e-11,-1.785366517998778e-11,-2.731148640577885e-13,-1.6016817501925593e-13,-3.8183755818352505e-15,-1.7369075067108498e-13,1.4462086343295748e-13,-9.543312806670201e-14,-2.386741471127607e-13,2.3708326690741187e-13,9.227548503076832e-14,4.562063689779924e-14,1.0303817058835799e-14,-5.7748062924171485e-12,5.092715582577511e-13,5.153460103102248e-13,9.321521332594784e-14,2.4232837958493293e-14,1.8210273405484715e-10,-6.616190232871101e-16,-1.671216699400117e-11,-2.075158332207986e-12,-7.738277611283688e-15,8.217675527324071e-14,1.3195566691554204e-14,1.5203047117514264e-12,-9.500115064990193e-13,3.4669274858363983e-13,-2.0413063461788282e-13,1.8346359986765036e-13,8.892089908840716e-13,1.3915202323744323e-13,-3.803203677913795e-13,1.5940992549682657e-10,-2.0370862330310045e-12,2.010647559558265e-12,8.927766970145967e-13,4.305703941535436e-13,4.3881404324162147e-10,-1.5026359402093604e-14,3.1105691160280135e-10,-1.478178690561549e-11,5.536422593525418e-14,-2.080989535783543e-12
0.29360297801769475,-3.943199735601859e-15,-1.673470251262188e-13,1.4747829624184307e-13,-1.0384055837420192e-13,-2.4028850020840763e-13,2.4290719158326366e-13,1.0035183350964871e-13,5.962526768617711e-14,9.701276818911234e-15,-4.489188593664086e-18,-8.81107975932623e-14,-2.758565733564055e-11,-1.0891287871572786e-11,1.082244585229628e-15,5.365499711196264e-13,1.0800002867325828e-12,-1.4199546663326115e-17,3.8515044356925177e-14,-2.5725222985420523e-13,1.2884801833360518e-12,-2.220446049250313e-16,-2.7569376802654016e-11,-8.501458405439704e-12,1.8064761632826807e-11,-3.6190006561548726e-13,1.1347114015597606e-12,-1.7118367003093959e-12,-4.986502167253622e-11,2.338275695753141e-13,2.7584015694887673e-11,1.0891073131779998e-11,-1.6187993750255765e-12,-1.1750243044445281e-12,4.883163963626368e-11,1.390507920937499e-15,2.7570522744423434e-11,-1.806386974209878e-11,-2.338869838543663e-13,-1.4580929056743722e-13,-3.943199735601859e-15,-1.7005135077852174e-13,1.4747817781805377e-13,-1.0384057317717558e-13,-2.4434712031506936e-13,2.4290719435882126e-13,1.0035204667246945e-13,5.96253602047625e-14,9.266424664626053e-15,-4.109339594530562e-12,4.716639523394405e-13,5.560400584414537e-13,1.0136560035789444e-13,3.200846994862635e-14,1.9076993537841445e-10,-1.0073978835096944e-15,-1.3349416357343144e-11,-2.3064154752727717e-12,-8.000307592329985e-15,3.0872974171360556e-14,5.134197772511719e-14,1.4209987853064376e-12,-1.0497280082214881e-12,6.001532900275682e-13,2.6813140596715358e-14,-1.5283929677423203e-14,8.057168798814018e-13,-1.7836417528134993e-13,-1.4755035711762806e-13,1.1881978328650196e-10,-1.8817445379681885e-12,1.856039677505805e-12,8.095871351088136e-13,2.0234776817081486e-13,3.737647207239779e-10,-5.799036584589433e-15,2.290803256433165e-10,-1.2078282818350772e-11,5.827265175025372e-14,-1.400816349491259e-12
0.31428910038958396,-3.873390453639269e-15,-1.8529438724120457e-13,1.692884943338413e-13,-1.2684514179757873e-13,-2.4519977159798146e-13,2.4825992372967676e-13,1.0819732665368065e-13,8.686625492989226e-14,7.761021455128988e-15,1.116307809327396e-19,-7.961318236604509e-14,-5.755125373553244e-11,-2.266367649106371e-11,3.993478001988275e-16,6.366724277414212e-13,5.54032128816415e-13,-1.6543921349030386e-16,-4.780542870485695e-13,-1.296669490126887e-13,1.0250323432021884e-12,-1.1102230246251565e-15,-2.3474214518341913e-11,-7.393526285657171e-12,2.0699625904301805e-11,-4.646335064122519e-13,1.303387301646959e-12,-1.5706780884697558e-12,-3.0045423513488356e-11,2.0366625775915711e-13,5.7549514781023593e-11,2.266359924165892e-11,-1.192182685519658e-12,-1.922259579114218e-13,2.9147803356990146e-11,2.301443151315032e-15,2.347570114550224e-11,-2.0698890485631326e-11,-2.0368891758456206e-13,-1.2404891928478415e-13,-3.873390453639269e-15,-1.8797550183080603e-13,1.6928834630410468e-13,-1.268451566005524e-13,-2.4957671485026367e-13,2.482599265052343e-13,1.0819764639791174e-13,8.686634744847766e-14,1.0002546938873517e-14,-3.3559141835818688e-12,4.37012204201892e-13,5.997117025202669e-13,1.0928989269132217e-13,4.087841176669826e-14,1.998086660596483e-10,-1.4659789800543308e-15,-1.16323619871663e-11,-2.509673024952974e-12,-9.516299785220876e-15,-4.180550870758193e-14,1.0397056949470554e-13,1.5998092332362527e-12,-1.256659902063954e-12,9.140497544043076e-13,2.805968124519609e-13,-2.658776532271645e-13,7.371497900976464e-13,-4.956537032659488e-13,-1.0909388947766274e-13,1.0134438828875621e-10,-1.6671037883497774e-12,1.6457835982919277e-12,7.413018465740606e-13,5.988617009696402e-14,2.9496859735107055e-10,1.1920819827137066e-15,1.92651022621908e-10,-1.073162854877315e-11,7.019787529038979e-14,-4.674862349081839e-13
0.33643268638011187,-2.893704721189441e-15,-2.2312936683495838e-13,2.1102589305617887e-13,-1.683343390605311e-13,-2.472006599418819e-13,2.501256396447715e-13,1.197776100525516e-13,1.337999155914815e-13,7.761021455128988e-15,5.2164965219649445e-18,-7.976034474092379e-14,-9.937619832724954e-11,-3.907082990473043e-11,6.309454309325366e-17,7.449047166134075e-13,2.52113145175296e-13,1.0554427395850642e-16,-1.051932977949968e-12,9.377188947815095e-15,6.555900242896844e-13,-2.55351295663786e-15,-2.1315012453564695e-11,-6.9862209311988336e-12,2.6538537203791155e-11,-6.242032217252927e-13,1.6824066327962297e-12,-1.6757924258396514e-12,-6.706366728098527e-12,1.7877387938070033e-13,9.937467515541697e-11,3.90707311745701e-11,-9.98209279509357e-13,1.2835665169587066e-12,6.038769290818586e-12,3.589325830912621e-15,2.131612742393494e-11,-2.653788002114945e-11,-1.783758326231085e-13,-9.873583432333059e-14,-2.893704721189441e-15,-2.2576405929915685e-13,2.1102571542049493e-13,-1.6833435386350479e-13,-2.513729668862652e-13,2.501256424203291e-13,1.197779297967827e-13,1.3380000811006692e-13,1.229617888990712e-14,-2.9448225783805052e-12,4.094545147381723e-13,6.44686881656753e-13,1.2095373591591852e-13,5.4527123557098395e-14,2.089047604154161e-10,-2.1760638521547927e-15,-1.0372693239983173e-11,-2.7090228208829594e-12,-1.2569522968760202e-14,-1.3191983529864393e-13,1.7673947844884057e-13,2.003141711763116e-12,-1.7496574263494343e-12,1.380864015724607e-12,5.679334780239742e-13,-5.731436936162737e-13,3.204691978453411e-13,-9.406401583570792e-13,-3.6567750309283536e-13,9.318367422868809e-11,-1.4108081813901662e-12,1.3517972963228431e-12,3.250261215725914e-13,-8.502087922579448e-14,1.863574798353498e-10,9.055619074700358e-15,1.7375599141416108e-10,-9.86303631359912e-12,9.154137517453087e-14,1.0637530208542264e-12
0.36013642319964434,1.0603627802919837e-15,-2.1658100498219331e-13,2.078339870574079e-13,-1.7024034774474708e-13,-2.3628672352060673e-13,2.3923637515466114e-13,1.271926208801233e-13,1.4504989801859362e-13,7.761021455128988e-15,8.884309105161158e-18,-7.416622293162274e-14,-1.1833000703948128e-10,-4.648587070832377e-11,-2.9574625927243483e-16,8.508722276139796e-13,-3.347630814529465e-13,9.758700081403231e-17,-8.956916027677667e-13,3.6301710991231863e-14,3.7649195272202866e-13,-2.7755575615628914e-15,-1.4442087320182954e-11,-4.940182067935998e-12,2.7014963324615607e-11,-6.384453573008984e-13,1.67132205444444e-12,-1.5376523000393496e-12,2.2251967710301046e-12,1.5514546389492714e-13,1.183282596229067e-10,4.648592356317968e-11,-5.16930730473961e-13,1.7576151284204045e-12,-2.640641258627084e-12,4.011503992483109e-15,1.44432022905532e-11,-2.7014525202854468e-11,-1.555792531841386e-13,-8.156438487579483e-14,1.0603627802919837e-15,-2.1925406675412282e-13,2.0783377981577663e-13,-1.7024035514623392e-13,-2.4040218704612924e-13,2.3923638070577623e-13,1.2719297615149116e-13,1.45049990537179e-13,1.0109602044394706e-14,-1.735315890982747e-12,3.8298821891658006e-13,6.798229312821035e-13,1.284762873865475e-13,5.938805003324887e-14,2.1414263450336443e-10,-2.3897545946375285e-15,-7.858806711871448e-12,-2.9223406102415104e-12,-1.3098324508353798e-14,-1.4377303022885165e-13,2.07152656934879e-13,1.8544952240517888e-12,-1.8076001140343578e-12,1.5319116641876462e-12,6.630294868692488e-13,-6.560981202774485e-13,-6.106489536250592e-14,-1.166886032244463e-12,-5.422558994420493e-13,6.306606034437815e-11,-1.30385160446167e-12,1.1840111113770035e-12,-5.623789434139326e-14,-2.3968974952974047e-13,1.0831457178201533e-10,1.4380561154316192e-14,1.1403817838385475e-10,-8.886974489641375e-12,9.30209613040726e-14,1.6498911264983817e-12
0.38551023299946646,6.353692167300936e-15,-2.0093769611169895e-13,1.9325835746523504e-13,-1.602378526162814e-13,-2.2082531359046697e-13,2.2404123001251718e-13,1.285508943738023e-13,1.4470138050744671e-13,1.940255363782247e-15,1.0757468425547358e-17,-6.951564613296342e-14,-1.1679302511563434e-10,-4.583847190708923e-11,-8.191749747668256e-16,9.430197749226031e-13,-9.865565154932988e-13,-8.560367799550695e-17,-5.18258776723899e-13,2.225125768394809e-14,2.2487492730330673e-13,-2.886579864025407e-15,-8.8256099084703e-12,-3.217633661902649e-12,2.6075880624030995e-11,-6.117630819311918e-13,1.5628223738394137e-12,-1.444789464829121e-12,3.7768238149341375e-12,1.3396347833122269e-13,1.1679129462319126e-10,4.5838344919909776e-11,4.345482307321902e-14,1.6547232571688285e-12,-4.026565902409556e-12,4.072914728191993e-15,8.826229336453768e-12,-2.607534861903533e-11,-1.3396691163810223e-13,-6.454096516487577e-14,6.353692167300936e-15,-2.0357333596621175e-13,1.932582982533404e-13,-1.6023786741925505e-13,-2.2514541342388838e-13,2.2404123556363232e-13,1.2855124964517017e-13,1.447014730260321e-13,6.799420286066985e-15,-7.770722731947899e-13,3.576133167371154e-13,7.116298328391224e-13,1.2996000720022493e-13,5.977514779450151e-14,2.1735552311485423e-10,-2.414151896375531e-15,-5.908847419910155e-12,-3.137080872850362e-12,-1.3048451208419465e-14,-1.2633722482520888e-13,2.0056909402997128e-13,1.676893172467923e-12,-1.7142762468817334e-12,1.5416892059268624e-12,6.458778567530743e-13,-6.175238320693666e-13,-1.7655857220688632e-13,-1.2653881646211099e-12,-2.597365285813188e-13,3.8206538495918114e-11,-1.2569216778501867e-12,1.1046943360071281e-12,-1.716875885904301e-13,-3.4044544960920576e-13,6.730557325943805e-11,1.6998582446151045e-14,6.538285359592299e-11,-8.328634078698846e-12,9.124861456710765e-14,1.5923681354982713e-12
0.4126717826175424,1.2223211718684115e-14,-1.888111000880599e-13,1.8061940091721832e-13,-1.5097145015611584e-13,-2.0445440895855427e-13,2.076912586357338e-13,1.269449612095741e-13,1.4553525051752558e-13,-1.940255363782247e-15,1.1843635979168288e-17,-6.619054263024005e-14,-9.991831210659089e-11,-3.91389698428668e-11,-1.4365678785432934e-15,1.0258480022241735e-12,-1.6893893691379467e-12,-1.9050855240954763e-16,-1.0629911221394926e-13,-3.1789816257435443e-15,1.6361720198982758e-13,-2.9976021664879227e-15,-5.0770795237076056e-12,-2.07886225532125e-12,2.5501565584004044e-11,-5.921632453100808e-13,1.4826666285089848e-12,-1.4369769127273043e-12,2.0178174376861683e-12,1.1522358588089698e-13,9.991650545555616e-11,3.913871342905301e-11,6.639425217175927e-13,1.3750071541855567e-12,-2.180889512909272e-12,4.112062049915245e-15,5.077915751485289e-12,-2.550100228459687e-11,-1.1546319456101628e-13,-4.9441932029973636e-14,1.2223211718684115e-14,-1.9124447211045966e-13,1.8061916406963975e-13,-1.5097147236057633e-13,-2.087688244500896e-13,2.0769126973796404e-13,1.2694545858948912e-13,1.4553534303611096e-13,3.519555017798363e-15,-1.69893610291183e-13,3.346031007822603e-13,7.429362458566402e-13,1.2849508124190833e-13,5.917784780725317e-14,2.1954792957794775e-10,-2.4386421599794945e-15,-4.594173467794955e-12,-3.3578279046153625e-12,-1.3315962915649848e-14,-9.981216085123516e-14,1.6658989725887309e-13,1.54085502875508e-12,-1.6152610508394598e-12,1.526758808267914e-12,5.331300401145711e-13,-5.223361909667545e-13,-1.6483255649291095e-13,-1.333909279329267e-12,-2.4998977702731886e-13,2.185600654532512e-11,-1.1948941391892732e-12,1.0731764366056496e-12,-1.6003532721242664e-13,-4.0353276276050563e-13,5.156284959729932e-11,1.8507017682137077e-14,3.310619577569252e-11,-8.058433550080698e-12,9.247527223144036e-14,1.320340041003713e-12
0.4417470292389771,2.2141853238052954e-14,-2.380450799440344e-13,2.3334596477297964e-13,-2.0910226883330551e-13,-1.824446371756494e-13,1.8548921842942435e-13,1.2039780727945981e-13,2.286649573394565e-13,-1.940255363782247e-15,1.8380189233129722e-17,-6.57022902518974e-14,-8.114755480037052e-11,-3.1573077485802514e-11,-2.688369636858849e-15,1.1316372222008259e-12,-2.727602094804777e-12,-1.297791422858203e-16,3.749310615347012e-13,-4.049248016994049e-14,4.980754181187176e-14,-4.9960036108132044e-15,-3.164657567544551e-12,-2.0024785581815826e-12,3.528945608308586e-11,-8.383423226208718e-13,2.1612301989274345e-12,-1.8418091580032533e-12,-5.618244887405444e-14,1.0387068809236677e-13,8.114556621492245e-11,3.1573170456138805e-11,1.5976273159350957e-12,1.4263855627170808e-12,4.443151273260038e-14,6.115333933687239e-15,3.1656176809189283e-12,-3.528873631162114e-11,-1.0376884536829796e-13,-3.789561257387201e-14,2.2141853238052954e-14,-2.406295607215725e-13,2.3334572792540104e-13,-2.09102291037766e-13,-1.867931587185012e-13,1.854892295316546e-13,1.2039819807796448e-13,2.286650498580419e-13,4.501998773775995e-15,8.658389560878277e-14,3.396962711121887e-13,7.751077779616366e-13,1.221366829895487e-13,8.019140906867505e-14,2.208914027143046e-10,-3.629260046243872e-15,-2.980687456454175e-12,-3.5896216554753835e-12,-2.0372008478301378e-14,-6.83697514112606e-14,1.261246879505351e-13,2.1034627669299274e-12,-2.2260014276298536e-12,2.1865427394610987e-12,4.282125931620584e-13,-4.240257700516281e-13,-2.7648290767956496e-13,-2.0658900516205375e-12,-4.2036845115944743e-13,1.7645167342076698e-11,-1.2671080185100436e-12,9.993165850374909e-13,-2.7204940522551626e-13,-6.026438607401966e-13,2.1864267502445896e-11,2.859954569174594e-14,1.8882147105690753e-11,-7.995918741935762e-12,1.404367074020474e-13,1.394718414834036e-12
0.4728708045015879,3.394329910821776e-14,-2.750311978161335e-13,2.7252727482126224e-13,-2.588569284848556e-13,-1.582520781084895e-13,1.6128532953629815e-13,1.0528591332104042e-13,3.131059300720551e-13,-1.940255363782247e-15,2.5131840327764483e-17,-6.132811272707706e-14,-2.4967291107198367e-11,-9.359596431224304e-12,-4.415262763812149e-15,1.2263097559022601e-12,-4.11260531802466e-12,-7.369892545998798e-17,9.298813584638306e-13,-9.947630574566538e-14,1.1503748131728965e-13,-7.105427357601002e-15,-3.607548575725086e-13,-1.6857355106189025e-12,4.5379149886767714e-11,-1.0814113955440864e-12,2.8445045562284612e-12,-2.1516478720412053e-12,-8.576498684369443e-12,9.56308961417666e-14,2.4965349063111844e-11,9.35951538711191e-12,2.8898119911684944e-12,9.29987628835577e-13,8.558560836779714e-12,8.149046487517658e-15,3.615910853501921e-13,-4.5378523998537516e-11,-9.562720985438015e-14,-3.419486915845482e-14,3.394329910821776e-14,-2.776246788016579e-13,2.725268603379997e-13,-2.588569506893161e-13,-1.6279955161735415e-13,1.612853406385284e-13,1.052862685924083e-13,3.131060225906405e-13,3.2069162140639187e-15,4.3025162691871327e-13,3.5306584322825073e-13,8.051691646748793e-13,1.07231308277278e-13,1.0146402236917614e-13,2.2033128551620368e-10,-4.872396092820384e-15,-1.0009956212863563e-12,-3.838503589056093e-12,-2.832906941437526e-14,-1.8975842309513583e-14,1.8625753428018013e-14,2.6061016455969367e-12,-2.827677173892577e-12,2.7911293424646525e-12,2.2322307335898018e-13,-2.1307902109413136e-13,8.393854500354791e-15,-2.828780173066055e-12,-7.264892095311855e-13,1.0221265256404877e-11,-1.4275428839027883e-12,1.022919082771523e-12,1.211276412504958e-14,-8.246211121350674e-13,4.226234995038871e-11,3.889297466985048e-14,-3.0010046943119674e-12,-7.959882752928138e-12,1.9653006941751836e-13,7.942081136265895e-13
0.5061874397552807,5.006078884761678e-14,-3.3129860336581867e-13,3.316666941088897e-13,-3.391130413514058e-13,-1.2969394447281957e-13,1.3230442852396607e-13,8.349886115865956e-14,4.552455634687647e-13,-1.940255363782247e-15,3.629498900711738e-17,-5.5650001389480806e-14,6.932395037421618e-11,2.7591540163740547e-11,-6.1676045250918465e-15,1.323598830846626e-12,-6.083559582018931e-12,-5.520239711224377e-17,1.534566276068467e-12,-1.7264129402546856e-13,2.711138806994525e-13,-1.0547118733938987e-14,3.3017989230846497e-12,-1.4964949384598046e-12,6.222443089188254e-11,-1.4976111769304305e-12,4.015684215675859e-12,-2.5895059057475603e-12,-2.0816423520320612e-11,9.383831240985148e-14,-6.932596434586145e-11,-2.759145180126349e-11,4.765072162081034e-12,4.912943117412608e-13,2.071580149023267e-11,1.1599464844311205e-14,-3.3009936667061392e-12,-6.222383629806386e-11,-9.399888275159658e-14,-3.8191672047105385e-14,5.006078884761678e-14,-3.3383713571311093e-13,3.3166625001967987e-13,-3.391130709573531e-13,-1.3412773114396259e-13,1.3230444517731145e-13,8.349928748430103e-14,4.552456559873501e-13,9.568642174902682e-16,7.993852098782857e-13,3.9854057831689713e-13,8.335903967093827e-13,8.569013942860693e-14,1.3789043980712753e-13,2.1786901094592092e-10,-7.020002390804511e-15,1.9692854450455345e-12,-4.106946264551918e-12,-4.23144852490509e-14,4.080167627373843e-14,-1.587270534915882e-13,3.4483737939202305e-12,-3.76324062282644e-12,3.767649540501831e-12,-5.194811247832831e-14,6.688404274868276e-14,3.7429906285524337e-13,-4.0907847479824495e-12,-2.3839371957971404e-13,2.9744114726781845e-12,-1.7531419871374965e-12,1.078796829645512e-12,3.7695095045364724e-13,-1.1761243830695396e-12,8.797795179709856e-11,5.5860352422224674e-14,-3.089904998499478e-11,-7.952037176887453e-12,2.9492732908642516e-13,2.0208880865032104e-13
0.5418514353747664,6.86665232053213e-14,-3.815027109036843e-13,3.825169514470872e-13,-4.2774303358565173e-13,-9.858922567218542e-14,1.0075297263156813e-13,5.851028106462764e-14,6.418894119934275e-13,-3.880510727564494e-15,5.111381277281163e-17,-4.5534973361349707e-14,2.0945914379649086e-10,8.208739243897867e-11,-8.800408800610813e-15,1.4080557707450857e-12,-8.531447153675093e-12,-4.3898842707728814e-16,2.15368727481876e-12,-2.5687462493013216e-13,5.235890149256705e-13,-1.4988010832439613e-14,8.297237838571004e-12,-1.225202903112295e-12,8.536026414339544e-11,-2.0435199373473546e-12,5.605462813229484e-12,-3.0529322917871334e-12,-3.661401930997293e-11,9.941815889054813e-14,-2.0946118738536624e-10,-8.208726775572883e-11,7.130950681410391e-12,2.2385714007438545e-13,3.634548250219546e-11,1.625522633164067e-14,-8.2963086965958e-12,-8.535957566634223e-11,-9.888386405994727e-14,-5.3290705182007514e-14,6.86665232053213e-14,-3.840474012880198e-13,3.825163297221934e-13,-4.2774306319159903e-13,-1.0290364116372075e-13,1.0075298373379838e-13,5.851092055308982e-14,6.418895045120129e-13,-5.6028663190469765e-15,1.200775538260738e-12,4.8175934352912e-13,8.594281508678137e-13,6.097270244254104e-14,1.861200082942105e-13,2.1350113537564448e-10,-9.989832888050807e-15,5.9534462347199426e-12,-4.399781465084611e-12,-6.231670850638989e-14,1.1144704950560857e-13,-4.1780139533228084e-13,4.396708419562856e-12,-4.812001463960769e-12,4.906293090319499e-12,-3.6392965307996404e-13,4.044890089538455e-13,7.419872360969748e-13,-5.7607614974604835e-12,-1.2454014116277296e-13,-6.199115887284279e-12,-2.3113898350857197e-12,1.1728368942698353e-12,7.433548887547659e-13,-1.6518505082293208e-12,1.6045795828984815e-10,7.834148775661895e-14,-6.971984056498149e-11,-7.978969337093153e-12,4.3572808555714107e-13,-2.4298562005068785e-13
0.5800281772294444,6.322010912459171e-14,-2.979504643008113e-13,2.8761449518318234e-13,-3.471350466336768e-13,-9.840732673183084e-14,1.0062709554503612e-13,6.527493212615809e-14,5.835937288978244e-13,-1.940255363782247e-14,4.772808973373818e-17,-4.0168967689139614e-14,2.599109274687008e-10,1.0164855068772738e-10,-8.3186917520301e-15,1.4330839755623734e-12,-8.399299774216237e-12,2.4852864242960655e-16,2.147900470521176e-12,-2.584899348831115e-13,6.528257373879146e-13,-1.3988810110276972e-14,9.235919004720351e-12,-6.343286139685006e-13,7.956416359885144e-11,-1.859165659337566e-12,5.0117452380664875e-12,-2.6623046866963055e-12,-3.9745777728459744e-11,8.916500350564238e-14,-2.5991272988870264e-10,-1.0164825632683755e-10,6.972989652893737e-12,7.516460261239009e-14,3.9349402289528455e-11,1.531330028330547e-14,-9.234804034350106e-12,-7.956322476650615e-11,-8.866981223339583e-14,-4.855375361027351e-14,6.322010912459171e-14,-3.00473838403074e-13,2.8761363661070996e-13,-3.471350688381373e-13,-1.0238636605208739e-13,1.0062710664726637e-13,6.52755005603467e-14,5.835938214164098e-13,-1.830642304412322e-14,1.08144983338813e-12,4.670255293603986e-13,8.977139920318677e-13,6.788120288092614e-14,1.6611193901875747e-13,2.160555745939337e-10,-9.442381941713197e-15,5.64620995491918e-12,-4.707493654147281e-12,-6.069454545435763e-14,1.3314191762980875e-13,-5.015966837486804e-13,3.495009555839109e-12,-3.897406368006765e-12,4.155428001695327e-12,-4.653456453507232e-13,4.669021003156359e-13,6.589738887896601e-13,-5.294330344500035e-12,-2.3483153199777006e-13,-1.1028411487738292e-11,-2.3224856704473494e-12,1.2345905631150344e-12,6.606314428836413e-13,-1.5603200213358074e-12,1.9572585800160318e-10,7.300510226188571e-14,-8.108758291760972e-11,-7.896831336987967e-12,4.2478726627071896e-13,-3.4930743482893453e-13
0.6208947036329641,5.270608457776567e-14,-2.1852126034597555e-13,1.969719794677379e-13,-2.667105277372646e-13,-1.0204530553892254e-13,1.0473495959395507e-13,7.258513790020516e-14,5.179393025578349e-13,-3.104408582051595e-14,4.449197609478849e-17,-3.756456951053977e-14,2.7359523860551655e-10,1.0657363880284265e-10,-7.820109336321836e-15,1.467643522144889e-12,-7.593000302582217e-12,-3.9263466942362534e-17,2.0520793178524716e-12,-2.528871814797706e-13,7.058813976245288e-13,-1.2989609388114332e-14,9.019862524086266e-12,-3.120673341437111e-13,7.26077914531719e-11,-1.6569751559365536e-12,4.334856896614169e-12,-2.2596031374481247e-12,-4.0280543758367566e-11,8.00214206240583e-14,-2.7359721026683316e-10,-1.0657315958548241e-10,6.13163672035418e-12,-1.021401866447337e-13,3.9825552416607083e-11,1.452637448805423e-14,-9.018995324909408e-12,-7.260679003200358e-11,-7.904787935331115e-14,-4.189241546252257e-14,5.270608457776567e-14,-2.2096694844246182e-13,1.9697162419637e-13,-2.667105425402383e-13,-1.0614940038067288e-13,1.0473497069618531e-13,7.258584844294092e-14,5.179393950764203e-13,-3.011469592214174e-14,8.008404014011224e-13,4.4719854486174884e-13,9.399834688395003e-13,7.534502799444454e-14,1.42866829477839e-13,2.1999575288093587e-10,-8.793763921254374e-15,4.683866639801307e-12,-5.034625494282352e-12,-5.813383339529447e-14,1.4872126100073935e-13,-5.168136115822156e-13,2.6690251786476436e-12,-2.9728300413959613e-12,3.3772451502045442e-12,-4.4334973470228077e-13,4.620271054633918e-13,5.833493332829676e-13,-4.7324840342829096e-12,-1.8717400962486864e-13,-1.1892310188462337e-11,-2.360138751100749e-12,1.26152408519431e-12,5.853382845089073e-13,-1.420248363359633e-12,2.1003032646405018e-10,6.794981312102828e-14,-8.333833643834369e-11,-7.840441259195549e-12,4.069232617242661e-13,-4.895400173195638e-13
0.6646405263290656,3.944613877436091e-14,-1.5024852473288776e-13,1.1858295086616028e-13,-1.978955369944894e-13,-1.0732037480920553e-13,1.0993148058524582e-13,7.848619532069278e-14,4.650948145131414e-13,-3.880510727564494e-14,4.325217794035931e-17,-3.580780059038909e-14,2.671952090477079e-10,1.0341963396776066e-10,-6.526445327457535e-15,1.5160278510956756e-12,-6.403519689810209e-12,2.635111826028928e-16,1.9191931489463252e-12,-2.4663410848497045e-13,7.284197419581495e-13,-1.27675647831893e-14,8.37838290440548e-12,-1.53502481081593e-13,6.704577310672083e-11,-1.49275760929534e-12,3.7657328170963975e-12,-1.8909927246442345e-12,-3.993064277162989e-11,7.297884085238904e-14,-2.671972399434846e-10,-1.0341915366619825e-10,4.892391227865087e-12,-2.684549115078978e-13,3.9446846951686906e-11,1.443783328704479e-14,-8.377298905434408e-12,-6.704464650790648e-11,-7.194245199571014e-14,-3.626728547108845e-14,3.944613877436091e-14,-1.5271505541628964e-13,1.1858253638289777e-13,-1.9789555179746307e-13,-1.1102656571893022e-13,1.0993149168747607e-13,7.848726113479642e-14,4.650949070317268e-13,-4.118305696465541e-14,4.622658404211203e-13,4.321918822824955e-13,9.84419279426163e-13,8.142166052493849e-14,1.2248794571216118e-13,2.2440804382698234e-10,-8.295205410698177e-15,3.451948266277603e-12,-5.3845631657149324e-12,-5.6593352689334374e-14,1.6258533292827042e-13,-4.945243115469141e-13,1.9628866236113633e-12,-2.183240373672864e-12,2.7098991495222437e-12,-4.302396938715702e-13,4.322353530650247e-13,5.299735761354895e-13,-4.265673000010869e-12,6.624153077912827e-14,-1.0925577953457833e-11,-2.379420038778335e-12,1.2717612296597735e-12,5.322267071505849e-13,-1.293167795068939e-12,2.159854143080839e-10,6.599503726161839e-14,-8.252168258493779e-11,-7.79127688292173e-12,3.961462364740487e-13,-6.331792324250814e-13
0.7114685093208841,2.3285033478916603e-14,-8.961554461469253e-14,4.851064735097073e-14,-1.3740883246053197e-13,-1.1350493878126144e-13,1.1631179908100364e-13,8.348813196334959e-14,4.2205193044135094e-13,-5.2386894822120665e-14,4.408472971235652e-17,-3.4297506964116785e-14,2.461264254735652e-10,9.447512216986809e-11,-5.029945162157403e-15,1.5783333359411758e-12,-4.84751128126959e-12,1.3607560220674568e-16,1.753043855168691e-12,-2.3761838749866126e-13,7.374223516623729e-13,-1.354472090042691e-14,7.46881485347919e-12,-7.655694340379422e-14,6.254225693517558e-11,-1.3568646834091201e-12,3.280164816309662e-12,-1.5328582339768711e-12,-3.902470078353576e-11,6.805323810264256e-14,-2.4612869330718256e-10,-9.447482184586631e-11,3.272395616442535e-12,-4.2402826588805815e-13,3.8523084915829794e-11,1.5030771596715852e-14,-7.467823768705638e-12,-6.254131810283028e-11,-6.809367884367627e-14,-3.3602750211988073e-14,2.3285033478916603e-14,-9.201102102451842e-14,4.8509936808234974e-14,-1.3740885466499246e-13,-1.17131548904581e-13,1.1631180463211878e-13,8.348884250608535e-14,4.2205202295993634e-13,-5.19037257618038e-14,9.313225746154786e-14,4.2236933950334786e-13,1.0305899467155654e-12,8.661878325710859e-14,1.0460114256242529e-13,2.2921288252443915e-10,-7.810702564868717e-15,1.7988188639947888e-12,-5.760128485299276e-12,-5.591066961259846e-14,1.7554349177976529e-13,-4.4431779436249206e-13,1.3007519802007059e-12,-1.51229523718636e-12,2.1258145466163115e-12,-3.7829587795634725e-13,3.8645562305816837e-13,4.871667158568016e-13,-3.877776248254842e-12,-2.004526322707534e-13,-9.14539365718762e-12,-2.435990609228611e-12,1.274970573561518e-12,4.896388361430581e-13,-1.1822335702997103e-12,2.1818577952111556e-10,6.720295029011628e-14,-8.04850033752908e-11,-7.725042827644302e-12,3.9136580478119075e-13,-7.743536252028763e-13
0.7615958096191475,2.621796009460997e-15,-2.801243681460619e-14,-2.679225730162216e-14,-1.051972361073202e-13,-1.1586962500587107e-13,1.1876384320430587e-13,7.5629174034475e-14,4.864667927743463e-13,-6.790893773237865e-14,5.763130337382991e-17,-2.8642163872142725e-14,2.638925663355516e-10,1.0097825353660994e-10,-3.247787841134356e-15,1.640325606825736e-12,-2.9838785763224174e-12,1.3191950516771836e-16,1.747288045493093e-12,-2.7436547865674853e-13,8.531889463336571e-13,-1.8318679906315083e-14,8.276425058326436e-12,-4.8720914468531375e-14,7.040466488288542e-11,-1.5306070998222293e-12,3.739330113285765e-12,-1.3320401333597229e-12,-4.5480312022909646e-11,7.650636490071545e-14,-2.6389462261752553e-10,-1.0097790767611692e-10,1.3449371342702213e-12,-6.829178143971505e-13,4.489957017295154e-11,1.986077284349321e-14,-8.275495916351232e-12,-7.040391381700919e-11,-7.593925488436071e-14,-4.722148598072332e-14,2.621796009460997e-15,-3.032927982834129e-14,-2.679237572541145e-14,-1.0519726571326752e-13,-1.1937117960769684e-13,1.1876385430653614e-13,7.563031090285221e-14,4.864668852929317e-13,-7.066963310838522e-14,-3.184444115807613e-13,4.985849955119193e-13,1.0673053330023663e-12,7.90305421105586e-14,1.1647645810815752e-13,2.3074935373310005e-10,-8.996358955644553e-15,2.220029892753899e-13,-6.179214547448926e-12,-6.93997521487392e-14,2.2648608104710219e-13,-4.587333869247405e-13,1.0310685638614815e-12,-1.2507025341316573e-12,2.0025479348835993e-12,-4.410326659431973e-13,4.3726319787218413e-13,5.891895682452741e-13,-4.416342476905773e-12,8.567440090700985e-14,-8.663725263128679e-12,-3.0029696063138545e-12,1.3446102453684716e-12,5.911734746177899e-13,-1.3113117998860464e-12,2.5180179001314386e-10,8.761975452370278e-14,-9.680916068044682e-11,-7.669346639242272e-12,4.857838821958546e-13,-1.1201252830365475e-12
0.8152548842718242,-3.297600473933793e-14,5.44484161461393e-14,-1.2520366965418362e-13,-4.9716645615186885e-14,-1.2951204553246498e-13,1.3261717279888784e-13,7.337604301937972e-14,5.190735804146603e-13,-9.119200209776561e-14,7.302443533009727e-17,-2.0898502835671923e-14,2.3758393626433354e-10,9.095363351363517e-11,6.332041854585481e-16,1.7273846319381609e-12,5.282811225508037e-13,-1.5795336204386805e-16,1.587154265978914e-12,-2.925518354700124e-13,9.455052817882441e-13,-2.353672812205332e-14,7.602735183505247e-12,-2.5803530864504276e-14,7.56245727227119e-11,-1.6171256346803244e-12,3.961590847430894e-12,-9.335999761670785e-13,-4.9178232545675074e-11,8.454915731657502e-14,-2.3758581484292706e-10,-9.095324103244873e-11,-2.2576956218896735e-12,-9.654157497273453e-13,4.852355597432271e-11,2.522221780797097e-14,-7.60168215593335e-12,-7.562379036242415e-11,-8.378483092504514e-14,-6.276460832547552e-14,-3.297600473933793e-14,5.214578398711941e-14,-1.2520396571365684e-13,-4.971668262262104e-14,-1.3292833500599953e-13,1.3261718390111809e-13,7.337710883348336e-14,5.190736729332456e-13,-9.121189729436688e-14,-9.298673830926418e-13,5.666151992045343e-13,1.1081559669889885e-12,7.703256699187477e-14,1.2110312752611207e-13,2.347696584940335e-10,-8.819723787021824e-15,-4.669991452971595e-12,-6.642149793142001e-12,-8.071598944781044e-14,2.7578940867134525e-13,-3.8541843327966064e-13,4.4282231215220236e-13,-4.651591704411355e-13,1.6199701728207098e-12,-4.1140753304080846e-13,4.1478546985995734e-13,6.130959917527434e-13,-4.696450635795676e-12,6.363431263404588e-14,-6.8694741154710455e-12,-3.561945050023496e-12,1.4284055271929219e-12,6.148565034891362e-13,-1.3857914815673667e-12,2.784557016490933e-10,1.1046554431815361e-13,-1.0648908566371794e-10,-7.512028036652888e-12,5.649898523205424e-13,-1.4556400471562222e-12
0.8726945683451613,-7.14238029252597e-14,1.1629405586669841e-13,-1.9568696293011575e-13,1.7290968656880068e-14,-1.5133991837501525e-13,1.5456044222261767e-13,8.407496920881385e-14,4.4899362006134427e-13,-1.0089327891667683e-13,7.807531264690937e-17,-2.0892720424085336e-14,1.3247045736775582e-10,5.0474485702167726e-11,5.344664959448335e-15,1.879943924297677e-12,4.614518643740616e-12,3.049421056281901e-16,1.1621474695303738e-12,-2.464420786304205e-13,8.892053608695012e-13,-2.5202062658991053e-14,4.264637780589298e-12,-7.737526584133059e-15,6.865543245713637e-11,-1.4124598166751676e-12,3.2278522956696743e-12,-3.691430868108323e-13,-4.227150929034187e-11,8.106716975949298e-14,-1.3247247133940112e-10,-5.047422115683764e-11,-6.501320749113804e-12,-1.1391170023619448e-12,4.162695220821541e-11,2.67553482895342e-14,-4.263213096227319e-12,-6.865458750802562e-11,-8.06762064560947e-14,-5.965598385652508e-14,-7.14238029252597e-14,1.1411363705822927e-13,-1.9568696293011575e-13,1.7290931649445913e-14,-1.5454588719876482e-13,1.545604533248479e-13,8.407610607719108e-14,4.489937125799296e-13,-1.0138307970919413e-13,-1.5655435466518005e-12,5.416950443759561e-13,1.16657075110993e-12,8.794572181614057e-14,9.834059492656403e-14,2.443857584000489e-10,-5.189691246730056e-15,-1.3251794507148386e-11,-7.121192524550679e-12,-7.73527538318793e-14,2.7733019584511945e-13,-1.7289518196757688e-13,-2.640542599389543e-13,3.4567548823360996e-13,9.281625542219747e-13,-2.605769711117034e-13,2.435805807055047e-13,5.215991905060946e-13,-4.082643852617215e-12,2.393790055066347e-13,-3.870809450745583e-12,-3.4864569897763432e-12,1.4250030933027347e-12,5.238578637545288e-13,-1.2218973980774687e-12,2.613344360035466e-10,1.1744558369450667e-13,-9.561490352831805e-11,-7.1991671883135195e-12,5.414412481189422e-13,-1.5930104342124865e-12
0.934181228855066,-9.817365092164761e-14,1.353328116238117e-13,-2.1441846816590745e-13,6.435019184181101e-14,-1.6789272194728254e-13,1.7133987006978656e-13,1.0015341445068771e-13,3.3360425533146555e-13,-1.0283353428045908e-13,7.25904809400472e-17,-2.732796627880063e-14,-1.6802277726339257e-12,-1.6624202014980938e-12,7.780505840299101e-15,2.084308805796711e-12,7.652983185440438e-12,-1.7683461384633317e-16,6.671037080230854e-13,-1.6187793999312876e-13,7.208747033978109e-13,-2.275957200481571e-14,-5.079309464448095e-14,6.970984454589826e-15,5.5915227176224655e-11,-1.0762024651970474e-12,2.055616449833823e-12,1.0493677936758148e-13,-2.8712949330817305e-11,6.873415320703587e-14,1.6781291803312806e-12,1.6624180330937488e-12,-9.74667515870547e-12,-1.1369763468734754e-12,2.815257232761904e-11,2.4315579152218384e-14,5.22177790064603e-14,-5.591428834387936e-11,-6.838973831690964e-14,-4.085620730620576e-14,-9.817365092164761e-14,1.3315618237659995e-13,-2.1441858658969675e-13,6.435015483437686e-14,-1.7113848116423469e-13,1.7133988672313194e-13,1.001551908075271e-13,3.336043478500509e-13,-1.0134423670630591e-13,-2.088684899111589e-12,4.538378561846912e-13,1.2381180525267155e-12,1.0424336949199641e-13,6.34129785718566e-14,2.5660504728826913e-10,8.958067984230975e-16,-2.3709721037656934e-11,-7.601706301466985e-12,-6.464357405847979e-14,2.3916125445796094e-13,8.130645462456343e-14,-7.178378780281492e-13,8.934058826071122e-13,2.974725058872233e-13,-7.947587032930414e-16,1.6467541219533644e-14,3.791034686173589e-13,-3.0672275830312402e-12,1.7941298816973965e-13,-1.4527662036319573e-12,-2.984415914397687e-12,1.3255453623628454e-12,3.821944716264625e-13,-9.444659868999376e-13,2.113397699737453e-10,1.0837973584993527e-13,-7.402709499083348e-11,-6.8288522984497985e-12,4.524738666607878e-13,-1.5053555624255921e-12
1.0,-1.219808715841042e-13,1.4127484367539484e-13,-2.194670519391669e-13,9.350453744616517e-14,-1.7971615307033062e-13,1.8311805960458116e-13,1.1268859623214667e-13,2.524729499538599e-13,-1.0477378964424133e-13,6.60888413253804e-17,-3.418836394541991e-14,-1.3068651851745571e-10,-5.096020827544123e-11,1.10761792773849e-14,2.3275459491865925e-12,1.0370562433495125e-11,-2.396664563705072e-16,2.296651204178998e-13,-7.832074782003194e-14,5.516585048912401e-13,-1.965094753586527e-14,-4.276654683468602e-12,3.2546101250189804e-14,4.669263892665498e-11,-8.32619601603616e-13,1.1825258395204014e-12,4.3448443166238893e-13,-1.560116377171399e-11,6.052677890139302e-14,1.3068439453895586e-10,5.09601345496935e-11,-1.2710715244609564e-11,-1.0951475330977535e-12,1.512634978513593e-11,2.1191566635715177e-14,4.278203253427275e-12,-4.669160621107516e-11,-6.039613253960852e-14,-2.6349293117770383e-14,-1.219808715841042e-13,1.3899684366454797e-13,-2.1946687430348296e-13,9.350449303724418e-14,-1.827459072956117e-13,1.8311807625792654e-13,1.126908699689011e-13,2.5247304247244527e-13,-1.0190698655302791e-13,-2.765834021071593e-12,3.841705620288849e-13,1.3120600161897756e-12,1.1705040492415718e-13,4.093688351266186e-14,2.68554939268607e-10,8.619779965756552e-15,-4.0278676281880005e-11,-8.105571769334574e-12,-5.531235770332247e-14,2.0148423438929677e-13,3.2325037322792717e-13,-1.019186868234101e-12,1.232960045172149e-12,-1.178757239965004e-13,1.9454972910448732e-13,-1.861798853974861e-13,2.7724766482606356e-13,-2.34094299500498e-12,3.958424107016375e-13,-2.924934960901737e-13,-2.509295882191509e-12,1.2120427328454752e-12,2.809770904832476e-13,-7.368742653094765e-13,1.6110301723151045e-10,9.767024767627121e-14,-5.88129526320544e-11,-6.3927381906599594e-12,3.871512115614147e-13,-1.4067572107201442e-12
1.0444025524245693,-1.7242781855109079e-13,1.937830044577519e-13,-2.8381297312307653e-13,1.3119612063405838e-13,-2.0336301531642675e-13,2.0688872837126838e-13,1.1551129830422724e-13,2.763642092951102e-13,-1.1835557719071705e-13,7.52877250116805e-17,-3.277861200060942e-14,-2.5263206161176505e-10,-9.47582290411475e-11,1.6525801030475235e-14,2.5917539719305044e-12,1.570456727624977e-11,-2.3293650523299483e-16,-1.4346885992931851e-13,-3.641628342545917e-14,5.179463729679838e-13,-2.1538326677728037e-14,-8.377515705228623e-12,9.495395451283183e-14,4.941875770209242e-11,-8.867563663957911e-13,1.3201195433258993e-12,7.654525479757085e-13,-9.544613161842579e-12,6.896747351455475e-14,2.526299207091337e-10,9.475805773720425e-11,-1.8314191309320993e-11,-1.2794241236607637e-12,9.061508003897477e-12,2.3071657906099767e-14,8.379002332388949e-12,-4.941766239768957e-11,-6.927791673660977e-14,-3.611925573447176e-14,-1.7242781855109079e-13,1.9156705851249476e-13,-2.8381320997065513e-13,1.3119608362662424e-13,-2.062506609945558e-13,2.0688874502461373e-13,1.155134299324345e-13,2.763643018136956e-13,-1.166417481120637e-13,-4.142445201675097e-12,4.207322490401566e-13,1.3590347958114535e-12,1.2010069383450173e-13,5.878186826180354e-14,2.779363238266896e-10,1.767570397231792e-14,-7.447407422370491e-11,-8.49985822467166e-12,-6.371484358632292e-14,2.1664321956752868e-13,5.707567636107728e-13,-1.4423714371029443e-12,1.596328284373764e-12,-3.6981949354715955e-13,3.4488506495122806e-13,-3.410848159468571e-13,3.1207413542233553e-13,-2.523210529403741e-12,3.6667794726478557e-13,-8.99793424954017e-13,-2.8392605599947273e-12,1.2385187986296842e-12,3.158187666940648e-13,-7.686592103558117e-13,1.5042778392435775e-10,1.1017381939485565e-13,-7.13045851178893e-11,-5.797196056533949e-12,4.4595754028255626e-13,-1.6501686244304222e-12
1.0907766915109554,-2.278625407572029e-13,2.3889394166568914e-13,-3.405614753167659e-13,1.6917340121362183e-13,-2.2901076590642335e-13,2.3279037586476646e-13,1.2277894256840226e-13,2.857967566309109e-13,-1.2999710937341054e-13,7.649691748344522e-17,-3.6152360040804986e-14,-4.1782918588443483e-10,-1.552535877635819e-10,2.2512705193486163e-14,2.9522969717069953e-12,2.163855514522892e-11,-1.400881052802786e-16,-5.901312736410412e-13,3.325505245853957e-14,4.197006871160975e-13,-2.0095036745715333e-14,-1.494692112671042e-11,2.067224752081821e-13,5.0769800035791385e-11,-8.992128868584166e-13,1.3416461866431692e-12,1.0459941916318484e-12,9.598523526387168e-13,7.595038602666489e-14,4.1782710421626366e-10,1.5525340344921257e-10,-2.4614812984947845e-11,-1.4078465847419524e-12,-1.4145128866665691e-12,2.165319959196877e-14,1.494828386827405e-11,-5.076876732021156e-11,-7.60872846209774e-14,-4.011605862312232e-14,-2.278625407572029e-13,2.3674099717633606e-13,-3.4056188980002845e-13,1.6917335680470083e-13,-2.3188135855889413e-13,2.3279039251811187e-13,1.227812163051567e-13,2.8579684914949627e-13,-1.3006058452447179e-13,-6.267024825016657e-12,4.3437466956675055e-13,1.418420625398653e-12,1.2760459355831698e-13,8.241185511792536e-14,2.9040450922554665e-10,3.1845504694632404e-14,-1.3054370420257058e-10,-8.899112928043943e-12,-6.984782544017243e-14,2.1717930694572137e-13,8.970151357812206e-13,-1.850837113200517e-12,2.128371789922312e-12,-6.5754240570944e-13,5.62116367341936e-13,-5.493704213765937e-13,2.8474225644004035e-13,-2.5889671887805814e-12,2.279193722642958e-13,-1.4736239487926166e-12,-3.0446244636550545e-12,1.2276530902965988e-12,2.887081507196854e-13,-7.761406332444191e-13,1.2074629410025552e-10,1.1059712580431189e-13,-7.693493771643166e-11,-4.9940422168030336e-12,4.888760776137601e-13,-1.8104308055604442e-12
1.139209960739269,-2.374615087896714e-13,2.192488561073939e-13,-3.1947499460708665e-13,1.7300661644033728e-13,-2.291926648467779e-13,2.329351711516381e-13,1.3330208048500936e-13,2.393383639424466e-13,-1.2999710937341054e-13,5.493234979559732e-17,-4.576258353742683e-14,-5.318670977893256e-10,-1.9854923261064528e-10,2.4288086250931177e-14,3.2373746816021726e-12,2.2877224805897514e-11,-1.454823616066824e-16,-8.435943249144961e-13,1.0928757898653885e-13,2.367247527684931e-13,-1.1213252548714081e-14,-2.0846848783658615e-11,2.4873082283397724e-13,4.539817688896564e-11,-7.557505029444807e-13,8.158609552649645e-13,9.81363078789548e-13,1.335221339178493e-11,7.030574039612603e-14,5.318648722660369e-10,1.9854879892977628e-10,-2.6140290260311272e-11,-1.2777765833964027e-12,-1.369991652422095e-11,1.2830587422596809e-14,2.0847839868432165e-11,-4.539705029015129e-11,-7.031412489292659e-14,-2.4276876805136755e-14,-2.374615087896714e-13,2.1714328113375812e-13,-3.1947523145466525e-13,1.730065720314163e-13,-2.319609393452993e-13,2.3293518780498343e-13,1.3330421211321663e-13,2.3933845646103197e-13,-1.2896919088234427e-13,-8.079708398630222e-12,3.736204234883189e-13,1.482849754097515e-12,1.3836512380294153e-13,8.785786912805331e-14,3.005566983924004e-10,4.4665978543838997e-14,-1.8195127140665305e-10,-9.219643567111765e-12,-6.280351239063009e-14,1.7344275899759212e-13,1.1012243663251672e-12,-1.869036481139119e-12,2.1623099163055788e-12,-7.953813015622775e-13,6.951316300352061e-13,-6.918157241520007e-13,2.000796683887529e-13,-2.1649606181857924e-12,3.9711570328411955e-13,-1.6652241659661134e-12,-2.5753251975402235e-12,1.0854040333185821e-12,2.0455274807318345e-13,-6.487269980463376e-13,6.672266098801465e-11,7.754936964940104e-14,-7.190617357543466e-11,-4.4912222089503e-12,4.395624319988422e-13,-1.637631455500092e-12
1.1897937907435858,-2.2021848465151688e-13,1.7280399333685637e-13,-2.6646169715149883e-13,1.5910447033936255e-13,-2.1373125491663812e-13,2.1721850429479161e-13,1.4265651770983823e-13,1.841381676766692e-13,-1.241763432820638e-13,2.3127493470949823e-17,-5.552300517501033e-14,-5.929859584393548e-10,-2.2234283858502124e-10,2.2099804866131266e-14,3.443141797910955e-12,2.130147909914134e-11,-3.717241368635126e-16,-9.3723453992343e-13,1.7062578740082203e-13,5.2912671619866235e-14,5.551115123125783e-16,-2.572794129339654e-11,2.6623740621677777e-13,3.862331233004266e-11,-5.846617548323625e-13,1.8157799918245298e-13,7.096993352491085e-13,2.369184951581955e-11,6.040187881112269e-14,5.929837498401975e-10,2.2234247862989998e-10,-2.4768056529345106e-11,-1.0449266301034398e-12,-2.3917260291136105e-11,1.0507918049140058e-15,2.5729242092161827e-11,-3.862218573122831e-11,-6.054416227622521e-14,-5.329070518200751e-15,-2.2021848465151688e-13,1.7067425991020477e-13,-2.664621116347613e-13,1.5910442593044157e-13,-2.1630626179103273e-13,2.17218520948137e-13,1.4265879144659265e-13,1.8413826019525458e-13,-1.2305842271113458e-13,-9.872019290924072e-12,2.9976945370435715e-13,1.544124028640681e-12,1.4798175129726587e-13,9.105605158765684e-14,3.076214347851919e-10,5.513623750814413e-14,-2.348395192624205e-10,-9.498402064878064e-12,-5.190868568316631e-14,1.1762191336657976e-13,1.1935937654916628e-12,-1.751816824935304e-12,1.9918822147246827e-12,-8.097728709799412e-13,7.616469677174109e-13,-7.596717727098578e-13,1.2668692761508282e-13,-1.6614955707557518e-12,1.191438059322536e-13,-2.8371384056905907e-12,-1.911394065245986e-12,8.9659959456867e-13,1.3165802670300763e-13,-4.96767071922477e-13,1.2741087255008996e-11,3.003372154924619e-14,-6.591209286499913e-11,-4.208744464051506e-12,3.632996585158702e-13,-1.3475806610642923e-12
1.242623671911505,-1.98396889194985e-13,1.2769305612891912e-13,-2.1676148283707639e-13,1.4441977243725052e-13,-1.940861693583429e-13,1.9751347224428174e-13,1.5118359897314804e-13,1.4584093192363904e-13,-1.202958325544993e-13,-1.2752248662850969e-17,-6.410887445906788e-14,-6.378521017602341e-10,-2.400001031244159e-10,1.9849181856413442e-14,3.6397004237680936e-12,1.9209017093007534e-11,-1.0792576632963094e-16,-9.790500997052048e-13,2.2116029937634733e-13,-1.1126788686158563e-13,1.354472090042691e-14,-3.139465431456855e-11,3.648343715573883e-13,3.3330676277867525e-11,-4.518080541764373e-13,-3.2008315272317237e-13,3.3203346432720363e-13,3.233795660191898e-11,5.2305201547290604e-14,6.378499270093398e-10,2.399997561797207e-10,-2.2869883552520707e-11,-8.148994835599875e-13,-3.244974056901467e-11,-1.198218736416564e-14,3.1395893170535494e-11,-3.332923673493807e-11,-5.240252676230739e-14,1.1694349192718315e-14,-1.98396889194985e-13,1.2562869263395745e-13,-2.1676094993002455e-13,1.4441972802832955e-13,-1.966554918908514e-13,1.975134888976271e-13,1.5118502005861956e-13,1.4584102444222442e-13,-1.1952370944830666e-13,-1.2728560250252486e-11,2.4319888325408103e-13,1.6046628026344933e-12,1.568096763548965e-13,1.1086020990092038e-13,3.135717912718009e-10,6.599682958333478e-14,-3.186575407311628e-10,-9.765873295227342e-12,-4.304392490587598e-14,6.597098446229725e-14,1.2541950811240099e-12,-1.5687665685012083e-12,1.7883969860577054e-12,-7.809939954010284e-13,8.008156110461684e-13,-7.965083342886814e-13,7.405944302263379e-14,-1.2984957553641152e-12,2.716963839096328e-13,-6.262174186607202e-12,-1.3251337804831565e-12,7.086083719798353e-13,7.945551772081672e-14,-3.7758685067501574e-13,-3.5454701190433247e-11,-2.3122901705342758e-14,-7.504593013804374e-11,-3.947009385996125e-12,3.012471025647423e-13,-1.0742311510811287e-12
1.2977993346475665,-1.7359712047489613e-13,8.524997004618248e-14,-1.723124753993943e-13,1.312825107883479e-13,-1.713488018140197e-13,1.7485359826707736e-13,1.6029602534217702e-13,1.2491119250057635e-13,-1.1835557719071705e-13,-5.318816337341291e-17,-7.095770730251398e-14,-6.726374200175169e-10,-2.5418389615339265e-10,1.7480651860437816e-14,3.836133764040856e-12,1.6775315704443808e-11,1.8788863986930027e-16,-9.867030836901957e-13,2.644057453602566e-13,-2.5969365143461054e-13,2.808864252301646e-14,-3.823685581997022e-11,5.138551943929587e-13,2.9325241959911464e-11,-3.523640716582503e-13,-7.047266763909611e-13,-1.715210302353362e-13,3.966522201132415e-11,4.621437058270154e-14,6.726352875769514e-10,2.54183583903167e-10,-2.0630522994036844e-11,-5.970806715789903e-13,-3.9671600952626976e-11,-2.6616528059808693e-14,3.823883798951732e-11,-2.9323865005805034e-11,-4.63333075610232e-14,2.4424906541753444e-14,-1.7359712047489613e-13,8.311692075343065e-14,-1.7231212012802644e-13,1.3128248118240057e-13,-1.7402612684236374e-13,1.7485361492042273e-13,1.6029801486183715e-13,1.2491128501916176e-13,-1.189960130432155e-13,-1.7630615426848332e-11,2.0336301531642675e-13,1.6658577184358592e-12,1.662706949900894e-13,1.5695296913994147e-13,3.1877518712552807e-10,7.769743100858109e-14,-4.626978373799488e-10,-1.0017061254548784e-11,-3.619039674422157e-14,1.8122395945008308e-14,1.295171238776168e-12,-1.4217718558029446e-12,1.4637116407811845e-12,-7.30730202273359e-13,8.071206453186263e-13,-8.106421506282047e-13,4.1218513047169833e-14,-1.055347846149838e-12,2.1967328696822126e-13,-1.3938794533411661e-11,-8.045390131883324e-13,5.21063325820137e-13,4.701455225131213e-14,-2.677887541343201e-13,-7.901344952997772e-11,-8.325241537820993e-14,-1.6204335156033718e-10,-3.7166196046693285e-12,2.5327259324295335e-13,-8.263456961523271e-13
1.3554249376408263,-1.8234757453994277e-13,6.815146965285143e-14,-1.7038068733654655e-13,1.464788290661545e-13,-1.6134436009451747e-13,1.6500456556656218e-13,1.8181339100920012e-13,1.562249403915435e-13,-1.3387762010097503e-13,-1.1962442937932545e-16,-8.280904896980819e-14,-8.302500963153755e-10,-3.1834562763677354e-10,1.854844041670097e-14,4.35764946503535e-12,1.7967880270061996e-11,-5.668710452905405e-17,-1.2331176544801903e-12,3.572836471121832e-13,-4.868745002607659e-13,5.3179682879545e-14,-5.893374108883092e-11,1.5623406170307012e-12,2.8822653711064866e-11,-3.3251424647644616e-13,-7.762031122792325e-13,-9.939696969538429e-13,5.457257385006774e-11,4.9757001181297923e-14,8.302481500402561e-10,3.18345215639948e-10,-2.2346021156157324e-11,-4.431946756634244e-13,-5.4444510915134237e-11,-5.163162344228641e-14,5.893590908677306e-11,-2.8821401934604476e-11,-5.003405097644039e-14,3.2862601528904634e-14,-1.8234757453994277e-13,6.589857548533473e-14,-1.7038098339601977e-13,1.4647881426318083e-13,-1.6401600078097546e-13,1.6500458221990754e-13,1.8181495420321881e-13,1.5622503291012891e-13,-1.3201978769454096e-13,-3.29353497363627e-11,1.8135324353352189e-13,1.762973411700841e-12,1.8824991343535657e-13,3.234301715338006e-13,3.3209839271340215e-10,1.0707456649843364e-13,-9.110487315779755e-10,-1.0239753489571513e-11,-3.7389506999755774e-14,-3.3845056387112514e-14,1.5760709519881584e-12,-1.6289116426075149e-12,1.6641813260775963e-12,-7.67920956453357e-13,9.412076895642941e-13,-9.47115391669584e-13,3.884160548750515e-14,-1.2763741915241175e-12,2.632077666930854e-13,-3.883421110610167e-11,-5.338733899407088e-13,3.09395931097356e-13,4.5339731968851994e-14,-2.923713123455703e-13,-1.4630753972685293e-10,-1.809050888148915e-13,-2.730190779939198e-10,-2.780405535437088e-12,2.616582249151913e-13,-6.952830585577053e-13
1.4156092644919915,-1.3687892833069704e-13,6.548361852765083e-15,-1.1718093162471632e-13,1.3567166649390097e-13,-1.244188752025366e-13,1.2821910200244701e-13,2.0212056028867664e-13,1.5614907515152747e-13,-1.4163864155610403e-13,-1.8618741945508109e-16,-9.35491556904496e-14,-8.392434443870464e-10,-3.2402025507138887e-10,1.4205608381356254e-14,4.5425661688981555e-12,1.3340100629082802e-11,9.72618824015921e-17,-1.1313494358111295e-12,3.8648348087757887e-13,-6.291317596084444e-13,7.582823258189819e-14,-8.137958126901713e-11,2.136234836577644e-12,2.5938060035742052e-11,-2.5894328540533073e-13,-1.0603172507733847e-12,-2.27487312564713e-12,5.98456684725153e-11,4.489045130987949e-14,8.392415996567159e-10,3.240198560849894e-10,-1.78983009933082e-11,-1.835839488145272e-13,-5.960446767932671e-11,-7.428228733887595e-14,8.13812537245725e-11,-2.5936620492812606e-11,-4.4853010194856324e-14,4.8405723873656825e-14,-1.3687892833069704e-13,4.368890434610269e-15,-1.1718122768418956e-13,1.3567164428944049e-13,-1.272894678550074e-13,1.282191242069075e-13,2.0212269191688392e-13,1.5614916767011285e-13,-1.3811340219641959e-13,-5.0205562729388475e-11,1.597072696313262e-13,1.8331729023657317e-12,2.0907265252390062e-13,4.826368934137312e-13,3.3555935807783044e-10,1.2099229699190882e-13,-1.394186701327637e-09,-1.036835432325726e-11,-3.152931619491521e-14,-8.656227933519686e-14,1.556499061583505e-12,-1.4730469880911792e-12,1.607665230570395e-12,-6.943958889375304e-13,8.875772311567331e-13,-8.976090259960045e-13,2.435015744595148e-14,-1.2163967981019633e-12,1.0353081355181833e-13,-4.715305597831806e-11,4.729372449219227e-15,7.842944071967395e-14,3.1603164529769857e-14,-2.348484369936917e-13,-1.879064604173928e-10,-2.7629410396948564e-13,-2.4444412180290176e-10,-2.7299644026849515e-12,2.2063909050535559e-13,-4.1179629729308033e-13
1.4784659290713034,-6.429281875404887e-14,-6.475602276623249e-14,-4.517512290173424e-14,1.0830136047227749e-13,-7.876224117353558e-14,8.230464088043732e-14,2.1573441699729302e-13,1.3764452540717306e-13,-1.4357889691988626e-13,-2.2375342331003794e-16,-9.595781923684339e-14,-7.195289080000265e-10,-2.7711374861461024e-10,5.586201110096494e-15,4.392372846612819e-12,5.687580036569292e-12,-4.987587378843168e-17,-8.160388921935654e-13,3.500623563633495e-13,-6.410907112829917e-13,8.670841822322473e-14,-9.495880540822739e-11,1.8179253137161435e-12,2.2476021879241315e-11,-1.7578401003273551e-13,-1.4020678716656211e-12,-3.4497744269589518e-12,5.4842125672790686e-11,3.6255829068132517e-14,7.195268263318553e-10,2.771131718190545e-10,-1.0086944782525562e-11,5.169555273756919e-14,-5.4552798002441606e-11,-8.508557763518484e-14,9.496091146337118e-11,-2.2474457158665826e-11,-3.6415315207705135e-14,5.891583517344164e-14,-6.429281875404887e-14,-6.703260169160785e-14,-4.517612950394323e-14,1.0830133826781699e-13,-8.161578080034815e-14,8.230466308489782e-14,2.1573640651695315e-13,1.3764461792575844e-13,-1.4094515184600217e-13,-6.456393748521805e-11,1.69893610291183e-13,1.8647368982271926e-12,2.232252427347703e-13,5.98442776815015e-13,3.300004713935323e-10,1.160760466152773e-13,-1.7867117724010916e-09,-1.0509038084194344e-11,-2.298504557981159e-14,-1.1820600054335272e-13,1.2914011526810042e-12,-1.0909436317281991e-12,1.2028737709594376e-12,-5.546363960699333e-13,7.02106414673942e-13,-7.147702624221707e-13,1.6672956348884326e-14,-9.440831449936127e-13,9.958966984413564e-14,-4.8252210641900696e-11,5.355104804039001e-13,-8.86434925462254e-14,2.4491981776009198e-14,-8.056370385626602e-14,-1.9077537998958464e-10,-3.286657580749315e-13,-3.5905613827064246e-10,-3.386957381223965e-12,1.608374149433768e-13,-1.306836496656194e-13
1.5441135899948315,-1.7396153961790618e-15,-1.2563153480490048e-13,7.159902300675943e-15,9.42046218810333e-14,-3.6925484891980884e-14,4.0265013545592866e-14,2.4749468252593944e-13,1.7403698852428798e-13,-1.57160684466362e-13,-2.7361213398418064e-16,-9.887938269096767e-14,-6.440321176088945e-10,-2.494435213939994e-10,-1.1073920522858888e-15,4.356333966399401e-12,-8.798517470154366e-13,-1.1354760554474288e-17,-6.122938155329003e-13,3.312627949725311e-13,-6.792271949181172e-13,1.0225154056797692e-13,-1.1449624537763029e-10,3.286876999748497e-12,2.0465042995624712e-11,-1.2722033985278518e-13,-1.6025594308042798e-12,-4.785010604360327e-12,5.244135874902916e-11,3.215252138607146e-14,6.440303236509584e-10,2.4944297061929577e-10,-3.476641235702596e-12,2.580149691423478e-13,-5.209524672110227e-11,-1.0050887361702076e-13,1.1449773200479062e-10,-2.0463540863872245e-11,-3.197442310920451e-14,6.676141121412608e-14,-1.7396153961790618e-15,-1.2792753523171996e-13,7.157652248679369e-15,9.420460707805963e-14,-3.971649675804656e-14,4.02650468522836e-14,2.4749496674303373e-13,1.7403708104287336e-13,-1.5430714483954943e-13,-1.0101163449386756e-10,2.0008883439004421e-13,1.9124243522128383e-12,2.556690503752179e-13,8.927873255496858e-13,3.2730097701872627e-10,1.1662348062095595e-13,-2.8578246592466234e-09,-1.0593729597256166e-11,-1.813115629856199e-14,-1.523012040557011e-13,1.1118463557243292e-12,-1.0697074041369585e-12,9.559218009750717e-13,-2.4450201863146505e-13,5.783388851154924e-13,-5.778929390576338e-13,6.06816996651105e-14,-1.3705375723205293e-12,-9.707340116923054e-14,-1.1574108308802049e-10,9.325958671979607e-13,-2.715602853697874e-13,6.955445996936759e-14,-2.801137100050255e-13,-2.0159605251296324e-10,-3.985662643565639e-13,-7.523671395695228e-10,-3.857617928796723e-12,1.268658294522298e-13,9.439423345978618e-14
1.612676174624067,6.470502374641048e-14,-1.9596579174200694e-13,5.431347223823953e-14,9.409037253031253e-14,6.730260793119669e-15,-3.409983406754691e-15,3.030426398709096e-13,2.1793585454806436e-13,-1.7656323810418446e-13,-3.263018052332446e-16,-1.0300209759191621e-13,-5.654832970444575e-10,-2.214090022434334e-10,-8.336159453697922e-15,4.3057282276641e-12,-7.856832468573001e-12,-7.311831816177183e-16,-4.257049774019752e-13,3.073107014339974e-13,-7.075309229809515e-13,1.1834977442504169e-13,-1.4833794994089422e-10,6.482794871549427e-12,1.9084583915106573e-11,-9.332995911326433e-14,-1.740732081222708e-12,-6.77685627431892e-12,4.927407319375435e-11,2.929145641317188e-14,5.654812830728122e-10,2.21408742034912e-10,3.5581636017208615e-12,4.508349905289456e-13,-4.887532239393316e-11,-1.1654605503331333e-13,1.483394985108529e-10,-1.908270625041599e-11,-2.930988785010413e-14,7.342274936187702e-14,6.470502374641048e-14,-1.98033944798226e-13,5.431009716024467e-14,9.409035032585204e-14,3.797140379901975e-15,-3.409950100063952e-15,3.0304434517347547e-13,2.1793594706664977e-13,-1.7637281265100077e-13,-1.7332834734891853e-10,2.5429471861571075e-13,1.9635658432548554e-12,3.121121494586987e-13,1.3643160675277006e-12,3.241685085738865e-10,1.1501438229545233e-13,-4.934408906215867e-09,-1.0605035368390267e-11,-1.4620376668587436e-14,-1.8540113310335412e-13,9.242281245880335e-13,-1.2459845303662101e-12,8.432728293428226e-13,1.2208545285830041e-14,4.4858388392743366e-13,-4.3473886157663346e-13,1.0941910488782014e-13,-1.9487111924121337e-12,4.959777773668369e-14,-2.0278384909033775e-10,1.2680175132118166e-12,-4.601495184886062e-13,1.2021175166410102e-13,-5.86227362949406e-13,-2.0954941916040673e-10,-4.71875048258831e-13,-1.437272129688213e-09,-4.496403249731884e-12,1.0229716163263765e-13,2.9963398551965483e-13
1.6842831130116662,1.2987543910695603e-13,-2.595091549058755e-13,9.95263131168637e-14,9.061912701705902e-14,4.383764462545514e-14,-4.056813773800627e-14,3.6016515991832423e-13,1.994927371444059e-13,-1.9984630246957143e-13,-3.375522600689838e-16,-1.0138331146825053e-13,-4.2710970261893865e-10,-1.6740553387961654e-10,-1.5629376650918817e-14,4.051938183128693e-12,-1.4817159844761188e-11,-1.6944087928342209e-16,-1.9698586486603307e-13,2.485850672593481e-13,-6.408423029154724e-13,1.192379528447418e-13,-1.8251340230165143e-10,8.725694722952368e-12,1.7763208683518846e-11,-6.188457651673773e-14,-1.880856720559057e-12,-8.577116859780694e-12,4.021217467536274e-11,2.5740116057123192e-14,4.2710782404034514e-10,1.6740505683066065e-10,1.07793909793578e-11,5.658407436868575e-13,-3.982139876244228e-11,-1.1738256274916505e-13,1.8251532252840017e-10,-1.77614561964743e-11,-2.590520390792032e-14,7.490304672804389e-14,1.2987543910695603e-13,-2.617146795576749e-13,9.952370779349924e-14,9.061909741111171e-14,4.078515303262975e-14,-4.056810443131553e-14,3.601662967867014e-13,1.9949282966299127e-13,-1.9876722490153043e-13,-2.6360648917034266e-10,3.4124241210520265e-13,1.982138364553521e-12,3.7028598853794394e-13,1.786057228040742e-12,3.1632933998313874e-10,9.834438087020017e-14,-7.469068571181219e-09,-1.0702050357025428e-11,-1.0665322791592047e-14,-1.950500698455482e-13,6.330118489568845e-13,-1.3192424338133908e-12,8.010128264383335e-13,2.414736854916555e-13,2.557637240885313e-13,-2.525525510943538e-13,1.1415366429901041e-13,-2.21529646478776e-12,2.0251415359477203e-14,-2.6201159926131365e-10,1.5117620932869612e-12,-5.60079360667487e-13,1.2716299124804209e-13,-9.73441327545288e-13,-1.8942738850370895e-10,-4.844427132664683e-13,-1.638321604681191e-09,-5.4933835258452746e-12,7.461999579482031e-14,4.370390630700309e-13
1.7590695822349836,1.808119510597154e-13,-2.9601020893702906e-13,1.264218951746443e-13,8.737956284458429e-14,6.912159733474254e-14,-6.60393295603967e-14,4.1330238786940756e-13,9.503499838932801e-14,-2.192488561073939e-13,-3.1260224286311833e-16,-9.54167300726283e-14,-2.7453540795710154e-10,-1.0611303502550129e-10,-2.1098574276567916e-14,3.712366062706233e-12,-2.034406593804445e-11,-2.691194752174864e-16,-2.2138829922311864e-15,1.756766566843638e-13,-5.214387142355796e-13,1.0769163338864018e-13,-2.06687818212507e-10,1.2109088281087621e-11,1.6715346608526342e-11,-3.7778344638222544e-14,-2.0000141041838727e-12,-9.63003581350279e-12,2.8855057877969325e-11,2.2169115501680103e-14,2.745332585924045e-10,1.0611280083783203e-10,1.665140344281952e-11,6.034101083282225e-13,-2.8510795145952636e-11,-1.058684881432995e-13,2.0668961455365906e-10,-1.6713406355012737e-11,-2.235249022911982e-14,7.283063041541027e-14,1.808119510597154e-13,-2.9815415321839585e-13,1.2641881615612268e-13,8.737953323863697e-14,6.607479008380324e-14,-6.603929625370597e-14,4.1330295630359615e-13,9.50350909079134e-14,-2.2044162051315652e-13,-3.7659629015251994e-10,4.500179784372449e-13,1.978115538037173e-12,4.2468201399969987e-13,2.085550991163624e-12,3.0693838943364633e-10,7.331392708632284e-14,-1.0587998478358907e-08,-1.0918969432320106e-11,-7.236057817753642e-15,-1.8664448458993732e-13,3.2816386182539977e-13,-1.4446750166522785e-12,7.589721443916157e-13,4.366479326260257e-13,8.263670581154515e-14,-8.249768645995914e-14,4.6539128106815044e-14,-1.978177436671539e-12,-4.735435747231046e-14,-2.9030925361439585e-10,1.5936166164465248e-12,-5.831705784942187e-13,6.198561663950385e-14,-1.3944919293370125e-12,-1.5382396906625614e-10,-4.4538576657055656e-13,-1.5320109142767122e-09,-6.5451718119409934e-12,5.062192837718933e-14,4.99075824612373e-13
1.8371767615786376,2.036569061540187e-13,-2.943124854937196e-13,1.4087220279179747e-13,6.546088116010651e-14,7.585185812786222e-14,-7.308995630950221e-14,4.312202861456171e-13,-6.727303899130751e-14,-2.3283064365386963e-13,-2.4753419976481747e-16,-8.517405530872324e-14,-1.3142901401343671e-10,-4.651889984330637e-11,-2.408555126176548e-14,3.34051844827796e-12,-2.297051437949449e-11,-3.129427278943229e-16,1.2952258050928333e-13,1.0072853404088212e-13,-3.6373081750986226e-13,8.315570454442422e-14,-1.958439880482971e-10,8.685614344925122e-12,1.5911706120955935e-11,-2.0236237817672608e-14,-2.1011772011905816e-12,-9.493493709723314e-12,1.6949749097812157e-11,1.838611728144368e-14,1.3142706773831732e-10,4.6518609277124146e-11,1.965295933322977e-11,5.490146381824047e-13,-1.6688039838896884e-11,-8.138138566629507e-14,1.9584553661825576e-10,-1.5909703278619313e-11,-1.8355687340469256e-14,6.661338147750939e-14,2.036569061540187e-13,-2.964512191283575e-13,1.4086888692569724e-13,6.546086635713285e-14,7.296989679161925e-14,-7.308992300281148e-14,4.312218493396358e-13,-6.727294647272212e-14,-2.3632272435255195e-13,-4.595572439332803e-10,5.675246939063072e-13,1.948644712257419e-12,4.439644385456631e-13,2.065170257026239e-12,2.975882460350939e-10,4.443229909435048e-14,-1.2823126556553079e-08,-1.1363206671906786e-11,-4.415565135751365e-15,-1.5811694546267555e-13,6.189543091024892e-14,-1.0007189151413815e-12,5.210627781101114e-13,3.830166406260105e-13,-4.8735102065045053e-14,4.3639281077645365e-14,-7.869985552133585e-14,-1.0535063562263265e-12,-1.5528106208269794e-13,-2.659959136508405e-10,1.5488694771192969e-12,-5.105276201788911e-13,-6.184436074363475e-14,-1.4810330739578602e-12,-1.0703750547401511e-10,-3.4993809607843096e-13,-1.7687057442352198e-09,-7.355671627351512e-12,3.088023199575665e-14,4.712740139178999e-13
1.9187520990478337,2.0981952286724948e-13,-1.4370016288012266e-13,7.153341622749092e-14,1.8264034729043033e-14,7.494236342608929e-14,-7.205332996917946e-14,4.2045400050483294e-13,-4.616056611025007e-13,-2.386514097452164e-13,-1.8012789133421163e-16,-7.571316259132506e-14,-2.866365681394122e-11,-3.1498414987396472e-12,-2.4394398297288784e-14,3.051532791885513e-12,-2.380271905503643e-11,-9.121467993020422e-17,1.896371917150862e-13,4.375214660852016e-14,-2.328155735865825e-13,5.873079800267078e-14,-8.810198540241585e-11,8.867018185237109e-12,1.5407615740356867e-11,-1.118005075565352e-14,-2.176612380134837e-12,-4.709370895374557e-12,7.887850579420554e-12,1.5538532555555335e-14,2.8661625918164466e-11,3.149941245339516e-12,2.0774542387284416e-11,4.752346118497673e-13,-7.700316482641793e-12,-5.704995598653471e-14,8.810384368636624e-11,-1.5405612898020242e-11,-1.554312234475219e-14,5.980401359314176e-14,2.0981952286724948e-13,-1.4589858210456441e-13,7.153223198959798e-14,1.826401252458254e-14,7.20945081411628e-14,-7.205329666248871e-14,4.2045428472192723e-13,-4.616055685839153e-13,-2.4202032970303357e-13,-5.86763781029731e-10,6.69024302624166e-13,1.921281089778404e-12,4.3480085309965943e-13,1.5963541599717246e-12,2.9080236926503413e-10,2.0511892152245276e-14,-1.639733900483501e-08,-1.188589967190031e-11,-2.6297135765259347e-15,-1.2977405030219676e-13,-1.2069746822366648e-13,-9.32553234633815e-13,8.160156994563295e-14,1.0283618697333925e-12,-1.2810021376985502e-13,1.1901359897592556e-13,-4.127701913603232e-13,-7.639687031139412e-13,-9.216212977965673e-14,-3.6395261607443295e-10,1.2656528269872069e-12,-4.2602588123941134e-13,-3.944397519717313e-13,-3.637004031276092e-12,-6.827798016895406e-11,-2.523490246516928e-13,-1.958712552681294e-09,-7.875663084651782e-12,1.8377314745649226e-14,4.1735012418653987e-13
2.0039495897155577,1.9866343523948043e-13,3.856257535517216e-14,-3.002007531449635e-14,-8.346826933329036e-15,6.657501216977835e-14,-6.286703380098402e-14,3.509305201987445e-13,-9.063244599261111e-13,-2.3283064365386963e-13,-1.1231142484541764e-16,-6.662003125083397e-14,3.7671762728256526e-11,2.5745100495910833e-11,-2.4005741935179744e-14,2.839009891373065e-12,-2.2773758187908142e-11,2.0566448906946868e-16,2.0036349837831356e-13,4.287590954111978e-15,-1.2599215921206714e-13,3.519406988061746e-14,1.8931794258565817e-11,6.131670183407417e-12,1.5077021577167858e-11,-6.415965578473763e-15,-2.2398036205759015e-12,3.961319031625622e-13,1.4502094615615301e-12,1.3527265245449893e-14,-3.7674233651451576e-11,-2.5745091822293453e-11,1.9957571956934976e-11,3.8253092845239713e-13,-1.3299245425854267e-12,-3.352596215781042e-14,-1.8929223632434418e-11,-1.5075081323654253e-11,-1.3618735768735254e-14,5.284661597215745e-14,1.9866343523948043e-13,3.6071412523597246e-14,-3.002137797617858e-14,-8.346841736302698e-15,6.320988177321852e-14,-6.286700049429327e-14,3.5093066230729163e-13,-9.063243674075258e-13,-2.3242800277027226e-13,-6.877506772677104e-10,7.385096978396178e-13,1.8932984957586996e-12,3.6700768646369395e-13,6.56501519813446e-13,2.8638719303008064e-10,2.9582185225723867e-15,-1.902750554508836e-08,-1.2522612576522837e-11,-1.4849001657898005e-15,-1.0038340529187432e-13,-2.2602258028155594e-13,-5.311899068753216e-13,-9.039122043456397e-14,8.640573886016985e-13,-1.6892953147440437e-13,1.4964924299754046e-13,-8.017120478598372e-13,1.3643599213371734e-12,1.178705133497715e-13,-2.561420842539519e-10,8.734787115827203e-13,-3.2408848937848236e-13,-7.836980842057528e-13,-4.239704143316203e-12,-3.672023925237544e-11,-1.55376654196928e-13,-1.037119670197511e-09,-8.044305962092343e-12,1.0357411543010508e-14,3.410919308591767e-13
2.092930066429097,1.792569796303193e-13,5.695862152303258e-13,-3.039727876815353e-13,-1.242796088263276e-13,5.602487362921238e-14,-5.120670554248363e-14,1.627032020223851e-13,-2.0653732428025742e-12,-1.8432425955931345e-13,-5.550986303531721e-17,-5.909422257088792e-14,7.341282053807955e-11,4.1986136789518014e-11,-2.1429858273716266e-14,2.698805685103562e-12,-2.0831484685383355e-11,5.652102320669918e-16,1.848574742118769e-13,-1.966288888816502e-14,-5.0753066962295164e-14,1.6209256159527285e-14,3.6164252884421926e-10,1.6293878891039056e-12,1.4861966381272846e-11,-7.603930777894703e-15,-2.309026858835471e-12,1.6754905772357173e-11,-2.4850405970726062e-12,1.1924236193357659e-14,-7.341532530953755e-11,-4.198626689377871e-11,1.8153252338837245e-11,2.9581545267382124e-13,2.5538356958892047e-12,-1.4394704910469444e-14,-3.6163989627528953e-10,-1.486033907187434e-11,-1.2434497875801753e-14,4.6629367034256575e-14,1.792569796303193e-13,5.66816519646333e-13,-3.0397409034321753e-13,-1.242796088263276e-13,5.250058165984228e-14,-5.1206672235792894e-14,1.6270334413093224e-13,-2.065373150283989e-12,-1.8391498694351563e-13,-8.156726835295558e-10,7.359631126746536e-13,1.871252486296271e-12,1.8076349306284101e-13,-1.8464903680145045e-12,2.840766123627148e-10,-7.725360607301057e-15,-2.2482203080527794e-08,-1.3203845424432833e-11,-8.147707046083734e-16,-7.525486599620676e-14,-2.7150934278630247e-13,1.2146538589756044e-13,-1.0901985092459655e-12,1.8208822893939212e-12,-1.6090719312522594e-13,1.5070851233645045e-13,-1.822873088030974e-12,3.581946961261906e-12,4.582640637333195e-13,-2.4661033724745115e-10,5.184119800105691e-14,-2.299630708080258e-13,-1.8057163231333106e-12,-9.111930469411314e-12,-1.454022948555417e-11,-7.493022858000992e-14,1.6648915963753156e-09,-7.961853398796848e-12,5.65720108697829e-15,2.6649309002843973e-13
2.1858615034246722,1.5527573439995853e-13,1.4430649268130461e-12,-7.857975011423453e-13,-2.6276850325264905e-13,4.5474735088646414e-14,-3.9012859609499626e-14,-2.370603624513024e-13,-3.897741573943847e-12,-6.984919309616088e-14,-1.1918512368216588e-17,-5.294000191928087e-14,8.663219193507058e-11,4.877612203024739e-11,-1.885382402861772e-14,2.613481383467114e-12,-1.836632697778858e-11,1.34935520307122e-15,1.5969421942055957e-13,-3.1465463309834196e-14,-2.312678875923615e-15,1.887379141862766e-15,8.852834387771758e-10,-4.418967294814445e-12,1.471106472897283e-11,-1.34130781581872e-14,-2.4035985704179384e-12,4.293192693750743e-11,-4.4786913196180965e-12,1.0744551949548597e-14,-8.663432437563617e-11,-4.877611335663001e-11,1.577076625156357e-11,2.1968202754521113e-13,4.510232626651997e-12,-1.706127643677502e-16,-8.852818902072171e-10,-1.470987554133546e-11,-1.0510111299784816e-14,4.2336504672372634e-14,1.5527573439995853e-13,1.440515973172296e-12,-7.857982116850811e-13,-2.627684884496754e-13,4.203002390568144e-14,-3.901282630280889e-14,-2.370603624513024e-13,-3.897741481425262e-12,-6.935465535207186e-14,-9.202572982758284e-10,6.05359673500061e-13,1.855184272869792e-12,-2.168104629163281e-13,-6.51100358813513e-12,2.833557161517716e-10,-1.2151832816907626e-14,-2.493557000802741e-08,-1.3914684219666166e-11,-4.3376760516800063e-16,-5.454088569667448e-14,-2.7422483843871543e-13,1.1940855415559782e-12,-2.1456185568998385e-12,2.2845213720756876e-12,-1.282823514081599e-13,1.3310368363050884e-13,-3.4441499963122624e-12,9.72573336680919e-12,1.2844490508238474e-12,7.75236306556811e-11,-1.324042386841029e-12,-1.464880661217194e-13,-3.4314714980610008e-12,-1.4062694712417093e-11,-3.021743062488493e-13,-1.3794995419418032e-14,8.669489279516702e-09,-7.680892958698374e-12,2.9779607712249478e-15,1.993523596615475e-13
2.282919333423334,1.3031982900220858e-13,2.4858309188857675e-12,-1.4063486967567466e-12,-3.5499424141012997e-13,3.6561687011271715e-14,-2.7958901860358765e-14,-8.841411158755363e-13,-5.564366837666294e-12,1.2223608791828155e-13,1.7909567580886388e-17,-4.807005488105531e-14,8.50520196277047e-11,4.918759843874909e-11,-1.6423253574994314e-14,2.564436895860192e-12,-1.5764395961465678e-11,1.5298257244966764e-15,1.3481108665340074e-13,-3.443950551097397e-14,2.4775381197510388e-14,-7.327471962526033e-15,1.456896692203491e-09,-1.1108800162701134e-11,1.459396104110334e-11,-2.162883912985653e-14,-2.5353167484624807e-12,7.363969564770434e-11,-5.100829319649906e-12,9.689081134633959e-15,-8.505459209568858e-11,-4.9187433640018874e-11,1.3215210176165115e-11,1.5731139956725048e-13,5.10855246993458e-12,9.184862749924208e-15,-1.4568941215773595e-09,-1.4592709264642948e-11,-9.62193288008469e-15,3.848773152033876e-14,1.3031982900220858e-13,2.4834188631454405e-12,-1.4063485783329572e-12,-3.5499422660715634e-13,3.3224978324142286e-14,-2.795885745143778e-14,-8.841405474413477e-13,-5.564366745147709e-12,1.3089713017204001e-13,-9.281260039036472e-10,3.004970494657755e-13,1.8451736139013518e-12,-8.621222491456138e-13,-1.271915609872091e-11,2.8370215737373487e-10,-1.1569019939088043e-14,-2.439004523395227e-08,-1.463396070988665e-11,-2.258436493374205e-16,-3.8311448920709994e-14,-2.505509226017703e-13,1.847194160594275e-12,-2.6165006753823642e-12,2.08823394132196e-12,-8.154005248783846e-14,1.0668049499340526e-13,-4.90890585069792e-12,1.761739272983694e-11,1.840210946587225e-12,7.322327292058617e-10,-3.0833689379505814e-12,-7.73636266160338e-14,-4.909880573222836e-12,-1.6063503860408445e-11,7.621487420500894e-12,2.7566504309274598e-14,2.1245836718540393e-08,-7.273034026885246e-12,1.508391416148227e-15,1.43501218485455e-13
2.3842867788067266,1.0694969215796491e-13,3.449774036804835e-12,-2.0240743007586086e-12,-3.6276245711045854e-13,2.983142621815205e-14,-1.8997736717096814e-14,-1.7449715983275382e-12,-6.517146174574625e-12,4.1521464784940085e-13,3.5419962062119315e-17,-4.430252461181302e-14,7.523724191086297e-11,4.587885626960997e-11,-1.3912873794785168e-14,2.534628564131324e-12,-1.3302476404359394e-11,2.7112708141430472e-15,1.1462578489863794e-13,-3.230297166707323e-14,3.643529478448368e-14,-1.2545520178264269e-14,1.9010683057970503e-09,-1.3286731213272278e-11,1.4491878670758532e-11,-2.981428364037578e-14,-2.707858486321493e-12,1.0244794884914595e-10,-4.873827439824222e-12,9.039644033315142e-15,-7.523974668232096e-11,-4.587818406426303e-11,1.0780277615801076e-11,1.0913764385734177e-13,4.867956812842266e-12,1.4339393659013738e-14,-1.9010663545989025e-09,-1.4490376539006063e-11,-9.02981393361794e-15,3.523107731477163e-14,1.0694969215796491e-13,3.447392297554567e-12,-2.024073353368294e-12,-3.6276244230748487e-13,2.6511770556680857e-14,-1.8997703410406074e-14,-1.7449701772420667e-12,-6.517146082056039e-12,4.2373926589789337e-13,-7.565657142549753e-10,-2.0336301531642675e-13,1.8406913326884934e-12,-1.7226281556759203e-12,-1.9673104626842057e-11,2.8464561457240527e-10,-7.530421056688164e-15,-1.8499445666892735e-08,-1.534513257202737e-11,-1.1731356626872487e-16,-2.617783883181642e-14,-2.139936491896144e-13,1.571527737572372e-12,-2.176796461602256e-12,1.4599981075965236e-12,-7.480008279436845e-14,7.889428554896937e-14,-5.73368708955968e-12,2.8152190948797322e-11,2.7151448496927816e-12,1.8076891137752682e-09,-4.777939466293901e-12,-2.4709478907425363e-14,-5.7594651536874156e-12,-1.0914057805659165e-11,1.0990472098295985e-11,5.146188650998612e-14,4.184899262265446e-08,-6.805926192991289e-12,7.332371652843857e-16,9.993658301163532e-14
2.4901551974979,8.649397170712447e-14,3.2353758191068966e-12,-2.1320840204452905e-12,2.644278869941748e-14,2.3646862246096133e-14,-1.211596378780655e-14,-2.438087562950386e-12,-3.0696151176456963e-12,7.489385704199473e-13,4.315354051248856e-17,-4.140004311592449e-14,6.191063921685937e-11,4.080236148951144e-11,-1.2232661594702771e-14,2.511301352055758e-12,-1.112566828788254e-11,2.3394491417558024e-15,9.60420164435556e-14,-2.7712005816697403e-14,3.8358215586400763e-14,-1.4988010832439613e-14,1.6052925122037408e-09,2.1560107524492577e-11,1.4394240106848109e-11,-2.879146980794576e-14,-2.888043884191762e-12,9.667482796190815e-11,-4.201290478302453e-12,8.266463324043313e-15,-6.191312706418589e-11,-4.080155050628642e-11,8.625230641595089e-12,7.356589238192452e-14,4.188729466640124e-12,1.6262700550367243e-14,-1.6052901119203048e-09,-1.4392612797449601e-11,-8.585724723767877e-15,3.301063126552132e-14,8.649397170712447e-14,3.233085503021963e-12,-2.1320831914787656e-12,2.6442803502391144e-14,2.000319909711834e-14,-1.2115930481115811e-14,-2.4380861418649145e-12,-3.069615025127111e-12,7.508428249517844e-13,-3.9768444063762824e-10,-8.265487849712372e-13,1.840366614658251e-12,-2.4197368020395516e-12,-2.094256027855105e-11,2.858371937075094e-10,-1.4706253792864943e-15,-8.084219032767852e-09,-1.6039466051627944e-11,-6.319597622983508e-17,-1.743607573138443e-14,-1.7384626724292752e-13,-4.048866723375492e-12,2.0478556924293418e-12,3.846409413199581e-13,-4.944982756605043e-14,5.649323786549587e-14,-2.7606597541307565e-12,3.308578355731839e-11,2.836107645028581e-12,2.494629491896679e-09,-5.228685040492564e-12,8.245315541444143e-15,-2.8318885370026693e-12,1.4945740201000036e-11,1.1496398148703658e-11,6.165142181491223e-14,5.4233895189225656e-08,-6.328974381612322e-12,3.399928360404749e-16,6.755363243348811e-14
2.600724444200114,6.944109639158332e-14,1.8933254371707637e-12,-1.4668714243271098e-12,3.418418437206583e-13,1.5279510989785193e-14,-6.736955437958159e-15,-2.395249794062693e-12,2.302110539235495e-12,9.934107462565105e-13,4.3913505531373007e-17,-3.913391601514012e-14,4.8127626545293395e-11,3.525249536728836e-11,-9.794863126596129e-15,2.486446619586068e-12,-9.293800297251032e-12,1.7118866168229859e-15,7.507820781292431e-14,-2.1836537745970377e-14,3.533162740090146e-14,-1.4988010832439613e-14,9.374195229754663e-10,2.698944606383692e-11,1.4294473522955022e-11,-1.8397813385269693e-14,-3.0174071577701955e-12,6.397246143271677e-11,-3.3630979138505675e-12,7.711821632672144e-15,-4.81298774547793e-11,-3.525154777458961e-11,6.8155887954995326e-12,4.8263115775561715e-14,3.3474999258330868e-12,1.5957002971571377e-14,-9.374179047198595e-10,-1.4292595858264437e-11,-7.84557604068444e-15,3.123427442612107e-14,6.944109639158332e-14,1.8909157499062226e-12,-1.4668710690557418e-12,3.4184182891768463e-13,1.2221335055073723e-14,-6.736933233497666e-15,-2.3952478045430325e-12,2.3021107242726657e-12,9.931492665297508e-13,-9.832438081502915e-11,-1.327498466707766e-12,1.8421605574303613e-12,-2.387751010246575e-12,-1.5134014041962017e-11,2.870583615771767e-10,5.437395867759209e-15,-1.2061105260204398e-09,-1.671351945731203e-11,-3.756254566648446e-17,-1.1335076396020345e-14,-1.358072508617081e-13,-7.331026097290305e-12,4.832281774724834e-12,2.849176894414995e-13,-5.889467247222058e-14,4.071308568054377e-14,1.967190570439925e-12,3.3933622578530274e-12,1.8845942880337437e-12,1.5937953624719133e-09,-3.352215571794659e-12,2.0652279886235193e-14,1.8622131392476147e-12,1.709255921985194e-11,1.0559305368069757e-11,6.217976708609158e-14,4.637451265710077e-08,-5.8758923652627954e-12,1.4704309005218047e-16,4.441353033501731e-14
2.7162032476755686,5.5737474820756935e-14,1.0101454487691323e-12,-8.49173768339521e-13,3.051746189086657e-13,8.36735125631094e-15,-2.6973534517082954e-15,-1.957194513124705e-12,2.292233625134088e-12,1.1175870895385741e-12,4.026213178421693e-17,-3.7344548749670046e-14,3.561500687861253e-11,2.9988095340272025e-11,-7.963916707811233e-15,2.455881755674621e-12,-7.804096874903306e-12,1.1892289663042101e-15,5.815154623148891e-14,-1.5681900222830336e-14,3.0135172458198494e-14,-1.3322676295501878e-14,5.635059225289135e-10,5.486354755938997e-11,1.4188448056759986e-11,-1.3685437333358002e-14,-3.10920931393405e-12,4.8439687390286945e-11,-2.5294495180576125e-12,6.899718065408085e-15,-3.5617139319178126e-11,-2.998687236022146e-11,5.354852845862457e-12,3.083876665367797e-14,2.514590602925711e-12,1.4302147926257072e-14,-5.635046623801097e-10,-1.418663298089242e-11,-7.697546304067751e-15,2.990200679657088e-14,5.5737474820756935e-14,1.0073790690512397e-12,-8.49173768339521e-13,3.051746189086657e-13,5.940137270954437e-15,-2.6973201450175567e-15,-1.9571913867366674e-12,2.292233902689844e-12,1.118441635602115e-12,3.103438454369704e-12,-1.5410478226840495e-12,1.8446066007982154e-12,-1.9624329183898226e-12,-1.2118147966570329e-11,2.881925189446816e-10,1.2337543096527237e-14,1.404961774985682e-09,-1.736744081881625e-11,-2.6622222944657398e-17,-7.196373127034879e-15,-1.0281813016728888e-13,-8.640521779549696e-12,3.919225359065119e-12,2.815610381882531e-12,-4.919088469890198e-14,2.7188565288049914e-14,1.9462149225546454e-12,1.6602221079390726e-11,7.499086981018384e-13,1.5541801985818892e-09,-1.3918906915932894e-12,2.5335999964681833e-14,1.8565972936812615e-12,3.036665363609359e-11,8.992729042043446e-12,5.668402758892549e-14,4.5330354055070314e-08,-5.465294883322258e-12,5.351626440897502e-17,2.84289109722842e-14
2.836809604776269,4.503353708458964e-14,2.1233669637391964e-13,-4.865730337163162e-13,5.556762605607446e-13,4.911271389573813e-15,-1.0120793092482927e-16,-1.7856422118711635e-12,4.1944418308996015e-12,1.2184803684552512e-12,3.428619963895957e-17,-3.5892874320856784e-14,2.5167808216889813e-11,2.5386082125322673e-11,-6.868571346330738e-15,2.417279339657815e-12,-6.6229429348159865e-12,5.902010007032292e-16,4.7798735600472846e-14,-1.1528246058026336e-14,2.4033988623562393e-14,-1.1213252548714081e-14,2.521456092926716e-10,5.9957475766212e-11,1.4073847921811277e-11,-7.65417297762325e-15,-3.210188556273139e-12,2.589639074249296e-11,-1.7943269609151136e-12,6.622090029106964e-15,-2.516987296092951e-11,-2.5384254160459863e-11,4.211542380271204e-12,1.9198193232833697e-14,1.7810494681147999e-12,1.1992488978870147e-14,-2.521441071798117e-10,-1.4072095434766731e-11,-6.957397620984314e-15,2.8717768903637385e-14,4.503353708458964e-14,2.0934246928542658e-13,-4.865724415973697e-13,5.556762605607446e-13,1.9895196601282807e-15,-1.0117462423409052e-16,-1.7856390854831262e-12,4.194442200973943e-12,1.2121896967679884e-12,2.0349786306420962e-10,-1.6356352716684341e-12,1.8478317542758303e-12,-1.800597715373442e-12,-8.980314269990685e-12,2.891700832274341e-10,1.8669094048462398e-14,6.8395711664126614e-09,-1.8003968686268006e-11,-2.320481769698309e-17,-4.463142818285822e-15,-7.595557863226966e-14,-9.911951555826211e-12,6.343138636566437e-12,-8.44392407846802e-14,-4.060490277346673e-14,1.8059925777080822e-14,3.590427297694987e-12,3.184884596792633e-11,7.431784373087188e-13,1.6525506604618082e-09,-4.771209205500781e-13,2.8306157418001022e-14,3.4909784574210788e-12,5.778821421387193e-11,7.162965311330703e-12,4.808854052809619e-14,2.55370713739983e-08,-5.106433794329253e-12,1.091796105201955e-17,1.772508425390186e-14
2.962771191970869,3.6848741650589525e-14,-9.580010858674843e-13,3.265983631687656e-13,4.594636708136571e-13,5.456968210637569e-16,1.784550285321984e-15,-1.2197574505989906e-12,6.762640725188618e-12,1.2437036881844202e-12,2.7530053093422456e-17,-3.4671050752610455e-14,1.6981538126900684e-11,2.1572049702101026e-11,-5.9278753780644955e-15,2.370070767729635e-12,-5.7025372078732695e-12,-1.87956372871892e-16,3.4589998136338686e-14,-7.821585756334496e-15,1.862936686374221e-14,-8.659739592076221e-15,-4.7170875788038e-12,-4.5219183428525295e-12,1.3948357331657176e-11,2.9344622980139598e-15,-3.2685917517532122e-12,-7.967915353841317e-13,-1.1940835916945173e-12,5.914322850908427e-15,-1.6983636719203332e-11,-2.1570182705960006e-11,3.3376441078517933e-12,1.1640591031424949e-14,1.1841206310055118e-12,9.525746077349018e-15,4.719050149262362e-12,-1.3946667433435648e-11,-6.809367884367627e-15,2.7829590483937256e-14,3.6848741650589525e-14,-9.611667906028742e-13,3.2659883686392277e-13,4.594636523099401e-13,-2.8535396268125624e-15,1.784583592012723e-15,-1.219753187342576e-12,6.762641095262959e-12,1.2323160566059717e-12,3.6080018617212773e-10,-1.6058038454502821e-12,1.851191200330504e-12,-1.2472963817344862e-12,-2.4097168704884097e-12,2.89965080370486e-10,2.4119622315035838e-14,9.120144445813236e-09,-1.8627321907160876e-11,-2.3227947343329448e-17,-2.7048907095631828e-15,-5.514628106014404e-14,-3.0249597197477366e-12,4.661455458669176e-12,-3.877777269660025e-12,-2.730589088173474e-14,1.3709289259367096e-14,6.3891250334791035e-12,-3.078783709457393e-11,-5.388452943104009e-13,4.324780699486534e-11,1.9615981727838517e-12,1.9577228727030162e-14,6.284050542149089e-12,1.2586789388535635e-11,5.552044612169655e-12,3.8528343926716446e-14,-8.795580039831709e-10,-4.800678373347485e-12,-8.687847533397907e-18,1.0765369625112311e-14
3.0943257951443592,3.0673866224795175e-14,-1.2253925281887253e-12,7.685174570800276e-13,7.122715750540464e-14,-2.546585164964199e-15,3.2358782320329738e-15,-4.887419891019817e-13,3.1606297671663935e-12,1.14863117535909e-12,2.1014313909487822e-17,-3.361923008500985e-14,1.0900359206042283e-11,1.8522683387089955e-11,-5.180980548130037e-15,2.31561490661293e-12,-4.991223483901624e-12,-9.771162953880105e-17,2.507659989712159e-14,-4.837861377654389e-15,1.444590974619686e-14,-6.217248937900877e-15,4.075524602505706e-12,-1.3774037990454204e-12,1.380953532219992e-11,2.9784700641995472e-15,-3.292398975309255e-12,3.6505925275760997e-13,-7.361553227468015e-13,5.551621084139609e-15,-1.0902339329424618e-11,-1.8520571361257954e-11,2.6803622014805032e-12,6.865771216966788e-15,7.270605306439128e-13,7.219112731649685e-15,-4.073234533697291e-12,-1.380809577927047e-11,-6.217248937900877e-15,2.7237471537470508e-14,3.0673866224795175e-14,-1.2284857575650677e-12,7.685181676227634e-13,7.122713900168758e-14,-5.894662535865791e-15,3.2359226409539587e-15,-4.887388627139444e-13,3.1606301835000277e-12,1.1321977429664306e-12,3.472639946267009e-10,-1.2514647096395492e-12,1.8534375811896096e-12,-5.276203296489257e-13,-1.0551278369537915e-12,2.906054466834338e-10,2.85710853847182e-14,8.635698244162486e-09,-1.9241423269515206e-11,-2.5147707990077113e-17,-1.6033470847294969e-15,-3.968380600979001e-14,4.372134062199014e-13,1.0764414544913355e-13,-5.362276548718606e-13,-8.617034863434015e-15,8.038519849762338e-15,3.1330181116118185e-12,-1.9964968567265374e-11,-8.43889817285041e-13,-1.2965635202514627e-10,3.553213900886476e-12,1.3706813462022182e-14,3.0845731657791474e-12,1.0256995253143942e-12,4.3045670387327e-12,2.939507903580718e-14,4.213492463707717e-10,-4.544253862093228e-12,-2.0406356364526442e-17,6.3662616844872845e-15
3.231721758481954,2.6038916393448612e-14,-9.458744898438454e-13,7.171054268913697e-13,-1.1026430509393965e-13,-3.637978807091713e-15,4.170275236248244e-15,2.6703901312430388e-14,-1.0863489274814953e-12,9.817692140738169e-13,1.533226690388823e-17,-3.2670914584809196e-14,6.607857892296434e-12,1.6141254999268995e-11,-4.540548348188253e-15,2.2552079802383596e-12,-4.4405837032160085e-12,2.0178203336091186e-16,2.1380133595041395e-14,-2.462500487758705e-15,1.1224467737698303e-14,-4.107825191113079e-15,7.399734640238548e-11,2.057567339010887e-11,1.3655879761687042e-11,2.68936348911923e-18,-3.3107609712626018e-12,8.179653271600778e-12,-4.0401790440312676e-13,4.992245043281922e-15,-6.609838015678769e-12,-1.613937716110625e-11,2.189996833570598e-12,3.937745481242412e-15,3.9544594988741623e-13,5.247013354402544e-15,-7.399488473569308e-11,-1.3654252452288536e-11,-5.625129991434126e-15,2.7237471537470508e-14,2.6038916393448612e-14,-9.490482473969071e-13,7.171061374341055e-13,-1.1026432359765674e-13,-6.656364348600618e-15,4.170319645169229e-15,2.6706459266279125e-14,-1.0863484648885683e-12,9.640132248023292e-13,2.874323399737477e-10,-6.832124199718237e-13,1.854939313261639e-12,-1.900076540550799e-14,-1.868804370512104e-12,2.911123022228853e-10,3.203858077276134e-14,7.747551499531723e-09,-1.985034359108795e-11,-2.828755748159514e-17,-9.32847549206528e-16,-2.8616466835051924e-14,3.4720670782917294e-14,-1.7993843452283424e-12,2.5213383973247498e-12,7.709610727602011e-15,2.2171098290613146e-15,-1.1436588920332724e-12,1.889148809608443e-11,-1.102307578548789e-12,3.777684469241649e-10,3.494824341032654e-12,1.540421123991109e-14,-1.1317204240413047e-12,1.1517827617583502e-11,3.343552824789143e-12,2.1481487378835484e-14,8.267535246643192e-09,-4.331535130575048e-12,-2.7242160711866505e-17,3.667707639696283e-15
3.3752184532845706,2.253130552502351e-14,-6.784830475226045e-13,4.1591192712076007e-13,6.914872748472097e-14,-2.546585164964199e-15,4.446543133695968e-15,1.5834871192055288e-14,-8.346148309505234e-13,8.207280188798904e-13,1.0711322776441732e-17,-3.184171676329228e-14,3.7161330923032524e-12,1.4294398997805047e-11,-4.319340988274196e-15,2.190396783705337e-12,-4.008367711823743e-12,2.3283355106905545e-16,2.2751743153444146e-14,-1.1973626224881777e-15,8.472964335962184e-15,-2.7755575615628914e-15,5.5118387120203456e-11,1.6578356077096704e-11,1.3484574153082665e-11,8.711092828847106e-16,-3.344652818927662e-12,6.172093718437394e-12,-1.724718559185127e-13,4.704172526052523e-15,-3.71755471934698e-12,-1.4292896293593982e-11,1.822360742247891e-12,2.191411552626348e-15,1.6551037026701136e-13,3.665128503428303e-15,-5.5116206426709746e-11,-1.3483259787799255e-11,-5.329070518200751e-15,2.6793382327620446e-14,2.253130552502351e-14,-6.819642332326718e-13,4.1591192712076007e-13,6.914870528026048e-14,-5.854872142663225e-15,4.446587542616953e-15,1.5837713362998328e-14,-8.346143683575965e-13,8.063921086431946e-13,2.885276141266028e-10,-1.0404619388282299e-13,1.856679787692883e-12,-2.935337306553265e-14,-1.6862689022900667e-12,2.9151766272257406e-10,3.4631721318803543e-14,7.901157746414823e-09,-2.0457931645031142e-11,-3.2329463180621095e-17,-5.3568260938163805e-16,-2.0918749949842367e-14,-1.4607628884277802e-12,4.770467872579805e-13,7.143281521848621e-13,-4.707401135561895e-15,-1.2177259200996104e-15,-9.313347959505337e-13,1.9109852450460707e-11,-7.509394587638477e-13,4.138312457750241e-10,2.3857865016907455e-12,2.127817921859787e-14,-9.217278318374157e-13,1.3376248257183458e-11,2.52216852054728e-12,1.5075804103356627e-14,6.169249077016209e-09,-4.154639595318106e-12,-2.9575680012688957e-17,2.0563799686505735e-15
3.5250867676009126,1.9824211716645833e-14,-5.054365222652753e-13,2.0688529408137886e-13,2.0136083541307432e-13,-2.0008883439004422e-15,4.331623948417018e-15,-1.4699281791763497e-13,5.058219583927344e-13,6.907309095064799e-13,7.172189718056718e-18,-3.1075258107489865e-14,1.8720797270112243e-12,1.2859713294233188e-11,-3.6361430359732605e-15,2.121990854635985e-12,-3.660960423701454e-12,5.979198536785805e-17,2.422054144260569e-14,-2.146216021441073e-16,6.249290894198425e-15,-1.6653345369377348e-15,3.249316600995029e-11,9.878372276420588e-12,1.3293240121112046e-11,2.1561360555038627e-15,-3.3797807958473575e-12,3.664442051756593e-12,-1.9209440240025964e-14,4.029545794259626e-15,-1.873653671238208e-12,-1.285813469587005e-11,1.5421137553656768e-12,1.1796840315789863e-15,1.3764829069843874e-14,2.4647405156338204e-15,-3.249122767370422e-11,-1.3291737989359578e-11,-4.144832625267251e-15,2.6793382327620446e-14,1.9824211716645833e-14,-5.08596542658779e-13,2.0688553092895745e-13,2.0136081690935724e-13,-5.002220859751105e-15,4.331668357338003e-15,-1.4699025996378623e-13,5.058224209856613e-13,6.72635754502456e-13,3.003098148231705e-10,4.052708391100168e-13,1.8587975603168162e-12,-1.8933462797576795e-13,-1.4299287679856813e-12,2.9183059070067766e-10,3.6497253786890727e-14,8.117388657969053e-09,-2.1067740145023588e-11,-3.67819201022949e-17,-3.082719265042518e-16,-1.569862295713875e-14,-2.2024663574408502e-12,2.0631863624961017e-12,-8.490146067667108e-13,1.2642442648314045e-15,-2.764583006964472e-15,4.599512948288975e-13,6.875048400948695e-12,-3.2202175740773477e-13,2.6556857240696746e-10,1.5772457118146121e-12,2.4228352657473807e-14,4.4934964193998897e-13,1.0391537075271629e-11,1.859236279145524e-12,1.0184805472948644e-14,3.637779230976662e-09,-4.007831104028507e-12,-3.092876432395086e-17,1.1228260165535806e-15
3.6816096176004676,1.7660363912005057e-14,-3.8392803010841213e-13,7.808237019920246e-14,2.6860052515509383e-13,-1.0913936421275138e-15,3.998046338438144e-15,-3.8728302342860843e-13,2.0888141216701685e-12,5.723753323157628e-13,4.595868422903825e-18,-3.036459972349803e-14,7.810825157393327e-13,1.1735057370287905e-11,-3.7912441800927145e-15,2.050867192120936e-12,-3.3690642868104232e-12,-2.379053983031227e-17,2.5347401860123455e-14,3.566268727356971e-16,4.509776757459473e-15,-4.440892098500626e-16,1.778522399885414e-11,5.418548333738162e-12,1.307561878347324e-11,3.1641583887437343e-15,-3.4130780496937327e-12,2.027357270421396e-12,7.621810159752237e-14,3.5173686879774735e-15,-7.825549151774788e-13,-1.1733216394999024e-11,1.3212135860671578e-12,6.151321642971859e-16,-8.057185409815998e-14,1.5954712594482001e-15,-1.778328186301625e-11,-1.3074054062897751e-11,-3.9968028886505635e-15,2.6349293117770383e-14,1.7660363912005057e-14,-3.871927371316512e-13,7.808029778288983e-14,2.686005029506333e-13,-4.206412995699793e-15,3.998112951819621e-15,-3.8727819173800525e-13,2.0888146073927414e-12,5.56580440994973e-13,3.081794905786713e-10,8.629285730421543e-13,1.8609974006267294e-12,-4.254997065800126e-13,-1.4588419361416527e-12,2.920631178764864e-10,3.780434082098494e-14,8.259514178835338e-09,-2.1681323403299757e-11,-4.140784937156639e-17,-1.8380551710291588e-16,-1.2218310853813938e-14,-2.5160179717431674e-12,2.9189543226948446e-12,-1.7205946297356907e-12,-5.9534099872138315e-15,-3.1885549756083265e-15,2.1125361371332476e-12,-5.5786817757900544e-12,-2.2373569663614035e-14,1.4889859206353625e-10,1.0802978067658841e-12,2.48210341169397e-14,2.075415679314574e-12,8.959341416906833e-12,1.3408395840658984e-12,6.630953381867033e-15,1.991220017594943e-09,-3.884744378031731e-12,-3.192026721068886e-17,6.020979432623067e-16
3.845082481652771,1.5840338300302886e-14,-3.7204396600524587e-13,8.914747458751056e-14,2.383274633199761e-13,-3.637978807091713e-16,3.5725866709412915e-15,-5.539033054446918e-13,3.1933887710093125e-12,4.850638409455617e-13,2.754674670109126e-18,-2.9739521030987724e-14,1.8860252113449305e-13,1.082883782643762e-11,-3.611296736187135e-15,1.9777534162848357e-12,-3.112942002935092e-12,-9.568234878115342e-17,2.437733521564519e-14,9.472397026961728e-16,3.1743422490054667e-15,-1.1102230246251565e-16,7.534475966404962e-12,2.2972614546300707e-12,1.2816125523234382e-11,4.096022837723547e-15,-3.443699631356024e-12,8.859256525457661e-13,1.3240055047157682e-13,3.3481608689249023e-15,-1.9017646536147687e-13,-1.0827168155091993e-11,1.137836449289282e-12,3.0960382953156453e-16,-1.3617659971230772e-13,9.752703473368124e-16,-7.533235363759995e-12,-1.2814936335597012e-11,-3.848773152033876e-15,2.5609144434686943e-14,1.5840338300302886e-14,-3.7533851582338683e-13,8.9144217933305e-14,2.383274374147722e-13,-3.808509063674137e-15,3.572631079862276e-15,-5.538970526686171e-13,3.1933892336022397e-12,4.676242800390659e-13,3.1365004057685536e-10,1.2354576028883458e-12,1.8632896114922913e-12,-5.893002708035055e-13,-1.4711668920123582e-12,2.9222732760757046e-10,3.872580424738037e-14,8.358781229754192e-09,-2.2298903464464576e-11,-4.570996359198887e-17,-1.1847583099762934e-16,-9.864710321753437e-15,-1.9744514171785945e-12,2.5205395104421768e-12,-1.7163363471202804e-12,-5.193623309196482e-17,-2.6850910384013105e-15,3.2757349543999226e-12,-1.4420666466508081e-11,1.0146929222779969e-13,6.105304540445408e-11,1.0863004717975854e-12,2.169766588622224e-14,3.219486757188861e-12,7.837910505810916e-12,9.4446414513461e-13,4.094177796266918e-15,8.435401129301799e-10,-3.781493636741591e-12,-3.269294195894686e-17,3.204857350278441e-16
4.015813958121152,1.4221378704289598e-14,-4.019966581836343e-13,1.606555481240927e-13,1.6124636995999234e-13,-7.275957614183426e-16,3.187339281396362e-15,-5.793523882857699e-13,3.4492568061021226e-12,4.1133413712183633e-13,1.4046541476035142e-18,-2.917053173086733e-14,-9.55874945591903e-14,1.0072637168789811e-11,-2.8949703841713644e-15,1.9030832079966783e-12,-2.877328005486864e-12,-8.211407370198205e-17,2.1544079973154577e-14,1.3732555144709423e-15,2.2249845699723454e-15,6.661338147750939e-16,2.5738532211357064e-12,7.851416645671792e-13,1.2471636641335044e-11,5.074584416378067e-15,-3.465965605145212e-12,3.330100333399307e-13,1.6400317796323242e-13,3.182241796462204e-15,9.396277793778763e-14,-1.0070906782122524e-11,9.762614135310087e-13,1.4863651820487184e-16,-1.673628935697289e-13,5.197631333577618e-16,-2.5722366441545315e-12,-1.2470197098405595e-11,-3.848773152033876e-15,2.5461114698070258e-14,1.4221378704289598e-14,-4.055512666430635e-13,1.6065205462230854e-13,1.6124634775553185e-13,-3.68913788406644e-15,3.1873836903173468e-15,-5.793461355096951e-13,3.449257314954342e-12,3.9487796736163244e-13,3.156106686219573e-10,1.5621480997651816e-12,1.865323540073405e-12,-6.142869324321509e-13,-1.3823164835002898e-12,2.9233282461404997e-10,3.9413025794410306e-14,8.406817126558654e-09,-2.2920332298781432e-11,-4.885559549509348e-17,-8.508818649666238e-17,-8.184763630736391e-15,-1.1251807781794318e-12,1.6057102906567403e-12,-1.2188129024555868e-12,-1.0621903356877737e-14,-2.090350115224737e-15,3.551434595294722e-12,-1.7266664579610828e-11,-1.8280843505635859e-13,1.641722822872301e-11,1.3396856957115234e-12,1.6985524098345194e-14,3.4906194912309727e-12,6.797955901897505e-12,6.637326347450907e-13,2.2361127706427286e-15,2.881616773884644e-10,-3.697338731475004e-12,-3.307837583126546e-17,1.7207255224282088e-16
4.194126347923943,1.2691075042721896e-14,-4.160635095710556e-13,2.1555758659512019e-13,9.367988422030274e-14,-5.456968210637569e-16,2.893330020015128e-15,-5.212777409724367e-13,3.2025345338600647e-12,3.434251993894577e-13,3.173903039440801e-19,-2.872759900333458e-14,-1.960491389825886e-13,9.427320035726439e-12,-2.857475059039574e-15,1.827102319748894e-12,-2.649115494869471e-12,6.920958204820942e-17,1.8376993144770357e-14,1.108609328368434e-15,1.6100654401449855e-15,7.771561172376096e-16,7.565739816947037e-13,2.309336633039997e-13,1.1916286014683001e-11,6.63465972765714e-15,-3.4632586385496186e-12,1.2730908765914706e-13,1.8094053387379296e-13,2.755427541227077e-15,1.943398017038212e-13,-9.425420513520244e-12,8.241141179970373e-13,6.768592815490891e-17,-1.833901247914979e-13,1.5260484390912377e-16,-7.547110550589706e-13,-1.1914658705284494e-11,-3.2566542055671257e-15,2.531308496145357e-14,1.2691075042721896e-14,-4.196588558140017e-13,2.1555373782196815e-13,9.367985831509884e-14,-3.598188413889147e-15,2.893374428936113e-15,-5.212717724134564e-13,3.2025350427122845e-12,3.293905592727242e-13,3.1540209117035073e-10,1.8721038941293953e-12,1.8667808632244486e-12,-5.571132533077617e-13,-1.2340054903840306e-12,2.9238487600050683e-10,4.0012020389654235e-14,8.424434649493294e-09,-2.3541761133098287e-11,-4.9110021604903407e-17,-6.707019199284995e-17,-6.8602588887412e-15,-5.346706188902317e-13,7.80613144494661e-13,-7.246211926788723e-13,-1.1464662552640447e-15,-1.7269352614590616e-15,3.3039622593378227e-12,-1.6530395478368357e-11,-3.0283141920032603e-13,-5.922629497945309e-13,1.5112163964658975e-12,1.3054979319804261e-14,3.2474264344273253e-12,5.8279061206552756e-12,4.782479322123669e-13,7.485873899926165e-16,8.469969977471289e-11,-3.6353142718326126e-12,-3.312833948138083e-17,9.728681618983992e-17
4.380356262962904,1.1158088342178018e-14,-4.0987894559899965e-13,2.4199208562928713e-13,4.8748364604260056e-14,-7.275957614183426e-16,2.7081226150471595e-15,-4.1709853348947945e-13,2.6921827267489816e-12,2.8327728311220805e-13,-7.209662102712853e-19,-2.8411301089548147e-14,-2.0227721936463216e-13,8.86554718526611e-12,-2.3043813674368993e-15,1.7495746364016974e-12,-2.419052612544369e-12,1.157421548287143e-17,1.5706427155864822e-14,1.1360421647327184e-15,1.258783936259682e-15,1.1102230246251565e-15,2.0040092606069923e-13,6.117672502274334e-14,1.078527468830909e-11,9.862384889780056e-15,-3.383880363755135e-12,5.4954201716186914e-14,1.8878955246649175e-13,2.9387299885219598e-15,2.00500185559973e-13,-8.863933892433451e-12,6.711886062370374e-13,2.6774178594477103e-17,-1.9094545066547315e-13,-1.970469685856624e-16,-1.98712497096945e-13,-1.0783553495676052e-11,-3.2566542055671257e-15,2.5017025488220195e-14,1.1158088342178018e-14,-4.1338902671365455e-13,2.4198752631339933e-13,4.874833869905615e-14,-3.495870259939693e-15,2.708144819507652e-15,-4.170945544501592e-13,2.6921832356012014e-12,2.717285951803206e-13,3.144533062974612e-10,2.1631421986967326e-12,1.8675393675948727e-12,-4.5454555674950827e-13,-1.0386950558919731e-12,2.9238658006375394e-10,4.06586656703789e-14,8.429849936695975e-09,-2.4158897105053256e-11,-4.3217744198168855e-17,-5.232504244704709e-17,-5.652781483641197e-15,-1.2242106587715777e-13,1.8813158438509465e-13,-3.816918336951858e-13,-5.043127027093419e-15,-1.63987712298308e-15,2.7799850599308228e-12,-1.4029438814381716e-11,-6.434978179944058e-13,-5.984232605745395e-12,1.5808836906217038e-12,1.048938713665848e-14,2.7326884577405506e-12,4.777327237507715e-12,3.7293165971362237e-13,-6.57094279161996e-16,2.24156116106648e-11,-3.605708324509275e-12,-3.459671062365037e-17,6.101980176929459e-17
4.5748552615674045,9.441845453631951e-15,-3.9750981765488783e-13,2.50277665259091e-13,2.5539096763319927e-14,-9.094947017729283e-16,2.6937785335690024e-15,-3.3586559311515887e-13,2.295110027953721e-12,2.367111543814341e-13,-2.0348378371008464e-18,-2.8362150591062136e-14,-1.627424482438339e-13,8.407996521242467e-12,-2.2932381784419095e-15,1.6689581815319975e-12,-2.16416390980751e-12,7.769517261289887e-17,1.4417050881248613e-14,1.7427919572604203e-15,1.2164244095207135e-15,1.6653345369377348e-15,5.292169025237223e-14,1.615105537258888e-14,7.682308609471234e-12,1.8954144896132495e-14,-3.028798323559745e-12,4.35017105669331e-15,1.898223180707942e-13,2.954595480312664e-15,1.6114311781964066e-13,-8.406415754474983e-12,4.970633279977044e-13,2.369977760683938e-18,-1.9236550337138905e-13,-6.333163702666733e-16,-5.141252262795023e-14,-7.680650005661218e-12,-3.1086244689504383e-15,2.516505522483688e-14,9.441845453631951e-15,-4.0107626849324636e-13,2.5027251382425673e-13,2.5539069007744312e-14,-3.524291969370097e-15,2.6938229424899873e-15,-3.358630351613101e-13,2.2951105368059407e-12,2.294408811091368e-13,3.136306380232175e-10,2.397428033873439e-12,1.8672313473189205e-12,-3.7441793665493605e-13,-8.853125639992261e-13,2.92320586341639e-10,4.1654342735480965e-14,8.431320706499925e-09,-2.475397664625234e-11,-2.2106159495531113e-17,-2.723515857283587e-17,-4.287172468882735e-15,1.2551690057686453e-13,-1.483506650856725e-13,-2.0424314091845494e-13,-1.008231276244942e-14,-1.7250256778567063e-15,2.3712801677788777e-12,-1.1986991399481895e-11,-2.417133752411852e-13,-7.341441232711076e-12,1.533771865069866e-12,9.612755036414456e-15,2.3312099983741063e-12,4.056255886730753e-12,3.640756946567287e-13,-2.3968592952408607e-15,5.8960238088680046e-12,-3.642715758663447e-12,-4.3656665377663405e-17,4.796474271003455e-17
4.777990512153968,7.326546776672178e-15,-4.1121287116159995e-13,2.6996550180532117e-13,1.3038738607325702e-14,-1.2732925824820995e-15,2.965183654168868e-15,-2.534068244131049e-13,1.913211926847976e-12,2.2312936683495838e-13,-4.027121091862032e-18,-2.881433517713342e-14,-1.48390784754777e-13,8.05994160302248e-12,-1.9755067084496298e-15,1.581696772014042e-12,-1.857773194539429e-12,1.7662328687824705e-16,1.4683647979449586e-14,1.0892449732877626e-15,1.5995764144762886e-15,2.220446049250313e-15,1.236701352633267e-14,3.8795609380674345e-15,-1.847309111420604e-12,4.4703577866499524e-14,-1.7232424169901959e-12,-1.0999718243353083e-13,1.8858299934563125e-13,3.80782644998634e-15,1.4667298541027316e-13,-8.05848009849397e-12,2.775413001273227e-13,-5.127388296192458e-17,-1.909841793756345e-13,-1.2868734398409354e-15,-1.0530275718977757e-14,1.8488738319960914e-12,-4.144832625267251e-15,2.4424906541753444e-14,7.326546776672178e-15,-4.1461116021916195e-13,2.699604687942762e-13,1.3038707151006671e-14,-3.8767211663071064e-15,2.9652280630898532e-15,-2.534056875447277e-13,1.9132124125705493e-12,2.1445885067805649e-13,3.1364033930003644e-10,2.49347067438066e-12,1.865431897840608e-12,-2.92949948743626e-13,-7.077242495749185e-13,2.921692861806087e-10,4.3363858510947484e-14,8.4318162488867e-09,-2.5317673883288688e-11,2.885423381708089e-17,3.1438971796286337e-17,-2.4305991247475233e-15,2.0982510543869163e-13,-6.763308135759872e-13,-1.1378548473809738e-13,-2.410268096220136e-14,-1.9215018465246203e-15,1.978574317718085e-12,-9.961285315126152e-12,-3.852316391809533e-13,-7.793035668631394e-12,1.3636963558383287e-12,1.0286171914231091e-14,1.9457587541182876e-12,3.4219975001785013e-12,4.742201463555873e-13,-4.9981855676853315e-15,1.3615796522352988e-12,-3.799479249740519e-12,-8.029366378956941e-17,3.668452260713329e-17
4.990145486353979,4.621789062575488e-15,-4.830023196215431e-13,3.273543214277197e-13,5.909284173100105e-15,-2.1827872842550276e-15,3.6717073825798256e-15,-1.481268441239081e-13,1.485364053976923e-12,2.444721758365631e-13,-7.074754459342872e-18,-3.003500226306244e-14,-2.4208277658899755e-13,7.799177970113647e-12,-1.7101783434608158e-15,1.4815646780396029e-12,-1.4721248911244958e-12,-1.0938608986550822e-16,1.6782959243136842e-14,9.617629690066763e-16,2.542983588562745e-15,2.886579864025407e-15,7.225386975388457e-16,3.8814815277622733e-16,-2.7852088832501445e-11,1.0652128702739415e-13,2.376622787696533e-12,-4.35549779676273e-13,1.8837644622477075e-13,5.175330650142307e-15,2.400518808122442e-13,-7.797356510463871e-12,-8.529057090219302e-15,-2.309844400983018e-16,-1.9123591599168321e-13,-2.2654506038038286e-15,4.955423867754239e-16,2.7853528375430895e-11,-5.773159728050814e-15,2.4572936278370132e-14,4.621789062575488e-15,-4.865777706678879e-13,3.2734828181446573e-13,5.909254567152781e-15,-4.826006261282601e-15,3.671729587040318e-15,-1.4812542303843658e-13,1.48536451656985e-12,2.3547765219215457e-13,3.1536522631843883e-10,2.2650056052953006e-12,1.8616553632000433e-12,-1.8878665741794975e-13,-4.1953995832955117e-13,2.9192947800728965e-10,4.611794886949516e-14,8.432105645640577e-09,-2.5879446733749017e-11,1.2332149190719122e-16,1.5672648364291793e-16,2.214360061055428e-16,3.5529019726254775e-13,-8.55490374836639e-13,-8.244853688665899e-14,7.056327744336954e-15,-2.2976176516920077e-15,1.5367314887271278e-12,-7.621134186693487e-12,-3.538843884598464e-13,-8.662512603526315e-12,7.998096407391131e-13,1.2383338798827025e-14,1.5128286889876108e-12,2.7779811784256483e-12,7.551840290060745e-13,-8.899483797467078e-15,4.9820399139189345e-14,-4.106492923483529e-12,-1.889178917469092e-16,-1.6079802420132517e-17
5.21172068291804,1.001213001394774e-15,-6.663564514989654e-13,4.62156476051708e-13,-8.001876938834584e-16,-4.365574568510055e-15,5.136713276954197e-15,-1.4727845609741054e-14,1.107412171223269e-12,3.104408582051595e-13,-1.1650152919354717e-17,-3.2681033805085726e-14,-5.3994749051282e-13,7.613493169245089e-12,-1.2493924201544765e-15,1.3570115324644681e-12,-9.584925445930519e-13,-1.2544152079984719e-18,2.1472727318904364e-14,1.320003537999096e-15,4.394700043151941e-15,4.440892098500626e-15,-4.510901870608441e-15,-9.740452110417167e-16,-9.31122654072989e-11,2.19330428136144e-13,1.4242008442058924e-11,-1.3414507074823655e-12,1.9498614609230658e-13,7.557864924179203e-15,5.379842912619584e-13,-7.611602320656274e-12,-3.9791906266930767e-13,-7.253838819358161e-16,-1.9991760185285087e-13,-3.720947974652361e-15,6.318165431386655e-15,9.311401789434344e-11,-7.84557604068444e-15,2.4572936278370132e-14,1.001213001394774e-15,-6.696083687529608e-13,4.621513838287683e-13,-8.002210005741972e-16,-6.8894223659299315e-15,5.1367354814146895e-15,-1.4726708741363836e-14,1.1074126338161961e-12,2.975032960724396e-13,3.2074555444220704e-10,1.1801603250205518e-12,1.8547531510648696e-12,-5.6233488976431544e-14,1.1499245999857521e-13,2.916051896075387e-10,5.051980968978631e-14,8.43246640049815e-09,-2.6524264266451308e-11,2.6780661022129947e-16,3.96291795675315e-16,4.125350235029135e-15,5.589095408709e-13,-1.6484730025467797e-12,-8.466821318127889e-14,2.5612623133497437e-15,-2.8988200728718994e-15,1.1456333126602658e-12,-5.466881253246569e-12,-6.910340744070709e-13,-1.0925577953457833e-11,-7.596099749207497e-13,1.6377654787902428e-14,1.131371973883688e-12,2.2936783953634667e-12,1.3106828284202663e-12,-1.4710888757152318e-14,-5.608141266053872e-13,-4.495144996970642e-12,-4.473233849305869e-16,-2.0388548343843369e-16
5.443134383763521,-2.4627290947284073e-15,-9.133752125004927e-13,6.383607716505442e-13,-1.1452688797319865e-14,-7.275957614183426e-15,6.995048984492769e-15,1.7746231151249958e-13,7.203368457275871e-13,3.4148494402567546e-13,-1.6032710211708334e-17,-3.671195292209717e-14,-9.9270185567703e-13,7.243095012654521e-12,-3.321874989587532e-16,1.2146630152316048e-12,-4.436266169231355e-13,8.175644344829781e-17,2.6526194525388335e-14,2.03325728347049e-15,6.474149381971116e-15,5.88418203051333e-15,-9.555100082111717e-15,-2.1179491894254e-15,-2.0289465699849254e-10,2.974639554884477e-13,3.799798739925481e-11,-3.104157775454726e-12,2.2349047677105477e-13,1.1224961932176925e-14,9.90586339242912e-13,-7.241041533739834e-12,-7.713929803563089e-13,-1.5647536019431435e-15,-2.3142340756910315e-13,-5.069319394595748e-15,1.077804691236547e-14,2.0289631560230256e-10,-1.1102230246251565e-14,2.5017025488220195e-14,-2.4627290947284073e-15,-9.167559748372392e-13,6.383534293756081e-13,-1.1452723954382311e-14,-9.578116078046151e-15,6.995071188953261e-15,1.77464585249254e-13,7.203373083205141e-13,3.284962228159808e-13,3.301577332119147e-10,-1.388980308547616e-12,1.846829178475673e-12,1.3581541224993998e-13,1.0475501947363834e-12,2.9141691643787433e-10,5.48663761992807e-14,8.43281526233844e-09,-2.7462476737127872e-11,3.6289836876276144e-16,6.741540196456934e-16,7.997423614551173e-15,8.704763724646606e-13,-1.3576748614241296e-12,-8.039376571863007e-14,-1.4460849184771972e-14,-3.899386369354829e-15,7.445196459343606e-13,-3.3013792162991014e-12,-8.787840973430624e-13,-1.4606484910473226e-11,-4.122375685255975e-12,2.0197887806716608e-14,7.425782655445801e-13,1.752001321797536e-12,1.9360740401056276e-12,-2.011311581694153e-14,-1.1620885148060084e-12,-4.489963956189058e-12,-7.918326006458217e-16,-6.216047280493039e-16
5.684823443592556,-5.077466225245075e-15,-1.1422040794665615e-12,7.888851053886962e-13,-2.8572655352832044e-14,-1.000444171950221e-14,8.922995675675338e-15,4.095682015758939e-13,4.308478342614682e-13,2.813370277484258e-13,-1.8943935981641762e-17,-4.2245720810463183e-14,-1.4045675192026065e-12,6.655925810505892e-12,2.4093381610788987e-18,1.0681077935694974e-12,-1.5882357157832102e-14,-1.988451303685353e-16,3.075334077481427e-14,1.8170219850696605e-15,8.307913465704274e-15,6.772360450213455e-15,-1.4465242645190593e-14,-3.2919890348515248e-15,-3.352184757889829e-10,1.5612201244188735e-13,7.485527785177344e-11,-5.731838651699799e-12,2.7905326628252773e-13,1.4202867759198027e-14,1.4027397130035284e-12,-6.653924373295483e-12,-1.0532951825551844e-12,-2.4457371240827657e-15,-2.88522435916976e-13,-5.9268995961092585e-15,1.5733470780119708e-14,3.3521985274308933e-10,-1.4210854715202004e-14,2.8125649957170633e-14,-5.077466225245075e-15,-1.1457387927293894e-12,7.888763420282885e-13,-2.85726923602662e-14,-1.2329337550909259e-14,8.922995675675338e-15,4.0957331748359137e-13,4.3084831998404146e-13,2.6582635352193997e-13,3.436134041597446e-10,-6.362097337841987e-12,1.8392512401987916e-12,3.7014672216173493e-13,2.3578916596989075e-12,2.9152494372008436e-10,5.814944879778405e-14,8.433029336649527e-09,-2.8689051134733745e-11,3.246939754101656e-16,8.588153336634245e-16,1.0818790886305922e-14,1.2347750081668589e-12,-1.4595035698524347e-12,-1.2544513576055275e-14,4.880829074238591e-15,-5.266703739792433e-15,4.454898672179297e-13,-1.9797508539938966e-12,-9.471174659362685e-13,-2.0005487992117803e-11,-9.591167327016592e-12,2.4227375661212136e-14,4.564192579437076e-13,1.0458602502557332e-12,2.4801865987323847e-12,-2.3562952262100312e-14,-1.785096598448496e-12,-3.817390847871138e-12,-1.0050691471215808e-15,-1.2150951902642481e-15
5.9372441145710955,-6.7587602181617965e-15,-1.2430973583832383e-12,8.152782745203998e-13,-5.37039542466052e-14,-1.1823431123048067e-14,1.0635181624252254e-14,6.689020892736153e-13,1.4197083323767381e-13,1.1059455573558807e-13,-2.021257957839189e-17,-4.9788876725169e-14,-1.5717779381552977e-12,5.970224314921779e-12,3.8188009853100545e-16,9.293781022545744e-13,3.042319482757547e-13,-5.048519987974671e-16,3.402498568463926e-14,2.6932590524700384e-15,9.58122066827446e-15,7.105427357601002e-15,-1.827937120954036e-14,-4.165139015211817e-15,-4.2042982547520917e-10,-5.176039431567141e-13,1.1862193624388397e-10,-8.69705729034381e-12,3.5382549603402666e-13,1.6862813229101548e-14,1.569738580312808e-12,-5.9681122890897775e-12,-1.235161664306064e-12,-2.8541122659786787e-15,-3.652052820364345e-13,-6.246200524038029e-15,2.031723785779238e-14,4.204312806653444e-10,-1.687538997430238e-14,3.271457179228795e-14,-6.7587602181617965e-15,-1.246576649312677e-12,8.152714651525154e-13,-5.370399310441106e-14,-1.4438228390645236e-14,1.0635181624252254e-14,6.689077736155014e-13,1.4197129583060076e-13,9.654854693508241e-14,3.603985533118248e-10,-1.493899617344141e-11,1.832781748589696e-12,6.359056214932935e-13,3.858202646256359e-12,2.9201540410556763e-10,6.034484977684995e-14,8.43303330098862e-09,-3.0008292147461667e-11,1.5264410106278586e-16,8.411674135011537e-16,1.2213414596802993e-14,1.6352717698471983e-12,-1.5708417085609956e-12,1.9584097306809174e-13,2.2020052448112892e-14,-7.630407417025253e-15,1.5006904163783473e-13,-1.4585102107537532e-12,-9.194688270023713e-13,-2.8953218134120106e-11,-1.6367266653105615e-11,3.063398423819308e-14,1.7509854899344646e-13,-4.621962072330158e-13,2.862800435986343e-12,-2.4858614515801958e-14,-2.2374687262010075e-12,-2.5994761898573415e-12,-8.437264920289437e-16,-1.7620535022397355e-15
6.200872907625804,-6.958993566582213e-15,-1.0204530553892256e-12,5.737962401515991e-13,-6.016970810485134e-14,-1.127773430198431e-14,1.0834488861632962e-14,8.400473916481132e-13,-2.979823101230868e-13,-9.313225746154786e-14,-1.894750940188799e-17,-5.633803608814011e-14,-1.2242239742269103e-12,5.270783809407931e-12,4.28862192672044e-16,8.229528170033973e-13,4.2789845740761245e-13,-3.032948390051597e-16,3.4570404333348954e-14,3.2080281583645514e-15,8.964385274142242e-15,6.661338147750939e-15,-1.6870013758235967e-14,-3.897462497526218e-15,-3.36967833392378e-10,-1.6937075826650987e-12,1.3866829130791971e-10,-9.766577917282266e-12,4.1765041037991936e-13,1.8443290876006085e-14,1.2222692370417853e-12,-5.2689992126320195e-12,-1.2525594951672146e-12,-2.02771070664756e-15,-4.2886237197162807e-13,-5.771834968521308e-15,1.8954496294159964e-14,3.3696933552413044e-10,-1.8207657603852567e-14,3.789561257387201e-14,-6.958993566582213e-15,-1.0238181857857852e-12,5.737907926572916e-13,-6.016974511228549e-14,-1.3875478543923237e-14,1.0834488861632962e-14,8.400508022532449e-13,-2.979818475301599e-13,-1.0732037480920553e-13,3.71436666076382e-10,-2.6191992219537497e-11,1.8317670935630302e-12,8.189800837499206e-13,4.5922199376491336e-12,2.928544228825029e-10,6.03152510575411e-14,8.43275976159112e-09,-3.1050125433769914e-11,-2.95018639147789e-17,5.538972058793945e-16,1.1253133841426787e-14,1.655265495041173e-12,-1.3525266240321799e-12,3.915798648298126e-13,2.309822333401712e-14,-1.0494349833578553e-14,-3.001218118470206e-13,-9.142695397053777e-13,-3.9235601434484125e-13,-3.817112883552909e-11,-2.0043080439791084e-11,3.8891911913196966e-14,-2.623430361836654e-13,-3.0193589295457456e-12,2.678374318198029e-12,-2.297272615192636e-14,-2.052101998579153e-12,-1.7072269524002575e-12,-1.080078590222818e-16,-1.7652650897749996e-15
6.476207491984751,-5.831192010733825e-15,-5.762558430433274e-13,2.058935540579417e-13,-2.534256693387249e-14,-7.457856554538012e-15,8.687073282942493e-15,7.753038744340302e-13,-6.794891732608833e-13,-1.7850349346796672e-13,-1.5537822389015143e-17,-5.879324804780595e-14,-4.4598471257503234e-13,4.645311912909733e-12,8.959726286512155e-17,7.596643221881768e-13,3.571217395877587e-13,-2.6499859933980677e-17,3.0613236413613366e-14,3.217710335904887e-15,6.1084454677913545e-15,5.440092820663267e-15,-9.074994245974141e-15,-2.101454046042365e-15,-1.3644386106699798e-10,-2.3161492101831208e-12,1.1127209946229233e-10,-7.425031761766224e-12,4.162045385338959e-13,1.7014637673321935e-14,4.4391150646959665e-13,-4.643327822934085e-12,-1.118267804744999e-12,-1.3192018249774428e-16,-4.2486686003998287e-13,-4.655909718095236e-15,1.1025818105753182e-14,1.3644526149191304e-10,-1.7023419710919068e-14,4.1744385725905886e-14,-5.831192010733825e-15,-5.792784918412508e-13,2.0588846183500209e-13,-2.5342606716864205e-14,-1.0169287634198554e-14,8.687073282942493e-15,7.753072850391618e-13,-6.794887106679562e-13,-1.9394216603056217e-13,3.685515063504378e-10,-3.5850098356604576e-11,1.8390551304037218e-12,7.69183543525287e-13,3.7524176358753415e-12,2.936562620976834e-10,5.77721464417591e-14,8.432410899750831e-09,-3.179708348473772e-11,1.3710097871803365e-17,1.9985749166728793e-16,8.352177456594224e-15,1.0187523713511838e-12,-5.028733577698101e-13,2.999030949505747e-13,4.3247072589736036e-16,-1.1114376086140964e-14,-6.956198816965298e-13,2.3724411324366204e-13,5.854114230411748e-14,-3.647971122215192e-11,-1.6717058315407486e-11,4.0584957616829344e-14,-6.550689590767434e-13,-4.56831711348471e-12,1.8241997060195626e-12,-1.850833397133711e-14,-1.0788775598610403e-12,-2.270850174568295e-12,7.987516175099e-16,-9.560003251992318e-16
6.763767634659993,-4.505053737465422e-15,-2.167022709424297e-13,-3.212982472670471e-14,2.929975706500443e-15,-2.7284841053187848e-15,5.5332849413503024e-15,5.416274007075116e-13,-7.547338795599324e-13,-1.202958325544993e-13,-1.1953849523984854e-17,-5.726437842431172e-14,2.7200464103316335e-13,4.0946412926956555e-12,2.434937379040362e-16,7.172310584952552e-13,2.400857290751901e-13,1.3460986003066108e-16,2.3556346200551175e-14,2.3802019786658516e-15,2.6367796834847468e-15,4.440892098500626e-15,-2.5474656344081753e-16,-5.930387786071243e-17,4.849173899714481e-11,-2.101990550280348e-12,5.992616931060642e-11,-3.5002896786172883e-12,3.6497936456049334e-13,1.5151833780702173e-14,-2.7397630234976137e-13,-4.092585645376623e-12,-9.58861173331697e-13,1.500945726851623e-15,-3.690587886974881e-13,-3.5268419044595656e-15,1.7343983537139836e-15,-4.84905654567132e-11,-1.5247062871518818e-14,4.189241546252257e-14,-4.505053737465422e-15,-2.199399773417099e-13,-3.213521300911755e-14,2.929937773880435e-15,-5.752553988713771e-15,5.5332849413503024e-15,5.416302428784548e-13,-7.547333822725359e-13,-1.3684295178488053e-13,3.5816143887738386e-10,-4.182802513241768e-11,1.8499285658890587e-12,5.49286482964817e-13,2.0581521672132417e-12,2.941241049164324e-10,5.449351907216293e-14,8.432276112221628e-09,-3.272522993332435e-11,2.97510858541609e-16,7.195054737193137e-17,5.503843908405415e-15,4.0078506439537404e-13,5.750540784295784e-15,1.8311906065567503e-13,-4.485400939557849e-15,-8.985989730092569e-15,-7.774460542009365e-13,9.255393673690548e-13,7.256251895645012e-14,-2.8108721987033885e-11,-9.408904588781297e-12,3.276987570188794e-14,-7.449854422247881e-13,-4.4239145680080585e-12,7.818035624569708e-13,-1.3981938979008846e-14,-2.5140065422835226e-15,-3.679501148212694e-12,1.2109237224056101e-15,1.2506922580923784e-16
7.0640961816455885,-3.720241707287168e-15,5.905652263512214e-14,-1.9041529834377494e-13,3.994065078671838e-14,2.1827872842550276e-15,1.9302115461528046e-15,1.8759237718768418e-13,-7.066188259519102e-13,1.3775813082853953e-13,-9.440543950803734e-18,-5.2696273270906126e-14,6.32285551829205e-13,3.5628444639002055e-12,2.361151397857321e-16,6.699502064222429e-13,1.8920050711320377e-13,1.0076503329563535e-16,1.4958741505495662e-14,1.7089043358692455e-15,-1.2614061926768563e-15,3.552713678800501e-15,5.270340086693797e-15,1.1386034532809981e-15,2.600128100587405e-10,-1.5303843105059148e-12,-1.4307429409320058e-11,1.827426959815818e-12,3.0301342830234507e-13,1.3155094779708035e-14,-6.34223364882857e-13,-3.5607519537073085e-12,-8.608974837022289e-13,2.1708149625332475e-15,-3.024066785098174e-13,-2.750278710285034e-15,-3.592682304121824e-15,-2.6001162087110317e-10,-1.3470706032118565e-14,3.907985046680551e-14,-3.720241707287168e-15,5.573639327849378e-14,-1.9041970962992611e-13,3.994061562965593e-14,-1.085709300241433e-15,1.9301671372318197e-15,1.8759635622700443e-13,-7.066183402293369e-13,1.2124890721073218e-13,3.436134041597446e-10,-4.4648186303675175e-11,1.8614976227127046e-12,2.0748473161802395e-13,-3.4262074658878797e-13,2.941925772759977e-10,5.2117923692029944e-14,8.432402971072642e-09,-3.418154648215932e-11,6.598367685572981e-16,2.1505945172843136e-16,3.891185695418612e-15,-2.684920730189333e-13,5.750538415819999e-13,6.371655795571011e-14,5.460576435467601e-15,-5.829869920148667e-15,-7.327524187417112e-13,1.5113287473352462e-12,1.4724719221703707e-13,-1.6839718834186592e-11,1.169064489658922e-12,1.9933388273329912e-14,-7.149745329115831e-13,-3.509397957420409e-12,-3.8578959148718815e-13,-1.086371932083191e-14,6.471541607230993e-13,-5.27237512907656e-12,1.0857128275125008e-15,8.750209035355653e-16
7.377760082683307,-3.1566416147654764e-15,4.959777773668369e-14,-8.15170153600775e-14,7.746765127529069e-14,5.093170329928398e-15,-1.2752465750054398e-15,-2.1853452381037641e-13,-3.3340254168567897e-13,5.238689482212066e-13,-7.665851107628365e-18,-4.435803576304428e-14,5.965417861583463e-13,2.9919122734867187e-12,-2.474089124157894e-16,6.10131158558976e-13,1.7917766036311554e-13,-2.1712220378788237e-16,5.791876144818171e-15,1.9848463957688118e-15,-4.586528185669842e-15,3.1086244689504383e-15,5.924716753507742e-15,1.2590108166692405e-15,3.319261276670923e-10,-1.6568771164129958e-14,-8.749382323689574e-11,6.832609487045521e-12,2.362967702644054e-13,1.166836448065108e-14,-5.983442061602148e-13,-2.9899086678719655e-12,-7.904869852828592e-13,1.7310679258269322e-15,-2.328821889851804e-13,-2.2154654955204578e-15,-4.335995884284959e-15,-3.3192480156640464e-10,-1.2434497875801753e-14,3.2122452845821194e-14,-3.1566416147654764e-15,4.6280490550998364e-14,-8.152160428191261e-14,7.746761611822823e-14,2.148681232938543e-15,-1.2752909839264249e-15,-2.1852997633686755e-13,-3.334020559631057e-13,5.087978631005777e-13,3.2990161950389543e-10,-4.2228202801197766e-11,1.8704497506405458e-12,-1.9199262624169932e-13,-2.768626809294498e-12,2.93693131829757e-10,5.030795658528264e-14,8.432672546131049e-09,-3.635195848043319e-11,9.475175274017053e-16,5.30472656542121e-16,3.2867516578753236e-15,-7.651687875901795e-13,8.102180260038949e-13,-1.8870197256622607e-13,1.5850359913471834e-14,9.765521724602877e-17,-3.5221873417867755e-13,1.767813812003638e-12,-8.502259637073924e-14,5.983262478063504e-13,1.2147029337938875e-11,-2.069988624953112e-15,-3.560678152325636e-13,-6.067684317952644e-13,-1.3702217655083038e-12,-8.719031898384022e-15,7.332536825691051e-13,-6.7121863622787714e-12,5.264477366771306e-16,1.0524599854816463e-15
7.705351461530547,-2.4572473685443204e-15,-2.5065673980861903e-13,2.519386477217722e-13,6.44435773263415e-14,4.911271389573813e-15,-2.014077793432989e-15,-4.2094882246601627e-13,2.4675604152572344e-13,7.431178043286006e-13,-6.262096932531308e-18,-3.551094603556256e-14,2.91907419645346e-13,2.412237076754309e-12,4.604847560362046e-16,5.462836972903852e-13,1.6036554800141151e-13,2.1174962202230792e-16,5.823521003629019e-16,1.3135487529722057e-15,-4.9838000328717395e-15,2.6645352591003757e-15,2.4668084286016958e-15,4.201781446948781e-16,2.033654051395287e-10,1.5004008414533143e-12,-1.070706682450507e-10,8.003249396301806e-12,1.9333372112542262e-13,1.00413384204745e-14,-2.936082948583769e-13,-2.410046988365888e-12,-7.083333726663908e-13,4.327021271067515e-16,-1.8891219338200265e-13,-1.8017136177092552e-15,-7.433135801631358e-16,-2.0336422964319635e-10,-1.0658141036401503e-14,2.4572936278370132e-14,-2.4572473685443204e-15,-2.5406118690322423e-13,2.5193414761777905e-13,6.44435412440932e-14,1.8189894035458565e-15,-2.014122202353974e-15,-4.2094427499250743e-13,2.4675650411865036e-13,7.259302492457209e-13,3.263179678469896e-10,-3.549066605046391e-11,1.870245114332647e-12,-3.97303665522486e-13,-3.5698288769481223e-12,2.928303594439227e-10,4.8579304641471754e-14,8.432886620442135e-09,-3.902419128583764e-11,1.0015830757363157e-15,8.299957943158631e-16,3.1652559624265977e-15,-5.13692007449625e-13,4.121980386647313e-13,-2.6343463706742414e-13,-9.171224890636154e-15,5.372374767276256e-15,2.4968905165678736e-13,8.650036242840997e-13,-4.136533486113573e-13,1.2097007129341364e-11,1.610915205674246e-11,-2.207087845818023e-14,2.289912970354635e-13,2.6291401463337157e-12,-1.4875439381570645e-12,-7.071125911368992e-15,2.8332248821395196e-13,-6.987151598044268e-12,-2.1761816885549716e-16,6.283547900748365e-16
8.04748873375089,-1.6467383012752634e-15,-5.660695023834705e-13,5.328226748702036e-13,2.441807265644395e-14,2.0008883439004422e-15,-4.851230528402084e-16,-3.575513574105571e-13,6.212662097733931e-13,7.043126970529556e-13,-5.1423546693005916e-18,-2.909478213908301e-14,3.791005449939558e-15,1.9279022822615843e-12,2.562933468847679e-16,4.885752296562234e-13,1.2690465962034777e-13,-3.4248515430472316e-17,1.114419219601718e-15,1.4039157433486719e-15,-2.874194745255061e-15,2.3314683517128287e-15,-3.014289912282033e-15,-8.063905850227639e-16,1.8559913547138406e-11,2.064222626925646e-12,-7.665137365875834e-11,5.73388056872641e-12,1.8362572444497938e-13,8.312867177025692e-15,-5.762666766537588e-15,-1.925530047908186e-12,-6.171953380472593e-13,-9.488865345678375e-16,-1.8156664802140133e-13,-1.4754128095043756e-15,4.335995884284959e-15,-1.8558837801742756e-11,-8.289665250534503e-15,2.0724163126336254e-14,-1.6467383012752634e-15,-5.697685878658376e-13,5.328184116137891e-13,2.441803680549211e-14,-9.606537787476554e-16,-4.851674617611934e-16,-3.5754624150285964e-13,6.212666839311431e-13,6.905471157854966e-13,3.3081936029096444e-10,-2.7650094125419854e-11,1.86180670880276e-12,-3.434672635194147e-13,-2.742031786813944e-12,2.9195395455211163e-10,4.705925319564708e-14,8.432882656103041e-09,-4.174379360695942e-11,7.8410657596469e-16,9.23173574622164e-16,3.025502302393216e-15,5.2657152712261755e-14,-2.095004466203439e-13,-1.9320601415036738e-13,1.1531364751959928e-14,7.068423624190245e-15,6.435556798578546e-13,-3.3798328719081284e-13,-6.727835473914941e-13,1.2090458767488598e-11,1.2778400559909642e-11,-2.847713176379329e-14,6.194970936235222e-13,4.113172441533308e-12,-8.523414532308296e-13,-5.782443209152721e-15,-3.7083508014724697e-13,-5.942801806213538e-12,-7.419282202492106e-16,-1.0244301067163786e-16
8.404817774137397,-1.0782115940817978e-15,-9.476934792473913e-13,8.170866057829092e-13,-3.7762680482611444e-14,-2.9103830456733705e-15,3.0381919202682184e-15,-5.168715233594412e-14,8.498412621775013e-13,4.4819898903369905e-13,-4.394592218812522e-18,-2.544376746331049e-14,4.657520981354315e-14,1.636746294053637e-12,-4.984318320731972e-17,4.279225507892232e-13,1.27675647831893e-13,-2.9913603264602866e-17,6.6344963716198745e-15,1.166702393610448e-15,1.5769846668821718e-15,1.7763568394002505e-15,-8.161016611845021e-15,-1.8712063432758693e-15,-2.508677674049913e-10,1.991596090853442e-12,2.895515424939715e-12,1.8723491344012632e-13,1.9209440240025966e-13,7.138387103644561e-15,-4.880919516797182e-14,-1.634504163960937e-12,-5.567016754988904e-13,-1.959078209781432e-15,-1.9425030059924106e-13,-1.2568003820816187e-15,1.0034733332202335e-14,2.508686456044143e-10,-7.84557604068444e-15,1.746750892076913e-14,-1.0782115940817978e-15,-9.510751889744521e-13,8.170840892773867e-13,-3.7762717027452673e-14,-6.0254023992456494e-15,3.0381919202682184e-15,-5.168203642824665e-14,8.498417305528398e-13,4.332946446083952e-13,3.432602776835362e-10,-1.871521817520261e-11,1.8450023731020338e-12,-5.336460162652656e-14,-3.849986995874133e-13,2.90885868364142e-10,4.64329096006022e-14,8.432565508975504e-09,-4.4499515183815674e-11,2.6015069728065517e-16,6.672324729765459e-16,2.552213359633774e-15,9.967951575262645e-13,-1.0550828951257549e-12,-9.681027831239438e-14,-5.950040460334094e-15,6.68369803946689e-15,8.885800895086504e-13,-1.6809940939221946e-12,-1.113327622685271e-12,3.0166120268404486e-12,2.942033461295068e-12,-2.5355362254231294e-14,8.730177114557591e-13,4.420750478647169e-12,4.78480304473335e-13,-4.922779306588965e-15,-9.895594321415546e-13,-3.6139979897598096e-12,-9.078331980836666e-16,-8.644734234009021e-16
8.778013135972484,-6.809830477294554e-16,-8.061761036515236e-13,5.989162351246099e-13,-6.990796275196942e-14,-5.4569682106375695e-15,6.256817286498517e-15,3.620817778937635e-13,3.889410090292718e-13,-1.940255363782247e-14,-3.713489496621392e-18,-2.6634944250147896e-14,5.601210552285698e-13,1.592614928824787e-12,6.776263578034403e-17,4.073757149515424e-13,1.0238723449320889e-13,-3.687113729082333e-17,1.543696901563438e-14,1.3942335658083362e-15,5.428070783550684e-15,1.5543122344752192e-15,-7.968042715774227e-15,-1.808840107830867e-15,-2.8075781383768184e-10,2.548867320329049e-13,7.539687458456695e-11,-4.74932144589521e-12,2.1460869257405351e-13,6.1925652684406236e-15,-5.625665922264103e-13,-1.5904768821406456e-12,-5.107170473565385e-13,-1.4926321781135164e-15,-2.2065037135922299e-13,-1.062629937384832e-15,9.663076542120766e-15,2.8075843874796164e-10,-6.809367884367627e-15,1.9984014443252818e-14,-6.809830477294554e-16,-8.092987021276107e-13,5.989134817715088e-13,-6.990799929681065e-14,-8.844835974741726e-15,6.256817286498517e-15,3.620874622356496e-13,3.889414600573756e-13,-3.160494088660926e-14,3.506507103641828e-10,-1.6082776710391044e-11,1.8310473137717054e-12,3.5080631732853363e-13,2.00711447462254e-12,2.906731186496557e-10,4.57560421843195e-14,8.432026358858692e-09,-4.604257715830803e-11,-2.3991225672759244e-16,1.338743930527168e-16,1.408076491053271e-15,1.3171765271084249e-12,-1.243219571733789e-12,1.1092811114110646e-13,1.0759076962685299e-14,-5.188904861341825e-16,4.116121488095814e-13,-1.7246545973755485e-12,-9.51225350339276e-13,-1.467196852900088e-11,-7.765265763737262e-12,2.233946361229755e-15,4.199457848130805e-13,1.0724586959239465e-12,1.6268123798972527e-12,-4.15291444896132e-15,-9.824650460183832e-13,-1.3664624987086427e-12,-3.571123431689305e-16,-1.008403791603422e-15
9.16777932442606,-7.487529115242827e-16,-4.1788249897460145e-13,2.2017679531434926e-13,-5.567675279150031e-14,-4.547473508864641e-15,6.742917335600396e-15,5.808504965898464e-13,-1.603597058382385e-13,-3.802900513013204e-13,-3.2452038024279053e-18,-2.9542340795885025e-14,1.338901889087582e-12,1.6871226637960035e-12,-1.5781164955066788e-16,4.158324918969293e-13,9.143920188926636e-14,-2.9484988824202527e-16,1.964426136734063e-14,1.3764829069843874e-15,6.032803455757482e-15,1.4432899320127035e-15,-2.9477422354935426e-15,-5.516288988284437e-16,-1.8997369959747712e-10,-1.1205456836364793e-12,1.0000288799439645e-10,-6.349562941750249e-12,2.14815245694914e-13,5.193942787436641e-15,-1.3411443365077471e-12,-1.6850821953073858e-12,-5.086257418327221e-13,1.2706711286204823e-17,-2.2154758647796074e-13,-9.41317878679071e-16,4.7076526743665275e-15,1.899743523793422e-10,-5.921189464667502e-15,2.3832787595286693e-14,-7.487529115242827e-16,-4.21181312049157e-13,2.2017336102445977e-13,-5.5676789567638e-14,-8.060396794462577e-15,6.742917335600396e-15,5.808556124975439e-13,-1.6035924324531158e-13,-3.937259407393867e-13,3.4924596548080444e-10,-1.8830178305506707e-11,1.8286129943589913e-12,5.710444384021685e-13,2.9567755651290402e-12,2.9109366080372766e-10,4.508351157672674e-14,8.431574424201954e-09,-4.6600353205879706e-11,-4.43140894349862e-16,-3.690103778097864e-16,1.3430084590722776e-16,9.952098478649419e-13,-7.606432224823342e-13,1.3612819020162685e-13,1.3589951386450138e-14,-6.404538011040018e-15,-1.6364435140303613e-13,-7.43093688434134e-13,-4.445155354915187e-13,-2.2372599535932145e-11,-1.2482996680773794e-11,2.4947865995272877e-14,-1.3747794014307145e-13,-1.898730432140875e-12,1.800420277980498e-12,-3.659480487736011e-15,-3.296673156521441e-13,-4.346153067065946e-13,4.131359606270498e-16,-4.2044276046815377e-16
9.574852126495772,-1.3359221136729124e-15,-5.650993747015794e-14,-7.122660979537917e-14,-2.8949705422239474e-14,-2.0008883439004422e-15,5.029443528314914e-15,5.776098532805918e-13,-4.458660784328883e-13,-5.549130340417226e-13,-3.095693663977654e-18,-3.19027212055308e-14,1.983372815577307e-12,1.7313928069029316e-12,5.815539986304192e-16,4.3403745104204146e-13,1.2042835864336767e-13,-3.1014941886744076e-16,1.7478192456298985e-14,1.6556523593973992e-15,4.077205304641768e-15,1.5543122344752192e-15,3.4315644883043988e-15,9.31024758015002e-16,-8.510588018481074e-11,-1.573026185648517e-12,8.638590718621603e-11,-5.336416980546493e-12,1.939533804880041e-13,4.2049516357315726e-15,-1.9861060628101875e-12,-1.7293892012881784e-12,-5.569377906386761e-13,1.4940992749496528e-15,-1.9896229366887107e-13,-9.242247538034792e-16,-1.9821695471016956e-15,8.51062786995823e-11,-4.884981308350689e-15,2.6793382327620446e-14,-1.3359221136729124e-15,-5.953779691481032e-14,-7.123072502205711e-14,-2.894974237184951e-14,-5.161382432561368e-15,5.029443528314914e-15,5.776126954515348e-13,-4.4586561583996133e-13,-5.657227575284196e-13,3.430720729132493e-10,-2.4049950297921897e-11,1.8352565689383482e-12,5.770357347500976e-13,2.64064029901571e-12,2.916998942134532e-10,4.443049660823872e-14,8.431407921959998e-09,-4.676496227299746e-11,-3.194088512200229e-16,-5.849487560993793e-16,-5.609531936179302e-16,4.960478823997268e-13,-2.3904362933535596e-13,9.096222849021748e-14,1.1576412051184093e-14,-8.315514943291192e-15,-4.651293394886124e-13,1.5031882567388226e-13,1.11504050437361e-13,-1.973142692198356e-11,-1.1709198588505387e-11,3.198650233571243e-14,-4.3417969664005794e-13,-3.0643712567446357e-12,1.2178888388736892e-12,-3.57140261374872e-15,4.425251585277986e-13,-7.70346749353242e-13,9.078465699104605e-16,4.32593775615923e-16
10.0,-2.387858429505248e-15,1.9936123862862588e-13,-2.401316478994886e-13,-6.347307806668183e-15,1.8189894035458565e-15,2.4632296202753425e-15,4.5225192479847466e-13,-4.950880793293718e-13,-5.859571198622386e-13,-3.308925385189057e-18,-3.3296282397898835e-14,2.2617409300442974e-12,1.604133492705273e-12,-7.529181753371558e-18,4.514955153572192e-13,1.9860656329405578e-13,-1.0474502452792423e-16,1.1583405496663073e-14,1.1199052021654922e-15,1.0606018647309363e-15,1.5543122344752192e-15,7.920700935934125e-15,1.9239771916234295e-15,1.7363159018859844e-12,-1.425910484800305e-12,5.572564563129858e-11,-3.1782882414208264e-12,1.7278168559980345e-13,3.253907560063496e-15,-2.2644657152114414e-12,-1.6023966008249513e-12,-6.519259476392117e-13,2.3453039824998297e-15,-1.7466648282765546e-13,-1.0211490398918943e-15,-6.442051028080511e-15,-1.7358384176228708e-12,-4.144832625267251e-15,2.930988785010413e-14,-2.387858429505248e-15,1.9615242763393327e-13,-2.401369769700068e-13,-6.347344698454105e-15,-1.7962520360015334e-15,2.4633184381173123e-15,4.522547669694177e-13,-4.950876254100623e-13,-5.958061895701879e-13,3.3607163156072296e-10,-2.986489562317729e-11,1.8454457517691482e-12,4.64042955172772e-13,1.7223881580245385e-12,2.922301160747021e-10,4.3890455506123693e-14,8.4315427094892e-09,-4.6947927027455684e-11,3.261280134836397e-18,-4.828891915960772e-16,-3.332085764714184e-16,-5.979054288710965e-15,1.3519449263791708e-13,5.2822263230112296e-14,-6.2125193878159734e-15,-7.659939349480283e-15,-5.188203289208104e-13,6.239245636345073e-13,4.853973223362118e-13,-1.2396291519204775e-11,-8.222377800848335e-12,2.7926816414947096e-14,-4.919152019056127e-13,-2.947117943204643e-12,3.083838094447179e-13,-3.935111785036138e-15,9.551753719216646e-13,-1.7805016720255178e-12,1.026713436491633e-15,1.0951316531856067e-15
10.444025524245694,-3.7514898595010965e-15,3.3251126296818255e-13,-2.919997577066624e-13,1.2125587975827153e-14,4.911271389573813e-15,-3.6588509999546657e-16,2.632572204674943e-13,-3.739840063789653e-13,-5.10287160674731e-13,-3.8330976073815935e-18,-3.406881258586717e-14,2.070565940925917e-12,1.245115122117113e-12,5.347224881244481e-16,4.664044998979754e-13,3.102456563258076e-13,1.1393774763967115e-16,3.728371255620996e-15,9.795136278306252e-16,-2.44091730032504e-15,1.4432899320127035e-15,8.668566464901564e-15,2.1546823576833803e-15,5.923256205204882e-11,-8.70511082874074e-13,1.8184650523320663e-11,-5.805258885656643e-13,1.6534577324882566e-13,2.805084000726913e-15,-2.0735022777364727e-12,-1.2436666280146724e-12,-7.785824454289683e-13,2.3829310200995768e-15,-1.634867951610812e-13,-1.2122464490560425e-15,-7.433135801631358e-15,-5.923193408567411e-11,-3.848773152033876e-15,3.0346096006420943e-14,-3.7514898595010965e-15,3.294862456944732e-13,-2.9200588613775837e-13,1.2125551084041231e-14,1.4495071809506043e-15,-3.6579628215349657e-16,2.63260631072626e-13,-3.7398354956845e-13,-5.159165539225796e-13,3.299831102291743e-10,-3.549939719960093e-11,1.85668369567793e-12,2.8821091291320046e-13,5.389940345897533e-13,2.926023247984927e-10,4.3410912885233355e-14,8.431903464346773e-09,-4.7336357056337874e-11,4.2819914281011507e-16,-1.034473432840836e-16,8.657412171412619e-16,-3.197569801531112e-13,3.8048864799596534e-13,3.2284008799621232e-15,1.0576983733301403e-15,-5.030975636088897e-15,-3.934603398647596e-13,7.7109595329287e-13,3.212486869112278e-13,-2.958646897847454e-12,-3.4915501601062715e-12,1.5640466699551326e-14,-3.761510924960021e-13,-1.9267798467836882e-12,-7.406994914057324e-13,-4.679362366338813e-15,1.0831124147698993e-12,-3.1028513092223875e-12,8.113214960969728e-16,1.3547908454814017e-15
10.907766915109553,-5.52992836707252e-15,3.701037106414636e-13,-2.6392476352536203e-13,2.4418565607031705e-14,8.003553375601769e-15,-3.0735858302932684e-15,4.632340733223828e-14,-1.6148829958447428e-13,-3.473057101170222e-13,-4.695809487419965e-18,-3.387914948582704e-14,1.443425325064487e-12,6.294964549624638e-13,4.138038291653009e-16,4.814339513467856e-13,4.644432986348572e-13,-7.614815083370421e-17,-5.101844826255072e-15,1.3603459444171614e-15,-6.051159250677702e-15,1.887379141862766e-15,6.879385936624166e-15,1.6210155093277306e-15,1.0405707270992925e-10,-1.5289126174583917e-13,-2.1740916152877262e-11,2.1574185071164108e-12,1.783586198630368e-13,2.6860386021880047e-15,-1.4463362756778335e-12,-6.279417090471195e-13,-9.477541244091233e-13,1.714606774207069e-15,-1.732077014115782e-13,-1.5038290708188629e-15,-5.8226230446112306e-15,-1.0405654700048904e-10,-3.552713678800501e-15,3.0346096006420943e-14,-5.52992836707252e-15,3.6715448459290203e-13,-2.639284050568828e-13,2.4418528570685495e-14,4.285993782104924e-15,-3.0735414213722835e-15,4.632738637155853e-14,-1.6148784566516472e-13,-3.528763651653814e-13,3.252062015235424e-10,-4.096655175089836e-11,1.867718424364284e-12,8.442214038950625e-14,-7.437161997358999e-13,2.92865473474469e-10,4.3122948788221205e-14,8.43243865012449e-09,-4.7878738011301415e-11,8.978350470497296e-16,4.825422469008819e-16,3.010427555386978e-15,-5.058970242721727e-13,4.567385284796425e-13,-2.0490951528155202e-14,7.167941240560083e-15,-1.7085360903834612e-15,-1.7177693933945192e-13,6.490665643843486e-13,4.731797768423955e-13,6.151337098951141e-12,1.816624717321247e-12,-1.304911734223424e-15,-1.669445026664107e-13,-5.157488787895422e-13,-1.8146724433198723e-12,-5.831679540310719e-15,8.217825235377794e-13,-4.573970831719028e-12,3.7304650109722575e-16,1.194855846209375e-15
11.392099607392687,-9.314354842970828e-15,3.4973102932175e-13,-1.7313149432614712e-13,4.215830014369278e-14,1.1641532182693482e-14,-6.546807540530608e-15,-2.690023848117562e-13,1.564625310100191e-13,-4.268561800320943e-14,-6.6514497439525344e-18,-3.399017178828956e-14,2.84596194849034e-13,-4.950206911047417e-13,8.504963708608512e-16,5.241129675321372e-13,7.948888461031503e-13,5.625442610849821e-16,-1.6284531042305174e-14,1.4135979208890075e-15,-1.0827700170576631e-14,2.4424906541753444e-15,1.906601147848864e-15,3.2160425667611265e-16,1.662126327924131e-10,9.007568412692353e-13,-7.996867516202648e-11,6.104444119555754e-12,2.0934158799211092e-13,2.9891453895425357e-15,-2.8720251109586744e-13,4.966144682982954e-13,-1.3213918770910778e-12,3.0156629277901923e-16,-1.9943994776086098e-13,-2.135898608587178e-15,-8.671991768569918e-16,-1.662120050094041e-10,-3.700743415417189e-15,3.005003653318757e-14,-9.314354842970828e-15,3.46622168005221e-13,-1.731355207349831e-13,4.215826304952245e-14,7.742073648842051e-15,-6.5467631316096235e-15,-2.6899897420662457e-13,1.5646298203812284e-13,-4.463534727013515e-14,3.199519899984201e-10,-4.8827496357262134e-11,1.8841973314920326e-12,-2.1357607238314814e-13,-2.599958766798712e-12,2.9352313861128877e-10,4.3995731537072036e-14,8.433302876047026e-09,-4.79947933248089e-11,1.5666865952705204e-15,1.4206922675323123e-15,7.188448331955459e-15,-7.928992203550441e-13,5.850016767302198e-13,-5.5722063999989286e-14,-2.3095805823381e-14,3.613251364775749e-15,1.601367216608196e-13,4.433798004669735e-13,1.9543525316597274e-13,1.8080997203166287e-11,9.602808859199286e-12,-2.687272626644699e-14,1.4637564049735373e-13,1.571902677466319e-12,-3.2437102099932015e-12,-8.333896181662859e-15,2.0156960867069705e-13,-6.8326085530164465e-12,-3.7402517425825605e-16,6.698851542918938e-16
11.897937907435857,-9.266985327253489e-15,8.937301269421975e-14,4.681168045787369e-14,3.307348208960355e-14,1.0732037480920553e-14,-6.641442951149656e-15,-3.505232371026068e-13,3.9281709540243497e-13,1.9208528101444244e-13,-6.6455999226605594e-18,-3.2942398808799567e-14,-1.0709590396079254e-12,-1.4205303600078878e-12,9.465687300338725e-16,5.291822150230472e-13,7.706798162606295e-13,9.985470174080277e-17,-1.9909904784865112e-14,1.8525233027175578e-15,-1.1810239478888612e-14,2.6645352591003757e-15,-6.554208929433048e-15,-1.7170449940696722e-15,1.2625119422468124e-10,1.4253601432353953e-12,-8.761461966532338e-11,6.613946807195814e-12,2.7905326628252773e-13,3.036217833864615e-15,1.0681496337834166e-12,1.4222997779533841e-12,-1.3025363966424743e-12,-1.7112661825192458e-15,-2.6857069539885766e-13,-2.1200624806053114e-15,7.557021398325215e-15,-1.262506688208505e-10,-3.9968028886505635e-15,2.886579864025407e-14,-9.266985327253489e-15,8.618693906707146e-14,4.6809015922614587e-14,3.307344522672969e-14,7.054268280626275e-15,-6.641398542228671e-15,-3.5052039493166373e-13,3.928175435393329e-13,1.903572410810739e-13,3.23917871961991e-10,-4.9732625484466556e-11,1.8827080339178793e-12,-2.9183354399719973e-13,-2.919469110906903e-12,2.929034792487073e-10,4.22294577778759e-14,8.433727060330106e-09,-4.9890758191395435e-11,1.7084944570200378e-15,2.016604475999865e-15,9.189755438103002e-15,-5.751514523903248e-13,2.973055283443197e-13,-5.089799692825636e-14,1.0059805766182706e-14,7.13742676072826e-15,4.082715321374053e-13,-7.905145288367165e-14,-2.8480826586019246e-13,1.8550296469281116e-11,1.1321571946609765e-11,-4.3437253793854324e-14,3.866264819407661e-13,2.7530200804222933e-12,-3.5335558768406903e-12,-8.318039724890258e-15,-8.139603095340314e-13,-7.071824607389014e-12,-1.0256494727597006e-15,-5.097615038418546e-16
12.42623671911505,-7.347132161920436e-15,-1.2890571573128302e-13,1.9113330177826053e-13,2.0928112339178387e-14,8.36735125631094e-15,-4.8548276510018696e-15,-2.850276814569952e-13,4.2200400003170974e-13,2.890980492035548e-13,-5.487644120944861e-18,-3.1797481314654874e-14,-1.6545030927950503e-12,-1.7849610678410954e-12,7.37257477290143e-16,5.200700980978468e-13,5.7269004353581e-13,1.3574506515409812e-16,-1.64676377321915e-14,2.0251888021868773e-15,-1.0077331411200617e-14,2.3314683517128287e-15,-1.1009364549942279e-14,-2.758889289752225e-15,7.937015670630402e-11,1.355257979730301e-12,-7.108854165760802e-11,5.469230366277375e-12,3.212933794984988e-13,2.751813533985459e-15,1.6517275352334874e-12,1.786706633338797e-12,-1.095056240901165e-12,-2.6495972059631913e-15,-3.1282470154321853e-13,-1.7305899551942061e-15,1.1893017282610173e-14,-7.936976271455286e-11,-3.4046839421838135e-15,2.8125649957170633e-14,-7.347132161920436e-15,-1.3230968913073108e-13,1.9112936418726652e-13,2.092807550521658e-14,4.6213699533836915e-15,-4.8547388331599e-15,-2.850225655492977e-13,4.2200445105981346e-13,2.8904689012658005e-13,3.300180348257224e-10,-4.808534868061542e-11,1.8707396520767362e-12,-2.2926769815967417e-13,-2.4332239926631397e-12,2.9179842005210365e-10,3.9701748832943196e-14,8.433639844870034e-09,-5.2381210480234586e-11,1.4977139898656825e-15,2.0424171613223998e-15,8.74905472144268e-15,-2.1974061089243454e-13,5.009847351781597e-14,-3.329160835896516e-14,-6.290995502311603e-15,7.317652039873224e-15,4.3952788075785064e-13,-3.3517109226943733e-13,-2.0058905647601932e-13,1.2954114936292171e-11,9.710311132948846e-12,-4.451941038041696e-14,4.197536895844678e-13,2.7060116416140662e-12,-3.014023139596332e-12,-6.818913380994551e-15,-1.3452814373483755e-12,-6.362466109521847e-12,-1.1586160271933228e-15,-1.237663039184896e-15
12.977993346475664,-5.3831938906512275e-15,-2.716357509295146e-13,2.686784128513864e-13,1.2844791781133995e-14,5.820766091346741e-15,-2.7631230636870898e-15,-1.9517301552696154e-13,3.6668500122868003e-13,3.279031564791997e-13,-4.173463680019946e-18,-3.0942840882156965e-14,-1.635954244700703e-12,-1.8071655283335986e-12,4.651528487232949e-16,5.078740283264654e-13,3.7577965430715367e-13,1.5123966682697775e-16,-1.0397026735107922e-14,2.146216021441073e-15,-7.55068649723719e-15,2.1094237467877974e-15,-1.147858578424631e-14,-2.90342878704235e-15,4.870462497689826e-11,1.1108765050646334e-12,-5.285350713175665e-11,4.211320698883752e-12,3.3017516369550004e-13,2.5987061171942974e-15,1.6331617630076672e-12,1.809151786713592e-12,-8.854317741964953e-13,-2.7305313707600256e-15,-3.244433145916213e-13,-1.294473019443701e-15,1.263633086277331e-14,-4.870411852085574e-11,-3.4046839421838135e-15,2.7385501274087194e-14,-5.3831938906512275e-15,-2.749895126423022e-13,2.6867456407823437e-13,1.2844754976084245e-14,2.171418600482866e-15,-2.7630342458451196e-15,-1.9516903648764129e-13,3.666854551479896e-13,3.2833327168191315e-13,3.3505105723937354e-10,-4.648754838854074e-11,1.8567675397207495e-12,-1.4248712432163302e-13,-1.8650621787704344e-12,2.907065802552351e-10,3.7517731976688395e-14,8.433350448116158e-09,-5.479824001971186e-11,1.2268542663266639e-15,1.809929521071988e-15,7.335344715901174e-15,-1.2794099113477842e-14,-8.467644363463478e-14,-2.060341156943461e-14,-2.3006671567848968e-14,6.532790974844715e-15,3.820491656369995e-13,-3.8528043602714666e-13,-4.400135367177427e-13,7.070290545622508e-12,7.672861102037133e-12,-3.8799896628916033e-14,3.667856418587689e-13,2.255967704312134e-12,-2.255869909477888e-12,-5.114371382994309e-15,-1.4185113749815827e-12,-5.567398394153618e-12,-1.0409128709439516e-15,-1.4352147942320315e-15
13.554249376408261,-3.920983907927204e-15,-3.692548489198089e-13,3.1479162980000787e-13,8.047858213178217e-15,3.092281986027956e-15,-7.495781773059207e-16,-1.1884708328580019e-13,2.9672229950872266e-13,3.531264762083689e-13,-3.0865615900150687e-18,-3.042358032168124e-14,-1.3517642290070197e-12,-1.7033596755311464e-12,9.27595192015376e-17,4.857948534183384e-13,2.4178190314058965e-13,3.708517357901314e-17,-3.5237634013919578e-15,2.051007942294439e-15,-4.8913150661583256e-15,1.6653345369377348e-15,-1.0474450074422659e-14,-2.601185435538028e-15,3.0532475042928306e-11,8.687182018955309e-13,-3.8435764921864716e-11,3.2130008308732156e-12,3.206737201359173e-13,2.4325521342608938e-15,1.3490732921028216e-12,1.705415322850179e-12,-7.286392746879638e-13,-2.45308886418407e-15,-3.1740759891231074e-13,-9.343078340075944e-16,1.1025818105753182e-14,-3.053182929008143e-11,-3.2566542055671257e-15,2.694141206423713e-14,-3.920983907927204e-15,-3.723902371651396e-13,3.147872185138567e-13,8.047821668336989e-15,-1.1368683772161603e-16,-7.494893594639507e-16,-1.1884310424647993e-13,2.96722756319238e-13,3.5267172885748246e-13,3.388927628596624e-10,-4.539033398032189e-11,1.8430426962368074e-12,-6.794948603783269e-14,-1.4055897186911655e-12,2.8969860102543586e-10,3.5873647802331377e-14,8.433057087023186e-09,-5.707316101203711e-11,9.961591736680949e-16,1.529586642530963e-15,5.8496321212834585e-15,1.595335271294592e-13,-1.6755284567201063e-13,-1.2913263051454274e-14,-1.1305770208913657e-14,5.422240434427294e-15,3.0904001135922955e-13,-3.5365108989419505e-13,-3.204756164147208e-13,2.1762389224022625e-12,5.984293238725513e-12,-3.127240688627353e-14,2.9809179125095395e-13,1.7825162179629928e-12,-1.460227287923264e-12,-3.69395811682105e-15,-1.2721366710628951e-12,-4.940936548791797e-12,-8.643021194576494e-16,-1.3633025553368612e-15
14.156092644919916,-2.9720207776288513e-15,-4.433483506242434e-13,3.4750321139161617e-13,5.139114423365528e-15,5.456968210637569e-16,1.2719603148525493e-15,-5.874255748494761e-14,2.319088555450636e-13,3.764095405737559e-13,-2.2978768602627754e-18,-3.017378014114058e-14,-9.820058045861292e-13,-1.5744350267965501e-12,2.891205793294679e-16,4.334977592939598e-13,1.9074248353629427e-13,1.617220263080708e-16,4.046380412109179e-15,1.800885022502434e-15,-2.128868786681305e-15,1.5543122344752192e-15,-8.885819941720893e-15,-2.233320675897254e-15,1.9486327084179057e-11,6.635534382010079e-13,-2.7510353858814966e-11,2.4530525809692417e-12,3.031167048627753e-13,2.1817581017287888e-15,9.791963987616204e-13,1.5763670750679193e-12,-6.254979173503372e-13,-2.0727192868697514e-15,-3.025228646403014e-13,-6.708907518068741e-16,1.0406390122283902e-14,-1.9485778270661582e-11,-2.960594732333751e-15,2.708944180085382e-14,-2.9720207776288513e-15,-4.462431017297301e-13,3.474965500534684e-13,5.139077878524301e-15,-2.2737367544323206e-15,1.2720935416155044e-15,-5.87414206165704e-14,2.3190931813799053e-13,3.755227832395273e-13,3.419156807164351e-10,-4.4700573198497297e-11,1.829161533350998e-12,-8.467395673505962e-15,-1.0531338764015648e-12,2.88710864001481e-10,3.4709214669081945e-14,8.43280733366025e-09,-5.929952825075209e-11,8.125676057938828e-16,1.26827946293299e-15,4.5910555449927655e-15,2.797173085748265e-13,-2.423564164170481e-13,-8.217047412865479e-15,-1.0328671251613741e-14,4.0631192854689855e-15,2.413273492152257e-13,-2.9724674110997993e-13,-4.306154247994224e-13,-1.759811614950498e-12,4.71718522021547e-12,-2.2753354755877807e-14,2.3400076543111935e-13,1.37134724872053e-12,-6.354090380470954e-13,-2.6471067091776712e-15,-1.0897451334741415e-12,-4.4709421350338135e-12,-6.92657013921331e-16,-1.1911543799925094e-15
14.784659290713032,-2.5866808694985364e-15,-5.199884374936422e-13,3.857858921207935e-13,3.4228521059165294e-15,-2.0008883439004422e-15,3.4857006170341265e-15,-1.6129320101754274e-14,1.8194280572888152e-13,4.1521464784940085e-13,-1.8294588171712802e-18,-3.00974523081976e-14,-6.302546560524516e-13,-1.515731984369495e-12,2.1955093992831465e-16,2.961124786729188e-13,2.8403205713326923e-13,8.644085790754048e-17,1.2743427992249737e-14,1.6669482331944574e-15,8.794644599138231e-16,1.2212453270876722e-15,-7.449672532586526e-15,-1.8672819887419273e-15,1.2934867583565822e-11,5.11995359642765e-13,-1.9906813283113775e-11,1.9194907840156337e-12,2.8483675366662157e-13,2.8135407776723e-15,6.272083123873216e-13,1.5176184961496197e-12,-5.810841776890088e-13,-1.738400023357485e-15,-2.8709592842603324e-13,-5.070779679396814e-16,8.91976296195763e-15,-1.2934355809918222e-11,-3.9968028886505635e-15,2.6201263381153694e-14,-2.5866808694985364e-15,-5.228879255507006e-13,3.857774840317537e-13,3.4228157923717658e-15,-4.6838977141305805e-15,3.4858338437970816e-15,-1.6128751667565666e-14,1.8194327121301423e-13,4.1911979072513835e-13,3.4469800690809884e-10,-4.441826604306698e-11,1.8139246549253586e-12,3.4625600164872595e-14,-8.06371266056279e-13,2.8760993586729455e-10,3.4020963129988147e-14,8.43260911670554e-09,-6.159931823882896e-11,6.725175971666886e-16,1.0576955977725789e-15,3.7359062602752386e-15,4.0120422539757783e-13,-2.7714056235102665e-13,-5.424088955763295e-15,9.651807131305644e-16,2.8657853867741778e-15,1.8913350885441105e-13,-2.4442373472433055e-13,-4.20383609404477e-13,-5.138038735215863e-12,3.889908839482814e-12,-1.3488232752933983e-14,1.8446748129008484e-13,1.0638401964913058e-12,2.6392325017949654e-13,-1.9902428229773284e-15,-9.103723394485764e-13,-4.150753814731918e-12,-5.58643842990536e-16,-1.0222660391800975e-15
15.441135899948314,-2.7070475490849806e-15,-6.03176886215806e-13,4.3087817758191704e-13,2.338406898672041e-15,-4.911271389573813e-15,6.171108068997455e-15,1.5980390344338957e-14,1.4175856090833014e-13,4.753625641266504e-13,-1.6479555384424447e-18,-2.9907789208157474e-14,-2.6022544552799397e-13,-1.525446435834965e-12,4.8713805944313985e-16,-4.158517666022179e-14,6.303599617593945e-13,-1.8109095572919624e-17,2.365145417347035e-14,1.7121317283826905e-15,4.503422828448627e-15,1.1102230246251565e-15,-6.125153728432103e-15,-1.5509102047777376e-15,8.757361432898581e-12,3.938374336453046e-13,-1.4250410991549292e-11,1.516522897763982e-12,2.6366505877842093e-13,3.0208402330515285e-15,2.5731449491464754e-13,1.5268580670635412e-12,-5.901625638799541e-13,-1.4463217695815123e-15,-2.694098174523534e-13,-4.3024530336013833e-16,7.309250204937503e-15,-8.756927406304576e-12,-3.552713678800501e-15,2.6053233644537006e-14,-2.7070475490849806e-15,-6.062085352217157e-13,4.308693550096147e-13,2.338370642951393e-15,-7.577227734145708e-15,6.171196886839425e-15,1.5980390344338957e-14,1.4175902928366864e-13,4.800957261371271e-13,3.474492890139421e-10,-4.438043106347322e-11,1.7956978126676405e-12,6.792106432840228e-14,-6.218966082845631e-13,2.86282625512645e-10,3.385399599542538e-14,8.43243865012449e-09,-6.418569379699572e-11,5.397765567849433e-16,8.622963454385512e-16,3.198697094234741e-15,4.464555021973145e-13,-3.059425305688516e-13,-3.64955288212343e-15,1.3289461198162655e-14,1.3772261109323835e-15,1.4717034702016464e-13,-1.9672008235345946e-13,-7.538043670744325e-13,-8.196123720457157e-12,3.339846443850547e-12,-2.106759211528697e-15,1.4457867791861644e-13,8.219050902832e-13,1.350237751065051e-12,-1.674428282659457e-15,-7.571994134113136e-13,-3.889481329603465e-12,-4.502980742911629e-16,-8.656140040863569e-16
16.126761746240668,-3.286815264402776e-15,-6.710858239481847e-13,4.666533529965969e-13,1.5561552625202129e-15,-8.185452315956354e-15,9.36521971084403e-15,4.415028342918958e-14,1.0437616049241428e-13,5.238689482212066e-13,-1.7508171019746388e-18,-2.878715784267646e-14,2.1879517168222595e-13,-1.5491774529863278e-12,1.5190877105602457e-15,-7.623724182812295e-13,1.4092122530624037e-12,8.967849543142423e-18,3.699864873218238e-14,1.457167719820518e-15,8.856368480957871e-15,1.1102230246251565e-15,-5.0918008588412985e-15,-1.2783565990875285e-15,5.712168443899677e-12,2.8681371698038783e-13,-9.33327658307966e-12,1.1618507881417417e-12,2.334050265723585e-13,3.976112697192298e-15,-2.2192613600472068e-13,1.5507018412408424e-12,-6.487769426626815e-13,-1.1412171047471022e-15,-2.43216299813232e-13,-4.4167686001628237e-16,6.689822221468223e-15,-5.71185598875976e-12,-4.440892098500626e-15,2.4424906541753444e-14,-3.286815264402776e-15,-6.739621009425415e-13,4.666401191381435e-13,1.556118948975449e-15,-1.0942358130705543e-14,9.365308528686e-15,4.4146872824057936e-14,1.0437663465016437e-13,5.301027764896086e-13,3.497737149397532e-10,-4.439207259565592e-11,1.77464585249254e-12,9.761265573615674e-14,-4.61159999076699e-13,2.8480618380473424e-10,3.4311962993083256e-14,8.432236468830686e-09,-6.732155573748362e-11,3.645579208881126e-16,6.210078747533506e-16,2.840369721831178e-15,5.610319394241022e-13,-3.7349868383292535e-13,-2.373323759741197e-15,2.9774932519543993e-15,-1.0604017663951026e-15,1.0816531670343466e-13,-1.484677889888412e-13,-5.285073712002486e-13,-1.0879496888568005e-11,2.869819581974298e-12,1.2792966685992725e-14,1.0747569945124269e-13,6.009860202086751e-13,2.6519355187278856e-12,-1.7044471303101494e-15,-6.19728986754997e-13,-3.5462003703893665e-12,-3.439342271630933e-16,-6.949063720285143e-16
16.84283113011666,-4.91583625657673e-15,-7.67492262336115e-13,5.235062161546012e-13,1.079564620568944e-15,-1.2914824765175582e-14,1.3641088258964373e-14,6.357765869324794e-14,7.733754319820078e-14,6.092401842276256e-13,-2.2719011832136437e-18,-2.586125757986224e-14,8.834396628877008e-13,-1.7381929229287607e-12,3.497304924441089e-15,-2.422652163757021e-12,3.237842093205422e-12,1.7120193735080656e-16,5.489559370370436e-14,1.1312010759625504e-15,1.472054067788784e-14,9.992007221626409e-16,-4.37545114817342e-15,-1.0854280712772419e-15,3.805786118758825e-12,2.104484690428916e-13,-5.905192863067002e-12,9.027936627655973e-13,1.882731696643405e-13,4.643366854212294e-15,-8.865198548157766e-13,1.7396262382007865e-12,-8.185774589028781e-13,-9.135719016765718e-16,-2.035451910379633e-13,-5.755012894188838e-16,5.574851851223519e-15,-3.805275261939688e-12,-5.329070518200751e-15,2.042810365310288e-14,-4.91583625657673e-15,-7.703287489372694e-13,5.234885117981018e-13,1.0795282492000642e-15,-1.5444356904481537e-14,1.3641177076806343e-14,6.357083748298464e-14,7.733801735595088e-14,6.165483531124968e-13,3.526375318566958e-10,-4.463363438844681e-11,1.7470028979005292e-12,1.1902784535777755e-13,-3.490630007263462e-13,2.8281749035708937e-10,3.5959733454826726e-14,8.431974822450469e-09,-7.153507416054102e-11,8.137009584648543e-17,2.8897023662821655e-16,2.8737544751263516e-15,6.088737884250387e-13,-3.805639655259559e-13,-1.5971575913672117e-15,4.381561780064658e-15,-3.778324875192141e-15,8.002835727438651e-14,-1.1216392976446758e-13,-6.568067571303496e-13,-1.3719303145383795e-11,2.6622728910297156e-12,3.2468250310557776e-14,8.068937518146412e-14,4.426979153630365e-13,4.40474530235004e-12,-2.2124365057010764e-15,-5.325328838070058e-13,-3.0122571104129747e-12,-2.6514308688422676e-16,-5.670948375243364e-16
17.590695822349833,-9.47163643812606e-15,-1.0069925338029861e-12,6.77497051052948e-13,9.060515647936937e-16,-2.128217602148652e-14,2.1144508366433e-14,7.050630301819182e-14,6.622785364100251e-14,8.537123600641886e-13,-3.669699657900319e-18,-1.719689205851675e-14,2.1872747515633416e-12,-2.423755640634795e-12,8.599831398700995e-15,-7.055920277067153e-12,8.345484797050379e-12,5.974050828588835e-18,8.581738916528431e-14,8.068481283613057e-16,2.5177494133482453e-14,1.5543122344752192e-15,-4.30714923197862e-15,-1.08204435518102e-15,2.9885365962269103e-12,1.7896140895252084e-13,-4.519820559941833e-12,7.642984209606674e-13,9.325873406851315e-14,6.997314330967989e-15,-2.1903380193599447e-12,2.4251911243111657e-12,-1.298281505450009e-12,-8.638585870943602e-16,-1.1906496460602116e-13,-9.51546648550114e-16,5.203195061141951e-15,-2.9881155885970684e-12,-7.549516567451064e-15,9.473903143468002e-15,-9.47163643812606e-15,-1.0100057086977662e-12,6.774811230532881e-13,9.06015135600698e-16,-2.3533175408374517e-14,2.114468600211694e-14,7.050971362332348e-14,6.622832779875262e-14,8.583507830432306e-13,3.587803803384304e-10,-4.548055585473776e-11,1.6985268302960322e-12,1.2835130291932727e-13,-3.0381327083735717e-13,2.7894338002222994e-10,4.087875871139346e-14,8.43148720874188e-09,-7.855049943827908e-11,-5.719383300295533e-16,-3.75197558207437e-16,3.719064986529297e-15,8.443995724860542e-13,-5.042384287889945e-13,-1.2690496801563237e-15,8.526127026620145e-15,-7.720329930904768e-15,6.861405665858911e-14,-9.734810180184184e-14,-1.0142684914171695e-12,-1.910714975868662e-11,3.067179932259023e-12,6.168647814774885e-14,6.975994892854942e-14,3.774025073936353e-13,7.53505784899083e-12,-3.6530836949183465e-15,-5.351828741487853e-13,-1.8308317824751916e-12,-2.4885692465059785e-16,-5.385080402431352e-16
18.371767615786375,-1.751316684265684e-14,-1.2017456659426291e-12,8.015213974014538e-13,7.304078638211327e-16,-2.9467628337442873e-14,2.9275248891735826e-14,7.875087248976342e-14,5.165318404480127e-14,1.0477378964424133e-12,-6.0104752076375776e-18,6.9088253636569635e-15,4.805640980005525e-12,-3.224365219267611e-12,1.8823255550699033e-14,-1.6195436195835338e-11,1.8333328682334442e-11,2.187748890511201e-16,1.2060141797016732e-13,-7.390728855789559e-16,3.768384183511478e-14,2.220446049250313e-15,-4.111831309114912e-15,-9.956896519924103e-16,2.192013264642868e-12,1.3880585799584654e-13,-2.80692094595561e-12,5.955295397611984e-13,-1.1257145086896936e-13,9.139733963871762e-15,-4.808822716722438e-12,3.2256445778311438e-12,-2.1566082253343666e-12,-6.285866479320031e-16,7.574044750553249e-14,-1.627956667041297e-15,5.079309464448095e-15,-2.1916102268508848e-12,-1.0066022089934753e-14,-1.7023419710919068e-14,-1.751316684265684e-14,-1.204736577165022e-12,8.01506772063476e-13,7.303713189799055e-16,-3.213926902390085e-14,2.9275426527419766e-14,7.875314622651786e-14,5.1653669767374545e-14,1.0549968010309385e-12,3.6386772990226745e-10,-4.6126660890877246e-11,1.648220404604217e-12,1.384410097671207e-13,-2.4951300285162386e-13,2.750634861999864e-10,4.992013746818458e-14,8.430381158134598e-09,-8.892205490459067e-11,-1.951552345650735e-15,-1.804621267235499e-15,4.8139848588905445e-15,1.0125009053396638e-12,-3.843877512584489e-13,-9.119649480027192e-16,3.356934175080539e-15,-1.1127665455745728e-14,5.391651569652822e-14,-7.640417812315725e-14,-8.608670517181357e-13,-2.362624703285595e-11,3.3542164601385595e-12,9.837535230872163e-14,5.57076162976955e-14,2.935231224743262e-13,1.1271810358478031e-11,-6.245641482292841e-15,-4.949403802039898e-13,5.971519575117176e-13,-1.4729826155098398e-16,-4.2679329399312553e-16
19.187520990478333,-2.954460750122697e-14,-1.1976226232945919e-12,7.942918619126734e-13,4.828825418227527e-16,-3.6197889130562546e-14,3.57021967545279e-14,9.17566467251163e-14,2.924000451487441e-14,1.038036619623502e-12,-9.835640704398529e-18,4.9143559592105625e-14,9.186147777410685e-12,-3.75172115596456e-12,3.396669881125525e-14,-2.93613561319011e-11,3.273153353294194e-11,3.1755940935097383e-17,1.4839999591448165e-13,-2.652916646051973e-15,4.9644558489942775e-14,3.219646771412954e-15,-3.1904624292113633e-15,-8.139897686578546e-16,1.1527298924492696e-12,7.751522587763336e-14,-1.592259657616133e-13,3.696757608177743e-13,-4.566889502225528e-13,1.1168872539787008e-14,-9.189177196944343e-12,3.753150134427896e-12,-3.4038262177984693e-12,-1.5778538419744061e-16,4.097884822171668e-13,-2.8323697554011318e-15,4.459881480978815e-15,-1.1520098764969554e-12,-1.1694349192718315e-14,-6.128431095930864e-14,-2.954460750122697e-14,-1.200488478995491e-12,7.942826840690031e-13,4.828460548056412e-16,-3.854552232951392e-14,3.570237439021184e-14,9.175437298836187e-14,2.924048445503609e-14,1.0475635766245735e-12,3.6413160463174186e-10,-4.602770786732435e-11,1.6187300388992299e-12,1.521675585536286e-13,-1.6913581646349485e-13,2.741100369940944e-10,6.27757394677797e-14,8.428343487840178e-09,-1.0114575843545026e-10,-4.411887521982294e-15,-4.354849814092177e-15,5.714618593148184e-15,1.0057422894504953e-12,-6.278683647072588e-13,-5.532981480390238e-16,2.191102299597958e-14,-1.8106136034923282e-14,3.145469662513278e-14,-4.387182168478591e-14,-1.2085668762059261e-12,-2.4207110982388258e-11,3.0402588890865445e-12,1.3581811231233586e-13,3.432447215345746e-14,1.653089008272583e-13,1.4872754190999457e-11,-1.0861957492301622e-14,-4.1107950980449094e-13,5.732599580217841e-12,6.440088624419064e-17,-2.1337460155238889e-16
20.03949589715557,-6.446019643983428e-14,-1.5816719193632405e-12,1.0449749510144102e-12,5.20077788705257e-16,-5.3296389523893594e-14,5.193694363470058e-14,8.781626092968509e-14,2.675342297235132e-14,1.4357889691988627e-12,-1.8517040199485463e-17,1.7083094198492668e-13,2.099892075942235e-11,-5.708211681110242e-12,7.3166781275644e-14,-6.353216082080307e-11,7.053185196386696e-11,1.257747671725984e-16,2.163738462261275e-13,-8.920512907162596e-15,8.099665963774221e-14,6.106226635438361e-15,-2.9836890205693844e-15,-7.335858689725447e-16,1.0398667195831474e-12,7.065473601926205e-14,8.765564663881266e-14,2.357082480718518e-13,-1.408795560829001e-12,1.6757988949058406e-14,-2.1001899406561587e-11,5.709382619456527e-12,-7.071744810109119e-12,4.3866059934474423e-16,1.3368247077791727e-12,-5.532297439169581e-15,4.335995884284959e-15,-1.0389744621237345e-12,-1.746750892076913e-14,-1.8829382497642655e-13,-6.446019643983428e-14,-1.584470984046978e-12,1.0449589638028555e-12,5.200417064569566e-16,-5.57520252186805e-14,5.193712127038452e-14,8.781285032455344e-14,2.675391447733618e-14,1.4474911343616743e-12,3.7352244059244793e-10,-4.682806320488453e-11,1.5443390566360903e-12,1.4565898709406612e-13,-1.7602215981090316e-13,2.7078701038569077e-10,1.0008096781866094e-13,8.422864771211989e-09,-1.2431892552437299e-10,-1.1177447856169919e-14,-1.1240961865037017e-14,9.181688973939709e-15,1.3203104979690276e-12,-7.683251368462151e-13,-4.782396700875324e-16,1.754414669097315e-14,-2.5132798620042252e-14,3.129642323074222e-14,-4.013102928672e-14,-1.3404739244530598e-12,-3.226741682738066e-11,4.069806891493499e-12,2.0820678514610335e-13,3.4039757679238395e-14,1.5105937334336517e-13,2.4262968894998818e-11,-2.109860138162223e-14,-3.8579910522915095e-13,1.9194423828139406e-11,3.1859208558341715e-16,7.126966840761047e-17
20.929300664290967,-1.0845736346058269e-13,-1.3671524357050658e-12,9.01935829726123e-13,3.6304824887108583e-16,-5.729816621169448e-14,5.638804978502776e-14,9.527980182610918e-14,1.1177566395607445e-14,1.2165401130914687e-12,-3.318456270497641e-17,3.428623126152293e-13,3.6729833266998333e-11,-5.850320228262262e-12,1.0813154842012618e-13,-9.308512679797845e-11,1.04541221358624e-10,-1.4589688758254364e-17,2.3660782904451303e-13,-1.7490853726616385e-14,1.0160557795641086e-13,1.0769163338864018e-14,-6.746714020145259e-16,-1.0215419991052211e-16,4.792456739552014e-13,2.8566128652411434e-14,1.9009477327483173e-12,3.6843285480157626e-14,-2.6873593789554606e-12,1.7628729783817725e-14,-3.6732998079583775e-11,5.851569229164966e-12,-1.1562948708089394e-11,2.253357786141635e-15,2.6036279075866375e-12,-1.0413138450474091e-14,1.8582839504078395e-15,-4.783037855150349e-13,-1.850371707708594e-14,-3.611925573447176e-13,-1.0845736346058269e-13,-1.3699922381723203e-12,9.019149871392074e-13,3.630122244469014e-16,-5.974243322270922e-14,5.63882274207117e-14,9.527980182610918e-14,1.1178052118180718e-14,1.228708394288939e-12,3.6812853068113326e-10,-4.523026291280985e-11,1.5935029296088033e-12,1.469322796765482e-13,-1.415697189107353e-13,2.846302005457611e-10,1.3845088270292294e-13,8.414765626442532e-09,-1.3045327780976854e-10,-2.059542351477243e-14,-2.1017076967666527e-14,1.1439388209836625e-14,1.1505547625745294e-12,-7.138314828125658e-13,-2.7835511673401926e-16,2.880416738459957e-14,-2.857728498284473e-14,1.856591325122281e-14,-1.66560399731767e-14,-1.0596522770356387e-12,-2.8242599607134858e-11,3.427703632041812e-12,2.5309532247774767e-13,2.2035422375665803e-14,6.310001132714405e-14,3.0442831718023946e-11,-3.9811307462472856e-14,-6.590907315357972e-14,3.879918608618027e-11,1.1727424586993606e-15,8.555757375720378e-16
21.858615034246718,-1.6354815649914183e-13,-1.1061880892763535e-12,7.307184191063242e-13,3.0748667501079295e-16,-5.5842974688857797e-14,5.5554316702455253e-14,1.0068902156490366e-13,6.304476616684577e-15,9.449043621619542e-13,-5.053299742808643e-17,5.575655677899268e-13,5.5499507428804434e-11,-5.036110417577788e-12,1.2924126588568908e-13,-1.0781380128943585e-10,1.2473664076948252e-10,-1.1166733739279702e-16,2.3301470704846716e-13,-2.7858852176059162e-14,1.1901453659799858e-13,1.6542323066914832e-14,2.9635152673968254e-15,7.656158608911955e-16,3.8049273560992314e-13,1.5301125931106673e-14,2.4128617162248247e-12,-6.720570387585378e-14,-4.245183016485308e-12,1.6931479366692297e-14,-5.550273993791577e-11,5.037246661454553e-12,-1.7049830875840815e-11,4.392051726855816e-15,4.154932212239326e-12,-1.6305133512892894e-14,-2.1060551437955516e-15,-3.797889780823386e-13,-1.7911598130619193e-14,-5.755396159656812e-13,-1.6354815649914183e-13,-1.1090288391339223e-12,7.306971620361461e-13,3.0745076623484027e-16,-5.828724169987254e-14,5.555449433813919e-14,1.0068788469652645e-13,6.304950774434678e-15,9.576410775480327e-13,3.611280893286069e-10,-4.3027102947235106e-11,1.7344689240417211e-12,1.4303168427431955e-13,-1.5364302422919234e-13,3.145043915220561e-10,1.7204640490042777e-13,8.404438523102132e-09,-1.0444741368094886e-10,-3.2227230143770195e-14,-3.308702848740334e-14,1.4375725725564632e-14,9.109356454336155e-13,-5.955655524303438e-13,-2.05746530923534e-16,3.535628179118788e-14,-2.4350083061008832e-14,1.772072266703617e-14,-8.971914646401421e-15,-1.1547247898609688e-12,-2.2896711016073823e-11,2.6811903808265924e-12,2.7186004558643617e-13,2.1536763483709364e-14,3.5931396746846646e-14,3.5668315846113156e-11,-6.22835387865256e-14,3.5241580834505344e-13,6.269118557611364e-11,2.0494803770754187e-15,1.914154598714468e-15
22.829193334233338,-2.2089237846264117e-13,-7.033425693710645e-13,4.665944667673708e-13,2.3328358920530573e-16,-4.9476511776447293e-14,5.0317616739903314e-14,1.1482597983558661e-13,2.2901009792223686e-15,5.161079267660777e-13,-7.4598738706798e-17,7.744406967565472e-13,7.36693903712094e-11,-2.8993474288085963e-12,1.2083433212350947e-13,-9.389531976008078e-11,1.1625669562833865e-10,5.675483753164576e-17,2.1043293580104672e-13,-3.793799899554859e-14,1.3067550917314035e-13,2.4646951146678475e-14,6.341514962794774e-15,1.619726294591628e-15,3.4172421623252487e-13,4.508496322630024e-15,2.8284515010743188e-12,-1.447097718859203e-13,-5.777084237347164e-12,1.3334439889073346e-14,-7.367243671487452e-11,2.9005400511983304e-12,-2.248007432210159e-11,6.999650407231991e-15,5.685013183723598e-12,-2.4475193193766037e-14,-5.327080657835807e-15,-3.4060837487213034e-13,-1.3914795241968628e-14,-7.884063772204778e-13,-2.2089237846264117e-13,-7.062652684908244e-13,4.665783611320269e-13,2.332469865399626e-16,-5.2023096941411496e-14,5.0317794375587254e-14,1.148237060988322e-13,2.290575136972469e-15,5.313230152144873e-13,3.5032474746306736e-10,-4.013709258288145e-11,1.9895196601282805e-12,1.4571014617104083e-13,-1.713592231074775e-13,3.6548004932545916e-10,1.8044203284328653e-13,8.393072762919051e-09,-2.5669540567226552e-11,-4.4269703643647535e-14,-4.5674274547676437e-14,1.742378232435134e-14,5.793955981658883e-13,-3.741708572609544e-13,-1.2208382453119762e-16,8.080819347000556e-15,-1.6652684786677695e-14,1.7751062841853127e-14,-2.401955948953353e-15,-6.321291342222442e-13,-1.4599936548620464e-11,1.4510078472085296e-12,2.7841338123835157e-13,2.2244108777158545e-14,1.3842630745367994e-14,3.917579439144521e-11,-9.377386562571532e-14,7.742346508129429e-13,8.666016052908769e-11,3.1247400500422628e-15,3.1990382565183493e-15
23.842867788067263,-4.645448840416103e-13,-8.330971468240023e-13,5.516158196883225e-13,3.936863566626296e-16,-7.494236342608929e-14,7.543565772039074e-14,1.4960392036300619e-13,3.1917582003308336e-15,6.247622271378835e-13,-1.3890952111536367e-16,1.6821590416900751e-12,1.5254843458894644e-10,1.3072876114961218e-13,5.283000960888222e-14,-3.72740997018401e-12,5.0839733657505173e-11,8.783886708103338e-17,3.122551674756943e-13,-8.05799225794436e-14,2.373025064564078e-13,4.6407322429331543e-14,2.5592523084881548e-14,6.397597694159418e-15,7.455163746742274e-13,6.002376618938277e-15,2.4513225479703088e-12,-5.165162287314628e-13,-1.2237342921940412e-11,1.8320938660841095e-14,-1.5255154862913746e-10,-1.294103713078698e-13,-4.716330046413327e-11,1.7067248201614767e-14,1.2081369496550632e-11,-4.6239183001169776e-14,-2.4529348145383485e-14,-7.445566386399967e-13,-1.850371707708594e-14,-1.7010097034623566e-12,-4.645448840416103e-13,-8.361207430122401e-13,5.515997140529786e-13,3.936502165902134e-16,-7.758558240311686e-14,7.543592417391665e-14,1.495845936005935e-13,3.192223684463554e-15,6.400872128627573e-13,3.5061190525690715e-10,-3.434251993894577e-11,2.474257598805707e-12,1.2461214282666334e-13,-2.993605363599272e-13,5.103464937472085e-10,3.443890138343786e-13,8.350721728375675e-09,2.297753098901012e-10,-9.241556594060303e-14,-9.582614794260517e-14,3.6532802246321455e-14,6.501999975464893e-13,-1.8792173743046684e-13,-1.0353384816141897e-16,2.3471224963600432e-15,-3.838343531903376e-15,3.6250611401555943e-14,-1.7575003952163826e-15,-8.052362924596915e-13,-1.7118388010809817e-11,6.590198609046638e-13,4.573514900130249e-13,4.207926451726962e-14,2.0856117758742225e-14,7.138961256772703e-11,-1.7595929054092796e-13,3.1630838333240494e-12,1.848453242322042e-10,7.65507159975846e-15,7.768492157426513e-15
24.901551974978997,-1.0369518207061408e-12,-1.0002016400297482e-12,6.612448070579072e-13,7.597434834027972e-16,-1.535227056592703e-13,1.5323164959113457e-13,2.7225496523897163e-13,5.585430844686397e-15,7.081932077805201e-13,-3.7897175208487536e-16,3.715553327972761e-12,3.296719266140743e-10,7.807643420676413e-12,-2.1327762569140548e-13,3.098668312680649e-10,-2.0604074002505968e-10,1.7057879372696283e-17,6.162261444059255e-13,-1.7697406847476878e-13,5.054750223039191e-13,1.2667644710973036e-13,5.556167689270973e-14,1.4013457945675139e-14,1.7683830164236774e-12,1.0827805260476381e-14,2.1875419533546173e-12,-1.4215293665259851e-12,-2.6861716985105127e-11,2.647914439796173e-14,-3.2967505757839677e-10,-7.80639441977371e-12,-1.0361097589463143e-10,4.097625034413984e-14,2.6533658990898445e-11,-1.2658122027766824e-13,-5.4633548141990484e-14,-1.7672580067786608e-12,-2.6793382327620446e-14,-3.742783860616328e-12,-1.0369518207061408e-12,-1.0033521865201087e-12,6.612321949243475e-13,7.59706475968643e-16,-1.562170837132726e-13,1.532318272268185e-13,2.7221517484576905e-13,5.585907893642291e-15,7.247308531077578e-13,3.4711168458064395e-10,-2.243323251605034e-11,3.901959644281306e-12,1.0429175745230168e-13,-5.97838815489619e-13,9.222315934176698e-10,6.515478261082119e-13,8.252033470964577e-09,1.0548054281874404e-09,-2.0269771972003525e-13,-2.1107456060764917e-13,8.636507018803622e-14,7.343171996391599e-13,-3.914043607740799e-13,-3.5583018013577807e-16,-7.90685850127204e-15,1.395676629822873e-14,7.820958103366138e-14,-1.654741158911103e-15,-9.785556661275527e-13,-2.0203879103064538e-11,-2.55931809078902e-12,1.0214016299414653e-12,8.878970447767643e-14,3.785118052324066e-14,1.5194140519402343e-10,-4.826431409480497e-13,6.803880206061849e-12,4.0749744319631037e-10,1.7536663672138946e-14,1.9525078891654188e-14
26.007244442001138,-1.4609472890706835e-12,-6.821210263296962e-13,4.5292658512607885e-13,8.4713492008262985e-16,-2.1955202100798488e-13,2.1953105999727994e-13,4.912453732686117e-13,7.339441554510273e-15,1.5910093983014424e-13,-6.078960468401047e-16,4.981064172238092e-12,4.339156405459944e-10,1.4966916594971735e-11,-6.292076957838585e-13,7.482639893499312e-10,-6.074517432273928e-10,1.553767986252794e-16,8.842773455438159e-13,-2.3420864730820636e-13,6.883011602536925e-13,2.0183854587685346e-13,5.1793631138970965e-14,1.3261308896778069e-14,2.521820055548541e-12,1.6661393759523686e-14,1.764191154450705e-12,-2.0455569656585826e-12,-3.5591168255471765e-11,2.1094996409398714e-14,-4.339186699655281e-10,-1.4965671930877722e-11,-1.4018001169568972e-10,5.66541239754321e-14,3.51371903149605e-11,-2.0159788687587957e-13,-5.104086583786866e-14,-2.5208274359334657e-12,-2.1464311809419694e-14,-5.0031090381708054e-12,-1.4609472890706835e-12,-6.850650417315288e-13,4.5292178896261246e-13,8.470970452867377e-16,-2.221497652499238e-13,2.1953105999727994e-13,4.912112672172952e-13,7.339918603466167e-15,1.768550343210033e-13,3.296416252851486e-10,-1.83936208486557e-11,6.388086148945149e-12,1.9940671336371452e-13,-8.288747466167479e-13,1.4921347878213098e-09,3.5970228531856385e-13,8.170570266917791e-09,2.3823882126331832e-09,-2.805830336590394e-13,-2.9216346934350196e-13,1.33217360753779e-13,4.231303455763206e-13,-2.293359576318229e-13,-3.291367178803739e-16,-1.3247206109845421e-14,1.1952283607286062e-14,1.0354902713061165e-13,-2.112864281681818e-15,-5.103477936548492e-13,-1.332712902997931e-11,-7.389826350845396e-12,1.5364712169230189e-12,1.2267577176316991e-13,4.963464824333149e-14,2.0685551462943402e-10,-7.74692159380419e-13,6.368331355197873e-12,5.424854639575946e-10,2.4157402062537544e-14,2.7090219535212217e-14
27.162032476755684,-1.5868859929805504e-12,-4.760901598880688e-13,3.179774665795776e-13,7.403302508072566e-16,-2.5265762815251946e-13,2.530185838622856e-13,7.059725248836913e-13,6.9096840517775726e-15,-3.511862208445867e-13,-7.024382292295645e-16,5.055883952239289e-12,4.343421286591126e-10,1.4176437801438624e-11,-7.784695077026677e-13,8.9567058438199e-10,-7.514176009810254e-10,-1.7835183310438748e-16,1.0223900746992295e-12,-2.358433216162664e-13,7.309559934076413e-13,2.319255898441952e-13,2.4600304104818002e-14,6.823900554022877e-15,2.519804255369651e-12,1.7033312865452194e-14,2.0077555592310975e-12,-2.192486212573428e-12,-3.5834074725603706e-11,1.445881175204944e-14,-4.34345039609726e-10,-1.417523650543151e-11,-1.4347093150858373e-10,5.566735437251472e-14,3.5338915256620886e-11,-2.3169430241574973e-13,-2.27949497916695e-14,-2.5193253041809978e-12,-1.4654943925052066e-14,-5.070758627804632e-12,-1.5868859929805504e-12,-4.791507042985662e-13,3.17984098311778e-13,7.402909304084678e-16,-2.5526674107823057e-13,2.530188503158115e-13,7.059315976221114e-13,6.9101639919392595e-15,-3.3218157113878987e-13,3.1582700709501903e-10,-2.5477493181824683e-11,9.155917268799385e-12,3.61708316631848e-13,-9.196347387311714e-13,1.9949330043197923e-09,-4.889786492379145e-13,8.128909027376808e-09,3.6182399298922974e-09,-3.0393433140633403e-13,-3.153441859489921e-13,1.5069184326292155e-13,2.080114747116113e-13,-1.3646802206797779e-13,-3.4754791637207443e-16,2.7175506289722763e-14,-1.2938733418010883e-14,1.032965002423225e-13,-2.637352142231819e-15,-3.595535721008976e-13,-8.97780410014093e-12,-9.238101483788342e-12,1.7771235150121356e-12,1.3083578664918604e-13,4.585005985990875e-14,2.1930385156433341e-10,-8.937919306582776e-13,3.0052806831103535e-12,5.483764553559922e-10,2.3455556073803675e-14,2.6901530771524425e-14
28.368096047762684,-1.6415282096578684e-12,-3.6573813607295355e-13,2.4559874134411077e-13,7.070210736315197e-16,-2.582964953035116e-13,2.5922570756620187e-13,9.384154964209302e-13,6.742170479319872e-15,-8.265487849712372e-13,-6.984073935452983e-16,4.796882798382048e-12,4.0877328622283995e-10,1.197250631967961e-11,-8.814890428795247e-13,9.897190898623522e-10,-8.509421562447668e-10,1.5641988686519173e-16,1.0538369147223396e-12,-2.2174929851005108e-13,7.115779219087878e-13,2.3026025530725747e-13,2.6158855080802963e-14,7.034000968435443e-15,2.511621133491236e-12,1.7058793056464163e-14,1.946856634433122e-12,-2.1282102157357557e-12,-3.3719280597673534e-11,9.510982857767006e-15,-4.0877604485627e-10,-1.1971456811976644e-11,-1.3789185360676046e-10,5.5701215455170364e-14,3.3229775520374274e-11,-2.300925224549104e-13,-2.5148776128852763e-14,-2.5115642901265795e-12,-9.769962616701378e-15,-4.807265696626928e-12,-1.6415282096578684e-12,-3.6876362704182e-13,2.4560241248157884e-13,7.069822158256578e-16,-2.611443505884381e-13,2.5922641810893765e-13,9.383813903696136e-13,6.742659093098939e-15,-8.063504234693634e-13,3.034947440028191e-10,-3.758468665182591e-11,1.2344833066890714e-11,5.622723620035686e-13,-9.853747447626423e-13,2.5296031935795327e-09,-1.5870599105738403e-12,8.092873185010499e-09,4.947722231918306e-09,-3.1434697437641526e-13,-3.257888634792631e-13,1.576703929454896e-13,4.3818682016194545e-14,-6.027415603663637e-14,-2.328026660336491e-16,9.339365392158073e-15,-2.234463447603474e-14,9.752881169333705e-14,-1.590504348595682e-15,-4.2158111076181135e-13,-6.503978511318565e-12,-1.001553755486384e-11,1.82229697998082e-12,1.341126676379645e-13,4.548206718653821e-14,2.1339488315931683e-10,-8.873741585285755e-13,3.1904354502191145e-12,5.170977720088862e-10,2.3618167606838843e-14,2.6769749611466052e-14
29.627711919708684,-1.6402294337562276e-12,-3.178380817795793e-13,2.141140598155289e-13,6.322100828959343e-16,-2.5174813345074653e-13,2.526278741754595e-13,1.1834742963401368e-12,6.3052427862198e-15,-1.2863893061876298e-12,-6.6889420691759705e-16,4.27698154670253e-12,3.606311726210057e-10,6.837447275032105e-12,-8.957788275128837e-13,9.907657352715828e-10,-8.646877966731223e-10,-4.4530385223893915e-17,1.0339618626312879e-12,-1.9521529096076117e-13,6.540371442106371e-13,2.1949109196839345e-13,1.5596730842948585e-14,4.3707404104573386e-15,2.346853000797523e-12,1.645684168936974e-14,1.9945180231624727e-12,-1.9331627501938125e-12,-2.9716487668518017e-11,6.419235802634926e-15,-3.606341512681449e-10,-6.836406440946519e-12,-1.2517838810264e-10,5.1191747213661766e-14,2.9257423357405565e-11,-2.1935565478825927e-13,-1.3999072426405726e-14,-2.346329797355094e-12,-6.661338147750939e-15,-4.284572696633404e-12,-1.6402294337562276e-12,-3.207394646172664e-13,2.1413454713107664e-13,6.321702420801027e-16,-2.544027211115463e-13,2.5262867353603723e-13,1.183433369078557e-12,6.305722726381487e-15,-1.2671497036838748e-12,2.920705204208692e-10,-5.408073775470257e-11,1.5878197245910997e-11,7.95712367107626e-13,-1.027871121550561e-12,3.08734288780194e-09,-2.8817482254639426e-12,8.062474632836147e-09,6.3368001216683e-09,-3.1446810433433113e-13,-3.249635976976251e-13,1.5970864677046965e-13,6.371504065090978e-14,-4.926571743150513e-14,-1.9492925792026957e-16,2.8645788519021665e-14,-3.518189350959489e-14,8.633136872049363e-14,-1.7551064768195346e-15,-2.1197289849321048e-13,-5.50329180744787e-12,-9.822542779147626e-12,1.7631890614211444e-12,1.324012544046127e-13,4.199173416393383e-14,1.961898344041211e-10,-8.476154077664139e-13,1.907054225543804e-12,4.5706046355083646e-10,2.16899024782502e-14,2.46211558085907e-14
30.943257951443588,-1.590793237878548e-12,-2.8570260231693584e-13,1.9305771796022478e-13,5.782210936907303e-16,-2.275555743835866e-13,2.28662155876691e-13,1.4220847788237733e-12,5.942170945109441e-15,-1.7539908488591513e-12,-5.988300061543657e-16,3.560822932809534e-12,2.9847574276652167e-10,7.88119569605783e-13,-8.269133171893058e-13,9.060065872689026e-10,-7.979653974625005e-10,1.958106918524267e-16,9.4162095084583e-13,-1.6128571346691154e-13,5.629330980689128e-13,1.957323192414151e-13,1.3981817364659181e-14,3.972596117615848e-15,2.0969630908469268e-12,1.5049937853175503e-14,2.0952234394008518e-12,-1.614801252044788e-12,-2.4572385470047838e-11,4.178171842071181e-15,-2.984788229584497e-10,-7.871090931810265e-13,-1.072107439477178e-10,4.53718837921727e-14,2.4169994171471486e-11,-1.9557931120982308e-13,-1.201690287930403e-14,-2.0963500382152027e-12,-4.440892098500626e-15,-3.566036355096003e-12,-1.590793237878548e-12,-2.888029371206358e-13,1.9310106106710615e-13,5.781813685231303e-16,-2.301987933606142e-13,2.286632216907947e-13,1.4220438515621937e-12,5.942659558888508e-15,-1.7316817017369128e-12,2.810886750618617e-10,-7.257331162691116e-11,1.951706281033694e-11,1.0458666110935156e-12,-1.051982205050687e-12,3.631298052950601e-09,-4.268038613503e-12,8.03703150452955e-09,7.683122286531821e-09,-3.0697180908312307e-13,-3.1634338667115476e-13,1.5322162520240803e-13,2.321829395413033e-14,-3.1163693847702237e-14,-2.465028181575235e-16,3.559387784513035e-14,-4.0225511810376704e-14,7.212349828478182e-14,-2.14737949644217e-15,-2.868546289391816e-13,-4.7376185345153014e-12,-8.809001883491875e-12,1.583646991321075e-12,1.2735384302686724e-13,3.880278043322249e-14,1.6878333356274642e-10,-7.566427139785864e-13,1.7250585411507359e-12,3.7750069736830483e-10,1.88155220570696e-14,2.2247610293365157e-14
32.31721758481953,-1.5993327958282085e-12,-2.6981676152596873e-13,1.8267473459824637e-13,6.580548606027748e-16,-2.066371962428093e-13,2.0820793977804897e-13,1.7794559425965417e-12,6.787906463764e-15,-2.380693331360817e-12,-5.491821758026798e-16,2.67368303423036e-12,2.2474122833740436e-10,-9.40400535220931e-12,-8.500547090591985e-13,9.108117520226531e-10,-8.204452549441675e-10,-5.935307551106377e-17,8.724201469947565e-13,-1.1926183554934132e-13,4.594766105060411e-13,1.7830181775480014e-13,3.5628572096638617e-14,8.893555230137507e-15,2.185295356890843e-12,1.659011798682484e-14,1.7268256271080624e-12,-1.2532043803323011e-12,-1.8160150386054654e-11,2.771293033017782e-15,-2.2474437622585834e-10,9.404998481399307e-12,-8.951172654172693e-11,4.675730004582375e-14,1.7819931576857314e-11,-1.782662288184883e-13,-3.382076789742268e-14,-2.185351344548935e-12,-2.812564995717063e-15,-2.677117786712794e-12,-1.5993327958282085e-12,-2.728735163752087e-13,1.8270499187641084e-13,6.580128802946561e-16,-2.094168394251028e-13,2.0820909440999457e-13,1.7794150153349619e-12,6.788386403925687e-15,-2.3574216356792022e-12,2.6577617973089217e-10,-9.976211003959179e-11,2.4702467271708884e-11,1.396742845827248e-12,-1.1099506499097819e-12,4.439818022272152e-09,-6.174136289033294e-12,7.995671554759726e-09,9.716586646391079e-09,-3.019177038006878e-13,-3.117269405568853e-13,1.6657831364286224e-13,3.970079080299153e-14,-1.320420513669281e-13,-2.94701300399917e-16,4.385987684152326e-14,-5.012932569048445e-14,5.643954636980197e-14,-1.7262291133561074e-15,1.6279955161735415e-14,-4.153601670016845e-12,-8.181996236089617e-12,1.4241784640489642e-12,1.2530762205642532e-13,4.4841214075219683e-14,1.3820458989119628e-10,-6.907102114653979e-13,4.3496600784578015e-12,2.7684906219368105e-10,1.8946073009062924e-14,2.3402832044957153e-14
33.752184532845696,-1.5733043571645549e-12,-2.4786762272318206e-13,1.6826990171618186e-13,5.670733558652922e-16,-1.6934791347011924e-13,1.7094361481895247e-13,2.2311837710731195e-12,6.9325361423677734e-15,-3.197540839513143e-12,-4.3927082763656704e-16,1.3438093230770203e-12,1.1510548611820412e-10,-2.7188529205801615e-11,-8.059754156513548e-13,8.416459176972967e-10,-7.778025137541692e-10,-1.6493257063091787e-16,7.288995282141775e-13,-5.957605210194209e-14,3.0797231689925363e-13,1.411093464298574e-13,2.265902648318752e-14,5.797708308215585e-15,1.80573399675472e-12,1.6899257263804222e-14,1.8070332038075544e-12,-7.005550981299369e-13,-9.16496852570099e-12,1.4874531005052798e-15,-1.1510863400665808e-10,2.7189504987756852e-11,-6.30335916564547e-11,3.4139533029302253e-14,8.917130599808504e-12,-1.4125701476574992e-13,-2.118443703464937e-14,-1.805186833528479e-12,-1.4802973661668755e-15,-1.3455903058456897e-12,-1.5733043571645549e-12,-2.5083484918771624e-13,1.6829257987183156e-13,5.670313755571736e-16,-1.7185470824188086e-13,1.7094468063305612e-13,2.231131475127768e-12,6.933001626500494e-15,-3.1749095796840265e-12,2.461563174923261e-10,-1.3583339750766755e-10,3.140280568914022e-11,1.848964075179538e-12,-1.1635640599176137e-12,5.461112492454514e-09,-8.695987506468494e-12,7.948428525774105e-09,1.2265701343494584e-08,-2.8963442755269853e-13,-2.970397076455337e-13,1.8524240590530224e-13,5.111087849248482e-14,-1.833456053645932e-13,-4.822697796669217e-16,5.731852492640854e-14,-6.233935589960993e-14,3.20233084494248e-14,-3.868739819242369e-15,-1.8138356002358098e-13,-3.5618237840632597e-12,-6.88778527546674e-12,1.1422677914652012e-12,1.1809490274572455e-13,4.331340841545739e-14,9.286700607480122e-11,-5.490812611443768e-13,2.725423120178933e-12,1.3351216428721577e-10,1.2364001604943849e-14,1.8621423847342556e-14
35.250867676009115,-1.461375650121018e-12,-1.8917489796876906e-13,1.2943199105090267e-13,4.828310205355161e-16,-9.895302355289459e-14,1.011610351042691e-13,2.728495474002557e-12,6.33795677977093e-15,-4.175429542859395e-12,-2.646318686192409e-16,-4.66247411049873e-13,-2.8930110339851258e-11,-4.632433325824081e-11,-6.496626756041482e-13,6.516480642130655e-10,-6.270727764206502e-10,-2.909132461313951e-16,4.572291956072461e-13,1.8770514858197415e-14,8.38827553928906e-14,8.315570454442422e-14,3.189709316086931e-14,7.683530792751784e-15,1.3377891504245925e-12,1.4524434699354167e-14,1.7572125006840307e-12,1.0316119934444135e-13,2.7821672614304273e-12,-2.9080109269682036e-16,2.8927063996186127e-11,4.632542179722199e-11,-2.3920815174339874e-11,2.3320364419521656e-14,-2.8846692476574476e-12,-8.316092226737931e-14,-3.072362798007628e-14,-1.3372727926346815e-12,1.4802973661668753e-16,4.65701551396099e-13,-1.461375650121018e-12,-1.9215775637348998e-13,1.294814921948273e-13,4.827890980515133e-16,-1.0164171726501081e-13,1.0116210091837274e-13,2.7284318093734327e-12,6.338407807874683e-15,-4.153563774404271e-12,2.232923482855161e-10,-1.769978553056717e-10,3.907057362084743e-11,2.3777124624757563e-12,-1.2008083416503723e-12,6.58729298498487e-09,-1.1711052266827338e-11,7.89992087261743e-09,1.5068896649002756e-08,-2.6547703850058703e-13,-2.708879879668539e-13,1.8370696746224566e-13,3.1959701551897976e-14,-2.246269540743621e-13,-5.032011844245214e-16,7.871899521116888e-14,-6.522151707599733e-14,-6.144063036117587e-16,-3.545023071390337e-15,5.105296925952037e-14,-2.177209050084154e-12,-4.474532033782453e-12,6.41266240108962e-13,1.0429175745230168e-13,3.904735331368888e-14,2.575965280875396e-11,-3.267076279650505e-13,3.859574465074253e-12,-5.8013741958499544e-11,6.985497250089345e-15,1.426517179844063e-14
36.81609617600466,-1.256838892219984e-12,-9.070693825682004e-14,6.418581222078501e-14,1.456957240038766e-16,7.821654435247183e-15,-4.987654733668023e-15,3.3177752811752726e-12,4.51964565310418e-15,-5.391969655950864e-12,3.0882291861299756e-17,-2.957190048391567e-12,-2.2656524353103243e-10,-7.300798854359414e-11,-4.3374260828457943e-13,3.8846291152941054e-10,-4.183568614991708e-10,1.850899122022108e-16,2.4954528770530705e-14,1.2278453447776677e-13,-2.2343641794645458e-13,-1.3211653993039363e-14,-1.8526431633513445e-15,-4.180382750742506e-16,1.714118384621974e-13,9.77571403915344e-15,2.1550896486190055e-12,1.2309208510418926e-12,1.8537006555064627e-11,-2.275324749214288e-15,2.2656206179431552e-10,7.300897733597544e-11,3.033317713520124e-11,-7.758885889203093e-15,-1.8436441004345674e-11,1.3099574593458674e-14,2.9732543206525433e-15,-1.707423091972017e-13,1.924386576016938e-15,2.9588183754943507e-12,-1.256838892219984e-12,-9.375279811744501e-14,6.42447872678531e-14,1.4565339675106277e-16,5.218225851422176e-15,-4.986766555248323e-15,3.3176797842315864e-12,4.520085116384761e-15,-5.367720253464844e-12,1.955001304546992e-10,-2.2562453523278236e-10,4.829112185689155e-11,3.0297132980194876e-12,-1.2163988335108418e-12,7.915862487459171e-09,-1.5471841689762567e-11,7.849803697788512e-09,1.836320961956517e-08,-2.2710204087654043e-13,-2.2630420685546918e-13,1.7759912175156305e-13,9.748271819394934e-14,-1.0843118995277716e-13,-6.608898613554477e-16,5.2660364957546337e-14,-5.898491972633479e-14,-4.6131276576488744e-14,-5.946840242465612e-15,-1.7280399333685637e-13,-2.4932281424601873e-13,-1.2110831448808311e-12,-1.0375700298936862e-13,8.101608273136662e-14,2.3495302925446994e-14,-6.686393041311317e-11,4.411374694354708e-14,-2.959994690381404e-13,-3.1233978366647836e-10,-7.334918263046663e-15,5.239399770521716e-16
38.4508248165277,-9.14970876841892e-13,6.633248024930557e-14,-3.960292834411424e-14,-8.294591865206276e-17,1.5425030142068863e-13,-1.504355751080766e-13,3.983986971434206e-12,2.509422068290116e-15,-6.83940015733242e-12,3.895658049144217e-16,-6.122519158324735e-12,-4.832890185607483e-10,-1.01614133773964e-10,-1.5105978052151438e-13,3.9836700682021546e-11,-1.4555440186470037e-10,-1.6297915083617295e-16,-5.575931628292952e-13,2.626919999356172e-13,-6.487232424372496e-13,-1.3133938381315602e-13,8.44192931953383e-15,1.5029824182394072e-15,-8.797454402672473e-13,3.056003191152905e-15,2.4023467939575485e-12,2.7282674845559614e-12,3.984853790608784e-11,-5.117488464240205e-15,4.832860399136091e-10,1.016153003755016e-10,1.0587289147231024e-10,-3.140317120167914e-14,-3.9462954867721514e-11,1.3112855392445263e-13,-7.185364608243647e-15,8.802492069462773e-13,3.848773152033876e-15,6.126950798564697e-12,-9.14970876841892e-13,6.307108909216671e-14,-3.952713711896649e-14,-8.298974933188911e-17,1.5160708244366106e-13,-1.5043486456534082e-13,3.983943770435872e-12,2.5098644227764903e-15,-6.815419813695674e-12,1.6312114894390106e-10,-2.794724423438311e-10,5.885844984732102e-11,3.811710485024378e-12,-1.20272088584746e-12,9.402459999216453e-09,-2.0041659304359527e-11,7.800661750376766e-09,2.209155998874242e-08,-1.6540227520955852e-13,-1.5999641426548787e-13,1.4338573152879639e-13,8.343890023354561e-14,-8.209177337903384e-13,-6.873982864400811e-16,4.8712087141744577e-14,-6.05179961699065e-14,-1.0507882564070314e-13,-5.085220439182691e-15,5.687373535086711e-14,3.0842784326523542e-12,3.191416908521205e-12,-1.1240572916904057e-12,4.7007944203869556e-14,9.89167081577591e-15,-1.9212517881526788e-10,4.981705423613009e-13,9.433578474245397e-13,-6.493380647990913e-10,-1.832622739903848e-14,-9.810004371335613e-15
40.1581395812115,-2.4691378571380557e-13,3.29843411842982e-13,-2.1439857296930617e-13,-6.937605582605736e-16,4.254616214893758e-13,-4.201625714017609e-13,5.161673470865935e-12,3.1737633354733676e-16,-9.36949315170447e-12,1.131623276744497e-15,-1.3012998086499769e-11,-1.0019211747521278e-09,-1.7452816969409923e-10,1.9998500588946306e-13,-4.3907148364638915e-10,1.9334518554082872e-10,2.26382659902221e-16,-1.6425155592965979e-12,5.341592801152919e-13,-1.4351613405435275e-12,-3.710365348297273e-13,-2.9096449948696215e-14,-7.569800125034969e-15,-3.3683607805221976e-12,-4.411835861884024e-15,2.370301316571563e-12,5.6494517386260975e-12,8.116814713894412e-11,-1.0077677263288972e-14,1.0019181284084627e-09,1.745292148649935e-10,2.4552999486954835e-10,-1.0044081979610976e-13,-8.026788536167366e-11,3.708845771189899e-13,3.084751357677014e-14,3.368405277263563e-12,8.289665250534503e-15,1.3022471989643236e-11,-2.4691378571380557e-13,3.2652091401056774e-13,-2.1432218962521194e-13,-6.93802191623997e-16,4.2306851355533583e-13,-4.20162393766077e-13,5.161625722394092e-12,3.1780134079895104e-16,-9.346251772512914e-12,1.0683822135130564e-10,-3.684544935822487e-10,7.72127123127575e-11,5.136685103934724e-12,-1.0958049282786912e-12,1.196763824990803e-08,-2.840243405050069e-11,7.744911249694984e-09,2.862197826895378e-08,-1.9819470139144832e-14,-1.3253287356462806e-15,1.4010307960073594e-13,8.69014045908519e-14,-4.153553353110813e-13,-1.385421407225825e-15,2.997470605059505e-14,-4.09747957785811e-14,-2.2151965595185175e-13,-1.1539831590301475e-14,2.3877267570545277e-13,8.46775947138667e-12,1.0229814506601542e-11,-2.98863511716263e-12,-2.5322464125565604e-14,-1.2508905948097985e-14,-4.2936754926697263e-10,1.4192213214098831e-12,-3.829824500455692e-12,-1.3374457097370396e-09,-5.331953050376666e-14,-3.69917753835954e-14
41.94126347923942,5.612560416423662e-13,6.559275789186358e-13,-4.322323832184338e-13,-1.9920308458321047e-15,6.763002602383495e-13,-6.691449172535613e-13,5.862345915375044e-12,-1.2267611695001199e-14,-1.1111842468380927e-11,1.8281043056095022e-15,-1.768182359788521e-11,-1.3756468863763801e-09,-1.986405484544207e-10,3.855952979753891e-13,-7.455616563937599e-10,3.729456558391557e-10,1.6980121885721e-16,-2.7191849765860318e-12,7.226099563678719e-13,-2.050936536235079e-12,-5.928590951498336e-13,-1.55404091720786e-13,-3.8381926458608866e-14,-7.05772899910126e-12,-3.304449951982101e-14,3.860791547957986e-12,7.826667963000521e-12,1.0986064771079624e-10,-1.3677878997244338e-14,1.3756438738809779e-09,1.9864174541361912e-10,3.7223528657574317e-10,-1.79793660111917e-13,-1.0853295006904508e-10,5.927536564885594e-13,1.5671527981772782e-13,7.057140150740938e-12,1.1398289719484941e-14,1.7694882596212363e-11,5.612560416423662e-13,6.52832928456822e-13,-4.321421442909923e-13,-1.9920722478990647e-15,6.737820967828157e-13,-6.691445619821934e-13,5.8622913456929384e-12,-1.2267206926190137e-14,-1.1090469342889265e-11,7.070290545622507e-11,-4.2558531276881693e-10,8.852232440403896e-11,6.164400474517606e-12,-9.765669754339493e-13,1.349472017335397e-08,-3.3989320039062854e-11,7.711824875614762e-09,3.244227286813839e-08,7.63678934904514e-14,1.1163250879242526e-13,-1.9503027665068728e-14,2.3509216795503106e-14,-4.705597689280693e-13,-6.873723812361732e-16,-4.6703813039172814e-14,2.3932536508119994e-14,-3.1483715190461226e-13,-7.438297662994604e-15,4.72088383200268e-13,1.4314233946303527e-11,1.4551187632605434e-11,-4.6398682229664705e-12,-9.239741416422476e-14,-9.555474467237701e-14,-6.13767641362058e-10,2.2771322316910564e-12,-1.926946961661675e-11,-1.7922220744518806e-09,-8.434465943960949e-14,-7.784764008191466e-14
43.80356262962903,8.0805417912444e-13,7.832568371668458e-13,-5.187023551419164e-13,-2.820433585755862e-15,7.079506758600473e-13,-7.005599655940387e-13,5.814949872728903e-12,-2.1573041385688127e-14,-1.1168109873930613e-11,2.0056978920120487e-15,-1.7006012339078797e-11,-1.3390076310610249e-09,-1.5049975155001505e-10,3.001202621202385e-13,-6.842942493509894e-10,2.9068923194467783e-10,4.765694062352726e-18,-2.9238982558789434e-12,6.878928951007417e-13,-2.016075452577036e-12,-6.442624211899783e-13,-2.6786680729292276e-13,-6.50102296150184e-14,-8.984042930522745e-12,-5.3410804735331016e-14,5.020249494394262e-12,7.641830082591634e-12,1.0464766004651909e-10,-1.3086482852225911e-14,1.3390045508690968e-09,1.5050084008899622e-10,3.9331007586598493e-10,-2.1655602632853836e-13,-1.0332063370241073e-10,6.440599193292124e-13,2.6945117280913677e-13,8.982873057404978e-12,1.021405182655144e-14,1.7018682759347332e-11,8.0805417912444e-13,7.800110779498936e-13,-5.185775364680012e-13,-2.820473368747578e-15,7.052335604385007e-13,-7.005596103226708e-13,5.81490212425706e-12,-2.1572625052053893e-14,-1.1148025199266461e-11,7.304673393567403e-11,-4.352652467787266e-10,8.806252935755764e-11,6.5442918639746494e-12,-1.0466827404798096e-12,1.3450108004098036e-08,-3.388338568055538e-11,7.677997170123925e-09,3.2160661097198805e-08,3.1194768990161494e-14,7.503326663697388e-14,-2.0851692479155008e-13,-6.637036105890577e-14,-1.0857448273782211e-13,-8.245626403891038e-17,-7.30565025142127e-14,8.274071983116471e-14,-3.129329684270488e-13,-4.026403053562315e-15,8.42980322583268e-13,1.616620769103368e-11,1.3152020983397961e-11,-4.7701320227133694e-12,-9.289138347412518e-14,-1.556419113960909e-13,-6.041325579332786e-10,2.4811047855989588e-12,-3.30356719640621e-11,-1.6973279078532262e-09,-9.589596333449875e-14,-9.977287948372457e-14
45.748552615674036,7.911715727004775e-13,7.964748268326124e-13,-5.286049524026263e-13,-2.6857947578913982e-15,6.670234142802656e-13,-6.599981006161215e-13,5.659335329255555e-12,-2.159523717256325e-14,-1.0877071569363275e-11,1.9670304144534163e-15,-1.5680998166622828e-11,-1.2293372282205681e-09,-1.0454762056077982e-10,2.325990119069076e-13,-6.075286396641418e-10,2.2546039109746138e-10,2.965459226269217e-16,-2.7705720657791677e-12,6.223703722927767e-13,-1.8454173912510796e-12,-6.281641873329136e-13,-2.3699335819389554e-13,-5.720711564894427e-14,-8.739653869101553e-12,-5.580047228063153e-14,4.397615882996256e-12,6.976342689918714e-12,9.46779605619456e-11,-1.2192232900359867e-14,1.229334114180377e-09,1.0454875680465658e-10,3.818422911965818e-10,-2.0660509456713965e-13,-9.345575992667396e-11,6.280295023180366e-13,2.3847977363567274e-13,8.739152180567037e-12,9.473903143468002e-15,1.5692632378735045e-11,7.911715727004775e-13,7.930490634559343e-13,-5.285104502187702e-13,-2.685833846993724e-15,6.643688266194658e-13,-6.599975677090697e-13,5.659283033310203e-12,-2.1594820838929016e-14,-1.0854891267323788e-11,8.375694354375204e-11,-4.391535185277462e-10,8.575768788432469e-11,6.856612344563473e-12,-1.1589484927299053e-12,1.3161677226128442e-08,-3.287088570086416e-11,7.65058376528751e-09,3.133761576161002e-08,-2.2365581608951855e-14,1.9280780675738166e-14,-3.1795397333519067e-13,-8.215356543198974e-14,3.4259054852251815e-14,-2.2449079632262207e-16,-1.080713935008859e-13,9.953123047967693e-14,-2.862650916313214e-13,-2.6863349507818175e-15,7.101334631443024e-13,1.6489987804864845e-11,1.1628617357928306e-11,-4.445426782240247e-12,-7.33639637928718e-14,-1.5374308307928667e-13,-5.532275412972097e-10,2.4209259271747163e-12,-2.931807619993635e-11,-1.548331833115905e-09,-9.28757374826783e-14,-9.375914830402529e-14
47.77990512153967,7.466035197486083e-13,7.779211349164446e-13,-5.170612382698892e-13,-2.589735139298573e-15,6.270056474022567e-13,-6.201615221357315e-13,5.475467332871631e-12,-2.194772720047015e-14,-1.0506482794880867e-11,1.897252899049791e-15,-1.4591966523980204e-11,-1.1382294835657404e-09,-7.561215542573052e-11,1.765258825495781e-13,-5.382540960009575e-10,1.712535977224958e-10,6.13823562687114e-17,-2.6139728435976742e-12,5.695863677353801e-13,-1.7012344375610429e-12,-6.03073146976385e-13,-2.1166778195384306e-13,-5.111657034190302e-14,-8.46340037335471e-12,-5.6573385415096054e-14,3.311574625961855e-12,6.353469217801157e-12,8.671864260270732e-11,-1.1294495431505661e-14,1.1382260310429199e-09,7.561313554449445e-11,3.6682993641136263e-10,-1.9532795061499527e-13,-8.558688641523246e-11,6.030929201135057e-13,2.1258768392665686e-13,8.463260648697072e-12,8.43769498715119e-15,1.460254139828976e-11,7.466035197486083e-13,7.743257886734986e-13,-5.16951340993425e-13,-2.589773534511508e-15,6.242203198780772e-13,-6.201604563216279e-13,5.475401394505752e-12,-2.1947319540453296e-14,-1.0484207753809945e-11,9.730768700440724e-11,-4.4249463826417925e-10,8.298113698401721e-11,7.192529665189795e-12,-1.2279362711827464e-12,1.2782961252818242e-08,-3.174178281328821e-11,7.641438034997182e-09,3.0337351593819527e-08,-5.909125041133242e-14,-1.9884603223256172e-14,-3.7650785267295817e-13,-1.0933028556555277e-13,1.3130356061689479e-14,-4.1851707284952985e-17,-1.137070659851247e-13,1.044458991517061e-13,-2.6509361816806633e-13,9.0029257197403e-16,6.754513985166947e-13,1.6171058329443136e-11,1.0494841262698173e-11,-4.143657861277461e-12,-6.03597527515376e-14,-1.5177939923412728e-13,-5.099360726960587e-10,2.325003362578515e-12,-2.6217254557513202e-11,-1.4265726377971077e-09,-8.812262696176557e-14,-8.83146232648809e-14
49.90145486353978,6.452594014660917e-13,7.307486763844887e-13,-4.861830641781732e-13,-2.5930744819898284e-15,5.737092578783632e-13,-5.673047809295894e-13,5.220401817496167e-12,-2.2876576212064552e-14,-9.976793080568313e-12,1.7741880468318454e-15,-1.3204479176742723e-11,-1.0308451924046489e-09,-5.2835930075545434e-11,1.21342401308227e-13,-4.5945292323798825e-10,1.1749351491729954e-10,3.7776050205448583e-17,-2.4081775702281612e-12,5.105686545382641e-13,-1.5326007581891448e-12,-5.621059173677168e-13,-2.1608825353919392e-13,-5.232707114602407e-14,-8.167936631961295e-12,-5.593074214475433e-14,2.0914994044311914e-12,5.591123934865944e-12,7.772470006107883e-11,-1.0202703843812758e-14,1.0308417737300913e-09,5.283692320473543e-11,3.4184349024308286e-10,-1.8573579514968463e-13,-7.670215883625894e-11,5.620967152017778e-13,2.1679979421424795e-13,8.167716226398982e-12,7.401486830834377e-15,1.3213726409351997e-11,6.452594014660917e-13,7.270827495631238e-13,-4.86048179482168e-13,-2.5931124146098365e-15,5.709637207473861e-13,-5.673040703868538e-13,5.220299499342218e-12,-2.2876185899282457e-14,-9.955753436467299e-12,1.1518908043702444e-10,-4.4328626245260237e-10,7.909634405223187e-11,7.497319529647939e-12,-1.2809753258125056e-12,1.223717189595634e-08,-3.0104372120143275e-11,7.644970261130117e-09,2.8926592676725704e-08,-9.581978728985992e-14,-5.834855746715088e-14,-4.0098332062162475e-13,-1.2994721224994048e-13,-2.3803371126026227e-13,4.404402768424613e-16,-1.0960695129291765e-13,9.875061879327518e-14,-2.4202833515118983e-13,4.774716501806016e-15,4.760295269079506e-13,1.514563336968422e-11,9.303585102315992e-12,-3.766868417187652e-12,-4.79994355373492e-14,-1.533060252819259e-13,-4.5897239497366555e-10,2.1671996879371602e-12,-2.6640966526755567e-11,-1.2787400767895936e-09,-8.185681010334604e-14,-8.599884693261117e-14
52.11720682918039,1.1829418925894213e-12,8.351586681480209e-13,-5.56414529266173e-13,-3.1523199559938913e-15,6.495611160062253e-13,-6.424709653174431e-13,5.04549916513497e-12,-2.686984026482412e-14,-9.85261673728625e-12,2.0528023118278867e-15,-1.5201812031406803e-11,-1.1688747530855857e-09,-5.891426235749009e-11,9.938610264631498e-14,-4.881272855053156e-10,9.713449180795111e-11,5.047354980330094e-16,-2.743062366381587e-12,5.755392932264298e-13,-1.7204584010673792e-12,-6.463718449367661e-13,-2.9794734018029807e-13,-7.1680913991929e-14,-9.65280169287884e-12,-6.310795421551113e-14,-6.451342932735177e-13,6.043452945760891e-12,8.755487291251103e-11,-1.1391621876124155e-14,1.168871402107554e-09,5.891509068794987e-11,3.908981452570447e-10,-2.2550812388459806e-13,-8.640907111281765e-11,6.464289010760932e-13,2.988120592255806e-13,9.65257346371365e-12,8.289665250534503e-15,1.5212719972623745e-11,1.1829418925894213e-12,8.318167488141626e-13,-5.56278105060907e-13,-3.1523593920409117e-15,6.466052582254633e-13,-6.424697218676556e-13,5.045371835876722e-12,-2.686943549601306e-14,-9.832554799989642e-12,1.2814998626708984e-10,-4.59479633718729e-10,7.663425094506238e-11,8.094411896308885e-12,-1.063806820411628e-12,1.173453065982971e-08,-3.0134165995843176e-11,7.730310588811034e-09,2.7810074243461713e-08,-9.701406344930773e-15,3.6155199204894e-14,-4.735633817957533e-13,-1.3036552208115873e-13,7.854339401092147e-15,3.0556668306758183e-16,-1.23856616629503e-13,1.1461347149133162e-13,-2.7480623998599184e-13,3.984486351971128e-16,7.557294641931851e-13,1.662750340377291e-11,1.0433723218739032e-11,-4.241950080086099e-12,-8.824457609080128e-14,-1.8365117297284664e-13,-5.157181142083065e-10,2.4928728786094423e-12,-3.669276316419003e-11,-1.451047874449311e-09,-9.858484543758446e-14,-1.0523930685235605e-13
54.4313438376352,1.2098381555839903e-12,7.964748268326124e-13,-5.316293775573892e-13,-3.0878967207289183e-15,5.946276360191405e-13,-5.880563591631471e-13,4.539056135399733e-12,-2.809654997086112e-14,-8.911592885851861e-12,1.9344031641346936e-15,-1.3525056075103237e-11,-1.0383756185517985e-09,-2.161507084430525e-11,5.932438062207039e-14,-4.2359929221709913e-10,5.8134207324577073e-11,7.090832575320952e-17,-2.53335596185954e-12,5.033279994343497e-13,-1.5268430899451586e-12,-6.052935930256353e-13,-2.879214536588948e-13,-6.904975903963705e-14,-9.403980804915169e-12,-6.538013783361792e-14,-3.7117988547600615e-12,5.020718852432178e-12,7.660859027250914e-11,-1.0040272288338222e-14,1.0383722337255038e-09,2.161587315391289e-11,3.654093809942379e-10,-2.127025630544109e-13,-7.558419006960152e-11,6.054705619252393e-13,2.8865344029668443e-13,9.403344770449993e-12,7.105427357601002e-15,1.3534358818863742e-11,1.2098381555839903e-12,7.935123373196499e-13,-5.314721107652076e-13,-3.0879343064042313e-15,5.918195711274166e-13,-5.880552933490435e-13,4.5388833314063955e-12,-2.8096156766873234e-14,-8.894577755806191e-12,1.5776604413986206e-10,-4.616682417690754e-10,6.910022420925088e-11,8.360439096577465e-12,-1.0412263643881184e-12,1.0598376130199245e-08,-2.7179288333845086e-11,7.782013499277634e-09,2.494554488900273e-08,-2.8203226791016315e-14,1.52782878940864e-14,-5.34721445362892e-13,-2.0313255152023164e-13,7.191924093300865e-14,4.2859419716971085e-16,-1.2621915179700238e-13,1.2249564695920866e-13,-2.4609065008007747e-13,2.78115493597871e-15,4.1242553076396387e-13,1.571097527630627e-11,9.184805094264448e-12,-3.841637408186216e-12,-7.918458777567139e-14,-1.881439217384558e-13,-4.577686033852906e-10,2.336095563954671e-12,-3.544801488855872e-11,-1.2739196364464078e-09,-9.234479934200345e-14,-9.994215524611328e-14
56.84823443592555,9.870167646160628e-13,6.823635582501689e-13,-4.555188818737103e-13,-2.753551437787808e-15,4.900357453152537e-13,-4.839344924789657e-13,3.930153980036266e-12,-2.597433842084958e-14,-7.68535149594148e-12,1.639167995131155e-15,-1.0793833419657043e-11,-8.311487000000629e-10,1.1984996328706643e-11,4.1660167310485376e-14,-3.488323152710403e-10,4.1113100578292636e-11,2.702004939388501e-16,-2.1053399127345747e-12,3.9575900696122044e-13,-1.2183398669774432e-12,-5.099254352103344e-13,-2.582819758774248e-13,-6.189287057623893e-14,-8.2181822545161e-12,-5.782726676083056e-14,-7.722772283553342e-12,3.5307408760141413e-12,6.023233591476615e-11,-8.013410536985196e-15,8.311452813255055e-10,-1.1984146314203414e-11,3.076827276756363e-10,-1.8212416578801061e-13,-5.9408963536736e-11,5.100142720258424e-13,2.5941643947693443e-13,8.217536929522506e-12,5.625129991434126e-15,1.0800989732236607e-11,9.870167646160628e-13,6.788198447793547e-13,-4.553882604341197e-13,-2.7535889078148893e-15,4.870059910899727e-13,-4.839325384864424e-13,3.930035745725035e-12,-2.5973956781684868e-14,-7.67076168510054e-12,1.933580885330836e-10,-4.617031663656235e-10,5.9958802012261e-11,8.5249212133931e-12,-1.0679990225526126e-12,9.256362498194376e-09,-2.3212789329596362e-11,7.833898769342567e-09,2.1541078846591215e-08,-6.982622813289652e-14,-3.23433872277216e-14,-5.231882115042107e-13,-1.0979561704260732e-13,1.0457010072665677e-13,6.202816038580749e-16,-1.1091187135381375e-13,1.1192077542521161e-13,-1.9843596987811906e-13,5.023620408550755e-15,4.734829417429864e-13,1.3311121923228104e-11,7.547350833192468e-12,-3.130122649963596e-12,-5.4936890592216513e-14,-1.7026273909278207e-13,-3.65339593203274e-10,1.968417399564326e-12,-3.177196144928683e-11,-1.0019724309510518e-09,-7.78537434173443e-14,-8.6852355458041e-14
59.372441145710944,5.09835322108169e-13,5.024048732593656e-13,-3.351979434758808e-13,-2.058243737483127e-15,3.410605131648481e-13,-3.3599736326550555e-13,3.283112164353952e-12,-1.9851620347566268e-14,-6.296128655473391e-12,1.1869223168085466e-15,-7.165754101201571e-12,-5.552689744318025e-10,3.9890174496903796e-11,3.807898730131173e-14,-2.577455995547398e-10,3.7054310237433836e-11,2.36252713039885e-17,-1.4797649233552487e-12,2.568342825237141e-13,-8.093203110266047e-13,-3.667066650336892e-13,-1.9324342890647263e-13,-4.6229312285562056e-14,-6.030656315098622e-12,-4.175060709390491e-14,-1.2051978582989282e-11,1.6781894588708905e-12,3.911382845518706e-11,-5.329341568743873e-15,5.552656573020338e-10,-3.988920305175725e-11,2.2065843558214146e-10,-1.3204433709149487e-13,-3.856176360140718e-11,3.6678377891320724e-13,1.938809588258846e-13,6.029807209698831e-12,3.2566542055671257e-15,7.170264382239111e-12,5.09835322108169e-13,4.990880597688374e-13,-3.351030860206568e-13,-2.058285023901855e-15,3.381558144610608e-13,-3.3599381055182673e-13,3.28303940477781e-12,-1.9851267620459487e-14,-6.281607056735083e-12,2.3152679204940795e-10,-4.5996857807040213e-10,5.0151538744103166e-11,8.595025065005756e-12,-1.1532167813281073e-12,7.85666601544552e-09,-1.860069043235768e-11,7.8764836998925e-09,1.7965267791926937e-08,-1.3500654298207829e-13,-1.0764787209775287e-13,-4.4405598989549767e-13,-1.096346162003196e-13,1.9762325109695666e-13,5.985323348056681e-16,-8.89238849222096e-14,8.987008359717663e-14,-1.3374602758631227e-13,5.139904705557067e-15,5.511537892743945e-13,9.97558042096595e-12,5.47879608348012e-12,-2.145512212337053e-12,-1.5062653346831213e-14,-1.2814335241066269e-13,-2.43234063381626e-10,1.4163289139591806e-12,-2.374070017968019e-11,-6.527306103028726e-10,-5.5579171184353776e-14,-6.388178325443065e-14
62.00872907625803,3.3180125313947427e-13,3.710738383233547e-13,-2.47049314339165e-13,-1.5529194828204733e-15,2.2428139345720412e-13,-2.2004886801596511e-13,2.4281052901642396e-12,-1.6576179086754313e-14,-4.633329808712006e-12,8.330459980754085e-16,-3.9487857428355255e-12,-3.208594636595862e-10,6.91405266373124e-11,3.7246109215753766e-14,-1.890821893347895e-10,3.631493254256195e-11,-8.491009204896783e-18,-9.977698543549306e-13,1.4109675959905497e-13,-4.817569147226102e-13,-2.5479618415147343e-13,-1.398198371494771e-13,-3.356575290510719e-14,-4.392435313209647e-12,-3.1339290262975716e-14,-1.9508560602240682e-11,-1.9158508449681965e-13,2.1558981989814086e-11,-2.9777070566228137e-15,3.2085631577113224e-10,-6.913950315046158e-11,1.5273709187845086e-10,-9.066076214432931e-14,-2.1217601319311905e-11,2.5494907021032104e-13,1.4085792344091425e-13,4.392108066570539e-12,1.6283271027835629e-15,3.951061700036007e-12,3.3180125313947427e-13,3.6801945194990065e-13,-2.469050741638057e-13,-1.5529572997922495e-15,2.2136532606964465e-13,-2.2004762456617754e-13,2.4279597710119562e-12,-1.657583214205912e-14,-4.622597771231085e-12,2.7821709712346396e-10,-4.694331437349319e-10,3.73619968740968e-11,8.685155989951453e-12,-1.0914706175905547e-12,5.936898518019345e-09,-1.3070716384233627e-11,7.98835734913092e-09,1.313442984004117e-08,-1.507864203868318e-13,-1.3156771968188725e-13,-4.1159316695645506e-13,-1.3345898090359279e-13,1.6339309164929243e-13,7.992088472500806e-16,-8.174771415347948e-14,7.576775318263173e-14,-8.000327511581418e-14,7.196974497839885e-15,3.091675656226774e-13,7.38533951031665e-12,3.984678187407553e-12,-1.3730655723520614e-12,7.147207270463697e-15,-1.031368046522374e-13,-1.4475614505520985e-10,9.864161354053436e-13,-1.715089815613022e-11,-3.516185860992967e-10,-3.598220535185511e-14,-4.6147683475476304e-14
64.76207491984752,-1.2367995516626706e-13,1.700148762514194e-13,-1.1129515087304753e-13,-6.695145595333093e-16,7.275957614183426e-14,-6.94404533874149e-14,1.6331614460796117e-12,-7.867554987125066e-15,-2.976351728041967e-12,3.358048002173886e-16,-3.9183008689510263e-13,-5.192228760763111e-11,7.921510669639531e-11,4.530383952821201e-14,-1.0278814836321241e-10,4.378812127707003e-11,1.9531488627345537e-17,-3.4852347020617104e-13,1.2406096821683435e-14,-9.332973670380895e-14,-1.0036416142611415e-13,-5.278612232859756e-14,-1.260492846512502e-14,-1.7995237674831637e-12,-9.485411766953672e-15,-2.6840121447510628e-11,-2.2245354319911075e-12,1.956161331109311e-12,-5.028891076711931e-16,5.191917356744009e-11,-7.921400514698806e-11,5.896088979705381e-11,-3.2814057773624766e-14,-1.8741081038474793e-12,1.0041090409227543e-13,5.376634896513349e-14,1.7991783065186068e-12,-7.401486830834377e-16,3.9124259387790516e-13,-1.2367995516626706e-13,1.667482744475516e-13,-1.1114321315138416e-13,-6.695487914099018e-16,6.960476639505941e-14,-6.943938757331125e-14,1.633025021874346e-12,-7.867190695195111e-15,-2.965665165296135e-12,3.227808823188146e-10,-4.801666364073753e-10,2.5318149710074066e-11,8.700899343239143e-12,-1.0827427843196346e-12,4.174388999841582e-09,-7.501922694164165e-12,8.086058486107564e-09,8.683628038852476e-09,-1.8018003755670975e-13,-1.728356346930582e-13,-2.7806355019458864e-13,-5.231283554489134e-14,3.7649764787299014e-13,5.780894281789036e-16,-4.587758228868921e-14,4.900582717404234e-14,-1.6577530459471744e-14,4.975973337077259e-15,5.729816621169448e-14,3.6263372749090195e-12,2.431625034660101e-12,-3.9560745790367946e-13,4.11614564654883e-14,-4.730590918988753e-14,-2.9122131063241946e-11,3.905857299917048e-13,-6.422066732763833e-12,-2.3713771687046876e-11,-1.1232373538228035e-14,-1.8589116068205385e-14
67.63767634659995,-1.8555971574111632e-13,-4.013903283824523e-14,3.037984678636955e-14,6.05841765644044e-17,-1.3988028513267636e-13,1.418975159594993e-13,-2.884553396143019e-13,-5.150185833358023e-15,6.20881716410319e-13,-2.935001984762857e-16,6.379646810827921e-12,4.143082895728035e-10,1.558084217201383e-10,6.844146680722801e-14,-2.842623898614684e-12,6.576945778115197e-11,-1.7050022344395645e-16,5.095803692660717e-13,-2.1661451702115973e-13,5.292326654435177e-13,9.625633623500107e-14,2.7574163335610653e-14,6.220744653322468e-15,8.008391487651041e-13,5.550028736163296e-15,-4.71991389769403e-11,-6.550203484365083e-12,-3.281592052359016e-11,3.919824534404093e-15,-4.1431113282689094e-10,-1.5580719006647037e-10,-6.29892068288513e-11,4.050509415947169e-14,3.250232124784372e-11,-9.61875029495754e-14,-2.6635403289179035e-14,-8.002606911273537e-13,-4.292862361883938e-15,-6.384374510541117e-12,-1.8555971574111632e-13,-4.3241736117731006e-14,3.0509047140488594e-14,6.054982903958006e-17,-1.4305783224699554e-13,1.4189875940928687e-13,-2.885690264520235e-13,-5.149804194193308e-15,6.304768855140234e-13,4.1698416074117023e-10,-5.340785719454288e-10,-3.18655111186672e-12,8.507267921231687e-12,-8.449478154185878e-13,-1.1266233424214798e-10,4.9462638845865214e-12,8.37172876123586e-09,-2.2485551198769826e-09,-1.8263307532961904e-13,-1.8914684633368022e-13,-2.92851940614236e-13,-4.7058138867110225e-14,1.0039774641275775e-12,1.444944164319395e-15,-3.025196204653469e-14,5.2318005483442675e-14,8.226948011724744e-14,1.2949791701929078e-14,-1.227211517592271e-13,-9.361732130249342e-13,2.217348082922399e-13,1.0148724527425657e-12,7.345590802287915e-14,-2.0016395948137717e-14,1.555605257011806e-10,-3.627651022457268e-13,3.61877183650057e-12,5.963525969339875e-10,2.6457272426135454e-14,9.705105642743295e-15
70.6409618164559,-6.841360811193908e-13,-3.4827583779891333e-13,2.417458233594516e-13,1.987142395076802e-15,-3.4488039091229437e-13,3.4547582572486136e-13,-1.6240255718003028e-12,1.5963752310795462e-14,3.3255976935227713e-12,-1.0436858690542922e-15,1.0456820594602808e-11,7.206079906227415e-10,1.2909687208129128e-10,7.734653123421069e-14,1.1927142337047553e-10,7.407238402892505e-11,-1.8320151608995392e-16,1.4302484354599284e-12,-3.431589637770902e-13,9.528908669872154e-13,3.2096547641913276e-13,2.452507899206968e-13,5.846686369984677e-14,5.846492981896561e-12,5.581176455119095e-14,-6.834255093086189e-11,-9.691382103302282e-12,-5.2193598280557e-11,6.865330786504087e-15,-7.206108677250918e-10,-1.2909562308038858e-10,-1.9341618391775939e-10,1.44822325170987e-13,5.158158138344736e-11,-3.2087558250650655e-13,-2.438068542935086e-13,-5.8467974911898066e-12,-6.5133084111342514e-15,-1.046437011117026e-11,-6.841360811193908e-13,-3.5137380412682737e-13,2.418490889037154e-13,1.9871085101449046e-15,-3.480522536847275e-13,3.4547635863191315e-13,-1.6241119737969712e-12,1.596419177407604e-14,3.3384822017978878e-12,4.860262076059978e-10,-5.912501364946366e-10,-2.350852810195647e-11,8.333327059517614e-12,-5.945051858210112e-13,-3.1425818020199038e-09,1.4100116907389548e-11,8.632423700070675e-09,-9.82102695464467e-09,-1.2155100999796295e-13,-1.503170736031715e-13,1.2098447244035526e-14,2.1112511738863305e-14,2.8996064808476753e-13,3.8233120373358057e-16,4.374696715991888e-14,-2.836623158586349e-14,1.6483994613736285e-13,3.8567413152001965e-15,-2.3889394166568914e-13,-6.203723993773262e-12,-7.308699423447251e-13,2.26036860340173e-12,1.0793399951580796e-13,1.0718618122703323e-13,2.847539258651565e-10,-1.2303357659927683e-12,3.0314193825852884e-11,9.250810488007725e-10,6.720981121181395e-14,6.347272967638373e-14
73.7776008268331,-5.683031822911743e-13,-4.4322708466400703e-13,3.0839935050153147e-13,2.6192733167581156e-15,-3.7616700865328314e-13,3.765636691355212e-13,-2.3630991563550196e-12,2.2696283510000488e-14,4.6857167035341264e-12,-1.2471492886806032e-15,1.023894857787866e-11,7.275778895355071e-10,6.944389507879123e-11,4.3662327322341936e-14,1.843694178808401e-10,4.1443546125760934e-11,-3.5866792328393457e-16,1.5937155456840525e-12,-3.2933926903451774e-13,9.551129267327225e-13,3.785860513971784e-13,3.251967726299459e-13,7.741446401840951e-14,7.32163648277612e-12,7.408809434510059e-14,-8.1006961147097e-11,-1.0696005280394965e-11,-5.015058136212585e-11,7.0418750402571435e-15,-7.275810374239611e-10,-6.94426547515059e-11,-2.2585035693486097e-10,1.7530719941672875e-13,4.95238475551549e-11,-3.783114229868878e-13,-3.245802633379027e-13,-7.32063909565304e-12,-6.3652786745175644e-15,-1.0247062457816961e-11,-5.683031822911743e-13,-4.4668790148231587e-13,3.0857070972463893e-13,2.6192463707201223e-15,-3.795662451011594e-13,3.7656437967825694e-13,-2.363185558351688e-12,2.269672297328107e-14,4.698684582156905e-12,5.211370686690013e-10,-6.434624083340168e-10,-3.476561687421054e-11,8.23285517981276e-12,-1.8676023690507767e-13,-4.900801624983636e-09,1.871654914387122e-11,8.863358345325305e-09,-1.4161476732018249e-08,1.272139800908197e-14,-2.303870057692355e-14,2.0147115457428792e-13,3.6319088477417456e-14,-1.4535335897865782e-14,-4.0138263083614824e-17,6.306321020943529e-14,-5.942284442284062e-14,1.6926961166063846e-13,1.9373854372635908e-15,-3.675571254764994e-13,-7.98875892845293e-12,-7.312337402254343e-14,2.411549360203935e-12,8.730438594284352e-14,1.4751380672528569e-13,2.862535015226037e-10,-1.4540706421047045e-12,4.004645079516492e-11,8.851503234078942e-10,7.751781566182429e-14,8.088827206422419e-14
77.05351461530549,-1.0081898279186893e-13,-4.1230426480372745e-13,2.889446903964199e-13,2.14203111266927e-15,-3.205059329047799e-13,3.2107774217138284e-13,-2.760357347142417e-12,1.8992677800847938e-14,5.275554334123929e-12,-1.124351287134082e-15,8.252306245755866e-12,5.960588391426343e-10,1.7261747586871934e-11,1.0942310425809954e-14,1.9273257758264015e-10,9.93032816470279e-12,-3.1569539711965e-16,1.349587164221216e-12,-2.588530165408741e-13,7.72898379664247e-13,3.3850700020821023e-13,2.455115213138363e-13,5.837945418460134e-14,6.158534082080702e-12,7.204502233957892e-14,-8.742450611540164e-11,-1.0600479075150025e-11,-3.943532838780642e-11,5.977730607962621e-15,-5.960617162449847e-10,-1.726062001661255e-11,-2.026681581045341e-10,1.4533802799679966e-13,3.892075292546272e-11,-3.3827191807216106e-13,-2.445501678736717e-13,-6.156486987490303e-12,-5.1810407815840636e-15,-8.258727035581614e-12,-1.0081898279186893e-13,-4.1585034675032755e-13,2.8905423240151623e-13,2.1420028945007275e-15,-3.2404727789980827e-13,3.2107845271411863e-13,-2.760421011771541e-12,1.8993105699305347e-14,5.287051862978842e-12,5.353863040606181e-10,-6.883521564304828e-10,-4.070980139658786e-11,8.06843672762625e-12,2.524025433103816e-13,-5.882315616513235e-09,2.0783041954075543e-11,9.050193682496017e-09,-1.6632990688473608e-08,1.5512831759897003e-13,1.2558879861993925e-13,2.7457598694713425e-13,4.31697714612748e-14,-3.889321457487919e-14,1.0228854800213109e-16,6.321173029455451e-14,-6.343842950951028e-14,1.3506905816029758e-13,1.0380816576708677e-15,-4.207322490401566e-13,-8.068551930288474e-12,1.11940607894212e-12,2.0257104438314853e-12,4.1628140934335536e-14,1.2224934028045217e-13,2.3163424666722147e-10,-1.301258634265473e-12,3.0289341213728627e-11,7.073814127049142e-10,6.518957249013191e-14,6.610296077874666e-14
80.47488733750892,4.1851966336992064e-13,-3.5543052945286034e-13,2.5156268179671314e-13,1.7871953916781536e-15,-2.7212081477046015e-13,2.73119304949887e-13,-3.166533133480698e-12,1.6543317641707726e-14,5.853750432531039e-12,-9.7917015761205e-16,6.815150295954216e-12,4.980961442760051e-10,-1.206673649889467e-12,-1.0471585982589164e-15,1.7708794500248537e-10,-1.5825304030177754e-12,-1.8586477775185997e-16,1.134608812919525e-12,-2.092003895696477e-13,6.35510700911269e-13,2.9320990080350384e-13,1.8781045872861113e-13,4.477174349609116e-14,5.242782709958357e-12,7.079176176311569e-14,-9.439129930011393e-11,-1.0704705622508352e-11,-3.185978612712693e-11,5.110188169612136e-15,-4.980990213783555e-10,1.2077318312098129e-12,-1.754989093864327e-10,1.1983380797975579e-13,3.143124003962162e-11,-2.9271855393146057e-13,-1.8731502220111023e-13,-5.240687329068949e-12,-4.736951571734001e-15,-6.820914203823729e-12,4.1851966336992064e-13,-3.5911871994661244e-13,2.5173179096782406e-13,1.787177234905772e-15,-2.7572468752623536e-13,2.7311877204283517e-13,-3.16660589305684e-12,1.6543722410518788e-14,5.866210509945328e-12,5.463448663552602e-10,-7.390743121504784e-10,-4.663252184400335e-11,7.696999091422185e-12,6.648666802296551e-13,-6.813979251641878e-09,2.293295761623959e-11,9.216624566348864e-09,-1.9120117637309402e-08,2.742502521376385e-13,2.500249081845614e-13,2.7000163678921517e-13,7.47412354229482e-14,-6.872843035428863e-15,2.223406643982647e-17,5.722904372618131e-14,-6.040038469379284e-14,1.1056997095693077e-13,-1.587688314153013e-15,-2.4550293649857245e-13,-7.484050001949072e-12,2.145316102541983e-12,1.7074526681426506e-12,5.7343640946783124e-15,1.034923535758736e-13,1.903420057228792e-10,-1.1260420764228063e-12,2.3191248201218456e-11,5.802736069426828e-10,5.4161203878281644e-14,5.4068436649197986e-14
84.04817774137396,9.563431528173775e-13,-2.841261448338628e-13,2.042845892447076e-13,1.5994311199548269e-15,-2.1609594114124775e-13,2.1751915824097523e-13,-3.5061293601756917e-12,1.471916338813273e-14,6.301949421564738e-12,-8.035470521891328e-16,5.225227657964145e-12,3.9583011665148735e-10,-1.0286355101030153e-11,-8.552397553654754e-15,1.5125695834727892e-10,-8.47655279301307e-12,-5.1810328342450926e-17,8.95126763712554e-13,-1.5771783104329786e-13,4.889330219762557e-13,2.390310172017962e-13,1.741355274007816e-13,4.170312509185079e-14,4.50538845750886e-12,6.812185413798805e-14,-1.0078042894276772e-10,-1.0701420799465541e-11,-2.408368078609191e-11,4.4896269861538496e-15,-3.958330952986266e-10,1.028740460873312e-11,-1.4276521708649842e-10,1.0187175804614264e-13,2.3751130261506512e-11,-2.3852615846017833e-13,-1.7381149216147993e-13,-4.503140638607136e-12,-4.440892098500626e-15,-5.2303346838774205e-12,9.563431528173775e-13,-2.874628535209922e-13,2.0447762002125575e-13,1.5994118067001277e-15,-2.1962023311061784e-13,2.175177371555037e-13,-3.5062930692220107e-12,1.4719539244885854e-14,6.3119083885491516e-12,5.517154932022095e-10,-7.917056791484356e-10,-5.150659490027465e-11,7.1307476900983605e-12,1.0897416302668717e-12,-7.559024620710514e-09,2.466795170907865e-11,9.367035555922034e-09,-2.1213092319764353e-08,3.8840310597384094e-13,3.675687532123106e-13,2.367211866342404e-13,1.1945089362086492e-14,-2.752453080271759e-14,-2.4067414727824145e-16,4.1927522564932926e-14,-5.139636771733791e-14,8.703452181180182e-14,-2.9070496010419332e-15,-3.9641842401276033e-13,-6.3696158273766435e-12,3.169043338857591e-12,1.3499942497219308e-12,-2.6675479602999984e-14,9.011738114998261e-14,1.4651515143245783e-10,-9.17496872747392e-13,2.142321490800209e-11,4.4027063476429856e-10,4.4636006407231904e-14,4.743354580644121e-14
87.78013135972485,1.477203914745928e-12,-2.0845618564635514e-13,1.53403097632084e-13,1.2282458614990924e-15,-1.57160684466362e-13,1.5878782733125263e-13,-3.780760380323045e-12,1.046481766982706e-14,6.629852578043938e-12,-6.107469656288457e-16,3.7230496463536156e-12,2.972278250082326e-10,-1.2920636782709494e-11,-1.0574886356245421e-14,1.1844290016364373e-10,-1.0194314528335881e-11,-3.4817201720232317e-16,6.343717399392818e-13,-1.110860434646562e-13,3.485567777558273e-13,1.8063328610651297e-13,1.3769339653395997e-13,3.313966932516952e-14,3.3971369698557735e-12,6.122710545607922e-14,-1.0532531632632886e-10,-1.0608824301258784e-11,-1.6969888027096056e-11,3.557701008793934e-15,-2.9723087135189774e-10,1.2921755679351499e-11,-1.0823298276137669e-10,7.833857111383764e-14,1.673317815058993e-11,-1.8025056273962559e-13,-1.3726524113679242e-13,-3.394442227639676e-12,-2.960594732333751e-15,-3.7273887680081925e-12,1.477203914745928e-12,-2.1172089266959422e-13,1.5339196579589043e-13,1.2282236570386e-15,-1.6066792341007384e-13,1.5878640624578111e-13,-3.780996848945506e-12,1.0465158832110669e-14,6.643464682080473e-12,5.519948899745941e-10,-8.411938324570655e-10,-5.536367098102346e-11,6.336849764920771e-12,1.5172929579421179e-12,-8.11720055512418e-09,2.6039448375314578e-11,9.49417587501223e-09,-2.2928096162407503e-08,4.85959975963605e-13,4.69876082487275e-13,1.8438452153990426e-13,5.03074841044319e-14,2.071516291834996e-14,-1.9512539732128669e-16,4.496543415388743e-14,-3.72801595149852e-14,6.194085244715097e-14,-1.7602007814273197e-15,-1.2126596023639043e-13,-5.346131122981509e-12,4.150570021010935e-12,9.818450052989647e-13,-5.758693077950738e-14,6.46727578897573e-14,1.0432461096549327e-10,-6.931451398094202e-13,1.6941717326112645e-11,3.1530570746933034e-10,3.4062586374191314e-14,3.6748781101492155e-14
91.67779324426061,1.9336817332534414e-12,-1.392133223513762e-13,1.0672375575874564e-13,8.588382320133073e-16,-1.0495568858459592e-13,1.0661409532985999e-13,-3.9922906580613926e-12,6.7225507568065745e-15,6.866563732425372e-12,-4.33444335043681e-16,2.3185805127686385e-12,2.0638423219743455e-10,-1.3329892745161942e-11,-8.816521249563028e-15,8.583367427311078e-11,-9.308294875628084e-12,-2.002350115817172e-16,4.0163758840618965e-13,-6.943815677490233e-14,2.2460796142883518e-13,1.2756462552943049e-13,9.633216665329749e-14,2.3361417892372436e-14,2.366364455154878e-12,5.550918441783489e-14,-1.0803979358068467e-10,-1.0406852073626595e-11,-1.061042726548273e-11,2.7160890724020614e-15,-2.0638731238936262e-10,1.3330933579247528e-11,-7.651275446551864e-11,5.4919880049113644e-14,1.0456958296683381e-11,-1.2718842092810517e-13,-9.576356624435066e-14,-2.3621021807560084e-12,-2.6645352591003757e-15,-2.322290508042594e-12,1.9336817332534414e-12,-1.4201191333995666e-13,1.0669628143962958e-13,8.588206534820841e-16,-1.0811049833137076e-13,1.0661125315891696e-13,-3.992754500359297e-12,6.722920831148116e-15,6.881873559905216e-12,5.478970706462861e-10,-8.847913704812527e-10,-5.828769644722342e-11,5.318179319147021e-12,1.938721775710898e-12,-8.503273124386947e-09,2.7081527992356413e-11,9.599888941298259e-09,-2.4264447044212527e-08,5.689556233553124e-13,5.576494821468713e-13,1.3677823341532818e-13,-5.818900916665371e-16,5.789739058551883e-14,-1.3369305662536134e-16,2.4983431989866746e-14,-2.646927399485577e-14,3.9027980847095024e-14,-1.2815211854662797e-15,-1.6795335492740075e-13,-4.357085951293508e-12,4.858338797930628e-12,6.550038733621477e-13,-8.39622771309223e-14,4.221456517683464e-14,6.707234251206142e-11,-4.890711858933361e-13,1.1858203494226751e-11,2.0247270526851935e-10,2.3804612794831036e-14,2.5841525100323004e-14
95.74852126495772,2.1865661133565102e-12,-1.5376523757974307e-13,1.1708583732191376e-13,9.115754447582466e-16,-1.2623786460608245e-13,1.278678496419161e-13,-4.499697752180509e-12,6.321939499676077e-15,7.741618901491166e-12,-5.001700966174674e-16,3.1596484687905027e-12,2.5902775859191664e-10,8.300304887853827e-13,2.7239073747347627e-15,8.548213256070408e-11,2.4594523948293398e-12,-3.6923156236813766e-16,4.754795226185297e-13,-9.097131962460886e-14,2.808638334825705e-13,1.467714838554457e-13,1.0463761312246974e-13,2.5164889422709857e-14,2.647018483032688e-12,6.215635503388246e-14,-1.2577646460324326e-10,-1.2234367812443571e-11,-1.393335059732593e-11,3.608324215230903e-15,-2.590305679977412e-10,-8.293019049254724e-13,-8.793777820123891e-11,6.386465973157333e-14,1.3744922512820945e-11,-1.4647849177085864e-13,-1.035683588360636e-13,-2.641373509069027e-12,-3.2566542055671257e-15,-3.1638395607084626e-12,2.1865661133565102e-12,-1.56434036095258e-13,1.1708915318801398e-13,9.115590227093406e-16,-1.2952341421623714e-13,1.278642969282373e-13,-4.500243449001573e-12,6.322298009194446e-15,7.758277812778639e-12,5.508462587992351e-10,-9.890645742416382e-10,-6.561740519828163e-11,3.0847149901092053e-12,2.6668563653705253e-12,-9.303390512751892e-09,3.078364299580194e-11,9.740365297101356e-09,-2.7243913791608065e-08,6.258529805514001e-13,6.13012973715854e-13,1.2134165200405888e-13,3.1669970349904964e-14,1.2519194569904357e-13,1.6153004859612945e-16,2.4934188047609495e-14,-2.7274413283429056e-14,4.699231226368283e-14,8.398143291898919e-16,-1.9293414273609718e-13,-4.8816824952761336e-12,5.518813850358128e-12,7.895152975834208e-13,-8.835968401399441e-14,4.199816420561812e-14,8.381925644518857e-11,-5.625057711289294e-13,1.292874732806957e-11,2.7428252262022096e-10,2.946950987634904e-14,2.8176540961544205e-14
100.0,2.5746908309069265e-12,-1.3872825851043065e-13,1.0798591650503416e-13,8.985485966395145e-16,-1.0841176845133305e-13,1.1020020451724122e-13,-4.879821062786505e-12,6.915446224923608e-15,8.345038319627444e-12,-4.563058248761535e-16,2.3475203262772007e-12,2.167898651922597e-10,-8.509998261629903e-12,-2.4724327041721525e-15,8.128524859380488e-11,-2.328538596508957e-12,-5.418504741331628e-16,3.8876602041031683e-13,-6.760983891603561e-14,2.2213497191540778e-13,1.325606291402437e-13,9.825986404228257e-14,2.389589380804048e-14,2.538622342921993e-12,6.99948391832973e-14,-1.4357757081910042e-10,-1.351757949516694e-11,-1.032652000085998e-11,3.0105403124129162e-15,-2.167928776876619e-10,8.51096103315907e-12,-7.89463980299665e-11,5.757050544205617e-14,1.0174187074225365e-11,-1.3226904651848087e-13,-9.762185019475851e-14,-2.53284448995321e-12,-2.6645352591003757e-15,-2.351304336419465e-12,2.5746908309069265e-12,-1.4147758520266507e-13,1.0789638812032838e-13,8.985300929224376e-16,-1.1162910595885478e-13,1.1019949397450546e-13,-4.880294000031427e-12,6.9157584751492845e-15,8.360666470252909e-12,5.440786480903626e-10,-1.0999152436852455e-09,-7.109129001037218e-11,1.7947968444786965e-13,3.666820920974108e-12,-9.789375305212331e-09,3.360167352695065e-11,9.904417577497681e-09,-2.9559146241808776e-08,7.28515211119903e-13,7.167684964078565e-13,1.358254423285595e-13,6.053208304971728e-14,4.445060615883752e-14,-6.797525505438291e-17,4.657290664233926e-14,-3.0735645972779223e-14,3.8743905861338137e-14,-1.8260393197522264e-15,-7.8580342233181e-14,-4.859854622433583e-12,6.5425410866737366e-12,6.690669351883116e-13,-1.0512053449929226e-13,4.2673364841760986e-14,6.638947789449661e-11,-5.081908201545748e-13,1.2123802599263688e-11,2.073867004052469e-10,2.5623620702093972e-14,2.638564280260658e-14
104.44025524245689,2.961453674880469e-12,-1.3860699255019427e-13,1.0875401320239083e-13,9.871517954914329e-16,-1.1368683772161603e-13,1.1577228065107194e-13,-5.376341505325399e-12,6.544469827174382e-15,9.17158710459868e-12,-4.795518676666794e-16,2.681595686245449e-12,2.4223482298615046e-10,1.3029854972756993e-12,4.1860744712395196e-15,7.882299172935604e-11,3.664352771832253e-12,-3.2549229861451493e-16,3.8986049903395554e-13,-7.357970821778091e-14,2.359699967724191e-13,1.3844481117075702e-13,1.1899385474110148e-13,2.884427047266248e-14,2.740124124782201e-12,7.920047501483283e-14,-1.7226659739301864e-10,-1.6086488672646076e-11,-1.1265923594533507e-11,3.3412039049847872e-15,-2.422378693298156e-10,-1.3020140521291523e-12,-8.248433764716327e-11,6.527292639097871e-14,1.1107032606311573e-11,-1.3818926471870219e-13,-1.1831074484263246e-13,-2.735882631828475e-12,-3.4046839421838135e-15,-2.6858515411731787e-12,2.961453674880469e-12,-1.4105599651278074e-13,1.0860006227630948e-13,9.871464756727732e-16,-1.170747054857202e-13,1.1576943848012888e-13,-5.376914486987516e-12,6.544735818107365e-15,9.191414089097331e-12,5.325612922509511e-10,-1.2579839676618575e-09,-7.819307938916608e-11,-4.6480818127747625e-12,5.176984766800766e-12,-1.0256456356051617e-08,3.7763656784983723e-11,1.0086559137180855e-08,-3.253444447182119e-08,8.182472292321089e-13,8.049862628330592e-13,1.1592676471550156e-13,3.335774619491379e-14,1.048761077981908e-15,2.4306482752460095e-17,3.5641407880593336e-14,-3.02032912569139e-14,4.345622528489912e-14,-4.638650574761982e-16,6.669627813001474e-15,-4.983545901874701e-12,7.904236554168164e-12,7.067001206451095e-13,-1.1144152267661411e-13,4.1867527963053894e-14,7.067958621476909e-11,-5.301609303474952e-13,1.46735385219187e-11,2.332664431984692e-10,2.942439983795915e-14,2.95238110579558e-14
109.07766915109553,3.4641874554116233e-12,-1.1229227917889754e-13,9.19987049504319e-14,8.328035020858474e-16,-8.585629984736442e-14,8.823839436900016e-14,-5.7479519455228e-12,5.245705490356892e-15,9.74008192618688e-12,-4.07879433680928e-16,1.5848341157938724e-12,1.9058508159175964e-10,-8.309464227806984e-12,-2.752970016302777e-15,7.223192915708745e-11,-2.7006175074006933e-12,-6.391800895373466e-16,2.4721483892493566e-13,-4.530532925561567e-14,1.6124617790862185e-13,1.1679546219056647e-13,9.67596264038039e-14,2.380809866258074e-14,2.289448048147093e-12,8.776982234330527e-14,-1.9972941504075027e-10,-1.8212124297348278e-11,-6.935950521934966e-12,3.2771004515365818e-15,-1.9058809408716184e-10,8.310314242310213e-12,-6.952320663611289e-11,5.32637106002226e-14,6.825496240554817e-12,-1.164834423578523e-13,-9.613522303443224e-14,-2.284241684919748e-12,-3.4046839421838135e-15,-1.5890992225801408e-12,3.4641874554116233e-12,-1.1448454036629604e-13,9.193333501874198e-14,8.328002639353589e-16,-8.948290997068398e-14,8.823661801216077e-14,-5.748579496867024e-12,5.245977263701462e-15,9.761121570287894e-12,5.087815225124359e-10,-1.4225253835320473e-09,-8.344795787706971e-11,-1.0969815775752067e-11,7.141925569461212e-12,-1.0332044883736756e-08,4.1267388811716543e-11,1.0287899991097257e-08,-3.4862750908359885e-08,9.423609115266628e-13,9.314235493995682e-13,1.2014375605495787e-13,4.914024742674883e-14,-8.210558159286544e-15,-6.263878304935134e-17,3.6211018905607514e-14,-2.9482856434004387e-14,2.9878322038712213e-14,-1.6342945515409232e-15,-9.094947017729283e-15,-4.823474834362666e-12,9.711038728710264e-12,5.34021182829747e-13,-1.313350139753311e-13,3.3323251565538686e-14,4.8292945869666996e-11,-4.4711077288456247e-13,1.1928955719926082e-11,1.539923744076077e-10,2.3515149607615063e-14,2.4611581580606206e-14
113.92099607392682,3.928707729509521e-12,-7.178944845994313e-14,6.464067799546076e-14,6.675740978530816e-16,-5.638867150992155e-14,5.88524784461697e-14,-6.009968274156563e-12,3.2899955907754e-15,1.0108730445305506e-11,-3.174039623503546e-16,6.751728805672504e-13,1.4738346044950736e-10,-5.7073790138417735e-12,-1.5871515136107245e-15,5.5159532420029973e-11,-1.6816794870224941e-12,-4.630824107592113e-16,1.0072948701587521e-13,-2.2567542150265718e-14,9.48175646525072e-14,9.00390872971002e-14,7.947090140796281e-14,1.9797937625264265e-14,1.8296340033511377e-12,9.152803400395343e-14,-2.1797446377828477e-10,-1.9582250622204354e-11,-3.4924001675092366e-12,3.0815103796201968e-15,-1.4738650679317248e-10,5.707986167058365e-12,-5.347117424762497e-11,4.2172683392599704e-14,3.4276457641194716e-12,-8.999081319537028e-14,-7.829569711051698e-14,-1.8244641910184855e-12,-3.700743415417189e-15,-6.794564910705958e-13,3.928707729509521e-12,-7.405560609186068e-14,6.430932823301798e-14,6.675828871186932e-16,-5.994706953060813e-14,5.885318898890546e-14,-6.010495781083591e-12,3.29026736411997e-15,1.0130133887287229e-11,4.781410098075866e-10,-1.5538185834884645e-09,-8.701317710801959e-11,-1.78866321220994e-11,9.114901426225212e-12,-1.0139491107195702e-08,4.406882844754101e-11,1.0448380401969705e-08,-3.6531446312437765e-08,1.040835010771938e-12,1.0321262363296077e-12,9.158039488791718e-14,4.066953440684529e-14,-2.2839212003115486e-14,-7.681263033039916e-17,2.025390410942407e-14,-2.456484182733476e-14,1.846899522206513e-14,-1.6694516139873864e-15,-1.0913936421275139e-14,-4.250614438205958e-12,1.1022893886547535e-11,3.5998652947455413e-13,-1.4529064173984807e-13,2.2451577634067613e-14,2.8475413241827738e-11,-3.4528868479710706e-13,9.778983132102558e-12,9.184830673802935e-11,1.845178668422968e-14,1.966247332776024e-14
118.97937907435858,4.331595082618378e-12,-2.7163575092951456e-14,3.4545403574763137e-14,4.2798334320970354e-16,-2.346496330574155e-14,2.5716673235365306e-14,-6.1592527345055714e-12,7.517135062566164e-17,1.0283353428045909e-11,-2.1528365852612643e-16,-2.4365694647106767e-13,9.98705183593113e-11,-3.9429570719562435e-12,-2.066459224030358e-15,3.793272601890527e-11,-2.0219936835985663e-12,-7.53925214567911e-16,-5.867737107720887e-14,1.0255039711472196e-15,2.43611655396129e-14,6.050715484207103e-14,5.236475704775272e-14,1.338567842158401e-14,1.2004039945332961e-12,8.981357241987711e-14,-2.264728993455188e-10,-2.007524041562921e-11,1.1525664144015578e-13,2.7566563036892275e-15,-9.987356470297643e-11,3.943520857085936e-12,-3.590421748491915e-11,2.8137104781947598e-14,-1.3353659263630953e-13,-6.039874817734964e-14,-5.153640822464409e-14,-1.1946954537962557e-12,-3.1086244689504383e-15,2.396601435824171e-13,4.331595082618378e-12,-3.009290594491176e-14,3.4041865622687814e-14,4.279761730193362e-16,-2.6784618967212737e-14,2.5715607421261665e-14,-6.159625627333298e-12,7.540264708912522e-17,1.0303726109365622e-11,4.4271970788637796e-10,-1.6486505046486854e-09,-8.891183824744076e-11,-2.5089211703743785e-11,1.1030228582361208e-11,-9.722128218760022e-09,4.610577891694945e-11,1.0574493957234502e-08,-3.753757482627407e-08,1.1215411932496977e-12,1.1157471243213497e-12,6.008209554875244e-14,2.49312126499035e-14,-9.05420923421237e-15,-2.4854192777941837e-17,2.473250632073487e-14,-1.6544346448377212e-14,6.552056674991036e-15,-5.942237442842687e-16,-1.7328905717780193e-13,-3.623669423783819e-12,1.166881702374667e-11,1.6583499018452131e-13,-1.5619264104316244e-13,6.133010765907443e-15,7.287607210199958e-12,-2.3154763696686675e-13,6.4286655765002295e-12,2.8113807578241296e-11,1.2440050436527776e-14,1.2983581224035311e-14
124.26236719115043,4.634113833409022e-12,-1.2854191785057385e-14,2.4887706710311855e-14,3.3748698280433587e-16,-1.2732925824820996e-14,1.5262457964126953e-14,-6.264108378672972e-12,-1.325548467286571e-15,1.0432753091057141e-11,-1.8462561863761225e-16,-6.753209103038671e-13,8.803703024037675e-11,-8.967826481409702e-13,6.860590413672165e-16,3.0091207303684087e-11,5.526443500356335e-13,-6.242950848877924e-16,-1.1830772924496247e-13,1.0246971230188582e-14,-3.445241508102775e-16,5.162537064506978e-14,4.119799487935468e-14,1.084646224921154e-14,9.813514265430962e-13,9.209028287851602e-14,-2.3748649806020304e-10,-2.099490208861464e-11,1.4494865256385183e-12,2.7024552300830562e-15,-8.804004273577894e-11,8.97467863913981e-13,-3.064107609615816e-11,2.35315505029624e-14,-1.453049566973362e-12,-5.1499481220317056e-14,-4.063447571558476e-14,-9.770115273344274e-13,-3.700743415417189e-15,6.714628852932947e-13,4.634113833409022e-12,-1.571625792469907e-14,2.4312877637081936e-14,3.37480043910432e-16,-1.6189005691558122e-14,1.5264234320966352e-14,-6.264472176553681e-12,-1.325282476353588e-15,1.0454429381449397e-11,3.9910276730855305e-10,-1.7526792362332345e-09,-9.020914149004967e-11,-3.439996362430975e-11,1.339664971548397e-11,-9.011876309794093e-09,4.848865406414937e-11,1.0694930578916402e-08,-3.828017725027166e-08,1.1887470637480153e-12,1.1839549710993917e-12,4.6336522581865346e-14,5.29676302818416e-15,-4.131000726677788e-14,2.7207865590147168e-17,1.40194397757476e-14,-1.6807559510834125e-14,1.892743739517755e-15,-6.517240451013132e-16,1.0162087467809519e-13,-3.4412854195882875e-12,1.2217969924677163e-11,1.031253304972779e-13,-1.5848684142838466e-13,-9.6136062074e-16,7.931639841042979e-14,-1.9724445601138063e-13,5.102590278064298e-12,7.376617835082774e-12,1.0708416213941104e-14,1.0539329825531852e-14
129.77993346475662,4.9147500883843044e-12,3.5167128468553225e-15,1.4073009424464544e-14,2.611195981661041e-16,7.275957614183426e-16,1.758948542374128e-15,-6.278187356656417e-12,-2.1209191810219373e-15,1.0426932324965795e-11,-1.5106582033700216e-16,-1.2889411760141911e-12,6.974840759155762e-11,-1.305622276959184e-12,6.511236380315724e-16,2.4429966151891712e-11,3.739292825994451e-13,-6.175272032688287e-16,-1.8744576356787422e-13,2.17526255406208e-14,-3.284920784997384e-14,4.207745263329343e-14,3.072501927339853e-14,8.4068974610449e-15,7.817873310767987e-13,9.413590672325749e-14,-2.4493610142568775e-10,-2.1569391005101627e-11,3.241851231905457e-12,3.056140048784036e-15,-6.975145393522275e-11,1.3062814718800553e-12,-2.4801505371035367e-11,1.8183683155373615e-14,-3.2261015564398445e-12,-4.180062871360357e-14,-2.985642880321929e-14,-7.759762277957868e-13,-3.552713678800501e-15,1.284898113832848e-12,4.9147500883843044e-12,5.580128951502653e-16,1.3792818738996478e-14,2.611195981661041e-16,-2.154365574824624e-15,1.7614354419492884e-15,-6.278442015172914e-12,-2.12071101420482e-15,1.0450397288271537e-11,3.478489816188812e-10,-1.846160739660263e-09,-9.017549018608406e-11,-4.5054512156639247e-11,1.601245358529013e-11,-8.01835910330505e-09,5.059392488293568e-11,1.0807077767552322e-08,-3.851012782736992e-08,1.2540870194162797e-12,1.2503686974696393e-12,4.0046079878101416e-14,-6.3359983926147835e-15,-1.145243307594986e-13,-3.486100297322991e-18,2.011582983518778e-14,-1.7011651809450968e-14,-2.848850044756546e-15,-1.7721935030579062e-15,-1.4745940764745076e-13,-3.188809690376123e-12,1.2577038432937115e-11,2.1043433662271126e-14,-1.5854993762332014e-13,-5.74105577892207e-15,-9.401058742844536e-12,-1.6007003665260977e-13,3.7915651439142224e-12,-2.4756493151774823e-11,8.199994502855468e-15,8.222670229892279e-15
135.54249376408254,5.168264335016678e-12,1.1035202381511529e-14,9.170027700141266e-15,2.4799791849735203e-16,5.820766091346741e-15,-3.362288225616794e-15,-6.191730790305883e-12,-2.4925779033383812e-15,1.026783138513565e-11,-1.4114487635620725e-16,-1.6883161535474756e-12,6.782081671331514e-11,1.3881951144156801e-12,1.8625689821490563e-15,2.09305084838037e-11,2.046202713441087e-12,-5.493309069393913e-16,-2.2132604988441675e-13,2.7599853926855184e-14,-4.862389560756572e-14,3.907985046680551e-14,3.016661160031251e-14,8.384190646660644e-15,7.467333116530539e-13,9.748480604713446e-14,-2.5497797736858273e-10,-2.245806880668326e-11,4.14159662637377e-12,3.106627729949444e-15,-6.782386305698026e-11,-1.3875706139643285e-12,-2.297654736224983e-11,1.7514009668069482e-14,-4.114125061299324e-12,-3.8883542110949854e-14,-2.960865760983158e-14,-7.400502433825926e-13,-3.700743415417189e-15,1.6839862837514374e-12,5.168264335016678e-12,8.504722851891226e-15,9.183291164542121e-15,2.4799537423625394e-16,2.467004378559068e-15,-3.362998768352554e-15,-6.192258297232911e-12,-2.4922425234663593e-15,1.0293661034666001e-11,2.8405338525772094e-10,-1.948443241417408e-09,-8.869665180100128e-11,-5.848225555382669e-11,1.9209540624842703e-11,-6.580167728527666e-09,5.2868980027209744e-11,1.0916794816323495e-08,-3.818195182248019e-08,1.3132025096969831e-12,1.3096287017807147e-12,3.184629065085727e-14,-3.568052520108722e-14,-2.490812297158603e-13,2.812564995717063e-18,2.0724012783635004e-14,-2.0881950335560617e-14,-2.7021940240956612e-15,-2.835602123478035e-15,-2.410767289499442e-13,-2.9356063654025394e-12,1.2973578122910112e-11,-1.206217348226346e-14,-1.516508518761839e-13,-8.279256909678642e-15,-1.3590782246378801e-11,-1.4874099131187424e-13,3.755578313787106e-12,-3.780087354243733e-11,7.95475519945373e-15,7.860767881525306e-15
141.56092644919914,5.410127161079951e-12,2.8861298536260925e-14,-3.02667520675944e-15,1.65393624721825e-16,2.128217602148652e-14,-1.8635759602148027e-14,-6.0139063862152396e-12,-3.6155453631003805e-15,9.939928228656452e-12,-1.0872352562974642e-16,-2.2909822187481646e-12,5.081761569812908e-11,3.4555691641457997e-13,1.0275827257001503e-15,1.6687143565100964e-11,7.902629168338788e-13,-5.379978209457464e-16,-2.9453265936972695e-13,3.9918004302547236e-14,-8.129156262865827e-14,2.9753977059954195e-14,2.0590521136339094e-14,6.094628450486968e-15,5.368221346499601e-13,9.685710899078589e-14,-2.5674395230448947e-10,-2.2531577819641263e-11,6.005015606216719e-12,3.3728445383851557e-15,-5.082059434526832e-11,-3.448890478763289e-13,-1.7474332166441307e-11,1.2568741869245614e-14,-5.957560026699021e-12,-2.952249989612854e-14,-2.0193352261098523e-14,-5.278741333464806e-13,-3.848773152033876e-15,2.2861712523081223e-12,5.410127161079951e-12,2.627965992966589e-14,-2.8362497535757333e-15,1.653813660092614e-16,1.772946234268602e-14,-1.8634693788044386e-14,-6.01450665271841e-12,-3.615233112874705e-15,9.967243386199697e-12,2.1665667494138082e-10,-2.0231585949659345e-09,-8.586939657106996e-11,-7.225324225146324e-11,2.23530468209295e-11,-4.973640517523881e-09,5.4632694201917076e-11,1.101183984610702e-08,-3.7335363837579884e-08,1.3690204525573791e-12,1.3664526917385918e-12,2.5440951428867818e-14,3.005401113161573e-14,-2.0689299162768293e-13,-4.714747111241498e-18,-5.2371260106376385e-15,-1.7277776431789958e-14,-8.269438467323199e-15,-2.259535151575657e-15,2.5672003782043854e-13,-2.6290460179249446e-12,1.300522853853181e-11,-9.970904102374334e-14,-1.47901459968125e-13,-1.284713076662077e-14,-2.353672812205332e-11,-1.1283384166241306e-13,2.5469949538281586e-12,-6.957989739930781e-11,5.6965528937487815e-15,5.653937965958515e-15
147.84659290713026,5.746127277698558e-12,-1.6249638671676317e-14,2.896787994662494e-14,4.548259916840417e-16,-1.0550138540565967e-14,1.326334597706591e-14,-5.1270762924104926e-12,-4.213065081989005e-17,8.529362579186757e-12,-2.2179134207380227e-16,-2.468247828346648e-12,1.1232722069560555e-10,7.970568649540155e-12,8.340676962749946e-15,2.8427771325217284e-11,7.370647302372567e-12,-7.190643927940095e-16,-2.1133286356668124e-13,3.3844858440371686e-14,-5.3224543635481886e-14,6.09512440519211e-14,5.906203478669776e-14,1.5390917729154027e-14,1.2611422909846943e-12,1.263805421719439e-13,-3.273305941903041e-10,-2.9047423830558583e-11,5.105166935187976e-12,4.4789746998091795e-15,-1.1233067321842603e-10,-7.970325788253518e-12,-3.580002806548145e-11,3.100260906163218e-14,-5.081206773168158e-12,-6.07596655280429e-14,-5.810234484941846e-14,-1.2520268156821196e-12,-4.736951571734001e-15,2.4624746686185972e-12,5.746127277698558e-12,-1.8210736622374196e-14,2.930822991705403e-14,4.548132703785513e-16,-1.4011902749189175e-14,1.326334597706591e-14,-5.127676558913663e-12,-4.1864659886906944e-17,8.558708941563963e-12,4.33996319770813e-11,-2.3277243599295617e-09,-7.297912816284224e-11,-1.1103315046057105e-10,3.137786919182872e-11,3.756953404707358e-10,5.988708140503007e-11,1.122456231756288e-08,-3.273097111862929e-08,1.465070842421312e-12,1.4587677362361736e-12,3.820722673427331e-14,5.064226075527737e-14,-1.06762740870181e-12,5.239512527547655e-17,3.0282513996393587e-14,-5.75281836057151e-14,1.9120562910757145e-14,-8.463646450351803e-15,1.622538547962904e-13,-2.8179783839732407e-12,1.6219928511418402e-11,6.193943136167945e-14,-1.0127848781849024e-13,-2.9901544203643956e-15,-1.1766091976697194e-11,-2.3206041038434377e-13,7.275690758220606e-12,-3.453948238529847e-11,1.4322829669973408e-14,1.3662978445387146e-14
154.41135899948313,6.239048537063733e-12,2.2070404763023058e-14,2.7462476737127873e-15,2.58589908745203e-16,2.801243681460619e-14,-2.4571988888055786e-14,-3.952154656872153e-12,-8.335115005605095e-16,6.499855468670527e-12,-1.7437415534219078e-16,-4.1492365099315975e-12,7.974650750051429e-11,-1.6264767310758543e-13,1.1774134425922444e-15,2.693792334257989e-11,8.246489910687969e-13,-7.484523879585008e-16,-4.2590754784748626e-13,6.757191705400263e-14,-1.36646185323014e-13,4.6851411639181606e-14,3.0139466257775226e-14,8.874024193988811e-15,8.193920895261781e-13,1.4139681714008228e-13,-3.734382466826073e-10,-3.288818097861299e-11,1.021374199687015e-11,5.5445376299460376e-15,-7.974985847854594e-11,1.630466595070601e-13,-2.7758659568475095e-11,1.9605293216289567e-14,-1.0142016425651343e-11,-4.68145487653171e-14,-2.89892296263623e-14,-8.127784557312541e-13,-5.921189464667502e-15,4.142464149481384e-12,6.239048537063733e-12,2.071942617476452e-14,3.4804751673315575e-15,2.585700172493451e-16,2.4107293938868678e-14,-2.4570212531216383e-14,-3.9528458728455e-12,-8.333611578592581e-16,6.529899110319093e-12,-1.4367202917734782e-10,-2.5693792849779127e-09,-5.572765076067299e-11,-1.5141558833420278e-10,4.04780801469921e-11,6.327359927994156e-09,6.381973421953901e-11,1.1433744634207617e-08,-2.6574449899878044e-08,1.5863915736602507e-12,1.5824302979083881e-12,4.182867015719201e-14,-3.665860207983466e-15,-8.457372283980173e-13,2.1079434494216304e-17,1.4985375440534908e-14,-4.7180294393545096e-14,1.630127144380822e-15,-6.936164605638358e-15,-2.1076023889084658e-13,-1.590281802540024e-12,1.846183295128867e-11,-1.4931913483451354e-13,-8.897927727957722e-14,-6.48175957351782e-15,-3.771990471906002e-11,-1.787776198781954e-13,3.73497265477451e-12,-1.180661494496841e-10,9.158012889698419e-15,8.534235239795092e-15
161.2676174624066,6.61117235030891e-12,5.83289268737038e-14,-2.2354858704905686e-14,1.4918344337644385e-16,6.057234713807703e-14,-5.719975604279171e-14,-2.8558133635669948e-12,-4.612398426158866e-16,4.608106488982836e-12,-1.298721030846339e-16,-5.493235496108658e-12,5.5157369186947394e-11,-1.513789094076401e-12,3.0839528461809903e-16,1.9873281261369634e-11,2.8434045241788734e-13,-6.968642238645507e-16,-5.834403367130216e-13,9.193953737864242e-14,-2.0097780029351763e-13,3.4083846855992306e-14,1.696801676231001e-14,5.910085489493911e-15,5.664089225879154e-13,1.4508002841240393e-13,-3.8483851914590604e-10,-3.3760434664980576e-11,1.3875619000045421e-11,6.331288936410144e-15,-5.516088940629376e-11,1.5143268583539538e-12,-2.0153149982160556e-11,1.2469388391723988e-14,-1.3763770485099464e-11,-3.4107496015879646e-14,-1.6105127570201278e-14,-5.591685448562316e-13,-6.217248937900877e-15,5.48553794980459e-12,6.61117235030891e-12,5.6617939965993476e-14,-2.1467864523098493e-14,1.4917627318607647e-16,5.6508042689529247e-14,-5.72015323996311e-14,-2.8565227694343775e-12,-4.612398426158866e-16,4.638362346061816e-12,-3.037974238395691e-10,-2.7070287615060806e-09,-3.9564110920764503e-11,-1.8579521565698086e-10,4.7809507464080526e-11,1.1516106518007123e-08,6.662216611719174e-11,1.1583660081394012e-08,-2.076247559064844e-08,1.6739258127766258e-12,1.6713673038163771e-12,3.507906349657179e-14,4.7517086561773186e-14,-7.128420520530199e-13,-5.287622191948079e-17,1.6766878163654298e-14,-3.640522189263251e-14,-1.0131202543561812e-14,-6.294918290331945e-15,1.319373647371928e-13,-4.474713932722807e-13,1.903263182612136e-11,-3.300385742477374e-13,-7.493326847907156e-14,-5.380418333089665e-15,-5.752173930971388e-11,-1.301443761786425e-13,2.1066455360922957e-12,-1.798431033724531e-10,5.5806083134231815e-15,5.682643302677241e-15
168.4283113011666,6.886886616541687e-12,8.294591680169106e-14,-3.944080617657164e-14,1.0363608119826988e-16,8.021743269637227e-14,-7.67727215134073e-14,-1.7670390661805868e-12,1.2418307123359304e-16,2.751282105843226e-12,-9.927233200428293e-17,-6.407818720077785e-12,4.5332572384273673e-11,2.3131496718065137e-12,2.7993497759035456e-15,1.2210381240058195e-11,2.7885101635168516e-12,-6.098652460156544e-16,-6.6292806053019e-13,1.0636920930625601e-13,-2.3923208375538384e-13,2.5646151868841116e-14,1.6397601622942875e-14,5.733270255540717e-15,4.589365788357327e-13,1.410330883684161e-13,-3.755489608557055e-10,-3.293186024718224e-11,1.604380710971803e-11,6.417862479883111e-15,-4.5337446534137884e-11,-2.3128721160503574e-12,-1.499378360667356e-11,1.0221731015080473e-14,-1.5910786899883873e-11,-2.5567872471987663e-14,-1.6105127570201278e-14,-4.5201647984684406e-13,-7.401486830834377e-15,6.399917632885869e-12,6.886886616541687e-12,8.08919746001872e-14,-3.864665624557044e-14,1.0363931934875836e-16,7.637481758138164e-14,-7.677165569930367e-14,-1.7676939023658633e-12,1.2427558981897846e-16,2.7796886570286004e-12,-4.4809033473332725e-10,-2.779182977974415e-09,-2.3553002392873167e-11,-2.1650550479535013e-10,5.392775411413216e-11,1.6308773453157873e-08,6.875014446627858e-11,1.1691426675330838e-08,-1.4932084013707936e-08,1.7343955901102012e-12,1.7322809853226318e-12,1.9139186763217353e-14,-7.292351907513724e-15,-6.914907165385861e-13,-5.762057497804563e-17,1.1175488312531457e-14,-3.1139081591025074e-14,-1.5597549918311415e-14,-5.2778152218972234e-15,-4.9476511776447293e-14,6.046320777386426e-13,1.8486935005057602e-11,-4.3972931962343865e-13,-5.691049409506377e-14,-3.284039706841213e-15,-6.906929808454067e-11,-9.726307216226249e-14,2.0232860152169176e-12,-2.1359506755895077e-10,4.480725686317744e-15,4.75651925254302e-15
175.90695822349824,7.080304490851101e-12,1.0695657692849636e-13,-5.6685678373469274e-14,-6.6090651470081716e-18,9.986251825466752e-14,-9.627498798181478e-14,-9.433097147848457e-13,-3.6831648841939567e-16,1.3407164563735326e-12,-6.243677495232473e-17,-7.159273174295322e-12,2.8824232973356517e-11,2.1431467711607866e-12,2.3376603507868017e-15,6.812461474566453e-12,2.2599206456814297e-12,-5.313464400912404e-16,-7.222157872403534e-13,1.1728667133111284e-13,-2.665406655079006e-13,1.532107773982716e-14,5.522043195992203e-15,3.051809463722152e-15,2.1962344651266306e-13,1.278701095543612e-13,-3.4361201248883625e-10,-3.009581505522167e-11,1.7719675855819652e-11,6.86281453396211e-15,-2.8829174819746615e-11,-2.1428692154046303e-12,-9.064903534595893e-12,5.043456268700914e-15,-1.7570751055679234e-11,-1.5339983515209876e-14,-4.831538271060383e-15,-2.0954737946929297e-13,-7.697546304067751e-15,7.151020516478941e-12,7.080304490851101e-12,1.0434083227058485e-13,-5.5826632205935315e-14,-6.6197047843274956e-18,9.59914814302465e-14,-9.627179053950385e-14,-9.435643733013422e-13,-3.682008401876639e-16,1.367213068685184e-12,-5.537644028663635e-10,-2.7811387553811075e-09,-1.1341762728989124e-11,-2.3909538867883387e-10,5.810376772312035e-11,1.984644345505986e-08,6.99917138136108e-11,1.1760988933416825e-08,-1.0505724882629389e-08,1.7761521882893778e-12,1.7751287476978443e-12,9.147416620465995e-15,-7.283403509935245e-15,-2.403396592853824e-13,-2.15087207304047e-17,-4.929227859218344e-15,-1.4257504898917972e-14,-3.580240104383847e-14,-1.405079756248521e-15,3.637978807091713e-15,1.3489625416696072e-12,1.6935700841713696e-11,-5.394269919634098e-13,-5.627157406706829e-14,-2.0036750036922512e-15,-7.902598472249994e-11,-5.806769995397865e-14,7.129596732606929e-13,-2.41727822943479e-10,2.2858017562077392e-15,2.2683171891727897e-15
183.71767615786374,7.218708593844288e-12,1.1447506646315256e-13,-6.213885702284945e-14,-3.755861362660558e-17,1.0768417268991471e-13,-1.0412577466922813e-13,-1.8553691916167737e-15,4.046531628295232e-16,-2.4253192047278086e-13,-5.179274717889039e-17,-7.67012379535951e-12,2.3802640075756222e-11,2.0644597142904786e-12,2.4630965187979716e-15,4.9658483343891415e-12,2.4135014974212433e-12,-5.809974403110676e-16,-7.265881530473359e-13,1.231242175398069e-13,-2.8361679929653926e-13,1.2212453270876722e-14,2.539080067590946e-15,2.1151666027809093e-15,1.485405134003678e-13,1.1598034379617817e-13,-3.1181742239992486e-10,-2.7322625396080265e-11,1.8617355719079358e-11,7.035780920545964e-15,-2.3807311136042752e-11,-2.064121443212663e-12,-7.374068562561299e-12,3.4755266662662457e-15,-1.8461408112829686e-11,-1.239038439990875e-14,-1.8582839504078395e-15,-1.3844647651913862e-13,-7.993605777301127e-15,7.66142704833328e-12,7.218708593844288e-12,1.1195690300761877e-13,-6.143186700076816e-14,-3.7604872919298295e-17,1.0388703231001272e-13,-1.041208008700778e-13,-2.1100277081131935e-15,4.050232371710649e-16,-2.1464074961841105e-13,-6.61735733350118e-10,-2.7750153094530105e-09,2.4432665668427943e-12,-2.6161833375226706e-10,6.194317355342113e-11,2.358282747377945e-08,7.115361078113835e-11,1.1819859368965744e-08,-5.419224180513993e-09,1.8090617892596583e-12,1.8083664195719015e-12,6.714738718753092e-15,-6.794905379100176e-15,-4.2580647156379805e-13,-1.84297022087776e-17,3.4645633584240443e-15,-1.7834073107181326e-14,-3.0806575068709206e-14,-1.9580633410972344e-15,1.227211517592271e-13,1.9210953420648973e-12,1.5610748960170896e-11,-5.862318630533992e-13,-3.611944521253463e-14,-1.4284869583510348e-15,-8.341523854078544e-11,-4.6763266002558534e-14,3.0512441751962225e-13,-2.5572788331373886e-10,1.6064406749283221e-15,1.5302892055387336e-15
191.87520990478325,7.349945096990495e-12,1.1981076871355375e-13,-6.562027958049536e-14,-4.284396911321172e-17,1.1459633242338896e-13,-1.1100524943685741e-13,1.2988675734959543e-12,2.3687070823304642e-15,-2.419498438636462e-12,-5.0054494398966684e-17,-8.242332742251316e-12,2.182143354900745e-11,1.6073253839010704e-12,2.794229932311253e-15,4.4989764228879165e-12,2.5141925578490527e-12,-5.107339327425311e-16,-7.30634533459445e-13,1.3004213339237672e-13,-2.998392877653717e-13,1.1546319456101628e-14,2.626156882259308e-15,2.0141088024993304e-15,1.4448764262226513e-13,1.068215273381123e-13,-2.85769299918903e-10,-2.5063466153637925e-11,1.96623079575126e-11,7.442835591187543e-15,-2.182532609924623e-11,-1.6066488417454394e-12,-7.0095935229059275e-12,3.3031299187497214e-15,-1.949520648273646e-11,-1.1749878413985781e-14,-1.7343983537139836e-15,-1.376954106429046e-13,-7.84557604068444e-15,8.233413950620161e-12,7.349945096990495e-12,1.1730681611273517e-13,-6.459094000395756e-14,-4.287288117114466e-17,1.1034444469260052e-13,-1.1099956509497133e-13,1.2982854968868197e-12,2.3690308973793134e-15,-2.39469954976812e-12,-7.928038636843363e-10,-2.779974602162838e-09,2.1259256755001843e-11,-2.873884659493342e-10,6.596289144529994e-11,2.8269580578252803e-08,7.238797755659832e-11,1.1880561329176187e-08,1.6302692529279739e-09,1.8422770716360524e-12,1.8416107527841065e-12,7.673485689455953e-15,-9.220194977880662e-15,-5.368737750662452e-13,-2.0664951231689582e-17,-7.326127204887456e-15,-1.9559349972997352e-14,-2.835790269273275e-14,-1.925034206114636e-15,1.4491282248248656e-13,2.6149791665375232e-12,1.4409670257009566e-11,-6.288615850280621e-13,-1.3463932191370986e-14,3.645602338527472e-15,-8.792264074420314e-11,-4.4290417687553596e-14,3.156159789896332e-13,-2.708138898318187e-10,1.5042394413411486e-15,1.4780696921031419e-15
200.39495897155572,7.541225421903165e-12,1.1168594937771559e-13,-5.976280211446768e-14,4.903739451537585e-17,1.102307578548789e-13,-1.0620730961363734e-13,4.589783202391118e-12,7.384047077489224e-15,-7.891018564502398e-12,-8.170592746941281e-17,-9.089062835698769e-12,3.9943658137184594e-11,5.01279573406066e-12,5.740097585135409e-15,6.2643755923315804e-12,5.6309895018418704e-12,-6.991210875109064e-16,-7.13182523872628e-13,1.4741922153289415e-13,-3.384082419972988e-13,1.9984014443252818e-14,1.2771558524594167e-14,4.426649230156702e-15,3.384453931641087e-13,1.1151195680871008e-13,-2.956497905816422e-10,-2.6065514739697056e-11,2.2276754084804304e-11,7.856440649954555e-15,-3.9948803073152366e-11,-5.012431442130705e-12,-1.189599152209533e-11,8.42416756861918e-15,-2.20872415964148e-11,-2.0167434345783053e-14,-1.2512445266079454e-14,-3.324718278795951e-13,-8.43769498715119e-15,9.079551925121146e-12,7.541225421903165e-12,1.0909673164860578e-13,-5.844711381541856e-14,4.9018659501835294e-17,1.0605276656860951e-13,-1.0619736201533669e-13,4.589419404510409e-12,7.384417151830765e-15,-7.870221452321857e-12,-1.0797133048375448e-09,-2.8868671506643293e-09,6.808477337472141e-11,-3.365689917700365e-10,7.269106797972806e-11,3.8716819311280976e-08,7.477160557378681e-11,1.1983491429418083e-08,1.9518665794748813e-08,1.891930316115046e-12,1.89024610778669e-12,8.238780028572515e-15,1.7694038826713645e-14,-1.973834666083955e-12,-5.0951835343463854e-17,2.2407292687987025e-14,-6.900606197568492e-14,2.7416433567850617e-14,-3.570107172852962e-15,3.5530926349262396e-14,4.029667858655254e-12,1.4741999621037393e-11,-6.437829824790242e-13,7.411813385260757e-14,9.669024840045874e-15,-9.404570145899163e-11,-7.625405298514187e-14,1.5707725804556766e-12,-2.98429133257135e-10,4.010958232214534e-15,3.585777508252619e-15
209.29300664290955,7.874902211805572e-12,1.509761204943061e-13,-8.8289198174607e-14,-3.454597718999253e-17,1.57160684466362e-13,-1.5305126055409347e-13,1.0106705303769558e-11,1.7330905229447542e-14,-1.7161558692653974e-11,-7.500921440234138e-17,-1.2200425854776617e-11,3.17768846466523e-11,1.4570289419424398e-12,3.466887030157468e-15,7.29217997714255e-12,3.1991384849858503e-12,-7.363444364152066e-16,-9.35790320586249e-13,1.8801417141513654e-13,-4.2870261604221253e-13,1.709743457922741e-14,6.333136957354296e-15,3.1241945233626726e-15,2.479171395875318e-13,1.2178446199034364e-13,-3.2219130075452676e-10,-2.836702156569129e-11,2.8451969462610072e-11,9.948336461620503e-15,-3.178196188609418e-11,-1.4568554695948421e-12,-1.0491472659770709e-11,5.8626408766058865e-15,-2.821009575808243e-11,-1.7544031006601346e-14,-5.698737447917375e-15,-2.4146767920923906e-13,-1.080617077301819e-14,1.2188768513018052e-11,7.874902211805572e-12,1.488605979223697e-13,-8.663268620997163e-14,-3.459154259329485e-17,1.5313048606913072e-13,-1.5303491807117097e-13,1.0105904948431999e-11,1.7331020877679275e-14,-1.714282310179745e-11,-1.5246992309888204e-09,-3.067031502723694e-09,1.4649922377429902e-10,-4.0815124521031977e-10,8.146503915895664e-11,5.5319750847343664e-08,7.785479899657943e-11,1.2137466359836943e-08,4.950470611220226e-08,1.976951565415182e-12,1.975776949455129e-12,1.3047745754205901e-14,1.6726590483055284e-14,-1.2027053723310626e-12,-4.948634095095864e-17,1.6092326082794983e-14,-4.318932711466772e-14,-1.7774084426491754e-14,-3.051262946011472e-16,1.7037867413212855e-13,7.2407904857148725e-12,1.612097548786551e-11,-8.916941851566662e-13,1.1821612133644522e-13,3.9832859233257526e-14,-1.2411611790010411e-10,-6.610570381024305e-14,8.074398621517931e-13,-3.893371551081752e-10,2.7326159275179822e-15,2.5571833423924476e-15
218.5861503424672,8.12317028457225e-12,1.799586849908034e-13,-1.1000883167374317e-13,-8.865223370217261e-17,1.9117578631266951e-13,-1.8660557543626055e-13,1.4863762771710754e-11,2.735085306386035e-14,-2.5149590025345484e-11,-6.579709582624042e-17,-1.4657737986330705e-11,2.585844817403773e-11,1.1275702593849246e-12,3.4215613560021713e-15,5.105243003036522e-12,3.6190186649933923e-12,-6.732497898409769e-16,-1.0669571332800465e-12,2.151968848596289e-13,-4.863035039259262e-13,1.432187701766452e-14,4.800370276091385e-15,2.712522927513045e-15,2.0112282609583202e-13,1.195819802560756e-13,-3.149246132243165e-10,-2.7708103819103986e-11,3.25548373788225e-11,1.153432998707756e-14,-2.5864134682212638e-11,-1.12716259936807e-12,-8.724695348898909e-12,4.5336949818756e-15,-3.228012172807804e-11,-1.4494360030779807e-14,-4.212110287591103e-15,-1.9640372663519754e-13,-1.1694349192718315e-14,1.4644433813752283e-11,8.12317028457225e-12,1.7731830818471886e-13,-1.0845819057673604e-13,-8.866333593241886e-17,1.873615929071093e-13,-1.8658603551102715e-13,1.4863107935525477e-11,2.7350991841738428e-14,-2.5132067094091325e-11,-1.8756836652755735e-09,-3.160955384373665e-09,2.1408850443549454e-10,-4.6379733248613774e-10,8.715063633720395e-11,6.919467417647803e-08,8.006837554086488e-11,1.2248000062461523e-08,7.539150222631481e-08,2.0379879265656577e-12,2.0370701421986343e-12,1.178304560404501e-14,1.4786927238219503e-14,-4.1006842366186904e-13,-5.1114668053742204e-17,1.7089413217874494e-14,-1.7493170800797485e-14,-6.226514415175188e-14,2.0459559972133928e-15,2.570838357011477e-13,9.941625952099761e-12,1.5767363947816194e-11,-1.067834887180652e-12,1.455748588341521e-13,6.791761597568779e-14,-1.443554320007405e-10,-5.430470526382458e-14,6.011490508195911e-13,-4.494123591787987e-10,2.0356257189139506e-15,2.0591312220134367e-15
228.29193334233327,8.316947130992957e-12,2.0190782379359007e-13,-1.2547166268935446e-13,-1.1575809755193234e-16,2.1263986127451063e-13,-2.0805686062885799e-13,1.931432052515447e-11,3.712155582924481e-14,-3.2607931643724443e-11,-5.728554408359771e-17,-1.5922818619173995e-11,2.317996743060365e-11,2.316341563002311e-12,5.411674677053342e-15,2.107660111253888e-12,5.190138442480298e-12,-4.3830838773126736e-16,-1.1280773140609662e-12,2.373827878451797e-13,-5.461797035316187e-13,1.199040866595169e-14,3.544470965955318e-15,2.3389455477366384e-15,1.6218096501718053e-13,1.1090933501080268e-13,-2.9102669846371815e-10,-2.560333125967368e-11,3.5922169631650705e-11,1.3288663969849198e-14,-2.3186229359248638e-11,-2.3159339029854564e-12,-7.300670484822191e-12,3.635460541305895e-15,-3.560986131290964e-11,-1.2080953099881386e-14,-2.8493687239586877e-15,-1.5697276813291122e-13,-1.3174646558885191e-14,1.5907719586039093e-11,8.316947130992957e-12,1.9965587701638772e-13,-1.2425616091604753e-13,-1.1574121291009949e-16,2.092406248266343e-13,-2.080422945027749e-13,1.931348379002884e-11,3.712169460712289e-14,-3.25904693454504e-11,-2.1707266569137573e-09,-3.2138079404830933e-09,2.7720379875972865e-10,-5.09425881318748e-10,9.063532739143436e-11,8.171249392880994e-08,8.178854815632519e-11,1.2332551486662692e-08,9.962847495141129e-08,2.0839245144325484e-12,2.0831902869389295e-12,7.291337672521436e-15,4.243743134679789e-14,-1.2935762091122645e-12,-4.477899532654798e-17,3.701457196303437e-15,-3.6581809803593043e-14,-3.126785941276466e-14,2.5832114225465828e-15,1.7013614221165577e-13,1.2519982798645893e-11,1.5016667020972817e-11,-1.2068795740560744e-12,2.105571184074506e-13,8.2971777596678e-14,-1.5912976362964993e-10,-4.500170852281271e-14,4.627959392868308e-13,-4.976795272189823e-10,1.6191157211261261e-15,1.665038188343922e-15
238.42867788067264,8.597046038024322e-12,2.370749522621433e-13,-1.509723309330487e-13,-7.812246220299339e-17,2.5793269742280247e-13,-2.525041509215953e-13,2.8754366212524475e-11,5.74315132488105e-14,-4.841713234782219e-11,-7.817732938330928e-17,-1.8929376584727226e-11,3.414802316253771e-11,4.1897041391791845e-12,7.277707082808949e-15,2.8347309067989893e-12,7.467020828815724e-12,-6.846831206784575e-16,-1.3120995373967234e-12,2.9455443252460513e-13,-6.875637010643703e-13,1.6986412276764895e-14,1.3299554340386317e-14,4.68720671163092e-15,3.1334580820774887e-13,1.1726516428239332e-13,-3.0430954884020894e-10,-2.6817028984491115e-11,4.4588828753275754e-11,1.4455997343910027e-14,-3.4155165146019294e-11,-4.189123006814732e-12,-1.030509589698229e-11,7.519092094787712e-15,-4.419338280338834e-11,-1.717479240423425e-14,-1.2264674072691742e-14,-3.0731112102575523e-13,-1.5247062871518818e-14,1.8912871269094467e-11,8.597046038024322e-12,2.345994213707551e-13,-1.49638642218027e-13,-7.815206815031672e-17,2.5420945348741953e-13,-2.524849662677298e-13,2.875382051570341e-11,5.74314669895178e-14,-4.83978510601446e-11,-2.802535891532898e-09,-3.4152064472436906e-09,4.1018247429747136e-10,-5.872761539649218e-10,9.339032658317592e-11,1.065213942892178e-07,8.481890190203956e-11,1.2472044686370428e-08,1.5106146141382246e-07,2.1556093946865456e-12,2.1540654445336336e-12,8.029028830680574e-15,9.688102172352349e-15,-3.063690693731284e-12,-5.4608169837896034e-17,2.1134483052520637e-14,-8.193095750452794e-14,3.453351382631808e-14,1.0448956514845046e-14,2.6545118695745865e-13,1.7807663728793462e-11,1.6402373148594053e-11,-1.494507273491763e-12,3.477873633528361e-13,1.1908344680714815e-13,-1.9526334038050135e-10,-6.415338095824841e-14,1.6582067760348139e-12,-6.146810468029192e-10,3.364513528891777e-15,3.4282198029441286e-15
249.01551974978983,8.879288415641895e-12,2.876428576807181e-13,-1.9009007701242809e-13,-2.0629909817474849e-16,3.181412466801703e-13,-3.1267752831354303e-13,3.8152320485096426e-11,8.128548760015046e-14,-6.418752794464429e-11,-6.411001795354667e-17,-2.4038770973788814e-11,2.6134379213572614e-11,3.236994006172722e-12,7.639559557875986e-15,2.1874863032067537e-13,7.481207011908155e-12,-5.761694318863305e-16,-1.539523594923112e-12,3.4453383298781785e-13,-7.911113624657468e-13,1.2323475573339238e-14,5.6081219089293885e-15,2.8161440345133258e-15,1.7072213897103328e-13,1.130189439319092e-13,-2.934409997228724e-10,-2.5802817675273473e-11,5.213287166302402e-11,1.8492423304455885e-14,-2.6142062769261333e-11,-3.236464915512549e-12,-7.705477845294024e-12,4.332945199474186e-15,-5.168547760324019e-11,-1.2440067964462898e-14,-4.831538271060383e-15,-1.6423307160317346e-13,-1.9095836023552692e-14,2.4018268855267404e-11,8.879288415641895e-12,2.84001089312369e-13,-1.8866780730301494e-13,-2.0637450082183763e-16,3.1398030841955915e-13,-3.1265479094599866e-13,3.8152065826579926e-11,8.128530256297969e-14,-6.41702475453106e-11,-3.3677245179812114e-09,-3.5729724913835527e-09,5.424324626801535e-10,-6.534282874781638e-10,9.329035322025448e-11,1.3046807252130537e-07,8.726327993535676e-11,1.2595145343923631e-08,2.0227222800410041e-07,2.223581689146196e-12,2.2227223765251363e-12,4.8904052104189094e-15,-2.6753266268997323e-15,-1.492100902093322e-12,-4.363916635459949e-17,-2.4268170806251987e-15,-3.9000373763808936e-14,-6.017955911374883e-14,1.0988802460569029e-14,2.4386584603538116e-13,2.346496330574155e-11,1.6989542928058653e-11,-1.7926936379808468e-12,3.733373432623921e-13,1.7025214571475543e-13,-2.3196989548861977e-10,-4.576439054104764e-14,7.133003586516009e-13,-7.225177493334437e-10,1.9980906397025028e-15,1.9132669985359268e-15
260.0724444200114,9.09992229717697e-12,3.2499277343352636e-13,-2.1911101081665645e-13,-2.8670885110493315e-16,3.6416167858988045e-13,-3.587441455010776e-13,4.688856279244646e-11,1.0718389139204494e-13,-7.882869491974513e-11,-5.773651854193169e-17,-2.8264427835248778e-11,2.0981590448794055e-11,2.40168995802037e-12,7.645582903278684e-15,-1.5584466587596306e-12,7.874410999796232e-12,-6.411849864140613e-16,-1.6908640484579462e-12,3.8632775918880515e-13,-8.799033852956517e-13,9.880984919163893e-15,1.807577357913394e-15,1.7459823828970274e-15,1.0188983636774595e-13,1.0354801614459899e-13,-2.668840614051135e-10,-2.341457376514885e-11,5.850710097277887e-11,2.1618821912771508e-14,-2.0989544790586338e-11,-2.4012562771513757e-12,-6.322122609376319e-12,2.586661054615026e-15,-5.8013439013922286e-11,-9.903631192041684e-15,-1.8582839504078395e-15,-9.62616098039942e-14,-2.3092638912203256e-14,2.8240521032785182e-11,9.09992229717697e-12,3.1988633963919713e-13,-2.1786306092508312e-13,-2.8674447076030654e-16,3.5970515455119313e-13,-3.5872496084721205e-13,4.688849003287032e-11,1.0718342879911802e-13,-7.880801907352483e-11,-3.824134667714437e-09,-3.6924611777067184e-09,6.651542207691818e-10,-7.052853470668196e-10,9.091010610973171e-11,1.5215338735711264e-07,8.924057326442636e-11,1.269418246317502e-08,2.4989337058893096e-07,2.278063663633626e-12,2.2775733151310837e-12,4.684181283594786e-15,-8.250407764383757e-15,-7.237673571580671e-13,-3.634130033939679e-17,1.0636039271538778e-14,-1.600391555389713e-14,-1.1614417871896875e-13,8.854213658556394e-15,5.788024282082915e-13,2.8383753184850017e-11,1.6290687199216336e-11,-2.0411022205735206e-12,4.0423969949188177e-13,2.15071849218873e-13,-2.614223049921177e-10,-3.5846380117693366e-14,2.1990080555649104e-13,-8.138248593544025e-10,1.1931269051449848e-15,1.1415405657781244e-15
271.62032476755695,9.287774993538278e-12,3.7071004044264557e-13,-2.510913551153256e-13,-2.9760684657394637e-16,4.1291059460490943e-13,-4.071949888384552e-13,5.652553227264434e-11,1.3101085031645235e-13,-9.498520133395989e-11,-5.973615157216228e-17,-2.869878408991629e-11,2.2471997162827434e-11,2.8362034942830405e-12,9.830250280836975e-15,-3.196228004487267e-12,9.911824447625703e-12,-6.421251204900342e-16,-1.8465657704246183e-12,4.540844444642025e-13,-1.069766045772864e-12,1.0436096431476471e-14,-5.310506119996883e-16,1.0635832538426381e-15,8.037602864894675e-14,9.337736296487864e-14,-2.3803352437339346e-10,-2.082826390344294e-11,6.87392261974056e-11,2.359382266020731e-14,-2.247896990499429e-11,-2.835951959379024e-12,-6.723768918180816e-12,2.062648744044416e-15,-6.812535032220822e-11,-1.0424969806681339e-14,7.433135801631358e-16,-7.385481116301246e-14,-2.531308496145357e-14,2.867321195291576e-11,9.287774993538278e-12,3.6565097616403363e-13,-2.504002338810096e-13,-2.9760013897650595e-16,4.080106918991078e-13,-4.0717083038543934e-13,5.6525241234339773e-11,1.3101089657574505e-13,-9.496391915793841e-11,-4.284394284089406e-09,-3.83513979613781e-09,8.001603418961168e-10,-7.493568409699947e-10,8.520110839072004e-11,1.751507011778263e-07,9.10916758689595e-11,1.2782777513252277e-08,3.0242548139843467e-07,2.32479554126049e-12,2.324418435506459e-12,4.594918195932607e-15,7.753013046378024e-15,-5.398281170225043e-12,-5.752435564924478e-17,3.729472286551072e-15,-1.2366817153663946e-13,8.641336535220034e-14,4.4422798772814076e-14,2.5793269742280247e-13,3.392269718460739e-11,1.556527422508225e-11,-2.418698841211153e-12,5.742913344874978e-13,2.414305792323527e-13,-3.024276436515847e-10,-3.7894329601301235e-14,-6.435276034511316e-14,-9.565444732591761e-10,9.781353967526959e-16,8.820403898009606e-16
283.68096047762685,9.612586282514712e-12,4.896719474345446e-13,-3.415500771097868e-13,-4.131160691311919e-16,5.595211405307054e-13,-5.53430012928402e-13,7.722268492216244e-11,1.9428815038284123e-13,-1.297293541332086e-10,-8.142421842837182e-17,-4.1814958902837894e-11,2.7604747755942032e-11,2.706168622523819e-12,1.3073219445649173e-14,-4.247374057402769e-12,1.3036331273733975e-11,-2.6625301454780524e-16,-2.4121212999201827e-12,6.000981365574913e-13,-1.385195253074433e-12,1.3766765505351941e-14,4.90843747262145e-15,2.3719131503724545e-15,1.8287060507035965e-13,9.815847632068446e-14,-2.4326917330220934e-10,-2.1193234377199393e-11,9.082569321961718e-11,3.183802595839678e-14,-2.7610468112379886e-11,-2.706029844645741e-12,-8.8010039071366e-12,4.093771839362547e-15,-9.004115282830881e-11,-1.3681777607556234e-14,-5.079309464448095e-15,-1.7875367854369796e-13,-3.4046839421838136e-14,4.1781541189796677e-11,9.612586282514712e-12,4.839686577421768e-13,-3.4063063480971325e-13,-4.1314521248558834e-16,5.545473413803847e-13,-5.534026570330752e-13,7.722195732640103e-11,1.9428875175364623e-13,-1.2971122487215325e-10,-5.430666108926138e-09,-4.2799394577741625e-09,1.0891628335230052e-09,-8.224908378906548e-10,6.73438667793865e-11,2.223325366706609e-07,9.444536819280813e-11,1.2942266839351174e-08,4.152525434619747e-07,2.40896561957508e-12,2.4081607078822268e-12,9.311186081421379e-15,-2.353921502162848e-14,-3.8879837423640614e-12,-1.0439057026208806e-16,-1.5926569785218448e-14,-8.421239122702318e-14,-4.438845735421637e-14,4.446091642999287e-14,5.357530123243729e-13,4.6512771708269916e-11,1.824682840378955e-11,-3.209819965377392e-12,6.406833108485444e-13,3.4761101404730727e-13,-4.0241381286652413e-10,-4.9436095408278424e-14,5.968672548838597e-13,-1.263221823440593e-09,1.7588317954841948e-15,1.9417395931882925e-15
296.27711919708696,9.871912176606656e-12,5.892313007886211e-13,-4.171954041491214e-13,-5.548876173359455e-16,6.806658348068595e-13,-6.741796454434734e-13,9.452771337237209e-11,2.5462326691538807e-13,-1.5878467820584774e-10,-8.19536846064847e-17,-5.293317636064406e-11,2.6263002612766993e-11,3.808342530220443e-12,1.6491317378044793e-14,-8.271267544336504e-12,1.6074487420149178e-11,-3.3496679101704334e-16,-2.8450160325931037e-12,7.200474067121964e-13,-1.644593698950079e-12,1.1879386363489175e-14,4.751478414017259e-15,2.2063568064019967e-15,1.581392184244192e-13,9.000242762273448e-14,-2.1794163594061103e-10,-1.8843431774575748e-11,1.089516074258892e-10,4.028628514046612e-14,-2.6268147548734768e-11,-3.808203752342365e-12,-7.82241748228015e-12,3.6018134949384375e-15,-1.080280051459615e-10,-1.1757169673595746e-14,-4.7076526743665275e-15,-1.5421885992005313e-13,-4.2780593882222697e-14,5.289102489314246e-11,9.871912176606656e-12,5.844924544362584e-13,-4.160438512220329e-13,-5.549391964472979e-16,6.759478310414125e-13,-6.741650793173904e-13,9.452680387767031e-11,2.546230818782173e-13,-1.5876570008307073e-10,-6.212542454401652e-09,-4.620850086212158e-09,1.3305114407557995e-09,-8.65067559061572e-10,4.8684114517527634e-11,2.6093339540746586e-07,9.683792656645096e-11,1.3058913552859015e-08,5.096001890099918e-07,2.4716872992769367e-12,2.471007102637183e-12,5.439051986577681e-15,1.928146531327002e-15,-2.9091485960937765e-12,-7.195725496937181e-17,-9.485015550758646e-15,-5.624929792780175e-14,-1.4096144695940894e-13,4.1628552457003326e-14,4.363149249305328e-13,5.7137367548421025e-11,1.922544470289722e-11,-3.869422471325379e-12,6.742845926055452e-13,4.297071957518976e-13,-4.837693036860887e-10,-4.133992410546017e-14,5.798194353513161e-13,-1.5181669255071029e-09,1.5572800572220361e-15,1.6983087390102606e-15
309.4325795144359,1.0085039470197899e-11,6.691455685844024e-13,-4.796900062350081e-13,-7.110687039180164e-16,7.850758265703916e-13,-7.78561926040311e-13,1.0992589523084462e-10,3.1891082367489313e-13,-1.846249991406997e-10,-7.943559682645554e-17,-6.476012318993678e-11,2.2171289194816157e-11,3.851086116668512e-12,1.829877274975917e-14,-1.1538648123396753e-11,1.7804430769214403e-11,-3.144843310333102e-16,-3.20025410834772e-12,8.182101637048895e-13,-1.8419180909183768e-12,8.881784197001252e-15,1.7547687026820775e-15,1.3397398555548577e-15,9.155180087177666e-14,7.745553843468485e-14,-1.821191734406911e-10,-1.556437936684172e-11,1.2376518414776213e-10,4.8530867909415965e-14,-2.2176908006465176e-11,-3.850964686025193e-12,-6.280180850668258e-12,2.1673856406120293e-15,-1.2274460517759043e-10,-8.834607849970977e-15,-1.3627415636324158e-15,-8.962719456392698e-14,-5.10702591327572e-14,6.470957103488217e-11,1.0085039470197899e-11,6.644787238959301e-13,-4.784160031097903e-13,-7.111336982242497e-16,7.796529644110706e-13,-7.785484257283315e-13,1.099248038372025e-10,3.1891008352621005e-13,-1.8460953773076957e-10,-6.741782029469808e-09,-4.9154739826917645e-09,1.5450044884346425e-09,-8.883731788955629e-10,2.940817959521761e-11,2.9469553082044304e-07,9.872369588492802e-11,1.3152820817322505e-08,5.935635272180662e-07,2.5230066184415513e-12,2.522656528114453e-12,2.5184831072463016e-15,-4.4630447485853136e-14,-3.7439633615576896e-13,-3.6296891418411787e-17,-1.599066989932396e-14,3.576310081410128e-15,-3.0180245857991393e-13,1.375769868398417e-14,5.566107574850321e-13,6.647945459311207e-11,1.9803883333224803e-11,-4.40485905528476e-12,6.45515001451713e-13,4.991015008689223e-13,-5.512518606961791e-10,-2.9408929718560683e-14,2.2898316836410935e-13,-1.7271730712309363e-09,9.717675159929643e-16,9.856958999021615e-16
323.1721758481955,1.0296138756397492e-11,8.400093065574765e-13,-6.05467439148318e-13,-8.777585140210912e-16,9.782525012269615e-13,-9.70935332134104e-13,1.3074743037577718e-10,3.898348310826805e-13,-2.1966601101060707e-10,-9.467957819211225e-17,-7.802392065769936e-11,2.7585928121744116e-11,4.944933351680447e-12,2.322285761646417e-14,-1.5174994748444626e-11,2.2840525767027962e-11,-3.4577155959047293e-16,-3.9039095356586865e-12,1.0152021342443023e-12,-2.309257436435299e-12,1.0658141036401503e-14,2.6576727005588685e-15,1.3285036497023755e-15,1.0913217000014907e-13,6.905633154808514e-14,-1.5381237680895298e-10,-1.2864876278660629e-11,1.5364882492933651e-10,5.772227314182476e-14,-2.7592020809074377e-11,-4.945080803175905e-12,-7.681808507199584e-12,2.87403592869103e-15,-1.5236236045433712e-10,-1.0677195889582936e-14,-1.7343983537139836e-15,-1.0815348617769959e-13,-6.024810280299182e-14,7.796415365154037e-11,1.0296138756397492e-11,8.348441345636577e-13,-6.036356599755284e-13,-8.778348418540342e-16,9.739835604705149e-13,-9.709129500379276e-13,1.307467755395919e-10,3.8983418345258276e-13,-2.1965533960610628e-10,-7.529060045878092e-09,-5.3872819989919665e-09,1.8344057025387883e-09,-8.990889182314277e-10,-9.19631778136439e-13,3.386711859791323e-07,1.009108629990152e-10,1.3254946156728278e-08,7.070742261324389e-07,2.575799203559844e-12,2.5753436420454062e-12,2.2433212694868607e-15,-1.9415550648697413e-14,-2.716854889210178e-12,-9.869142540234558e-17,-1.3673895349342047e-14,-3.8505321327264583e-14,-2.790287112475198e-13,6.386631964024521e-14,8.816035309185585e-13,8.042989065870643e-11,2.21301888814196e-11,-5.5165600088002975e-12,7.165385795815382e-13,5.853682353655169e-13,-6.84263808405503e-10,-3.558297319988801e-14,3.1194393247512934e-13,-2.1400114273243767e-09,1.3954780618089895e-15,1.1944163829287943e-15
337.52184532845695,1.0610716749681614e-11,1.135898249534269e-12,-8.252051486579148e-13,-1.2592209682379027e-15,1.3384124031290412e-12,-1.329527421489729e-12,1.6545411199331284e-10,5.293919932055265e-13,-2.781239648660024e-10,-1.1936155358647105e-16,-1.0998651989169161e-10,2.89355260619226e-11,4.622136007270683e-12,3.029818029374249e-14,-2.1192336080444463e-11,2.956693531983332e-11,-2.0693786951819283e-16,-5.248338501195491e-12,1.3892730635151709e-12,-3.136783468630248e-12,1.099120794378905e-14,-2.2056535983641229e-16,5.118144695442947e-16,7.369613871715443e-14,6.654026200873673e-14,-1.3594602174509798e-10,-1.0949913223704003e-11,2.102077168661592e-10,8.300561030617076e-14,-2.8942295714511778e-11,-4.6220232502447445e-12,-8.397198831339776e-12,1.8318173805319714e-15,-2.0847230918296952e-10,-1.0940413072008104e-14,9.910847735508478e-16,-7.360445587093444e-14,-8.615330671091215e-14,1.0990156932659072e-10,1.0610716749681614e-11,1.1324421696675321e-12,-8.238304853117976e-13,-1.259307010522311e-15,1.3343822047318098e-12,-1.3295029077653452e-12,1.6545316611882298e-10,5.293918081683557e-13,-2.7811317219554134e-10,-9.068970878918965e-09,-6.2751583755016325e-09,2.315884194104001e-09,-8.954678196460008e-10,-5.65680124964274e-11,4.099620339328012e-07,1.040313252209657e-10,1.3404449312648877e-08,8.962706488091499e-07,2.6550831903430588e-12,2.6548889013137494e-12,4.40690886560624e-15,-2.741660232175036e-14,-2.4003043108677956e-12,-5.081860858050883e-17,-2.0366651420911096e-14,-2.7643729146042962e-14,-4.443478474058793e-13,5.853521371316598e-14,1.2673505504305164e-12,1.0425865184515715e-10,2.814686013152823e-11,-7.518838174291886e-12,7.431401627400192e-13,7.34975413863026e-13,-9.33865904503258e-10,-3.4564419468946506e-14,-6.86693991049147e-14,-2.9352271724292223e-09,8.839500312274318e-16,7.672060324999859e-16
352.5086767600913,1.0800649263842389e-11,1.2701396675159534e-12,-9.271187669431432e-13,-1.461567903741449e-15,1.516309566795826e-12,-1.506496616343611e-12,1.8577688024379312e-10,6.386892866435308e-13,-3.123015630990267e-10,-1.2522739791836495e-16,-1.270867115247635e-10,2.576055899759822e-11,4.53484472195953e-12,3.3244198530201714e-14,-2.540019699200554e-11,3.278581110303473e-11,1.0727552950475053e-16,-5.871275783220129e-12,1.5792962867699271e-12,-3.5461362528580996e-12,8.770761894538737e-15,-3.2826507345636275e-15,-3.4870045026451797e-16,1.8431430428883683e-14,5.4161742637592196e-14,-9.762854969874013e-11,-7.37203069807549e-12,2.388333975034129e-10,9.860551773970688e-14,-2.5765873174880723e-11,-4.534983499837608e-12,-7.407182506247167e-12,3.34977628297458e-16,-2.36878527129309e-10,-8.832656286060503e-15,4.088224690897247e-15,-1.4145074002407471e-14,-1.0051219116273084e-13,1.2698656940794231e-10,1.0800649263842389e-11,1.2661170482412369e-12,-9.260373208993164e-13,-1.4617441516466083e-15,1.512580638518557e-12,-1.5064784975038492e-12,1.8577593436930328e-10,6.386893791621162e-13,-3.1228676865187784e-10,-9.401266773541768e-09,-6.739050149917602e-09,2.597521961433813e-09,-8.684367639943957e-10,-9.359458393494909e-11,4.5172825149736953e-07,1.0575816611346767e-10,1.3489860998433488e-08,1.007095003539386e-06,2.701567488235431e-12,2.7016992347010196e-12,3.4258475685907303e-15,6.298073174093588e-15,-2.231026504280938e-12,4.855375361027351e-18,-2.227046741465344e-14,-2.6656649457224012e-14,-5.336394792720967e-13,4.346227081934255e-14,8.823311266799767e-13,1.1771747570795318e-10,3.0350565793924036e-11,-8.503977255713836e-12,7.09358118911041e-13,8.18179783183363e-13,-1.0574792721071876e-09,-2.5474685295262534e-14,-4.2518504641555544e-13,-3.3410039179671003e-09,1.3626397464087484e-16,1.6717963818857485e-16
368.1609617600467,1.0884795287324778e-11,1.274020178243518e-12,-9.335458628356718e-13,-1.4965311397515298e-15,1.5295881894417107e-12,-1.5194554947584037e-12,1.9333863747306168e-10,7.050591592043058e-13,-3.2493650602797665e-10,-1.244126933952642e-16,-1.309493624646052e-10,2.4353148224308156e-11,4.7273296388539165e-12,3.410177233191074e-14,-2.6433012800191554e-11,3.3291116776881485e-11,-2.4530184218613745e-17,-5.8687164510774e-12,1.5840139277764556e-12,-3.542842698798129e-12,7.771561172376096e-15,-2.3962305380047446e-15,-3.510520384341828e-16,1.9809606973262327e-14,3.959444429757089e-14,-5.807626276303051e-11,-3.832145584942178e-12,2.3955695308578725e-10,1.0051479324794481e-13,-2.435832700853888e-11,-4.727581173757933e-12,-6.873379180631171e-12,3.9380238638830647e-16,-2.3761313330364936e-10,-7.922455009731766e-15,3.592682304121824e-15,-1.627309398507054e-14,-1.033247561584479e-13,1.3084718493890554e-10,1.0884795287324778e-11,1.2701320883934386e-12,-9.333530689067023e-13,-1.4968059199501246e-15,1.5263537989085308e-12,-1.5194441260746316e-12,1.9333718228153885e-10,7.050600843901596e-13,-3.2492256044254947e-10,-8.721649646759034e-09,-6.834324449300766e-09,2.7022055292036385e-09,-8.360852370969951e-10,-1.1088308345582239e-10,4.680079951487092e-07,1.0650506865328424e-10,1.3527288323821862e-08,1.048377877547561e-06,2.7221092047113873e-12,2.722237620507902e-12,2.4271036569434303e-15,-1.3341920161262048e-14,-6.084898510986628e-13,-9.14823772291129e-18,-2.6829424792929046e-14,7.477132281386023e-15,-5.987513418403978e-13,1.858328306051741e-14,1.0285778747250637e-12,1.220566142971317e-10,2.924953150795773e-11,-8.538677320757415e-12,6.304117050603964e-13,8.297262876766354e-13,-1.0611307181777595e-09,-2.172703206584914e-14,-3.193499683024839e-13,-3.350217288774123e-09,1.7125768396001698e-16,1.8447627684696026e-16
384.5082481652772,1.1041077681757845e-11,1.6554016231869658e-12,-1.2111546728495645e-12,-1.8961734959965782e-15,1.953230821527541e-12,-1.940887628393284e-12,2.2290492779575288e-10,8.464271875989008e-13,-3.74956289306283e-10,-1.6116086488149732e-16,-1.6423038854777397e-10,3.416251021907855e-11,6.655509476871657e-12,4.438031009434345e-14,-3.422786745390896e-11,4.389235888327095e-11,5.890061905375114e-17,-7.441435069401874e-12,2.017135651017703e-12,-4.532109506804385e-12,1.1546319456101628e-14,2.83203804844463e-15,7.601981344488646e-16,1.1247614901127892e-13,3.423848522614373e-14,-2.9277737043239665e-11,-8.547642231396569e-13,3.051161907109851e-10,1.2411919704372922e-13,-3.416680894847268e-11,-6.65607326200135e-12,-9.69178441205069e-12,2.552501946747975e-15,-3.0261880856494106e-10,-1.170344745594909e-14,-1.6105127570201277e-15,-1.0965561793016765e-13,-1.273055734903513e-13,1.6410458177536688e-10,1.1041077681757845e-11,1.651998597177832e-12,-1.2104967102762506e-12,-1.8964385617437076e-15,1.9508092918840704e-12,-1.940873772809937e-12,2.2290310880634935e-10,8.464275576732424e-13,-3.7494246498681605e-10,-9.429578979810079e-09,-7.689045742154122e-09,3.1109382689464837e-09,-7.499841740354895e-10,-1.700170552491424e-10,5.252991815173435e-07,1.0833992036829443e-10,1.3608505738844808e-08,1.2095388228772208e-06,2.762498378198567e-12,2.76221823192202e-12,3.870405153779307e-15,-3.660568144899419e-15,-3.5030846371834438e-12,-2.176037128265307e-17,-2.3988200315017138e-14,-3.327199305999673e-14,-7.244113930937602e-13,7.575458778793139e-14,1.5747597596297662e-12,1.4583541390796503e-10,3.557779564289376e-11,-1.0919563919742358e-11,5.533843250304926e-13,9.574259903407287e-13,-1.3508363420093045e-09,-3.397445085678852e-14,3.4181391126548703e-13,-4.2649404008443526e-09,1.1000358610124828e-15,1.2077737536938156e-15
401.58139581211503,1.1214226584381019e-11,2.0282944509138663e-12,-1.486795042637823e-12,-2.3852457046539636e-15,2.3932443582452835e-12,-2.3791457692823313e-12,2.534521627239883e-10,1.0257098873959572e-12,-4.2662528964380425e-10,-1.8762591521590539e-16,-2.0422643206193433e-10,3.687037125474966e-11,8.345130142473067e-12,5.4200170104360775e-14,-4.351274356261135e-11,5.3318769152907765e-11,3.6100877585350406e-16,-9.072344161469085e-12,2.469253806593089e-12,-5.531297319396973e-12,1.0769163338864018e-14,4.9345544679205575e-17,-8.098234500678696e-18,6.224446224909986e-14,2.7890168217765232e-14,2.2516329081265873e-13,2.1702914622841766e-12,3.7346776833881577e-10,1.5578207014116095e-13,-3.687615930771341e-11,-8.345789337393938e-12,-9.844738835868623e-12,1.495111206008373e-15,-3.70425550698222e-10,-1.0900555089642106e-14,3.716567900815679e-16,-6.058598068287801e-14,-1.5868787765308903e-13,2.0406890991845708e-10,1.1214226584381019e-11,2.0233282308860603e-12,-1.4855288554826985e-12,-2.385514471144508e-15,2.390265763096977e-12,-2.3791404402118132e-12,2.5345121684949843e-10,1.0257091472472742e-12,-4.26614375707383e-10,-9.925663471221924e-09,-8.592009544372559e-09,3.5327248042449355e-09,-6.337705417536199e-10,-2.366446949508827e-10,5.839136826770576e-07,1.1005507616346222e-10,1.3687871807510759e-08,1.3760767008837622e-06,2.803547764311058e-12,2.8035625672847193e-12,2.959958667059226e-16,-7.98140516640918e-14,-3.1075624444080554e-12,-1.5158245029548805e-17,-3.580627738752895e-14,-2.0031050169261323e-14,-9.524026722829148e-13,4.8418676475610786e-14,1.5803379938006401e-12,1.7050188034772872e-10,4.2505052988417447e-11,-1.3349801974982257e-11,4.1895418689819055e-13,1.0630011685700917e-12,-1.6520973736342693e-09,-2.8326299639225283e-14,2.5503011506899257e-14,-5.221895804652377e-09,6.583593623969245e-16,6.927415816907848e-16
419.41263479239444,1.136179150762473e-11,2.4196197045966984e-12,-1.777461970201936e-12,-2.9066901663377108e-15,2.85126589005813e-12,-2.834246970451204e-12,2.834072074620053e-10,1.2292896330497646e-12,-4.773590868959824e-10,-2.1981817882317338e-16,-2.463318623154483e-10,4.04260635806894e-11,9.163503289499886e-12,6.393735969872608e-14,-5.180177274787134e-11,6.249615023021546e-11,2.6434565319482266e-16,-1.0767953724973253e-11,2.935757257449029e-12,-6.5605240878084515e-12,1.1102230246251565e-14,-2.171899612546168e-15,-7.286596320190506e-16,2.851507658754128e-14,2.2303447242520983e-14,2.8648938432774237e-11,5.127076095818272e-12,4.4401794902336574e-10,1.8784873287956694e-13,-4.0431377757971906e-11,-9.163997685690539e-12,-1.0739017699792599e-11,7.426679895371688e-16,-4.404192772751738e-10,-1.1277491527433847e-14,2.9732543206525433e-15,-2.315786451721577e-14,-1.8947806286936006e-13,2.4614221771912526e-10,1.136179150762473e-11,2.4160935178466997e-12,-1.7761680718801169e-12,-2.906927013916298e-15,2.8477188607212156e-12,-2.834246970451204e-12,2.8340575227048246e-10,1.2292883377895691e-12,-4.773400481402253e-10,-1.0124718149503073e-08,-9.504146873950958e-09,3.945882053812966e-09,-4.88121877424419e-10,-3.0729950140084837e-10,6.40750544715597e-07,1.1160636304019533e-10,1.3758750226176022e-08,1.539398302459934e-06,2.8398794427175745e-12,2.8401281326750903e-12,-6.995561537455804e-17,-7.53591263465599e-15,-2.2728784188075226e-12,7.993605777301127e-19,-3.206866439064982e-14,9.13921716083621e-17,-1.2095816259716229e-12,-1.432816828147073e-14,1.9597791833803056e-12,1.9627938551517824e-10,4.9712980398908254e-11,-1.586032567502116e-11,2.4731662051635793e-13,1.1501244401301846e-12,-1.9631948779808525e-09,-2.7042441636676573e-14,-2.6736447478982463e-13,-6.210039297608698e-09,3.4300976411068734e-16,3.273596671515833e-16
438.0356262962902,1.1459725020775599e-11,2.6362007095788917e-12,-1.9417105553050834e-12,-3.2226397476501726e-15,3.1128365662880243e-12,-3.094246281420965e-12,3.0242576031014325e-10,1.3689003634335488e-12,-5.095149390399456e-10,-2.395543994245933e-16,-2.7189374825672036e-10,4.1953567990911475e-11,9.470896289442976e-12,6.846857186154015e-14,-5.6507865516438237e-11,6.768705966090731e-11,4.497525558491627e-16,-1.1724994131789567e-11,3.1977255146135056e-12,-7.132056573229439e-12,1.1213252548714081e-14,-3.180451166392597e-15,-1.1170648716048233e-15,1.3878949260779626e-14,1.63737980413467e-14,5.246492442404007e-11,7.496232520694143e-12,4.836567322352197e-10,2.0727173933181702e-13,-4.195790056856855e-11,-9.471043740938434e-12,-1.1229530037330331e-11,3.4955106113509037e-16,-4.797512258259896e-10,-1.1482297317816359e-14,3.840453497509535e-15,-1.0264566975198341e-14,-2.078337502098293e-13,2.716848968020713e-10,1.1459725020775599e-11,2.6364489258412503e-12,-1.9400265690213322e-12,-3.2228696563348555e-15,3.1092497465579074e-12,-3.094249123591908e-12,3.024232864845544e-10,1.368900918545061e-12,-5.094898369861767e-10,-9.278704722722372e-09,-1.004878431558609e-08,4.207366146147251e-09,-3.4322350984439254e-10,-3.6258957910225336e-10,6.770289135517466e-07,1.1262024646185864e-10,1.3805866396310629e-08,1.6431076801382005e-06,2.8643879860605164e-12,2.8647617611454734e-12,4.099267221964927e-16,-5.797019160998691e-14,-8.191496666161887e-13,1.0036416142611414e-17,-4.0060289807630765e-14,2.613527684200423e-14,-1.247224190592533e-12,2.4477457098252368e-14,2.0640679091836016e-12,2.1261366782709956e-10,5.3698568081017585e-11,-1.7270323837692557e-11,1.4545662452292163e-13,1.1863883949321993e-12,-2.1379417099725224e-09,-2.616445471739781e-14,-4.040761021663914e-13,-6.765369893931468e-09,1.640325606825736e-16,1.5132860242683677e-16
457.48552615674055,1.1545558583255418e-11,2.888433906870584e-12,-2.12995416859485e-12,-3.557399745150273e-15,3.4076947486028074e-12,-3.386912794667296e-12,3.215777542209253e-10,1.5355335521623677e-12,-5.4196376974384e-10,-2.6106967155956295e-16,-2.9780844457150124e-10,4.488753542306113e-11,1.0181439025203076e-11,7.539812958007319e-14,-6.196732941591658e-11,7.394316640467007e-11,4.021335457070868e-16,-1.2811754531015199e-11,3.498723436291204e-12,-7.8014952379383e-12,1.199040866595169e-14,-3.764219697102586e-15,-1.4136220677921421e-15,6.3168258607612315e-15,1.1923875597095462e-14,7.331986449266478e-11,9.631456277521301e-12,5.291444285322001e-10,2.2740575201625593e-13,-4.489237572466239e-11,-1.0181543108611635e-11,-1.2039771186195876e-11,1.5834892277900366e-16,-5.24872135418602e-10,-1.2140313168824968e-14,4.212110287591103e-15,-1.627309398507054e-15,-2.284098835995489e-13,2.975792945392186e-10,1.1545558583255418e-11,2.889377507623673e-12,-2.1291967300385296e-12,-3.5575917212149475e-15,3.4041875096590955e-12,-3.3869206106373894e-12,3.2157469831872734e-10,1.5355320718650016e-12,-5.419334532537808e-10,-8.20706288019816e-09,-1.0626763105392455e-08,4.470418207347393e-09,-1.6958103515207768e-10,-4.218214636845611e-10,7.130795914468594e-07,1.1355583140471026e-10,1.3848042999933858e-08,1.7475631466368213e-06,2.8857760625555782e-12,2.886232734293041e-12,5.600323445727658e-16,-7.20462356440521e-14,-1.839787463116712e-12,1.0376884536829797e-17,-4.709052592311025e-14,1.5039647912468147e-14,-1.4061856745684054e-12,1.8599566331545248e-14,2.2635504137724637e-12,2.2998210624791681e-10,5.825386324431747e-11,-1.889100076368777e-11,-2.596948434074875e-14,1.2381133155751436e-12,-2.3372080498353003e-09,-2.700866873900365e-14,-4.998086970115685e-13,-7.402142898627062e-09,7.49747486317176e-17,6.785515436572946e-17
477.7990512153967,1.1593321858072159e-11,2.8332578949630262e-12,-2.0960650696603504e-12,-3.5468567897526763e-15,3.3549440558999778e-12,-3.3335805227352464e-12,3.247729910071939e-10,1.6466646564812966e-12,-5.472296228011449e-10,-2.5658879668250873e-16,-2.955600764131816e-10,4.2778788641532246e-11,9.917205945342289e-12,7.439704957414492e-14,-6.124493273640397e-11,7.259563320853128e-11,3.796570261270537e-16,-1.2593785437112031e-11,3.4402535729732456e-12,-7.657874657393732e-12,1.1213252548714081e-14,-4.154825297322997e-15,-1.4947253948269505e-15,-3.650077473709595e-15,7.843654679929788e-15,8.250308437255518e-11,1.0405076493603455e-11,5.202695638647478e-10,2.255823961420557e-13,-4.2784001274025914e-11,-9.917188598107529e-12,-1.1411859112008137e-11,-9.436020057056324e-17,-5.160781362979664e-10,-1.123421830822452e-14,4.459881480978815e-15,1.051492226727635e-14,-2.2633746728691526e-13,2.953324991968505e-10,1.1593321858072159e-11,2.8350863582697153e-12,-2.095410896648294e-12,-3.5471005762251667e-15,3.35145955432381e-12,-3.3335876281626043e-12,3.2476949854753914e-10,1.646661140775052e-12,-5.471966384599606e-10,-5.756691098213195e-09,-1.0627321898937225e-08,4.512770101428032e-09,-3.650551661849022e-11,-4.540135023489711e-10,7.202904038591484e-07,1.1393899712608402e-10,1.3868479167964477e-08,1.7651060867744188e-06,2.897428963422044e-12,2.8979330046752237e-12,1.3337132324468353e-16,-5.117416120488845e-14,-2.3590397783361064e-13,3.930189507173054e-17,-3.259693903689964e-14,3.449956765579076e-14,-1.3457380987347279e-12,-8.067620645609471e-17,2.3460112667332094e-12,2.3211687221191824e-10,5.6728094932623205e-11,-1.8564460901870916e-11,-8.778101800999138e-14,1.1972060380098052e-12,-2.2968673991187625e-09,-2.36876490644633e-14,-5.196323281950339e-13,-7.279313744372e-09,-4.5416506203969455e-17,-3.949242553350866e-17
499.0145486353981,1.1604646132923335e-11,2.469581280214091e-12,-1.83523951591269e-12,-3.1292408479248006e-15,2.9502189136110244e-12,-2.931031772845927e-12,3.120853943983093e-10,1.6651815111975072e-12,-5.254192122568687e-10,-2.251660625078213e-16,-2.604611711494916e-10,3.7203573555188996e-11,8.713169075136307e-12,6.484086150913066e-14,-5.395799547909993e-11,6.378616770577297e-11,4.1884463210651354e-16,-1.1064556044807453e-11,3.0234503531281057e-12,-6.727049473020941e-12,9.658940314238862e-15,-3.94891388563067e-15,-1.3933802622288211e-15,-7.670309158557964e-15,4.608272090088207e-15,7.857529148955482e-11,9.687120711246745e-12,4.5726182530325935e-10,1.9878927921809208e-13,-3.720868464289382e-11,-8.713099686197268e-12,-9.886458935465865e-12,-1.8650688661642938e-16,-4.5358383715665695e-10,-9.630141194032216e-15,4.212110287591103e-15,1.439542929448548e-14,-1.995440849592948e-13,2.602608499084151e-10,1.1604646132923335e-11,2.4703259290011676e-12,-1.835162777297228e-12,-3.129471681795337e-15,2.946308086393401e-12,-2.9310200488907865e-12,3.1208190193865447e-10,1.6651794757886287e-12,-5.253840451284002e-10,-2.0368645588556924e-09,-1.004273071885109e-08,4.3357402319088576e-09,2.9500806704163554e-11,-4.546323377023024e-10,6.990809874138037e-07,1.1384160281124878e-10,1.386970811308368e-08,1.6961075743893161e-06,2.9002082217270224e-12,2.900675995694731e-12,-1.301216079330203e-16,-3.904851257156376e-14,-2.9912522829060135e-13,2.825887672012565e-17,-4.090779104348741e-14,2.957299032393945e-14,-1.1936194255213195e-12,-1.2445600106048006e-15,1.952503225766122e-12,2.1778905647806824e-10,4.950488801114261e-11,-1.6317204654114902e-11,-8.248093763540964e-14,1.115260106487881e-12,-2.0176410413209534e-09,-1.9843772892241818e-14,-4.815317000743282e-13,-6.3976663966514025e-09,-7.846877083291422e-17,-9.017526308996438e-17
521.1720682918038,1.1619363249337766e-11,2.2908352548256518e-12,-1.7077482539207267e-12,-2.9318765008371866e-15,2.7526766643859448e-12,-2.7346892750301775e-12,3.0700415663886816e-10,1.7206787846409572e-12,-5.166337359696627e-10,-2.101995550184693e-16,-2.4334293839226956e-10,3.4618514017485565e-11,8.086725733491562e-12,6.048553103207536e-14,-5.0323075182243416e-11,5.947819397494275e-11,6.840681050149248e-16,-1.0317360066116547e-11,2.8187836431917202e-12,-6.2697779784497115e-12,9.103828801926284e-15,-3.3227260313456975e-15,-1.2705381355266491e-15,-4.7415923189071225e-15,2.783817831378062e-15,7.737324184905377e-11,9.410751680644984e-12,4.2631226714148443e-10,1.855218531876737e-13,-3.4624539008289935e-11,-8.086430830500646e-12,-9.213183842381333e-12,-1.168746506320477e-16,-4.2287981901730495e-10,-8.969157339576428e-15,4.212110287591103e-15,1.1265988143510374e-14,-1.865174681370263e-13,2.431557177828836e-10,1.1619363249337766e-11,2.2907613583811327e-12,-1.7065858060050232e-12,-2.9320231427950222e-15,2.7479586606204974e-12,-2.7346690245622085e-12,3.0700066417921333e-10,1.7206750838975419e-12,-5.165999027667567e-10,1.1837730805079141e-09,-9.779725223779678e-09,4.26392798544839e-09,1.3431941624730824e-10,-4.658448915506596e-10,6.91001290295728e-07,1.1388912035670273e-10,1.3874909325975276e-08,1.6685359393401693e-06,2.9040125859580713e-12,2.904436691153478e-12,-3.6186331708876195e-17,-9.946473274643116e-15,-4.0884723754667597e-13,2.343310730642164e-17,-4.060561609176006e-14,2.6488875979821525e-14,-1.1297746027594258e-12,-2.485049203452642e-15,2.126034814864397e-12,2.1166245763500532e-10,4.5946035243105144e-11,-1.5215334769891342e-11,-1.2127770787628833e-13,1.0614146598679023e-12,-1.88040921335245e-09,-1.8429539578451726e-14,-4.2255634891070767e-13,-5.9644508591342555e-09,-4.882523783426388e-17,-5.682809547010355e-17
544.3134383763522,1.1633343177663846e-11,2.1945500823979575e-12,-1.6411073981241012e-12,-2.8376972068440882e-15,2.6466295821592213e-12,-2.6299357358539057e-12,3.0495182727463546e-10,1.7932396308613838e-12,-5.130597855895757e-10,-2.0217935297131302e-16,-2.342049887360531e-10,3.326756214678925e-11,7.77572450871844e-12,5.819906911721148e-14,-4.8402794118452955e-11,5.720871307543816e-11,4.2802651793784577e-16,-9.918170836101639e-12,2.7073538824243818e-12,-6.0207200981871435e-12,8.770761894538737e-15,-3.3390132368680708e-15,-1.1876427622017747e-15,-2.4584449604398563e-15,1.6852147561321526e-15,7.701977147105113e-11,9.290633692079555e-12,4.09425826575216e-10,1.7808832818264238e-13,-3.327588881947394e-11,-7.775559709988222e-12,-8.856842728357763e-12,-5.1601710694468456e-17,-4.0612639866087065e-10,-8.624963807393748e-15,3.3449111107341115e-15,7.260303470262242e-15,-1.8118839761882555e-13,2.3402450347968323e-10,1.1633343177663846e-11,2.1949764080394136e-12,-1.6393054617462137e-12,-2.8378493999170472e-15,2.6418831566843438e-12,-2.6299133537577292e-12,3.049476072192192e-10,1.7932377804896759e-12,-5.130251035249481e-10,4.279489318529765e-09,-9.647104889154434e-09,4.2339466745033864e-09,2.634729025885463e-10,-4.807893105862604e-10,6.88029357724888e-07,1.1397310872851563e-10,1.3880538687489044e-08,1.6574564748831715e-06,2.9075652996368718e-12,2.9079612791823213e-12,-1.6612868488271222e-17,-5.821039946359482e-14,-3.675372302798981e-13,1.484738258265376e-17,-3.586398816812775e-14,2.6410635700982454e-14,-1.0934149941022042e-12,-1.0624834345662748e-15,1.69153887933741e-12,2.097886560174326e-10,4.405574145494029e-11,-1.4618288446399673e-11,-1.7454908629588317e-13,1.0153378138255676e-12,-1.805775787298169e-09,-1.770442516549342e-14,-3.8097337409543556e-13,-5.727923024778647e-09,-1.740650447853061e-17,-2.9428138167049886e-17
568.4823443592555,1.16558910671453e-11,2.3656563522915045e-12,-1.7695152602451951e-12,-3.0814674885822533e-15,2.8401700546965e-12,-2.82233578730029e-12,3.1401781598106025e-10,1.9454012475013843e-12,-5.28535262371103e-10,-2.164872923441748e-16,-2.5122391204372246e-10,3.546390823282209e-11,8.344297475204598e-12,6.240833346825137e-14,-5.2000456409986545e-11,6.13618723733901e-11,4.591268034078554e-16,-1.0640618281048137e-11,2.9016566281519665e-12,-6.454488106779208e-12,9.325873406851315e-15,-3.176685600770433e-15,-1.2946135591028966e-15,-4.33232009338116e-15,1.0709301361618472e-15,8.449588120308461e-11,1.0138739490132436e-11,4.388858269059055e-10,1.9148674277615595e-13,-3.547362268428756e-11,-8.344410232230537e-12,-9.421302472735328e-12,-9.356366046008473e-17,-4.3535201283766373e-10,-9.122233133804225e-15,2.9732543206525433e-15,6.884770532145229e-15,-1.9451107391432743e-13,2.510300115924717e-10,1.16558910671453e-11,2.3650992867866687e-12,-1.7680108044260123e-12,-3.0816862950366896e-15,2.8348551950330146e-12,-2.8223301029584036e-12,3.1401359592564403e-10,1.9453964365349445e-12,-5.284981549872707e-10,6.707261006037394e-09,-9.973999112844467e-09,4.357496800366789e-09,4.84197516925633e-10,-5.164296605168299e-10,7.042735676297399e-07,1.1426851131979276e-10,1.3892443597788937e-08,1.7069590588410695e-06,2.9130690452442802e-12,2.913501292075201e-12,-1.4820320896428523e-16,-1.6259541861055974e-14,-9.853171908010457e-13,2.278177646530821e-17,-4.056870117619127e-14,2.3447199086826244e-14,-1.2526081150099343e-12,-3.9043583181334423e-14,2.0222311529020467e-12,2.2074649071631333e-10,4.708181222667918e-11,-1.5672625863771828e-11,-3.3677110877761154e-13,1.0196288258157438e-12,-1.935568811172003e-09,-1.8498006945644185e-14,-4.140798640994202e-13,-6.140396635601064e-09,-3.730811955667453e-17,-4.7316028410164063e-17
593.7244114571097,1.166512516211545e-11,2.2351741790771482e-12,-1.6788964292876093e-12,-2.9504496068533117e-15,2.6970155886374412e-12,-2.68109694445684e-12,3.10045579681173e-10,2.0301086737598933e-12,-5.216997427244981e-10,-2.0535078549799098e-16,-2.3877877453060137e-10,3.3461715783046864e-11,7.922412725847039e-12,5.934410707826422e-14,-4.944840833095062e-11,5.826481272761283e-11,3.221354510060698e-16,-1.0106078527909908e-11,2.752201728791217e-12,-6.121482519849417e-12,8.659739592076221e-15,-3.4473828884681894e-15,-1.229600841794927e-15,-5.270785707288811e-15,6.005780344604193e-16,8.126789395026531e-11,9.731687769827561e-12,4.162709970005328e-10,1.8195470832620651e-13,-3.347237798587482e-11,-7.922672934368435e-12,-8.870007352069898e-12,-1.2044553452868266e-16,-4.129222028903018e-10,-8.539962357070885e-15,2.8493687239586877e-15,6.133704655911204e-15,-1.8592534919055956e-13,2.3859432947877696e-10,1.166512516211545e-11,2.2345394275665362e-12,-1.6764081086269774e-12,-2.9507035703701944e-15,2.6909617645287653e-12,-2.6810756281747673e-12,3.1004106858745216e-10,2.030104973016478e-12,-5.216645755960296e-10,1.0334203640619914e-08,-9.775906801223755e-09,4.300636646803469e-09,6.422679871320724e-10,-5.302977494163012e-10,6.977740646783956e-07,1.1428272217450797e-10,1.3895289993258575e-08,1.6854428395163268e-06,2.9153538842289586e-12,2.915771328086218e-12,-2.607405032624873e-16,-6.160905859549833e-14,-6.128885843281751e-13,2.4928207646250182e-17,-3.332698284008728e-14,2.5274495604049596e-14,-1.1700913660206425e-12,-4.557021426876417e-14,1.8643428726742663e-12,2.170017978642136e-10,4.4736225390806796e-11,-1.4870207110107003e-11,-3.553782335075084e-13,9.635721850050534e-13,-1.836027557379397e-09,-1.7082364169029862e-14,-3.909384217794976e-13,-5.824112747632171e-09,-5.1340586874430256e-17,-5.74858447880781e-17
620.0872907625803,1.1668947289914893e-11,2.0314473658800125e-12,-1.5301462023368609e-12,-2.706646481017335e-15,2.470733306836337e-12,-2.4566510603563076e-12,3.0263050575740637e-10,2.067735612361806e-12,-5.089697272827228e-10,-1.8783859107174514e-16,-2.1852950930304851e-10,3.0586508935371276e-11,7.254058465022695e-12,5.4234503173156146e-14,-4.531930386519889e-11,5.337135054893515e-11,4.524347827517944e-16,-9.258785612586371e-12,2.5185086574370334e-12,-5.603026118008292e-12,8.104628079763643e-15,-2.7206589688974806e-15,-1.1321422568469832e-15,-5.471021043433234e-15,3.1460204656665493e-16,7.499596187871553e-11,8.978841840016148e-12,3.8090868960297444e-10,1.6648550937020437e-13,-3.0594767911530074e-11,-7.254188569283393e-12,-8.102748795998002e-12,-1.1312224228846694e-16,-3.778519616056402e-10,-7.788176570669436e-15,2.3538263371832638e-15,4.881928195521162e-15,-1.6949404842610724e-13,2.1836088492932504e-10,1.1668947289914893e-11,2.025137746386463e-12,-1.5289534379310985e-12,-2.7069282001098334e-15,2.4655776087456614e-12,-2.4566269019032917e-12,3.026274498552084e-10,2.067732281692732e-12,-5.089396533245841e-10,1.4332681894302368e-08,-9.44165512919426e-09,4.1961829992942516e-09,7.823697524145246e-10,-5.356700209328361e-10,6.852139428469115e-07,1.1421338874662013e-10,1.3895103669321148e-08,1.6451491925787802e-06,2.9163730689655645e-12,2.9167542455373526e-12,-2.666616927271548e-16,2.4237545304117702e-14,-1.3459972099857017e-12,2.1094237467877975e-17,-2.2473718719329128e-14,1.8152003923403713e-14,-1.2213965305818419e-12,-1.0712356927437365e-13,2.1091788463915387e-12,2.083557774312794e-10,4.132471076445654e-11,-1.3612037719212821e-11,-3.948707671952434e-13,9.158670118599352e-13,-1.6801815752651872e-09,-1.5529190346835753e-14,-3.5868751667767986e-13,-5.329483817225385e-09,-4.832216802623061e-17,-5.3880511163839626e-17
647.6207491984753,1.1676890565581744e-11,2.0712226008375487e-12,-1.5638552971116344e-12,-2.7967669846695742e-15,2.51766323344782e-12,-2.5034939454826598e-12,3.0494018574245274e-10,2.2010593347943087e-12,-5.129356092462937e-10,-1.9117660674471647e-16,-2.2262106972685083e-10,3.10276194980821e-11,7.360778653264788e-12,5.547230065341043e-14,-4.6173154034779964e-11,5.434773002003605e-11,4.0323623898927986e-16,-9.434283664639162e-12,2.560341312348182e-12,-5.696886760780563e-12,7.993605777301127e-15,-2.908740654210162e-15,-1.1455258936968444e-15,-4.6750916944489015e-15,1.6316299526351704e-16,7.669221286577856e-11,9.187383713733956e-12,3.872310740793933e-10,1.69398962766203e-13,-3.103821400438417e-11,-7.360743958795268e-12,-8.221259321465151e-12,-1.1499980112030915e-16,-3.8411578827229513e-10,-7.884629906439178e-15,2.3538263371832638e-15,5.758171717794192e-15,-1.7156646473874085e-13,2.2244917019520472e-10,1.1676890565581744e-11,2.066741444650688e-12,-1.5628681164040852e-12,-2.79704315264695e-15,2.51161509368103e-12,-2.503476537185634e-12,3.049352380912751e-10,2.2010552639765517e-12,-5.129067479477574e-10,1.7680476109186808e-08,-9.49883833527565e-09,4.2261715861968696e-09,1.0199152166023851e-09,-5.545784157826953e-10,6.893449523865224e-07,1.1430645319165933e-10,1.3899115580484481e-08,1.6578493765943374e-06,2.918347785652031e-12,2.918734883413284e-12,-2.610990127808558e-16,-3.638341479946424e-14,-3.8491521081596145e-13,2.377357570064002e-17,-2.196829940181999e-14,2.5418985514537306e-14,-1.0836799901881022e-12,-4.354146672843247e-14,1.7109414329752326e-12,2.1310358230645458e-10,4.2125793697778134e-11,-1.3846749880030985e-11,-4.160790467722109e-13,8.688501769900843e-13,-1.7088528008655908e-09,-1.562893694670442e-14,-3.6012381531434927e-13,-5.417832700989796e-09,-4.8965461315238675e-17,-5.494447489577207e-17
676.3767634659991,1.1679256080772879e-11,1.909211277961731e-12,-1.4481448336785737e-12,-2.615238581249457e-15,2.335036697331816e-12,-2.3212535893435417e-12,2.9889779398217796e-10,2.2769168032491886e-12,-5.025882273912429e-10,-1.772464440663301e-16,-2.0650988326783212e-10,2.8708065734926226e-11,6.8171857048326956e-12,5.1246321518878046e-14,-4.279154191482664e-11,5.0364342326266374e-11,2.669032513726857e-16,-8.746819307664206e-12,2.3730266782603345e-12,-5.278489209033781e-12,7.549516567451064e-15,-2.7805601955215482e-15,-1.0629859050792826e-15,-4.626316420259876e-15,7.103510522751716e-17,7.13106068016812e-11,8.538586773278554e-12,3.5889627187459134e-10,1.571642257525499e-13,-2.8719337206487207e-11,-6.816960190780819e-12,-7.605162641619343e-12,-1.139594222005005e-16,-3.5601031166992854e-10,-7.28432071606111e-15,2.4777119338771194e-15,1.2517764603900416e-16,-1.6046423449248928e-13,2.0635004815972025e-10,1.1679256080772879e-11,1.9028637628556073e-12,-1.4477175606468032e-12,-2.6155027218107327e-15,2.327863057871582e-12,-2.3212425759311374e-12,2.988929918501526e-10,2.2769145828031393e-12,-5.025537878585358e-10,2.1892786026000977e-08,-9.226519614458084e-09,4.140581586398184e-09,1.2091046664863824e-09,-5.596632490778575e-10,6.79048414810474e-07,1.142442529467047e-10,1.3898647788471365e-08,1.6250560292974114e-06,2.9189961558984123e-12,2.9193551280097078e-12,-2.5082944980307313e-16,-2.5950589825166995e-14,-7.817296439801187e-14,2.516505522483688e-17,-2.127844705990256e-14,2.5156510598603464e-14,-9.508937637292548e-13,-2.0408119638659627e-14,1.5323166735470296e-12,2.0701263565570115e-10,3.864461177727208e-11,-1.2834763651881076e-11,-3.9449673749913927e-13,8.102459444122209e-13,-1.5834605977848105e-09,-1.4383947592039315e-14,-3.338542616779068e-13,-5.021446961942881e-09,-4.9225669836635193e-17,-5.371137562493189e-17
706.409618164559,1.1678675804205341e-11,1.6490957932546734e-12,-1.2594829475650233e-12,-2.2954929623786314e-15,2.044907887466252e-12,-2.0329196104285075e-12,2.8888011001981797e-10,2.3206444173714167e-12,-4.85426668698589e-10,-1.5516775384927847e-16,-1.8083745612074154e-10,2.5108506060208614e-11,5.965505867067122e-12,4.520641191632338e-14,-3.7471472683995685e-11,4.4090348655995766e-11,2.827175528177981e-16,-7.659870253061115e-12,2.0773789665217998e-12,-4.619749350506991e-12,6.772360450213455e-15,-2.1116203170845335e-15,-9.313801427223147e-16,-4.061305599954917e-15,2.1967591966164962e-17,6.253906490520158e-11,7.491349675630508e-12,3.1415443889703817e-10,1.3752936619579616e-13,-2.511957444219192e-11,-5.965254332163106e-12,-6.651768256575134e-12,-1.0240146263825107e-16,-3.1163216709993045e-10,-6.366218316400385e-15,1.7343983537139836e-15,3.755329381170125e-15,-1.413683984689366e-13,1.8069723495273138e-10,1.1678675804205341e-11,1.6469111111897897e-12,-1.260145647089909e-12,-2.295692339930137e-15,2.0379729903652334e-12,-2.0328798200353048e-12,2.8887443477287886e-10,2.320640716628001e-12,-4.853915015701204e-10,2.6546170314153035e-08,-8.793920278549194e-09,4.0000726585276426e-09,1.3638875680044293e-09,-5.555707123979421e-10,6.618824426008951e-07,1.1410666855837803e-10,1.3895952037887306e-08,1.570593667565845e-06,2.918950266680061e-12,2.9192655700190546e-12,-2.211772431870429e-16,-4.268652098460279e-14,-1.5032336856772114e-13,2.2944609175586568e-17,-2.967991130642389e-14,2.1508057422743586e-14,-8.677926643940737e-13,-5.0868938690958506e-14,1.3777025742456316e-12,1.956291574363907e-10,3.37964593200013e-11,-1.1236485875087965e-11,-3.5775087781075853e-13,7.50396781749411e-13,-1.3858074377959532e-09,-1.2548122263478234e-14,-2.921551441157342e-13,-4.395508549729736e-09,-4.443494183714591e-17,-4.80532858874542e-17
737.7760082683305,1.1678427114247824e-11,1.4636801400532325e-12,-1.1246010937308409e-12,-2.070400795251004e-15,1.8373611965216696e-12,-1.8273620838726858e-12,2.816879714373499e-10,2.3636300324388535e-12,-4.731118679046631e-10,-1.3928962715044403e-16,-1.6238207075266095e-10,2.2523852701660537e-11,5.352523979595958e-12,4.0439084613723576e-14,-3.36764566850118e-11,3.9613682704479444e-11,9.183240491384062e-17,-6.885077876729311e-12,1.864544532982013e-12,-4.147221971524705e-12,5.995204332975845e-15,-2.0536245574018018e-15,-8.388969436767488e-16,-3.854346855087697e-15,-1.8737681696207137e-18,5.619872325009149e-11,6.741078336852647e-12,2.8197981417543963e-10,1.234797854243741e-13,-2.2536478103739354e-11,-5.352281118309321e-12,-5.967959537050365e-12,-9.314371584401612e-17,-2.797173345660942e-10,-5.706264454008458e-15,9.910847735508478e-16,4.631572903443154e-15,-1.2745360322696797e-13,1.6225583839476107e-10,1.1678427114247824e-11,1.4647487963278158e-12,-1.1245158286025496e-12,-2.070599247616656e-15,1.831381268857513e-12,-1.827334017434623e-12,2.8168127755634486e-10,2.363628552141487e-12,-4.730735478612284e-10,3.106345733006795e-08,-8.480902761220931e-09,3.898823342751711e-09,1.5494145918637514e-09,-5.503875399881508e-10,6.495511750176245e-07,1.1400969057717703e-10,1.389409672719122e-08,1.5315029789538432e-06,2.918963589356357e-12,2.9192455860046113e-12,-1.9711662857524458e-16,-3.3468694482508e-14,-1.7959678189072293e-14,2.091660178393795e-17,-9.919205734565395e-15,2.0211785435424178e-14,-7.352224429268972e-13,-6.639133687258436e-15,1.2983946362510323e-12,1.8771194542447727e-10,3.0474075174424796e-11,-1.0090545288221619e-11,-3.180707608407829e-13,6.946902312658191e-13,-1.2441008430171277e-09,-1.1228648219563375e-14,-2.630536431673681e-13,-3.945354857629961e-09,-4.038580812363672e-17,-4.374394365254848e-17
770.5351461530549,1.167773729567519e-11,1.2876019657899936e-12,-9.954059502585248e-13,-1.8507584353955053e-15,1.642729330342263e-12,-1.6332538876895342e-12,2.7493748348206283e-10,2.422608040101674e-12,-4.615498861918847e-10,-1.245325485573007e-16,-1.451800716682309e-10,2.0129426580868354e-11,4.782840790085174e-12,3.574147753415999e-14,-3.007659707707531e-11,3.5376948284396e-11,5.5416433400433574e-17,-6.153427933444133e-12,1.6663915079858882e-12,-3.705848612474706e-12,5.329070518200751e-15,-1.8350554010277417e-15,-7.460734826773728e-16,-3.409501685228384e-15,-1.0113763973640855e-17,5.0264645645200983e-11,6.025874703531804e-12,2.520437605394469e-10,1.1048825044802635e-13,-2.0142525858628415e-11,-4.782710685824476e-12,-5.334660182734455e-12,-8.227663290820214e-17,-2.5004122803270445e-10,-5.10195726811935e-15,1.4866271603262717e-15,-8.762435222730291e-16,-1.1457501614131615e-13,1.4506692143830455e-10,1.167773729567519e-11,1.2878312342460656e-12,-9.949990461185129e-13,-1.851072073399962e-15,1.6372496247640812e-12,-1.6332226238091607e-12,2.7493180823512377e-10,2.4226028590608922e-12,-4.6150889829732476e-10,3.5631656646728516e-08,-8.186977356672286e-09,3.803949221037328e-09,1.7441099043935538e-09,-5.406309355748817e-10,6.379813448590941e-07,1.1391526610893266e-10,1.3892177987069625e-08,1.4948418538551778e-06,2.9188621889867743e-12,2.9191145796877055e-12,-1.7359956065258568e-16,7.274773376290493e-16,-6.817515441071009e-14,1.7748765420340835e-17,-1.1304690517022209e-14,1.7802886205162127e-14,-6.827045240243024e-13,-2.6555054451667578e-14,1.2886933594321212e-12,1.792519469745457e-10,2.709821274038404e-11,-9.019518643071933e-12,-2.977299118356314e-13,6.467744858203636e-13,-1.1117093808828687e-09,-1.0040362638519262e-14,-2.3339272132143127e-13,-3.5267800531831503e-09,-3.568904431242951e-17,-3.861494457524373e-17
804.7488733750887,1.167679878714504e-11,1.1190422810614108e-12,-8.741712539025078e-13,-1.64181908809032e-15,1.4577381080016494e-12,-1.449765818506421e-12,2.684153150767088e-10,2.4926823568212815e-12,-4.503992386162281e-10,-1.1031778280863689e-16,-1.2863872929832118e-10,1.7825307625615803e-11,4.23716617348191e-12,3.2015586651686543e-14,-2.6697799064094124e-11,3.138908885899936e-11,1.5833266685838162e-16,-5.4619421651511414e-12,1.4765506324081417e-12,-3.2844447446016505e-12,4.551914400963142e-15,-1.719305845718321e-15,-6.636393533343297e-16,-2.5646748182600657e-15,-1.3502209165187385e-17,4.4544778287094727e-11,5.356836150812605e-12,2.2329259888127042e-10,9.788118937332363e-14,-1.7841520943566885e-11,-4.237036069221212e-12,-4.7252518256238026e-12,-7.470137389834528e-17,-2.215276024635175e-10,-4.513953772398993e-15,9.910847735508478e-16,-2.879085858897096e-15,-1.0406490484153134e-13,1.2853747695847537e-10,1.167679878714504e-11,1.1199100905893526e-12,-8.743237837431176e-13,-1.6420411326952452e-15,1.4547026694344822e-12,-1.4497494760234985e-12,2.6840920327231287e-10,2.492677915929183e-12,-4.5035509780670204e-10,4.031012455622355e-08,-7.900968194007873e-09,3.7123303627595305e-09,1.9533897284418343e-09,-5.26309425670964e-10,6.267996362767854e-07,1.1382184084141045e-10,1.389018392450524e-08,1.4594237048489351e-06,2.9186934350870313e-12,2.9189184402866884e-12,-1.5408970395943319e-16,-5.432950385871512e-14,-2.2365706324004957e-13,1.6357285896143974e-17,-1.7156277787311325e-14,1.5194844948246412e-14,-6.917071004863828e-13,-1.0359120968435795e-13,9.384772662694256e-13,1.721889323865374e-10,2.4329892767127604e-11,-7.996408157850964e-12,-2.8989234124310317e-13,6.03348482286492e-13,-9.852307083863623e-10,-8.871592696579889e-15,-2.0750643874976043e-13,-3.1246128647429336e-09,-3.2492816307942244e-17,-3.497780768727902e-17
840.4817774137397,1.1676585624324313e-11,1.0325796514128645e-12,-8.111499028018443e-13,-1.5389828300627072e-15,1.362604962196201e-12,-1.3556991973473486e-12,2.6506284484639765e-10,2.5658142277507067e-12,-4.446735450377067e-10,-1.0297379539770529e-16,-1.2010083668319757e-10,1.6637775168422237e-11,3.9544756358367295e-12,3.025345695412746e-14,-2.495289854372492e-11,2.934350293612751e-11,1.895846742541967e-16,-5.107081400151443e-12,1.3780772388860293e-12,-3.067002401400792e-12,4.218847493575595e-15,-1.6210835617184927e-15,-6.184601272451092e-16,-2.315419720336697e-15,-1.2606391355246392e-17,4.1594685408482006e-11,5.013794090341932e-12,2.0844989816935618e-10,9.137067278278353e-14,-1.665314227979967e-11,-3.95519554607926e-12,-4.410110394154682e-12,-7.022557708708507e-17,-2.0680583860386707e-10,-4.20965888016378e-15,8.671991768569918e-16,3.630151735131121e-15,-9.799568564024715e-14,1.2000637520751903e-10,1.1676585624324313e-11,1.0340954759158194e-12,-8.091840678995746e-13,-1.5391456627729857e-15,1.3598480563814518e-12,-1.3556707756379183e-12,2.6505556888878343e-10,2.56580534596651e-12,-4.4463376980274915e-10,4.482765992482503e-08,-7.74431973695755e-09,3.664754331111908e-09,2.2292626090347767e-09,-5.064697461421019e-10,6.210545909071211e-07,1.1377637720855205e-10,1.3889291948209046e-08,1.4412507880479097e-06,2.9186756715186373e-12,2.918887354041999e-12,-1.4355993246025396e-16,1.5031679604741537e-14,-4.1386461665145663e-13,1.422565768886367e-17,-2.0692302038494147e-14,1.2932825643741098e-14,-7.875775054344558e-13,-2.1552389502706622e-13,1.0393705451861024e-12,1.6869113702947895e-10,2.2970198187977076e-11,-7.467434670616058e-12,-3.180707608407829e-13,5.665297860465064e-13,-9.200206488119791e-10,-8.265144211400122e-15,-1.9288600262743707e-13,-2.916960302930723e-09,-3.049499310477562e-17,-3.292794277983309e-17
877.801313597248,1.167556717973639e-11,8.932450631012519e-13,-7.089615413254554e-13,-1.3611005840926302e-15,1.2105374480597674e-12,-1.2043649633142195e-12,2.596393460407853e-10,2.6412568428687186e-12,-4.3540106465419136e-10,-9.124076559841766e-17,-1.0644089313653164e-10,1.4742814015659593e-11,3.5041414214731503e-12,2.629099918096308e-14,-2.2156871245145503e-11,2.6049378703479283e-11,2.237383634810406e-16,-4.536595861747878e-12,1.2212162805550511e-12,-2.71906851040006e-12,3.774758283725532e-15,-1.3835051041915789e-15,-5.475570974478504e-16,-2.6971870919966678e-15,-1.0713522592663182e-17,3.6857462571781934e-11,4.45395370904585e-12,1.8472117892146303e-10,8.097474604179765e-14,-1.4759805843658428e-11,-3.5051041930023175e-12,-3.908630749307721e-12,-6.12197970624913e-17,-1.8325310261494706e-10,-3.727676804385349e-15,1.2388559669385597e-16,-1.627309398507054e-15,-8.852178249677915e-14,1.063567012238309e-10,1.167556717973639e-11,8.909675367855622e-13,-7.075982466631103e-13,-1.361138516712638e-15,1.205995658892789e-12,-1.2043290809060636e-12,2.5963294319808485e-10,2.6412516618279368e-12,-4.3535837903618813e-10,4.9687176942825316e-08,-7.480569183826446e-09,3.5884673707187176e-09,2.490532351657748e-09,-4.784677306209535e-10,6.117430572441325e-07,1.1369710728459381e-10,1.3887543674668502e-08,1.4118280281157543e-06,2.918477311671571e-12,2.9186608685449754e-12,-1.2637460522491039e-16,-1.0190071009219537e-14,-2.961608439970102e-13,1.188678785032001e-17,-1.107734043381825e-14,1.1639067162318161e-14,-6.909132821419916e-13,-1.9811337755489452e-13,7.591249110798041e-13,1.6237512075652679e-10,2.0837978809140623e-11,-6.62125501094124e-12,-2.7978330763289703e-13,5.260517947173563e-13,-8.156634024533898e-10,-7.31348575450097e-15,-1.702981740677401e-13,-2.5847460468260883e-09,-2.6564398828791505e-17,-2.872123835058934e-17
916.7779324426061,1.1674738213211336e-11,7.741618901491165e-13,-6.225832294148859e-13,-1.211797791741039e-15,1.0844814823940395e-12,-1.079225597777622e-12,2.551326178945601e-10,2.7505827245496068e-12,-4.2770601188143096e-10,-8.151026285859707e-17,-9.511634072959889e-11,1.3170765291400728e-11,3.131245263077176e-12,2.4099555539826754e-14,-1.9858748133582005e-11,2.333550019884001e-11,2.0111283129530577e-16,-4.065214044901502e-12,1.0911184746418175e-12,-2.4310075916125065e-12,3.3306690738754696e-15,-1.2152795942279004e-15,-4.892588826950654e-16,-2.9549992555672342e-15,-6.973626490606754e-18,3.2933299840516704e-11,3.989639532994707e-12,1.650468908829405e-10,7.247168269866368e-14,-1.3189347987758021e-11,-3.1323121180149016e-12,-3.4929139056425226e-12,-5.446004340383863e-17,-1.6374054567005832e-10,-3.3262645025497473e-15,2.4777119338771194e-16,1.2517764603900416e-16,-8.038014698286133e-14,9.504027194869498e-11,1.1674738213211336e-11,7.729264931792083e-13,-6.214780986132003e-13,-1.2116668779427186e-15,1.0792064131237567e-12,-1.0791858073844196e-12,2.5512737920507787e-10,2.7505842048469732e-12,-4.276722999444852e-10,5.460629860560099e-08,-7.236190140247345e-09,3.5249453503638508e-09,2.802723320201039e-09,-4.406714045520251e-10,6.040030458216491e-07,1.1363171514844339e-10,1.3886104619577305e-08,1.3874293169161926e-06,2.9183159592586586e-12,2.918480272266303e-12,-1.1169306220656003e-16,-4.843532982098016e-16,5.4711790653527716e-15,1.3278267374516872e-17,-2.1484031220708745e-14,1.1803247680457208e-14,-4.392464347802161e-13,-3.056073912451514e-14,6.803020369261503e-13,1.5653737743074695e-10,1.9146682461723685e-11,-5.921745582782023e-12,-2.1444293452077546e-13,4.876143933074672e-13,-7.292915625406073e-10,-6.517518729570737e-15,-1.5183922016035558e-13,-2.3095303447462356e-09,-2.3660182609427e-17,-2.5526455948998716e-17
957.4852126495767,1.1674436232548638e-11,7.163180271163582e-13,-5.803092525032601e-13,-1.141321296730761e-15,1.0222720447927714e-12,-1.0180510656709885e-12,2.5288230972364543e-10,2.8215888884612166e-12,-4.238759477933248e-10,-7.66423645107266e-17,-8.945620170545492e-11,1.2387110307677507e-11,2.9454216843305403e-12,2.2207321581569414e-14,-1.8732257257693244e-11,2.1994751698962825e-11,3.732088442803229e-17,-3.83448990544148e-12,1.0261986673857385e-12,-2.2880712182807875e-12,3.1086244689504383e-15,-1.0356968963837182e-15,-4.605256510399963e-16,-8.877344389992659e-16,-8.537965054235055e-18,3.0970764705917194e-11,3.770266621135744e-12,1.5522105564704637e-10,6.818303743147981e-14,-1.2405489914457125e-11,-2.946497212885646e-12,-3.2855759008527173e-12,-5.0740146901501903e-17,-1.5399681529970621e-10,-3.124887501537721e-15,1.2388559669385597e-16,-2.6287305668190875e-15,-7.475501699142721e-14,8.938420374230797e-11,1.1674436232548638e-11,7.184629187880394e-13,-5.793178085392962e-13,-1.1411663281002404e-15,1.0171390840696403e-12,-1.0180279730320762e-12,2.5287794414907693e-10,2.8215888884612166e-12,-4.2383301964340113e-10,5.943775177001953e-08,-7.0797279477119445e-09,3.492794348858297e-09,3.209847491234541e-09,-3.8440248317783696e-10,6.001340976623862e-07,1.136002958368465e-10,1.3885454467965857e-08,1.3752602778064709e-06,2.9182626685534766e-12,2.9184210603716564e-12,-1.047483858910662e-16,-1.1405025072501e-14,-4.2353462958999443e-13,1.1457501614131616e-17,-1.2603876275996128e-15,9.29793908966553e-15,-8.556230568501632e-13,-4.67723637598283e-13,7.586398472388585e-13,1.5445111785084008e-10,1.841308403527364e-11,-5.574119654738752e-12,-3.042327989533078e-13,4.561780582908644e-13,-6.863475162887437e-10,-6.1171770773804646e-15,-1.424413362236576e-13,-2.17209835303341e-09,-2.2038216159388688e-17,-2.3793178075918558e-17
1000.0,1.167299146231926e-11,5.624315235763788e-13,-4.675352253495172e-13,-9.346195114131225e-16,8.449205779470504e-13,-8.409241303297676e-13,2.469183527864516e-10,2.9056771803463258e-12,-4.136779656012853e-10,-6.385541396681782e-17,-7.448756426479501e-11,1.030544213650534e-11,2.4512336604942675e-12,1.852208828056417e-14,-1.54410435055436e-11,1.8137960269528877e-11,1.0966514983618606e-16,-3.167150638291301e-12,8.546667895367668e-13,-1.89874117720635e-12,2.55351295663786e-15,-9.227148049652859e-16,-3.8736176959408864e-16,-2.224837068271363e-15,-3.860229837720145e-18,2.578634472874278e-11,3.123334039704639e-12,1.2923481406470845e-10,5.659073199198311e-14,-1.0328662044886219e-11,-2.4522658209624737e-12,-2.7359865916053317e-12,-4.4351570097051804e-17,-1.2822580206930494e-10,-2.611992111316297e-15,-6.194279834692799e-16,-5.632994071755187e-15,-6.513308411134251e-14,7.442639097613817e-11,1.167299146231926e-11,5.671874229543998e-13,-4.687033576071069e-13,-9.343604593740432e-16,8.403219453612109e-13,-8.408999718767518e-13,2.469136961735785e-10,2.905684581833157e-12,-4.136250936426222e-10,6.485506892204285e-08,-6.791390478610993e-09,3.409292548894882e-09,3.5536324139684437e-09,-3.228516713231026e-10,5.899316822124515e-07,1.1350997919379324e-10,1.3883377154280494e-08,1.3429040942961972e-06,2.9179577272960463e-12,2.9180924343563675e-12,-9.023453280872691e-17,-5.820085154558304e-15,6.2357230490306396e-15,1.388518929464529e-17,-8.644479576602748e-15,9.416587670209308e-15,-3.305089535388106e-13,-1.376676550535194e-16,6.063298011819521e-13,1.4727314313252766e-10,1.413372956449166e-11,-4.632323680198169e-12,-1.6801095625851304e-13,4.23538981664251e-13,-5.69571470091538e-10,-5.131583092482517e-15,-1.2101493513296553e-13,-1.8086024529869367e-09,-1.929879867024198e-17,-2.0763194404545733e-17
