type,id,name,reversible,fast,reactants,products,modifiers,math,notes
STATE_TRANSITION,re0000000001,re0000000001,false,false,elRS70SAGGU0002_fMettRNAfMetCAU,"elRS70SAGGU0002_fMet,tRNAfMetCAU",,k1 * elRS70SAGGU0002_fMettRNAfMetCAU,
STATE_TRANSITION,re0000000002,re0000000002,false,false,"elRS70SAGGU0002_fMet,tRNAfMetCAU",elRS70SAGGU0002_fMettRNAfMetCAU,,k1 * elRS70SAGGU0002_fMet * tRNAfMetCAU,
STATE_TRANSITION,re0000000003,re0000000003,false,false,RS50S,RS50S_degraded,,k1 * RS50S,
STATE_TRANSITION,re0000000004,re0000000004,false,false,RS30S,RS30S_degraded,,k1 * RS30S,
STATE_TRANSITION,re0000000005,re0000000005,false,false,fMettRNAfMetCAU,fMettRNAfMetCAU_degraded,,k1 * fMettRNAfMetCAU,
STATE_TRANSITION,re0000000006,re0000000006,false,false,tRNAfMetCAU,tRNAfMetCAU_degraded,,k1 * tRNAfMetCAU,
STATE_TRANSITION,re0000000007,re0000000007,false,false,fMet,fMet_degraded,,k1 * fMet,
STATE_TRANSITION,re0000000008,re0000000008,false,false,mRNA,mRNA_degraded,,k1 * mRNA,
STATE_TRANSITION,re0000000009,re0000000009,false,false,elRS70SAGGU0002_fMettRNAfMetCAU,"RS50S_degraded,mRNA,RS30S,fMettRNAfMetCAU",,k1 * elRS70SAGGU0002_fMettRNAfMetCAU,
STATE_TRANSITION,re0000000010,re0000000010,false,false,elRS70SAGGU0002_fMettRNAfMetCAU,"RS30S_degraded,RS50S,mRNA,fMettRNAfMetCAU",,k1 * elRS70SAGGU0002_fMettRNAfMetCAU,
STATE_TRANSITION,re0000000011,re0000000011,false,false,elRS70SAGGU0002_fMet,"RS50S_degraded,mRNA,RS30S,fMet",,k1 * elRS70SAGGU0002_fMet,
STATE_TRANSITION,re0000000012,re0000000012,false,false,elRS70SAGGU0002_fMet,"RS30S_degraded,RS50S,mRNA,fMet",,k1 * elRS70SAGGU0002_fMet,
STATE_TRANSITION,re0000000013,re0000000013,false,false,"EFTu_GTP_GlytRNAGlyGCC,elRS70SAGGU0002_fMet",elRS70SAGGU0002_fMet_EFTu_GTP_GlytRNAGlyGCC,,k1 * EFTu_GTP_GlytRNAGlyGCC * elRS70SAGGU0002_fMet,
STATE_TRANSITION,re0000000014,re0000000014,false,false,elRS70SAGGU0002_fMet_EFTu_GTP_GlytRNAGlyGCC,elRS70SAGGU0002_fMet_EFTu_GDP_PO4_GlytRNAGlyGCC,,k1 * elRS70SAGGU0002_fMet_EFTu_GTP_GlytRNAGlyGCC,
STATE_TRANSITION,re0000000015,re0000000015,false,false,elRS70SAGGU0002_fMet_EFTu_GDP_PO4_GlytRNAGlyGCC,elRS70SAGGU0002_fMet_EFTu_GTP_GlytRNAGlyGCC,,k1 * elRS70SAGGU0002_fMet_EFTu_GDP_PO4_GlytRNAGlyGCC,
STATE_TRANSITION,re0000000016,re0000000016,false,false,elRS70SAGGU0002_fMet_EFTu_GDP_PO4_GlytRNAGlyGCC,"PO4,elRS70SAGGU0002_fMet_EFTu_GDP_GlytRNAGlyGCC",,k1 * elRS70SAGGU0002_fMet_EFTu_GDP_PO4_GlytRNAGlyGCC,
STATE_TRANSITION,re0000000017,re0000000017,false,false,elRS70SAGGU0002_fMet_EFTu_GDP_GlytRNAGlyGCC,"EFTu_GDP,elRS70SAGGU0002_fMet_GlytRNAGlyGCC",,k1 * elRS70SAGGU0002_fMet_EFTu_GDP_GlytRNAGlyGCC,
STATE_TRANSITION,re0000000018,re0000000018,false,false,elRS70SAGGU0002_fMet_GlytRNAGlyGCC,elRS70SBGGU0002_Pept0002tRNAGlyGCC,,k1 * elRS70SAGGU0002_fMet_GlytRNAGlyGCC,
STATE_TRANSITION,re0000000019,re0000000019,false,false,"elRS70SBGGU0002_Pept0002tRNAGlyGCC,EFG_GTP",elRS70SBGGU0002_Pept0002tRNAGlyGCC_EFG_GTP,,k1 * elRS70SBGGU0002_Pept0002tRNAGlyGCC * EFG_GTP,
STATE_TRANSITION,re0000000020,re0000000020,false,false,elRS70SBGGU0002_Pept0002tRNAGlyGCC_EFG_GTP,"EFG_GTP,elRS70SBGGU0002_Pept0002tRNAGlyGCC",,k1 * elRS70SBGGU0002_Pept0002tRNAGlyGCC_EFG_GTP,
STATE_TRANSITION,re0000000021,re0000000021,false,false,elRS70SAGGU0002_fMet_EFTu_GTP_GlytRNAGlyGCC,"EFTu_GTP_GlytRNAGlyGCC,elRS70SAGGU0002_fMet",,k1 * elRS70SAGGU0002_fMet_EFTu_GTP_GlytRNAGlyGCC,
STATE_TRANSITION,re0000000022,re0000000022,false,false,elRS70SBGGU0002_Pept0002tRNAGlyGCC_EFG_GTP,elRS70SBGGU0002_Pept0002tRNAGlyGCC_EFG_GDP_PO4,,k1 * elRS70SBGGU0002_Pept0002tRNAGlyGCC_EFG_GTP,
STATE_TRANSITION,re0000000023,re0000000023,false,false,elRS70SBGGU0002_Pept0002tRNAGlyGCC_EFG_GDP_PO4,elRS70SBGGU0002_Pept0002tRNAGlyGCC_EFG_GTP,,k1 * elRS70SBGGU0002_Pept0002tRNAGlyGCC_EFG_GDP_PO4,
STATE_TRANSITION,re0000000024,re0000000024,false,false,elRS70SBGGU0002_Pept0002tRNAGlyGCC_EFG_GDP_PO4,"PO4,elRS70SCGGU0003_Pept0002tRNAGlyGCC_EFG_GDP",,k1 * elRS70SBGGU0002_Pept0002tRNAGlyGCC_EFG_GDP_PO4,
STATE_TRANSITION,re0000000025,re0000000025,false,false,elRS70SCGGU0003_Pept0002tRNAGlyGCC_EFG_GDP,"elRS70SAGGU0003_Pept0002tRNAGlyGCC,EFG_GDP",,k1 * elRS70SCGGU0003_Pept0002tRNAGlyGCC_EFG_GDP,
STATE_TRANSITION,re0000000026,re0000000026,false,false,elRS70SAGGU0002_fMet_EFTu_GDP_GlytRNAGlyGCC,"elRS70SAGGU0002_fMet_EFTu_GDP,GlytRNAGlyGCC",,k1 * elRS70SAGGU0002_fMet_EFTu_GDP_GlytRNAGlyGCC,
STATE_TRANSITION,re0000000027,re0000000027,false,false,elRS70SAGGU0002_fMet_GlytRNAGlyGCC,"elRS70SAGGU0002_fMet,GlytRNAGlyGCC",,k1 * elRS70SAGGU0002_fMet_GlytRNAGlyGCC,
STATE_TRANSITION,re0000000028,re0000000028,false,false,elRS70SAGGU0002_fMet_EFTu_GDP,"elRS70SAGGU0002_fMet,EFTu_GDP",,k1 * elRS70SAGGU0002_fMet_EFTu_GDP,
STATE_TRANSITION,re0000000029,re0000000029,false,false,EFTu,EFTu_degraded,,k1 * EFTu,
STATE_TRANSITION,re0000000030,re0000000030,false,false,EFG,EFG_degraded,,k1 * EFG,
STATE_TRANSITION,re0000000031,re0000000031,false,false,GlytRNAGlyGCC,GlytRNAGlyGCC_degraded,,k1 * GlytRNAGlyGCC,
STATE_TRANSITION,re0000000032,re0000000032,false,false,Pept0002tRNAGlyGCC,Pept0002tRNAGlyGCC_degraded,,k1 * Pept0002tRNAGlyGCC,
STATE_TRANSITION,re0000000033,re0000000033,false,false,elRS70SAGGU0002_fMet_EFTu_GTP_GlytRNAGlyGCC,"RS50S_degraded,mRNA,RS30S,fMet,GlytRNAGlyGCC,EFTu,GTP",,k1 * elRS70SAGGU0002_fMet_EFTu_GTP_GlytRNAGlyGCC,
STATE_TRANSITION,re0000000034,re0000000034,false,false,elRS70SAGGU0002_fMet_EFTu_GTP_GlytRNAGlyGCC,"RS30S_degraded,RS50S,mRNA,fMet,GlytRNAGlyGCC,EFTu,GTP",,k1 * elRS70SAGGU0002_fMet_EFTu_GTP_GlytRNAGlyGCC,
STATE_TRANSITION,re0000000035,re0000000035,false,false,elRS70SAGGU0002_fMet_EFTu_GTP_GlytRNAGlyGCC,"EFTu_degraded,fMet,GlytRNAGlyGCC,mRNA,RS30S,RS50S,GTP",,k1 * elRS70SAGGU0002_fMet_EFTu_GTP_GlytRNAGlyGCC,
STATE_TRANSITION,re0000000036,re0000000036,false,false,elRS70SAGGU0002_fMet_EFTu_GDP_PO4_GlytRNAGlyGCC,"RS50S_degraded,mRNA,RS30S,fMet,GlytRNAGlyGCC,EFTu,GDP,PO4",,k1 * elRS70SAGGU0002_fMet_EFTu_GDP_PO4_GlytRNAGlyGCC,
STATE_TRANSITION,re0000000037,re0000000037,false,false,elRS70SAGGU0002_fMet_EFTu_GDP_PO4_GlytRNAGlyGCC,"RS30S_degraded,RS50S,mRNA,fMet,GlytRNAGlyGCC,EFTu,GDP,PO4",,k1 * elRS70SAGGU0002_fMet_EFTu_GDP_PO4_GlytRNAGlyGCC,
STATE_TRANSITION,re0000000038,re0000000038,false,false,elRS70SAGGU0002_fMet_EFTu_GDP_PO4_GlytRNAGlyGCC,"EFTu_degraded,fMet,GlytRNAGlyGCC,mRNA,RS30S,RS50S,GDP,PO4",,k1 * elRS70SAGGU0002_fMet_EFTu_GDP_PO4_GlytRNAGlyGCC,
STATE_TRANSITION,re0000000039,re0000000039,false,false,elRS70SAGGU0002_fMet_EFTu_GDP_GlytRNAGlyGCC,"RS50S_degraded,mRNA,RS30S,fMet,GlytRNAGlyGCC,EFTu,GDP",,k1 * elRS70SAGGU0002_fMet_EFTu_GDP_GlytRNAGlyGCC,
STATE_TRANSITION,re0000000040,re0000000040,false,false,elRS70SAGGU0002_fMet_EFTu_GDP_GlytRNAGlyGCC,"RS30S_degraded,RS50S,mRNA,fMet,GlytRNAGlyGCC,EFTu,GDP",,k1 * elRS70SAGGU0002_fMet_EFTu_GDP_GlytRNAGlyGCC,
STATE_TRANSITION,re0000000041,re0000000041,false,false,elRS70SAGGU0002_fMet_EFTu_GDP_GlytRNAGlyGCC,"EFTu_degraded,fMet,GlytRNAGlyGCC,mRNA,RS30S,RS50S,GDP",,k1 * elRS70SAGGU0002_fMet_EFTu_GDP_GlytRNAGlyGCC,
STATE_TRANSITION,re0000000042,re0000000042,false,false,elRS70SAGGU0002_fMet_EFTu_GDP,"RS50S_degraded,mRNA,RS30S,fMet,EFTu,GDP",,k1 * elRS70SAGGU0002_fMet_EFTu_GDP,
STATE_TRANSITION,re0000000043,re0000000043,false,false,elRS70SAGGU0002_fMet_EFTu_GDP,"RS30S_degraded,RS50S,mRNA,fMet,EFTu,GDP",,k1 * elRS70SAGGU0002_fMet_EFTu_GDP,
STATE_TRANSITION,re0000000044,re0000000044,false,false,elRS70SAGGU0002_fMet_EFTu_GDP,"EFTu_degraded,fMet,mRNA,RS30S,RS50S,GDP",,k1 * elRS70SAGGU0002_fMet_EFTu_GDP,
STATE_TRANSITION,re0000000045,re0000000045,false,false,elRS70SAGGU0002_fMet_GlytRNAGlyGCC,"RS50S_degraded,mRNA,RS30S,fMet,GlytRNAGlyGCC",,k1 * elRS70SAGGU0002_fMet_GlytRNAGlyGCC,
STATE_TRANSITION,re0000000046,re0000000046,false,false,elRS70SAGGU0002_fMet_GlytRNAGlyGCC,"RS30S_degraded,RS50S,mRNA,fMet,GlytRNAGlyGCC",,k1 * elRS70SAGGU0002_fMet_GlytRNAGlyGCC,
STATE_TRANSITION,re0000000047,re0000000047,false,false,elRS70SBGGU0002_Pept0002tRNAGlyGCC,"RS50S_degraded,mRNA,RS30S,Pept0002tRNAGlyGCC",,k1 * elRS70SBGGU0002_Pept0002tRNAGlyGCC,
STATE_TRANSITION,re0000000048,re0000000048,false,false,elRS70SBGGU0002_Pept0002tRNAGlyGCC,"RS30S_degraded,RS50S,mRNA,Pept0002tRNAGlyGCC",,k1 * elRS70SBGGU0002_Pept0002tRNAGlyGCC,
STATE_TRANSITION,re0000000049,re0000000049,false,false,elRS70SBGGU0002_Pept0002tRNAGlyGCC_EFG_GTP,"RS50S_degraded,mRNA,RS30S,Pept0002tRNAGlyGCC,EFG,GTP",,k1 * elRS70SBGGU0002_Pept0002tRNAGlyGCC_EFG_GTP,
STATE_TRANSITION,re0000000050,re0000000050,false,false,elRS70SBGGU0002_Pept0002tRNAGlyGCC_EFG_GTP,"RS30S_degraded,RS50S,mRNA,Pept0002tRNAGlyGCC,EFG,GTP",,k1 * elRS70SBGGU0002_Pept0002tRNAGlyGCC_EFG_GTP,
STATE_TRANSITION,re0000000051,re0000000051,false,false,elRS70SBGGU0002_Pept0002tRNAGlyGCC_EFG_GTP,"EFG_degraded,GTP,RS50S,RS30S,mRNA,Pept0002tRNAGlyGCC",,k1 * elRS70SBGGU0002_Pept0002tRNAGlyGCC_EFG_GTP,
STATE_TRANSITION,re0000000052,re0000000052,false,false,elRS70SCGGU0003_Pept0002tRNAGlyGCC_EFG_GDP,"RS50S_degraded,mRNA,RS30S,Pept0002tRNAGlyGCC,EFG,GDP",,k1 * elRS70SCGGU0003_Pept0002tRNAGlyGCC_EFG_GDP,
STATE_TRANSITION,re0000000053,re0000000053,false,false,elRS70SCGGU0003_Pept0002tRNAGlyGCC_EFG_GDP,"RS30S_degraded,RS50S,mRNA,Pept0002tRNAGlyGCC,EFG,GDP",,k1 * elRS70SCGGU0003_Pept0002tRNAGlyGCC_EFG_GDP,
STATE_TRANSITION,re0000000054,re0000000054,false,false,elRS70SCGGU0003_Pept0002tRNAGlyGCC_EFG_GDP,"EFG_degraded,GDP,RS50S,RS30S,mRNA,Pept0002tRNAGlyGCC",,k1 * elRS70SCGGU0003_Pept0002tRNAGlyGCC_EFG_GDP,
STATE_TRANSITION,re0000000055,re0000000055,false,false,elRS70SBGGU0002_Pept0002tRNAGlyGCC_EFG_GDP_PO4,"RS50S_degraded,mRNA,RS30S,Pept0002tRNAGlyGCC,EFG,GDP,PO4",,k1 * elRS70SBGGU0002_Pept0002tRNAGlyGCC_EFG_GDP_PO4,
STATE_TRANSITION,re0000000056,re0000000056,false,false,elRS70SBGGU0002_Pept0002tRNAGlyGCC_EFG_GDP_PO4,"RS30S_degraded,RS50S,mRNA,Pept0002tRNAGlyGCC,EFG,GDP,PO4",,k1 * elRS70SBGGU0002_Pept0002tRNAGlyGCC_EFG_GDP_PO4,
STATE_TRANSITION,re0000000057,re0000000057,false,false,elRS70SBGGU0002_Pept0002tRNAGlyGCC_EFG_GDP_PO4,"EFG_degraded,GDP,RS50S,RS30S,mRNA,Pept0002tRNAGlyGCC,PO4",,k1 * elRS70SBGGU0002_Pept0002tRNAGlyGCC_EFG_GDP_PO4,
STATE_TRANSITION,re0000000058,re0000000058,false,false,elRS70SAGGU0003_Pept0002tRNAGlyGCC,"RS50S_degraded,mRNA,RS30S,Pept0002tRNAGlyGCC",,k1 * elRS70SAGGU0003_Pept0002tRNAGlyGCC,
STATE_TRANSITION,re0000000059,re0000000059,false,false,elRS70SAGGU0003_Pept0002tRNAGlyGCC,"RS30S_degraded,RS50S,mRNA,Pept0002tRNAGlyGCC",,k1 * elRS70SAGGU0003_Pept0002tRNAGlyGCC,
STATE_TRANSITION,re0000000060,re0000000060,false,false,"elRS70SAGGU0002_fMet_EFTu_GDP_GlytRNAGlyGCC,PO4",elRS70SAGGU0002_fMet_EFTu_GDP_PO4_GlytRNAGlyGCC,,k1 * elRS70SAGGU0002_fMet_EFTu_GDP_GlytRNAGlyGCC * PO4,
STATE_TRANSITION,re0000000061,re0000000061,false,false,"EFTu_GDP,elRS70SAGGU0002_fMet_GlytRNAGlyGCC",elRS70SAGGU0002_fMet_EFTu_GDP_GlytRNAGlyGCC,,k1 * EFTu_GDP * elRS70SAGGU0002_fMet_GlytRNAGlyGCC,
STATE_TRANSITION,re0000000062,re0000000062,false,false,elRS70SBGGU0002_Pept0002tRNAGlyGCC,elRS70SAGGU0002_fMet_GlytRNAGlyGCC,,k1 * elRS70SBGGU0002_Pept0002tRNAGlyGCC,
STATE_TRANSITION,re0000000063,re0000000063,false,false,"elRS70SAGGU0002_fMet_EFTu_GDP,GlytRNAGlyGCC",elRS70SAGGU0002_fMet_EFTu_GDP_GlytRNAGlyGCC,,k1 * elRS70SAGGU0002_fMet_EFTu_GDP * GlytRNAGlyGCC,
STATE_TRANSITION,re0000000064,re0000000064,false,false,"elRS70SAGGU0002_fMet,GlytRNAGlyGCC",elRS70SAGGU0002_fMet_GlytRNAGlyGCC,,k1 * elRS70SAGGU0002_fMet * GlytRNAGlyGCC,
STATE_TRANSITION,re0000000065,re0000000065,false,false,"elRS70SAGGU0002_fMet,EFTu_GDP",elRS70SAGGU0002_fMet_EFTu_GDP,,k1 * elRS70SAGGU0002_fMet * EFTu_GDP,
STATE_TRANSITION,re0000000066,re0000000066,false,false,"PO4,elRS70SCGGU0003_Pept0002tRNAGlyGCC_EFG_GDP",elRS70SBGGU0002_Pept0002tRNAGlyGCC_EFG_GDP_PO4,,k1 * PO4 * elRS70SCGGU0003_Pept0002tRNAGlyGCC_EFG_GDP,
STATE_TRANSITION,re0000000067,re0000000067,false,false,"elRS70SAGGU0003_Pept0002tRNAGlyGCC,EFG_GDP",elRS70SCGGU0003_Pept0002tRNAGlyGCC_EFG_GDP,,k1 * elRS70SAGGU0003_Pept0002tRNAGlyGCC * EFG_GDP,
STATE_TRANSITION,re0000000068,re0000000068,false,false,elRS70SAGGU0003_Pept0002tRNAGlyGCC,"elRS70SAGGU0003_Pept0002,tRNAGlyGCC",,k1 * elRS70SAGGU0003_Pept0002tRNAGlyGCC,
STATE_TRANSITION,re0000000069,re0000000069,false,false,"elRS70SAGGU0003_Pept0002,tRNAGlyGCC",elRS70SAGGU0003_Pept0002tRNAGlyGCC,,k1 * elRS70SAGGU0003_Pept0002 * tRNAGlyGCC,
STATE_TRANSITION,re0000000070,re0000000070,false,false,tRNAGlyGCC,tRNAGlyGCC_degraded,,k1 * tRNAGlyGCC,
STATE_TRANSITION,re0000000071,re0000000071,false,false,Pept0002,Pept0002_degraded,,k1 * Pept0002,
STATE_TRANSITION,re0000000072,re0000000072,false,false,elRS70SAGGU0003_Pept0002,"RS50S_degraded,mRNA,RS30S,Pept0002",,k1 * elRS70SAGGU0003_Pept0002,
STATE_TRANSITION,re0000000073,re0000000073,false,false,elRS70SAGGU0003_Pept0002,"RS30S_degraded,RS50S,mRNA,Pept0002",,k1 * elRS70SAGGU0003_Pept0002,
STATE_TRANSITION,re0000000074,re0000000074,false,false,"EFTu_GTP_GlytRNAGlyGCC,elRS70SAGGU0003_Pept0002",elRS70SAGGU0003_Pept0002_EFTu_GTP_GlytRNAGlyGCC,,k1 * EFTu_GTP_GlytRNAGlyGCC * elRS70SAGGU0003_Pept0002,
STATE_TRANSITION,re0000000075,re0000000075,false,false,elRS70SAGGU0003_Pept0002_EFTu_GTP_GlytRNAGlyGCC,elRS70SAGGU0003_Pept0002_EFTu_GDP_PO4_GlytRNAGlyGCC,,k1 * elRS70SAGGU0003_Pept0002_EFTu_GTP_GlytRNAGlyGCC,
STATE_TRANSITION,re0000000076,re0000000076,false,false,elRS70SAGGU0003_Pept0002_EFTu_GDP_PO4_GlytRNAGlyGCC,elRS70SAGGU0003_Pept0002_EFTu_GTP_GlytRNAGlyGCC,,k1 * elRS70SAGGU0003_Pept0002_EFTu_GDP_PO4_GlytRNAGlyGCC,
STATE_TRANSITION,re0000000077,re0000000077,false,false,elRS70SAGGU0003_Pept0002_EFTu_GDP_PO4_GlytRNAGlyGCC,"PO4,elRS70SAGGU0003_Pept0002_EFTu_GDP_GlytRNAGlyGCC",,k1 * elRS70SAGGU0003_Pept0002_EFTu_GDP_PO4_GlytRNAGlyGCC,
STATE_TRANSITION,re0000000078,re0000000078,false,false,elRS70SAGGU0003_Pept0002_EFTu_GDP_GlytRNAGlyGCC,"EFTu_GDP,elRS70SAGGU0003_Pept0002_GlytRNAGlyGCC",,k1 * elRS70SAGGU0003_Pept0002_EFTu_GDP_GlytRNAGlyGCC,
STATE_TRANSITION,re0000000079,re0000000079,false,false,elRS70SAGGU0003_Pept0002_GlytRNAGlyGCC,elRS70SBGGU0003_Pept0003tRNAGlyGCC,,k1 * elRS70SAGGU0003_Pept0002_GlytRNAGlyGCC,
STATE_TRANSITION,re0000000080,re0000000080,false,false,"elRS70SBGGU0003_Pept0003tRNAGlyGCC,EFG_GTP",elRS70SBGGU0003_Pept0003tRNAGlyGCC_EFG_GTP,,k1 * elRS70SBGGU0003_Pept0003tRNAGlyGCC * EFG_GTP,
STATE_TRANSITION,re0000000081,re0000000081,false,false,elRS70SBGGU0003_Pept0003tRNAGlyGCC_EFG_GTP,"EFG_GTP,elRS70SBGGU0003_Pept0003tRNAGlyGCC",,k1 * elRS70SBGGU0003_Pept0003tRNAGlyGCC_EFG_GTP,
STATE_TRANSITION,re0000000082,re0000000082,false,false,elRS70SAGGU0003_Pept0002_EFTu_GTP_GlytRNAGlyGCC,"EFTu_GTP_GlytRNAGlyGCC,elRS70SAGGU0003_Pept0002",,k1 * elRS70SAGGU0003_Pept0002_EFTu_GTP_GlytRNAGlyGCC,
STATE_TRANSITION,re0000000083,re0000000083,false,false,elRS70SBGGU0003_Pept0003tRNAGlyGCC_EFG_GTP,elRS70SBGGU0003_Pept0003tRNAGlyGCC_EFG_GDP_PO4,,k1 * elRS70SBGGU0003_Pept0003tRNAGlyGCC_EFG_GTP,
STATE_TRANSITION,re0000000084,re0000000084,false,false,elRS70SBGGU0003_Pept0003tRNAGlyGCC_EFG_GDP_PO4,elRS70SBGGU0003_Pept0003tRNAGlyGCC_EFG_GTP,,k1 * elRS70SBGGU0003_Pept0003tRNAGlyGCC_EFG_GDP_PO4,
STATE_TRANSITION,re0000000085,re0000000085,false,false,elRS70SBGGU0003_Pept0003tRNAGlyGCC_EFG_GDP_PO4,"PO4,elRS70SCUAA0004_Pept0003tRNAGlyGCC_EFG_GDP",,k1 * elRS70SBGGU0003_Pept0003tRNAGlyGCC_EFG_GDP_PO4,
STATE_TRANSITION,re0000000086,re0000000086,false,false,elRS70SCUAA0004_Pept0003tRNAGlyGCC_EFG_GDP,"elRS70SAUAA0004_Pept0003tRNAGlyGCC,EFG_GDP",,k1 * elRS70SCUAA0004_Pept0003tRNAGlyGCC_EFG_GDP,
STATE_TRANSITION,re0000000087,re0000000087,false,false,elRS70SAGGU0003_Pept0002_EFTu_GDP_GlytRNAGlyGCC,"elRS70SAGGU0003_Pept0002_EFTu_GDP,GlytRNAGlyGCC",,k1 * elRS70SAGGU0003_Pept0002_EFTu_GDP_GlytRNAGlyGCC,
STATE_TRANSITION,re0000000088,re0000000088,false,false,elRS70SAGGU0003_Pept0002_GlytRNAGlyGCC,"elRS70SAGGU0003_Pept0002,GlytRNAGlyGCC",,k1 * elRS70SAGGU0003_Pept0002_GlytRNAGlyGCC,
STATE_TRANSITION,re0000000089,re0000000089,false,false,elRS70SAGGU0003_Pept0002_EFTu_GDP,"elRS70SAGGU0003_Pept0002,EFTu_GDP",,k1 * elRS70SAGGU0003_Pept0002_EFTu_GDP,
STATE_TRANSITION,re0000000090,re0000000090,false,false,Pept0003tRNAGlyGCC,Pept0003tRNAGlyGCC_degraded,,k1 * Pept0003tRNAGlyGCC,
STATE_TRANSITION,re0000000091,re0000000091,false,false,elRS70SAGGU0003_Pept0002_EFTu_GTP_GlytRNAGlyGCC,"RS50S_degraded,mRNA,RS30S,Pept0002,GlytRNAGlyGCC,EFTu,GTP",,k1 * elRS70SAGGU0003_Pept0002_EFTu_GTP_GlytRNAGlyGCC,
STATE_TRANSITION,re0000000092,re0000000092,false,false,elRS70SAGGU0003_Pept0002_EFTu_GTP_GlytRNAGlyGCC,"RS30S_degraded,RS50S,mRNA,Pept0002,GlytRNAGlyGCC,EFTu,GTP",,k1 * elRS70SAGGU0003_Pept0002_EFTu_GTP_GlytRNAGlyGCC,
STATE_TRANSITION,re0000000093,re0000000093,false,false,elRS70SAGGU0003_Pept0002_EFTu_GTP_GlytRNAGlyGCC,"EFTu_degraded,Pept0002,GlytRNAGlyGCC,mRNA,RS30S,RS50S,GTP",,k1 * elRS70SAGGU0003_Pept0002_EFTu_GTP_GlytRNAGlyGCC,
STATE_TRANSITION,re0000000094,re0000000094,false,false,elRS70SAGGU0003_Pept0002_EFTu_GDP_PO4_GlytRNAGlyGCC,"RS50S_degraded,mRNA,RS30S,Pept0002,GlytRNAGlyGCC,EFTu,GDP,PO4",,k1 * elRS70SAGGU0003_Pept0002_EFTu_GDP_PO4_GlytRNAGlyGCC,
STATE_TRANSITION,re0000000095,re0000000095,false,false,elRS70SAGGU0003_Pept0002_EFTu_GDP_PO4_GlytRNAGlyGCC,"RS30S_degraded,RS50S,mRNA,Pept0002,GlytRNAGlyGCC,EFTu,GDP,PO4",,k1 * elRS70SAGGU0003_Pept0002_EFTu_GDP_PO4_GlytRNAGlyGCC,
STATE_TRANSITION,re0000000096,re0000000096,false,false,elRS70SAGGU0003_Pept0002_EFTu_GDP_PO4_GlytRNAGlyGCC,"EFTu_degraded,Pept0002,GlytRNAGlyGCC,mRNA,RS30S,RS50S,GDP,PO4",,k1 * elRS70SAGGU0003_Pept0002_EFTu_GDP_PO4_GlytRNAGlyGCC,
STATE_TRANSITION,re0000000097,re0000000097,false,false,elRS70SAGGU0003_Pept0002_EFTu_GDP_GlytRNAGlyGCC,"RS50S_degraded,mRNA,RS30S,Pept0002,GlytRNAGlyGCC,EFTu,GDP",,k1 * elRS70SAGGU0003_Pept0002_EFTu_GDP_GlytRNAGlyGCC,
STATE_TRANSITION,re0000000098,re0000000098,false,false,elRS70SAGGU0003_Pept0002_EFTu_GDP_GlytRNAGlyGCC,"RS30S_degraded,RS50S,mRNA,Pept0002,GlytRNAGlyGCC,EFTu,GDP",,k1 * elRS70SAGGU0003_Pept0002_EFTu_GDP_GlytRNAGlyGCC,
STATE_TRANSITION,re0000000099,re0000000099,false,false,elRS70SAGGU0003_Pept0002_EFTu_GDP_GlytRNAGlyGCC,"EFTu_degraded,Pept0002,GlytRNAGlyGCC,mRNA,RS30S,RS50S,GDP",,k1 * elRS70SAGGU0003_Pept0002_EFTu_GDP_GlytRNAGlyGCC,
STATE_TRANSITION,re0000000100,re0000000100,false,false,elRS70SAGGU0003_Pept0002_EFTu_GDP,"RS50S_degraded,mRNA,RS30S,Pept0002,EFTu,GDP",,k1 * elRS70SAGGU0003_Pept0002_EFTu_GDP,
STATE_TRANSITION,re0000000101,re0000000101,false,false,elRS70SAGGU0003_Pept0002_EFTu_GDP,"RS30S_degraded,RS50S,mRNA,Pept0002,EFTu,GDP",,k1 * elRS70SAGGU0003_Pept0002_EFTu_GDP,
STATE_TRANSITION,re0000000102,re0000000102,false,false,elRS70SAGGU0003_Pept0002_EFTu_GDP,"EFTu_degraded,Pept0002,mRNA,RS30S,RS50S,GDP",,k1 * elRS70SAGGU0003_Pept0002_EFTu_GDP,
STATE_TRANSITION,re0000000103,re0000000103,false,false,elRS70SAGGU0003_Pept0002_GlytRNAGlyGCC,"RS50S_degraded,mRNA,RS30S,Pept0002,GlytRNAGlyGCC",,k1 * elRS70SAGGU0003_Pept0002_GlytRNAGlyGCC,
STATE_TRANSITION,re0000000104,re0000000104,false,false,elRS70SAGGU0003_Pept0002_GlytRNAGlyGCC,"RS30S_degraded,RS50S,mRNA,Pept0002,GlytRNAGlyGCC",,k1 * elRS70SAGGU0003_Pept0002_GlytRNAGlyGCC,
STATE_TRANSITION,re0000000105,re0000000105,false,false,elRS70SBGGU0003_Pept0003tRNAGlyGCC,"RS50S_degraded,mRNA,RS30S,Pept0003tRNAGlyGCC",,k1 * elRS70SBGGU0003_Pept0003tRNAGlyGCC,
STATE_TRANSITION,re0000000106,re0000000106,false,false,elRS70SBGGU0003_Pept0003tRNAGlyGCC,"RS30S_degraded,RS50S,mRNA,Pept0003tRNAGlyGCC",,k1 * elRS70SBGGU0003_Pept0003tRNAGlyGCC,
STATE_TRANSITION,re0000000107,re0000000107,false,false,elRS70SBGGU0003_Pept0003tRNAGlyGCC_EFG_GTP,"RS50S_degraded,mRNA,RS30S,Pept0003tRNAGlyGCC,EFG,GTP",,k1 * elRS70SBGGU0003_Pept0003tRNAGlyGCC_EFG_GTP,
STATE_TRANSITION,re0000000108,re0000000108,false,false,elRS70SBGGU0003_Pept0003tRNAGlyGCC_EFG_GTP,"RS30S_degraded,RS50S,mRNA,Pept0003tRNAGlyGCC,EFG,GTP",,k1 * elRS70SBGGU0003_Pept0003tRNAGlyGCC_EFG_GTP,
STATE_TRANSITION,re0000000109,re0000000109,false,false,elRS70SBGGU0003_Pept0003tRNAGlyGCC_EFG_GTP,"EFG_degraded,GTP,RS50S,RS30S,mRNA,Pept0003tRNAGlyGCC",,k1 * elRS70SBGGU0003_Pept0003tRNAGlyGCC_EFG_GTP,
STATE_TRANSITION,re0000000110,re0000000110,false,false,elRS70SCUAA0004_Pept0003tRNAGlyGCC_EFG_GDP,"RS50S_degraded,mRNA,RS30S,Pept0003tRNAGlyGCC,EFG,GDP",,k1 * elRS70SCUAA0004_Pept0003tRNAGlyGCC_EFG_GDP,
STATE_TRANSITION,re0000000111,re0000000111,false,false,elRS70SCUAA0004_Pept0003tRNAGlyGCC_EFG_GDP,"RS30S_degraded,RS50S,mRNA,Pept0003tRNAGlyGCC,EFG,GDP",,k1 * elRS70SCUAA0004_Pept0003tRNAGlyGCC_EFG_GDP,
STATE_TRANSITION,re0000000112,re0000000112,false,false,elRS70SCUAA0004_Pept0003tRNAGlyGCC_EFG_GDP,"EFG_degraded,GDP,RS50S,RS30S,mRNA,Pept0003tRNAGlyGCC",,k1 * elRS70SCUAA0004_Pept0003tRNAGlyGCC_EFG_GDP,
STATE_TRANSITION,re0000000113,re0000000113,false,false,elRS70SBGGU0003_Pept0003tRNAGlyGCC_EFG_GDP_PO4,"RS50S_degraded,mRNA,RS30S,Pept0003tRNAGlyGCC,EFG,GDP,PO4",,k1 * elRS70SBGGU0003_Pept0003tRNAGlyGCC_EFG_GDP_PO4,
STATE_TRANSITION,re0000000114,re0000000114,false,false,elRS70SBGGU0003_Pept0003tRNAGlyGCC_EFG_GDP_PO4,"RS30S_degraded,RS50S,mRNA,Pept0003tRNAGlyGCC,EFG,GDP,PO4",,k1 * elRS70SBGGU0003_Pept0003tRNAGlyGCC_EFG_GDP_PO4,
STATE_TRANSITION,re0000000115,re0000000115,false,false,elRS70SBGGU0003_Pept0003tRNAGlyGCC_EFG_GDP_PO4,"EFG_degraded,GDP,RS50S,RS30S,mRNA,Pept0003tRNAGlyGCC,PO4",,k1 * elRS70SBGGU0003_Pept0003tRNAGlyGCC_EFG_GDP_PO4,
STATE_TRANSITION,re0000000116,re0000000116,false,false,elRS70SAUAA0004_Pept0003tRNAGlyGCC,"RS50S_degraded,mRNA,RS30S,Pept0003tRNAGlyGCC",,k1 * elRS70SAUAA0004_Pept0003tRNAGlyGCC,
STATE_TRANSITION,re0000000117,re0000000117,false,false,elRS70SAUAA0004_Pept0003tRNAGlyGCC,"RS30S_degraded,RS50S,mRNA,Pept0003tRNAGlyGCC",,k1 * elRS70SAUAA0004_Pept0003tRNAGlyGCC,
STATE_TRANSITION,re0000000118,re0000000118,false,false,"elRS70SAGGU0003_Pept0002_EFTu_GDP_GlytRNAGlyGCC,PO4",elRS70SAGGU0003_Pept0002_EFTu_GDP_PO4_GlytRNAGlyGCC,,k1 * elRS70SAGGU0003_Pept0002_EFTu_GDP_GlytRNAGlyGCC * PO4,
STATE_TRANSITION,re0000000119,re0000000119,false,false,"EFTu_GDP,elRS70SAGGU0003_Pept0002_GlytRNAGlyGCC",elRS70SAGGU0003_Pept0002_EFTu_GDP_GlytRNAGlyGCC,,k1 * EFTu_GDP * elRS70SAGGU0003_Pept0002_GlytRNAGlyGCC,
STATE_TRANSITION,re0000000120,re0000000120,false,false,elRS70SBGGU0003_Pept0003tRNAGlyGCC,elRS70SAGGU0003_Pept0002_GlytRNAGlyGCC,,k1 * elRS70SBGGU0003_Pept0003tRNAGlyGCC,
STATE_TRANSITION,re0000000121,re0000000121,false,false,"elRS70SAGGU0003_Pept0002_EFTu_GDP,GlytRNAGlyGCC",elRS70SAGGU0003_Pept0002_EFTu_GDP_GlytRNAGlyGCC,,k1 * elRS70SAGGU0003_Pept0002_EFTu_GDP * GlytRNAGlyGCC,
STATE_TRANSITION,re0000000122,re0000000122,false,false,"elRS70SAGGU0003_Pept0002,GlytRNAGlyGCC",elRS70SAGGU0003_Pept0002_GlytRNAGlyGCC,,k1 * elRS70SAGGU0003_Pept0002 * GlytRNAGlyGCC,
STATE_TRANSITION,re0000000123,re0000000123,false,false,"elRS70SAGGU0003_Pept0002,EFTu_GDP",elRS70SAGGU0003_Pept0002_EFTu_GDP,,k1 * elRS70SAGGU0003_Pept0002 * EFTu_GDP,
STATE_TRANSITION,re0000000124,re0000000124,false,false,"PO4,elRS70SCUAA0004_Pept0003tRNAGlyGCC_EFG_GDP",elRS70SBGGU0003_Pept0003tRNAGlyGCC_EFG_GDP_PO4,,k1 * PO4 * elRS70SCUAA0004_Pept0003tRNAGlyGCC_EFG_GDP,
STATE_TRANSITION,re0000000125,re0000000125,false,false,"elRS70SAUAA0004_Pept0003tRNAGlyGCC,EFG_GDP",elRS70SCUAA0004_Pept0003tRNAGlyGCC_EFG_GDP,,k1 * elRS70SAUAA0004_Pept0003tRNAGlyGCC * EFG_GDP,
STATE_TRANSITION,re0000000126,re0000000126,false,false,"GlyRS,Gly",GlyRS_Gly,,k1 * GlyRS * Gly,
STATE_TRANSITION,re0000000127,re0000000127,false,false,GlyRS_GlyAMP_PPi,"GlyRS_GlyAMP,PPi",,k1 * GlyRS_GlyAMP_PPi,
STATE_TRANSITION,re0000000128,re0000000128,false,false,GlyRS,GlyRS_degraded,,k1 * GlyRS,
STATE_TRANSITION,re0000000129,re0000000129,false,false,GlyRS_Gly_ATP,"GlyRS_degraded,Gly,ATP",,k1 * GlyRS_Gly_ATP,
STATE_TRANSITION,re0000000130,re0000000130,false,false,GlyRS_GlyAMP,"GlyRS_degraded,GlyAMP",,k1 * GlyRS_GlyAMP,
STATE_TRANSITION,re0000000131,re0000000131,false,false,GlyRS_Gly,"GlyRS,Gly",,k1 * GlyRS_Gly,
STATE_TRANSITION,re0000000132,re0000000132,false,false,"GlyRS,ATP",GlyRS_ATP,,k1 * GlyRS * ATP,
STATE_TRANSITION,re0000000133,re0000000133,false,false,GlyRS_ATP,"GlyRS,ATP",,k1 * GlyRS_ATP,
STATE_TRANSITION,re0000000134,re0000000134,false,false,"GlyRS_ATP,Gly",GlyRS_Gly_ATP,,k1 * GlyRS_ATP * Gly,
STATE_TRANSITION,re0000000135,re0000000135,false,false,GlyRS_Gly_ATP,"GlyRS_ATP,Gly",,k1 * GlyRS_Gly_ATP,
STATE_TRANSITION,re0000000136,re0000000136,false,false,"GlyRS_Gly,ATP",GlyRS_Gly_ATP,,k1 * GlyRS_Gly * ATP,
STATE_TRANSITION,re0000000137,re0000000137,false,false,GlyRS_Gly_ATP,"GlyRS_Gly,ATP",,k1 * GlyRS_Gly_ATP,
STATE_TRANSITION,re0000000138,re0000000138,false,false,GlyRS_ATP,"GlyRS_degraded,ATP",,k1 * GlyRS_ATP,
STATE_TRANSITION,re0000000139,re0000000139,false,false,GlyRS_Gly,"GlyRS_degraded,Gly",,k1 * GlyRS_Gly,
STATE_TRANSITION,re0000000140,re0000000140,false,false,GlyRS_Gly_ATP,GlyRS_GlyAMP_PPi,,k1 * GlyRS_Gly_ATP,
STATE_TRANSITION,re0000000141,re0000000141,false,false,GlyRS_GlyAMP_PPi,GlyRS_Gly_ATP,,k1 * GlyRS_GlyAMP_PPi,
STATE_TRANSITION,re0000000142,re0000000142,false,false,GlyRS_GlyAMP_PPi,"GlyRS_degraded,GlyAMP,PPi",,k1 * GlyRS_GlyAMP_PPi,
STATE_TRANSITION,re0000000143,re0000000143,false,false,GlyAMP,"Gly,AMP",,k1 * GlyAMP,
STATE_TRANSITION,re0000000144,re0000000144,false,false,GlyRS_AMP,"GlyRS_degraded,AMP",,k1 * GlyRS_AMP,
STATE_TRANSITION,re0000000145,re0000000145,false,false,GlyRS_AMP,"GlyRS,AMP",,k1 * GlyRS_AMP,
STATE_TRANSITION,re0000000146,re0000000146,false,false,"GlyRS,AMP",GlyRS_AMP,,k1 * GlyRS * AMP,
STATE_TRANSITION,re0000000147,re0000000147,false,false,GlyRS_GlyAMP,"GlyRS,GlyAMP",,k1 * GlyRS_GlyAMP,
STATE_TRANSITION,re0000000148,re0000000148,false,false,"GlyRS,GlyAMP",GlyRS_GlyAMP,,k1 * GlyRS * GlyAMP,
STATE_TRANSITION,re0000000149,re0000000149,false,false,"Gly,AMP",GlyAMP,,k1 * Gly * AMP,
STATE_TRANSITION,re0000000150,re0000000150,false,false,"GlyRS_GlyAMP,PPi",GlyRS_GlyAMP_PPi,,k1 * GlyRS_GlyAMP * PPi,
STATE_TRANSITION,re0000000151,re0000000151,false,false,"MetRS,Met",MetRS_Met,,k1 * MetRS * Met,
STATE_TRANSITION,re0000000152,re0000000152,false,false,MetRS_MetAMP_PPi,"MetRS_MetAMP,PPi",,k1 * MetRS_MetAMP_PPi,
STATE_TRANSITION,re0000000153,re0000000153,false,false,MetRS,MetRS_degraded,,k1 * MetRS,
STATE_TRANSITION,re0000000154,re0000000154,false,false,MetRS_Met_ATP,"MetRS_degraded,Met,ATP",,k1 * MetRS_Met_ATP,
STATE_TRANSITION,re0000000155,re0000000155,false,false,MetRS_MetAMP,"MetRS_degraded,MetAMP",,k1 * MetRS_MetAMP,
STATE_TRANSITION,re0000000156,re0000000156,false,false,MetRS_Met,"MetRS,Met",,k1 * MetRS_Met,
STATE_TRANSITION,re0000000157,re0000000157,false,false,"MetRS,ATP",MetRS_ATP,,k1 * MetRS * ATP,
STATE_TRANSITION,re0000000158,re0000000158,false,false,MetRS_ATP,"MetRS,ATP",,k1 * MetRS_ATP,
STATE_TRANSITION,re0000000159,re0000000159,false,false,"MetRS_ATP,Met",MetRS_Met_ATP,,k1 * MetRS_ATP * Met,
STATE_TRANSITION,re0000000160,re0000000160,false,false,MetRS_Met_ATP,"MetRS_ATP,Met",,k1 * MetRS_Met_ATP,
STATE_TRANSITION,re0000000161,re0000000161,false,false,"MetRS_Met,ATP",MetRS_Met_ATP,,k1 * MetRS_Met * ATP,
STATE_TRANSITION,re0000000162,re0000000162,false,false,MetRS_Met_ATP,"MetRS_Met,ATP",,k1 * MetRS_Met_ATP,
STATE_TRANSITION,re0000000163,re0000000163,false,false,MetRS_ATP,"MetRS_degraded,ATP",,k1 * MetRS_ATP,
STATE_TRANSITION,re0000000164,re0000000164,false,false,MetRS_Met,"MetRS_degraded,Met",,k1 * MetRS_Met,
STATE_TRANSITION,re0000000165,re0000000165,false,false,MetRS_Met_ATP,MetRS_MetAMP_PPi,,k1 * MetRS_Met_ATP,
STATE_TRANSITION,re0000000166,re0000000166,false,false,MetRS_MetAMP_PPi,MetRS_Met_ATP,,k1 * MetRS_MetAMP_PPi,
STATE_TRANSITION,re0000000167,re0000000167,false,false,MetRS_MetAMP_PPi,"MetRS_degraded,MetAMP,PPi",,k1 * MetRS_MetAMP_PPi,
STATE_TRANSITION,re0000000168,re0000000168,false,false,MetAMP,"Met,AMP",,k1 * MetAMP,
STATE_TRANSITION,re0000000169,re0000000169,false,false,MetRS_AMP,"MetRS_degraded,AMP",,k1 * MetRS_AMP,
STATE_TRANSITION,re0000000170,re0000000170,false,false,MetRS_AMP,"MetRS,AMP",,k1 * MetRS_AMP,
STATE_TRANSITION,re0000000171,re0000000171,false,false,"MetRS,AMP",MetRS_AMP,,k1 * MetRS * AMP,
STATE_TRANSITION,re0000000172,re0000000172,false,false,MetRS_MetAMP,"MetRS,MetAMP",,k1 * MetRS_MetAMP,
STATE_TRANSITION,re0000000173,re0000000173,false,false,"MetRS,MetAMP",MetRS_MetAMP,,k1 * MetRS * MetAMP,
STATE_TRANSITION,re0000000174,re0000000174,false,false,"Met,AMP",MetAMP,,k1 * Met * AMP,
STATE_TRANSITION,re0000000175,re0000000175,false,false,"MetRS_MetAMP,PPi",MetRS_MetAMP_PPi,,k1 * MetRS_MetAMP * PPi,
STATE_TRANSITION,re0000000176,re0000000176,false,false,GlytRNAGlyGCC,"tRNAGlyGCC,Gly",,k1 * GlytRNAGlyGCC,
STATE_TRANSITION,re0000000177,re0000000177,false,false,GlyRS_GlyAMP_tRNAGlyGCC,"GlyRS_degraded,GlyAMP,tRNAGlyGCC",,k1 * GlyRS_GlyAMP_tRNAGlyGCC,
STATE_TRANSITION,re0000000178,re0000000178,false,false,GlyRS_GlyAMP_tRNAGlyGCC,GlyRS_AMP_GlytRNAGlyGCC,,k1 * GlyRS_GlyAMP_tRNAGlyGCC,
STATE_TRANSITION,re0000000179,re0000000179,false,false,GlyRS_AMP_GlytRNAGlyGCC,GlyRS_GlyAMP_tRNAGlyGCC,,k1 * GlyRS_AMP_GlytRNAGlyGCC,
STATE_TRANSITION,re0000000180,re0000000180,false,false,GlyRS_AMP_GlytRNAGlyGCC,"GlyRS_GlytRNAGlyGCC,AMP",,k1 * GlyRS_AMP_GlytRNAGlyGCC,
STATE_TRANSITION,re0000000181,re0000000181,false,false,"GlyRS_GlytRNAGlyGCC,AMP",GlyRS_AMP_GlytRNAGlyGCC,,k1 * GlyRS_GlytRNAGlyGCC * AMP,
STATE_TRANSITION,re0000000182,re0000000182,false,false,GlyRS_AMP_GlytRNAGlyGCC,"GlytRNAGlyGCC,GlyRS_AMP",,k1 * GlyRS_AMP_GlytRNAGlyGCC,
STATE_TRANSITION,re0000000183,re0000000183,false,false,"GlyRS_AMP,GlytRNAGlyGCC",GlyRS_AMP_GlytRNAGlyGCC,,k1 * GlyRS_AMP * GlytRNAGlyGCC,
STATE_TRANSITION,re0000000184,re0000000184,false,false,GlyRS_GlytRNAGlyGCC,"GlyRS,GlytRNAGlyGCC",,k1 * GlyRS_GlytRNAGlyGCC,
STATE_TRANSITION,re0000000185,re0000000185,false,false,"GlyRS,GlytRNAGlyGCC",GlyRS_GlytRNAGlyGCC,,k1 * GlyRS * GlytRNAGlyGCC,
STATE_TRANSITION,re0000000186,re0000000186,false,false,GlyRS_AMP_GlytRNAGlyGCC,"GlyRS_degraded,AMP,GlytRNAGlyGCC",,k1 * GlyRS_AMP_GlytRNAGlyGCC,
STATE_TRANSITION,re0000000187,re0000000187,false,false,GlyRS_GlytRNAGlyGCC,"GlyRS_degraded,GlytRNAGlyGCC",,k1 * GlyRS_GlytRNAGlyGCC,
STATE_TRANSITION,re0000000188,re0000000188,false,false,"GlyRS_tRNAGlyGCC,Gly",GlyRS_Gly_tRNAGlyGCC,,k1 * GlyRS_tRNAGlyGCC * Gly,
STATE_TRANSITION,re0000000189,re0000000189,false,false,GlyRS_GlyAMP_PPi_tRNAGlyGCC,"GlyRS_GlyAMP_tRNAGlyGCC,PPi",,k1 * GlyRS_GlyAMP_PPi_tRNAGlyGCC,
STATE_TRANSITION,re0000000190,re0000000190,false,false,GlyRS_Gly_tRNAGlyGCC,"GlyRS_tRNAGlyGCC,Gly",,k1 * GlyRS_Gly_tRNAGlyGCC,
STATE_TRANSITION,re0000000191,re0000000191,false,false,"GlyRS_tRNAGlyGCC,ATP",GlyRS_ATP_tRNAGlyGCC,,k1 * GlyRS_tRNAGlyGCC * ATP,
STATE_TRANSITION,re0000000192,re0000000192,false,false,GlyRS_ATP_tRNAGlyGCC,"GlyRS_tRNAGlyGCC,ATP",,k1 * GlyRS_ATP_tRNAGlyGCC,
STATE_TRANSITION,re0000000193,re0000000193,false,false,"GlyRS_ATP_tRNAGlyGCC,Gly",GlyRS_Gly_ATP_tRNAGlyGCC,,k1 * GlyRS_ATP_tRNAGlyGCC * Gly,
STATE_TRANSITION,re0000000194,re0000000194,false,false,GlyRS_Gly_ATP_tRNAGlyGCC,"GlyRS_ATP_tRNAGlyGCC,Gly",,k1 * GlyRS_Gly_ATP_tRNAGlyGCC,
STATE_TRANSITION,re0000000195,re0000000195,false,false,"GlyRS_Gly_tRNAGlyGCC,ATP",GlyRS_Gly_ATP_tRNAGlyGCC,,k1 * GlyRS_Gly_tRNAGlyGCC * ATP,
STATE_TRANSITION,re0000000196,re0000000196,false,false,GlyRS_Gly_ATP_tRNAGlyGCC,"GlyRS_Gly_tRNAGlyGCC,ATP",,k1 * GlyRS_Gly_ATP_tRNAGlyGCC,
STATE_TRANSITION,re0000000197,re0000000197,false,false,GlyRS_Gly_ATP_tRNAGlyGCC,GlyRS_GlyAMP_PPi_tRNAGlyGCC,,k1 * GlyRS_Gly_ATP_tRNAGlyGCC,
STATE_TRANSITION,re0000000198,re0000000198,false,false,GlyRS_GlyAMP_PPi_tRNAGlyGCC,GlyRS_Gly_ATP_tRNAGlyGCC,,k1 * GlyRS_GlyAMP_PPi_tRNAGlyGCC,
STATE_TRANSITION,re0000000199,re0000000199,false,false,"GlyRS,tRNAGlyGCC",GlyRS_tRNAGlyGCC,,k1 * GlyRS * tRNAGlyGCC,
STATE_TRANSITION,re0000000200,re0000000200,false,false,"GlyRS_Gly,tRNAGlyGCC",GlyRS_Gly_tRNAGlyGCC,,k1 * GlyRS_Gly * tRNAGlyGCC,
STATE_TRANSITION,re0000000201,re0000000201,false,false,GlyRS_tRNAGlyGCC,"GlyRS,tRNAGlyGCC",,k1 * GlyRS_tRNAGlyGCC,
STATE_TRANSITION,re0000000202,re0000000202,false,false,GlyRS_Gly_tRNAGlyGCC,"GlyRS_Gly,tRNAGlyGCC",,k1 * GlyRS_Gly_tRNAGlyGCC,
STATE_TRANSITION,re0000000203,re0000000203,false,false,"GlyRS_ATP,tRNAGlyGCC",GlyRS_ATP_tRNAGlyGCC,,k1 * GlyRS_ATP * tRNAGlyGCC,
STATE_TRANSITION,re0000000204,re0000000204,false,false,GlyRS_ATP_tRNAGlyGCC,"GlyRS_ATP,tRNAGlyGCC",,k1 * GlyRS_ATP_tRNAGlyGCC,
STATE_TRANSITION,re0000000205,re0000000205,false,false,"GlyRS_Gly_ATP,tRNAGlyGCC",GlyRS_Gly_ATP_tRNAGlyGCC,,k1 * GlyRS_Gly_ATP * tRNAGlyGCC,
STATE_TRANSITION,re0000000206,re0000000206,false,false,GlyRS_Gly_ATP_tRNAGlyGCC,"GlyRS_Gly_ATP,tRNAGlyGCC",,k1 * GlyRS_Gly_ATP_tRNAGlyGCC,
STATE_TRANSITION,re0000000207,re0000000207,false,false,"GlyRS_GlyAMP_PPi,tRNAGlyGCC",GlyRS_GlyAMP_PPi_tRNAGlyGCC,,k1 * GlyRS_GlyAMP_PPi * tRNAGlyGCC,
STATE_TRANSITION,re0000000208,re0000000208,false,false,GlyRS_GlyAMP_PPi_tRNAGlyGCC,"GlyRS_GlyAMP_PPi,tRNAGlyGCC",,k1 * GlyRS_GlyAMP_PPi_tRNAGlyGCC,
STATE_TRANSITION,re0000000209,re0000000209,false,false,"GlyRS_GlyAMP,tRNAGlyGCC",GlyRS_GlyAMP_tRNAGlyGCC,,k1 * GlyRS_GlyAMP * tRNAGlyGCC,
STATE_TRANSITION,re0000000210,re0000000210,false,false,GlyRS_GlyAMP_tRNAGlyGCC,"GlyRS_GlyAMP,tRNAGlyGCC",,k1 * GlyRS_GlyAMP_tRNAGlyGCC,
STATE_TRANSITION,re0000000211,re0000000211,false,false,GlyRS_tRNAGlyGCC,"GlyRS_degraded,tRNAGlyGCC",,k1 * GlyRS_tRNAGlyGCC,
STATE_TRANSITION,re0000000212,re0000000212,false,false,GlyRS_ATP_tRNAGlyGCC,"GlyRS_degraded,tRNAGlyGCC,ATP",,k1 * GlyRS_ATP_tRNAGlyGCC,
STATE_TRANSITION,re0000000213,re0000000213,false,false,GlyRS_Gly_tRNAGlyGCC,"GlyRS_degraded,tRNAGlyGCC,Gly",,k1 * GlyRS_Gly_tRNAGlyGCC,
STATE_TRANSITION,re0000000214,re0000000214,false,false,GlyRS_Gly_ATP_tRNAGlyGCC,"GlyRS_degraded,tRNAGlyGCC,ATP,Gly",,k1 * GlyRS_Gly_ATP_tRNAGlyGCC,
STATE_TRANSITION,re0000000215,re0000000215,false,false,GlyRS_GlyAMP_PPi_tRNAGlyGCC,"GlyRS_degraded,tRNAGlyGCC,GlyAMP,PPi",,k1 * GlyRS_GlyAMP_PPi_tRNAGlyGCC,
STATE_TRANSITION,re0000000216,re0000000216,false,false,"tRNAGlyGCC,Gly",GlytRNAGlyGCC,,k1 * tRNAGlyGCC * Gly,
STATE_TRANSITION,re0000000217,re0000000217,false,false,"GlyRS_GlyAMP_tRNAGlyGCC,PPi",GlyRS_GlyAMP_PPi_tRNAGlyGCC,,k1 * GlyRS_GlyAMP_tRNAGlyGCC * PPi,
STATE_TRANSITION,re0000000218,re0000000218,false,false,MettRNAfMetCAU,"tRNAfMetCAU,Met",,k1 * MettRNAfMetCAU,
STATE_TRANSITION,re0000000219,re0000000219,false,false,MetRS_MetAMP_tRNAfMetCAU,"MetRS_degraded,MetAMP,tRNAfMetCAU",,k1 * MetRS_MetAMP_tRNAfMetCAU,
STATE_TRANSITION,re0000000220,re0000000220,false,false,MetRS_MetAMP_tRNAfMetCAU,MetRS_AMP_MettRNAfMetCAU,,k1 * MetRS_MetAMP_tRNAfMetCAU,
STATE_TRANSITION,re0000000221,re0000000221,false,false,MetRS_AMP_MettRNAfMetCAU,MetRS_MetAMP_tRNAfMetCAU,,k1 * MetRS_AMP_MettRNAfMetCAU,
STATE_TRANSITION,re0000000222,re0000000222,false,false,MetRS_AMP_MettRNAfMetCAU,"MetRS_MettRNAfMetCAU,AMP",,k1 * MetRS_AMP_MettRNAfMetCAU,
STATE_TRANSITION,re0000000223,re0000000223,false,false,"MetRS_MettRNAfMetCAU,AMP",MetRS_AMP_MettRNAfMetCAU,,k1 * MetRS_MettRNAfMetCAU * AMP,
STATE_TRANSITION,re0000000224,re0000000224,false,false,MetRS_AMP_MettRNAfMetCAU,"MettRNAfMetCAU,MetRS_AMP",,k1 * MetRS_AMP_MettRNAfMetCAU,
STATE_TRANSITION,re0000000225,re0000000225,false,false,"MetRS_AMP,MettRNAfMetCAU",MetRS_AMP_MettRNAfMetCAU,,k1 * MetRS_AMP * MettRNAfMetCAU,
STATE_TRANSITION,re0000000226,re0000000226,false,false,MetRS_MettRNAfMetCAU,"MetRS,MettRNAfMetCAU",,k1 * MetRS_MettRNAfMetCAU,
STATE_TRANSITION,re0000000227,re0000000227,false,false,"MetRS,MettRNAfMetCAU",MetRS_MettRNAfMetCAU,,k1 * MetRS * MettRNAfMetCAU,
STATE_TRANSITION,re0000000228,re0000000228,false,false,MetRS_AMP_MettRNAfMetCAU,"MetRS_degraded,AMP,MettRNAfMetCAU",,k1 * MetRS_AMP_MettRNAfMetCAU,
STATE_TRANSITION,re0000000229,re0000000229,false,false,MetRS_MettRNAfMetCAU,"MetRS_degraded,MettRNAfMetCAU",,k1 * MetRS_MettRNAfMetCAU,
STATE_TRANSITION,re0000000230,re0000000230,false,false,"MetRS_tRNAfMetCAU,Met",MetRS_Met_tRNAfMetCAU,,k1 * MetRS_tRNAfMetCAU * Met,
STATE_TRANSITION,re0000000231,re0000000231,false,false,MetRS_MetAMP_PPi_tRNAfMetCAU,"MetRS_MetAMP_tRNAfMetCAU,PPi",,k1 * MetRS_MetAMP_PPi_tRNAfMetCAU,
STATE_TRANSITION,re0000000232,re0000000232,false,false,MetRS_Met_tRNAfMetCAU,"MetRS_tRNAfMetCAU,Met",,k1 * MetRS_Met_tRNAfMetCAU,
STATE_TRANSITION,re0000000233,re0000000233,false,false,"MetRS_tRNAfMetCAU,ATP",MetRS_ATP_tRNAfMetCAU,,k1 * MetRS_tRNAfMetCAU * ATP,
STATE_TRANSITION,re0000000234,re0000000234,false,false,MetRS_ATP_tRNAfMetCAU,"MetRS_tRNAfMetCAU,ATP",,k1 * MetRS_ATP_tRNAfMetCAU,
STATE_TRANSITION,re0000000235,re0000000235,false,false,"MetRS_ATP_tRNAfMetCAU,Met",MetRS_Met_ATP_tRNAfMetCAU,,k1 * MetRS_ATP_tRNAfMetCAU * Met,
STATE_TRANSITION,re0000000236,re0000000236,false,false,MetRS_Met_ATP_tRNAfMetCAU,"MetRS_ATP_tRNAfMetCAU,Met",,k1 * MetRS_Met_ATP_tRNAfMetCAU,
STATE_TRANSITION,re0000000237,re0000000237,false,false,"MetRS_Met_tRNAfMetCAU,ATP",MetRS_Met_ATP_tRNAfMetCAU,,k1 * MetRS_Met_tRNAfMetCAU * ATP,
STATE_TRANSITION,re0000000238,re0000000238,false,false,MetRS_Met_ATP_tRNAfMetCAU,"MetRS_Met_tRNAfMetCAU,ATP",,k1 * MetRS_Met_ATP_tRNAfMetCAU,
STATE_TRANSITION,re0000000239,re0000000239,false,false,MetRS_Met_ATP_tRNAfMetCAU,MetRS_MetAMP_PPi_tRNAfMetCAU,,k1 * MetRS_Met_ATP_tRNAfMetCAU,
STATE_TRANSITION,re0000000240,re0000000240,false,false,MetRS_MetAMP_PPi_tRNAfMetCAU,MetRS_Met_ATP_tRNAfMetCAU,,k1 * MetRS_MetAMP_PPi_tRNAfMetCAU,
STATE_TRANSITION,re0000000241,re0000000241,false,false,"MetRS,tRNAfMetCAU",MetRS_tRNAfMetCAU,,k1 * MetRS * tRNAfMetCAU,
STATE_TRANSITION,re0000000242,re0000000242,false,false,"MetRS_Met,tRNAfMetCAU",MetRS_Met_tRNAfMetCAU,,k1 * MetRS_Met * tRNAfMetCAU,
STATE_TRANSITION,re0000000243,re0000000243,false,false,MetRS_tRNAfMetCAU,"MetRS,tRNAfMetCAU",,k1 * MetRS_tRNAfMetCAU,
STATE_TRANSITION,re0000000244,re0000000244,false,false,MetRS_Met_tRNAfMetCAU,"MetRS_Met,tRNAfMetCAU",,k1 * MetRS_Met_tRNAfMetCAU,
STATE_TRANSITION,re0000000245,re0000000245,false,false,"MetRS_ATP,tRNAfMetCAU",MetRS_ATP_tRNAfMetCAU,,k1 * MetRS_ATP * tRNAfMetCAU,
STATE_TRANSITION,re0000000246,re0000000246,false,false,MetRS_ATP_tRNAfMetCAU,"MetRS_ATP,tRNAfMetCAU",,k1 * MetRS_ATP_tRNAfMetCAU,
STATE_TRANSITION,re0000000247,re0000000247,false,false,"MetRS_Met_ATP,tRNAfMetCAU",MetRS_Met_ATP_tRNAfMetCAU,,k1 * MetRS_Met_ATP * tRNAfMetCAU,
STATE_TRANSITION,re0000000248,re0000000248,false,false,MetRS_Met_ATP_tRNAfMetCAU,"MetRS_Met_ATP,tRNAfMetCAU",,k1 * MetRS_Met_ATP_tRNAfMetCAU,
STATE_TRANSITION,re0000000249,re0000000249,false,false,"MetRS_MetAMP_PPi,tRNAfMetCAU",MetRS_MetAMP_PPi_tRNAfMetCAU,,k1 * MetRS_MetAMP_PPi * tRNAfMetCAU,
STATE_TRANSITION,re0000000250,re0000000250,false,false,MetRS_MetAMP_PPi_tRNAfMetCAU,"MetRS_MetAMP_PPi,tRNAfMetCAU",,k1 * MetRS_MetAMP_PPi_tRNAfMetCAU,
STATE_TRANSITION,re0000000251,re0000000251,false,false,"MetRS_MetAMP,tRNAfMetCAU",MetRS_MetAMP_tRNAfMetCAU,,k1 * MetRS_MetAMP * tRNAfMetCAU,
STATE_TRANSITION,re0000000252,re0000000252,false,false,MetRS_MetAMP_tRNAfMetCAU,"MetRS_MetAMP,tRNAfMetCAU",,k1 * MetRS_MetAMP_tRNAfMetCAU,
STATE_TRANSITION,re0000000253,re0000000253,false,false,MetRS_tRNAfMetCAU,"MetRS_degraded,tRNAfMetCAU",,k1 * MetRS_tRNAfMetCAU,
STATE_TRANSITION,re0000000254,re0000000254,false,false,MetRS_ATP_tRNAfMetCAU,"MetRS_degraded,tRNAfMetCAU,ATP",,k1 * MetRS_ATP_tRNAfMetCAU,
STATE_TRANSITION,re0000000255,re0000000255,false,false,MetRS_Met_tRNAfMetCAU,"MetRS_degraded,tRNAfMetCAU,Met",,k1 * MetRS_Met_tRNAfMetCAU,
STATE_TRANSITION,re0000000256,re0000000256,false,false,MetRS_Met_ATP_tRNAfMetCAU,"MetRS_degraded,tRNAfMetCAU,ATP,Met",,k1 * MetRS_Met_ATP_tRNAfMetCAU,
STATE_TRANSITION,re0000000257,re0000000257,false,false,MetRS_MetAMP_PPi_tRNAfMetCAU,"MetRS_degraded,tRNAfMetCAU,MetAMP,PPi",,k1 * MetRS_MetAMP_PPi_tRNAfMetCAU,
STATE_TRANSITION,re0000000258,re0000000258,false,false,MettRNAfMetCAU,MettRNAfMetCAU_degraded,,k1 * MettRNAfMetCAU,
STATE_TRANSITION,re0000000259,re0000000259,false,false,"tRNAfMetCAU,Met",MettRNAfMetCAU,,k1 * tRNAfMetCAU * Met,
STATE_TRANSITION,re0000000260,re0000000260,false,false,"MetRS_MetAMP_tRNAfMetCAU,PPi",MetRS_MetAMP_PPi_tRNAfMetCAU,,k1 * MetRS_MetAMP_tRNAfMetCAU * PPi,
STATE_TRANSITION,re0000000261,re0000000261,false,false,"EFTu,EFTs",EFTu_EFTs,,k1 * EFTu * EFTs,
STATE_TRANSITION,re0000000262,re0000000262,false,false,EFTu_EFTs,"EFTu,EFTs",,k1 * EFTu_EFTs,
STATE_TRANSITION,re0000000263,re0000000263,false,false,"EFTu_EFTs,GDP",EFTu_GDP_EFTs,,k1 * EFTu_EFTs * GDP,
STATE_TRANSITION,re0000000264,re0000000264,false,false,EFTu_GDP_EFTs,"EFTu_EFTs,GDP",,k1 * EFTu_GDP_EFTs,
STATE_TRANSITION,re0000000265,re0000000265,false,false,EFTu_GDP_EFTs,"EFTu_GDP,EFTs",,k1 * EFTu_GDP_EFTs,
STATE_TRANSITION,re0000000266,re0000000266,false,false,"EFTu_GDP,EFTs",EFTu_GDP_EFTs,,k1 * EFTu_GDP * EFTs,
STATE_TRANSITION,re0000000267,re0000000267,false,false,EFTu_GDP,"EFTu,GDP",,k1 * EFTu_GDP,
STATE_TRANSITION,re0000000268,re0000000268,false,false,"EFTu,GDP",EFTu_GDP,,k1 * EFTu * GDP,
STATE_TRANSITION,re0000000269,re0000000269,false,false,"EFTu_EFTs,GTP",EFTu_GTP_EFTs,,k1 * EFTu_EFTs * GTP,
STATE_TRANSITION,re0000000270,re0000000270,false,false,EFTu_GTP_EFTs,"EFTu_EFTs,GTP",,k1 * EFTu_GTP_EFTs,
STATE_TRANSITION,re0000000271,re0000000271,false,false,EFTu_GTP_EFTs,"EFTu_GTP,EFTs",,k1 * EFTu_GTP_EFTs,
STATE_TRANSITION,re0000000272,re0000000272,false,false,"EFTu_GTP,EFTs",EFTu_GTP_EFTs,,k1 * EFTu_GTP * EFTs,
STATE_TRANSITION,re0000000273,re0000000273,false,false,"EFTu,GTP",EFTu_GTP,,k1 * EFTu * GTP,
STATE_TRANSITION,re0000000274,re0000000274,false,false,EFTu_GTP,"EFTu,GTP",,k1 * EFTu_GTP,
STATE_TRANSITION,re0000000275,re0000000275,false,false,"EFTu_GTP,GlytRNAGlyGCC",EFTu_GTP_GlytRNAGlyGCC,,k1 * EFTu_GTP * GlytRNAGlyGCC,
STATE_TRANSITION,re0000000276,re0000000276,false,false,EFTu_GTP_GlytRNAGlyGCC,"EFTu_GTP,GlytRNAGlyGCC",,k1 * EFTu_GTP_GlytRNAGlyGCC,
STATE_TRANSITION,re0000000277,re0000000277,false,false,EFTs,EFTs_degraded,,k1 * EFTs,
STATE_TRANSITION,re0000000278,re0000000278,false,false,EFTu_GTP,"EFTu_degraded,GTP",,k1 * EFTu_GTP,
STATE_TRANSITION,re0000000279,re0000000279,false,false,EFTu_GDP,"EFTu_degraded,GDP",,k1 * EFTu_GDP,
STATE_TRANSITION,re0000000280,re0000000280,false,false,EFTu_EFTs,"EFTu_degraded,EFTs",,k1 * EFTu_EFTs,
STATE_TRANSITION,re0000000281,re0000000281,false,false,EFTu_EFTs,"EFTs_degraded,EFTu",,k1 * EFTu_EFTs,
STATE_TRANSITION,re0000000282,re0000000282,false,false,EFTu_GDP_EFTs,"EFTu_degraded,EFTs,GDP",,k1 * EFTu_GDP_EFTs,
STATE_TRANSITION,re0000000283,re0000000283,false,false,EFTu_GDP_EFTs,"EFTs_degraded,EFTu,GDP",,k1 * EFTu_GDP_EFTs,
STATE_TRANSITION,re0000000284,re0000000284,false,false,EFTu_GTP_EFTs,"EFTu_degraded,EFTs,GTP",,k1 * EFTu_GTP_EFTs,
STATE_TRANSITION,re0000000285,re0000000285,false,false,EFTu_GTP_EFTs,"EFTs_degraded,EFTu,GTP",,k1 * EFTu_GTP_EFTs,
STATE_TRANSITION,re0000000286,re0000000286,false,false,EFTu_GTP_GlytRNAGlyGCC,"EFTu_degraded,GlytRNAGlyGCC,GTP",,k1 * EFTu_GTP_GlytRNAGlyGCC,
STATE_TRANSITION,re0000000287,re0000000287,false,false,EFTu_GTP_GlytRNAGlyGCC,"GlytRNAGlyGCC_degraded,EFTu,GTP",,k1 * EFTu_GTP_GlytRNAGlyGCC,
STATE_TRANSITION,re0000000288,re0000000288,false,false,"EFTu_GTP,MettRNAfMetCAU",EFTu_GTP_MettRNAfMetCAU,,k1 * EFTu_GTP * MettRNAfMetCAU,
STATE_TRANSITION,re0000000289,re0000000289,false,false,EFTu_GTP_MettRNAfMetCAU,"EFTu_GTP,MettRNAfMetCAU",,k1 * EFTu_GTP_MettRNAfMetCAU,
STATE_TRANSITION,re0000000290,re0000000290,false,false,EFTu_GTP_MettRNAfMetCAU,"EFTu_degraded,MettRNAfMetCAU,GTP",,k1 * EFTu_GTP_MettRNAfMetCAU,
STATE_TRANSITION,re0000000291,re0000000291,false,false,EFTu_GTP_MettRNAfMetCAU,"MettRNAfMetCAU_degraded,EFTu,GTP",,k1 * EFTu_GTP_MettRNAfMetCAU,
STATE_TRANSITION,re0000000292,re0000000292,false,false,EFG_GDP,"EFG,GDP",,k1 * EFG_GDP,
STATE_TRANSITION,re0000000293,re0000000293,false,false,"EFG,GDP",EFG_GDP,,k1 * EFG * GDP,
STATE_TRANSITION,re0000000294,re0000000294,false,false,"EFG,GTP",EFG_GTP,,k1 * EFG * GTP,
STATE_TRANSITION,re0000000295,re0000000295,false,false,EFG_GTP,"EFG,GTP",,k1 * EFG_GTP,
STATE_TRANSITION,re0000000296,re0000000296,false,false,EFG_GTP,"EFG_degraded,GTP",,k1 * EFG_GTP,
STATE_TRANSITION,re0000000297,re0000000297,false,false,EFG_GDP,"EFG_degraded,GDP",,k1 * EFG_GDP,
STATE_TRANSITION,re0000000298,re0000000298,false,false,"RS50S,EFG_GTP",RS50S_EFG_GTP,,k1 * RS50S * EFG_GTP,
STATE_TRANSITION,re0000000299,re0000000299,false,false,RS50S_EFG_GTP,"RS50S,EFG_GTP",,k1 * RS50S_EFG_GTP,
STATE_TRANSITION,re0000000300,re0000000300,false,false,"RS70S,EFG_GTP",RS70S_EFG_GTP,,k1 * RS70S * EFG_GTP,
STATE_TRANSITION,re0000000301,re0000000301,false,false,RS70S_EFG_GTP,"RS70S,EFG_GTP",,k1 * RS70S_EFG_GTP,
STATE_TRANSITION,re0000000302,re0000000302,false,false,RS50S_EFG_GTP,RS50S_EFG_GDP_PO4,,k1 * RS50S_EFG_GTP,
STATE_TRANSITION,re0000000303,re0000000303,false,false,RS50S_EFG_GDP_PO4,RS50S_EFG_GTP,,k1 * RS50S_EFG_GDP_PO4,
STATE_TRANSITION,re0000000304,re0000000304,false,false,RS70S_EFG_GTP,RS70S_EFG_GDP_PO4,,k1 * RS70S_EFG_GTP,
STATE_TRANSITION,re0000000305,re0000000305,false,false,RS70S_EFG_GDP_PO4,RS70S_EFG_GTP,,k1 * RS70S_EFG_GDP_PO4,
STATE_TRANSITION,re0000000306,re0000000306,false,false,RS50S_EFG_GDP_PO4,"RS50S_EFG_GDP,PO4",,k1 * RS50S_EFG_GDP_PO4,
STATE_TRANSITION,re0000000307,re0000000307,false,false,RS70S_EFG_GDP_PO4,"RS70S_EFG_GDP,PO4",,k1 * RS70S_EFG_GDP_PO4,
STATE_TRANSITION,re0000000308,re0000000308,false,false,RS50S_EFG_GDP,"RS50S,EFG_GDP",,k1 * RS50S_EFG_GDP,
STATE_TRANSITION,re0000000309,re0000000309,false,false,RS70S_EFG_GDP,"RS70S,EFG_GDP",,k1 * RS70S_EFG_GDP,
STATE_TRANSITION,re0000000310,re0000000310,false,false,RS50S_EFG_GTP,"EFG_degraded,GTP,RS50S",,k1 * RS50S_EFG_GTP,
STATE_TRANSITION,re0000000311,re0000000311,false,false,RS50S_EFG_GTP,"RS50S_degraded,GTP,EFG",,k1 * RS50S_EFG_GTP,
STATE_TRANSITION,re0000000312,re0000000312,false,false,RS50S_EFG_GDP_PO4,"EFG_degraded,GDP,PO4,RS50S",,k1 * RS50S_EFG_GDP_PO4,
STATE_TRANSITION,re0000000313,re0000000313,false,false,RS50S_EFG_GDP_PO4,"RS50S_degraded,EFG,GDP,PO4",,k1 * RS50S_EFG_GDP_PO4,
STATE_TRANSITION,re0000000314,re0000000314,false,false,RS50S_EFG_GDP,"EFG_degraded,GDP,RS50S",,k1 * RS50S_EFG_GDP,
STATE_TRANSITION,re0000000315,re0000000315,false,false,RS50S_EFG_GDP,"RS50S_degraded,EFG,GDP",,k1 * RS50S_EFG_GDP,
STATE_TRANSITION,re0000000316,re0000000316,false,false,RS70S_EFG_GTP,"EFG_degraded,RS30S,GTP,RS50S",,k1 * RS70S_EFG_GTP,
STATE_TRANSITION,re0000000317,re0000000317,false,false,RS70S_EFG_GTP,"RS50S_degraded,EFG,GTP,RS30S",,k1 * RS70S_EFG_GTP,
STATE_TRANSITION,re0000000318,re0000000318,false,false,RS70S_EFG_GDP_PO4,"EFG_degraded,RS30S,GDP,PO4,RS50S",,k1 * RS70S_EFG_GDP_PO4,
STATE_TRANSITION,re0000000319,re0000000319,false,false,RS70S_EFG_GDP_PO4,"RS50S_degraded,EFG,PO4,GDP,RS30S",,k1 * RS70S_EFG_GDP_PO4,
STATE_TRANSITION,re0000000320,re0000000320,false,false,RS70S_EFG_GTP,"RS30S_degraded,EFG,RS50S,GTP",,k1 * RS70S_EFG_GTP,
STATE_TRANSITION,re0000000321,re0000000321,false,false,RS70S_EFG_GDP_PO4,"RS30S_degraded,EFG,PO4,RS50S,GDP",,k1 * RS70S_EFG_GDP_PO4,
STATE_TRANSITION,re0000000322,re0000000322,false,false,RS70S_EFG_GDP,"RS50S_degraded,EFG,GDP,RS30S",,k1 * RS70S_EFG_GDP,
STATE_TRANSITION,re0000000323,re0000000323,false,false,RS70S_EFG_GDP,"EFG_degraded,RS30S,GDP,RS50S",,k1 * RS70S_EFG_GDP,
STATE_TRANSITION,re0000000324,re0000000324,false,false,RS70S_EFG_GDP,"RS30S_degraded,EFG,RS50S,GDP",,k1 * RS70S_EFG_GDP,
STATE_TRANSITION,re0000000325,re0000000325,false,false,"RS50S_EFG_GDP,PO4",RS50S_EFG_GDP_PO4,,k1 * RS50S_EFG_GDP * PO4,
STATE_TRANSITION,re0000000326,re0000000326,false,false,"RS70S_EFG_GDP,PO4",RS70S_EFG_GDP_PO4,,k1 * RS70S_EFG_GDP * PO4,
STATE_TRANSITION,re0000000327,re0000000327,false,false,"RS50S,EFG_GDP",RS50S_EFG_GDP,,k1 * RS50S * EFG_GDP,
STATE_TRANSITION,re0000000328,re0000000328,false,false,"RS70S,EFG_GDP",RS70S_EFG_GDP,,k1 * RS70S * EFG_GDP,
STATE_TRANSITION,re0000000329,re0000000329,false,false,CK,CK_degraded,,k1 * CK,
STATE_TRANSITION,re0000000330,re0000000330,false,false,"CK,ADP",CK_ADP,,k1 * CK * ADP,
STATE_TRANSITION,re0000000331,re0000000331,false,false,CK_ADP,"CK,ADP",,k1 * CK_ADP,
STATE_TRANSITION,re0000000332,re0000000332,false,false,"CK,CP",CK_CP,,k1 * CK * CP,
STATE_TRANSITION,re0000000333,re0000000333,false,false,CK_CP,"CK,CP",,k1 * CK_CP,
STATE_TRANSITION,re0000000334,re0000000334,false,false,"CK_CP,ADP",CK_CP_ADP,,k1 * CK_CP * ADP,
STATE_TRANSITION,re0000000335,re0000000335,false,false,CK_CP_ADP,"CK_CP,ADP",,k1 * CK_CP_ADP,
STATE_TRANSITION,re0000000336,re0000000336,false,false,"CK_ADP,CP",CK_CP_ADP,,k1 * CK_ADP * CP,
STATE_TRANSITION,re0000000337,re0000000337,false,false,CK_CP_ADP,"CP,CK_ADP",,k1 * CK_CP_ADP,
STATE_TRANSITION,re0000000338,re0000000338,false,false,CK_CP_ADP,CK_Cr_ATP,,k1 * CK_CP_ADP,
STATE_TRANSITION,re0000000339,re0000000339,false,false,CK_Cr_ATP,CK_CP_ADP,,k1 * CK_Cr_ATP,
STATE_TRANSITION,re0000000340,re0000000340,false,false,CK_Cr_ATP,"CK_Cr,ATP",,k1 * CK_Cr_ATP,
STATE_TRANSITION,re0000000341,re0000000341,false,false,"CK_Cr,ATP",CK_Cr_ATP,,k1 * CK_Cr * ATP,
STATE_TRANSITION,re0000000342,re0000000342,false,false,CK_Cr_ATP,"CK_ATP,Cr",,k1 * CK_Cr_ATP,
STATE_TRANSITION,re0000000343,re0000000343,false,false,"CK_ATP,Cr",CK_Cr_ATP,,k1 * CK_ATP * Cr,
STATE_TRANSITION,re0000000344,re0000000344,false,false,CK_ATP,"CK,ATP",,k1 * CK_ATP,
STATE_TRANSITION,re0000000345,re0000000345,false,false,"CK,ATP",CK_ATP,,k1 * CK * ATP,
STATE_TRANSITION,re0000000346,re0000000346,false,false,CK_Cr,"CK,Cr",,k1 * CK_Cr,
STATE_TRANSITION,re0000000347,re0000000347,false,false,"CK,Cr",CK_Cr,,k1 * CK * Cr,
STATE_TRANSITION,re0000000348,re0000000348,false,false,CK_CP,"CK_degraded,CP",,k1 * CK_CP,
STATE_TRANSITION,re0000000349,re0000000349,false,false,CK_ADP,"CK_degraded,ADP",,k1 * CK_ADP,
STATE_TRANSITION,re0000000350,re0000000350,false,false,CK_CP_ADP,"CK_degraded,ADP,CP",,k1 * CK_CP_ADP,
STATE_TRANSITION,re0000000351,re0000000351,false,false,CK_Cr_ATP,"CK_degraded,ATP,Cr",,k1 * CK_Cr_ATP,
STATE_TRANSITION,re0000000352,re0000000352,false,false,CK_ATP,"CK_degraded,ATP",,k1 * CK_ATP,
STATE_TRANSITION,re0000000353,re0000000353,false,false,CK_Cr,"CK_degraded,Cr",,k1 * CK_Cr,
STATE_TRANSITION,re0000000354,re0000000354,false,false,NDK,NDK_degraded,,k1 * NDK,
STATE_TRANSITION,re0000000355,re0000000355,false,false,"NDK,ATP",NDK_ATP,,k1 * NDK * ATP,
STATE_TRANSITION,re0000000356,re0000000356,false,false,NDK_ATP,"NDK,ATP",,k1 * NDK_ATP,
STATE_TRANSITION,re0000000357,re0000000357,false,false,"NDK,GDP",NDK_GDP,,k1 * NDK * GDP,
STATE_TRANSITION,re0000000358,re0000000358,false,false,NDK_GDP,"NDK,GDP",,k1 * NDK_GDP,
STATE_TRANSITION,re0000000359,re0000000359,false,false,"NDK_GDP,ATP",NDK_GDP_ATP,,k1 * NDK_GDP * ATP,
STATE_TRANSITION,re0000000360,re0000000360,false,false,NDK_GDP_ATP,"NDK_GDP,ATP",,k1 * NDK_GDP_ATP,
STATE_TRANSITION,re0000000361,re0000000361,false,false,"NDK_ATP,GDP",NDK_GDP_ATP,,k1 * NDK_ATP * GDP,
STATE_TRANSITION,re0000000362,re0000000362,false,false,NDK_GDP_ATP,"NDK_ATP,GDP",,k1 * NDK_GDP_ATP,
STATE_TRANSITION,re0000000363,re0000000363,false,false,NDK_GDP_ATP,NDK_GTP_ADP,,k1 * NDK_GDP_ATP,
STATE_TRANSITION,re0000000364,re0000000364,false,false,NDK_GTP_ADP,NDK_GDP_ATP,,k1 * NDK_GTP_ADP,
STATE_TRANSITION,re0000000365,re0000000365,false,false,NDK_GTP_ADP,"NDK_ADP,GTP",,k1 * NDK_GTP_ADP,
STATE_TRANSITION,re0000000366,re0000000366,false,false,NDK_GTP_ADP,"NDK_GTP,ADP",,k1 * NDK_GTP_ADP,
STATE_TRANSITION,re0000000367,re0000000367,false,false,NDK_ADP,"NDK,ADP",,k1 * NDK_ADP,
STATE_TRANSITION,re0000000368,re0000000368,false,false,NDK_GTP,"NDK,GTP",,k1 * NDK_GTP,
STATE_TRANSITION,re0000000369,re0000000369,false,false,NDK_GDP,"NDK_degraded,GDP",,k1 * NDK_GDP,
STATE_TRANSITION,re0000000370,re0000000370,false,false,NDK_ATP,"NDK_degraded,ATP",,k1 * NDK_ATP,
STATE_TRANSITION,re0000000371,re0000000371,false,false,NDK_GDP_ATP,"NDK_degraded,ATP,GDP",,k1 * NDK_GDP_ATP,
STATE_TRANSITION,re0000000372,re0000000372,false,false,NDK_GTP_ADP,"NDK_degraded,ADP,GTP",,k1 * NDK_GTP_ADP,
STATE_TRANSITION,re0000000373,re0000000373,false,false,NDK_ADP,"NDK_degraded,ADP",,k1 * NDK_ADP,
STATE_TRANSITION,re0000000374,re0000000374,false,false,NDK_GTP,"NDK_degraded,GTP",,k1 * NDK_GTP,
STATE_TRANSITION,re0000000375,re0000000375,false,false,"NDK_GTP,ADP",NDK_GTP_ADP,,k1 * NDK_GTP * ADP,
STATE_TRANSITION,re0000000376,re0000000376,false,false,"NDK_ADP,GTP",NDK_GTP_ADP,,k1 * NDK_ADP * GTP,
STATE_TRANSITION,re0000000377,re0000000377,false,false,"NDK,GTP",NDK_GTP,,k1 * NDK * GTP,
STATE_TRANSITION,re0000000378,re0000000378,false,false,"NDK,ADP",NDK_ADP,,k1 * NDK * ADP,
STATE_TRANSITION,re0000000379,re0000000379,false,false,MK,MK_degraded,,k1 * MK,
STATE_TRANSITION,re0000000380,re0000000380,false,false,"MK,ATP",MK_ATP,,k1 * MK * ATP,
STATE_TRANSITION,re0000000381,re0000000381,false,false,MK_ATP,"ATP,MK",,k1 * MK_ATP,
STATE_TRANSITION,re0000000382,re0000000382,false,false,"MK,AMP",MK_AMP,,k1 * MK * AMP,
STATE_TRANSITION,re0000000383,re0000000383,false,false,MK_AMP,"MK,AMP",,k1 * MK_AMP,
STATE_TRANSITION,re0000000384,re0000000384,false,false,"MK_AMP,ATP",MK_ATP_AMP,,k1 * MK_AMP * ATP,
STATE_TRANSITION,re0000000385,re0000000385,false,false,MK_ATP_AMP,"ATP,MK_AMP",,k1 * MK_ATP_AMP,
STATE_TRANSITION,re0000000386,re0000000386,false,false,"MK_ATP,AMP",MK_ATP_AMP,,k1 * MK_ATP * AMP,
STATE_TRANSITION,re0000000387,re0000000387,false,false,MK_ATP_AMP,"MK_ATP,AMP",,k1 * MK_ATP_AMP,
STATE_TRANSITION,re0000000388,re0000000388,false,false,MK_ATP_AMP,MK_ADP_ADP,,k1 * MK_ATP_AMP,
STATE_TRANSITION,re0000000389,re0000000389,false,false,MK_ADP_ADP,MK_ATP_AMP,,k1 * MK_ADP_ADP,
STATE_TRANSITION,re0000000390,re0000000390,false,false,MK_ADP_ADP,"MK_ADP_1,ADP",,k1 * MK_ADP_ADP,
STATE_TRANSITION,re0000000391,re0000000391,false,false,"MK_ADP_1,ADP",MK_ADP_ADP,,k1 * MK_ADP_1 * ADP,
STATE_TRANSITION,re0000000392,re0000000392,false,false,MK_ADP_ADP,"MK_ADP_2,ADP",,k1 * MK_ADP_ADP,
STATE_TRANSITION,re0000000393,re0000000393,false,false,"MK_ADP_2,ADP",MK_ADP_ADP,,k1 * MK_ADP_2 * ADP,
STATE_TRANSITION,re0000000394,re0000000394,false,false,MK_ADP_1,"MK,ADP",,k1 * MK_ADP_1,
STATE_TRANSITION,re0000000395,re0000000395,false,false,"MK,ADP",MK_ADP_1,,k1 * MK * ADP,
STATE_TRANSITION,re0000000396,re0000000396,false,false,MK_ADP_2,"ADP,MK",,k1 * MK_ADP_2,
STATE_TRANSITION,re0000000397,re0000000397,false,false,"MK,ADP",MK_ADP_2,,k1 * MK * ADP,
STATE_TRANSITION,re0000000398,re0000000398,false,false,MK_AMP,"MK_degraded,AMP",,k1 * MK_AMP,
STATE_TRANSITION,re0000000399,re0000000399,false,false,MK_ATP,"MK_degraded,ATP",,k1 * MK_ATP,
STATE_TRANSITION,re0000000400,re0000000400,false,false,MK_ATP_AMP,"MK_degraded,ATP",,k1 * MK_ATP_AMP,
STATE_TRANSITION,re0000000401,re0000000401,false,false,MK_ADP_ADP,"MK_degraded,ADP",,k1 * MK_ADP_ADP,
STATE_TRANSITION,re0000000402,re0000000402,false,false,MK_ADP_1,"MK_degraded,ADP",,k1 * MK_ADP_1,
STATE_TRANSITION,re0000000403,re0000000403,false,false,MK_ADP_2,"MK_degraded,ADP",,k1 * MK_ADP_2,
STATE_TRANSITION,re0000000404,re0000000404,false,false,PPiase,PPiase_degraded,,k1 * PPiase,
STATE_TRANSITION,re0000000405,re0000000405,false,false,"PPiase,PPi",PPiase_PPi,,k1 * PPiase * PPi,
STATE_TRANSITION,re0000000406,re0000000406,false,false,PPiase_PPi,"PPiase,PPi",,k1 * PPiase_PPi,
STATE_TRANSITION,re0000000407,re0000000407,false,false,PPiase_PPi,PPiase_PO4_PO4,,k1 * PPiase_PPi,
STATE_TRANSITION,re0000000408,re0000000408,false,false,PPiase_PO4_PO4,PPiase_PPi,,k1 * PPiase_PO4_PO4,
STATE_TRANSITION,re0000000409,re0000000409,false,false,PPiase_PO4_PO4,"PPiase_PO4,PO4",,k1 * PPiase_PO4_PO4,
STATE_TRANSITION,re0000000410,re0000000410,false,false,"PPiase_PO4,PO4",PPiase_PO4_PO4,,k1 * PPiase_PO4 * PO4,
STATE_TRANSITION,re0000000411,re0000000411,false,false,PPiase_PO4,"PPiase,PO4",,k1 * PPiase_PO4,
STATE_TRANSITION,re0000000412,re0000000412,false,false,"PPiase,PO4",PPiase_PO4,,k1 * PPiase * PO4,
STATE_TRANSITION,re0000000413,re0000000413,false,false,PPiase_PPi,"PPiase_degraded,PPi",,k1 * PPiase_PPi,
STATE_TRANSITION,re0000000414,re0000000414,false,false,PPiase_PO4_PO4,"PPiase_degraded,PO4",,k1 * PPiase_PO4_PO4,
STATE_TRANSITION,re0000000415,re0000000415,false,false,PPiase_PO4,"PPiase_degraded,PO4",,k1 * PPiase_PO4,
STATE_TRANSITION,re0000000416,re0000000416,false,false,MTF,MTF_degraded,,k1 * MTF,
STATE_TRANSITION,re0000000417,re0000000417,false,false,fMettRNAfMetCAU,"tRNAfMetCAU,fMet",,k1 * fMettRNAfMetCAU,
STATE_TRANSITION,re0000000418,re0000000418,false,false,"MTF,FD",MTF_FD,,k1 * MTF * FD,
STATE_TRANSITION,re0000000419,re0000000419,false,false,MTF_FD,"MTF,FD",,k1 * MTF_FD,
STATE_TRANSITION,re0000000420,re0000000420,false,false,"MTF,MettRNAfMetCAU",MTF_MettRNAfMetCAU,,k1 * MTF * MettRNAfMetCAU,
STATE_TRANSITION,re0000000421,re0000000421,false,false,MTF_MettRNAfMetCAU,"MTF,MettRNAfMetCAU",,k1 * MTF_MettRNAfMetCAU,
STATE_TRANSITION,re0000000422,re0000000422,false,false,"MTF_FD,MettRNAfMetCAU",MTF_FD_MettRNAfMetCAU,,k1 * MTF_FD * MettRNAfMetCAU,
STATE_TRANSITION,re0000000423,re0000000423,false,false,MTF_FD_MettRNAfMetCAU,"MettRNAfMetCAU,MTF_FD",,k1 * MTF_FD_MettRNAfMetCAU,
STATE_TRANSITION,re0000000424,re0000000424,false,false,"MTF_MettRNAfMetCAU,FD",MTF_FD_MettRNAfMetCAU,,k1 * MTF_MettRNAfMetCAU * FD,
STATE_TRANSITION,re0000000425,re0000000425,false,false,MTF_FD_MettRNAfMetCAU,"MTF_MettRNAfMetCAU,FD",,k1 * MTF_FD_MettRNAfMetCAU,
STATE_TRANSITION,re0000000426,re0000000426,false,false,MTF_FD_MettRNAfMetCAU,MTF_THF_fMettRNAfMetCAU,,k1 * MTF_FD_MettRNAfMetCAU,
STATE_TRANSITION,re0000000427,re0000000427,false,false,MTF_THF_fMettRNAfMetCAU,MTF_FD_MettRNAfMetCAU,,k1 * MTF_THF_fMettRNAfMetCAU,
STATE_TRANSITION,re0000000428,re0000000428,false,false,MTF_THF_fMettRNAfMetCAU,"MTF_THF,fMettRNAfMetCAU",,k1 * MTF_THF_fMettRNAfMetCAU,
STATE_TRANSITION,re0000000429,re0000000429,false,false,"MTF_THF,fMettRNAfMetCAU",MTF_THF_fMettRNAfMetCAU,,k1 * MTF_THF * fMettRNAfMetCAU,
STATE_TRANSITION,re0000000430,re0000000430,false,false,MTF_THF_fMettRNAfMetCAU,"MTF_fMettRNAfMetCAU,THF",,k1 * MTF_THF_fMettRNAfMetCAU,
STATE_TRANSITION,re0000000431,re0000000431,false,false,"MTF_fMettRNAfMetCAU,THF",MTF_THF_fMettRNAfMetCAU,,k1 * MTF_fMettRNAfMetCAU * THF,
STATE_TRANSITION,re0000000432,re0000000432,false,false,MTF_fMettRNAfMetCAU,"MTF,fMettRNAfMetCAU",,k1 * MTF_fMettRNAfMetCAU,
STATE_TRANSITION,re0000000433,re0000000433,false,false,"MTF,fMettRNAfMetCAU",MTF_fMettRNAfMetCAU,,k1 * MTF * fMettRNAfMetCAU,
STATE_TRANSITION,re0000000434,re0000000434,false,false,MTF_THF,"MTF,THF",,k1 * MTF_THF,
STATE_TRANSITION,re0000000435,re0000000435,false,false,"MTF,THF",MTF_THF,,k1 * MTF * THF,
STATE_TRANSITION,re0000000436,re0000000436,false,false,MTF_FD,"MTF_degraded,FD",,k1 * MTF_FD,
STATE_TRANSITION,re0000000437,re0000000437,false,false,MTF_MettRNAfMetCAU,"MTF_degraded,MettRNAfMetCAU",,k1 * MTF_MettRNAfMetCAU,
STATE_TRANSITION,re0000000438,re0000000438,false,false,MTF_FD_MettRNAfMetCAU,"MTF_degraded,FD,MettRNAfMetCAU",,k1 * MTF_FD_MettRNAfMetCAU,
STATE_TRANSITION,re0000000439,re0000000439,false,false,MTF_THF_fMettRNAfMetCAU,"MTF_degraded,THF,fMettRNAfMetCAU",,k1 * MTF_THF_fMettRNAfMetCAU,
STATE_TRANSITION,re0000000440,re0000000440,false,false,MTF_fMettRNAfMetCAU,"MTF_degraded,fMettRNAfMetCAU",,k1 * MTF_fMettRNAfMetCAU,
STATE_TRANSITION,re0000000441,re0000000441,false,false,MTF_THF,"MTF_degraded,THF",,k1 * MTF_THF,
STATE_TRANSITION,re0000000442,re0000000442,false,false,FD,THF,,k1 * FD,
STATE_TRANSITION,re0000000443,re0000000443,false,false,"tRNAfMetCAU,fMet",fMettRNAfMetCAU,,k1 * tRNAfMetCAU * fMet,
STATE_TRANSITION,re0000000444,re0000000444,false,false,THF,FD,,k1 * THF,
STATE_TRANSITION,re0000000445,re0000000445,false,false,"IF2,GTP",IF2_GTP,,k1 * IF2 * GTP,
STATE_TRANSITION,re0000000446,re0000000446,false,false,IF2_GTP,"GTP,IF2",,k1 * IF2_GTP,
STATE_TRANSITION,re0000000447,re0000000447,false,false,"IF2,GDP",IF2_GDP,,k1 * IF2 * GDP,
STATE_TRANSITION,re0000000448,re0000000448,false,false,IF2_GDP,"IF2,GDP",,k1 * IF2_GDP,
STATE_TRANSITION,re0000000449,re0000000449,false,false,"IF2_GTP,fMettRNAfMetCAU",IF2_GTP_fMettRNAfMetCAU,,k1 * IF2_GTP * fMettRNAfMetCAU,
STATE_TRANSITION,re0000000450,re0000000450,false,false,IF2_GTP_fMettRNAfMetCAU,"IF2_GTP,fMettRNAfMetCAU",,k1 * IF2_GTP_fMettRNAfMetCAU,
STATE_TRANSITION,re0000000451,re0000000451,false,false,IF2,IF2_degraded,,k1 * IF2,
STATE_TRANSITION,re0000000452,re0000000452,false,false,IF2_GDP,"IF2_degraded,GDP",,k1 * IF2_GDP,
STATE_TRANSITION,re0000000453,re0000000453,false,false,IF2_GTP,"IF2_degraded,GTP",,k1 * IF2_GTP,
STATE_TRANSITION,re0000000454,re0000000454,false,false,IF2_GTP_fMettRNAfMetCAU,"IF2_degraded,fMettRNAfMetCAU,GTP",,k1 * IF2_GTP_fMettRNAfMetCAU,
STATE_TRANSITION,re0000000455,re0000000455,false,false,RS70S,"RS30S,RS50S",,k1 * RS70S,
STATE_TRANSITION,re0000000456,re0000000456,false,false,"RS30S,RS50S",RS70S,,k1 * RS30S * RS50S,
STATE_TRANSITION,re0000000457,re0000000457,false,false,"RS70S,IF3",RS70S_IF3,,k1 * RS70S * IF3,
STATE_TRANSITION,re0000000458,re0000000458,false,false,RS70S_IF3,"RS70S,IF3",,k1 * RS70S_IF3,
STATE_TRANSITION,re0000000459,re0000000459,false,false,"RS30S,IF3",RS30S_IF3,,k1 * RS30S * IF3,
STATE_TRANSITION,re0000000460,re0000000460,false,false,RS30S_IF3,"RS30S,IF3",,k1 * RS30S_IF3,
STATE_TRANSITION,re0000000461,re0000000461,false,false,RS70S_IF3,"RS30S_IF3,RS50S",,k1 * RS70S_IF3,
STATE_TRANSITION,re0000000462,re0000000462,false,false,"RS30S_IF3,RS50S",RS70S_IF3,,k1 * RS30S_IF3 * RS50S,
STATE_TRANSITION,re0000000463,re0000000463,false,false,"RS30S_IF3,IF2_GTP",RS30S_IF3_IF2_GTP,,k1 * RS30S_IF3 * IF2_GTP,
STATE_TRANSITION,re0000000464,re0000000464,false,false,RS30S_IF3_IF2_GTP,"RS30S_IF3,IF2_GTP",,k1 * RS30S_IF3_IF2_GTP,
STATE_TRANSITION,re0000000465,re0000000465,false,false,"RS30S_IF3,IF2_GTP_fMettRNAfMetCAU",RS30S_IF3_IF2_GTP_fMettRNAfMetCAU,,k1 * RS30S_IF3 * IF2_GTP_fMettRNAfMetCAU,
STATE_TRANSITION,re0000000466,re0000000466,false,false,RS30S_IF3_IF2_GTP_fMettRNAfMetCAU,"RS30S_IF3,IF2_GTP_fMettRNAfMetCAU",,k1 * RS30S_IF3_IF2_GTP_fMettRNAfMetCAU,
STATE_TRANSITION,re0000000467,re0000000467,false,false,"RS30S_IF3_IF2_GTP,fMettRNAfMetCAU",RS30S_IF3_IF2_GTP_fMettRNAfMetCAU,,k1 * RS30S_IF3_IF2_GTP * fMettRNAfMetCAU,
STATE_TRANSITION,re0000000468,re0000000468,false,false,RS30S_IF3_IF2_GTP_fMettRNAfMetCAU,"RS30S_IF3_IF2_GTP,fMettRNAfMetCAU",,k1 * RS30S_IF3_IF2_GTP_fMettRNAfMetCAU,
STATE_TRANSITION,re0000000469,re0000000469,false,false,"RS30S_IF3,mRNA",RS30S_IF3_mRNA,,k1 * RS30S_IF3 * mRNA,
STATE_TRANSITION,re0000000470,re0000000470,false,false,RS30S_IF3_mRNA,"RS30S_IF3,mRNA",,k1 * RS30S_IF3_mRNA,
STATE_TRANSITION,re0000000471,re0000000471,false,false,"RS30S_IF3_mRNA,IF2_GTP",RS30S_IF3_IF2_GTP_mRNA,,k1 * RS30S_IF3_mRNA * IF2_GTP,
STATE_TRANSITION,re0000000472,re0000000472,false,false,RS30S_IF3_IF2_GTP_mRNA,"RS30S_IF3_mRNA,IF2_GTP",,k1 * RS30S_IF3_IF2_GTP_mRNA,
STATE_TRANSITION,re0000000473,re0000000473,false,false,"RS30S_IF3_mRNA,fMettRNAfMetCAU",RS30S_IF3_fMettRNAfMetCAU_mRNA,,k1 * RS30S_IF3_mRNA * fMettRNAfMetCAU,
STATE_TRANSITION,re0000000474,re0000000474,false,false,RS30S_IF3_fMettRNAfMetCAU_mRNA,"RS30S_IF3_mRNA,fMettRNAfMetCAU",,k1 * RS30S_IF3_fMettRNAfMetCAU_mRNA,
STATE_TRANSITION,re0000000475,re0000000475,false,false,"RS30S_IF3_mRNA,IF2_GTP_fMettRNAfMetCAU",RS30S_IF3_IF2_GTP_fMettRNAfMetCAU_mRNA,,k1 * RS30S_IF3_mRNA * IF2_GTP_fMettRNAfMetCAU,
STATE_TRANSITION,re0000000476,re0000000476,false,false,RS30S_IF3_IF2_GTP_fMettRNAfMetCAU_mRNA,"RS30S_IF3_mRNA,IF2_GTP_fMettRNAfMetCAU",,k1 * RS30S_IF3_IF2_GTP_fMettRNAfMetCAU_mRNA,
STATE_TRANSITION,re0000000477,re0000000477,false,false,"RS30S_IF3_fMettRNAfMetCAU_mRNA,IF2_GTP",RS30S_IF3_IF2_GTP_fMettRNAfMetCAU_mRNA,,k1 * RS30S_IF3_fMettRNAfMetCAU_mRNA * IF2_GTP,
STATE_TRANSITION,re0000000478,re0000000478,false,false,RS30S_IF3_IF2_GTP_fMettRNAfMetCAU_mRNA,"RS30S_IF3_fMettRNAfMetCAU_mRNA,IF2_GTP",,k1 * RS30S_IF3_IF2_GTP_fMettRNAfMetCAU_mRNA,
STATE_TRANSITION,re0000000479,re0000000479,false,false,"RS30S_IF3_IF2_GTP_mRNA,fMettRNAfMetCAU",RS30S_IF3_IF2_GTP_fMettRNAfMetCAU_mRNA,,k1 * RS30S_IF3_IF2_GTP_mRNA * fMettRNAfMetCAU,
STATE_TRANSITION,re0000000480,re0000000480,false,false,RS30S_IF3_IF2_GTP_fMettRNAfMetCAU_mRNA,"RS30S_IF3_IF2_GTP_mRNA,fMettRNAfMetCAU",,k1 * RS30S_IF3_IF2_GTP_fMettRNAfMetCAU_mRNA,
STATE_TRANSITION,re0000000481,re0000000481,false,false,"RS30S_IF3_IF2_GTP,mRNA",RS30S_IF3_IF2_GTP_mRNA,,k1 * RS30S_IF3_IF2_GTP * mRNA,
STATE_TRANSITION,re0000000482,re0000000482,false,false,RS30S_IF3_IF2_GTP_mRNA,"RS30S_IF3_IF2_GTP,mRNA",,k1 * RS30S_IF3_IF2_GTP_mRNA,
STATE_TRANSITION,re0000000483,re0000000483,false,false,"RS30S_IF3_IF2_GTP_fMettRNAfMetCAU,mRNA",RS30S_IF3_IF2_GTP_fMettRNAfMetCAU_mRNA,,k1 * RS30S_IF3_IF2_GTP_fMettRNAfMetCAU * mRNA,
STATE_TRANSITION,re0000000484,re0000000484,false,false,RS30S_IF3_IF2_GTP_fMettRNAfMetCAU_mRNA,"RS30S_IF3_IF2_GTP_fMettRNAfMetCAU,mRNA",,k1 * RS30S_IF3_IF2_GTP_fMettRNAfMetCAU_mRNA,
STATE_TRANSITION,re0000000485,re0000000485,false,false,"RS30S_IF3_IF2_GTP_fMettRNAfMetCAU_mRNA,RS50S",RS70S_IF3_IF2_GTP_fMettRNAfMetCAU_mRNA,,k1 * RS30S_IF3_IF2_GTP_fMettRNAfMetCAU_mRNA * RS50S,
STATE_TRANSITION,re0000000486,re0000000486,false,false,RS70S_IF3_IF2_GTP_fMettRNAfMetCAU_mRNA,"RS30S_IF3_IF2_GTP_fMettRNAfMetCAU_mRNA,RS50S",,k1 * RS70S_IF3_IF2_GTP_fMettRNAfMetCAU_mRNA,
STATE_TRANSITION,re0000000487,re0000000487,false,false,RS70S_IF1,"RS30S_IF1,RS50S",,k1 * RS70S_IF1,
STATE_TRANSITION,re0000000488,re0000000488,false,false,"RS30S_IF1,RS50S",RS70S_IF1,,k1 * RS30S_IF1 * RS50S,
STATE_TRANSITION,re0000000489,re0000000489,false,false,"RS70S_IF1,IF3",RS70S_IF1_IF3,,k1 * RS70S_IF1 * IF3,
STATE_TRANSITION,re0000000490,re0000000490,false,false,RS70S_IF1_IF3,"RS70S_IF1,IF3",,k1 * RS70S_IF1_IF3,
STATE_TRANSITION,re0000000491,re0000000491,false,false,"RS30S_IF1,IF3",RS30S_IF1_IF3,,k1 * RS30S_IF1 * IF3,
STATE_TRANSITION,re0000000492,re0000000492,false,false,RS30S_IF1_IF3,"RS30S_IF1,IF3",,k1 * RS30S_IF1_IF3,
STATE_TRANSITION,re0000000493,re0000000493,false,false,RS70S_IF1_IF3,"RS30S_IF1_IF3,RS50S",,k1 * RS70S_IF1_IF3,
STATE_TRANSITION,re0000000494,re0000000494,false,false,"RS30S_IF1_IF3,RS50S",RS70S_IF1_IF3,,k1 * RS30S_IF1_IF3 * RS50S,
STATE_TRANSITION,re0000000495,re0000000495,false,false,"RS30S_IF1_IF3,IF2_GTP",RS30S_IF1_IF3_IF2_GTP,,k1 * RS30S_IF1_IF3 * IF2_GTP,
STATE_TRANSITION,re0000000496,re0000000496,false,false,RS30S_IF1_IF3_IF2_GTP,"RS30S_IF1_IF3,IF2_GTP",,k1 * RS30S_IF1_IF3_IF2_GTP,
STATE_TRANSITION,re0000000497,re0000000497,false,false,"RS30S_IF1_IF3,IF2_GTP_fMettRNAfMetCAU",RS30S_IF1_IF3_IF2_GTP_fMettRNAfMetCAU,,k1 * RS30S_IF1_IF3 * IF2_GTP_fMettRNAfMetCAU,
STATE_TRANSITION,re0000000498,re0000000498,false,false,RS30S_IF1_IF3_IF2_GTP_fMettRNAfMetCAU,"RS30S_IF1_IF3,IF2_GTP_fMettRNAfMetCAU",,k1 * RS30S_IF1_IF3_IF2_GTP_fMettRNAfMetCAU,
STATE_TRANSITION,re0000000499,re0000000499,false,false,"RS30S_IF1_IF3_IF2_GTP,fMettRNAfMetCAU",RS30S_IF1_IF3_IF2_GTP_fMettRNAfMetCAU,,k1 * RS30S_IF1_IF3_IF2_GTP * fMettRNAfMetCAU,
STATE_TRANSITION,re0000000500,re0000000500,false,false,RS30S_IF1_IF3_IF2_GTP_fMettRNAfMetCAU,"RS30S_IF1_IF3_IF2_GTP,fMettRNAfMetCAU",,k1 * RS30S_IF1_IF3_IF2_GTP_fMettRNAfMetCAU,
STATE_TRANSITION,re0000000501,re0000000501,false,false,"RS70S,IF1",RS70S_IF1,,k1 * RS70S * IF1,
STATE_TRANSITION,re0000000502,re0000000502,false,false,RS70S_IF1,"RS70S,IF1",,k1 * RS70S_IF1,
STATE_TRANSITION,re0000000503,re0000000503,false,false,"RS30S,IF1",RS30S_IF1,,k1 * RS30S * IF1,
STATE_TRANSITION,re0000000504,re0000000504,false,false,RS30S_IF1,"RS30S,IF1",,k1 * RS30S_IF1,
STATE_TRANSITION,re0000000505,re0000000505,false,false,"RS70S_IF3,IF1",RS70S_IF1_IF3,,k1 * RS70S_IF3 * IF1,
STATE_TRANSITION,re0000000506,re0000000506,false,false,RS70S_IF1_IF3,"RS70S_IF3,IF1",,k1 * RS70S_IF1_IF3,
STATE_TRANSITION,re0000000507,re0000000507,false,false,"RS30S_IF3,IF1",RS30S_IF1_IF3,,k1 * RS30S_IF3 * IF1,
STATE_TRANSITION,re0000000508,re0000000508,false,false,RS30S_IF1_IF3,"RS30S_IF3,IF1",,k1 * RS30S_IF1_IF3,
STATE_TRANSITION,re0000000509,re0000000509,false,false,"RS30S_IF3_IF2_GTP,IF1",RS30S_IF1_IF3_IF2_GTP,,k1 * RS30S_IF3_IF2_GTP * IF1,
STATE_TRANSITION,re0000000510,re0000000510,false,false,RS30S_IF1_IF3_IF2_GTP,"RS30S_IF3_IF2_GTP,IF1",,k1 * RS30S_IF1_IF3_IF2_GTP,
STATE_TRANSITION,re0000000511,re0000000511,false,false,"RS30S_IF3_IF2_GTP_fMettRNAfMetCAU,IF1",RS30S_IF1_IF3_IF2_GTP_fMettRNAfMetCAU,,k1 * RS30S_IF3_IF2_GTP_fMettRNAfMetCAU * IF1,
STATE_TRANSITION,re0000000512,re0000000512,false,false,RS30S_IF1_IF3_IF2_GTP_fMettRNAfMetCAU,"RS30S_IF3_IF2_GTP_fMettRNAfMetCAU,IF1",,k1 * RS30S_IF1_IF3_IF2_GTP_fMettRNAfMetCAU,
STATE_TRANSITION,re0000000513,re0000000513,false,false,"RS30S_IF1_IF3,mRNA",RS30S_IF1_IF3_mRNA,,k1 * RS30S_IF1_IF3 * mRNA,
STATE_TRANSITION,re0000000514,re0000000514,false,false,RS30S_IF1_IF3_mRNA,"RS30S_IF1_IF3,mRNA",,k1 * RS30S_IF1_IF3_mRNA,
STATE_TRANSITION,re0000000515,re0000000515,false,false,"RS30S_IF1_IF3_mRNA,IF2_GTP",RS30S_IF1_IF3_IF2_GTP_mRNA,,k1 * RS30S_IF1_IF3_mRNA * IF2_GTP,
STATE_TRANSITION,re0000000516,re0000000516,false,false,RS30S_IF1_IF3_IF2_GTP_mRNA,"RS30S_IF1_IF3_mRNA,IF2_GTP",,k1 * RS30S_IF1_IF3_IF2_GTP_mRNA,
STATE_TRANSITION,re0000000517,re0000000517,false,false,"RS30S_IF1_IF3_mRNA,fMettRNAfMetCAU",RS30S_IF1_IF3_fMettRNAfMetCAU_mRNA,,k1 * RS30S_IF1_IF3_mRNA * fMettRNAfMetCAU,
STATE_TRANSITION,re0000000518,re0000000518,false,false,RS30S_IF1_IF3_fMettRNAfMetCAU_mRNA,"RS30S_IF1_IF3_mRNA,fMettRNAfMetCAU",,k1 * RS30S_IF1_IF3_fMettRNAfMetCAU_mRNA,
STATE_TRANSITION,re0000000519,re0000000519,false,false,"RS30S_IF1_IF3_mRNA,IF2_GTP_fMettRNAfMetCAU",RS30S_IF1_IF3_IF2_GTP_fMettRNAfMetCAU_mRNA,,k1 * RS30S_IF1_IF3_mRNA * IF2_GTP_fMettRNAfMetCAU,
STATE_TRANSITION,re0000000520,re0000000520,false,false,RS30S_IF1_IF3_IF2_GTP_fMettRNAfMetCAU_mRNA,"RS30S_IF1_IF3_mRNA,IF2_GTP_fMettRNAfMetCAU",,k1 * RS30S_IF1_IF3_IF2_GTP_fMettRNAfMetCAU_mRNA,
STATE_TRANSITION,re0000000521,re0000000521,false,false,"RS30S_IF1_IF3_fMettRNAfMetCAU_mRNA,IF2_GTP",RS30S_IF1_IF3_IF2_GTP_fMettRNAfMetCAU_mRNA,,k1 * RS30S_IF1_IF3_fMettRNAfMetCAU_mRNA * IF2_GTP,
STATE_TRANSITION,re0000000522,re0000000522,false,false,RS30S_IF1_IF3_IF2_GTP_fMettRNAfMetCAU_mRNA,"RS30S_IF1_IF3_fMettRNAfMetCAU_mRNA,IF2_GTP",,k1 * RS30S_IF1_IF3_IF2_GTP_fMettRNAfMetCAU_mRNA,
STATE_TRANSITION,re0000000523,re0000000523,false,false,"RS30S_IF1_IF3_IF2_GTP_mRNA,fMettRNAfMetCAU",RS30S_IF1_IF3_IF2_GTP_fMettRNAfMetCAU_mRNA,,k1 * RS30S_IF1_IF3_IF2_GTP_mRNA * fMettRNAfMetCAU,
STATE_TRANSITION,re0000000524,re0000000524,false,false,RS30S_IF1_IF3_IF2_GTP_fMettRNAfMetCAU_mRNA,"RS30S_IF1_IF3_IF2_GTP_mRNA,fMettRNAfMetCAU",,k1 * RS30S_IF1_IF3_IF2_GTP_fMettRNAfMetCAU_mRNA,
STATE_TRANSITION,re0000000525,re0000000525,false,false,"RS30S_IF1_IF3_IF2_GTP,mRNA",RS30S_IF1_IF3_IF2_GTP_mRNA,,k1 * RS30S_IF1_IF3_IF2_GTP * mRNA,
STATE_TRANSITION,re0000000526,re0000000526,false,false,RS30S_IF1_IF3_IF2_GTP_mRNA,"RS30S_IF1_IF3_IF2_GTP,mRNA",,k1 * RS30S_IF1_IF3_IF2_GTP_mRNA,
STATE_TRANSITION,re0000000527,re0000000527,false,false,"RS30S_IF1_IF3_IF2_GTP_fMettRNAfMetCAU,mRNA",RS30S_IF1_IF3_IF2_GTP_fMettRNAfMetCAU_mRNA,,k1 * RS30S_IF1_IF3_IF2_GTP_fMettRNAfMetCAU * mRNA,
STATE_TRANSITION,re0000000528,re0000000528,false,false,RS30S_IF1_IF3_IF2_GTP_fMettRNAfMetCAU_mRNA,"RS30S_IF1_IF3_IF2_GTP_fMettRNAfMetCAU,mRNA",,k1 * RS30S_IF1_IF3_IF2_GTP_fMettRNAfMetCAU_mRNA,
STATE_TRANSITION,re0000000529,re0000000529,false,false,"RS30S_IF1_IF3_IF2_GTP_fMettRNAfMetCAU_mRNA,RS50S",RS70S_IF1_IF3_IF2_GTP_fMettRNAfMetCAU_mRNA,,k1 * RS30S_IF1_IF3_IF2_GTP_fMettRNAfMetCAU_mRNA * RS50S,
STATE_TRANSITION,re0000000530,re0000000530,false,false,RS70S_IF1_IF3_IF2_GTP_fMettRNAfMetCAU_mRNA,"RS30S_IF1_IF3_IF2_GTP_fMettRNAfMetCAU_mRNA,RS50S",,k1 * RS70S_IF1_IF3_IF2_GTP_fMettRNAfMetCAU_mRNA,
STATE_TRANSITION,re0000000531,re0000000531,false,false,"RS30S_IF3_mRNA,IF1",RS30S_IF1_IF3_mRNA,,k1 * RS30S_IF3_mRNA * IF1,
STATE_TRANSITION,re0000000532,re0000000532,false,false,RS30S_IF1_IF3_mRNA,"RS30S_IF3_mRNA,IF1",,k1 * RS30S_IF1_IF3_mRNA,
STATE_TRANSITION,re0000000533,re0000000533,false,false,"RS30S_IF3_fMettRNAfMetCAU_mRNA,IF1",RS30S_IF1_IF3_fMettRNAfMetCAU_mRNA,,k1 * RS30S_IF3_fMettRNAfMetCAU_mRNA * IF1,
STATE_TRANSITION,re0000000534,re0000000534,false,false,RS30S_IF1_IF3_fMettRNAfMetCAU_mRNA,"RS30S_IF3_fMettRNAfMetCAU_mRNA,IF1",,k1 * RS30S_IF1_IF3_fMettRNAfMetCAU_mRNA,
STATE_TRANSITION,re0000000535,re0000000535,false,false,"RS30S_IF3_IF2_GTP_mRNA,IF1",RS30S_IF1_IF3_IF2_GTP_mRNA,,k1 * RS30S_IF3_IF2_GTP_mRNA * IF1,
STATE_TRANSITION,re0000000536,re0000000536,false,false,RS30S_IF1_IF3_IF2_GTP_mRNA,"RS30S_IF3_IF2_GTP_mRNA,IF1",,k1 * RS30S_IF1_IF3_IF2_GTP_mRNA,
STATE_TRANSITION,re0000000537,re0000000537,false,false,"RS30S_IF3_IF2_GTP_fMettRNAfMetCAU_mRNA,IF1",RS30S_IF1_IF3_IF2_GTP_fMettRNAfMetCAU_mRNA,,k1 * RS30S_IF3_IF2_GTP_fMettRNAfMetCAU_mRNA * IF1,
STATE_TRANSITION,re0000000538,re0000000538,false,false,RS30S_IF1_IF3_IF2_GTP_fMettRNAfMetCAU_mRNA,"RS30S_IF3_IF2_GTP_fMettRNAfMetCAU_mRNA,IF1",,k1 * RS30S_IF1_IF3_IF2_GTP_fMettRNAfMetCAU_mRNA,
STATE_TRANSITION,re0000000539,re0000000539,false,false,"RS70S_IF3_IF2_GTP_fMettRNAfMetCAU_mRNA,IF1",RS70S_IF1_IF3_IF2_GTP_fMettRNAfMetCAU_mRNA,,k1 * RS70S_IF3_IF2_GTP_fMettRNAfMetCAU_mRNA * IF1,
STATE_TRANSITION,re0000000540,re0000000540,false,false,RS70S_IF1_IF3_IF2_GTP_fMettRNAfMetCAU_mRNA,"RS70S_IF3_IF2_GTP_fMettRNAfMetCAU_mRNA,IF1",,k1 * RS70S_IF1_IF3_IF2_GTP_fMettRNAfMetCAU_mRNA,
STATE_TRANSITION,re0000000541,re0000000541,false,false,IF1,IF1_degraded,,k1 * IF1,
STATE_TRANSITION,re0000000542,re0000000542,false,false,IF3,IF3_degraded,,k1 * IF3,
STATE_TRANSITION,re0000000543,re0000000543,false,false,RS70S,"RS30S_degraded,RS50S",,k1 * RS70S,
STATE_TRANSITION,re0000000544,re0000000544,false,false,RS70S,"RS50S_degraded,RS30S",,k1 * RS70S,
STATE_TRANSITION,re0000000545,re0000000545,false,false,RS30S_IF1,"IF1_degraded,RS30S",,k1 * RS30S_IF1,
STATE_TRANSITION,re0000000546,re0000000546,false,false,RS30S_IF1,"RS30S_degraded,IF1",,k1 * RS30S_IF1,
STATE_TRANSITION,re0000000547,re0000000547,false,false,RS30S_IF3,"IF3_degraded,RS30S",,k1 * RS30S_IF3,
STATE_TRANSITION,re0000000548,re0000000548,false,false,RS30S_IF3,"RS30S_degraded,IF3",,k1 * RS30S_IF3,
STATE_TRANSITION,re0000000549,re0000000549,false,false,RS30S_IF3_mRNA,"IF3_degraded,mRNA,RS30S",,k1 * RS30S_IF3_mRNA,
STATE_TRANSITION,re0000000550,re0000000550,false,false,RS30S_IF3_mRNA,"RS30S_degraded,mRNA,IF3",,k1 * RS30S_IF3_mRNA,
STATE_TRANSITION,re0000000551,re0000000551,false,false,RS30S_IF3_fMettRNAfMetCAU_mRNA,"IF3_degraded,mRNA,fMettRNAfMetCAU,RS30S",,k1 * RS30S_IF3_fMettRNAfMetCAU_mRNA,
STATE_TRANSITION,re0000000552,re0000000552,false,false,RS30S_IF3_fMettRNAfMetCAU_mRNA,"RS30S_degraded,mRNA,IF3,fMettRNAfMetCAU",,k1 * RS30S_IF3_fMettRNAfMetCAU_mRNA,
STATE_TRANSITION,re0000000553,re0000000553,false,false,RS70S_IF3,"RS30S_degraded,RS50S,IF3",,k1 * RS70S_IF3,
STATE_TRANSITION,re0000000554,re0000000554,false,false,RS70S_IF3,"RS50S_degraded,RS30S,IF3",,k1 * RS70S_IF3,
STATE_TRANSITION,re0000000555,re0000000555,false,false,RS70S_IF3,"IF3_degraded,RS50S,RS30S",,k1 * RS70S_IF3,
STATE_TRANSITION,re0000000556,re0000000556,false,false,RS70S_IF1,"RS30S_degraded,RS50S,IF1",,k1 * RS70S_IF1,
STATE_TRANSITION,re0000000557,re0000000557,false,false,RS70S_IF1,"RS50S_degraded,RS30S,IF1",,k1 * RS70S_IF1,
STATE_TRANSITION,re0000000558,re0000000558,false,false,RS70S_IF1,"IF1_degraded,RS50S,RS30S",,k1 * RS70S_IF1,
STATE_TRANSITION,re0000000559,re0000000559,false,false,RS30S_IF1_IF3,"IF3_degraded,RS30S,IF1",,k1 * RS30S_IF1_IF3,
STATE_TRANSITION,re0000000560,re0000000560,false,false,RS30S_IF1_IF3,"RS30S_degraded,IF3,IF1",,k1 * RS30S_IF1_IF3,
STATE_TRANSITION,re0000000561,re0000000561,false,false,RS30S_IF1_IF3,"IF1_degraded,RS30S,IF3",,k1 * RS30S_IF1_IF3,
STATE_TRANSITION,re0000000562,re0000000562,false,false,RS30S_IF3_IF2_GTP,"RS30S_degraded,GTP,IF2,IF3",,k1 * RS30S_IF3_IF2_GTP,
STATE_TRANSITION,re0000000563,re0000000563,false,false,RS30S_IF3_IF2_GTP,"IF2_degraded,RS30S,GTP,IF3",,k1 * RS30S_IF3_IF2_GTP,
STATE_TRANSITION,re0000000564,re0000000564,false,false,RS30S_IF3_IF2_GTP,"IF3_degraded,GTP,IF2,RS30S",,k1 * RS30S_IF3_IF2_GTP,
STATE_TRANSITION,re0000000565,re0000000565,false,false,RS30S_IF3_IF2_GTP_fMettRNAfMetCAU,"RS30S_degraded,fMettRNAfMetCAU,GTP,IF3,IF2",,k1 * RS30S_IF3_IF2_GTP_fMettRNAfMetCAU,
STATE_TRANSITION,re0000000566,re0000000566,false,false,RS30S_IF3_IF2_GTP_fMettRNAfMetCAU,"IF2_degraded,GTP,fMettRNAfMetCAU,RS30S,IF3",,k1 * RS30S_IF3_IF2_GTP_fMettRNAfMetCAU,
STATE_TRANSITION,re0000000567,re0000000567,false,false,RS30S_IF3_IF2_GTP_fMettRNAfMetCAU,"IF3_degraded,GTP,fMettRNAfMetCAU,IF2,RS30S",,k1 * RS30S_IF3_IF2_GTP_fMettRNAfMetCAU,
STATE_TRANSITION,re0000000568,re0000000568,false,false,RS30S_IF1_IF3_mRNA,"IF3_degraded,mRNA,IF1,RS30S",,k1 * RS30S_IF1_IF3_mRNA,
STATE_TRANSITION,re0000000569,re0000000569,false,false,RS30S_IF1_IF3_mRNA,"RS30S_degraded,mRNA,IF3,IF1",,k1 * RS30S_IF1_IF3_mRNA,
STATE_TRANSITION,re0000000570,re0000000570,false,false,RS30S_IF1_IF3_mRNA,"IF1_degraded,mRNA,RS30S,IF3",,k1 * RS30S_IF1_IF3_mRNA,
STATE_TRANSITION,re0000000571,re0000000571,false,false,RS30S_IF3_IF2_GTP_mRNA,"RS30S_degraded,mRNA,GTP,IF3,IF2",,k1 * RS30S_IF3_IF2_GTP_mRNA,
STATE_TRANSITION,re0000000572,re0000000572,false,false,RS30S_IF3_IF2_GTP_mRNA,"IF3_degraded,GTP,mRNA,IF2,RS30S",,k1 * RS30S_IF3_IF2_GTP_mRNA,
STATE_TRANSITION,re0000000573,re0000000573,false,false,RS30S_IF3_IF2_GTP_mRNA,"IF2_degraded,mRNA,GTP,RS30S,IF3",,k1 * RS30S_IF3_IF2_GTP_mRNA,
STATE_TRANSITION,re0000000574,re0000000574,false,false,RS30S_IF1_IF3_fMettRNAfMetCAU_mRNA,"IF3_degraded,mRNA,fMettRNAfMetCAU,RS30S,IF1",,k1 * RS30S_IF1_IF3_fMettRNAfMetCAU_mRNA,
STATE_TRANSITION,re0000000575,re0000000575,false,false,RS30S_IF1_IF3_fMettRNAfMetCAU_mRNA,"RS30S_degraded,mRNA,fMettRNAfMetCAU,IF3,IF1",,k1 * RS30S_IF1_IF3_fMettRNAfMetCAU_mRNA,
STATE_TRANSITION,re0000000576,re0000000576,false,false,RS30S_IF1_IF3_fMettRNAfMetCAU_mRNA,"IF1_degraded,fMettRNAfMetCAU,RS30S,mRNA,IF3",,k1 * RS30S_IF1_IF3_fMettRNAfMetCAU_mRNA,
STATE_TRANSITION,re0000000577,re0000000577,false,false,RS30S_IF3_IF2_GTP_fMettRNAfMetCAU_mRNA,"RS30S_degraded,mRNA,fMettRNAfMetCAU,IF3,IF2,GTP",,k1 * RS30S_IF3_IF2_GTP_fMettRNAfMetCAU_mRNA,
STATE_TRANSITION,re0000000578,re0000000578,false,false,RS30S_IF3_IF2_GTP_fMettRNAfMetCAU_mRNA,"IF2_degraded,mRNA,fMettRNAfMetCAU,GTP,RS30S,IF3",,k1 * RS30S_IF3_IF2_GTP_fMettRNAfMetCAU_mRNA,
STATE_TRANSITION,re0000000579,re0000000579,false,false,RS30S_IF3_IF2_GTP_fMettRNAfMetCAU_mRNA,"IF3_degraded,GTP,IF2,fMettRNAfMetCAU,mRNA,RS30S",,k1 * RS30S_IF3_IF2_GTP_fMettRNAfMetCAU_mRNA,
STATE_TRANSITION,re0000000580,re0000000580,false,false,RS70S_IF1_IF3,"IF3_degraded,RS50S,RS30S,IF1",,k1 * RS70S_IF1_IF3,
STATE_TRANSITION,re0000000581,re0000000581,false,false,RS70S_IF1_IF3,"RS50S_degraded,RS30S,IF3,IF1",,k1 * RS70S_IF1_IF3,
STATE_TRANSITION,re0000000582,re0000000582,false,false,RS70S_IF1_IF3,"IF1_degraded,RS50S,RS30S,IF3",,k1 * RS70S_IF1_IF3,
STATE_TRANSITION,re0000000583,re0000000583,false,false,RS70S_IF1_IF3,"RS30S_degraded,RS50S,IF3,IF1",,k1 * RS70S_IF1_IF3,
STATE_TRANSITION,re0000000584,re0000000584,false,false,RS30S_IF1_IF3_IF2_GTP,"IF3_degraded,GTP,IF2,RS30S,IF1",,k1 * RS30S_IF1_IF3_IF2_GTP,
STATE_TRANSITION,re0000000585,re0000000585,false,false,RS30S_IF1_IF3_IF2_GTP,"IF2_degraded,RS30S,GTP,IF3,IF1",,k1 * RS30S_IF1_IF3_IF2_GTP,
STATE_TRANSITION,re0000000586,re0000000586,false,false,RS30S_IF1_IF3_IF2_GTP,"IF1_degraded,GTP,IF2,IF3,RS30S",,k1 * RS30S_IF1_IF3_IF2_GTP,
STATE_TRANSITION,re0000000587,re0000000587,false,false,RS30S_IF1_IF3_IF2_GTP,"RS30S_degraded,GTP,IF2,IF3,IF1",,k1 * RS30S_IF1_IF3_IF2_GTP,
STATE_TRANSITION,re0000000588,re0000000588,false,false,RS30S_IF1_IF3_IF2_GTP_fMettRNAfMetCAU,"IF3_degraded,GTP,fMettRNAfMetCAU,IF2,IF1,RS30S",,k1 * RS30S_IF1_IF3_IF2_GTP_fMettRNAfMetCAU,
STATE_TRANSITION,re0000000589,re0000000589,false,false,RS30S_IF1_IF3_IF2_GTP_fMettRNAfMetCAU,"IF2_degraded,RS30S,fMettRNAfMetCAU,GTP,IF3,IF1",,k1 * RS30S_IF1_IF3_IF2_GTP_fMettRNAfMetCAU,
STATE_TRANSITION,re0000000590,re0000000590,false,false,RS30S_IF1_IF3_IF2_GTP_fMettRNAfMetCAU,"IF1_degraded,GTP,IF2,RS30S,IF3,fMettRNAfMetCAU",,k1 * RS30S_IF1_IF3_IF2_GTP_fMettRNAfMetCAU,
STATE_TRANSITION,re0000000591,re0000000591,false,false,RS30S_IF1_IF3_IF2_GTP_fMettRNAfMetCAU,"RS30S_degraded,GTP,fMettRNAfMetCAU,IF2,IF3,IF1",,k1 * RS30S_IF1_IF3_IF2_GTP_fMettRNAfMetCAU,
STATE_TRANSITION,re0000000592,re0000000592,false,false,RS30S_IF1_IF3_IF2_GTP_mRNA,"IF3_degraded,mRNA,IF2,GTP,IF1,RS30S",,k1 * RS30S_IF1_IF3_IF2_GTP_mRNA,
STATE_TRANSITION,re0000000593,re0000000593,false,false,RS30S_IF1_IF3_IF2_GTP_mRNA,"RS30S_degraded,IF3,mRNA,GTP,IF2,IF1",,k1 * RS30S_IF1_IF3_IF2_GTP_mRNA,
STATE_TRANSITION,re0000000594,re0000000594,false,false,RS30S_IF1_IF3_IF2_GTP_mRNA,"IF2_degraded,RS30S,mRNA,GTP,IF3,IF1",,k1 * RS30S_IF1_IF3_IF2_GTP_mRNA,
STATE_TRANSITION,re0000000595,re0000000595,false,false,RS30S_IF1_IF3_IF2_GTP_mRNA,"IF1_degraded,mRNA,IF2,GTP,RS30S,IF3",,k1 * RS30S_IF1_IF3_IF2_GTP_mRNA,
STATE_TRANSITION,re0000000596,re0000000596,false,false,RS30S_IF1_IF3_IF2_GTP_fMettRNAfMetCAU_mRNA,"IF3_degraded,mRNA,fMettRNAfMetCAU,IF2,GTP,IF1,RS30S",,k1 * RS30S_IF1_IF3_IF2_GTP_fMettRNAfMetCAU_mRNA,
STATE_TRANSITION,re0000000597,re0000000597,false,false,RS30S_IF1_IF3_IF2_GTP_fMettRNAfMetCAU_mRNA,"RS30S_degraded,mRNA,GTP,fMettRNAfMetCAU,IF2,IF3,IF1",,k1 * RS30S_IF1_IF3_IF2_GTP_fMettRNAfMetCAU_mRNA,
STATE_TRANSITION,re0000000598,re0000000598,false,false,RS30S_IF1_IF3_IF2_GTP_fMettRNAfMetCAU_mRNA,"IF2_degraded,RS30S,mRNA,fMettRNAfMetCAU,GTP,IF3,IF1",,k1 * RS30S_IF1_IF3_IF2_GTP_fMettRNAfMetCAU_mRNA,
STATE_TRANSITION,re0000000599,re0000000599,false,false,RS30S_IF1_IF3_IF2_GTP_fMettRNAfMetCAU_mRNA,"IF1_degraded,fMettRNAfMetCAU,GTP,mRNA,IF2,RS30S,IF3",,k1 * RS30S_IF1_IF3_IF2_GTP_fMettRNAfMetCAU_mRNA,
STATE_TRANSITION,re0000000600,re0000000600,false,false,RS70S_IF3_IF2_GTP_fMettRNAfMetCAU_mRNA,"IF2_degraded,mRNA,GTP,fMettRNAfMetCAU,RS50S,RS30S,IF3",,k1 * RS70S_IF3_IF2_GTP_fMettRNAfMetCAU_mRNA,
STATE_TRANSITION,re0000000601,re0000000601,false,false,RS70S_IF3_IF2_GTP_fMettRNAfMetCAU_mRNA,"RS50S_degraded,IF2,mRNA,fMettRNAfMetCAU,GTP,RS30S,IF3",,k1 * RS70S_IF3_IF2_GTP_fMettRNAfMetCAU_mRNA,
STATE_TRANSITION,re0000000602,re0000000602,false,false,RS70S_IF3_IF2_GTP_fMettRNAfMetCAU_mRNA,"IF3_degraded,GTP,fMettRNAfMetCAU,mRNA,RS30S,RS50S,IF2",,k1 * RS70S_IF3_IF2_GTP_fMettRNAfMetCAU_mRNA,
STATE_TRANSITION,re0000000603,re0000000603,false,false,RS70S_IF3_IF2_GTP_fMettRNAfMetCAU_mRNA,"RS30S_degraded,RS50S,mRNA,fMettRNAfMetCAU,IF2,IF3,GTP",,k1 * RS70S_IF3_IF2_GTP_fMettRNAfMetCAU_mRNA,
STATE_TRANSITION,re0000000604,re0000000604,false,false,RS70S_IF1_IF3_IF2_GTP_fMettRNAfMetCAU_mRNA,"RS30S_degraded,RS50S,GTP,mRNA,fMettRNAfMetCAU,IF2,IF3,IF1",,k1 * RS70S_IF1_IF3_IF2_GTP_fMettRNAfMetCAU_mRNA,
STATE_TRANSITION,re0000000605,re0000000605,false,false,RS70S_IF1_IF3_IF2_GTP_fMettRNAfMetCAU_mRNA,"IF2_degraded,mRNA,GTP,fMettRNAfMetCAU,RS50S,RS30S,IF3,IF1",,k1 * RS70S_IF1_IF3_IF2_GTP_fMettRNAfMetCAU_mRNA,
STATE_TRANSITION,re0000000606,re0000000606,false,false,RS70S_IF1_IF3_IF2_GTP_fMettRNAfMetCAU_mRNA,"RS50S_degraded,mRNA,IF2,GTP,fMettRNAfMetCAU,RS30S,IF3,IF1",,k1 * RS70S_IF1_IF3_IF2_GTP_fMettRNAfMetCAU_mRNA,
STATE_TRANSITION,re0000000607,re0000000607,false,false,RS70S_IF1_IF3_IF2_GTP_fMettRNAfMetCAU_mRNA,"IF1_degraded,mRNA,GTP,fMettRNAfMetCAU,IF2,RS30S,IF3,RS50S",,k1 * RS70S_IF1_IF3_IF2_GTP_fMettRNAfMetCAU_mRNA,
STATE_TRANSITION,re0000000608,re0000000608,false,false,RS70S_IF1_IF3_IF2_GTP_fMettRNAfMetCAU_mRNA,"IF3_degraded,RS50S,RS30S,IF1,mRNA,IF2,fMettRNAfMetCAU,GTP",,k1 * RS70S_IF1_IF3_IF2_GTP_fMettRNAfMetCAU_mRNA,
STATE_TRANSITION,re0000000609,re0000000609,false,false,"RS30S,IF2_GTP",RS30S_IF2_GTP,,k1 * RS30S * IF2_GTP,
STATE_TRANSITION,re0000000610,re0000000610,false,false,RS30S_IF2_GTP,"IF2_GTP,RS30S",,k1 * RS30S_IF2_GTP,
STATE_TRANSITION,re0000000611,re0000000611,false,false,"RS30S,IF2_GTP_fMettRNAfMetCAU",RS30S_IF2_GTP_fMettRNAfMetCAU,,k1 * RS30S * IF2_GTP_fMettRNAfMetCAU,
STATE_TRANSITION,re0000000612,re0000000612,false,false,RS30S_IF2_GTP_fMettRNAfMetCAU,"IF2_GTP_fMettRNAfMetCAU,RS30S",,k1 * RS30S_IF2_GTP_fMettRNAfMetCAU,
STATE_TRANSITION,re0000000613,re0000000613,false,false,"RS30S_IF2_GTP,fMettRNAfMetCAU",RS30S_IF2_GTP_fMettRNAfMetCAU,,k1 * RS30S_IF2_GTP * fMettRNAfMetCAU,
STATE_TRANSITION,re0000000614,re0000000614,false,false,RS30S_IF2_GTP_fMettRNAfMetCAU,"fMettRNAfMetCAU,RS30S_IF2_GTP",,k1 * RS30S_IF2_GTP_fMettRNAfMetCAU,
STATE_TRANSITION,re0000000615,re0000000615,false,false,"RS30S_IF2_GTP,IF3",RS30S_IF3_IF2_GTP,,k1 * RS30S_IF2_GTP * IF3,
STATE_TRANSITION,re0000000616,re0000000616,false,false,RS30S_IF3_IF2_GTP,"IF3,RS30S_IF2_GTP",,k1 * RS30S_IF3_IF2_GTP,
STATE_TRANSITION,re0000000617,re0000000617,false,false,"RS30S_IF2_GTP_fMettRNAfMetCAU,IF3",RS30S_IF3_IF2_GTP_fMettRNAfMetCAU,,k1 * RS30S_IF2_GTP_fMettRNAfMetCAU * IF3,
STATE_TRANSITION,re0000000618,re0000000618,false,false,RS30S_IF3_IF2_GTP_fMettRNAfMetCAU,"IF3,RS30S_IF2_GTP_fMettRNAfMetCAU",,k1 * RS30S_IF3_IF2_GTP_fMettRNAfMetCAU,
STATE_TRANSITION,re0000000619,re0000000619,false,false,"mRNA,RS30S",RS30S_mRNA,,k1 * mRNA * RS30S,
STATE_TRANSITION,re0000000620,re0000000620,false,false,RS30S_mRNA,"RS30S,mRNA",,k1 * RS30S_mRNA,
STATE_TRANSITION,re0000000621,re0000000621,false,false,"RS30S_mRNA,fMettRNAfMetCAU",RS30S_fMettRNAfMetCAU_mRNA,,k1 * RS30S_mRNA * fMettRNAfMetCAU,
STATE_TRANSITION,re0000000622,re0000000622,false,false,RS30S_fMettRNAfMetCAU_mRNA,"fMettRNAfMetCAU,RS30S_mRNA",,k1 * RS30S_fMettRNAfMetCAU_mRNA,
STATE_TRANSITION,re0000000623,re0000000623,false,false,"RS30S_mRNA,IF2_GTP_fMettRNAfMetCAU",RS30S_IF2_GTP_fMettRNAfMetCAU_mRNA,,k1 * RS30S_mRNA * IF2_GTP_fMettRNAfMetCAU,
STATE_TRANSITION,re0000000624,re0000000624,false,false,RS30S_IF2_GTP_fMettRNAfMetCAU_mRNA,"IF2_GTP_fMettRNAfMetCAU,RS30S_mRNA",,k1 * RS30S_IF2_GTP_fMettRNAfMetCAU_mRNA,
STATE_TRANSITION,re0000000625,re0000000625,false,false,"RS30S_mRNA,IF2_GTP",RS30S_IF2_GTP_mRNA,,k1 * RS30S_mRNA * IF2_GTP,
STATE_TRANSITION,re0000000626,re0000000626,false,false,RS30S_IF2_GTP_mRNA,"IF2_GTP,RS30S_mRNA",,k1 * RS30S_IF2_GTP_mRNA,
STATE_TRANSITION,re0000000627,re0000000627,false,false,"RS30S_fMettRNAfMetCAU_mRNA,IF2_GTP",RS30S_IF2_GTP_fMettRNAfMetCAU_mRNA,,k1 * RS30S_fMettRNAfMetCAU_mRNA * IF2_GTP,
STATE_TRANSITION,re0000000628,re0000000628,false,false,RS30S_IF2_GTP_fMettRNAfMetCAU_mRNA,"IF2_GTP,RS30S_fMettRNAfMetCAU_mRNA",,k1 * RS30S_IF2_GTP_fMettRNAfMetCAU_mRNA,
STATE_TRANSITION,re0000000629,re0000000629,false,false,"RS30S_IF2_GTP_mRNA,fMettRNAfMetCAU",RS30S_IF2_GTP_fMettRNAfMetCAU_mRNA,,k1 * RS30S_IF2_GTP_mRNA * fMettRNAfMetCAU,
STATE_TRANSITION,re0000000630,re0000000630,false,false,RS30S_IF2_GTP_fMettRNAfMetCAU_mRNA,"fMettRNAfMetCAU,RS30S_IF2_GTP_mRNA",,k1 * RS30S_IF2_GTP_fMettRNAfMetCAU_mRNA,
STATE_TRANSITION,re0000000631,re0000000631,false,false,"mRNA,RS30S_IF2_GTP",RS30S_IF2_GTP_mRNA,,k1 * mRNA * RS30S_IF2_GTP,
STATE_TRANSITION,re0000000632,re0000000632,false,false,RS30S_IF2_GTP_mRNA,"RS30S_IF2_GTP,mRNA",,k1 * RS30S_IF2_GTP_mRNA,
STATE_TRANSITION,re0000000633,re0000000633,false,false,"mRNA,RS30S_IF2_GTP_fMettRNAfMetCAU",RS30S_IF2_GTP_fMettRNAfMetCAU_mRNA,,k1 * mRNA * RS30S_IF2_GTP_fMettRNAfMetCAU,
STATE_TRANSITION,re0000000634,re0000000634,false,false,RS30S_IF2_GTP_fMettRNAfMetCAU_mRNA,"RS30S_IF2_GTP_fMettRNAfMetCAU,mRNA",,k1 * RS30S_IF2_GTP_fMettRNAfMetCAU_mRNA,
STATE_TRANSITION,re0000000635,re0000000635,false,false,"RS30S_mRNA,IF3",RS30S_IF3_mRNA,,k1 * RS30S_mRNA * IF3,
STATE_TRANSITION,re0000000636,re0000000636,false,false,RS30S_IF3_mRNA,"IF3,RS30S_mRNA",,k1 * RS30S_IF3_mRNA,
STATE_TRANSITION,re0000000637,re0000000637,false,false,"RS30S_fMettRNAfMetCAU_mRNA,IF3",RS30S_IF3_fMettRNAfMetCAU_mRNA,,k1 * RS30S_fMettRNAfMetCAU_mRNA * IF3,
STATE_TRANSITION,re0000000638,re0000000638,false,false,RS30S_IF3_fMettRNAfMetCAU_mRNA,"IF3,RS30S_fMettRNAfMetCAU_mRNA",,k1 * RS30S_IF3_fMettRNAfMetCAU_mRNA,
STATE_TRANSITION,re0000000639,re0000000639,false,false,"RS30S_IF2_GTP_mRNA,IF3",RS30S_IF3_IF2_GTP_mRNA,,k1 * RS30S_IF2_GTP_mRNA * IF3,
STATE_TRANSITION,re0000000640,re0000000640,false,false,RS30S_IF3_IF2_GTP_mRNA,"IF3,RS30S_IF2_GTP_mRNA",,k1 * RS30S_IF3_IF2_GTP_mRNA,
STATE_TRANSITION,re0000000641,re0000000641,false,false,"RS30S_IF2_GTP_fMettRNAfMetCAU_mRNA,IF3",RS30S_IF3_IF2_GTP_fMettRNAfMetCAU_mRNA,,k1 * RS30S_IF2_GTP_fMettRNAfMetCAU_mRNA * IF3,
STATE_TRANSITION,re0000000642,re0000000642,false,false,RS30S_IF3_IF2_GTP_fMettRNAfMetCAU_mRNA,"IF3,RS30S_IF2_GTP_fMettRNAfMetCAU_mRNA",,k1 * RS30S_IF3_IF2_GTP_fMettRNAfMetCAU_mRNA,
STATE_TRANSITION,re0000000643,re0000000643,false,false,"RS30S_IF1,IF2_GTP",RS30S_IF1_IF2_GTP,,k1 * RS30S_IF1 * IF2_GTP,
STATE_TRANSITION,re0000000644,re0000000644,false,false,RS30S_IF1_IF2_GTP,"IF2_GTP,RS30S_IF1",,k1 * RS30S_IF1_IF2_GTP,
STATE_TRANSITION,re0000000645,re0000000645,false,false,"RS30S_IF1,IF2_GTP_fMettRNAfMetCAU",RS30S_IF1_IF2_GTP_fMettRNAfMetCAU,,k1 * RS30S_IF1 * IF2_GTP_fMettRNAfMetCAU,
STATE_TRANSITION,re0000000646,re0000000646,false,false,RS30S_IF1_IF2_GTP_fMettRNAfMetCAU,"IF2_GTP_fMettRNAfMetCAU,RS30S_IF1",,k1 * RS30S_IF1_IF2_GTP_fMettRNAfMetCAU,
STATE_TRANSITION,re0000000647,re0000000647,false,false,"RS30S_IF1_IF2_GTP,fMettRNAfMetCAU",RS30S_IF1_IF2_GTP_fMettRNAfMetCAU,,k1 * RS30S_IF1_IF2_GTP * fMettRNAfMetCAU,
STATE_TRANSITION,re0000000648,re0000000648,false,false,RS30S_IF1_IF2_GTP_fMettRNAfMetCAU,"fMettRNAfMetCAU,RS30S_IF1_IF2_GTP",,k1 * RS30S_IF1_IF2_GTP_fMettRNAfMetCAU,
STATE_TRANSITION,re0000000649,re0000000649,false,false,"IF1,RS30S_IF2_GTP",RS30S_IF1_IF2_GTP,,k1 * IF1 * RS30S_IF2_GTP,
STATE_TRANSITION,re0000000650,re0000000650,false,false,RS30S_IF1_IF2_GTP,"IF1,RS30S_IF2_GTP",,k1 * RS30S_IF1_IF2_GTP,
STATE_TRANSITION,re0000000651,re0000000651,false,false,"RS30S_IF2_GTP_fMettRNAfMetCAU,IF1",RS30S_IF1_IF2_GTP_fMettRNAfMetCAU,,k1 * RS30S_IF2_GTP_fMettRNAfMetCAU * IF1,
STATE_TRANSITION,re0000000652,re0000000652,false,false,RS30S_IF1_IF2_GTP_fMettRNAfMetCAU,"IF1,RS30S_IF2_GTP_fMettRNAfMetCAU",,k1 * RS30S_IF1_IF2_GTP_fMettRNAfMetCAU,
STATE_TRANSITION,re0000000653,re0000000653,false,false,"RS30S_IF1_IF2_GTP,IF3",RS30S_IF1_IF3_IF2_GTP,,k1 * RS30S_IF1_IF2_GTP * IF3,
STATE_TRANSITION,re0000000654,re0000000654,false,false,RS30S_IF1_IF3_IF2_GTP,"IF3,RS30S_IF1_IF2_GTP",,k1 * RS30S_IF1_IF3_IF2_GTP,
STATE_TRANSITION,re0000000655,re0000000655,false,false,"RS30S_IF1_IF2_GTP_fMettRNAfMetCAU,IF3",RS30S_IF1_IF3_IF2_GTP_fMettRNAfMetCAU,,k1 * RS30S_IF1_IF2_GTP_fMettRNAfMetCAU * IF3,
STATE_TRANSITION,re0000000656,re0000000656,false,false,RS30S_IF1_IF3_IF2_GTP_fMettRNAfMetCAU,"IF3,RS30S_IF1_IF2_GTP_fMettRNAfMetCAU",,k1 * RS30S_IF1_IF3_IF2_GTP_fMettRNAfMetCAU,
STATE_TRANSITION,re0000000657,re0000000657,false,false,"RS30S_IF1_mRNA,IF2_GTP",RS30S_IF1_IF2_GTP_mRNA,,k1 * RS30S_IF1_mRNA * IF2_GTP,
STATE_TRANSITION,re0000000658,re0000000658,false,false,RS30S_IF1_IF2_GTP_mRNA,"RS30S_IF1_mRNA,IF2_GTP",,k1 * RS30S_IF1_IF2_GTP_mRNA,
STATE_TRANSITION,re0000000659,re0000000659,false,false,"RS30S_IF1_mRNA,fMettRNAfMetCAU",RS30S_IF1_fMettRNAfMetCAU_mRNA,,k1 * RS30S_IF1_mRNA * fMettRNAfMetCAU,
STATE_TRANSITION,re0000000660,re0000000660,false,false,RS30S_IF1_fMettRNAfMetCAU_mRNA,"fMettRNAfMetCAU,RS30S_IF1_mRNA",,k1 * RS30S_IF1_fMettRNAfMetCAU_mRNA,
STATE_TRANSITION,re0000000661,re0000000661,false,false,"RS30S_IF1_IF2_GTP_mRNA,fMettRNAfMetCAU",RS30S_IF1_IF2_GTP_fMettRNAfMetCAU_mRNA,,k1 * RS30S_IF1_IF2_GTP_mRNA * fMettRNAfMetCAU,
STATE_TRANSITION,re0000000662,re0000000662,false,false,RS30S_IF1_IF2_GTP_fMettRNAfMetCAU_mRNA,"fMettRNAfMetCAU,RS30S_IF1_IF2_GTP_mRNA",,k1 * RS30S_IF1_IF2_GTP_fMettRNAfMetCAU_mRNA,
STATE_TRANSITION,re0000000663,re0000000663,false,false,"RS30S_IF1_fMettRNAfMetCAU_mRNA,IF2_GTP",RS30S_IF1_IF2_GTP_fMettRNAfMetCAU_mRNA,,k1 * RS30S_IF1_fMettRNAfMetCAU_mRNA * IF2_GTP,
STATE_TRANSITION,re0000000664,re0000000664,false,false,RS30S_IF1_IF2_GTP_fMettRNAfMetCAU_mRNA,"IF2_GTP,RS30S_IF1_fMettRNAfMetCAU_mRNA",,k1 * RS30S_IF1_IF2_GTP_fMettRNAfMetCAU_mRNA,
STATE_TRANSITION,re0000000665,re0000000665,false,false,"RS30S_IF1_mRNA,IF2_GTP_fMettRNAfMetCAU",RS30S_IF1_IF2_GTP_fMettRNAfMetCAU_mRNA,,k1 * RS30S_IF1_mRNA * IF2_GTP_fMettRNAfMetCAU,
STATE_TRANSITION,re0000000666,re0000000666,false,false,RS30S_IF1_IF2_GTP_fMettRNAfMetCAU_mRNA,"IF2_GTP_fMettRNAfMetCAU,RS30S_IF1_mRNA",,k1 * RS30S_IF1_IF2_GTP_fMettRNAfMetCAU_mRNA,
STATE_TRANSITION,re0000000667,re0000000667,false,false,"RS30S_IF1_mRNA,IF3",RS30S_IF1_IF3_mRNA,,k1 * RS30S_IF1_mRNA * IF3,
STATE_TRANSITION,re0000000668,re0000000668,false,false,RS30S_IF1_IF3_mRNA,"IF3,RS30S_IF1_mRNA",,k1 * RS30S_IF1_IF3_mRNA,
STATE_TRANSITION,re0000000669,re0000000669,false,false,"RS30S_IF1_fMettRNAfMetCAU_mRNA,IF3",RS30S_IF1_IF3_fMettRNAfMetCAU_mRNA,,k1 * RS30S_IF1_fMettRNAfMetCAU_mRNA * IF3,
STATE_TRANSITION,re0000000670,re0000000670,false,false,RS30S_IF1_IF3_fMettRNAfMetCAU_mRNA,"IF3,RS30S_IF1_fMettRNAfMetCAU_mRNA",,k1 * RS30S_IF1_IF3_fMettRNAfMetCAU_mRNA,
STATE_TRANSITION,re0000000671,re0000000671,false,false,"RS30S_IF1_IF2_GTP_mRNA,IF3",RS30S_IF1_IF3_IF2_GTP_mRNA,,k1 * RS30S_IF1_IF2_GTP_mRNA * IF3,
STATE_TRANSITION,re0000000672,re0000000672,false,false,RS30S_IF1_IF3_IF2_GTP_mRNA,"IF3,RS30S_IF1_IF2_GTP_mRNA",,k1 * RS30S_IF1_IF3_IF2_GTP_mRNA,
STATE_TRANSITION,re0000000673,re0000000673,false,false,"RS30S_IF1_IF2_GTP_fMettRNAfMetCAU_mRNA,IF3",RS30S_IF1_IF3_IF2_GTP_fMettRNAfMetCAU_mRNA,,k1 * RS30S_IF1_IF2_GTP_fMettRNAfMetCAU_mRNA * IF3,
STATE_TRANSITION,re0000000674,re0000000674,false,false,RS30S_IF1_IF3_IF2_GTP_fMettRNAfMetCAU_mRNA,"IF3,RS30S_IF1_IF2_GTP_fMettRNAfMetCAU_mRNA",,k1 * RS30S_IF1_IF3_IF2_GTP_fMettRNAfMetCAU_mRNA,
STATE_TRANSITION,re0000000675,re0000000675,false,false,"RS30S_IF1,mRNA",RS30S_IF1_mRNA,,k1 * RS30S_IF1 * mRNA,
STATE_TRANSITION,re0000000676,re0000000676,false,false,RS30S_IF1_mRNA,"RS30S_IF1,mRNA",,k1 * RS30S_IF1_mRNA,
STATE_TRANSITION,re0000000677,re0000000677,false,false,"RS30S_mRNA,IF1",RS30S_IF1_mRNA,,k1 * RS30S_mRNA * IF1,
STATE_TRANSITION,re0000000678,re0000000678,false,false,RS30S_IF1_mRNA,"RS30S_mRNA,IF1",,k1 * RS30S_IF1_mRNA,
STATE_TRANSITION,re0000000679,re0000000679,false,false,"RS30S_IF2_GTP_mRNA,IF1",RS30S_IF1_IF2_GTP_mRNA,,k1 * RS30S_IF2_GTP_mRNA * IF1,
STATE_TRANSITION,re0000000680,re0000000680,false,false,RS30S_IF1_IF2_GTP_mRNA,"RS30S_IF2_GTP_mRNA,IF1",,k1 * RS30S_IF1_IF2_GTP_mRNA,
STATE_TRANSITION,re0000000681,re0000000681,false,false,"RS30S_IF1_IF2_GTP,mRNA",RS30S_IF1_IF2_GTP_mRNA,,k1 * RS30S_IF1_IF2_GTP * mRNA,
STATE_TRANSITION,re0000000682,re0000000682,false,false,RS30S_IF1_IF2_GTP_mRNA,"RS30S_IF1_IF2_GTP,mRNA",,k1 * RS30S_IF1_IF2_GTP_mRNA,
STATE_TRANSITION,re0000000683,re0000000683,false,false,"RS30S_fMettRNAfMetCAU_mRNA,IF1",RS30S_IF1_fMettRNAfMetCAU_mRNA,,k1 * RS30S_fMettRNAfMetCAU_mRNA * IF1,
STATE_TRANSITION,re0000000684,re0000000684,false,false,RS30S_IF1_fMettRNAfMetCAU_mRNA,"RS30S_fMettRNAfMetCAU_mRNA,IF1",,k1 * RS30S_IF1_fMettRNAfMetCAU_mRNA,
STATE_TRANSITION,re0000000685,re0000000685,false,false,"IF1,RS30S_IF2_GTP_fMettRNAfMetCAU_mRNA",RS30S_IF1_IF2_GTP_fMettRNAfMetCAU_mRNA,,k1 * IF1 * RS30S_IF2_GTP_fMettRNAfMetCAU_mRNA,
STATE_TRANSITION,re0000000686,re0000000686,false,false,RS30S_IF1_IF2_GTP_fMettRNAfMetCAU_mRNA,"RS30S_IF2_GTP_fMettRNAfMetCAU_mRNA,IF1",,k1 * RS30S_IF1_IF2_GTP_fMettRNAfMetCAU_mRNA,
STATE_TRANSITION,re0000000687,re0000000687,false,false,"RS30S_IF1_IF2_GTP_fMettRNAfMetCAU,mRNA",RS30S_IF1_IF2_GTP_fMettRNAfMetCAU_mRNA,,k1 * RS30S_IF1_IF2_GTP_fMettRNAfMetCAU * mRNA,
STATE_TRANSITION,re0000000688,re0000000688,false,false,RS30S_IF1_IF2_GTP_fMettRNAfMetCAU_mRNA,"RS30S_IF1_IF2_GTP_fMettRNAfMetCAU,mRNA",,k1 * RS30S_IF1_IF2_GTP_fMettRNAfMetCAU_mRNA,
STATE_TRANSITION,re0000000689,re0000000689,false,false,RS30S_IF2_GTP,"RS30S_degraded,IF2,GTP",,k1 * RS30S_IF2_GTP,
STATE_TRANSITION,re0000000690,re0000000690,false,false,RS30S_IF2_GTP,"IF2_degraded,GTP,RS30S",,k1 * RS30S_IF2_GTP,
STATE_TRANSITION,re0000000691,re0000000691,false,false,RS30S_IF2_GTP_fMettRNAfMetCAU,"RS30S_degraded,IF2,GTP,fMettRNAfMetCAU",,k1 * RS30S_IF2_GTP_fMettRNAfMetCAU,
STATE_TRANSITION,re0000000692,re0000000692,false,false,RS30S_IF2_GTP_fMettRNAfMetCAU,"IF2_degraded,fMettRNAfMetCAU,RS30S,GTP",,k1 * RS30S_IF2_GTP_fMettRNAfMetCAU,
STATE_TRANSITION,re0000000693,re0000000693,false,false,RS30S_mRNA,"RS30S_degraded,mRNA",,k1 * RS30S_mRNA,
STATE_TRANSITION,re0000000694,re0000000694,false,false,RS30S_fMettRNAfMetCAU_mRNA,"RS30S_degraded,fMettRNAfMetCAU,mRNA",,k1 * RS30S_fMettRNAfMetCAU_mRNA,
STATE_TRANSITION,re0000000695,re0000000695,false,false,RS30S_IF2_GTP_mRNA,"RS30S_degraded,IF2,GTP,mRNA",,k1 * RS30S_IF2_GTP_mRNA,
STATE_TRANSITION,re0000000696,re0000000696,false,false,RS30S_IF2_GTP_mRNA,"IF2_degraded,mRNA,RS30S,GTP",,k1 * RS30S_IF2_GTP_mRNA,
STATE_TRANSITION,re0000000697,re0000000697,false,false,RS30S_IF2_GTP_fMettRNAfMetCAU_mRNA,"RS30S_degraded,IF2,GTP,fMettRNAfMetCAU,mRNA",,k1 * RS30S_IF2_GTP_fMettRNAfMetCAU_mRNA,
STATE_TRANSITION,re0000000698,re0000000698,false,false,RS30S_IF2_GTP_fMettRNAfMetCAU_mRNA,"IF2_degraded,fMettRNAfMetCAU,mRNA,RS30S,GTP",,k1 * RS30S_IF2_GTP_fMettRNAfMetCAU_mRNA,
STATE_TRANSITION,re0000000699,re0000000699,false,false,RS30S_IF1_IF2_GTP,"RS30S_degraded,IF2,GTP,IF1",,k1 * RS30S_IF1_IF2_GTP,
STATE_TRANSITION,re0000000700,re0000000700,false,false,RS30S_IF1_IF2_GTP,"IF2_degraded,GTP,RS30S,IF1",,k1 * RS30S_IF1_IF2_GTP,
STATE_TRANSITION,re0000000701,re0000000701,false,false,RS30S_IF1_IF2_GTP,"IF1_degraded,RS30S,IF2,GTP",,k1 * RS30S_IF1_IF2_GTP,
STATE_TRANSITION,re0000000702,re0000000702,false,false,RS30S_IF1_IF2_GTP_fMettRNAfMetCAU,"RS30S_degraded,IF2,GTP,IF1,fMettRNAfMetCAU",,k1 * RS30S_IF1_IF2_GTP_fMettRNAfMetCAU,
STATE_TRANSITION,re0000000703,re0000000703,false,false,RS30S_IF1_IF2_GTP_fMettRNAfMetCAU,"IF2_degraded,GTP,RS30S,IF1,fMettRNAfMetCAU",,k1 * RS30S_IF1_IF2_GTP_fMettRNAfMetCAU,
STATE_TRANSITION,re0000000704,re0000000704,false,false,RS30S_IF1_IF2_GTP_fMettRNAfMetCAU,"IF1_degraded,RS30S,fMettRNAfMetCAU,IF2,GTP",,k1 * RS30S_IF1_IF2_GTP_fMettRNAfMetCAU,
STATE_TRANSITION,re0000000705,re0000000705,false,false,RS30S_IF1_mRNA,"RS30S_degraded,IF1,mRNA",,k1 * RS30S_IF1_mRNA,
STATE_TRANSITION,re0000000706,re0000000706,false,false,RS30S_IF1_mRNA,"IF1_degraded,mRNA,RS30S",,k1 * RS30S_IF1_mRNA,
STATE_TRANSITION,re0000000707,re0000000707,false,false,RS30S_IF1_fMettRNAfMetCAU_mRNA,"RS30S_degraded,IF1,fMettRNAfMetCAU,mRNA",,k1 * RS30S_IF1_fMettRNAfMetCAU_mRNA,
STATE_TRANSITION,re0000000708,re0000000708,false,false,RS30S_IF1_fMettRNAfMetCAU_mRNA,"IF1_degraded,mRNA,fMettRNAfMetCAU,RS30S",,k1 * RS30S_IF1_fMettRNAfMetCAU_mRNA,
STATE_TRANSITION,re0000000709,re0000000709,false,false,RS30S_IF1_IF2_GTP_mRNA,"RS30S_degraded,IF2,GTP,IF1,mRNA",,k1 * RS30S_IF1_IF2_GTP_mRNA,
STATE_TRANSITION,re0000000710,re0000000710,false,false,RS30S_IF1_IF2_GTP_mRNA,"IF2_degraded,mRNA,RS30S,IF1,GTP",,k1 * RS30S_IF1_IF2_GTP_mRNA,
STATE_TRANSITION,re0000000711,re0000000711,false,false,RS30S_IF1_IF2_GTP_mRNA,"IF1_degraded,RS30S,mRNA,IF2,GTP",,k1 * RS30S_IF1_IF2_GTP_mRNA,
STATE_TRANSITION,re0000000712,re0000000712,false,false,RS30S_IF1_IF2_GTP_fMettRNAfMetCAU_mRNA,"RS30S_degraded,mRNA,fMettRNAfMetCAU,IF2,GTP,IF1",,k1 * RS30S_IF1_IF2_GTP_fMettRNAfMetCAU_mRNA,
STATE_TRANSITION,re0000000713,re0000000713,false,false,RS30S_IF1_IF2_GTP_fMettRNAfMetCAU_mRNA,"IF2_degraded,mRNA,fMettRNAfMetCAU,RS30S,IF1,GTP",,k1 * RS30S_IF1_IF2_GTP_fMettRNAfMetCAU_mRNA,
STATE_TRANSITION,re0000000714,re0000000714,false,false,RS30S_IF1_IF2_GTP_fMettRNAfMetCAU_mRNA,"IF1_degraded,GTP,IF2,RS30S,fMettRNAfMetCAU,mRNA",,k1 * RS30S_IF1_IF2_GTP_fMettRNAfMetCAU_mRNA,
STATE_TRANSITION,re0000000715,re0000000715,false,false,RS70S_IF3_IF2_GTP_fMettRNAfMetCAU_mRNA,RS70S_IF3_IF2_GDP_PO4_fMettRNAfMetCAU_mRNA,,k1 * RS70S_IF3_IF2_GTP_fMettRNAfMetCAU_mRNA,
STATE_TRANSITION,re0000000716,re0000000716,false,false,RS70S_IF3_IF2_GDP_PO4_fMettRNAfMetCAU_mRNA,RS70S_IF3_IF2_GTP_fMettRNAfMetCAU_mRNA,,k1 * RS70S_IF3_IF2_GDP_PO4_fMettRNAfMetCAU_mRNA,
STATE_TRANSITION,re0000000717,re0000000717,false,false,RS70S_IF1_IF3_IF2_GTP_fMettRNAfMetCAU_mRNA,RS70S_IF1_IF3_IF2_GDP_PO4_fMettRNAfMetCAU_mRNA,,k1 * RS70S_IF1_IF3_IF2_GTP_fMettRNAfMetCAU_mRNA,
STATE_TRANSITION,re0000000718,re0000000718,false,false,RS70S_IF1_IF3_IF2_GDP_PO4_fMettRNAfMetCAU_mRNA,RS70S_IF1_IF3_IF2_GTP_fMettRNAfMetCAU_mRNA,,k1 * RS70S_IF1_IF3_IF2_GDP_PO4_fMettRNAfMetCAU_mRNA,
STATE_TRANSITION,re0000000719,re0000000719,false,false,"RS70S_IF3_IF2_GDP_PO4_fMettRNAfMetCAU_mRNA,IF1",RS70S_IF1_IF3_IF2_GDP_PO4_fMettRNAfMetCAU_mRNA,,k1 * RS70S_IF3_IF2_GDP_PO4_fMettRNAfMetCAU_mRNA * IF1,
STATE_TRANSITION,re0000000720,re0000000720,false,false,RS70S_IF1_IF3_IF2_GDP_PO4_fMettRNAfMetCAU_mRNA,"RS70S_IF3_IF2_GDP_PO4_fMettRNAfMetCAU_mRNA,IF1",,k1 * RS70S_IF1_IF3_IF2_GDP_PO4_fMettRNAfMetCAU_mRNA,
STATE_TRANSITION,re0000000721,re0000000721,false,false,RS70S_IF3_IF2_GDP_PO4_fMettRNAfMetCAU_mRNA,"RS70S_IF3_IF2_GDP_fMettRNAfMetCAU_mRNA,PO4",,k1 * RS70S_IF3_IF2_GDP_PO4_fMettRNAfMetCAU_mRNA,
STATE_TRANSITION,re0000000722,re0000000722,false,false,RS70S_IF1_IF3_IF2_GDP_PO4_fMettRNAfMetCAU_mRNA,"RS70S_IF1_IF3_IF2_GDP_fMettRNAfMetCAU_mRNA,PO4",,k1 * RS70S_IF1_IF3_IF2_GDP_PO4_fMettRNAfMetCAU_mRNA,
STATE_TRANSITION,re0000000723,re0000000723,false,false,"RS70S_IF3_IF2_GDP_fMettRNAfMetCAU_mRNA,IF1",RS70S_IF1_IF3_IF2_GDP_fMettRNAfMetCAU_mRNA,,k1 * RS70S_IF3_IF2_GDP_fMettRNAfMetCAU_mRNA * IF1,
STATE_TRANSITION,re0000000724,re0000000724,false,false,RS70S_IF1_IF3_IF2_GDP_fMettRNAfMetCAU_mRNA,"RS70S_IF3_IF2_GDP_fMettRNAfMetCAU_mRNA,IF1",,k1 * RS70S_IF1_IF3_IF2_GDP_fMettRNAfMetCAU_mRNA,
STATE_TRANSITION,re0000000725,re0000000725,false,false,RS70S_IF3_IF2_GDP_fMettRNAfMetCAU_mRNA,"RS70S_IF3_fMettRNAfMetCAU_mRNA,IF2_GDP",,k1 * RS70S_IF3_IF2_GDP_fMettRNAfMetCAU_mRNA,
STATE_TRANSITION,re0000000726,re0000000726,false,false,RS70S_IF2_GDP_fMettRNAfMetCAU_mRNA,"elRS70SAGGU0002_fMettRNAfMetCAU,IF2_GDP",,k1 * RS70S_IF2_GDP_fMettRNAfMetCAU_mRNA,
STATE_TRANSITION,re0000000727,re0000000727,false,false,RS70S_IF3_IF2_GDP_fMettRNAfMetCAU_mRNA,"IF2_degraded,mRNA,GDP,fMettRNAfMetCAU,RS50S,RS30S,IF3",,k1 * RS70S_IF3_IF2_GDP_fMettRNAfMetCAU_mRNA,
STATE_TRANSITION,re0000000728,re0000000728,false,false,RS70S_IF3_IF2_GDP_fMettRNAfMetCAU_mRNA,"RS50S_degraded,IF2,mRNA,fMettRNAfMetCAU,GDP,RS30S,IF3",,k1 * RS70S_IF3_IF2_GDP_fMettRNAfMetCAU_mRNA,
STATE_TRANSITION,re0000000729,re0000000729,false,false,RS70S_IF3_IF2_GDP_fMettRNAfMetCAU_mRNA,"IF3_degraded,GDP,fMettRNAfMetCAU,mRNA,RS30S,RS50S,IF2",,k1 * RS70S_IF3_IF2_GDP_fMettRNAfMetCAU_mRNA,
STATE_TRANSITION,re0000000730,re0000000730,false,false,RS70S_IF3_IF2_GDP_fMettRNAfMetCAU_mRNA,"RS30S_degraded,RS50S,mRNA,fMettRNAfMetCAU,IF2,IF3,GDP",,k1 * RS70S_IF3_IF2_GDP_fMettRNAfMetCAU_mRNA,
STATE_TRANSITION,re0000000731,re0000000731,false,false,RS70S_IF1_IF3_IF2_GDP_fMettRNAfMetCAU_mRNA,"RS30S_degraded,RS50S,GDP,mRNA,fMettRNAfMetCAU,IF2,IF3,IF1",,k1 * RS70S_IF1_IF3_IF2_GDP_fMettRNAfMetCAU_mRNA,
STATE_TRANSITION,re0000000732,re0000000732,false,false,RS70S_IF1_IF3_IF2_GDP_fMettRNAfMetCAU_mRNA,"IF2_degraded,mRNA,GDP,fMettRNAfMetCAU,RS50S,RS30S,IF3,IF1",,k1 * RS70S_IF1_IF3_IF2_GDP_fMettRNAfMetCAU_mRNA,
STATE_TRANSITION,re0000000733,re0000000733,false,false,RS70S_IF1_IF3_IF2_GDP_fMettRNAfMetCAU_mRNA,"RS50S_degraded,mRNA,IF2,GDP,fMettRNAfMetCAU,RS30S,IF3,IF1",,k1 * RS70S_IF1_IF3_IF2_GDP_fMettRNAfMetCAU_mRNA,
STATE_TRANSITION,re0000000734,re0000000734,false,false,RS70S_IF1_IF3_IF2_GDP_fMettRNAfMetCAU_mRNA,"IF1_degraded,mRNA,GDP,fMettRNAfMetCAU,IF2,RS30S,IF3,RS50S",,k1 * RS70S_IF1_IF3_IF2_GDP_fMettRNAfMetCAU_mRNA,
STATE_TRANSITION,re0000000735,re0000000735,false,false,RS70S_IF1_IF3_IF2_GDP_fMettRNAfMetCAU_mRNA,"IF3_degraded,RS50S,RS30S,IF1,mRNA,IF2,fMettRNAfMetCAU,GDP",,k1 * RS70S_IF1_IF3_IF2_GDP_fMettRNAfMetCAU_mRNA,
STATE_TRANSITION,re0000000736,re0000000736,false,false,RS70S_IF3_IF2_GDP_PO4_fMettRNAfMetCAU_mRNA,"IF2_degraded,mRNA,GDP,fMettRNAfMetCAU,RS50S,RS30S,IF3,PO4",,k1 * RS70S_IF3_IF2_GDP_PO4_fMettRNAfMetCAU_mRNA,
STATE_TRANSITION,re0000000737,re0000000737,false,false,RS70S_IF3_IF2_GDP_PO4_fMettRNAfMetCAU_mRNA,"RS50S_degraded,IF2,mRNA,fMettRNAfMetCAU,GDP,RS30S,IF3,PO4",,k1 * RS70S_IF3_IF2_GDP_PO4_fMettRNAfMetCAU_mRNA,
STATE_TRANSITION,re0000000738,re0000000738,false,false,RS70S_IF3_IF2_GDP_PO4_fMettRNAfMetCAU_mRNA,"IF3_degraded,GDP,fMettRNAfMetCAU,mRNA,RS30S,RS50S,IF2,PO4",,k1 * RS70S_IF3_IF2_GDP_PO4_fMettRNAfMetCAU_mRNA,
STATE_TRANSITION,re0000000739,re0000000739,false,false,RS70S_IF3_IF2_GDP_PO4_fMettRNAfMetCAU_mRNA,"RS30S_degraded,RS50S,mRNA,fMettRNAfMetCAU,IF2,IF3,GDP,PO4",,k1 * RS70S_IF3_IF2_GDP_PO4_fMettRNAfMetCAU_mRNA,
STATE_TRANSITION,re0000000740,re0000000740,false,false,RS70S_IF1_IF3_IF2_GDP_PO4_fMettRNAfMetCAU_mRNA,"RS30S_degraded,RS50S,GDP,mRNA,fMettRNAfMetCAU,IF2,IF3,IF1,PO4",,k1 * RS70S_IF1_IF3_IF2_GDP_PO4_fMettRNAfMetCAU_mRNA,
STATE_TRANSITION,re0000000741,re0000000741,false,false,RS70S_IF1_IF3_IF2_GDP_PO4_fMettRNAfMetCAU_mRNA,"IF2_degraded,mRNA,GDP,fMettRNAfMetCAU,RS50S,RS30S,IF3,IF1,PO4",,k1 * RS70S_IF1_IF3_IF2_GDP_PO4_fMettRNAfMetCAU_mRNA,
STATE_TRANSITION,re0000000742,re0000000742,false,false,RS70S_IF1_IF3_IF2_GDP_PO4_fMettRNAfMetCAU_mRNA,"RS50S_degraded,mRNA,IF2,GDP,fMettRNAfMetCAU,RS30S,IF3,IF1,PO4",,k1 * RS70S_IF1_IF3_IF2_GDP_PO4_fMettRNAfMetCAU_mRNA,
STATE_TRANSITION,re0000000743,re0000000743,false,false,RS70S_IF1_IF3_IF2_GDP_PO4_fMettRNAfMetCAU_mRNA,"IF1_degraded,mRNA,GDP,fMettRNAfMetCAU,IF2,RS30S,IF3,RS50S,PO4",,k1 * RS70S_IF1_IF3_IF2_GDP_PO4_fMettRNAfMetCAU_mRNA,
STATE_TRANSITION,re0000000744,re0000000744,false,false,RS70S_IF1_IF3_IF2_GDP_PO4_fMettRNAfMetCAU_mRNA,"IF3_degraded,RS50S,RS30S,IF1,mRNA,IF2,fMettRNAfMetCAU,GDP,PO4",,k1 * RS70S_IF1_IF3_IF2_GDP_PO4_fMettRNAfMetCAU_mRNA,
STATE_TRANSITION,re0000000745,re0000000745,false,false,"RS70S_IF3_IF2_GDP_fMettRNAfMetCAU_mRNA,PO4",RS70S_IF3_IF2_GDP_PO4_fMettRNAfMetCAU_mRNA,,k1 * RS70S_IF3_IF2_GDP_fMettRNAfMetCAU_mRNA * PO4,
STATE_TRANSITION,re0000000746,re0000000746,false,false,"RS70S_IF1_IF3_IF2_GDP_fMettRNAfMetCAU_mRNA,PO4",RS70S_IF1_IF3_IF2_GDP_PO4_fMettRNAfMetCAU_mRNA,,k1 * RS70S_IF1_IF3_IF2_GDP_fMettRNAfMetCAU_mRNA * PO4,
STATE_TRANSITION,re0000000747,re0000000747,false,false,RS70S_IF1_IF3_IF2_GDP_fMettRNAfMetCAU_mRNA,"RS70S_IF1_IF2_GDP_fMettRNAfMetCAU_mRNA,IF3",,k1 * RS70S_IF1_IF3_IF2_GDP_fMettRNAfMetCAU_mRNA,
STATE_TRANSITION,re0000000748,re0000000748,false,false,"RS70S_IF1_IF2_GDP_fMettRNAfMetCAU_mRNA,IF3",RS70S_IF1_IF3_IF2_GDP_fMettRNAfMetCAU_mRNA,,k1 * RS70S_IF1_IF2_GDP_fMettRNAfMetCAU_mRNA * IF3,
STATE_TRANSITION,re0000000749,re0000000749,false,false,RS70S_IF1_IF3_IF2_GDP_fMettRNAfMetCAU_mRNA,"RS70S_IF1_IF3_fMettRNAfMetCAU_mRNA,IF2_GDP",,k1 * RS70S_IF1_IF3_IF2_GDP_fMettRNAfMetCAU_mRNA,
STATE_TRANSITION,re0000000750,re0000000750,false,false,"RS70S_IF1_IF3_fMettRNAfMetCAU_mRNA,IF2_GDP",RS70S_IF1_IF3_IF2_GDP_fMettRNAfMetCAU_mRNA,,k1 * RS70S_IF1_IF3_fMettRNAfMetCAU_mRNA * IF2_GDP,
STATE_TRANSITION,re0000000751,re0000000751,false,false,"RS70S_IF3_fMettRNAfMetCAU_mRNA,IF2_GDP",RS70S_IF3_IF2_GDP_fMettRNAfMetCAU_mRNA,,k1 * RS70S_IF3_fMettRNAfMetCAU_mRNA * IF2_GDP,
STATE_TRANSITION,re0000000752,re0000000752,false,false,"elRS70SAGGU0002_fMettRNAfMetCAU,IF2_GDP",RS70S_IF2_GDP_fMettRNAfMetCAU_mRNA,,k1 * elRS70SAGGU0002_fMettRNAfMetCAU * IF2_GDP,
STATE_TRANSITION,re0000000753,re0000000753,false,false,RS70S_IF1_IF3_fMettRNAfMetCAU_mRNA,"RS70S_IF3_fMettRNAfMetCAU_mRNA,IF1",,k1 * RS70S_IF1_IF3_fMettRNAfMetCAU_mRNA,
STATE_TRANSITION,re0000000754,re0000000754,false,false,"RS70S_IF3_fMettRNAfMetCAU_mRNA,IF1",RS70S_IF1_IF3_fMettRNAfMetCAU_mRNA,,k1 * RS70S_IF3_fMettRNAfMetCAU_mRNA * IF1,
STATE_TRANSITION,re0000000755,re0000000755,false,false,RS70S_IF3_IF2_GDP_fMettRNAfMetCAU_mRNA,"RS70S_IF2_GDP_fMettRNAfMetCAU_mRNA,IF3",,k1 * RS70S_IF3_IF2_GDP_fMettRNAfMetCAU_mRNA,
STATE_TRANSITION,re0000000756,re0000000756,false,false,"RS70S_IF2_GDP_fMettRNAfMetCAU_mRNA,IF3",RS70S_IF3_IF2_GDP_fMettRNAfMetCAU_mRNA,,k1 * RS70S_IF2_GDP_fMettRNAfMetCAU_mRNA * IF3,
STATE_TRANSITION,re0000000757,re0000000757,false,false,RS70S_IF1_IF2_GDP_fMettRNAfMetCAU_mRNA,"RS70S_IF2_GDP_fMettRNAfMetCAU_mRNA,IF1",,k1 * RS70S_IF1_IF2_GDP_fMettRNAfMetCAU_mRNA,
STATE_TRANSITION,re0000000758,re0000000758,false,false,"RS70S_IF2_GDP_fMettRNAfMetCAU_mRNA,IF1",RS70S_IF1_IF2_GDP_fMettRNAfMetCAU_mRNA,,k1 * RS70S_IF2_GDP_fMettRNAfMetCAU_mRNA * IF1,
STATE_TRANSITION,re0000000759,re0000000759,false,false,RS70S_IF1_IF2_GDP_fMettRNAfMetCAU_mRNA,"RS70S_IF1_fMettRNAfMetCAU_mRNA,IF2_GDP",,k1 * RS70S_IF1_IF2_GDP_fMettRNAfMetCAU_mRNA,
STATE_TRANSITION,re0000000760,re0000000760,false,false,"RS70S_IF1_fMettRNAfMetCAU_mRNA,IF2_GDP",RS70S_IF1_IF2_GDP_fMettRNAfMetCAU_mRNA,,k1 * RS70S_IF1_fMettRNAfMetCAU_mRNA * IF2_GDP,
STATE_TRANSITION,re0000000761,re0000000761,false,false,RS70S_IF1_IF3_fMettRNAfMetCAU_mRNA,"RS70S_IF1_fMettRNAfMetCAU_mRNA,IF3",,k1 * RS70S_IF1_IF3_fMettRNAfMetCAU_mRNA,
STATE_TRANSITION,re0000000762,re0000000762,false,false,"RS70S_IF1_fMettRNAfMetCAU_mRNA,IF3",RS70S_IF1_IF3_fMettRNAfMetCAU_mRNA,,k1 * RS70S_IF1_fMettRNAfMetCAU_mRNA * IF3,
STATE_TRANSITION,re0000000763,re0000000763,false,false,RS70S_IF3_fMettRNAfMetCAU_mRNA,"elRS70SAGGU0002_fMettRNAfMetCAU,IF3",,k1 * RS70S_IF3_fMettRNAfMetCAU_mRNA,
STATE_TRANSITION,re0000000764,re0000000764,false,false,"elRS70SAGGU0002_fMettRNAfMetCAU,IF3",RS70S_IF3_fMettRNAfMetCAU_mRNA,,k1 * elRS70SAGGU0002_fMettRNAfMetCAU * IF3,
STATE_TRANSITION,re0000000765,re0000000765,false,false,RS70S_IF1_fMettRNAfMetCAU_mRNA,"elRS70SAGGU0002_fMettRNAfMetCAU,IF1",,k1 * RS70S_IF1_fMettRNAfMetCAU_mRNA,
STATE_TRANSITION,re0000000766,re0000000766,false,false,"elRS70SAGGU0002_fMettRNAfMetCAU,IF1",RS70S_IF1_fMettRNAfMetCAU_mRNA,,k1 * elRS70SAGGU0002_fMettRNAfMetCAU * IF1,
STATE_TRANSITION,re0000000767,re0000000767,false,false,RS70S_IF2_GDP_fMettRNAfMetCAU_mRNA,"RS30S_degraded,RS50S,GDP,mRNA,fMettRNAfMetCAU,IF2",,k1 * RS70S_IF2_GDP_fMettRNAfMetCAU_mRNA,
STATE_TRANSITION,re0000000768,re0000000768,false,false,RS70S_IF2_GDP_fMettRNAfMetCAU_mRNA,"IF2_degraded,mRNA,GDP,fMettRNAfMetCAU,RS50S,RS30S",,k1 * RS70S_IF2_GDP_fMettRNAfMetCAU_mRNA,
STATE_TRANSITION,re0000000769,re0000000769,false,false,RS70S_IF2_GDP_fMettRNAfMetCAU_mRNA,"RS50S_degraded,mRNA,IF2,GDP,fMettRNAfMetCAU,RS30S",,k1 * RS70S_IF2_GDP_fMettRNAfMetCAU_mRNA,
STATE_TRANSITION,re0000000770,re0000000770,false,false,RS70S_IF3_fMettRNAfMetCAU_mRNA,"RS30S_degraded,RS50S,mRNA,fMettRNAfMetCAU,IF3",,k1 * RS70S_IF3_fMettRNAfMetCAU_mRNA,
STATE_TRANSITION,re0000000771,re0000000771,false,false,RS70S_IF3_fMettRNAfMetCAU_mRNA,"RS50S_degraded,mRNA,fMettRNAfMetCAU,RS30S,IF3",,k1 * RS70S_IF3_fMettRNAfMetCAU_mRNA,
STATE_TRANSITION,re0000000772,re0000000772,false,false,RS70S_IF3_fMettRNAfMetCAU_mRNA,"IF3_degraded,RS50S,RS30S,mRNA,fMettRNAfMetCAU",,k1 * RS70S_IF3_fMettRNAfMetCAU_mRNA,
STATE_TRANSITION,re0000000773,re0000000773,false,false,RS70S_IF1_IF3_fMettRNAfMetCAU_mRNA,"RS30S_degraded,RS50S,mRNA,fMettRNAfMetCAU,IF3,IF1",,k1 * RS70S_IF1_IF3_fMettRNAfMetCAU_mRNA,
STATE_TRANSITION,re0000000774,re0000000774,false,false,RS70S_IF1_IF3_fMettRNAfMetCAU_mRNA,"RS50S_degraded,mRNA,fMettRNAfMetCAU,RS30S,IF3,IF1",,k1 * RS70S_IF1_IF3_fMettRNAfMetCAU_mRNA,
STATE_TRANSITION,re0000000775,re0000000775,false,false,RS70S_IF1_IF3_fMettRNAfMetCAU_mRNA,"IF1_degraded,mRNA,fMettRNAfMetCAU,RS30S,IF3,RS50S",,k1 * RS70S_IF1_IF3_fMettRNAfMetCAU_mRNA,
STATE_TRANSITION,re0000000776,re0000000776,false,false,RS70S_IF1_IF3_fMettRNAfMetCAU_mRNA,"IF3_degraded,RS50S,RS30S,IF1,mRNA,fMettRNAfMetCAU",,k1 * RS70S_IF1_IF3_fMettRNAfMetCAU_mRNA,
STATE_TRANSITION,re0000000777,re0000000777,false,false,RS70S_IF1_fMettRNAfMetCAU_mRNA,"RS30S_degraded,RS50S,mRNA,fMettRNAfMetCAU,IF1",,k1 * RS70S_IF1_fMettRNAfMetCAU_mRNA,
STATE_TRANSITION,re0000000778,re0000000778,false,false,RS70S_IF1_fMettRNAfMetCAU_mRNA,"RS50S_degraded,mRNA,fMettRNAfMetCAU,RS30S,IF1",,k1 * RS70S_IF1_fMettRNAfMetCAU_mRNA,
STATE_TRANSITION,re0000000779,re0000000779,false,false,RS70S_IF1_fMettRNAfMetCAU_mRNA,"IF1_degraded,mRNA,fMettRNAfMetCAU,RS30S,RS50S",,k1 * RS70S_IF1_fMettRNAfMetCAU_mRNA,
STATE_TRANSITION,re0000000780,re0000000780,false,false,RS70S_IF1_IF2_GDP_fMettRNAfMetCAU_mRNA,"RS30S_degraded,RS50S,GDP,mRNA,fMettRNAfMetCAU,IF2,IF1",,k1 * RS70S_IF1_IF2_GDP_fMettRNAfMetCAU_mRNA,
STATE_TRANSITION,re0000000781,re0000000781,false,false,RS70S_IF1_IF2_GDP_fMettRNAfMetCAU_mRNA,"IF2_degraded,mRNA,GDP,fMettRNAfMetCAU,RS50S,RS30S,IF1",,k1 * RS70S_IF1_IF2_GDP_fMettRNAfMetCAU_mRNA,
STATE_TRANSITION,re0000000782,re0000000782,false,false,RS70S_IF1_IF2_GDP_fMettRNAfMetCAU_mRNA,"RS50S_degraded,mRNA,IF2,GDP,fMettRNAfMetCAU,RS30S,IF1",,k1 * RS70S_IF1_IF2_GDP_fMettRNAfMetCAU_mRNA,
STATE_TRANSITION,re0000000783,re0000000783,false,false,RS70S_IF1_IF2_GDP_fMettRNAfMetCAU_mRNA,"IF1_degraded,mRNA,GDP,fMettRNAfMetCAU,IF2,RS30S,RS50S",,k1 * RS70S_IF1_IF2_GDP_fMettRNAfMetCAU_mRNA,
STATE_TRANSITION,re0000000784,re0000000784,false,false,ATP,"ADP,PO4",,k1 * ATP,
STATE_TRANSITION,re0000000785,re0000000785,false,false,ADP,"AMP,PO4",,k1 * ADP,
STATE_TRANSITION,re0000000786,re0000000786,false,false,ATP,"AMP,PPi",,k1 * ATP,
STATE_TRANSITION,re0000000787,re0000000787,false,false,GTP,"GDP,PO4",,k1 * GTP,
STATE_TRANSITION,re0000000788,re0000000788,false,false,GDP,"GMP,PO4",,k1 * GDP,
STATE_TRANSITION,re0000000789,re0000000789,false,false,GTP,"GMP,PPi",,k1 * GTP,
STATE_TRANSITION,re0000000790,re0000000790,false,false,"PO4,ADP",ATP,,k1 * PO4 * ADP,
STATE_TRANSITION,re0000000791,re0000000791,false,false,"AMP,PO4",ADP,,k1 * AMP * PO4,
STATE_TRANSITION,re0000000792,re0000000792,false,false,"AMP,PPi",ATP,,k1 * AMP * PPi,
STATE_TRANSITION,re0000000793,re0000000793,false,false,"PO4,GDP",GTP,,k1 * PO4 * GDP,
STATE_TRANSITION,re0000000794,re0000000794,false,false,"GMP,PO4",GDP,,k1 * GMP * PO4,
STATE_TRANSITION,re0000000795,re0000000795,false,false,"GMP,PPi",GTP,,k1 * GMP * PPi,
STATE_TRANSITION,re0000000796,re0000000796,false,false,"elRS70SAUAA0004_Pept0003tRNAGlyGCC,RF1",elRS70SAUAA0004_Pept0003tRNAGlyGCC_RF1,,k1 * elRS70SAUAA0004_Pept0003tRNAGlyGCC * RF1,
STATE_TRANSITION,re0000000797,re0000000797,false,false,elRS70SAUAA0004_Pept0003tRNAGlyGCC_RF1,"elRS70SAUAA0004_Pept0003tRNAGlyGCC,RF1",,k1 * elRS70SAUAA0004_Pept0003tRNAGlyGCC_RF1,
STATE_TRANSITION,re0000000798,re0000000798,false,false,elRS70SAUAA0004_Pept0003tRNAGlyGCC_RF1,"termRS70SUAA0004_tRNAGlyGCC_RF1,Pept0003",,k1 * elRS70SAUAA0004_Pept0003tRNAGlyGCC_RF1,
STATE_TRANSITION,re0000000799,re0000000799,false,false,termRS70SUAA0004_tRNAGlyGCC_RF1,"termRS70SUAA0004_tRNAGlyGCC,RF1",,k1 * termRS70SUAA0004_tRNAGlyGCC_RF1,
STATE_TRANSITION,re0000000800,re0000000800,false,false,"termRS70SUAA0004_tRNAGlyGCC,RF1",termRS70SUAA0004_tRNAGlyGCC_RF1,,k1 * termRS70SUAA0004_tRNAGlyGCC * RF1,
STATE_TRANSITION,re0000000801,re0000000801,false,false,elRS70SAUAA0004_Pept0003tRNAGlyGCC_RF1,"RS30S_degraded,mRNA,Pept0003tRNAGlyGCC,RS50S,RF1",,k1 * elRS70SAUAA0004_Pept0003tRNAGlyGCC_RF1,
STATE_TRANSITION,re0000000802,re0000000802,false,false,elRS70SAUAA0004_Pept0003tRNAGlyGCC_RF1,"RS50S_degraded,mRNA,Pept0003tRNAGlyGCC,RS30S,RF1",,k1 * elRS70SAUAA0004_Pept0003tRNAGlyGCC_RF1,
STATE_TRANSITION,re0000000803,re0000000803,false,false,RF1,RF1_degraded,,k1 * RF1,
STATE_TRANSITION,re0000000804,re0000000804,false,false,elRS70SAUAA0004_Pept0003tRNAGlyGCC_RF1,"RF1_degraded,RS50S,RS30S,mRNA,Pept0003tRNAGlyGCC",,k1 * elRS70SAUAA0004_Pept0003tRNAGlyGCC_RF1,
STATE_TRANSITION,re0000000805,re0000000805,false,false,termRS70SUAA0004_tRNAGlyGCC_RF1,"RS30S_degraded,mRNA,tRNAGlyGCC,RS50S,RF1",,k1 * termRS70SUAA0004_tRNAGlyGCC_RF1,
STATE_TRANSITION,re0000000806,re0000000806,false,false,termRS70SUAA0004_tRNAGlyGCC_RF1,"RS50S_degraded,mRNA,tRNAGlyGCC,RS30S,RF1",,k1 * termRS70SUAA0004_tRNAGlyGCC_RF1,
STATE_TRANSITION,re0000000807,re0000000807,false,false,termRS70SUAA0004_tRNAGlyGCC_RF1,"RF1_degraded,RS50S,RS30S,mRNA,tRNAGlyGCC",,k1 * termRS70SUAA0004_tRNAGlyGCC_RF1,
STATE_TRANSITION,re0000000808,re0000000808,false,false,termRS70SUAA0004_tRNAGlyGCC,"RS30S_degraded,mRNA,tRNAGlyGCC,RS50S",,k1 * termRS70SUAA0004_tRNAGlyGCC,
STATE_TRANSITION,re0000000809,re0000000809,false,false,termRS70SUAA0004_tRNAGlyGCC,"RS50S_degraded,mRNA,tRNAGlyGCC,RS30S",,k1 * termRS70SUAA0004_tRNAGlyGCC,
STATE_TRANSITION,re0000000810,re0000000810,false,false,"termRS70SUAA0004_tRNAGlyGCC_RF1,Pept0003",elRS70SAUAA0004_Pept0003tRNAGlyGCC_RF1,,k1 * termRS70SUAA0004_tRNAGlyGCC_RF1 * Pept0003,
STATE_TRANSITION,re0000000811,re0000000811,false,false,"elRS70SAUAA0004_Pept0003tRNAGlyGCC,RF2",elRS70SAUAA0004_Pept0003tRNAGlyGCC_RF2,,k1 * elRS70SAUAA0004_Pept0003tRNAGlyGCC * RF2,
STATE_TRANSITION,re0000000812,re0000000812,false,false,elRS70SAUAA0004_Pept0003tRNAGlyGCC_RF2,"elRS70SAUAA0004_Pept0003tRNAGlyGCC,RF2",,k1 * elRS70SAUAA0004_Pept0003tRNAGlyGCC_RF2,
STATE_TRANSITION,re0000000813,re0000000813,false,false,elRS70SAUAA0004_Pept0003tRNAGlyGCC_RF2,"termRS70SUAA0004_tRNAGlyGCC_RF2,Pept0003",,k1 * elRS70SAUAA0004_Pept0003tRNAGlyGCC_RF2,
STATE_TRANSITION,re0000000814,re0000000814,false,false,termRS70SUAA0004_tRNAGlyGCC_RF2,"termRS70SUAA0004_tRNAGlyGCC,RF2",,k1 * termRS70SUAA0004_tRNAGlyGCC_RF2,
STATE_TRANSITION,re0000000815,re0000000815,false,false,"termRS70SUAA0004_tRNAGlyGCC,RF2",termRS70SUAA0004_tRNAGlyGCC_RF2,,k1 * termRS70SUAA0004_tRNAGlyGCC * RF2,
STATE_TRANSITION,re0000000816,re0000000816,false,false,elRS70SAUAA0004_Pept0003tRNAGlyGCC_RF2,"RS30S_degraded,mRNA,Pept0003tRNAGlyGCC,RS50S,RF2",,k1 * elRS70SAUAA0004_Pept0003tRNAGlyGCC_RF2,
STATE_TRANSITION,re0000000817,re0000000817,false,false,elRS70SAUAA0004_Pept0003tRNAGlyGCC_RF2,"RS50S_degraded,mRNA,Pept0003tRNAGlyGCC,RS30S,RF2",,k1 * elRS70SAUAA0004_Pept0003tRNAGlyGCC_RF2,
STATE_TRANSITION,re0000000818,re0000000818,false,false,RF2,RF2_degraded,,k1 * RF2,
STATE_TRANSITION,re0000000819,re0000000819,false,false,elRS70SAUAA0004_Pept0003tRNAGlyGCC_RF2,"RF2_degraded,RS50S,RS30S,mRNA,Pept0003tRNAGlyGCC",,k1 * elRS70SAUAA0004_Pept0003tRNAGlyGCC_RF2,
STATE_TRANSITION,re0000000820,re0000000820,false,false,termRS70SUAA0004_tRNAGlyGCC_RF2,"RS30S_degraded,mRNA,tRNAGlyGCC,RS50S,RF2",,k1 * termRS70SUAA0004_tRNAGlyGCC_RF2,
STATE_TRANSITION,re0000000821,re0000000821,false,false,termRS70SUAA0004_tRNAGlyGCC_RF2,"RS50S_degraded,mRNA,tRNAGlyGCC,RS30S,RF2",,k1 * termRS70SUAA0004_tRNAGlyGCC_RF2,
STATE_TRANSITION,re0000000822,re0000000822,false,false,termRS70SUAA0004_tRNAGlyGCC_RF2,"RF2_degraded,RS50S,RS30S,mRNA,tRNAGlyGCC",,k1 * termRS70SUAA0004_tRNAGlyGCC_RF2,
STATE_TRANSITION,re0000000823,re0000000823,false,false,"termRS70SUAA0004_tRNAGlyGCC_RF2,Pept0003",elRS70SAUAA0004_Pept0003tRNAGlyGCC_RF2,,k1 * termRS70SUAA0004_tRNAGlyGCC_RF2 * Pept0003,
STATE_TRANSITION,re0000000824,re0000000824,false,false,RF3,RF3_degraded,,k1 * RF3,
STATE_TRANSITION,re0000000825,re0000000825,false,false,RF3_GDP,"GDP,RF3",,k1 * RF3_GDP,
STATE_TRANSITION,re0000000826,re0000000826,false,false,"RF3,GDP",RF3_GDP,,k1 * RF3 * GDP,
STATE_TRANSITION,re0000000827,re0000000827,false,false,"RF3,GTP",RF3_GTP,,k1 * RF3 * GTP,
STATE_TRANSITION,re0000000828,re0000000828,false,false,RF3_GTP,"RF3,GTP",,k1 * RF3_GTP,
STATE_TRANSITION,re0000000829,re0000000829,false,false,"RF3_GDP,termRS70SUAA0004_tRNAGlyGCC_RF1",termRS70SUAA0004_tRNAGlyGCC_RF1_RF3_GDP,,k1 * RF3_GDP * termRS70SUAA0004_tRNAGlyGCC_RF1,
STATE_TRANSITION,re0000000830,re0000000830,false,false,termRS70SUAA0004_tRNAGlyGCC_RF1_RF3_GDP,"termRS70SUAA0004_tRNAGlyGCC_RF1,RF3_GDP",,k1 * termRS70SUAA0004_tRNAGlyGCC_RF1_RF3_GDP,
STATE_TRANSITION,re0000000831,re0000000831,false,false,"termRS70SUAA0004_tRNAGlyGCC_RF1,RF3_GTP",termRS70SUAA0004_tRNAGlyGCC_RF1_RF3_GTP,,k1 * termRS70SUAA0004_tRNAGlyGCC_RF1 * RF3_GTP,
STATE_TRANSITION,re0000000832,re0000000832,false,false,termRS70SUAA0004_tRNAGlyGCC_RF1_RF3_GTP,"termRS70SUAA0004_tRNAGlyGCC_RF1,RF3_GTP",,k1 * termRS70SUAA0004_tRNAGlyGCC_RF1_RF3_GTP,
STATE_TRANSITION,re0000000833,re0000000833,false,false,"termRS70SUAA0004_tRNAGlyGCC_RF1,RF3",termRS70SUAA0004_tRNAGlyGCC_RF1_RF3,,k1 * termRS70SUAA0004_tRNAGlyGCC_RF1 * RF3,
STATE_TRANSITION,re0000000834,re0000000834,false,false,termRS70SUAA0004_tRNAGlyGCC_RF1_RF3,"termRS70SUAA0004_tRNAGlyGCC_RF1,RF3",,k1 * termRS70SUAA0004_tRNAGlyGCC_RF1_RF3,
STATE_TRANSITION,re0000000835,re0000000835,false,false,termRS70SUAA0004_tRNAGlyGCC_RF1_RF3_GTP,"RS30S_degraded,mRNA,RF1,tRNAGlyGCC,RS50S,RF3,GTP",,k1 * termRS70SUAA0004_tRNAGlyGCC_RF1_RF3_GTP,
STATE_TRANSITION,re0000000836,re0000000836,false,false,termRS70SUAA0004_tRNAGlyGCC_RF1_RF3_GTP,"RS50S_degraded,mRNA,RF1,tRNAGlyGCC,RS30S,RF3,GTP",,k1 * termRS70SUAA0004_tRNAGlyGCC_RF1_RF3_GTP,
STATE_TRANSITION,re0000000837,re0000000837,false,false,termRS70SUAA0004_tRNAGlyGCC_RF1_RF3_GTP,"RF1_degraded,RS50S,RS30S,tRNAGlyGCC,mRNA,GTP,RF3",,k1 * termRS70SUAA0004_tRNAGlyGCC_RF1_RF3_GTP,
STATE_TRANSITION,re0000000838,re0000000838,false,false,termRS70SUAA0004_tRNAGlyGCC_RF1_RF3_GTP,"termRS70SUAA0004_tRNAGlyGCC_RF3_GTP,RF1",,k1 * termRS70SUAA0004_tRNAGlyGCC_RF1_RF3_GTP,
STATE_TRANSITION,re0000000839,re0000000839,false,false,"termRS70SUAA0004_tRNAGlyGCC_RF3_GTP,RF1",termRS70SUAA0004_tRNAGlyGCC_RF1_RF3_GTP,,k1 * termRS70SUAA0004_tRNAGlyGCC_RF3_GTP * RF1,
STATE_TRANSITION,re0000000840,re0000000840,false,false,termRS70SUAA0004_tRNAGlyGCC_RF3_GTP,termRS70SUAA0004_tRNAGlyGCC_RF3_GDP_PO4,,k1 * termRS70SUAA0004_tRNAGlyGCC_RF3_GTP,
STATE_TRANSITION,re0000000841,re0000000841,false,false,termRS70SUAA0004_tRNAGlyGCC_RF3_GDP_PO4,termRS70SUAA0004_tRNAGlyGCC_RF3_GTP,,k1 * termRS70SUAA0004_tRNAGlyGCC_RF3_GDP_PO4,
STATE_TRANSITION,re0000000842,re0000000842,false,false,termRS70SUAA0004_tRNAGlyGCC_RF3_GDP_PO4,"termRS70SUAA0004_tRNAGlyGCC_RF3_GDP,PO4",,k1 * termRS70SUAA0004_tRNAGlyGCC_RF3_GDP_PO4,
STATE_TRANSITION,re0000000843,re0000000843,false,false,termRS70SUAA0004_tRNAGlyGCC_RF1_RF3_GDP,"termRS70SUAA0004_tRNAGlyGCC_RF1_RF3,GDP",,k1 * termRS70SUAA0004_tRNAGlyGCC_RF1_RF3_GDP,
STATE_TRANSITION,re0000000844,re0000000844,false,false,"termRS70SUAA0004_tRNAGlyGCC_RF1_RF3,GDP",termRS70SUAA0004_tRNAGlyGCC_RF1_RF3_GDP,,k1 * termRS70SUAA0004_tRNAGlyGCC_RF1_RF3 * GDP,
STATE_TRANSITION,re0000000845,re0000000845,false,false,termRS70SUAA0004_tRNAGlyGCC_RF1_RF3_GTP,"termRS70SUAA0004_tRNAGlyGCC_RF1_RF3,GTP",,k1 * termRS70SUAA0004_tRNAGlyGCC_RF1_RF3_GTP,
STATE_TRANSITION,re0000000846,re0000000846,false,false,"termRS70SUAA0004_tRNAGlyGCC_RF1_RF3,GTP",termRS70SUAA0004_tRNAGlyGCC_RF1_RF3_GTP,,k1 * termRS70SUAA0004_tRNAGlyGCC_RF1_RF3 * GTP,
STATE_TRANSITION,re0000000847,re0000000847,false,false,termRS70SUAA0004_tRNAGlyGCC_RF3_GDP,"termRS70SUAA0004_tRNAGlyGCC,RF3_GDP",,k1 * termRS70SUAA0004_tRNAGlyGCC_RF3_GDP,
STATE_TRANSITION,re0000000848,re0000000848,false,false,RF3_GDP,"RF3_degraded,GDP",,k1 * RF3_GDP,
STATE_TRANSITION,re0000000849,re0000000849,false,false,RF3_GTP,"RF3_degraded,GTP",,k1 * RF3_GTP,
STATE_TRANSITION,re0000000850,re0000000850,false,false,termRS70SUAA0004_tRNAGlyGCC_RF1_RF3_GTP,"RF3_degraded,mRNA,tRNAGlyGCC,RF1,RS30S,RS50S,GTP",,k1 * termRS70SUAA0004_tRNAGlyGCC_RF1_RF3_GTP,
STATE_TRANSITION,re0000000851,re0000000851,false,false,termRS70SUAA0004_tRNAGlyGCC_RF1_RF3_GDP,"RS30S_degraded,mRNA,RF1,tRNAGlyGCC,RS50S,RF3,GDP",,k1 * termRS70SUAA0004_tRNAGlyGCC_RF1_RF3_GDP,
STATE_TRANSITION,re0000000852,re0000000852,false,false,termRS70SUAA0004_tRNAGlyGCC_RF1_RF3_GDP,"RS50S_degraded,mRNA,RF1,tRNAGlyGCC,RS30S,RF3,GDP",,k1 * termRS70SUAA0004_tRNAGlyGCC_RF1_RF3_GDP,
STATE_TRANSITION,re0000000853,re0000000853,false,false,termRS70SUAA0004_tRNAGlyGCC_RF1_RF3_GDP,"RF1_degraded,RS50S,RS30S,tRNAGlyGCC,mRNA,GDP,RF3",,k1 * termRS70SUAA0004_tRNAGlyGCC_RF1_RF3_GDP,
STATE_TRANSITION,re0000000854,re0000000854,false,false,termRS70SUAA0004_tRNAGlyGCC_RF1_RF3_GDP,"RF3_degraded,mRNA,tRNAGlyGCC,RF1,RS30S,RS50S,GDP",,k1 * termRS70SUAA0004_tRNAGlyGCC_RF1_RF3_GDP,
STATE_TRANSITION,re0000000855,re0000000855,false,false,termRS70SUAA0004_tRNAGlyGCC_RF1_RF3,"RS30S_degraded,mRNA,RF1,tRNAGlyGCC,RS50S,RF3",,k1 * termRS70SUAA0004_tRNAGlyGCC_RF1_RF3,
STATE_TRANSITION,re0000000856,re0000000856,false,false,termRS70SUAA0004_tRNAGlyGCC_RF1_RF3,"RS50S_degraded,mRNA,RF1,tRNAGlyGCC,RS30S,RF3",,k1 * termRS70SUAA0004_tRNAGlyGCC_RF1_RF3,
STATE_TRANSITION,re0000000857,re0000000857,false,false,termRS70SUAA0004_tRNAGlyGCC_RF1_RF3,"RF1_degraded,RS50S,RS30S,tRNAGlyGCC,mRNA,RF3",,k1 * termRS70SUAA0004_tRNAGlyGCC_RF1_RF3,
STATE_TRANSITION,re0000000858,re0000000858,false,false,termRS70SUAA0004_tRNAGlyGCC_RF1_RF3,"RF3_degraded,mRNA,tRNAGlyGCC,RF1,RS30S,RS50S",,k1 * termRS70SUAA0004_tRNAGlyGCC_RF1_RF3,
STATE_TRANSITION,re0000000859,re0000000859,false,false,termRS70SUAA0004_tRNAGlyGCC_RF3_GTP,"RS30S_degraded,mRNA,tRNAGlyGCC,RS50S,RF3,GTP",,k1 * termRS70SUAA0004_tRNAGlyGCC_RF3_GTP,
STATE_TRANSITION,re0000000860,re0000000860,false,false,termRS70SUAA0004_tRNAGlyGCC_RF3_GTP,"RS50S_degraded,mRNA,tRNAGlyGCC,RS30S,RF3,GTP",,k1 * termRS70SUAA0004_tRNAGlyGCC_RF3_GTP,
STATE_TRANSITION,re0000000861,re0000000861,false,false,termRS70SUAA0004_tRNAGlyGCC_RF3_GTP,"RF3_degraded,RS50S,RS30S,tRNAGlyGCC,mRNA,GTP",,k1 * termRS70SUAA0004_tRNAGlyGCC_RF3_GTP,
STATE_TRANSITION,re0000000862,re0000000862,false,false,termRS70SUAA0004_tRNAGlyGCC_RF3_GDP_PO4,"RS30S_degraded,mRNA,tRNAGlyGCC,RS50S,RF3,GDP,PO4",,k1 * termRS70SUAA0004_tRNAGlyGCC_RF3_GDP_PO4,
STATE_TRANSITION,re0000000863,re0000000863,false,false,termRS70SUAA0004_tRNAGlyGCC_RF3_GDP_PO4,"RS50S_degraded,mRNA,tRNAGlyGCC,RS30S,RF3,GDP,PO4",,k1 * termRS70SUAA0004_tRNAGlyGCC_RF3_GDP_PO4,
STATE_TRANSITION,re0000000864,re0000000864,false,false,termRS70SUAA0004_tRNAGlyGCC_RF3_GDP_PO4,"RF3_degraded,RS50S,RS30S,tRNAGlyGCC,mRNA,GDP,PO4",,k1 * termRS70SUAA0004_tRNAGlyGCC_RF3_GDP_PO4,
STATE_TRANSITION,re0000000865,re0000000865,false,false,termRS70SUAA0004_tRNAGlyGCC_RF3_GDP,"RS30S_degraded,mRNA,tRNAGlyGCC,RS50S,RF3,GDP",,k1 * termRS70SUAA0004_tRNAGlyGCC_RF3_GDP,
STATE_TRANSITION,re0000000866,re0000000866,false,false,termRS70SUAA0004_tRNAGlyGCC_RF3_GDP,"RS50S_degraded,mRNA,tRNAGlyGCC,RS30S,RF3,GDP",,k1 * termRS70SUAA0004_tRNAGlyGCC_RF3_GDP,
STATE_TRANSITION,re0000000867,re0000000867,false,false,termRS70SUAA0004_tRNAGlyGCC_RF3_GDP,"RF3_degraded,RS50S,RS30S,tRNAGlyGCC,mRNA,GDP",,k1 * termRS70SUAA0004_tRNAGlyGCC_RF3_GDP,
STATE_TRANSITION,re0000000868,re0000000868,false,false,"termRS70SUAA0004_tRNAGlyGCC_RF3_GDP,PO4",termRS70SUAA0004_tRNAGlyGCC_RF3_GDP_PO4,,k1 * termRS70SUAA0004_tRNAGlyGCC_RF3_GDP * PO4,
STATE_TRANSITION,re0000000869,re0000000869,false,false,"RF3_GDP,termRS70SUAA0004_tRNAGlyGCC",termRS70SUAA0004_tRNAGlyGCC_RF3_GDP,,k1 * RF3_GDP * termRS70SUAA0004_tRNAGlyGCC,
STATE_TRANSITION,re0000000870,re0000000870,false,false,"RF3_GDP,termRS70SUAA0004_tRNAGlyGCC_RF2",termRS70SUAA0004_tRNAGlyGCC_RF2_RF3_GDP,,k1 * RF3_GDP * termRS70SUAA0004_tRNAGlyGCC_RF2,
STATE_TRANSITION,re0000000871,re0000000871,false,false,termRS70SUAA0004_tRNAGlyGCC_RF2_RF3_GDP,"termRS70SUAA0004_tRNAGlyGCC_RF2,RF3_GDP",,k1 * termRS70SUAA0004_tRNAGlyGCC_RF2_RF3_GDP,
STATE_TRANSITION,re0000000872,re0000000872,false,false,"termRS70SUAA0004_tRNAGlyGCC_RF2,RF3_GTP",termRS70SUAA0004_tRNAGlyGCC_RF2_RF3_GTP,,k1 * termRS70SUAA0004_tRNAGlyGCC_RF2 * RF3_GTP,
STATE_TRANSITION,re0000000873,re0000000873,false,false,termRS70SUAA0004_tRNAGlyGCC_RF2_RF3_GTP,"termRS70SUAA0004_tRNAGlyGCC_RF2,RF3_GTP",,k1 * termRS70SUAA0004_tRNAGlyGCC_RF2_RF3_GTP,
STATE_TRANSITION,re0000000874,re0000000874,false,false,"termRS70SUAA0004_tRNAGlyGCC_RF2,RF3",termRS70SUAA0004_tRNAGlyGCC_RF2_RF3,,k1 * termRS70SUAA0004_tRNAGlyGCC_RF2 * RF3,
STATE_TRANSITION,re0000000875,re0000000875,false,false,termRS70SUAA0004_tRNAGlyGCC_RF2_RF3,"termRS70SUAA0004_tRNAGlyGCC_RF2,RF3",,k1 * termRS70SUAA0004_tRNAGlyGCC_RF2_RF3,
STATE_TRANSITION,re0000000876,re0000000876,false,false,termRS70SUAA0004_tRNAGlyGCC_RF2_RF3_GTP,"RS30S_degraded,mRNA,RF2,tRNAGlyGCC,RS50S,RF3,GTP",,k1 * termRS70SUAA0004_tRNAGlyGCC_RF2_RF3_GTP,
STATE_TRANSITION,re0000000877,re0000000877,false,false,termRS70SUAA0004_tRNAGlyGCC_RF2_RF3_GTP,"RS50S_degraded,mRNA,RF2,tRNAGlyGCC,RS30S,RF3,GTP",,k1 * termRS70SUAA0004_tRNAGlyGCC_RF2_RF3_GTP,
STATE_TRANSITION,re0000000878,re0000000878,false,false,termRS70SUAA0004_tRNAGlyGCC_RF2_RF3_GTP,"RF2_degraded,RS50S,RS30S,tRNAGlyGCC,mRNA,GTP,RF3",,k1 * termRS70SUAA0004_tRNAGlyGCC_RF2_RF3_GTP,
STATE_TRANSITION,re0000000879,re0000000879,false,false,termRS70SUAA0004_tRNAGlyGCC_RF2_RF3_GTP,"termRS70SUAA0004_tRNAGlyGCC_RF3_GTP,RF2",,k1 * termRS70SUAA0004_tRNAGlyGCC_RF2_RF3_GTP,
STATE_TRANSITION,re0000000880,re0000000880,false,false,"termRS70SUAA0004_tRNAGlyGCC_RF3_GTP,RF2",termRS70SUAA0004_tRNAGlyGCC_RF2_RF3_GTP,,k1 * termRS70SUAA0004_tRNAGlyGCC_RF3_GTP * RF2,
STATE_TRANSITION,re0000000881,re0000000881,false,false,termRS70SUAA0004_tRNAGlyGCC_RF2_RF3_GDP,"termRS70SUAA0004_tRNAGlyGCC_RF2_RF3,GDP",,k1 * termRS70SUAA0004_tRNAGlyGCC_RF2_RF3_GDP,
STATE_TRANSITION,re0000000882,re0000000882,false,false,"termRS70SUAA0004_tRNAGlyGCC_RF2_RF3,GDP",termRS70SUAA0004_tRNAGlyGCC_RF2_RF3_GDP,,k1 * termRS70SUAA0004_tRNAGlyGCC_RF2_RF3 * GDP,
STATE_TRANSITION,re0000000883,re0000000883,false,false,termRS70SUAA0004_tRNAGlyGCC_RF2_RF3_GTP,"termRS70SUAA0004_tRNAGlyGCC_RF2_RF3,GTP",,k1 * termRS70SUAA0004_tRNAGlyGCC_RF2_RF3_GTP,
STATE_TRANSITION,re0000000884,re0000000884,false,false,"termRS70SUAA0004_tRNAGlyGCC_RF2_RF3,GTP",termRS70SUAA0004_tRNAGlyGCC_RF2_RF3_GTP,,k1 * termRS70SUAA0004_tRNAGlyGCC_RF2_RF3 * GTP,
STATE_TRANSITION,re0000000885,re0000000885,false,false,termRS70SUAA0004_tRNAGlyGCC_RF2_RF3_GTP,"RF3_degraded,mRNA,tRNAGlyGCC,RF2,RS30S,RS50S,GTP",,k1 * termRS70SUAA0004_tRNAGlyGCC_RF2_RF3_GTP,
STATE_TRANSITION,re0000000886,re0000000886,false,false,termRS70SUAA0004_tRNAGlyGCC_RF2_RF3_GDP,"RS30S_degraded,mRNA,RF2,tRNAGlyGCC,RS50S,RF3,GDP",,k1 * termRS70SUAA0004_tRNAGlyGCC_RF2_RF3_GDP,
STATE_TRANSITION,re0000000887,re0000000887,false,false,termRS70SUAA0004_tRNAGlyGCC_RF2_RF3_GDP,"RS50S_degraded,mRNA,RF2,tRNAGlyGCC,RS30S,RF3,GDP",,k1 * termRS70SUAA0004_tRNAGlyGCC_RF2_RF3_GDP,
STATE_TRANSITION,re0000000888,re0000000888,false,false,termRS70SUAA0004_tRNAGlyGCC_RF2_RF3_GDP,"RF2_degraded,RS50S,RS30S,tRNAGlyGCC,mRNA,GDP,RF3",,k1 * termRS70SUAA0004_tRNAGlyGCC_RF2_RF3_GDP,
STATE_TRANSITION,re0000000889,re0000000889,false,false,termRS70SUAA0004_tRNAGlyGCC_RF2_RF3_GDP,"RF3_degraded,mRNA,tRNAGlyGCC,RF2,RS30S,RS50S,GDP",,k1 * termRS70SUAA0004_tRNAGlyGCC_RF2_RF3_GDP,
STATE_TRANSITION,re0000000890,re0000000890,false,false,termRS70SUAA0004_tRNAGlyGCC_RF2_RF3,"RS30S_degraded,mRNA,RF2,tRNAGlyGCC,RS50S,RF3",,k1 * termRS70SUAA0004_tRNAGlyGCC_RF2_RF3,
STATE_TRANSITION,re0000000891,re0000000891,false,false,termRS70SUAA0004_tRNAGlyGCC_RF2_RF3,"RS50S_degraded,mRNA,RF2,tRNAGlyGCC,RS30S,RF3",,k1 * termRS70SUAA0004_tRNAGlyGCC_RF2_RF3,
STATE_TRANSITION,re0000000892,re0000000892,false,false,termRS70SUAA0004_tRNAGlyGCC_RF2_RF3,"RF2_degraded,RS50S,RS30S,tRNAGlyGCC,mRNA,RF3",,k1 * termRS70SUAA0004_tRNAGlyGCC_RF2_RF3,
STATE_TRANSITION,re0000000893,re0000000893,false,false,termRS70SUAA0004_tRNAGlyGCC_RF2_RF3,"RF3_degraded,mRNA,tRNAGlyGCC,RF2,RS30S,RS50S",,k1 * termRS70SUAA0004_tRNAGlyGCC_RF2_RF3,
STATE_TRANSITION,re0000000894,re0000000894,false,false,RRF,RRF_degraded,,k1 * RRF,
STATE_TRANSITION,re0000000895,re0000000895,false,false,"termRS70SUAA0004_tRNAGlyGCC_RRF,EFG_GTP",termRS70SUAA0004_tRNAGlyGCC_RRF_EFG_GTP,,k1 * termRS70SUAA0004_tRNAGlyGCC_RRF * EFG_GTP,
STATE_TRANSITION,re0000000896,re0000000896,false,false,termRS70SUAA0004_tRNAGlyGCC_RRF_EFG_GTP,"termRS70SUAA0004_tRNAGlyGCC_RRF,EFG_GTP",,k1 * termRS70SUAA0004_tRNAGlyGCC_RRF_EFG_GTP,
STATE_TRANSITION,re0000000897,re0000000897,false,false,termRS70SUAA0004_tRNAGlyGCC_RRF_EFG_GTP,"RS30S_degraded,mRNA,RRF,tRNAGlyGCC,RS50S,EFG,GTP",,k1 * termRS70SUAA0004_tRNAGlyGCC_RRF_EFG_GTP,
STATE_TRANSITION,re0000000898,re0000000898,false,false,termRS70SUAA0004_tRNAGlyGCC_RRF_EFG_GTP,"RS50S_degraded,mRNA,RRF,tRNAGlyGCC,RS30S,EFG,GTP",,k1 * termRS70SUAA0004_tRNAGlyGCC_RRF_EFG_GTP,
STATE_TRANSITION,re0000000899,re0000000899,false,false,termRS70SUAA0004_tRNAGlyGCC_RRF_EFG_GTP,"RRF_degraded,RS50S,RS30S,tRNAGlyGCC,mRNA,GTP,EFG",,k1 * termRS70SUAA0004_tRNAGlyGCC_RRF_EFG_GTP,
STATE_TRANSITION,re0000000900,re0000000900,false,false,termRS70SUAA0004_tRNAGlyGCC_RRF_EFG_GTP,"termRS70SUAA0004_tRNAGlyGCC_EFG_GTP,RRF",,k1 * termRS70SUAA0004_tRNAGlyGCC_RRF_EFG_GTP,
STATE_TRANSITION,re0000000901,re0000000901,false,false,"termRS70SUAA0004_tRNAGlyGCC_EFG_GTP,RRF",termRS70SUAA0004_tRNAGlyGCC_RRF_EFG_GTP,,k1 * termRS70SUAA0004_tRNAGlyGCC_EFG_GTP * RRF,
STATE_TRANSITION,re0000000902,re0000000902,false,false,termRS70SUAA0004_tRNAGlyGCC_RRF_EFG_GDP_PO4,"termRS70SUAA0004_tRNAGlyGCC_RRF_EFG_GDP,PO4",,k1 * termRS70SUAA0004_tRNAGlyGCC_RRF_EFG_GDP_PO4,
STATE_TRANSITION,re0000000903,re0000000903,false,false,termRS70SUAA0004_tRNAGlyGCC_RRF_EFG_GTP,"EFG_degraded,mRNA,tRNAGlyGCC,RRF,RS30S,RS50S,GTP",,k1 * termRS70SUAA0004_tRNAGlyGCC_RRF_EFG_GTP,
STATE_TRANSITION,re0000000904,re0000000904,false,false,"termRS70SUAA0004_tRNAGlyGCC,RRF",termRS70SUAA0004_tRNAGlyGCC_RRF,,k1 * termRS70SUAA0004_tRNAGlyGCC * RRF,
STATE_TRANSITION,re0000000905,re0000000905,false,false,termRS70SUAA0004_tRNAGlyGCC_RRF,"termRS70SUAA0004_tRNAGlyGCC,RRF",,k1 * termRS70SUAA0004_tRNAGlyGCC_RRF,
STATE_TRANSITION,re0000000906,re0000000906,false,false,"termRS70SUAA0004_tRNAGlyGCC,EFG_GTP",termRS70SUAA0004_tRNAGlyGCC_EFG_GTP,,k1 * termRS70SUAA0004_tRNAGlyGCC * EFG_GTP,
STATE_TRANSITION,re0000000907,re0000000907,false,false,termRS70SUAA0004_tRNAGlyGCC_EFG_GTP,"termRS70SUAA0004_tRNAGlyGCC,EFG_GTP",,k1 * termRS70SUAA0004_tRNAGlyGCC_EFG_GTP,
STATE_TRANSITION,re0000000908,re0000000908,false,false,termRS70SUAA0004_tRNAGlyGCC_RRF_EFG_GTP,termRS70SUAA0004_tRNAGlyGCC_RRF_EFG_GDP_PO4,,k1 * termRS70SUAA0004_tRNAGlyGCC_RRF_EFG_GTP,
STATE_TRANSITION,re0000000909,re0000000909,false,false,termRS70SUAA0004_tRNAGlyGCC_RRF_EFG_GDP_PO4,termRS70SUAA0004_tRNAGlyGCC_RRF_EFG_GTP,,k1 * termRS70SUAA0004_tRNAGlyGCC_RRF_EFG_GDP_PO4,
STATE_TRANSITION,re0000000910,re0000000910,false,false,termRS70SUAA0004_tRNAGlyGCC_RRF_EFG_GDP,"RS50S_tRNAGlyGCC_RRF_EFG_GDP,termRS30S_mRNA",,k1 * termRS70SUAA0004_tRNAGlyGCC_RRF_EFG_GDP,
STATE_TRANSITION,re0000000911,re0000000911,false,false,termRS30S_mRNA,"RS30S,mRNA",,k1 * termRS30S_mRNA,
STATE_TRANSITION,re0000000912,re0000000912,false,false,"RS30S,mRNA",termRS30S_mRNA,,k1 * RS30S * mRNA,
STATE_TRANSITION,re0000000913,re0000000913,false,false,RS50S_tRNAGlyGCC_RRF_EFG_GDP,"RS50S_tRNAGlyGCC_RRF,EFG_GDP",,k1 * RS50S_tRNAGlyGCC_RRF_EFG_GDP,
STATE_TRANSITION,re0000000914,re0000000914,false,false,RS50S_tRNAGlyGCC_RRF_EFG_GDP,"RS50S_tRNAGlyGCC_EFG_GDP,RRF",,k1 * RS50S_tRNAGlyGCC_RRF_EFG_GDP,
STATE_TRANSITION,re0000000915,re0000000915,false,false,RS50S_tRNAGlyGCC_RRF_EFG_GDP,"RS50S_RRF_EFG_GDP,tRNAGlyGCC",,k1 * RS50S_tRNAGlyGCC_RRF_EFG_GDP,
STATE_TRANSITION,re0000000916,re0000000916,false,false,RS50S_tRNAGlyGCC_RRF,"RS50S_RRF,tRNAGlyGCC",,k1 * RS50S_tRNAGlyGCC_RRF,
STATE_TRANSITION,re0000000917,re0000000917,false,false,RS50S_tRNAGlyGCC_RRF,"RS50S_tRNAGlyGCC,RRF",,k1 * RS50S_tRNAGlyGCC_RRF,
STATE_TRANSITION,re0000000918,re0000000918,false,false,RS50S_RRF,"RS50S,RRF",,k1 * RS50S_RRF,
STATE_TRANSITION,re0000000919,re0000000919,false,false,RS50S_tRNAGlyGCC,"tRNAGlyGCC,RS50S",,k1 * RS50S_tRNAGlyGCC,
STATE_TRANSITION,re0000000920,re0000000920,false,false,RS50S_tRNAGlyGCC_EFG_GDP,"EFG_GDP,RS50S_tRNAGlyGCC",,k1 * RS50S_tRNAGlyGCC_EFG_GDP,
STATE_TRANSITION,re0000000921,re0000000921,false,false,RS50S_tRNAGlyGCC_EFG_GDP,"RS50S_EFG_GDP,tRNAGlyGCC",,k1 * RS50S_tRNAGlyGCC_EFG_GDP,
STATE_TRANSITION,re0000000922,re0000000922,false,false,RS50S_RRF_EFG_GDP,"RS50S_RRF,EFG_GDP",,k1 * RS50S_RRF_EFG_GDP,
STATE_TRANSITION,re0000000923,re0000000923,false,false,RS50S_RRF_EFG_GDP,"RS50S_EFG_GDP,RRF",,k1 * RS50S_RRF_EFG_GDP,
STATE_TRANSITION,re0000000924,re0000000924,false,false,RS50S_tRNAGlyGCC,"RS50S_degraded,tRNAGlyGCC",,k1 * RS50S_tRNAGlyGCC,
STATE_TRANSITION,re0000000925,re0000000925,false,false,RS50S_RRF,"RS50S_degraded,RRF",,k1 * RS50S_RRF,
STATE_TRANSITION,re0000000926,re0000000926,false,false,termRS30S_mRNA,"RS30S_degraded,mRNA",,k1 * termRS30S_mRNA,
STATE_TRANSITION,re0000000927,re0000000927,false,false,RS50S_tRNAGlyGCC,"tRNAGlyGCC_degraded,RS50S",,k1 * RS50S_tRNAGlyGCC,
STATE_TRANSITION,re0000000928,re0000000928,false,false,RS50S_RRF,"RRF_degraded,RS50S",,k1 * RS50S_RRF,
STATE_TRANSITION,re0000000929,re0000000929,false,false,RS50S_tRNAGlyGCC_RRF,"tRNAGlyGCC_degraded,RS50S,RRF",,k1 * RS50S_tRNAGlyGCC_RRF,
STATE_TRANSITION,re0000000930,re0000000930,false,false,RS50S_tRNAGlyGCC_RRF,"RS50S_degraded,RRF,tRNAGlyGCC",,k1 * RS50S_tRNAGlyGCC_RRF,
STATE_TRANSITION,re0000000931,re0000000931,false,false,RS50S_tRNAGlyGCC_RRF,"RRF_degraded,RS50S,tRNAGlyGCC",,k1 * RS50S_tRNAGlyGCC_RRF,
STATE_TRANSITION,re0000000932,re0000000932,false,false,RS50S_tRNAGlyGCC_EFG_GDP,"tRNAGlyGCC_degraded,RS50S,EFG,GDP",,k1 * RS50S_tRNAGlyGCC_EFG_GDP,
STATE_TRANSITION,re0000000933,re0000000933,false,false,RS50S_tRNAGlyGCC_EFG_GDP,"RS50S_degraded,EFG,tRNAGlyGCC,GDP",,k1 * RS50S_tRNAGlyGCC_EFG_GDP,
STATE_TRANSITION,re0000000934,re0000000934,false,false,RS50S_tRNAGlyGCC_EFG_GDP,"EFG_degraded,RS50S,tRNAGlyGCC,GDP",,k1 * RS50S_tRNAGlyGCC_EFG_GDP,
STATE_TRANSITION,re0000000935,re0000000935,false,false,RS50S_RRF_EFG_GDP,"RRF_degraded,RS50S,EFG,GDP",,k1 * RS50S_RRF_EFG_GDP,
STATE_TRANSITION,re0000000936,re0000000936,false,false,RS50S_RRF_EFG_GDP,"RS50S_degraded,EFG,RRF,GDP",,k1 * RS50S_RRF_EFG_GDP,
STATE_TRANSITION,re0000000937,re0000000937,false,false,RS50S_RRF_EFG_GDP,"EFG_degraded,RS50S,RRF,GDP",,k1 * RS50S_RRF_EFG_GDP,
STATE_TRANSITION,re0000000938,re0000000938,false,false,termRS70SUAA0004_tRNAGlyGCC_RRF,"RS30S_degraded,mRNA,RRF,tRNAGlyGCC,RS50S",,k1 * termRS70SUAA0004_tRNAGlyGCC_RRF,
STATE_TRANSITION,re0000000939,re0000000939,false,false,termRS70SUAA0004_tRNAGlyGCC_RRF,"RS50S_degraded,mRNA,RRF,tRNAGlyGCC,RS30S",,k1 * termRS70SUAA0004_tRNAGlyGCC_RRF,
STATE_TRANSITION,re0000000940,re0000000940,false,false,termRS70SUAA0004_tRNAGlyGCC_RRF,"RRF_degraded,RS50S,RS30S,tRNAGlyGCC,mRNA",,k1 * termRS70SUAA0004_tRNAGlyGCC_RRF,
STATE_TRANSITION,re0000000941,re0000000941,false,false,termRS70SUAA0004_tRNAGlyGCC_EFG_GTP,"RS30S_degraded,mRNA,tRNAGlyGCC,RS50S,EFG,GTP",,k1 * termRS70SUAA0004_tRNAGlyGCC_EFG_GTP,
STATE_TRANSITION,re0000000942,re0000000942,false,false,termRS70SUAA0004_tRNAGlyGCC_EFG_GTP,"RS50S_degraded,mRNA,tRNAGlyGCC,RS30S,EFG,GTP",,k1 * termRS70SUAA0004_tRNAGlyGCC_EFG_GTP,
STATE_TRANSITION,re0000000943,re0000000943,false,false,termRS70SUAA0004_tRNAGlyGCC_EFG_GTP,"EFG_degraded,RS50S,RS30S,tRNAGlyGCC,mRNA,GTP",,k1 * termRS70SUAA0004_tRNAGlyGCC_EFG_GTP,
STATE_TRANSITION,re0000000944,re0000000944,false,false,termRS70SUAA0004_tRNAGlyGCC_RRF_EFG_GDP,"RS30S_degraded,mRNA,RRF,tRNAGlyGCC,RS50S,EFG,GDP",,k1 * termRS70SUAA0004_tRNAGlyGCC_RRF_EFG_GDP,
STATE_TRANSITION,re0000000945,re0000000945,false,false,termRS70SUAA0004_tRNAGlyGCC_RRF_EFG_GDP,"RS50S_degraded,mRNA,RRF,tRNAGlyGCC,RS30S,EFG,GDP",,k1 * termRS70SUAA0004_tRNAGlyGCC_RRF_EFG_GDP,
STATE_TRANSITION,re0000000946,re0000000946,false,false,termRS70SUAA0004_tRNAGlyGCC_RRF_EFG_GDP,"RRF_degraded,RS50S,RS30S,tRNAGlyGCC,mRNA,GDP,EFG",,k1 * termRS70SUAA0004_tRNAGlyGCC_RRF_EFG_GDP,
STATE_TRANSITION,re0000000947,re0000000947,false,false,termRS70SUAA0004_tRNAGlyGCC_RRF_EFG_GDP,"EFG_degraded,mRNA,tRNAGlyGCC,RRF,RS30S,RS50S,GDP",,k1 * termRS70SUAA0004_tRNAGlyGCC_RRF_EFG_GDP,
STATE_TRANSITION,re0000000948,re0000000948,false,false,termRS70SUAA0004_tRNAGlyGCC_RRF_EFG_GDP_PO4,"RS30S_degraded,mRNA,RRF,tRNAGlyGCC,RS50S,EFG,GDP,PO4",,k1 * termRS70SUAA0004_tRNAGlyGCC_RRF_EFG_GDP_PO4,
STATE_TRANSITION,re0000000949,re0000000949,false,false,termRS70SUAA0004_tRNAGlyGCC_RRF_EFG_GDP_PO4,"RS50S_degraded,mRNA,RRF,tRNAGlyGCC,RS30S,EFG,GDP,PO4",,k1 * termRS70SUAA0004_tRNAGlyGCC_RRF_EFG_GDP_PO4,
STATE_TRANSITION,re0000000950,re0000000950,false,false,termRS70SUAA0004_tRNAGlyGCC_RRF_EFG_GDP_PO4,"RRF_degraded,RS50S,RS30S,tRNAGlyGCC,mRNA,GDP,EFG,PO4",,k1 * termRS70SUAA0004_tRNAGlyGCC_RRF_EFG_GDP_PO4,
STATE_TRANSITION,re0000000951,re0000000951,false,false,termRS70SUAA0004_tRNAGlyGCC_RRF_EFG_GDP_PO4,"EFG_degraded,mRNA,tRNAGlyGCC,RRF,RS30S,RS50S,GDP,PO4",,k1 * termRS70SUAA0004_tRNAGlyGCC_RRF_EFG_GDP_PO4,
STATE_TRANSITION,re0000000952,re0000000952,false,false,RS50S_tRNAGlyGCC_RRF_EFG_GDP,"tRNAGlyGCC_degraded,RS50S,EFG,GDP,RRF",,k1 * RS50S_tRNAGlyGCC_RRF_EFG_GDP,
STATE_TRANSITION,re0000000953,re0000000953,false,false,RS50S_tRNAGlyGCC_RRF_EFG_GDP,"RS50S_degraded,EFG,tRNAGlyGCC,GDP,RRF",,k1 * RS50S_tRNAGlyGCC_RRF_EFG_GDP,
STATE_TRANSITION,re0000000954,re0000000954,false,false,RS50S_tRNAGlyGCC_RRF_EFG_GDP,"EFG_degraded,RS50S,tRNAGlyGCC,GDP,RRF",,k1 * RS50S_tRNAGlyGCC_RRF_EFG_GDP,
STATE_TRANSITION,re0000000955,re0000000955,false,false,RS50S_tRNAGlyGCC_RRF_EFG_GDP,"RRF_degraded,tRNAGlyGCC,EFG,GDP,RS50S",,k1 * RS50S_tRNAGlyGCC_RRF_EFG_GDP,
STATE_TRANSITION,re0000000956,re0000000956,false,false,"PO4,termRS70SUAA0004_tRNAGlyGCC_RRF_EFG_GDP",termRS70SUAA0004_tRNAGlyGCC_RRF_EFG_GDP_PO4,,k1 * PO4 * termRS70SUAA0004_tRNAGlyGCC_RRF_EFG_GDP,
STATE_TRANSITION,re0000000957,re0000000957,false,false,"RS50S_tRNAGlyGCC_RRF_EFG_GDP,termRS30S_mRNA",termRS70SUAA0004_tRNAGlyGCC_RRF_EFG_GDP,,k1 * RS50S_tRNAGlyGCC_RRF_EFG_GDP * termRS30S_mRNA,
STATE_TRANSITION,re0000000958,re0000000958,false,false,"RRF,RS50S_tRNAGlyGCC_EFG_GDP",RS50S_tRNAGlyGCC_RRF_EFG_GDP,,k1 * RRF * RS50S_tRNAGlyGCC_EFG_GDP,
STATE_TRANSITION,re0000000959,re0000000959,false,false,"EFG_GDP,RS50S_tRNAGlyGCC_RRF",RS50S_tRNAGlyGCC_RRF_EFG_GDP,,k1 * EFG_GDP * RS50S_tRNAGlyGCC_RRF,
STATE_TRANSITION,re0000000960,re0000000960,false,false,"tRNAGlyGCC,RS50S_RRF_EFG_GDP",RS50S_tRNAGlyGCC_RRF_EFG_GDP,,k1 * tRNAGlyGCC * RS50S_RRF_EFG_GDP,
STATE_TRANSITION,re0000000961,re0000000961,false,false,"EFG_GDP,RS50S_tRNAGlyGCC",RS50S_tRNAGlyGCC_EFG_GDP,,k1 * EFG_GDP * RS50S_tRNAGlyGCC,
STATE_TRANSITION,re0000000962,re0000000962,false,false,"RRF,RS50S_tRNAGlyGCC",RS50S_tRNAGlyGCC_RRF,,k1 * RRF * RS50S_tRNAGlyGCC,
STATE_TRANSITION,re0000000963,re0000000963,false,false,"tRNAGlyGCC,RS50S_EFG_GDP",RS50S_tRNAGlyGCC_EFG_GDP,,k1 * tRNAGlyGCC * RS50S_EFG_GDP,
STATE_TRANSITION,re0000000964,re0000000964,false,false,"RRF,RS50S_EFG_GDP",RS50S_RRF_EFG_GDP,,k1 * RRF * RS50S_EFG_GDP,
STATE_TRANSITION,re0000000965,re0000000965,false,false,"tRNAGlyGCC,RS50S_RRF",RS50S_tRNAGlyGCC_RRF,,k1 * tRNAGlyGCC * RS50S_RRF,
STATE_TRANSITION,re0000000966,re0000000966,false,false,"EFG_GDP,RS50S_RRF",RS50S_RRF_EFG_GDP,,k1 * EFG_GDP * RS50S_RRF,
STATE_TRANSITION,re0000000967,re0000000967,false,false,"tRNAGlyGCC,RS50S",RS50S_tRNAGlyGCC,,k1 * tRNAGlyGCC * RS50S,
STATE_TRANSITION,re0000000968,re0000000968,false,false,"RRF,RS50S",RS50S_RRF,,k1 * RRF * RS50S,
