test,model,window,metric,max_absolute,max_fixed_scale,rms_fixed_scale,max_relative_defined,fixed_scale,max_time_over_tau,V2_fixed_budget_status
A_pulse,Full,early_0_10,product_extent,0.0,0.0,,0.0,1.0,0.0,PASS
A_pulse,Full,early_0_10,product_current,0.0,0.0,,0.0,6.7248004729529995,0.0,PASS
A_pulse,Full,early_0_10,pi_current,0.0,0.0,,0.0,6.7248004729529995,0.0,PASS
A_pulse,Full,early_0_10,pi_extent,0.0,0.0,,0.0,1.0,0.0,PASS
A_pulse,Full,early_0_10,gdp_current,0.0,0.0,,0.0,6.7248004729529995,0.0,PASS
A_pulse,Full,early_0_10,gdp_extent,0.0,0.0,,0.0,1.0,0.0,PASS
A_pulse,Full,early_0_10,bound_pi,0.0,0.0,,0.0,1.0,0.0,PASS
A_pulse,Full,early_0_10,bound_gdp,0.0,0.0,,0.0,1.0,0.0,PASS
A_pulse,Full,early_0_10,bound_gtp,0.0,0.0,,0.0,1.0,0.0,PASS
A_pulse,Full,early_0_10,tu_bound,0.0,0.0,,0.0,1.0,0.0,PASS
A_pulse,Full,early_0_10,phosphate_unreleased,0.0,0.0,,0.0,1.0,0.0,PASS
A_pulse,Full,early_0_10,unfinished,0.0,0.0,,0.0,1.0,0.0,PASS
A_pulse,Full,late_5_10,product_extent,0.0,0.0,,0.0,1.0,5.0,PASS
A_pulse,Full,late_5_10,product_current,0.0,0.0,,0.0,6.7248004729529995,5.0,PASS
A_pulse,Full,late_5_10,pi_current,0.0,0.0,,0.0,6.7248004729529995,5.0,PASS
A_pulse,Full,late_5_10,pi_extent,0.0,0.0,,0.0,1.0,5.0,PASS
A_pulse,Full,late_5_10,gdp_current,0.0,0.0,,0.0,6.7248004729529995,5.0,PASS
A_pulse,Full,late_5_10,gdp_extent,0.0,0.0,,0.0,1.0,5.0,PASS
A_pulse,Full,late_5_10,bound_pi,0.0,0.0,,0.0,1.0,5.0,PASS
A_pulse,Full,late_5_10,bound_gdp,0.0,0.0,,0.0,1.0,5.0,PASS
A_pulse,Full,late_5_10,bound_gtp,0.0,0.0,,0.0,1.0,5.0,PASS
A_pulse,Full,late_5_10,tu_bound,0.0,0.0,,0.0,1.0,5.0,PASS
A_pulse,Full,late_5_10,phosphate_unreleased,0.0,0.0,,0.0,1.0,5.0,PASS
A_pulse,Full,late_5_10,unfinished,0.0,0.0,,0.0,1.0,5.0,PASS
A_pulse,Full,macro_10_end,product_extent,0.0,0.0,,0.0,1.0,10.0,PASS
A_pulse,Full,macro_10_end,product_current,0.0,0.0,,0.0,6.7248004729529995,10.0,PASS
A_pulse,Full,macro_10_end,pi_current,0.0,0.0,,0.0,6.7248004729529995,10.0,PASS
A_pulse,Full,macro_10_end,pi_extent,0.0,0.0,,0.0,1.0,10.0,PASS
A_pulse,Full,macro_10_end,gdp_current,0.0,0.0,,0.0,6.7248004729529995,10.0,PASS
A_pulse,Full,macro_10_end,gdp_extent,0.0,0.0,,0.0,1.0,10.0,PASS
A_pulse,Full,macro_10_end,bound_pi,0.0,0.0,,0.0,1.0,10.0,PASS
A_pulse,Full,macro_10_end,bound_gdp,0.0,0.0,,0.0,1.0,10.0,PASS
A_pulse,Full,macro_10_end,bound_gtp,0.0,0.0,,0.0,1.0,10.0,PASS
A_pulse,Full,macro_10_end,tu_bound,0.0,0.0,,0.0,1.0,10.0,PASS
A_pulse,Full,macro_10_end,phosphate_unreleased,0.0,0.0,,0.0,1.0,10.0,PASS
A_pulse,Full,macro_10_end,unfinished,0.0,0.0,,0.0,1.0,10.0,PASS
A_pulse,Full,10_100,product_extent,0.0,0.0,,0.0,1.0,10.0,PASS
A_pulse,Full,10_100,product_current,0.0,0.0,,0.0,6.7248004729529995,10.0,PASS
A_pulse,Full,10_100,pi_current,0.0,0.0,,0.0,6.7248004729529995,10.0,PASS
A_pulse,Full,10_100,pi_extent,0.0,0.0,,0.0,1.0,10.0,PASS
A_pulse,Full,10_100,gdp_current,0.0,0.0,,0.0,6.7248004729529995,10.0,PASS
A_pulse,Full,10_100,gdp_extent,0.0,0.0,,0.0,1.0,10.0,PASS
A_pulse,Full,10_100,bound_pi,0.0,0.0,,0.0,1.0,10.0,PASS
A_pulse,Full,10_100,bound_gdp,0.0,0.0,,0.0,1.0,10.0,PASS
A_pulse,Full,10_100,bound_gtp,0.0,0.0,,0.0,1.0,10.0,PASS
A_pulse,Full,10_100,tu_bound,0.0,0.0,,0.0,1.0,10.0,PASS
A_pulse,Full,10_100,phosphate_unreleased,0.0,0.0,,0.0,1.0,10.0,PASS
A_pulse,Full,10_100,unfinished,0.0,0.0,,0.0,1.0,10.0,PASS
A_pulse,Full,100_1000,product_extent,0.0,0.0,,0.0,1.0,100.0,PASS
A_pulse,Full,100_1000,product_current,0.0,0.0,,0.0,6.7248004729529995,100.0,PASS
A_pulse,Full,100_1000,pi_current,0.0,0.0,,0.0,6.7248004729529995,100.0,PASS
A_pulse,Full,100_1000,pi_extent,0.0,0.0,,0.0,1.0,100.0,PASS
A_pulse,Full,100_1000,gdp_current,0.0,0.0,,0.0,6.7248004729529995,100.0,PASS
A_pulse,Full,100_1000,gdp_extent,0.0,0.0,,0.0,1.0,100.0,PASS
A_pulse,Full,100_1000,bound_pi,0.0,0.0,,0.0,1.0,100.0,PASS
A_pulse,Full,100_1000,bound_gdp,0.0,0.0,,0.0,1.0,100.0,PASS
A_pulse,Full,100_1000,bound_gtp,0.0,0.0,,0.0,1.0,100.0,PASS
A_pulse,Full,100_1000,tu_bound,0.0,0.0,,0.0,1.0,100.0,PASS
A_pulse,Full,100_1000,phosphate_unreleased,0.0,0.0,,0.0,1.0,100.0,PASS
A_pulse,Full,100_1000,unfinished,0.0,0.0,,0.0,1.0,100.0,PASS
A_pulse,Full,V1_transient,product_extent,0.0,0.0,,0.0,1.0,0.0,PASS
A_pulse,Full,V1_transient,product_current,0.0,0.0,,0.0,6.7248004729529995,0.0,PASS
A_pulse,Full,V1_transient,pi_current,0.0,0.0,,0.0,6.7248004729529995,0.0,PASS
A_pulse,Full,V1_transient,pi_extent,0.0,0.0,,0.0,1.0,0.0,PASS
A_pulse,Full,V1_transient,gdp_current,0.0,0.0,,0.0,6.7248004729529995,0.0,PASS
A_pulse,Full,V1_transient,gdp_extent,0.0,0.0,,0.0,1.0,0.0,PASS
A_pulse,Full,V1_transient,bound_pi,0.0,0.0,,0.0,1.0,0.0,PASS
A_pulse,Full,V1_transient,bound_gdp,0.0,0.0,,0.0,1.0,0.0,PASS
A_pulse,Full,V1_transient,bound_gtp,0.0,0.0,,0.0,1.0,0.0,PASS
A_pulse,Full,V1_transient,tu_bound,0.0,0.0,,0.0,1.0,0.0,PASS
A_pulse,Full,V1_transient,phosphate_unreleased,0.0,0.0,,0.0,1.0,0.0,PASS
A_pulse,Full,V1_transient,unfinished,0.0,0.0,,0.0,1.0,0.0,PASS
A_pulse,Full,V1_post,product_extent,0.0,0.0,,0.0,1.0,0.255,PASS
A_pulse,Full,V1_post,product_current,0.0,0.0,,0.0,6.7248004729529995,0.255,PASS
A_pulse,Full,V1_post,pi_current,0.0,0.0,,0.0,6.7248004729529995,0.255,PASS
A_pulse,Full,V1_post,pi_extent,0.0,0.0,,0.0,1.0,0.255,PASS
A_pulse,Full,V1_post,gdp_current,0.0,0.0,,0.0,6.7248004729529995,0.255,PASS
A_pulse,Full,V1_post,gdp_extent,0.0,0.0,,0.0,1.0,0.255,PASS
A_pulse,Full,V1_post,bound_pi,0.0,0.0,,0.0,1.0,0.255,PASS
A_pulse,Full,V1_post,bound_gdp,0.0,0.0,,0.0,1.0,0.255,PASS
A_pulse,Full,V1_post,bound_gtp,0.0,0.0,,0.0,1.0,0.255,PASS
A_pulse,Full,V1_post,tu_bound,0.0,0.0,,0.0,1.0,0.255,PASS
A_pulse,Full,V1_post,phosphate_unreleased,0.0,0.0,,0.0,1.0,0.255,PASS
A_pulse,Full,V1_post,unfinished,0.0,0.0,,0.0,1.0,0.255,PASS
A_pulse,Direct,early_0_10,product_extent,0.03355566396281719,0.03355566396281719,,223067.3670193418,1.0,0.0845,FAIL
A_pulse,Direct,early_0_10,product_current,6.724800472953,1.0000000000000002,,56223.28596397432,6.7248004729529995,0.0,FAIL
A_pulse,Direct,early_0_10,pi_current,155.2939963219941,23.092729211310157,,6.457920154173499e+161,6.7248004729529995,0.0125,FAIL
A_pulse,Direct,early_0_10,pi_extent,0.8770057698109881,0.8770057698109881,,0.9501525336445029,1.0,0.105,FAIL
A_pulse,Direct,early_0_10,gdp_current,6.724800472953,1.0000000000000002,,1377.5542541392147,6.7248004729529995,0.0,FAIL
A_pulse,Direct,early_0_10,gdp_extent,0.027410793524895005,0.027410793524895005,,4103.475270167334,1.0,0.079,FAIL
A_pulse,Direct,early_0_10,bound_pi,0.16193824931509104,0.16193824931509104,,1.0,1.0,0.012,FAIL
A_pulse,Direct,early_0_10,bound_gdp,0.9111430355023413,0.9111430355023413,,1.0,1.0,0.096,FAIL
A_pulse,Direct,early_0_10,bound_gtp,0.8840452473686308,0.8840452473686308,,3.374076275145794e+163,1.0,0.097,FAIL
A_pulse,Direct,early_0_10,tu_bound,0.027410793524896282,0.027410793524896282,,0.4548663213883651,1.0,0.079,FAIL
A_pulse,Direct,early_0_10,phosphate_unreleased,0.877005769810987,0.877005769810987,,2.4968164436078857e+163,1.0,0.105,FAIL
A_pulse,Direct,early_0_10,unfinished,0.033555663962818505,0.033555663962818505,,0.44468225713864645,1.0,0.0845,FAIL
A_pulse,Direct,late_5_10,product_extent,0.0010150149698867628,0.0010150149698867628,,0.0010208572666351393,1.0,5.0,PASS
A_pulse,Direct,late_5_10,product_current,0.005250824961806795,0.0007808149822326325,,0.38788570372468273,6.7248004729529995,5.0,PASS
A_pulse,Direct,late_5_10,pi_current,0.045311349165592325,0.006737946998997752,,6.457920154173499e+161,6.7248004729529995,5.0,PASS
A_pulse,Direct,late_5_10,pi_extent,0.006737946998997324,0.006737946998997324,,0.006737946998997325,1.0,5.0,PASS
A_pulse,Direct,late_5_10,gdp_current,0.005531248631233297,0.0008225149063499889,,0.39766938945083846,6.7248004729529995,5.0,PASS
A_pulse,Direct,late_5_10,gdp_extent,0.0010550754940903406,0.0010550754940903406,,0.0010611056209875475,1.0,5.0,PASS
A_pulse,Direct,late_5_10,bound_pi,3.896954701293712e-85,3.896954701293712e-85,,1.0,1.0,5.0,PASS
A_pulse,Direct,late_5_10,bound_gdp,0.005682871504908433,0.005682871504908433,,1.0,1.0,5.0,PASS
A_pulse,Direct,late_5_10,bound_gtp,0.006737946998997751,0.006737946998997751,,3.374076275145794e+163,1.0,5.0,PASS
A_pulse,Direct,late_5_10,tu_bound,0.001055075494089318,0.001055075494089318,,0.4548663213883651,1.0,5.0,PASS
A_pulse,Direct,late_5_10,phosphate_unreleased,0.006737946998997751,0.006737946998997751,,2.4968164436078857e+163,1.0,5.0,PASS
A_pulse,Direct,late_5_10,unfinished,0.0010150149698855328,0.0010150149698855328,,0.44468225713864645,1.0,5.0,PASS
A_pulse,Direct,macro_10_end,product_extent,1.3974383094583764e-05,1.3974383094583764e-05,,1.3974822261015075e-05,1.0,10.0,PASS
A_pulse,Direct,macro_10_end,product_current,8.532664241595885e-05,1.2688353023876432e-05,,267.7710350642701,6.7248004729529995,10.0,PASS
A_pulse,Direct,macro_10_end,pi_current,0.00030530547019075825,4.5399929918915834e-05,,1.1849024506855109e+255,6.7248004729529995,10.0,PASS
A_pulse,Direct,macro_10_end,pi_extent,4.5399929917810944e-05,4.5399929917810944e-05,,4.539992991781095e-05,1.0,10.0,PASS
A_pulse,Direct,macro_10_end,gdp_current,8.686649421038242e-05,1.2917334062141704e-05,,269.6515962377357,6.7248004729529995,10.0,PASS
A_pulse,Direct,macro_10_end,gdp_extent,1.4194361922847953e-05,1.4194361922847953e-05,,1.4194804879796806e-05,1.0,10.0,PASS
A_pulse,Direct,macro_10_end,bound_pi,4.7276129605512597e-169,4.7276129605512597e-169,,1.0,1.0,10.0,PASS
A_pulse,Direct,macro_10_end,bound_gdp,3.120556799719655e-05,3.120556799719655e-05,,1.0,1.0,10.0,PASS
A_pulse,Direct,macro_10_end,bound_gtp,4.5399929918915834e-05,4.5399929918915834e-05,,6.190772186376018e+256,1.0,10.0,PASS
A_pulse,Direct,macro_10_end,tu_bound,1.4194361921719285e-05,1.4194361921719285e-05,,280.64564617607994,1.0,10.0,PASS
A_pulse,Direct,macro_10_end,phosphate_unreleased,4.5399929918915834e-05,4.5399929918915834e-05,,4.581171417915464e+256,1.0,10.0,PASS
A_pulse,Direct,macro_10_end,unfinished,1.3974383093944485e-05,1.3974383093944485e-05,,278.68812665284884,1.0,10.0,PASS
A_pulse,Direct,10_100,product_extent,1.3974383094583764e-05,1.3974383094583764e-05,,1.3974822261015075e-05,1.0,10.0,PASS
A_pulse,Direct,10_100,product_current,8.532664241595885e-05,1.2688353023876432e-05,,267.7710350642701,6.7248004729529995,10.0,PASS
A_pulse,Direct,10_100,pi_current,0.00030530547019075825,4.5399929918915834e-05,,1.1849024506855109e+255,6.7248004729529995,10.0,PASS
A_pulse,Direct,10_100,pi_extent,4.5399929917810944e-05,4.5399929917810944e-05,,4.539992991781095e-05,1.0,10.0,PASS
A_pulse,Direct,10_100,gdp_current,8.686649421038242e-05,1.2917334062141704e-05,,269.6515962377357,6.7248004729529995,10.0,PASS
A_pulse,Direct,10_100,gdp_extent,1.4194361922847953e-05,1.4194361922847953e-05,,1.4194804879796806e-05,1.0,10.0,PASS
A_pulse,Direct,10_100,bound_pi,4.7276129605512597e-169,4.7276129605512597e-169,,1.0,1.0,10.0,PASS
A_pulse,Direct,10_100,bound_gdp,3.120556799719655e-05,3.120556799719655e-05,,1.0,1.0,10.0,PASS
A_pulse,Direct,10_100,bound_gtp,4.5399929918915834e-05,4.5399929918915834e-05,,6.190772186376018e+256,1.0,10.0,PASS
A_pulse,Direct,10_100,tu_bound,1.4194361921719285e-05,1.4194361921719285e-05,,280.64564617607994,1.0,10.0,PASS
A_pulse,Direct,10_100,phosphate_unreleased,4.5399929918915834e-05,4.5399929918915834e-05,,4.581171417915464e+256,1.0,10.0,PASS
A_pulse,Direct,10_100,unfinished,1.3974383093944485e-05,1.3974383093944485e-05,,278.68812665284884,1.0,10.0,PASS
A_pulse,Direct,100_1000,product_extent,6.661338147750939e-16,6.661338147750939e-16,,6.661338147750929e-16,1.0,100.0,PASS
A_pulse,Direct,100_1000,product_current,4.487781739105328e-18,6.673479394898165e-19,,0.06593243858392532,6.7248004729529995,100.0,PASS
A_pulse,Direct,100_1000,pi_current,7.255415142741644e-17,1.0789041506767027e-17,,1.1849024506855109e+255,6.7248004729529995,100.0,PASS
A_pulse,Direct,100_1000,pi_extent,9.992007221626409e-16,9.992007221626409e-16,,9.99200722162641e-16,1.0,100.0,PASS
A_pulse,Direct,100_1000,gdp_current,4.964246326920691e-18,7.381997944603384e-19,,0.07344656453563034,6.7248004729529995,100.0,PASS
A_pulse,Direct,100_1000,gdp_extent,1.3322676295501878e-15,1.3322676295501878e-15,,1.3322676295501849e-15,1.0,100.0,PASS
A_pulse,Direct,100_1000,bound_pi,6.123217264462667e-275,6.123217264462667e-275,,1.0,1.0,100.0,PASS
A_pulse,Direct,100_1000,bound_gdp,9.65570072864225e-18,9.65570072864225e-18,,1.0,1.0,100.0,PASS
A_pulse,Direct,100_1000,bound_gtp,1.0789041506767025e-17,1.0789041506767025e-17,,6.190772186376018e+256,1.0,100.0,PASS
A_pulse,Direct,100_1000,tu_bound,1.1333407781247753e-18,1.1333407781247753e-18,,0.11737530086893462,1.0,100.0,PASS
A_pulse,Direct,100_1000,phosphate_unreleased,1.0789041506767025e-17,1.0789041506767025e-17,,4.581171417915464e+256,1.0,100.0,PASS
A_pulse,Direct,100_1000,unfinished,1.0652744084364642e-18,1.0652744084364642e-18,,0.1095536737628524,1.0,100.0,PASS
A_pulse,Direct,V1_transient,product_extent,0.03355566396281719,0.03355566396281719,,223067.3670193418,1.0,0.0845,FAIL
A_pulse,Direct,V1_transient,product_current,6.724800472953,1.0000000000000002,,56223.28596397432,6.7248004729529995,0.0,FAIL
A_pulse,Direct,V1_transient,pi_current,155.2939963219941,23.092729211310157,,234.03391356684594,6.7248004729529995,0.0125,FAIL
A_pulse,Direct,V1_transient,pi_extent,0.8770057698109881,0.8770057698109881,,0.9501525336445029,1.0,0.105,FAIL
A_pulse,Direct,V1_transient,gdp_current,6.724800472953,1.0000000000000002,,1377.5542541392147,6.7248004729529995,0.0,FAIL
A_pulse,Direct,V1_transient,gdp_extent,0.027410793524895005,0.027410793524895005,,4103.475270167334,1.0,0.079,FAIL
A_pulse,Direct,V1_transient,bound_pi,0.16193824931509104,0.16193824931509104,,1.0,1.0,0.012,FAIL
A_pulse,Direct,V1_transient,bound_gdp,0.9111430355023413,0.9111430355023413,,1.0,1.0,0.096,FAIL
A_pulse,Direct,V1_transient,bound_gtp,0.8840452473686308,0.8840452473686308,,12278.841383718032,1.0,0.097,FAIL
A_pulse,Direct,V1_transient,tu_bound,0.027410793524896282,0.027410793524896282,,0.02898958389323531,1.0,0.079,FAIL
A_pulse,Direct,V1_transient,phosphate_unreleased,0.877005769810987,0.877005769810987,,9086.08262395401,1.0,0.105,FAIL
A_pulse,Direct,V1_transient,unfinished,0.033555663962818505,0.033555663962818505,,0.03547819475245707,1.0,0.0845,FAIL
A_pulse,Direct,V1_post,product_extent,0.02432085322016722,0.02432085322016722,,0.12114232085990564,1.0,0.255,FAIL
A_pulse,Direct,V1_post,product_current,0.38283441639856086,0.05692873980994864,,0.38788570372468273,6.7248004729529995,0.255,FAIL
A_pulse,Direct,V1_post,pi_current,5.192792606078327,0.7721853796203508,,6.457920154173499e+161,6.7248004729529995,0.255,FAIL
A_pulse,Direct,V1_post,pi_extent,0.7748458586283972,0.7748458586283972,,0.7749005970876716,1.0,0.255,FAIL
A_pulse,Direct,V1_post,gdp_current,0.34385019822922835,0.05113165804876833,,0.39766938945083846,6.7248004729529995,0.255,FAIL
A_pulse,Direct,V1_post,gdp_extent,0.018726859971796406,0.018726859971796406,,0.09074997433566594,1.0,0.255,FAIL
A_pulse,Direct,V1_post,bound_pi,1.8366225893808135e-05,1.8366225893808135e-05,,1.0,1.0,0.255,PASS
A_pulse,Direct,V1_post,bound_gdp,0.7935910848260885,0.7935910848260885,,1.0,1.0,0.255,FAIL
A_pulse,Direct,V1_post,bound_gtp,0.7748642248542905,0.7748642248542905,,3.374076275145794e+163,1.0,0.255,FAIL
A_pulse,Direct,V1_post,tu_bound,0.018726859971798127,0.018726859971798127,,0.4548663213883651,1.0,0.255,FAIL
A_pulse,Direct,V1_post,phosphate_unreleased,0.7748458586283966,0.7748458586283966,,2.4968164436078857e+163,1.0,0.255,FAIL
A_pulse,Direct,V1_post,unfinished,0.02432085322016886,0.02432085322016886,,0.44468225713864645,1.0,0.255,FAIL
A_pulse,Two-stage,early_0_10,product_extent,0.007063541450906839,0.007063541450906839,,1758.9730392921883,1.0,0.064,PASS
A_pulse,Two-stage,early_0_10,product_current,1.4950698862756646,0.22232182089101424,,884.082699449415,6.7248004729529995,0.0145,FAIL
A_pulse,Two-stage,early_0_10,pi_current,206.34920634920636,30.684807256235832,,2.421724507890551e+34,6.7248004729529995,0.0,FAIL
A_pulse,Two-stage,early_0_10,pi_extent,0.1033777051244012,0.1033777051244012,,20.854950156607988,1.0,0.009000000000000001,FAIL
A_pulse,Two-stage,early_0_10,gdp_current,0.7071925459073525,0.10516186298042082,,20.70120081867846,6.7248004729529995,0.009000000000000001,FAIL
A_pulse,Two-stage,early_0_10,gdp_extent,0.0026371150095024776,0.0026371150095024776,,31.383640551372622,1.0,0.9699999999999999,PASS
A_pulse,Two-stage,early_0_10,bound_pi,0.16193824931509104,0.16193824931509104,,1.0,1.0,0.012,FAIL
A_pulse,Two-stage,early_0_10,bound_gdp,0.08683785547714329,0.08683785547714329,,0.20497020094954618,1.0,0.029,FAIL
A_pulse,Two-stage,early_0_10,bound_gtp,0.08483244582067201,0.08483244582067201,,4.1234768647866264e+34,1.0,0.029,FAIL
A_pulse,Two-stage,early_0_10,tu_bound,0.002637115009500035,0.002637115009500035,,0.07498758037335813,1.0,0.9699999999999999,PASS
A_pulse,Two-stage,early_0_10,phosphate_unreleased,0.1033777051244017,0.1033777051244017,,3.051372879942101e+34,1.0,0.009000000000000001,FAIL
A_pulse,Two-stage,early_0_10,unfinished,0.007063541450908262,0.007063541450908262,,0.0674626673107446,1.0,0.064,PASS
A_pulse,Two-stage,late_5_10,product_extent,0.00016901615715569918,0.00016901615715569918,,0.00016998899260608078,1.0,5.0,PASS
A_pulse,Two-stage,late_5_10,product_current,0.0008964145289437273,0.00013329979566666504,,0.06004237071573466,6.7248004729529995,5.0,PASS
A_pulse,Two-stage,late_5_10,pi_current,4.824271844100574e-65,7.173851274106481e-66,,2.421724507890551e+34,6.7248004729529995,5.0,PASS
A_pulse,Two-stage,late_5_10,pi_extent,7.771561172376096e-16,7.771561172376096e-16,,7.771561172376097e-16,1.0,5.0,PASS
A_pulse,Two-stage,late_5_10,gdp_current,0.0011768381983702295,0.0001749997197840214,,0.06751497554454636,6.7248004729529995,5.0,PASS
A_pulse,Two-stage,late_5_10,gdp_extent,0.00020907668135927704,0.00020907668135927704,,0.00021027162800234196,1.0,5.0,PASS
A_pulse,Two-stage,late_5_10,bound_pi,3.896954701293712e-85,3.896954701293712e-85,,1.0,1.0,5.0,PASS
A_pulse,Two-stage,late_5_10,bound_gdp,0.00020907668135704705,0.00020907668135704705,,0.07498758037335813,1.0,5.0,PASS
A_pulse,Two-stage,late_5_10,bound_gtp,2.3379163552179705e-67,2.3379163552179705e-67,,4.1234768647866264e+34,1.0,5.0,PASS
A_pulse,Two-stage,late_5_10,tu_bound,0.00020907668135704705,0.00020907668135704705,,0.07498758037335813,1.0,5.0,PASS
A_pulse,Two-stage,late_5_10,phosphate_unreleased,2.3379163552179705e-67,2.3379163552179705e-67,,3.051372879942101e+34,1.0,5.0,PASS
A_pulse,Two-stage,late_5_10,unfinished,0.0001690161571532619,0.0001690161571532619,,0.0674626673107446,1.0,5.0,PASS
A_pulse,Two-stage,macro_10_end,product_extent,2.120051213250207e-06,2.120051213250207e-06,,2.120117839112631e-06,1.0,10.0,PASS
A_pulse,Two-stage,macro_10_end,product_current,1.3208050326867253e-05,1.964080626628216e-06,,347.18093797491485,6.7248004729529995,10.0,PASS
A_pulse,Two-stage,macro_10_end,pi_current,1.144897617038799e-131,1.702500500414179e-132,,2.1924944177605482e+45,6.7248004729529995,10.0,PASS
A_pulse,Two-stage,macro_10_end,pi_extent,7.771561172376096e-16,7.771561172376096e-16,,7.771561172376097e-16,1.0,10.0,PASS
A_pulse,Two-stage,macro_10_end,gdp_current,1.4747902121290822e-05,2.193061664893488e-06,,349.63538567461995,6.7248004729529995,10.0,PASS
A_pulse,Two-stage,macro_10_end,gdp_extent,2.340030041514396e-06,2.340030041514396e-06,,2.34010306575973e-06,1.0,10.0,PASS
A_pulse,Two-stage,macro_10_end,bound_pi,4.7276129605512597e-169,4.7276129605512597e-169,,1.0,1.0,10.0,PASS
A_pulse,Two-stage,macro_10_end,bound_gdp,2.340030038286069e-06,2.340030038286069e-06,,352.0898333743423,1.0,10.0,PASS
A_pulse,Two-stage,macro_10_end,bound_gtp,5.548349990264949e-134,5.548349990264949e-134,,3.7331659617841706e+45,1.0,10.0,PASS
A_pulse,Two-stage,macro_10_end,tu_bound,2.340030038286069e-06,2.340030038286069e-06,,352.0898333743423,1.0,10.0,PASS
A_pulse,Two-stage,macro_10_end,phosphate_unreleased,5.548349990264949e-134,5.548349990264949e-134,,2.762542851931366e+45,1.0,10.0,PASS
A_pulse,Two-stage,macro_10_end,unfinished,2.1200512105112683e-06,2.1200512105112683e-06,,349.61820454072205,1.0,10.0,PASS
A_pulse,Two-stage,10_100,product_extent,2.120051213250207e-06,2.120051213250207e-06,,2.120117839112631e-06,1.0,10.0,PASS
A_pulse,Two-stage,10_100,product_current,1.3208050326867253e-05,1.964080626628216e-06,,347.18093797491485,6.7248004729529995,10.0,PASS
A_pulse,Two-stage,10_100,pi_current,1.144897617038799e-131,1.702500500414179e-132,,2.1924944177605482e+45,6.7248004729529995,10.0,PASS
A_pulse,Two-stage,10_100,pi_extent,7.771561172376096e-16,7.771561172376096e-16,,7.771561172376097e-16,1.0,10.0,PASS
A_pulse,Two-stage,10_100,gdp_current,1.4747902121290822e-05,2.193061664893488e-06,,349.63538567461995,6.7248004729529995,10.0,PASS
A_pulse,Two-stage,10_100,gdp_extent,2.340030041514396e-06,2.340030041514396e-06,,2.34010306575973e-06,1.0,10.0,PASS
A_pulse,Two-stage,10_100,bound_pi,4.7276129605512597e-169,4.7276129605512597e-169,,1.0,1.0,10.0,PASS
A_pulse,Two-stage,10_100,bound_gdp,2.340030038286069e-06,2.340030038286069e-06,,352.0898333743423,1.0,10.0,PASS
A_pulse,Two-stage,10_100,bound_gtp,5.548349990264949e-134,5.548349990264949e-134,,3.7331659617841706e+45,1.0,10.0,PASS
A_pulse,Two-stage,10_100,tu_bound,2.340030038286069e-06,2.340030038286069e-06,,352.0898333743423,1.0,10.0,PASS
A_pulse,Two-stage,10_100,phosphate_unreleased,5.548349990264949e-134,5.548349990264949e-134,,2.762542851931366e+45,1.0,10.0,PASS
A_pulse,Two-stage,10_100,unfinished,2.1200512105112683e-06,2.1200512105112683e-06,,349.61820454072205,1.0,10.0,PASS
A_pulse,Two-stage,100_1000,product_extent,3.1086244689504383e-15,3.1086244689504383e-15,,3.1086244689504336e-15,1.0,100.0,PASS
A_pulse,Two-stage,100_1000,product_current,5.3015030718790894e-17,7.883509842710752e-18,,0.7788726056870203,6.7248004729529995,100.0,PASS
A_pulse,Two-stage,100_1000,pi_current,1.6203890053448514e-233,2.4095718703655528e-234,,2.6463032999810533e+38,6.7248004729529995,100.0,PASS
A_pulse,Two-stage,100_1000,pi_extent,7.771561172376096e-16,7.771561172376096e-16,,7.771561172376097e-16,1.0,100.0,PASS
A_pulse,Two-stage,100_1000,gdp_current,5.253856613097553e-17,7.81265798774023e-18,,0.7773138023031516,6.7248004729529995,100.0,PASS
A_pulse,Two-stage,100_1000,gdp_extent,3.774758283725532e-15,3.774758283725532e-15,,3.7747582837255236e-15,1.0,100.0,PASS
A_pulse,Two-stage,100_1000,bound_pi,6.123217264462667e-275,6.123217264462667e-275,,1.0,1.0,100.0,PASS
A_pulse,Two-stage,100_1000,bound_gdp,7.490458108312698e-18,7.490458108312698e-18,,0.7757549989192737,1.0,100.0,PASS
A_pulse,Two-stage,100_1000,bound_gtp,7.852654410517356e-236,7.852654410517356e-236,,4.505867781059374e+38,1.0,100.0,PASS
A_pulse,Two-stage,100_1000,tu_bound,7.490458108312698e-18,7.490458108312698e-18,,0.7757549989192737,1.0,100.0,PASS
A_pulse,Two-stage,100_1000,phosphate_unreleased,7.852654410517356e-236,7.852654410517356e-236,,3.334342157981906e+38,1.0,100.0,PASS
A_pulse,Two-stage,100_1000,unfinished,7.55852447800101e-18,7.55852447800101e-18,,0.7773247139268387,1.0,100.0,PASS
A_pulse,Two-stage,V1_transient,product_extent,0.007063541450906839,0.007063541450906839,,1758.9730392921883,1.0,0.064,PASS
A_pulse,Two-stage,V1_transient,product_current,1.4950698862756646,0.22232182089101424,,884.082699449415,6.7248004729529995,0.0145,FAIL
A_pulse,Two-stage,V1_transient,pi_current,206.34920634920636,30.684807256235832,,10.014479427858033,6.7248004729529995,0.0,FAIL
A_pulse,Two-stage,V1_transient,pi_extent,0.1033777051244012,0.1033777051244012,,20.854950156607988,1.0,0.009000000000000001,FAIL
A_pulse,Two-stage,V1_transient,gdp_current,0.7071925459073525,0.10516186298042082,,20.70120081867846,6.7248004729529995,0.009000000000000001,FAIL
A_pulse,Two-stage,V1_transient,gdp_extent,0.0020585448612273505,0.0020585448612273505,,31.383640551372622,1.0,0.0345,PASS
A_pulse,Two-stage,V1_transient,bound_pi,0.16193824931509104,0.16193824931509104,,1.0,1.0,0.012,FAIL
A_pulse,Two-stage,V1_transient,bound_gdp,0.08683785547714329,0.08683785547714329,,0.20497020094954618,1.0,0.029,FAIL
A_pulse,Two-stage,V1_transient,bound_gtp,0.08483244582067201,0.08483244582067201,,6.348619491120511,1.0,0.029,FAIL
A_pulse,Two-stage,V1_transient,tu_bound,0.002058544861228473,0.002058544861228473,,0.0020829359429777794,1.0,0.0345,PASS
A_pulse,Two-stage,V1_transient,phosphate_unreleased,0.1033777051244017,0.1033777051244017,,4.437978423430773,1.0,0.009000000000000001,FAIL
A_pulse,Two-stage,V1_transient,unfinished,0.007063541450908262,0.007063541450908262,,0.007290857929324673,1.0,0.064,PASS
A_pulse,Two-stage,V1_post,product_extent,0.004179203823963501,0.004179203823963501,,0.020816640189321865,1.0,0.255,PASS
A_pulse,Two-stage,V1_post,product_current,0.0700521812755639,0.010416990296933305,,0.06004237071573466,6.7248004729529995,0.255,FAIL
A_pulse,Two-stage,V1_post,pi_current,0.06412561074800438,0.009535689721340609,,2.421724507890551e+34,6.7248004729529995,0.255,PASS
A_pulse,Two-stage,V1_post,pi_extent,0.000329128801057621,0.000329128801057621,,0.0003291520521381709,1.0,0.255,PASS
A_pulse,Two-stage,V1_post,gdp_current,0.03106796310623139,0.0046199085357530026,,0.06751497554454636,6.7248004729529995,0.255,PASS
A_pulse,Two-stage,V1_post,gdp_extent,0.0026371150095024776,0.0026371150095024776,,0.006856040155621409,1.0,0.9699999999999999,PASS
A_pulse,Two-stage,V1_post,bound_pi,1.8366225893808135e-05,1.8366225893808135e-05,,1.0,1.0,0.255,PASS
A_pulse,Two-stage,V1_post,bound_gdp,0.00263711500938163,0.00263711500938163,,0.07498758037335813,1.0,0.9699999999999999,PASS
A_pulse,Two-stage,V1_post,bound_gtp,0.00034749502695098806,0.00034749502695098806,,4.1234768647866264e+34,1.0,0.255,PASS
A_pulse,Two-stage,V1_post,tu_bound,0.002637115009500035,0.002637115009500035,,0.07498758037335813,1.0,0.9699999999999999,PASS
A_pulse,Two-stage,V1_post,phosphate_unreleased,0.00032912880105717994,0.00032912880105717994,,3.051372879942101e+34,1.0,0.255,PASS
A_pulse,Two-stage,V1_post,unfinished,0.004179203823965749,0.004179203823965749,,0.0674626673107446,1.0,0.255,PASS
A_pulse,Three-stage,early_0_10,product_extent,0.0058498203728720236,0.0058498203728720236,,52.969856179325504,1.0,0.095,PASS
A_pulse,Three-stage,early_0_10,product_current,0.9591586704175112,0.14263005635263476,,39.50150330611476,6.7248004729529995,0.02,FAIL
A_pulse,Three-stage,early_0_10,pi_current,5.950070658400364e-09,8.847951225216893e-10,,0.03279608613410472,6.7248004729529995,0.025,PASS
A_pulse,Three-stage,early_0_10,pi_extent,5.6880056220620645e-12,5.6880056220620645e-12,,4.829590792386127e-10,1.0,0.046,PASS
A_pulse,Three-stage,early_0_10,gdp_current,0.04104385482089157,0.006103356521278074,,0.06730969856430125,6.7248004729529995,0.08700000000000001,PASS
A_pulse,Three-stage,early_0_10,gdp_extent,0.002565151318202341,0.002565151318202341,,0.006950456568672173,1.0,0.995,PASS
A_pulse,Three-stage,early_0_10,bound_pi,5.950073767024833e-12,5.950073767024833e-12,,0.032796086134104674,1.0,0.025,PASS
A_pulse,Three-stage,early_0_10,bound_gdp,0.002565151318202008,0.002565151318202008,,0.07478086645425121,1.0,0.995,PASS
A_pulse,Three-stage,early_0_10,bound_gtp,6.553563247635452e-12,6.553563247635452e-12,,0.03279608613410586,1.0,0.046,PASS
A_pulse,Three-stage,early_0_10,tu_bound,0.002565151318202008,0.002565151318202008,,0.07478086645425121,1.0,0.995,PASS
A_pulse,Three-stage,early_0_10,phosphate_unreleased,5.6897264677502335e-12,5.6897264677502335e-12,,0.03279608613410552,1.0,0.046,PASS
A_pulse,Three-stage,early_0_10,unfinished,0.00584982037287296,0.00584982037287296,,0.06725740038907142,1.0,0.095,PASS
A_pulse,Three-stage,late_5_10,product_extent,0.00016788317943861042,0.00016788317943861042,,0.00016884949361371145,1.0,5.0,PASS
A_pulse,Three-stage,late_5_10,product_current,0.0008885388149373064,0.00013212865103001792,,0.05983853067435127,6.7248004729529995,5.0,PASS
A_pulse,Three-stage,late_5_10,pi_current,4.687711952794245e-86,6.97078221375953e-87,,0.03279608613410472,6.7248004729529995,5.0,PASS
A_pulse,Three-stage,late_5_10,pi_extent,5.551115123125783e-16,5.551115123125783e-16,,5.551115123125784e-16,1.0,5.0,PASS
A_pulse,Three-stage,late_5_10,gdp_current,0.0011689624843638086,0.00017382857514737428,,0.06730969856430125,6.7248004729529995,5.0,PASS
A_pulse,Three-stage,late_5_10,gdp_extent,0.00020794370364218828,0.00020794370364218828,,0.00020913217491979924,1.0,5.0,PASS
A_pulse,Three-stage,late_5_10,bound_pi,4.687711952795068e-89,4.687711952795068e-89,,0.032796086134104674,1.0,5.0,PASS
A_pulse,Three-stage,late_5_10,bound_gdp,0.0002079437036421241,0.0002079437036421241,,0.07478086645425121,1.0,5.0,PASS
A_pulse,Three-stage,late_5_10,bound_gtp,1.3341949404083541e-88,1.3341949404083541e-88,,0.03279608613410586,1.0,5.0,PASS
A_pulse,Three-stage,late_5_10,tu_bound,0.0002079437036421241,0.0002079437036421241,,0.07478086645425121,1.0,5.0,PASS
A_pulse,Three-stage,late_5_10,phosphate_unreleased,1.802966135689004e-88,1.802966135689004e-88,,0.03279608613410552,1.0,5.0,PASS
A_pulse,Three-stage,late_5_10,unfinished,0.00016788317943833894,0.00016788317943833894,,0.06725740038907142,1.0,5.0,PASS
A_pulse,Three-stage,macro_10_end,product_extent,2.1136005857735896e-06,2.1136005857735896e-06,,2.113667008915147e-06,1.0,10.0,PASS
A_pulse,Three-stage,macro_10_end,product_current,1.3163209833510169e-05,1.9574126974402156e-06,,440.4218113275331,6.7248004729529995,10.0,PASS
A_pulse,Three-stage,macro_10_end,pi_current,8.255997381506757e-168,1.2276940282038402e-168,,9.788131905302697,6.7248004729529995,10.0,PASS
A_pulse,Three-stage,macro_10_end,pi_extent,5.551115123125783e-16,5.551115123125783e-16,,5.551115123125784e-16,1.0,10.0,PASS
A_pulse,Three-stage,macro_10_end,gdp_current,1.4703061627933738e-05,2.1863937357054876e-06,,443.51944745972946,6.7248004729529995,10.0,PASS
A_pulse,Three-stage,macro_10_end,gdp_extent,2.3335794140377786e-06,2.3335794140377786e-06,,2.3336522369813365e-06,1.0,10.0,PASS
A_pulse,Three-stage,macro_10_end,bound_pi,8.255997381506787e-171,8.255997381506787e-171,,9.788131905302698,1.0,10.0,PASS
A_pulse,Three-stage,macro_10_end,bound_gdp,2.3335794130274106e-06,2.3335794130274106e-06,,446.6170835919476,1.0,10.0,PASS
A_pulse,Three-stage,macro_10_end,bound_gtp,2.3497838701207027e-170,2.3497838701207027e-170,,9.788131406290164,1.0,10.0,PASS
A_pulse,Three-stage,macro_10_end,tu_bound,2.3335794130274106e-06,2.3335794130274106e-06,,446.6170835919476,1.0,10.0,PASS
A_pulse,Three-stage,macro_10_end,phosphate_unreleased,3.1753836082713815e-170,3.1753836082713815e-170,,9.788131536033418,1.0,10.0,PASS
A_pulse,Three-stage,macro_10_end,unfinished,2.11360058525261e-06,2.11360058525261e-06,,443.4977640068041,1.0,10.0,PASS
A_pulse,Three-stage,10_100,product_extent,2.1136005857735896e-06,2.1136005857735896e-06,,2.113667008915147e-06,1.0,10.0,PASS
A_pulse,Three-stage,10_100,product_current,1.3163209833510169e-05,1.9574126974402156e-06,,440.4218113275331,6.7248004729529995,10.0,PASS
A_pulse,Three-stage,10_100,pi_current,8.255997381506757e-168,1.2276940282038402e-168,,9.788131905302697,6.7248004729529995,10.0,PASS
A_pulse,Three-stage,10_100,pi_extent,5.551115123125783e-16,5.551115123125783e-16,,5.551115123125784e-16,1.0,10.0,PASS
A_pulse,Three-stage,10_100,gdp_current,1.4703061627933738e-05,2.1863937357054876e-06,,443.51944745972946,6.7248004729529995,10.0,PASS
A_pulse,Three-stage,10_100,gdp_extent,2.3335794140377786e-06,2.3335794140377786e-06,,2.3336522369813365e-06,1.0,10.0,PASS
A_pulse,Three-stage,10_100,bound_pi,8.255997381506787e-171,8.255997381506787e-171,,9.788131905302698,1.0,10.0,PASS
A_pulse,Three-stage,10_100,bound_gdp,2.3335794130274106e-06,2.3335794130274106e-06,,446.6170835919476,1.0,10.0,PASS
A_pulse,Three-stage,10_100,bound_gtp,2.3497838701207027e-170,2.3497838701207027e-170,,9.788131406290164,1.0,10.0,PASS
A_pulse,Three-stage,10_100,tu_bound,2.3335794130274106e-06,2.3335794130274106e-06,,446.6170835919476,1.0,10.0,PASS
A_pulse,Three-stage,10_100,phosphate_unreleased,3.1753836082713815e-170,3.1753836082713815e-170,,9.788131536033418,1.0,10.0,PASS
A_pulse,Three-stage,10_100,unfinished,2.11360058525261e-06,2.11360058525261e-06,,443.4977640068041,1.0,10.0,PASS
A_pulse,Three-stage,100_1000,product_extent,4.440892098500626e-16,4.440892098500626e-16,,4.4408920985006193e-16,1.0,100.0,PASS
A_pulse,Three-stage,100_1000,product_current,3.7855795273869555e-17,5.629281556549482e-18,,0.5561600456615868,6.7248004729529995,100.0,PASS
A_pulse,Three-stage,100_1000,pi_current,6.11898076339622e-272,9.099126119810732e-273,,0.9993081249801418,6.7248004729529995,100.0,PASS
A_pulse,Three-stage,100_1000,pi_extent,5.551115123125783e-16,5.551115123125783e-16,,5.551115123125784e-16,1.0,100.0,PASS
A_pulse,Three-stage,100_1000,gdp_current,3.737933068605419e-17,5.5584297015789605e-18,,0.5530312645131976,6.7248004729529995,100.0,PASS
A_pulse,Three-stage,100_1000,gdp_extent,1.1102230246251565e-15,1.1102230246251565e-15,,1.1102230246251542e-15,1.0,100.0,PASS
A_pulse,Three-stage,100_1000,bound_pi,6.11898076339622e-275,6.11898076339622e-275,,0.9993081249801418,1.0,100.0,PASS
A_pulse,Three-stage,100_1000,bound_gdp,5.309693809307586e-18,5.309693809307586e-18,,0.5499024833647901,1.0,100.0,PASS
A_pulse,Three-stage,100_1000,bound_gtp,1.7415560634240736e-274,1.7415560634240736e-274,,0.9993081249801403,1.0,100.0,PASS
A_pulse,Three-stage,100_1000,tu_bound,5.309693809307586e-18,5.309693809307586e-18,,0.5499024833647901,1.0,100.0,PASS
A_pulse,Three-stage,100_1000,phosphate_unreleased,2.3534541397636957e-274,2.3534541397636957e-274,,0.9993081249801408,1.0,100.0,PASS
A_pulse,Three-stage,100_1000,unfinished,5.377760178995897e-18,5.377760178995897e-18,,0.5530531659812363,1.0,100.0,PASS
A_pulse,Three-stage,V1_transient,product_extent,0.0058498203728720236,0.0058498203728720236,,52.969856179325504,1.0,0.095,PASS
A_pulse,Three-stage,V1_transient,product_current,0.9591586704175112,0.14263005635263476,,39.50150330611476,6.7248004729529995,0.02,FAIL
A_pulse,Three-stage,V1_transient,pi_current,5.950070658400364e-09,8.847951225216893e-10,,6.819105923117362e-09,6.7248004729529995,0.025,PASS
A_pulse,Three-stage,V1_transient,pi_extent,5.6880056220620645e-12,5.6880056220620645e-12,,4.829590792386127e-10,1.0,0.046,PASS
A_pulse,Three-stage,V1_transient,gdp_current,0.04104385482089157,0.006103356521278074,,0.006950133302657059,6.7248004729529995,0.08700000000000001,PASS
A_pulse,Three-stage,V1_transient,gdp_extent,0.001251640407887944,0.001251640407887944,,0.006950456568672173,1.0,0.25,PASS
A_pulse,Three-stage,V1_transient,bound_pi,5.950073767024833e-12,5.950073767024833e-12,,6.819105905448143e-09,1.0,0.025,PASS
A_pulse,Three-stage,V1_transient,bound_gdp,0.0012516404080211707,0.0012516404080211707,,0.0015690204404744505,1.0,0.25,PASS
A_pulse,Three-stage,V1_transient,bound_gtp,6.553563247635452e-12,6.553563247635452e-12,,6.819105681588111e-09,1.0,0.046,PASS
A_pulse,Three-stage,V1_transient,tu_bound,0.001251640407887833,0.001251640407887833,,0.0015688957086412198,1.0,0.25,PASS
A_pulse,Three-stage,V1_transient,phosphate_unreleased,5.6897264677502335e-12,5.6897264677502335e-12,,6.81910573979172e-09,1.0,0.046,PASS
A_pulse,Three-stage,V1_transient,unfinished,0.00584982037287296,0.00584982037287296,,0.006249035035835568,1.0,0.095,PASS
A_pulse,Three-stage,V1_post,product_extent,0.004320094209063707,0.004320094209063707,,0.021518416072074695,1.0,0.255,PASS
A_pulse,Three-stage,V1_post,product_current,0.06874367193121156,0.010222410643661042,,0.05983853067435127,6.7248004729529995,0.255,FAIL
A_pulse,Three-stage,V1_post,pi_current,1.5245235825969098e-10,2.2670168263408116e-11,,0.03279608613410472,6.7248004729529995,0.405,PASS
A_pulse,Three-stage,V1_post,pi_extent,5.860867346996201e-13,5.860867346996201e-13,,5.860868601146224e-13,1.0,0.405,PASS
A_pulse,Three-stage,V1_post,gdp_current,0.02975945376187905,0.0044253288824807405,,0.06730969856430125,6.7248004729529995,0.255,PASS
A_pulse,Three-stage,V1_post,gdp_extent,0.002565151318202341,0.002565151318202341,,0.006173288276703007,1.0,0.995,PASS
A_pulse,Three-stage,V1_post,bound_pi,1.524523582586322e-13,1.524523582586322e-13,,0.032796086134104674,1.0,0.405,PASS
A_pulse,Three-stage,V1_post,bound_gdp,0.002565151318202008,0.002565151318202008,,0.07478086645425121,1.0,0.995,PASS
A_pulse,Three-stage,V1_post,bound_gtp,4.339028658211746e-13,4.339028658211746e-13,,0.03279608613410586,1.0,0.405,PASS
A_pulse,Three-stage,V1_post,tu_bound,0.002565151318202008,0.002565151318202008,,0.07478086645425121,1.0,0.995,PASS
A_pulse,Three-stage,V1_post,phosphate_unreleased,5.863552240798068e-13,5.863552240798068e-13,,0.03279608613410552,1.0,0.405,PASS
A_pulse,Three-stage,V1_post,unfinished,0.004320094209063652,0.004320094209063652,,0.06725740038907142,1.0,0.255,PASS
B_constant,Full,early_0_10,product_extent,0.0,0.0,,0.0,0.1487032967032967,0.0,PASS
B_constant,Full,early_0_10,product_current,0.0,0.0,,0.0,1.0,0.0,PASS
B_constant,Full,early_0_10,pi_current,0.0,0.0,,0.0,1.0,0.0,PASS
B_constant,Full,early_0_10,pi_extent,0.0,0.0,,0.0,0.1487032967032967,0.0,PASS
B_constant,Full,early_0_10,gdp_current,0.0,0.0,,0.0,1.0,0.0,PASS
B_constant,Full,early_0_10,gdp_extent,0.0,0.0,,0.0,0.1487032967032967,0.0,PASS
B_constant,Full,early_0_10,bound_pi,0.0,0.0,,0.0,0.1487032967032967,0.0,PASS
B_constant,Full,early_0_10,bound_gdp,0.0,0.0,,0.0,0.1487032967032967,0.0,PASS
B_constant,Full,early_0_10,bound_gtp,0.0,0.0,,0.0,0.1487032967032967,0.0,PASS
B_constant,Full,early_0_10,tu_bound,0.0,0.0,,0.0,0.1487032967032967,0.0,PASS
B_constant,Full,early_0_10,phosphate_unreleased,0.0,0.0,,0.0,0.1487032967032967,0.0,PASS
B_constant,Full,early_0_10,unfinished,0.0,0.0,,0.0,0.1487032967032967,0.0,PASS
B_constant,Full,late_5_10,product_extent,0.0,0.0,,0.0,0.1487032967032967,5.0,PASS
B_constant,Full,late_5_10,product_current,0.0,0.0,,0.0,1.0,5.0,PASS
B_constant,Full,late_5_10,pi_current,0.0,0.0,,0.0,1.0,5.0,PASS
B_constant,Full,late_5_10,pi_extent,0.0,0.0,,0.0,0.1487032967032967,5.0,PASS
B_constant,Full,late_5_10,gdp_current,0.0,0.0,,0.0,1.0,5.0,PASS
B_constant,Full,late_5_10,gdp_extent,0.0,0.0,,0.0,0.1487032967032967,5.0,PASS
B_constant,Full,late_5_10,bound_pi,0.0,0.0,,0.0,0.1487032967032967,5.0,PASS
B_constant,Full,late_5_10,bound_gdp,0.0,0.0,,0.0,0.1487032967032967,5.0,PASS
B_constant,Full,late_5_10,bound_gtp,0.0,0.0,,0.0,0.1487032967032967,5.0,PASS
B_constant,Full,late_5_10,tu_bound,0.0,0.0,,0.0,0.1487032967032967,5.0,PASS
B_constant,Full,late_5_10,phosphate_unreleased,0.0,0.0,,0.0,0.1487032967032967,5.0,PASS
B_constant,Full,late_5_10,unfinished,0.0,0.0,,0.0,0.1487032967032967,5.0,PASS
B_constant,Full,macro_10_end,product_extent,0.0,0.0,,0.0,0.1487032967032967,10.0,PASS
B_constant,Full,macro_10_end,product_current,0.0,0.0,,0.0,1.0,10.0,PASS
B_constant,Full,macro_10_end,pi_current,0.0,0.0,,0.0,1.0,10.0,PASS
B_constant,Full,macro_10_end,pi_extent,0.0,0.0,,0.0,0.1487032967032967,10.0,PASS
B_constant,Full,macro_10_end,gdp_current,0.0,0.0,,0.0,1.0,10.0,PASS
B_constant,Full,macro_10_end,gdp_extent,0.0,0.0,,0.0,0.1487032967032967,10.0,PASS
B_constant,Full,macro_10_end,bound_pi,0.0,0.0,,0.0,0.1487032967032967,10.0,PASS
B_constant,Full,macro_10_end,bound_gdp,0.0,0.0,,0.0,0.1487032967032967,10.0,PASS
B_constant,Full,macro_10_end,bound_gtp,0.0,0.0,,0.0,0.1487032967032967,10.0,PASS
B_constant,Full,macro_10_end,tu_bound,0.0,0.0,,0.0,0.1487032967032967,10.0,PASS
B_constant,Full,macro_10_end,phosphate_unreleased,0.0,0.0,,0.0,0.1487032967032967,10.0,PASS
B_constant,Full,macro_10_end,unfinished,0.0,0.0,,0.0,0.1487032967032967,10.0,PASS
B_constant,Full,10_100,product_extent,0.0,0.0,,0.0,0.1487032967032967,10.0,PASS
B_constant,Full,10_100,product_current,0.0,0.0,,0.0,1.0,10.0,PASS
B_constant,Full,10_100,pi_current,0.0,0.0,,0.0,1.0,10.0,PASS
B_constant,Full,10_100,pi_extent,0.0,0.0,,0.0,0.1487032967032967,10.0,PASS
B_constant,Full,10_100,gdp_current,0.0,0.0,,0.0,1.0,10.0,PASS
B_constant,Full,10_100,gdp_extent,0.0,0.0,,0.0,0.1487032967032967,10.0,PASS
B_constant,Full,10_100,bound_pi,0.0,0.0,,0.0,0.1487032967032967,10.0,PASS
B_constant,Full,10_100,bound_gdp,0.0,0.0,,0.0,0.1487032967032967,10.0,PASS
B_constant,Full,10_100,bound_gtp,0.0,0.0,,0.0,0.1487032967032967,10.0,PASS
B_constant,Full,10_100,tu_bound,0.0,0.0,,0.0,0.1487032967032967,10.0,PASS
B_constant,Full,10_100,phosphate_unreleased,0.0,0.0,,0.0,0.1487032967032967,10.0,PASS
B_constant,Full,10_100,unfinished,0.0,0.0,,0.0,0.1487032967032967,10.0,PASS
B_constant,Full,100_1000,product_extent,0.0,0.0,,0.0,0.1487032967032967,100.0,PASS
B_constant,Full,100_1000,product_current,0.0,0.0,,0.0,1.0,100.0,PASS
B_constant,Full,100_1000,pi_current,0.0,0.0,,0.0,1.0,100.0,PASS
B_constant,Full,100_1000,pi_extent,0.0,0.0,,0.0,0.1487032967032967,100.0,PASS
B_constant,Full,100_1000,gdp_current,0.0,0.0,,0.0,1.0,100.0,PASS
B_constant,Full,100_1000,gdp_extent,0.0,0.0,,0.0,0.1487032967032967,100.0,PASS
B_constant,Full,100_1000,bound_pi,0.0,0.0,,0.0,0.1487032967032967,100.0,PASS
B_constant,Full,100_1000,bound_gdp,0.0,0.0,,0.0,0.1487032967032967,100.0,PASS
B_constant,Full,100_1000,bound_gtp,0.0,0.0,,0.0,0.1487032967032967,100.0,PASS
B_constant,Full,100_1000,tu_bound,0.0,0.0,,0.0,0.1487032967032967,100.0,PASS
B_constant,Full,100_1000,phosphate_unreleased,0.0,0.0,,0.0,0.1487032967032967,100.0,PASS
B_constant,Full,100_1000,unfinished,0.0,0.0,,0.0,0.1487032967032967,100.0,PASS
B_constant,Full,1000_10000,product_extent,0.0,0.0,,0.0,0.1487032967032967,999.9999999999999,PASS
B_constant,Full,1000_10000,product_current,0.0,0.0,,0.0,1.0,999.9999999999999,PASS
B_constant,Full,1000_10000,pi_current,0.0,0.0,,0.0,1.0,999.9999999999999,PASS
B_constant,Full,1000_10000,pi_extent,0.0,0.0,,0.0,0.1487032967032967,999.9999999999999,PASS
B_constant,Full,1000_10000,gdp_current,0.0,0.0,,0.0,1.0,999.9999999999999,PASS
B_constant,Full,1000_10000,gdp_extent,0.0,0.0,,0.0,0.1487032967032967,999.9999999999999,PASS
B_constant,Full,1000_10000,bound_pi,0.0,0.0,,0.0,0.1487032967032967,999.9999999999999,PASS
B_constant,Full,1000_10000,bound_gdp,0.0,0.0,,0.0,0.1487032967032967,999.9999999999999,PASS
B_constant,Full,1000_10000,bound_gtp,0.0,0.0,,0.0,0.1487032967032967,999.9999999999999,PASS
B_constant,Full,1000_10000,tu_bound,0.0,0.0,,0.0,0.1487032967032967,999.9999999999999,PASS
B_constant,Full,1000_10000,phosphate_unreleased,0.0,0.0,,0.0,0.1487032967032967,999.9999999999999,PASS
B_constant,Full,1000_10000,unfinished,0.0,0.0,,0.0,0.1487032967032967,999.9999999999999,PASS
B_constant,Full,V1_transient,product_extent,0.0,0.0,,0.0,0.1487032967032967,0.0,PASS
B_constant,Full,V1_transient,product_current,0.0,0.0,,0.0,1.0,0.0,PASS
B_constant,Full,V1_transient,pi_current,0.0,0.0,,0.0,1.0,0.0,PASS
B_constant,Full,V1_transient,pi_extent,0.0,0.0,,0.0,0.1487032967032967,0.0,PASS
B_constant,Full,V1_transient,gdp_current,0.0,0.0,,0.0,1.0,0.0,PASS
B_constant,Full,V1_transient,gdp_extent,0.0,0.0,,0.0,0.1487032967032967,0.0,PASS
B_constant,Full,V1_transient,bound_pi,0.0,0.0,,0.0,0.1487032967032967,0.0,PASS
B_constant,Full,V1_transient,bound_gdp,0.0,0.0,,0.0,0.1487032967032967,0.0,PASS
B_constant,Full,V1_transient,bound_gtp,0.0,0.0,,0.0,0.1487032967032967,0.0,PASS
B_constant,Full,V1_transient,tu_bound,0.0,0.0,,0.0,0.1487032967032967,0.0,PASS
B_constant,Full,V1_transient,phosphate_unreleased,0.0,0.0,,0.0,0.1487032967032967,0.0,PASS
B_constant,Full,V1_transient,unfinished,0.0,0.0,,0.0,0.1487032967032967,0.0,PASS
B_constant,Full,V1_post,product_extent,0.0,0.0,,0.0,0.1487032967032967,0.255,PASS
B_constant,Full,V1_post,product_current,0.0,0.0,,0.0,1.0,0.255,PASS
B_constant,Full,V1_post,pi_current,0.0,0.0,,0.0,1.0,0.255,PASS
B_constant,Full,V1_post,pi_extent,0.0,0.0,,0.0,0.1487032967032967,0.255,PASS
B_constant,Full,V1_post,gdp_current,0.0,0.0,,0.0,1.0,0.255,PASS
B_constant,Full,V1_post,gdp_extent,0.0,0.0,,0.0,0.1487032967032967,0.255,PASS
B_constant,Full,V1_post,bound_pi,0.0,0.0,,0.0,0.1487032967032967,0.255,PASS
B_constant,Full,V1_post,bound_gdp,0.0,0.0,,0.0,0.1487032967032967,0.255,PASS
B_constant,Full,V1_post,bound_gtp,0.0,0.0,,0.0,0.1487032967032967,0.255,PASS
B_constant,Full,V1_post,tu_bound,0.0,0.0,,0.0,0.1487032967032967,0.255,PASS
B_constant,Full,V1_post,phosphate_unreleased,0.0,0.0,,0.0,0.1487032967032967,0.255,PASS
B_constant,Full,V1_post,unfinished,0.0,0.0,,0.0,0.1487032967032967,0.255,PASS
B_constant,Direct,early_0_10,product_extent,0.0021288085514519564,0.014315812753630508,,555623.3585442579,0.1487032967032967,1.01,FAIL
B_constant,Direct,early_0_10,product_current,0.03355566396108222,0.03355566396108222,,223150.05578601616,1.0,0.0845,FAIL
B_constant,Direct,early_0_10,pi_current,0.8770057698362813,0.8770057698362813,,0.9501525336386473,1.0,0.105,FAIL
B_constant,Direct,early_0_10,pi_extent,0.14385039173595882,0.9673651823804501,,0.9470359446322265,0.1487032967032967,10.0,FAIL
B_constant,Direct,early_0_10,gdp_current,0.02741079352558943,0.02741079352558943,,4103.436607117451,1.0,0.079,FAIL
B_constant,Direct,early_0_10,gdp_extent,0.0015274617531326404,0.010271875519883998,,8173.455818101977,0.1487032967032967,0.84,FAIL
B_constant,Direct,early_0_10,bound_pi,0.001,0.006724800472953,,1.0,0.1487032967032967,0.9550000000000001,PASS
B_constant,Direct,early_0_10,bound_gdp,0.14385268491949996,0.9673806035822122,,1.0,0.1487032967032967,10.0,FAIL
B_constant,Direct,early_0_10,bound_gtp,0.14485039173595915,0.9740899828534054,,37.66110185134938,0.1487032967032967,10.0,FAIL
B_constant,Direct,early_0_10,tu_bound,0.001527461753132689,0.010271875519884325,,0.024985640833753424,0.1487032967032967,0.84,FAIL
B_constant,Direct,early_0_10,phosphate_unreleased,0.14385039173595918,0.9673651823804525,,29.683414167737606,0.1487032967032967,10.0,FAIL
B_constant,Direct,early_0_10,unfinished,0.002128808551452019,0.014315812753630927,,0.03057194096345572,0.1487032967032967,1.01,FAIL
B_constant,Direct,late_5_10,product_extent,0.00018439321785845841,0.0012400075986638867,,0.00030957639160527847,0.1487032967032967,5.0,PASS
B_constant,Direct,late_5_10,product_current,0.0010150150014082149,0.0010150150014082149,,0.0010208572983121391,1.0,5.0,PASS
B_constant,Direct,late_5_10,pi_current,0.0067379470053070545,0.0067379470053070545,,0.0067379470053070545,1.0,5.0,PASS
B_constant,Direct,late_5_10,pi_extent,0.14385039173595882,0.9673651823804501,,0.19339505349862682,0.1487032967032967,10.0,FAIL
B_constant,Direct,late_5_10,gdp_current,0.0010550755254353783,0.0010550755254353783,,0.001061105652485016,1.0,5.0,PASS
B_constant,Direct,late_5_10,gdp_extent,0.0009977068164590541,0.006709379271192279,,0.0013574419700690774,0.1487032967032967,10.0,PASS
B_constant,Direct,late_5_10,bound_pi,0.001,0.006724800472953,,1.0,0.1487032967032967,5.0,PASS
B_constant,Direct,late_5_10,bound_gdp,0.14385268491949996,0.9673806035822122,,1.0,0.1487032967032967,10.0,FAIL
B_constant,Direct,late_5_10,bound_gtp,0.14485039173595915,0.9740899828534054,,37.66110185134938,0.1487032967032967,10.0,FAIL
B_constant,Direct,late_5_10,tu_bound,0.0009977068164592207,0.006709379271193399,,0.006755007857862926,0.1487032967032967,10.0,PASS
B_constant,Direct,late_5_10,phosphate_unreleased,0.14385039173595918,0.9673651823804525,,29.683414167737606,0.1487032967032967,10.0,FAIL
B_constant,Direct,late_5_10,unfinished,0.00018439321785854168,0.0012400075986644466,,0.001246862774647859,0.1487032967032967,5.0,PASS
B_constant,Direct,macro_10_end,product_extent,2.261757999555414e-06,1.5209871265115477e-05,,1.6899800271663712e-06,0.1487032967032967,10.0,PASS
B_constant,Direct,macro_10_end,product_current,1.3974400632887907e-05,1.3974400632887907e-05,,1.3974839799807119e-05,1.0,10.0,PASS
B_constant,Direct,macro_10_end,pi_current,4.539994292906968e-05,4.539994292906968e-05,,4.539994292906968e-05,1.0,10.0,PASS
B_constant,Direct,macro_10_end,pi_extent,0.14385714285776885,0.9674105823275913,,0.09705280768668399,0.1487032967032967,6165.9500186148225,FAIL
B_constant,Direct,macro_10_end,gdp_current,1.4194379428733583e-05,1.4194379428733583e-05,,1.4194822386164931e-05,1.0,10.0,PASS
B_constant,Direct,macro_10_end,gdp_extent,0.0010000000004311005,0.006724800475852065,,0.0007449274944929387,0.1487032967032967,6165.9500186148225,PASS
B_constant,Direct,macro_10_end,bound_pi,0.001,0.006724800472953,,1.0,0.1487032967032967,10.0,PASS
B_constant,Direct,macro_10_end,bound_gdp,0.14385714285716367,0.9674105823235215,,1.0,0.1487032967032967,33.11311214825911,FAIL
B_constant,Direct,macro_10_end,bound_gtp,0.1448571428571741,0.9741353827965447,,37.66285714286526,0.1487032967032967,30.90295432513591,FAIL
B_constant,Direct,macro_10_end,tu_bound,0.0010000000000323084,0.006724800473170267,,0.006770329588791588,0.1487032967032967,30.199517204020164,PASS
B_constant,Direct,macro_10_end,phosphate_unreleased,0.1438571428571741,0.9674105823235917,,29.684807256242273,0.1487032967032967,30.90295432513591,FAIL
B_constant,Direct,macro_10_end,unfinished,2.2617579984729463e-06,1.52098712578361e-05,,1.5210330458802795e-05,0.1487032967032967,10.0,PASS
B_constant,Direct,10_100,product_extent,2.261757999555414e-06,1.5209871265115477e-05,,1.6899800271663712e-06,0.1487032967032967,10.0,PASS
B_constant,Direct,10_100,product_current,1.3974400632887907e-05,1.3974400632887907e-05,,1.3974839799807119e-05,1.0,10.0,PASS
B_constant,Direct,10_100,pi_current,4.539994292906968e-05,4.539994292906968e-05,,4.539994292906968e-05,1.0,10.0,PASS
B_constant,Direct,10_100,pi_extent,0.14385714285717377,0.9674105823235895,,0.09705280768668399,0.1487032967032967,30.90295432513591,FAIL
B_constant,Direct,10_100,gdp_current,1.4194379428733583e-05,1.4194379428733583e-05,,1.4194822386164931e-05,1.0,10.0,PASS
B_constant,Direct,10_100,gdp_extent,0.0010000000000314202,0.006724800473164295,,0.0007449274944929387,0.1487032967032967,30.199517204020164,PASS
B_constant,Direct,10_100,bound_pi,0.001,0.006724800472953,,1.0,0.1487032967032967,10.0,PASS
B_constant,Direct,10_100,bound_gdp,0.14385714285716367,0.9674105823235215,,1.0,0.1487032967032967,33.11311214825911,FAIL
B_constant,Direct,10_100,bound_gtp,0.1448571428571741,0.9741353827965447,,37.66285714286526,0.1487032967032967,30.90295432513591,FAIL
B_constant,Direct,10_100,tu_bound,0.0010000000000323084,0.006724800473170267,,0.006770329588791588,0.1487032967032967,30.199517204020164,PASS
B_constant,Direct,10_100,phosphate_unreleased,0.1438571428571741,0.9674105823235917,,29.684807256242273,0.1487032967032967,30.90295432513591,FAIL
B_constant,Direct,10_100,unfinished,2.2617579984729463e-06,1.52098712578361e-05,,1.5210330458802795e-05,0.1487032967032967,10.0,PASS
B_constant,Direct,100_1000,product_extent,5.684341886080802e-14,3.822606500394272e-13,,8.3797200941396965e-16,0.1487032967032967,501.18723362727246,PASS
B_constant,Direct,100_1000,product_current,3.3306690738754696e-15,3.3306690738754696e-15,,3.330669073875474e-15,1.0,112.20184543019631,PASS
B_constant,Direct,100_1000,pi_current,2.220446049250313e-15,2.220446049250313e-15,,2.220446049250313e-15,1.0,117.48975549395303,PASS
B_constant,Direct,100_1000,pi_extent,0.14385714285720042,0.9674105823237686,,0.009677259585779687,0.1487032967032967,933.2543007969905,FAIL
B_constant,Direct,100_1000,gdp_current,3.4416913763379853e-15,3.4416913763379853e-15,,3.4416913763379904e-15,1.0,112.20184543019631,PASS
B_constant,Direct,100_1000,gdp_extent,0.00100000000009004,0.006724800473558501,,6.792266370279127e-05,0.1487032967032967,977.2372209558113,PASS
B_constant,Direct,100_1000,bound_pi,0.001,0.006724800472953,,1.0,0.1487032967032967,100.0,PASS
B_constant,Direct,100_1000,bound_gdp,0.14385714285714296,0.9674105823233823,,1.0,0.1487032967032967,223.872113856834,FAIL
B_constant,Direct,100_1000,bound_gtp,0.14485714285714318,0.9741353827963367,,37.66285714285723,0.1487032967032967,117.48975549395303,FAIL
B_constant,Direct,100_1000,tu_bound,0.0010000000000005005,0.0067248004729563654,,0.006770329588575677,0.1487032967032967,112.20184543019631,PASS
B_constant,Direct,100_1000,phosphate_unreleased,0.1438571428571432,0.967410582323384,,29.6848072562359,0.1487032967032967,123.02687708123811,FAIL
B_constant,Direct,100_1000,unfinished,4.996003610813204e-16,3.3597127444871535e-15,,3.359712744487158e-15,0.1487032967032967,112.20184543019631,PASS
B_constant,Direct,1000_10000,product_extent,5.684341886080801e-13,3.822606500394272e-12,,8.215857119400918e-16,0.1487032967032967,6165.9500186148225,PASS
B_constant,Direct,1000_10000,product_current,2.220446049250313e-16,2.220446049250313e-16,,2.2204460492503136e-16,1.0,1584.893192461114,PASS
B_constant,Direct,1000_10000,pi_current,0.0,0.0,,0.0,1.0,999.9999999999999,PASS
B_constant,Direct,1000_10000,pi_extent,0.14385714285776885,0.9674105823275913,,0.0009674421106986011,0.1487032967032967,6165.9500186148225,FAIL
B_constant,Direct,1000_10000,gdp_current,0.0,0.0,,0.0,1.0,999.9999999999999,PASS
B_constant,Direct,1000_10000,gdp_extent,0.0010000000004311005,0.006724800475852065,,6.7314866919633144e-06,0.1487032967032967,6165.9500186148225,PASS
B_constant,Direct,1000_10000,bound_pi,0.001,0.006724800472953,,1.0,0.1487032967032967,999.9999999999999,PASS
B_constant,Direct,1000_10000,bound_gdp,0.14385714285714285,0.9674105823233815,,1.0,0.1487032967032967,999.9999999999999,FAIL
B_constant,Direct,1000_10000,bound_gtp,0.14485714285714285,0.9741353827963345,,37.66285714285714,0.1487032967032967,999.9999999999999,FAIL
B_constant,Direct,1000_10000,tu_bound,0.0010000000000000286,0.006724800472953193,,0.006770329588572474,0.1487032967032967,999.9999999999999,PASS
B_constant,Direct,1000_10000,phosphate_unreleased,0.14385714285714288,0.9674105823233817,,29.684807256235832,0.1487032967032967,999.9999999999999,FAIL
B_constant,Direct,1000_10000,unfinished,2.7755575615628914e-17,1.8665070802706406e-16,,1.866507080270641e-16,0.1487032967032967,999.9999999999999,PASS
B_constant,Direct,V1_transient,product_extent,0.001037317270216344,0.0069757516693531845,,555623.3585442579,0.1487032967032967,0.25,PASS
B_constant,Direct,V1_transient,product_current,0.03355566396108222,0.03355566396108222,,223150.05578601616,1.0,0.0845,FAIL
B_constant,Direct,V1_transient,pi_current,0.8770057698362813,0.8770057698362813,,0.9501525336386473,1.0,0.105,FAIL
B_constant,Direct,V1_transient,pi_extent,0.028047228571278605,0.18861201596115526,,0.9470359446322265,0.1487032967032967,0.25,FAIL
B_constant,Direct,V1_transient,gdp_current,0.02741079352558943,0.02741079352558943,,4103.436607117451,1.0,0.079,FAIL
B_constant,Direct,V1_transient,gdp_extent,0.0008407246386098887,0.005653705447347019,,8173.455818101977,0.1487032967032967,0.25,PASS
B_constant,Direct,V1_transient,bound_pi,0.0009999142957382613,0.006724224128893125,,1.0,0.1487032967032967,0.25,PASS
B_constant,Direct,V1_transient,bound_gdp,0.02988786750562678,0.20098994553739555,,1.0,0.1487032967032967,0.25,FAIL
B_constant,Direct,V1_transient,bound_gtp,0.029047142867016887,0.19533624009004852,,7.552736148664429,0.1487032967032967,0.25,FAIL
B_constant,Direct,V1_transient,tu_bound,0.0008407246386098952,0.005653705447347063,,0.024985640833753424,0.1487032967032967,0.25,PASS
B_constant,Direct,V1_transient,phosphate_unreleased,0.028047228571278622,0.18861201596115537,,5.787917045785599,0.1487032967032967,0.25,FAIL
B_constant,Direct,V1_transient,unfinished,0.0010373172702163522,0.00697575166935324,,0.03057194096345572,0.1487032967032967,0.25,PASS
B_constant,Direct,V1_post,product_extent,0.0021288085514519564,0.014315812753630508,,0.31106740452725756,0.1487032967032967,1.01,FAIL
B_constant,Direct,V1_post,product_current,0.02432085321565,0.02432085321565,,0.12114232083601847,1.0,0.255,FAIL
B_constant,Direct,V1_post,pi_current,0.7748458585563599,0.7748458585563599,,0.7749005970731743,1.0,0.255,FAIL
B_constant,Direct,V1_post,pi_extent,0.14385039173595882,0.9673651823804501,,0.8654908777627943,0.1487032967032967,10.0,FAIL
B_constant,Direct,V1_post,gdp_current,0.018726859967997833,0.018726859967997833,,0.0907499743165634,1.0,0.255,FAIL
B_constant,Direct,V1_post,gdp_extent,0.0015274617531326404,0.010271875519883998,,0.2378292602594923,0.1487032967032967,0.84,FAIL
B_constant,Direct,V1_post,bound_pi,0.001,0.006724800472953,,1.0,0.1487032967032967,0.9550000000000001,PASS
B_constant,Direct,V1_post,bound_gdp,0.14385268491949996,0.9673806035822122,,1.0,0.1487032967032967,10.0,FAIL
B_constant,Direct,V1_post,bound_gtp,0.14485039173595915,0.9740899828534054,,37.66110185134938,0.1487032967032967,10.0,FAIL
B_constant,Direct,V1_post,tu_bound,0.001527461753132689,0.010271875519884325,,0.024901198652112943,0.1487032967032967,0.84,FAIL
B_constant,Direct,V1_post,phosphate_unreleased,0.14385039173595918,0.9673651823804525,,29.683414167737606,0.1487032967032967,10.0,FAIL
B_constant,Direct,V1_post,unfinished,0.002128808551452019,0.014315812753630927,,0.030571200450790675,0.1487032967032967,1.01,FAIL
B_constant,Two-stage,early_0_10,product_extent,0.00037672041670930995,0.002533369636457819,,2924.9539418491145,0.1487032967032967,0.98,PASS
B_constant,Two-stage,early_0_10,product_current,0.007063541451371575,0.007063541451371575,,1759.6260146016232,1.0,0.064,PASS
B_constant,Two-stage,early_0_10,pi_current,0.10337770521846687,0.10337770521846687,,20.854955506637808,1.0,0.009000000000000001,FAIL
B_constant,Two-stage,early_0_10,pi_extent,0.0003154121953480246,0.0021210840804515396,,31.611393185854077,0.1487032967032967,0.037,PASS
B_constant,Two-stage,early_0_10,gdp_current,0.002637115002889323,0.002637115002889323,,31.383346071657034,1.0,0.9699999999999999,PASS
B_constant,Two-stage,early_0_10,gdp_extent,0.000999632165865405,0.006722326861790707,,42.047215003518836,0.1487032967032967,10.0,PASS
B_constant,Two-stage,early_0_10,bound_pi,0.001,0.006724800472953,,1.0,0.1487032967032967,0.9550000000000001,PASS
B_constant,Two-stage,early_0_10,bound_gdp,0.0010010122321113084,0.006731607531933865,,0.20543052854009078,0.1487032967032967,0.2125,PASS
B_constant,Two-stage,early_0_10,bound_gtp,0.001,0.006724800472953,,0.26,0.1487032967032967,3.29,PASS
B_constant,Two-stage,early_0_10,tu_bound,0.0009996321658653773,0.006722326861790521,,0.006768043501353742,0.1487032967032967,10.0,PASS
B_constant,Two-stage,early_0_10,phosphate_unreleased,0.0003154121953480257,0.002121084080451547,,0.09867728928344623,0.1487032967032967,0.037,PASS
B_constant,Two-stage,early_0_10,unfinished,0.00037672041670940015,0.002533369636458425,,0.005871470104440616,0.1487032967032967,0.98,PASS
B_constant,Two-stage,late_5_10,product_extent,3.003711596161196e-05,0.0002019936116247922,,5.042908888743922e-05,0.1487032967032967,5.0,PASS
B_constant,Two-stage,late_5_10,product_current,0.00016901617448161765,0.00016901617448161765,,0.00016998901002741464,1.0,5.0,PASS
B_constant,Two-stage,late_5_10,pi_current,0.0,0.0,,0.0,1.0,5.0,PASS
B_constant,Two-stage,late_5_10,pi_extent,1.1102230246251565e-16,7.466028321082562e-16,,1.5030020565746178e-16,0.1487032967032967,5.0,PASS
B_constant,Two-stage,late_5_10,gdp_current,0.00020907669850878108,0.00020907669850878108,,0.00021027164524456713,1.0,5.0,PASS
B_constant,Two-stage,late_5_10,gdp_extent,0.000999632165865405,0.006722326861790707,,0.0016161574031715448,0.1487032967032967,10.0,PASS
B_constant,Two-stage,late_5_10,bound_pi,0.001,0.006724800472953,,1.0,0.1487032967032967,5.0,PASS
B_constant,Two-stage,late_5_10,bound_gdp,3.5760047965349706e-05,0.00024047918747020566,,0.00024999106539543833,0.1487032967032967,5.0,PASS
B_constant,Two-stage,late_5_10,bound_gtp,0.001,0.006724800472953,,0.26,0.1487032967032967,5.0,PASS
B_constant,Two-stage,late_5_10,tu_bound,0.0009996321658653773,0.006722326861790521,,0.006768043501353742,0.1487032967032967,10.0,PASS
B_constant,Two-stage,late_5_10,phosphate_unreleased,0.0,0.0,,0.0,0.1487032967032967,5.0,PASS
B_constant,Two-stage,late_5_10,unfinished,3.0037115961445426e-05,0.0002019936116236723,,0.0002031102997445328,0.1487032967032967,5.0,PASS
B_constant,Two-stage,macro_10_end,product_extent,3.364085932044958e-07,2.2622806666870465e-06,,2.513636753332971e-07,0.1487032967032967,10.0,PASS
B_constant,Two-stage,macro_10_end,product_current,2.120041062925182e-06,2.120041062925182e-06,,2.1201076884590184e-06,1.0,10.0,PASS
B_constant,Two-stage,macro_10_end,pi_current,0.0,0.0,,0.0,1.0,10.0,PASS
B_constant,Two-stage,macro_10_end,pi_extent,1.5916157281026244e-12,1.0703298201103961e-11,,1.0703333082643208e-15,0.1487032967032967,10000.0,PASS
B_constant,Two-stage,macro_10_end,gdp_current,2.3400198587708587e-06,2.3400198587708587e-06,,2.340092882687906e-06,1.0,10.0,PASS
B_constant,Two-stage,macro_10_end,gdp_extent,0.0010000000003174137,0.0067248004750875435,,0.0007463650367504795,0.1487032967032967,5011.872336272725,PASS
B_constant,Two-stage,macro_10_end,bound_pi,0.001,0.006724800472953,,1.0,0.1487032967032967,10.0,PASS
B_constant,Two-stage,macro_10_end,bound_gdp,3.6783413462360137e-07,2.473611162485052e-06,,2.557019598413763e-06,0.1487032967032967,10.0,PASS
B_constant,Two-stage,macro_10_end,bound_gtp,0.001,0.006724800472953,,0.26,0.1487032967032967,10.0,PASS
B_constant,Two-stage,macro_10_end,tu_bound,0.001000000000179052,0.00672480047415709,,0.006770329589791425,0.1487032967032967,27.542287033381662,PASS
B_constant,Two-stage,macro_10_end,phosphate_unreleased,0.0,0.0,,0.0,0.1487032967032967,10.0,PASS
B_constant,Two-stage,macro_10_end,unfinished,3.3640859231631737e-07,2.262280660714224e-06,,2.2623489611915078e-06,0.1487032967032967,10.0,PASS
B_constant,Two-stage,10_100,product_extent,3.364085932044958e-07,2.2622806666870465e-06,,2.513636753332971e-07,0.1487032967032967,10.0,PASS
B_constant,Two-stage,10_100,product_current,2.120041062925182e-06,2.120041062925182e-06,,2.1201076884590184e-06,1.0,10.0,PASS
B_constant,Two-stage,10_100,pi_current,0.0,0.0,,0.0,1.0,10.0,PASS
B_constant,Two-stage,10_100,pi_extent,7.105427357601002e-15,4.77825812549284e-14,,4.891189194465729e-16,0.1487032967032967,97.72372209558107,PASS
B_constant,Two-stage,10_100,gdp_current,2.3400198587708587e-06,2.3400198587708587e-06,,2.340092882687906e-06,1.0,10.0,PASS
B_constant,Two-stage,10_100,gdp_extent,0.0010000000001779696,0.00672480047414981,,0.0007463650367504795,0.1487032967032967,27.542287033381662,PASS
B_constant,Two-stage,10_100,bound_pi,0.001,0.006724800472953,,1.0,0.1487032967032967,10.0,PASS
B_constant,Two-stage,10_100,bound_gdp,3.6783413462360137e-07,2.473611162485052e-06,,2.557019598413763e-06,0.1487032967032967,10.0,PASS
B_constant,Two-stage,10_100,bound_gtp,0.001,0.006724800472953,,0.26,0.1487032967032967,10.0,PASS
B_constant,Two-stage,10_100,tu_bound,0.001000000000179052,0.00672480047415709,,0.006770329589791425,0.1487032967032967,27.542287033381662,PASS
B_constant,Two-stage,10_100,phosphate_unreleased,0.0,0.0,,0.0,0.1487032967032967,10.0,PASS
B_constant,Two-stage,10_100,unfinished,3.3640859231631737e-07,2.262280660714224e-06,,2.2623489611915078e-06,0.1487032967032967,10.0,PASS
B_constant,Two-stage,100_1000,product_extent,1.9895196601282805e-13,1.3379122751379952e-12,,1.6104605444724529e-15,0.1487032967032967,831.7637711026708,PASS
B_constant,Two-stage,100_1000,product_current,3.3306690738754696e-15,3.3306690738754696e-15,,3.330669073875474e-15,1.0,112.20184543019631,PASS
B_constant,Two-stage,100_1000,pi_current,0.0,0.0,,0.0,1.0,100.0,PASS
B_constant,Two-stage,100_1000,pi_extent,1.1368683772161603e-13,7.645213000788544e-13,,9.1919278357464e-16,0.1487032967032967,831.7637711026708,PASS
B_constant,Two-stage,100_1000,gdp_current,3.4416913763379853e-15,3.4416913763379853e-15,,3.4416913763379896e-15,1.0,114.8153621496883,PASS
B_constant,Two-stage,100_1000,gdp_extent,0.0010000000002321485,0.006724800474514152,,6.792266370339453e-05,0.1487032967032967,831.7637711026708,PASS
B_constant,Two-stage,100_1000,bound_pi,0.001,0.006724800472953,,1.0,0.1487032967032967,100.0,PASS
B_constant,Two-stage,100_1000,bound_gdp,4.996003610813204e-16,3.3597127444871535e-15,,3.472892281598061e-15,0.1487032967032967,114.8153621496883,PASS
B_constant,Two-stage,100_1000,bound_gtp,0.001,0.006724800472953,,0.26,0.1487032967032967,100.0,PASS
B_constant,Two-stage,100_1000,tu_bound,0.0010000000000000842,0.006724800472953566,,0.006770329588572861,0.1487032967032967,100.0,PASS
B_constant,Two-stage,100_1000,phosphate_unreleased,0.0,0.0,,0.0,0.1487032967032967,100.0,PASS
B_constant,Two-stage,100_1000,unfinished,4.996003610813204e-16,3.3597127444871535e-15,,3.3597127444871578e-15,0.1487032967032967,114.8153621496883,PASS
B_constant,Two-stage,1000_10000,product_extent,1.5916157281026244e-12,1.0703298201103961e-11,,1.070436863796777e-15,0.1487032967032967,10000.0,PASS
B_constant,Two-stage,1000_10000,product_current,2.220446049250313e-16,2.220446049250313e-16,,2.2204460492503136e-16,1.0,999.9999999999999,PASS
B_constant,Two-stage,1000_10000,pi_current,0.0,0.0,,0.0,1.0,999.9999999999999,PASS
B_constant,Two-stage,1000_10000,pi_extent,1.5916157281026244e-12,1.0703298201103961e-11,,1.0703333082643208e-15,0.1487032967032967,10000.0,PASS
B_constant,Two-stage,1000_10000,gdp_current,2.220446049250313e-16,2.220446049250313e-16,,2.220446049250313e-16,1.0,999.9999999999999,PASS
B_constant,Two-stage,1000_10000,gdp_extent,0.0010000000003174137,0.0067248004750875435,,6.731486691771994e-06,0.1487032967032967,5011.872336272725,PASS
B_constant,Two-stage,1000_10000,bound_pi,0.001,0.006724800472953,,1.0,0.1487032967032967,999.9999999999999,PASS
B_constant,Two-stage,1000_10000,bound_gdp,2.7755575615628914e-17,1.8665070802706406e-16,,1.9293846008878094e-16,0.1487032967032967,999.9999999999999,PASS
B_constant,Two-stage,1000_10000,bound_gtp,0.001,0.006724800472953,,0.26,0.1487032967032967,999.9999999999999,PASS
B_constant,Two-stage,1000_10000,tu_bound,0.0010000000000000286,0.006724800472953193,,0.006770329588572474,0.1487032967032967,999.9999999999999,PASS
B_constant,Two-stage,1000_10000,phosphate_unreleased,0.0,0.0,,0.0,0.1487032967032967,999.9999999999999,PASS
B_constant,Two-stage,1000_10000,unfinished,2.7755575615628914e-17,1.8665070802706406e-16,,1.866507080270641e-16,0.1487032967032967,999.9999999999999,PASS
B_constant,Two-stage,V1_transient,product_extent,0.00019647246875591695,0.0013212381508120338,,2924.9539418491145,0.1487032967032967,0.25,PASS
B_constant,Two-stage,V1_transient,product_current,0.007063541451371575,0.007063541451371575,,1759.6260146016232,1.0,0.064,PASS
B_constant,Two-stage,V1_transient,pi_current,0.10337770521846687,0.10337770521846687,,20.854955506637808,1.0,0.009000000000000001,FAIL
B_constant,Two-stage,V1_transient,pi_extent,0.0003154121953480246,0.0021210840804515396,,31.611393185854077,0.1487032967032967,0.037,PASS
B_constant,Two-stage,V1_transient,gdp_current,0.0020585448601446715,0.0020585448601446715,,31.383346071657034,1.0,0.0345,PASS
B_constant,Two-stage,V1_transient,gdp_extent,1.8424495590573908e-05,0.00012390105666141188,,42.047215003518836,0.1487032967032967,0.10850000000000001,PASS
B_constant,Two-stage,V1_transient,bound_pi,0.0009999142957382613,0.006724224128893125,,1.0,0.1487032967032967,0.25,PASS
B_constant,Two-stage,V1_transient,bound_gdp,0.0010010122321113084,0.006731607531933865,,0.20543052854009078,0.1487032967032967,0.2125,PASS
B_constant,Two-stage,V1_transient,bound_gtp,0.0009979853416667386,0.006711252297640645,,0.25949264615634443,0.1487032967032967,0.25,PASS
B_constant,Two-stage,V1_transient,tu_bound,1.8424495590575046e-05,0.00012390105666141953,,0.0015260209197350833,0.1487032967032967,0.10850000000000001,PASS
B_constant,Two-stage,V1_transient,phosphate_unreleased,0.0003154121953480257,0.002121084080451547,,0.09867728928344623,0.1487032967032967,0.037,PASS
B_constant,Two-stage,V1_transient,unfinished,0.00019647246875593993,0.0013212381508121884,,0.005871470104440616,0.1487032967032967,0.25,PASS
B_constant,Two-stage,V1_post,product_extent,0.00037672041670930995,0.002533369636457819,,0.05882372300538302,0.1487032967032967,0.98,PASS
B_constant,Two-stage,V1_post,product_current,0.004179203820655147,0.004179203820655147,,0.02081664017260462,1.0,0.255,PASS
B_constant,Two-stage,V1_post,pi_current,0.0003291286955472428,0.0003291286955472428,,0.0003291519466447822,1.0,0.255,PASS
B_constant,Two-stage,V1_post,pi_extent,1.6656476984344692e-06,1.1201148430205194e-05,,5.036206595306871e-05,0.1487032967032967,0.255,PASS
B_constant,Two-stage,V1_post,gdp_current,0.002637115002889323,0.002637115002889323,,0.006856040168118586,1.0,0.9699999999999999,PASS
B_constant,Two-stage,V1_post,gdp_extent,0.000999632165865405,0.006722326861790707,,0.005023339445354687,0.1487032967032967,10.0,PASS
B_constant,Two-stage,V1_post,bound_pi,0.001,0.006724800472953,,1.0,0.1487032967032967,0.9550000000000001,PASS
B_constant,Two-stage,V1_post,bound_gdp,0.0009971002832366467,0.006705300456291372,,0.03271385456349408,0.1487032967032967,0.255,PASS
B_constant,Two-stage,V1_post,bound_gtp,0.001,0.006724800472953,,0.26,0.1487032967032967,3.29,PASS
B_constant,Two-stage,V1_post,tu_bound,0.0009996321658653773,0.006722326861790521,,0.006768043501353742,0.1487032967032967,10.0,PASS
B_constant,Two-stage,V1_post,phosphate_unreleased,1.6656476984223262e-06,1.1201148430123535e-05,,0.0003437243508518264,0.1487032967032967,0.255,PASS
B_constant,Two-stage,V1_post,unfinished,0.00037672041670940015,0.002533369636458425,,0.005781100176639907,0.1487032967032967,0.98,PASS
B_constant,Three-stage,early_0_10,product_extent,0.00036644217929079903,0.0024642505406046933,,66.50063140352944,0.1487032967032967,1.0050000000000001,PASS
B_constant,Three-stage,early_0_10,product_current,0.005849820371473073,0.005849820371473073,,52.99032825945831,1.0,0.095,PASS
B_constant,Three-stage,early_0_10,pi_current,3.5544245324814483e-10,3.5544245324814483e-10,,5.306836049386217e-08,1.0,0.0055,PASS
B_constant,Three-stage,early_0_10,pi_extent,7.835190829474925e-13,5.269009499572998e-12,,9.936644640872727e-07,0.1487032967032967,0.1865,PASS
B_constant,Three-stage,early_0_10,gdp_current,0.002565151323892678,0.002565151323892678,,0.006951237770952513,1.0,0.995,PASS
B_constant,Three-stage,early_0_10,gdp_extent,0.0009996330917152463,0.006722333087946158,,0.0069700126438474504,0.1487032967032967,10.0,PASS
B_constant,Three-stage,early_0_10,bound_pi,3.554424549828683e-13,2.3902795893763683e-12,,5.306836048633838e-08,0.1487032967032967,0.0055,PASS
B_constant,Three-stage,early_0_10,bound_gdp,0.0009996330917146634,0.006722333087942238,,0.0069490054514732115,0.1487032967032967,10.0,PASS
B_constant,Three-stage,early_0_10,bound_gtp,5.79810938844405e-13,3.899112875764178e-12,,1.5086228561718694e-10,0.1487032967032967,0.1865,PASS
B_constant,Three-stage,early_0_10,tu_bound,0.0009996330917146634,0.006722333087942238,,0.006768049769847752,0.1487032967032967,10.0,PASS
B_constant,Three-stage,early_0_10,phosphate_unreleased,7.835277565648724e-13,5.269067827919257e-12,,9.097390640689061e-10,0.1487032967032967,0.1865,PASS
B_constant,Three-stage,early_0_10,unfinished,0.0003664421792908129,0.0024642505406047865,,0.005160065841987485,0.1487032967032967,1.0050000000000001,PASS
B_constant,Three-stage,late_5_10,product_extent,2.98741275978065e-05,0.00020089754739878742,,5.015544894489386e-05,0.1487032967032967,5.0,PASS
B_constant,Three-stage,late_5_10,product_current,0.00016788318685145853,0.00016788318685145853,,0.00016884950106494547,1.0,5.0,PASS
B_constant,Three-stage,late_5_10,pi_current,0.0,0.0,,0.0,1.0,5.0,PASS
B_constant,Three-stage,late_5_10,pi_extent,2.220446049250313e-16,1.4932056642165125e-15,,2.219584557749437e-16,0.1487032967032967,6.76,PASS
B_constant,Three-stage,late_5_10,gdp_current,0.00020794371087862196,0.00020794371087862196,,0.00020913218219232606,1.0,5.0,PASS
B_constant,Three-stage,late_5_10,gdp_extent,0.0009996330917152463,0.006722333087946158,,0.001616430587092455,0.1487032967032967,10.0,PASS
B_constant,Three-stage,late_5_10,bound_pi,0.0,0.0,,0.0,0.1487032967032967,5.0,PASS
B_constant,Three-stage,late_5_10,bound_gdp,0.0009996330917146634,0.006722333087942238,,0.0069490054514732115,0.1487032967032967,10.0,PASS
B_constant,Three-stage,late_5_10,bound_gtp,0.0,0.0,,0.0,0.1487032967032967,5.0,PASS
B_constant,Three-stage,late_5_10,tu_bound,0.0009996330917146634,0.006722333087942238,,0.006768049769847752,0.1487032967032967,10.0,PASS
B_constant,Three-stage,late_5_10,phosphate_unreleased,0.0,0.0,,0.0,0.1487032967032967,5.0,PASS
B_constant,Three-stage,late_5_10,unfinished,2.9874127598084055e-05,0.00020089754740065392,,0.00020200817611256723,0.1487032967032967,5.0,PASS
B_constant,Three-stage,macro_10_end,product_extent,3.354827433632579e-07,2.2560545112368064e-06,,2.506718826038562e-07,0.1487032967032967,10.0,PASS
B_constant,Three-stage,macro_10_end,product_current,2.1136051692183244e-06,2.1136051692183244e-06,,2.1136715924943547e-06,1.0,10.0,PASS
B_constant,Three-stage,macro_10_end,pi_current,0.0,0.0,,0.0,1.0,10.0,PASS
B_constant,Three-stage,macro_10_end,pi_extent,6.821210263296962e-13,4.587127800473126e-12,,8.860629918615927e-16,0.1487032967032967,10000.0,PASS
B_constant,Three-stage,macro_10_end,gdp_current,2.333583965064001e-06,2.333583965064001e-06,,2.3336567881390914e-06,1.0,10.0,PASS
B_constant,Three-stage,macro_10_end,gdp_extent,0.00100000000009004,0.006724800473558501,,0.0007463657280267054,0.1487032967032967,1949.8445997580454,PASS
B_constant,Three-stage,macro_10_end,bound_pi,0.0,0.0,,0.0,0.1487032967032967,10.0,PASS
B_constant,Three-stage,macro_10_end,bound_gdp,0.0010000000000197906,0.006724800473086088,,0.006951340615828341,0.1487032967032967,30.199517204020164,PASS
B_constant,Three-stage,macro_10_end,bound_gtp,0.0,0.0,,0.0,0.1487032967032967,10.0,PASS
B_constant,Three-stage,macro_10_end,tu_bound,0.0010000000000197906,0.006724800473086088,,0.006770329588706839,0.1487032967032967,30.199517204020164,PASS
B_constant,Three-stage,macro_10_end,phosphate_unreleased,0.0,0.0,,0.0,0.1487032967032967,10.0,PASS
B_constant,Three-stage,macro_10_end,unfinished,3.35482743030191e-07,2.256054508996998e-06,,2.2561226215006406e-06,0.1487032967032967,10.0,PASS
B_constant,Three-stage,10_100,product_extent,3.354827433632579e-07,2.2560545112368064e-06,,2.506718826038562e-07,0.1487032967032967,10.0,PASS
B_constant,Three-stage,10_100,product_current,2.1136051692183244e-06,2.1136051692183244e-06,,2.1136715924943547e-06,1.0,10.0,PASS
B_constant,Three-stage,10_100,pi_current,0.0,0.0,,0.0,1.0,10.0,PASS
B_constant,Three-stage,10_100,pi_extent,1.0658141036401503e-14,7.16738718823926e-14,,7.861693040056611e-16,0.1487032967032967,91.20108393559097,PASS
B_constant,Three-stage,10_100,gdp_current,2.333583965064001e-06,2.333583965064001e-06,,2.3336567881390914e-06,1.0,10.0,PASS
B_constant,Three-stage,10_100,gdp_extent,0.0010000000000180975,0.006724800473074702,,0.0007463657280267054,0.1487032967032967,29.512092266663856,PASS
B_constant,Three-stage,10_100,bound_pi,0.0,0.0,,0.0,0.1487032967032967,10.0,PASS
B_constant,Three-stage,10_100,bound_gdp,0.0010000000000197906,0.006724800473086088,,0.006951340615828341,0.1487032967032967,30.199517204020164,PASS
B_constant,Three-stage,10_100,bound_gtp,0.0,0.0,,0.0,0.1487032967032967,10.0,PASS
B_constant,Three-stage,10_100,tu_bound,0.0010000000000197906,0.006724800473086088,,0.006770329588706839,0.1487032967032967,30.199517204020164,PASS
B_constant,Three-stage,10_100,phosphate_unreleased,0.0,0.0,,0.0,0.1487032967032967,10.0,PASS
B_constant,Three-stage,10_100,unfinished,3.35482743030191e-07,2.256054508996998e-06,,2.2561226215006406e-06,0.1487032967032967,10.0,PASS
B_constant,Three-stage,100_1000,product_extent,5.684341886080802e-14,3.822606500394272e-13,,7.918057550093876e-16,0.1487032967032967,501.18723362727246,PASS
B_constant,Three-stage,100_1000,product_current,1.2212453270876722e-15,1.2212453270876722e-15,,1.2212453270876716e-15,1.0,301.9951720402016,PASS
B_constant,Three-stage,100_1000,pi_current,0.0,0.0,,0.0,1.0,100.0,PASS
B_constant,Three-stage,100_1000,pi_extent,5.684341886080802e-14,3.822606500394272e-13,,8.860629918615927e-16,0.1487032967032967,933.2543007969905,PASS
B_constant,Three-stage,100_1000,gdp_current,1.2212453270876722e-15,1.2212453270876722e-15,,1.2212453270876716e-15,1.0,316.22776601683796,PASS
B_constant,Three-stage,100_1000,gdp_extent,0.0010000000000474074,0.006724800473271805,,6.792266370279127e-05,0.1487032967032967,380.1893963205613,PASS
B_constant,Three-stage,100_1000,bound_pi,0.0,0.0,,0.0,0.1487032967032967,100.0,PASS
B_constant,Three-stage,100_1000,bound_gdp,0.0010000000000001397,0.006724800472953939,,0.006951340615691145,0.1487032967032967,131.82567385564073,PASS
B_constant,Three-stage,100_1000,bound_gtp,0.0,0.0,,0.0,0.1487032967032967,100.0,PASS
B_constant,Three-stage,100_1000,tu_bound,0.0010000000000001397,0.006724800472953939,,0.00677032958857323,0.1487032967032967,131.82567385564073,PASS
B_constant,Three-stage,100_1000,phosphate_unreleased,0.0,0.0,,0.0,0.1487032967032967,100.0,PASS
B_constant,Three-stage,100_1000,unfinished,1.6653345369377348e-16,1.1199042481623844e-15,,1.1199042481623842e-15,0.1487032967032967,301.9951720402016,PASS
B_constant,Three-stage,1000_10000,product_extent,9.094947017729282e-13,6.116170400630835e-12,,6.116782078838726e-16,0.1487032967032967,10000.0,PASS
B_constant,Three-stage,1000_10000,product_current,2.220446049250313e-16,2.220446049250313e-16,,2.2204460492503136e-16,1.0,1584.893192461114,PASS
B_constant,Three-stage,1000_10000,pi_current,0.0,0.0,,0.0,1.0,999.9999999999999,PASS
B_constant,Three-stage,1000_10000,pi_extent,6.821210263296962e-13,4.587127800473126e-12,,7.151978585342663e-16,0.1487032967032967,10000.0,PASS
B_constant,Three-stage,1000_10000,gdp_current,0.0,0.0,,0.0,1.0,999.9999999999999,PASS
B_constant,Three-stage,1000_10000,gdp_extent,0.00100000000009004,0.006724800473558501,,6.731486691580673e-06,0.1487032967032967,1949.8445997580454,PASS
B_constant,Three-stage,1000_10000,bound_pi,0.0,0.0,,0.0,0.1487032967032967,999.9999999999999,PASS
B_constant,Three-stage,1000_10000,bound_gdp,0.0010000000000000009,0.006724800472953006,,0.006951340615690175,0.1487032967032967,999.9999999999999,PASS
B_constant,Three-stage,1000_10000,bound_gtp,0.0,0.0,,0.0,0.1487032967032967,999.9999999999999,PASS
B_constant,Three-stage,1000_10000,tu_bound,0.0010000000000000009,0.006724800472953006,,0.006770329588572286,0.1487032967032967,999.9999999999999,PASS
B_constant,Three-stage,1000_10000,phosphate_unreleased,0.0,0.0,,0.0,0.1487032967032967,999.9999999999999,PASS
B_constant,Three-stage,1000_10000,unfinished,0.0,0.0,,0.0,0.1487032967032967,999.9999999999999,PASS
B_constant,Three-stage,V1_transient,product_extent,0.00017443437208453354,0.0011730363478933308,,66.50063140352944,0.1487032967032967,0.25,PASS
B_constant,Three-stage,V1_transient,product_current,0.005849820371473073,0.005849820371473073,,52.99032825945831,1.0,0.095,PASS
B_constant,Three-stage,V1_transient,pi_current,3.5544245324814483e-10,3.5544245324814483e-10,,5.306836049386217e-08,1.0,0.0055,PASS
B_constant,Three-stage,V1_transient,pi_extent,7.835190829474925e-13,5.269009499572998e-12,,9.936644640872727e-07,0.1487032967032967,0.1865,PASS
B_constant,Three-stage,V1_transient,gdp_current,0.0012516404084352284,0.0012516404084352284,,0.006951237770952513,1.0,0.25,PASS
B_constant,Three-stage,V1_transient,gdp_extent,2.2158259521921735e-05,0.0001490098741128346,,0.0069700126438474504,0.1487032967032967,0.25,PASS
B_constant,Three-stage,V1_transient,bound_pi,3.554424549828683e-13,2.3902795893763683e-12,,5.306836048633838e-08,0.1487032967032967,0.0055,PASS
B_constant,Three-stage,V1_transient,bound_gdp,2.2158259451815487e-05,0.00014900987364138406,,0.0007413797403794001,0.1487032967032967,0.25,PASS
B_constant,Three-stage,V1_transient,bound_gtp,5.79810938844405e-13,3.899112875764178e-12,,1.5086228561718694e-10,0.1487032967032967,0.1865,PASS
B_constant,Three-stage,V1_transient,tu_bound,2.215825952192607e-05,0.00014900987411286377,,0.0006568567534920204,0.1487032967032967,0.25,PASS
B_constant,Three-stage,V1_transient,phosphate_unreleased,7.835277565648724e-13,5.269067827919257e-12,,9.097390640689061e-10,0.1487032967032967,0.1865,PASS
B_constant,Three-stage,V1_transient,unfinished,0.00017443437208453094,0.0011730363478933132,,0.00514095106529316,0.1487032967032967,0.25,PASS
B_constant,Three-stage,V1_post,product_extent,0.00036644217929079903,0.0024642505406046933,,0.052359649467829714,0.1487032967032967,1.0050000000000001,PASS
B_constant,Three-stage,V1_post,product_current,0.004320094208091485,0.004320094208091485,,0.0215184160669857,1.0,0.255,PASS
B_constant,Three-stage,V1_post,pi_current,3.4590885711338615e-11,3.4590885711338615e-11,,3.459117712113823e-11,1.0,0.31,PASS
B_constant,Three-stage,V1_post,pi_extent,1.3301165724399766e-13,8.944768555426978e-13,,3.231931004479341e-12,0.1487032967032967,0.31,PASS
B_constant,Three-stage,V1_post,gdp_current,0.002565151323892678,0.002565151323892678,,0.006173288277884567,1.0,0.995,PASS
B_constant,Three-stage,V1_post,gdp_extent,0.0009996330917152463,0.006722333087946158,,0.006426700923583295,0.1487032967032967,10.0,PASS
B_constant,Three-stage,V1_post,bound_pi,3.459081979184653e-14,2.3261636129604154e-13,,3.459111120109081e-11,0.1487032967032967,0.31,PASS
B_constant,Three-stage,V1_post,bound_gdp,0.0009996330917146634,0.006722333087942238,,0.0069490054514732115,0.1487032967032967,10.0,PASS
B_constant,Three-stage,V1_post,bound_gtp,9.845032775124274e-14,6.62058810623935e-13,,2.5597244789918743e-11,0.1487032967032967,0.31,PASS
B_constant,Three-stage,V1_post,tu_bound,0.0009996330917146634,0.006722333087942238,,0.006768049769847752,0.1487032967032967,10.0,PASS
B_constant,Three-stage,V1_post,phosphate_unreleased,1.3304114754308927e-13,8.946751719199766e-13,,2.745311875965656e-11,0.1487032967032967,0.31,PASS
B_constant,Three-stage,V1_post,unfinished,0.0003664421792908129,0.0024642505406047865,,0.005160065841987485,0.1487032967032967,1.0050000000000001,PASS
D_fast,Full,early_0_10,product_extent,0.0,0.0,0.0,0.0,0.1487032967032967,0.0,PASS
D_fast,Full,early_0_10,product_current,0.0,0.0,0.0,0.0,1.0,0.0,PASS
D_fast,Full,early_0_10,pi_current,0.0,0.0,0.0,0.0,1.0,0.0,PASS
D_fast,Full,early_0_10,pi_extent,0.0,0.0,0.0,0.0,0.1487032967032967,0.0,PASS
D_fast,Full,early_0_10,gdp_current,0.0,0.0,0.0,0.0,1.0,0.0,PASS
D_fast,Full,early_0_10,gdp_extent,0.0,0.0,0.0,0.0,0.1487032967032967,0.0,PASS
D_fast,Full,early_0_10,bound_pi,0.0,0.0,0.0,0.0,0.1487032967032967,0.0,PASS
D_fast,Full,early_0_10,bound_gdp,0.0,0.0,0.0,0.0,0.1487032967032967,0.0,PASS
D_fast,Full,early_0_10,bound_gtp,0.0,0.0,0.0,0.0,0.1487032967032967,0.0,PASS
D_fast,Full,early_0_10,tu_bound,0.0,0.0,0.0,0.0,0.1487032967032967,0.0,PASS
D_fast,Full,early_0_10,phosphate_unreleased,0.0,0.0,0.0,0.0,0.1487032967032967,0.0,PASS
D_fast,Full,early_0_10,unfinished,0.0,0.0,0.0,0.0,0.1487032967032967,0.0,PASS
D_fast,Full,late_5_10,product_extent,0.0,0.0,,0.0,0.1487032967032967,5.0,PASS
D_fast,Full,late_5_10,product_current,0.0,0.0,,0.0,1.0,5.0,PASS
D_fast,Full,late_5_10,pi_current,0.0,0.0,,0.0,1.0,5.0,PASS
D_fast,Full,late_5_10,pi_extent,0.0,0.0,,0.0,0.1487032967032967,5.0,PASS
D_fast,Full,late_5_10,gdp_current,0.0,0.0,,0.0,1.0,5.0,PASS
D_fast,Full,late_5_10,gdp_extent,0.0,0.0,,0.0,0.1487032967032967,5.0,PASS
D_fast,Full,late_5_10,bound_pi,0.0,0.0,,0.0,0.1487032967032967,5.0,PASS
D_fast,Full,late_5_10,bound_gdp,0.0,0.0,,0.0,0.1487032967032967,5.0,PASS
D_fast,Full,late_5_10,bound_gtp,0.0,0.0,,0.0,0.1487032967032967,5.0,PASS
D_fast,Full,late_5_10,tu_bound,0.0,0.0,,0.0,0.1487032967032967,5.0,PASS
D_fast,Full,late_5_10,phosphate_unreleased,0.0,0.0,,0.0,0.1487032967032967,5.0,PASS
D_fast,Full,late_5_10,unfinished,0.0,0.0,,0.0,0.1487032967032967,5.0,PASS
D_fast,Full,macro_10_end,product_extent,0.0,0.0,,0.0,0.1487032967032967,10.0,PASS
D_fast,Full,macro_10_end,product_current,0.0,0.0,,0.0,1.0,10.0,PASS
D_fast,Full,macro_10_end,pi_current,0.0,0.0,,0.0,1.0,10.0,PASS
D_fast,Full,macro_10_end,pi_extent,0.0,0.0,,0.0,0.1487032967032967,10.0,PASS
D_fast,Full,macro_10_end,gdp_current,0.0,0.0,,0.0,1.0,10.0,PASS
D_fast,Full,macro_10_end,gdp_extent,0.0,0.0,,0.0,0.1487032967032967,10.0,PASS
D_fast,Full,macro_10_end,bound_pi,0.0,0.0,,0.0,0.1487032967032967,10.0,PASS
D_fast,Full,macro_10_end,bound_gdp,0.0,0.0,,0.0,0.1487032967032967,10.0,PASS
D_fast,Full,macro_10_end,bound_gtp,0.0,0.0,,0.0,0.1487032967032967,10.0,PASS
D_fast,Full,macro_10_end,tu_bound,0.0,0.0,,0.0,0.1487032967032967,10.0,PASS
D_fast,Full,macro_10_end,phosphate_unreleased,0.0,0.0,,0.0,0.1487032967032967,10.0,PASS
D_fast,Full,macro_10_end,unfinished,0.0,0.0,,0.0,0.1487032967032967,10.0,PASS
D_fast,Full,10_100,product_extent,0.0,0.0,,0.0,0.1487032967032967,10.0,PASS
D_fast,Full,10_100,product_current,0.0,0.0,,0.0,1.0,10.0,PASS
D_fast,Full,10_100,pi_current,0.0,0.0,,0.0,1.0,10.0,PASS
D_fast,Full,10_100,pi_extent,0.0,0.0,,0.0,0.1487032967032967,10.0,PASS
D_fast,Full,10_100,gdp_current,0.0,0.0,,0.0,1.0,10.0,PASS
D_fast,Full,10_100,gdp_extent,0.0,0.0,,0.0,0.1487032967032967,10.0,PASS
D_fast,Full,10_100,bound_pi,0.0,0.0,,0.0,0.1487032967032967,10.0,PASS
D_fast,Full,10_100,bound_gdp,0.0,0.0,,0.0,0.1487032967032967,10.0,PASS
D_fast,Full,10_100,bound_gtp,0.0,0.0,,0.0,0.1487032967032967,10.0,PASS
D_fast,Full,10_100,tu_bound,0.0,0.0,,0.0,0.1487032967032967,10.0,PASS
D_fast,Full,10_100,phosphate_unreleased,0.0,0.0,,0.0,0.1487032967032967,10.0,PASS
D_fast,Full,10_100,unfinished,0.0,0.0,,0.0,0.1487032967032967,10.0,PASS
D_fast,Full,100_1000,product_extent,0.0,0.0,,0.0,0.1487032967032967,100.0,PASS
D_fast,Full,100_1000,product_current,0.0,0.0,,0.0,1.0,100.0,PASS
D_fast,Full,100_1000,pi_current,0.0,0.0,,0.0,1.0,100.0,PASS
D_fast,Full,100_1000,pi_extent,0.0,0.0,,0.0,0.1487032967032967,100.0,PASS
D_fast,Full,100_1000,gdp_current,0.0,0.0,,0.0,1.0,100.0,PASS
D_fast,Full,100_1000,gdp_extent,0.0,0.0,,0.0,0.1487032967032967,100.0,PASS
D_fast,Full,100_1000,bound_pi,0.0,0.0,,0.0,0.1487032967032967,100.0,PASS
D_fast,Full,100_1000,bound_gdp,0.0,0.0,,0.0,0.1487032967032967,100.0,PASS
D_fast,Full,100_1000,bound_gtp,0.0,0.0,,0.0,0.1487032967032967,100.0,PASS
D_fast,Full,100_1000,tu_bound,0.0,0.0,,0.0,0.1487032967032967,100.0,PASS
D_fast,Full,100_1000,phosphate_unreleased,0.0,0.0,,0.0,0.1487032967032967,100.0,PASS
D_fast,Full,100_1000,unfinished,0.0,0.0,,0.0,0.1487032967032967,100.0,PASS
D_fast,Full,V1_transient,product_extent,0.0,0.0,0.0,0.0,0.1487032967032967,0.0,PASS
D_fast,Full,V1_transient,product_current,0.0,0.0,0.0,0.0,1.0,0.0,PASS
D_fast,Full,V1_transient,pi_current,0.0,0.0,0.0,0.0,1.0,0.0,PASS
D_fast,Full,V1_transient,pi_extent,0.0,0.0,0.0,0.0,0.1487032967032967,0.0,PASS
D_fast,Full,V1_transient,gdp_current,0.0,0.0,0.0,0.0,1.0,0.0,PASS
D_fast,Full,V1_transient,gdp_extent,0.0,0.0,0.0,0.0,0.1487032967032967,0.0,PASS
D_fast,Full,V1_transient,bound_pi,0.0,0.0,0.0,0.0,0.1487032967032967,0.0,PASS
D_fast,Full,V1_transient,bound_gdp,0.0,0.0,0.0,0.0,0.1487032967032967,0.0,PASS
D_fast,Full,V1_transient,bound_gtp,0.0,0.0,0.0,0.0,0.1487032967032967,0.0,PASS
D_fast,Full,V1_transient,tu_bound,0.0,0.0,0.0,0.0,0.1487032967032967,0.0,PASS
D_fast,Full,V1_transient,phosphate_unreleased,0.0,0.0,0.0,0.0,0.1487032967032967,0.0,PASS
D_fast,Full,V1_transient,unfinished,0.0,0.0,0.0,0.0,0.1487032967032967,0.0,PASS
D_fast,Full,V1_post,product_extent,0.0,0.0,,0.0,0.1487032967032967,0.255,PASS
D_fast,Full,V1_post,product_current,0.0,0.0,,0.0,1.0,0.255,PASS
D_fast,Full,V1_post,pi_current,0.0,0.0,,0.0,1.0,0.255,PASS
D_fast,Full,V1_post,pi_extent,0.0,0.0,,0.0,0.1487032967032967,0.255,PASS
D_fast,Full,V1_post,gdp_current,0.0,0.0,,0.0,1.0,0.255,PASS
D_fast,Full,V1_post,gdp_extent,0.0,0.0,,0.0,0.1487032967032967,0.255,PASS
D_fast,Full,V1_post,bound_pi,0.0,0.0,,0.0,0.1487032967032967,0.255,PASS
D_fast,Full,V1_post,bound_gdp,0.0,0.0,,0.0,0.1487032967032967,0.255,PASS
D_fast,Full,V1_post,bound_gtp,0.0,0.0,,0.0,0.1487032967032967,0.255,PASS
D_fast,Full,V1_post,tu_bound,0.0,0.0,,0.0,0.1487032967032967,0.255,PASS
D_fast,Full,V1_post,phosphate_unreleased,0.0,0.0,,0.0,0.1487032967032967,0.255,PASS
D_fast,Full,V1_post,unfinished,0.0,0.0,,0.0,0.1487032967032967,0.255,PASS
D_fast,Direct,early_0_10,product_extent,0.001729625181729394,0.011631384240125248,0.0065979859151586474,4950.755156720038,0.1487032967032967,1.0125,FAIL
D_fast,Direct,early_0_10,product_current,0.03419858200344858,0.03419858200344858,0.02275158092080228,2034.4580589993036,1.0,3.085,FAIL
D_fast,Direct,early_0_10,pi_current,0.8770057698362809,0.8770057698362809,0.5409548327768462,6.304259755368235e+105,1.0,0.605,FAIL
D_fast,Direct,early_0_10,pi_extent,0.05981634064095072,0.40225295583258314,0.28980599294259823,0.9470311817126287,0.1487032967032967,3.5300000000000002,FAIL
D_fast,Direct,early_0_10,gdp_current,0.028385767043357768,0.028385767043357768,0.019312287981298214,178.8255998538875,1.0,3.08,FAIL
D_fast,Direct,early_0_10,gdp_extent,0.0013422153212332161,0.009026130227033895,0.004688791435547179,350.62878844959744,0.1487032967032967,1.0075,PASS
D_fast,Direct,early_0_10,bound_pi,0.0009999999945645409,0.006724800436400622,0.0045746573783612575,1.0,0.1487032967032967,1.0,PASS
D_fast,Direct,early_0_10,bound_gdp,0.061270597398080384,0.41203254236072384,0.29673148715135406,1.0,0.1487032967032967,3.5224999999999995,FAIL
D_fast,Direct,early_0_10,bound_gtp,0.06029287068198598,0.4054575252779134,0.2925230890258965,3.2937931663954794e+107,0.1487032967032967,3.5224999999999995,FAIL
D_fast,Direct,early_0_10,tu_bound,0.0013422153212332144,0.009026130227033883,0.004688791435547227,0.2820395056321117,0.1487032967032967,1.0075,PASS
D_fast,Direct,early_0_10,phosphate_unreleased,0.05981634064095083,0.4022529558325839,0.28980599294259873,2.4374069431326547e+107,0.1487032967032967,3.53,FAIL
D_fast,Direct,early_0_10,unfinished,0.0017296251817294009,0.011631384240125293,0.006597985915158774,0.2730652290926869,0.1487032967032967,1.0125,FAIL
D_fast,Direct,late_5_10,product_extent,0.0005124188296000698,0.003445914387644572,,0.0037797271304823533,0.1487032967032967,5.08,PASS
D_fast,Direct,late_5_10,product_current,0.0012931862589699375,0.0012931862589699375,,0.22301566495750322,1.0,6.0600000000000005,PASS
D_fast,Direct,late_5_10,pi_current,0.09500151926464084,0.09500151926464084,,6.304259755368235e+105,1.0,5.0,FAIL
D_fast,Direct,late_5_10,pi_extent,0.014127039106473699,0.09500151926463986,,0.09500151926463986,0.1487032967032967,5.0,FAIL
D_fast,Direct,late_5_10,gdp_current,0.0015353569615579946,0.0015353569615579946,,0.23163712483132232,1.0,5.89,PASS
D_fast,Direct,late_5_10,gdp_extent,0.0006059065619790915,0.004074600734562321,,0.004482148704671697,0.1487032967032967,5.0,PASS
D_fast,Direct,late_5_10,bound_pi,8.795464085515e-29,5.91477410421124e-28,,1.0,0.1487032967032967,5.0,PASS
D_fast,Direct,late_5_10,bound_gdp,0.013521132544494817,0.09092691853007895,,1.0,0.1487032967032967,5.0,FAIL
D_fast,Direct,late_5_10,bound_gtp,0.014127039106473845,0.09500151926464083,,3.2937931663954794e+107,0.1487032967032967,5.0,FAIL
D_fast,Direct,late_5_10,tu_bound,0.0006059065619790274,0.004074600734561889,,0.2820395056321117,0.1487032967032967,5.0,PASS
D_fast,Direct,late_5_10,phosphate_unreleased,0.014127039106473845,0.09500151926464083,,2.4374069431326547e+107,0.1487032967032967,5.0,FAIL
D_fast,Direct,late_5_10,unfinished,0.0005124188296000611,0.0034459143876445137,,0.2730652290926869,0.1487032967032967,5.08,PASS
D_fast,Direct,macro_10_end,product_extent,2.041712010758534e-05,0.0001373010589558281,,0.00013737013060022242,0.1487032967032967,10.0,PASS
D_fast,Direct,macro_10_end,product_current,0.00011672435713319272,0.00011672435713319272,,146.75583540909645,1.0,10.0,PASS
D_fast,Direct,macro_10_end,pi_current,0.0006401152012491661,0.0006401152012491661,,1.2182874911945955e+213,1.0,10.0,PASS
D_fast,Direct,macro_10_end,pi_extent,9.518724069546014e-05,0.0006401152012479213,,0.0006401152012479213,0.1487032967032967,10.0,PASS
D_fast,Direct,macro_10_end,gdp_current,0.00012038809304200447,0.00012038809304200447,,147.7833186395539,1.0,10.0,PASS
D_fast,Direct,macro_10_end,gdp_extent,2.0940510951611424e-05,0.00014082075795127398,,0.00014089110409665938,0.1487032967032967,10.0,PASS
D_fast,Direct,macro_10_end,bound_pi,1.0153693313542356e-112,6.828156159712935e-112,,1.0,0.1487032967032967,10.0,PASS
D_fast,Direct,macro_10_end,bound_gdp,7.424672974388024e-05,0.0004992944432968594,,1.0,0.1487032967032967,10.0,PASS
D_fast,Direct,macro_10_end,bound_gtp,9.518724069564523e-05,0.0006401152012491661,,6.365199355552445e+214,0.1487032967032967,10.0,PASS
D_fast,Direct,macro_10_end,tu_bound,2.0940510951764988e-05,0.00014082075795230665,,153.79014367926487,0.1487032967032967,10.0,PASS
D_fast,Direct,macro_10_end,phosphate_unreleased,9.518724069564523e-05,0.0006401152012491661,,4.710247523106167e+214,0.1487032967032967,10.0,PASS
D_fast,Direct,macro_10_end,unfinished,2.041712010764901e-05,0.00013730105895625626,,152.72061267351017,0.1487032967032967,10.0,PASS
D_fast,Direct,10_100,product_extent,2.041712010758534e-05,0.0001373010589558281,,0.00013737013060022242,0.1487032967032967,10.0,PASS
D_fast,Direct,10_100,product_current,0.00011672435713319272,0.00011672435713319272,,146.75583540909645,1.0,10.0,PASS
D_fast,Direct,10_100,pi_current,0.0006401152012491661,0.0006401152012491661,,1.2182874911945955e+213,1.0,10.0,PASS
D_fast,Direct,10_100,pi_extent,9.518724069546014e-05,0.0006401152012479213,,0.0006401152012479213,0.1487032967032967,10.0,PASS
D_fast,Direct,10_100,gdp_current,0.00012038809304200447,0.00012038809304200447,,147.7833186395539,1.0,10.0,PASS
D_fast,Direct,10_100,gdp_extent,2.0940510951611424e-05,0.00014082075795127398,,0.00014089110409665938,0.1487032967032967,10.0,PASS
D_fast,Direct,10_100,bound_pi,1.0153693313542356e-112,6.828156159712935e-112,,1.0,0.1487032967032967,10.0,PASS
D_fast,Direct,10_100,bound_gdp,7.424672974388024e-05,0.0004992944432968594,,1.0,0.1487032967032967,10.0,PASS
D_fast,Direct,10_100,bound_gtp,9.518724069564523e-05,0.0006401152012491661,,6.365199355552445e+214,0.1487032967032967,10.0,PASS
D_fast,Direct,10_100,tu_bound,2.0940510951764988e-05,0.00014082075795230665,,153.79014367926487,0.1487032967032967,10.0,PASS
D_fast,Direct,10_100,phosphate_unreleased,9.518724069564523e-05,0.0006401152012491661,,4.710247523106167e+214,0.1487032967032967,10.0,PASS
D_fast,Direct,10_100,unfinished,2.041712010764901e-05,0.00013730105895625626,,152.72061267351017,0.1487032967032967,10.0,PASS
D_fast,Direct,100_1000,product_extent,0.0,0.0,,0.0,0.1487032967032967,100.0,PASS
D_fast,Direct,100_1000,product_current,1.0845567071631109e-17,1.0845567071631109e-17,,0.34427734109372543,1.0,100.0,PASS
D_fast,Direct,100_1000,pi_current,2.065684617803591e-17,2.065684617803591e-17,,3.163037446764919e+212,1.0,100.0,PASS
D_fast,Direct,100_1000,pi_extent,2.220446049250313e-16,1.4932056642165125e-15,,1.4932056642165125e-15,0.1487032967032967,100.0,PASS
D_fast,Direct,100_1000,gdp_current,1.0625050178885054e-17,1.0625050178885054e-17,,0.33965492557276866,1.0,100.0,PASS
D_fast,Direct,100_1000,gdp_extent,1.1102230246251565e-16,7.466028321082562e-16,,7.466028321082557e-16,0.1487032967032967,100.0,PASS
D_fast,Direct,100_1000,bound_pi,6.530699217349845e-233,4.391764918554803e-232,,1.0,0.1487032967032967,100.0,PASS
D_fast,Direct,100_1000,bound_gdp,4.468842336702995e-18,3.005207305941269e-17,,1.0,0.1487032967032967,100.0,PASS
D_fast,Direct,100_1000,bound_gtp,3.0717411261668344e-18,2.0656846178035908e-17,,1.6525954721824056e+214,0.1487032967032967,100.0,PASS
D_fast,Direct,100_1000,tu_bound,1.3971012105361607e-18,9.395226881376782e-18,,0.31263157329620817,0.1487032967032967,100.0,PASS
D_fast,Direct,100_1000,phosphate_unreleased,3.0717411261668344e-18,2.0656846178035908e-17,,1.2229206494157125e+214,0.1487032967032967,100.0,PASS
D_fast,Direct,100_1000,unfinished,1.4286036237858277e-18,9.607074324897304e-18,,0.31744315228313447,0.1487032967032967,100.0,PASS
D_fast,Direct,V1_transient,product_extent,0.001729625181729394,0.011631384240125248,0.0065979859151586474,4950.755156720038,0.1487032967032967,1.0125,FAIL
D_fast,Direct,V1_transient,product_current,0.03419858200344858,0.03419858200344858,0.02275158092080228,2034.4580589993036,1.0,3.085,FAIL
D_fast,Direct,V1_transient,pi_current,0.8770057698362809,0.8770057698362809,0.5409548327768462,1.5051340879139878e+32,1.0,0.605,FAIL
D_fast,Direct,V1_transient,pi_extent,0.05981634064095072,0.40225295583258314,0.28980599294259823,0.9470311817126287,0.1487032967032967,3.5300000000000002,FAIL
D_fast,Direct,V1_transient,gdp_current,0.028385767043357768,0.028385767043357768,0.019312287981298214,178.8255998538875,1.0,3.08,FAIL
D_fast,Direct,V1_transient,gdp_extent,0.0013422153212332161,0.009026130227033895,0.004688791435547179,350.62878844959744,0.1487032967032967,1.0075,PASS
D_fast,Direct,V1_transient,bound_pi,0.0009999999945645409,0.006724800436400622,0.0045746573783612575,1.0,0.1487032967032967,1.0,PASS
D_fast,Direct,V1_transient,bound_gdp,0.061270597398080384,0.41203254236072384,0.29673148715135406,1.0,0.1487032967032967,3.5224999999999995,FAIL
D_fast,Direct,V1_transient,bound_gtp,0.06029287068198598,0.4054575252779134,0.2925230890258965,7.863889759711229e+33,0.1487032967032967,3.5224999999999995,FAIL
D_fast,Direct,V1_transient,tu_bound,0.0013422153212332144,0.009026130227033883,0.004688791435547227,0.05854350368291814,0.1487032967032967,1.0075,PASS
D_fast,Direct,V1_transient,phosphate_unreleased,0.05981634064095083,0.4022529558325839,0.28980599294259873,5.819278422186309e+33,0.1487032967032967,3.53,FAIL
D_fast,Direct,V1_transient,unfinished,0.0017296251817294009,0.011631384240125293,0.006597985915158774,0.051133699157137745,0.1487032967032967,1.0125,FAIL
D_fast,Direct,V1_post,product_extent,0.001708085639408283,0.01148653511573705,,0.3110674045272563,0.1487032967032967,0.995,FAIL
D_fast,Direct,V1_post,product_current,0.025145904256025753,0.025145904256025753,,0.22301566495750322,1.0,3.255,FAIL
D_fast,Direct,V1_post,pi_current,0.77484585855636,0.77484585855636,,6.304259755368235e+105,1.0,0.755,FAIL
D_fast,Direct,V1_post,pi_extent,0.058038822278158084,0.39029949950579257,,0.8654908777627944,0.1487032967032967,3.4949999999999997,FAIL
D_fast,Direct,V1_post,gdp_current,0.019834987319422404,0.019834987319422404,,0.23163712483132232,1.0,3.255,FAIL
D_fast,Direct,V1_post,gdp_extent,0.0013306454641160616,0.008948325246420455,,0.23782926025949142,0.1487032967032967,0.995,PASS
D_fast,Direct,V1_post,bound_pi,0.000999999993405437,0.0067248004286058795,,1.0,0.1487032967032967,3.4949999999999997,PASS
D_fast,Direct,V1_post,bound_gdp,0.06001107269184551,0.40356249002053957,,1.0,0.1487032967032967,3.4949999999999997,FAIL
D_fast,Direct,V1_post,bound_gtp,0.05903882227156369,0.39702429993439964,,3.2937931663954794e+107,0.1487032967032967,3.4949999999999997,FAIL
D_fast,Direct,V1_post,tu_bound,0.0013306454641160703,0.008948325246420514,,0.2820395056321117,0.1487032967032967,0.995,PASS
D_fast,Direct,V1_post,phosphate_unreleased,0.05803882227815826,0.39029949950579373,,2.4374069431326547e+107,0.1487032967032967,3.4949999999999997,FAIL
D_fast,Direct,V1_post,unfinished,0.0017080856394082883,0.011486535115737084,,0.2730652290926869,0.1487032967032967,0.995,FAIL
D_fast,Two-stage,early_0_10,product_extent,0.00031464968491669125,0.002115956349942278,0.0011850575848189387,127.43682474126066,0.1487032967032967,1.015,PASS
D_fast,Two-stage,early_0_10,product_current,0.007188731511139065,0.007188731511139065,0.00446498343389381,77.70759324968716,1.0,3.065,PASS
D_fast,Two-stage,early_0_10,pi_current,0.10284908954359562,0.10284908954359562,0.04831191986302717,2.3728579865659866e+22,1.0,1.01,FAIL
D_fast,Two-stage,early_0_10,pi_extent,0.0003154028340325006,0.002121021127472477,0.0011139453690190858,6.003624487651379,0.1487032967032967,0.5375,PASS
D_fast,Two-stage,early_0_10,gdp_current,0.004329274609147449,0.004329274609147449,0.002105558641922851,5.953540558894719,1.0,1.035,PASS
D_fast,Two-stage,early_0_10,gdp_extent,0.0002496088934603874,0.001678570004795688,0.0009988776953055638,8.120419658632192,0.1487032967032967,4.07,PASS
D_fast,Two-stage,early_0_10,bound_pi,0.0009999999945645409,0.006724800436400622,0.0045746573783612575,1.0,0.1487032967032967,1.0,PASS
D_fast,Two-stage,early_0_10,bound_gdp,0.001001012232111284,0.006731607531933702,0.004055251005248592,0.20176294078571638,0.1487032967032967,0.7125,PASS
D_fast,Two-stage,early_0_10,bound_gtp,0.0009999989628392322,0.006724793498253778,0.004559419888859686,4.040271706855597e+22,0.1487032967032967,1.0,PASS
D_fast,Two-stage,early_0_10,tu_bound,0.00024960889346020004,0.0016785700047944282,0.0009988776953048853,0.05116135523302136,0.1487032967032967,4.07,PASS
D_fast,Two-stage,early_0_10,phosphate_unreleased,0.00031540283403250127,0.002121021127472481,0.001113945369019099,2.9898010630731418e+22,0.1487032967032967,0.5375,PASS
D_fast,Two-stage,early_0_10,unfinished,0.00031464968491668605,0.0021159563499422427,0.001185057584819505,0.04380322574639015,0.1487032967032967,1.015,PASS
D_fast,Two-stage,late_5_10,product_extent,9.150374642974413e-05,0.0006153444372677146,,0.0006767944714386075,0.1487032967032967,5.04,PASS
D_fast,Two-stage,late_5_10,product_current,0.00023481474564981952,0.00023481474564981952,,0.036547393988471184,1.0,6.005,PASS
D_fast,Two-stage,late_5_10,pi_current,1.0248008844502378e-20,1.0248008844502378e-20,,2.3728579865659866e+22,1.0,5.0,PASS
D_fast,Two-stage,late_5_10,pi_extent,5.551115123125783e-17,3.733014160541281e-16,,3.733014160541281e-16,0.1487032967032967,5.0,PASS
D_fast,Two-stage,late_5_10,gdp_current,0.0006405401319934945,0.0006405401319934945,,0.04385437461074628,1.0,5.03,PASS
D_fast,Two-stage,late_5_10,gdp_extent,0.0001867411663319385,0.0012557970836688148,,0.0013814038818950158,0.1487032967032967,5.0,PASS
D_fast,Two-stage,late_5_10,bound_pi,8.795464085515e-29,5.91477410421124e-28,,1.0,0.1487032967032967,5.0,PASS
D_fast,Two-stage,late_5_10,bound_gdp,0.00018674116633164012,0.0012557970836668082,,0.05116135523302136,0.1487032967032967,5.0,PASS
D_fast,Two-stage,late_5_10,bound_gtp,4.966360338648554e-23,3.3397782354198814e-22,,4.040271706855597e+22,0.1487032967032967,5.0,PASS
D_fast,Two-stage,late_5_10,tu_bound,0.00018674116633164012,0.0012557970836668082,,0.05116135523302136,0.1487032967032967,5.0,PASS
D_fast,Two-stage,late_5_10,phosphate_unreleased,4.966351543184468e-23,3.339772320645777e-22,,2.9898010630731418e+22,0.1487032967032967,5.0,PASS
D_fast,Two-stage,late_5_10,unfinished,9.150374642950473e-05,0.0006153444372661048,,0.04380322574639015,0.1487032967032967,5.04,PASS
D_fast,Two-stage,macro_10_end,product_extent,3.2751724714508157e-06,2.202488138501509e-05,,2.203596137803497e-05,0.1487032967032967,10.0,PASS
D_fast,Two-stage,macro_10_end,product_current,1.9128571389864985e-05,1.9128571389864985e-05,,86.01046638148985,1.0,10.0,PASS
D_fast,Two-stage,macro_10_end,pi_current,2.4093272272180637e-87,2.4093272272180637e-87,,2.3493015454636076e+35,1.0,10.0,PASS
D_fast,Two-stage,macro_10_end,pi_extent,5.551115123125783e-17,3.733014160541281e-16,,3.733014160541281e-16,0.1487032967032967,10.0,PASS
D_fast,Two-stage,macro_10_end,gdp_current,2.2792307298676734e-05,2.2792307298676734e-05,,86.6238332139761,1.0,10.0,PASS
D_fast,Two-stage,macro_10_end,gdp_extent,3.7985633154768994e-06,2.5544580380460967e-05,,2.55573410188171e-05,0.1487032967032967,10.0,PASS
D_fast,Two-stage,macro_10_end,bound_pi,1.0153693313542356e-112,6.828156159712935e-112,,1.0,0.1487032967032967,10.0,PASS
D_fast,Two-stage,macro_10_end,bound_gdp,3.79856331531679e-06,2.5544580379384263e-05,,87.23720004647393,0.1487032967032967,10.0,PASS
D_fast,Two-stage,macro_10_end,bound_gtp,1.1675970408826e-89,7.851857132745832e-89,,4.000162090427364e+35,0.1487032967032967,10.0,PASS
D_fast,Two-stage,macro_10_end,tu_bound,3.79856331531679e-06,2.5544580379384263e-05,,87.23720004647393,0.1487032967032967,10.0,PASS
D_fast,Two-stage,macro_10_end,phosphate_unreleased,1.1675970408826e-89,7.851857132745832e-89,,2.9601199470119024e+35,0.1487032967032967,10.0,PASS
D_fast,Two-stage,macro_10_end,unfinished,3.2751724712008122e-06,2.202488138333387e-05,,86.61953964614868,0.1487032967032967,10.0,PASS
D_fast,Two-stage,10_100,product_extent,3.2751724714508157e-06,2.202488138501509e-05,,2.203596137803497e-05,0.1487032967032967,10.0,PASS
D_fast,Two-stage,10_100,product_current,1.9128571389864985e-05,1.9128571389864985e-05,,86.01046638148985,1.0,10.0,PASS
D_fast,Two-stage,10_100,pi_current,2.4093272272180637e-87,2.4093272272180637e-87,,2.3493015454636076e+35,1.0,10.0,PASS
D_fast,Two-stage,10_100,pi_extent,5.551115123125783e-17,3.733014160541281e-16,,3.733014160541281e-16,0.1487032967032967,10.0,PASS
D_fast,Two-stage,10_100,gdp_current,2.2792307298676734e-05,2.2792307298676734e-05,,86.6238332139761,1.0,10.0,PASS
D_fast,Two-stage,10_100,gdp_extent,3.7985633154768994e-06,2.5544580380460967e-05,,2.55573410188171e-05,0.1487032967032967,10.0,PASS
D_fast,Two-stage,10_100,bound_pi,1.0153693313542356e-112,6.828156159712935e-112,,1.0,0.1487032967032967,10.0,PASS
D_fast,Two-stage,10_100,bound_gdp,3.79856331531679e-06,2.5544580379384263e-05,,87.23720004647393,0.1487032967032967,10.0,PASS
D_fast,Two-stage,10_100,bound_gtp,1.1675970408826e-89,7.851857132745832e-89,,4.000162090427364e+35,0.1487032967032967,10.0,PASS
D_fast,Two-stage,10_100,tu_bound,3.79856331531679e-06,2.5544580379384263e-05,,87.23720004647393,0.1487032967032967,10.0,PASS
D_fast,Two-stage,10_100,phosphate_unreleased,1.1675970408826e-89,7.851857132745832e-89,,2.9601199470119024e+35,0.1487032967032967,10.0,PASS
D_fast,Two-stage,10_100,unfinished,3.2751724712008122e-06,2.202488138333387e-05,,86.61953964614868,0.1487032967032967,10.0,PASS
D_fast,Two-stage,100_1000,product_extent,3.885780586188048e-16,2.613109912378897e-15,,2.613109912378893e-15,0.1487032967032967,100.0,PASS
D_fast,Two-stage,100_1000,product_current,1.5787162494439356e-18,1.5787162494439356e-18,,0.050114136873644834,1.0,100.0,PASS
D_fast,Two-stage,100_1000,pi_current,5.784471175065885e-200,5.784471175065885e-200,,8.857353527626128e+29,1.0,100.0,PASS
D_fast,Two-stage,100_1000,pi_extent,5.551115123125783e-17,3.733014160541281e-16,,3.733014160541281e-16,0.1487032967032967,100.0,PASS
D_fast,Two-stage,100_1000,gdp_current,1.3581993566978811e-18,1.3581993566978811e-18,,0.04341806331691225,1.0,100.0,PASS
D_fast,Two-stage,100_1000,gdp_extent,2.7755575615628914e-16,1.8665070802706406e-15,,1.8665070802706394e-15,0.1487032967032967,100.0,PASS
D_fast,Two-stage,100_1000,bound_pi,6.530699217349845e-233,4.391764918554803e-232,,1.0,0.1487032967032967,100.0,PASS
D_fast,Two-stage,100_1000,bound_gdp,1.6410478252804555e-19,1.1035719191584499e-18,,0.036721989760130615,0.1487032967032967,100.0,PASS
D_fast,Two-stage,100_1000,bound_gtp,2.8032437233011592e-202,1.8851254716258165e-201,,1.508143979024759e+30,0.1487032967032967,100.0,PASS
D_fast,Two-stage,100_1000,tu_bound,1.6410478252804555e-19,1.1035719191584499e-18,,0.036721989760130615,0.1487032967032967,100.0,PASS
D_fast,Two-stage,100_1000,phosphate_unreleased,2.8032437233011592e-202,1.8851254716258165e-201,,1.1160265444789899e+30,0.1487032967032967,100.0,PASS
D_fast,Two-stage,100_1000,unfinished,1.9560719577771257e-19,1.3154193626789715e-18,,0.043464935831809354,0.1487032967032967,100.0,PASS
D_fast,Two-stage,V1_transient,product_extent,0.00031464968491669125,0.002115956349942278,0.0011850575848189387,127.43682474126066,0.1487032967032967,1.015,PASS
D_fast,Two-stage,V1_transient,product_current,0.007188731511139065,0.007188731511139065,0.00446498343389381,77.70759324968716,1.0,3.065,PASS
D_fast,Two-stage,V1_transient,pi_current,0.10284908954359562,0.10284908954359562,0.04831191986302717,6292046.434871516,1.0,1.01,FAIL
D_fast,Two-stage,V1_transient,pi_extent,0.0003154028340325006,0.002121021127472477,0.0011139453690190858,6.003624487651379,0.1487032967032967,0.5375,PASS
D_fast,Two-stage,V1_transient,gdp_current,0.004329274609147449,0.004329274609147449,0.002105558641922851,5.953540558894719,1.0,1.035,PASS
D_fast,Two-stage,V1_transient,gdp_extent,0.0002325227209012959,0.001563668903489353,0.0009988776953055638,8.120419658632192,0.1487032967032967,3.7499999999999996,PASS
D_fast,Two-stage,V1_transient,bound_pi,0.0009999999945645409,0.006724800436400622,0.0045746573783612575,1.0,0.1487032967032967,1.0,PASS
D_fast,Two-stage,V1_transient,bound_gdp,0.001001012232111284,0.006731607531933702,0.004055251005248592,0.20176294078571638,0.1487032967032967,0.7125,PASS
D_fast,Two-stage,V1_transient,bound_gtp,0.0009999989628392322,0.006724793498253778,0.004559419888859686,10713485.172889337,0.1487032967032967,1.0,PASS
D_fast,Two-stage,V1_transient,tu_bound,0.00023252272090108772,0.0015636689034879531,0.0009988776953048853,0.016205812682695914,0.1487032967032967,3.7499999999999996,PASS
D_fast,Two-stage,V1_transient,phosphate_unreleased,0.00031540283403250127,0.002121021127472481,0.001113945369019099,7927978.767938109,0.1487032967032967,0.5375,PASS
D_fast,Two-stage,V1_transient,unfinished,0.00031464968491668605,0.0021159563499422427,0.001185057584819505,0.009092371993917072,0.1487032967032967,1.015,PASS
D_fast,Two-stage,V1_post,product_extent,0.0003103726405705807,0.0020871940801007126,,0.05882372300538405,0.1487032967032967,0.995,PASS
D_fast,Two-stage,V1_post,product_current,0.004338070277229156,0.004338070277229156,,0.036547393988471184,1.0,3.255,PASS
D_fast,Two-stage,V1_post,pi_current,0.00032912880340446474,0.00032912880340446474,,2.3728579865659866e+22,1.0,3.7549999999999994,PASS
D_fast,Two-stage,V1_post,pi_extent,1.665648089232974e-06,1.1201151058247164e-05,,5.036206595285891e-05,0.1487032967032967,3.7549999999999994,PASS
D_fast,Two-stage,V1_post,gdp_current,0.0021877909655171335,0.0021877909655171335,,0.04385437461074628,1.0,0.995,PASS
D_fast,Two-stage,V1_post,gdp_extent,0.0002496088934603874,0.001678570004795688,,0.005605268841300808,0.1487032967032967,4.07,PASS
D_fast,Two-stage,V1_post,bound_pi,0.000999999993405437,0.0067248004286058795,,1.0,0.1487032967032967,3.4949999999999997,PASS
D_fast,Two-stage,V1_post,bound_gdp,0.0009971002832366294,0.006705300456291256,,0.05116135523302136,0.1487032967032967,0.755,PASS
D_fast,Two-stage,V1_post,bound_gtp,0.0009999987915921974,0.006724792346651637,,4.040271706855597e+22,0.1487032967032967,0.995,PASS
D_fast,Two-stage,V1_post,tu_bound,0.00024960889346020004,0.0016785700047944282,,0.05116135523302136,0.1487032967032967,4.07,PASS
D_fast,Two-stage,V1_post,phosphate_unreleased,1.6656480894185351e-06,1.1201151059495026e-05,,2.9898010630731418e+22,0.1487032967032967,3.7549999999999994,PASS
D_fast,Two-stage,V1_post,unfinished,0.000310372640570572,0.002087194080100654,,0.04380322574639015,0.1487032967032967,0.995,PASS
D_fast,Three-stage,early_0_10,product_extent,0.0002997220563192033,0.002015571026089824,0.001152060262914317,12.984495464101931,0.1487032967032967,1.0225,PASS
D_fast,Three-stage,early_0_10,product_current,0.005972778297558309,0.005972778297558309,0.0039036702864868066,10.240436757025114,1.0,3.095,PASS
D_fast,Three-stage,early_0_10,pi_current,4.2811709732859526e-10,4.2811709732859526e-10,7.368420094211249e-11,0.009615595973409238,1.0,1.0025,PASS
D_fast,Three-stage,early_0_10,pi_extent,7.255029910169242e-13,4.878862857119428e-12,1.1929924247212835e-12,1.8227223288902477e-08,0.1487032967032967,1.205,PASS
D_fast,Three-stage,early_0_10,gdp_current,0.002101415218705438,0.002101415218705438,0.0011952649214254504,0.04365365478308993,1.0,1.0150000000000001,PASS
D_fast,Three-stage,early_0_10,gdp_extent,0.00024279837013395367,0.0016327705943090293,0.0010256501784040321,0.0069478313264934935,0.1487032967032967,4.095,PASS
D_fast,Three-stage,early_0_10,bound_pi,4.2811717712587516e-13,2.8790025952153887e-12,4.955115834125717e-13,0.009615595973409228,0.1487032967032967,1.0025,PASS
D_fast,Three-stage,early_0_10,bound_gdp,0.00024279837013402306,0.0016327705943094957,0.0010256501781170646,0.050959230366571434,0.1487032967032967,4.095,PASS
D_fast,Three-stage,early_0_10,bound_gtp,5.369926557370917e-13,3.611168465273082e-12,1.11783110304756e-12,0.009615595973409575,0.1487032967032967,1.205,PASS
D_fast,Three-stage,early_0_10,tu_bound,0.00024279837013398142,0.0016327705943092157,0.0010256501784038307,0.050959230366571434,0.1487032967032967,4.095,PASS
D_fast,Three-stage,early_0_10,phosphate_unreleased,7.256657494565303e-13,4.879957375151068e-12,1.192706693982765e-12,0.009615595973409514,0.1487032967032967,1.205,PASS
D_fast,Three-stage,early_0_10,unfinished,0.0002997220563191738,0.0020155710260896255,0.0011520602629144566,0.04360251575400537,0.1487032967032967,1.0225,PASS
D_fast,Three-stage,late_5_10,product_extent,8.900696352054371e-05,0.0005985540703790628,,0.0006572816703791633,0.1487032967032967,5.065,PASS
D_fast,Three-stage,late_5_10,product_current,0.00022840793203821735,0.00022840793203821735,,0.03634807919960844,1.0,6.03,PASS
D_fast,Three-stage,late_5_10,pi_current,8.73988986692885e-30,8.73988986692885e-30,,0.009615595973409238,1.0,5.0,PASS
D_fast,Three-stage,late_5_10,pi_extent,1.6653345369377348e-16,1.1199042481623844e-15,,1.1199042481623844e-15,0.1487032967032967,5.0,PASS
D_fast,Three-stage,late_5_10,gdp_current,0.0006230639236818047,0.0006230639236818047,,0.04365365478308993,1.0,5.0600000000000005,PASS
D_fast,Three-stage,late_5_10,gdp_extent,0.00018410524352116542,0.0012380710287042604,,0.001361904839050306,0.1487032967032967,5.0,PASS
D_fast,Three-stage,late_5_10,bound_pi,8.739889866935576e-33,5.87740155107255e-32,,0.009615595973409228,0.1487032967032967,5.0,PASS
D_fast,Three-stage,late_5_10,bound_gdp,0.00018410524352122787,0.0012380710287046804,,0.050959230366571434,0.1487032967032967,5.0,PASS
D_fast,Three-stage,late_5_10,bound_gtp,2.4875071159709535e-32,1.6727989029955422e-31,,0.009615595973409575,0.1487032967032967,5.0,PASS
D_fast,Three-stage,late_5_10,tu_bound,0.00018410524352122787,0.0012380710287046804,,0.050959230366571434,0.1487032967032967,5.0,PASS
D_fast,Three-stage,late_5_10,phosphate_unreleased,3.361496102665632e-32,2.260539058103551e-31,,0.009615595973409514,0.1487032967032967,5.0,PASS
D_fast,Three-stage,late_5_10,unfinished,8.900696352067035e-05,0.0005985540703799144,,0.04360251575400537,0.1487032967032967,5.065,PASS
D_fast,Three-stage,macro_10_end,product_extent,3.2601653603969716e-06,2.1923961557502543e-05,,2.1934990781078315e-05,0.1487032967032967,10.0,PASS
D_fast,Three-stage,macro_10_end,product_current,1.9024251854277315e-05,1.9024251854277315e-05,,365.17470101333197,1.0,10.0,PASS
D_fast,Three-stage,macro_10_end,pi_current,5.044542214952055e-112,5.044542214952055e-112,,2.3606248866676873,1.0,10.0,PASS
D_fast,Three-stage,macro_10_end,pi_extent,1.6653345369377348e-16,1.1199042481623844e-15,,1.1199042481623844e-15,0.1487032967032967,10.0,PASS
D_fast,Three-stage,macro_10_end,gdp_current,2.2687987763089063e-05,2.2687987763089063e-05,,367.75599296403146,1.0,10.0,PASS
D_fast,Three-stage,macro_10_end,gdp_extent,3.7835562044230553e-06,2.544366055294842e-05,,2.5456370777424085e-05,0.1487032967032967,10.0,PASS
D_fast,Three-stage,macro_10_end,bound_pi,5.044542214952079e-115,3.392353987294112e-114,,2.3606248866676873,0.1487032967032967,10.0,PASS
D_fast,Three-stage,macro_10_end,bound_gdp,3.7835562049829644e-06,2.5443660556713698e-05,,370.3372849147797,0.1487032967032967,10.0,PASS
D_fast,Three-stage,macro_10_end,bound_gtp,1.4357543227172777e-114,9.655161348453462e-114,,2.360624886047902,0.1487032967032967,10.0,PASS
D_fast,Three-stage,macro_10_end,tu_bound,3.7835562049829644e-06,2.5443660556713698e-05,,370.3372849147797,0.1487032967032967,10.0,PASS
D_fast,Three-stage,macro_10_end,phosphate_unreleased,1.9402085442125087e-114,1.304751533574773e-113,,2.3606248862090466,0.1487032967032967,10.0,PASS
D_fast,Three-stage,macro_10_end,unfinished,3.2601653608669868e-06,2.19239615606633e-05,,367.7379239203766,0.1487032967032967,10.0,PASS
D_fast,Three-stage,10_100,product_extent,3.2601653603969716e-06,2.1923961557502543e-05,,2.1934990781078315e-05,0.1487032967032967,10.0,PASS
D_fast,Three-stage,10_100,product_current,1.9024251854277315e-05,1.9024251854277315e-05,,365.17470101333197,1.0,10.0,PASS
D_fast,Three-stage,10_100,pi_current,5.044542214952055e-112,5.044542214952055e-112,,2.3606248866676873,1.0,10.0,PASS
D_fast,Three-stage,10_100,pi_extent,1.6653345369377348e-16,1.1199042481623844e-15,,1.1199042481623844e-15,0.1487032967032967,10.0,PASS
D_fast,Three-stage,10_100,gdp_current,2.2687987763089063e-05,2.2687987763089063e-05,,367.75599296403146,1.0,10.0,PASS
D_fast,Three-stage,10_100,gdp_extent,3.7835562044230553e-06,2.544366055294842e-05,,2.5456370777424085e-05,0.1487032967032967,10.0,PASS
D_fast,Three-stage,10_100,bound_pi,5.044542214952079e-115,3.392353987294112e-114,,2.3606248866676873,0.1487032967032967,10.0,PASS
D_fast,Three-stage,10_100,bound_gdp,3.7835562049829644e-06,2.5443660556713698e-05,,370.3372849147797,0.1487032967032967,10.0,PASS
D_fast,Three-stage,10_100,bound_gtp,1.4357543227172777e-114,9.655161348453462e-114,,2.360624886047902,0.1487032967032967,10.0,PASS
D_fast,Three-stage,10_100,tu_bound,3.7835562049829644e-06,2.5443660556713698e-05,,370.3372849147797,0.1487032967032967,10.0,PASS
D_fast,Three-stage,10_100,phosphate_unreleased,1.9402085442125087e-114,1.304751533574773e-113,,2.3606248862090466,0.1487032967032967,10.0,PASS
D_fast,Three-stage,10_100,unfinished,3.2601653608669868e-06,2.19239615606633e-05,,367.7379239203766,0.1487032967032967,10.0,PASS
D_fast,Three-stage,100_1000,product_extent,3.3306690738754696e-16,2.2398084963247687e-15,,2.2398084963247656e-15,0.1487032967032967,100.0,PASS
D_fast,Three-stage,100_1000,product_current,3.6107675165812235e-17,3.6107675165812235e-17,,1.1461875913964747,1.0,100.0,PASS
D_fast,Three-stage,100_1000,pi_current,6.4531834683478605e-230,6.4531834683478605e-230,,0.9881305590072114,1.0,100.0,PASS
D_fast,Three-stage,100_1000,pi_extent,1.6653345369377348e-16,1.1199042481623844e-15,,1.1199042481623844e-15,0.1487032967032967,100.0,PASS
D_fast,Three-stage,100_1000,gdp_current,3.632819205855829e-17,3.632819205855829e-17,,1.1613168090597825,1.0,100.0,PASS
D_fast,Three-stage,100_1000,gdp_extent,4.440892098500626e-16,2.986411328433025e-15,,2.986411328433023e-15,0.1487032967032967,100.0,PASS
D_fast,Three-stage,100_1000,bound_pi,6.4531834683478605e-233,4.3396371239998174e-232,,0.9881305590072114,0.1487032967032967,100.0,PASS
D_fast,Three-stage,100_1000,bound_gdp,5.2573518110666636e-18,3.535464194554141e-17,,1.1764460267232009,0.1487032967032967,100.0,PASS
D_fast,Three-stage,100_1000,bound_gtp,1.8366752948416715e-232,1.2351274891412364e-231,,0.988130559007197,0.1487032967032967,100.0,PASS
D_fast,Three-stage,100_1000,tu_bound,5.2573518110666636e-18,3.535464194554141e-17,,1.1764460267232009,0.1487032967032967,100.0,PASS
D_fast,Three-stage,100_1000,phosphate_unreleased,2.4819936416764576e-232,1.6690912015412182e-231,,0.9881305590072008,0.1487032967032967,100.0,PASS
D_fast,Three-stage,100_1000,unfinished,5.2258493978169966e-18,3.514279450202089e-17,,1.1612109045361394,0.1487032967032967,100.0,PASS
D_fast,Three-stage,V1_transient,product_extent,0.0002997220563192033,0.002015571026089824,0.001152060262914317,12.984495464101931,0.1487032967032967,1.0225,PASS
D_fast,Three-stage,V1_transient,product_current,0.005972778297558309,0.005972778297558309,0.0039036702864868066,10.240436757025114,1.0,3.095,PASS
D_fast,Three-stage,V1_transient,pi_current,4.2811709732859526e-10,4.2811709732859526e-10,7.368420094211249e-11,5.430935472512176e-06,1.0,1.0025,PASS
D_fast,Three-stage,V1_transient,pi_extent,7.255029910169242e-13,4.878862857119428e-12,1.1929924247212835e-12,1.8227223288902477e-08,0.1487032967032967,1.205,PASS
D_fast,Three-stage,V1_transient,gdp_current,0.002101415218705438,0.002101415218705438,0.0011952649214254504,0.008961791595449405,1.0,1.0150000000000001,PASS
D_fast,Three-stage,V1_transient,gdp_extent,0.00022299644208778613,0.0014996065792187805,0.0010256501784040321,0.0069478313264934935,0.1487032967032967,3.7499999999999996,PASS
D_fast,Three-stage,V1_transient,bound_pi,4.2811717712587516e-13,2.8790025952153887e-12,4.955115834125717e-13,5.43093547259811e-06,0.1487032967032967,1.0025,PASS
D_fast,Three-stage,V1_transient,bound_gdp,0.00022299644200102914,0.001499606578635357,0.0010256501781170646,0.016010403826180603,0.1487032967032967,3.7499999999999996,PASS
D_fast,Three-stage,V1_transient,bound_gtp,5.369926557370917e-13,3.611168465273082e-12,1.11783110304756e-12,5.43093547280548e-06,0.1487032967032967,1.205,PASS
D_fast,Three-stage,V1_transient,tu_bound,0.00022299644208780695,0.0014996065792189203,0.0010256501784038307,0.016010403826180603,0.1487032967032967,3.7499999999999996,PASS
D_fast,Three-stage,V1_transient,phosphate_unreleased,7.256657494565303e-13,4.879957375151068e-12,1.192706693982765e-12,5.430935472782255e-06,0.1487032967032967,1.205,PASS
D_fast,Three-stage,V1_transient,unfinished,0.0002997220563191738,0.0020155710260896255,0.0011520602629144566,0.008898330999397366,0.1487032967032967,1.0225,PASS
D_fast,Three-stage,V1_post,product_extent,0.0002932110507887879,0.001971785813019487,,0.052359649467830095,0.1487032967032967,0.995,PASS
D_fast,Three-stage,V1_post,product_current,0.004471153902959324,0.004471153902959324,,0.03634807919960844,1.0,3.255,PASS
D_fast,Three-stage,V1_post,pi_current,1.3693912670476038e-10,1.3693912670476038e-10,,0.009615595973409238,1.0,3.29,PASS
D_fast,Three-stage,V1_post,pi_extent,5.265787805797117e-13,3.5411372326894597e-12,,4.675317599127906e-12,0.1487032967032967,3.29,PASS
D_fast,Three-stage,V1_post,gdp_current,0.0020685032636492684,0.0020685032636492684,,0.04365365478308993,1.0,0.995,PASS
D_fast,Three-stage,V1_post,gdp_extent,0.00024279837013395367,0.0016327705943090293,,0.006426700923582694,0.1487032967032967,4.095,PASS
D_fast,Three-stage,V1_post,bound_pi,1.3693907119360915e-13,9.208879307285274e-13,,0.009615595973409228,0.1487032967032967,3.29,PASS
D_fast,Three-stage,V1_post,bound_gdp,0.00024279837013402306,0.0016327705943094957,,0.050959230366571434,0.1487032967032967,4.095,PASS
D_fast,Three-stage,V1_post,bound_gtp,3.8974943064595813e-13,2.6209871555411017e-12,,0.009615595973409575,0.1487032967032967,3.29,PASS
D_fast,Three-stage,V1_post,tu_bound,0.00024279837013398142,0.0016327705943092157,,0.050959230366571434,0.1487032967032967,4.095,PASS
D_fast,Three-stage,V1_post,phosphate_unreleased,5.266880681586983e-13,3.5418721698523163e-12,,0.009615595973409514,0.1487032967032967,3.29,PASS
D_fast,Three-stage,V1_post,unfinished,0.0002932110507887775,0.001971785813019417,,0.04360251575400537,0.1487032967032967,0.995,PASS
D_inventory,Full,early_0_10,product_extent,0.0,0.0,,0.0,1.0,0.0,PASS
D_inventory,Full,early_0_10,product_current,0.0,0.0,,0.0,6.7248004729529995,0.0,PASS
D_inventory,Full,early_0_10,pi_current,0.0,0.0,,0.0,6.7248004729529995,0.0,PASS
D_inventory,Full,early_0_10,pi_extent,0.0,0.0,,0.0,1.0,0.0,PASS
D_inventory,Full,early_0_10,gdp_current,0.0,0.0,,0.0,6.7248004729529995,0.0,PASS
D_inventory,Full,early_0_10,gdp_extent,0.0,0.0,,0.0,1.0,0.0,PASS
D_inventory,Full,early_0_10,bound_pi,0.0,0.0,,0.0,1.0,0.0,PASS
D_inventory,Full,early_0_10,bound_gdp,0.0,0.0,,0.0,1.0,0.0,PASS
D_inventory,Full,early_0_10,bound_gtp,0.0,0.0,,,1.0,0.0,PASS
D_inventory,Full,early_0_10,tu_bound,0.0,0.0,,0.0,1.0,0.0,PASS
D_inventory,Full,early_0_10,phosphate_unreleased,0.0,0.0,,0.0,1.0,0.0,PASS
D_inventory,Full,early_0_10,unfinished,0.0,0.0,,0.0,1.0,0.0,PASS
D_inventory,Full,late_5_10,product_extent,0.0,0.0,,0.0,1.0,5.0,PASS
D_inventory,Full,late_5_10,product_current,0.0,0.0,,0.0,6.7248004729529995,5.0,PASS
D_inventory,Full,late_5_10,pi_current,0.0,0.0,,0.0,6.7248004729529995,5.0,PASS
D_inventory,Full,late_5_10,pi_extent,0.0,0.0,,0.0,1.0,5.0,PASS
D_inventory,Full,late_5_10,gdp_current,0.0,0.0,,0.0,6.7248004729529995,5.0,PASS
D_inventory,Full,late_5_10,gdp_extent,0.0,0.0,,0.0,1.0,5.0,PASS
D_inventory,Full,late_5_10,bound_pi,0.0,0.0,,0.0,1.0,5.0,PASS
D_inventory,Full,late_5_10,bound_gdp,0.0,0.0,,0.0,1.0,5.0,PASS
D_inventory,Full,late_5_10,bound_gtp,0.0,0.0,,,1.0,5.0,PASS
D_inventory,Full,late_5_10,tu_bound,0.0,0.0,,0.0,1.0,5.0,PASS
D_inventory,Full,late_5_10,phosphate_unreleased,0.0,0.0,,0.0,1.0,5.0,PASS
D_inventory,Full,late_5_10,unfinished,0.0,0.0,,0.0,1.0,5.0,PASS
D_inventory,Full,macro_10_end,product_extent,0.0,0.0,,0.0,1.0,10.0,PASS
D_inventory,Full,macro_10_end,product_current,0.0,0.0,,0.0,6.7248004729529995,10.0,PASS
D_inventory,Full,macro_10_end,pi_current,0.0,0.0,,,6.7248004729529995,10.0,PASS
D_inventory,Full,macro_10_end,pi_extent,0.0,0.0,,0.0,1.0,10.0,PASS
D_inventory,Full,macro_10_end,gdp_current,0.0,0.0,,0.0,6.7248004729529995,10.0,PASS
D_inventory,Full,macro_10_end,gdp_extent,0.0,0.0,,0.0,1.0,10.0,PASS
D_inventory,Full,macro_10_end,bound_pi,0.0,0.0,,,1.0,10.0,PASS
D_inventory,Full,macro_10_end,bound_gdp,0.0,0.0,,0.0,1.0,10.0,PASS
D_inventory,Full,macro_10_end,bound_gtp,0.0,0.0,,,1.0,10.0,PASS
D_inventory,Full,macro_10_end,tu_bound,0.0,0.0,,0.0,1.0,10.0,PASS
D_inventory,Full,macro_10_end,phosphate_unreleased,0.0,0.0,,,1.0,10.0,PASS
D_inventory,Full,macro_10_end,unfinished,0.0,0.0,,0.0,1.0,10.0,PASS
D_inventory,Full,10_100,product_extent,0.0,0.0,,0.0,1.0,10.0,PASS
D_inventory,Full,10_100,product_current,0.0,0.0,,0.0,6.7248004729529995,10.0,PASS
D_inventory,Full,10_100,pi_current,0.0,0.0,,,6.7248004729529995,10.0,PASS
D_inventory,Full,10_100,pi_extent,0.0,0.0,,0.0,1.0,10.0,PASS
D_inventory,Full,10_100,gdp_current,0.0,0.0,,0.0,6.7248004729529995,10.0,PASS
D_inventory,Full,10_100,gdp_extent,0.0,0.0,,0.0,1.0,10.0,PASS
D_inventory,Full,10_100,bound_pi,0.0,0.0,,,1.0,10.0,PASS
D_inventory,Full,10_100,bound_gdp,0.0,0.0,,0.0,1.0,10.0,PASS
D_inventory,Full,10_100,bound_gtp,0.0,0.0,,,1.0,10.0,PASS
D_inventory,Full,10_100,tu_bound,0.0,0.0,,0.0,1.0,10.0,PASS
D_inventory,Full,10_100,phosphate_unreleased,0.0,0.0,,,1.0,10.0,PASS
D_inventory,Full,10_100,unfinished,0.0,0.0,,0.0,1.0,10.0,PASS
D_inventory,Full,100_1000,product_extent,0.0,0.0,,0.0,1.0,100.0,PASS
D_inventory,Full,100_1000,product_current,0.0,0.0,,0.0,6.7248004729529995,100.0,PASS
D_inventory,Full,100_1000,pi_current,0.0,0.0,,,6.7248004729529995,100.0,PASS
D_inventory,Full,100_1000,pi_extent,0.0,0.0,,0.0,1.0,100.0,PASS
D_inventory,Full,100_1000,gdp_current,0.0,0.0,,0.0,6.7248004729529995,100.0,PASS
D_inventory,Full,100_1000,gdp_extent,0.0,0.0,,0.0,1.0,100.0,PASS
D_inventory,Full,100_1000,bound_pi,0.0,0.0,,,1.0,100.0,PASS
D_inventory,Full,100_1000,bound_gdp,0.0,0.0,,0.0,1.0,100.0,PASS
D_inventory,Full,100_1000,bound_gtp,0.0,0.0,,,1.0,100.0,PASS
D_inventory,Full,100_1000,tu_bound,0.0,0.0,,0.0,1.0,100.0,PASS
D_inventory,Full,100_1000,phosphate_unreleased,0.0,0.0,,,1.0,100.0,PASS
D_inventory,Full,100_1000,unfinished,0.0,0.0,,0.0,1.0,100.0,PASS
D_inventory,Full,V1_transient,product_extent,0.0,0.0,,0.0,1.0,0.0,PASS
D_inventory,Full,V1_transient,product_current,0.0,0.0,,0.0,6.7248004729529995,0.0,PASS
D_inventory,Full,V1_transient,pi_current,0.0,0.0,,0.0,6.7248004729529995,0.0,PASS
D_inventory,Full,V1_transient,pi_extent,0.0,0.0,,0.0,1.0,0.0,PASS
D_inventory,Full,V1_transient,gdp_current,0.0,0.0,,0.0,6.7248004729529995,0.0,PASS
D_inventory,Full,V1_transient,gdp_extent,0.0,0.0,,0.0,1.0,0.0,PASS
D_inventory,Full,V1_transient,bound_pi,0.0,0.0,,0.0,1.0,0.0,PASS
D_inventory,Full,V1_transient,bound_gdp,0.0,0.0,,0.0,1.0,0.0,PASS
D_inventory,Full,V1_transient,bound_gtp,0.0,0.0,,,1.0,0.0,PASS
D_inventory,Full,V1_transient,tu_bound,0.0,0.0,,0.0,1.0,0.0,PASS
D_inventory,Full,V1_transient,phosphate_unreleased,0.0,0.0,,0.0,1.0,0.0,PASS
D_inventory,Full,V1_transient,unfinished,0.0,0.0,,0.0,1.0,0.0,PASS
D_inventory,Full,V1_post,product_extent,0.0,0.0,,0.0,1.0,0.255,PASS
D_inventory,Full,V1_post,product_current,0.0,0.0,,0.0,6.7248004729529995,0.255,PASS
D_inventory,Full,V1_post,pi_current,0.0,0.0,,0.0,6.7248004729529995,0.255,PASS
D_inventory,Full,V1_post,pi_extent,0.0,0.0,,0.0,1.0,0.255,PASS
D_inventory,Full,V1_post,gdp_current,0.0,0.0,,0.0,6.7248004729529995,0.255,PASS
D_inventory,Full,V1_post,gdp_extent,0.0,0.0,,0.0,1.0,0.255,PASS
D_inventory,Full,V1_post,bound_pi,0.0,0.0,,0.0,1.0,0.255,PASS
D_inventory,Full,V1_post,bound_gdp,0.0,0.0,,0.0,1.0,0.255,PASS
D_inventory,Full,V1_post,bound_gtp,0.0,0.0,,,1.0,0.255,PASS
D_inventory,Full,V1_post,tu_bound,0.0,0.0,,0.0,1.0,0.255,PASS
D_inventory,Full,V1_post,phosphate_unreleased,0.0,0.0,,0.0,1.0,0.255,PASS
D_inventory,Full,V1_post,unfinished,0.0,0.0,,0.0,1.0,0.255,PASS
D_inventory,Direct,early_0_10,product_extent,0.23434817129228594,0.23434817129228594,,0.9721102567125665,1.0,0.0345,FAIL
D_inventory,Direct,early_0_10,product_current,243.275199527047,36.17582417582418,,0.973100798108188,6.7248004729529995,0.0,FAIL
D_inventory,Direct,early_0_10,pi_current,243.275199527047,36.17582417582418,,Infinity (floating-point overflow; raw Inf retained),6.7248004729529995,0.0,FAIL
D_inventory,Direct,early_0_10,pi_extent,0.7499546000700823,0.7499546000700823,,2.9998184002803323,1.0,10.0,FAIL
D_inventory,Direct,early_0_10,gdp_current,3.2248004729530004,0.47953846153846164,,0.9240992393048437,6.7248004729529995,0.0,FAIL
D_inventory,Direct,early_0_10,gdp_extent,0.24997726785471552,0.24997726785471552,,0.8871633182082416,1.0,10.0,FAIL
D_inventory,Direct,early_0_10,bound_pi,0.25,0.25,,1.0,1.0,0.0,FAIL
D_inventory,Direct,early_0_10,bound_gdp,0.75,0.75,,1.0,1.0,0.0,FAIL
D_inventory,Direct,early_0_10,bound_gtp,1.0,1.0,,,1.0,0.0,FAIL
D_inventory,Direct,early_0_10,tu_bound,0.25,0.25,,1.00283930048255,1.0,0.0,FAIL
D_inventory,Direct,early_0_10,phosphate_unreleased,0.9692557725279795,0.9692557725279795,,Infinity (floating-point overflow; raw Inf retained),1.0,0.0245,FAIL
D_inventory,Direct,early_0_10,unfinished,0.2343481712922857,0.2343481712922857,,0.988819425379172,1.0,0.0345,FAIL
D_inventory,Direct,late_5_10,product_extent,0.0025807981678706016,0.0025807981678706016,,0.002591571717205564,1.0,5.0,PASS
D_inventory,Direct,late_5_10,product_current,0.016211307347694635,0.0024106748464725694,,0.9106305446297103,6.7248004729529995,5.0,PASS
D_inventory,Direct,late_5_10,pi_current,0.045311349165592325,0.006737946998997752,,Infinity (floating-point overflow; raw Inf retained),6.7248004729529995,5.0,PASS
D_inventory,Direct,late_5_10,pi_extent,0.7499546000700823,0.7499546000700823,,2.9998184002803323,1.0,10.0,FAIL
D_inventory,Direct,late_5_10,gdp_current,0.016415007640419917,0.0024409657515402456,,0.9240992393048437,6.7248004729529995,5.0,PASS
D_inventory,Direct,late_5_10,gdp_extent,0.24997726785471552,0.24997726785471552,,0.33331309776564155,1.0,10.0,FAIL
D_inventory,Direct,late_5_10,bound_pi,3.5e-323,3.5e-323,,1.0,1.0,5.0,PASS
D_inventory,Direct,late_5_10,bound_gdp,0.004128048789310344,0.004128048789310344,,1.0,1.0,5.0,PASS
D_inventory,Direct,late_5_10,bound_gtp,0.006737946998997751,0.006737946998997751,,,1.0,5.0,PASS
D_inventory,Direct,late_5_10,tu_bound,0.0026098982096874066,0.0026098982096874066,,1.00283930048255,1.0,5.0,PASS
D_inventory,Direct,late_5_10,phosphate_unreleased,0.006737946998997751,0.006737946998997751,,Infinity (floating-point overflow; raw Inf retained),1.0,5.0,PASS
D_inventory,Direct,late_5_10,unfinished,0.0025807981678695087,0.0025807981678695087,,0.988819425379172,1.0,5.0,PASS
D_inventory,Direct,macro_10_end,product_extent,2.257235224212284e-05,2.257235224212284e-05,,2.2572867526009654e-05,1.0,10.0,PASS
D_inventory,Direct,macro_10_end,product_current,0.00014551242644983555,2.1638177524386537e-05,,53.11482809775564,6.7248004729529995,10.0,PASS
D_inventory,Direct,macro_10_end,pi_current,0.00030530547019075825,4.5399929918915834e-05,,,6.7248004729529995,10.0,PASS
D_inventory,Direct,macro_10_end,pi_extent,0.750000000000002,0.750000000000002,,3.0000000000000115,1.0,39.810717055349734,FAIL
D_inventory,Direct,macro_10_end,gdp_current,0.00014663097775602198,2.1804509791148237e-05,,53.496302213256605,6.7248004729529995,10.0,PASS
D_inventory,Direct,macro_10_end,gdp_extent,0.250000000000007,0.250000000000007,,0.33333333333334564,1.0,32.608688591189335,FAIL
D_inventory,Direct,macro_10_end,bound_pi,0.0,0.0,,,1.0,10.0,PASS
D_inventory,Direct,macro_10_end,bound_gdp,2.2667784633533752e-05,2.2667784633533752e-05,,1.0,1.0,10.0,PASS
D_inventory,Direct,macro_10_end,bound_gtp,4.5399929918915834e-05,4.5399929918915834e-05,,,1.0,10.0,PASS
D_inventory,Direct,macro_10_end,tu_bound,2.273214528538208e-05,2.273214528538208e-05,,55.726458580752954,1.0,10.0,PASS
D_inventory,Direct,macro_10_end,phosphate_unreleased,4.5399929918915834e-05,4.5399929918915834e-05,,,1.0,10.0,PASS
D_inventory,Direct,macro_10_end,unfinished,2.257235224164116e-05,2.257235224164116e-05,,55.32937337068762,1.0,10.0,PASS
D_inventory,Direct,10_100,product_extent,2.257235224212284e-05,2.257235224212284e-05,,2.2572867526009654e-05,1.0,10.0,PASS
D_inventory,Direct,10_100,product_current,0.00014551242644983555,2.1638177524386537e-05,,53.11482809775564,6.7248004729529995,10.0,PASS
D_inventory,Direct,10_100,pi_current,0.00030530547019075825,4.5399929918915834e-05,,,6.7248004729529995,10.0,PASS
D_inventory,Direct,10_100,pi_extent,0.750000000000002,0.750000000000002,,3.0000000000000115,1.0,39.810717055349734,FAIL
D_inventory,Direct,10_100,gdp_current,0.00014663097775602198,2.1804509791148237e-05,,53.496302213256605,6.7248004729529995,10.0,PASS
D_inventory,Direct,10_100,gdp_extent,0.250000000000007,0.250000000000007,,0.33333333333334564,1.0,32.608688591189335,FAIL
D_inventory,Direct,10_100,bound_pi,0.0,0.0,,,1.0,10.0,PASS
D_inventory,Direct,10_100,bound_gdp,2.2667784633533752e-05,2.2667784633533752e-05,,1.0,1.0,10.0,PASS
D_inventory,Direct,10_100,bound_gtp,4.5399929918915834e-05,4.5399929918915834e-05,,,1.0,10.0,PASS
D_inventory,Direct,10_100,tu_bound,2.273214528538208e-05,2.273214528538208e-05,,55.726458580752954,1.0,10.0,PASS
D_inventory,Direct,10_100,phosphate_unreleased,4.5399929918915834e-05,4.5399929918915834e-05,,,1.0,10.0,PASS
D_inventory,Direct,10_100,unfinished,2.257235224164116e-05,2.257235224164116e-05,,55.32937337068762,1.0,10.0,PASS
D_inventory,Direct,100_1000,product_extent,2.220446049250313e-16,2.220446049250313e-16,,2.2204460492503106e-16,1.0,100.0,PASS
D_inventory,Direct,100_1000,product_current,3.9323619085318115e-17,5.8475517962914816e-18,,0.351487332158108,6.7248004729529995,100.0,PASS
D_inventory,Direct,100_1000,pi_current,7.255415142741644e-17,1.0789041506767027e-17,,,6.7248004729529995,100.0,PASS
D_inventory,Direct,100_1000,pi_extent,0.7500000000000011,0.7500000000000011,,3.000000000000008,1.0,100.0,FAIL
D_inventory,Direct,100_1000,gdp_current,3.854047469172786e-17,5.731095643169906e-18,,0.3469157423545836,6.7248004729529995,100.0,PASS
D_inventory,Direct,100_1000,gdp_extent,0.2500000000000009,0.2500000000000009,,0.33333333333333454,1.0,100.0,FAIL
D_inventory,Direct,100_1000,bound_pi,0.0,0.0,,,1.0,100.0,PASS
D_inventory,Direct,100_1000,bound_gdp,1.587066087416347e-17,1.587066087416347e-17,,1.0,1.0,100.0,PASS
D_inventory,Direct,100_1000,bound_gtp,1.0789041506767025e-17,1.0789041506767025e-17,,,1.0,100.0,PASS
D_inventory,Direct,100_1000,tu_bound,5.081619367396446e-18,5.081619367396446e-18,,0.3201895250417096,1.0,100.0,PASS
D_inventory,Direct,100_1000,phosphate_unreleased,1.0789041506767025e-17,1.0789041506767025e-17,,,1.0,100.0,PASS
D_inventory,Direct,100_1000,unfinished,5.1934971379091804e-18,5.1934971379091804e-18,,0.3249481983664177,1.0,100.0,PASS
D_inventory,Direct,V1_transient,product_extent,0.23434817129228594,0.23434817129228594,,0.9721102567125665,1.0,0.0345,FAIL
D_inventory,Direct,V1_transient,product_current,243.275199527047,36.17582417582418,,0.973100798108188,6.7248004729529995,0.0,FAIL
D_inventory,Direct,V1_transient,pi_current,243.275199527047,36.17582417582418,,291876060022394.1,6.7248004729529995,0.0,FAIL
D_inventory,Direct,V1_transient,pi_extent,0.2192557725279794,0.2192557725279794,,0.97209538404402,1.0,0.0245,FAIL
D_inventory,Direct,V1_transient,gdp_current,3.2248004729530004,0.47953846153846164,,0.9213715637008573,6.7248004729529995,0.0,FAIL
D_inventory,Direct,V1_transient,gdp_extent,0.05071300913581686,0.05071300913581686,,0.8871633182082416,1.0,0.25,FAIL
D_inventory,Direct,V1_transient,bound_pi,0.25,0.25,,1.0,1.0,0.0,FAIL
D_inventory,Direct,V1_transient,bound_gdp,0.75,0.75,,1.0,1.0,0.0,FAIL
D_inventory,Direct,V1_transient,bound_gtp,1.0,1.0,,,1.0,0.0,FAIL
D_inventory,Direct,V1_transient,tu_bound,0.25,0.25,,0.3438865365140601,1.0,0.0,FAIL
D_inventory,Direct,V1_transient,phosphate_unreleased,0.9692557725279795,0.9692557725279795,,4.3402932354099464e+16,1.0,0.0245,FAIL
D_inventory,Direct,V1_transient,unfinished,0.2343481712922857,0.2343481712922857,,0.3344793307584616,1.0,0.0345,FAIL
D_inventory,Direct,V1_post,product_extent,0.1943470305324124,0.1943470305324124,,0.46335928226275197,1.0,0.255,FAIL
D_inventory,Direct,V1_post,product_current,1.1471725599877054,0.1705883415577322,,0.9106305446297103,6.7248004729529995,0.255,FAIL
D_inventory,Direct,V1_post,pi_current,5.211158831972126,0.7749164979587563,,Infinity (floating-point overflow; raw Inf retained),6.7248004729529995,0.255,FAIL
D_inventory,Direct,V1_post,pi_extent,0.7499546000700823,0.7499546000700823,,2.9998184002803323,1.0,10.0,FAIL
D_inventory,Direct,V1_post,gdp_current,1.1756204638916037,0.17481863865254046,,0.9240992393048437,6.7248004729529995,0.255,FAIL
D_inventory,Direct,V1_post,gdp_extent,0.24997726785471552,0.24997726785471552,,0.33331309776564155,1.0,10.0,FAIL
D_inventory,Direct,V1_post,bound_pi,8.556320923759976e-18,8.556320923759976e-18,,1.0,1.0,0.255,PASS
D_inventory,Direct,V1_post,bound_gdp,0.5765054811543616,0.5765054811543616,,1.0,1.0,0.255,FAIL
D_inventory,Direct,V1_post,bound_gtp,0.7749164979587575,0.7749164979587575,,,1.0,0.255,FAIL
D_inventory,Direct,V1_post,tu_bound,0.19841101680439588,0.19841101680439588,,1.00283930048255,1.0,0.255,FAIL
D_inventory,Direct,V1_post,phosphate_unreleased,0.7749164979587575,0.7749164979587575,,Infinity (floating-point overflow; raw Inf retained),1.0,0.255,FAIL
D_inventory,Direct,V1_post,unfinished,0.19434703053241142,0.19434703053241142,,0.988819425379172,1.0,0.255,FAIL
D_inventory,Two-stage,early_0_10,product_extent,0.23865930278735248,0.23865930278735248,,0.9783232163311877,1.0,0.0365,FAIL
D_inventory,Two-stage,early_0_10,product_current,244.78649453823238,36.40055872627869,,0.9791459781529295,6.7248004729529995,0.0,FAIL
D_inventory,Two-stage,early_0_10,pi_current,198.4126984126984,29.50462236176522,,1.5406374306569709e+255,6.7248004729529995,0.0,FAIL
D_inventory,Two-stage,early_0_10,pi_extent,0.13162857245749804,0.13162857245749804,,0.7875186944482305,1.0,0.0135,FAIL
D_inventory,Two-stage,early_0_10,gdp_current,1.7135054617676264,0.2548039110839508,,0.4895729890764647,6.7248004729529995,0.0,FAIL
D_inventory,Two-stage,early_0_10,gdp_extent,0.24998996973108634,0.24998996973108634,,0.4667625504803442,1.0,10.0,FAIL
D_inventory,Two-stage,early_0_10,bound_pi,0.25,0.25,,1.0,1.0,0.0,FAIL
D_inventory,Two-stage,early_0_10,bound_gdp,0.22111780192457575,0.22111780192457575,,0.4424900393177116,1.0,0.115,FAIL
D_inventory,Two-stage,early_0_10,bound_gtp,0.25,0.25,,,1.0,0.0,FAIL
D_inventory,Two-stage,early_0_10,tu_bound,0.25,0.25,,0.4424900393177116,1.0,0.0,FAIL
D_inventory,Two-stage,early_0_10,phosphate_unreleased,0.13162857245749815,0.13162857245749815,,7.466166010106859e+255,1.0,0.0135,FAIL
D_inventory,Two-stage,early_0_10,unfinished,0.2386593027873516,0.2386593027873516,,0.4323926090424876,1.0,0.0365,FAIL
D_inventory,Two-stage,late_5_10,product_extent,0.0015859366355419624,0.0015859366355419624,,0.0015925571325641039,1.0,5.0,PASS
D_inventory,Two-stage,late_5_10,product_current,0.010822101445941725,0.0016092821622690487,,0.42243556012163636,6.7248004729529995,5.0,PASS
D_inventory,Two-stage,late_5_10,pi_current,1.2060855198474301e-65,1.7934889290742226e-66,,1.5406374306569709e+255,6.7248004729529995,5.0,PASS
D_inventory,Two-stage,late_5_10,pi_extent,5.551115123125783e-17,5.551115123125783e-17,,2.2204460492503155e-16,1.0,5.0,PASS
D_inventory,Two-stage,late_5_10,gdp_current,0.011025801738667008,0.0016395730673367248,,0.4324627997196738,6.7248004729529995,5.0,PASS
D_inventory,Two-stage,late_5_10,gdp_extent,0.24998996973108634,0.24998996973108634,,0.33333003411268197,1.0,10.0,FAIL
D_inventory,Two-stage,late_5_10,bound_pi,3.5e-323,3.5e-323,,1.0,1.0,5.0,PASS
D_inventory,Two-stage,late_5_10,bound_gdp,0.0016150366773591256,0.0016150366773591256,,0.4424900393177116,1.0,5.0,PASS
D_inventory,Two-stage,late_5_10,bound_gtp,5.844875980799084e-68,5.844875980799084e-68,,,1.0,5.0,PASS
D_inventory,Two-stage,late_5_10,tu_bound,0.0016150366773591256,0.0016150366773591256,,0.4424900393177116,1.0,5.0,PASS
D_inventory,Two-stage,late_5_10,phosphate_unreleased,5.844875980799084e-68,5.844875980799084e-68,,7.466166010106859e+255,1.0,5.0,PASS
D_inventory,Two-stage,late_5_10,unfinished,0.0015859366355412277,0.0015859366355412277,,0.4323926090424876,1.0,5.0,PASS
D_inventory,Two-stage,macro_10_end,product_extent,9.870475871309736e-06,9.870475871309736e-06,,9.87070119550799e-06,1.0,10.0,PASS
D_inventory,Two-stage,macro_10_end,product_current,6.750226393623782e-05,1.003780918225462e-05,,6.295412647942508,6.7248004729529995,10.0,PASS
D_inventory,Two-stage,macro_10_end,pi_current,2.8743585340746595e-132,4.274265899241571e-133,,,6.7248004729529995,10.0,PASS
D_inventory,Two-stage,macro_10_end,pi_extent,5.551115123125783e-17,5.551115123125783e-17,,2.2204460492503155e-16,1.0,10.0,PASS
D_inventory,Two-stage,macro_10_end,gdp_current,6.862081524242424e-05,1.0204141449016319e-05,,6.346840531665266,6.7248004729529995,10.0,PASS
D_inventory,Two-stage,macro_10_end,gdp_extent,0.2500000000000022,0.2500000000000022,,0.3333333333333393,1.0,31.866424217867316,FAIL
D_inventory,Two-stage,macro_10_end,bound_pi,0.0,0.0,,,1.0,10.0,PASS
D_inventory,Two-stage,macro_10_end,bound_gdp,1.0030268913737768e-05,1.0030268913737768e-05,,6.398268415386922,1.0,10.0,PASS
D_inventory,Two-stage,macro_10_end,bound_gtp,1.3929583665131043e-134,1.3929583665131043e-134,,,1.0,10.0,PASS
D_inventory,Two-stage,macro_10_end,tu_bound,1.0030268913737768e-05,1.0030268913737768e-05,,6.398268415386922,1.0,10.0,PASS
D_inventory,Two-stage,macro_10_end,phosphate_unreleased,1.3929583665131043e-134,1.3929583665131043e-134,,,1.0,10.0,PASS
D_inventory,Two-stage,macro_10_end,unfinished,9.870475869996845e-06,9.870475869996845e-06,,6.346480536479206,1.0,10.0,PASS
D_inventory,Two-stage,10_100,product_extent,9.870475871309736e-06,9.870475871309736e-06,,9.87070119550799e-06,1.0,10.0,PASS
D_inventory,Two-stage,10_100,product_current,6.750226393623782e-05,1.003780918225462e-05,,6.295412647942508,6.7248004729529995,10.0,PASS
D_inventory,Two-stage,10_100,pi_current,2.8743585340746595e-132,4.274265899241571e-133,,,6.7248004729529995,10.0,PASS
D_inventory,Two-stage,10_100,pi_extent,5.551115123125783e-17,5.551115123125783e-17,,2.2204460492503155e-16,1.0,10.0,PASS
D_inventory,Two-stage,10_100,gdp_current,6.862081524242424e-05,1.0204141449016319e-05,,6.346840531665266,6.7248004729529995,10.0,PASS
D_inventory,Two-stage,10_100,gdp_extent,0.2500000000000022,0.2500000000000022,,0.3333333333333393,1.0,31.866424217867316,FAIL
D_inventory,Two-stage,10_100,bound_pi,0.0,0.0,,,1.0,10.0,PASS
D_inventory,Two-stage,10_100,bound_gdp,1.0030268913737768e-05,1.0030268913737768e-05,,6.398268415386922,1.0,10.0,PASS
D_inventory,Two-stage,10_100,bound_gtp,1.3929583665131043e-134,1.3929583665131043e-134,,,1.0,10.0,PASS
D_inventory,Two-stage,10_100,tu_bound,1.0030268913737768e-05,1.0030268913737768e-05,,6.398268415386922,1.0,10.0,PASS
D_inventory,Two-stage,10_100,phosphate_unreleased,1.3929583665131043e-134,1.3929583665131043e-134,,,1.0,10.0,PASS
D_inventory,Two-stage,10_100,unfinished,9.870475869996845e-06,9.870475869996845e-06,,6.346480536479206,1.0,10.0,PASS
D_inventory,Two-stage,100_1000,product_extent,8.881784197001252e-16,8.881784197001252e-16,,8.881784197001242e-16,1.0,100.0,PASS
D_inventory,Two-stage,100_1000,product_current,9.27846701691088e-18,1.379738633767451e-18,,0.08293396422173745,6.7248004729529995,100.0,PASS
D_inventory,Two-stage,100_1000,pi_current,2.1545370453766185e-232,3.2038676151688357e-233,,,6.7248004729529995,100.0,PASS
D_inventory,Two-stage,100_1000,pi_extent,5.551115123125783e-17,5.551115123125783e-17,,2.2204460492503155e-16,1.0,100.0,PASS
D_inventory,Two-stage,100_1000,gdp_current,8.495322623320623e-18,1.2632824806458756e-18,,0.0764692489644796,6.7248004729529995,100.0,PASS
D_inventory,Two-stage,100_1000,gdp_extent,0.2500000000000002,0.2500000000000002,,0.33333333333333365,1.0,100.0,FAIL
D_inventory,Two-stage,100_1000,bound_pi,0.0,0.0,,,1.0,100.0,PASS
D_inventory,Two-stage,100_1000,bound_gdp,1.1110182141214093e-18,1.1110182141214093e-18,,0.07000453370723102,1.0,100.0,PASS
D_inventory,Two-stage,100_1000,bound_gtp,1.0441217989132843e-234,1.0441217989132843e-234,,,1.0,100.0,PASS
D_inventory,Two-stage,100_1000,tu_bound,1.1110182141214093e-18,1.1110182141214093e-18,,0.07000453370723102,1.0,100.0,PASS
D_inventory,Two-stage,100_1000,phosphate_unreleased,1.0441217989132843e-234,1.0441217989132843e-234,,,1.0,100.0,PASS
D_inventory,Two-stage,100_1000,unfinished,1.2228959846341439e-18,1.2228959846341439e-18,,0.07651450197128047,1.0,100.0,PASS
D_inventory,Two-stage,V1_transient,product_extent,0.23865930278735248,0.23865930278735248,,0.9783232163311877,1.0,0.0365,FAIL
D_inventory,Two-stage,V1_transient,product_current,244.78649453823238,36.40055872627869,,0.9791459781529295,6.7248004729529995,0.0,FAIL
D_inventory,Two-stage,V1_transient,pi_current,198.4126984126984,29.50462236176522,,1339907709339.336,6.7248004729529995,0.0,FAIL
D_inventory,Two-stage,V1_transient,pi_extent,0.13162857245749804,0.13162857245749804,,0.7875186944482305,1.0,0.0135,FAIL
D_inventory,Two-stage,V1_transient,gdp_current,1.7135054617676264,0.2548039110839508,,0.4895729890764647,6.7248004729529995,0.0,FAIL
D_inventory,Two-stage,V1_transient,gdp_extent,0.050517798295368316,0.050517798295368316,,0.4667625504803442,1.0,0.25,FAIL
D_inventory,Two-stage,V1_transient,bound_pi,0.25,0.25,,1.0,1.0,0.0,FAIL
D_inventory,Two-stage,V1_transient,bound_gdp,0.22111780192457575,0.22111780192457575,,0.34402233396790716,1.0,0.115,FAIL
D_inventory,Two-stage,V1_transient,bound_gtp,0.25,0.25,,,1.0,0.0,FAIL
D_inventory,Two-stage,V1_transient,tu_bound,0.25,0.25,,0.34422338930871993,1.0,0.0,FAIL
D_inventory,Two-stage,V1_transient,phosphate_unreleased,0.13162857245749815,0.13162857245749815,,6493398899109.859,1.0,0.0135,FAIL
D_inventory,Two-stage,V1_transient,unfinished,0.2386593027873516,0.2386593027873516,,0.33481382558355877,1.0,0.0365,FAIL
D_inventory,Two-stage,V1_post,product_extent,0.1944112787424477,0.1944112787424477,,0.4635124618837993,1.0,0.255,FAIL
D_inventory,Two-stage,V1_post,product_current,1.322474134125569,0.1966562635493099,,0.42243556012163636,6.7248004729529995,0.255,FAIL
D_inventory,Two-stage,V1_post,pi_current,0.0206229591251307,0.0030667020096842713,,1.5406374306569709e+255,6.7248004729529995,0.255,PASS
D_inventory,Two-stage,V1_post,pi_extent,9.994203268323676e-05,9.994203268323676e-05,,0.00039976813073294747,1.0,0.255,PASS
D_inventory,Two-stage,V1_post,gdp_current,1.3509220380294673,0.20088656064411817,,0.4324627997196738,6.7248004729529995,0.255,FAIL
D_inventory,Two-stage,V1_post,gdp_extent,0.24998996973108634,0.24998996973108634,,0.33333003411268197,1.0,10.0,FAIL
D_inventory,Two-stage,V1_post,bound_pi,8.556320923759976e-18,8.556320923759976e-18,,1.0,1.0,0.255,PASS
D_inventory,Two-stage,V1_post,bound_gdp,0.1983753229817481,0.1983753229817481,,0.4424900393177116,1.0,0.255,FAIL
D_inventory,Two-stage,V1_post,bound_gtp,9.994203268336716e-05,9.994203268336716e-05,,,1.0,0.255,PASS
D_inventory,Two-stage,V1_post,tu_bound,0.19847526501443147,0.19847526501443147,,0.4424900393177116,1.0,0.255,FAIL
D_inventory,Two-stage,V1_post,phosphate_unreleased,9.994203268335861e-05,9.994203268335861e-05,,7.466166010106859e+255,1.0,0.255,PASS
D_inventory,Two-stage,V1_post,unfinished,0.194411278742447,0.194411278742447,,0.4323926090424876,1.0,0.255,FAIL
D_inventory,Three-stage,early_0_10,product_extent,0.23491818637690226,0.23491818637690226,,0.9781167886044977,1.0,0.0335,FAIL
D_inventory,Three-stage,early_0_10,product_current,244.78649453823238,36.40055872627869,,0.9791459781529295,6.7248004729529995,0.0,FAIL
D_inventory,Three-stage,early_0_10,pi_current,3.847617335850373e-09,5.721533822937061e-10,,1.0,6.7248004729529995,0.0035000000000000005,PASS
D_inventory,Three-stage,early_0_10,pi_extent,3.8476583030799816e-12,3.8476583030799816e-12,,4.9780615800708934e-11,1.0,0.0035000000000000005,PASS
D_inventory,Three-stage,early_0_10,gdp_current,1.7135054617676264,0.2548039110839508,,0.4895729890764647,6.7248004729529995,0.0,FAIL
D_inventory,Three-stage,early_0_10,gdp_extent,0.24999019551859714,0.24999019551859714,,0.48073051101893866,1.0,10.0,FAIL
D_inventory,Three-stage,early_0_10,bound_pi,3.847616669716558e-12,3.847616669716558e-12,,1.0,1.0,0.0035000000000000005,PASS
D_inventory,Three-stage,early_0_10,bound_gdp,0.25,0.25,,0.4325293169440609,1.0,0.0,FAIL
D_inventory,Three-stage,early_0_10,bound_gtp,0.0,0.0,,,1.0,0.0,PASS
D_inventory,Three-stage,early_0_10,tu_bound,0.25,0.25,,0.4325293169440609,1.0,0.0,FAIL
D_inventory,Three-stage,early_0_10,phosphate_unreleased,3.847616669716558e-12,3.847616669716558e-12,,1.0,1.0,0.0035000000000000005,PASS
D_inventory,Three-stage,early_0_10,unfinished,0.23491818637690176,0.23491818637690176,,0.4225016117254524,1.0,0.0335,FAIL
D_inventory,Three-stage,late_5_10,product_extent,0.001546279292423125,0.001546279292423125,,0.0015527342397529647,1.0,5.0,PASS
D_inventory,Three-stage,late_5_10,product_current,0.010546429746011155,0.001568288871681571,,0.41261331849598093,6.7248004729529995,5.0,PASS
D_inventory,Three-stage,late_5_10,pi_current,9.88e-321,1.467e-321,,1.0,6.7248004729529995,5.0,PASS
D_inventory,Three-stage,late_5_10,pi_extent,1.6653345369377348e-16,1.6653345369377348e-16,,6.661338147750947e-16,1.0,5.0,PASS
D_inventory,Three-stage,late_5_10,gdp_current,0.010750130038736438,0.001598579776749247,,0.42257131772002077,6.7248004729529995,5.0,PASS
D_inventory,Three-stage,late_5_10,gdp_extent,0.24999019551859714,0.24999019551859714,,0.3333303351717955,1.0,10.0,FAIL
D_inventory,Three-stage,late_5_10,bound_pi,1e-323,1e-323,,1.0,1.0,5.0,PASS
D_inventory,Three-stage,late_5_10,bound_gdp,0.0015753793342405424,0.0015753793342405424,,0.4325293169440609,1.0,5.0,PASS
D_inventory,Three-stage,late_5_10,bound_gtp,0.0,0.0,,,1.0,5.0,PASS
D_inventory,Three-stage,late_5_10,tu_bound,0.0015753793342405424,0.0015753793342405424,,0.4325293169440609,1.0,5.0,PASS
D_inventory,Three-stage,late_5_10,phosphate_unreleased,1e-323,1e-323,,1.0,1.0,5.0,PASS
D_inventory,Three-stage,late_5_10,unfinished,0.0015462792924226445,0.0015462792924226445,,0.4225016117254524,1.0,5.0,PASS
D_inventory,Three-stage,macro_10_end,product_extent,9.644688360510578e-06,9.644688360510578e-06,,9.644908530409231e-06,1.0,10.0,PASS
D_inventory,Three-stage,macro_10_end,product_current,6.593273805051555e-05,9.804415508786555e-06,,48.80702765856885,6.7248004729529995,10.0,PASS
D_inventory,Three-stage,macro_10_end,pi_current,0.0,0.0,,,6.7248004729529995,10.0,PASS
D_inventory,Three-stage,macro_10_end,pi_extent,1.6653345369377348e-16,1.6653345369377348e-16,,6.661338147750947e-16,1.0,10.0,PASS
D_inventory,Three-stage,macro_10_end,gdp_current,6.705128935670198e-05,9.970747775548255e-06,,49.14403590993887,6.7248004729529995,10.0,PASS
D_inventory,Three-stage,macro_10_end,gdp_extent,0.25000000000001177,0.25000000000001177,,0.3333333333333523,1.0,32.359365692962825,FAIL
D_inventory,Three-stage,macro_10_end,bound_pi,0.0,0.0,,,1.0,10.0,PASS
D_inventory,Three-stage,macro_10_end,bound_gdp,9.804481404177433e-06,9.804481404177433e-06,,49.48104416130844,1.0,10.0,PASS
D_inventory,Three-stage,macro_10_end,bound_gtp,0.0,0.0,,,1.0,10.0,PASS
D_inventory,Three-stage,macro_10_end,tu_bound,9.804481404177433e-06,9.804481404177433e-06,,49.48104416130844,1.0,10.0,PASS
D_inventory,Three-stage,macro_10_end,phosphate_unreleased,0.0,0.0,,,1.0,10.0,PASS
D_inventory,Three-stage,macro_10_end,unfinished,9.64468836043651e-06,9.64468836043651e-06,,49.14167685217928,1.0,10.0,PASS
D_inventory,Three-stage,10_100,product_extent,9.644688360510578e-06,9.644688360510578e-06,,9.644908530409231e-06,1.0,10.0,PASS
D_inventory,Three-stage,10_100,product_current,6.593273805051555e-05,9.804415508786555e-06,,48.80702765856885,6.7248004729529995,10.0,PASS
D_inventory,Three-stage,10_100,pi_current,0.0,0.0,,,6.7248004729529995,10.0,PASS
D_inventory,Three-stage,10_100,pi_extent,1.6653345369377348e-16,1.6653345369377348e-16,,6.661338147750947e-16,1.0,10.0,PASS
D_inventory,Three-stage,10_100,gdp_current,6.705128935670198e-05,9.970747775548255e-06,,49.14403590993887,6.7248004729529995,10.0,PASS
D_inventory,Three-stage,10_100,gdp_extent,0.25000000000001177,0.25000000000001177,,0.3333333333333523,1.0,32.359365692962825,FAIL
D_inventory,Three-stage,10_100,bound_pi,0.0,0.0,,,1.0,10.0,PASS
D_inventory,Three-stage,10_100,bound_gdp,9.804481404177433e-06,9.804481404177433e-06,,49.48104416130844,1.0,10.0,PASS
D_inventory,Three-stage,10_100,bound_gtp,0.0,0.0,,,1.0,10.0,PASS
D_inventory,Three-stage,10_100,tu_bound,9.804481404177433e-06,9.804481404177433e-06,,49.48104416130844,1.0,10.0,PASS
D_inventory,Three-stage,10_100,phosphate_unreleased,0.0,0.0,,,1.0,10.0,PASS
D_inventory,Three-stage,10_100,unfinished,9.64468836043651e-06,9.64468836043651e-06,,49.14167685217928,1.0,10.0,PASS
D_inventory,Three-stage,100_1000,product_extent,6.661338147750939e-16,6.661338147750939e-16,,6.661338147750932e-16,1.0,100.0,PASS
D_inventory,Three-stage,100_1000,product_current,5.906660462655358e-17,8.783398833038715e-18,,0.5279565757867001,6.7248004729529995,100.0,PASS
D_inventory,Three-stage,100_1000,pi_current,0.0,0.0,,,6.7248004729529995,100.0,PASS
D_inventory,Three-stage,100_1000,pi_extent,1.6653345369377348e-16,1.6653345369377348e-16,,6.661338147750947e-16,1.0,100.0,PASS
D_inventory,Three-stage,100_1000,gdp_current,5.828346023296332e-17,8.66694267991714e-18,,0.5246289786371554,6.7248004729529995,100.0,PASS
D_inventory,Three-stage,100_1000,gdp_extent,0.2500000000000018,0.2500000000000018,,0.3333333333333357,1.0,100.0,FAIL
D_inventory,Three-stage,100_1000,bound_pi,0.0,0.0,,,1.0,100.0,PASS
D_inventory,Three-stage,100_1000,bound_gdp,8.273397438822864e-18,8.273397438822864e-18,,0.5213013814876155,1.0,100.0,PASS
D_inventory,Three-stage,100_1000,bound_gtp,0.0,0.0,,,1.0,100.0,PASS
D_inventory,Three-stage,100_1000,tu_bound,8.273397438822864e-18,8.273397438822864e-18,,0.5213013814876155,1.0,100.0,PASS
D_inventory,Three-stage,100_1000,phosphate_unreleased,0.0,0.0,,,1.0,100.0,PASS
D_inventory,Three-stage,100_1000,unfinished,8.385275209335599e-18,8.385275209335599e-18,,0.5246522718172022,1.0,100.0,PASS
D_inventory,Three-stage,V1_transient,product_extent,0.23491818637690226,0.23491818637690226,,0.9781167886044977,1.0,0.0335,FAIL
D_inventory,Three-stage,V1_transient,product_current,244.78649453823238,36.40055872627869,,0.9791459781529295,6.7248004729529995,0.0,FAIL
D_inventory,Three-stage,V1_transient,pi_current,3.847617335850373e-09,5.721533822937061e-10,,0.004680891607718555,6.7248004729529995,0.0035000000000000005,PASS
D_inventory,Three-stage,V1_transient,pi_extent,3.8476583030799816e-12,3.8476583030799816e-12,,4.9780615800708934e-11,1.0,0.0035000000000000005,PASS
D_inventory,Three-stage,V1_transient,gdp_current,1.7135054617676264,0.2548039110839508,,0.4895729890764647,6.7248004729529995,0.0,FAIL
D_inventory,Three-stage,V1_transient,gdp_extent,0.055892913341794304,0.055892913341794304,,0.48073051101893866,1.0,0.25,FAIL
D_inventory,Three-stage,V1_transient,bound_pi,3.847616669716558e-12,3.847616669716558e-12,,0.004680891607718593,1.0,0.0035000000000000005,PASS
D_inventory,Three-stage,V1_transient,bound_gdp,0.25,0.25,,0.33494817425998785,1.0,0.0,FAIL
D_inventory,Three-stage,V1_transient,bound_gtp,0.0,0.0,,,1.0,0.0,PASS
D_inventory,Three-stage,V1_transient,tu_bound,0.25,0.25,,0.33494817425998785,1.0,0.0,FAIL
D_inventory,Three-stage,V1_transient,phosphate_unreleased,3.847616669716558e-12,3.847616669716558e-12,,0.004680891607718593,1.0,0.0035000000000000005,PASS
D_inventory,Three-stage,V1_transient,unfinished,0.23491818637690176,0.23491818637690176,,0.3256035370401678,1.0,0.0335,FAIL
D_inventory,Three-stage,V1_post,product_extent,0.18906331616877103,0.18906331616877103,,0.45076192953494715,1.0,0.255,FAIL
D_inventory,Three-stage,V1_post,product_current,1.285993355786987,0.19123145154406054,,0.41261331849598093,6.7248004729529995,0.255,FAIL
D_inventory,Three-stage,V1_post,pi_current,2.0798488564821547e-17,3.0928038160347825e-18,,1.0,6.7248004729529995,0.255,PASS
D_inventory,Three-stage,V1_post,pi_extent,1.6653345369377348e-16,1.6653345369377348e-16,,6.661338147750947e-16,1.0,0.255,PASS
D_inventory,Three-stage,V1_post,gdp_current,1.3144412596908852,0.1954617486388688,,0.42257131772002077,6.7248004729529995,0.255,FAIL
D_inventory,Three-stage,V1_post,gdp_extent,0.24999019551859714,0.24999019551859714,,0.3333303351717955,1.0,10.0,FAIL
D_inventory,Three-stage,V1_post,bound_pi,2.0798488564820882e-20,2.0798488564820882e-20,,1.0,1.0,0.255,PASS
D_inventory,Three-stage,V1_post,bound_gdp,0.19312730244075493,0.19312730244075493,,0.4325293169440609,1.0,0.255,FAIL
D_inventory,Three-stage,V1_post,bound_gtp,0.0,0.0,,,1.0,0.255,PASS
D_inventory,Three-stage,V1_post,tu_bound,0.19312730244075493,0.19312730244075493,,0.4325293169440609,1.0,0.255,FAIL
D_inventory,Three-stage,V1_post,phosphate_unreleased,2.0798488564820882e-20,2.0798488564820882e-20,,1.0,1.0,0.255,PASS
D_inventory,Three-stage,V1_post,unfinished,0.18906331616877048,0.18906331616877048,,0.4225016117254524,1.0,0.255,FAIL
C_slow_20,Full,early_0_10,product_extent,0.0,0.0,,0.0,0.1487032967032967,0.0,PASS
C_slow_20,Full,early_0_10,product_current,0.0,0.0,,0.0,1.0,0.0,PASS
C_slow_20,Full,early_0_10,pi_current,0.0,0.0,,0.0,1.0,0.0,PASS
C_slow_20,Full,early_0_10,pi_extent,0.0,0.0,,0.0,0.1487032967032967,0.0,PASS
C_slow_20,Full,early_0_10,gdp_current,0.0,0.0,,0.0,1.0,0.0,PASS
C_slow_20,Full,early_0_10,gdp_extent,0.0,0.0,,0.0,0.1487032967032967,0.0,PASS
C_slow_20,Full,early_0_10,bound_pi,0.0,0.0,,0.0,0.1487032967032967,0.0,PASS
C_slow_20,Full,early_0_10,bound_gdp,0.0,0.0,,0.0,0.1487032967032967,0.0,PASS
C_slow_20,Full,early_0_10,bound_gtp,0.0,0.0,,0.0,0.1487032967032967,0.0,PASS
C_slow_20,Full,early_0_10,tu_bound,0.0,0.0,,0.0,0.1487032967032967,0.0,PASS
C_slow_20,Full,early_0_10,phosphate_unreleased,0.0,0.0,,0.0,0.1487032967032967,0.0,PASS
C_slow_20,Full,early_0_10,unfinished,0.0,0.0,,0.0,0.1487032967032967,0.0,PASS
C_slow_20,Full,late_5_10,product_extent,0.0,0.0,,0.0,0.1487032967032967,5.0,PASS
C_slow_20,Full,late_5_10,product_current,0.0,0.0,,0.0,1.0,5.0,PASS
C_slow_20,Full,late_5_10,pi_current,0.0,0.0,,0.0,1.0,5.0,PASS
C_slow_20,Full,late_5_10,pi_extent,0.0,0.0,,0.0,0.1487032967032967,5.0,PASS
C_slow_20,Full,late_5_10,gdp_current,0.0,0.0,,0.0,1.0,5.0,PASS
C_slow_20,Full,late_5_10,gdp_extent,0.0,0.0,,0.0,0.1487032967032967,5.0,PASS
C_slow_20,Full,late_5_10,bound_pi,0.0,0.0,,0.0,0.1487032967032967,5.0,PASS
C_slow_20,Full,late_5_10,bound_gdp,0.0,0.0,,0.0,0.1487032967032967,5.0,PASS
C_slow_20,Full,late_5_10,bound_gtp,0.0,0.0,,0.0,0.1487032967032967,5.0,PASS
C_slow_20,Full,late_5_10,tu_bound,0.0,0.0,,0.0,0.1487032967032967,5.0,PASS
C_slow_20,Full,late_5_10,phosphate_unreleased,0.0,0.0,,0.0,0.1487032967032967,5.0,PASS
C_slow_20,Full,late_5_10,unfinished,0.0,0.0,,0.0,0.1487032967032967,5.0,PASS
C_slow_20,Full,macro_10_end,product_extent,0.0,0.0,,0.0,0.1487032967032967,10.0,PASS
C_slow_20,Full,macro_10_end,product_current,0.0,0.0,,0.0,1.0,10.0,PASS
C_slow_20,Full,macro_10_end,pi_current,0.0,0.0,,0.0,1.0,10.0,PASS
C_slow_20,Full,macro_10_end,pi_extent,0.0,0.0,,0.0,0.1487032967032967,10.0,PASS
C_slow_20,Full,macro_10_end,gdp_current,0.0,0.0,,0.0,1.0,10.0,PASS
C_slow_20,Full,macro_10_end,gdp_extent,0.0,0.0,,0.0,0.1487032967032967,10.0,PASS
C_slow_20,Full,macro_10_end,bound_pi,0.0,0.0,,0.0,0.1487032967032967,10.0,PASS
C_slow_20,Full,macro_10_end,bound_gdp,0.0,0.0,,0.0,0.1487032967032967,10.0,PASS
C_slow_20,Full,macro_10_end,bound_gtp,0.0,0.0,,0.0,0.1487032967032967,10.0,PASS
C_slow_20,Full,macro_10_end,tu_bound,0.0,0.0,,0.0,0.1487032967032967,10.0,PASS
C_slow_20,Full,macro_10_end,phosphate_unreleased,0.0,0.0,,0.0,0.1487032967032967,10.0,PASS
C_slow_20,Full,macro_10_end,unfinished,0.0,0.0,,0.0,0.1487032967032967,10.0,PASS
C_slow_20,Full,10_100,product_extent,0.0,0.0,,0.0,0.1487032967032967,10.0,PASS
C_slow_20,Full,10_100,product_current,0.0,0.0,,0.0,1.0,10.0,PASS
C_slow_20,Full,10_100,pi_current,0.0,0.0,,0.0,1.0,10.0,PASS
C_slow_20,Full,10_100,pi_extent,0.0,0.0,,0.0,0.1487032967032967,10.0,PASS
C_slow_20,Full,10_100,gdp_current,0.0,0.0,,0.0,1.0,10.0,PASS
C_slow_20,Full,10_100,gdp_extent,0.0,0.0,,0.0,0.1487032967032967,10.0,PASS
C_slow_20,Full,10_100,bound_pi,0.0,0.0,,0.0,0.1487032967032967,10.0,PASS
C_slow_20,Full,10_100,bound_gdp,0.0,0.0,,0.0,0.1487032967032967,10.0,PASS
C_slow_20,Full,10_100,bound_gtp,0.0,0.0,,0.0,0.1487032967032967,10.0,PASS
C_slow_20,Full,10_100,tu_bound,0.0,0.0,,0.0,0.1487032967032967,10.0,PASS
C_slow_20,Full,10_100,phosphate_unreleased,0.0,0.0,,0.0,0.1487032967032967,10.0,PASS
C_slow_20,Full,10_100,unfinished,0.0,0.0,,0.0,0.1487032967032967,10.0,PASS
C_slow_20,Full,100_1000,product_extent,0.0,0.0,,0.0,0.1487032967032967,100.0,PASS
C_slow_20,Full,100_1000,product_current,0.0,0.0,,0.0,1.0,100.0,PASS
C_slow_20,Full,100_1000,pi_current,0.0,0.0,,0.0,1.0,100.0,PASS
C_slow_20,Full,100_1000,pi_extent,0.0,0.0,,0.0,0.1487032967032967,100.0,PASS
C_slow_20,Full,100_1000,gdp_current,0.0,0.0,,0.0,1.0,100.0,PASS
C_slow_20,Full,100_1000,gdp_extent,0.0,0.0,,0.0,0.1487032967032967,100.0,PASS
C_slow_20,Full,100_1000,bound_pi,0.0,0.0,,0.0,0.1487032967032967,100.0,PASS
C_slow_20,Full,100_1000,bound_gdp,0.0,0.0,,0.0,0.1487032967032967,100.0,PASS
C_slow_20,Full,100_1000,bound_gtp,0.0,0.0,,0.0,0.1487032967032967,100.0,PASS
C_slow_20,Full,100_1000,tu_bound,0.0,0.0,,0.0,0.1487032967032967,100.0,PASS
C_slow_20,Full,100_1000,phosphate_unreleased,0.0,0.0,,0.0,0.1487032967032967,100.0,PASS
C_slow_20,Full,100_1000,unfinished,0.0,0.0,,0.0,0.1487032967032967,100.0,PASS
C_slow_20,Full,V1_transient,product_extent,0.0,0.0,,0.0,0.1487032967032967,0.0,PASS
C_slow_20,Full,V1_transient,product_current,0.0,0.0,,0.0,1.0,0.0,PASS
C_slow_20,Full,V1_transient,pi_current,0.0,0.0,,0.0,1.0,0.0,PASS
C_slow_20,Full,V1_transient,pi_extent,0.0,0.0,,0.0,0.1487032967032967,0.0,PASS
C_slow_20,Full,V1_transient,gdp_current,0.0,0.0,,0.0,1.0,0.0,PASS
C_slow_20,Full,V1_transient,gdp_extent,0.0,0.0,,0.0,0.1487032967032967,0.0,PASS
C_slow_20,Full,V1_transient,bound_pi,0.0,0.0,,0.0,0.1487032967032967,0.0,PASS
C_slow_20,Full,V1_transient,bound_gdp,0.0,0.0,,0.0,0.1487032967032967,0.0,PASS
C_slow_20,Full,V1_transient,bound_gtp,0.0,0.0,,0.0,0.1487032967032967,0.0,PASS
C_slow_20,Full,V1_transient,tu_bound,0.0,0.0,,0.0,0.1487032967032967,0.0,PASS
C_slow_20,Full,V1_transient,phosphate_unreleased,0.0,0.0,,0.0,0.1487032967032967,0.0,PASS
C_slow_20,Full,V1_transient,unfinished,0.0,0.0,,0.0,0.1487032967032967,0.0,PASS
C_slow_20,Full,V1_post,product_extent,0.0,0.0,,0.0,0.1487032967032967,0.255,PASS
C_slow_20,Full,V1_post,product_current,0.0,0.0,,0.0,1.0,0.255,PASS
C_slow_20,Full,V1_post,pi_current,0.0,0.0,,0.0,1.0,0.255,PASS
C_slow_20,Full,V1_post,pi_extent,0.0,0.0,,0.0,0.1487032967032967,0.255,PASS
C_slow_20,Full,V1_post,gdp_current,0.0,0.0,,0.0,1.0,0.255,PASS
C_slow_20,Full,V1_post,gdp_extent,0.0,0.0,,0.0,0.1487032967032967,0.255,PASS
C_slow_20,Full,V1_post,bound_pi,0.0,0.0,,0.0,0.1487032967032967,0.255,PASS
C_slow_20,Full,V1_post,bound_gdp,0.0,0.0,,0.0,0.1487032967032967,0.255,PASS
C_slow_20,Full,V1_post,bound_gtp,0.0,0.0,,0.0,0.1487032967032967,0.255,PASS
C_slow_20,Full,V1_post,tu_bound,0.0,0.0,,0.0,0.1487032967032967,0.255,PASS
C_slow_20,Full,V1_post,phosphate_unreleased,0.0,0.0,,0.0,0.1487032967032967,0.255,PASS
C_slow_20,Full,V1_post,unfinished,0.0,0.0,,0.0,0.1487032967032967,0.255,PASS
C_slow_20,Direct,early_0_10,product_extent,0.0020575062411523,0.013836318943604736,,555621.0522797548,0.1487032967032967,0.965,FAIL
C_slow_20,Direct,early_0_10,product_current,0.033451783433839075,0.033451783433839075,,223148.38448654808,1.0,0.084,FAIL
C_slow_20,Direct,early_0_10,pi_current,0.8736534773618025,0.8736534773618025,,0.950155572752065,1.0,0.10400000000000001,FAIL
C_slow_20,Direct,early_0_10,pi_extent,0.1228706769418263,0.8262807864104488,,0.947037580063715,0.1487032967032967,3.185,FAIL
C_slow_20,Direct,early_0_10,gdp_current,0.02733020467676571,0.02733020467676571,,4103.411061270527,1.0,0.0785,FAIL
C_slow_20,Direct,early_0_10,gdp_extent,0.0014851480126102934,0.00998732405760691,,8173.428561081748,0.1487032967032967,0.81,PASS
C_slow_20,Direct,early_0_10,bound_pi,0.0009913723488489184,0.006666781240411733,,1.0,0.1487032967032967,0.18,PASS
C_slow_20,Direct,early_0_10,bound_gdp,0.1234233789886713,0.829997597396474,,1.0,0.1487032967032967,3.09,FAIL
C_slow_20,Direct,early_0_10,bound_gtp,0.12372494033972783,0.8320255373126835,,39.64207042109402,0.1487032967032967,3.18,FAIL
C_slow_20,Direct,early_0_10,tu_bound,0.0014851480126099603,0.00998732405760467,,0.02499581295598939,0.1487032967032967,0.81,PASS
C_slow_20,Direct,early_0_10,phosphate_unreleased,0.12287067694182817,0.8262807864104613,,31.25337286129217,0.1487032967032967,3.185,FAIL
C_slow_20,Direct,early_0_10,unfinished,0.0020575062411520295,0.013836318943602917,,0.030585918328294964,0.1487032967032967,0.965,FAIL
C_slow_20,Direct,late_5_10,product_extent,0.0001962603865267587,0.0013198119401370855,,0.000242849576519256,0.1487032967032967,8.265,PASS
C_slow_20,Direct,late_5_10,product_current,0.0009985972883675975,0.0009985972883675975,,0.001227235842762451,1.0,5.0,PASS
C_slow_20,Direct,late_5_10,pi_current,0.035287624374151005,0.035287624374151005,,0.05083814111964891,1.0,6.34,FAIL
C_slow_20,Direct,late_5_10,pi_extent,0.11707149259173566,0.7872824287502176,,0.17898603401908217,0.1487032967032967,5.0,FAIL
C_slow_20,Direct,late_5_10,gdp_current,0.000765060542818885,0.000765060542818885,,0.0009404985195070739,1.0,5.0,PASS
C_slow_20,Direct,late_5_10,gdp_extent,0.0009311247661500932,0.006261628267784398,,0.0016035830670421086,0.1487032967032967,6.49,PASS
C_slow_20,Direct,late_5_10,bound_pi,0.0007800715477425794,0.005245825513196477,,1.0,0.1487032967032967,5.0,PASS
C_slow_20,Direct,late_5_10,bound_gdp,0.11698904050722926,0.786727954933333,,1.0,0.1487032967032967,5.0,FAIL
C_slow_20,Direct,late_5_10,bound_gtp,0.11785156413944581,0.792528254263196,,39.64207042109402,0.1487032967032967,5.0,FAIL
C_slow_20,Direct,late_5_10,tu_bound,0.000931124766119118,0.006261628267576096,,0.008783032403360046,0.1487032967032967,6.49,PASS
C_slow_20,Direct,late_5_10,phosphate_unreleased,0.11707149259170323,0.7872824287499995,,31.25337286129217,0.1487032967032967,5.0,FAIL
C_slow_20,Direct,late_5_10,unfinished,0.00019626038701725523,0.0013198119434355768,,0.0019862184742086967,0.1487032967032967,8.265,PASS
C_slow_20,Direct,macro_10_end,product_extent,0.00018818391915087496,0.001265499308507953,,0.00017498010632456656,0.1487032967032967,10.0,PASS
C_slow_20,Direct,macro_10_end,product_current,5.5748801693011885e-05,5.5748801693011885e-05,,0.00010037977136727491,1.0,11.615863496415422,PASS
C_slow_20,Direct,macro_10_end,pi_current,0.03088520438314679,0.03088520438314679,,0.05091680844235478,1.0,10.0,FAIL
C_slow_20,Direct,macro_10_end,pi_extent,0.09198965659728531,0.6186120861922083,,0.07880816982350919,0.1487032967032967,10.0,FAIL
C_slow_20,Direct,macro_10_end,gdp_current,0.0002637215220112621,0.0002637215220112621,,0.000436766653444739,1.0,10.0,PASS
C_slow_20,Direct,macro_10_end,gdp_extent,0.0008265401551832419,0.0055583176264909105,,0.0007680905438088647,0.1487032967032967,10.0,PASS
C_slow_20,Direct,macro_10_end,bound_pi,0.0006075203322335812,0.004085453017532951,,1.0,0.1487032967032967,10.0,PASS
C_slow_20,Direct,macro_10_end,bound_gdp,0.09177063677433597,0.6171392215832525,,1.0,0.1487032967032967,10.0,FAIL
C_slow_20,Direct,macro_10_end,bound_gtp,0.09259717693014963,0.6226975392139829,,39.64511294757278,0.1487032967032967,10.0,FAIL
C_slow_20,Direct,macro_10_end,tu_bound,0.0008265401558136543,0.005558317630730308,,0.008808351623917224,0.1487032967032967,10.0,PASS
C_slow_20,Direct,macro_10_end,phosphate_unreleased,0.09198965659791604,0.6186120861964498,,31.255787397262978,0.1487032967032967,10.0,FAIL
C_slow_20,Direct,macro_10_end,unfinished,0.00018818391978185633,0.001265499312751177,,0.0020113539296572696,0.1487032967032967,10.0,PASS
C_slow_20,Direct,10_100,product_extent,0.00018818391915087496,0.001265499308507953,,0.00017498010632456656,0.1487032967032967,10.0,PASS
C_slow_20,Direct,10_100,product_current,5.5748801693011885e-05,5.5748801693011885e-05,,0.00010037578315913536,1.0,11.615863496415422,PASS
C_slow_20,Direct,10_100,pi_current,0.03088520438314679,0.03088520438314679,,0.050916804251500594,1.0,10.0,FAIL
C_slow_20,Direct,10_100,pi_extent,0.09198965659728531,0.6186120861922083,,0.07880816982350919,0.1487032967032967,10.0,FAIL
C_slow_20,Direct,10_100,gdp_current,0.0002637215220112621,0.0002637215220112621,,0.0004367626638954005,1.0,10.0,PASS
C_slow_20,Direct,10_100,gdp_extent,0.0008265401551832419,0.0055583176264909105,,0.0007680905438088647,0.1487032967032967,10.0,PASS
C_slow_20,Direct,10_100,bound_pi,0.0006075203322335812,0.004085453017532951,,1.0,0.1487032967032967,10.0,PASS
C_slow_20,Direct,10_100,bound_gdp,0.09177063677433597,0.6171392215832525,,1.0,0.1487032967032967,10.0,FAIL
C_slow_20,Direct,10_100,bound_gtp,0.09259717693014963,0.6226975392139829,,39.64511278548789,0.1487032967032967,10.0,FAIL
C_slow_20,Direct,10_100,tu_bound,0.0008265401558136543,0.005558317630730308,,0.00880834760098353,0.1487032967032967,10.0,PASS
C_slow_20,Direct,10_100,phosphate_unreleased,0.09198965659791604,0.6186120861964498,,31.255787268633103,0.1487032967032967,10.0,FAIL
C_slow_20,Direct,10_100,unfinished,0.00018818391978185633,0.001265499312751177,,0.0020113499338286515,0.1487032967032967,10.0,PASS
C_slow_20,Direct,100_1000,product_extent,2.117090528663823e-06,1.4237011388442794e-05,,7.169349747150303e-07,0.1487032967032967,100.0,PASS
C_slow_20,Direct,100_1000,product_current,7.118505704764924e-07,7.118505704764924e-07,,0.00010037977136727491,1.0,100.0,PASS
C_slow_20,Direct,100_1000,pi_current,0.00034363452060653596,0.00034363452060653596,,0.05091680844235478,1.0,100.0,PASS
C_slow_20,Direct,100_1000,pi_extent,0.0010219917214984164,0.006872690412086602,,0.0003459694480899114,0.1487032967032967,100.0,PASS
C_slow_20,Direct,100_1000,gdp_current,3.0964190686107174e-06,3.0964190686107174e-06,,0.000436766653444739,1.0,100.0,PASS
C_slow_20,Direct,100_1000,gdp_extent,9.208954464767771e-06,6.192838134007294e-05,,3.118527805543476e-06,0.1487032967032967,100.0,PASS
C_slow_20,Direct,100_1000,bound_pi,6.748941267710064e-06,4.538528342902866e-05,,1.0,0.1487032967032967,100.0,PASS
C_slow_20,Direct,100_1000,bound_gdp,0.001019531708303137,0.006856147314187515,,1.0,0.1487032967032967,100.0,PASS
C_slow_20,Direct,100_1000,bound_gtp,0.0010287406633655133,0.006918075699546387,,39.64511294757278,0.1487032967032967,100.0,PASS
C_slow_20,Direct,100_1000,tu_bound,9.208955062376322e-06,6.192838535887122e-05,,0.008808351623917224,0.1487032967032967,100.0,PASS
C_slow_20,Direct,100_1000,phosphate_unreleased,0.0010219917220978033,0.006872690416117358,,31.255787397262978,0.1487032967032967,100.0,PASS
C_slow_20,Direct,100_1000,unfinished,2.1170911246302417e-06,1.4237015396198047e-05,,0.0020113539296572696,0.1487032967032967,100.0,PASS
C_slow_20,Direct,V1_transient,product_extent,0.0010310788560579575,0.006933799578870391,,555621.0522797548,0.1487032967032967,0.25,PASS
C_slow_20,Direct,V1_transient,product_current,0.033451783433839075,0.033451783433839075,,223148.38448654808,1.0,0.084,FAIL
C_slow_20,Direct,V1_transient,pi_current,0.8736534773618025,0.8736534773618025,,0.950155572752065,1.0,0.10400000000000001,FAIL
C_slow_20,Direct,V1_transient,pi_extent,0.027887667998738368,0.18753900294747203,,0.947037580063715,0.1487032967032967,0.25,FAIL
C_slow_20,Direct,V1_transient,gdp_current,0.02733020467676571,0.02733020467676571,,4103.411061270527,1.0,0.0785,FAIL
C_slow_20,Direct,V1_transient,gdp_extent,0.0008355734699048607,0.005619064865603186,,8173.428561081748,0.1487032967032967,0.25,PASS
C_slow_20,Direct,V1_transient,bound_pi,0.0009913723488489184,0.006666781240411733,,1.0,0.1487032967032967,0.18,PASS
C_slow_20,Direct,V1_transient,bound_gdp,0.029712344878834132,0.1998095908937264,,1.0,0.1487032967032967,0.25,FAIL
C_slow_20,Direct,V1_transient,bound_gtp,0.02887677140892927,0.19419052602812323,,7.593055044782379,0.1487032967032967,0.25,FAIL
C_slow_20,Direct,V1_transient,tu_bound,0.0008355734699048573,0.005619064865603163,,0.02499581295598939,0.1487032967032967,0.25,PASS
C_slow_20,Direct,V1_transient,phosphate_unreleased,0.027887667998738354,0.18753900294747192,,5.819443367072022,0.1487032967032967,0.25,FAIL
C_slow_20,Direct,V1_transient,unfinished,0.0010310788560579515,0.00693379957887035,,0.030585918328294964,0.1487032967032967,0.25,PASS
C_slow_20,Direct,V1_post,product_extent,0.0020575062411523,0.013836318943604736,,0.3103174784462626,0.1487032967032967,0.965,FAIL
C_slow_20,Direct,V1_post,product_current,0.023968134779611155,0.023968134779611155,,0.12006518891331479,1.0,0.255,FAIL
C_slow_20,Direct,V1_post,pi_current,0.7652770819106305,0.7652770819106305,,0.773889521825277,1.0,0.255,FAIL
C_slow_20,Direct,V1_post,pi_extent,0.1228706769418263,0.8262807864104488,,0.8653157946274554,0.1487032967032967,3.185,FAIL
C_slow_20,Direct,V1_post,gdp_current,0.018441263786424383,0.018441263786424383,,0.08989034696791838,1.0,0.255,FAIL
C_slow_20,Direct,V1_post,gdp_extent,0.0014851480126102934,0.00998732405760691,,0.2372535016835782,0.1487032967032967,0.81,PASS
C_slow_20,Direct,V1_post,bound_pi,0.0009888712281640234,0.006649961702847039,,1.0,0.1487032967032967,0.255,PASS
C_slow_20,Direct,V1_post,bound_gdp,0.1234233789886713,0.829997597396474,,1.0,0.1487032967032967,3.09,FAIL
C_slow_20,Direct,V1_post,bound_gtp,0.12372494033972783,0.8320255373126835,,39.64207042109402,0.1487032967032967,3.18,FAIL
C_slow_20,Direct,V1_post,tu_bound,0.0014851480126099603,0.00998732405760467,,0.024909604985029258,0.1487032967032967,0.81,PASS
C_slow_20,Direct,V1_post,phosphate_unreleased,0.12287067694182817,0.8262807864104613,,31.25337286129217,0.1487032967032967,3.185,FAIL
C_slow_20,Direct,V1_post,unfinished,0.0020575062411520295,0.013836318943602917,,0.03058493014145782,0.1487032967032967,0.965,FAIL
C_slow_20,Two-stage,early_0_10,product_extent,0.00036435069024933625,0.0024501856941094883,,2924.9477540259068,0.1487032967032967,0.935,PASS
C_slow_20,Two-stage,early_0_10,product_current,0.007048925217732992,0.007048925217732992,,1759.6201470827925,1.0,0.064,PASS
C_slow_20,Two-stage,early_0_10,pi_current,0.10334449085687467,0.10334449085687467,,20.854865169393648,1.0,0.009000000000000001,FAIL
C_slow_20,Two-stage,early_0_10,pi_extent,0.0003150492982987288,0.002118643670202802,,31.611325782763252,0.1487032967032967,0.037,PASS
C_slow_20,Two-stage,early_0_10,gdp_current,0.002559188056342032,0.002559188056342032,,31.383279133884297,1.0,0.9300000000000002,PASS
C_slow_20,Two-stage,early_0_10,gdp_extent,0.0008260812250697191,0.005555231413046441,,42.04715910861601,0.1487032967032967,4.66,PASS
C_slow_20,Two-stage,early_0_10,bound_pi,0.0009913723488489184,0.006666781240411733,,1.0,0.1487032967032967,0.18,PASS
C_slow_20,Two-stage,early_0_10,bound_gdp,0.0009933824907317444,0.006680299043496064,,0.20543052641986367,0.1487032967032967,0.20500000000000002,PASS
C_slow_20,Two-stage,early_0_10,bound_gtp,0.0009884837876798936,0.006647356242896121,,0.26042435390718677,0.1487032967032967,0.255,PASS
C_slow_20,Two-stage,early_0_10,tu_bound,0.0008260812250615035,0.005555231412991192,,0.007130766330056332,0.1487032967032967,4.66,PASS
C_slow_20,Two-stage,early_0_10,phosphate_unreleased,0.00031504929829872857,0.0021186436702028007,,0.0986841037001534,0.1487032967032967,0.037,PASS
C_slow_20,Two-stage,early_0_10,unfinished,0.000364350690249135,0.0024501856941081352,,0.0058738972382177705,0.1487032967032967,0.935,PASS
C_slow_20,Two-stage,late_5_10,product_extent,3.427925145893518e-05,0.0002305211264235221,,4.3097939188954185e-05,0.1487032967032967,8.145,PASS
C_slow_20,Two-stage,late_5_10,product_current,0.00016546211375356723,0.00016546211375356723,,0.0002033462727998777,1.0,5.0,PASS
C_slow_20,Two-stage,late_5_10,pi_current,3.3975679114561785e-07,3.3975679114561785e-07,,4.355497008916293e-07,1.0,5.0,PASS
C_slow_20,Two-stage,late_5_10,pi_extent,1.0104591002813024e-06,6.7951358354713646e-06,,1.544851465493381e-06,0.1487032967032967,5.0,PASS
C_slow_20,Two-stage,late_5_10,gdp_current,0.00023391346605583507,0.00023391346605583507,,0.0003499131819184707,1.0,8.165000000000001,PASS
C_slow_20,Two-stage,late_5_10,gdp_extent,0.0008242662638479059,0.0055430261609636,,0.001532455893404356,0.1487032967032967,5.0,PASS
C_slow_20,Two-stage,late_5_10,bound_pi,0.0007800715477425794,0.005245825513196477,,1.0,0.1487032967032967,5.0,PASS
C_slow_20,Two-stage,late_5_10,bound_gdp,6.752839016715972e-05,0.00045411495013387043,,0.0006837040195798629,0.1487032967032967,7.535,PASS
C_slow_20,Two-stage,late_5_10,bound_gtp,0.0007810820068549513,0.005252620649113255,,0.26042435390718677,0.1487032967032967,5.0,PASS
C_slow_20,Two-stage,late_5_10,tu_bound,0.0008242662638598686,0.0055430261610440465,,0.007130766330056332,0.1487032967032967,5.0,PASS
C_slow_20,Two-stage,late_5_10,phosphate_unreleased,1.0104591123718913e-06,6.795135916778163e-06,,0.00026736405933990704,0.1487032967032967,5.0,PASS
C_slow_20,Two-stage,late_5_10,unfinished,3.427925321550229e-05,0.00023052113823608547,,0.0003450847700081183,0.1487032967032967,8.145,PASS
C_slow_20,Two-stage,macro_10_end,product_extent,3.269500238078926e-05,0.0002198673674735311,,3.0400976973413526e-05,0.1487032967032967,10.0,PASS
C_slow_20,Two-stage,macro_10_end,product_current,9.759153660193753e-06,9.759153660193753e-06,,1.7413199860886786e-05,1.0,11.500447324859406,PASS
C_slow_20,Two-stage,macro_10_end,pi_current,2.646050737409311e-07,2.646050737409311e-07,,4.411975004468459e-07,1.0,10.0,PASS
C_slow_20,Two-stage,macro_10_end,pi_extent,7.869529379256335e-07,5.292101489154053e-06,,6.741879801406175e-07,0.1487032967032967,10.0,PASS
C_slow_20,Two-stage,macro_10_end,gdp_current,0.00022329423303502072,0.00022329423303502072,,0.00035377217587321803,1.0,10.0,PASS
C_slow_20,Two-stage,macro_10_end,gdp_extent,0.0006710512384131562,0.004512685685456489,,0.0006235971808557857,0.1487032967032967,10.0,PASS
C_slow_20,Two-stage,macro_10_end,bound_pi,0.0006075203322335812,0.004085453017532951,,1.0,0.1487032967032967,10.0,PASS
C_slow_20,Two-stage,macro_10_end,bound_gdp,6.274395324201709e-05,0.0004219405664368575,,0.0006879045737857055,0.1487032967032967,10.0,PASS
C_slow_20,Two-stage,macro_10_end,bound_gtp,0.00060830727859231,0.004090745074778319,,0.26042436102580757,0.1487032967032967,10.0,PASS
C_slow_20,Two-stage,macro_10_end,tu_bound,0.0006710512318343215,0.004512685641215138,,0.007134542004169478,0.1487032967032967,10.0,PASS
C_slow_20,Two-stage,macro_10_end,phosphate_unreleased,7.869463587288107e-07,5.292057245368147e-06,,0.00026736970864689805,0.1487032967032967,10.0,PASS
C_slow_20,Two-stage,macro_10_end,unfinished,3.269499580252355e-05,0.00021986732323600673,,0.00034882185346644224,0.1487032967032967,10.0,PASS
C_slow_20,Two-stage,10_100,product_extent,3.269500238078926e-05,0.0002198673674735311,,3.0400976973413526e-05,0.1487032967032967,10.0,PASS
C_slow_20,Two-stage,10_100,product_current,9.759153660193753e-06,9.759153660193753e-06,,1.7407651942687824e-05,1.0,11.500447324859406,PASS
C_slow_20,Two-stage,10_100,pi_current,2.646050737409311e-07,2.646050737409311e-07,,4.3564967666022206e-07,1.0,10.0,PASS
C_slow_20,Two-stage,10_100,pi_extent,7.869529379256335e-07,5.292101489154053e-06,,6.741879801406175e-07,0.1487032967032967,10.0,PASS
C_slow_20,Two-stage,10_100,gdp_current,0.00022329423303502072,0.00022329423303502072,,0.00035376662608911186,1.0,10.0,PASS
C_slow_20,Two-stage,10_100,gdp_extent,0.0006710512384131562,0.004512685685456489,,0.0006235971808557857,0.1487032967032967,10.0,PASS
C_slow_20,Two-stage,10_100,bound_pi,0.0006075203322335812,0.004085453017532951,,1.0,0.1487032967032967,10.0,PASS
C_slow_20,Two-stage,10_100,bound_gdp,6.274395324201709e-05,0.0004219405664368575,,0.0006878990221477643,0.1487032967032967,10.0,PASS
C_slow_20,Two-stage,10_100,bound_gtp,0.00060830727859231,0.004090745074778319,,0.2604243540331985,0.1487032967032967,10.0,PASS
C_slow_20,Two-stage,10_100,tu_bound,0.0006710512318343215,0.004512685641215138,,0.007134536416766821,0.1487032967032967,10.0,PASS
C_slow_20,Two-stage,10_100,phosphate_unreleased,7.869463587288107e-07,5.292057245368147e-06,,0.0002673641593422969,0.1487032967032967,10.0,PASS
C_slow_20,Two-stage,10_100,unfinished,3.269499580252355e-05,0.00021986732323600673,,0.00034881630370968344,0.1487032967032967,10.0,PASS
C_slow_20,Two-stage,100_1000,product_extent,3.6715494156069894e-07,2.469043724654419e-06,,1.2433394565817186e-07,0.1487032967032967,100.0,PASS
C_slow_20,Two-stage,100_1000,product_current,1.2345218655500367e-07,1.2345218655500367e-07,,1.7413199860886786e-05,1.0,100.0,PASS
C_slow_20,Two-stage,100_1000,pi_current,2.9396863719319266e-09,2.9396863719319266e-09,,4.411975004468459e-07,1.0,100.0,PASS
C_slow_20,Two-stage,100_1000,pi_extent,8.74282335416865e-09,5.879374262705787e-08,,2.9596617144359153e-09,0.1487032967032967,100.0,PASS
C_slow_20,Two-stage,100_1000,gdp_current,2.5080206846892286e-06,2.5080206846892286e-06,,0.00035377217587321803,1.0,100.0,PASS
C_slow_20,Two-stage,100_1000,gdp_extent,7.459018877664647e-06,5.0160413676284574e-05,,2.525928199674021e-06,0.1487032967032967,100.0,PASS
C_slow_20,Two-stage,100_1000,bound_pi,6.748941267710064e-06,4.538528342902866e-05,,1.0,0.1487032967032967,100.0,PASS
C_slow_20,Two-stage,100_1000,bound_gdp,7.01334791463953e-07,4.716336537335185e-06,,0.0006879045737857055,0.1487032967032967,100.0,PASS
C_slow_20,Two-stage,100_1000,bound_gtp,6.757683453003444e-06,4.544407288082422e-05,,0.26042436102580757,0.1487032967032967,100.0,PASS
C_slow_20,Two-stage,100_1000,tu_bound,7.4590182444673764e-06,5.016040941815927e-05,,0.007134542004169478,0.1487032967032967,100.0,PASS
C_slow_20,Two-stage,100_1000,phosphate_unreleased,8.74218529337711e-09,5.878945179554515e-08,,0.00026736970864689805,0.1487032967032967,100.0,PASS
C_slow_20,Two-stage,100_1000,unfinished,3.671543067212957e-07,2.4690394554861e-06,,0.00034882185346644224,0.1487032967032967,100.0,PASS
C_slow_20,Two-stage,V1_transient,product_extent,0.00019524766071712333,0.0013130015611334778,,2924.9477540259068,0.1487032967032967,0.25,PASS
C_slow_20,Two-stage,V1_transient,product_current,0.007048925217732992,0.007048925217732992,,1759.6201470827925,1.0,0.064,PASS
C_slow_20,Two-stage,V1_transient,pi_current,0.10334449085687467,0.10334449085687467,,20.854865169393648,1.0,0.009000000000000001,FAIL
C_slow_20,Two-stage,V1_transient,pi_extent,0.0003150492982987288,0.002118643670202802,,31.611325782763252,0.1487032967032967,0.037,PASS
C_slow_20,Two-stage,V1_transient,gdp_current,0.00205636570209922,0.00205636570209922,,31.383279133884297,1.0,0.0345,PASS
C_slow_20,Two-stage,V1_transient,gdp_extent,1.836693648360943e-05,0.0001235139831516744,,42.04715910861601,0.1487032967032967,0.10850000000000001,PASS
C_slow_20,Two-stage,V1_transient,bound_pi,0.0009913723488489184,0.006666781240411733,,1.0,0.1487032967032967,0.18,PASS
C_slow_20,Two-stage,V1_transient,bound_gdp,0.0009933824907317444,0.006680299043496064,,0.20543052641986367,0.1487032967032967,0.20500000000000002,PASS
C_slow_20,Two-stage,V1_transient,bound_gtp,0.0009884525346741738,0.006647146072668475,,0.2599104449265008,0.1487032967032967,0.25,PASS
C_slow_20,Two-stage,V1_transient,tu_bound,1.8366936483606502e-05,0.00012351398315165471,,0.0015264168786792052,0.1487032967032967,0.10850000000000001,PASS
C_slow_20,Two-stage,V1_transient,phosphate_unreleased,0.00031504929829872857,0.0021186436702028007,,0.0986841037001534,0.1487032967032967,0.037,PASS
C_slow_20,Two-stage,V1_transient,unfinished,0.00019524766071710165,0.001313001561133332,,0.0058738972382177705,0.1487032967032967,0.25,PASS
C_slow_20,Two-stage,V1_post,product_extent,0.00036435069024933625,0.0024501856941094883,,0.05866855830271031,0.1487032967032967,0.935,PASS
C_slow_20,Two-stage,V1_post,product_current,0.0041125189479864765,0.0041125189479864765,,0.020601117648070634,1.0,0.255,PASS
C_slow_20,Two-stage,V1_post,pi_current,0.00032925902802016793,0.00032925902802016793,,0.0003329645141273682,1.0,0.255,PASS
C_slow_20,Two-stage,V1_post,pi_extent,1.2647881018901241e-06,8.505447625776034e-06,,2.5193689212674678e-05,0.1487032967032967,0.47500000000000003,PASS
C_slow_20,Two-stage,V1_post,gdp_current,0.002559188056342032,0.002559188056342032,,0.006894136841718609,1.0,0.9300000000000002,PASS
C_slow_20,Two-stage,V1_post,gdp_extent,0.0008260812250697191,0.005555231413046441,,0.0050358532358715825,0.1487032967032967,4.66,PASS
C_slow_20,Two-stage,V1_post,bound_pi,0.0009888712281640234,0.006649961702847039,,1.0,0.1487032967032967,0.255,PASS
C_slow_20,Two-stage,V1_post,bound_gdp,0.000987182989913727,0.006638608637462988,,0.03258414026361224,0.1487032967032967,0.255,PASS
C_slow_20,Two-stage,V1_post,bound_gtp,0.0009884837876798936,0.006647356242896121,,0.26042435390718677,0.1487032967032967,0.255,PASS
C_slow_20,Two-stage,V1_post,tu_bound,0.0008260812250615035,0.005555231412991192,,0.007130766330056332,0.1487032967032967,4.66,PASS
C_slow_20,Two-stage,V1_post,phosphate_unreleased,1.2647881019924728e-06,8.505447626464308e-06,,0.00026736405933990704,0.1487032967032967,0.47500000000000003,PASS
C_slow_20,Two-stage,V1_post,unfinished,0.000364350690249135,0.0024501856941081352,,0.005782380567709821,0.1487032967032967,0.935,PASS
C_slow_20,Three-stage,early_0_10,product_extent,0.0003543582316891322,0.0023829884040578652,,66.50058740697666,0.1487032967032967,0.96,PASS
C_slow_20,Three-stage,early_0_10,product_current,0.005831520454563088,0.005831520454563088,,52.99025970373725,1.0,0.0945,PASS
C_slow_20,Three-stage,early_0_10,pi_current,3.5610134285768424e-10,3.5610134285768424e-10,,5.314061566555377e-08,1.0,0.0055,PASS
C_slow_20,Three-stage,early_0_10,pi_extent,1.0170086994776284e-11,6.839180583244471e-11,,9.94954381593682e-07,0.1487032967032967,9.815,PASS
C_slow_20,Three-stage,early_0_10,gdp_current,0.002480578018623447,0.002480578018623447,,0.006951241928045544,1.0,0.9550000000000001,PASS
C_slow_20,Three-stage,early_0_10,gdp_extent,0.0008252456809156872,0.0055496125453242335,,0.006970032386840616,0.1487032967032967,4.65,PASS
C_slow_20,Three-stage,early_0_10,bound_pi,3.561013381956149e-13,2.3947104475170674e-12,,5.314061557777477e-08,0.1487032967032967,0.0055,PASS
C_slow_20,Three-stage,early_0_10,bound_gdp,0.0008252456809643566,0.0055496125456515255,,0.0073032648275610425,0.1487032967032967,4.65,PASS
C_slow_20,Three-stage,early_0_10,bound_gtp,5.01500750649253e-13,3.372492485152381e-12,,1.3151815142672038e-10,0.1487032967032967,0.171,PASS
C_slow_20,Three-stage,early_0_10,tu_bound,0.0008252456809642872,0.005549612545651059,,0.007121989376702374,0.1487032967032967,4.65,PASS
C_slow_20,Three-stage,early_0_10,phosphate_unreleased,6.777035529981212e-13,4.557421173723694e-12,,9.10931489141435e-10,0.1487032967032967,0.171,PASS
C_slow_20,Three-stage,early_0_10,unfinished,0.00035435823168908365,0.0023829884040575382,,0.005163476403896884,0.1487032967032967,0.96,PASS
C_slow_20,Three-stage,late_5_10,product_extent,3.337908930645117e-05,0.00022446771555476326,,4.1803361654046845e-05,0.1487032967032967,8.17,PASS
C_slow_20,Three-stage,late_5_10,product_current,0.00016462859222876602,0.00016462859222876602,,0.00020232190842109772,1.0,5.0,PASS
C_slow_20,Three-stage,late_5_10,pi_current,3.4195979381479447e-12,3.4195979381479447e-12,,5.576953267378233e-12,1.0,9.815,PASS
C_slow_20,Three-stage,late_5_10,pi_extent,1.0170086994776284e-11,6.839180583244471e-11,,8.8399416598478e-12,0.1487032967032967,9.815,PASS
C_slow_20,Three-stage,late_5_10,gdp_current,0.00023365387449780783,0.00023365387449780783,,0.00034948811455744866,1.0,8.165000000000001,PASS
C_slow_20,Three-stage,late_5_10,gdp_extent,0.0008233757127982244,0.005537037382843513,,0.0015308002024409881,0.1487032967032967,5.0,PASS
C_slow_20,Three-stage,late_5_10,bound_pi,3.419573652019281e-15,2.2995950512396877e-14,,5.576913659621107e-12,0.1487032967032967,9.815,PASS
C_slow_20,Three-stage,late_5_10,bound_gdp,0.0008233757127725783,0.0055370373826710475,,0.0073032648275610425,0.1487032967032967,5.0,PASS
C_slow_20,Three-stage,late_5_10,bound_gtp,1.314833658616621e-14,8.841994009319575e-14,,5.5771480272104415e-12,0.1487032967032967,9.815,PASS
C_slow_20,Three-stage,late_5_10,tu_bound,0.000823375712772606,0.005537037382671234,,0.007121989376702374,0.1487032967032967,5.0,PASS
C_slow_20,Three-stage,late_5_10,phosphate_unreleased,1.656791023818549e-14,1.1141589060559264e-13,,5.577099652735313e-12,0.1487032967032967,9.815,PASS
C_slow_20,Three-stage,late_5_10,unfinished,3.337908966630221e-05,0.0002244677179746897,,0.00033636695258021626,0.1487032967032967,8.17,PASS
C_slow_20,Three-stage,macro_10_end,product_extent,3.186902732976726e-05,0.00021431285005977098,,2.9632955970867642e-05,0.1487032967032967,10.0,PASS
C_slow_20,Three-stage,macro_10_end,product_current,9.502630077040664e-06,9.502630077040664e-06,,1.6977936743098255e-05,1.0,11.500447324859406,PASS
C_slow_20,Three-stage,macro_10_end,pi_current,1.1174117187096044e-11,1.1174117187096044e-11,,6.099647793219565e-09,1.0,15.7,PASS
C_slow_20,Three-stage,macro_10_end,pi_extent,3.3233416019129436e-11,2.2348809176328545e-10,,2.057385912913325e-11,0.1487032967032967,15.7,PASS
C_slow_20,Three-stage,macro_10_end,gdp_current,0.00022302297977772056,0.00022302297977772056,,0.0003533367663532777,1.0,10.0,PASS
C_slow_20,Three-stage,macro_10_end,gdp_extent,0.0006702252633621342,0.004507131168042729,,0.0006228296154542338,0.1487032967032967,10.0,PASS
C_slow_20,Three-stage,macro_10_end,bound_pi,1.1174112850287354e-14,7.51436793804426e-14,,6.0996477616944944e-09,0.1487032967032967,15.7,PASS
C_slow_20,Three-stage,macro_10_end,bound_gdp,0.0006702252637568878,0.004507131170697369,,0.0073071172875888496,0.1487032967032967,10.0,PASS
C_slow_20,Three-stage,macro_10_end,bound_gtp,4.29625952869106e-14,2.889148811047047e-13,,6.099647738838853e-09,0.1487032967032967,15.7,PASS
C_slow_20,Three-stage,macro_10_end,tu_bound,0.0006702252637563744,0.004507131170693916,,0.007125755386554815,0.1487032967032967,10.0,PASS
C_slow_20,Three-stage,macro_10_end,phosphate_unreleased,5.41368165574152e-14,3.6405928958947555e-13,,6.099647768203741e-09,0.1487032967032967,15.7,PASS
C_slow_20,Three-stage,macro_10_end,unfinished,3.186902772457645e-05,0.00021431285271478396,,0.000340094437006863,0.1487032967032967,10.0,PASS
C_slow_20,Three-stage,10_100,product_extent,3.186902732976726e-05,0.00021431285005977098,,2.9632955970867642e-05,0.1487032967032967,10.0,PASS
C_slow_20,Three-stage,10_100,product_current,9.502630077040664e-06,9.502630077040664e-06,,1.6972098235718008e-05,1.0,11.500447324859406,PASS
C_slow_20,Three-stage,10_100,pi_current,1.1174117187096044e-11,1.1174117187096044e-11,,1.0566956833574156e-10,1.0,15.7,PASS
C_slow_20,Three-stage,10_100,pi_extent,3.3233416019129436e-11,2.2348809176328545e-10,,2.057385912913325e-11,0.1487032967032967,15.7,PASS
C_slow_20,Three-stage,10_100,gdp_current,0.00022302297977772056,0.00022302297977772056,,0.0003533309258822966,1.0,10.0,PASS
C_slow_20,Three-stage,10_100,gdp_extent,0.0006702252633621342,0.004507131168042729,,0.0006228296154542338,0.1487032967032967,10.0,PASS
C_slow_20,Three-stage,10_100,bound_pi,1.1174112850287354e-14,7.51436793804426e-14,,1.0566950763941597e-10,0.1487032967032967,15.7,PASS
C_slow_20,Three-stage,10_100,bound_gdp,0.0006702252637568878,0.004507131170697369,,0.0073071114065187005,0.1487032967032967,10.0,PASS
C_slow_20,Three-stage,10_100,bound_gtp,4.29625952869106e-14,2.889148811047047e-13,,1.0566955191853381e-10,0.1487032967032967,15.7,PASS
C_slow_20,Three-stage,10_100,tu_bound,0.0006702252637563744,0.004507131170693916,,0.007125749506543677,0.1487032967032967,10.0,PASS
C_slow_20,Three-stage,10_100,phosphate_unreleased,5.41368165574152e-14,3.6405928958947555e-13,,1.0566957025277836e-10,0.1487032967032967,15.7,PASS
C_slow_20,Three-stage,10_100,unfinished,3.186902772457645e-05,0.00021431285271478396,,0.0003400885966131269,0.1487032967032967,10.0,PASS
C_slow_20,Three-stage,100_1000,product_extent,3.579686178589725e-07,2.40726753068035e-06,,1.2122307408151896e-07,0.1487032967032967,100.0,PASS
C_slow_20,Three-stage,100_1000,product_current,1.2036337755042675e-07,1.2036337755042675e-07,,1.6977936743098255e-05,1.0,100.0,PASS
C_slow_20,Three-stage,100_1000,pi_current,7.137519741906573e-13,7.137519741906573e-13,,6.099647793219565e-09,1.0,115.48028041677578,PASS
C_slow_20,Three-stage,100_1000,pi_extent,2.1311841180704505e-12,1.4331787965150088e-11,,7.188266238809095e-13,0.1487032967032967,115.48028041677578,PASS
C_slow_20,Three-stage,100_1000,gdp_current,2.5049318756846517e-06,2.5049318756846517e-06,,0.0003533367663532777,1.0,100.0,PASS
C_slow_20,Three-stage,100_1000,gdp_extent,7.449832553962921e-06,5.0098637482310504e-05,,2.52281733556842e-06,0.1487032967032967,100.0,PASS
C_slow_20,Three-stage,100_1000,bound_pi,7.137518894873626e-16,4.799839043995713e-15,,6.0996477616944944e-09,0.1487032967032967,115.48028041677578,PASS
C_slow_20,Three-stage,100_1000,bound_gdp,7.449831712220446e-06,5.0098631821760316e-05,,0.0073071172875888496,0.1487032967032967,100.0,PASS
C_slow_20,Three-stage,100_1000,bound_gtp,2.7442749407548955e-15,1.8454701419501587e-14,,6.099647738838853e-09,0.1487032967032967,115.48028041677578,PASS
C_slow_20,Three-stage,100_1000,tu_bound,7.449831713315057e-06,5.009863182912135e-05,,0.007125755386554815,0.1487032967032967,100.0,PASS
C_slow_20,Three-stage,100_1000,phosphate_unreleased,3.4580272537587317e-15,2.3254543311561083e-14,,6.099647768203741e-09,0.1487032967032967,115.48028041677578,PASS
C_slow_20,Three-stage,100_1000,unfinished,3.5796777556897606e-07,2.4072618664481835e-06,,0.000340094437006863,0.1487032967032967,100.0,PASS
C_slow_20,Three-stage,V1_transient,product_extent,0.0001734324281471118,0.0011662984748290845,,66.50058740697666,0.1487032967032967,0.25,PASS
C_slow_20,Three-stage,V1_transient,product_current,0.005831520454563088,0.005831520454563088,,52.99025970373725,1.0,0.0945,PASS
C_slow_20,Three-stage,V1_transient,pi_current,3.5610134285768424e-10,3.5610134285768424e-10,,5.314061566555377e-08,1.0,0.0055,PASS
C_slow_20,Three-stage,V1_transient,pi_extent,6.777044203598592e-13,4.55742700655832e-12,,9.94954381593682e-07,0.1487032967032967,0.171,PASS
C_slow_20,Three-stage,V1_transient,gdp_current,0.00124421859707316,0.00124421859707316,,0.006951241928045544,1.0,0.25,PASS
C_slow_20,Three-stage,V1_transient,gdp_extent,2.207295800598502e-05,0.00014843623843811978,,0.006970032386840616,0.1487032967032967,0.25,PASS
C_slow_20,Three-stage,V1_transient,bound_pi,3.561013381956149e-13,2.3947104475170674e-12,,5.314061557777477e-08,0.1487032967032967,0.0055,PASS
C_slow_20,Three-stage,V1_transient,bound_gdp,2.207295786527466e-05,0.00014843623749187068,,0.000742888451089518,0.1487032967032967,0.25,PASS
C_slow_20,Three-stage,V1_transient,bound_gtp,5.01500750649253e-13,3.372492485152381e-12,,1.3151815142672038e-10,0.1487032967032967,0.171,PASS
C_slow_20,Three-stage,V1_transient,tu_bound,2.207295800600584e-05,0.00014843623843825978,,0.0006585916051143644,0.1487032967032967,0.25,PASS
C_slow_20,Three-stage,V1_transient,phosphate_unreleased,6.777035529981212e-13,4.557421173723694e-12,,9.10931489141435e-10,0.1487032967032967,0.171,PASS
C_slow_20,Three-stage,V1_transient,unfinished,0.00017343242814708837,0.0011662984748289271,,0.005144698731448516,0.1487032967032967,0.25,PASS
C_slow_20,Three-stage,V1_post,product_extent,0.0003543582316891322,0.0023829884040578652,,0.05224765806002737,0.1487032967032967,0.96,PASS
C_slow_20,Three-stage,V1_post,product_current,0.004260707568059047,0.004260707568059047,,0.021343448865222825,1.0,0.255,PASS
C_slow_20,Three-stage,V1_post,pi_current,7.763445442066086e-11,7.763445442066086e-11,,7.858367698999963e-11,1.0,0.275,PASS
C_slow_20,Three-stage,V1_post,pi_extent,1.0170086994776284e-11,6.839180583244471e-11,,8.8399416598478e-12,0.1487032967032967,9.815,PASS
C_slow_20,Three-stage,V1_post,gdp_current,0.002480578018623447,0.002480578018623447,,0.006171804216943376,1.0,0.9550000000000001,PASS
C_slow_20,Three-stage,V1_post,gdp_extent,0.0008252456809156872,0.0055496125453242335,,0.006426212739781182,0.1487032967032967,4.65,PASS
C_slow_20,Three-stage,V1_post,bound_pi,7.763451340125904e-14,5.220766124382629e-13,,7.858373669174302e-11,0.1487032967032967,0.275,PASS
C_slow_20,Three-stage,V1_post,bound_gdp,0.0008252456809643566,0.0055496125456515255,,0.0073032648275610425,0.1487032967032967,4.65,PASS
C_slow_20,Three-stage,V1_post,bound_gtp,2.209608364334148e-13,1.4859175373515182e-12,,5.817130652422829e-11,0.1487032967032967,0.275,PASS
C_slow_20,Three-stage,V1_post,tu_bound,0.0008252456809642872,0.005549612545651059,,0.007121989376702374,0.1487032967032967,4.65,PASS
C_slow_20,Three-stage,V1_post,phosphate_unreleased,2.9859621719641183e-13,2.007999982624407e-12,,6.23846721331316e-11,0.1487032967032967,0.275,PASS
C_slow_20,Three-stage,V1_post,unfinished,0.00035435823168908365,0.0023829884040575382,,0.005163476403896884,0.1487032967032967,0.96,PASS
C_slow_100,Full,early_0_10,product_extent,0.0,0.0,,0.0,0.1487032967032967,0.0,PASS
C_slow_100,Full,early_0_10,product_current,0.0,0.0,,0.0,1.0,0.0,PASS
C_slow_100,Full,early_0_10,pi_current,0.0,0.0,,0.0,1.0,0.0,PASS
C_slow_100,Full,early_0_10,pi_extent,0.0,0.0,,0.0,0.1487032967032967,0.0,PASS
C_slow_100,Full,early_0_10,gdp_current,0.0,0.0,,0.0,1.0,0.0,PASS
C_slow_100,Full,early_0_10,gdp_extent,0.0,0.0,,0.0,0.1487032967032967,0.0,PASS
C_slow_100,Full,early_0_10,bound_pi,0.0,0.0,,0.0,0.1487032967032967,0.0,PASS
C_slow_100,Full,early_0_10,bound_gdp,0.0,0.0,,0.0,0.1487032967032967,0.0,PASS
C_slow_100,Full,early_0_10,bound_gtp,0.0,0.0,,0.0,0.1487032967032967,0.0,PASS
C_slow_100,Full,early_0_10,tu_bound,0.0,0.0,,0.0,0.1487032967032967,0.0,PASS
C_slow_100,Full,early_0_10,phosphate_unreleased,0.0,0.0,,0.0,0.1487032967032967,0.0,PASS
C_slow_100,Full,early_0_10,unfinished,0.0,0.0,,0.0,0.1487032967032967,0.0,PASS
C_slow_100,Full,late_5_10,product_extent,0.0,0.0,,0.0,0.1487032967032967,5.0,PASS
C_slow_100,Full,late_5_10,product_current,0.0,0.0,,0.0,1.0,5.0,PASS
C_slow_100,Full,late_5_10,pi_current,0.0,0.0,,0.0,1.0,5.0,PASS
C_slow_100,Full,late_5_10,pi_extent,0.0,0.0,,0.0,0.1487032967032967,5.0,PASS
C_slow_100,Full,late_5_10,gdp_current,0.0,0.0,,0.0,1.0,5.0,PASS
C_slow_100,Full,late_5_10,gdp_extent,0.0,0.0,,0.0,0.1487032967032967,5.0,PASS
C_slow_100,Full,late_5_10,bound_pi,0.0,0.0,,0.0,0.1487032967032967,5.0,PASS
C_slow_100,Full,late_5_10,bound_gdp,0.0,0.0,,0.0,0.1487032967032967,5.0,PASS
C_slow_100,Full,late_5_10,bound_gtp,0.0,0.0,,0.0,0.1487032967032967,5.0,PASS
C_slow_100,Full,late_5_10,tu_bound,0.0,0.0,,0.0,0.1487032967032967,5.0,PASS
C_slow_100,Full,late_5_10,phosphate_unreleased,0.0,0.0,,0.0,0.1487032967032967,5.0,PASS
C_slow_100,Full,late_5_10,unfinished,0.0,0.0,,0.0,0.1487032967032967,5.0,PASS
C_slow_100,Full,macro_10_end,product_extent,0.0,0.0,,0.0,0.1487032967032967,10.0,PASS
C_slow_100,Full,macro_10_end,product_current,0.0,0.0,,0.0,1.0,10.0,PASS
C_slow_100,Full,macro_10_end,pi_current,0.0,0.0,,0.0,1.0,10.0,PASS
C_slow_100,Full,macro_10_end,pi_extent,0.0,0.0,,0.0,0.1487032967032967,10.0,PASS
C_slow_100,Full,macro_10_end,gdp_current,0.0,0.0,,0.0,1.0,10.0,PASS
C_slow_100,Full,macro_10_end,gdp_extent,0.0,0.0,,0.0,0.1487032967032967,10.0,PASS
C_slow_100,Full,macro_10_end,bound_pi,0.0,0.0,,0.0,0.1487032967032967,10.0,PASS
C_slow_100,Full,macro_10_end,bound_gdp,0.0,0.0,,0.0,0.1487032967032967,10.0,PASS
C_slow_100,Full,macro_10_end,bound_gtp,0.0,0.0,,0.0,0.1487032967032967,10.0,PASS
C_slow_100,Full,macro_10_end,tu_bound,0.0,0.0,,0.0,0.1487032967032967,10.0,PASS
C_slow_100,Full,macro_10_end,phosphate_unreleased,0.0,0.0,,0.0,0.1487032967032967,10.0,PASS
C_slow_100,Full,macro_10_end,unfinished,0.0,0.0,,0.0,0.1487032967032967,10.0,PASS
C_slow_100,Full,10_100,product_extent,0.0,0.0,,0.0,0.1487032967032967,10.0,PASS
C_slow_100,Full,10_100,product_current,0.0,0.0,,0.0,1.0,10.0,PASS
C_slow_100,Full,10_100,pi_current,0.0,0.0,,0.0,1.0,10.0,PASS
C_slow_100,Full,10_100,pi_extent,0.0,0.0,,0.0,0.1487032967032967,10.0,PASS
C_slow_100,Full,10_100,gdp_current,0.0,0.0,,0.0,1.0,10.0,PASS
C_slow_100,Full,10_100,gdp_extent,0.0,0.0,,0.0,0.1487032967032967,10.0,PASS
C_slow_100,Full,10_100,bound_pi,0.0,0.0,,0.0,0.1487032967032967,10.0,PASS
C_slow_100,Full,10_100,bound_gdp,0.0,0.0,,0.0,0.1487032967032967,10.0,PASS
C_slow_100,Full,10_100,bound_gtp,0.0,0.0,,0.0,0.1487032967032967,10.0,PASS
C_slow_100,Full,10_100,tu_bound,0.0,0.0,,0.0,0.1487032967032967,10.0,PASS
C_slow_100,Full,10_100,phosphate_unreleased,0.0,0.0,,0.0,0.1487032967032967,10.0,PASS
C_slow_100,Full,10_100,unfinished,0.0,0.0,,0.0,0.1487032967032967,10.0,PASS
C_slow_100,Full,100_1000,product_extent,0.0,0.0,,0.0,0.1487032967032967,100.0,PASS
C_slow_100,Full,100_1000,product_current,0.0,0.0,,0.0,1.0,100.0,PASS
C_slow_100,Full,100_1000,pi_current,0.0,0.0,,0.0,1.0,100.0,PASS
C_slow_100,Full,100_1000,pi_extent,0.0,0.0,,0.0,0.1487032967032967,100.0,PASS
C_slow_100,Full,100_1000,gdp_current,0.0,0.0,,0.0,1.0,100.0,PASS
C_slow_100,Full,100_1000,gdp_extent,0.0,0.0,,0.0,0.1487032967032967,100.0,PASS
C_slow_100,Full,100_1000,bound_pi,0.0,0.0,,0.0,0.1487032967032967,100.0,PASS
C_slow_100,Full,100_1000,bound_gdp,0.0,0.0,,0.0,0.1487032967032967,100.0,PASS
C_slow_100,Full,100_1000,bound_gtp,0.0,0.0,,0.0,0.1487032967032967,100.0,PASS
C_slow_100,Full,100_1000,tu_bound,0.0,0.0,,0.0,0.1487032967032967,100.0,PASS
C_slow_100,Full,100_1000,phosphate_unreleased,0.0,0.0,,0.0,0.1487032967032967,100.0,PASS
C_slow_100,Full,100_1000,unfinished,0.0,0.0,,0.0,0.1487032967032967,100.0,PASS
C_slow_100,Full,1000_10000,product_extent,0.0,0.0,,0.0,0.1487032967032967,999.9999999999999,PASS
C_slow_100,Full,1000_10000,product_current,0.0,0.0,,0.0,1.0,999.9999999999999,PASS
C_slow_100,Full,1000_10000,pi_current,0.0,0.0,,0.0,1.0,999.9999999999999,PASS
C_slow_100,Full,1000_10000,pi_extent,0.0,0.0,,0.0,0.1487032967032967,999.9999999999999,PASS
C_slow_100,Full,1000_10000,gdp_current,0.0,0.0,,0.0,1.0,999.9999999999999,PASS
C_slow_100,Full,1000_10000,gdp_extent,0.0,0.0,,0.0,0.1487032967032967,999.9999999999999,PASS
C_slow_100,Full,1000_10000,bound_pi,0.0,0.0,,0.0,0.1487032967032967,999.9999999999999,PASS
C_slow_100,Full,1000_10000,bound_gdp,0.0,0.0,,0.0,0.1487032967032967,999.9999999999999,PASS
C_slow_100,Full,1000_10000,bound_gtp,0.0,0.0,,0.0,0.1487032967032967,999.9999999999999,PASS
C_slow_100,Full,1000_10000,tu_bound,0.0,0.0,,0.0,0.1487032967032967,999.9999999999999,PASS
C_slow_100,Full,1000_10000,phosphate_unreleased,0.0,0.0,,0.0,0.1487032967032967,999.9999999999999,PASS
C_slow_100,Full,1000_10000,unfinished,0.0,0.0,,0.0,0.1487032967032967,999.9999999999999,PASS
C_slow_100,Full,V1_transient,product_extent,0.0,0.0,,0.0,0.1487032967032967,0.0,PASS
C_slow_100,Full,V1_transient,product_current,0.0,0.0,,0.0,1.0,0.0,PASS
C_slow_100,Full,V1_transient,pi_current,0.0,0.0,,0.0,1.0,0.0,PASS
C_slow_100,Full,V1_transient,pi_extent,0.0,0.0,,0.0,0.1487032967032967,0.0,PASS
C_slow_100,Full,V1_transient,gdp_current,0.0,0.0,,0.0,1.0,0.0,PASS
C_slow_100,Full,V1_transient,gdp_extent,0.0,0.0,,0.0,0.1487032967032967,0.0,PASS
C_slow_100,Full,V1_transient,bound_pi,0.0,0.0,,0.0,0.1487032967032967,0.0,PASS
C_slow_100,Full,V1_transient,bound_gdp,0.0,0.0,,0.0,0.1487032967032967,0.0,PASS
C_slow_100,Full,V1_transient,bound_gtp,0.0,0.0,,0.0,0.1487032967032967,0.0,PASS
C_slow_100,Full,V1_transient,tu_bound,0.0,0.0,,0.0,0.1487032967032967,0.0,PASS
C_slow_100,Full,V1_transient,phosphate_unreleased,0.0,0.0,,0.0,0.1487032967032967,0.0,PASS
C_slow_100,Full,V1_transient,unfinished,0.0,0.0,,0.0,0.1487032967032967,0.0,PASS
C_slow_100,Full,V1_post,product_extent,0.0,0.0,,0.0,0.1487032967032967,0.255,PASS
C_slow_100,Full,V1_post,product_current,0.0,0.0,,0.0,1.0,0.255,PASS
C_slow_100,Full,V1_post,pi_current,0.0,0.0,,0.0,1.0,0.255,PASS
C_slow_100,Full,V1_post,pi_extent,0.0,0.0,,0.0,0.1487032967032967,0.255,PASS
C_slow_100,Full,V1_post,gdp_current,0.0,0.0,,0.0,1.0,0.255,PASS
C_slow_100,Full,V1_post,gdp_extent,0.0,0.0,,0.0,0.1487032967032967,0.255,PASS
C_slow_100,Full,V1_post,bound_pi,0.0,0.0,,0.0,0.1487032967032967,0.255,PASS
C_slow_100,Full,V1_post,bound_gdp,0.0,0.0,,0.0,0.1487032967032967,0.255,PASS
C_slow_100,Full,V1_post,bound_gtp,0.0,0.0,,0.0,0.1487032967032967,0.255,PASS
C_slow_100,Full,V1_post,tu_bound,0.0,0.0,,0.0,0.1487032967032967,0.255,PASS
C_slow_100,Full,V1_post,phosphate_unreleased,0.0,0.0,,0.0,0.1487032967032967,0.255,PASS
C_slow_100,Full,V1_post,unfinished,0.0,0.0,,0.0,0.1487032967032967,0.255,PASS
C_slow_100,Direct,early_0_10,product_extent,0.002113957315233145,0.014215941153282306,,555622.8974169497,0.1487032967032967,1.0,FAIL
C_slow_100,Direct,early_0_10,product_current,0.03353475280636995,0.03353475280636995,,223149.72153362806,1.0,0.0845,FAIL
C_slow_100,Direct,early_0_10,pi_current,0.8763291553581057,0.8763291553581057,,0.9501531415745732,1.0,0.105,FAIL
C_slow_100,Direct,early_0_10,pi_extent,0.13731811502893854,0.9234369248916203,,0.9470362718217279,0.1487032967032967,4.6850000000000005,FAIL
C_slow_100,Direct,early_0_10,gdp_current,0.027394579880188487,0.027394579880188487,,4103.431497921601,1.0,0.079,FAIL
C_slow_100,Direct,early_0_10,gdp_extent,0.0015187232670159367,0.010213110944313496,,8173.450367048949,0.1487032967032967,0.835,FAIL
C_slow_100,Direct,early_0_10,bound_pi,0.0009978546892958887,0.0067103736865153606,,1.0,0.1487032967032967,0.2215,PASS
C_slow_100,Direct,early_0_10,bound_gdp,0.13751840509779037,0.9247838356413629,,1.0,0.1487032967032967,4.53,FAIL
C_slow_100,Direct,early_0_10,bound_gtp,0.13827268836845544,0.9298562401366719,,38.0413310587777,0.1487032967032967,4.68,FAIL
C_slow_100,Direct,early_0_10,tu_bound,0.0015187232670159784,0.010213110944313777,,0.024987678183898566,0.1487032967032967,0.835,FAIL
C_slow_100,Direct,early_0_10,phosphate_unreleased,0.13731811502893848,0.92343692489162,,29.984753388892422,0.1487032967032967,4.6850000000000005,FAIL
C_slow_100,Direct,early_0_10,unfinished,0.002113957315233228,0.014215941153282867,,0.030574741049850987,0.1487032967032967,1.0,FAIL
C_slow_100,Direct,late_5_10,product_extent,0.0001315131574335382,0.0008843997433086,,0.00022548900289968266,0.1487032967032967,5.0,PASS
C_slow_100,Direct,late_5_10,product_current,0.0010238589573300372,0.0010238589573300372,,0.0010720411450310806,1.0,5.0,PASS
C_slow_100,Direct,late_5_10,pi_current,0.00881465282528815,0.00881465282528815,,0.009721176655831023,1.0,9.335,PASS
C_slow_100,Direct,late_5_10,pi_extent,0.1372566124047665,0.9230233320155004,,0.1904692493911953,0.1487032967032967,5.0,FAIL
C_slow_100,Direct,late_5_10,gdp_current,0.0009996938944121236,0.0009996938944121236,,0.0010467653742892078,1.0,5.0,PASS
C_slow_100,Direct,late_5_10,gdp_extent,0.0009720126307160015,0.0065365909987552566,,0.0014097158898863165,0.1487032967032967,8.3,PASS
C_slow_100,Direct,late_5_10,bound_pi,0.0009515395091351596,0.006398913341065587,,1.0,0.1487032967032967,5.0,PASS
C_slow_100,Direct,late_5_10,bound_gdp,0.13738460941691827,0.9238840863833552,,1.0,0.1487032967032967,5.0,FAIL
C_slow_100,Direct,late_5_10,bound_gtp,0.13820815191390165,0.9294222453565659,,38.0413310587777,0.1487032967032967,5.0,FAIL
C_slow_100,Direct,late_5_10,tu_bound,0.0009720126307039834,0.006536590998674437,,0.0071441836104906425,0.1487032967032967,8.3,PASS
C_slow_100,Direct,late_5_10,phosphate_unreleased,0.1372566124047665,0.9230233320155004,,29.984753388892422,0.1487032967032967,5.0,FAIL
C_slow_100,Direct,late_5_10,unfinished,0.00013151315743401004,0.000884399743311773,,0.0009261543031254283,0.1487032967032967,5.0,PASS
C_slow_100,Direct,macro_10_end,product_extent,5.103395093319918e-05,0.00034319313737223803,,3.9162345062485145e-05,0.1487032967032967,11.481536214968829,PASS
C_slow_100,Direct,macro_10_end,product_current,1.060534349450748e-05,1.060534349450748e-05,,1.1603957612469024e-05,1.0,10.0,PASS
C_slow_100,Direct,macro_10_end,pi_current,0.008798951759629747,0.008798951759629747,,0.009771850316936764,1.0,10.0,PASS
C_slow_100,Direct,macro_10_end,pi_extent,0.13151842528908175,0.8844351685860508,,0.0932283497210882,0.1487032967032967,10.0,FAIL
C_slow_100,Direct,macro_10_end,gdp_current,6.219840883781025e-05,6.219840883781025e-05,,7.11157218139935e-05,1.0,13.386488420699933,PASS
C_slow_100,Direct,macro_10_end,gdp_extent,0.0009640401498209883,0.006482977655461863,,0.0007530631729550537,0.1487032967032967,10.0,PASS
C_slow_100,Direct,macro_10_end,bound_pi,0.0009051323796643383,0.006086834654851816,,1.0,0.1487032967032967,10.0,PASS
C_slow_100,Direct,macro_10_end,bound_gdp,0.13145951751892454,0.8840390255854369,,1.0,0.1487032967032967,10.0,FAIL
C_slow_100,Direct,macro_10_end,bound_gtp,0.13242355766887812,0.8905220032417904,,38.04329037905832,0.1487032967032967,10.0,FAIL
C_slow_100,Direct,macro_10_end,tu_bound,0.0009640401499535489,0.006482977656353307,,0.007161132273670098,0.1487032967032967,10.0,PASS
C_slow_100,Direct,macro_10_end,phosphate_unreleased,0.13151842528921376,0.8844351685869385,,29.986308383408705,0.1487032967032967,10.0,FAIL
C_slow_100,Direct,macro_10_end,unfinished,5.103395076389017e-05,0.0003431931362336687,,0.00038558920910966327,0.1487032967032967,11.481536214968829,PASS
C_slow_100,Direct,10_100,product_extent,5.103395093319918e-05,0.00034319313737223803,,3.9162345062485145e-05,0.1487032967032967,11.481536214968829,PASS
C_slow_100,Direct,10_100,product_current,1.060534349450748e-05,1.060534349450748e-05,,1.1603957612469024e-05,1.0,10.0,PASS
C_slow_100,Direct,10_100,pi_current,0.008798951759629747,0.008798951759629747,,0.00977184165960857,1.0,10.0,PASS
C_slow_100,Direct,10_100,pi_extent,0.13151842528908175,0.8844351685860508,,0.0932283497210882,0.1487032967032967,10.0,FAIL
C_slow_100,Direct,10_100,gdp_current,6.219840883781025e-05,6.219840883781025e-05,,7.110714765566002e-05,1.0,13.386488420699933,PASS
C_slow_100,Direct,10_100,gdp_extent,0.0009640401498209883,0.006482977655461863,,0.0007530631729550537,0.1487032967032967,10.0,PASS
C_slow_100,Direct,10_100,bound_pi,0.0009051323796643383,0.006086834654851816,,1.0,0.1487032967032967,10.0,PASS
C_slow_100,Direct,10_100,bound_gdp,0.13145951751892454,0.8840390255854369,,1.0,0.1487032967032967,10.0,FAIL
C_slow_100,Direct,10_100,bound_gtp,0.13242355766887812,0.8905220032417904,,38.043290044318766,0.1487032967032967,10.0,FAIL
C_slow_100,Direct,10_100,tu_bound,0.0009640401499535489,0.006482977656353307,,0.007161123638725047,0.1487032967032967,10.0,PASS
C_slow_100,Direct,10_100,phosphate_unreleased,0.13151842528921376,0.8844351685869385,,29.98630811774608,0.1487032967032967,10.0,FAIL
C_slow_100,Direct,10_100,unfinished,5.103395076389017e-05,0.0003431931362336687,,0.0003855806322550588,0.1487032967032967,11.481536214968829,PASS
C_slow_100,Direct,100_1000,product_extent,2.129804057737772e-05,0.00014322507334772188,,2.279180416564172e-06,0.1487032967032967,100.0,PASS
C_slow_100,Direct,100_1000,product_current,1.432250732846807e-06,1.432250732846807e-06,,3.862934693899226e-06,1.0,100.0,PASS
C_slow_100,Direct,100_1000,pi_current,0.0035960315054984204,0.0035960315054984204,,0.009771850316936764,1.0,100.0,PASS
C_slow_100,Direct,100_1000,pi_extent,0.0534741739916722,0.3596031505499682,,0.0056899175388026545,0.1487032967032967,100.0,FAIL
C_slow_100,Direct,100_1000,gdp_current,2.6421203305426744e-05,2.6421203305426744e-05,,7.11157218139935e-05,1.0,100.0,PASS
C_slow_100,Direct,100_1000,gdp_extent,0.0003928920034574901,0.0026421203306703812,,4.204312360484157e-05,0.1487032967032967,100.0,PASS
C_slow_100,Direct,100_1000,bound_pi,0.00036799936361531135,0.0024747222944866486,,1.0,0.1487032967032967,100.0,PASS
C_slow_100,Direct,100_1000,bound_gdp,0.05344928135183021,0.3594357525137858,,1.0,0.1487032967032967,100.0,FAIL
C_slow_100,Direct,100_1000,bound_gtp,0.053842173308104056,0.36207787252715556,,38.04329037905832,0.1487032967032967,100.0,FAIL
C_slow_100,Direct,100_1000,tu_bound,0.00039289195627385115,0.0026421200133698234,,0.007161132273670098,0.1487032967032967,100.0,PASS
C_slow_100,Direct,100_1000,phosphate_unreleased,0.05347417394448875,0.3596031502326689,,29.986308383408705,0.1487032967032967,100.0,FAIL
C_slow_100,Direct,100_1000,unfinished,2.129799340377242e-05,0.00014322475611463863,,0.00038558920910966327,0.1487032967032967,100.0,PASS
C_slow_100,Direct,1000_10000,product_extent,2.6283810683480624e-09,1.767533825152776e-08,,1.7676148850339107e-10,0.1487032967032967,999.9999999999999,PASS
C_slow_100,Direct,1000_10000,product_current,1.7675278128875382e-10,1.7675278128875382e-10,,3.854321555953424e-06,1.0,999.9999999999999,PASS
C_slow_100,Direct,1000_10000,pi_current,4.4378554260149605e-07,4.4378554260149605e-07,,0.00977184161966597,1.0,999.9999999999999,PASS
C_slow_100,Direct,1000_10000,pi_extent,6.599237355686682e-06,4.4378554490650906e-05,,4.4380570022227687e-07,0.1487032967032967,999.9999999999999,PASS
C_slow_100,Direct,1000_10000,gdp_current,3.2606345227393567e-09,3.2606345227393567e-09,,7.110710809674124e-05,1.0,999.9999999999999,PASS
C_slow_100,Direct,1000_10000,gdp_extent,4.8486755943599746e-08,3.2606375930147626e-07,,3.260787117237163e-09,0.1487032967032967,999.9999999999999,PASS
C_slow_100,Direct,1000_10000,bound_pi,4.541472936978137e-08,3.0540499354493825e-07,,1.0,0.1487032967032967,999.9999999999999,PASS
C_slow_100,Direct,1000_10000,bound_gdp,6.596165340492657e-06,4.43578958014212e-05,,1.0,0.1487032967032967,999.9999999999999,PASS
C_slow_100,Direct,1000_10000,bound_gtp,6.6446520596969115e-06,4.4683959313657915e-05,,38.04329004277437,0.1487032967032967,999.9999999999999,PASS
C_slow_100,Direct,1000_10000,tu_bound,4.8486719204254626e-08,3.260635122367108e-07,,0.007161123598885874,0.1487032967032967,999.9999999999999,PASS
C_slow_100,Direct,1000_10000,phosphate_unreleased,6.59923733032713e-06,4.437855432011298e-05,,29.986308116520387,0.1487032967032967,999.9999999999999,PASS
C_slow_100,Direct,1000_10000,unfinished,2.6283810446531627e-09,1.767533809218429e-08,,0.0003855805926839373,0.1487032967032967,999.9999999999999,PASS
C_slow_100,Direct,V1_transient,product_extent,0.001036065677650062,0.0069673349590715075,,555622.8974169497,0.1487032967032967,0.25,PASS
C_slow_100,Direct,V1_transient,product_current,0.03353475280636995,0.03353475280636995,,223149.72153362806,1.0,0.0845,FAIL
C_slow_100,Direct,V1_transient,pi_current,0.8763291553581057,0.8763291553581057,,0.9501531415745732,1.0,0.105,FAIL
C_slow_100,Direct,V1_transient,pi_extent,0.028015219858343505,0.1883967637532707,,0.9470362718217279,0.1487032967032967,0.25,FAIL
C_slow_100,Direct,V1_transient,gdp_current,0.027394579880188487,0.027394579880188487,,4103.431497921601,1.0,0.079,FAIL
C_slow_100,Direct,V1_transient,gdp_extent,0.0008396911357580359,0.005646755346880082,,8173.450367048949,0.1487032967032967,0.25,PASS
C_slow_100,Direct,V1_transient,bound_pi,0.0009978546892958887,0.0067103736865153606,,1.0,0.1487032967032967,0.2215,PASS
C_slow_100,Direct,V1_transient,bound_gdp,0.029852653559142645,0.20075313877342452,,1.0,0.1487032967032967,0.25,FAIL
C_slow_100,Direct,V1_transient,bound_gtp,0.02901296242338457,0.19510638342654418,,7.5607770142075585,0.1487032967032967,0.25,FAIL
C_slow_100,Direct,V1_transient,tu_bound,0.000839691135758075,0.005646755346880345,,0.024987678183898566,0.1487032967032967,0.25,PASS
C_slow_100,Direct,V1_transient,phosphate_unreleased,0.02801521985834348,0.18839676375327052,,5.794204499618555,0.1487032967032967,0.25,FAIL
C_slow_100,Direct,V1_transient,unfinished,0.0010360656776500984,0.006967334959071752,,0.030574741049850987,0.1487032967032967,0.25,PASS
C_slow_100,Direct,V1_post,product_extent,0.002113957315233145,0.014215941153282306,,0.31091717126358887,0.1487032967032967,1.0,FAIL
C_slow_100,Direct,V1_post,product_current,0.024249960204297705,0.024249960204297705,,0.12092654243230379,1.0,0.255,FAIL
C_slow_100,Direct,V1_post,pi_current,0.7729231471373977,0.7729231471373977,,0.7746989557533415,1.0,0.255,FAIL
C_slow_100,Direct,V1_post,pi_extent,0.13731811502893854,0.9234369248916203,,0.8654558590696643,0.1487032967032967,4.6850000000000005,FAIL
C_slow_100,Direct,V1_post,gdp_current,0.018669452510755663,0.018669452510755663,,0.0905777816712726,1.0,0.255,FAIL
C_slow_100,Direct,V1_post,gdp_extent,0.0015187232670159367,0.010213110944313496,,0.23771392309366426,0.1487032967032967,0.835,FAIL
C_slow_100,Direct,V1_post,bound_pi,0.0009977077436302765,0.006709385506233754,,1.0,0.1487032967032967,0.255,PASS
C_slow_100,Direct,V1_post,bound_gdp,0.13751840509779037,0.9247838356413629,,1.0,0.1487032967032967,4.53,FAIL
C_slow_100,Direct,V1_post,bound_gtp,0.13827268836845544,0.9298562401366719,,38.0413310587777,0.1487032967032967,4.68,FAIL
C_slow_100,Direct,V1_post,tu_bound,0.0015187232670159784,0.010213110944313777,,0.024902883790540325,0.1487032967032967,0.835,FAIL
C_slow_100,Direct,V1_post,phosphate_unreleased,0.13731811502893848,0.92343692489162,,29.984753388892422,0.1487032967032967,4.6850000000000005,FAIL
C_slow_100,Direct,V1_post,unfinished,0.002113957315233228,0.014215941153282867,,0.030573951172653834,0.1487032967032967,1.0,FAIL
C_slow_100,Two-stage,early_0_10,product_extent,0.0003741460815001943,0.002516057745826018,,2924.9527046634626,0.1487032967032967,0.9699999999999999,PASS
C_slow_100,Two-stage,early_0_10,product_current,0.007060615549459179,0.007060615549459179,,1759.624841166491,1.0,0.064,PASS
C_slow_100,Two-stage,early_0_10,pi_current,0.1033710614107741,0.1033710614107741,,20.85493743912959,1.0,0.009000000000000001,FAIL
C_slow_100,Two-stage,early_0_10,pi_extent,0.0003153395786095411,0.0021205957473742418,,31.611379705172247,0.1487032967032967,0.037,PASS
C_slow_100,Two-stage,early_0_10,gdp_current,0.0026208824383866514,0.0026208824383866514,,31.38333268403961,1.0,0.96,PASS
C_slow_100,Two-stage,early_0_10,gdp_extent,0.0009464629191112683,0.0063647742860719345,,42.04720382222075,0.1487032967032967,6.38,PASS
C_slow_100,Two-stage,early_0_10,bound_pi,0.0009978546892958887,0.0067103736865153606,,1.0,0.1487032967032967,0.2215,PASS
C_slow_100,Two-stage,early_0_10,bound_gdp,0.0009994509839731831,0.0067211084497162035,,0.20543052811575835,0.1487032967032967,0.211,PASS
C_slow_100,Two-stage,early_0_10,bound_gtp,0.000997153341935193,0.00670565726545245,,0.26008476010879195,0.1487032967032967,0.31,PASS
C_slow_100,Two-stage,early_0_10,tu_bound,0.0009464629191128227,0.006364774286082387,,0.006837859445147895,0.1487032967032967,6.38,PASS
C_slow_100,Two-stage,early_0_10,phosphate_unreleased,0.00031533957860954004,0.0021205957473742344,,0.09867865228047923,0.1487032967032967,0.037,PASS
C_slow_100,Two-stage,early_0_10,unfinished,0.00037414608150018736,0.0025160577458259717,,0.005871955605520987,0.1487032967032967,0.9699999999999999,PASS
C_slow_100,Two-stage,late_5_10,product_extent,2.081722463942448e-05,0.0001399916821007706,,3.569266618402596e-05,0.1487032967032967,5.0,PASS
C_slow_100,Two-stage,late_5_10,product_current,0.00017041606890022543,0.00017041606890022543,,0.00017843574676722074,1.0,5.0,PASS
C_slow_100,Two-stage,late_5_10,pi_current,1.6555940174356465e-08,1.6555940174356465e-08,,1.7399114743452973e-08,1.0,5.0,PASS
C_slow_100,Two-stage,late_5_10,pi_extent,2.4619228367050994e-07,1.6555939856648243e-06,,3.416378901902568e-07,0.1487032967032967,5.0,PASS
C_slow_100,Two-stage,late_5_10,gdp_current,0.0001462510059823119,0.0001462510059823119,,0.0001531373652204545,1.0,5.0,PASS
C_slow_100,Two-stage,late_5_10,gdp_extent,0.0009464629191112683,0.0063647742860719345,,0.0015992019406696084,0.1487032967032967,6.38,PASS
C_slow_100,Two-stage,late_5_10,bound_pi,0.0009515395091351596,0.006398913341065587,,1.0,0.1487032967032967,5.0,PASS
C_slow_100,Two-stage,late_5_10,bound_gdp,1.7547271641271678e-05,0.00011800190063225855,,0.0001318887389018513,0.1487032967032967,5.0,PASS
C_slow_100,Two-stage,late_5_10,bound_gtp,0.0009517857014193715,0.006400568935054893,,0.26008476010879195,0.1487032967032967,5.0,PASS
C_slow_100,Two-stage,late_5_10,tu_bound,0.0009464629191128227,0.006364774286082387,,0.006837859445147895,0.1487032967032967,6.38,PASS
C_slow_100,Two-stage,late_5_10,phosphate_unreleased,2.4619228421174366e-07,1.6555939893045132e-06,,5.3391681030198494e-05,0.1487032967032967,5.0,PASS
C_slow_100,Two-stage,late_5_10,unfinished,2.0817224639285703e-05,0.00013999168209983734,,0.00014660101357902034,0.1487032967032967,5.0,PASS
C_slow_100,Two-stage,macro_10_end,product_extent,8.885364933153284e-06,5.9752306304829204e-05,,6.849869924562537e-06,0.1487032967032967,11.306633979496388,PASS
C_slow_100,Two-stage,macro_10_end,product_current,1.530767117619014e-06,1.530767117619014e-06,,1.6749063108245274e-06,1.0,10.0,PASS
C_slow_100,Two-stage,macro_10_end,pi_current,1.5748493842338007e-08,1.5748493842338007e-08,,2.3767814631002023e-08,1.0,10.0,PASS
C_slow_100,Two-stage,macro_10_end,pi_extent,2.341852904930164e-07,1.5748493522660723e-06,,1.660049389553484e-07,0.1487032967032967,10.0,PASS
C_slow_100,Two-stage,macro_10_end,gdp_current,6.057973946027584e-05,6.057973946027584e-05,,6.79286935802484e-05,1.0,11.306633979496388,PASS
C_slow_100,Two-stage,macro_10_end,gdp_extent,0.0009227045949358192,0.006205004296420303,,0.0007207737666233119,0.1487032967032967,10.0,PASS
C_slow_100,Two-stage,macro_10_end,bound_pi,0.0009051323796643383,0.006086834654851816,,1.0,0.1487032967032967,10.0,PASS
C_slow_100,Two-stage,macro_10_end,bound_gdp,1.739471728226527e-05,0.00011697600300666122,,0.00013471823107947972,0.1487032967032967,10.7977516232771,PASS
C_slow_100,Two-stage,macro_10_end,bound_gtp,0.0009053665650091487,0.006088409504569356,,0.26008476813389364,0.1487032967032967,10.0,PASS
C_slow_100,Two-stage,macro_10_end,tu_bound,0.0009227045949913582,0.006205004296793792,,0.006840392472488863,0.1487032967032967,10.0,PASS
C_slow_100,Two-stage,macro_10_end,phosphate_unreleased,2.3418534481067788e-07,1.574849717541508e-06,,5.339805007010894e-05,0.1487032967032967,10.0,PASS
C_slow_100,Two-stage,macro_10_end,unfinished,8.885365504945897e-06,5.975231015002044e-05,,6.700714244159692e-05,0.1487032967032967,11.306633979496388,PASS
C_slow_100,Two-stage,10_100,product_extent,8.885364933153284e-06,5.9752306304829204e-05,,6.849869924562537e-06,0.1487032967032967,11.306633979496388,PASS
C_slow_100,Two-stage,10_100,product_current,1.530767117619014e-06,1.530767117619014e-06,,1.6749063108245274e-06,1.0,10.0,PASS
C_slow_100,Two-stage,10_100,pi_current,1.5748493842338007e-08,1.5748493842338007e-08,,1.741858222999293e-08,1.0,10.0,PASS
C_slow_100,Two-stage,10_100,pi_extent,2.341852904930164e-07,1.5748493522660723e-06,,1.660049389553484e-07,0.1487032967032967,10.0,PASS
C_slow_100,Two-stage,10_100,gdp_current,6.057973946027584e-05,6.057973946027584e-05,,6.792234391665529e-05,1.0,11.306633979496388,PASS
C_slow_100,Two-stage,10_100,gdp_extent,0.0009227045949358192,0.006205004296420303,,0.0007207737666233119,0.1487032967032967,10.0,PASS
C_slow_100,Two-stage,10_100,bound_pi,0.0009051323796643383,0.006086834654851816,,1.0,0.1487032967032967,10.0,PASS
C_slow_100,Two-stage,10_100,bound_gdp,1.739471728226527e-05,0.00011697600300666122,,0.0001347118809918738,0.1487032967032967,10.7977516232771,PASS
C_slow_100,Two-stage,10_100,bound_gtp,0.0009053665650091487,0.006088409504569356,,0.2600847601333228,0.1487032967032967,10.0,PASS
C_slow_100,Two-stage,10_100,tu_bound,0.0009227045949913582,0.006205004296793792,,0.006840386079825337,0.1487032967032967,10.0,PASS
C_slow_100,Two-stage,10_100,phosphate_unreleased,2.3418534481067788e-07,1.574849717541508e-06,,5.339170049881491e-05,0.1487032967032967,10.0,PASS
C_slow_100,Two-stage,10_100,unfinished,8.885365504945897e-06,5.975231015002044e-05,,6.700079278384671e-05,0.1487032967032967,11.306633979496388,PASS
C_slow_100,Two-stage,100_1000,product_extent,3.7009731901349596e-06,2.488830625940595e-05,,3.960545378124731e-07,0.1487032967032967,100.0,PASS
C_slow_100,Two-stage,100_1000,product_current,2.48883062603511e-07,2.48883062603511e-07,,6.761207814685613e-07,1.0,100.0,PASS
C_slow_100,Two-stage,100_1000,pi_current,6.410027175718369e-09,6.410027175718369e-09,,2.3767814631002023e-08,1.0,100.0,PASS
C_slow_100,Two-stage,100_1000,pi_extent,9.531922096073231e-08,6.410027421982441e-07,,1.014243823969942e-08,0.1487032967032967,100.0,PASS
C_slow_100,Two-stage,100_1000,gdp_current,2.5237835635183448e-05,2.5237835635183448e-05,,6.79286935802484e-05,1.0,100.0,PASS
C_slow_100,Two-stage,100_1000,gdp_extent,0.00037529493607024733,0.002523783563582065,,4.0160072606771e-05,0.1487032967032967,100.0,PASS
C_slow_100,Two-stage,100_1000,bound_pi,0.00036799936361531135,0.0024747222944866486,,1.0,0.1487032967032967,100.0,PASS
C_slow_100,Two-stage,100_1000,bound_gdp,7.200253228568931e-06,4.842026631686171e-05,,0.00013471823107947972,0.1487032967032967,100.0,PASS
C_slow_100,Two-stage,100_1000,bound_gtp,0.00036809457630600033,0.002475362580834025,,0.26008476813389364,0.1487032967032967,100.0,PASS
C_slow_100,Two-stage,100_1000,tu_bound,0.0003752948295345712,0.0025237828471509,,0.006840392472488863,0.1487032967032967,100.0,PASS
C_slow_100,Two-stage,100_1000,phosphate_unreleased,9.521269068893216e-08,6.402863473760588e-07,,5.339805007010894e-05,0.1487032967032967,100.0,PASS
C_slow_100,Two-stage,100_1000,unfinished,3.700866664492486e-06,2.488758989571506e-05,,6.700714244159692e-05,0.1487032967032967,100.0,PASS
C_slow_100,Two-stage,1000_10000,product_extent,4.56717330621359e-10,3.0713329209683466e-09,,3.0714737736513085e-11,0.1487032967032967,999.9999999999999,PASS
C_slow_100,Two-stage,1000_10000,product_current,3.0713264322480924e-11,3.0713264322480924e-11,,6.697422007659547e-07,1.0,999.9999999999999,PASS
C_slow_100,Two-stage,1000_10000,pi_current,7.897275362952691e-13,7.897275362952691e-13,,1.73892379687007e-08,1.0,999.9999999999999,PASS
C_slow_100,Two-stage,1000_10000,pi_extent,1.1764811347347859e-11,7.91160089128477e-11,,7.911960210816519e-13,0.1487032967032967,999.9999999999999,PASS
C_slow_100,Two-stage,1000_10000,gdp_current,3.1145950057730838e-09,3.1145950057730838e-09,,6.792231457054366e-05,1.0,999.9999999999999,PASS
C_slow_100,Two-stage,1000_10000,gdp_extent,4.631509220587304e-08,3.114597539709168e-07,,3.1147403669206966e-09,0.1487032967032967,999.9999999999999,PASS
C_slow_100,Two-stage,1000_10000,bound_pi,4.541472936978137e-08,3.0540499354493825e-07,,1.0,0.1487032967032967,999.9999999999999,PASS
C_slow_100,Two-stage,1000_10000,bound_gdp,8.885816467658152e-10,5.9755342784281095e-09,,0.00013471185164370795,0.1487032967032967,999.9999999999999,PASS
C_slow_100,Two-stage,1000_10000,bound_gtp,4.542647954282807e-08,3.054840111142e-07,,0.26008476009634635,0.1487032967032967,999.9999999999999,PASS
C_slow_100,Two-stage,1000_10000,tu_bound,4.631506118959412e-08,3.114595453926297e-07,,0.006840386050280392,0.1487032967032967,999.9999999999999,PASS
C_slow_100,Two-stage,1000_10000,phosphate_unreleased,1.1750173046693778e-11,7.901756926168592e-11,,5.339167115287347e-05,0.1487032967032967,999.9999999999999,PASS
C_slow_100,Two-stage,1000_10000,unfinished,4.567230299926589e-10,3.0713712481031598e-09,,6.700076343771207e-05,0.1487032967032967,999.9999999999999,PASS
C_slow_100,Two-stage,V1_transient,product_extent,0.00019622672699256194,0.0013195855864855997,,2924.9527046634626,0.1487032967032967,0.25,PASS
C_slow_100,Two-stage,V1_transient,product_current,0.007060615549459179,0.007060615549459179,,1759.624841166491,1.0,0.064,PASS
C_slow_100,Two-stage,V1_transient,pi_current,0.1033710614107741,0.1033710614107741,,20.85493743912959,1.0,0.009000000000000001,FAIL
C_slow_100,Two-stage,V1_transient,pi_extent,0.0003153395786095411,0.0021205957473742418,,31.611379705172247,0.1487032967032967,0.037,PASS
C_slow_100,Two-stage,V1_transient,gdp_current,0.0020581088213786694,0.0020581088213786694,,31.38333268403961,1.0,0.0345,PASS
C_slow_100,Two-stage,V1_transient,gdp_extent,1.8412967510926667e-05,0.00012382353262594786,,42.04720382222075,0.1487032967032967,0.10850000000000001,PASS
C_slow_100,Two-stage,V1_transient,bound_pi,0.0009978546892958887,0.0067103736865153606,,1.0,0.1487032967032967,0.2215,PASS
C_slow_100,Two-stage,V1_transient,bound_gdp,0.0009994509839731831,0.0067211084497162035,,0.20543052811575835,0.1487032967032967,0.211,PASS
C_slow_100,Two-stage,V1_transient,bound_gtp,0.000996071128579705,0.006698379596567628,,0.259576102005052,0.1487032967032967,0.25,PASS
C_slow_100,Two-stage,V1_transient,tu_bound,1.8412967510934852e-05,0.0001238235326260029,,0.0015261001338385675,0.1487032967032967,0.10850000000000001,PASS
C_slow_100,Two-stage,V1_transient,phosphate_unreleased,0.00031533957860954004,0.0021205957473742344,,0.09867865228047923,0.1487032967032967,0.037,PASS
C_slow_100,Two-stage,V1_transient,unfinished,0.00019622672699258492,0.0013195855864857543,,0.005871955605520987,0.1487032967032967,0.25,PASS
C_slow_100,Two-stage,V1_post,product_extent,0.0003741460815001943,0.002516057745826018,,0.05879263861917813,0.1487032967032967,0.9699999999999999,PASS
C_slow_100,Two-stage,V1_post,product_current,0.004165798362439271,0.004165798362439271,,0.020773460582861326,1.0,0.255,PASS
C_slow_100,Two-stage,V1_post,pi_current,0.00032922339482510665,0.00032922339482510665,,0.0003299797931077379,1.0,0.255,PASS
C_slow_100,Two-stage,V1_post,pi_extent,1.4080533308272192e-06,9.468877705089931e-06,,4.2621558205733546e-05,0.1487032967032967,0.255,PASS
C_slow_100,Two-stage,V1_post,gdp_current,0.0026208824383866514,0.0026208824383866514,,0.0068636845588865205,1.0,0.96,PASS
C_slow_100,Two-stage,V1_post,gdp_extent,0.0009464629191112683,0.0063647742860719345,,0.005025849577517758,0.1487032967032967,6.38,PASS
C_slow_100,Two-stage,V1_post,bound_pi,0.0009977077436302765,0.006709385506233754,,1.0,0.1487032967032967,0.255,PASS
C_slow_100,Two-stage,V1_post,bound_gdp,0.0009951086419939352,0.006691907066320433,,0.03268789287802345,0.1487032967032967,0.255,PASS
C_slow_100,Two-stage,V1_post,bound_gtp,0.000997153341935193,0.00670565726545245,,0.26008476010879195,0.1487032967032967,0.31,PASS
C_slow_100,Two-stage,V1_post,tu_bound,0.0009464629191128227,0.006364774286082387,,0.006837859445147895,0.1487032967032967,6.38,PASS
C_slow_100,Two-stage,V1_post,phosphate_unreleased,1.408053330850638e-06,9.468877705247417e-06,,0.00029122952268095055,0.1487032967032967,0.255,PASS
C_slow_100,Two-stage,V1_post,unfinished,0.00037414608150018736,0.0025160577458259717,,0.0057813573150338644,0.1487032967032967,0.9699999999999999,PASS
C_slow_100,Three-stage,early_0_10,product_extent,0.0003639271150815693,0.002447337235620958,,66.5006226175066,0.1487032967032967,0.995,PASS
C_slow_100,Three-stage,early_0_10,product_current,0.005846134628678085,0.005846134628678085,,52.990314550538734,1.0,0.0945,PASS
C_slow_100,Three-stage,early_0_10,pi_current,3.555786221021151e-10,3.555786221021151e-10,,5.3082847191812564e-08,1.0,0.0055,PASS
C_slow_100,Three-stage,early_0_10,pi_extent,7.075277863588525e-13,4.757983192333401e-12,,9.939231335917892e-07,0.1487032967032967,0.17,PASS
C_slow_100,Three-stage,early_0_10,gdp_current,0.002547549696603868,0.002547549696603868,,0.0069512386025078615,1.0,0.9899999999999999,PASS
C_slow_100,Three-stage,early_0_10,gdp_extent,0.0009462572466754082,0.006363391179977989,,0.006970016607333257,0.1487032967032967,6.38,PASS
C_slow_100,Three-stage,early_0_10,bound_pi,3.5557861722320533e-13,2.391195253274585e-12,,5.3082847142907786e-08,0.1487032967032967,0.0055,PASS
C_slow_100,Three-stage,early_0_10,bound_gdp,0.0009462572466742147,0.006363391179969963,,0.0070171340767757676,0.1487032967032967,6.38,PASS
C_slow_100,Three-stage,early_0_10,bound_gtp,5.235868162645207e-13,3.5210168696476047e-12,,1.3652010932868907e-10,0.1487032967032967,0.17,PASS
C_slow_100,Three-stage,early_0_10,tu_bound,0.0009462572466742147,0.006363391179969963,,0.00683611397373656,0.1487032967032967,6.38,PASS
C_slow_100,Three-stage,early_0_10,phosphate_unreleased,7.075494704023022e-13,4.758129013199046e-12,,9.09978602546785e-10,0.1487032967032967,0.17,PASS
C_slow_100,Three-stage,early_0_10,unfinished,0.00036392711508152764,0.002447337235620678,,0.005160749265987984,0.1487032967032967,0.995,PASS
C_slow_100,Three-stage,late_5_10,product_extent,2.0901240065041016e-05,0.000140556669074692,,3.5836716824434615e-05,0.1487032967032967,5.0,PASS
C_slow_100,Three-stage,late_5_10,product_current,0.0001692887223095907,0.0001692887223095907,,0.00017725534792300635,1.0,5.0,PASS
C_slow_100,Three-stage,late_5_10,pi_current,5.551115123125783e-15,5.551115123125783e-15,,6.13293176538925e-15,1.0,10.0,PASS
C_slow_100,Three-stage,late_5_10,pi_extent,8.37108160567368e-14,5.629385354096252e-13,,5.933937558650976e-14,0.1487032967032967,10.0,PASS
C_slow_100,Three-stage,late_5_10,gdp_current,0.00014512365939167715,0.00014512365939167715,,0.0001519569365087303,1.0,5.0,PASS
C_slow_100,Three-stage,late_5_10,gdp_extent,0.0009462572466754082,0.006363391179977989,,0.001599058125528409,0.1487032967032967,6.38,PASS
C_slow_100,Three-stage,late_5_10,bound_pi,5.637851296924623e-18,3.791342506799739e-17,,6.2287588242234564e-15,0.1487032967032967,10.0,PASS
C_slow_100,Three-stage,late_5_10,bound_gdp,0.0009462572466742147,0.006363391179969963,,0.0070171340767757676,0.1487032967032967,6.38,PASS
C_slow_100,Three-stage,late_5_10,bound_gtp,2.168404344971009e-17,1.458208656461438e-16,,6.229177723996501e-15,0.1487032967032967,10.0,PASS
C_slow_100,Three-stage,late_5_10,tu_bound,0.0009462572466742147,0.006363391179969963,,0.00683611397373656,0.1487032967032967,6.38,PASS
C_slow_100,Three-stage,late_5_10,phosphate_unreleased,2.688821387764051e-17,1.8081787340121833e-16,,6.130216814989249e-15,0.1487032967032967,10.0,PASS
C_slow_100,Three-stage,late_5_10,unfinished,2.0901240063986304e-05,0.0001405566690675993,,0.0001471926748898243,0.1487032967032967,5.0,PASS
C_slow_100,Three-stage,macro_10_end,product_extent,8.652204160464194e-06,5.818434663037553e-05,,6.665749587174419e-06,0.1487032967032967,11.306633979496388,PASS
C_slow_100,Three-stage,macro_10_end,product_current,1.54014828535054e-06,1.54014828535054e-06,,1.6851708225556623e-06,1.0,10.0,PASS
C_slow_100,Three-stage,macro_10_end,pi_current,9.99339500040719e-12,9.99339500040719e-12,,1.0050341585305504e-08,1.0,109.64781961431852,PASS
C_slow_100,Three-stage,macro_10_end,pi_extent,1.4859402597267035e-10,9.992651761390038e-10,,1.664685537874267e-11,0.1487032967032967,109.64781961431852,PASS
C_slow_100,Three-stage,macro_10_end,gdp_current,6.056572909196589e-05,6.056572909196589e-05,,6.791471563617483e-05,1.0,11.306633979496388,PASS
C_slow_100,Three-stage,macro_10_end,gdp_extent,0.0009224690600138086,0.006203420371065369,,0.000720589777734733,0.1487032967032967,10.0,PASS
C_slow_100,Three-stage,macro_10_end,bound_pi,9.99341668445064e-15,6.720373324601007e-14,,1.0050341646365368e-08,0.1487032967032967,109.64781961431852,PASS
C_slow_100,Three-stage,macro_10_end,bound_gdp,0.0009224690600985463,0.006203420371635214,,0.007019724179709743,0.1487032967032967,10.0,PASS
C_slow_100,Three-stage,macro_10_end,bound_gtp,3.843366597200415e-14,2.5845873510585115e-13,,1.0050341493998666e-08,0.1487032967032967,109.64781961431852,PASS
C_slow_100,Three-stage,macro_10_end,tu_bound,0.0009224690600985186,0.006203420371635027,,0.006838643552961605,0.1487032967032967,10.0,PASS
C_slow_100,Three-stage,macro_10_end,phosphate_unreleased,4.842697423623754e-14,3.2566173924753293e-13,,1.0050341602902119e-08,0.1487032967032967,109.64781961431852,PASS
C_slow_100,Three-stage,macro_10_end,unfinished,8.652204709497235e-06,5.818435032251318e-05,,6.526998853876185e-05,0.1487032967032967,11.306633979496388,PASS
C_slow_100,Three-stage,10_100,product_extent,8.652204160464194e-06,5.818434663037553e-05,,6.665749587174419e-06,0.1487032967032967,11.306633979496388,PASS
C_slow_100,Three-stage,10_100,product_current,1.54014828535054e-06,1.54014828535054e-06,,1.6851708225556623e-06,1.0,10.0,PASS
C_slow_100,Three-stage,10_100,pi_current,6.9191319340689006e-12,6.9191319340689006e-12,,1.8633562474940156e-11,1.0,99.10000000000001,PASS
C_slow_100,Three-stage,10_100,pi_extent,1.0289546992225951e-10,6.919515047979319e-10,,1.664685537874267e-11,0.1487032967032967,99.10000000000001,PASS
C_slow_100,Three-stage,10_100,gdp_current,6.056572909196589e-05,6.056572909196589e-05,,6.790494278641204e-05,1.0,11.306633979496388,PASS
C_slow_100,Three-stage,10_100,gdp_extent,0.0009224690600138086,0.006203420371065369,,0.000720589777734733,0.1487032967032967,10.0,PASS
C_slow_100,Three-stage,10_100,bound_pi,6.919107214259368e-15,4.652961546686391e-14,,1.8633495903277745e-11,0.1487032967032967,99.10000000000001,PASS
C_slow_100,Three-stage,10_100,bound_gdp,0.0009224690600985463,0.006203420371635214,,0.007019714338925582,0.1487032967032967,10.0,PASS
C_slow_100,Three-stage,10_100,bound_gtp,2.6609790759746232e-14,1.7894553348632184e-13,,1.86332364898003e-11,0.1487032967032967,99.10000000000001,PASS
C_slow_100,Three-stage,10_100,tu_bound,0.0009224690600985186,0.006203420371635027,,0.006838633713946934,0.1487032967032967,10.0,PASS
C_slow_100,Three-stage,10_100,phosphate_unreleased,3.3528952184114225e-14,2.2547551350534986e-13,,1.8633320149051783e-11,0.1487032967032967,99.10000000000001,PASS
C_slow_100,Three-stage,10_100,unfinished,8.652204709497235e-06,5.818435032251318e-05,,6.526021571475794e-05,0.1487032967032967,11.306633979496388,PASS
C_slow_100,Three-stage,100_1000,product_extent,3.604778566312916e-06,2.4241416607631934e-05,,3.857604029131887e-07,0.1487032967032967,100.0,PASS
C_slow_100,Three-stage,100_1000,product_current,2.424141661849788e-07,2.424141661849788e-07,,6.621437775295047e-07,1.0,100.0,PASS
C_slow_100,Three-stage,100_1000,pi_current,9.99339500040719e-12,9.99339500040719e-12,,1.0050341585305504e-08,1.0,109.64781961431852,PASS
C_slow_100,Three-stage,100_1000,pi_extent,1.4859402597267035e-10,9.992651761390038e-10,,1.500745970971003e-11,0.1487032967032967,109.64781961431852,PASS
C_slow_100,Three-stage,100_1000,gdp_current,2.5231366738764915e-05,2.5231366738764915e-05,,6.791471563617483e-05,1.0,100.0,PASS
C_slow_100,Three-stage,100_1000,gdp_extent,0.0003751987414464253,0.002523136673930291,,4.014977888120804e-05,0.1487032967032967,100.0,PASS
C_slow_100,Three-stage,100_1000,bound_pi,9.99341668445064e-15,6.720373324601007e-14,,1.0050341646365368e-08,0.1487032967032967,109.64781961431852,PASS
C_slow_100,Three-stage,100_1000,bound_gdp,0.0003751986862506329,0.0025231363027496006,,0.007019724179709743,0.1487032967032967,100.0,PASS
C_slow_100,Three-stage,100_1000,bound_gtp,3.843366597200415e-14,2.5845873510585115e-13,,1.0050341493998666e-08,0.1487032967032967,109.64781961431852,PASS
C_slow_100,Three-stage,100_1000,tu_bound,0.0003751986862649062,0.0025231363028455855,,0.006838643552961605,0.1487032967032967,100.0,PASS
C_slow_100,Three-stage,100_1000,phosphate_unreleased,4.842697423623754e-14,3.2566173924753293e-13,,1.0050341602902119e-08,0.1487032967032967,109.64781961431852,PASS
C_slow_100,Three-stage,100_1000,unfinished,3.6047233948274804e-06,2.4241045590400582e-05,,6.526998853876185e-05,0.1487032967032967,100.0,PASS
C_slow_100,Three-stage,1000_10000,product_extent,4.448459378636471e-10,2.991500173336675e-09,,2.9916373648546046e-11,0.1487032967032967,999.9999999999999,PASS
C_slow_100,Three-stage,1000_10000,product_current,2.991559283009159e-11,2.991559283009159e-11,,6.523479487192891e-07,1.0,999.9999999999999,PASS
C_slow_100,Three-stage,1000_10000,pi_current,2.272013415079155e-16,2.272013415079155e-16,,5.00281174545749e-12,1.0,999.9999999999999,PASS
C_slow_100,Three-stage,1000_10000,pi_extent,1.7763568394002505e-14,1.19456453137321e-13,,1.194618784662014e-15,0.1487032967032967,999.9999999999999,PASS
C_slow_100,Three-stage,1000_10000,gdp_current,3.1137973342806945e-09,3.1137973342806945e-09,,6.790491914868959e-05,1.0,999.9999999999999,PASS
C_slow_100,Three-stage,1000_10000,gdp_extent,4.630322081311533e-08,3.113799212232852e-07,,3.113942002835192e-09,0.1487032967032967,999.9999999999999,PASS
C_slow_100,Three-stage,1000_10000,bound_pi,2.271967357662648e-19,1.5278527161343552e-18,,5.0027103303061815e-12,0.1487032967032967,999.9999999999999,PASS
C_slow_100,Three-stage,1000_10000,bound_gdp,4.630319626557875e-08,3.1137975614599956e-07,,0.007019714315123647,0.1487032967032967,999.9999999999999,PASS
C_slow_100,Three-stage,1000_10000,bound_gtp,8.737674246520142e-19,5.87591159055079e-18,,5.0026679000376175e-12,0.1487032967032967,999.9999999999999,PASS
C_slow_100,Three-stage,1000_10000,tu_bound,4.6303196264705456e-08,3.113797561401268e-07,,0.006838633690149336,0.1487032967032967,999.9999999999999,PASS
C_slow_100,Three-stage,1000_10000,phosphate_unreleased,1.1009575429733786e-18,7.403719805688549e-18,,5.00264658691559e-12,0.1487032967032967,999.9999999999999,PASS
C_slow_100,Three-stage,1000_10000,unfinished,4.4485810510399334e-10,2.99158199560031e-09,,6.526019207724339e-05,0.1487032967032967,999.9999999999999,PASS
C_slow_100,Three-stage,V1_transient,product_extent,0.00017423338194650674,0.0011716847293180691,,66.5006226175066,0.1487032967032967,0.25,PASS
C_slow_100,Three-stage,V1_transient,product_current,0.005846134628678085,0.005846134628678085,,52.990314550538734,1.0,0.0945,PASS
C_slow_100,Three-stage,V1_transient,pi_current,3.555786221021151e-10,3.555786221021151e-10,,5.3082847191812564e-08,1.0,0.0055,PASS
C_slow_100,Three-stage,V1_transient,pi_extent,7.075277863588525e-13,4.757983192333401e-12,,9.939231335917892e-07,0.1487032967032967,0.17,PASS
C_slow_100,Three-stage,V1_transient,gdp_current,0.001250151459982668,0.001250151459982668,,0.0069512386025078615,1.0,0.25,PASS
C_slow_100,Three-stage,V1_transient,gdp_extent,2.214115994551933e-05,0.0001488948828733564,,0.006970016607333257,0.1487032967032967,0.25,PASS
C_slow_100,Three-stage,V1_transient,bound_pi,3.5557861722320533e-13,2.391195253274585e-12,,5.3082847142907786e-08,0.1487032967032967,0.0055,PASS
C_slow_100,Three-stage,V1_transient,bound_gdp,2.2141159828147072e-05,0.0001488948820840514,,0.0007416814650758623,0.1487032967032967,0.25,PASS
C_slow_100,Three-stage,V1_transient,bound_gtp,5.235868162645207e-13,3.5210168696476047e-12,,1.3652010932868907e-10,0.1487032967032967,0.17,PASS
C_slow_100,Three-stage,V1_transient,tu_bound,2.2141159945497646e-05,0.00014889488287321058,,0.0006572036537130615,0.1487032967032967,0.25,PASS
C_slow_100,Three-stage,V1_transient,phosphate_unreleased,7.075494704023022e-13,4.758129013199046e-12,,9.09978602546785e-10,0.1487032967032967,0.17,PASS
C_slow_100,Three-stage,V1_transient,unfinished,0.00017423338194652582,0.0011716847293181975,,0.005141701583375778,0.1487032967032967,0.25,PASS
C_slow_100,Three-stage,V1_post,product_extent,0.0003639271150815693,0.002447337235620958,,0.05233721818265477,0.1487032967032967,0.995,PASS
C_slow_100,Three-stage,V1_post,product_current,0.004308160665522032,0.004308160665522032,,0.02148337436991352,1.0,0.255,PASS
C_slow_100,Three-stage,V1_post,pi_current,8.958045416562754e-11,8.958045416562754e-11,,8.97969382068255e-11,1.0,0.27,PASS
C_slow_100,Three-stage,V1_post,pi_extent,3.4455771569241733e-13,2.3170818894479735e-12,,9.771503449141068e-12,0.1487032967032967,0.27,PASS
C_slow_100,Three-stage,V1_post,gdp_current,0.002547549696603868,0.002547549696603868,,0.006172991481549575,1.0,0.9899999999999999,PASS
C_slow_100,Three-stage,V1_post,gdp_extent,0.0009462572466754082,0.006363391179977989,,0.006426603231645308,0.1487032967032967,6.38,PASS
C_slow_100,Three-stage,V1_post,bound_pi,8.958046977813883e-14,6.024107855313799e-13,,8.979695385706667e-11,0.1487032967032967,0.27,PASS
C_slow_100,Three-stage,V1_post,bound_gdp,0.0009462572466742147,0.006363391179969963,,0.0070171340767757676,0.1487032967032967,6.38,PASS
C_slow_100,Three-stage,V1_post,bound_gtp,2.5495968183908424e-13,1.71455298901542e-12,,6.645349924099318e-11,0.1487032967032967,0.27,PASS
C_slow_100,Three-stage,V1_post,tu_bound,0.0009462572466742147,0.006363391179969963,,0.00683611397373656,0.1487032967032967,6.38,PASS
C_slow_100,Three-stage,V1_post,phosphate_unreleased,3.4454036845765756e-13,2.3169652327554564e-12,,7.127066511491456e-11,0.1487032967032967,0.27,PASS
C_slow_100,Three-stage,V1_post,unfinished,0.00036392711508152764,0.002447337235620678,,0.005160749265987984,0.1487032967032967,0.995,PASS
C_slow_1000,Full,early_0_10,product_extent,0.0,0.0,,0.0,0.1487032967032967,0.0,PASS
C_slow_1000,Full,early_0_10,product_current,0.0,0.0,,0.0,1.0,0.0,PASS
C_slow_1000,Full,early_0_10,pi_current,0.0,0.0,,0.0,1.0,0.0,PASS
C_slow_1000,Full,early_0_10,pi_extent,0.0,0.0,,0.0,0.1487032967032967,0.0,PASS
C_slow_1000,Full,early_0_10,gdp_current,0.0,0.0,,0.0,1.0,0.0,PASS
C_slow_1000,Full,early_0_10,gdp_extent,0.0,0.0,,0.0,0.1487032967032967,0.0,PASS
C_slow_1000,Full,early_0_10,bound_pi,0.0,0.0,,0.0,0.1487032967032967,0.0,PASS
C_slow_1000,Full,early_0_10,bound_gdp,0.0,0.0,,0.0,0.1487032967032967,0.0,PASS
C_slow_1000,Full,early_0_10,bound_gtp,0.0,0.0,,0.0,0.1487032967032967,0.0,PASS
C_slow_1000,Full,early_0_10,tu_bound,0.0,0.0,,0.0,0.1487032967032967,0.0,PASS
C_slow_1000,Full,early_0_10,phosphate_unreleased,0.0,0.0,,0.0,0.1487032967032967,0.0,PASS
C_slow_1000,Full,early_0_10,unfinished,0.0,0.0,,0.0,0.1487032967032967,0.0,PASS
C_slow_1000,Full,late_5_10,product_extent,0.0,0.0,,0.0,0.1487032967032967,5.0,PASS
C_slow_1000,Full,late_5_10,product_current,0.0,0.0,,0.0,1.0,5.0,PASS
C_slow_1000,Full,late_5_10,pi_current,0.0,0.0,,0.0,1.0,5.0,PASS
C_slow_1000,Full,late_5_10,pi_extent,0.0,0.0,,0.0,0.1487032967032967,5.0,PASS
C_slow_1000,Full,late_5_10,gdp_current,0.0,0.0,,0.0,1.0,5.0,PASS
C_slow_1000,Full,late_5_10,gdp_extent,0.0,0.0,,0.0,0.1487032967032967,5.0,PASS
C_slow_1000,Full,late_5_10,bound_pi,0.0,0.0,,0.0,0.1487032967032967,5.0,PASS
C_slow_1000,Full,late_5_10,bound_gdp,0.0,0.0,,0.0,0.1487032967032967,5.0,PASS
C_slow_1000,Full,late_5_10,bound_gtp,0.0,0.0,,0.0,0.1487032967032967,5.0,PASS
C_slow_1000,Full,late_5_10,tu_bound,0.0,0.0,,0.0,0.1487032967032967,5.0,PASS
C_slow_1000,Full,late_5_10,phosphate_unreleased,0.0,0.0,,0.0,0.1487032967032967,5.0,PASS
C_slow_1000,Full,late_5_10,unfinished,0.0,0.0,,0.0,0.1487032967032967,5.0,PASS
C_slow_1000,Full,macro_10_end,product_extent,0.0,0.0,,0.0,0.1487032967032967,10.0,PASS
C_slow_1000,Full,macro_10_end,product_current,0.0,0.0,,0.0,1.0,10.0,PASS
C_slow_1000,Full,macro_10_end,pi_current,0.0,0.0,,0.0,1.0,10.0,PASS
C_slow_1000,Full,macro_10_end,pi_extent,0.0,0.0,,0.0,0.1487032967032967,10.0,PASS
C_slow_1000,Full,macro_10_end,gdp_current,0.0,0.0,,0.0,1.0,10.0,PASS
C_slow_1000,Full,macro_10_end,gdp_extent,0.0,0.0,,0.0,0.1487032967032967,10.0,PASS
C_slow_1000,Full,macro_10_end,bound_pi,0.0,0.0,,0.0,0.1487032967032967,10.0,PASS
C_slow_1000,Full,macro_10_end,bound_gdp,0.0,0.0,,0.0,0.1487032967032967,10.0,PASS
C_slow_1000,Full,macro_10_end,bound_gtp,0.0,0.0,,0.0,0.1487032967032967,10.0,PASS
C_slow_1000,Full,macro_10_end,tu_bound,0.0,0.0,,0.0,0.1487032967032967,10.0,PASS
C_slow_1000,Full,macro_10_end,phosphate_unreleased,0.0,0.0,,0.0,0.1487032967032967,10.0,PASS
C_slow_1000,Full,macro_10_end,unfinished,0.0,0.0,,0.0,0.1487032967032967,10.0,PASS
C_slow_1000,Full,10_100,product_extent,0.0,0.0,,0.0,0.1487032967032967,10.0,PASS
C_slow_1000,Full,10_100,product_current,0.0,0.0,,0.0,1.0,10.0,PASS
C_slow_1000,Full,10_100,pi_current,0.0,0.0,,0.0,1.0,10.0,PASS
C_slow_1000,Full,10_100,pi_extent,0.0,0.0,,0.0,0.1487032967032967,10.0,PASS
C_slow_1000,Full,10_100,gdp_current,0.0,0.0,,0.0,1.0,10.0,PASS
C_slow_1000,Full,10_100,gdp_extent,0.0,0.0,,0.0,0.1487032967032967,10.0,PASS
C_slow_1000,Full,10_100,bound_pi,0.0,0.0,,0.0,0.1487032967032967,10.0,PASS
C_slow_1000,Full,10_100,bound_gdp,0.0,0.0,,0.0,0.1487032967032967,10.0,PASS
C_slow_1000,Full,10_100,bound_gtp,0.0,0.0,,0.0,0.1487032967032967,10.0,PASS
C_slow_1000,Full,10_100,tu_bound,0.0,0.0,,0.0,0.1487032967032967,10.0,PASS
C_slow_1000,Full,10_100,phosphate_unreleased,0.0,0.0,,0.0,0.1487032967032967,10.0,PASS
C_slow_1000,Full,10_100,unfinished,0.0,0.0,,0.0,0.1487032967032967,10.0,PASS
C_slow_1000,Full,100_1000,product_extent,0.0,0.0,,0.0,0.1487032967032967,100.0,PASS
C_slow_1000,Full,100_1000,product_current,0.0,0.0,,0.0,1.0,100.0,PASS
C_slow_1000,Full,100_1000,pi_current,0.0,0.0,,0.0,1.0,100.0,PASS
C_slow_1000,Full,100_1000,pi_extent,0.0,0.0,,0.0,0.1487032967032967,100.0,PASS
C_slow_1000,Full,100_1000,gdp_current,0.0,0.0,,0.0,1.0,100.0,PASS
C_slow_1000,Full,100_1000,gdp_extent,0.0,0.0,,0.0,0.1487032967032967,100.0,PASS
C_slow_1000,Full,100_1000,bound_pi,0.0,0.0,,0.0,0.1487032967032967,100.0,PASS
C_slow_1000,Full,100_1000,bound_gdp,0.0,0.0,,0.0,0.1487032967032967,100.0,PASS
C_slow_1000,Full,100_1000,bound_gtp,0.0,0.0,,0.0,0.1487032967032967,100.0,PASS
C_slow_1000,Full,100_1000,tu_bound,0.0,0.0,,0.0,0.1487032967032967,100.0,PASS
C_slow_1000,Full,100_1000,phosphate_unreleased,0.0,0.0,,0.0,0.1487032967032967,100.0,PASS
C_slow_1000,Full,100_1000,unfinished,0.0,0.0,,0.0,0.1487032967032967,100.0,PASS
C_slow_1000,Full,1000_10000,product_extent,0.0,0.0,,0.0,0.1487032967032967,999.9999999999999,PASS
C_slow_1000,Full,1000_10000,product_current,0.0,0.0,,0.0,1.0,999.9999999999999,PASS
C_slow_1000,Full,1000_10000,pi_current,0.0,0.0,,0.0,1.0,999.9999999999999,PASS
C_slow_1000,Full,1000_10000,pi_extent,0.0,0.0,,0.0,0.1487032967032967,999.9999999999999,PASS
C_slow_1000,Full,1000_10000,gdp_current,0.0,0.0,,0.0,1.0,999.9999999999999,PASS
C_slow_1000,Full,1000_10000,gdp_extent,0.0,0.0,,0.0,0.1487032967032967,999.9999999999999,PASS
C_slow_1000,Full,1000_10000,bound_pi,0.0,0.0,,0.0,0.1487032967032967,999.9999999999999,PASS
C_slow_1000,Full,1000_10000,bound_gdp,0.0,0.0,,0.0,0.1487032967032967,999.9999999999999,PASS
C_slow_1000,Full,1000_10000,bound_gtp,0.0,0.0,,0.0,0.1487032967032967,999.9999999999999,PASS
C_slow_1000,Full,1000_10000,tu_bound,0.0,0.0,,0.0,0.1487032967032967,999.9999999999999,PASS
C_slow_1000,Full,1000_10000,phosphate_unreleased,0.0,0.0,,0.0,0.1487032967032967,999.9999999999999,PASS
C_slow_1000,Full,1000_10000,unfinished,0.0,0.0,,0.0,0.1487032967032967,999.9999999999999,PASS
C_slow_1000,Full,V1_transient,product_extent,0.0,0.0,,0.0,0.1487032967032967,0.0,PASS
C_slow_1000,Full,V1_transient,product_current,0.0,0.0,,0.0,1.0,0.0,PASS
C_slow_1000,Full,V1_transient,pi_current,0.0,0.0,,0.0,1.0,0.0,PASS
C_slow_1000,Full,V1_transient,pi_extent,0.0,0.0,,0.0,0.1487032967032967,0.0,PASS
C_slow_1000,Full,V1_transient,gdp_current,0.0,0.0,,0.0,1.0,0.0,PASS
C_slow_1000,Full,V1_transient,gdp_extent,0.0,0.0,,0.0,0.1487032967032967,0.0,PASS
C_slow_1000,Full,V1_transient,bound_pi,0.0,0.0,,0.0,0.1487032967032967,0.0,PASS
C_slow_1000,Full,V1_transient,bound_gdp,0.0,0.0,,0.0,0.1487032967032967,0.0,PASS
C_slow_1000,Full,V1_transient,bound_gtp,0.0,0.0,,0.0,0.1487032967032967,0.0,PASS
C_slow_1000,Full,V1_transient,tu_bound,0.0,0.0,,0.0,0.1487032967032967,0.0,PASS
C_slow_1000,Full,V1_transient,phosphate_unreleased,0.0,0.0,,0.0,0.1487032967032967,0.0,PASS
C_slow_1000,Full,V1_transient,unfinished,0.0,0.0,,0.0,0.1487032967032967,0.0,PASS
C_slow_1000,Full,V1_post,product_extent,0.0,0.0,,0.0,0.1487032967032967,0.255,PASS
C_slow_1000,Full,V1_post,product_current,0.0,0.0,,0.0,1.0,0.255,PASS
C_slow_1000,Full,V1_post,pi_current,0.0,0.0,,0.0,1.0,0.255,PASS
C_slow_1000,Full,V1_post,pi_extent,0.0,0.0,,0.0,0.1487032967032967,0.255,PASS
C_slow_1000,Full,V1_post,gdp_current,0.0,0.0,,0.0,1.0,0.255,PASS
C_slow_1000,Full,V1_post,gdp_extent,0.0,0.0,,0.0,0.1487032967032967,0.255,PASS
C_slow_1000,Full,V1_post,bound_pi,0.0,0.0,,0.0,0.1487032967032967,0.255,PASS
C_slow_1000,Full,V1_post,bound_gdp,0.0,0.0,,0.0,0.1487032967032967,0.255,PASS
C_slow_1000,Full,V1_post,bound_gtp,0.0,0.0,,0.0,0.1487032967032967,0.255,PASS
C_slow_1000,Full,V1_post,tu_bound,0.0,0.0,,0.0,0.1487032967032967,0.255,PASS
C_slow_1000,Full,V1_post,phosphate_unreleased,0.0,0.0,,0.0,0.1487032967032967,0.255,PASS
C_slow_1000,Full,V1_post,unfinished,0.0,0.0,,0.0,0.1487032967032967,0.255,PASS
C_slow_1000,Direct,early_0_10,product_extent,0.0021273087546177585,0.01430572691917056,,555623.3124343528,0.1487032967032967,1.01,FAIL
C_slow_1000,Direct,early_0_10,product_current,0.033553572215394574,0.033553572215394574,,223150.02236094643,1.0,0.0845,FAIL
C_slow_1000,Direct,early_0_10,pi_current,0.8769380834197255,0.8769380834197255,,0.9501525944347599,1.0,0.105,FAIL
C_slow_1000,Direct,early_0_10,pi_extent,0.14286579716224046,0.960743980325442,,0.947035977353493,0.1487032967032967,6.95,FAIL
C_slow_1000,Direct,early_0_10,gdp_current,0.027409171698310877,0.027409171698310877,,4103.436096197271,1.0,0.079,FAIL
C_slow_1000,Direct,early_0_10,gdp_extent,0.0015265792048915136,0.010265940559054665,,8173.455273004558,0.1487032967032967,0.84,FAIL
C_slow_1000,Direct,early_0_10,bound_pi,0.0009997257495410474,0.0067229561933369285,,1.0,0.1487032967032967,0.28,PASS
C_slow_1000,Direct,early_0_10,bound_gdp,0.14289916675224915,0.9609683841601147,,1.0,0.1487032967032967,6.705,FAIL
C_slow_1000,Direct,early_0_10,bound_gtp,0.14385890953583602,0.9674224628850929,,37.6987830402276,0.1487032967032967,6.94,FAIL
C_slow_1000,Direct,early_0_10,tu_bound,0.0015265792048914095,0.010265940559053966,,0.024985844634535525,0.1487032967032967,0.84,FAIL
C_slow_1000,Direct,early_0_10,phosphate_unreleased,0.14286579716224174,0.9607439803254506,,29.713277253408343,0.1487032967032967,6.95,FAIL
C_slow_1000,Direct,early_0_10,unfinished,0.002127308754617613,0.01430572691916958,,0.030572221075767656,0.1487032967032967,1.01,FAIL
C_slow_1000,Direct,late_5_10,product_extent,0.00017895227651021361,0.0012034183537119006,,0.00030107636180556023,0.1487032967032967,5.0,PASS
C_slow_1000,Direct,late_5_10,product_current,0.0010162184017700193,0.0010162184017700193,,0.0010261929827852742,1.0,5.0,PASS
C_slow_1000,Direct,late_5_10,pi_current,0.005781110955226931,0.005781110955226931,,0.005809899548077369,1.0,5.0,PASS
C_slow_1000,Direct,late_5_10,pi_extent,0.14286579716224046,0.960743980325442,,0.1931015272667232,0.1487032967032967,6.95,FAIL
C_slow_1000,Direct,late_5_10,gdp_current,0.001049619490308129,0.001049619490308129,,0.0010598861672393757,1.0,5.0,PASS
C_slow_1000,Direct,late_5_10,gdp_extent,0.0009943746931870834,0.0066869714070369925,,0.0013627393163988238,0.1487032967032967,10.0,PASS
C_slow_1000,Direct,late_5_10,bound_pi,0.00099504490695369,0.006691478460891648,,1.0,0.1487032967032967,5.0,PASS
C_slow_1000,Direct,late_5_10,bound_gdp,0.14289916675224915,0.9609683841601147,,1.0,0.1487032967032967,6.705,FAIL
C_slow_1000,Direct,late_5_10,bound_gtp,0.14385890953583602,0.9674224628850929,,37.6987830402276,0.1487032967032967,6.94,FAIL
C_slow_1000,Direct,late_5_10,tu_bound,0.0009943746931878328,0.006686971407042032,,0.006793573044803938,0.1487032967032967,10.0,PASS
C_slow_1000,Direct,late_5_10,phosphate_unreleased,0.14286579716224174,0.9607439803254506,,29.713277253408343,0.1487032967032967,6.95,FAIL
C_slow_1000,Direct,late_5_10,unfinished,0.00017895227650946421,0.001203418353706861,,0.001215000694893243,0.1487032967032967,5.0,PASS
C_slow_1000,Direct,macro_10_end,product_extent,5.588082192975463e-06,3.757873777422163e-05,,3.2548737014573793e-06,0.1487032967032967,16.218100973589298,PASS
C_slow_1000,Direct,macro_10_end,product_current,1.3951716865134856e-05,1.3951716865134856e-05,,1.4078289401643203e-05,1.0,10.0,PASS
C_slow_1000,Direct,macro_10_end,pi_current,0.0009541220102604608,0.0009541220102604608,,0.0009683841894965568,1.0,13.803842646028851,PASS
C_slow_1000,Direct,macro_10_end,pi_extent,0.1425662227811082,0.9587294023855192,,0.09666657061840843,0.1487032967032967,10.0,FAIL
C_slow_1000,Direct,macro_10_end,gdp_current,7.5073555050320095e-06,7.5073555050320095e-06,,7.575512874534652e-06,1.0,10.0,PASS
C_slow_1000,Direct,macro_10_end,gdp_extent,0.0009947720383622904,0.006689643474059151,,0.0007458261731826043,0.1487032967032967,10.715193052376065,PASS
C_slow_1000,Direct,macro_10_end,bound_pi,0.000990082099776043,0.006658104572836234,,1.0,0.1487032967032967,10.0,PASS
C_slow_1000,Direct,macro_10_end,bound_gdp,0.14256193018769786,0.9587005355513232,,1.0,0.1487032967032967,10.0,FAIL
C_slow_1000,Direct,macro_10_end,bound_gtp,0.1435563048808857,0.9653875069583652,,37.70055789596509,0.1487032967032967,10.0,FAIL
C_slow_1000,Direct,macro_10_end,tu_bound,0.0009947720383632619,0.006689643474065684,,0.006809054419916646,0.1487032967032967,10.715193052376065,PASS
C_slow_1000,Direct,macro_10_end,phosphate_unreleased,0.14256622278110964,0.9587294023855288,,29.714685867118334,0.1487032967032967,10.0,FAIL
C_slow_1000,Direct,macro_10_end,unfinished,5.588082182900189e-06,3.7578737706467424e-05,,3.820603004562085e-05,0.1487032967032967,16.218100973589298,PASS
C_slow_1000,Direct,10_100,product_extent,5.588082192975463e-06,3.757873777422163e-05,,3.2548737014573793e-06,0.1487032967032967,16.218100973589298,PASS
C_slow_1000,Direct,10_100,product_current,1.3951716865134856e-05,1.3951716865134856e-05,,1.4078289401643203e-05,1.0,10.0,PASS
C_slow_1000,Direct,10_100,pi_current,0.0009541220102604608,0.0009541220102604608,,0.0009683791368722251,1.0,13.803842646028851,PASS
C_slow_1000,Direct,10_100,pi_extent,0.1425662227811082,0.9587294023855192,,0.09666657061840843,0.1487032967032967,10.0,FAIL
C_slow_1000,Direct,10_100,gdp_current,7.5073555050320095e-06,7.5073555050320095e-06,,7.575512874534652e-06,1.0,10.0,PASS
C_slow_1000,Direct,10_100,gdp_extent,0.0009947720383622904,0.006689643474059151,,0.0007458261731826043,0.1487032967032967,10.715193052376065,PASS
C_slow_1000,Direct,10_100,bound_pi,0.000990082099776043,0.006658104572836234,,1.0,0.1487032967032967,10.0,PASS
C_slow_1000,Direct,10_100,bound_gdp,0.14256193018769786,0.9587005355513232,,1.0,0.1487032967032967,10.0,FAIL
C_slow_1000,Direct,10_100,bound_gtp,0.1435563048808857,0.9653875069583652,,37.70055770061488,0.1487032967032967,10.0,FAIL
C_slow_1000,Direct,10_100,tu_bound,0.0009947720383632619,0.006689643474065684,,0.006809049337810109,0.1487032967032967,10.715193052376065,PASS
C_slow_1000,Direct,10_100,phosphate_unreleased,0.14256622278110964,0.9587294023855288,,29.714685712078698,0.1487032967032967,10.0,FAIL
C_slow_1000,Direct,10_100,unfinished,5.588082182900189e-06,3.7578737706467424e-05,,3.820098211653412e-05,0.1487032967032967,16.218100973589298,PASS
C_slow_1000,Direct,100_1000,product_extent,5.144915418142659e-06,3.4598529637228934e-05,,3.670663834743761e-07,0.1487032967032967,100.0,PASS
C_slow_1000,Direct,100_1000,product_current,3.4598529818907764e-08,3.4598529818907764e-08,,3.821444546479874e-08,1.0,100.0,PASS
C_slow_1000,Direct,100_1000,pi_current,0.0008762542325863043,0.0008762542325863043,,0.0009683791503301904,1.0,100.0,PASS
C_slow_1000,Direct,100_1000,pi_extent,0.13030189313577623,0.8762542325861392,,0.009210824589243265,0.1487032967032967,100.0,FAIL
C_slow_1000,Direct,100_1000,gdp_current,6.125540335966129e-06,6.125540335966129e-06,,6.76306039860034e-06,1.0,100.0,PASS
C_slow_1000,Direct,100_1000,gdp_extent,0.000910888042014335,0.0061255403357452325,,6.49835317443606e-05,0.1487032967032967,100.0,PASS
C_slow_1000,Direct,100_1000,bound_pi,0.0009048669069640679,0.006085049403911482,,1.0,0.1487032967032967,100.0,PASS
C_slow_1000,Direct,100_1000,bound_gdp,0.13029587200072382,0.8762137416542911,,1.0,0.1487032967032967,100.0,FAIL
C_slow_1000,Direct,100_1000,bound_gtp,0.13120676010596694,0.8823392824152373,,37.70055770113522,0.1487032967032967,100.0,FAIL
C_slow_1000,Direct,100_1000,tu_bound,0.0009108881052431184,0.006125540760946184,,0.006809049351346595,0.1487032967032967,100.0,PASS
C_slow_1000,Direct,100_1000,phosphate_unreleased,0.13030189319900287,0.8762542330113258,,29.714685712491658,0.1487032967032967,100.0,FAIL
C_slow_1000,Direct,100_1000,unfinished,5.144978644983089e-06,3.4598954825115366e-05,,3.820099556207789e-05,0.1487032967032967,100.0,PASS
C_slow_1000,Direct,1000_10000,product_extent,2.0919255945273107e-06,1.4067782227459744e-05,,2.226787566285852e-08,0.1487032967032967,999.9999999999999,PASS
C_slow_1000,Direct,1000_10000,product_current,1.4067781717308492e-08,1.4067781717308492e-08,,4.324873678865548e-08,1.0,999.9999999999999,PASS
C_slow_1000,Direct,1000_10000,pi_current,0.00035625838625646944,0.00035625838625646944,,0.0009683841894965568,1.0,999.9999999999999,PASS
C_slow_1000,Direct,1000_10000,pi_extent,0.05297679651461351,0.3562583862570078,,0.000563603158431676,0.1487032967032967,999.9999999999999,FAIL
C_slow_1000,Direct,1000_10000,gdp_current,2.490459919290977e-06,2.490459919290977e-06,,6.76809472402947e-06,1.0,999.9999999999999,PASS
C_slow_1000,Direct,1000_10000,gdp_extent,0.00037033960036580993,0.0024904599196932235,,3.9421305756349905e-06,0.1487032967032967,999.9999999999999,PASS
C_slow_1000,Direct,1000_10000,bound_pi,0.0003678914304732464,0.0024739964656418432,,1.0,0.1487032967032967,999.9999999999999,PASS
C_slow_1000,Direct,1000_10000,bound_gdp,0.052974348344699475,0.35624192280281197,,1.0,0.1487032967032967,999.9999999999999,FAIL
C_slow_1000,Direct,1000_10000,bound_gtp,0.05334468781186725,0.358732381826775,,37.70055789596509,0.1487032967032967,999.9999999999999,FAIL
C_slow_1000,Direct,1000_10000,tu_bound,0.000370339467167774,0.0024904590239630086,,0.006809054419916646,0.1487032967032967,999.9999999999999,PASS
C_slow_1000,Direct,1000_10000,phosphate_unreleased,0.052976796381394,0.35625838536113313,,29.714685867118334,0.1487032967032967,999.9999999999999,FAIL
C_slow_1000,Direct,1000_10000,unfinished,2.091792376049395e-06,1.406688635977645e-05,,3.820603004562085e-05,0.1487032967032967,999.9999999999999,PASS
C_slow_1000,Direct,V1_transient,product_extent,0.0010371920227372333,0.006974909405046425,,555623.3124343528,0.1487032967032967,0.25,PASS
C_slow_1000,Direct,V1_transient,product_current,0.033553572215394574,0.033553572215394574,,223150.02236094643,1.0,0.0845,FAIL
C_slow_1000,Direct,V1_transient,pi_current,0.8769380834197255,0.8769380834197255,,0.9501525944347599,1.0,0.105,FAIL
C_slow_1000,Direct,V1_transient,pi_extent,0.028044025520465216,0.1885904760835305,,0.947035977353493,0.1487032967032967,0.25,FAIL
C_slow_1000,Direct,V1_transient,gdp_current,0.027409171698310877,0.027409171698310877,,4103.436096197271,1.0,0.079,FAIL
C_slow_1000,Direct,V1_transient,gdp_extent,0.0008406212145553949,0.005653009941216445,,8173.455273004558,0.1487032967032967,0.25,PASS
C_slow_1000,Direct,V1_transient,bound_pi,0.0009996969069285366,0.006722762232522674,,1.0,0.1487032967032967,0.25,PASS
C_slow_1000,Direct,V1_transient,bound_gdp,0.029884343641949158,0.20096624825726966,,1.0,0.1487032967032967,0.25,FAIL
C_slow_1000,Direct,V1_transient,bound_gtp,0.029043722427393764,0.19531323831605324,,7.553539720987335,0.1487032967032967,0.25,FAIL
C_slow_1000,Direct,V1_transient,tu_bound,0.000840621214555394,0.005653009941216439,,0.024985844634535525,0.1487032967032967,0.25,PASS
C_slow_1000,Direct,V1_transient,phosphate_unreleased,0.028044025520465227,0.18859047608353055,,5.788545391457105,0.1487032967032967,0.25,FAIL
C_slow_1000,Direct,V1_transient,unfinished,0.001037192022737235,0.006974909405046436,,0.030572221075767656,0.1487032967032967,0.25,PASS
C_slow_1000,Direct,V1_post,product_extent,0.0021273087546177585,0.01430572691917056,,0.3110523756148281,0.1487032967032967,1.01,FAIL
C_slow_1000,Direct,V1_post,product_current,0.024313756023837924,0.024313756023837924,,0.12112073507231916,1.0,0.255,FAIL
C_slow_1000,Direct,V1_post,pi_current,0.7746533851379742,0.7746533851379742,,0.7748804458173126,1.0,0.255,FAIL
C_slow_1000,Direct,V1_post,pi_extent,0.14286579716224046,0.960743980325442,,0.8654873758482736,0.1487032967032967,6.95,FAIL
C_slow_1000,Direct,V1_post,gdp_current,0.018721112711498095,0.018721112711498095,,0.09073274903959151,1.0,0.255,FAIL
C_slow_1000,Direct,V1_post,gdp_extent,0.0015265792048915136,0.010265940559054665,,0.23781772236703672,0.1487032967032967,0.84,FAIL
C_slow_1000,Direct,V1_post,bound_pi,0.0009997257495410474,0.0067229561933369285,,1.0,0.1487032967032967,0.28,PASS
C_slow_1000,Direct,V1_post,bound_gdp,0.14289916675224915,0.9609683841601147,,1.0,0.1487032967032967,6.705,FAIL
C_slow_1000,Direct,V1_post,bound_gtp,0.14385890953583602,0.9674224628850929,,37.6987830402276,0.1487032967032967,6.94,FAIL
C_slow_1000,Direct,V1_post,tu_bound,0.0015265792048914095,0.010265940559053966,,0.024901367253083995,0.1487032967032967,0.84,FAIL
C_slow_1000,Direct,V1_post,phosphate_unreleased,0.14286579716224174,0.9607439803254506,,29.713277253408343,0.1487032967032967,6.95,FAIL
C_slow_1000,Direct,V1_post,unfinished,0.002127308754617613,0.01430572691916958,,0.030571475630581258,0.1487032967032967,1.01,FAIL
C_slow_1000,Two-stage,early_0_10,product_extent,0.0003764611155909828,0.002531625888174655,,2924.953818138957,0.1487032967032967,0.9750000000000001,PASS
C_slow_1000,Two-stage,early_0_10,product_current,0.007063248801391864,0.007063248801391864,,1759.6258972596563,1.0,0.064,PASS
C_slow_1000,Two-stage,early_0_10,pi_current,0.10337704081664914,0.10337704081664914,,20.854953699885645,1.0,0.009000000000000001,FAIL
C_slow_1000,Two-stage,early_0_10,pi_extent,0.00031540493283390716,0.002121035241493168,,31.61139183778448,0.1487032967032967,0.037,PASS
C_slow_1000,Two-stage,early_0_10,gdp_current,0.0026354774785685153,0.0026354774785685153,,31.38334473289389,1.0,0.9699999999999999,PASS
C_slow_1000,Two-stage,early_0_10,gdp_extent,0.0009920747892073756,0.006671505011666507,,42.047213885335054,0.1487032967032967,8.875,PASS
C_slow_1000,Two-stage,early_0_10,bound_pi,0.0009997257495410474,0.0067229561933369285,,1.0,0.1487032967032967,0.28,PASS
C_slow_1000,Two-stage,early_0_10,bound_gdp,0.001000855359172926,0.0067305525927236366,,0.2054305284976509,0.1487032967032967,0.2125,PASS
C_slow_1000,Two-stage,early_0_10,bound_gtp,0.000999638951500229,0.006722372493830981,,0.2600084735247432,0.1487032967032967,0.385,PASS
C_slow_1000,Two-stage,early_0_10,tu_bound,0.0009920747892065152,0.0066715050116607204,,0.006774966468600816,0.1487032967032967,8.875,PASS
C_slow_1000,Two-stage,early_0_10,phosphate_unreleased,0.0003154049328339039,0.002121035241493146,,0.0986774255857068,0.1487032967032967,0.037,PASS
C_slow_1000,Two-stage,early_0_10,unfinished,0.0003764611155909342,0.0025316258881743284,,0.00587151866845146,0.1487032967032967,0.9750000000000001,PASS
C_slow_1000,Two-stage,late_5_10,product_extent,2.908817150903964e-05,0.00019561214952132776,,4.8939085997142716e-05,0.1487032967032967,5.0,PASS
C_slow_1000,Two-stage,late_5_10,product_current,0.00016921179055295887,0.00016921179055295887,,0.00017087267044911802,1.0,5.0,PASS
C_slow_1000,Two-stage,late_5_10,pi_current,1.7307766331242647e-10,1.7307766331242647e-10,,1.739399462482385e-10,1.0,5.0,PASS
C_slow_1000,Two-stage,late_5_10,pi_extent,2.5737294073735484e-08,1.7307816735958683e-07,,3.492934759085066e-08,0.1487032967032967,5.0,PASS
C_slow_1000,Two-stage,late_5_10,gdp_current,0.00020261287909106862,0.00020261287909106862,,0.00020459470297195623,1.0,5.0,PASS
C_slow_1000,Two-stage,late_5_10,gdp_extent,0.0009920747892073756,0.006671505011666507,,0.0016144572085212059,0.1487032967032967,8.875,PASS
C_slow_1000,Two-stage,late_5_10,bound_pi,0.00099504490695369,0.006691478460891648,,1.0,0.1487032967032967,5.0,PASS
C_slow_1000,Two-stage,late_5_10,bound_gdp,3.387880135702348e-05,0.00022782817938879225,,0.0002377987240716738,0.1487032967032967,5.0,PASS
C_slow_1000,Two-stage,late_5_10,bound_gtp,0.00099507064424807,0.006691651539061068,,0.2600084735247428,0.1487032967032967,5.0,PASS
C_slow_1000,Two-stage,late_5_10,tu_bound,0.0009920747892065152,0.0066715050116607204,,0.006774966468600816,0.1487032967032967,8.875,PASS
C_slow_1000,Two-stage,late_5_10,phosphate_unreleased,2.5737294379914177e-08,1.7307816941857744e-07,,5.337345658542522e-06,0.1487032967032967,5.0,PASS
C_slow_1000,Two-stage,late_5_10,unfinished,2.9088171509206173e-05,0.00019561214952244766,,0.0001974948253591521,0.1487032967032967,5.0,PASS
C_slow_1000,Two-stage,macro_10_end,product_extent,9.717004609832713e-07,6.534491719588951e-06,,5.766168961286807e-07,0.1487032967032967,16.218100973589298,PASS
C_slow_1000,Two-stage,macro_10_end,product_current,2.115728820473173e-06,2.115728820473173e-06,,2.1349231007155074e-06,1.0,10.0,PASS
C_slow_1000,Two-stage,macro_10_end,pi_current,1.7221402082157056e-10,1.7221402082157056e-10,,4.841984369997203e-09,1.0,10.0,PASS
C_slow_1000,Two-stage,macro_10_end,pi_extent,2.560892942149451e-08,1.7221494068548627e-07,,1.736405255111223e-08,0.1487032967032967,10.0,PASS
C_slow_1000,Two-stage,macro_10_end,gdp_current,6.6237454037221255e-06,6.6237454037221255e-06,,6.736154432764437e-06,1.0,16.218100973589298,PASS
C_slow_1000,Two-stage,macro_10_end,gdp_extent,0.0009916512502554653,0.006668656796722387,,0.0007437834673158051,0.1487032967032967,10.0,PASS
C_slow_1000,Two-stage,macro_10_end,bound_pi,0.000990082099776043,0.006658104572836234,,1.0,0.1487032967032967,10.0,PASS
C_slow_1000,Two-stage,macro_10_end,bound_gdp,1.8994343808642622e-06,1.2773317222779179e-05,,1.3414298108400028e-05,0.1487032967032967,15.488166189124811,PASS
C_slow_1000,Two-stage,macro_10_end,bound_gtp,0.0009901077087051298,0.006658276787774668,,0.2600084794065188,0.1487032967032967,10.0,PASS
C_slow_1000,Two-stage,macro_10_end,tu_bound,0.0009916512502541608,0.006668656796713615,,0.0067772802444164455,0.1487032967032967,10.0,PASS
C_slow_1000,Two-stage,macro_10_end,phosphate_unreleased,2.5608929086692878e-08,1.722149384340121e-07,,5.342013728020881e-06,0.1487032967032967,10.0,PASS
C_slow_1000,Two-stage,macro_10_end,unfinished,9.717003736087193e-07,6.534491132012522e-06,,6.645537690415763e-06,0.1487032967032967,16.218100973589298,PASS
C_slow_1000,Two-stage,10_100,product_extent,9.717004609832713e-07,6.534491719588951e-06,,5.766168961286807e-07,0.1487032967032967,16.218100973589298,PASS
C_slow_1000,Two-stage,10_100,product_current,2.115728820473173e-06,2.115728820473173e-06,,2.1349231007155074e-06,1.0,10.0,PASS
C_slow_1000,Two-stage,10_100,pi_current,1.7221402082157056e-10,1.7221402082157056e-10,,1.7478935563520153e-10,1.0,10.0,PASS
C_slow_1000,Two-stage,10_100,pi_extent,2.560892942149451e-08,1.7221494068548627e-07,,1.736405255111223e-08,0.1487032967032967,10.0,PASS
C_slow_1000,Two-stage,10_100,gdp_current,6.6237454037221255e-06,6.6237454037221255e-06,,6.731487206394123e-06,1.0,16.218100973589298,PASS
C_slow_1000,Two-stage,10_100,gdp_extent,0.0009916512502554653,0.006668656796722387,,0.0007437834673158051,0.1487032967032967,10.0,PASS
C_slow_1000,Two-stage,10_100,bound_pi,0.000990082099776043,0.006658104572836234,,1.0,0.1487032967032967,10.0,PASS
C_slow_1000,Two-stage,10_100,bound_gdp,1.8994343808642622e-06,1.2773317222779179e-05,,1.3409630850819154e-05,0.1487032967032967,15.488166189124811,PASS
C_slow_1000,Two-stage,10_100,bound_gtp,0.0009901077087051298,0.006658276787774668,,0.2600084735258132,0.1487032967032967,10.0,PASS
C_slow_1000,Two-stage,10_100,tu_bound,0.0009916512502541608,0.006668656796713615,,0.006777275545590744,0.1487032967032967,10.0,PASS
C_slow_1000,Two-stage,10_100,phosphate_unreleased,2.5608929086692878e-08,1.722149384340121e-07,,5.33734650799944e-06,0.1487032967032967,10.0,PASS
C_slow_1000,Two-stage,10_100,unfinished,9.717003736087193e-07,6.534491132012522e-06,,6.640870464600848e-06,0.1487032967032967,16.218100973589298,PASS
C_slow_1000,Two-stage,100_1000,product_extent,8.94390449701632e-07,6.014597319158181e-06,,6.38107026265783e-08,0.1487032967032967,100.0,PASS
C_slow_1000,Two-stage,100_1000,product_current,6.014595932413158e-09,6.014595932413158e-09,,6.658110121768203e-09,1.0,100.0,PASS
C_slow_1000,Two-stage,100_1000,pi_current,1.5731849156708222e-10,1.5731849156708222e-10,,1.9143371558800603e-10,1.0,102.32929922807536,PASS
C_slow_1000,Two-stage,100_1000,pi_extent,2.3393956993800202e-08,1.5731969305614974e-07,,1.6534473205445975e-09,0.1487032967032967,102.32929922807536,PASS
C_slow_1000,Two-stage,100_1000,gdp_current,6.096956402079634e-06,6.096956402079634e-06,,6.731503850889562e-06,1.0,100.0,PASS
C_slow_1000,Two-stage,100_1000,gdp_extent,0.000906637517045894,0.006096956403427161,,6.468029565883019e-05,0.1487032967032967,100.0,PASS
C_slow_1000,Two-stage,100_1000,bound_pi,0.0009048669069640679,0.006085049403911482,,1.0,0.1487032967032967,100.0,PASS
C_slow_1000,Two-stage,100_1000,bound_gdp,1.747219420367152e-06,1.174970198443769e-05,,1.3409647495469578e-05,0.1487032967032967,100.0,PASS
C_slow_1000,Two-stage,100_1000,bound_gtp,0.0009048903117625179,0.006085206796511168,,0.2600084735467854,0.1487032967032967,100.0,PASS
C_slow_1000,Two-stage,100_1000,tu_bound,0.0009066375311828634,0.00609695649849546,,0.0067772755623478845,0.1487032967032967,100.0,PASS
C_slow_1000,Two-stage,100_1000,phosphate_unreleased,2.3404798450005204e-08,1.5739259968596464e-07,,5.3373631526092616e-06,0.1487032967032967,100.0,PASS
C_slow_1000,Two-stage,100_1000,unfinished,8.944045847281146e-07,6.014692374390956e-06,,6.640887108900327e-06,0.1487032967032967,100.0,PASS
C_slow_1000,Two-stage,1000_10000,product_extent,3.637387919752655e-07,2.446070800306618e-06,,3.871882544318585e-09,0.1487032967032967,999.9999999999999,PASS
C_slow_1000,Two-stage,1000_10000,product_current,2.4460686809391063e-09,2.4460686809391063e-09,,1.1308660422442202e-08,1.0,999.9999999999999,PASS
C_slow_1000,Two-stage,1000_10000,pi_current,6.96683266632192e-11,6.96683266632192e-11,,4.841984369997203e-09,1.0,1008.9999999999999,PASS
C_slow_1000,Two-stage,1000_10000,pi_extent,1.0360238889006723e-08,6.967053938069848e-08,,1.0964749753953577e-10,0.1487032967032967,1008.9999999999999,PASS
C_slow_1000,Two-stage,1000_10000,gdp_current,2.4788382062546077e-06,2.4788382062546077e-06,,6.736154432764437e-06,1.0,999.9999999999999,PASS
C_slow_1000,Two-stage,1000_10000,gdp_extent,0.0003686114135632579,0.0024788382082660703,,3.923734654626219e-06,0.1487032967032967,999.9999999999999,PASS
C_slow_1000,Two-stage,1000_10000,bound_pi,0.0003678914304732464,0.0024739964656418432,,1.0,0.1487032967032967,999.9999999999999,PASS
C_slow_1000,Two-stage,1000_10000,bound_gdp,7.103665082899835e-07,4.777073030918452e-06,,1.3414298108400028e-05,0.1487032967032967,999.9999999999999,PASS
C_slow_1000,Two-stage,1000_10000,bound_gtp,0.0003679009461576572,0.002474060456720869,,0.2600084794065188,0.1487032967032967,999.9999999999999,PASS
C_slow_1000,Two-stage,1000_10000,tu_bound,0.00036861131266594654,0.0024788375297517835,,0.0067772802444164455,0.1487032967032967,999.9999999999999,PASS
C_slow_1000,Two-stage,1000_10000,phosphate_unreleased,9.51568441078833e-09,6.399107902614086e-08,,5.342013728020881e-06,0.1487032967032967,999.9999999999999,PASS
C_slow_1000,Two-stage,1000_10000,unfinished,3.636378742219448e-07,2.445392148551358e-06,,6.645537690415763e-06,0.1487032967032967,999.9999999999999,PASS
C_slow_1000,Two-stage,V1_transient,product_extent,0.00019644787697555748,0.0013210727759958418,,2924.953818138957,0.1487032967032967,0.25,PASS
C_slow_1000,Two-stage,V1_transient,product_current,0.007063248801391864,0.007063248801391864,,1759.6258972596563,1.0,0.064,PASS
C_slow_1000,Two-stage,V1_transient,pi_current,0.10337704081664914,0.10337704081664914,,20.854953699885645,1.0,0.009000000000000001,FAIL
C_slow_1000,Two-stage,V1_transient,pi_extent,0.00031540493283390716,0.002121035241493168,,31.61139183778448,0.1487032967032967,0.037,PASS
C_slow_1000,Two-stage,V1_transient,gdp_current,0.0020585012516051125,0.0020585012516051125,,31.38334473289389,1.0,0.0345,PASS
C_slow_1000,Two-stage,V1_transient,gdp_extent,1.8423342416345762e-05,0.00012389330179481706,,42.047213885335054,0.1487032967032967,0.10850000000000001,PASS
C_slow_1000,Two-stage,V1_transient,bound_pi,0.0009996969069285366,0.006722762232522674,,1.0,0.1487032967032967,0.25,PASS
C_slow_1000,Two-stage,V1_transient,bound_gdp,0.001000855359172926,0.0067305525927236366,,0.2054305284976509,0.1487032967032967,0.2125,PASS
C_slow_1000,Two-stage,V1_transient,bound_gtp,0.000997793747614812,0.006709963865869633,,0.2595009894066673,0.1487032967032967,0.25,PASS
C_slow_1000,Two-stage,V1_transient,tu_bound,1.842334241634533e-05,0.00012389330179481413,,0.0015260288416467894,0.1487032967032967,0.10850000000000001,PASS
C_slow_1000,Two-stage,V1_transient,phosphate_unreleased,0.0003154049328339039,0.002121035241493146,,0.0986774255857068,0.1487032967032967,0.037,PASS
C_slow_1000,Two-stage,V1_transient,unfinished,0.0001964478769755501,0.001321072775995792,,0.00587151866845146,0.1487032967032967,0.25,PASS
C_slow_1000,Two-stage,V1_post,product_extent,0.0003764611155909828,0.002531625888174655,,0.05882061340814526,0.1487032967032967,0.9750000000000001,PASS
C_slow_1000,Two-stage,V1_post,product_current,0.004177861727796134,0.004177861727796134,,0.020812320523618588,1.0,0.255,PASS
C_slow_1000,Two-stage,V1_post,pi_current,0.00032913972416592774,0.00032913972416592774,,0.0003292361991711368,1.0,0.255,PASS
C_slow_1000,Two-stage,V1_post,pi_extent,1.6398441060536117e-06,1.1027624419958518e-05,,4.9587469151306276e-05,0.1487032967032967,0.255,PASS
C_slow_1000,Two-stage,V1_post,gdp_current,0.0026354774785685153,0.0026354774785685153,,0.00685680517148954,1.0,0.9699999999999999,PASS
C_slow_1000,Two-stage,V1_post,gdp_extent,0.0009920747892073756,0.006671505011666507,,0.005023589483052963,0.1487032967032967,8.875,PASS
C_slow_1000,Two-stage,V1_post,bound_pi,0.0009997257495410474,0.0067229561933369285,,1.0,0.1487032967032967,0.28,PASS
C_slow_1000,Two-stage,V1_post,bound_gdp,0.0009969009343688308,0.006703959874930801,,0.03271125797220174,0.1487032967032967,0.255,PASS
C_slow_1000,Two-stage,V1_post,bound_gtp,0.000999638951500229,0.006722372493830981,,0.2600084735247432,0.1487032967032967,0.385,PASS
C_slow_1000,Two-stage,V1_post,tu_bound,0.0009920747892065152,0.0066715050116607204,,0.006774966468600816,0.1487032967032967,8.875,PASS
C_slow_1000,Two-stage,V1_post,phosphate_unreleased,1.6398441060475402e-06,1.1027624419917688e-05,,0.00033847658470811725,0.1487032967032967,0.255,PASS
C_slow_1000,Two-stage,V1_post,unfinished,0.0003764611155909342,0.0025316258881743284,,0.005781125914336614,0.1487032967032967,0.9750000000000001,PASS
C_slow_1000,Three-stage,early_0_10,product_extent,0.00036618781929252664,0.0024625400203680107,,66.50063052522617,0.1487032967032967,1.0050000000000001,PASS
C_slow_1000,Three-stage,early_0_10,product_current,0.005849451362287032,0.005849451362287032,,52.99032688861646,1.0,0.095,PASS
C_slow_1000,Three-stage,early_0_10,pi_current,3.5545617838028676e-10,3.5545617838028676e-10,,5.306981034703968e-08,1.0,0.0055,PASS
C_slow_1000,Three-stage,early_0_10,pi_extent,7.85278092552133e-13,5.280838488194214e-12,,9.936903465671833e-07,0.1487032967032967,0.1865,PASS
C_slow_1000,Three-stage,early_0_10,gdp_current,0.0025633791963087793,0.0025633791963087793,,0.006951237854111031,1.0,0.995,PASS
C_slow_1000,Three-stage,early_0_10,gdp_extent,0.0009920521038819796,0.006671352457379555,,0.006970013040531304,0.1487032967032967,8.870000000000001,PASS
C_slow_1000,Three-stage,early_0_10,bound_pi,3.5545617014035025e-13,2.3903718210738893e-12,,5.306981032321434e-08,0.1487032967032967,0.0055,PASS
C_slow_1000,Three-stage,early_0_10,bound_gdp,0.000992052103881147,0.006671352457373956,,0.006955759828972788,0.1487032967032967,8.870000000000001,PASS
C_slow_1000,Three-stage,early_0_10,bound_gtp,5.811197877070295e-13,3.907914623214579e-12,,1.5122714916396276e-10,0.1487032967032967,0.1865,PASS
C_slow_1000,Three-stage,early_0_10,tu_bound,0.0009920521038811192,0.006671352457373769,,0.006774797696799967,0.1487032967032967,8.870000000000001,PASS
C_slow_1000,Three-stage,early_0_10,phosphate_unreleased,7.852971745103687e-13,5.280966810555982e-12,,9.097632367418837e-10,0.1487032967032967,0.1865,PASS
C_slow_1000,Three-stage,early_0_10,unfinished,0.00036618781929245725,0.002462540020367544,,0.005160134213796113,0.1487032967032967,1.0050000000000001,PASS
C_slow_1000,Three-stage,late_5_10,product_extent,2.895079215159413e-05,0.00019468830075340419,,4.8707953552596705e-05,0.1487032967032967,5.0,PASS
C_slow_1000,Three-stage,late_5_10,product_current,0.00016807791114725745,0.00016807791114725745,,0.0001697276615736353,1.0,5.0,PASS
C_slow_1000,Three-stage,late_5_10,pi_current,1.7763568394002505e-15,1.7763568394002505e-15,,1.794151050505875e-15,1.0,5.035,PASS
C_slow_1000,Three-stage,late_5_10,pi_extent,1.7763568394002505e-15,1.19456453137321e-14,,1.2998635698741666e-15,0.1487032967032967,9.265,PASS
C_slow_1000,Three-stage,late_5_10,gdp_current,0.0002014789996853672,0.0002014789996853672,,0.00020344973271509893,1.0,5.0,PASS
C_slow_1000,Three-stage,late_5_10,gdp_extent,0.0009920521038819796,0.006671352457379555,,0.0016146879565197146,0.1487032967032967,8.870000000000001,PASS
C_slow_1000,Three-stage,late_5_10,bound_pi,1.734723475976807e-18,1.1665669251691504e-17,,1.7521006352596438e-15,0.1487032967032967,5.035,PASS
C_slow_1000,Three-stage,late_5_10,bound_gdp,0.000992052103881147,0.006671352457373956,,0.006955759828972788,0.1487032967032967,8.870000000000001,PASS
C_slow_1000,Three-stage,late_5_10,bound_gtp,6.5052130349130266e-18,4.374625969384314e-17,,1.7083096074194086e-15,0.1487032967032967,6.01,PASS
C_slow_1000,Three-stage,late_5_10,tu_bound,0.0009920521038811192,0.006671352457373769,,0.006774797696799967,0.1487032967032967,8.870000000000001,PASS
C_slow_1000,Three-stage,late_5_10,phosphate_unreleased,8.673617379884035e-18,5.832834625845752e-17,,1.807569837170032e-15,0.1487032967032967,6.035,PASS
C_slow_1000,Three-stage,late_5_10,unfinished,2.8950792151927196e-05,0.000194688300755644,,0.00019656208497823206,0.1487032967032967,5.0,PASS
C_slow_1000,Three-stage,macro_10_end,product_extent,9.462315455621706e-07,6.363218345119533e-06,,5.602380785284324e-07,0.1487032967032967,16.218100973589298,PASS
C_slow_1000,Three-stage,macro_10_end,product_current,2.1094321895898105e-06,2.1094321895898105e-06,,2.1285693456409027e-06,1.0,10.0,PASS
C_slow_1000,Three-stage,macro_10_end,pi_current,9.621137220250375e-12,9.621137220250375e-12,,7.961333304149591e-09,1.0,1096.4781961431852,PASS
C_slow_1000,Three-stage,macro_10_end,pi_extent,1.4303083162303665e-09,9.618538041454578e-09,,2.1703857731619626e-11,0.1487032967032967,1096.4781961431852,PASS
C_slow_1000,Three-stage,macro_10_end,gdp_current,6.623615833034613e-06,6.623615833034613e-06,,6.739273802560946e-06,1.0,16.218100973589298,PASS
C_slow_1000,Three-stage,macro_10_end,gdp_extent,0.0009916265471412444,0.006668490673208191,,0.0007437649388584024,0.1487032967032967,10.0,PASS
C_slow_1000,Three-stage,macro_10_end,bound_pi,9.621155868527742e-15,6.470035353502989e-14,,7.961333250133837e-09,0.1487032967032967,1096.4781961431852,PASS
C_slow_1000,Three-stage,macro_10_end,bound_gdp,0.0009916265471404118,0.006668490673202591,,0.006958126411526092,0.1487032967032967,10.0,PASS
C_slow_1000,Three-stage,macro_10_end,bound_gtp,3.700447066823376e-14,2.488476818511138e-13,,7.961333219784646e-09,0.1487032967032967,1096.4781961431852,PASS
C_slow_1000,Three-stage,macro_10_end,tu_bound,0.0009916265471404118,0.006668490673202591,,0.006777108435604039,0.1487032967032967,10.0,PASS
C_slow_1000,Three-stage,macro_10_end,phosphate_unreleased,4.6625680746870124e-14,3.135483999383078e-13,,7.961333178003386e-09,0.1487032967032967,1096.4781961431852,PASS
C_slow_1000,Three-stage,macro_10_end,unfinished,9.462315496699958e-07,6.363218372743838e-06,,6.474884302114822e-06,0.1487032967032967,16.218100973589298,PASS
C_slow_1000,Three-stage,10_100,product_extent,9.462315455621706e-07,6.363218345119533e-06,,5.602380785284324e-07,0.1487032967032967,16.218100973589298,PASS
C_slow_1000,Three-stage,10_100,product_current,2.1094321895898105e-06,2.1094321895898105e-06,,2.1285693456409027e-06,1.0,10.0,PASS
C_slow_1000,Three-stage,10_100,pi_current,1.4592771435673058e-12,1.4592771435673058e-12,,1.5798682218453098e-12,1.0,79.43282347242814,PASS
C_slow_1000,Three-stage,10_100,pi_extent,2.1670665262263356e-10,1.4573090000487475e-09,,2.1703857731619626e-11,0.1487032967032967,79.43282347242814,PASS
C_slow_1000,Three-stage,10_100,gdp_current,6.623615833034613e-06,6.623615833034613e-06,,6.7313139394450685e-06,1.0,16.218100973589298,PASS
C_slow_1000,Three-stage,10_100,gdp_extent,0.0009916265471412444,0.006668490673208191,,0.0007437649388584024,0.1487032967032967,10.0,PASS
C_slow_1000,Three-stage,10_100,bound_pi,1.4592277039482404e-15,9.813015153657247e-15,,1.5798146966575784e-12,0.1487032967032967,79.43282347242814,PASS
C_slow_1000,Three-stage,10_100,bound_gdp,0.0009916265471404118,0.006668490673202591,,0.00695811839633102,0.1487032967032967,10.0,PASS
C_slow_1000,Three-stage,10_100,bound_gtp,5.612697806522959e-15,3.7744272863847864e-14,,1.5799051394668137e-12,0.1487032967032967,79.43282347242814,PASS
C_slow_1000,Three-stage,10_100,tu_bound,0.0009916265471404118,0.006668490673202591,,0.006777100421849974,0.1487032967032967,10.0,PASS
C_slow_1000,Three-stage,10_100,phosphate_unreleased,7.0724676115574425e-15,4.7560933539146264e-14,,1.5800075833521047e-12,0.1487032967032967,79.43282347242814,PASS
C_slow_1000,Three-stage,10_100,unfinished,9.462315496699958e-07,6.363218372743838e-06,,6.466924440834176e-06,0.1487032967032967,16.218100973589298,PASS
C_slow_1000,Three-stage,100_1000,product_extent,8.70907605587945e-07,5.856679877956177e-06,,6.213530819111148e-08,0.1487032967032967,100.0,PASS
C_slow_1000,Three-stage,100_1000,product_current,5.8566776983681734e-09,5.8566776983681734e-09,,6.48749911507348e-09,1.0,100.0,PASS
C_slow_1000,Three-stage,100_1000,pi_current,9.270861855981138e-12,9.270861855981138e-12,,2.082270042291111e-11,1.0,809.2,PASS
C_slow_1000,Three-stage,100_1000,pi_extent,1.378992919853772e-09,9.273452239631484e-09,,1.9582445726168594e-11,0.1487032967032967,809.2,PASS
C_slow_1000,Three-stage,100_1000,gdp_current,6.096798483845589e-06,6.096798483845589e-06,,6.7313332387355345e-06,1.0,100.0,PASS
C_slow_1000,Three-stage,100_1000,gdp_extent,0.0009066140342017803,0.0060967984859859594,,6.467862037265283e-05,0.1487032967032967,100.0,PASS
C_slow_1000,Three-stage,100_1000,bound_pi,9.2709043567063e-15,6.234498200268055e-14,,2.082279588112002e-11,0.1487032967032967,809.2,PASS
C_slow_1000,Three-stage,100_1000,bound_gdp,0.0009066141036662978,0.006096798953120979,,0.006958118415764634,0.1487032967032967,100.0,PASS
C_slow_1000,Three-stage,100_1000,bound_gtp,3.565702420826877e-14,2.397863732598624e-13,,2.0822760578626092e-11,0.1487032967032967,809.2,PASS
C_slow_1000,Three-stage,100_1000,tu_bound,0.0009066141036644937,0.0060967989531088475,,0.006777100441279915,0.1487032967032967,100.0,PASS
C_slow_1000,Three-stage,100_1000,phosphate_unreleased,4.492803698519232e-14,3.021320843668712e-13,,2.0822818112874886e-11,0.1487032967032967,809.2,PASS
C_slow_1000,Three-stage,100_1000,unfinished,8.709770663584138e-07,5.857146987778277e-06,,6.46694374011401e-06,0.1487032967032967,100.0,PASS
C_slow_1000,Three-stage,1000_10000,product_extent,3.538944071124206e-07,2.3798692763250275e-06,,3.7670922311847715e-09,0.1487032967032967,999.9999999999999,PASS
C_slow_1000,Three-stage,1000_10000,product_current,2.3798664150476156e-09,2.3798664150476156e-09,,1.4428009283034787e-08,1.0,999.9999999999999,PASS
C_slow_1000,Three-stage,1000_10000,pi_current,9.621137220250375e-12,9.621137220250375e-12,,7.961333304149591e-09,1.0,1096.4781961431852,PASS
C_slow_1000,Three-stage,1000_10000,pi_extent,1.4303083162303665e-09,9.618538041454578e-09,,1.4443471232551563e-11,0.1487032967032967,1096.4781961431852,PASS
C_slow_1000,Three-stage,1000_10000,gdp_current,2.4787720039887162e-06,2.4787720039887162e-06,,6.739273802560946e-06,1.0,999.9999999999999,PASS
C_slow_1000,Three-stage,1000_10000,gdp_extent,0.00036860156917839504,0.002478772006742089,,3.923629864723849e-06,0.1487032967032967,999.9999999999999,PASS
C_slow_1000,Three-stage,1000_10000,bound_pi,9.621155868527742e-15,6.470035353502989e-14,,7.961333250133837e-09,0.1487032967032967,1096.4781961431852,PASS
C_slow_1000,Three-stage,1000_10000,bound_gdp,0.0003686017874564018,0.002478773474618132,,0.006958126411526092,0.1487032967032967,999.9999999999999,PASS
C_slow_1000,Three-stage,1000_10000,bound_gtp,3.700447066823376e-14,2.488476818511138e-13,,7.961333219784646e-09,0.1487032967032967,1096.4781961431852,PASS
C_slow_1000,Three-stage,1000_10000,tu_bound,0.0003686017874507466,0.002478773474580102,,0.006777108435604039,0.1487032967032967,999.9999999999999,PASS
C_slow_1000,Three-stage,1000_10000,phosphate_unreleased,4.6625680746870124e-14,3.135483999383078e-13,,7.961333178003386e-09,0.1487032967032967,1096.4781961431852,PASS
C_slow_1000,Three-stage,1000_10000,unfinished,3.5411265902202116e-07,2.3813369768699323e-06,,6.474884302114822e-06,0.1487032967032967,999.9999999999999,PASS
C_slow_1000,Three-stage,V1_transient,product_extent,0.000174414259504842,0.0011729010948079088,,66.50063052522617,0.1487032967032967,0.25,PASS
C_slow_1000,Three-stage,V1_transient,product_current,0.005849451362287032,0.005849451362287032,,52.99032688861646,1.0,0.095,PASS
C_slow_1000,Three-stage,V1_transient,pi_current,3.5545617838028676e-10,3.5545617838028676e-10,,5.306981034703968e-08,1.0,0.0055,PASS
C_slow_1000,Three-stage,V1_transient,pi_extent,7.85278092552133e-13,5.280838488194214e-12,,9.936903465671833e-07,0.1487032967032967,0.1865,PASS
C_slow_1000,Three-stage,V1_transient,gdp_current,0.001251491410048211,0.001251491410048211,,0.006951237854111031,1.0,0.25,PASS
C_slow_1000,Three-stage,V1_transient,gdp_extent,2.215654867699637e-05,0.00014899836902207135,,0.006970013040531304,0.1487032967032967,0.25,PASS
C_slow_1000,Three-stage,V1_transient,bound_pi,3.5545617014035025e-13,2.3903718210738893e-12,,5.306981032321434e-08,0.1487032967032967,0.0055,PASS
C_slow_1000,Three-stage,V1_transient,bound_gdp,2.215654860918473e-05,0.0001489983685660516,,0.0007414099126501546,0.1487032967032967,0.25,PASS
C_slow_1000,Three-stage,V1_transient,bound_gtp,5.811197877070295e-13,3.907914623214579e-12,,1.5122714916396276e-10,0.1487032967032967,0.1865,PASS
C_slow_1000,Three-stage,V1_transient,tu_bound,2.2156548677008947e-05,0.00014899836902215594,,0.0006568914418724515,0.1487032967032967,0.25,PASS
C_slow_1000,Three-stage,V1_transient,phosphate_unreleased,7.852971745103687e-13,5.280966810555982e-12,,9.097632367418837e-10,0.1487032967032967,0.1865,PASS
C_slow_1000,Three-stage,V1_transient,unfinished,0.00017441425950483203,0.0011729010948078418,,0.005141026139283099,0.1487032967032967,0.25,PASS
C_slow_1000,Three-stage,V1_post,product_extent,0.00036618781929252664,0.0024625400203680107,,0.052357405597272505,0.1487032967032967,1.0050000000000001,PASS
C_slow_1000,Three-stage,V1_post,product_current,0.004318899584349889,0.004318899584349889,,0.021514910812098362,1.0,0.255,PASS
C_slow_1000,Three-stage,V1_post,pi_current,3.469302622960413e-11,3.469302622960413e-11,,3.4702944204935845e-11,1.0,0.31,PASS
C_slow_1000,Three-stage,V1_post,pi_extent,1.3340023530261647e-13,8.970899654550767e-13,,3.2342488335920636e-12,0.1487032967032967,0.31,PASS
C_slow_1000,Three-stage,V1_post,gdp_current,0.0025633791963087793,0.0025633791963087793,,0.006173258598111224,1.0,0.995,PASS
C_slow_1000,Three-stage,V1_post,gdp_extent,0.0009920521038819796,0.006671352457379555,,0.006426691152118998,0.1487032967032967,8.870000000000001,PASS
C_slow_1000,Three-stage,V1_post,bound_pi,3.469295163649466e-14,2.333031775732349e-13,,3.470286959050184e-11,0.1487032967032967,0.31,PASS
C_slow_1000,Three-stage,V1_post,bound_gdp,0.000992052103881147,0.006671352457373956,,0.006955759828972788,0.1487032967032967,8.870000000000001,PASS
C_slow_1000,Three-stage,V1_post,bound_gtp,9.874132761433785e-14,6.640157266409063e-13,,2.568020088422653e-11,0.1487032967032967,0.31,PASS
C_slow_1000,Three-stage,V1_post,tu_bound,0.0009920521038811192,0.006671352457373769,,0.006774797696799967,0.1487032967032967,8.870000000000001,PASS
C_slow_1000,Three-stage,V1_post,phosphate_unreleased,1.3343406241039801e-13,8.973174460054846e-13,,2.7541983352487124e-11,0.1487032967032967,0.31,PASS
C_slow_1000,Three-stage,V1_post,unfinished,0.00036618781929245725,0.002462540020367544,,0.005160134213796113,0.1487032967032967,1.0050000000000001,PASS
