condition,time_s,pair,source_extent,zero_order_extent,postprocessed_extent,formal_extent,startup_retained
R3_BASE,0.0,re0000000332_MINUS_re0000000333,0.0,0.0,0.0,0.0,True
R3_BASE,0.0,re0000000336_MINUS_re0000000337,0.0,0.0,0.0,0.0,True
R3_BASE,9.906817032876724e-08,re0000000332_MINUS_re0000000333,0.2956465797406897,0.2956465797406897,0.2956465797406897,0.2956465797406897,True
R3_BASE,9.906817032876724e-08,re0000000336_MINUS_re0000000337,1.5477964316714876e-59,1.5477964316714876e-59,1.5477964316714876e-59,1.5477964316714876e-59,True
R3_BASE,1.0622755178807271e-07,re0000000332_MINUS_re0000000333,0.31689186661552204,0.31689186661552204,0.31689186661552204,0.31689186661552204,True
R3_BASE,1.0622755178807271e-07,re0000000336_MINUS_re0000000337,4.193661802196752e-59,4.193661802196752e-59,4.193661802196752e-59,4.193661802196752e-59,True
R3_BASE,1.1390432185675446e-07,re0000000332_MINUS_re0000000333,0.3396545526768478,0.3396545526768478,0.3396545526768478,0.3396545526768478,True
R3_BASE,1.1390432185675446e-07,re0000000336_MINUS_re0000000337,1.2508067788761175e-58,1.2508067788761175e-58,1.2508067788761175e-58,1.2508067788761175e-58,True
R3_BASE,1.2213587077231184e-07,re0000000332_MINUS_re0000000333,0.3640416265601238,0.3640416265601238,0.3640416265601238,0.3640416265601238,True
R3_BASE,1.2213587077231184e-07,re0000000336_MINUS_re0000000337,3.1677339338212293e-58,3.1677339338212293e-58,3.1677339338212293e-58,3.1677339338212293e-58,True
R3_BASE,1.3096229086083863e-07,re0000000332_MINUS_re0000000333,0.3901674127894667,0.3901674127894667,0.3901674127894667,0.3901674127894667,True
R3_BASE,1.3096229086083863e-07,re0000000336_MINUS_re0000000337,7.03359225109646e-58,7.03359225109646e-58,7.03359225109646e-58,7.03359225109646e-58,True
R3_BASE,1.4042657180945938e-07,re0000000332_MINUS_re0000000333,0.41815404353973623,0.41815404353973623,0.41815404353973623,0.41815404353973623,True
R3_BASE,1.4042657180945938e-07,re0000000336_MINUS_re0000000337,1.468599008810243e-57,1.468599008810243e-57,1.468599008810243e-57,1.468599008810243e-57,True
R3_BASE,1.5057481005056216e-07,re0000000332_MINUS_re0000000333,0.44813195595708594,0.44813195595708594,0.44813195595708594,0.44813195595708594,True
R3_BASE,1.5057481005056216e-07,re0000000336_MINUS_re0000000337,3.311567305335374e-57,3.311567305335374e-57,3.311567305335374e-57,3.311567305335374e-57,True
R3_BASE,1.614564332776484e-07,re0000000332_MINUS_re0000000333,0.4802404156549529,0.4802404156549529,0.4802404156549529,0.4802404156549529,True
R3_BASE,1.614564332776484e-07,re0000000336_MINUS_re0000000337,7.372993200331437e-57,7.372993200331437e-57,7.372993200331437e-57,7.372993200331437e-57,True
R3_BASE,1.7312444118631913e-07,re0000000332_MINUS_re0000000333,0.5146280668737897,0.5146280668737897,0.5146280668737897,0.5146280668737897,True
R3_BASE,1.7312444118631913e-07,re0000000336_MINUS_re0000000337,1.558494867380839e-56,1.558494867380839e-56,1.558494867380839e-56,1.558494867380839e-56,True
R3_BASE,1.85635663612944e-07,re0000000332_MINUS_re0000000333,0.5514535096314864,0.5514535096314864,0.5514535096314864,0.5514535096314864,True
R3_BASE,1.85635663612944e-07,re0000000336_MINUS_re0000000337,3.3744783660524414e-56,3.3744783660524414e-56,3.3744783660524414e-56,3.3744783660524414e-56,True
R3_BASE,1.9905103732829428e-07,re0000000332_MINUS_re0000000333,0.5908859039920265,0.5908859039920265,0.5908859039920265,0.5908859039920265,True
R3_BASE,1.9905103732829428e-07,re0000000336_MINUS_re0000000337,7.424802389163218e-56,7.424802389163218e-56,7.424802389163218e-56,7.424802389163218e-56,True
R3_BASE,2.1343590283428324e-07,re0000000332_MINUS_re0000000333,0.6331056013364309,0.6331056013364309,0.6331056013364309,0.6331056013364309,True
R3_BASE,2.1343590283428324e-07,re0000000336_MINUS_re0000000337,1.5965796126908328e-55,1.5965796126908328e-55,1.5965796126908328e-55,1.5965796126908328e-55,True
R3_BASE,2.2886032260938216e-07,re0000000332_MINUS_re0000000333,0.6783048022256829,0.6783048022256829,0.6783048022256829,0.6783048022256829,True
R3_BASE,2.2886032260938216e-07,re0000000336_MINUS_re0000000337,3.529254135653513e-55,3.529254135653513e-55,3.529254135653513e-55,3.529254135653513e-55,True
R3_BASE,2.4539942235274855e-07,re0000000332_MINUS_re0000000333,0.7266882400926015,0.7266882400926015,0.7266882400926015,0.7266882400926015,True
R3_BASE,2.4539942235274855e-07,re0000000336_MINUS_re0000000337,7.779541382758842e-55,7.779541382758842e-55,7.779541382758842e-55,7.779541382758842e-55,True
R3_BASE,2.631337568891197e-07,re0000000332_MINUS_re0000000333,0.7784738895797653,0.7784738895797653,0.7784738895797653,0.7784738895797653,True
R3_BASE,2.631337568891197e-07,re0000000336_MINUS_re0000000337,1.7342899128155367e-54,1.7342899128155367e-54,1.7342899128155367e-54,1.7342899128155367e-54,True
R3_BASE,2.821497025166361e-07,re0000000332_MINUS_re0000000333,0.8338936978442473,0.8338936978442473,0.8338936978442473,0.8338936978442473,True
R3_BASE,2.821497025166361e-07,re0000000336_MINUS_re0000000337,3.949569060246755e-54,3.949569060246755e-54,3.949569060246755e-54,3.949569060246755e-54,True
R3_BASE,3.025398777085531e-07,re0000000332_MINUS_re0000000333,0.8931943365664119,0.8931943365664119,0.8931943365664119,0.8931943365664119,True
R3_BASE,3.025398777085531e-07,re0000000336_MINUS_re0000000337,2.0689718437335417e-53,2.0689718437335417e-53,2.0689718437335417e-53,2.0689718437335417e-53,True
R3_BASE,3.244035942178925e-07,re0000000332_MINUS_re0000000333,0.9566379717177154,0.9566379717177154,0.9566379717177154,0.9566379717177154,True
R3_BASE,3.244035942178925e-07,re0000000336_MINUS_re0000000337,7.788537723781477e-53,7.788537723781477e-53,7.788537723781477e-53,7.788537723781477e-53,True
R3_BASE,3.478473407821844e-07,re0000000332_MINUS_re0000000333,1.0245030473483534,1.0245030473483534,1.0245030473483534,1.0245030473483534,True
R3_BASE,3.478473407821844e-07,re0000000336_MINUS_re0000000337,2.1143232212756216e-52,2.1143232212756216e-52,2.1143232212756216e-52,2.1143232212756216e-52,True
R3_BASE,3.7298530178419105e-07,re0000000332_MINUS_re0000000333,1.097085078735546,1.097085078735546,1.097085078735546,1.097085078735546,True
R3_BASE,3.7298530178419105e-07,re0000000336_MINUS_re0000000337,4.8064070742129144e-52,4.8064070742129144e-52,4.8064070742129144e-52,4.8064070742129144e-52,True
R3_BASE,3.999399133948166e-07,re0000000332_MINUS_re0000000333,1.1746974491724111,1.1746974491724111,1.1746974491724111,1.1746974491724111,True
R3_BASE,3.999399133948166e-07,re0000000336_MINUS_re0000000337,1.0040769245165355e-51,1.0040769245165355e-51,1.0040769245165355e-51,1.0040769245165355e-51,True
R3_BASE,4.2884245990690917e-07,re0000000332_MINUS_re0000000333,1.2576722034581225,1.2576722034581225,1.2576722034581225,1.2576722034581225,True
R3_BASE,4.2884245990690917e-07,re0000000336_MINUS_re0000000337,2.320113582780308e-51,2.320113582780308e-51,2.320113582780308e-51,2.320113582780308e-51,True
R3_BASE,4.598337131644549e-07,re0000000332_MINUS_re0000000333,1.3463608297579057,1.3463608297579057,1.3463608297579057,1.3463608297579057,True
R3_BASE,4.598337131644549e-07,re0000000336_MINUS_re0000000337,5.325536482936516e-51,5.325536482936516e-51,5.325536482936516e-51,5.325536482936516e-51,True
R3_BASE,4.930646182015418e-07,re0000000332_MINUS_re0000000333,1.4411350199116426,1.4411350199116426,1.4411350199116426,1.4411350199116426,True
R3_BASE,4.930646182015418e-07,re0000000336_MINUS_re0000000337,1.149825908103448e-50,1.149825908103448e-50,1.149825908103448e-50,1.149825908103448e-50,True
R3_BASE,5.286970284305478e-07,re0000000332_MINUS_re0000000333,1.5423873964697044,1.5423873964697044,1.5423873964697044,1.5423873964697044,True
R3_BASE,5.286970284305478e-07,re0000000336_MINUS_re0000000337,2.4636872625298217e-50,2.4636872625298217e-50,2.4636872625298217e-50,2.4636872625298217e-50,True
R3_BASE,5.669044939603364e-07,re0000000332_MINUS_re0000000333,1.6505321927014094,1.6505321927014094,1.6505321927014094,1.6505321927014094,True
R3_BASE,5.669044939603364e-07,re0000000336_MINUS_re0000000337,5.496412312814916e-50,5.496412312814916e-50,5.496412312814916e-50,5.496412312814916e-50,True
R3_BASE,6.078731068840179e-07,re0000000332_MINUS_re0000000333,1.766005869539129,1.766005869539129,1.766005869539129,1.766005869539129,True
R3_BASE,6.078731068840179e-07,re0000000336_MINUS_re0000000337,1.1952007958032585e-49,1.1952007958032585e-49,1.1952007958032585e-49,1.1952007958032585e-49,True
R3_BASE,6.518024076533102e-07,re0000000332_MINUS_re0000000333,1.8892676508527346,1.8892676508527346,1.8892676508527346,1.8892676508527346,True
R3_BASE,6.518024076533102e-07,re0000000336_MINUS_re0000000337,2.619336485840774e-49,2.619336485840774e-49,2.619336485840774e-49,2.619336485840774e-49,True
R3_BASE,6.989063569540551e-07,re0000000332_MINUS_re0000000333,2.020799955611985,2.020799955611985,2.020799955611985,2.020799955611985,True
R3_BASE,6.989063569540551e-07,re0000000336_MINUS_re0000000337,5.835872269639286e-49,5.835872269639286e-49,5.835872269639286e-49,5.835872269639286e-49,True
R3_BASE,7.4941437781648e-07,re0000000332_MINUS_re0000000333,2.161108702341216,2.161108702341216,2.161108702341216,2.161108702341216,True
R3_BASE,7.4941437781648e-07,re0000000336_MINUS_re0000000337,1.2834344330526379e-48,1.2834344330526379e-48,1.2834344330526379e-48,1.2834344330526379e-48,True
R3_BASE,8.035724730358716e-07,re0000000332_MINUS_re0000000333,2.3107234577863918,2.3107234577863918,2.3107234577863918,2.3107234577863918,True
R3_BASE,8.035724730358716e-07,re0000000336_MINUS_re0000000337,2.878652972166163e-48,2.878652972166163e-48,2.878652972166163e-48,2.878652972166163e-48,True
R3_BASE,8.616444233461394e-07,re0000000332_MINUS_re0000000333,2.4701973979461314,2.4701973979461314,2.4701973979461314,2.4701973979461314,True
R3_BASE,8.616444233461394e-07,re0000000336_MINUS_re0000000337,6.586677754361487e-48,6.586677754361487e-48,6.586677754361487e-48,6.586677754361487e-48,True
R3_BASE,9.239130721820518e-07,re0000000332_MINUS_re0000000333,2.640107045481519,2.640107045481519,2.640107045481519,2.640107045481519,True
R3_BASE,9.239130721820518e-07,re0000000336_MINUS_re0000000337,1.601674153991957e-47,1.601674153991957e-47,1.601674153991957e-47,1.601674153991957e-47,True
R3_BASE,9.906817032876718e-07,re0000000332_MINUS_re0000000333,2.8210517431002997,2.8210517431002997,2.8210517431002997,2.8210517431002997,True
R3_BASE,9.906817032876718e-07,re0000000336_MINUS_re0000000337,3.8347987841957265e-47,3.8347987841957265e-47,3.8347987841957265e-47,3.8347987841957265e-47,True
R3_BASE,1.062275517880727e-06,re0000000332_MINUS_re0000000333,3.0136528177984894,3.0136528177984894,3.0136528177984894,3.0136528177984894,True
R3_BASE,1.062275517880727e-06,re0000000336_MINUS_re0000000337,9.016351937482872e-47,9.016351937482872e-47,9.016351937482872e-47,9.016351937482872e-47,True
R3_BASE,1.1390432185675446e-06,re0000000332_MINUS_re0000000333,3.2185523858751544,3.2185523858751544,3.2185523858751544,3.2185523858751544,True
R3_BASE,1.1390432185675446e-06,re0000000336_MINUS_re0000000337,2.1488077000536348e-46,2.1488077000536348e-46,2.1488077000536348e-46,2.1488077000536348e-46,True
R3_BASE,1.2213587077231185e-06,re0000000332_MINUS_re0000000333,3.4364117434819743,3.4364117434819743,3.4364117434819743,3.4364117434819743,True
R3_BASE,1.2213587077231185e-06,re0000000336_MINUS_re0000000337,5.02505290154891e-46,5.02505290154891e-46,5.02505290154891e-46,5.02505290154891e-46,True
R3_BASE,1.3096229086083865e-06,re0000000332_MINUS_re0000000333,3.667909282225206,3.667909282225206,3.667909282225206,3.667909282225206,True
R3_BASE,1.3096229086083865e-06,re0000000336_MINUS_re0000000337,1.1822564661355448e-45,1.1822564661355448e-45,1.1822564661355448e-45,1.1822564661355448e-45,True
R3_BASE,1.4042657180945939e-06,re0000000332_MINUS_re0000000333,3.9137378640882314,3.9137378640882314,3.9137378640882314,3.9137378640882314,True
R3_BASE,1.4042657180945939e-06,re0000000336_MINUS_re0000000337,2.7619874347829873e-45,2.7619874347829873e-45,2.7619874347829873e-45,2.7619874347829873e-45,True
R3_BASE,1.5057481005056217e-06,re0000000332_MINUS_re0000000333,4.174601584888524,4.174601584888524,4.174601584888524,4.174601584888524,True
R3_BASE,1.5057481005056217e-06,re0000000336_MINUS_re0000000337,6.479341111029999e-45,6.479341111029999e-45,6.479341111029999e-45,6.479341111029999e-45,True
R3_BASE,1.6145643327764837e-06,re0000000332_MINUS_re0000000333,4.451211850783941,4.451211850783941,4.451211850783941,4.451211850783941,True
R3_BASE,1.6145643327764837e-06,re0000000336_MINUS_re0000000337,1.517103805271402e-44,1.517103805271402e-44,1.517103805271402e-44,1.517103805271402e-44,True
R3_BASE,1.7312444118631913e-06,re0000000332_MINUS_re0000000333,4.7442826882788385,4.7442826882788385,4.7442826882788385,4.7442826882788385,True
R3_BASE,1.7312444118631913e-06,re0000000336_MINUS_re0000000337,3.5677268975878544e-44,3.5677268975878544e-44,3.5677268975878544e-44,3.5677268975878544e-44,True
R3_BASE,1.85635663612944e-06,re0000000332_MINUS_re0000000333,5.054525205056287,5.054525205056287,5.054525205056287,5.054525205056287,True
R3_BASE,1.85635663612944e-06,re0000000336_MINUS_re0000000337,8.404241029125606e-44,8.404241029125606e-44,8.404241029125606e-44,8.404241029125606e-44,True
R3_BASE,1.990510373282943e-06,re0000000332_MINUS_re0000000333,5.382641117168428,5.382641117168428,5.382641117168428,5.382641117168428,True
R3_BASE,1.990510373282943e-06,re0000000336_MINUS_re0000000337,1.9900603111745037e-43,1.9900603111745037e-43,1.9900603111745037e-43,1.9900603111745037e-43,True
R3_BASE,2.1343590283428322e-06,re0000000332_MINUS_re0000000333,5.729315258116782,5.729315258116782,5.729315258116782,5.729315258116782,True
R3_BASE,2.1343590283428322e-06,re0000000336_MINUS_re0000000337,4.772745821291797e-43,4.772745821291797e-43,4.772745821291797e-43,4.772745821291797e-43,True
R3_BASE,2.2886032260938263e-06,re0000000332_MINUS_re0000000333,6.0952069876783135,6.0952069876783135,6.0952069876783135,6.0952069876783135,True
R3_BASE,2.2886032260938263e-06,re0000000336_MINUS_re0000000337,1.1452834188803226e-42,1.1452834188803226e-42,1.1452834188803226e-42,1.1452834188803226e-42,True
R3_BASE,2.4539942235274856e-06,re0000000332_MINUS_re0000000333,6.480940423707577,6.480940423707577,6.480940423707577,6.480940423707577,True
R3_BASE,2.4539942235274856e-06,re0000000336_MINUS_re0000000337,2.748732676590016e-42,2.748732676590016e-42,2.748732676590016e-42,2.748732676590016e-42,True
R3_BASE,2.6313375688912023e-06,re0000000332_MINUS_re0000000333,6.887093429150498,6.887093429150498,6.887093429150498,6.887093429150498,True
R3_BASE,2.6313375688912023e-06,re0000000336_MINUS_re0000000337,6.586493525051494e-42,6.586493525051494e-42,6.586493525051494e-42,6.586493525051494e-42,True
R3_BASE,2.821497025166361e-06,re0000000332_MINUS_re0000000333,7.314185300183135,7.314185300183135,7.314185300183135,7.314185300183135,True
R3_BASE,2.821497025166361e-06,re0000000336_MINUS_re0000000337,1.573391296361095e-41,1.573391296361095e-41,1.573391296361095e-41,1.573391296361095e-41,True
R3_BASE,3.025398777085531e-06,re0000000332_MINUS_re0000000333,7.762663120474631,7.762663120474631,7.762663120474631,7.762663120474631,True
R3_BASE,3.025398777085531e-06,re0000000336_MINUS_re0000000337,3.7537767805870986e-41,3.7537767805870986e-41,3.7537767805870986e-41,3.7537767805870986e-41,True
R3_BASE,3.2440359421789246e-06,re0000000332_MINUS_re0000000333,8.232886772156812,8.232886772156812,8.232886772156812,8.232886772156812,True
R3_BASE,3.2440359421789246e-06,re0000000336_MINUS_re0000000337,8.941982244822329e-41,8.941982244822329e-41,8.941982244822329e-41,8.941982244822329e-41,True
R3_BASE,3.478473407821844e-06,re0000000332_MINUS_re0000000333,8.725112627243481,8.725112627243481,8.725112627243481,8.725112627243481,True
R3_BASE,3.478473407821844e-06,re0000000336_MINUS_re0000000337,2.1273086960176624e-40,2.1273086960176624e-40,2.1273086960176624e-40,2.1273086960176624e-40,True
R3_BASE,3.7298530178419027e-06,re0000000332_MINUS_re0000000333,9.239475984883839,9.239475984883839,9.239475984883839,9.239475984883839,True
R3_BASE,3.7298530178419027e-06,re0000000336_MINUS_re0000000337,5.055762003364704e-40,5.055762003364704e-40,5.055762003364704e-40,5.055762003364704e-40,True
R3_BASE,3.999399133948166e-06,re0000000332_MINUS_re0000000333,9.775972371103068,9.775972371103068,9.775972371103068,9.775972371103068,True
R3_BASE,3.999399133948166e-06,re0000000336_MINUS_re0000000337,1.2003029117116105e-39,1.2003029117116105e-39,1.2003029117116105e-39,1.2003029117116105e-39,True
R3_BASE,4.288424599069092e-06,re0000000332_MINUS_re0000000333,10.334437879333038,10.334437879333038,10.334437879333038,10.334437879333038,True
R3_BASE,4.288424599069092e-06,re0000000336_MINUS_re0000000337,2.846032285843597e-39,2.846032285843597e-39,2.846032285843597e-39,2.846032285843597e-39,True
R3_BASE,4.598337131644549e-06,re0000000332_MINUS_re0000000333,10.914528802719381,10.914528802719381,10.914528802719381,10.914528802719381,True
R3_BASE,4.598337131644549e-06,re0000000336_MINUS_re0000000337,6.737700204798834e-39,6.737700204798834e-39,6.737700204798834e-39,6.737700204798834e-39,True
R3_BASE,4.930646182015418e-06,re0000000332_MINUS_re0000000333,11.51570089311089,11.51570089311089,11.51570089311089,11.51570089311089,True
R3_BASE,4.930646182015418e-06,re0000000336_MINUS_re0000000337,1.592164013477576e-38,1.592164013477576e-38,1.592164013477576e-38,1.592164013477576e-38,True
R3_BASE,5.286970284305479e-06,re0000000332_MINUS_re0000000333,12.13718867649744,12.13718867649744,12.13718867649744,12.13718867649744,True
R3_BASE,5.286970284305479e-06,re0000000336_MINUS_re0000000337,3.754405274521798e-38,3.754405274521798e-38,3.754405274521798e-38,3.754405274521798e-38,True
R3_BASE,5.669044939603364e-06,re0000000332_MINUS_re0000000333,12.77798535943134,12.77798535943134,12.77798535943134,12.77798535943134,True
R3_BASE,5.669044939603364e-06,re0000000336_MINUS_re0000000337,8.831822049527269e-38,8.831822049527269e-38,8.831822049527269e-38,8.831822049527269e-38,True
R3_BASE,6.078731068840179e-06,re0000000332_MINUS_re0000000333,13.436823973520303,13.436823973520303,13.436823973520303,13.436823973520303,True
R3_BASE,6.078731068840179e-06,re0000000336_MINUS_re0000000337,2.0717626174657585e-37,2.0717626174657585e-37,2.0717626174657585e-37,2.0717626174657585e-37,True
R3_BASE,6.518024076533101e-06,re0000000332_MINUS_re0000000333,14.11216052238741,14.11216052238741,14.11216052238741,14.11216052238741,True
R3_BASE,6.518024076533101e-06,re0000000336_MINUS_re0000000337,4.844315674352938e-37,4.844315674352938e-37,4.844315674352938e-37,4.844315674352938e-37,True
R3_BASE,6.989063569540551e-06,re0000000332_MINUS_re0000000333,14.80216001261664,14.80216001261664,14.80216001261664,14.80216001261664,True
R3_BASE,6.989063569540551e-06,re0000000336_MINUS_re0000000337,1.1286919723905056e-36,1.1286919723905056e-36,1.1286919723905056e-36,1.1286919723905056e-36,True
R3_BASE,7.4941437781648e-06,re0000000332_MINUS_re0000000333,15.504686360708112,15.504686360708112,15.504686360708112,15.504686360708112,True
R3_BASE,7.4941437781648e-06,re0000000336_MINUS_re0000000337,2.6195240295015563e-36,2.6195240295015563e-36,2.6195240295015563e-36,2.6195240295015563e-36,True
R3_BASE,8.035724730358716e-06,re0000000332_MINUS_re0000000333,16.217297263841616,16.217297263841616,16.217297263841616,16.217297263841616,True
R3_BASE,8.035724730358716e-06,re0000000336_MINUS_re0000000337,6.053640062002534e-36,6.053640062002534e-36,6.053640062002534e-36,6.053640062002534e-36,True
R3_BASE,8.616444233461394e-06,re0000000332_MINUS_re0000000333,16.937245192860686,16.937245192860686,16.937245192860686,16.937245192860686,True
R3_BASE,8.616444233461394e-06,re0000000336_MINUS_re0000000337,1.3924956690327793e-35,1.3924956690327793e-35,1.3924956690327793e-35,1.3924956690327793e-35,True
R3_BASE,9.239130721820518e-06,re0000000332_MINUS_re0000000333,17.66148569890654,17.66148569890654,17.66148569890654,17.66148569890654,True
R3_BASE,9.239130721820518e-06,re0000000336_MINUS_re0000000337,3.18706973233743e-35,3.18706973233743e-35,3.18706973233743e-35,3.18706973233743e-35,True
R3_BASE,9.906817032876718e-06,re0000000332_MINUS_re0000000333,18.386694206256283,18.386694206256283,18.386694206256283,18.386694206256283,True
R3_BASE,9.906817032876718e-06,re0000000336_MINUS_re0000000337,7.255077905082753e-35,7.255077905082753e-35,7.255077905082753e-35,7.255077905082753e-35,True
R3_BASE,1.062275517880727e-05,re0000000332_MINUS_re0000000333,19.10929237850786,19.10929237850786,19.10929237850786,19.10929237850786,True
R3_BASE,1.062275517880727e-05,re0000000336_MINUS_re0000000337,1.6419784344841082e-34,1.6419784344841082e-34,1.6419784344841082e-34,1.6419784344841082e-34,True
R3_BASE,1.1390432185675446e-05,re0000000332_MINUS_re0000000333,19.825484977432396,19.825484977432396,19.825484977432396,19.825484977432396,True
R3_BASE,1.1390432185675446e-05,re0000000336_MINUS_re0000000337,3.693044514707388e-34,3.693044514707388e-34,3.693044514707388e-34,3.693044514707388e-34,True
R3_BASE,1.2213587077231184e-05,re0000000332_MINUS_re0000000333,20.53130786763109,20.53130786763109,20.53130786763109,20.53130786763109,True
R3_BASE,1.2213587077231184e-05,re0000000336_MINUS_re0000000337,8.250853603857324e-34,8.250853603857324e-34,8.250853603857324e-34,8.250853603857324e-34,True
R3_BASE,1.3096229086083865e-05,re0000000332_MINUS_re0000000333,21.222687446813588,21.222687446813588,21.222687446813588,21.222687446813588,True
R3_BASE,1.3096229086083865e-05,re0000000336_MINUS_re0000000337,1.8302312777316038e-33,1.8302312777316038e-33,1.8302312777316038e-33,1.8302312777316038e-33,True
R3_BASE,1.4042657180945939e-05,re0000000332_MINUS_re0000000333,21.895511290320062,21.895511290320062,21.895511290320062,21.895511290320062,True
R3_BASE,1.4042657180945939e-05,re0000000336_MINUS_re0000000337,4.028932935771562e-33,4.028932935771562e-33,4.028932935771562e-33,4.028932935771562e-33,True
R3_BASE,1.5057481005056217e-05,re0000000332_MINUS_re0000000333,22.545709193696982,22.545709193696982,22.545709193696982,22.545709193696982,True
R3_BASE,1.5057481005056217e-05,re0000000336_MINUS_re0000000337,8.79676622435357e-33,8.79676622435357e-33,8.79676622435357e-33,8.79676622435357e-33,True
R3_BASE,1.6145643327764838e-05,re0000000332_MINUS_re0000000333,23.16934308811194,23.16934308811194,23.16934308811194,23.16934308811194,True
R3_BASE,1.6145643327764838e-05,re0000000336_MINUS_re0000000337,1.903985768793506e-32,1.903985768793506e-32,1.903985768793506e-32,1.903985768793506e-32,True
R3_BASE,1.731244411863195e-05,re0000000332_MINUS_re0000000333,23.762703516820828,23.762703516820828,23.762703516820828,23.762703516820828,True
R3_BASE,1.731244411863195e-05,re0000000336_MINUS_re0000000337,4.082787485640937e-32,4.082787485640937e-32,4.082787485640937e-32,4.082787485640937e-32,True
R3_BASE,1.85635663612944e-05,re0000000332_MINUS_re0000000333,24.32240953617786,24.32240953617786,24.32240953617786,24.32240953617786,True
R3_BASE,1.85635663612944e-05,re0000000336_MINUS_re0000000337,8.668266695644738e-32,8.668266695644738e-32,8.668266695644738e-32,8.668266695644738e-32,True
R3_BASE,1.990510373282947e-05,re0000000332_MINUS_re0000000333,24.845508103356078,24.845508103356078,24.845508103356078,24.845508103356078,True
R3_BASE,1.990510373282947e-05,re0000000336_MINUS_re0000000337,1.8209783827957625e-31,1.8209783827957625e-31,1.8209783827957625e-31,1.8209783827957625e-31,True
R3_BASE,2.1343590283428323e-05,re0000000332_MINUS_re0000000333,25.329568305024747,25.329568305024747,25.329568305024747,25.329568305024747,True
R3_BASE,2.1343590283428323e-05,re0000000336_MINUS_re0000000337,3.7824463655171e-31,3.7824463655171e-31,3.7824463655171e-31,3.7824463655171e-31,True
R3_BASE,2.2886032260938262e-05,re0000000332_MINUS_re0000000333,25.772765263187246,25.772765263187246,25.772765263187246,25.772765263187246,True
R3_BASE,2.2886032260938262e-05,re0000000336_MINUS_re0000000337,7.762790048362737e-31,7.762790048362737e-31,7.762790048362737e-31,7.762790048362737e-31,True
R3_BASE,2.4539942235274857e-05,re0000000332_MINUS_re0000000333,26.173948316407923,26.173948316407923,26.173948316407923,26.173948316407923,True
R3_BASE,2.4539942235274857e-05,re0000000336_MINUS_re0000000337,1.5729110601197353e-30,1.5729110601197353e-30,1.5729110601197353e-30,1.5729110601197353e-30,True
R3_BASE,2.6313375688912024e-05,re0000000332_MINUS_re0000000333,26.532688215070117,26.532688215070117,26.532688215070117,26.532688215070117,True
R3_BASE,2.6313375688912024e-05,re0000000336_MINUS_re0000000337,3.143967117746837e-30,3.143967117746837e-30,3.143967117746837e-30,3.143967117746837e-30,True
R3_BASE,2.821497025166361e-05,re0000000332_MINUS_re0000000333,26.84929866907329,26.84929866907329,26.84929866907329,26.84929866907329,True
R3_BASE,2.821497025166361e-05,re0000000336_MINUS_re0000000337,6.193942309001412e-30,6.193942309001412e-30,6.193942309001412e-30,6.193942309001412e-30,True
R3_BASE,3.025398777085531e-05,re0000000332_MINUS_re0000000333,27.124828685651206,27.124828685651206,27.124828685651206,27.124828685651206,True
R3_BASE,3.025398777085531e-05,re0000000336_MINUS_re0000000337,1.2016575915448725e-29,1.2016575915448725e-29,1.2016575915448725e-29,1.2016575915448725e-29,True
R3_BASE,3.244035942178925e-05,re0000000332_MINUS_re0000000333,27.361023745159276,27.361023745159276,27.361023745159276,27.361023745159276,True
R3_BASE,3.244035942178925e-05,re0000000336_MINUS_re0000000337,2.2935534320305522e-29,2.2935534320305522e-29,2.2935534320305522e-29,2.2935534320305522e-29,True
R3_BASE,3.4784734078218436e-05,re0000000332_MINUS_re0000000333,27.56025590412421,27.56025590412421,27.56025590412421,27.56025590412421,True
R3_BASE,3.4784734078218436e-05,re0000000336_MINUS_re0000000337,4.3025180081795807e-29,4.3025180081795807e-29,4.3025180081795807e-29,4.3025180081795807e-29,True
R3_BASE,3.729853017841903e-05,re0000000332_MINUS_re0000000333,27.725425263838016,27.725425263838016,27.725425263838016,27.725425263838016,True
R3_BASE,3.729853017841903e-05,re0000000336_MINUS_re0000000337,7.924550259034391e-29,7.924550259034391e-29,7.924550259034391e-29,7.924550259034391e-29,True
R3_BASE,3.9993991339481656e-05,re0000000332_MINUS_re0000000333,27.859837676256557,27.859837676256557,27.859837676256557,27.859837676256557,True
R3_BASE,3.9993991339481656e-05,re0000000336_MINUS_re0000000337,1.431524428670311e-28,1.431524428670311e-28,1.431524428670311e-28,1.431524428670311e-28,True
R3_BASE,4.288424599069083e-05,re0000000332_MINUS_re0000000333,27.96706581647776,27.96706581647776,27.96706581647776,27.96706581647776,True
R3_BASE,4.288424599069083e-05,re0000000336_MINUS_re0000000337,2.533447200455396e-28,2.533447200455396e-28,2.533447200455396e-28,2.533447200455396e-28,True
R3_BASE,4.598337131644549e-05,re0000000332_MINUS_re0000000333,28.050802523910967,28.050802523910967,28.050802523910967,28.050802523910967,True
R3_BASE,4.598337131644549e-05,re0000000336_MINUS_re0000000337,4.38747518302421e-28,4.38747518302421e-28,4.38747518302421e-28,4.38747518302421e-28,True
R3_BASE,4.930646182015418e-05,re0000000332_MINUS_re0000000333,28.11471632202676,28.11471632202676,28.11471632202676,28.11471632202676,True
R3_BASE,4.930646182015418e-05,re0000000336_MINUS_re0000000337,7.426669081596485e-28,7.426669081596485e-28,7.426669081596485e-28,7.426669081596485e-28,True
R3_BASE,5.2869702843054784e-05,re0000000332_MINUS_re0000000333,28.162319042128335,28.162319042128335,28.162319042128335,28.162319042128335,True
R3_BASE,5.2869702843054784e-05,re0000000336_MINUS_re0000000337,1.2272300547058063e-27,1.2272300547058063e-27,1.2272300547058063e-27,1.2272300547058063e-27,True
R3_BASE,5.669044939603364e-05,re0000000332_MINUS_re0000000333,28.196854403379408,28.196854403379408,28.196854403379408,28.196854403379408,True
R3_BASE,5.669044939603364e-05,re0000000336_MINUS_re0000000337,1.977331789113807e-27,1.977331789113807e-27,1.977331789113807e-27,1.977331789113807e-27,True
R3_BASE,6.0787310688401797e-05,re0000000332_MINUS_re0000000333,28.22121429040347,28.22121429040347,28.22121429040347,28.22121429040347,True
R3_BASE,6.0787310688401797e-05,re0000000336_MINUS_re0000000337,3.102579443423787e-27,3.102579443423787e-27,3.102579443423787e-27,3.102579443423787e-27,True
R3_BASE,6.518024076533102e-05,re0000000332_MINUS_re0000000333,28.237886559807187,28.237886559807187,28.237886559807187,28.237886559807187,True
R3_BASE,6.518024076533102e-05,re0000000336_MINUS_re0000000337,4.7351218950785504e-27,4.7351218950785504e-27,4.7351218950785504e-27,4.7351218950785504e-27,True
R3_BASE,6.98906356954055e-05,re0000000332_MINUS_re0000000333,28.248934879585683,28.248934879585683,28.248934879585683,28.248934879585683,True
R3_BASE,6.98906356954055e-05,re0000000336_MINUS_re0000000337,7.020973334799494e-27,7.020973334799494e-27,7.020973334799494e-27,7.020973334799494e-27,True
R3_BASE,7.4941437781648e-05,re0000000332_MINUS_re0000000333,28.256007846013265,28.256007846013265,28.256007846013265,28.256007846013265,True
R3_BASE,7.4941437781648e-05,re0000000336_MINUS_re0000000337,1.0102933383287054e-26,1.0102933383287054e-26,1.0102933383287054e-26,1.0102933383287054e-26,True
R3_BASE,8.035724730358717e-05,re0000000332_MINUS_re0000000333,28.260371918451646,28.260371918451646,28.260371918451646,28.260371918451646,True
R3_BASE,8.035724730358717e-05,re0000000336_MINUS_re0000000337,1.4094898785618264e-26,1.4094898785618264e-26,1.4094898785618264e-26,1.4094898785618264e-26,True
R3_BASE,8.616444233461395e-05,re0000000332_MINUS_re0000000333,28.26296095733128,28.26296095733128,28.26296095733128,28.26296095733128,True
R3_BASE,8.616444233461395e-05,re0000000336_MINUS_re0000000337,1.9050445181815894e-26,1.9050445181815894e-26,1.9050445181815894e-26,1.9050445181815894e-26,True
R3_BASE,9.239130721820518e-05,re0000000332_MINUS_re0000000333,28.264434557065684,28.264434557065684,28.264434557065684,28.264434557065684,True
R3_BASE,9.239130721820518e-05,re0000000336_MINUS_re0000000337,2.4932672160712037e-26,2.4932672160712037e-26,2.4932672160712037e-26,2.4932672160712037e-26,True
R3_BASE,9.906817032876724e-05,re0000000332_MINUS_re0000000333,28.265237914055245,28.265237914055245,28.265237914055245,28.265237914055245,True
R3_BASE,9.906817032876724e-05,re0000000336_MINUS_re0000000337,3.159640441492769e-26,3.159640441492769e-26,3.159640441492769e-26,3.159640441492769e-26,True
R3_BASE,0.0001,re0000000332_MINUS_re0000000333,28.265311699313695,28.265239110316738,28.26523905681621,28.26523905684449,False
R3_BASE,0.0001,re0000000336_MINUS_re0000000337,3.253761827937546e-26,4.685794923948744e-26,-2.7756307960492705e-25,-2.775630923562672e-25,False
R3_BASE,0.00010843659686896097,re0000000332_MINUS_re0000000333,28.265735624144895,28.265249909864405,28.265249382236085,28.265249385081574,False
R3_BASE,0.00010843659686896097,re0000000336_MINUS_re0000000337,4.097937932286657e-26,1.5691899416434642e-24,-1.6923244983354446e-24,-1.692325309058037e-24,False
R3_BASE,0.0001175849554052157,re0000000332_MINUS_re0000000333,28.265924502297437,28.265261547989372,28.265260522806212,28.26526053386602,False
R3_BASE,0.0001175849554052157,re0000000336_MINUS_re0000000337,4.9634872077183503e-26,6.020197233652993e-24,-4.253893916504374e-25,-4.253901971749827e-25,False
R3_BASE,0.00012750512407130128,re0000000332_MINUS_re0000000333,28.26600734013183,28.265274071559165,28.265272521155648,28.26527254709185,False
R3_BASE,0.00012750512407130128,re0000000336_MINUS_re0000000337,5.823021718445308e-26,1.4111017346924105e-23,4.21534278939973e-24,4.215349990237471e-24,False
R3_BASE,0.00013826221737646565,re0000000332_MINUS_re0000000333,28.266046397444477,28.26528752963151,28.26528542251979,28.265285471477522,False
R3_BASE,0.00013826221737646565,re0000000336_MINUS_re0000000337,6.71361238836448e-26,2.6690439932098137e-23,1.3059987868201042e-23,1.3060028706952532e-23,False
R3_BASE,0.00014992684327860457,re0000000332_MINUS_re0000000333,28.266069302813335,28.265301973075978,28.265299274315446,28.26529935617183,False
R3_BASE,0.00014992684327860457,re0000000336_MINUS_re0000000337,7.824618088836282e-26,4.477289154120938e-23,2.7105779007443417e-23,2.7105913320888023e-23,False
R3_BASE,0.00016257556664437935,re0000000332_MINUS_re0000000333,28.266087270966313,28.265317454092543,28.265314125599733,28.265314252246725,False
R3_BASE,0.00016257556664437935,re0000000336_MINUS_re0000000337,9.6840300304154e-26,6.95750375470905e-23,4.755538503128209e-23,4.7555748644605374e-23,False
R3_BASE,0.0001762914118095948,re0000000332_MINUS_re0000000333,28.266104452259682,28.26533402563876,28.265330026437834,28.265330212101954,False
R3_BASE,0.0001762914118095948,re0000000336_MINUS_re0000000337,1.359010570514121e-25,1.0256560589101037e-22,7.586940545087459e-23,7.587030562626976e-23,False
R3_BASE,0.00019116440753857018,re0000000332_MINUS_re0000000333,28.26612225414895,28.26535174077148,28.265347027195983,28.265347288797766,False
R3_BASE,0.00019116440753857018,re0000000336_MINUS_re0000000337,2.2644276731190986e-25,1.4553649549073434e-22,1.138417698858377e-22,1.1384387833016582e-22,False
R3_BASE,0.0002072921779595372,re0000000332_MINUS_re0000000333,28.266141129932926,28.265370651901804,28.265365177764554,28.265365535320132,False
R3_BASE,0.0002072921779595372,re0000000336_MINUS_re0000000337,4.422807986652785e-25,2.0070999021741887e-22,1.637141392179215e-22,1.6371886044161758e-22,False
R3_BASE,0.00022478058335487252,re0000000332_MINUS_re0000000333,28.26616123720405,28.265390809955026,28.265384526705457,28.26538500377216,False
R3_BASE,0.00022478058335487252,re0000000336_MINUS_re0000000337,9.59076289240512e-25,2.7091076552610315e-22,2.283605278075214e-22,2.283707277712194e-22,False
R3_BASE,0.00024374441501222218,re0000000332_MINUS_re0000000333,28.266182651480968,28.265412263422146,28.265405120309957,28.265405744477018,False
R3_BASE,0.00024374441501222218,re0000000336_MINUS_re0000000337,2.1942918206125094e-24,3.598611123177458e-22,3.116055944989496e-22,3.116271175308585e-22,False
R3_BASE,0.00026430814869741055,re0000000332_MINUS_re0000000333,28.266205426343316,28.265435057287306,28.265427001549096,28.265427804973292,False
R3_BASE,0.00026430814869741055,re0000000336_MINUS_re0000000337,5.1375249842759105e-24,4.727235473849778e-22,4.1881059004159585e-22,4.1885546349358346e-22,False
R3_BASE,0.000286606761694825,re0000000332_MINUS_re0000000333,28.26622960740169,28.26545923181553,28.26545020889847,28.265451228882995,False
R3_BASE,0.000286606761694825,re0000000336_MINUS_re0000000337,1.2127461863961843e-23,6.171633849098957e-22,5.580183407787518e-22,5.581117773109757e-22,False
R3_BASE,0.0003107866187782014,re0000000332_MINUS_re0000000333,28.266255234196088,28.26548482118817,28.265474775022057,28.265476054634807,False
R3_BASE,0.0003107866187782014,re0000000336_MINUS_re0000000337,2.867332615262128e-23,8.05543803055784e-22,7.423048443097847e-22,7.425008330921533e-22,False
R3_BASE,0.00033700643292719284,re0000000332_MINUS_re0000000333,28.266282339293006,28.265511851978065,28.265500725305056,28.265502314029845,False
R3_BASE,0.00033700643292719284,re0000000336_MINUS_re0000000337,6.771116737173778e-23,1.0596498208277503e-21,9.94795997308237e-22,9.95212976326257e-22,False
R3_BASE,0.00036543830709572547,re0000000332_MINUS_re0000000333,28.266310946720605,28.265540341463446,28.26552807623307,28.26553003064387,False
R3_BASE,0.00036543830709572547,re0000000336_MINUS_re0000000337,1.5951734666220922e-22,1.4211495187768782e-21,1.3596606105656534e-21,1.3605643844644751e-21,False
R3_BASE,0.0003962688638701478,re0000000332_MINUS_re0000000333,28.266341070161054,28.265570295788088,28.265556833623673,28.265559218067978,False
R3_BASE,0.0003962688638701478,re0000000336_MINUS_re0000000337,3.747221548848485e-22,1.9751908926622662e-21,1.9266292237851725e-21,1.928625755729884e-21,False
R3_BASE,0.00042970047043208395,re0000000332_MINUS_re0000000333,28.266372710979653,28.265601707985553,28.265586990727158,28.265589877999563,False
R3_BASE,0.00042970047043208395,re0000000336_MINUS_re0000000337,8.775549573160902e-22,2.9042034398648124e-21,2.8862742335351747e-21,2.890753306816584e-21,False
R3_BASE,0.0004659525668664682,re0000000332_MINUS_re0000000333,28.266405856123363,28.265634555897467,28.265618526224934,28.26562199820644,False
R3_BASE,0.0004659525668664682,re0000000336_MINUS_re0000000337,2.0486094062151843e-21,4.611217373044219e-21,4.6553732266621e-21,4.665524564424081e-21,False
R3_BASE,0.0005052631065335679,re0000000332_MINUS_re0000000333,28.26644047592626,28.265668800029022,28.265651402167435,28.26565555039941,False
R3_BASE,0.0005052631065335679,re0000000336_MINUS_re0000000337,4.7668914701630364e-21,8.002992684763444e-21,8.161915158606442e-21,8.18504137588099e-21,False
R3_BASE,0.0005478901179593945,re0000000332_MINUS_re0000000333,28.266476521872832,28.26570438139996,28.265685561907702,28.265690488062297,False
R3_BASE,0.0005478901179593945,re0000000336_MINUS_re0000000337,1.1055418475555747e-20,1.5139558786791264e-20,1.5493176092360896e-20,1.5545902153865857e-20,False
R3_BASE,0.0005941133984965033,re0000000332_MINUS_re0000000333,28.266513924385794,28.265741219465422,28.265720928102354,28.26572674430378,False
R3_BASE,0.0005941133984965033,re0000000336_MINUS_re0000000337,2.5553264019413546e-20,3.0720798872466767e-20,3.1367364546545177e-20,3.148723693892524e-20,False
R3_BASE,0.0006442363508721371,re0000000332_MINUS_re0000000333,28.26655259072183,28.265779210198325,28.265757400868193,28.265764229811435,False
R3_BASE,0.0006442363508721371,re0000000336_MINUS_re0000000337,5.885836364102758e-20,6.54769621674859e-20,6.646722283737665e-20,6.673822591633964e-20,False
R3_BASE,0.0006985879746785249,re0000000332_MINUS_re0000000333,28.266592403077293,28.265818224442974,28.26579485619987,28.26580283100642,False
R3_BASE,0.0006985879746785249,re0000000336_MINUS_re0000000337,1.3508586861960972e-19,1.438687023680851e-19,1.449667082946909e-19,1.4557471057678384e-19,False
R3_BASE,0.0007575250258771912,re0000000332_MINUS_re0000000333,28.26663321702423,28.265858106667462,28.265833144770973,28.265842408515162,False
R3_BASE,0.0007575250258771912,re0000000336_MINUS_re0000000337,3.0888021665394585e-19,3.2148967936077316e-19,3.214585561968064e-19,3.228102276914714e-19,False
R3_BASE,0.0008214343584919422,re0000000332_MINUS_re0000000333,28.266674860415872,28.265898674258786,28.265872091256657,28.265882796092384,False
R3_BASE,0.0008214343584919422,re0000000336_MINUS_re0000000337,7.035168893316792e-19,7.24188118025602e-19,7.188551811286477e-19,7.218295263532316e-19,False
R3_BASE,0.000890735463861044,re0000000332_MINUS_re0000000333,28.266717132916217,28.265939717517384,28.265911494328094,28.265923800145274,False
R3_BASE,0.000890735463861044,re0000000336_MINUS_re0000000337,1.5957851851510147e-18,1.6355060767841397e-18,1.6128292017309441e-18,1.6193021842440199e-18,False
R3_BASE,0.0009658832241158709,re0000000332_MINUS_re0000000333,28.26675980632025,28.265981000514635,28.265951127475642,28.265965200020002,False
R3_BASE,0.0009658832241158709,re0000000336_MINUS_re0000000337,3.604075641898047e-18,3.690902524873285e-18,3.618919401653468e-18,3.632842263646563e-18,False
R3_BASE,0.0010473708979594498,re0000000332_MINUS_re0000000333,28.266802625834828,28.26602226297444,28.265990740815322,28.266006749215645,False
R3_BASE,0.0010473708979594498,re0000000336_MINUS_re0000000337,8.10254464468266e-18,8.306313557986181e-18,8.104671134345847e-18,8.134252557205359e-18,False
R3_BASE,0.001135733358343105,re0000000332_MINUS_re0000000333,28.266845312483476,28.266063223325276,28.266030064019038,28.26604817768431,False
R3_BASE,0.001135733358343105,re0000000336_MINUS_re0000000337,1.812721612718744e-17,1.8617104914910728e-17,1.8091623903052394e-17,1.815367311487213e-17,False
R3_BASE,0.0012315506032928262,re0000000332_MINUS_re0000000333,28.2668875667771,28.266103583038163,28.26606881047943,28.266089195355956,False
R3_BASE,0.0012315506032928262,re0000000336_MINUS_re0000000337,4.034445362865147e-17,4.151975906293066e-17,4.02155946707385e-17,4.0344010849881366e-17,False
R3_BASE,0.0013354515629298987,re0000000332_MINUS_re0000000333,28.266929073753325,28.266143032316844,28.26610668277282,28.26612949698897,False
R3_BASE,0.0013354515629298987,re0000000336_MINUS_re0000000337,8.929502924536797e-17,9.207567169556746e-17,8.895483787168679e-17,8.921688310302738e-17,False
R3_BASE,0.001448118227674533,re0000000332_MINUS_re0000000333,28.266969509427753,28.266181257135337,28.266143379415738,28.266168768390607,False
R3_BASE,0.001448118227674533,re0000000336_MINUS_re0000000337,1.9646992864404102e-16,2.0292836961712394e-16,1.956755988407838e-16,1.9620244203398645e-16,False
R3_BASE,0.0015702901247293774,re0000000332_MINUS_re0000000333,28.267008548618392,28.26621794752664,28.26617860282256,28.26620669397196,False
R3_BASE,0.0015702901247293774,re0000000336_MINUS_re0000000337,4.295485476202578e-16,4.442572375900846e-16,4.2781400389530765e-16,4.288567580873298e-16,False
R3_BASE,0.0017027691722258996,re0000000332_MINUS_re0000000333,28.267045874000758,28.266252806914213,28.266212068264192,28.26624296550277,False
R3_BASE,0.0017027691722258996,re0000000336_MINUS_re0000000337,9.327940089720282e-16,9.656439500815612e-16,9.291688624060935e-16,9.311988578052172e-16,False
R3_BASE,0.0018464249428955426,re0000000332_MINUS_re0000000333,28.267081186128635,28.266285562152355,28.266243513507284,28.26627729181225,False
R3_BASE,0.0018464249428955426,re0000000336_MINUS_re0000000337,2.0110148777650902e-15,2.0830020518667283e-15,2.003680837407875e-15,2.0075641840583082e-15,False
R3_BASE,0.0020022003718155844,re0000000332_MINUS_re0000000333,28.26711421402115,28.266315973810077,28.266272708687072,28.26630940905241,False
R3_BASE,0.0020022003718155844,re0000000336_MINUS_re0000000337,4.3021875768154555e-15,4.457075412915024e-15,4.2877371199045055e-15,4.295029491197223e-15,False
R3_BASE,0.002171117945694505,re0000000332_MINUS_re0000000333,28.26714472578159,28.26634384611024,28.266299465849215,28.26633909100902,False
R3_BASE,0.002171117945694505,re0000000336_MINUS_re0000000337,9.128247370477835e-15,9.455647136722753e-15,9.100421836595168e-15,9.113849697372485e-15,False
R3_BASE,0.0023542864143224177,re0000000332_MINUS_re0000000333,28.267172538593343,28.266369035837602,28.266323647501604,28.266366158827672,False
R3_BASE,0.0023542864143224177,re0000000336_MINUS_re0000000337,1.9199123612397312e-14,1.987934980239454e-14,1.9146652303813176e-14,1.917086917425767e-14,False
R3_BASE,0.0025529080682395165,re0000000332_MINUS_re0000000333,28.267197527352067,28.266391459477905,28.2663451734678,28.266390489438376,False
R3_BASE,0.0025529080682395165,re0000000336_MINUS_re0000000337,4.000713765458131e-14,4.139682010418233e-14,3.991011449222272e-14,3.995283896177156e-14,False
R3_BASE,0.0027682866303920667,re0000000332_MINUS_re0000000333,28.26721963116327,28.266411097863607,28.26636402534663,28.26641202193009,False
R3_BASE,0.0027682866303920667,re0000000336_MINUS_re0000000337,8.255015696605142e-14,8.534272582679003e-14,8.237408650681404e-14,8.244773065079592e-14,False
R3_BASE,0.003001835813575589,re0000000332_MINUS_re0000000333,28.26723885697993,28.26642799769942,28.26638024797618,28.266430761169524,False
R3_BASE,0.003001835813575589,re0000000336_MINUS_re0000000337,1.685711770445621e-13,1.7409235822085092e-13,1.6825737282696455e-13,1.683812366410625e-13,False
R3_BASE,0.0032550885998350564,re0000000332_MINUS_re0000000333,28.26725527979356,28.266442269531584,28.26639394748349,28.26644677808928,False
R3_BASE,0.0032550885998350564,re0000000336_MINUS_re0000000337,3.404828293461481e-13,3.5122513529287157e-13,3.399331850966233e-13,3.401362013466115e-13,False
R3_BASE,0.00352970730273065,re0000000332_MINUS_re0000000333,28.26726903902744,28.266454082006025,28.266405285771324,28.266460206297193,False
R3_BASE,0.00352970730273065,re0000000336_MINUS_re0000000337,6.798586488342169e-13,7.004312846218461e-13,6.789118142851057e-13,6.792356578454772e-13,False
R3_BASE,0.003827494478516315,re0000000332_MINUS_re0000000333,28.26728033110693,28.266463652613453,28.266414471632057,28.266471234972517,False
R3_BASE,0.003827494478516315,re0000000336_MINUS_re0000000337,1.3412973301181514e-12,1.3800852979947187e-12,1.3396918223942712e-12,1.3401939440233976e-12,False
R3_BASE,0.004150404757850472,re0000000332_MINUS_re0000000333,28.26728939856963,28.266471235508828,28.26642174905254,28.266480098389522,False
R3_BASE,0.004150404757850472,re0000000336_MINUS_re0000000337,2.6133380582897173e-12,2.6853508310146747e-12,2.6106555244474053e-12,2.611411366811513e-12,False
R3_BASE,0.004500557675700498,re0000000332_MINUS_re0000000333,28.267296516484265,28.266477107362252,28.26642738362858,28.26648706280456,False
R3_BASE,0.004500557675700498,re0000000336_MINUS_re0000000337,5.026018820139751e-12,5.157700154563515e-12,5.02159708027735e-12,5.02270046823849e-12,False
R3_BASE,0.004880251583654433,re0000000332_MINUS_re0000000333,28.267301977310353,28.266481552490013,28.26643164828757,28.26649241179686,False
R3_BASE,0.004880251583654433,re0000000336_MINUS_re0000000337,9.537193812969729e-12,9.774410567173553e-12,9.529993793929573e-12,9.53155441943481e-12,False
R3_BASE,0.005291978735958442,re0000000332_MINUS_re0000000333,28.267306075586333,28.26648484866554,28.266434809662698,28.266496431405827,False
R3_BASE,0.005291978735958442,re0000000336_MINUS_re0000000337,1.784902488990639e-11,1.8270124574486463e-11,1.7837427236492308e-11,1.7839564457528312e-11,False
R3_BASE,0.005738441648302393,re0000000332_MINUS_re0000000333,28.267309093922677,28.26648725497773,28.266437116431028,28.26649939649975,False
R3_BASE,0.005738441648302393,re0000000336_MINUS_re0000000337,3.2935009656744855e-11,3.367183026291324e-11,3.2916504637519284e-11,3.291933760358593e-11,False
R3_BASE,0.006222570836730231,re0000000332_MINUS_re0000000333,28.267311291664214,28.266489002877215,28.2664387907097,28.266501559707933,False
R3_BASE,0.006222570836730231,re0000000336_MINUS_re0000000337,5.990018348853512e-11,6.117134376909564e-11,5.987090055262463e-11,5.9874535988813e-11,False
R3_BASE,0.006747544053110693,re0000000332_MINUS_re0000000333,28.26731289727337,28.266490291153282,28.266440023222778,28.2665031439516,False
R3_BASE,0.006747544053110693,re0000000336_MINUS_re0000000337,1.0735728599613528e-10,1.0952014906967001e-10,1.0731128566418547e-10,1.0731580624275363e-10,False
R3_BASE,0.007316807143427192,re0000000332_MINUS_re0000000333,28.2673141050214,28.266491285089067,28.266440972475127,28.266504339160402,False
R3_BASE,0.007316807143427192,re0000000336_MINUS_re0000000337,1.8958520220056232e-10,1.932158082396874e-10,1.8951342133280622e-10,1.895188790588774e-10,False
R3_BASE,0.007934096665797492,re0000000332_MINUS_re0000000333,28.26731507603776,28.266492119538988,28.26644176768697,28.26650530324258,False
R3_BASE,0.007934096665797492,re0000000336_MINUS_re0000000337,3.2984940203062115e-10,3.358636848014955e-10,3.297381017113042e-10,3.2974452181925763e-10,False
R3_BASE,0.00860346441668451,re0000000332_MINUS_re0000000333,28.267315943268613,28.266492905267977,28.266442514853768,28.266506166889435,False
R3_BASE,0.00860346441668451,re0000000336_MINUS_re0000000337,5.654151949599344e-10,5.752502832520398e-10,5.652437053488142e-10,5.652511068927543e-10,False
R3_BASE,0.009329304026284686,re0000000332_MINUS_re0000000333,28.26731681953794,28.266493737664234,28.266443305077416,28.266507041442406,False
R3_BASE,0.009329304026284686,re0000000336_MINUS_re0000000337,9.549828685950562e-10,9.708646700449993e-10,9.547203523913015e-10,9.547287934214455e-10,False
R3_BASE,0.01011637979766207,re0000000332_MINUS_re0000000333,28.26731780775208,28.266494706924874,28.266444224302525,28.2665080288998,False
R3_BASE,0.01011637979766207,re0000000336_MINUS_re0000000337,1.5895310850297687e-09,1.614864214138057e-09,1.5891319452979006e-09,1.5891416040181852e-09,False
R3_BASE,0.01096985797892384,re0000000332_MINUS_re0000000333,28.267319012373207,28.266495909001236,28.266445363771805,28.26650923321127,False
R3_BASE,0.01096985797892384,re0000000336_MINUS_re0000000337,2.6078866168752516e-09,2.6478157647753494e-09,2.6072840467118944e-09,2.6072953619655233e-09,False
R3_BASE,0.011895340673703195,re0000000332_MINUS_re0000000333,28.267320551552416,28.266497456917456,28.266446830826062,28.266510772270795,False
R3_BASE,0.011895340673703195,re0000000336_MINUS_re0000000337,4.218764714089204e-09,4.280973647091016e-09,4.217861715863812e-09,4.217875631066529e-09,False
R3_BASE,0.01289890261253308,re0000000332_MINUS_re0000000333,28.267322569707574,28.266499492456685,28.26644876004204,28.266512790393783,False
R3_BASE,0.01289890261253308,re0000000336_MINUS_re0000000337,6.731571331711379e-09,6.827407958245083e-09,6.730228314177921e-09,6.730246707597681e-09,False
R3_BASE,0.013987131026472387,re0000000332_MINUS_re0000000333,28.267325250736917,28.26650219857333,28.26645132504728,28.26651547146939,False
R3_BASE,0.013987131026472387,re0000000336_MINUS_re0000000337,1.0598959741987823e-08,1.0745004460460013e-08,1.0596977516536396e-08,1.0597003969501022e-08,False
R3_BASE,0.015167168884709226,re0000000332_MINUS_re0000000333,28.267328832431133,28.266505813180437,28.266454751629926,28.26651905333918,False
R3_BASE,0.015167168884709226,re0000000336_MINUS_re0000000337,1.6475031628651257e-08,1.669526312561074e-08,1.64721282605231e-08,1.647216941709373e-08,False
R3_BASE,0.016446761779946643,re0000000332_MINUS_re0000000333,28.267333622923275,28.266510645175984,28.26645933296705,28.266523844234484,False
R3_BASE,0.016446761779946643,re0000000336_MINUS_re0000000337,2.5294217230291405e-08,2.5622977026718887e-08,2.5289996748621244e-08,2.52900646921278e-08,False
R3_BASE,0.017834308769319095,re0000000332_MINUS_re0000000333,28.26734002022249,28.266517093726634,28.266465447941684,28.266530242310665,False
R3_BASE,0.017834308769319095,re0000000336_MINUS_re0000000337,3.837731971578426e-08,3.886333632484984e-08,3.8371230094515954e-08,3.837134643274584e-08,False
R3_BASE,0.0193389175045523,re0000000332_MINUS_re0000000333,28.267348536028862,28.266525671959204,28.266473583642753,28.266538759469796,False
R3_BASE,0.0193389175045523,re0000000336_MINUS_re0000000337,5.757303294046459e-08,5.8284841146871544e-08,5.756431005920102e-08,5.756451283099839e-08,False
R3_BASE,0.02097046401323233,re0000000332_MINUS_re0000000333,28.2673598251738,28.266537036359278,28.26648436328252,28.266550050814928,False
R3_BASE,0.02097046401323233,re0000000336_MINUS_re0000000337,8.54455137764068e-08,8.647869698882537e-08,8.543310718340481e-08,8.54334623496577e-08,False
R3_BASE,0.022739657523579274,re0000000332_MINUS_re0000000333,28.267374722212253,28.26655202336211,28.266498580946244,28.266564951259703,False
R3_BASE,0.022739657523579274,re0000000336_MINUS_re0000000337,1.2552139177623295e-07,1.2700818851621728e-07,1.2550386696698022e-07,1.255044872786591e-07,False
R3_BASE,0.024658110758226038,re0000000332_MINUS_re0000000333,28.26739428692713,28.266571694879683,28.266517244826854,28.2665845210569,False
R3_BASE,0.024658110758226038,re0000000336_MINUS_re0000000337,1.8261301821566323e-07,1.847349702368814e-07,1.8258842892713626e-07,1.8258950448779772e-07,False
R3_BASE,0.026738416158399468,re0000000332_MINUS_re0000000333,28.267419860831296,28.266597394829013,28.26654163091004,28.2666101023292,False
R3_BASE,0.026738416158399468,re0000000336_MINUS_re0000000337,2.6323888936176376e-07,2.6624337058562437e-07,2.6320461180595743e-07,2.6320645902490214e-07,False
R3_BASE,0.028994228538828753,re0000000332_MINUS_re0000000333,28.267453137154575,28.266630819151477,28.266573349471955,28.266643389092945,False
R3_BASE,0.028994228538828753,re0000000336_MINUS_re0000000337,3.761671284185919e-07,3.8038878155358035e-07,3.7611964758368855e-07,3.7612278675370374e-07,False
R3_BASE,0.031440354715915,re0000000332_MINUS_re0000000333,28.267496247322924,28.266674102323027,28.2666144272385,28.266686513782997,False
R3_BASE,0.031440354715915,re0000000336_MINUS_re0000000337,5.331137886525894e-07,5.390021093662062e-07,5.330484249513351e-07,5.330537018613316e-07,False
R3_BASE,0.03409285069746811,re0000000332_MINUS_re0000000333,28.267551867558723,28.266729923985427,28.266667408658318,28.266742153909853,False
R3_BASE,0.03409285069746811,re0000000336_MINUS_re0000000337,7.496346658281139e-07,7.577892076415094e-07,7.495452280967595e-07,7.495540029234694e-07,False
R3_BASE,0.036969127071950283,re0000000332_MINUS_re0000000333,28.26762334997875,28.26680164007776,28.2667354804422,28.266813663228394,False
R3_BASE,0.036969127071950283,re0000000336_MINUS_re0000000337,1.0462574014241666e-06,1.0574723200114201e-06,1.0461357502490414e-06,1.0461501882292691e-06,False
R3_BASE,0.04008806328898465,re0000000332_MINUS_re0000000333,28.267714883444114,28.266893443715883,28.266822624358642,28.26690523267187,False
R3_BASE,0.04008806328898465,re0000000336_MINUS_re0000000337,1.4499100340209514e-06,1.4652299311196934e-06,1.4497455378289672e-06,1.4497690526304672e-06,False
R3_BASE,0.04347013158125022,re0000000332_MINUS_re0000000333,28.267831690403227,28.267010562069274,28.266933804218123,28.267022087304216,False
R3_BASE,0.04347013158125022,re0000000336_MINUS_re0000000337,1.995712911151415e-06,2.0165021476618795e-06,1.9954917739731175e-06,1.9955296980871645e-06,False
R3_BASE,0.047137531341167244,re0000000332_MINUS_re0000000333,28.26798026710526,28.26715949659798,28.267075194041738,28.267170726660055,False
R3_BASE,0.047137531341167244,re0000000336_MINUS_re0000000337,2.7292130477252208e-06,2.757240841457295e-06,2.7289174902853272e-06,2.7289780805089577e-06,False
R3_BASE,0.051114334834401656,re0000000332_MINUS_re0000000333,28.268168675770085,28.267348315247954,28.26725445557569,28.267359217076187,False
R3_BASE,0.051114334834401656,re0000000336_MINUS_re0000000337,3.709153612724281e-06,3.746697243747256e-06,3.708760881445788e-06,3.708856814355042e-06,False
R3_BASE,0.05542664520663107,re0000000332_MINUS_re0000000333,28.268406898629564,28.267587006504158,28.267481074560852,28.267597545924954,False
R3_BASE,0.05542664520663107,re0000000336_MINUS_re0000000337,5.010886067108311e-06,5.060854326408021e-06,5.010367253989778e-06,5.010517832600315e-06,False
R3_BASE,0.06010276782070382,re0000000332_MINUS_re0000000333,28.268707265109924,28.267887906573907,28.267766766458095,28.26789804902733,False
R3_BASE,0.06010276782070382,re0000000336_MINUS_re0000000337,6.730548301248085e-06,6.796626813165798e-06,6.729866972187548e-06,6.730101356101715e-06,False
R3_BASE,0.0651733960488242,re0000000332_MINUS_re0000000333,28.269084964782678,28.268266212326235,28.268125963621205,28.26827592388876,False
R3_BASE,0.0651733960488242,re0000000336_MINUS_re0000000337,8.99014844013557e-06,9.076967476916943e-06,8.989259054025378e-06,8.989620949029948e-06,False
R3_BASE,0.07067181273927492,re0000000332_MINUS_re0000000333,28.26955866001026,28.268740593904994,28.26857639713568,28.26874984267964,False
R3_BASE,0.07067181273927492,re0000000336_MINUS_re0000000337,1.1943709870898545e-05,1.205703365965347e-05,1.1942556020599278e-05,1.194311043275903e-05,False
R3_BASE,0.07663410868007454,re0000000332_MINUS_re0000000333,28.270151213315785,28.269333922047185,28.2691397875995,28.26934268000391,False
R3_BASE,0.07663410868007454,re0000000336_MINUS_re0000000337,1.5784647584005107e-05,1.5931581517591263e-05,1.578316009008899e-05,1.5784002972476205e-05,False
R3_BASE,0.08309941949353396,re0000000332_MINUS_re0000000333,28.270890545353723,28.27007412597731,28.269842659912037,28.270082371342713,False
R3_BASE,0.08309941949353396,re0000000336_MINUS_re0000000337,2.0754557413682484e-05,2.0943765813072888e-05,2.075265234348535e-05,2.0753924255485066e-05,False
R3_BASE,0.09011018251665019,re0000000332_MINUS_re0000000333,28.271810639767864,28.270995198173512,28.270717297545147,28.271002918466067,False
R3_BASE,0.09011018251665019,re0000000336_MINUS_re0000000337,2.715360644667264e-05,2.739552827091176e-05,2.7151183241523553e-05,2.7153088523198082e-05,False
R3_BASE,0.09771241535346502,re0000000332_MINUS_re0000000333,28.272952711081416,28.27213836214269,28.271802851621704,28.272145557968457,False
R3_BASE,0.09771241535346502,re0000000336_MINUS_re0000000337,3.535271293841902e-05,3.565975546987398e-05,3.5349652767255976e-05,3.535248620658721e-05,False
R3_BASE,0.10595601792776159,re0000000332_MINUS_re0000000333,28.27436655090878,28.273553418502892,28.27314661931387,28.273560108214774,False
R3_BASE,0.10595601792776159,re0000000336_MINUS_re0000000337,4.5807694591504244e-05,4.6194375768283824e-05,4.580385930449475e-05,4.580804287593489e-05,False
R3_BASE,0.11489510001873086,re0000000332_MINUS_re0000000333,28.276112066046153,28.27530028295363,28.274805504453912,28.275306508281282,False
R3_BASE,0.11489510001873086,re0000000336_MINUS_re0000000337,5.907554408901561e-05,5.955854191481963e-05,5.907077615741435e-05,5.907690913431338e-05,False
R3_BASE,0.12458833642950082,re0000000332_MINUS_re0000000333,28.278261019399906,28.27745072709053,28.27684767074698,28.27745655983672,False
R3_BASE,0.12458833642950082,re0000000336_MINUS_re0000000337,7.583295794022504e-05,7.643101046496608e-05,7.582708196526985e-05,7.583600856638504e-05,False
R3_BASE,0.13509935211980265,re0000000332_MINUS_re0000000333,28.280898981143764,28.28009032949061,28.279354394624992,28.28009587936499,False
R3_BASE,0.13509935211980265,re0000000336_MINUS_re0000000337,9.689719931138541e-05,9.763078077439674e-05,9.68900258305418e-05,9.690292555633619e-05,False
R3_BASE,0.14649713983072862,re0000000332_MINUS_re0000000333,28.284127493198866,28.283320640185185,28.282422120675225,28.283326063822212,False
R3_BASE,0.14649713983072862,re0000000336_MINUS_re0000000337,0.00012324931870821842,0.00012413999691902303,0.00012324065126857018,0.00012325915817116328,False
R3_BASE,0.15885651294280528,re0000000332_MINUS_re0000000333,28.288066445442382,28.287261556969042,28.286164718151728,28.287267068131925,False
R3_BASE,0.15885651294280528,re0000000336_MINUS_re0000000337,0.00015605969227827643,0.00015712904959281018,0.0001560493389358296,0.0001560756972697003,False
R3_BASE,0.17225859653987857,re0000000332_MINUS_re0000000333,28.292856657591983,28.2920539075245,28.29071593282835,28.29205978846153,False
R3_BASE,0.17225859653987857,re0000000336_MINUS_re0000000337,0.0001967157730149438,0.00019798374939834087,0.00019670356368955448,0.00019674082859812852,False
R3_BASE,0.1867913599020783,re0000000332_MINUS_re0000000333,28.298662657423847,28.297862228083815,28.296232025344047,28.297868841922607,False
R3_BASE,0.1867913599020783,re0000000336_MINUS_re0000000337,0.0002468518963389954,0.00024833438907921737,0.00024683770766421664,0.0002468900006774899,False
R3_BASE,0.20255019392306664,re0000000332_MINUS_re0000000333,28.305675645101473,28.30487772843344,28.30289458635122,28.304885532471893,False
R3_BASE,0.20255019392306664,re0000000336_MINUS_re0000000337,0.0003083809529584869,0.0003100864852178423,0.0003083647425545496,0.000308437572917611,False
R3_BASE,0.2196385372416547,re0000000332_MINUS_re0000000333,28.31411663639119,28.313321436101653,28.31091352163023,28.313330995776976,False
R3_BASE,0.2196385372416547,re0000000336_MINUS_re0000000337,0.00038352775723637933,0.0003854530078904162,0.00038350960946065206,0.00038361027311862266,False
R3_BASE,0.23816855519761582,re0000000332_MINUS_re0000000333,28.324239786072212,28.323447521094316,28.320530208445845,28.323459524359016,False
R3_BASE,0.23816855519761582,re0000000336_MINUS_re0000000337,0.0004748640184502051,0.00047698798967521765,0.00047484420395793635,0.00047498227287177014,False
R3_BASE,0.2582618760682675,re0000000332_MINUS_re0000000333,28.33633590840236,28.335546818062024,28.332020839173587,28.335562089870972,False
R3_BASE,0.2582618760682675,re0000000336_MINUS_re0000000337,0.0005853449858861381,0.0005876215721581112,0.0005853240374057961,0.0005855119526025484,False
R3_BASE,0.2800503894183631,re0000000332_MINUS_re0000000333,28.350736235152908,28.349950586436986,28.345699990678416,28.349970103046505,False
R3_BASE,0.2800503894183631,re0000000336_MINUS_re0000000337,0.0007183481015324844,0.0007206968124196175,0.0007183269084263391,0.0007185806909278765,False
R3_BASE,0.30367711180354573,re0000000332_MINUS_re0000000333,28.36781648361466,28.367034581004283,28.36192448824664,28.36705948378254,False
R3_BASE,0.30367711180354573,re0000000336_MINUS_re0000000337,0.0008777143623888151,0.0008800089376818954,0.0008776942868041627,0.0008780343817408472,False
R3_BASE,0.3292971255097151,re0000000332_MINUS_re0000000333,28.38800134617486,28.38722354446846,28.381097670015368,28.387255152971406,False
R3_BASE,0.3292971255097151,re0000000336_MINUS_re0000000337,0.0010677935586329568,0.001069848191353947,0.00106777657623738,0.001068228847094825,False
R3_BASE,0.35707859649004625,re0000000332_MINUS_re0000000333,28.411769556425497,28.410996277029614,28.403674199085817,28.41103610116669,False
R3_BASE,0.35707859649004625,re0000000336_MINUS_re0000000337,0.0012934950828480396,0.0012950479256131566,0.0012934839517902345,0.001294080844904183,False
R3_BASE,0.3872038781812553,re0000000332_MINUS_re0000000333,28.43965972989281,28.43889148103092,28.430165611357644,28.43894123226406,False
R3_BASE,0.3872038781812553,re0000000336_MINUS_re0000000337,0.0015603465465048316,0.0015610401088311798,0.0015603450084081592,0.0015611269126023356,False
R3_BASE,0.419870708444391,re0000000332_MINUS_re0000000333,28.47227721364834,28.471514615010964,28.461146821574776,28.471576216574864,False
R3_BASE,0.419870708444391,re0000000336_MINUS_re0000000337,0.0018745629138976483,0.0018739208554440624,0.0018745759325106035,0.0018755927654584587,False
R3_BASE,0.4552935074866948,re0000000332_MINUS_re0000000333,28.510302201024388,28.50954601343356,28.49726383082495,28.50962160965687,False
R3_BASE,0.4552935074866948,re0000000336_MINUS_re0000000337,0.002243129181522363,0.0022405288597996684,0.0022431632259378317,0.0022444762879911618,False
R3_BASE,0.4937047852839004,re0000000332_MINUS_re0000000333,28.554499368308825,28.553750529052326,28.53924287939062,28.553842493923064,False
R3_BASE,0.4937047852839004,re0000000336_MINUS_re0000000337,0.0026738997010085086,0.0026685396404213108,0.0026739630818097874,0.0026756472303637023,False
R3_BASE,0.5353566677410724,re0000000332_MINUS_re0000000333,28.605729265218542,28.604988929871723,28.587901265016225,28.6050998749048,False
R3_BASE,0.5353566677410724,re0000000336_MINUS_re0000000337,0.0031757170012127744,0.0031665782186125918,0.0031758202711797976,0.0031779664817967908,False
R3_BASE,0.5805225516094895,re0000000332_MINUS_re0000000333,28.664961640175534,28.664231231957533,28.644159998512535,28.66436401333668,False
R3_BASE,0.5805225516094895,re0000000336_MINUS_re0000000337,0.003758552400853432,0.003744352258200458,0.0037587088338869087,0.0037614272300689347,False
R3_BASE,0.6294988990221888,re0000000332_MINUS_re0000000333,28.73329081256088,28.732572080526037,28.70905840319668,28.73272980523552,False
R3_BASE,0.6294988990221888,re0000000336_MINUS_re0000000337,0.004433669886964253,0.004412806860729226,0.00443389605228281,0.00443731950103717,False
R3_BASE,0.6826071834272386,re0000000332_MINUS_re0000000333,28.811953132586495,28.811248220248235,28.783770696736468,28.811434250594044,False
R3_BASE,0.6826071834272386,re0000000336_MINUS_re0000000337,0.005213813839816339,0.005184301312225214,0.0052141302910806,0.005218418677177463,False
R3_BASE,0.7401959996915645,re0000000332_MINUS_re0000000333,28.902346519142156,28.901658045579424,28.86962454643256,28.901876001128944,False
R3_BASE,0.7401959996915645,re0000000336_MINUS_re0000000337,0.006113420481625553,0.006072807381917584,0.00611385258490479,0.006119197891086542,False
R3_BASE,0.8026433522257174,re0000000332_MINUS_re0000000333,29.006052067772544,29.005383223583284,28.9681215904328,29.005636979089367,False
R3_BASE,0.8026433522257174,re0000000336_MINUS_re0000000337,0.007148852773752878,0.007094128616642561,0.007149431699431684,0.007156064034625306,False
R3_BASE,0.8703591361485166,re0000000332_MINUS_re0000000333,29.124857807993976,29.124212468991477,29.080960000250105,29.124506146353372,False
R3_BASE,0.8703591361485166,re0000000336_MINUS_re0000000337,0.008338659268133597,0.008266140828202082,0.008339423176483677,0.008347617910841544,False
R3_BASE,0.9437878277775381,re0000000332_MINUS_re0000000333,29.260784896472614,29.2601677586798,29.21005935693567,29.260505710613277,False
R3_BASE,0.9437878277775381,re0000000336_MINUS_re0000000337,0.009703859547926186,0.00960905600098878,0.009704855003059619,0.009714941191199292,False
R3_BASE,1.0234114021054528,re0000000332_MINUS_re0000000333,29.416116897715256,29.415533637860293,29.357588459716023,29.415920420369282,False
R3_BASE,1.0234114021054528,re0000000336_MINUS_re0000000337,0.011268262779879024,0.011145715516244653,0.011269546433127095,0.011281916743993356,False
R3_BASE,1.1097524964120722,re0000000332_MINUS_re0000000333,29.593433372891013,29.592890840037956,29.525997226674583,29.593331170152847,False
R3_BASE,1.1097524964120722,re0000000336_MINUS_re0000000337,0.013058832059186898,0.012901924338621137,0.013060472653779595,0.013075595086604023,False
R3_BASE,1.2033778407775906,re0000000332_MINUS_re0000000333,29.795649851235794,29.79515629688089,29.718054657530594,29.79565499126409,False
R3_BASE,1.2033778407775906,re0000000336_MINUS_re0000000337,0.015106116495417155,0.014906846361147748,0.015108197264407836,0.015126629034082972,False
R3_BASE,1.3049019780144016,re0000000332_MINUS_re0000000333,30.026067546001286,30.02563290350143,29.936896051974315,30.026194791804155,False
R3_BASE,1.3049019780144016,re0000000336_MINUS_re0000000337,0.01744478696821261,0.017193493866953034,0.01744740852911965,0.017469812680649184,False
R3_BASE,1.414991297434576,re0000000332_MINUS_re0000000333,30.28843819269241,30.288074422078004,30.186084591050612,30.288704226138204,False
R3_BASE,1.414991297434576,re0000000336_MINUS_re0000000337,0.020114333318133504,0.019799363835162297,0.020117617223572415,0.020144782830433094,False
R3_BASE,1.5343684089300131,re0000000332_MINUS_re0000000333,30.58705268597987,30.586774209755003,30.46969552269031,30.58747637448871,False
R3_BASE,1.5343684089300131,re0000000336_MINUS_re0000000337,0.0231600164891006,0.022767305981809982,0.023164109684516918,0.023196976991671645,False
R3_BASE,1.6638168860761273,re0000000332_MINUS_re0000000333,30.92686779869109,30.926692070506135,30.79243651804786,30.92747052272546,False
R3_BASE,1.6638168860761273,re0000000336_MINUS_re0000000337,0.026634230101990397,0.02614676200152207,0.026639310705765147,0.026679003449907288,False
R3_BASE,1.8041864093920719,re0000000332_MINUS_re0000000333,31.31369491422811,31.313643191102482,31.159826929138514,31.314500984927058,False
R3_BASE,1.8041864093920719,re0000000336_MINUS_re0000000337,0.03059853185573047,0.029995609740644042,0.030604816968717852,0.030652685653603802,False
R3_BASE,1.9563983435170649,re0000000332_MINUS_re0000000333,31.75449034634221,31.754588785362603,31.57847353557592,31.755527561138848,False
R3_BASE,1.9563983435170649,re0000000336_MINUS_re0000000337,0.03512678159404459,0.034383001515962824,0.035134538366656615,0.035192221013208236,False
R3_BASE,2.1214517849106276,re0000000332_MINUS_re0000000333,32.257803014304955,32.25808428936977,32.056495743196905,32.25910342376576,False
R3_BASE,2.1214517849106276,re0000000336_MINUS_re0000000337,0.04031003384466203,0.03939376536606747,0.04031959589385783,0.040389107298921596,False
R3_BASE,2.300430119772917,re0000000332_MINUS_re0000000333,32.8343734270602,32.83487905747394,32.60409443760711,32.83597438250341,False
R3_BASE,2.300430119772917,re0000000336_MINUS_re0000000337,0.04626336750084192,0.04513448780210258,0.046275159472188715,0.04635902351471261,False
R3_BASE,2.4945081352303164,re0000000332_MINUS_re0000000333,33.497042163682636,33.49782454737045,33.23346450977548,33.498987326099346,False
R3_BASE,2.4945081352303164,re0000000336_MINUS_re0000000337,0.05312709655800063,0.05173435514505356,0.0531416625192503,0.053243064895390546,False
R3_BASE,2.704959730463137,re0000000332_MINUS_re0000000333,34.253127570525976,34.254241348736784,33.95155213718811,34.25546440078425,False
R3_BASE,2.704959730463137,re0000000336_MINUS_re0000000337,0.06099508420129496,0.059280106554449104,0.061013041901137904,0.06113559657278896,False
R3_BASE,2.9331662783900425,re0000000332_MINUS_re0000000333,35.0753492773656,35.07681087260071,34.73243739328474,35.07811268602796,False
R3_BASE,2.9331662783900425,re0000000336_MINUS_re0000000337,0.06960209709359333,0.06753334234151484,0.06962376642449544,0.0697695375438738,False
R3_BASE,3.180625692794119,re0000000332_MINUS_re0000000333,35.905085040009,35.9068551197924,35.52044498617472,35.90828156327385,False
R3_BASE,3.180625692794119,re0000000336_MINUS_re0000000337,0.07829733758080692,0.07590154724150437,0.07832241298402799,0.07849004494846462,False
R3_BASE,3.44896226040576,re0000000332_MINUS_re0000000333,36.708424998272676,36.710446914093794,36.28337765388928,36.71204388549793,False
R3_BASE,3.44896226040576,re0000000336_MINUS_re0000000337,0.0866807272313963,0.08401206769011632,0.08670862116073375,0.086895094633421,False
R3_BASE,3.739937302478794,re0000000332_MINUS_re0000000333,37.47862618112413,37.480849535306,37.01483522743791,37.48265263415418,False
R3_BASE,3.739937302478794,re0000000336_MINUS_re0000000337,0.09467363600333556,0.09178403503524468,0.09470379404303798,0.09490616337639217,False
R3_BASE,4.0554607358408274,re0000000332_MINUS_re0000000333,38.21860281281988,38.22098755569535,37.71758674339808,38.22302296094335,False
R3_BASE,4.0554607358408274,re0000000336_MINUS_re0000000337,0.10231243305725002,0.09924433122814741,0.10234440706828624,0.10256024493868643,False
R3_BASE,4.397603609302721,re0000000332_MINUS_re0000000333,38.934198470306,38.93671394220197,38.39718256022479,38.9390010254801,False
R3_BASE,4.397603609302721,re0000000336_MINUS_re0000000337,0.1096653084287027,0.10645183128101446,0.10969875203896723,0.1099261576682433,False
R3_BASE,4.768611697714475,re0000000332_MINUS_re0000000333,39.6323307895218,39.634953922525625,39.06019275039066,39.637507748161624,False
R3_BASE,4.768611697714475,re0000000336_MINUS_re0000000337,0.11681034137745883,0.11347685105350895,0.11684499185669256,0.11708251465737196,False
R3_BASE,5.170920242896756,re0000000332_MINUS_re0000000333,40.319945469731465,40.322658869561025,39.713213779290484,40.32549225143765,False
R3_BASE,5.170920242896756,re0000000336_MINUS_re0000000337,0.12382450271979906,0.12039035548101479,0.12386016135347098,0.12410670785022786,False
R3_BASE,5.607169938205458,re0000000332_MINUS_re0000000333,41.00282482334296,41.005614860321685,40.36173701634471,41.008739757324236,False
R3_BASE,5.607169938205458,re0000000336_MINUS_re0000000337,0.13077163688740256,0.1272519545368767,0.1308081497211845,0.1310628833645918,False
R3_BASE,6.080224261649427,re0000000332_MINUS_re0000000333,41.684162130666664,41.6870171078886,41.00879486225957,41.69044515825796,False
R3_BASE,6.080224261649427,re0000000336_MINUS_re0000000337,0.13768810586770996,0.13409551243491286,0.13772534520241841,0.13798758040717124,False
R3_BASE,6.593188271333542,re0000000332_MINUS_re0000000333,42.363272092014086,42.36618069219344,41.65373619892864,42.369922747086775,False
R3_BASE,6.593188271333542,re0000000336_MINUS_re0000000337,0.14456971801428153,0.14091591228434108,0.14460756591900661,0.14487666382077363,False
R3_BASE,7.149428986597577,re0000000332_MINUS_re0000000333,43.035593946202425,43.038544481085694,42.2922295899106,43.04260928849653,False
R3_BASE,7.149428986597577,re0000000336_MINUS_re0000000337,0.15137161056100013,0.1476683803550986,0.15140994839411792,0.15168524194900768,False
R3_BASE,7.752597488629465,re0000000332_MINUS_re0000000333,43.69588191155344,43.69886304620899,42.9192935001082,43.70325611253744,False
R3_BASE,7.752597488629465,re0000000336_MINUS_re0000000337,0.15804046412995376,0.15429953123800327,0.15807917421741707,0.15835997194706083,False
R3_BASE,8.406652885618316,re0000000332_MINUS_re0000000333,44.345029266609345,44.34803206532856,43.53577708285738,44.3527568415661,False
R3_BASE,8.406652885618316,re0000000336_MINUS_re0000000337,0.16458409967617627,0.1608156578938676,0.164623080278099,0.16490877563737702,False
R3_BASE,9.115888299750818,re0000000332_MINUS_re0000000333,44.996368336025625,44.999388097936155,44.15434273618206,45.00445082748192,False
R3_BASE,9.115888299750818,re0000000336_MINUS_re0000000337,0.17113653443993826,0.1673474578128787,0.1711757178174916,0.17146595022893624,False
R3_BASE,9.884959046625585,re0000000332_MINUS_re0000000333,45.67575078015216,45.67878747975154,44.7995417829198,45.68420356815061,False
R3_BASE,9.884959046625585,re0000000336_MINUS_re0000000337,0.17795989105434273,0.17415272570960788,0.17799925336011752,0.17829402890666352,False
R3_BASE,10.718913192051286,re0000000332_MINUS_re0000000333,46.41594115871703,46.41899909639222,45.50248998255917,46.424797257109255,False
R3_BASE,10.718913192051286,re0000000336_MINUS_re0000000337,0.18538771534349507,0.18156040598364023,0.18542727909078852,0.18572702265301508,False
R3_BASE,11.623224686798519,re0000000332_MINUS_re0000000333,47.25092450453667,47.25401223830066,46.295461728466016,47.260235232580264,False
R3_BASE,11.623224686798519,re0000000336_MINUS_re0000000337,0.19376682969959802,0.18991251682644822,0.193806665688057,0.19411223882467304,False
R3_BASE,12.603829296797274,re0000000332_MINUS_re0000000333,48.21345827449113,48.216589155288666,47.20956535688651,48.22329255707468,False
R3_BASE,12.603829296797274,re0000000336_MINUS_re0000000337,0.2034321712644669,0.1995386937464978,0.203472403656729,0.20378512484034125,False
R3_BASE,13.667163564620074,re0000000332_MINUS_re0000000333,49.33541550213704,49.338608697986416,48.27506904743356,49.34585932805954,False
R3_BASE,13.667163564620074,re0000000336_MINUS_re0000000337,0.21471025519531395,0.21075928033231542,0.21475107051049708,0.21507275687438915,False
R3_BASE,14.82020705798857,re0000000332_MINUS_re0000000333,50.64937105163699,50.65265298791661,49.522907144192565,50.66052777526628,False
R3_BASE,14.82020705798857,re0000000336_MINUS_re0000000337,0.227935512924887,0.2239012470052253,0.22797717339382145,0.2283102132743086,False
R3_BASE,16.070528182616385,re0000000332_MINUS_re0000000333,52.190402616746724,52.19380888015187,50.98639032905895,52.2023942163779,False
R3_BASE,16.070528182616385,re0000000336_MINUS_re0000000337,0.24346899002193823,0.23931638205594788,0.24351185220414584,0.24385931439304018,False
R3_BASE,17.42633386009651,re0000000332_MINUS_re0000000333,53.997716523881536,54.00129434400438,52.702749339797045,54.010685715449,False
R3_BASE,17.42633386009651,re0000000336_MINUS_re0000000337,0.261715400736648,0.25739772693750235,0.26175994055834273,0.26212572541823526,False
R3_BASE,18.896523396912077,re0000000332_MINUS_re0000000333,56.11605820275145,56.119869654338245,54.714474096506095,56.13017128380427,False
R3_BASE,18.896523396912077,re0000000336_MINUS_re0000000337,0.2831381243722717,0.2785938231458633,0.28318496996755693,0.28357400829270696,False
R3_BASE,20.49074689815846,re0000000332_MINUS_re0000000333,58.59699438000098,58.60112047470011,57.070530875770615,58.61244472552195,False
R3_BASE,20.49074689815846,re0000000336_MINUS_re0000000337,0.3082730490459653,0.30342164945149147,0.30832302313685156,0.3087415305641198,False
R3_BASE,22.21946860939524,re0000000332_MINUS_re0000000333,61.50017306394875,61.50471893631847,59.827558210564256,61.51718525042334,False
R3_BASE,22.21946860939524,re0000000336_MINUS_re0000000337,0.3377423819802061,0.33247932818843484,0.33779655587482454,0.33825235340187715,False
R3_BASE,24.09403560239527,re0000000332_MINUS_re0000000333,64.89464816707186,64.89974961042078,63.0511239266753,64.9134827489983,False
R3_BASE,24.09403560239527,re0000000336_MINUS_re0000000337,0.37226936436672986,0.36645948649567894,0.37232912638622706,0.37283204088209243,False
R3_BASE,26.126752255633264,re0000000332_MINUS_re0000000333,68.86033019633032,68.86616186243839,66.81710156096891,68.88128918871867,False
R3_BASE,26.126752255633264,re0000000336_MINUS_re0000000337,0.4126945825191797,0.4061639017700824,0.4127617242398469,0.4133240865739185,False
R3_BASE,28.330961018393243,re0000000332_MINUS_re0000000333,73.4896032914985,73.49638893928702,71.2132042951788,73.51303643137241,False
R3_BASE,28.330961018393243,re0000000336_MINUS_re0000000337,0.45999436319834786,0.45251984801754325,0.4600711877536501,0.46070845033466334,False
R3_BASE,30.72112998861759,re0000000332_MINUS_re0000000333,78.88913189282175,78.89715714659343,76.34069835426381,78.91544376272196,False
R3_BASE,30.72112998861759,re0000000336_MINUS_re0000000337,0.5153015791984217,0.5065983905826453,0.5153910368391404,0.5161225368664469,False
R3_BASE,33.3129478793467,re0000000332_MINUS_re0000000333,85.18186380027328,85.19149196338648,82.31630208199539,85.2115218987186,False
R3_BASE,33.3129478793467,re0000000336_MINUS_re0000000337,0.5799290321629087,0.5696347139038197,0.5800348892036897,0.5808847886248912,False
R3_BASE,36.123426997094306,re0000000332_MINUS_re0000000333,92.5092185374815,92.5209100828093,89.27425989061423,92.54276237280155,False
R3_BASE,36.123426997094306,re0000000336_MINUS_re0000000337,0.6553954012015311,0.6430503918044422,0.655522449542443,0.6565208872716576,False
R3_BASE,39.17101490809261,re0000000332_MINUS_re0000000333,101.0334339744877,101.04777040505519,97.36856504939686,101.07148524644929,False
R3_BASE,39.17101490809261,re0000000336_MINUS_re0000000337,0.7434535803149629,0.728477354475062,0.743607895616025,0.7447923915972944,False
R3_BASE,42.47571552536894,re0000000332_MINUS_re0000000333,110.94003712106496,110.95774994620506,106.77529849246092,110.98331103593732,False
R3_BASE,42.47571552536894,re0000000336_MINUS_re0000000337,0.84612114882475,0.8277832413086218,0.84631040623459,0.847727560406174,False
R3_BASE,46.05922041145104,re0000000332_MINUS_re0000000333,122.44041134021245,122.4624169597466,117.69505672966744,122.48972909610185,False
R3_BASE,46.05922041145104,re0000000336_MINUS_re0000000337,0.9657127793398104,0.943097899781321,0.9659466365580149,0.9676541689459552,False
R3_BASE,49.9450511585514,re0000000332_MINUS_re0000000333,135.77444735658355,135.80188868694975,130.3554561698754,135.830749837532,False
R3_BASE,49.9450511585514,re0000000336_MINUS_re0000000337,1.104874544966151,1.0768409522632383,1.1051651030256853,1.1072342845248473,False
R3_BASE,54.15871378079476,re0000000332_MINUS_re0000000333,151.21327625960112,151.24757196459882,145.01371126227795,151.27763898153935,False
R3_BASE,54.15871378079476,re0000000336_MINUS_re0000000337,1.266620203263301,1.2317504737321014,1.2669825563262416,1.2695010832162863,False
R3_BASE,58.72786613189477,re0000000332_MINUS_re0000000333,169.06207675742917,169.10497896908015,161.95927803193558,169.13572612483523,False
R3_BASE,58.72786613189477,re0000000336_MINUS_re0000000337,1.4543694702515495,1.4109127785974005,1.4548223561984406,1.4578977244670486,False
R3_BASE,63.68249944718586,re0000000332_MINUS_re0000000333,189.66292427573353,189.7165856506351,181.5165309043819,189.74725520265844,False
R3_BASE,63.68249944718586,re0000000336_MINUS_re0000000337,1.6719880192831624,1.61779308323324,1.6725545831049993,1.6763180195609202,False
R3_BASE,69.0551352016233,re0000000332_MINUS_re0000000333,213.39761571097188,213.46466656615345,204.04740840118848,213.49421066199068,False
R3_BASE,69.0551352016233,re0000000336_MINUS_re0000000337,1.9238285409810487,1.8562664889296063,1.9245372221998616,1.9291482268707987,False
R3_BASE,74.88103857590015,re0000000332_MINUS_re0000000333,240.69037435459904,240.77401041101186,229.95393516234788,240.80102383667466,False
R3_BASE,74.88103857590015,re0000000336_MINUS_re0000000337,2.2147718254855135,2.1306484532806946,2.215657379038061,2.221308926211158,False
R3_BASE,81.19844993184009,re0000000332_MINUS_re0000000333,272.0103228315711,272.1144037906942,259.6805116569987,272.1370473684153,False
R3_BASE,81.19844993184009,re0000000336_MINUS_re0000000337,2.550266571866814,2.4457237690978753,2.551371229103865,2.5582956623916195,False
R3_BASE,88.04883581643465,re0000000332_MINUS_re0000000333,307.8736078897491,308.00276663897216,293.71585883179466,308.0186814984325,False
R3_BASE,88.04883581643465,re0000000336_MINUS_re0000000337,2.9363665029522963,2.8067730479587216,2.9377412744540954,2.946216914698707,False
R3_BASE,95.47716114208066,re0000000332_MINUS_re0000000333,348.84506533667445,349.00482706906797,332.5945089200121,349.0110405405313,False
R3_BASE,95.47716114208066,re0000000336_MINUS_re0000000337,3.3797633283393225,3.2195957680077463,3.3814694455760392,3.3918279096249333,False
R3_BASE,103.53218432956616,re0000000332_MINUS_re0000000333,395.53932414902374,395.7362340902988,376.8977435736552,395.72905859138234,False
R3_BASE,103.53218432956616,re0000000336_MINUS_re0000000337,3.887814145971788,3.6905290690671277,3.8899246308869024,3.902558835123683,False
R3_BASE,112.26677735108136,re0000000332_MINUS_re0000000333,448.62126759439707,448.86302538519425,427.25389814190197,448.8379523521226,False
R3_BASE,112.26677735108136,re0000000336_MINUS_re0000000337,4.4685620297677815,4.226461680291254,4.471163374534181,4.4865361716872485,False
R3_BASE,121.7382727739662,re0000000332_MINUS_re0000000333,508.8057999499142,509.10139812517707,484.33797998139585,509.05298972371673,False
R3_BASE,121.7382727739662,re0000000336_MINUS_re0000000337,5.130748886498623,4.834842684621586,5.133942817990031,5.152596191380595,False
R3_BASE,132.00884008314168,re0000000332_MINUS_re0000000333,576.8569132406265,577.2167767060192,548.8705920650417,577.1385586727574,False
R3_BASE,132.00884008314168,re0000000336_MINUS_re0000000337,5.8838202340120915,5.523685293363704,5.887725530092929,5.9102902510187,False
R3_BASE,143.14589375234786,re0000000332_MINUS_re0000000333,653.5861103315838,654.0222334448345,621.6162118711528,653.9065928338006,False
R3_BASE,143.14589375234786,re0000000336_MINUS_re0000000337,6.737922389991581,6.301566436078067,6.7426767095303815,6.769882355956195,False
R3_BASE,155.2225357427048,re0000000332_MINUS_re0000000333,739.8503176937811,740.3763955403067,703.3809484166904,740.2144872933505,False
R3_BASE,155.2225357427048,re0000000336_MINUS_re0000000337,7.703893670171965,7.177623759984269,7.709655359689376,7.742340604576257,False
R3_BASE,168.31803533309548,re0000000332_MINUS_re0000000333,836.5495097348467,837.1810606584263,795.0099840818792,836.9627266396138,False
R3_BASE,168.31803533309548,re0000000336_MINUS_re0000000337,8.793252560135443,8.161552552577392,8.80020240173446,8.83932551339809,False
R3_BASE,182.51834943190426,re0000000332_MINUS_re0000000333,944.6243612412363,945.3788386576541,897.3849970303693,945.0925420228804,False
R3_BASE,182.51834943190426,re0000000336_MINUS_re0000000337,10.018187361187302,9.263606106367835,10.026530239882025,10.073179801782334,False
R3_BASE,197.91668678535575,re0000000332_MINUS_re0000000333,1065.0543371280655,1065.9512302360604,1011.4219467890924,1065.584006673617,False
R3_BASE,197.91668678535575,re0000000336_MINUS_re0000000337,11.391553430177737,10.49460406728424,11.401519915568775,11.456925873045693,False
R3_BASE,214.6141197858406,re0000000332_MINUS_re0000000333,1198.8567091459408,1199.9176343044708,1138.0696799295658,1199.4550598161736,False
R3_BASE,214.6141197858406,re0000000336_MINUS_re0000000337,12.926885667955503,11.865954262658502,12.938733533372629,13.004278813735345,False
R3_BASE,232.72024789604072,re0000000332_MINUS_re0000000333,1347.0870448891073,1348.3358320874534,1278.3098626455348,1347.7620046599502,False
R3_BASE,232.72024789604072,re0000000336_MINUS_re0000000337,14.638435181113891,13.38969428069803,14.652450923664407,14.72968405296208,False
R3_BASE,252.3539170434766,re0000000332_MINUS_re0000000333,1510.8417308926582,1512.3045127333744,1433.1587583311666,1511.6020426554562,False
R3_BASE,252.3539170434766,re0000000336_MINUS_re0000000337,16.541239850921556,15.078559540820448,16.557740308964572,16.648389660424442,False
R3_BASE,273.6439997074672,re0000000332_MINUS_re0000000333,1691.263053536415,1692.968367205102,1603.671326379046,1692.1183682010708,False
R3_BASE,273.6439997074672,re0000000336_MINUS_re0000000337,18.651238627033308,16.946084611363485,18.67057284027302,18.776563389709526,False
R3_BASE,296.73024081888667,re0000000332_MINUS_re0000000333,1889.547255827114,1891.5261713733714,1790.9480108815353,1890.5082424126251,False
R3_BASE,296.73024081888667,re0000000336_MINUS_re0000000337,20.985438585979864,19.006743970109362,21.007990088023465,21.13146381070072,False
R3_BASE,321.76417502507354,re0000000332_MINUS_re0000000333,2106.955809406936,2109.2420999820647,1996.1444095780435,2108.0342859575812,False
R3_BASE,321.76417502507354,re0000000336_MINUS_re0000000337,23.56214206852019,21.27613720393762,23.58833184124253,23.73167315544543,False
R3_BASE,348.9101213406774,re0000000332_MINUS_re0000000333,2344.829897478223,2347.4602687338893,2220.4837721447675,2346.0389873860267,False
R3_BASE,348.9101213406774,re0000000336_MINUS_re0000000337,26.40123869490344,23.771221877440983,26.4315290305795,26.597396969101915,False
R3_BASE,378.3462617131925,re0000000332_MINUS_re0000000333,2604.6078221146017,2607.6222185508345,2465.271997949396,2605.962141205043,False
R3_BASE,378.3462617131925,re0000000336_MINUS_re0000000337,29.524563998216763,26.51059521708423,29.559463638406488,29.750832716724105,False
R3_BASE,410.26581058271904,re0000000332_MINUS_re0000000333,2887.8447712194175,2891.2867775341856,2731.914527703278,2889.3606522847895,False
R3_BASE,410.26581058271904,re0000000336_MINUS_re0000000337,32.95632407674566,29.514823793321018,32.99639474674896,33.21660681219579,False
R3_BASE,444.87828311275854,re0000000332_MINUS_re0000000333,3196.2341606616974,3200.1515151845465,3021.934300827829,3197.9299229182366,False
R3_BASE,444.87828311275854,re0000000336_MINUS_re0000000337,36.72358325473033,32.80681909138212,36.76944818689831,37.022277915554156,False
R3_BASE,482.41087041653736,re0000000332_MINUS_re0000000333,3531.6296517401934,3536.074889325764,3336.9898264436215,3533.525924851314,False
R3_BASE,482.41087041653736,re0000000336_MINUS_re0000000337,40.856812802376226,36.412256798548015,40.909167371985454,41.198904587103215,False
R3_BASE,523.1099308056258,re0000000332_MINUS_re0000000333,3896.066969992593,3901.0982117580925,3678.892420221752,3898.187083808625,False
R3_BASE,523.1099308056258,re0000000336_MINUS_re0000000337,45.39050026843324,40.36003923972201,45.45012539626508,45.78167809651225,False
R3_BASE,567.2426068491977,re0000000332_MINUS_re0000000333,4291.784819154069,4297.4667294659175,4049.6217948313624,4294.15527395059,False
R3_BASE,567.2426068491977,re0000000336_MINUS_re0000000337,50.363825152860954,44.682803888452405,50.43160366503186,50.810626681288596,False
R3_BASE,615.0985788580505,re0000000332_MINUS_re0000000333,4721.244475195184,4727.6494099963475,4451.339432162928,4723.8955100118455,False
R3_BASE,615.0985788580505,re0000000336_MINUS_re0000000337,55.82141315890476,49.41748623328537,55.89835014487845,56.331405835317234,False
R3_BASE,666.9919663030115,re0000000332_MINUS_re0000000333,5187.14800154604,5194.3573810049775,4886.399458393175,5190.1142845193535,False
R3_BASE,666.9919663030115,re0000000336_MINUS_re0000000337,61.81419292325154,54.60595225180276,61.901440529760286,62.39620006007503,False
R3_BASE,723.2633896483534,re0000000332_MINUS_re0000000333,5692.455387495458,5700.56133658822,5357.35701869201,5695.776858028683,False
R3_BASE,723.2633896483534,re0000000336_MINUS_re0000000337,68.40038952091709,60.29572398389186,68.49927785543095,69.0647746569969,False
R3_BASE,784.2822061337682,re0000000332_MINUS_re0000000333,6240.401198960841,6249.50851719883,5866.974334840916,6244.124102393364,False
R3_BASE,784.2822061337682,re0000000336_MINUS_re0000000337,75.64670492894948,66.54083091183112,75.75878018105483,76.40573150165434,False
R3_BASE,850.4489341802686,re0000000332_MINUS_re0000000333,6834.511498417705,6844.740041308785,6418.224666960883,6838.689666065012,False
R3_BASE,850.4489341802686,re0000000336_MINUS_re0000000337,83.62974980473518,73.40283005609369,83.75682219252772,84.49804080079214,False
R3_BASE,922.1978823334322,re0000000332_MINUS_re0000000333,7478.621806591749,7490.10939177271,7014.2942561134505,7483.318252621992,False
R3_BASE,922.1978823334322,re0000000336_MINUS_re0000000337,92.43781147385016,80.95204939642198,92.58201608594787,93.43294299754805,False
R3_BASE,1000.0,re0000000332_MINUS_re0000000333,8176.896758679301,8189.802749807357,7658.581992682562,8182.1856905124805,False
R3_BASE,1000.0,re0000000336_MINUS_re0000000337,102.17306740954518,89.26912368309287,102.33694215768392,103.31634402083556,False
R3_ATP_LOW,0.0,re0000000332_MINUS_re0000000333,0.0,0.0,0.0,0.0,True
R3_ATP_LOW,0.0,re0000000336_MINUS_re0000000337,0.0,0.0,0.0,0.0,True
R3_ATP_LOW,9.906817032876724e-08,re0000000332_MINUS_re0000000333,0.29571417700019464,0.29571417700019464,0.29571417700019464,0.29571417700019464,True
R3_ATP_LOW,9.906817032876724e-08,re0000000336_MINUS_re0000000337,5.47706450989579e-61,5.47706450989579e-61,5.47706450989579e-61,5.47706450989579e-61,True
R3_ATP_LOW,1.0622755178807271e-07,re0000000332_MINUS_re0000000333,0.3169695485077703,0.3169695485077703,0.3169695485077703,0.3169695485077703,True
R3_ATP_LOW,1.0622755178807271e-07,re0000000336_MINUS_re0000000337,1.0834606570581532e-60,1.0834606570581532e-60,1.0834606570581532e-60,1.0834606570581532e-60,True
R3_ATP_LOW,1.1390432185675446e-07,re0000000332_MINUS_re0000000333,0.3397438205021349,0.3397438205021349,0.3397438205021349,0.3397438205021349,True
R3_ATP_LOW,1.1390432185675446e-07,re0000000336_MINUS_re0000000337,2.2002598656541716e-60,2.2002598656541716e-60,2.2002598656541716e-60,2.2002598656541716e-60,True
R3_ATP_LOW,1.2213587077231184e-07,re0000000332_MINUS_re0000000333,0.3641442043752175,0.3641442043752175,0.3641442043752175,0.3641442043752175,True
R3_ATP_LOW,1.2213587077231184e-07,re0000000336_MINUS_re0000000337,6.088079257213262e-60,6.088079257213262e-60,6.088079257213262e-60,6.088079257213262e-60,True
R3_ATP_LOW,1.3096229086083863e-07,re0000000332_MINUS_re0000000333,0.3902852802869152,0.3902852802869152,0.3902852802869152,0.3902852802869152,True
R3_ATP_LOW,1.3096229086083863e-07,re0000000336_MINUS_re0000000337,1.6442580012615376e-59,1.6442580012615376e-59,1.6442580012615376e-59,1.6442580012615376e-59,True
R3_ATP_LOW,1.4042657180945938e-07,re0000000332_MINUS_re0000000333,0.41828947374022,0.41828947374022,0.41828947374022,0.41828947374022,True
R3_ATP_LOW,1.4042657180945938e-07,re0000000336_MINUS_re0000000337,3.8837584146216644e-59,3.8837584146216644e-59,3.8837584146216644e-59,3.8837584146216644e-59,True
R3_ATP_LOW,1.5057481005056216e-07,re0000000332_MINUS_re0000000333,0.4482875584100782,0.4482875584100782,0.4482875584100782,0.4482875584100782,True
R3_ATP_LOW,1.5057481005056216e-07,re0000000336_MINUS_re0000000337,8.249075318820424e-59,8.249075318820424e-59,8.249075318820424e-59,8.249075318820424e-59,True
R3_ATP_LOW,1.614564332776484e-07,re0000000332_MINUS_re0000000333,0.4804191859412101,0.4804191859412101,0.4804191859412101,0.4804191859412101,True
R3_ATP_LOW,1.614564332776484e-07,re0000000336_MINUS_re0000000337,1.7331606839251866e-58,1.7331606839251866e-58,1.7331606839251866e-58,1.7331606839251866e-58,True
R3_ATP_LOW,1.7312444118631913e-07,re0000000332_MINUS_re0000000333,0.5148334433148607,0.5148334433148607,0.5148334433148607,0.5148334433148607,True
R3_ATP_LOW,1.7312444118631913e-07,re0000000336_MINUS_re0000000337,3.855976093514065e-58,3.855976093514065e-58,3.855976093514065e-58,3.855976093514065e-58,True
R3_ATP_LOW,1.85635663612944e-07,re0000000332_MINUS_re0000000333,0.5516894382381958,0.5516894382381958,0.5516894382381958,0.5516894382381958,True
R3_ATP_LOW,1.85635663612944e-07,re0000000336_MINUS_re0000000337,8.327233111624865e-58,8.327233111624865e-58,8.327233111624865e-58,8.327233111624865e-58,True
R3_ATP_LOW,1.9905103732829428e-07,re0000000332_MINUS_re0000000333,0.5911569128275631,0.5911569128275631,0.5911569128275631,0.5911569128275631,True
R3_ATP_LOW,1.9905103732829428e-07,re0000000336_MINUS_re0000000337,1.7317833286114137e-57,1.7317833286114137e-57,1.7317833286114137e-57,1.7317833286114137e-57,True
R3_ATP_LOW,2.1343590283428324e-07,re0000000332_MINUS_re0000000333,0.633416885632461,0.633416885632461,0.633416885632461,0.633416885632461,True
R3_ATP_LOW,2.1343590283428324e-07,re0000000336_MINUS_re0000000337,3.734604122472524e-57,3.734604122472524e-57,3.734604122472524e-57,3.734604122472524e-57,True
R3_ATP_LOW,2.2886032260938216e-07,re0000000332_MINUS_re0000000333,0.6786623217741569,0.6786623217741569,0.6786623217741569,0.6786623217741569,True
R3_ATP_LOW,2.2886032260938216e-07,re0000000336_MINUS_re0000000337,8.027932599829012e-57,8.027932599829012e-57,8.027932599829012e-57,8.027932599829012e-57,True
R3_ATP_LOW,2.4539942235274855e-07,re0000000332_MINUS_re0000000333,0.7270988306439246,0.7270988306439246,0.7270988306439246,0.7270988306439246,True
R3_ATP_LOW,2.4539942235274855e-07,re0000000336_MINUS_re0000000337,1.7165226855840327e-56,1.7165226855840327e-56,1.7165226855840327e-56,1.7165226855840327e-56,True
R3_ATP_LOW,2.631337568891197e-07,re0000000332_MINUS_re0000000333,0.7789453902127768,0.7789453902127768,0.7789453902127768,0.7789453902127768,True
R3_ATP_LOW,2.631337568891197e-07,re0000000336_MINUS_re0000000337,3.732300900226803e-56,3.732300900226803e-56,3.732300900226803e-56,3.732300900226803e-56,True
R3_ATP_LOW,2.821497025166361e-07,re0000000332_MINUS_re0000000333,0.8344350965379157,0.8344350965379157,0.8344350965379157,0.8344350965379157,True
R3_ATP_LOW,2.821497025166361e-07,re0000000336_MINUS_re0000000337,8.070432852102105e-56,8.070432852102105e-56,8.070432852102105e-56,8.070432852102105e-56,True
R3_ATP_LOW,3.025398777085531e-07,re0000000332_MINUS_re0000000333,0.8938159365004718,0.8938159365004718,0.8938159365004718,0.8938159365004718,True
R3_ATP_LOW,3.025398777085531e-07,re0000000336_MINUS_re0000000337,1.778126456610726e-55,1.778126456610726e-55,1.778126456610726e-55,1.778126456610726e-55,True
R3_ATP_LOW,3.244035942178925e-07,re0000000332_MINUS_re0000000333,0.9573515811631147,0.9573515811631147,0.9573515811631147,0.9573515811631147,True
R3_ATP_LOW,3.244035942178925e-07,re0000000336_MINUS_re0000000337,4.610985307818347e-55,4.610985307818347e-55,4.610985307818347e-55,4.610985307818347e-55,True
R3_ATP_LOW,3.478473407821844e-07,re0000000332_MINUS_re0000000333,1.0253221963820525,1.0253221963820525,1.0253221963820525,1.0253221963820525,True
R3_ATP_LOW,3.478473407821844e-07,re0000000336_MINUS_re0000000337,1.886317260816685e-54,1.886317260816685e-54,1.886317260816685e-54,1.886317260816685e-54,True
R3_ATP_LOW,3.7298530178419105e-07,re0000000332_MINUS_re0000000333,1.0980252664318702,1.0980252664318702,1.0980252664318702,1.0980252664318702,True
R3_ATP_LOW,3.7298530178419105e-07,re0000000336_MINUS_re0000000337,5.844192175106505e-54,5.844192175106505e-54,5.844192175106505e-54,5.844192175106505e-54,True
R3_ATP_LOW,3.999399133948166e-07,re0000000332_MINUS_re0000000333,1.175776425388294,1.175776425388294,1.175776425388294,1.175776425388294,True
R3_ATP_LOW,3.999399133948166e-07,re0000000336_MINUS_re0000000337,1.4536306798805063e-53,1.4536306798805063e-53,1.4536306798805063e-53,1.4536306798805063e-53,True
R3_ATP_LOW,4.2884245990690917e-07,re0000000332_MINUS_re0000000333,1.258910289847022,1.258910289847022,1.258910289847022,1.258910289847022,True
R3_ATP_LOW,4.2884245990690917e-07,re0000000336_MINUS_re0000000337,3.1611194380568263e-53,3.1611194380568263e-53,3.1611194380568263e-53,3.1611194380568263e-53,True
R3_ATP_LOW,4.598337131644549e-07,re0000000332_MINUS_re0000000333,1.3477812852182396,1.3477812852182396,1.3477812852182396,1.3477812852182396,True
R3_ATP_LOW,4.598337131644549e-07,re0000000336_MINUS_re0000000337,7.048967211071073e-53,7.048967211071073e-53,7.048967211071073e-53,7.048967211071073e-53,True
R3_ATP_LOW,4.930646182015418e-07,re0000000332_MINUS_re0000000333,1.4427644563087414,1.4427644563087414,1.4427644563087414,1.4427644563087414,True
R3_ATP_LOW,4.930646182015418e-07,re0000000336_MINUS_re0000000337,1.6412723842053003e-52,1.6412723842053003e-52,1.6412723842053003e-52,1.6412723842053003e-52,True
R3_ATP_LOW,5.286970284305478e-07,re0000000332_MINUS_re0000000333,1.5442562511657858,1.5442562511657858,1.5442562511657858,1.5442562511657858,True
R3_ATP_LOW,5.286970284305478e-07,re0000000336_MINUS_re0000000337,3.6380868152137565e-52,3.6380868152137565e-52,3.6380868152137565e-52,3.6380868152137565e-52,True
R3_ATP_LOW,5.669044939603364e-07,re0000000332_MINUS_re0000000333,1.6526752651860885,1.6526752651860885,1.6526752651860885,1.6526752651860885,True
R3_ATP_LOW,5.669044939603364e-07,re0000000336_MINUS_re0000000337,7.755670132609822e-52,7.755670132609822e-52,7.755670132609822e-52,7.755670132609822e-52,True
R3_ATP_LOW,6.078731068840179e-07,re0000000332_MINUS_re0000000333,1.7684629302747736,1.7684629302747736,1.7684629302747736,1.7684629302747736,True
R3_ATP_LOW,6.078731068840179e-07,re0000000336_MINUS_re0000000337,1.7257719604606153e-51,1.7257719604606153e-51,1.7257719604606153e-51,1.7257719604606153e-51,True
R3_ATP_LOW,6.518024076533102e-07,re0000000332_MINUS_re0000000333,1.8920841313544583,1.8920841313544583,1.8920841313544583,1.8920841313544583,True
R3_ATP_LOW,6.518024076533102e-07,re0000000336_MINUS_re0000000337,3.7851597695513585e-51,3.7851597695513585e-51,3.7851597695513585e-51,3.7851597695513585e-51,True
R3_ATP_LOW,6.989063569540551e-07,re0000000332_MINUS_re0000000333,2.024027729730855,2.024027729730855,2.024027729730855,2.024027729730855,True
R3_ATP_LOW,6.989063569540551e-07,re0000000336_MINUS_re0000000337,8.23069734655917e-51,8.23069734655917e-51,8.23069734655917e-51,8.23069734655917e-51,True
R3_ATP_LOW,7.4941437781648e-07,re0000000332_MINUS_re0000000333,2.1648069697368717,2.1648069697368717,2.1648069697368717,2.1648069697368717,True
R3_ATP_LOW,7.4941437781648e-07,re0000000336_MINUS_re0000000337,1.8310223023326326e-50,1.8310223023326326e-50,1.8310223023326326e-50,1.8310223023326326e-50,True
R3_ATP_LOW,8.035724730358716e-07,re0000000332_MINUS_re0000000333,2.314959741671069,2.314959741671069,2.314959741671069,2.314959741671069,True
R3_ATP_LOW,8.035724730358716e-07,re0000000336_MINUS_re0000000337,4.0236709289245824e-50,4.0236709289245824e-50,4.0236709289245824e-50,4.0236709289245824e-50,True
R3_ATP_LOW,8.616444233461394e-07,re0000000332_MINUS_re0000000333,2.4750486702721557,2.4750486702721557,2.4750486702721557,2.4750486702721557,True
R3_ATP_LOW,8.616444233461394e-07,re0000000336_MINUS_re0000000337,8.976674943773337e-50,8.976674943773337e-50,8.976674943773337e-50,8.976674943773337e-50,True
R3_ATP_LOW,9.239130721820518e-07,re0000000332_MINUS_re0000000333,2.6456609939123923,2.6456609939123923,2.6456609939123923,2.6456609939123923,True
R3_ATP_LOW,9.239130721820518e-07,re0000000336_MINUS_re0000000337,2.034171350403526e-49,2.034171350403526e-49,2.034171350403526e-49,2.034171350403526e-49,True
R3_ATP_LOW,9.906817032876718e-07,re0000000332_MINUS_re0000000333,2.827408195250596,2.827408195250596,2.827408195250596,2.827408195250596,True
R3_ATP_LOW,9.906817032876718e-07,re0000000336_MINUS_re0000000337,4.858101730070747e-49,4.858101730070747e-49,4.858101730070747e-49,4.858101730070747e-49,True
R3_ATP_LOW,1.062275517880727e-06,re0000000332_MINUS_re0000000333,3.0209253393471096,3.0209253393471096,3.0209253393471096,3.0209253393471096,True
R3_ATP_LOW,1.062275517880727e-06,re0000000336_MINUS_re0000000337,1.1504927370733011e-48,1.1504927370733011e-48,1.1504927370733011e-48,1.1504927370733011e-48,True
R3_ATP_LOW,1.1390432185675446e-06,re0000000332_MINUS_re0000000333,3.2268700702193045,3.2268700702193045,3.2268700702193045,3.2268700702193045,True
R3_ATP_LOW,1.1390432185675446e-06,re0000000336_MINUS_re0000000337,2.6840387731017852e-48,2.6840387731017852e-48,2.6840387731017852e-48,2.6840387731017852e-48,True
R3_ATP_LOW,1.2213587077231185e-06,re0000000332_MINUS_re0000000333,3.445921211542811,3.445921211542811,3.445921211542811,3.445921211542811,True
R3_ATP_LOW,1.2213587077231185e-06,re0000000336_MINUS_re0000000337,6.349480858515243e-48,6.349480858515243e-48,6.349480858515243e-48,6.349480858515243e-48,True
R3_ATP_LOW,1.3096229086083865e-06,re0000000332_MINUS_re0000000333,3.678776911764101,3.678776911764101,3.678776911764101,3.678776911764101,True
R3_ATP_LOW,1.3096229086083865e-06,re0000000336_MINUS_re0000000337,1.4785937392319997e-47,1.4785937392319997e-47,1.4785937392319997e-47,1.4785937392319997e-47,True
R3_ATP_LOW,1.4042657180945939e-06,re0000000332_MINUS_re0000000333,3.9261522683977947,3.9261522683977947,3.9261522683977947,3.9261522683977947,True
R3_ATP_LOW,1.4042657180945939e-06,re0000000336_MINUS_re0000000337,3.4630317219630995e-47,3.4630317219630995e-47,3.4630317219630995e-47,3.4630317219630995e-47,True
R3_ATP_LOW,1.5057481005056217e-06,re0000000332_MINUS_re0000000333,4.188776360836753,4.188776360836753,4.188776360836753,4.188776360836753,True
R3_ATP_LOW,1.5057481005056217e-06,re0000000336_MINUS_re0000000337,8.060822099347378e-47,8.060822099347378e-47,8.060822099347378e-47,8.060822099347378e-47,True
R3_ATP_LOW,1.6145643327764837e-06,re0000000332_MINUS_re0000000333,4.467388615834612,4.467388615834612,4.467388615834612,4.467388615834612,True
R3_ATP_LOW,1.6145643327764837e-06,re0000000336_MINUS_re0000000337,1.884690172826494e-46,1.884690172826494e-46,1.884690172826494e-46,1.884690172826494e-46,True
R3_ATP_LOW,1.7312444118631913e-06,re0000000332_MINUS_re0000000333,4.7627344251081505,4.7627344251081505,4.7627344251081505,4.7627344251081505,True
R3_ATP_LOW,1.7312444118631913e-06,re0000000336_MINUS_re0000000337,4.4056369502827704e-46,4.4056369502827704e-46,4.4056369502827704e-46,4.4056369502827704e-46,True
R3_ATP_LOW,1.85635663612944e-06,re0000000332_MINUS_re0000000333,5.07555993057513,5.07555993057513,5.07555993057513,5.07555993057513,True
R3_ATP_LOW,1.85635663612944e-06,re0000000336_MINUS_re0000000337,1.0322278587340442e-45,1.0322278587340442e-45,1.0322278587340442e-45,1.0322278587340442e-45,True
R3_ATP_LOW,1.990510373282943e-06,re0000000332_MINUS_re0000000333,5.406605889927648,5.406605889927648,5.406605889927648,5.406605889927648,True
R3_ATP_LOW,1.990510373282943e-06,re0000000336_MINUS_re0000000337,2.4270120422539442e-45,2.4270120422539442e-45,2.4270120422539442e-45,2.4270120422539442e-45,True
R3_ATP_LOW,2.1343590283428322e-06,re0000000332_MINUS_re0000000333,5.756600533982882,5.756600533982882,5.756600533982882,5.756600533982882,True
R3_ATP_LOW,2.1343590283428322e-06,re0000000336_MINUS_re0000000337,5.752074069313896e-45,5.752074069313896e-45,5.752074069313896e-45,5.752074069313896e-45,True
R3_ATP_LOW,2.2886032260938263e-06,re0000000332_MINUS_re0000000333,6.126251328069297,6.126251328069297,6.126251328069297,6.126251328069297,True
R3_ATP_LOW,2.2886032260938263e-06,re0000000336_MINUS_re0000000337,1.3795102961781995e-44,1.3795102961781995e-44,1.3795102961781995e-44,1.3795102961781995e-44,True
R3_ATP_LOW,2.4539942235274856e-06,re0000000332_MINUS_re0000000333,6.51623555318186,6.51623555318186,6.51623555318186,6.51623555318186,True
R3_ATP_LOW,2.4539942235274856e-06,re0000000336_MINUS_re0000000337,3.30858709284165e-44,3.30858709284165e-44,3.30858709284165e-44,3.30858709284165e-44,True
R3_ATP_LOW,2.6313375688912023e-06,re0000000332_MINUS_re0000000333,6.92718962958811,6.92718962958811,6.92718962958811,6.92718962958811,True
R3_ATP_LOW,2.6313375688912023e-06,re0000000336_MINUS_re0000000337,7.937119040226471e-44,7.937119040226471e-44,7.937119040226471e-44,7.937119040226471e-44,True
R3_ATP_LOW,2.821497025166361e-06,re0000000332_MINUS_re0000000333,7.359697116575739,7.359697116575739,7.359697116575739,7.359697116575739,True
R3_ATP_LOW,2.821497025166361e-06,re0000000336_MINUS_re0000000337,1.9013993965437204e-43,1.9013993965437204e-43,1.9013993965437204e-43,1.9013993965437204e-43,True
R3_ATP_LOW,3.025398777085531e-06,re0000000332_MINUS_re0000000333,7.814275338329013,7.814275338329013,7.814275338329013,7.814275338329013,True
R3_ATP_LOW,3.025398777085531e-06,re0000000336_MINUS_re0000000337,4.54048129338809e-43,4.54048129338809e-43,4.54048129338809e-43,4.54048129338809e-43,True
R3_ATP_LOW,3.2440359421789246e-06,re0000000332_MINUS_re0000000333,8.291360608179058,8.291360608179058,8.291360608179058,8.291360608179058,True
R3_ATP_LOW,3.2440359421789246e-06,re0000000336_MINUS_re0000000337,1.0822773937058365e-42,1.0822773937058365e-42,1.0822773937058365e-42,1.0822773937058365e-42,True
R3_ATP_LOW,3.478473407821844e-06,re0000000332_MINUS_re0000000333,8.791292052959932,8.791292052959932,8.791292052959932,8.791292052959932,True
R3_ATP_LOW,3.478473407821844e-06,re0000000336_MINUS_re0000000337,2.5767309285882275e-42,2.5767309285882275e-42,2.5767309285882275e-42,2.5767309285882275e-42,True
R3_ATP_LOW,3.7298530178419027e-06,re0000000332_MINUS_re0000000333,9.314294076962844,9.314294076962844,9.314294076962844,9.314294076962844,True
R3_ATP_LOW,3.7298530178419027e-06,re0000000336_MINUS_re0000000337,6.129693180965468e-42,6.129693180965468e-42,6.129693180965468e-42,6.129693180965468e-42,True
R3_ATP_LOW,3.999399133948166e-06,re0000000332_MINUS_re0000000333,9.860457552055314,9.860457552055314,9.860457552055314,9.860457552055314,True
R3_ATP_LOW,3.999399133948166e-06,re0000000336_MINUS_re0000000337,1.4576546290356263e-41,1.4576546290356263e-41,1.4576546290356263e-41,1.4576546290356263e-41,True
R3_ATP_LOW,4.288424599069092e-06,re0000000332_MINUS_re0000000333,10.429719877948564,10.429719877948564,10.429719877948564,10.429719877948564,True
R3_ATP_LOW,4.288424599069092e-06,re0000000336_MINUS_re0000000337,3.4649797958865166e-41,3.4649797958865166e-41,3.4649797958865166e-41,3.4649797958865166e-41,True
R3_ATP_LOW,4.598337131644549e-06,re0000000332_MINUS_re0000000333,11.021844125184709,11.021844125184709,11.021844125184709,11.021844125184709,True
R3_ATP_LOW,4.598337131644549e-06,re0000000336_MINUS_re0000000337,8.231069632278811e-41,8.231069632278811e-41,8.231069632278811e-41,8.231069632278811e-41,True
R3_ATP_LOW,4.930646182015418e-06,re0000000332_MINUS_re0000000333,11.636397553660027,11.636397553660027,11.636397553660027,11.636397553660027,True
R3_ATP_LOW,4.930646182015418e-06,re0000000336_MINUS_re0000000337,1.953407857111698e-40,1.953407857111698e-40,1.953407857111698e-40,1.953407857111698e-40,True
R3_ATP_LOW,5.286970284305479e-06,re0000000332_MINUS_re0000000333,12.272729891456214,12.272729891456214,12.272729891456214,12.272729891456214,True
R3_ATP_LOW,5.286970284305479e-06,re0000000336_MINUS_re0000000337,4.630196073484865e-40,4.630196073484865e-40,4.630196073484865e-40,4.630196073484865e-40,True
R3_ATP_LOW,5.669044939603364e-06,re0000000332_MINUS_re0000000333,12.929951861839479,12.929951861839479,12.929951861839479,12.929951861839479,True
R3_ATP_LOW,5.669044939603364e-06,re0000000336_MINUS_re0000000337,1.0959184698906187e-39,1.0959184698906187e-39,1.0959184698906187e-39,1.0959184698906187e-39,True
R3_ATP_LOW,6.078731068840179e-06,re0000000332_MINUS_re0000000333,13.606914559087022,13.606914559087022,13.606914559087022,13.606914559087022,True
R3_ATP_LOW,6.078731068840179e-06,re0000000336_MINUS_re0000000337,2.589579891644599e-39,2.589579891644599e-39,2.589579891644599e-39,2.589579891644599e-39,True
R3_ATP_LOW,6.518024076533101e-06,re0000000332_MINUS_re0000000333,14.30219039371887,14.30219039371887,14.30219039371887,14.30219039371887,True
R3_ATP_LOW,6.518024076533101e-06,re0000000336_MINUS_re0000000337,6.106581110284734e-39,6.106581110284734e-39,6.106581110284734e-39,6.106581110284734e-39,True
R3_ATP_LOW,6.989063569540551e-06,re0000000332_MINUS_re0000000333,15.014056450954262,15.014056450954262,15.014056450954262,15.014056450954262,True
R3_ATP_LOW,6.989063569540551e-06,re0000000336_MINUS_re0000000337,1.436554331252387e-38,1.436554331252387e-38,1.436554331252387e-38,1.436554331252387e-38,True
R3_ATP_LOW,7.4941437781648e-06,re0000000332_MINUS_re0000000333,15.740481227072346,15.740481227072346,15.740481227072346,15.740481227072346,True
R3_ATP_LOW,7.4941437781648e-06,re0000000336_MINUS_re0000000337,3.370103344932088e-38,3.370103344932088e-38,3.370103344932088e-38,3.370103344932088e-38,True
R3_ATP_LOW,8.035724730358716e-06,re0000000332_MINUS_re0000000333,16.479115819522203,16.479115819522203,16.479115819522203,16.479115819522203,True
R3_ATP_LOW,8.035724730358716e-06,re0000000336_MINUS_re0000000337,7.88206305526714e-38,7.88206305526714e-38,7.88206305526714e-38,7.88206305526714e-38,True
R3_ATP_LOW,8.616444233461394e-06,re0000000332_MINUS_re0000000333,17.22729073824135,17.22729073824135,17.22729073824135,17.22729073824135,True
R3_ATP_LOW,8.616444233461394e-06,re0000000336_MINUS_re0000000337,1.8372243782729676e-37,1.8372243782729676e-37,1.8372243782729676e-37,1.8372243782729676e-37,True
R3_ATP_LOW,9.239130721820518e-06,re0000000332_MINUS_re0000000333,17.982019567274996,17.982019567274996,17.982019567274996,17.982019567274996,True
R3_ATP_LOW,9.239130721820518e-06,re0000000336_MINUS_re0000000337,4.266367484380111e-37,4.266367484380111e-37,4.266367484380111e-37,4.266367484380111e-37,True
R3_ATP_LOW,9.906817032876718e-06,re0000000332_MINUS_re0000000333,18.740010722298596,18.740010722298596,18.740010722298596,18.740010722298596,True
R3_ATP_LOW,9.906817032876718e-06,re0000000336_MINUS_re0000000337,9.866844918326143e-37,9.866844918326143e-37,9.866844918326143e-37,9.866844918326143e-37,True
R3_ATP_LOW,1.062275517880727e-05,re0000000332_MINUS_re0000000333,19.49768850651726,19.49768850651726,19.49768850651726,19.49768850651726,True
R3_ATP_LOW,1.062275517880727e-05,re0000000336_MINUS_re0000000337,2.2717831969145606e-36,2.2717831969145606e-36,2.2717831969145606e-36,2.2717831969145606e-36,True
R3_ATP_LOW,1.1390432185675446e-05,re0000000332_MINUS_re0000000333,20.251224548788905,20.251224548788905,20.251224548788905,20.251224548788905,True
R3_ATP_LOW,1.1390432185675446e-05,re0000000336_MINUS_re0000000337,5.2054638709926455e-36,5.2054638709926455e-36,5.2054638709926455e-36,5.2054638709926455e-36,True
R3_ATP_LOW,1.2213587077231184e-05,re0000000332_MINUS_re0000000333,20.996580497342883,20.996580497342883,20.996580497342883,20.996580497342883,True
R3_ATP_LOW,1.2213587077231184e-05,re0000000336_MINUS_re0000000337,1.1865564519316149e-35,1.1865564519316149e-35,1.1865564519316149e-35,1.1865564519316149e-35,True
R3_ATP_LOW,1.3096229086083865e-05,re0000000332_MINUS_re0000000333,21.729562523851815,21.729562523851815,21.729562523851815,21.729562523851815,True
R3_ATP_LOW,1.3096229086083865e-05,re0000000336_MINUS_re0000000337,2.689522068608573e-35,2.689522068608573e-35,2.689522068608573e-35,2.689522068608573e-35,True
R3_ATP_LOW,1.4042657180945939e-05,re0000000332_MINUS_re0000000333,22.4458877591315,22.4458877591315,22.4458877591315,22.4458877591315,True
R3_ATP_LOW,1.4042657180945939e-05,re0000000336_MINUS_re0000000337,6.059427282768608e-35,6.059427282768608e-35,6.059427282768608e-35,6.059427282768608e-35,True
R3_ATP_LOW,1.5057481005056217e-05,re0000000332_MINUS_re0000000333,23.141262223917945,23.141262223917945,23.141262223917945,23.141262223917945,True
R3_ATP_LOW,1.5057481005056217e-05,re0000000336_MINUS_re0000000337,1.356308465337977e-34,1.356308465337977e-34,1.356308465337977e-34,1.356308465337977e-34,True
R3_ATP_LOW,1.6145643327764838e-05,re0000000332_MINUS_re0000000333,23.811469144742315,23.811469144742315,23.811469144742315,23.811469144742315,True
R3_ATP_LOW,1.6145643327764838e-05,re0000000336_MINUS_re0000000337,3.0147044998350068e-34,3.0147044998350068e-34,3.0147044998350068e-34,3.0147044998350068e-34,True
R3_ATP_LOW,1.731244411863195e-05,re0000000332_MINUS_re0000000333,24.45246576995679,24.45246576995679,24.45246576995679,24.45246576995679,True
R3_ATP_LOW,1.731244411863195e-05,re0000000336_MINUS_re0000000337,6.6506811373247885e-34,6.6506811373247885e-34,6.6506811373247885e-34,6.6506811373247885e-34,True
R3_ATP_LOW,1.85635663612944e-05,re0000000332_MINUS_re0000000333,25.060485958985584,25.060485958985584,25.060485958985584,25.060485958985584,True
R3_ATP_LOW,1.85635663612944e-05,re0000000336_MINUS_re0000000337,1.4554072024906331e-33,1.4554072024906331e-33,1.4554072024906331e-33,1.4554072024906331e-33,True
R3_ATP_LOW,1.990510373282947e-05,re0000000332_MINUS_re0000000333,25.632144955231727,25.632144955231727,25.632144955231727,25.632144955231727,True
R3_ATP_LOW,1.990510373282947e-05,re0000000336_MINUS_re0000000337,3.157523131416394e-33,3.157523131416394e-33,3.157523131416394e-33,3.157523131416394e-33,True
R3_ATP_LOW,2.1343590283428323e-05,re0000000332_MINUS_re0000000333,26.16454194121822,26.16454194121822,26.16454194121822,26.16454194121822,True
R3_ATP_LOW,2.1343590283428323e-05,re0000000336_MINUS_re0000000337,6.787072614751578e-33,6.787072614751578e-33,6.787072614751578e-33,6.787072614751578e-33,True
R3_ATP_LOW,2.2886032260938262e-05,re0000000332_MINUS_re0000000333,26.655355296318117,26.655355296318117,26.655355296318117,26.655355296318117,True
R3_ATP_LOW,2.2886032260938262e-05,re0000000336_MINUS_re0000000337,1.4444599754614942e-32,1.4444599754614942e-32,1.4444599754614942e-32,1.4444599754614942e-32,True
R3_ATP_LOW,2.4539942235274857e-05,re0000000332_MINUS_re0000000333,27.102925026158026,27.102925026158026,27.102925026158026,27.102925026158026,True
R3_ATP_LOW,2.4539942235274857e-05,re0000000336_MINUS_re0000000337,3.041657228858447e-32,3.041657228858447e-32,3.041657228858447e-32,3.041657228858447e-32,True
R3_ATP_LOW,2.6313375688912024e-05,re0000000332_MINUS_re0000000333,27.50631672033712,27.50631672033712,27.50631672033712,27.50631672033712,True
R3_ATP_LOW,2.6313375688912024e-05,re0000000336_MINUS_re0000000337,6.332453466253465e-32,6.332453466253465e-32,6.332453466253465e-32,6.332453466253465e-32,True
R3_ATP_LOW,2.821497025166361e-05,re0000000332_MINUS_re0000000333,27.86536170512727,27.86536170512727,27.86536170512727,27.86536170512727,True
R3_ATP_LOW,2.821497025166361e-05,re0000000336_MINUS_re0000000337,1.3024031707374292e-31,1.3024031707374292e-31,1.3024031707374292e-31,1.3024031707374292e-31,True
R3_ATP_LOW,3.025398777085531e-05,re0000000332_MINUS_re0000000333,28.18066887052339,28.18066887052339,28.18066887052339,28.18066887052339,True
R3_ATP_LOW,3.025398777085531e-05,re0000000336_MINUS_re0000000337,2.6440139781878167e-31,2.6440139781878167e-31,2.6440139781878167e-31,2.6440139781878167e-31,True
R3_ATP_LOW,3.244035942178925e-05,re0000000332_MINUS_re0000000333,28.45360499786447,28.45360499786447,28.45360499786447,28.45360499786447,True
R3_ATP_LOW,3.244035942178925e-05,re0000000336_MINUS_re0000000337,5.293434325390705e-31,5.293434325390705e-31,5.293434325390705e-31,5.293434325390705e-31,True
R3_ATP_LOW,3.4784734078218436e-05,re0000000332_MINUS_re0000000333,28.686242273056205,28.686242273056205,28.686242273056205,28.686242273056205,True
R3_ATP_LOW,3.4784734078218436e-05,re0000000336_MINUS_re0000000337,1.0441284803355621e-30,1.0441284803355621e-30,1.0441284803355621e-30,1.0441284803355621e-30,True
R3_ATP_LOW,3.729853017841903e-05,re0000000332_MINUS_re0000000333,28.881273940311683,28.881273940311683,28.881273940311683,28.881273940311683,True
R3_ATP_LOW,3.729853017841903e-05,re0000000336_MINUS_re0000000337,2.0271032774865926e-30,2.0271032774865926e-30,2.0271032774865926e-30,2.0271032774865926e-30,True
R3_ATP_LOW,3.9993991339481656e-05,re0000000332_MINUS_re0000000333,29.04190157013994,29.04190157013994,29.04190157013994,29.04190157013994,True
R3_ATP_LOW,3.9993991339481656e-05,re0000000336_MINUS_re0000000337,3.8693795967275246e-30,3.8693795967275246e-30,3.8693795967275246e-30,3.8693795967275246e-30,True
R3_ATP_LOW,4.288424599069083e-05,re0000000332_MINUS_re0000000333,29.171699928665717,29.171699928665717,29.171699928665717,29.171699928665717,True
R3_ATP_LOW,4.288424599069083e-05,re0000000336_MINUS_re0000000337,7.253757987003533e-30,7.253757987003533e-30,7.253757987003533e-30,7.253757987003533e-30,True
R3_ATP_LOW,4.598337131644549e-05,re0000000332_MINUS_re0000000333,29.274467646618213,29.274467646618213,29.274467646618213,29.274467646618213,True
R3_ATP_LOW,4.598337131644549e-05,re0000000336_MINUS_re0000000337,1.3339159596813712e-29,1.3339159596813712e-29,1.3339159596813712e-29,1.3339159596813712e-29,True
R3_ATP_LOW,4.930646182015418e-05,re0000000332_MINUS_re0000000333,29.35407348554293,29.35407348554293,29.35407348554293,29.35407348554293,True
R3_ATP_LOW,4.930646182015418e-05,re0000000336_MINUS_re0000000337,2.4032562357256307e-29,2.4032562357256307e-29,2.4032562357256307e-29,2.4032562357256307e-29,True
R3_ATP_LOW,5.2869702843054784e-05,re0000000332_MINUS_re0000000333,29.41430869565663,29.41430869565663,29.41430869565663,29.41430869565663,True
R3_ATP_LOW,5.2869702843054784e-05,re0000000336_MINUS_re0000000337,4.2365912113848374e-29,4.2365912113848374e-29,4.2365912113848374e-29,4.2365912113848374e-29,True
R3_ATP_LOW,5.669044939603364e-05,re0000000332_MINUS_re0000000333,29.45875557018955,29.45875557018955,29.45875557018955,29.45875557018955,True
R3_ATP_LOW,5.669044939603364e-05,re0000000336_MINUS_re0000000337,7.29784534971321e-29,7.29784534971321e-29,7.29784534971321e-29,7.29784534971321e-29,True
R3_ATP_LOW,6.0787310688401797e-05,re0000000332_MINUS_re0000000333,29.490680768016595,29.490680768016595,29.490680768016595,29.490680768016595,True
R3_ATP_LOW,6.0787310688401797e-05,re0000000336_MINUS_re0000000337,1.2266827488243428e-28,1.2266827488243428e-28,1.2266827488243428e-28,1.2266827488243428e-28,True
R3_ATP_LOW,6.518024076533102e-05,re0000000332_MINUS_re0000000333,29.512959430157956,29.512959430157956,29.512959430157956,29.512959430157956,True
R3_ATP_LOW,6.518024076533102e-05,re0000000336_MINUS_re0000000337,2.009153511235291e-28,2.009153511235291e-28,2.009153511235291e-28,2.009153511235291e-28,True
R3_ATP_LOW,6.98906356954055e-05,re0000000332_MINUS_re0000000333,29.52803286122561,29.52803286122561,29.52803286122561,29.52803286122561,True
R3_ATP_LOW,6.98906356954055e-05,re0000000336_MINUS_re0000000337,3.2019444105377794e-28,3.2019444105377794e-28,3.2019444105377794e-28,3.2019444105377794e-28,True
R3_ATP_LOW,7.4941437781648e-05,re0000000332_MINUS_re0000000333,29.537899032795774,29.537899032795774,29.537899032795774,29.537899032795774,True
R3_ATP_LOW,7.4941437781648e-05,re0000000336_MINUS_re0000000337,4.958081394524453e-28,4.958081394524453e-28,4.958081394524453e-28,4.958081394524453e-28,True
R3_ATP_LOW,8.035724730358717e-05,re0000000332_MINUS_re0000000333,29.544131912140433,29.544131912140433,29.544131912140433,29.544131912140433,True
R3_ATP_LOW,8.035724730358717e-05,re0000000336_MINUS_re0000000337,7.4491983995015e-28,7.4491983995015e-28,7.4491983995015e-28,7.4491983995015e-28,True
R3_ATP_LOW,8.616444233461395e-05,re0000000332_MINUS_re0000000333,29.54792311261738,29.54792311261738,29.54792311261738,29.54792311261738,True
R3_ATP_LOW,8.616444233461395e-05,re0000000336_MINUS_re0000000337,1.0845188343832391e-27,1.0845188343832391e-27,1.0845188343832391e-27,1.0845188343832391e-27,True
R3_ATP_LOW,9.239130721820518e-05,re0000000332_MINUS_re0000000333,29.55013795314759,29.55013795314759,29.55013795314759,29.55013795314759,True
R3_ATP_LOW,9.239130721820518e-05,re0000000336_MINUS_re0000000337,1.5282800746177325e-27,1.5282800746177325e-27,1.5282800746177325e-27,1.5282800746177325e-27,True
R3_ATP_LOW,9.906817032876724e-05,re0000000332_MINUS_re0000000333,29.5513778409867,29.5513778409867,29.5513778409867,29.5513778409867,True
R3_ATP_LOW,9.906817032876724e-05,re0000000336_MINUS_re0000000337,2.0827407260010627e-27,2.0827407260010627e-27,2.0827407260010627e-27,2.0827407260010627e-27,True
R3_ATP_LOW,0.0001,re0000000332_MINUS_re0000000333,29.551493564568123,29.551378653741182,29.551378590043598,29.551378590045505,False
R3_ATP_LOW,0.0001,re0000000336_MINUS_re0000000337,2.165480639589987e-27,-5.732983813670933e-28,5.593026509861442e-26,5.593026657912012e-26,False
R3_ATP_LOW,0.00010843659686896097,re0000000332_MINUS_re0000000333,29.552167519671386,29.55138626061948,29.551385641959257,29.551385642155743,False
R3_ATP_LOW,0.00010843659686896097,re0000000336_MINUS_re0000000337,2.957283130957168e-27,-2.656603180207266e-25,3.0238360422582347e-25,3.0238371348719915e-25,False
R3_ATP_LOW,0.0001175849554052157,re0000000332_MINUS_re0000000333,29.552473646701507,29.551394986477725,29.55139380825894,29.551393809040093,False
R3_ATP_LOW,0.0001175849554052157,re0000000336_MINUS_re0000000337,3.862989908752314e-27,-1.0405788405187667e-24,8.215152496764367e-26,8.215176973749811e-26,False
R3_ATP_LOW,0.00012750512407130128,re0000000332_MINUS_re0000000333,29.552606657599906,29.551404962837214,29.551403224149347,29.5514032260244,False
R3_ATP_LOW,0.00012750512407130128,re0000000336_MINUS_re0000000337,4.8480477181471e-27,-2.4482564989145428e-24,-7.238080031256114e-25,-7.2380815113747985e-25,False
R3_ATP_LOW,0.00013826221737646565,re0000000332_MINUS_re0000000333,29.55266477972248,29.551416330215506,29.551414034250442,29.55141403787565,False
R3_ATP_LOW,0.00013826221737646565,re0000000336_MINUS_re0000000337,5.912897803624608e-27,-4.6335321666057234e-24,-2.255658548742052e-24,-2.2556610151245503e-24,False
R3_ATP_LOW,0.00014992684327860457,re0000000332_MINUS_re0000000333,29.552693749898957,29.55142923732366,29.55142639176243,29.55142639797428,False
R3_ATP_LOW,0.00014992684327860457,re0000000336_MINUS_re0000000337,7.196292125101357e-27,-7.765339002196196e-24,-4.6763539803045605e-24,-4.6763634273374705e-24,False
R3_ATP_LOW,0.00016257556664437935,re0000000332_MINUS_re0000000333,29.552713141614372,29.551443839879628,29.551440457231113,29.5514404670857,False
R3_ATP_LOW,0.00016257556664437935,re0000000336_MINUS_re0000000337,9.225327870666212e-27,-1.2037972727287785e-23,-8.172060433297376e-24,-8.172086741630053e-24,False
R3_ATP_LOW,0.0001762914118095948,re0000000332_MINUS_re0000000333,29.55273064716473,29.551460298991913,29.55145639686398,29.551456411683343,False
R3_ATP_LOW,0.0001762914118095948,re0000000336_MINUS_re0000000337,1.354896808555232e-26,-1.7670400133571076e-23,-1.2950092155152142e-23,-1.2950153434320038e-23,False
R3_ATP_LOW,0.00019116440753857018,re0000000332_MINUS_re0000000333,29.552749073562296,29.55147877907674,29.5514743803592,29.551474401785374,False
R3_ATP_LOW,0.00019116440753857018,re0000000336_MINUS_re0000000337,2.4395905261611095e-26,-2.490172067358224e-23,-1.9232132604116257e-23,-1.9232257629427454e-23,False
R3_ATP_LOW,0.0002072921779595372,re0000000332_MINUS_re0000000333,29.552769420517834,29.551499445286048,29.551494578224663,29.551494608282248,False
R3_ATP_LOW,0.0002072921779595372,re0000000336_MINUS_re0000000337,5.304653761607912e-26,-3.3979270673727027e-23,-2.723857383465747e-23,-2.7238799765663853e-23,False
R3_ATP_LOW,0.00022478058335487252,re0000000332_MINUS_re0000000333,29.55279208854563,29.551522460443028,29.55151715858486,29.55151719975281,False
R3_ATP_LOW,0.00022478058335487252,re0000000336_MINUS_re0000000337,1.2930047183930249e-25,-4.5132517484405444e-23,-3.7155749139843695e-23,-3.715610728906728e-23,False
R3_ATP_LOW,0.00024374441501222218,re0000000332_MINUS_re0000000333,29.55281729774597,29.551547981506445,29.551542283499593,29.55154233879268,False
R3_ATP_LOW,0.00024374441501222218,re0000000336_MINUS_re0000000337,3.3128131819701257e-25,-5.851857451988434e-23,-4.906887374239351e-23,-4.9069343080437617e-23,False
R3_ATP_LOW,0.00026430814869741055,re0000000332_MINUS_re0000000333,29.552845213382028,29.551576155614235,29.551570104849322,29.55157017790968,False
R3_ATP_LOW,0.00026430814869741055,re0000000336_MINUS_re0000000337,8.621777451529397e-25,-7.41083384473371e-23,-6.282290435227582e-23,-6.282330456060674e-23,False
R3_ATP_LOW,0.000286606761694825,re0000000332_MINUS_re0000000333,29.552875976166128,29.551607115789018,29.551600759876145,29.551600855074838,False
R3_ATP_LOW,0.000286606761694825,re0000000336_MINUS_re0000000337,2.246068159908884e-24,-9.144221004315215e-23,-7.772495346066034e-23,-7.772471202968648e-23,False
R3_ATP_LOW,0.0003107866187782014,re0000000332_MINUS_re0000000333,29.55290970562441,29.551640976421037,29.551634366504103,29.551634489052258,False
R3_ATP_LOW,0.0003107866187782014,re0000000336_MINUS_re0000000337,5.823293401608807e-24,-1.0908712847872836e-22,-9.188569345273205e-23,-9.188335099664041e-23,False
R3_ATP_LOW,0.00033700643292719284,re0000000332_MINUS_re0000000333,29.55294649694062,29.551677828674062,29.55167101859409,29.55167117466271,False
R3_ATP_LOW,0.00033700643292719284,re0000000336_MINUS_re0000000337,1.4992970176009406e-23,-1.233882730966073e-22,-1.0071771375934814e-22,-1.0070978946891114e-22,False
R3_ATP_LOW,0.00036543830709572547,re0000000332_MINUS_re0000000333,29.552986416585178,29.551717735983278,29.551710781313165,29.55171097815996,False
R3_ATP_LOW,0.00036543830709572547,re0000000336_MINUS_re0000000337,3.830360159610007e-23,-1.2552302732957523e-22,-9.343622767795535e-23,-9.341446819265156e-23,False
R3_ATP_LOW,0.0003962688638701478,re0000000332_MINUS_re0000000333,29.553029498019168,29.551760729826203,29.551753686810333,29.551753932911122,False
R3_ATP_LOW,0.0003962688638701478,re0000000336_MINUS_re0000000337,9.707802635156651e-23,-9.442832024104854e-23,-4.4793110664033956e-23,-4.473765615075485e-23,False
R3_ATP_LOW,0.00042970047043208395,re0000000332_MINUS_re0000000333,29.55307573785877,29.551806805944732,29.551799730386826,29.55180003556829,False
R3_ATP_LOW,0.00042970047043208395,re0000000336_MINUS_re0000000337,2.4407550455302987e-22,2.0333433475546644e-23,1.0458349324781658e-22,1.0472108761923277e-22,False
R3_ATP_LOW,0.0004659525668664682,re0000000332_MINUS_re0000000333,29.553125092693552,29.551855921175534,29.551848867325944,29.551849242895315,False
R3_ATP_LOW,0.0004659525668664682,re0000000336_MINUS_re0000000337,6.088124086210308e-22,3.4020770066718733e-22,4.950469712190087e-22,4.953852579371262e-22,False
R3_ATP_LOW,0.0005052631065335679,re0000000332_MINUS_re0000000333,29.5531774766841,29.551907991007017,29.55190101050467,29.55190146937094,False
R3_ATP_LOW,0.0005052631065335679,re0000000336_MINUS_re0000000337,1.5067875962576808e-21,1.1586892247446992e-21,1.4594765126666966e-21,1.4603043080122218e-21,False
R3_ATP_LOW,0.0005478901179593945,re0000000332_MINUS_re0000000333,29.553232760001798,29.551962887927363,29.55195602885072,29.551956585630794,False
R3_ATP_LOW,0.0005478901179593945,re0000000336_MINUS_re0000000337,3.700763647332417e-21,3.1855683113139017e-21,3.787930704450543e-21,3.789946450965995e-21,False
R3_ATP_LOW,0.0005941133984965033,re0000000332_MINUS_re0000000333,29.55329076810587,29.55202044056626,29.552013746641393,29.552014417743337,False
R3_ATP_LOW,0.0005941133984965033,re0000000336_MINUS_re0000000337,9.02120892850214e-21,8.13395271127806e-21,9.352671339274536e-21,9.357549616414247e-21,False
R3_ATP_LOW,0.0006442363508721371,re0000000332_MINUS_re0000000333,29.55335128178843,29.55208043357471,29.552073943576485,29.55207474725094,False
R3_ATP_LOW,0.0006442363508721371,re0000000336_MINUS_re0000000337,2.1828921614041754e-20,2.0121421133826443e-20,2.2576192146629073e-20,2.25879078005384e-20,False
R3_ATP_LOW,0.0006985879746785249,re0000000332_MINUS_re0000000333,29.55341403787116,29.552142608144937,29.55213635551082,29.552137311860548,False
R3_ATP_LOW,0.0006985879746785249,re0000000336_MINUS_re0000000337,5.243802086397632e-20,4.898898788609787e-20,5.3858421796189134e-20,5.388630027325203e-20,False
R3_ATP_LOW,0.0007575250258771912,re0000000332_MINUS_re0000000333,29.553478730422412,29.552206663059973,29.552200675716573,29.552201806653212,False
R3_ATP_LOW,0.0007575250258771912,re0000000336_MINUS_re0000000337,1.2506824279218244e-19,1.1809914822215334e-19,1.275259299303667e-19,1.2759155853803101e-19,False
R3_ATP_LOW,0.0008214343584919422,re0000000332_MINUS_re0000000333,29.55354501238988,29.552272256188914,29.552266556571954,29.552267885708577,False
R3_ATP_LOW,0.0008214343584919422,re0000000336_MINUS_re0000000337,2.9618265072284304e-19,2.8250241731762627e-19,3.0014342086995164e-19,3.002960355821912e-19,False
R3_ATP_LOW,0.000890735463861044,re0000000332_MINUS_re0000000333,29.553612497615656,29.55233900641151,29.552333611643668,29.55233516411148,False
R3_ATP_LOW,0.000890735463861044,re0000000336_MINUS_re0000000337,6.964529032187962e-19,6.70886695662289e-19,7.023915743179407e-19,7.027416973027447e-19,False
R3_ATP_LOW,0.0009658832241158709,re0000000332_MINUS_re0000000333,29.553680763308556,29.552406496057234,29.552401418237363,29.552403220415535,False
R3_ATP_LOW,0.0009658832241158709,re0000000336_MINUS_re0000000337,1.6260400586067563e-18,1.5815651532737865e-18,1.6341150595066277e-18,1.6349066500610741e-18,False
R3_ATP_LOW,0.0010473708979594498,re0000000332_MINUS_re0000000333,29.55374935317402,29.552474274060238,29.552469520614537,29.552471599763503,False
R3_ATP_LOW,0.0010473708979594498,re0000000336_MINUS_re0000000337,3.769159441356922e-18,3.700053351804114e-18,3.778328459904924e-18,3.780090655614026e-18,False
R3_ATP_LOW,0.001135733358343105,re0000000332_MINUS_re0000000333,29.553817781516486,29.552541860136817,29.552537434187194,29.5525398179783,False
R3_ATP_LOW,0.001135733358343105,re0000000336_MINUS_re0000000337,8.67313027021526e-18,8.58746604164478e-18,8.679011543437303e-18,8.682871279630692e-18,False
R3_ATP_LOW,0.0012315506032928262,re0000000332_MINUS_re0000000333,29.553885538701827,29.552608750356097,29.55260465107238,29.552607367010676,False
R3_ATP_LOW,0.0012315506032928262,re0000000336_MINUS_re0000000337,1.98083295110807e-17,1.9765787181869797e-17,1.9798373319899016e-17,1.9806685706797675e-17,False
R3_ATP_LOW,0.0013354515629298987,re0000000332_MINUS_re0000000333,29.55395209837029,29.552674424471952,29.55267064739014,29.552673722132752,False
R3_ATP_LOW,0.0013354515629298987,re0000000336_MINUS_re0000000337,4.4891276189822725e-17,4.510422715919317e-17,4.483438671348883e-17,4.4851977888656e-17,False
R3_ATP_LOW,0.001448118227674533,re0000000332_MINUS_re0000000333,29.554016926709245,29.55273835530053,29.552734892605393,29.55273835118507,False
R3_ATP_LOW,0.001448118227674533,re0000000336_MINUS_re0000000337,1.0092530001220674e-16,1.0200934743437008e-16,1.0075035436147698e-16,1.0078691427786822e-16,False
R3_ATP_LOW,0.0015702901247293774,re0000000332_MINUS_re0000000333,29.554079493927823,29.552800020262303,29.552796861046126,29.5528007260187,False
R3_ATP_LOW,0.0015702901247293774,re0000000336_MINUS_re0000000337,2.2502260341042494e-16,2.2858502816985694e-16,2.245753888122145e-16,2.246499625084043e-16,False
R3_ATP_LOW,0.0017027691722258996,re0000000332_MINUS_re0000000333,29.55413928784013,29.55285891497622,29.552856045494266,29.55286033603903,False
R3_ATP_LOW,0.0017027691722258996,re0000000336_MINUS_re0000000337,4.973801457875437e-16,5.073449393512775e-16,4.963394552104336e-16,4.964886452982844e-16,False
R3_ATP_LOW,0.0018464249428955426,re0000000332_MINUS_re0000000333,29.55419582918625,29.552914568522244,29.552911972468156,29.552916703481312,False
R3_ATP_LOW,0.0018464249428955426,re0000000336_MINUS_re0000000337,1.0894862602380713e-15,1.1149742301029466e-15,1.0872045660551452e-15,1.0874970782051517e-15,False
R3_ATP_LOW,0.0020022003718155844,re0000000332_MINUS_re0000000333,29.55424868803381,29.552966559708732,29.55296421853057,29.552969399762787,False
R3_ATP_LOW,0.0020022003718155844,re0000000336_MINUS_re0000000337,2.364013982255046e-15,2.42541205155973e-15,2.359222015977526e-15,2.3597836374077037e-15,False
R3_ATP_LOW,0.002171117945694505,re0000000332_MINUS_re0000000333,29.55429750034024,29.553014533425365,29.5530124266962,29.55301806199442,False
R3_ATP_LOW,0.002171117945694505,re0000000336_MINUS_re0000000337,5.079126184920591e-15,5.220523656172009e-15,5.069397351169548e-15,5.070452360760217e-15,False
R3_ATP_LOW,0.0023542864143224177,re0000000332_MINUS_re0000000333,29.554341983546777,29.55305821595887,29.553056321806967,29.553062408526465,False
R3_ATP_LOW,0.0023542864143224177,re0000000336_MINUS_re0000000337,1.0800620321435226e-14,1.1114638118399575e-14,1.0781420047360676e-14,1.0783357256798178e-14,False
R3_ATP_LOW,0.0025529080682395165,re0000000332_MINUS_re0000000333,29.55438194994467,29.55309742802534,29.553095723619357,29.553102252272637,False
R3_ATP_LOW,0.0025529080682395165,re0000000336_MINUS_re0000000337,2.2721452648563818e-14,2.339762021530078e-14,2.268448433030332e-14,2.268795789288901e-14,False
R3_ATP_LOW,0.0027682866303920667,re0000000332_MINUS_re0000000333,29.55441731652924,29.553132094254188,29.55313055632979,29.553137510532473,False
R3_ATP_LOW,0.0027682866303920667,re0000000336_MINUS_re0000000337,4.726694532524361e-14,4.868379999700089e-14,4.719732550771918e-14,4.7203401330405596e-14,False
R3_ATP_LOW,0.003001835813575589,re0000000332_MINUS_re0000000333,29.554448110160862,29.5531622479684,29.553160853375225,29.55316821013445,False
R3_ATP_LOW,0.003001835813575589,re0000000336_MINUS_re0000000337,9.718991003306899e-14,1.0008650526816404e-13,9.70614265269574e-14,9.707178291032644e-14,False
R3_ATP_LOW,0.0032550885998350564,re0000000332_MINUS_re0000000333,29.554474467100718,29.553188030361152,29.55318675660359,29.553194486971123,False
R3_ATP_LOW,0.0032550885998350564,re0000000336_MINUS_re0000000337,1.974419047250462e-13,2.0323052356929605e-13,1.9720918084813132e-13,1.9722636475096795e-13,False
R3_ATP_LOW,0.00352970730273065,re0000000332_MINUS_re0000000333,29.554496626391227,29.553209683574277,29.553208509316523,29.553216579397677,False
R3_ATP_LOW,0.00352970730273065,re0000000336_MINUS_re0000000337,3.9612365471742054e-13,4.0744859617290233e-13,3.9570938321786306e-13,3.9573710914164847e-13,False
R3_ATP_LOW,0.003827494478516315,re0000000332_MINUS_re0000000333,29.554514917087715,29.553227537721668,29.553226443227523,29.55323481550079,False
R3_ATP_LOW,0.003827494478516315,re0000000336_MINUS_re0000000337,7.845544565425399e-13,8.062714778191463e-13,7.83828861852065e-13,7.838723189508844e-13,False
R3_ATP_LOW,0.004150404757850472,re0000000332_MINUS_re0000000333,29.55452973997582,29.553241992524367,29.55324096000541,29.55324959487042,False
R3_ATP_LOW,0.004150404757850472,re0000000336_MINUS_re0000000337,1.5333982996168673e-12,1.574260146326845e-12,1.5321464666265384e-12,1.5322125726299553e-12,False
R3_ATP_LOW,0.004500557675700498,re0000000332_MINUS_re0000000333,29.554541545052814,29.553253494857856,29.55325250870999,29.553261366149037,False
R3_ATP_LOW,0.004500557675700498,re0000000336_MINUS_re0000000337,2.956504766338228e-12,3.03201153533872e-12,2.954375189669286e-12,2.954472707394507e-12,False
R3_ATP_LOW,0.004880251583654433,re0000000332_MINUS_re0000000333,29.554550806612156,29.55326251405783,29.553261560975283,29.553270602191958,False
R3_ATP_LOW,0.004880251583654433,re0000000336_MINUS_re0000000337,5.621624989303653e-12,5.758764726152526e-12,5.618049307790094e-12,5.61818873118511e-12,False
R3_ATP_LOW,0.005291978735958442,re0000000332_MINUS_re0000000333,29.554557998142485,29.553269517183868,29.553268586150487,29.553277775043615,False
R3_ATP_LOW,0.005291978735958442,re0000000336_MINUS_re0000000337,1.0538794137014415e-11,1.078380297149479e-11,1.0532863038910109e-11,1.053305618163022e-11,False
R3_ATP_LOW,0.005738441648302393,re0000000332_MINUS_re0000000333,29.554563569345135,29.553274946511657,29.553274028680608,29.55328333302625,False
R3_ATP_LOW,0.005738441648302393,re0000000336_MINUS_re0000000337,1.9474763060768282e-11,1.9905636625806695e-11,1.946503615789391e-11,1.9465295450718557e-11,False
R3_ATP_LOW,0.006222570836730231,re0000000332_MINUS_re0000000333,29.554567927335256,29.55327920126903,29.553278289751812,29.55328768200007,False
R3_ATP_LOW,0.006222570836730231,re0000000336_MINUS_re0000000337,3.546782692164542e-11,3.621419971290684e-11,3.545204415389701e-11,3.5452381778298473e-11,False
R3_ATP_LOW,0.006747544053110693,re0000000332_MINUS_re0000000333,29.554571423535606,29.553282625063673,29.553281714656354,29.553291172298938,False
R3_ATP_LOW,0.006747544053110693,re0000000336_MINUS_re0000000337,6.365483729575626e-11,6.492912688962851e-11,6.362948508161345e-11,6.362991220419989e-11,False
R3_ATP_LOW,0.007316807143427192,re0000000332_MINUS_re0000000333,29.554574346981326,29.553285499659165,29.55328458653687,29.553294092057715,False
R3_ATP_LOW,0.007316807143427192,re0000000336_MINUS_re0000000337,1.125749968970959e-10,1.14720535145839e-10,1.1253466235797806e-10,1.1253518888460853e-10,False
R3_ATP_LOW,0.007934096665797492,re0000000332_MINUS_re0000000333,29.554576923873185,29.55328804488576,29.553287126294943,29.553296666768833,False
R3_ATP_LOW,0.007934096665797492,re0000000336_MINUS_re0000000337,1.9618807890170562e-10,1.9975251819784883e-10,1.9612449819401644e-10,1.961251335011415e-10,False
R3_ATP_LOW,0.00860346441668451,re0000000332_MINUS_re0000000333,29.55457932242126,29.553290423697508,29.55328949767032,29.553299064113236,False
R3_ATP_LOW,0.00860346441668451,re0000000336_MINUS_re0000000337,3.3694403350777006e-10,3.427898782506833e-10,3.368447031596183e-10,3.368454582072926e-10,False
R3_ATP_LOW,0.009329304026284686,re0000000332_MINUS_re0000000333,29.554581661471445,29.553292750862706,29.553291815969523,29.553301402562223,False
R3_ATP_LOW,0.009329304026284686,re0000000336_MINUS_re0000000337,5.703741567798077e-10,5.798431596378014e-10,5.702203264208418e-10,5.702212176029582e-10,False
R3_ATP_LOW,0.01011637979766207,re0000000332_MINUS_re0000000333,29.55458402120189,29.553295103595797,29.553294158743018,29.55330376204399,False
R3_ATP_LOW,0.01011637979766207,re0000000336_MINUS_re0000000337,9.518508471787488e-10,9.670056578754828e-10,9.51614644024828e-10,9.51615698695769e-10,False
R3_ATP_LOW,0.01096985797892384,re0000000332_MINUS_re0000000333,29.554586454333332,29.55329753261062,29.553296576882193,29.553306195121984,False
R3_ATP_LOW,0.01096985797892384,re0000000336_MINUS_re0000000337,1.566396143503246e-09,1.5903715656239303e-09,1.5660364874226899e-09,1.5660377514883405e-09,False
R3_ATP_LOW,0.011895340673703195,re0000000332_MINUS_re0000000333,29.554588996726068,29.553300072515963,29.553299105050495,29.553308737564297,False
R3_ATP_LOW,0.011895340673703195,re0000000336_MINUS_re0000000337,2.54272536629374e-09,2.580233592244585e-09,2.54218221238195e-09,2.5421837598832296e-09,False
R3_ATP_LOW,0.01289890261253308,re0000000332_MINUS_re0000000333,29.554591676816756,29.553302751045873,29.553301770937065,29.553311417756984,False
R3_ATP_LOW,0.01289890261253308,re0000000336_MINUS_re0000000337,4.0731130884817755e-09,4.131163282358114e-09,4.0722993707338366e-09,4.072301316251742e-09,False
R3_ATP_LOW,0.013987131026472387,re0000000332_MINUS_re0000000333,29.55459452391318,29.553305597176028,29.553304603382124,29.55331426498275,False
R3_ATP_LOW,0.013987131026472387,re0000000336_MINUS_re0000000337,6.441192602674086e-09,6.530106392212014e-09,6.439983039143549e-09,6.4399855548392444e-09,False
R3_ATP_LOW,0.015167168884709226,re0000000332_MINUS_re0000000333,29.55459757582554,29.553308648617985,29.55330763986561,29.553317317040847,False
R3_ATP_LOW,0.015167168884709226,re0000000336_MINUS_re0000000337,1.0060482976423715e-08,1.0195315319618717e-08,1.0058698614927903e-08,1.0058701955684792e-08,False
R3_ATP_LOW,0.016446761779946643,re0000000332_MINUS_re0000000333,29.55460088660726,29.553311959467752,29.553310934135524,29.553320627981364,False
R3_ATP_LOW,0.016446761779946643,re0000000336_MINUS_re0000000337,1.5527324300130575e-08,1.5729835718692427e-08,1.5524711318165466e-08,1.552471586041268e-08,False
R3_ATP_LOW,0.017834308769319095,re0000000332_MINUS_re0000000333,29.554604535341696,29.55331560893819,29.553314564905143,29.5533242768888,False
R3_ATP_LOW,0.017834308769319095,re0000000336_MINUS_re0000000337,2.3693045769573005e-08,2.3994419433841273e-08,2.3689246564223655e-08,2.3689252870262643e-08,False
R3_ATP_LOW,0.0193389175045523,re0000000332_MINUS_re0000000333,29.554608636998637,29.55331971218806,29.553318646630515,29.553328378736932,False
R3_ATP_LOW,0.0193389175045523,re0000000336_MINUS_re0000000337,3.5761656251315915e-08,3.6206214707049975e-08,3.575617025286025e-08,3.5756179175754605e-08,False
R3_ATP_LOW,0.02097046401323233,re0000000332_MINUS_re0000000333,29.55461335646521,29.553324434343143,29.55332334346091,29.5533330984199,False
R3_ATP_LOW,0.02097046401323233,re0000000336_MINUS_re0000000337,5.342120563836886e-08,5.4071460403923976e-08,5.341333649930679e-08,5.3413349364708206e-08,False
R3_ATP_LOW,0.022739657523579274,re0000000332_MINUS_re0000000333,29.554618926990088,29.553330008939618,29.55332888758783,29.5533386691964,False
R3_ATP_LOW,0.022739657523579274,re0000000336_MINUS_re0000000337,7.901929865170368e-08,7.996276530491821e-08,7.900808347986018e-08,7.900810239936166e-08,False
R3_ATP_LOW,0.024658110758226038,re0000000332_MINUS_re0000000333,29.55462567448933,29.55333676223497,29.553335603431563,29.553345416997228,False
R3_ATP_LOW,0.024658110758226038,re0000000336_MINUS_re0000000337,1.1579613885294437e-07,1.1715447473421614e-07,1.1578025393241511e-07,1.15780282340209e-07,False
R3_ATP_LOW,0.026738416158399468,re0000000332_MINUS_re0000000333,29.55463404947102,29.55334514513903,29.553343939410002,29.55335379235118,False
R3_ATP_LOW,0.026738416158399468,re0000000336_MINUS_re0000000337,1.6819203260340365e-07,1.7013320831077058e-07,1.6816966856180738e-07,1.6816971213845017e-07,False
R3_ATP_LOW,0.028994228538828753,re0000000332_MINUS_re0000000333,29.554644668732863,29.55335577491891,29.553354509432875,29.553364412084672,False
R3_ATP_LOW,0.028994228538828753,re0000000336_MINUS_re0000000337,2.422505861014723e-07,2.4500498950193074e-07,2.422192836312646e-07,2.422193518878412e-07,False
R3_ATP_LOW,0.031440354715915,re0000000332_MINUS_re0000000333,29.55465836948349,29.55336948932723,29.55336814675831,29.553378113445383,False
R3_ATP_LOW,0.031440354715915,re0000000336_MINUS_re0000000337,3.4614397689293475e-07,3.500255729512478e-07,3.461004119400768e-07,3.4610052090190865e-07,False
R3_ATP_LOW,0.03409285069746811,re0000000332_MINUS_re0000000333,29.554676279129808,29.553387416397026,29.5533859734392,29.553396023894045,False
R3_ATP_LOW,0.03409285069746811,re0000000336_MINUS_re0000000337,4.908527605103352e-07,4.962866931858045e-07,4.907924650577404e-07,4.907926417588e-07,False
R3_ATP_LOW,0.036969127071950283,re0000000332_MINUS_re0000000333,29.554699904673043,29.55341106384205,29.553409489279026,29.553419650503713,False
R3_ATP_LOW,0.036969127071950283,re0000000336_MINUS_re0000000337,6.910397506651456e-07,6.985980749025908e-07,6.909567534581546e-07,6.909570434315133e-07,False
R3_ATP_LOW,0.04008806328898465,re0000000332_MINUS_re0000000333,29.554731246449364,29.553442432801805,29.55344068501387,29.553450993707276,False
R3_ATP_LOW,0.04008806328898465,re0000000336_MINUS_re0000000337,9.661656349968517e-07,9.766131969983701e-07,9.66052001346671e-07,9.660524809020729e-07,False
R3_ATP_LOW,0.04347013158125022,re0000000332_MINUS_re0000000333,29.554772941865394,29.55348416157702,29.553482185338435,29.55349269103929,False
R3_ATP_LOW,0.04347013158125022,re0000000336_MINUS_re0000000337,1.3419031442835072e-06,1.3562559808519625e-06,1.3417483925456186e-06,1.3417491887254993e-06,False
R3_ATP_LOW,0.047137531341167244,re0000000332_MINUS_re0000000333,29.55482844577682,29.553539706005253,29.55353742839408,29.553548197523938,False
R3_ATP_LOW,0.047137531341167244,re0000000336_MINUS_re0000000337,1.8519167321318086e-06,1.8715157055972433e-06,1.8517071003687392e-06,1.8517084229153729e-06,False
R3_ATP_LOW,0.051114334834401656,re0000000332_MINUS_re0000000333,29.554902255251136,29.553613564215638,29.553610889419907,29.55362201044867,False
R3_ATP_LOW,0.051114334834401656,re0000000336_MINUS_re0000000337,2.5400856907831226e-06,2.5666883818737226e-06,2.5398032245026104e-06,2.539805416564223e-06,False
R3_ATP_LOW,0.05542664520663107,re0000000332_MINUS_re0000000333,29.555000187599717,29.55371155464844,29.55370835740928,29.553719947411174,False
R3_ATP_LOW,0.05542664520663107,re0000000336_MINUS_re0000000337,3.463260185077033e-06,3.4991542751999474e-06,3.4628816145448746e-06,3.462885232152544e-06,False
R3_ATP_LOW,0.06010276782070382,re0000000332_MINUS_re0000000333,29.55512972173551,29.553841157391656,29.55383727477501,29.553849487693185,False
R3_ATP_LOW,0.06010276782070382,re0000000336_MINUS_re0000000337,4.694651451475629e-06,4.7427928629147976e-06,4.694146827875424e-06,4.694152762753895e-06,False
R3_ATP_LOW,0.0651733960488242,re0000000332_MINUS_re0000000333,29.555300414035855,29.554011930016546,29.554007151150277,29.554020188144577,False
R3_ATP_LOW,0.0651733960488242,re0000000336_MINUS_re0000000337,6.327968851860266e-06,6.392147670310369e-06,6.327299913417237e-06,6.327309580637705e-06,False
R3_ATP_LOW,0.07067181273927492,re0000000332_MINUS_re0000000333,29.555524400909235,29.55423601010951,29.554230063462285,29.554244185775993,False
R3_ATP_LOW,0.07067181273927492,re0000000336_MINUS_re0000000337,8.482426866018855e-06,8.567463408444504e-06,8.4815451116296e-06,8.481560733107311e-06,False
R3_ATP_LOW,0.07663410868007454,re0000000332_MINUS_re0000000333,29.55581700106859,29.554528717499668,29.55452125521295,29.554536800059985,False
R3_ATP_LOW,0.07663410868007454,re0000000336_MINUS_re0000000337,1.130875350141558e-05,1.1420725639113485e-05,1.1307597963264531e-05,1.1307622990012283e-05,False
R3_ATP_LOW,0.08309941949353396,re0000000332_MINUS_re0000000333,29.55619743096122,29.55490926964151,29.5548998483589,29.554917248399967,False
R3_ATP_LOW,0.08309941949353396,re0000000336_MINUS_re0000000337,1.499633679236112e-05,1.514283758472699e-05,1.4994831517633115e-05,1.4994871251499603e-05,False
R3_ATP_LOW,0.09011018251665019,re0000000332_MINUS_re0000000333,29.55668964678989,29.555401623577254,29.55538968114616,29.555409488190346,False
R3_ATP_LOW,0.09011018251665019,re0000000336_MINUS_re0000000337,1.9781646567573752e-05,1.9972068166075748e-05,1.977969785086641e-05,1.9779760348075783e-05,False
R3_ATP_LOW,0.09771241535346502,re0000000332_MINUS_re0000000333,29.557323325827383,29.556035457194955,29.55602028454988,29.556043198180785,False
R3_ATP_LOW,0.09771241535346502,re0000000336_MINUS_re0000000337,2.5958062741748833e-05,2.6203898132377876e-05,2.5955556193387318e-05,2.5955653560255507e-05,False
R3_ATP_LOW,0.10595601792776159,re0000000332_MINUS_re0000000333,29.55813499816304,29.556847300920595,29.556828008396717,29.556854910278673,False
R3_ATP_LOW,0.10595601792776159,re0000000336_MINUS_re0000000337,3.388722710662151e-05,3.420237531478701e-05,3.388402469932878e-05,3.388417492754706e-05,False
R3_ATP_LOW,0.11489510001873086,re0000000332_MINUS_re0000000333,29.55916933737626,29.55788182834747,29.5578573056246,29.557889300286167,False
R3_ATP_LOW,0.11489510001873086,re0000000336_MINUS_re0000000337,4.401201098058749e-05,4.441306366485753e-05,4.400794829228107e-05,4.400817782049902e-05,False
R3_ATP_LOW,0.12458833642950082,re0000000332_MINUS_re0000000333,29.56048061477759,29.559193310452912,29.55916217929808,29.55920064221183,False
R3_ATP_LOW,0.12458833642950082,re0000000336_MINUS_re0000000337,5.687115441510571e-05,5.7377632212719245e-05,5.68660383846103e-05,5.6866385628269715e-05,False
R3_ATP_LOW,0.13509935211980265,re0000000332_MINUS_re0000000333,29.562134316705396,29.56084723290443,29.56080779187208,29.560854425646735,False
R3_ATP_LOW,0.13509935211980265,re0000000336_MINUS_re0000000337,7.311558295164389e-05,7.375007854486831e-05,7.310919057116727e-05,7.310971071517636e-05,False
R3_ATP_LOW,0.14649713983072862,re0000000332_MINUS_re0000000333,29.564208917984615,29.562922069570238,29.56287222984152,29.56292912930596,False
R3_ATP_LOW,0.14649713983072862,re0000000336_MINUS_re0000000337,9.352634542114657e-05,9.431451737354501e-05,9.351842390800583e-05,9.351919532097941e-05,False
R3_ATP_LOW,0.15885651294280528,re0000000332_MINUS_re0000000333,29.56679779728165,29.565511197996585,29.56544840959292,29.565518136477234,False
R3_ATP_LOW,0.15885651294280528,re0000000336_MINUS_re0000000337,0.00011903404327995304,0.00012000439086068117,0.00011902431243840514,0.00011902544513246476,False
R3_ATP_LOW,0.17225859653987857,re0000000332_MINUS_re0000000333,29.57001127233889,29.56872493484135,29.568646102542708,29.56873177034941,False
R3_ATP_LOW,0.17225859653987857,re0000000336_MINUS_re0000000337,0.00015073954376099152,0.00015192287910384522,0.0001507277013351734,0.00015072934794330757,False
R3_ATP_LOW,0.1867913599020783,re0000000332_MINUS_re0000000333,29.57397872576712,29.572692661969675,29.5725940503963,29.572699419904396,False
R3_ATP_LOW,0.1867913599020783,re0000000336_MINUS_re0000000337,0.00018993569409619937,0.000191364215628825,0.00018992142509469473,0.0001899237949039056,False
R3_ATP_LOW,0.20255019392306664,re0000000332_MINUS_re0000000333,29.578850786578187,29.577565008404182,29.577442135879487,29.577571721546406,False
R3_ATP_LOW,0.20255019392306664,re0000000336_MINUS_re0000000337,0.00023812969530290218,0.0002398355567636724,0.0002381126863264519,0.00023811606291617197,False
R3_ATP_LOW,0.2196385372416547,re0000000332_MINUS_re0000000333,29.584801530518234,29.583516051218197,29.583363572204387,29.58352275954226,False
R3_ATP_LOW,0.2196385372416547,re0000000336_MINUS_re0000000337,0.00029706576765242687,0.0002990790321229315,0.0002970457273358222,0.0002970504903925322,False
R3_ATP_LOW,0.23816855519761582,re0000000332_MINUS_re0000000333,29.59203066552982,29.590745501679457,29.590557077736946,29.59075225156782,False
R3_ATP_LOW,0.23816855519761582,re0000000336_MINUS_re0000000337,0.0003687477657194904,0.00037109363508905667,0.000368724452392748,0.0003687311042408508,False
R3_ATP_LOW,0.2582618760682675,re0000000332_MINUS_re0000000333,29.600765679073447,29.599480853411933,29.599249012753486,29.599487696129053,False
R3_ATP_LOW,0.2582618760682675,re0000000336_MINUS_re0000000337,0.00045546149896225074,0.0004581567169691949,0.00045543475657637203,0.0004554439539210185,False
R3_ATP_LOW,0.2800503894183631,re0000000332_MINUS_re0000000333,29.611263943472295,29.609979488709698,29.609695474444596,29.609986477995463,False
R3_ATP_LOW,0.2800503894183631,re0000000336_MINUS_re0000000337,0.0005597967021273575,0.0005628450427555562,0.0005597665053227324,0.0005597790966185524,False
R3_ATP_LOW,0.30367711180354573,re0000000332_MINUS_re0000000333,29.62381480455406,29.622530768271133,29.622184375323695,29.62253795692853,False
R3_ATP_LOW,0.30367711180354573,re0000000336_MINUS_re0000000337,0.0006846688887236496,0.0006880556593336319,0.0006846353978457557,0.000684652466640812,False
R3_ATP_LOW,0.3292971255097151,re0000000332_MINUS_re0000000333,29.6387417173828,29.637458168120585,29.637037568508045,29.637465603494544,False
R3_ATP_LOW,0.3292971255097151,re0000000336_MINUS_re0000000337,0.0008333417086276995,0.0008370272140502978,0.000833305335201277,0.0008333282497445066,False
R3_ATP_LOW,0.35707859649004625,re0000000332_MINUS_re0000000333,29.656404538438437,29.655121573077025,29.654613128702607,29.655129291342043,False
R3_ATP_LOW,0.35707859649004625,re0000000336_MINUS_re0000000337,0.0010094508960065696,0.0010133628204536584,0.001009412379232134,0.001009442848633382,False
R3_ATP_LOW,0.3872038781812553,re0000000332_MINUS_re0000000333,29.67720213177745,29.675919884284713,29.675307945624795,29.67592790347359,False
R3_ATP_LOW,0.3872038781812553,re0000000336_MINUS_re0000000337,0.0012170313922510445,0.0012210560525402366,0.0012169918870866365,0.0012170320244126358,False
R3_ATP_LOW,0.419870708444391,re0000000332_MINUS_re0000000333,29.701575490506002,29.700294142144195,29.69956083020124,29.700302453857507,False
R3_ATP_LOW,0.419870708444391,re0000000336_MINUS_re0000000337,0.0014605496909467774,0.0014645220905389609,0.0014605108684039678,0.0014605632613082964,False
R3_ATP_LOW,0.4552935074866948,re0000000332_MINUS_re0000000333,29.7300116055776,29.728731396658052,29.72785636437059,29.728739956377503,False
R3_ATP_LOW,0.4552935074866948,re0000000336_MINUS_re0000000337,0.0017449437865337813,0.001748636350425044,0.00174490794761597,0.0017449757374848817,False
R3_ATP_LOW,0.4937047852839004,re0000000332_MINUS_re0000000333,29.7630483216999,29.761769565068885,29.760729733123203,29.76177828095989,False
R3_ATP_LOW,0.4937047852839004,re0000000336_MINUS_re0000000337,0.0020756732159981084,0.0020787830096042704,0.0020756434212762243,0.00207573039233788,False
R3_ATP_LOW,0.5353566677410724,re0000000332_MINUS_re0000000333,29.80128039660667,29.800003493097105,29.798772753939847,29.800012213117363,False
R3_ATP_LOW,0.5353566677410724,re0000000336_MINUS_re0000000337,0.0024587814698122656,0.002460915605309019,0.002458761687663065,0.0024588723681443565,False
R3_ATP_LOW,0.5805225516094895,re0000000332_MINUS_re0000000333,29.84536691979156,29.844092375954993,29.842641258936656,29.84410087300696,False
R3_ATP_LOW,0.5805225516094895,re0000000336_MINUS_re0000000337,0.0029009724578514806,0.0029016312786496264,0.0029009677356789396,0.002901107513702417,False
R3_ATP_LOW,0.6294988990221888,re0000000332_MINUS_re0000000333,29.896040150972112,29.894768599508396,29.893063889691728,29.894776554280014,False
R3_ATP_LOW,0.6294988990221888,re0000000336_MINUS_re0000000337,0.003409701751877492,0.003408259274699968,0.0034097184153182797,0.003409893672902389,False
R3_ATP_LOW,0.6826071834272386,re0000000332_MINUS_re0000000333,29.954115716012893,29.952847939411065,29.950852242798568,29.952854920454836,False
R3_ATP_LOW,0.6826071834272386,re0000000336_MINUS_re0000000337,0.003993282073224691,0.00398896307749445,0.003993327959789786,0.0039935462287038195,False
R3_ATP_LOW,0.7401959996915645,re0000000332_MINUS_re0000000333,30.020503966199612,30.019240924177275,30.016912173007455,30.01924636469497,False
R3_ATP_LOW,0.7401959996915645,re0000000336_MINUS_re0000000337,0.004661001130273235,0.0046528542328055315,0.004661085864466619,0.0046613560077786165,False
R3_ATP_LOW,0.8026433522257174,re0000000332_MINUS_re0000000333,30.096222189691616,30.094965051019344,30.0922559443015,30.094968221780707,False
R3_ATP_LOW,0.8026433522257174,re0000000336_MINUS_re0000000337,0.005423248680187953,0.005410114733556898,0.005423383996283182,0.0054237164193141835,False
R3_ATP_LOW,0.8703591361485166,re0000000332_MINUS_re0000000333,30.182407288142713,30.181157467435966,30.178014843828954,30.1811574452725,False
R3_ATP_LOW,0.8703591361485166,re0000000336_MINUS_re0000000337,0.006291648864589661,0.006272124079278544,0.006291848983966074,0.006292255877950049,False
R3_ATP_LOW,0.9437878277775381,re0000000332_MINUS_re0000000333,30.28032851988246,30.279087719865924,30.275451862045365,30.279083351226905,False
R3_ATP_LOW,0.9437878277775381,re0000000336_MINUS_re0000000337,0.0072791936979115235,0.007251587002218845,0.007279475765650965,0.0072799713866214,False
R3_ATP_LOW,1.0234114021054528,re0000000332_MINUS_re0000000333,30.39139997671373,30.39017023634966,30.385974107761836,30.390160095512144,False
R3_ATP_LOW,1.0234114021054528,re0000000336_MINUS_re0000000337,0.008400374205393746,0.008362658510846837,0.00840075878985497,0.008401359774184875,False
R3_ATP_LOW,1.1097524964120722,re0000000332_MINUS_re0000000333,30.517192604056618,30.51597635280571,30.511144768759113,30.515958694453623,False
R3_ATP_LOW,1.1097524964120722,re0000000336_MINUS_re0000000337,0.009671307129963225,0.00962106433310494,0.009671818787103824,0.009672544504454575,False
R3_ATP_LOW,1.2033778407775906,re0000000332_MINUS_re0000000333,30.659445781064278,30.658245899393755,30.652694634455834,30.65821860540381,False
R3_ATP_LOW,1.2033778407775906,re0000000336_MINUS_re0000000337,0.011109857229143927,0.011044216918130064,0.011110525132890983,0.011111398076522288,False
R3_ATP_LOW,1.3049019780144016,re0000000332_MINUS_re0000000333,30.820078729368106,30.81889861563591,30.812533448003705,30.818859135980134,False
R3_ATP_LOW,1.3049019780144016,re0000000336_MINUS_re0000000337,0.012735757786572321,0.012651329685314402,0.01273661642394109,0.012737662638184278,False
R3_ATP_LOW,1.414991297434576,re0000000332_MINUS_re0000000333,31.00120230310131,31.00004594683747,30.992761637547826,30.999991234522025,False
R3_ATP_LOW,1.414991297434576,re0000000336_MINUS_re0000000337,0.014570734923950113,0.014463535055247476,0.014571824856194003,0.014573074401382191,False
R3_ATP_LOW,1.5343684089300131,re0000000332_MINUS_re0000000333,31.205132032293477,31.20400409436801,31.19568329465553,31.203930534111457,False
R3_ATP_LOW,1.5343684089300131,re0000000336_MINUS_re0000000337,0.0166386446838942,0.01650401500224512,0.016640013376678753,0.0166415008335258,False
R3_ATP_LOW,1.6638168860761273,re0000000332_MINUS_re0000000333,31.43440368278243,31.433309583111356,31.423821656497754,31.433212913070783,False
R3_ATP_LOW,1.6638168860761273,re0000000336_MINUS_re0000000337,0.018965636019402154,0.018798156777270408,0.018967338748315403,0.018969103766862026,False
R3_ATP_LOW,1.8041864093920719,re0000000332_MINUS_re0000000333,31.691793131220038,31.690739145748555,31.67993888170714,31.69061437078668,False
R3_ATP_LOW,1.8041864093920719,re0000000336_MINUS_re0000000337,0.0215803585545018,0.021373751813517784,0.021582459403695735,0.021584547306649354,False
R3_ATP_LOW,1.9563983435170649,re0000000332_MINUS_re0000000333,31.980343162962527,31.979336533098603,31.967062714860518,31.979177826825858,False
R3_ATP_LOW,1.9563983435170649,re0000000336_MINUS_re0000000337,0.024514242637337702,0.02426126392002046,0.02451681562299569,0.024519278081857925,False
R3_ATP_LOW,2.1214517849106276,re0000000332_MINUS_re0000000333,32.303401092620334,32.30245015242145,32.2885239199837,32.30225074302876,False
R3_ATP_LOW,2.1214517849106276,re0000000336_MINUS_re0000000337,0.02780189300915481,0.027494205793363702,0.027805023381106672,0.027807919197743926,False
R3_ATP_LOW,2.300430119772917,re0000000332_MINUS_re0000000333,32.664673243809375,32.66378757422352,32.64801049013618,32.66353960552162,False
R3_ATP_LOW,2.300430119772917,re0000000336_MINUS_re0000000337,0.03148166022947407,0.031109684258471007,0.03148544604620249,0.03148884209259077,False
R3_ATP_LOW,2.4945081352303164,re0000000332_MINUS_re0000000333,33.068305991750094,33.0674966175115,33.04964828906157,33.067190970647424,False
R3_ATP_LOW,2.4945081352303164,re0000000336_MINUS_re0000000337,0.03559649315957358,0.03514921133361159,0.035601047294310184,0.03560501969969894,False
R3_ATP_LOW,2.704959730463137,re0000000332_MINUS_re0000000333,33.51900966727408,33.51828932308643,33.498124343548234,33.51791537402568,False
R3_ATP_LOW,2.704959730463137,re0000000336_MINUS_re0000000337,0.04019524627824467,0.03965994418281115,0.04020069912747199,0.04020533486376422,False
R3_ATP_LOW,2.9331662783900425,re0000000332_MINUS_re0000000333,34.022254180701566,34.021637693222566,33.99888150340155,34.02118296212887,False
R3_ATP_LOW,2.9331662783900425,re0000000336_MINUS_re0000000337,0.045334749984249356,0.04469664263294816,0.04534125335531962,0.04534665248255312,False
R3_ATP_LOW,3.180625692794119,re0000000332_MINUS_re0000000333,34.58459067970398,34.58409555123662,34.55843851769614,34.58354516295569,False
R3_ATP_LOW,3.180625692794119,re0000000336_MINUS_re0000000337,0.05108322492333173,0.05032488749581918,0.05109095796985016,0.051097237017935664,False
R3_ATP_LOW,3.44896226040576,re0000000332_MINUS_re0000000333,35.21420821988431,35.21385558035765,35.18494397253214,35.213191377871496,False
R3_ATP_LOW,3.44896226040576,re0000000336_MINUS_re0000000337,0.057526209000570816,0.05662664951601435,0.057535387907801355,0.057542685317760196,False
R3_ATP_LOW,3.739937302478794,re0000000332_MINUS_re0000000333,35.921954196484876,35.92177047148435,35.88919172300352,35.920969452235454,False
R3_ATP_LOW,3.739937302478794,re0000000336_MINUS_re0000000337,0.06477745992197015,0.06371049653902679,0.06478835489203233,0.0647968404232713,False
R3_ATP_LOW,4.0554607358408274,re0000000332_MINUS_re0000000333,36.72325252443261,36.72327254275643,36.68652969199159,36.72230392629726,False
R3_ATP_LOW,4.0554607358408274,re0000000336_MINUS_re0000000337,0.07299955321695961,0.07173078361684769,0.07301252027679264,0.0730224123617995,False
R3_ATP_LOW,4.397603609302721,re0000000332_MINUS_re0000000333,37.64049375661125,37.640765863886024,37.59923829803162,37.639586236352486,False
R3_ATP_LOW,4.397603609302721,re0000000336_MINUS_re0000000337,0.08243002674544186,0.08091166965923992,0.08244556199330152,0.08245715685903575,False
R3_ATP_LOW,4.768611697714475,re0000000332_MINUS_re0000000333,38.68432101685903,38.68489784809201,38.63790722167997,38.683459940867984,False
R3_ATP_LOW,4.768611697714475,re0000000336_MINUS_re0000000337,0.09318338228058565,0.09136120683742792,0.09320204784037242,0.09321567971755029,False
R3_ATP_LOW,5.170920242896756,re0000000332_MINUS_re0000000333,39.75141369859921,39.75227175301036,39.69971966843882,39.75060056053822,False
R3_ATP_LOW,5.170920242896756,re0000000336_MINUS_re0000000337,0.10415613343820951,0.10204734231091077,0.10417773974956449,0.10419333761161315,False
R3_ATP_LOW,5.607169938205458,re0000000332_MINUS_re0000000333,40.71435666401521,40.71540587996789,40.657889156877566,40.713587815189605,False
R3_ATP_LOW,5.607169938205458,re0000000336_MINUS_re0000000337,0.1139979856015998,0.11169105964916759,0.11402160897733692,0.11403868168154044,False
R3_ATP_LOW,6.080224261649427,re0000000332_MINUS_re0000000333,41.55868023468065,41.559846968705195,41.498021208556565,41.55795105561458,False
R3_ATP_LOW,6.080224261649427,re0000000336_MINUS_re0000000337,0.12257659217812034,0.12014625507169802,0.12260146245521035,0.12261957805108951,False
R3_ATP_LOW,6.593188271333542,re0000000332_MINUS_re0000000333,42.298759498953586,42.29999422230264,42.234422323705694,42.2980656751951,False
R3_ATP_LOW,6.593188271333542,re0000000336_MINUS_re0000000337,0.13006019484964781,0.1275570431580257,0.1300857954961556,0.1301046486414169,False
R3_ATP_LOW,7.149428986597577,re0000000332_MINUS_re0000000333,42.946382014488336,42.94765149395978,42.878823344308955,42.945719538906,False
R3_ATP_LOW,7.149428986597577,re0000000336_MINUS_re0000000337,0.13658360251702106,0.1340416834988667,0.13660958871615964,0.1366289622207926,False
R3_ATP_LOW,7.752597488629465,re0000000332_MINUS_re0000000333,43.509694273991045,43.51097632249485,43.4393315531323,43.50905935661638,False
R3_ATP_LOW,7.752597488629465,re0000000336_MINUS_re0000000337,0.14223969770591793,0.1396818824680349,0.14226583947763605,0.14228557597601124,False
R3_ATP_LOW,8.406652885618316,re0000000332_MINUS_re0000000333,43.99907374382019,44.00035457104866,43.92627376105118,43.9984629689448,False
R3_ATP_LOW,8.406652885618316,re0000000336_MINUS_re0000000337,0.1471407498283952,0.14458156339137088,0.14716690212854308,0.1471868912284275,False
R3_ATP_LOW,9.115888299750818,re0000000332_MINUS_re0000000333,44.43410258291988,44.43537485743949,44.359135370660375,44.4335133971624,False
R3_ATP_LOW,9.115888299750818,re0000000336_MINUS_re0000000337,0.151489104776374,0.1489367320207089,0.15151518648962004,0.15153535941745602,False
R3_ATP_LOW,9.884959046625585,re0000000332_MINUS_re0000000333,44.84498247056035,44.84624297898733,44.7679681150678,44.844413744595045,False
R3_ATP_LOW,9.884959046625585,re0000000336_MINUS_re0000000337,0.15559120317720954,0.15304972425225372,0.1556171742160511,0.15563749794158516,False
R3_ATP_LOW,10.718913192051286,re0000000332_MINUS_re0000000333,45.26745287026279,45.268700436338094,45.188333663478886,45.26690520468718,False
R3_ATP_LOW,10.718913192051286,re0000000336_MINUS_re0000000337,0.15980704546836932,0.15727836987442248,0.15983288722746292,0.1598533575307207,False
R3_ATP_LOW,11.623224686798519,re0000000332_MINUS_re0000000333,45.736869165382814,45.73810370316401,45.65541137213724,45.73634488650934,False
R3_ATP_LOW,11.623224686798519,re0000000336_MINUS_re0000000337,0.16449193782955263,0.16197668943132246,0.16451764431066473,0.1645382811577518,False
R3_ATP_LOW,12.603829296797274,re0000000332_MINUS_re0000000333,46.28564556693891,46.2868681964241,46.20145403018803,46.285148581018525,False
R3_ATP_LOW,12.603829296797274,re0000000336_MINUS_re0000000337,0.1699718414547533,0.16746926701750425,0.1699974202104254,0.17001826675841722,False
R3_ATP_LOW,13.667163564620074,re0000000332_MINUS_re0000000333,46.94388158322545,46.94509533259642,46.85641124205782,46.94341725221305,False
R3_ATP_LOW,13.667163564620074,re0000000336_MINUS_re0000000337,0.1765501899708397,0.174057512186108,0.1765756686431355,0.1765967933454625,False
R3_ATP_LOW,14.82020705798857,re0000000332_MINUS_re0000000333,47.741404336469714,47.74261515970219,47.649961555678814,47.740979450110686,False
R3_ATP_LOW,14.82020705798857,re0000000336_MINUS_re0000000337,0.18452866268671642,0.18204011328127212,0.1845540987814061,0.18457560012318236,False
R3_ATP_LOW,16.070528182616385,re0000000332_MINUS_re0000000333,48.70997767680092,48.71119576960976,48.61371052858516,48.70960052979012,False
R3_ATP_LOW,16.070528182616385,re0000000336_MINUS_re0000000337,0.19422963140641514,0.19173517026252762,0.19425512525750752,0.19427713918372203,False
R3_ATP_LOW,17.42633386009651,re0000000332_MINUS_re0000000333,49.88520405255258,49.886445572722984,49.7830830541339,49.8848846094573,False
R3_ATP_LOW,17.42633386009651,re0000000336_MINUS_re0000000337,0.20601564231765224,0.2034992572036508,0.20604135435033386,0.2060640647772279,False
R3_ATP_LOW,18.896523396912077,re0000000332_MINUS_re0000000333,51.30808348907158,51.30937282956769,51.198874468226286,51.307833619007674,False
R3_ATP_LOW,18.896523396912077,re0000000336_MINUS_re0000000337,0.22030561344763555,0.21774305747028522,0.22033178719857413,0.2203554401705026,False
R3_ATP_LOW,20.49074689815846,re0000000332_MINUS_re0000000333,53.0263497964479,53.02772257745328,52.90857993859453,53.02618356466979,False
R3_ATP_LOW,20.49074689815846,re0000000336_MINUS_re0000000337,0.23758897152401914,0.23494477645648792,0.23761596413912695,0.23764088635715896,False
R3_ATP_LOW,22.21946860939524,re0000000332_MINUS_re0000000333,55.095719645847566,55.09722661296799,54.96763707205413,55.095653654146545,False
R3_ATP_LOW,22.21946860939524,re0000000336_MINUS_re0000000337,0.2584391142590903,0.25566269356748905,0.2584674364257402,0.2584940590727119,False
R3_ATP_LOW,24.09403560239527,re0000000332_MINUS_re0000000333,57.5811588652432,57.582870919030306,57.44068553938745,57.58121264268743,False
R3_ATP_LOW,24.09403560239527,re0000000336_MINUS_re0000000337,0.2835272821594117,0.2805479030844771,0.2835576498531021,0.2835865388907358,False
R3_ATP_LOW,26.126752255633264,re0000000332_MINUS_re0000000333,60.55823823646642,60.56025285700345,60.402915585057464,60.55843467978933,False
R3_ATP_LOW,26.126752255633264,re0000000336_MINUS_re0000000337,0.3136376145102986,0.3103579736939242,0.31367101541384884,0.31370290981269516,False
R3_ATP_LOW,28.330961018393243,re0000000332_MINUS_re0000000333,64.11463473259937,64.11708412360517,63.94156102004795,64.11500060198195,False
R3_ATP_LOW,28.330961018393243,re0000000336_MINUS_re0000000337,0.3496840147108742,0.34597209478648216,0.3497217928220576,0.3497576525598124,False
R3_ATP_LOW,30.72112998861759,re0000000332_MINUS_re0000000333,68.3518320992589,68.35489344792835,68.15759024090384,68.35239857554643,False
R3_ATP_LOW,30.72112998861759,re0000000336_MINUS_re0000000337,0.3927294492859801,0.38840825977865384,0.3927734120725479,0.3928144781893053,False
R3_ATP_LOW,33.3129478793467,re0000000332_MINUS_re0000000333,73.38707416621037,73.3909825110378,73.1676482755751,73.38787747908682,False
R3_ATP_LOW,33.3129478793467,re0000000336_MINUS_re0000000337,0.4440083242079709,0.4388430351770332,0.4440608777348307,0.4441087473547674,False
R3_ATP_LOW,36.123426997094306,re0000000332_MINUS_re0000000333,79.35560908878688,79.36067339907498,79.10628770005526,79.35669122621199,False
R3_ATP_LOW,36.123426997094306,re0000000336_MINUS_re0000000337,0.5049524522473803,0.49863431668525393,0.5050167710285759,0.5050734909929604,False
R3_ATP_LOW,39.17101490809261,re0000000332_MINUS_re0000000333,86.41322530573234,86.41984849157492,86.12848898771014,86.41463481518629,False
R3_ATP_LOW,39.17101490809261,re0000000336_MINUS_re0000000337,0.5772207592126506,0.5693471047819253,0.5773009989375728,0.5773691824853994,False
R3_ATP_LOW,42.47571552536894,re0000000332_MINUS_re0000000333,94.73903148784302,94.74773515703434,94.41242251221283,94.74082437911648,False
R3_ATP_LOW,42.47571552536894,re0000000336_MINUS_re0000000337,0.6627323794455151,0.6527818530953519,0.6628339419271931,0.662916913658676,False
R3_ATP_LOW,46.05922041145104,re0000000332_MINUS_re0000000333,104.5383983864449,104.54985322821764,104.16237014467961,104.54063914491631,False
R3_ATP_LOW,46.05922041145104,re0000000336_MINUS_re0000000337,0.763702420041227,0.7510046065695251,0.7638322807267262,0.7639342558124016,False
R3_ATP_LOW,49.9450511585514,re0000000332_MINUS_re0000000333,116.04597904370166,116.06104174168048,115.6117228371319,116.0487417581129,False
R3_ATP_LOW,49.9450511585514,re0000000336_MINUS_re0000000337,0.8826796323119197,0.8663781411480241,0.8828467413808054,0.8829730456820216,False
R3_ATP_LOW,54.15871378079476,re0000000332_MINUS_re0000000333,129.52874991600402,129.5485075004236,129.02599643292555,129.5321195338818,False
R3_ATP_LOW,54.15871378079476,re0000000336_MINUS_re0000000337,1.0225854758464266,1.001593589510895,1.0228012441929861,1.0229585828055705,False
R3_ATP_LOW,58.72786613189477,re0000000332_MINUS_re0000000333,145.28904453176074,145.31486705729603,144.70583671302822,145.29311825714998,False
R3_ATP_LOW,58.72786613189477,re0000000336_MINUS_re0000000337,1.186754344504152,1.1597023422663055,1.18703322627678,1.1872300090651118,False
R3_ATP_LOW,63.68249944718586,re0000000332_MINUS_re0000000333,163.66756093595177,163.70116331942697,162.98999410032292,163.67244979042104,False
R3_ATP_LOW,63.68249944718586,re0000000336_MINUS_re0000000337,1.378974806109909,1.3441481267882993,1.3793349893499485,1.3795817232565988,False
R3_ATP_LOW,69.0551352016233,re0000000332_MINUS_re0000000333,185.0463089819532,185.08982273293543,184.25823313853476,185.0521395649369,False
R3_ATP_LOW,69.0551352016233,re0000000336_MINUS_re0000000337,1.6035315182089107,1.5587990321012821,1.603995734383902,1.604305493789869,False
R3_ATP_LOW,74.88103857590015,re0000000332_MINUS_re0000000333,209.85143264802173,209.90748802564474,208.93411090235787,209.85834913675671,False
R3_ATP_LOW,74.88103857590015,re0000000336_MINUS_re0000000337,1.865247105481103,1.8079789583792987,1.8658435672662468,1.8662325551146624,False
R3_ATP_LOW,81.19844993184009,re0000000332_MINUS_re0000000333,238.55580903450027,238.62762786193682,237.48752492721184,238.5639754849202,False
R3_ATP_LOW,81.19844993184009,re0000000336_MINUS_re0000000337,2.1695228542230325,2.096497654334141,2.1702863276844773,2.1707745416577273,False
R3_ATP_LOW,88.04883581643465,re0000000332_MINUS_re0000000333,271.68129945453256,271.77279838162264,270.43690489820165,271.6909024814996,False
R3_ATP_LOW,88.04883581643465,re0000000336_MINUS_re0000000337,2.522376701919711,2.4296782626978697,2.5233497153049953,2.5239617347533536,False
R3_ATP_LOW,95.47716114208066,re0000000332_MINUS_re0000000333,309.8005141452886,309.9164175570432,308.35090829310985,309.8117660689315,False
R3_ATP_LOW,95.47716114208066,re0000000336_MINUS_re0000000337,2.930476742636529,2.8133811731236467,2.931710926400188,2.9324768370714183,False
R3_ATP_LOW,103.53218432956616,re0000000332_MINUS_re0000000333,353.537952457089,353.6839135424921,351.8494803551241,353.5510950493399,False
R3_ATP_LOW,103.53218432956616,re0000000336_MINUS_re0000000337,3.4011683596327202,3.2540230010553066,3.402725906548272,3.4036823815044297,False
R3_ATP_LOW,112.26677735108136,re0000000332_MINUS_re0000000333,403.57039614394307,403.7531238248272,401.6041542788813,403.58570512029786,False
R3_ATP_LOW,112.26677735108136,re0000000336_MINUS_re0000000337,3.94249318173388,3.7585896803738383,3.944448403255037,3.9456399593385205,False
R3_ATP_LOW,121.7382727739662,re0000000332_MINUS_re0000000333,460.6264661299065,460.8538547367531,458.33750003389315,460.64425657210376,False
R3_ATP_LOW,121.7382727739662,re0000000336_MINUS_re0000000337,4.563198361167451,4.33464299295288,4.565639309899855,4.567119760334818,False
R3_ATP_LOW,132.00884008314168,re0000000332_MINUS_re0000000333,525.4853050871752,525.7665629175924,522.8216819297934,525.5059380296534,False
R3_ATP_LOW,132.00884008314168,re0000000336_MINUS_re0000000337,5.272735267848475,4.990320382043667,5.275765382983243,5.27759950770664,False
R3_ATP_LOW,143.14589375234786,re0000000332_MINUS_re0000000333,598.9744207221083,599.3201930471984,595.8761572414912,598.9983111686336,False
R3_ATP_LOW,143.14589375234786,re0000000336_MINUS_re0000000337,6.081247610069113,5.734328624863225,6.084987334635832,6.087252791308044,False
R3_ATP_LOW,155.2225357427048,re0000000332_MINUS_re0000000333,681.9668172420934,682.3892990871818,678.3646403446229,681.9944439156709,False
R3_ATP_LOW,155.2225357427048,re0000000336_MINUS_re0000000337,6.999550251261098,6.575932872281528,7.0041385723900085,7.006928073309324,False
R3_ATP_LOW,168.31803533309548,re0000000332_MINUS_re0000000333,775.3776515740901,775.8906858681873,771.1915653169256,775.4095687722353,False
R3_ATP_LOW,168.31803533309548,re0000000336_MINUS_re0000000337,8.039101606875192,7.524943673827868,8.044697456757937,8.048121240157677,False
R3_ATP_LOW,182.51834943190426,re0000000332_MINUS_re0000000333,880.1607696218416,880.7799271646875,875.2983977791199,880.1976215869571,False
R3_ATP_LOW,182.51834943190426,re0000000336_MINUS_re0000000337,9.21197431301698,8.591705836309982,9.218757793170552,9.222946423586512,False
R3_ATP_LOW,197.91668678535575,re0000000332_MINUS_re0000000333,997.3055955674499,998.0482347963705,991.6602632067495,997.3481338335221,False
R3_ATP_LOW,197.91668678535575,re0000000336_MINUS_re0000000337,10.530830829695333,9.787094223901683,10.53900422612549,10.544111767904035,False
R3_ATP_LOW,214.6141197858406,re0000000332_MINUS_re0000000333,1127.8349501807243,1128.7202569297565,1121.28346014303,1127.8840544145364,False
R3_ATP_LOW,214.6141197858406,re0000000336_MINUS_re0000000337,12.008912456571124,11.122522776289022,12.018701054854498,12.02490867824169,False
R3_ATP_LOW,232.72024789604072,re0000000332_MINUS_re0000000333,1272.8044458488002,1273.8534561048139,1265.2044961386032,1272.8611488266458,False
R3_ATP_LOW,232.72024789604072,re0000000336_MINUS_re0000000337,13.660051762708463,12.60997395437932,13.671704488413223,13.679224589869593,False
R3_ATP_LOW,252.3539170434766,re0000000332_MINUS_re0000000333,1433.3041285630316,1434.5397402790527,1424.491303549914,1433.3696459932662,False
R3_ATP_LOW,252.3539170434766,re0000000336_MINUS_re0000000337,15.498719257651828,14.262056353382542,15.512509219573225,15.521590170306254,False
R3_ATP_LOW,273.6439997074672,re0000000332_MINUS_re0000000333,1610.462991756387,1611.9099748827532,1600.247243131688,1610.5387578293007,False
R3_ATP_LOW,273.6439997074672,re0000000336_MINUS_re0000000337,17.540115082170814,16.092098179010133,17.556340142224105,17.567271821969833,False
R3_ATP_LOW,296.73024081888667,re0000000332_MINUS_re0000000333,1805.456858528778,1807.1418751034573,1793.6183703692793,1805.5445683060616,False
R3_ATP_LOW,296.73024081888667,re0000000336_MINUS_re0000000337,19.80031532153953,18.114283509774662,19.819298841196854,19.832419171154616,False
R3_ATP_LOW,321.76417502507354,re0000000332_MINUS_re0000000333,2019.519910948351,2021.4715589091243,2005.8042163978337,2019.6215709942946,False
R3_ATP_LOW,321.76417502507354,re0000000336_MINUS_re0000000337,22.296480112476274,20.343836694318842,22.318572067598364,22.33427482648298,False
R3_ATP_LOW,348.9101213406774,re0000000332_MINUS_re0000000333,2253.9598480276763,2256.208743065459,2238.072032626235,2254.077837070094,False
R3_ATP_LOW,348.9101213406774,re0000000336_MINUS_re0000000337,25.047127273166552,22.797257937686233,25.072705941037018,25.091450233643517,False
R3_ATP_LOW,378.3462617131925,re0000000332_MINUS_re0000000333,2510.1763105411083,2512.755219731928,2491.77409886035,2510.313452536295,False
R3_ATP_LOW,378.3462617131925,re0000000336_MINUS_re0000000337,28.072471182211302,25.492610426206802,28.101945587086693,28.124267434635552,False
R3_ATP_LOW,410.26581058271904,re0000000332_MINUS_re0000000333,2789.6818767227232,2792.625915631817,2768.3673539068445,2789.8415291782376,False
R3_ATP_LOW,410.26581058271904,re0000000336_MINUS_re0000000337,31.39482271997258,28.449856769754184,31.42863612179171,31.45516276053379,False
R3_ATP_LOW,444.87828311275854,re0000000332_MINUS_re0000000333,3094.1246736980975,3097.471576370931,3069.4343416713164,3094.3108353704383,False
R3_ATP_LOW,444.87828311275854,re0000000336_MINUS_re0000000337,35.039043886587024,31.691240795027664,35.07767830400193,35.10914591740793,False
R3_ATP_LOW,482.41087041653736,re0000000332_MINUS_re0000000333,3425.311528660357,3429.1019963319627,3396.7043346067194,3425.5289711657842,False
R3_ATP_LOW,482.41087041653736,re0000000336_MINUS_re0000000337,39.03304952313192,35.2417104788464,39.07703168070506,39.114307458703216,False
R3_ATP_LOW,523.1099308056258,re0000000332_MINUS_re0000000333,3785.2306330017745,3789.5087656063934,3752.0735345154335,3785.4850629849348,False
R3_ATP_LOW,523.1099308056258,re0000000336_MINUS_re0000000337,43.40835163043812,39.12937954202004,43.45826022545053,43.50236985736792,False
R3_ATP_LOW,567.2426068491977,re0000000332_MINUS_re0000000333,4176.072917085141,4180.88672937156,4137.623456219566,4176.371176471461,False
R3_ATP_LOW,567.2426068491977,re0000000336_MINUS_re0000000337,48.20064567029476,43.38602909852081,48.257120442533854,48.30928242908425,False
R3_ATP_LOW,615.0985788580505,re0000000332_MINUS_re0000000333,4600.25168848224,4605.653713618352,4555.636932295803,4600.602003552965,False
R3_ATP_LOW,615.0985788580505,re0000000336_MINUS_re0000000337,53.45044698007405,48.047656607481606,53.51419936528554,53.57586791026503,False
R3_ATP_LOW,666.9919663030115,re0000000332_MINUS_re0000000333,5060.420512422919,5066.468497152316,5008.6115677642365,5060.832804643853,False
R3_ATP_LOW,666.9919663030115,re0000000336_MINUS_re0000000337,59.20379322953522,53.15508679519763,59.27561919721459,59.34853795524271,False
R3_ATP_LOW,723.2633896483534,re0000000332_MINUS_re0000000333,5559.4897210747,5566.247420985472,5499.270837492876,5559.975997165602,False
R3_ATP_LOW,723.2633896483534,re0000000336_MINUS_re0000000337,65.51304058497772,58.754667691766926,65.5938358183641,65.68010548503966,False
R3_ATP_LOW,784.2822061337682,re0000000332_MINUS_re0000000333,6100.642255809158,6108.180345071194,6030.573275404567,6101.217100093365,False
R3_ATP_LOW,784.2822061337682,re0000000336_MINUS_re0000000337,72.43779151141644,64.8990840636827,72.52856945062015,72.6307331738083,False
R3_ATP_LOW,850.4489341802686,re0000000332_MINUS_re0000000333,6687.349716059864,6695.746833179639,6605.720293173597,6688.030915398074,False
R3_ATP_LOW,850.4489341802686,re0000000336_MINUS_re0000000337,80.04600368859246,71.64833025278372,80.1479173434673,80.26906931919602,False
R3_ATP_LOW,922.1978823334322,re0000000332_MINUS_re0000000333,7323.389489207417,7332.733450285012,7228.163061040037,7324.198832132524,False
R3_ATP_LOW,922.1978823334322,re0000000336_MINUS_re0000000337,88.41534254932776,79.07089525439254,88.52971098953319,88.67363555474132,False
R3_ATP_LOW,1000.0,re0000000332_MINUS_re0000000333,8012.863691654056,8023.252914101615,7901.608595259396,8013.827998599308,False
R3_ATP_LOW,1000.0,re0000000336_MINUS_re0000000337,97.6348549160175,87.24522601697406,97.7631956097712,97.93454691036828,False
R3_TRNA_LOW,0.0,re0000000332_MINUS_re0000000333,0.0,0.0,0.0,0.0,True
R3_TRNA_LOW,0.0,re0000000336_MINUS_re0000000337,0.0,0.0,0.0,0.0,True
R3_TRNA_LOW,9.906817032876724e-08,re0000000332_MINUS_re0000000333,0.29564657974069114,0.29564657974069114,0.29564657974069114,0.29564657974069114,True
R3_TRNA_LOW,9.906817032876724e-08,re0000000336_MINUS_re0000000337,4.133628230010881e-60,4.133628230010881e-60,4.133628230010881e-60,4.133628230010881e-60,True
R3_TRNA_LOW,1.0622755178807271e-07,re0000000332_MINUS_re0000000333,0.3168918666155238,0.3168918666155238,0.3168918666155238,0.3168918666155238,True
R3_TRNA_LOW,1.0622755178807271e-07,re0000000336_MINUS_re0000000337,1.0429019726571575e-59,1.0429019726571575e-59,1.0429019726571575e-59,1.0429019726571575e-59,True
R3_TRNA_LOW,1.1390432185675446e-07,re0000000332_MINUS_re0000000333,0.33965455267684985,0.33965455267684985,0.33965455267684985,0.33965455267684985,True
R3_TRNA_LOW,1.1390432185675446e-07,re0000000336_MINUS_re0000000337,2.9235712879071495e-59,2.9235712879071495e-59,2.9235712879071495e-59,2.9235712879071495e-59,True
R3_TRNA_LOW,1.2213587077231184e-07,re0000000332_MINUS_re0000000333,0.36404162656012623,0.36404162656012623,0.36404162656012623,0.36404162656012623,True
R3_TRNA_LOW,1.2213587077231184e-07,re0000000336_MINUS_re0000000337,7.186383431777768e-59,7.186383431777768e-59,7.186383431777768e-59,7.186383431777768e-59,True
R3_TRNA_LOW,1.3096229086083863e-07,re0000000332_MINUS_re0000000333,0.3901674127894695,0.3901674127894695,0.3901674127894695,0.3901674127894695,True
R3_TRNA_LOW,1.3096229086083863e-07,re0000000336_MINUS_re0000000337,1.5711107169748706e-58,1.5711107169748706e-58,1.5711107169748706e-58,1.5711107169748706e-58,True
R3_TRNA_LOW,1.4042657180945938e-07,re0000000332_MINUS_re0000000333,0.41815404353973945,0.41815404353973945,0.41815404353973945,0.41815404353973945,True
R3_TRNA_LOW,1.4042657180945938e-07,re0000000336_MINUS_re0000000337,3.233963434506816e-58,3.233963434506816e-58,3.233963434506816e-58,3.233963434506816e-58,True
R3_TRNA_LOW,1.5057481005056216e-07,re0000000332_MINUS_re0000000333,0.44813195595708966,0.44813195595708966,0.44813195595708966,0.44813195595708966,True
R3_TRNA_LOW,1.5057481005056216e-07,re0000000336_MINUS_re0000000337,7.116905595025164e-58,7.116905595025164e-58,7.116905595025164e-58,7.116905595025164e-58,True
R3_TRNA_LOW,1.614564332776484e-07,re0000000332_MINUS_re0000000333,0.480240415654957,0.480240415654957,0.480240415654957,0.480240415654957,True
R3_TRNA_LOW,1.614564332776484e-07,re0000000336_MINUS_re0000000337,1.5536107693922105e-57,1.5536107693922105e-57,1.5536107693922105e-57,1.5536107693922105e-57,True
R3_TRNA_LOW,1.7312444118631913e-07,re0000000332_MINUS_re0000000333,0.514628066873794,0.514628066873794,0.514628066873794,0.514628066873794,True
R3_TRNA_LOW,1.7312444118631913e-07,re0000000336_MINUS_re0000000337,3.2384313077766293e-57,3.2384313077766293e-57,3.2384313077766293e-57,3.2384313077766293e-57,True
R3_TRNA_LOW,1.85635663612944e-07,re0000000332_MINUS_re0000000333,0.551453509631491,0.551453509631491,0.551453509631491,0.551453509631491,True
R3_TRNA_LOW,1.85635663612944e-07,re0000000336_MINUS_re0000000337,6.868484711288744e-57,6.868484711288744e-57,6.868484711288744e-57,6.868484711288744e-57,True
R3_TRNA_LOW,1.9905103732829428e-07,re0000000332_MINUS_re0000000333,0.5908859039920312,0.5908859039920312,0.5908859039920312,0.5908859039920312,True
R3_TRNA_LOW,1.9905103732829428e-07,re0000000336_MINUS_re0000000337,1.4818636243186104e-56,1.4818636243186104e-56,1.4818636243186104e-56,1.4818636243186104e-56,True
R3_TRNA_LOW,2.1343590283428324e-07,re0000000332_MINUS_re0000000333,0.6331056013364357,0.6331056013364357,0.6331056013364357,0.6331056013364357,True
R3_TRNA_LOW,2.1343590283428324e-07,re0000000336_MINUS_re0000000337,3.132351140868459e-56,3.132351140868459e-56,3.132351140868459e-56,3.132351140868459e-56,True
R3_TRNA_LOW,2.2886032260938216e-07,re0000000332_MINUS_re0000000333,0.6783048022256876,0.6783048022256876,0.6783048022256876,0.6783048022256876,True
R3_TRNA_LOW,2.2886032260938216e-07,re0000000336_MINUS_re0000000337,6.781359086493367e-56,6.781359086493367e-56,6.781359086493367e-56,6.781359086493367e-56,True
R3_TRNA_LOW,2.4539942235274855e-07,re0000000332_MINUS_re0000000333,0.7266882400926059,0.7266882400926059,0.7266882400926059,0.7266882400926059,True
R3_TRNA_LOW,2.4539942235274855e-07,re0000000336_MINUS_re0000000337,1.4677289755967915e-55,1.4677289755967915e-55,1.4677289755967915e-55,1.4677289755967915e-55,True
R3_TRNA_LOW,2.631337568891197e-07,re0000000332_MINUS_re0000000333,0.7784738895797696,0.7784738895797696,0.7784738895797696,0.7784738895797696,True
R3_TRNA_LOW,2.631337568891197e-07,re0000000336_MINUS_re0000000337,3.2043818997617008e-55,3.2043818997617008e-55,3.2043818997617008e-55,3.2043818997617008e-55,True
R3_TRNA_LOW,2.821497025166361e-07,re0000000332_MINUS_re0000000333,0.8338936978442516,0.8338936978442516,0.8338936978442516,0.8338936978442516,True
R3_TRNA_LOW,2.821497025166361e-07,re0000000336_MINUS_re0000000337,7.096862509209099e-55,7.096862509209099e-55,7.096862509209099e-55,7.096862509209099e-55,True
R3_TRNA_LOW,3.025398777085531e-07,re0000000332_MINUS_re0000000333,0.8931943365664176,0.8931943365664176,0.8931943365664176,0.8931943365664176,True
R3_TRNA_LOW,3.025398777085531e-07,re0000000336_MINUS_re0000000337,3.141437736123357e-54,3.141437736123357e-54,3.141437736123357e-54,3.141437736123357e-54,True
R3_TRNA_LOW,3.244035942178925e-07,re0000000332_MINUS_re0000000333,0.9566379717177222,0.9566379717177222,0.9566379717177222,0.9566379717177222,True
R3_TRNA_LOW,3.244035942178925e-07,re0000000336_MINUS_re0000000337,1.144282073672639e-53,1.144282073672639e-53,1.144282073672639e-53,1.144282073672639e-53,True
R3_TRNA_LOW,3.478473407821844e-07,re0000000332_MINUS_re0000000333,1.024503047348361,1.024503047348361,1.024503047348361,1.024503047348361,True
R3_TRNA_LOW,3.478473407821844e-07,re0000000336_MINUS_re0000000337,3.0845212428262757e-53,3.0845212428262757e-53,3.0845212428262757e-53,3.0845212428262757e-53,True
R3_TRNA_LOW,3.7298530178419105e-07,re0000000332_MINUS_re0000000333,1.0970850787355517,1.0970850787355517,1.0970850787355517,1.0970850787355517,True
R3_TRNA_LOW,3.7298530178419105e-07,re0000000336_MINUS_re0000000337,7.000686560580209e-53,7.000686560580209e-53,7.000686560580209e-53,7.000686560580209e-53,True
R3_TRNA_LOW,3.999399133948166e-07,re0000000332_MINUS_re0000000333,1.1746974491724171,1.1746974491724171,1.1746974491724171,1.1746974491724171,True
R3_TRNA_LOW,3.999399133948166e-07,re0000000336_MINUS_re0000000337,1.4532789697306067e-52,1.4532789697306067e-52,1.4532789697306067e-52,1.4532789697306067e-52,True
R3_TRNA_LOW,4.2884245990690917e-07,re0000000332_MINUS_re0000000333,1.2576722034581358,1.2576722034581358,1.2576722034581358,1.2576722034581358,True
R3_TRNA_LOW,4.2884245990690917e-07,re0000000336_MINUS_re0000000337,3.308668794780258e-52,3.308668794780258e-52,3.308668794780258e-52,3.308668794780258e-52,True
R3_TRNA_LOW,4.598337131644549e-07,re0000000332_MINUS_re0000000333,1.3463608297579206,1.3463608297579206,1.3463608297579206,1.3463608297579206,True
R3_TRNA_LOW,4.598337131644549e-07,re0000000336_MINUS_re0000000337,7.518795470024446e-52,7.518795470024446e-52,7.518795470024446e-52,7.518795470024446e-52,True
R3_TRNA_LOW,4.930646182015418e-07,re0000000332_MINUS_re0000000333,1.4411350199116395,1.4411350199116395,1.4411350199116395,1.4411350199116395,True
R3_TRNA_LOW,4.930646182015418e-07,re0000000336_MINUS_re0000000337,1.6137786971926726e-51,1.6137786971926726e-51,1.6137786971926726e-51,1.6137786971926726e-51,True
R3_TRNA_LOW,5.286970284305478e-07,re0000000332_MINUS_re0000000333,1.542387396469705,1.542387396469705,1.542387396469705,1.542387396469705,True
R3_TRNA_LOW,5.286970284305478e-07,re0000000336_MINUS_re0000000337,3.418875310825977e-51,3.418875310825977e-51,3.418875310825977e-51,3.418875310825977e-51,True
R3_TRNA_LOW,5.669044939603364e-07,re0000000332_MINUS_re0000000333,1.6505321927014027,1.6505321927014027,1.6505321927014027,1.6505321927014027,True
R3_TRNA_LOW,5.669044939603364e-07,re0000000336_MINUS_re0000000337,7.542236308793812e-51,7.542236308793812e-51,7.542236308793812e-51,7.542236308793812e-51,True
R3_TRNA_LOW,6.078731068840179e-07,re0000000332_MINUS_re0000000333,1.766005869539066,1.766005869539066,1.766005869539066,1.766005869539066,True
R3_TRNA_LOW,6.078731068840179e-07,re0000000336_MINUS_re0000000337,1.626897032516698e-50,1.626897032516698e-50,1.626897032516698e-50,1.626897032516698e-50,True
R3_TRNA_LOW,6.518024076533102e-07,re0000000332_MINUS_re0000000333,1.8892676508526467,1.8892676508526467,1.8892676508526467,1.8892676508526467,True
R3_TRNA_LOW,6.518024076533102e-07,re0000000336_MINUS_re0000000337,3.5241765825751195e-50,3.5241765825751195e-50,3.5241765825751195e-50,3.5241765825751195e-50,True
R3_TRNA_LOW,6.989063569540551e-07,re0000000332_MINUS_re0000000333,2.020799955611834,2.020799955611834,2.020799955611834,2.020799955611834,True
R3_TRNA_LOW,6.989063569540551e-07,re0000000336_MINUS_re0000000337,7.769280026715446e-50,7.769280026715446e-50,7.769280026715446e-50,7.769280026715446e-50,True
R3_TRNA_LOW,7.4941437781648e-07,re0000000332_MINUS_re0000000333,2.1611087023409383,2.1611087023409383,2.1611087023409383,2.1611087023409383,True
R3_TRNA_LOW,7.4941437781648e-07,re0000000336_MINUS_re0000000337,1.692330843359395e-49,1.692330843359395e-49,1.692330843359395e-49,1.692330843359395e-49,True
R3_TRNA_LOW,8.035724730358716e-07,re0000000332_MINUS_re0000000333,2.3107234577860147,2.3107234577860147,2.3107234577860147,2.3107234577860147,True
R3_TRNA_LOW,8.035724730358716e-07,re0000000336_MINUS_re0000000337,3.753481463503848e-49,3.753481463503848e-49,3.753481463503848e-49,3.753481463503848e-49,True
R3_TRNA_LOW,8.616444233461394e-07,re0000000332_MINUS_re0000000333,2.4701973979456255,2.4701973979456255,2.4701973979456255,2.4701973979456255,True
R3_TRNA_LOW,8.616444233461394e-07,re0000000336_MINUS_re0000000337,8.479072605077921e-49,8.479072605077921e-49,8.479072605077921e-49,8.479072605077921e-49,True
R3_TRNA_LOW,9.239130721820518e-07,re0000000332_MINUS_re0000000333,2.6401070454808377,2.6401070454808377,2.6401070454808377,2.6401070454808377,True
R3_TRNA_LOW,9.239130721820518e-07,re0000000336_MINUS_re0000000337,2.0306995548148816e-48,2.0306995548148816e-48,2.0306995548148816e-48,2.0306995548148816e-48,True
R3_TRNA_LOW,9.906817032876718e-07,re0000000332_MINUS_re0000000333,2.821051743099425,2.821051743099425,2.821051743099425,2.821051743099425,True
R3_TRNA_LOW,9.906817032876718e-07,re0000000336_MINUS_re0000000337,4.809635523863669e-48,4.809635523863669e-48,4.809635523863669e-48,4.809635523863669e-48,True
R3_TRNA_LOW,1.062275517880727e-06,re0000000332_MINUS_re0000000333,3.0136528177974546,3.0136528177974546,3.0136528177974546,3.0136528177974546,True
R3_TRNA_LOW,1.062275517880727e-06,re0000000336_MINUS_re0000000337,1.1224048223545804e-47,1.1224048223545804e-47,1.1224048223545804e-47,1.1224048223545804e-47,True
R3_TRNA_LOW,1.1390432185675446e-06,re0000000332_MINUS_re0000000333,3.2185523858739025,3.2185523858739025,3.2185523858739025,3.2185523858739025,True
R3_TRNA_LOW,1.1390432185675446e-06,re0000000336_MINUS_re0000000337,2.6411276539644273e-47,2.6411276539644273e-47,2.6411276539644273e-47,2.6411276539644273e-47,True
R3_TRNA_LOW,1.2213587077231185e-06,re0000000332_MINUS_re0000000333,3.436411743480582,3.436411743480582,3.436411743480582,3.436411743480582,True
R3_TRNA_LOW,1.2213587077231185e-06,re0000000336_MINUS_re0000000337,6.116658114189041e-47,6.116658114189041e-47,6.116658114189041e-47,6.116658114189041e-47,True
R3_TRNA_LOW,1.3096229086083865e-06,re0000000332_MINUS_re0000000333,3.667909282223693,3.667909282223693,3.667909282223693,3.667909282223693,True
R3_TRNA_LOW,1.3096229086083865e-06,re0000000336_MINUS_re0000000337,1.42457118391907e-46,1.42457118391907e-46,1.42457118391907e-46,1.42457118391907e-46,True
R3_TRNA_LOW,1.4042657180945939e-06,re0000000332_MINUS_re0000000333,3.9137378640867375,3.9137378640867375,3.9137378640867375,3.9137378640867375,True
R3_TRNA_LOW,1.4042657180945939e-06,re0000000336_MINUS_re0000000337,3.3002856559574097e-46,3.3002856559574097e-46,3.3002856559574097e-46,3.3002856559574097e-46,True
R3_TRNA_LOW,1.5057481005056217e-06,re0000000332_MINUS_re0000000333,4.174601584887115,4.174601584887115,4.174601584887115,4.174601584887115,True
R3_TRNA_LOW,1.5057481005056217e-06,re0000000336_MINUS_re0000000337,7.672652158051467e-46,7.672652158051467e-46,7.672652158051467e-46,7.672652158051467e-46,True
R3_TRNA_LOW,1.6145643327764837e-06,re0000000332_MINUS_re0000000333,4.451211850782712,4.451211850782712,4.451211850782712,4.451211850782712,True
R3_TRNA_LOW,1.6145643327764837e-06,re0000000336_MINUS_re0000000337,1.781981192700999e-45,1.781981192700999e-45,1.781981192700999e-45,1.781981192700999e-45,True
R3_TRNA_LOW,1.7312444118631913e-06,re0000000332_MINUS_re0000000333,4.7442826882778375,4.7442826882778375,4.7442826882778375,4.7442826882778375,True
R3_TRNA_LOW,1.7312444118631913e-06,re0000000336_MINUS_re0000000337,4.156820734604459e-45,4.156820734604459e-45,4.156820734604459e-45,4.156820734604459e-45,True
R3_TRNA_LOW,1.85635663612944e-06,re0000000332_MINUS_re0000000333,5.054525205055505,5.054525205055505,5.054525205055505,5.054525205055505,True
R3_TRNA_LOW,1.85635663612944e-06,re0000000336_MINUS_re0000000337,9.712396828327867e-45,9.712396828327867e-45,9.712396828327867e-45,9.712396828327867e-45,True
R3_TRNA_LOW,1.990510373282943e-06,re0000000332_MINUS_re0000000333,5.382641117167841,5.382641117167841,5.382641117167841,5.382641117167841,True
R3_TRNA_LOW,1.990510373282943e-06,re0000000336_MINUS_re0000000337,2.2812209959763106e-44,2.2812209959763106e-44,2.2812209959763106e-44,2.2812209959763106e-44,True
R3_TRNA_LOW,2.1343590283428322e-06,re0000000332_MINUS_re0000000333,5.729315258116517,5.729315258116517,5.729315258116517,5.729315258116517,True
R3_TRNA_LOW,2.1343590283428322e-06,re0000000336_MINUS_re0000000337,5.429526295511136e-44,5.429526295511136e-44,5.429526295511136e-44,5.429526295511136e-44,True
R3_TRNA_LOW,2.2886032260938263e-06,re0000000332_MINUS_re0000000333,6.095206987677614,6.095206987677614,6.095206987677614,6.095206987677614,True
R3_TRNA_LOW,2.2886032260938263e-06,re0000000336_MINUS_re0000000337,1.2920264233700148e-43,1.2920264233700148e-43,1.2920264233700148e-43,1.2920264233700148e-43,True
R3_TRNA_LOW,2.4539942235274856e-06,re0000000332_MINUS_re0000000333,6.480940423709684,6.480940423709684,6.480940423709684,6.480940423709684,True
R3_TRNA_LOW,2.4539942235274856e-06,re0000000336_MINUS_re0000000337,3.0845492345719014e-43,3.0845492345719014e-43,3.0845492345719014e-43,3.0845492345719014e-43,True
R3_TRNA_LOW,2.6313375688912023e-06,re0000000332_MINUS_re0000000333,6.887093429156627,6.887093429156627,6.887093429156627,6.887093429156627,True
R3_TRNA_LOW,2.6313375688912023e-06,re0000000336_MINUS_re0000000337,7.345605851190265e-43,7.345605851190265e-43,7.345605851190265e-43,7.345605851190265e-43,True
R3_TRNA_LOW,2.821497025166361e-06,re0000000332_MINUS_re0000000333,7.314185300197843,7.314185300197843,7.314185300197843,7.314185300197843,True
R3_TRNA_LOW,2.821497025166361e-06,re0000000336_MINUS_re0000000337,1.745216465700875e-42,1.745216465700875e-42,1.745216465700875e-42,1.745216465700875e-42,True
R3_TRNA_LOW,3.025398777085531e-06,re0000000332_MINUS_re0000000333,7.762663120500638,7.762663120500638,7.762663120500638,7.762663120500638,True
R3_TRNA_LOW,3.025398777085531e-06,re0000000336_MINUS_re0000000337,4.1404979785799016e-42,4.1404979785799016e-42,4.1404979785799016e-42,4.1404979785799016e-42,True
R3_TRNA_LOW,3.2440359421789246e-06,re0000000332_MINUS_re0000000333,8.232886772197391,8.232886772197391,8.232886772197391,8.232886772197391,True
R3_TRNA_LOW,3.2440359421789246e-06,re0000000336_MINUS_re0000000337,9.809954524081866e-42,9.809954524081866e-42,9.809954524081866e-42,9.809954524081866e-42,True
R3_TRNA_LOW,3.478473407821844e-06,re0000000332_MINUS_re0000000333,8.725112627301428,8.725112627301428,8.725112627301428,8.725112627301428,True
R3_TRNA_LOW,3.478473407821844e-06,re0000000336_MINUS_re0000000337,2.3214839315702224e-41,2.3214839315702224e-41,2.3214839315702224e-41,2.3214839315702224e-41,True
R3_TRNA_LOW,3.7298530178419027e-06,re0000000332_MINUS_re0000000333,9.239475984963367,9.239475984963367,9.239475984963367,9.239475984963367,True
R3_TRNA_LOW,3.7298530178419027e-06,re0000000336_MINUS_re0000000337,5.489708947175621e-41,5.489708947175621e-41,5.489708947175621e-41,5.489708947175621e-41,True
R3_TRNA_LOW,3.999399133948166e-06,re0000000332_MINUS_re0000000333,9.775972371212543,9.775972371212543,9.775972371212543,9.775972371212543,True
R3_TRNA_LOW,3.999399133948166e-06,re0000000336_MINUS_re0000000337,1.2972863091067307e-40,1.2972863091067307e-40,1.2972863091067307e-40,1.2972863091067307e-40,True
R3_TRNA_LOW,4.288424599069092e-06,re0000000332_MINUS_re0000000333,10.334437879485687,10.334437879485687,10.334437879485687,10.334437879485687,True
R3_TRNA_LOW,4.288424599069092e-06,re0000000336_MINUS_re0000000337,3.062676310233243e-40,3.062676310233243e-40,3.062676310233243e-40,3.062676310233243e-40,True
R3_TRNA_LOW,4.598337131644549e-06,re0000000332_MINUS_re0000000333,10.914528802930649,10.914528802930649,10.914528802930649,10.914528802930649,True
R3_TRNA_LOW,4.598337131644549e-06,re0000000336_MINUS_re0000000337,7.220938138478776e-40,7.220938138478776e-40,7.220938138478776e-40,7.220938138478776e-40,True
R3_TRNA_LOW,4.930646182015418e-06,re0000000332_MINUS_re0000000333,11.515700893394804,11.515700893394804,11.515700893394804,11.515700893394804,True
R3_TRNA_LOW,4.930646182015418e-06,re0000000336_MINUS_re0000000337,1.6997017756046792e-39,1.6997017756046792e-39,1.6997017756046792e-39,1.6997017756046792e-39,True
R3_TRNA_LOW,5.286970284305479e-06,re0000000332_MINUS_re0000000333,12.137188676867893,12.137188676867893,12.137188676867893,12.137188676867893,True
R3_TRNA_LOW,5.286970284305479e-06,re0000000336_MINUS_re0000000337,3.9931617298822375e-39,3.9931617298822375e-39,3.9931617298822375e-39,3.9931617298822375e-39,True
R3_TRNA_LOW,5.669044939603364e-06,re0000000332_MINUS_re0000000333,12.7779853599098,12.7779853599098,12.7779853599098,12.7779853599098,True
R3_TRNA_LOW,5.669044939603364e-06,re0000000336_MINUS_re0000000337,9.361069034028206e-39,9.361069034028206e-39,9.361069034028206e-39,9.361069034028206e-39,True
R3_TRNA_LOW,6.078731068840179e-06,re0000000332_MINUS_re0000000333,13.436823974135297,13.436823974135297,13.436823974135297,13.436823974135297,True
R3_TRNA_LOW,6.078731068840179e-06,re0000000336_MINUS_re0000000337,2.1888509523170864e-38,2.1888509523170864e-38,2.1888509523170864e-38,2.1888509523170864e-38,True
R3_TRNA_LOW,6.518024076533101e-06,re0000000332_MINUS_re0000000333,14.112160523178556,14.112160523178556,14.112160523178556,14.112160523178556,True
R3_TRNA_LOW,6.518024076533101e-06,re0000000336_MINUS_re0000000337,5.102842784079762e-38,5.102842784079762e-38,5.102842784079762e-38,5.102842784079762e-38,True
R3_TRNA_LOW,6.989063569540551e-06,re0000000332_MINUS_re0000000333,14.802160013632111,14.802160013632111,14.802160013632111,14.802160013632111,True
R3_TRNA_LOW,6.989063569540551e-06,re0000000336_MINUS_re0000000337,1.185640971046792e-37,1.185640971046792e-37,1.185640971046792e-37,1.185640971046792e-37,True
R3_TRNA_LOW,7.4941437781648e-06,re0000000332_MINUS_re0000000333,15.504686361969592,15.504686361969592,15.504686361969592,15.504686361969592,True
R3_TRNA_LOW,7.4941437781648e-06,re0000000336_MINUS_re0000000337,2.7445751084390435e-37,2.7445751084390435e-37,2.7445751084390435e-37,2.7445751084390435e-37,True
R3_TRNA_LOW,8.035724730358716e-06,re0000000332_MINUS_re0000000333,16.21729726540213,16.21729726540213,16.21729726540213,16.21729726540213,True
R3_TRNA_LOW,8.035724730358716e-06,re0000000336_MINUS_re0000000337,6.327477016705293e-37,6.327477016705293e-37,6.327477016705293e-37,6.327477016705293e-37,True
R3_TRNA_LOW,8.616444233461394e-06,re0000000332_MINUS_re0000000333,16.93724519480387,16.93724519480387,16.93724519480387,16.93724519480387,True
R3_TRNA_LOW,8.616444233461394e-06,re0000000336_MINUS_re0000000337,1.4522869196221487e-36,1.4522869196221487e-36,1.4522869196221487e-36,1.4522869196221487e-36,True
R3_TRNA_LOW,9.239130721820518e-06,re0000000332_MINUS_re0000000333,17.661485701239773,17.661485701239773,17.661485701239773,17.661485701239773,True
R3_TRNA_LOW,9.239130721820518e-06,re0000000336_MINUS_re0000000337,3.3171456847873215e-36,3.3171456847873215e-36,3.3171456847873215e-36,3.3171456847873215e-36,True
R3_TRNA_LOW,9.906817032876718e-06,re0000000332_MINUS_re0000000333,18.386694209042872,18.386694209042872,18.386694209042872,18.386694209042872,True
R3_TRNA_LOW,9.906817032876718e-06,re0000000336_MINUS_re0000000337,7.537058760452906e-36,7.537058760452906e-36,7.537058760452906e-36,7.537058760452906e-36,True
R3_TRNA_LOW,1.062275517880727e-05,re0000000332_MINUS_re0000000333,19.10929238182316,19.10929238182316,19.10929238182316,19.10929238182316,True
R3_TRNA_LOW,1.062275517880727e-05,re0000000336_MINUS_re0000000337,1.7028710401360752e-35,1.7028710401360752e-35,1.7028710401360752e-35,1.7028710401360752e-35,True
R3_TRNA_LOW,1.1390432185675446e-05,re0000000332_MINUS_re0000000333,19.825484981319022,19.825484981319022,19.825484981319022,19.825484981319022,True
R3_TRNA_LOW,1.1390432185675446e-05,re0000000336_MINUS_re0000000337,3.8239823218237965e-35,3.8239823218237965e-35,3.8239823218237965e-35,3.8239823218237965e-35,True
R3_TRNA_LOW,1.2213587077231184e-05,re0000000332_MINUS_re0000000333,20.53130787216496,20.53130787216496,20.53130787216496,20.53130787216496,True
R3_TRNA_LOW,1.2213587077231184e-05,re0000000336_MINUS_re0000000337,8.531132656806191e-35,8.531132656806191e-35,8.531132656806191e-35,8.531132656806191e-35,True
R3_TRNA_LOW,1.3096229086083865e-05,re0000000332_MINUS_re0000000333,21.222687452063948,21.222687452063948,21.222687452063948,21.222687452063948,True
R3_TRNA_LOW,1.3096229086083865e-05,re0000000336_MINUS_re0000000337,1.8899326750304985e-34,1.8899326750304985e-34,1.8899326750304985e-34,1.8899326750304985e-34,True
R3_TRNA_LOW,1.4042657180945939e-05,re0000000332_MINUS_re0000000333,21.895511296300597,21.895511296300597,21.895511296300597,21.895511296300597,True
R3_TRNA_LOW,1.4042657180945939e-05,re0000000336_MINUS_re0000000337,4.155428028948288e-34,4.155428028948288e-34,4.155428028948288e-34,4.155428028948288e-34,True
R3_TRNA_LOW,1.5057481005056217e-05,re0000000332_MINUS_re0000000333,22.545709200436633,22.545709200436633,22.545709200436633,22.545709200436633,True
R3_TRNA_LOW,1.5057481005056217e-05,re0000000336_MINUS_re0000000337,9.063261403155582e-34,9.063261403155582e-34,9.063261403155582e-34,9.063261403155582e-34,True
R3_TRNA_LOW,1.6145643327764838e-05,re0000000332_MINUS_re0000000333,23.169343095621052,23.169343095621052,23.169343095621052,23.169343095621052,True
R3_TRNA_LOW,1.6145643327764838e-05,re0000000336_MINUS_re0000000337,1.9597863820289385e-33,1.9597863820289385e-33,1.9597863820289385e-33,1.9597863820289385e-33,True
R3_TRNA_LOW,1.731244411863195e-05,re0000000332_MINUS_re0000000333,23.762703524985128,23.762703524985128,23.762703524985128,23.762703524985128,True
R3_TRNA_LOW,1.731244411863195e-05,re0000000336_MINUS_re0000000337,4.198855862293895e-33,4.198855862293895e-33,4.198855862293895e-33,4.198855862293895e-33,True
R3_TRNA_LOW,1.85635663612944e-05,re0000000332_MINUS_re0000000333,24.32240954507581,24.32240954507581,24.32240954507581,24.32240954507581,True
R3_TRNA_LOW,1.85635663612944e-05,re0000000336_MINUS_re0000000337,8.907980477228296e-33,8.907980477228296e-33,8.907980477228296e-33,8.907980477228296e-33,True
R3_TRNA_LOW,1.990510373282947e-05,re0000000332_MINUS_re0000000333,24.84550811299662,24.84550811299662,24.84550811299662,24.84550811299662,True
R3_TRNA_LOW,1.990510373282947e-05,re0000000336_MINUS_re0000000337,1.870106467221462e-32,1.870106467221462e-32,1.870106467221462e-32,1.870106467221462e-32,True
R3_TRNA_LOW,2.1343590283428323e-05,re0000000332_MINUS_re0000000333,25.329568315378918,25.329568315378918,25.329568315378918,25.329568315378918,True
R3_TRNA_LOW,2.1343590283428323e-05,re0000000336_MINUS_re0000000337,3.8822989664597544e-32,3.8822989664597544e-32,3.8822989664597544e-32,3.8822989664597544e-32,True
R3_TRNA_LOW,2.2886032260938262e-05,re0000000332_MINUS_re0000000333,25.772765274166524,25.772765274166524,25.772765274166524,25.772765274166524,True
R3_TRNA_LOW,2.2886032260938262e-05,re0000000336_MINUS_re0000000337,7.963928247549928e-32,7.963928247549928e-32,7.963928247549928e-32,7.963928247549928e-32,True
R3_TRNA_LOW,2.4539942235274857e-05,re0000000332_MINUS_re0000000333,26.17394832783192,26.17394832783192,26.17394832783192,26.17394832783192,True
R3_TRNA_LOW,2.4539942235274857e-05,re0000000336_MINUS_re0000000337,1.6130369130975054e-31,1.6130369130975054e-31,1.6130369130975054e-31,1.6130369130975054e-31,True
R3_TRNA_LOW,2.6313375688912024e-05,re0000000332_MINUS_re0000000333,26.532688226979882,26.532688226979882,26.532688226979882,26.532688226979882,True
R3_TRNA_LOW,2.6313375688912024e-05,re0000000336_MINUS_re0000000337,3.2231828874746034e-31,3.2231828874746034e-31,3.2231828874746034e-31,3.2231828874746034e-31,True
R3_TRNA_LOW,2.821497025166361e-05,re0000000332_MINUS_re0000000333,26.8492986813259,26.8492986813259,26.8492986813259,26.8492986813259,True
R3_TRNA_LOW,2.821497025166361e-05,re0000000336_MINUS_re0000000337,6.348572153227198e-31,6.348572153227198e-31,6.348572153227198e-31,6.348572153227198e-31,True
R3_TRNA_LOW,3.025398777085531e-05,re0000000332_MINUS_re0000000333,27.124828698309063,27.124828698309063,27.124828698309063,27.124828698309063,True
R3_TRNA_LOW,3.025398777085531e-05,re0000000336_MINUS_re0000000337,1.2314755498916292e-30,1.2314755498916292e-30,1.2314755498916292e-30,1.2314755498916292e-30,True
R3_TRNA_LOW,3.244035942178925e-05,re0000000332_MINUS_re0000000333,27.361023758184466,27.361023758184466,27.361023758184466,27.361023758184466,True
R3_TRNA_LOW,3.244035942178925e-05,re0000000336_MINUS_re0000000337,2.350300807925851e-30,2.350300807925851e-30,2.350300807925851e-30,2.350300807925851e-30,True
R3_TRNA_LOW,3.4784734078218436e-05,re0000000332_MINUS_re0000000333,27.560255917466282,27.560255917466282,27.560255917466282,27.560255917466282,True
R3_TRNA_LOW,3.4784734078218436e-05,re0000000336_MINUS_re0000000337,4.408993197999054e-30,4.408993197999054e-30,4.408993197999054e-30,4.408993197999054e-30,True
R3_TRNA_LOW,3.729853017841903e-05,re0000000332_MINUS_re0000000333,27.72542527745256,27.72542527745256,27.72542527745256,27.72542527745256,True
R3_TRNA_LOW,3.729853017841903e-05,re0000000336_MINUS_re0000000337,8.121297455414769e-30,8.121297455414769e-30,8.121297455414769e-30,8.121297455414769e-30,True
R3_TRNA_LOW,3.9993991339481656e-05,re0000000332_MINUS_re0000000333,27.859837690100758,27.859837690100758,27.859837690100758,27.859837690100758,True
R3_TRNA_LOW,3.9993991339481656e-05,re0000000336_MINUS_re0000000337,1.4672863417256306e-29,1.4672863417256306e-29,1.4672863417256306e-29,1.4672863417256306e-29,True
R3_TRNA_LOW,4.288424599069083e-05,re0000000332_MINUS_re0000000333,27.967065830446657,27.967065830446657,27.967065830446657,27.967065830446657,True
R3_TRNA_LOW,4.288424599069083e-05,re0000000336_MINUS_re0000000337,2.5973106683629933e-29,2.5973106683629933e-29,2.5973106683629933e-29,2.5973106683629933e-29,True
R3_TRNA_LOW,4.598337131644549e-05,re0000000332_MINUS_re0000000333,28.050802538024744,28.050802538024744,28.050802538024744,28.050802538024744,True
R3_TRNA_LOW,4.598337131644549e-05,re0000000336_MINUS_re0000000337,4.4993792740483565e-29,4.4993792740483565e-29,4.4993792740483565e-29,4.4993792740483565e-29,True
R3_TRNA_LOW,4.930646182015418e-05,re0000000332_MINUS_re0000000333,28.11471633619337,28.11471633619337,28.11471633619337,28.11471633619337,True
R3_TRNA_LOW,4.930646182015418e-05,re0000000336_MINUS_re0000000337,7.618810225146538e-29,7.618810225146538e-29,7.618810225146538e-29,7.618810225146538e-29,True
R3_TRNA_LOW,5.2869702843054784e-05,re0000000332_MINUS_re0000000333,28.16231905638437,28.16231905638437,28.16231905638437,28.16231905638437,True
R3_TRNA_LOW,5.2869702843054784e-05,re0000000336_MINUS_re0000000337,1.2595131643877021e-28,1.2595131643877021e-28,1.2595131643877021e-28,1.2595131643877021e-28,True
R3_TRNA_LOW,5.669044939603364e-05,re0000000332_MINUS_re0000000333,28.196854417682157,28.196854417682157,28.196854417682157,28.196854417682157,True
R3_TRNA_LOW,5.669044939603364e-05,re0000000336_MINUS_re0000000337,2.0303341738823744e-28,2.0303341738823744e-28,2.0303341738823744e-28,2.0303341738823744e-28,True
R3_TRNA_LOW,6.0787310688401797e-05,re0000000332_MINUS_re0000000333,28.22121430473019,28.22121430473019,28.22121430473019,28.22121430473019,True
R3_TRNA_LOW,6.0787310688401797e-05,re0000000336_MINUS_re0000000337,3.187488837513384e-28,3.187488837513384e-28,3.187488837513384e-28,3.187488837513384e-28,True
R3_TRNA_LOW,6.518024076533102e-05,re0000000332_MINUS_re0000000333,28.23788657416557,28.23788657416557,28.23788657416557,28.23788657416557,True
R3_TRNA_LOW,6.518024076533102e-05,re0000000336_MINUS_re0000000337,4.867656775531143e-28,4.867656775531143e-28,4.867656775531143e-28,4.867656775531143e-28,True
R3_TRNA_LOW,6.98906356954055e-05,re0000000332_MINUS_re0000000333,28.248934893990818,28.248934893990818,28.248934893990818,28.248934893990818,True
R3_TRNA_LOW,6.98906356954055e-05,re0000000336_MINUS_re0000000337,7.22225388227089e-28,7.22225388227089e-28,7.22225388227089e-28,7.22225388227089e-28,True
R3_TRNA_LOW,7.4941437781648e-05,re0000000332_MINUS_re0000000333,28.25600786045503,28.25600786045503,28.25600786045503,28.25600786045503,True
R3_TRNA_LOW,7.4941437781648e-05,re0000000336_MINUS_re0000000337,1.0399947678206965e-27,1.0399947678206965e-27,1.0399947678206965e-27,1.0399947678206965e-27,True
R3_TRNA_LOW,8.035724730358717e-05,re0000000332_MINUS_re0000000333,28.260371932871237,28.260371932871237,28.260371932871237,28.260371932871237,True
R3_TRNA_LOW,8.035724730358717e-05,re0000000336_MINUS_re0000000337,1.4520210737161538e-27,1.4520210737161538e-27,1.4520210737161538e-27,1.4520210737161538e-27,True
R3_TRNA_LOW,8.616444233461395e-05,re0000000332_MINUS_re0000000333,28.262960971707006,28.262960971707006,28.262960971707006,28.262960971707006,True
R3_TRNA_LOW,8.616444233461395e-05,re0000000336_MINUS_re0000000337,1.964080446216021e-27,1.964080446216021e-27,1.964080446216021e-27,1.964080446216021e-27,True
R3_TRNA_LOW,9.239130721820518e-05,re0000000332_MINUS_re0000000333,28.264434571393792,28.264434571393792,28.264434571393792,28.264434571393792,True
R3_TRNA_LOW,9.239130721820518e-05,re0000000336_MINUS_re0000000337,2.5726350165269635e-27,2.5726350165269635e-27,2.5726350165269635e-27,2.5726350165269635e-27,True
R3_TRNA_LOW,9.906817032876724e-05,re0000000332_MINUS_re0000000333,28.26523792836975,28.26523792836975,28.26523792836975,28.26523792836975,True
R3_TRNA_LOW,9.906817032876724e-05,re0000000336_MINUS_re0000000337,3.262944443645478e-27,3.262944443645478e-27,3.262944443645478e-27,3.262944443645478e-27,True
R3_TRNA_LOW,0.0001,re0000000332_MINUS_re0000000333,28.265311714160102,28.265239124631307,28.265239071130758,28.265239071159034,False
R3_TRNA_LOW,0.0001,re0000000336_MINUS_re0000000337,3.360521929963555e-27,3.263782474541937e-27,3.264506950119773e-27,3.2645069824627324e-27,False
R3_TRNA_LOW,0.00010843659686896097,re0000000332_MINUS_re0000000333,28.265735639002777,28.265249924179656,28.265249396551074,28.26524939939657,False
R3_TRNA_LOW,0.00010843659686896097,re0000000336_MINUS_re0000000337,4.23652755802638e-27,3.292732946227799e-27,3.373258526046626e-27,3.373168009753507e-27,False
R3_TRNA_LOW,0.0001175849554052157,re0000000332_MINUS_re0000000333,28.26592451716866,28.265261562305568,28.265260537121854,28.26526054818166,False
R3_TRNA_LOW,0.0001175849554052157,re0000000336_MINUS_re0000000337,5.1363141832679355e-27,3.795773555819864e-27,4.867569278086981e-27,4.865304797028831e-27,False
R3_TRNA_LOW,0.00012750512407130128,re0000000332_MINUS_re0000000333,28.26600735501286,28.265274085876666,28.26527253547222,28.265272561408427,False
R3_TRNA_LOW,0.00012750512407130128,re0000000336_MINUS_re0000000337,6.03158774737839e-27,7.499962650942201e-27,1.3198243417332796e-26,1.3184009491889727e-26,False
R3_TRNA_LOW,0.00013826221737646565,re0000000332_MINUS_re0000000333,28.266046412326485,28.26528754395079,28.26528543683768,28.26528548579542,False
R3_TRNA_LOW,0.00013826221737646565,re0000000336_MINUS_re0000000337,6.961211284219626e-27,2.3749667432149673e-26,4.356675840088126e-26,4.351341637915907e-26,False
R3_TRNA_LOW,0.00014992684327860457,re0000000332_MINUS_re0000000333,28.266069317691475,28.26530198739766,28.265299288635177,28.265299370491572,False
R3_TRNA_LOW,0.00014992684327860457,re0000000336_MINUS_re0000000337,8.123707157268812e-27,7.711618808761404e-26,1.3123230091879242e-25,1.3107513518662211e-25,False
R3_TRNA_LOW,0.00016257556664437935,re0000000332_MINUS_re0000000333,28.266087285850823,28.265317468417457,28.265314139921998,28.265314266569003,False
R3_TRNA_LOW,0.00016257556664437935,re0000000336_MINUS_re0000000337,1.0074344458561067e-26,2.2333018791670664e-25,3.497252021880439e-25,3.4931428250290895e-25,False
R3_TRNA_LOW,0.0001762914118095948,re0000000332_MINUS_re0000000333,28.266104467147688,28.265334039967982,28.265330040763555,28.2653302264277,False
R3_TRNA_LOW,0.0001762914118095948,re0000000336_MINUS_re0000000337,1.4183067076835442e-26,5.7742525632686325e-25,8.419841187426283e-25,8.409603824787775e-25,False
R3_TRNA_LOW,0.00019116440753857018,re0000000332_MINUS_re0000000333,28.26612226904198,28.26535175510641,28.265347041526372,28.265347303128195,False
R3_TRNA_LOW,0.00019116440753857018,re0000000336_MINUS_re0000000337,2.3733618246861485e-26,1.3618182107382868e-24,1.8722719843442525e-24,1.8697862041993522e-24,False
R3_TRNA_LOW,0.0002072921779595372,re0000000332_MINUS_re0000000333,28.26614114483227,28.26537066624426,28.265365192101207,28.26536554965684,False
R3_TRNA_LOW,0.0002072921779595372,re0000000336_MINUS_re0000000337,4.656807433302515e-26,2.986432737571121e-24,3.9111078868828235e-24,3.9052283644586346e-24,False
R3_TRNA_LOW,0.00022478058335487252,re0000000332_MINUS_re0000000333,28.266161252111925,28.26539082430734,28.26538454105043,28.265385018117218,False
R3_TRNA_LOW,0.00022478058335487252,re0000000336_MINUS_re0000000337,1.0141427683322177e-25,6.1797949977800615e-24,7.772287325752474e-24,7.758896172157884e-24,False
R3_TRNA_LOW,0.00024374441501222218,re0000000332_MINUS_re0000000333,28.266182666400034,28.26541227778732,28.26540513466592,28.265405758833108,False
R3_TRNA_LOW,0.00024374441501222218,re0000000336_MINUS_re0000000337,2.3294453119696606e-25,1.2200933272503656e-23,1.4832063366511168e-23,1.4802911271476506e-23,False
R3_TRNA_LOW,0.00026430814869741055,re0000000332_MINUS_re0000000333,28.266205441277066,28.265435071669174,28.26542701591949,28.265427819343866,False
R3_TRNA_LOW,0.00026430814869741055,re0000000336_MINUS_re0000000337,5.47472216504348e-25,2.317997835161697e-23,2.7378850570462906e-23,2.7318298174011434e-23,False
R3_TRNA_LOW,0.000286606761694825,re0000000332_MINUS_re0000000333,28.266229622354572,28.26545924621897,28.265450223287694,28.26545124327248,False
R3_TRNA_LOW,0.000286606761694825,re0000000336_MINUS_re0000000337,1.2972994572941785e-24,4.2666869279349154e-23,4.917392251142386e-23,4.905384334077948e-23,False
R3_TRNA_LOW,0.0003107866187782014,re0000000332_MINUS_re0000000333,28.266255249173767,28.26548483561936,28.265474789435714,28.26547606904885,False
R3_TRNA_LOW,0.0003107866187782014,re0000000336_MINUS_re0000000337,3.0794326940119136e-24,7.652625391771789e-23,8.636352828983913e-23,8.613594705082994e-23,False
R3_TRNA_LOW,0.00033700643292719284,re0000000332_MINUS_re0000000333,28.266282354302696,28.265511866444808,28.265500739750276,28.26550232847562,False
R3_TRNA_LOW,0.00033700643292719284,re0000000336_MINUS_re0000000337,7.30237564873154e-24,1.3443254013930327e-22,1.4900094536033175e-22,1.4858805778515512e-22,False
R3_TRNA_LOW,0.00036543830709572547,re0000000332_MINUS_re0000000333,28.2663109617714,28.26554035597554,28.26552809071883,28.265530045130415,False
R3_TRNA_LOW,0.00036543830709572547,re0000000336_MINUS_re0000000337,1.7279453837760227e-23,2.324594215733926e-22,2.5368086723535307e-22,2.529630116121809e-22,False
R3_TRNA_LOW,0.0003962688638701478,re0000000332_MINUS_re0000000333,28.26634108526435,28.265570310357756,28.265556848161253,28.265559232606662,False
R3_TRNA_LOW,0.0003962688638701478,re0000000336_MINUS_re0000000337,4.0782090565744885e-23,3.977783839854896e-22,4.283133808022745e-22,4.271204599268176e-22,False
R3_TRNA_LOW,0.00042970047043208395,re0000000332_MINUS_re0000000333,28.266372726149683,28.265601722628006,28.265587005330616,28.265589892604574,False
R3_TRNA_LOW,0.00042970047043208395,re0000000336_MINUS_re0000000337,9.598483848179558e-23,6.776407400069239e-22,7.21226054928526e-22,7.19348620321e-22,False
R3_TRNA_LOW,0.0004659525668664682,re0000000332_MINUS_re0000000333,28.266405871377778,28.265634570631466,28.265618540911692,28.265622012895374,False
R3_TRNA_LOW,0.0004659525668664682,re0000000336_MINUS_re0000000337,2.2526580567083625e-22,1.1574374351346461e-21,1.2193838586045953e-21,1.2166454607836658e-21,False
R3_TRNA_LOW,0.0005052631065335679,re0000000332_MINUS_re0000000333,28.266440491286772,28.265668814877547,28.265651416958924,28.265655565193917,False
R3_TRNA_LOW,0.0005052631065335679,re0000000336_MINUS_re0000000337,5.2714235598392855e-22,1.9985960648870777e-21,2.086398050672792e-21,2.0828867507472254e-21,False
R3_TRNA_LOW,0.0005478901179593945,re0000000332_MINUS_re0000000333,28.266476537365953,28.265704396390966,28.26568557683006,28.265690502988836,False
R3_TRNA_LOW,0.0005478901179593945,re0000000336_MINUS_re0000000337,1.2299354730087731e-21,3.520706331722762e-21,3.644347557401955e-21,3.641015672310438e-21,False
R3_TRNA_LOW,0.0005941133984965033,re0000000332_MINUS_re0000000333,28.26651394004357,28.26574123463256,28.265720943187176,28.26572675939434,False
R3_TRNA_LOW,0.0005941133984965033,re0000000336_MINUS_re0000000337,2.8611157057272006e-21,6.383378710375956e-21,6.553740201460222e-21,6.5538126798866e-21,False
R3_TRNA_LOW,0.0006442363508721371,re0000000332_MINUS_re0000000333,28.266552606582614,28.26577922558169,28.26575741615323,28.265764245104315,False
R3_TRNA_LOW,0.0006442363508721371,re0000000336_MINUS_re0000000337,6.6352346910384016e-21,1.1994169542826141e-20,1.2214602633782019e-20,1.2226715671202913e-20,False
R3_TRNA_LOW,0.0006985879746785249,re0000000332_MINUS_re0000000333,28.266592419186402,28.26581824008974,28.265794871729693,28.26580284654689,False
R3_TRNA_LOW,0.0006985879746785249,re0000000336_MINUS_re0000000337,1.5339254411664485e-20,2.3429495612224734e-20,2.3666771357397545e-20,2.3711785167342633e-20,False
R3_TRNA_LOW,0.0007575250258771912,re0000000332_MINUS_re0000000333,28.266633233434465,28.265858122632352,28.265833160597428,28.265842424355974,False
R3_TRNA_LOW,0.0007575250258771912,re0000000336_MINUS_re0000000337,3.534500965876025e-20,4.751789079548706e-20,4.761641751136806e-20,4.774200335608338e-20,False
R3_TRNA_LOW,0.0008214343584919422,re0000000332_MINUS_re0000000333,28.26667487718764,28.2658986906041,28.265872107438963,28.265882812293945,False
R3_TRNA_LOW,0.0008214343584919422,re0000000336_MINUS_re0000000337,8.116414616494163e-20,9.954835425670206e-20,9.899727777483624e-20,9.930884616665513e-20,False
R3_TRNA_LOW,0.000890735463861044,re0000000332_MINUS_re0000000333,28.266717150117206,28.265939734312532,28.265911510932458,28.265923816775263,False
R3_TRNA_LOW,0.000890735463861044,re0000000336_MINUS_re0000000337,1.8570923324267404e-19,2.138813076606167e-19,2.112159352169255e-19,2.1194147214162374e-19,False
R3_TRNA_LOW,0.0009658832241158709,re0000000332_MINUS_re0000000333,28.266759824024227,28.265981017834765,28.265951144574018,28.26596521715223,False
R3_TRNA_LOW,0.0009658832241158709,re0000000336_MINUS_re0000000337,4.2330474632630585e-19,4.677618937603448e-19,4.590856859390773e-19,4.607100263584251e-19,False
R3_TRNA_LOW,0.0010473708979594498,re0000000332_MINUS_re0000000333,28.26680264411931,28.266022280897893,28.265990758483063,28.26600676692773,False
R3_TRNA_LOW,0.0010473708979594498,re0000000336_MINUS_re0000000337,9.609960771309322e-19,1.0344872387852289e-18,1.0099356462026192e-18,1.0134750011248497e-18,False
R3_TRNA_LOW,0.001135733358343105,re0000000332_MINUS_re0000000333,28.26684533142587,28.266063241929334,28.266030082330968,28.2660481960538,False
R3_TRNA_LOW,0.001135733358343105,re0000000336_MINUS_re0000000337,2.1723213759376696e-18,2.3014142567916867e-18,2.2369140011730147e-18,2.244468996647253e-18,False
R3_TRNA_LOW,0.0012315506032928262,re0000000332_MINUS_re0000000333,28.266887586448632,28.266103602392683,28.266068829503816,28.266089214454293,False
R3_TRNA_LOW,0.0012315506032928262,re0000000336_MINUS_re0000000337,4.888012540468495e-18,5.130183564722782e-18,4.96868300195223e-18,4.984534990097762e-18,False
R3_TRNA_LOW,0.0013354515629298987,re0000000332_MINUS_re0000000333,28.266929094210397,28.26614305247505,28.266106702562777,28.266129516872873,False
R3_TRNA_LOW,0.0013354515629298987,re0000000336_MINUS_re0000000337,1.0944718527731611e-17,1.1426492153207506e-17,1.1036083708695308e-17,1.1068830603096141e-17,False
R3_TRNA_LOW,0.001448118227674533,re0000000332_MINUS_re0000000333,28.266969530699832,28.266181278121245,28.266143399997297,28.266168789090006,False
R3_TRNA_LOW,0.001448118227674533,re0000000336_MINUS_re0000000337,2.4377307332607567e-17,2.537811290782738e-17,2.4460369656879066e-17,2.4527005565886127e-17,False
R3_TRNA_LOW,0.0015702901247293774,re0000000332_MINUS_re0000000333,28.267008570691985,28.266217969318326,28.266178624178846,28.26620671547394,False
R3_TRNA_LOW,0.0015702901247293774,re0000000336_MINUS_re0000000337,5.398924118375053e-17,5.612282909917288e-17,5.401577101746273e-17,5.414931200509359e-17,False
R3_TRNA_LOW,0.0017027691722258996,re0000000332_MINUS_re0000000333,28.26704589679865,28.26625282942244,28.26621209031514,28.266242987730827,False
R3_TRNA_LOW,0.0017027691722258996,re0000000336_MINUS_re0000000337,1.188468567548153e-16,1.2344724965368345e-16,1.1870914635967776e-16,1.1897255015191708e-16,False
R3_TRNA_LOW,0.0018464249428955426,re0000000332_MINUS_re0000000333,28.26708120948397,28.266285585194,28.266243536084353,28.266277314600398,False
R3_TRNA_LOW,0.0018464249428955426,re0000000336_MINUS_re0000000337,2.599162685033932e-16,2.698450331820499e-16,2.593901251321504e-16,2.5990105746712836e-16,False
R3_TRNA_LOW,0.0020022003718155844,re0000000332_MINUS_re0000000333,28.267114237646034,28.266315997076184,28.266272731502855,28.266309432113818,False
R3_TRNA_LOW,0.0020022003718155844,re0000000336_MINUS_re0000000337,5.644678916527976e-16,5.857741377429249e-16,5.631077615727762e-16,5.640814213445988e-16,False
R3_TRNA_LOW,0.002171117945694505,re0000000332_MINUS_re0000000333,28.267144749230248,28.266343869128697,28.266299488461858,28.2663391138991,False
R3_TRNA_LOW,0.002171117945694505,re0000000336_MINUS_re0000000337,1.2167158218983604e-15,1.2619919558572432e-15,1.213666163784414e-15,1.215487006830449e-15,False
R3_TRNA_LOW,0.0023542864143224177,re0000000332_MINUS_re0000000333,28.26717256122022,28.266369057931147,28.266323669274733,28.266366180902242,False
R3_TRNA_LOW,0.0023542864143224177,re0000000336_MINUS_re0000000337,2.601704010881843e-15,2.6967547858356958e-15,2.5953672650490217e-15,2.5987049042298873e-15,False
R3_TRNA_LOW,0.0025529080682395165,re0000000332_MINUS_re0000000333,28.267197548265955,28.266391479718305,28.266345193526778,28.26639050980759,False
R3_TRNA_LOW,0.0025529080682395165,re0000000336_MINUS_re0000000337,5.515845701481416e-15,5.712717782327783e-15,5.503309786410764e-15,5.5092988129561805e-15,False
R3_TRNA_LOW,0.0027682866303920667,re0000000332_MINUS_re0000000333,28.2672196491783,28.266411115023356,28.266364042532416,28.266412039409584,False
R3_TRNA_LOW,0.0027682866303920667,re0000000336_MINUS_re0000000337,1.1588097782203638e-14,1.1990105681718244e-14,1.1564168039707562e-14,1.1574674331801969e-14,False
R3_TRNA_LOW,0.003001835813575589,re0000000332_MINUS_re0000000333,28.267238870565194,28.266428010202226,28.266380260798087,28.266430774229743,False
R3_TRNA_LOW,0.003001835813575589,re0000000336_MINUS_re0000000337,2.4110928190814593e-14,2.4919910492326605e-14,2.4066519842839306e-14,2.408451391023893e-14,False
R3_TRNA_LOW,0.0032550885998350564,re0000000332_MINUS_re0000000333,28.267255287021214,28.266442275401968,28.26639395407114,28.266446784803648,False
R3_TRNA_LOW,0.0032550885998350564,re0000000336_MINUS_re0000000337,4.9655933867088676e-14,5.125998602759581e-14,4.957544516209154e-14,4.960549178858141e-14,False
R3_TRNA_LOW,0.00352970730273065,re0000000332_MINUS_re0000000333,28.267269037517934,28.26645407881573,28.266405283823804,28.26646020428727,False
R3_TRNA_LOW,0.00352970730273065,re0000000336_MINUS_re0000000337,1.0116675361602147e-13,1.043003833537129e-13,1.0102383085808804e-13,1.0107267875571062e-13,False
R3_TRNA_LOW,0.003827494478516315,re0000000332_MINUS_re0000000333,28.26728031796486,28.266463637418404,28.266414458358362,28.266471221343707,False
R3_TRNA_LOW,0.003827494478516315,re0000000336_MINUS_re0000000337,2.037844046415789e-13,2.0981604536195867e-13,2.0353518591666317e-13,2.036123979387328e-13,False
R3_TRNA_LOW,0.004150404757850472,re0000000332_MINUS_re0000000333,28.267289370295856,28.26647120476091,28.266421721088605,28.266480069643222,False
R3_TRNA_LOW,0.004150404757850472,re0000000336_MINUS_re0000000337,4.0563336080647137e-13,4.1707304982641673e-13,4.052057763797291e-13,4.0532428230643317e-13,False
R3_TRNA_LOW,0.004500557675700498,re0000000332_MINUS_re0000000333,28.267296468836804,28.266477056767574,28.266427336904176,28.266487014699226,False
R3_TRNA_LOW,0.004500557675700498,re0000000336_MINUS_re0000000337,7.974408311366122e-13,8.188221163903674e-13,7.967177362350371e-13,7.968941278240601e-13,False
R3_TRNA_LOW,0.004880251583654433,re0000000332_MINUS_re0000000333,28.267301905066546,28.266481476764405,28.266431577796485,28.266492339110403,False
R3_TRNA_LOW,0.004880251583654433,re0000000336_MINUS_re0000000337,1.5475715203405854e-12,1.5869589726270195e-12,1.5463641785448953e-12,1.5466185260437237e-12,False
R3_TRNA_LOW,0.005291978735958442,re0000000332_MINUS_re0000000333,28.26730597213026,28.266484741109625,28.266434709062633,28.266496327523583,False
R3_TRNA_LOW,0.005291978735958442,re0000000336_MINUS_re0000000337,2.9634143299528613e-12,3.034939891999989e-12,2.961420819986163e-12,2.961775806299008e-12,False
R3_TRNA_LOW,0.005738441648302393,re0000000332_MINUS_re0000000333,28.267308950543224,28.26648710675515,28.266436977362897,28.26649925271325,False
R3_TRNA_LOW,0.005738441648302393,re0000000336_MINUS_re0000000337,5.5968757378321795e-12,5.724939976034252e-12,5.593615922518328e-12,5.594095204421719e-12,False
R3_TRNA_LOW,0.006222570836730231,re0000000332_MINUS_re0000000333,28.267311096399965,28.266488801829873,28.266438601678644,28.26650136406086,False
R3_TRNA_LOW,0.006222570836730231,re0000000336_MINUS_re0000000337,1.0422140459457131e-11,1.064826565410032e-11,1.0416854838929632e-11,1.0417480763816627e-11,False
R3_TRNA_LOW,0.006747544053110693,re0000000332_MINUS_re0000000333,28.267312633081417,28.266490019929748,28.26643976782815,28.266502879409494,False
R3_TRNA_LOW,0.006747544053110693,re0000000336_MINUS_re0000000337,1.9129347942221875e-11,1.952318990016746e-11,1.9120841533119102e-11,1.912163264756664e-11,False
R3_TRNA_LOW,0.007316807143427192,re0000000332_MINUS_re0000000333,28.267313746977834,28.26649091829352,28.266440626711386,28.26650398081239,False
R3_TRNA_LOW,0.007316807143427192,re0000000336_MINUS_re0000000337,3.4600344625245876e-11,3.527712842118524e-11,3.458674837219894e-11,3.458771746038334e-11,False
R3_TRNA_LOW,0.007934096665797492,re0000000332_MINUS_re0000000333,28.26731458720377,28.266491619535643,28.266441295968875,28.266504814168464,False
R3_TRNA_LOW,0.007934096665797492,re0000000336_MINUS_re0000000337,6.16646922860261e-11,6.281242681432548e-11,6.164310258442682e-11,6.164425618278366e-11,False
R3_TRNA_LOW,0.00860346441668451,re0000000332_MINUS_re0000000333,28.267315268779384,28.266492216199982,28.266441864345946,28.266505492248825,False
R3_TRNA_LOW,0.00860346441668451,re0000000336_MINUS_re0000000337,1.0827881512687643e-10,1.1020018638777253e-10,1.0824475570599592e-10,1.0824609604315831e-10,False
R3_TRNA_LOW,0.009329304026284686,re0000000332_MINUS_re0000000333,28.267315878390548,28.26649277716798,28.266442397835288,28.266506100262294,False
R3_TRNA_LOW,0.009329304026284686,re0000000336_MINUS_re0000000337,1.8733263673225586e-10,1.9050864514357005e-10,1.8727926477541926e-10,1.872807950084686e-10,False
R3_TRNA_LOW,0.01011637979766207,re0000000332_MINUS_re0000000333,28.267316481689875,28.266493354939815,28.266442946654564,28.266506702955727,False
R3_TRNA_LOW,0.01011637979766207,re0000000336_MINUS_re0000000337,3.1937162978581805e-10,3.2455704139558424e-10,3.192885773732632e-10,3.192903109511993e-10,False
R3_TRNA_LOW,0.01096985797892384,re0000000332_MINUS_re0000000333,28.26731713116976,28.26649399298516,28.26644355228672,28.26650735230747,False
R3_TRNA_LOW,0.01096985797892384,re0000000336_MINUS_re0000000337,5.366349550194266e-10,5.449997712771293e-10,5.365066548769681e-10,5.36508630320927e-10,False
R3_TRNA_LOW,0.011895340673703195,re0000000332_MINUS_re0000000333,28.267317873895138,28.26649473266684,28.266444254105995,28.266508095115977,False
R3_TRNA_LOW,0.011895340673703195,re0000000336_MINUS_re0000000337,8.889617716871892e-10,9.022985726211758e-10,8.887650582580428e-10,8.887673622289417e-10,False
R3_TRNA_LOW,0.01289890261253308,re0000000332_MINUS_re0000000333,28.26731875873338,28.266495619589225,28.266445095444585,28.2665089801267,False
R3_TRNA_LOW,0.01289890261253308,re0000000336_MINUS_re0000000337,1.4523205342674623e-09,1.4733452245713805e-09,1.4520212328766072e-09,1.4520240375868272e-09,False
R3_TRNA_LOW,0.013987131026472387,re0000000332_MINUS_re0000000333,28.26731984308617,28.26649670953395,28.266446129256867,28.266510064697986,False
R3_TRNA_LOW,0.013987131026472387,re0000000336_MINUS_re0000000337,2.3409870148600152e-09,2.373770872163167e-09,2.3405351257319733e-09,2.3405387529447277e-09,False
R3_TRNA_LOW,0.015167168884709226,re0000000332_MINUS_re0000000333,28.267321199426306,28.266498074376095,28.266447423753466,28.266511421299988,False
R3_TRNA_LOW,0.015167168884709226,re0000000336_MINUS_re0000000337,3.7247581642836126e-09,3.775343030392754e-09,3.7240811068270783e-09,3.7240861402785385e-09,False
R3_TRNA_LOW,0.016446761779946643,re0000000332_MINUS_re0000000333,28.26732292214996,28.266499808510954,28.26644906851367,28.26651314435013,False
R3_TRNA_LOW,0.016446761779946643,re0000000336_MINUS_re0000000337,5.853069869000884e-09,5.930336983599615e-09,5.852063063952365e-09,5.8520705486127985e-09,False
R3_TRNA_LOW,0.017834308769319095,re0000000332_MINUS_re0000000333,28.26732513537678,28.266502036397526,28.26645118165268,28.266515358006554,False
R3_TRNA_LOW,0.017834308769319095,re0000000336_MINUS_re0000000337,9.088524993033399e-09,9.205412826771655e-09,9.08703880982939e-09,9.087050605223631e-09,False
R3_TRNA_LOW,0.0193389175045523,re0000000332_MINUS_re0000000333,28.267328002400404,28.26650492187697,28.266453918671996,28.26651822561968,False
R3_TRNA_LOW,0.0193389175045523,re0000000336_MINUS_re0000000337,1.3953182496787356e-08,1.412838190218661e-08,1.3951004265220503e-08,1.3951023663821889e-08,False
R3_TRNA_LOW,0.02097046401323233,re0000000332_MINUS_re0000000333,28.267331737562472,28.266508679992405,28.266457483683524,28.266521961610874,False
R3_TRNA_LOW,0.02097046401323233,re0000000336_MINUS_re0000000337,2.119207088318361e-08,2.145236937625353e-08,2.1188900235009275e-08,2.1188933034853593e-08,False
R3_TRNA_LOW,0.022739657523579274,re0000000332_MINUS_re0000000333,28.267336621423283,28.26651359214972,28.266462143805413,28.26652684664923,False
R3_TRNA_LOW,0.022739657523579274,re0000000336_MINUS_re0000000337,3.18598475273265e-08,3.22433515839738e-08,3.185526276865278e-08,3.1855319115769825e-08,False
R3_TRNA_LOW,0.024658110758226038,re0000000332_MINUS_re0000000333,28.267343020259773,28.266520025628743,28.26646824768916,28.26653324716013,False
R3_TRNA_LOW,0.024658110758226038,re0000000336_MINUS_re0000000337,4.743842554172893e-08,4.7998964205496486e-08,4.7431838026946373e-08,4.7431935547804516e-08,False
R3_TRNA_LOW,0.026738416158399468,re0000000332_MINUS_re0000000333,28.26735141115182,28.266528458692832,28.26647624936367,28.266541640423036,False
R3_TRNA_LOW,0.026738416158399468,re0000000336_MINUS_re0000000337,6.99958478149118e-08,7.080895719963821e-08,6.998644033563303e-08,6.99866094201563e-08,False
R3_TRNA_LOW,0.028994228538828753,re0000000332_MINUS_re0000000333,28.26736241421588,28.266539512852717,28.26648673887313,28.26655264682101,False
R3_TRNA_LOW,0.028994228538828753,re0000000336_MINUS_re0000000337,1.023998412999147e-07,1.0357085309911494e-07,1.0238648531073495e-07,1.0238677795285805e-07,False
R3_TRNA_LOW,0.031440354715915,re0000000332_MINUS_re0000000333,28.26737683392946,28.26655399422505,28.26650048155318,28.26656707118699,False
R3_TRNA_LOW,0.031440354715915,re0000000336_MINUS_re0000000337,1.4860349336134893e-07,1.5027840729654783e-07,1.4858463832477592e-07,1.4858514279618616e-07,False
R3_TRNA_LOW,0.03409285069746811,re0000000332_MINUS_re0000000333,28.267395711966174,28.266572946404604,28.266518468240804,28.266585955665157,False
R3_TRNA_LOW,0.03409285069746811,re0000000336_MINUS_re0000000337,2.1402553691297899e-07,2.1640555374703306e-07,2.1399906316240618e-07,2.139999281733617e-07,False
R3_TRNA_LOW,0.036969127071950283,re0000000332_MINUS_re0000000333,28.26742039453825,28.26659771784614,28.26654197926669,28.26661064708813,False
R3_TRNA_LOW,0.036969127071950283,re0000000336_MINUS_re0000000337,3.0605401159927714e-07,3.0941484654731735e-07,3.060170357383702e-07,3.060185099811477e-07,False
R3_TRNA_LOW,0.04008806328898465,re0000000332_MINUS_re0000000333,28.267452617944627,28.266630047455067,28.266572665739,28.26664288256983,False
R3_TRNA_LOW,0.04008806328898465,re0000000336_MINUS_re0000000337,4.34709795171101e-07,4.394271870365012e-07,4.346584142574734e-07,4.346609105714296e-07,False
R3_TRNA_LOW,0.04347013158125022,re0000000332_MINUS_re0000000333,28.267494616855174,28.2666721729154,28.266612652426215,28.266684897847217,False
R3_TRNA_LOW,0.04347013158125022,re0000000336_MINUS_re0000000337,6.135158823611375e-07,6.200990653769041e-07,6.134448397554893e-07,6.134490386038207e-07,False
R3_TRNA_LOW,0.047137531341167244,re0000000332_MINUS_re0000000333,28.267549260850046,28.26672696727242,28.266664667472096,28.266739563892013,False
R3_TRNA_LOW,0.047137531341167244,re0000000336_MINUS_re0000000337,8.606295166177502e-07,8.697648290051606e-07,8.605317684893785e-07,8.605387834936934e-07,False
R3_TRNA_LOW,0.051114334834401656,re0000000332_MINUS_re0000000333,28.267620225859673,28.266798110416122,28.266732205262105,28.266810558441886,False
R3_TRNA_LOW,0.051114334834401656,re0000000336_MINUS_re0000000337,1.2003074869593178e-06,1.2129147454172324e-06,1.2001736443053453e-06,1.2001852852318008e-06,False
R3_TRNA_LOW,0.05542664520663107,re0000000332_MINUS_re0000000333,28.26771220844057,28.266890303395808,28.26681972996968,28.266902580390713,False
R3_TRNA_LOW,0.05542664520663107,re0000000336_MINUS_re0000000337,1.6647901235899987e-06,1.6820948764835972e-06,1.6646077401294883e-06,1.664626927471825e-06,False
R3_TRNA_LOW,0.06010276782070382,re0000000332_MINUS_re0000000333,28.26783119222432,28.267009534902986,28.26693292865105,28.267021616383907,False
R3_TRNA_LOW,0.06010276782070382,re0000000336_MINUS_re0000000337,2.2967066305445982e-06,2.3203318780386207e-06,2.296459302540101e-06,2.2964907158333392e-06,False
R3_TRNA_LOW,0.0651733960488242,re0000000332_MINUS_re0000000333,28.267984777369293,28.26716341074254,28.26707902417125,28.26717527044647,False
R3_TRNA_LOW,0.0651733960488242,re0000000336_MINUS_re0000000337,3.152123001892715e-06,3.184204377147511e-06,3.151789242492773e-06,3.151840326251508e-06,False
R3_TRNA_LOW,0.07067181273927492,re0000000332_MINUS_re0000000333,28.26818258532944,28.267361558609306,28.267267159650334,28.267373168975467,False
R3_TRNA_LOW,0.07067181273927492,re0000000336_MINUS_re0000000337,4.304373138586115e-06,4.347701784170308e-06,4.303924987862776e-06,4.3040074983078885e-06,False
R3_TRNA_LOW,0.07663410868007454,re0000000332_MINUS_re0000000333,28.2684367526208,28.26761612183667,28.267508867421906,28.267627454776726,False
R3_TRNA_LOW,0.07663410868007454,re0000000336_MINUS_re0000000337,5.848832677846083e-06,5.907029984510427e-06,5.848234010415253e-06,5.848366373202262e-06,False
R3_TRNA_LOW,0.08309941949353396,re0000000332_MINUS_re0000000333,28.26876252832244,28.267942356848362,28.267818636486734,28.267953384891634,False
R3_TRNA_LOW,0.08309941949353396,re0000000336_MINUS_re0000000337,7.908811553547501e-06,7.98653936087641e-06,7.908016052972698e-06,7.908226922435811e-06,False
R3_TRNA_LOW,0.09011018251665019,re0000000332_MINUS_re0000000333,28.26917899050204,28.26835934950632,28.268214592893496,28.26837004742471,False
R3_TRNA_LOW,0.09011018251665019,re0000000336_MINUS_re0000000337,1.0642752648282183e-05,1.074596117396532e-05,1.0641701431205193e-05,1.0642035008245447e-05,False
R3_TRNA_LOW,0.09771241535346502,re0000000332_MINUS_re0000000333,28.269709896299446,28.268890865053677,28.26871930701223,28.268901212093077,False
R3_TRNA_LOW,0.09771241535346502,re0000000336_MINUS_re0000000337,1.4252926171520741e-05,1.4389139519507969e-05,1.4251545067447298e-05,1.425206896081754e-05,False
R3_TRNA_LOW,0.10595601792776159,re0000000332_MINUS_re0000000333,28.270384678410664,28.269566344417807,28.269360739812335,28.269576327266652,False
R3_TRNA_LOW,0.10595601792776159,re0000000336_MINUS_re0000000337,1.8995797317566954e-05,1.9174432528827102e-05,1.8993993853839547e-05,1.8994810563620938e-05,False
R3_TRNA_LOW,0.11489510001873086,re0000000332_MINUS_re0000000333,28.27123959667597,28.270422055544575,28.270173336388954,28.270431672199162,False
R3_TRNA_LOW,0.11489510001873086,re0000000336_MINUS_re0000000337,2.519421135827038e-05,2.5426921200717775e-05,2.519187154859286e-05,2.519313503365263e-05,False
R3_TRNA_LOW,0.12458833642950082,re0000000332_MINUS_re0000000333,28.272319046443044,28.271502401432375,28.271199268304784,28.271511666119558,False
R3_TRNA_LOW,0.12458833642950082,re0000000336_MINUS_re0000000337,3.325147662769368e-05,3.355249832106213e-05,3.324846174992806e-05,3.325040100038464e-05,False
R3_TRNA_LOW,0.13509935211980265,re0000000332_MINUS_re0000000333,28.27367701436924,28.272861375534436,28.27248981589153,28.272870324852054,False
R3_TRNA_LOW,0.13509935211980265,re0000000336_MINUS_re0000000337,4.366732076066526e-05,4.4053802361902376e-05,4.366346440551735e-05,4.3666416489411046e-05,False
R3_TRNA_LOW,0.14649713983072862,re0000000332_MINUS_re0000000333,28.275378656261637,28.274564139106175,28.274106866350962,28.274572839540266,False
R3_TRNA_LOW,0.14649713983072862,re0000000336_MINUS_re0000000337,5.70555357506386e-05,5.754779910378051e-05,5.705064154464527e-05,5.705509717388061e-05,False
R3_TRNA_LOW,0.15885651294280528,re0000000332_MINUS_re0000000333,28.27750194911914,28.27668867267975,28.276124482221284,28.276697229616307,False
R3_TRNA_LOW,0.15885651294280528,re0000000336_MINUS_re0000000337,7.416289806272403e-05,7.478458272741159e-05,7.415673860845594e-05,7.416340382593028e-05,False
R3_TRNA_LOW,0.17225859653987857,re0000000332_MINUS_re0000000333,28.280139339845846,28.27932742414451,28.278630466584342,28.279335992451685,False
R3_TRNA_LOW,0.17225859653987857,re0000000336_MINUS_re0000000337,9.588863650300539e-05,9.666665451327635e-05,9.58809542206095e-05,9.589083220478773e-05,False
R3_TRNA_LOW,0.1867913599020783,re0000000332_MINUS_re0000000333,28.283399275765078,28.282588838549977,28.281727815894985,28.28259763472945,False
R3_TRNA_LOW,0.1867913599020783,re0000000336_MINUS_re0000000337,0.00012330331206911183,0.00012426753155663465,0.00012329382271028395,0.00012330831973648306,False
R3_TRNA_LOW,0.20255019392306664,re0000000332_MINUS_re0000000333,28.28740745799132,28.286598610769573,28.28553590951582,28.286607926540494,False
R3_TRNA_LOW,0.20255019392306664,re0000000336_MINUS_re0000000337,0.00015766547065432235,0.00015884804178488562,0.0001576538703221266,0.00015767492930016537,False
R3_TRNA_LOW,0.2196385372416547,re0000000332_MINUS_re0000000333,28.292307611589422,28.291500454944895,28.29019124028589,28.29151067199012,False
R3_TRNA_LOW,0.2196385372416547,re0000000336_MINUS_re0000000337,0.0002004338543279971,0.00020186809964336413,0.0002004198306974542,0.00020045009412921958,False
R3_TRNA_LOW,0.23816855519761582,re0000000332_MINUS_re0000000333,28.298261523442306,28.297456141747706,28.295847449625942,28.29746774711007,False
R3_TRNA_LOW,0.23816855519761582,re0000000336_MINUS_re0000000337,0.00025327237264605174,0.0002549911930600126,0.00025325562081920233,0.0002532986220090763,False
R3_TRNA_LOW,0.2582618760682675,re0000000332_MINUS_re0000000333,28.30544807264141,28.304644528341232,28.302674405959188,28.304658129740574,False
R3_TRNA_LOW,0.2582618760682675,re0000000336_MINUS_re0000000337,0.00031804456599004993,0.0003200783700931228,0.0003180248088217268,0.0003180851854948379,False
R3_TRNA_LOW,0.2800503894183631,re0000000332_MINUS_re0000000333,28.31406098728803,28.313259315053646,28.310856073853238,28.31327565510256,False
R3_TRNA_LOW,0.2800503894183631,re0000000336_MINUS_re0000000337,0.0003967941391920249,0.0003991683908461701,0.00039677115109094756,0.00039685486918420327,False
R3_TRNA_LOW,0.30367711180354573,re0000000332_MINUS_re0000000333,28.324305127754997,28.32350532896093,28.320586984191284,28.32352529701703,False
R3_TRNA_LOW,0.30367711180354573,re0000000336_MINUS_re0000000337,0.0004917085802986776,0.0004944411735583032,0.0004916822123750346,0.0004917967801719392,False
R3_TRNA_LOW,0.3292971255097151,re0000000332_MINUS_re0000000333,28.336391239074146,28.335593277152032,28.33206725111044,28.335617917387154,False
R3_TRNA_LOW,0.3292971255097151,re0000000336_MINUS_re0000000337,0.0006050642020412056,0.000608162997013797,0.0006050344053380594,0.0006051890506194111,False
R3_TRNA_LOW,0.35707859649004625,re0000000332_MINUS_re0000000333,28.35052933933548,28.34973313662494,28.34549629431217,28.34976365090686,False
R3_TRNA_LOW,0.35707859649004625,re0000000336_MINUS_re0000000337,0.0007391533471938772,0.0007426143043143725,0.0007391201896689885,0.0007393259674193907,False
R3_TRNA_LOW,0.3872038781812553,re0000000332_MINUS_re0000000333,28.366921193937742,28.3661266306614,28.361065694061626,28.366164375128783,False
R3_TRNA_LOW,0.3872038781812553,re0000000336_MINUS_re0000000337,0.0008961978857158215,0.000900004277249549,0.0008961615584739406,0.0008964313566633992,False
R3_TRNA_LOW,0.419870708444391,re0000000332_MINUS_re0000000333,28.3857526080119,28.384959523723783,28.378951874085498,28.385005998545946,False
R3_TRNA_LOW,0.419870708444391,re0000000336_MINUS_re0000000337,0.0010782569285225918,0.0010823800439568446,0.0010782177373002255,0.0010785661555125143,False
R3_TRNA_LOW,0.4552935074866948,re0000000332_MINUS_re0000000333,28.407186461430683,28.40639465905012,28.399309490033026,28.406451491720656,False
R3_TRNA_LOW,0.4552935074866948,re0000000336_MINUS_re0000000337,0.0012871398074736362,0.0012915413866130675,0.0012870981472272837,0.0012875412384677157,False
R3_TRNA_LOW,0.4937047852839004,re0000000332_MINUS_re0000000333,28.43135742350023,28.430566675510367,28.42226641284348,28.430635598969676,False
R3_TRNA_LOW,0.4937047852839004,re0000000336_MINUS_re0000000337,0.0015243365123254193,0.0015289728596132907,0.001524292825656408,0.0015248477127900615,False
R3_TRNA_LOW,0.5353566677410724,re0000000332_MINUS_re0000000333,28.458369069036053,28.45757912511257,28.447920991960686,28.457661952834304,False
R3_TRNA_LOW,0.5353566677410724,re0000000336_MINUS_re0000000337,0.001790975967011832,0.0017958033907570679,0.0017909306898411434,0.001791615089915863,False
R3_TRNA_LOW,0.5805225516094895,re0000000332_MINUS_re0000000333,28.4882937012826,28.487504296263197,28.476341888027235,28.487602896876325,False
R3_TRNA_LOW,0.5805225516094895,re0000000336_MINUS_re0000000337,0.0020878177477214876,0.002092798722855037,0.002087771248414743,0.0020886029541677354,False
R3_TRNA_LOW,0.6294988990221888,re0000000332_MINUS_re0000000333,28.521174669142056,28.520385530280755,28.507570273155192,28.52050180422215,False
R3_TRNA_LOW,0.6294988990221888,re0000000336_MINUS_re0000000337,0.0024152762270119865,0.002420385575657532,0.0024152287452679925,0.002416225118188184,False
R3_TRNA_LOW,0.6826071834272386,re0000000332_MINUS_re0000000333,28.55703048336727,28.55624133591827,28.541623738451108,28.55637719606046,False
R3_TRNA_LOW,0.6826071834272386,re0000000336_MINUS_re0000000337,0.002773469545118701,0.0027786999963501655,0.002773421137541574,0.0027745986590412323,False
R3_TRNA_LOW,0.7401959996915645,re0000000332_MINUS_re0000000333,28.595859712087986,28.595070282683697,28.57850094097058,28.59522763998213,False
R3_TRNA_LOW,0.7401959996915645,re0000000336_MINUS_re0000000337,0.003162281119713839,0.0031676478115233667,0.003162231615439064,0.00316360552612643,False
R3_TRNA_LOW,0.8026433522257174,re0000000332_MINUS_re0000000333,28.63764554483714,28.636855562425918,28.618185935491237,28.63703631655431,False
R3_TRNA_LOW,0.8026433522257174,re0000000336_MINUS_re0000000337,0.003581419756329751,0.003586963505150229,0.0035813687247831408,0.003582952760232692,False
R3_TRNA_LOW,0.8703591361485166,re0000000332_MINUS_re0000000333,28.68235906714108,28.681568261799793,28.66065128194309,28.68177429582547,False
R3_TRNA_LOW,0.8703591361485166,re0000000336_MINUS_re0000000337,0.004030466019912637,0.004036255417052913,0.004030412750261137,0.004032218962989161,False
R3_TRNA_LOW,0.9437878277775381,re0000000332_MINUS_re0000000333,28.729960641016078,28.72916874116404,28.70585935454693,28.72940191863721,False
R3_TRNA_LOW,0.9437878277775381,re0000000336_MINUS_re0000000337,0.0045088967441131445,0.004515029283586162,0.004508840233908897,0.0045108788793339636,False
R3_TRNA_LOW,1.0234114021054528,re0000000332_MINUS_re0000000333,28.78039925707708,28.779605985951093,28.75376172535058,28.77986814839759,False
R3_TRNA_LOW,1.0234114021054528,re0000000336_MINUS_re0000000337,0.005016085255363123,0.005022687732921636,0.005016024206480672,0.005018303667460345,False
R3_TRNA_LOW,1.1097524964120722,re0000000332_MINUS_re0000000333,28.833610215227964,28.832815287483616,28.80429696121096,28.833108250507383,False
R3_TRNA_LOW,1.1097524964120722,re0000000336_MINUS_re0000000337,0.005551280802791325,0.005558509166471657,0.0055512136229235514,0.005553740352382544,False
R3_TRNA_LOW,1.2033778407775906,re0000000332_MINUS_re0000000333,28.88951191877277,28.888715038055153,28.85738757946641,28.889040584660513,False
R3_TRNA_LOW,1.2033778407775906,re0000000336_MINUS_re0000000337,0.006113575733081689,0.0061216144526853,0.006113500542256307,0.006116279013955479,False
R3_TRNA_LOW,1.3049019780144016,re0000000332_MINUS_re0000000333,28.94800288274564,28.94720374089772,28.912937207555043,28.947563611446345,False
R3_TRNA_LOW,1.3049019780144016,re0000000336_MINUS_re0000000337,0.0067018725231378085,0.006710933427035576,0.0067017871656993465,0.006704819835784007,False
R3_TRNA_LOW,1.414991297434576,re0000000332_MINUS_re0000000333,29.00896025743714,29.00815853585232,28.970829181959033,29.008554414931485,False
R3_TRNA_LOW,1.414991297434576,re0000000336_MINUS_re0000000337,0.0073148648418168705,0.0073251852862494474,0.007314766905577921,0.007318054199434731,False
R3_TRNA_LOW,1.5343684089300131,re0000000332_MINUS_re0000000333,29.07224128611415,29.071436659501853,29.03092793390862,29.07187016108946,False
R3_TRNA_LOW,1.5343684089300131,re0000000336_MINUS_re0000000337,0.007951047781261877,0.00796288799720017,0.007950934624880066,0.007954474972599032,False
R3_TRNA_LOW,1.6638168860761273,re0000000332_MINUS_re0000000333,29.137689194933046,29.136881337443736,29.09308458439837,29.137353990756818,False
R3_TRNA_LOW,1.6638168860761273,re0000000336_MINUS_re0000000337,0.008608772856177893,0.008622412381723918,0.008608641646423814,0.008612431595426587,False
R3_TRNA_LOW,1.8041864093920719,re0000000332_MINUS_re0000000333,29.2051450752042,29.204333668707733,29.157148230139565,29.204846908279897,False
R3_TRNA_LOW,1.8041864093920719,re0000000336_MINUS_re0000000337,0.009286363683202126,0.009302096934757276,0.009286211440516244,0.009290245874113668,False
R3_TRNA_LOW,1.9563983435170649,re0000000332_MINUS_re0000000333,29.274467337614624,29.273652081402098,29.22298442050951,29.27420724625116,False
R3_TRNA_LOW,1.9563983435170649,re0000000336_MINUS_re0000000337,0.009982308238477344,0.010000439502459093,0.009982131888794718,0.009986404376095204,False
R3_TRNA_LOW,2.1214517849106276,re0000000332_MINUS_re0000000333,29.345560213194403,29.34474083432002,29.29050222623638,29.345339182097536,False
R3_TRNA_LOW,2.1214517849106276,re0000000336_MINUS_re0000000337,0.010695542482721976,0.010716380890172865,0.010695338909436518,0.010699842204672029,False
R3_TRNA_LOW,2.300430119772917,re0000000332_MINUS_re0000000333,29.41841243374074,29.417588696342573,29.35969097511902,29.41823143954023,False
R3_TRNA_LOW,2.300430119772917,re0000000336_MINUS_re0000000337,0.011425836746241202,0.011449692082059862,0.011425602833646221,0.011430329533857008,False
R3_TRNA_LOW,2.4945081352303164,re0000000332_MINUS_re0000000333,29.493146540946327,29.492318253063928,29.43066708178287,29.493006624930285,False
R3_TRNA_LOW,2.4945081352303164,re0000000336_MINUS_re0000000337,0.012174289515201053,0.012201469924113835,0.012174022172846305,0.012178965534085175,False
R3_TRNA_LOW,2.704959730463137,re0000000332_MINUS_re0000000333,29.570078228993225,29.569245244863232,29.50373040572975,29.569980602426245,False
R3_TRNA_LOW,2.704959730463137,re0000000336_MINUS_re0000000337,0.012943922857175494,0.012974735525107552,0.012943619014336086,0.012948773922650305,False
R3_TRNA_LOW,2.9331662783900425,re0000000332_MINUS_re0000000333,29.64978383135167,29.648946047857713,29.57942834372262,29.649730018045165,False
R3_TRNA_LOW,2.9331662783900425,re0000000336_MINUS_re0000000337,0.013740360783117467,0.013775116370904629,0.01374001734540898,0.01374538144497903,False
R3_TRNA_LOW,3.180625692794119,re0000000332_MINUS_re0000000333,29.733172799038584,29.732330145606102,29.65862466217984,29.7331648178356,False
R3_TRNA_LOW,3.180625692794119,re0000000336_MINUS_re0000000337,0.014572559129874207,0.014611580033616381,0.014572172897609908,0.014577747899317345,False
R3_TRNA_LOW,3.44896226040576,re0000000332_MINUS_re0000000333,29.821561175471288,29.820713598380593,29.74256927604433,29.821601763229815,False
R3_TRNA_LOW,3.44896226040576,re0000000336_MINUS_re0000000337,0.015453547032848292,0.015497178451085197,0.015453114590909615,0.015458907821133435,False
R3_TRNA_LOW,3.739937302478794,re0000000332_MINUS_re0000000333,29.916742044035345,29.91588948767816,29.832965152648075,29.916834917141696,False
R3_TRNA_LOW,3.739937302478794,re0000000336_MINUS_re0000000337,0.016401139677896026,0.016449761126073544,0.016400657280947282,0.01640668358062444,False
R3_TRNA_LOW,4.0554607358408274,re0000000332_MINUS_re0000000333,30.02104993064131,30.020192320223202,29.932029475225107,30.021200081693394,False
R3_TRNA_LOW,4.0554607358408274,re0000000336_MINUS_re0000000337,0.01743859208147569,0.01749262565676034,0.017438055571445024,0.017444339709915765,False
R3_TRNA_LOW,4.397603609302721,re0000000332_MINUS_re0000000333,30.137418127371348,30.13655535878365,30.042548084028656,30.137632152584413,False
R3_TRNA_LOW,4.397603609302721,re0000000336_MINUS_re0000000337,0.01859518356411627,0.01865509420463988,0.01859458836762955,0.01860116818672778,False
R3_TRNA_LOW,4.768611697714475,re0000000332_MINUS_re0000000333,30.269430502899922,30.268562446424063,30.167924682290707,30.269716957014456,False
R3_TRNA_LOW,4.768611697714475,re0000000336_MINUS_re0000000337,0.0199067487864113,0.019973031163888662,0.019906090044537146,0.019913020588347423,False
R3_TRNA_LOW,5.170920242896756,re0000000332_MINUS_re0000000333,30.421372042474104,30.420498566922586,30.31222883616922,30.42174182003752,False
R3_TRNA_LOW,5.170920242896756,re0000000336_MINUS_re0000000337,0.021416198280803656,0.02148934480621319,0.021415471168604587,0.021422830085785213,False
R3_TRNA_LOW,5.607169938205458,re0000000332_MINUS_re0000000333,30.598284570500255,30.597405593794885,30.48024889664752,30.59875131572905,False
R3_TRNA_LOW,5.607169938205458,re0000000336_MINUS_re0000000337,0.023174093939019258,0.02325453840970653,0.0231732942286387,0.02318118876562547,False
R3_TRNA_LOW,6.080224261649427,re0000000332_MINUS_re0000000333,30.806035472167423,30.80515104469876,30.6775572667641,30.806616024540162,False
R3_TRNA_LOW,6.080224261649427,re0000000336_MINUS_re0000000337,0.02523935907925079,0.025327390389600406,0.02523848400251766,0.025247059953253978,False
R3_TRNA_LOW,6.593188271333542,re0000000332_MINUS_re0000000333,31.051407608698355,31.0505180355688,30.9105957955189,31.052122495212814,False
R3_TRNA_LOW,6.593188271333542,re0000000336_MINUS_re0000000337,0.027680207118692124,0.027775846786156733,0.027679256595355126,0.02768870965303257,False
R3_TRNA_LOW,7.149428986597577,re0000000332_MINUS_re0000000333,31.342218099802267,31.34132410924717,31.186788585520215,31.343092089149764,False
R3_TRNA_LOW,7.149428986597577,re0000000336_MINUS_re0000000337,0.03057536839264685,0.030678204075954525,0.030574346703062232,0.03058493678419891,False
R3_TRNA_LOW,7.752597488629465,re0000000332_MINUS_re0000000333,31.68747248710133,31.686575455442604,31.51468840015683,31.688535224798514,False
R3_TRNA_LOW,7.752597488629465,re0000000336_MINUS_re0000000337,0.03401568381900688,0.03412464833752755,0.03401460182808468,0.03402667111660275,False
R3_TRNA_LOW,8.406652885618316,re0000000332_MINUS_re0000000333,32.09755934870918,32.096661594899366,31.90416148357766,32.09884609399542,False
R3_TRNA_LOW,8.406652885618316,re0000000336_MINUS_re0000000337,0.038106120426164125,0.03821920196222737,0.03810499850894963,0.038118994200030135,False
R3_TRNA_LOW,9.115888299750818,re0000000332_MINUS_re0000000333,32.58448908050195,32.58359424965517,32.36661432167074,32.58604156857341,False
R3_TRNA_LOW,9.115888299750818,re0000000336_MINUS_re0000000337,0.04296825105461721,0.043082115228985716,0.042967122917281386,0.04298362592702934,False
R3_TRNA_LOW,9.884959046625585,re0000000332_MINUS_re0000000333,33.162179638573434,33.16129319859012,32.91526499462833,33.164047091661374,False
R3_TRNA_LOW,9.884959046625585,re0000000336_MINUS_re0000000337,0.048743232193601216,0.048852730590561486,0.04874214985555259,0.04876191110483379,False
R3_TRNA_LOW,10.718913192051286,re0000000332_MINUS_re0000000333,33.84679177007638,33.845921654539424,33.56546151968904,33.849032083161276,False
R3_TRNA_LOW,10.718913192051286,re0000000336_MINUS_re0000000337,0.0555953123935069,0.05569284479270177,0.05559435266806426,0.05561833895519509,False
R3_TRNA_LOW,11.623224686798519,re0000000332_MINUS_re0000000333,34.65711673395708,34.656274171968,34.33505002894873,34.65979786094534,False
R3_TRNA_LOW,11.623224686798519,re0000000336_MINUS_re0000000337,0.06371590986373121,0.06379059874542271,0.06371518276275896,0.06374463472071362,False
R3_TRNA_LOW,12.603829296797274,re0000000332_MINUS_re0000000333,35.61502063221997,35.614221216988035,35.24479669026206,35.61822220050931,False
R3_TRNA_LOW,12.603829296797274,re0000000336_MINUS_re0000000337,0.07332831098074166,0.07336493650839047,0.07332797058859103,0.07336447580184417,False
R3_TRNA_LOW,13.667163564620074,re0000000332_MINUS_re0000000333,36.74595102947205,36.745216090515434,36.318868755644466,36.7497662137866,False
R3_TRNA_LOW,13.667163564620074,re0000000336_MINUS_re0000000337,0.08469305950893613,0.08467069067771445,0.08469331799464189,0.08473890305321799,False
R3_TRNA_LOW,14.82020705798857,re0000000332_MINUS_re0000000333,38.07951326074544,38.0788716188256,37.58538175237167,38.08405094924952,False
R3_TRNA_LOW,14.82020705798857,re0000000336_MINUS_re0000000337,0.0981141266497616,0.09800436910696016,0.09811527225572769,0.09817251838149194,False
R3_TRNA_LOW,16.070528182616385,re0000000332_MINUS_re0000000333,39.65012545429636,39.64961565691222,39.077021374400786,39.655512744510034,False
R3_TRNA_LOW,16.070528182616385,re0000000336_MINUS_re0000000337,0.1139459721316598,0.11371073467999596,0.11394839216731945,0.11402058009436397,False
R3_TRNA_LOW,17.42633386009651,re0000000332_MINUS_re0000000333,41.497762645129114,41.497435804668434,40.83174990762965,41.50414771298578,False
R3_TRNA_LOW,17.42633386009651,re0000000336_MINUS_re0000000337,0.13260162454207602,0.1321902839199526,0.13260583467685044,0.13269712573397094,False
R3_TRNA_LOW,18.896523396912077,re0000000332_MINUS_re0000000333,43.66880133829545,43.668724717800686,42.89360794474979,43.67635672533085,False
R3_TRNA_LOW,18.896523396912077,re0000000336_MINUS_re0000000337,0.15456192419151193,0.15390774066491342,0.1545686056167949,0.15468426749053532,False
R3_TRNA_LOW,20.49074689815846,re0000000332_MINUS_re0000000333,46.21697645529639,46.21723798500614,45.31362268827787,46.22590282863704,False
R3_TRNA_LOW,20.49074689815846,re0000000336_MINUS_re0000000337,0.18038608363985986,0.17940168765816544,0.18039613003875865,0.1805428175141198,False
R3_TRNA_LOW,22.21946860939524,re0000000332_MINUS_re0000000333,49.20446280145552,49.2051767403575,48.15083431078304,49.214993240806855,False
R3_TRNA_LOW,22.21946860939524,re0000000336_MINUS_re0000000337,0.21072372979142528,0.20929546184485262,0.21073830649566166,0.21092440961989303,False
R3_TRNA_LOW,24.09403560239527,re0000000332_MINUS_re0000000333,52.70309298206121,52.70440698996034,51.47345163565693,52.71549785799375,False
R3_TRNA_LOW,24.09403560239527,re0000000336_MINUS_re0000000337,0.24632859716075473,0.244309438467884,0.24634921534344845,0.2465852899689364,False
R3_TRNA_LOW,26.126752255633264,re0000000332_MINUS_re0000000333,56.795723090763204,56.797827022657785,55.36014779480353,56.81031559871188,False
R3_TRNA_LOW,26.126752255633264,re0000000336_MINUS_re0000000337,0.28807404401413805,0.2852748245673696,0.28810265341162256,0.28840195196116736,False
R3_TRNA_LOW,28.330961018393243,re0000000332_MINUS_re0000000333,61.57775643537752,61.580893229790924,59.901505490036854,61.594898855504724,False
R3_TRNA_LOW,28.330961018393243,re0000000336_MINUS_re0000000337,0.33697056155870087,0.33314907409163114,0.33700966586375664,0.33738878944959527,False
R3_TRNA_LOW,30.72112998861759,re0000000332_MINUS_re0000000333,67.15883410791866,67.16331320519262,65.2016200605764,67.17894486295864,False
R3_TRNA_LOW,30.72112998861759,re0000000336_MINUS_re0000000337,0.3941854409986263,0.38903302492552605,0.39423824082788794,0.39471793755114193,False
R3_TRNA_LOW,33.3129478793467,re0000000332_MINUS_re0000000333,73.66469946061261,73.67091325836117,71.37986685127974,73.68826104803883,False
R3_TRNA_LOW,33.3129478793467,re0000000336_MINUS_re0000000337,0.4610647552726732,0.45418984413532026,0.4611353245314379,0.46174146285641954,False
R3_TRNA_LOW,36.123426997094306,re0000000332_MINUS_re0000000333,81.23924170911778,81.24768563625776,78.57283756604484,81.2668095832314,False
R3_TRNA_LOW,36.123426997094306,re0000000336_MINUS_re0000000337,0.539157803501439,0.5300658536294272,0.5392513058689424,0.5400160564450396,False
R3_TRNA_LOW,39.17101490809261,re0000000332_MINUS_re0000000333,90.0467220027931,90.05801887407412,86.93644842400312,90.0789344844276,False
R3_TRNA_LOW,39.17101490809261,re0000000336_MINUS_re0000000337,0.6302441568004724,0.6183132950715778,0.6303671101294073,0.6313303742228964,False
R3_TRNA_LOW,42.47571552536894,re0000000332_MINUS_re0000000333,100.27418292919174,100.28911232589476,96.64822058952207,100.31177222554608,False
R3_TRNA_LOW,42.47571552536894,re0000000336_MINUS_re0000000337,0.7363634293469659,0.7208150760370089,0.7365240268908494,0.737735154705948,False
R3_TRNA_LOW,46.05922041145104,re0000000332_MINUS_re0000000333,112.13403815869242,112.15357165819344,107.90972917018377,112.17784257147302,False
R3_TRNA_LOW,46.05922041145104,re0000000336_MINUS_re0000000337,0.8598478625208372,0.8397115050603042,0.860056361018941,0.8615762084214394,False
R3_TRNA_LOW,49.9450511585514,re0000000332_MINUS_re0000000333,125.8668302972801,125.89217344672402,120.94920873211663,125.9178077008702,False
R3_TRNA_LOW,49.9450511585514,re0000000336_MINUS_re0000000337,1.0033577238937141,0.9774289470913227,1.003626909689956,1.0055302868522071,False
R3_TRNA_LOW,54.15871378079476,re0000000332_MINUS_re0000000333,141.74412951199338,141.77677148609467,136.02428837746547,141.80337217452964,False
R3_TRNA_LOW,54.15871378079476,re0000000336_MINUS_re0000000337,1.169919355561433,1.136710187461889,1.1702651007810805,1.17264367034499,False
R3_TRNA_LOW,58.72786613189477,re0000000332_MINUS_re0000000333,160.07152275322005,160.11329463853042,153.4248076309006,160.1402735638446,False
R3_TRNA_LOW,58.72786613189477,re0000000336_MINUS_re0000000337,1.362965447064198,1.3206460782707425,1.36340736836703,1.3663730527903126,False
R3_TRNA_LOW,63.68249944718586,re0000000332_MINUS_re0000000333,181.19161753728986,181.24476011818905,173.47563958615916,181.27128768167256,False
R3_TRNA_LOW,63.68249944718586,re0000000336_MINUS_re0000000337,1.5863767954724608,1.5327077966875136,1.5869390277035658,1.5906279844112814,False
R3_TRNA_LOW,69.0551352016233,re0000000332_MINUS_re0000000333,205.48696332005784,205.55420508697583,196.53942763364597,205.57915142618802,False
R3_TRNA_LOW,69.0551352016233,re0000000336_MINUS_re0000000337,1.8445245348120807,1.7767788508346751,1.845236630695478,1.849813848618485,False
R3_TRNA_LOW,74.88103857590015,re0000000332_MINUS_re0000000333,233.38278475007974,233.4674306047812,223.0191335165875,233.48929750772635,False
R3_TRNA_LOW,74.88103857590015,re0000000336_MINUS_re0000000337,2.1423116535443114,2.057185898393877,2.1432096182699456,2.1488741801670552,False
R3_TRNA_LOW,81.19844993184009,re0000000332_MINUS_re0000000333,265.34942496940494,265.4554557691504,253.36029786786435,265.47229922772704,False
R3_TRNA_LOW,81.19844993184009,re0000000336_MINUS_re0000000337,2.4852125868637813,2.3787275002822117,2.4863400532744073,2.493331095251745,False
R3_TRNA_LOW,88.04883581643465,re0000000332_MINUS_re0000000333,301.90440642787144,302.0365890891456,288.0529229142324,302.04593278059116,False
R3_TRNA_LOW,88.04883581643465,re0000000336_MINUS_re0000000337,2.8793097004672745,2.7467000438808338,2.880719245903956,2.889322629215374,False
R3_TRNA_LOW,95.47716114208066,re0000000332_MINUS_re0000000333,343.61402334226295,343.778030726661,327.632893093273,343.7767712347556,False
R3_TRNA_LOW,95.47716114208066,re0000000336_MINUS_re0000000337,3.331325487466529,3.1669201555160074,3.333080088306094,3.3436357789117683,False
R3_TRNA_LOW,103.53218432956616,re0000000332_MINUS_re0000000333,391.0943833854981,391.2969226275622,372.68285236766167,391.28122782118044,False
R3_TRNA_LOW,103.53218432956616,re0000000336_MINUS_re0000000337,3.8486492794181686,3.6457429729090833,3.8508238919219875,3.863734020678468,False
R3_TRNA_LOW,112.26677735108136,re0000000332_MINUS_re0000000333,445.01182450167835,445.260771804098,423.83246468952854,445.22597445653753,False
R3_TRNA_LOW,112.26677735108136,re0000000336_MINUS_re0000000337,4.439357319177361,4.1900757447194765,4.442040569350545,4.457778121259038,False
R3_TRNA_LOW,121.7382727739662,re0000000332_MINUS_re0000000333,506.08265591878444,506.387195254246,481.75800595965734,506.3276846587596,False
R3_TRNA_LOW,121.7382727739662,re0000000336_MINUS_re0000000337,5.112225299701095,4.8073864675595,5.115521255269195,5.134639312855739,False
R3_TRNA_LOW,132.00884008314168,re0000000332_MINUS_re0000000333,575.072215993423,575.4429786205939,547.1812770336983,575.3520935551079,False
R3_TRNA_LOW,132.00884008314168,re0000000336_MINUS_re0000000337,5.876733013545163,5.505707716660513,5.880763006651041,5.903904454511522,False
R3_TRNA_LOW,143.14589375234786,re0000000332_MINUS_re0000000333,652.7933026771061,653.2425041009212,620.8678872231407,653.1124309063894,False
R3_TRNA_LOW,143.14589375234786,re0000000336_MINUS_re0000000337,6.743061620334629,6.2936364715305375,6.747966079644433,6.775873670853132,False
R3_TRNA_LOW,155.2225357427048,re0000000332_MINUS_re0000000333,740.1041114274412,740.6456824410151,703.6250325488951,740.4673620909796,False
R3_TRNA_LOW,155.2225357427048,re0000000336_MINUS_re0000000337,7.722085160668939,7.180331548176111,7.728025425934512,7.761552122395181,False
R3_TRNA_LOW,168.31803533309548,re0000000332_MINUS_re0000000333,837.9059052346274,838.5556141950746,796.2989779915252,838.31866193221,False
R3_TRNA_LOW,168.31803533309548,re0000000336_MINUS_re0000000337,8.825359371257946,8.175511184225693,8.832519438540356,8.872638973352878,False
R3_TRNA_LOW,182.51834943190426,re0000000332_MINUS_re0000000333,947.14073649887,947.916300965836,899.7725424549841,947.6089412692799,False
R3_TRNA_LOW,182.51834943190426,re0000000336_MINUS_re0000000337,10.065112341544591,9.289454334134938,10.073700535678494,10.121518212800272,False
R3_TRNA_LOW,197.91668678535575,re0000000332_MINUS_re0000000333,1068.7896328326315,1069.7108203472956,1014.9629716213842,1069.319838630658,False
R3_TRNA_LOW,197.91668678535575,re0000000336_MINUS_re0000000337,11.454243234649766,10.533010255749298,11.464493796092908,11.521257645337181,False
R3_TRNA_LOW,214.6141197858406,re0000000332_MINUS_re0000000333,1203.8717387467623,1204.9604587022618,1142.8206576098894,1204.4711692380763,False
R3_TRNA_LOW,214.6141197858406,re0000000336_MINUS_re0000000337,13.006336780381389,11.91762192192992,13.018511402114692,13.085623948816218,False
R3_TRNA_LOW,232.72024789604072,re0000000332_MINUS_re0000000333,1353.4449598118663,1354.7253510670917,1284.329213135567,1354.1215782919835,False
R3_TRNA_LOW,232.72024789604072,re0000000336_MINUS_re0000000337,14.73570255516097,13.455369562751777,14.750091919118681,14.829123007851496,False
R3_TRNA_LOW,252.3539170434766,re0000000332_MINUS_re0000000333,1518.6086706351489,1520.107192518284,1440.507417444151,1519.3712602655803,False
R3_TRNA_LOW,252.3539170434766,re0000000336_MINUS_re0000000337,16.657448791898787,15.159041100839534,16.674374222524634,16.767075549096987,False
R3_TRNA_LOW,273.6439997074672,re0000000332_MINUS_re0000000333,1700.509006938897,1702.2545443769363,1612.4135064847096,1701.3672649801952,False
R3_TRNA_LOW,273.6439997074672,re0000000336_MINUS_re0000000337,18.78760057396721,17.042236237406915,18.807415948202816,18.91573819707894,False
R3_TRNA_LOW,296.73024081888667,re0000000332_MINUS_re0000000333,1900.34715186432,1902.3711481820706,1801.1521678150762,1901.3118011251488,False
R3_TRNA_LOW,296.73024081888667,re0000000336_MINUS_re0000000337,21.14327139640227,19.119510348248916,21.166365502725313,21.29247924916132,False
R3_TRNA_LOW,321.76417502507354,re0000000332_MINUS_re0000000333,2119.390841877088,2121.727475106363,2007.8844165859693,2120.4737632453584,False
R3_TRNA_LOW,321.76417502507354,re0000000336_MINUS_re0000000337,23.742895265691914,21.406563096061458,23.76969486447885,23.916016673754342,False
R3_TRNA_LOW,348.9101213406774,re0000000332_MINUS_re0000000333,2358.9890677779913,2361.675487861774,2233.840281775873,2360.2034585038255,False
R3_TRNA_LOW,348.9101213406774,re0000000336_MINUS_re0000000337,26.606523985276,23.920474842544188,26.637497789220237,26.806723223710087,False
R3_TRNA_LOW,378.3462617131925,re0000000332_MINUS_re0000000333,2620.589659973979,2623.666304717581,2480.3339487928156,2621.950223096193,False
R3_TRNA_LOW,378.3462617131925,re0000000336_MINUS_re0000000337,29.756191086256877,26.679991821648407,29.791855031906127,29.98700056624143,False
R3_TRNA_LOW,410.26581058271904,re0000000332_MINUS_re0000000333,2905.759169328958,2909.2701770676786,2748.7807291756653,2907.2823409174016,False
R3_TRNA_LOW,410.26581058271904,re0000000336_MINUS_re0000000337,33.216341452207416,29.705859078188933,33.25726549582094,33.48172166059049,False
R3_TRNA_LOW,444.87828311275854,re0000000332_MINUS_re0000000333,3216.2042411118746,3220.1979774484257,3040.715011492642,3217.908463147446,False
R3_TRNA_LOW,444.87828311275854,re0000000336_MINUS_re0000000337,37.01432385575026,33.021198953914514,37.061140636710896,37.318739101474755,False
R3_TRNA_LOW,482.41087041653736,re0000000332_MINUS_re0000000333,3553.7935776002705,3558.323293202434,3357.8082351777193,3555.699625840979,False
R3_TRNA_LOW,482.41087041653736,re0000000336_MINUS_re0000000337,41.18094393936917,36.65193297816931,41.2343597604136,41.52945758728672,False
R3_TRNA_LOW,523.1099308056258,re0000000332_MINUS_re0000000333,3920.579624865204,3925.70426234342,3701.885947963177,3922.7110035355354,False
R3_TRNA_LOW,523.1099308056258,re0000000336_MINUS_re0000000337,45.75107820145786,40.62724680869675,45.81188661599732,46.14947165301946,False
R3_TRNA_LOW,567.2426068491977,re0000000332_MINUS_re0000000333,4318.8193045873195,4324.604474443132,4074.943157045479,4321.202722148822,False
R3_TRNA_LOW,567.2426068491977,re0000000336_MINUS_re0000000337,50.7643543893937,44.980101559480104,50.83345314689633,51.219275596262044,False
R3_TRNA_LOW,615.0985788580505,re0000000332_MINUS_re0000000333,4750.993410723284,4757.512561896216,4479.157433839373,4753.659355501304,False
R3_TRNA_LOW,615.0985788580505,re0000000336_MINUS_re0000000337,56.265912666451186,49.74780037783124,56.34432434417879,56.7850610801967,False
R3_TRNA_LOW,666.9919663030115,re0000000332_MINUS_re0000000333,5219.82465348579,5227.160471651685,4916.89952692566,5222.808092695707,False
R3_TRNA_LOW,666.9919663030115,re0000000336_MINUS_re0000000337,62.30727109964937,54.97262622607744,62.39616854975383,62.899628970831046,False
R3_TRNA_LOW,723.2633896483534,re0000000332_MINUS_re0000000333,5728.294685762376,5736.540764706863,5390.741506731253,5731.635918741402,False
R3_TRNA_LOW,723.2633896483534,re0000000336_MINUS_re0000000337,68.94733196869493,60.70257512278469,69.04806992893388,69.62345527072652,False
R3_TRNA_LOW,784.2822061337682,re0000000332_MINUS_re0000000333,6279.660723198205,6288.923572328142,5903.462637962622,6283.406430281875,False
R3_TRNA_LOW,784.2822061337682,re0000000336_MINUS_re0000000337,76.25358003564179,66.9922183397023,76.36773402663384,77.02596652390862,False
R3_TRNA_LOW,850.4489341802686,re0000000332_MINUS_re0000000333,6877.472520403564,6887.873992976751,6458.053195363376,6881.677060939,False
R3_TRNA_LOW,850.4489341802686,re0000000336_MINUS_re0000000337,84.3035380821675,73.90373727944238,84.43295370444463,85.18709833113634,False
R3_TRNA_LOW,922.1978823334322,re0000000332_MINUS_re0000000333,7525.590463709086,7537.2707225773975,7057.716274963466,7530.317496761243,False
R3_TRNA_LOW,922.1978823334322,re0000000336_MINUS_re0000000337,93.18656739871949,81.5081865623085,93.33342254366475,94.19923315332913,False
R3_TRNA_LOW,1000.0,re0000000332_MINUS_re0000000333,8228.20541139692,8241.326589116812,7705.867304784675,8233.529937295578,False
R3_TRNA_LOW,1000.0,re0000000336_MINUS_re0000000337,103.00612357258797,89.88705555225631,103.17300841711835,104.16964330200936,False
