sbml_reaction_id,reaction_family,level_a_module_candidates,level_b_subsystem_candidates,module_local_reaction_ids,module_mapping_status,cell_designer_reaction_type,reactants_json,products_json,official_parameter_id,official_parameter_value,net_tracked_particle_count_per_event,net_explicit_free_small_solute_count_per_event,net_free_ATP,net_free_ADP,net_free_AMP,net_free_GTP,net_free_GDP,net_free_GMP,net_free_PO4,net_free_PPi,net_free_CP,net_free_Cr,net_free_Gly,net_free_Met,net_free_fMet,net_free_tRNAGlyGCC,net_free_tRNAfMetCAU,net_free_GlytRNAGlyGCC,net_free_MettRNAfMetCAU,net_free_fMettRNAfMetCAU,elemental_balance_status,moiety_balance_status,osmotic_proxy_status,ionic_strength_status,source_sbml_sha256
re0000000001,elongation / translocation / DISSOCIATION,elongation,Elongation_Ca1_fMetCAU,Elongation_Ca1_fMetCAU:re1,EXTRACTED_EXACT_STOICHIOMETRY,DISSOCIATION,"{""elRS70SAGGU0002_fMettRNAfMetCAU"": 1.0}","{""elRS70SAGGU0002_fMet"": 1.0, ""tRNAfMetCAU"": 1.0}",re0000000001_k1,1000.0,1.0,0,0.0,0.0,0.0,0.0,0.0,0.0,0.0,0.0,0.0,0.0,0.0,0.0,0.0,0.0,1.0,0.0,0.0,0.0,UNRESOLVED_FORMULAS_ABSENT,UNRESOLVED_BOUND_MOIETIES_NOT_ANNOTATED,STOICHIOMETRIC_PROXY_ONLY_NOT_VALIDATED_OSMOTIC_PRESSURE,UNAVAILABLE_CHARGE_PROTONATION_MG_BINDING_ABSENT,dc43bcec367f52105fe8d1ba328e59b064935df5faf8f880e078b212a40183df
re0000000002,elongation / translocation / HETERODIMER_ASSOCIATION,elongation,Elongation_Ca1_fMetCAU,Elongation_Ca1_fMetCAU:re2,EXTRACTED_EXACT_STOICHIOMETRY,HETERODIMER_ASSOCIATION,"{""elRS70SAGGU0002_fMet"": 1.0, ""tRNAfMetCAU"": 1.0}","{""elRS70SAGGU0002_fMettRNAfMetCAU"": 1.0}",re0000000002_k1,0.0,-1.0,0,0.0,0.0,0.0,0.0,0.0,0.0,0.0,0.0,0.0,0.0,0.0,0.0,0.0,0.0,-1.0,0.0,0.0,0.0,UNRESOLVED_FORMULAS_ABSENT,UNRESOLVED_BOUND_MOIETIES_NOT_ANNOTATED,STOICHIOMETRIC_PROXY_ONLY_NOT_VALIDATED_OSMOTIC_PRESSURE,UNAVAILABLE_CHARGE_PROTONATION_MG_BINDING_ABSENT,dc43bcec367f52105fe8d1ba328e59b064935df5faf8f880e078b212a40183df
re0000000003,shared chemistry / ambiguous subsystem attribution / STATE_TRANSITION,elongation;initiation;termination / ribosome recycling,Elongation_B;Elongation_Ca1_GlyGCC;Elongation_Ca1_fMetCAU;Elongation_Ca2_pept0002;Elongation_Ca2_pept0003;Initiation_B1;Initiation_C;Termination_A_RF1;Termination_A_RF2;Termination_B_RF1;Termination_B_RF2;Termination_C,Elongation_B:re56;Elongation_Ca1_fMetCAU:re3;Elongation_Ca1_GlyGCC:re3;Elongation_Ca2_pept0002:re27;Elongation_Ca2_pept0003:re27;Initiation_B1:re91;Initiation_C:re91;Termination_A_RF1:re91;Termination_A_RF2:re91;Termination_B_RF1:re91;Termination_B_RF2:re91;Termination_C:re91,AMBIGUOUS_MULTIPLE_SUBSYSTEMS,STATE_TRANSITION,"{""RS50S"": 1.0}","{""RS50S_degraded"": 1.0}",re0000000003_k1,0.0,0.0,0,0.0,0.0,0.0,0.0,0.0,0.0,0.0,0.0,0.0,0.0,0.0,0.0,0.0,0.0,0.0,0.0,0.0,0.0,UNRESOLVED_FORMULAS_ABSENT,UNRESOLVED_BOUND_MOIETIES_NOT_ANNOTATED,STOICHIOMETRIC_PROXY_ONLY_NOT_VALIDATED_OSMOTIC_PRESSURE,UNAVAILABLE_CHARGE_PROTONATION_MG_BINDING_ABSENT,dc43bcec367f52105fe8d1ba328e59b064935df5faf8f880e078b212a40183df
re0000000004,shared chemistry / ambiguous subsystem attribution / STATE_TRANSITION,elongation;initiation;termination / ribosome recycling,Elongation_B;Elongation_Ca1_GlyGCC;Elongation_Ca1_fMetCAU;Elongation_Ca2_pept0002;Elongation_Ca2_pept0003;Initiation_B1;Initiation_B2;Initiation_C;Termination_A_RF1;Termination_A_RF2;Termination_B_RF1;Termination_B_RF2;Termination_C,Elongation_B:re55;Elongation_Ca1_fMetCAU:re4;Elongation_Ca1_GlyGCC:re4;Elongation_Ca2_pept0002:re28;Elongation_Ca2_pept0003:re28;Initiation_B1:re92;Initiation_B2:re84;Initiation_C:re92;Termination_A_RF1:re92;Termination_A_RF2:re92;Termination_B_RF1:re92;Termination_B_RF2:re92;Termination_C:re92,AMBIGUOUS_MULTIPLE_SUBSYSTEMS,STATE_TRANSITION,"{""RS30S"": 1.0}","{""RS30S_degraded"": 1.0}",re0000000004_k1,0.0,0.0,0,0.0,0.0,0.0,0.0,0.0,0.0,0.0,0.0,0.0,0.0,0.0,0.0,0.0,0.0,0.0,0.0,0.0,0.0,UNRESOLVED_FORMULAS_ABSENT,UNRESOLVED_BOUND_MOIETIES_NOT_ANNOTATED,STOICHIOMETRIC_PROXY_ONLY_NOT_VALIDATED_OSMOTIC_PRESSURE,UNAVAILABLE_CHARGE_PROTONATION_MG_BINDING_ABSENT,dc43bcec367f52105fe8d1ba328e59b064935df5faf8f880e078b212a40183df
re0000000005,shared chemistry / ambiguous subsystem attribution / STATE_TRANSITION,elongation;initiation,Elongation_Ca1_fMetCAU;Initiation_C,Elongation_Ca1_fMetCAU:re5;Initiation_C:re172,AMBIGUOUS_MULTIPLE_SUBSYSTEMS,STATE_TRANSITION,"{""fMettRNAfMetCAU"": 1.0}","{""fMettRNAfMetCAU_degraded"": 1.0}",re0000000005_k1,0.0,0.0,0,0.0,0.0,0.0,0.0,0.0,0.0,0.0,0.0,0.0,0.0,0.0,0.0,0.0,0.0,0.0,0.0,0.0,-1.0,UNRESOLVED_FORMULAS_ABSENT,UNRESOLVED_BOUND_MOIETIES_NOT_ANNOTATED,STOICHIOMETRIC_PROXY_ONLY_NOT_VALIDATED_OSMOTIC_PRESSURE,UNAVAILABLE_CHARGE_PROTONATION_MG_BINDING_ABSENT,dc43bcec367f52105fe8d1ba328e59b064935df5faf8f880e078b212a40183df
re0000000006,shared chemistry / ambiguous subsystem attribution / STATE_TRANSITION,aminoacylation;elongation,Aminoacylation_B_fMetCAU;Elongation_Ca1_fMetCAU,Aminoacylation_B_fMetCAU:re13;Elongation_Ca1_fMetCAU:re6,AMBIGUOUS_MULTIPLE_SUBSYSTEMS,STATE_TRANSITION,"{""tRNAfMetCAU"": 1.0}","{""tRNAfMetCAU_degraded"": 1.0}",re0000000006_k1,0.0,0.0,0,0.0,0.0,0.0,0.0,0.0,0.0,0.0,0.0,0.0,0.0,0.0,0.0,0.0,0.0,-1.0,0.0,0.0,0.0,UNRESOLVED_FORMULAS_ABSENT,UNRESOLVED_BOUND_MOIETIES_NOT_ANNOTATED,STOICHIOMETRIC_PROXY_ONLY_NOT_VALIDATED_OSMOTIC_PRESSURE,UNAVAILABLE_CHARGE_PROTONATION_MG_BINDING_ABSENT,dc43bcec367f52105fe8d1ba328e59b064935df5faf8f880e078b212a40183df
re0000000007,shared chemistry / ambiguous subsystem attribution / STATE_TRANSITION,elongation,Elongation_Ca1_fMetCAU;Elongation_Ca2_pept0002,Elongation_Ca1_fMetCAU:re7;Elongation_Ca2_pept0002:re94,AMBIGUOUS_MULTIPLE_SUBSYSTEMS,STATE_TRANSITION,"{""fMet"": 1.0}","{""fMet_degraded"": 1.0}",re0000000007_k1,0.0,0.0,-1.0,0.0,0.0,0.0,0.0,0.0,0.0,0.0,0.0,0.0,0.0,0.0,0.0,-1.0,0.0,0.0,0.0,0.0,0.0,UNRESOLVED_FORMULAS_ABSENT,UNRESOLVED_BOUND_MOIETIES_NOT_ANNOTATED,STOICHIOMETRIC_PROXY_ONLY_NOT_VALIDATED_OSMOTIC_PRESSURE,UNAVAILABLE_CHARGE_PROTONATION_MG_BINDING_ABSENT,dc43bcec367f52105fe8d1ba328e59b064935df5faf8f880e078b212a40183df
re0000000008,shared chemistry / ambiguous subsystem attribution / STATE_TRANSITION,elongation;initiation;termination / ribosome recycling,Elongation_Ca1_GlyGCC;Elongation_Ca1_fMetCAU;Elongation_Ca2_pept0002;Elongation_Ca2_pept0003;Initiation_C;Termination_A_RF1;Termination_A_RF2;Termination_B_RF1;Termination_B_RF2;Termination_C,Elongation_Ca1_fMetCAU:re8;Elongation_Ca1_GlyGCC:re8;Elongation_Ca2_pept0002:re33;Elongation_Ca2_pept0003:re33;Initiation_C:re208;Termination_A_RF1:re208;Termination_A_RF2:re208;Termination_B_RF1:re208;Termination_B_RF2:re208;Termination_C:re208,AMBIGUOUS_MULTIPLE_SUBSYSTEMS,STATE_TRANSITION,"{""mRNA"": 1.0}","{""mRNA_degraded"": 1.0}",re0000000008_k1,0.0,0.0,0,0.0,0.0,0.0,0.0,0.0,0.0,0.0,0.0,0.0,0.0,0.0,0.0,0.0,0.0,0.0,0.0,0.0,0.0,UNRESOLVED_FORMULAS_ABSENT,UNRESOLVED_BOUND_MOIETIES_NOT_ANNOTATED,STOICHIOMETRIC_PROXY_ONLY_NOT_VALIDATED_OSMOTIC_PRESSURE,UNAVAILABLE_CHARGE_PROTONATION_MG_BINDING_ABSENT,dc43bcec367f52105fe8d1ba328e59b064935df5faf8f880e078b212a40183df
re0000000009,shared chemistry / ambiguous subsystem attribution / STATE_TRANSITION,elongation;initiation,Elongation_Ca1_fMetCAU;Initiation_C,Elongation_Ca1_fMetCAU:re9;Initiation_C:re207,AMBIGUOUS_MULTIPLE_SUBSYSTEMS,STATE_TRANSITION,"{""elRS70SAGGU0002_fMettRNAfMetCAU"": 1.0}","{""RS30S"": 1.0, ""RS50S_degraded"": 1.0, ""fMettRNAfMetCAU"": 1.0, ""mRNA"": 1.0}",re0000000009_k1,0.0,3.0,0,0.0,0.0,0.0,0.0,0.0,0.0,0.0,0.0,0.0,0.0,0.0,0.0,0.0,0.0,0.0,0.0,0.0,1.0,UNRESOLVED_FORMULAS_ABSENT,UNRESOLVED_BOUND_MOIETIES_NOT_ANNOTATED,STOICHIOMETRIC_PROXY_ONLY_NOT_VALIDATED_OSMOTIC_PRESSURE,UNAVAILABLE_CHARGE_PROTONATION_MG_BINDING_ABSENT,dc43bcec367f52105fe8d1ba328e59b064935df5faf8f880e078b212a40183df
re0000000010,shared chemistry / ambiguous subsystem attribution / STATE_TRANSITION,elongation;initiation,Elongation_Ca1_fMetCAU;Initiation_C,Elongation_Ca1_fMetCAU:re10;Initiation_C:re206,AMBIGUOUS_MULTIPLE_SUBSYSTEMS,STATE_TRANSITION,"{""elRS70SAGGU0002_fMettRNAfMetCAU"": 1.0}","{""RS30S_degraded"": 1.0, ""RS50S"": 1.0, ""fMettRNAfMetCAU"": 1.0, ""mRNA"": 1.0}",re0000000010_k1,0.0,3.0,0,0.0,0.0,0.0,0.0,0.0,0.0,0.0,0.0,0.0,0.0,0.0,0.0,0.0,0.0,0.0,0.0,0.0,1.0,UNRESOLVED_FORMULAS_ABSENT,UNRESOLVED_BOUND_MOIETIES_NOT_ANNOTATED,STOICHIOMETRIC_PROXY_ONLY_NOT_VALIDATED_OSMOTIC_PRESSURE,UNAVAILABLE_CHARGE_PROTONATION_MG_BINDING_ABSENT,dc43bcec367f52105fe8d1ba328e59b064935df5faf8f880e078b212a40183df
re0000000011,shared chemistry / ambiguous subsystem attribution / STATE_TRANSITION,elongation,Elongation_Ca1_fMetCAU;Elongation_Ca2_pept0002,Elongation_Ca1_fMetCAU:re11;Elongation_Ca2_pept0002:re92,AMBIGUOUS_MULTIPLE_SUBSYSTEMS,STATE_TRANSITION,"{""elRS70SAGGU0002_fMet"": 1.0}","{""RS30S"": 1.0, ""RS50S_degraded"": 1.0, ""fMet"": 1.0, ""mRNA"": 1.0}",re0000000011_k1,0.0,3.0,1.0,0.0,0.0,0.0,0.0,0.0,0.0,0.0,0.0,0.0,0.0,0.0,0.0,1.0,0.0,0.0,0.0,0.0,0.0,UNRESOLVED_FORMULAS_ABSENT,UNRESOLVED_BOUND_MOIETIES_NOT_ANNOTATED,STOICHIOMETRIC_PROXY_ONLY_NOT_VALIDATED_OSMOTIC_PRESSURE,UNAVAILABLE_CHARGE_PROTONATION_MG_BINDING_ABSENT,dc43bcec367f52105fe8d1ba328e59b064935df5faf8f880e078b212a40183df
re0000000012,shared chemistry / ambiguous subsystem attribution / STATE_TRANSITION,elongation,Elongation_Ca1_fMetCAU;Elongation_Ca2_pept0002,Elongation_Ca1_fMetCAU:re12;Elongation_Ca2_pept0002:re93,AMBIGUOUS_MULTIPLE_SUBSYSTEMS,STATE_TRANSITION,"{""elRS70SAGGU0002_fMet"": 1.0}","{""RS30S_degraded"": 1.0, ""RS50S"": 1.0, ""fMet"": 1.0, ""mRNA"": 1.0}",re0000000012_k1,0.0,3.0,1.0,0.0,0.0,0.0,0.0,0.0,0.0,0.0,0.0,0.0,0.0,0.0,0.0,1.0,0.0,0.0,0.0,0.0,0.0,UNRESOLVED_FORMULAS_ABSENT,UNRESOLVED_BOUND_MOIETIES_NOT_ANNOTATED,STOICHIOMETRIC_PROXY_ONLY_NOT_VALIDATED_OSMOTIC_PRESSURE,UNAVAILABLE_CHARGE_PROTONATION_MG_BINDING_ABSENT,dc43bcec367f52105fe8d1ba328e59b064935df5faf8f880e078b212a40183df
re0000000013,elongation / translocation / HETERODIMER_ASSOCIATION,elongation,Elongation_Ca2_pept0002,Elongation_Ca2_pept0002:re1,EXTRACTED_EXACT_STOICHIOMETRY,HETERODIMER_ASSOCIATION,"{""EFTu_GTP_GlytRNAGlyGCC"": 1.0, ""elRS70SAGGU0002_fMet"": 1.0}","{""elRS70SAGGU0002_fMet_EFTu_GTP_GlytRNAGlyGCC"": 1.0}",re0000000013_k1,140.0,-1.0,0,0.0,0.0,0.0,0.0,0.0,0.0,0.0,0.0,0.0,0.0,0.0,0.0,0.0,0.0,0.0,0.0,0.0,0.0,UNRESOLVED_FORMULAS_ABSENT,UNRESOLVED_BOUND_MOIETIES_NOT_ANNOTATED,STOICHIOMETRIC_PROXY_ONLY_NOT_VALIDATED_OSMOTIC_PRESSURE,UNAVAILABLE_CHARGE_PROTONATION_MG_BINDING_ABSENT,dc43bcec367f52105fe8d1ba328e59b064935df5faf8f880e078b212a40183df
re0000000014,elongation / translocation / STATE_TRANSITION,elongation,Elongation_Ca2_pept0002,Elongation_Ca2_pept0002:re3,EXTRACTED_EXACT_STOICHIOMETRY,STATE_TRANSITION,"{""elRS70SAGGU0002_fMet_EFTu_GTP_GlytRNAGlyGCC"": 1.0}","{""elRS70SAGGU0002_fMet_EFTu_GDP_PO4_GlytRNAGlyGCC"": 1.0}",re0000000014_k1,260.0,0.0,0,0.0,0.0,0.0,0.0,0.0,0.0,0.0,0.0,0.0,0.0,0.0,0.0,0.0,0.0,0.0,0.0,0.0,0.0,UNRESOLVED_FORMULAS_ABSENT,UNRESOLVED_BOUND_MOIETIES_NOT_ANNOTATED,STOICHIOMETRIC_PROXY_ONLY_NOT_VALIDATED_OSMOTIC_PRESSURE,UNAVAILABLE_CHARGE_PROTONATION_MG_BINDING_ABSENT,dc43bcec367f52105fe8d1ba328e59b064935df5faf8f880e078b212a40183df
re0000000015,elongation / translocation / STATE_TRANSITION,elongation,Elongation_Ca2_pept0002,Elongation_Ca2_pept0002:re4,EXTRACTED_EXACT_STOICHIOMETRY,STATE_TRANSITION,"{""elRS70SAGGU0002_fMet_EFTu_GDP_PO4_GlytRNAGlyGCC"": 1.0}","{""elRS70SAGGU0002_fMet_EFTu_GTP_GlytRNAGlyGCC"": 1.0}",re0000000015_k1,0.0,0.0,0,0.0,0.0,0.0,0.0,0.0,0.0,0.0,0.0,0.0,0.0,0.0,0.0,0.0,0.0,0.0,0.0,0.0,0.0,UNRESOLVED_FORMULAS_ABSENT,UNRESOLVED_BOUND_MOIETIES_NOT_ANNOTATED,STOICHIOMETRIC_PROXY_ONLY_NOT_VALIDATED_OSMOTIC_PRESSURE,UNAVAILABLE_CHARGE_PROTONATION_MG_BINDING_ABSENT,dc43bcec367f52105fe8d1ba328e59b064935df5faf8f880e078b212a40183df
re0000000016,elongation / translocation / DISSOCIATION,elongation,Elongation_Ca2_pept0002,Elongation_Ca2_pept0002:re7,EXTRACTED_EXACT_STOICHIOMETRY,DISSOCIATION,"{""elRS70SAGGU0002_fMet_EFTu_GDP_PO4_GlytRNAGlyGCC"": 1.0}","{""PO4"": 1.0, ""elRS70SAGGU0002_fMet_EFTu_GDP_GlytRNAGlyGCC"": 1.0}",re0000000016_k1,1000.0,1.0,1.0,0.0,0.0,0.0,0.0,0.0,0.0,1.0,0.0,0.0,0.0,0.0,0.0,0.0,0.0,0.0,0.0,0.0,0.0,UNRESOLVED_FORMULAS_ABSENT,UNRESOLVED_BOUND_MOIETIES_NOT_ANNOTATED,STOICHIOMETRIC_PROXY_ONLY_NOT_VALIDATED_OSMOTIC_PRESSURE,UNAVAILABLE_CHARGE_PROTONATION_MG_BINDING_ABSENT,dc43bcec367f52105fe8d1ba328e59b064935df5faf8f880e078b212a40183df
re0000000017,elongation / translocation / DISSOCIATION,elongation,Elongation_Ca2_pept0002,Elongation_Ca2_pept0002:re9,EXTRACTED_EXACT_STOICHIOMETRY,DISSOCIATION,"{""elRS70SAGGU0002_fMet_EFTu_GDP_GlytRNAGlyGCC"": 1.0}","{""EFTu_GDP"": 1.0, ""elRS70SAGGU0002_fMet_GlytRNAGlyGCC"": 1.0}",re0000000017_k1,7.0,1.0,0,0.0,0.0,0.0,0.0,0.0,0.0,0.0,0.0,0.0,0.0,0.0,0.0,0.0,0.0,0.0,0.0,0.0,0.0,UNRESOLVED_FORMULAS_ABSENT,UNRESOLVED_BOUND_MOIETIES_NOT_ANNOTATED,STOICHIOMETRIC_PROXY_ONLY_NOT_VALIDATED_OSMOTIC_PRESSURE,UNAVAILABLE_CHARGE_PROTONATION_MG_BINDING_ABSENT,dc43bcec367f52105fe8d1ba328e59b064935df5faf8f880e078b212a40183df
re0000000018,elongation / translocation / STATE_TRANSITION,elongation,Elongation_Ca2_pept0002,Elongation_Ca2_pept0002:re10,EXTRACTED_EXACT_STOICHIOMETRY,STATE_TRANSITION,"{""elRS70SAGGU0002_fMet_GlytRNAGlyGCC"": 1.0}","{""elRS70SBGGU0002_Pept0002tRNAGlyGCC"": 1.0}",re0000000018_k1,1000.0,0.0,0,0.0,0.0,0.0,0.0,0.0,0.0,0.0,0.0,0.0,0.0,0.0,0.0,0.0,0.0,0.0,0.0,0.0,0.0,UNRESOLVED_FORMULAS_ABSENT,UNRESOLVED_BOUND_MOIETIES_NOT_ANNOTATED,STOICHIOMETRIC_PROXY_ONLY_NOT_VALIDATED_OSMOTIC_PRESSURE,UNAVAILABLE_CHARGE_PROTONATION_MG_BINDING_ABSENT,dc43bcec367f52105fe8d1ba328e59b064935df5faf8f880e078b212a40183df
re0000000019,elongation / translocation / HETERODIMER_ASSOCIATION,elongation,Elongation_Ca2_pept0002,Elongation_Ca2_pept0002:re12,EXTRACTED_EXACT_STOICHIOMETRY,HETERODIMER_ASSOCIATION,"{""EFG_GTP"": 1.0, ""elRS70SBGGU0002_Pept0002tRNAGlyGCC"": 1.0}","{""elRS70SBGGU0002_Pept0002tRNAGlyGCC_EFG_GTP"": 1.0}",re0000000019_k1,30.0,-1.0,0,0.0,0.0,0.0,0.0,0.0,0.0,0.0,0.0,0.0,0.0,0.0,0.0,0.0,0.0,0.0,0.0,0.0,0.0,UNRESOLVED_FORMULAS_ABSENT,UNRESOLVED_BOUND_MOIETIES_NOT_ANNOTATED,STOICHIOMETRIC_PROXY_ONLY_NOT_VALIDATED_OSMOTIC_PRESSURE,UNAVAILABLE_CHARGE_PROTONATION_MG_BINDING_ABSENT,dc43bcec367f52105fe8d1ba328e59b064935df5faf8f880e078b212a40183df
re0000000020,elongation / translocation / DISSOCIATION,elongation,Elongation_Ca2_pept0002,Elongation_Ca2_pept0002:re13,EXTRACTED_EXACT_STOICHIOMETRY,DISSOCIATION,"{""elRS70SBGGU0002_Pept0002tRNAGlyGCC_EFG_GTP"": 1.0}","{""EFG_GTP"": 1.0, ""elRS70SBGGU0002_Pept0002tRNAGlyGCC"": 1.0}",re0000000020_k1,25.0,1.0,0,0.0,0.0,0.0,0.0,0.0,0.0,0.0,0.0,0.0,0.0,0.0,0.0,0.0,0.0,0.0,0.0,0.0,0.0,UNRESOLVED_FORMULAS_ABSENT,UNRESOLVED_BOUND_MOIETIES_NOT_ANNOTATED,STOICHIOMETRIC_PROXY_ONLY_NOT_VALIDATED_OSMOTIC_PRESSURE,UNAVAILABLE_CHARGE_PROTONATION_MG_BINDING_ABSENT,dc43bcec367f52105fe8d1ba328e59b064935df5faf8f880e078b212a40183df
re0000000021,elongation / translocation / DISSOCIATION,elongation,Elongation_Ca2_pept0002,Elongation_Ca2_pept0002:re15,EXTRACTED_EXACT_STOICHIOMETRY,DISSOCIATION,"{""elRS70SAGGU0002_fMet_EFTu_GTP_GlytRNAGlyGCC"": 1.0}","{""EFTu_GTP_GlytRNAGlyGCC"": 1.0, ""elRS70SAGGU0002_fMet"": 1.0}",re0000000021_k1,0.23,1.0,0,0.0,0.0,0.0,0.0,0.0,0.0,0.0,0.0,0.0,0.0,0.0,0.0,0.0,0.0,0.0,0.0,0.0,0.0,UNRESOLVED_FORMULAS_ABSENT,UNRESOLVED_BOUND_MOIETIES_NOT_ANNOTATED,STOICHIOMETRIC_PROXY_ONLY_NOT_VALIDATED_OSMOTIC_PRESSURE,UNAVAILABLE_CHARGE_PROTONATION_MG_BINDING_ABSENT,dc43bcec367f52105fe8d1ba328e59b064935df5faf8f880e078b212a40183df
re0000000022,elongation / translocation / STATE_TRANSITION,elongation,Elongation_Ca2_pept0002,Elongation_Ca2_pept0002:re16,EXTRACTED_EXACT_STOICHIOMETRY,STATE_TRANSITION,"{""elRS70SBGGU0002_Pept0002tRNAGlyGCC_EFG_GTP"": 1.0}","{""elRS70SBGGU0002_Pept0002tRNAGlyGCC_EFG_GDP_PO4"": 1.0}",re0000000022_k1,31.0,0.0,0,0.0,0.0,0.0,0.0,0.0,0.0,0.0,0.0,0.0,0.0,0.0,0.0,0.0,0.0,0.0,0.0,0.0,0.0,UNRESOLVED_FORMULAS_ABSENT,UNRESOLVED_BOUND_MOIETIES_NOT_ANNOTATED,STOICHIOMETRIC_PROXY_ONLY_NOT_VALIDATED_OSMOTIC_PRESSURE,UNAVAILABLE_CHARGE_PROTONATION_MG_BINDING_ABSENT,dc43bcec367f52105fe8d1ba328e59b064935df5faf8f880e078b212a40183df
re0000000023,elongation / translocation / STATE_TRANSITION,elongation,Elongation_Ca2_pept0002,Elongation_Ca2_pept0002:re17,EXTRACTED_EXACT_STOICHIOMETRY,STATE_TRANSITION,"{""elRS70SBGGU0002_Pept0002tRNAGlyGCC_EFG_GDP_PO4"": 1.0}","{""elRS70SBGGU0002_Pept0002tRNAGlyGCC_EFG_GTP"": 1.0}",re0000000023_k1,5.0,0.0,0,0.0,0.0,0.0,0.0,0.0,0.0,0.0,0.0,0.0,0.0,0.0,0.0,0.0,0.0,0.0,0.0,0.0,0.0,UNRESOLVED_FORMULAS_ABSENT,UNRESOLVED_BOUND_MOIETIES_NOT_ANNOTATED,STOICHIOMETRIC_PROXY_ONLY_NOT_VALIDATED_OSMOTIC_PRESSURE,UNAVAILABLE_CHARGE_PROTONATION_MG_BINDING_ABSENT,dc43bcec367f52105fe8d1ba328e59b064935df5faf8f880e078b212a40183df
re0000000024,elongation / translocation / DISSOCIATION,elongation,Elongation_Ca2_pept0002,Elongation_Ca2_pept0002:re18,EXTRACTED_EXACT_STOICHIOMETRY,DISSOCIATION,"{""elRS70SBGGU0002_Pept0002tRNAGlyGCC_EFG_GDP_PO4"": 1.0}","{""PO4"": 1.0, ""elRS70SCGGU0003_Pept0002tRNAGlyGCC_EFG_GDP"": 1.0}",re0000000024_k1,5.0,1.0,1.0,0.0,0.0,0.0,0.0,0.0,0.0,1.0,0.0,0.0,0.0,0.0,0.0,0.0,0.0,0.0,0.0,0.0,0.0,UNRESOLVED_FORMULAS_ABSENT,UNRESOLVED_BOUND_MOIETIES_NOT_ANNOTATED,STOICHIOMETRIC_PROXY_ONLY_NOT_VALIDATED_OSMOTIC_PRESSURE,UNAVAILABLE_CHARGE_PROTONATION_MG_BINDING_ABSENT,dc43bcec367f52105fe8d1ba328e59b064935df5faf8f880e078b212a40183df
re0000000025,elongation / translocation / DISSOCIATION,elongation,Elongation_Ca2_pept0002,Elongation_Ca2_pept0002:re19,EXTRACTED_EXACT_STOICHIOMETRY,DISSOCIATION,"{""elRS70SCGGU0003_Pept0002tRNAGlyGCC_EFG_GDP"": 1.0}","{""EFG_GDP"": 1.0, ""elRS70SAGGU0003_Pept0002tRNAGlyGCC"": 1.0}",re0000000025_k1,1000.0,1.0,0,0.0,0.0,0.0,0.0,0.0,0.0,0.0,0.0,0.0,0.0,0.0,0.0,0.0,0.0,0.0,0.0,0.0,0.0,UNRESOLVED_FORMULAS_ABSENT,UNRESOLVED_BOUND_MOIETIES_NOT_ANNOTATED,STOICHIOMETRIC_PROXY_ONLY_NOT_VALIDATED_OSMOTIC_PRESSURE,UNAVAILABLE_CHARGE_PROTONATION_MG_BINDING_ABSENT,dc43bcec367f52105fe8d1ba328e59b064935df5faf8f880e078b212a40183df
re0000000026,elongation / translocation / DISSOCIATION,elongation,Elongation_Ca2_pept0002,Elongation_Ca2_pept0002:re22,EXTRACTED_EXACT_STOICHIOMETRY,DISSOCIATION,"{""elRS70SAGGU0002_fMet_EFTu_GDP_GlytRNAGlyGCC"": 1.0}","{""GlytRNAGlyGCC"": 1.0, ""elRS70SAGGU0002_fMet_EFTu_GDP"": 1.0}",re0000000026_k1,0.0,1.0,0,0.0,0.0,0.0,0.0,0.0,0.0,0.0,0.0,0.0,0.0,0.0,0.0,0.0,0.0,0.0,1.0,0.0,0.0,UNRESOLVED_FORMULAS_ABSENT,UNRESOLVED_BOUND_MOIETIES_NOT_ANNOTATED,STOICHIOMETRIC_PROXY_ONLY_NOT_VALIDATED_OSMOTIC_PRESSURE,UNAVAILABLE_CHARGE_PROTONATION_MG_BINDING_ABSENT,dc43bcec367f52105fe8d1ba328e59b064935df5faf8f880e078b212a40183df
re0000000027,elongation / translocation / DISSOCIATION,elongation,Elongation_Ca2_pept0002,Elongation_Ca2_pept0002:re23,EXTRACTED_EXACT_STOICHIOMETRY,DISSOCIATION,"{""elRS70SAGGU0002_fMet_GlytRNAGlyGCC"": 1.0}","{""GlytRNAGlyGCC"": 1.0, ""elRS70SAGGU0002_fMet"": 1.0}",re0000000027_k1,0.0,1.0,0,0.0,0.0,0.0,0.0,0.0,0.0,0.0,0.0,0.0,0.0,0.0,0.0,0.0,0.0,0.0,1.0,0.0,0.0,UNRESOLVED_FORMULAS_ABSENT,UNRESOLVED_BOUND_MOIETIES_NOT_ANNOTATED,STOICHIOMETRIC_PROXY_ONLY_NOT_VALIDATED_OSMOTIC_PRESSURE,UNAVAILABLE_CHARGE_PROTONATION_MG_BINDING_ABSENT,dc43bcec367f52105fe8d1ba328e59b064935df5faf8f880e078b212a40183df
re0000000028,elongation / translocation / DISSOCIATION,elongation,Elongation_Ca2_pept0002,Elongation_Ca2_pept0002:re24,EXTRACTED_EXACT_STOICHIOMETRY,DISSOCIATION,"{""elRS70SAGGU0002_fMet_EFTu_GDP"": 1.0}","{""EFTu_GDP"": 1.0, ""elRS70SAGGU0002_fMet"": 1.0}",re0000000028_k1,1000.0,1.0,0,0.0,0.0,0.0,0.0,0.0,0.0,0.0,0.0,0.0,0.0,0.0,0.0,0.0,0.0,0.0,0.0,0.0,0.0,UNRESOLVED_FORMULAS_ABSENT,UNRESOLVED_BOUND_MOIETIES_NOT_ANNOTATED,STOICHIOMETRIC_PROXY_ONLY_NOT_VALIDATED_OSMOTIC_PRESSURE,UNAVAILABLE_CHARGE_PROTONATION_MG_BINDING_ABSENT,dc43bcec367f52105fe8d1ba328e59b064935df5faf8f880e078b212a40183df
re0000000029,shared chemistry / ambiguous subsystem attribution / STATE_TRANSITION,elongation,Elongation_A_Gly;Elongation_A_Met;Elongation_Ca2_pept0002;Elongation_Ca2_pept0003,Elongation_A_Gly:re42;Elongation_A_Met:re42;Elongation_Ca2_pept0002:re25;Elongation_Ca2_pept0003:re25,AMBIGUOUS_MULTIPLE_SUBSYSTEMS,STATE_TRANSITION,"{""EFTu"": 1.0}","{""EFTu_degraded"": 1.0}",re0000000029_k1,0.0,0.0,0,0.0,0.0,0.0,0.0,0.0,0.0,0.0,0.0,0.0,0.0,0.0,0.0,0.0,0.0,0.0,0.0,0.0,0.0,UNRESOLVED_FORMULAS_ABSENT,UNRESOLVED_BOUND_MOIETIES_NOT_ANNOTATED,STOICHIOMETRIC_PROXY_ONLY_NOT_VALIDATED_OSMOTIC_PRESSURE,UNAVAILABLE_CHARGE_PROTONATION_MG_BINDING_ABSENT,dc43bcec367f52105fe8d1ba328e59b064935df5faf8f880e078b212a40183df
re0000000030,shared chemistry / ambiguous subsystem attribution / STATE_TRANSITION,elongation;termination / ribosome recycling,Elongation_B;Elongation_Ca2_pept0002;Elongation_Ca2_pept0003;Termination_C,Elongation_B:re42;Elongation_Ca2_pept0002:re26;Elongation_Ca2_pept0003:re26;Termination_C:re228,AMBIGUOUS_MULTIPLE_SUBSYSTEMS,STATE_TRANSITION,"{""EFG"": 1.0}","{""EFG_degraded"": 1.0}",re0000000030_k1,0.0,0.0,0,0.0,0.0,0.0,0.0,0.0,0.0,0.0,0.0,0.0,0.0,0.0,0.0,0.0,0.0,0.0,0.0,0.0,0.0,UNRESOLVED_FORMULAS_ABSENT,UNRESOLVED_BOUND_MOIETIES_NOT_ANNOTATED,STOICHIOMETRIC_PROXY_ONLY_NOT_VALIDATED_OSMOTIC_PRESSURE,UNAVAILABLE_CHARGE_PROTONATION_MG_BINDING_ABSENT,dc43bcec367f52105fe8d1ba328e59b064935df5faf8f880e078b212a40183df
re0000000031,shared chemistry / ambiguous subsystem attribution / STATE_TRANSITION,aminoacylation;elongation,Aminoacylation_B_GlyGCC;Elongation_A_Gly;Elongation_Ca2_pept0002;Elongation_Ca2_pept0003,Aminoacylation_B_GlyGCC:re87;Elongation_A_Gly:re44;Elongation_Ca2_pept0002:re31;Elongation_Ca2_pept0003:re31,AMBIGUOUS_MULTIPLE_SUBSYSTEMS,STATE_TRANSITION,"{""GlytRNAGlyGCC"": 1.0}","{""GlytRNAGlyGCC_degraded"": 1.0}",re0000000031_k1,0.0,0.0,0,0.0,0.0,0.0,0.0,0.0,0.0,0.0,0.0,0.0,0.0,0.0,0.0,0.0,0.0,0.0,-1.0,0.0,0.0,UNRESOLVED_FORMULAS_ABSENT,UNRESOLVED_BOUND_MOIETIES_NOT_ANNOTATED,STOICHIOMETRIC_PROXY_ONLY_NOT_VALIDATED_OSMOTIC_PRESSURE,UNAVAILABLE_CHARGE_PROTONATION_MG_BINDING_ABSENT,dc43bcec367f52105fe8d1ba328e59b064935df5faf8f880e078b212a40183df
re0000000032,shared chemistry / ambiguous subsystem attribution / STATE_TRANSITION,elongation,Elongation_Ca1_GlyGCC;Elongation_Ca2_pept0002,Elongation_Ca1_GlyGCC:re5;Elongation_Ca2_pept0002:re32,AMBIGUOUS_MULTIPLE_SUBSYSTEMS,STATE_TRANSITION,"{""Pept0002tRNAGlyGCC"": 1.0}","{""Pept0002tRNAGlyGCC_degraded"": 1.0}",re0000000032_k1,0.0,0.0,0,0.0,0.0,0.0,0.0,0.0,0.0,0.0,0.0,0.0,0.0,0.0,0.0,0.0,0.0,0.0,0.0,0.0,0.0,UNRESOLVED_FORMULAS_ABSENT,UNRESOLVED_BOUND_MOIETIES_NOT_ANNOTATED,STOICHIOMETRIC_PROXY_ONLY_NOT_VALIDATED_OSMOTIC_PRESSURE,UNAVAILABLE_CHARGE_PROTONATION_MG_BINDING_ABSENT,dc43bcec367f52105fe8d1ba328e59b064935df5faf8f880e078b212a40183df
re0000000033,elongation / translocation / STATE_TRANSITION,elongation,Elongation_Ca2_pept0002,Elongation_Ca2_pept0002:re38,EXTRACTED_EXACT_STOICHIOMETRY,STATE_TRANSITION,"{""elRS70SAGGU0002_fMet_EFTu_GTP_GlytRNAGlyGCC"": 1.0}","{""EFTu"": 1.0, ""GTP"": 1.0, ""GlytRNAGlyGCC"": 1.0, ""RS30S"": 1.0, ""RS50S_degraded"": 1.0, ""fMet"": 1.0, ""mRNA"": 1.0}",re0000000033_k1,0.0,6.0,2.0,0.0,0.0,0.0,1.0,0.0,0.0,0.0,0.0,0.0,0.0,0.0,0.0,1.0,0.0,0.0,1.0,0.0,0.0,UNRESOLVED_FORMULAS_ABSENT,UNRESOLVED_BOUND_MOIETIES_NOT_ANNOTATED,STOICHIOMETRIC_PROXY_ONLY_NOT_VALIDATED_OSMOTIC_PRESSURE,UNAVAILABLE_CHARGE_PROTONATION_MG_BINDING_ABSENT,dc43bcec367f52105fe8d1ba328e59b064935df5faf8f880e078b212a40183df
re0000000034,elongation / translocation / STATE_TRANSITION,elongation,Elongation_Ca2_pept0002,Elongation_Ca2_pept0002:re39,EXTRACTED_EXACT_STOICHIOMETRY,STATE_TRANSITION,"{""elRS70SAGGU0002_fMet_EFTu_GTP_GlytRNAGlyGCC"": 1.0}","{""EFTu"": 1.0, ""GTP"": 1.0, ""GlytRNAGlyGCC"": 1.0, ""RS30S_degraded"": 1.0, ""RS50S"": 1.0, ""fMet"": 1.0, ""mRNA"": 1.0}",re0000000034_k1,0.0,6.0,2.0,0.0,0.0,0.0,1.0,0.0,0.0,0.0,0.0,0.0,0.0,0.0,0.0,1.0,0.0,0.0,1.0,0.0,0.0,UNRESOLVED_FORMULAS_ABSENT,UNRESOLVED_BOUND_MOIETIES_NOT_ANNOTATED,STOICHIOMETRIC_PROXY_ONLY_NOT_VALIDATED_OSMOTIC_PRESSURE,UNAVAILABLE_CHARGE_PROTONATION_MG_BINDING_ABSENT,dc43bcec367f52105fe8d1ba328e59b064935df5faf8f880e078b212a40183df
re0000000035,elongation / translocation / STATE_TRANSITION,elongation,Elongation_Ca2_pept0002,Elongation_Ca2_pept0002:re40,EXTRACTED_EXACT_STOICHIOMETRY,STATE_TRANSITION,"{""elRS70SAGGU0002_fMet_EFTu_GTP_GlytRNAGlyGCC"": 1.0}","{""EFTu_degraded"": 1.0, ""GTP"": 1.0, ""GlytRNAGlyGCC"": 1.0, ""RS30S"": 1.0, ""RS50S"": 1.0, ""fMet"": 1.0, ""mRNA"": 1.0}",re0000000035_k1,0.0,6.0,2.0,0.0,0.0,0.0,1.0,0.0,0.0,0.0,0.0,0.0,0.0,0.0,0.0,1.0,0.0,0.0,1.0,0.0,0.0,UNRESOLVED_FORMULAS_ABSENT,UNRESOLVED_BOUND_MOIETIES_NOT_ANNOTATED,STOICHIOMETRIC_PROXY_ONLY_NOT_VALIDATED_OSMOTIC_PRESSURE,UNAVAILABLE_CHARGE_PROTONATION_MG_BINDING_ABSENT,dc43bcec367f52105fe8d1ba328e59b064935df5faf8f880e078b212a40183df
re0000000036,elongation / translocation / STATE_TRANSITION,elongation,Elongation_Ca2_pept0002,Elongation_Ca2_pept0002:re44,EXTRACTED_EXACT_STOICHIOMETRY,STATE_TRANSITION,"{""elRS70SAGGU0002_fMet_EFTu_GDP_PO4_GlytRNAGlyGCC"": 1.0}","{""EFTu"": 1.0, ""GDP"": 1.0, ""GlytRNAGlyGCC"": 1.0, ""PO4"": 1.0, ""RS30S"": 1.0, ""RS50S_degraded"": 1.0, ""fMet"": 1.0, ""mRNA"": 1.0}",re0000000036_k1,0.0,7.0,3.0,0.0,0.0,0.0,0.0,1.0,0.0,1.0,0.0,0.0,0.0,0.0,0.0,1.0,0.0,0.0,1.0,0.0,0.0,UNRESOLVED_FORMULAS_ABSENT,UNRESOLVED_BOUND_MOIETIES_NOT_ANNOTATED,STOICHIOMETRIC_PROXY_ONLY_NOT_VALIDATED_OSMOTIC_PRESSURE,UNAVAILABLE_CHARGE_PROTONATION_MG_BINDING_ABSENT,dc43bcec367f52105fe8d1ba328e59b064935df5faf8f880e078b212a40183df
re0000000037,elongation / translocation / STATE_TRANSITION,elongation,Elongation_Ca2_pept0002,Elongation_Ca2_pept0002:re45,EXTRACTED_EXACT_STOICHIOMETRY,STATE_TRANSITION,"{""elRS70SAGGU0002_fMet_EFTu_GDP_PO4_GlytRNAGlyGCC"": 1.0}","{""EFTu"": 1.0, ""GDP"": 1.0, ""GlytRNAGlyGCC"": 1.0, ""PO4"": 1.0, ""RS30S_degraded"": 1.0, ""RS50S"": 1.0, ""fMet"": 1.0, ""mRNA"": 1.0}",re0000000037_k1,0.0,7.0,3.0,0.0,0.0,0.0,0.0,1.0,0.0,1.0,0.0,0.0,0.0,0.0,0.0,1.0,0.0,0.0,1.0,0.0,0.0,UNRESOLVED_FORMULAS_ABSENT,UNRESOLVED_BOUND_MOIETIES_NOT_ANNOTATED,STOICHIOMETRIC_PROXY_ONLY_NOT_VALIDATED_OSMOTIC_PRESSURE,UNAVAILABLE_CHARGE_PROTONATION_MG_BINDING_ABSENT,dc43bcec367f52105fe8d1ba328e59b064935df5faf8f880e078b212a40183df
re0000000038,elongation / translocation / STATE_TRANSITION,elongation,Elongation_Ca2_pept0002,Elongation_Ca2_pept0002:re46,EXTRACTED_EXACT_STOICHIOMETRY,STATE_TRANSITION,"{""elRS70SAGGU0002_fMet_EFTu_GDP_PO4_GlytRNAGlyGCC"": 1.0}","{""EFTu_degraded"": 1.0, ""GDP"": 1.0, ""GlytRNAGlyGCC"": 1.0, ""PO4"": 1.0, ""RS30S"": 1.0, ""RS50S"": 1.0, ""fMet"": 1.0, ""mRNA"": 1.0}",re0000000038_k1,0.0,7.0,3.0,0.0,0.0,0.0,0.0,1.0,0.0,1.0,0.0,0.0,0.0,0.0,0.0,1.0,0.0,0.0,1.0,0.0,0.0,UNRESOLVED_FORMULAS_ABSENT,UNRESOLVED_BOUND_MOIETIES_NOT_ANNOTATED,STOICHIOMETRIC_PROXY_ONLY_NOT_VALIDATED_OSMOTIC_PRESSURE,UNAVAILABLE_CHARGE_PROTONATION_MG_BINDING_ABSENT,dc43bcec367f52105fe8d1ba328e59b064935df5faf8f880e078b212a40183df
re0000000039,elongation / translocation / STATE_TRANSITION,elongation,Elongation_Ca2_pept0002,Elongation_Ca2_pept0002:re47,EXTRACTED_EXACT_STOICHIOMETRY,STATE_TRANSITION,"{""elRS70SAGGU0002_fMet_EFTu_GDP_GlytRNAGlyGCC"": 1.0}","{""EFTu"": 1.0, ""GDP"": 1.0, ""GlytRNAGlyGCC"": 1.0, ""RS30S"": 1.0, ""RS50S_degraded"": 1.0, ""fMet"": 1.0, ""mRNA"": 1.0}",re0000000039_k1,0.0,6.0,2.0,0.0,0.0,0.0,0.0,1.0,0.0,0.0,0.0,0.0,0.0,0.0,0.0,1.0,0.0,0.0,1.0,0.0,0.0,UNRESOLVED_FORMULAS_ABSENT,UNRESOLVED_BOUND_MOIETIES_NOT_ANNOTATED,STOICHIOMETRIC_PROXY_ONLY_NOT_VALIDATED_OSMOTIC_PRESSURE,UNAVAILABLE_CHARGE_PROTONATION_MG_BINDING_ABSENT,dc43bcec367f52105fe8d1ba328e59b064935df5faf8f880e078b212a40183df
re0000000040,elongation / translocation / STATE_TRANSITION,elongation,Elongation_Ca2_pept0002,Elongation_Ca2_pept0002:re48,EXTRACTED_EXACT_STOICHIOMETRY,STATE_TRANSITION,"{""elRS70SAGGU0002_fMet_EFTu_GDP_GlytRNAGlyGCC"": 1.0}","{""EFTu"": 1.0, ""GDP"": 1.0, ""GlytRNAGlyGCC"": 1.0, ""RS30S_degraded"": 1.0, ""RS50S"": 1.0, ""fMet"": 1.0, ""mRNA"": 1.0}",re0000000040_k1,0.0,6.0,2.0,0.0,0.0,0.0,0.0,1.0,0.0,0.0,0.0,0.0,0.0,0.0,0.0,1.0,0.0,0.0,1.0,0.0,0.0,UNRESOLVED_FORMULAS_ABSENT,UNRESOLVED_BOUND_MOIETIES_NOT_ANNOTATED,STOICHIOMETRIC_PROXY_ONLY_NOT_VALIDATED_OSMOTIC_PRESSURE,UNAVAILABLE_CHARGE_PROTONATION_MG_BINDING_ABSENT,dc43bcec367f52105fe8d1ba328e59b064935df5faf8f880e078b212a40183df
re0000000041,elongation / translocation / STATE_TRANSITION,elongation,Elongation_Ca2_pept0002,Elongation_Ca2_pept0002:re49,EXTRACTED_EXACT_STOICHIOMETRY,STATE_TRANSITION,"{""elRS70SAGGU0002_fMet_EFTu_GDP_GlytRNAGlyGCC"": 1.0}","{""EFTu_degraded"": 1.0, ""GDP"": 1.0, ""GlytRNAGlyGCC"": 1.0, ""RS30S"": 1.0, ""RS50S"": 1.0, ""fMet"": 1.0, ""mRNA"": 1.0}",re0000000041_k1,0.0,6.0,2.0,0.0,0.0,0.0,0.0,1.0,0.0,0.0,0.0,0.0,0.0,0.0,0.0,1.0,0.0,0.0,1.0,0.0,0.0,UNRESOLVED_FORMULAS_ABSENT,UNRESOLVED_BOUND_MOIETIES_NOT_ANNOTATED,STOICHIOMETRIC_PROXY_ONLY_NOT_VALIDATED_OSMOTIC_PRESSURE,UNAVAILABLE_CHARGE_PROTONATION_MG_BINDING_ABSENT,dc43bcec367f52105fe8d1ba328e59b064935df5faf8f880e078b212a40183df
re0000000042,elongation / translocation / STATE_TRANSITION,elongation,Elongation_Ca2_pept0002,Elongation_Ca2_pept0002:re50,EXTRACTED_EXACT_STOICHIOMETRY,STATE_TRANSITION,"{""elRS70SAGGU0002_fMet_EFTu_GDP"": 1.0}","{""EFTu"": 1.0, ""GDP"": 1.0, ""RS30S"": 1.0, ""RS50S_degraded"": 1.0, ""fMet"": 1.0, ""mRNA"": 1.0}",re0000000042_k1,0.0,5.0,2.0,0.0,0.0,0.0,0.0,1.0,0.0,0.0,0.0,0.0,0.0,0.0,0.0,1.0,0.0,0.0,0.0,0.0,0.0,UNRESOLVED_FORMULAS_ABSENT,UNRESOLVED_BOUND_MOIETIES_NOT_ANNOTATED,STOICHIOMETRIC_PROXY_ONLY_NOT_VALIDATED_OSMOTIC_PRESSURE,UNAVAILABLE_CHARGE_PROTONATION_MG_BINDING_ABSENT,dc43bcec367f52105fe8d1ba328e59b064935df5faf8f880e078b212a40183df
re0000000043,elongation / translocation / STATE_TRANSITION,elongation,Elongation_Ca2_pept0002,Elongation_Ca2_pept0002:re51,EXTRACTED_EXACT_STOICHIOMETRY,STATE_TRANSITION,"{""elRS70SAGGU0002_fMet_EFTu_GDP"": 1.0}","{""EFTu"": 1.0, ""GDP"": 1.0, ""RS30S_degraded"": 1.0, ""RS50S"": 1.0, ""fMet"": 1.0, ""mRNA"": 1.0}",re0000000043_k1,0.0,5.0,2.0,0.0,0.0,0.0,0.0,1.0,0.0,0.0,0.0,0.0,0.0,0.0,0.0,1.0,0.0,0.0,0.0,0.0,0.0,UNRESOLVED_FORMULAS_ABSENT,UNRESOLVED_BOUND_MOIETIES_NOT_ANNOTATED,STOICHIOMETRIC_PROXY_ONLY_NOT_VALIDATED_OSMOTIC_PRESSURE,UNAVAILABLE_CHARGE_PROTONATION_MG_BINDING_ABSENT,dc43bcec367f52105fe8d1ba328e59b064935df5faf8f880e078b212a40183df
re0000000044,elongation / translocation / STATE_TRANSITION,elongation,Elongation_Ca2_pept0002,Elongation_Ca2_pept0002:re52,EXTRACTED_EXACT_STOICHIOMETRY,STATE_TRANSITION,"{""elRS70SAGGU0002_fMet_EFTu_GDP"": 1.0}","{""EFTu_degraded"": 1.0, ""GDP"": 1.0, ""RS30S"": 1.0, ""RS50S"": 1.0, ""fMet"": 1.0, ""mRNA"": 1.0}",re0000000044_k1,0.0,5.0,2.0,0.0,0.0,0.0,0.0,1.0,0.0,0.0,0.0,0.0,0.0,0.0,0.0,1.0,0.0,0.0,0.0,0.0,0.0,UNRESOLVED_FORMULAS_ABSENT,UNRESOLVED_BOUND_MOIETIES_NOT_ANNOTATED,STOICHIOMETRIC_PROXY_ONLY_NOT_VALIDATED_OSMOTIC_PRESSURE,UNAVAILABLE_CHARGE_PROTONATION_MG_BINDING_ABSENT,dc43bcec367f52105fe8d1ba328e59b064935df5faf8f880e078b212a40183df
re0000000045,elongation / translocation / STATE_TRANSITION,elongation,Elongation_Ca2_pept0002,Elongation_Ca2_pept0002:re53,EXTRACTED_EXACT_STOICHIOMETRY,STATE_TRANSITION,"{""elRS70SAGGU0002_fMet_GlytRNAGlyGCC"": 1.0}","{""GlytRNAGlyGCC"": 1.0, ""RS30S"": 1.0, ""RS50S_degraded"": 1.0, ""fMet"": 1.0, ""mRNA"": 1.0}",re0000000045_k1,0.0,4.0,1.0,0.0,0.0,0.0,0.0,0.0,0.0,0.0,0.0,0.0,0.0,0.0,0.0,1.0,0.0,0.0,1.0,0.0,0.0,UNRESOLVED_FORMULAS_ABSENT,UNRESOLVED_BOUND_MOIETIES_NOT_ANNOTATED,STOICHIOMETRIC_PROXY_ONLY_NOT_VALIDATED_OSMOTIC_PRESSURE,UNAVAILABLE_CHARGE_PROTONATION_MG_BINDING_ABSENT,dc43bcec367f52105fe8d1ba328e59b064935df5faf8f880e078b212a40183df
re0000000046,elongation / translocation / STATE_TRANSITION,elongation,Elongation_Ca2_pept0002,Elongation_Ca2_pept0002:re54,EXTRACTED_EXACT_STOICHIOMETRY,STATE_TRANSITION,"{""elRS70SAGGU0002_fMet_GlytRNAGlyGCC"": 1.0}","{""GlytRNAGlyGCC"": 1.0, ""RS30S_degraded"": 1.0, ""RS50S"": 1.0, ""fMet"": 1.0, ""mRNA"": 1.0}",re0000000046_k1,0.0,4.0,1.0,0.0,0.0,0.0,0.0,0.0,0.0,0.0,0.0,0.0,0.0,0.0,0.0,1.0,0.0,0.0,1.0,0.0,0.0,UNRESOLVED_FORMULAS_ABSENT,UNRESOLVED_BOUND_MOIETIES_NOT_ANNOTATED,STOICHIOMETRIC_PROXY_ONLY_NOT_VALIDATED_OSMOTIC_PRESSURE,UNAVAILABLE_CHARGE_PROTONATION_MG_BINDING_ABSENT,dc43bcec367f52105fe8d1ba328e59b064935df5faf8f880e078b212a40183df
re0000000047,elongation / translocation / STATE_TRANSITION,elongation,Elongation_Ca2_pept0002,Elongation_Ca2_pept0002:re55,EXTRACTED_EXACT_STOICHIOMETRY,STATE_TRANSITION,"{""elRS70SBGGU0002_Pept0002tRNAGlyGCC"": 1.0}","{""Pept0002tRNAGlyGCC"": 1.0, ""RS30S"": 1.0, ""RS50S_degraded"": 1.0, ""mRNA"": 1.0}",re0000000047_k1,0.0,3.0,0,0.0,0.0,0.0,0.0,0.0,0.0,0.0,0.0,0.0,0.0,0.0,0.0,0.0,0.0,0.0,0.0,0.0,0.0,UNRESOLVED_FORMULAS_ABSENT,UNRESOLVED_BOUND_MOIETIES_NOT_ANNOTATED,STOICHIOMETRIC_PROXY_ONLY_NOT_VALIDATED_OSMOTIC_PRESSURE,UNAVAILABLE_CHARGE_PROTONATION_MG_BINDING_ABSENT,dc43bcec367f52105fe8d1ba328e59b064935df5faf8f880e078b212a40183df
re0000000048,elongation / translocation / STATE_TRANSITION,elongation,Elongation_Ca2_pept0002,Elongation_Ca2_pept0002:re56,EXTRACTED_EXACT_STOICHIOMETRY,STATE_TRANSITION,"{""elRS70SBGGU0002_Pept0002tRNAGlyGCC"": 1.0}","{""Pept0002tRNAGlyGCC"": 1.0, ""RS30S_degraded"": 1.0, ""RS50S"": 1.0, ""mRNA"": 1.0}",re0000000048_k1,0.0,3.0,0,0.0,0.0,0.0,0.0,0.0,0.0,0.0,0.0,0.0,0.0,0.0,0.0,0.0,0.0,0.0,0.0,0.0,0.0,UNRESOLVED_FORMULAS_ABSENT,UNRESOLVED_BOUND_MOIETIES_NOT_ANNOTATED,STOICHIOMETRIC_PROXY_ONLY_NOT_VALIDATED_OSMOTIC_PRESSURE,UNAVAILABLE_CHARGE_PROTONATION_MG_BINDING_ABSENT,dc43bcec367f52105fe8d1ba328e59b064935df5faf8f880e078b212a40183df
re0000000049,elongation / translocation / STATE_TRANSITION,elongation,Elongation_Ca2_pept0002,Elongation_Ca2_pept0002:re57,EXTRACTED_EXACT_STOICHIOMETRY,STATE_TRANSITION,"{""elRS70SBGGU0002_Pept0002tRNAGlyGCC_EFG_GTP"": 1.0}","{""EFG"": 1.0, ""GTP"": 1.0, ""Pept0002tRNAGlyGCC"": 1.0, ""RS30S"": 1.0, ""RS50S_degraded"": 1.0, ""mRNA"": 1.0}",re0000000049_k1,0.0,5.0,1.0,0.0,0.0,0.0,1.0,0.0,0.0,0.0,0.0,0.0,0.0,0.0,0.0,0.0,0.0,0.0,0.0,0.0,0.0,UNRESOLVED_FORMULAS_ABSENT,UNRESOLVED_BOUND_MOIETIES_NOT_ANNOTATED,STOICHIOMETRIC_PROXY_ONLY_NOT_VALIDATED_OSMOTIC_PRESSURE,UNAVAILABLE_CHARGE_PROTONATION_MG_BINDING_ABSENT,dc43bcec367f52105fe8d1ba328e59b064935df5faf8f880e078b212a40183df
re0000000050,elongation / translocation / STATE_TRANSITION,elongation,Elongation_Ca2_pept0002,Elongation_Ca2_pept0002:re58,EXTRACTED_EXACT_STOICHIOMETRY,STATE_TRANSITION,"{""elRS70SBGGU0002_Pept0002tRNAGlyGCC_EFG_GTP"": 1.0}","{""EFG"": 1.0, ""GTP"": 1.0, ""Pept0002tRNAGlyGCC"": 1.0, ""RS30S_degraded"": 1.0, ""RS50S"": 1.0, ""mRNA"": 1.0}",re0000000050_k1,0.0,5.0,1.0,0.0,0.0,0.0,1.0,0.0,0.0,0.0,0.0,0.0,0.0,0.0,0.0,0.0,0.0,0.0,0.0,0.0,0.0,UNRESOLVED_FORMULAS_ABSENT,UNRESOLVED_BOUND_MOIETIES_NOT_ANNOTATED,STOICHIOMETRIC_PROXY_ONLY_NOT_VALIDATED_OSMOTIC_PRESSURE,UNAVAILABLE_CHARGE_PROTONATION_MG_BINDING_ABSENT,dc43bcec367f52105fe8d1ba328e59b064935df5faf8f880e078b212a40183df
re0000000051,elongation / translocation / STATE_TRANSITION,elongation,Elongation_Ca2_pept0002,Elongation_Ca2_pept0002:re59,EXTRACTED_EXACT_STOICHIOMETRY,STATE_TRANSITION,"{""elRS70SBGGU0002_Pept0002tRNAGlyGCC_EFG_GTP"": 1.0}","{""EFG_degraded"": 1.0, ""GTP"": 1.0, ""Pept0002tRNAGlyGCC"": 1.0, ""RS30S"": 1.0, ""RS50S"": 1.0, ""mRNA"": 1.0}",re0000000051_k1,0.0,5.0,1.0,0.0,0.0,0.0,1.0,0.0,0.0,0.0,0.0,0.0,0.0,0.0,0.0,0.0,0.0,0.0,0.0,0.0,0.0,UNRESOLVED_FORMULAS_ABSENT,UNRESOLVED_BOUND_MOIETIES_NOT_ANNOTATED,STOICHIOMETRIC_PROXY_ONLY_NOT_VALIDATED_OSMOTIC_PRESSURE,UNAVAILABLE_CHARGE_PROTONATION_MG_BINDING_ABSENT,dc43bcec367f52105fe8d1ba328e59b064935df5faf8f880e078b212a40183df
re0000000052,elongation / translocation / STATE_TRANSITION,elongation,Elongation_Ca2_pept0002,Elongation_Ca2_pept0002:re60,EXTRACTED_EXACT_STOICHIOMETRY,STATE_TRANSITION,"{""elRS70SCGGU0003_Pept0002tRNAGlyGCC_EFG_GDP"": 1.0}","{""EFG"": 1.0, ""GDP"": 1.0, ""Pept0002tRNAGlyGCC"": 1.0, ""RS30S"": 1.0, ""RS50S_degraded"": 1.0, ""mRNA"": 1.0}",re0000000052_k1,0.0,5.0,1.0,0.0,0.0,0.0,0.0,1.0,0.0,0.0,0.0,0.0,0.0,0.0,0.0,0.0,0.0,0.0,0.0,0.0,0.0,UNRESOLVED_FORMULAS_ABSENT,UNRESOLVED_BOUND_MOIETIES_NOT_ANNOTATED,STOICHIOMETRIC_PROXY_ONLY_NOT_VALIDATED_OSMOTIC_PRESSURE,UNAVAILABLE_CHARGE_PROTONATION_MG_BINDING_ABSENT,dc43bcec367f52105fe8d1ba328e59b064935df5faf8f880e078b212a40183df
re0000000053,elongation / translocation / STATE_TRANSITION,elongation,Elongation_Ca2_pept0002,Elongation_Ca2_pept0002:re61,EXTRACTED_EXACT_STOICHIOMETRY,STATE_TRANSITION,"{""elRS70SCGGU0003_Pept0002tRNAGlyGCC_EFG_GDP"": 1.0}","{""EFG"": 1.0, ""GDP"": 1.0, ""Pept0002tRNAGlyGCC"": 1.0, ""RS30S_degraded"": 1.0, ""RS50S"": 1.0, ""mRNA"": 1.0}",re0000000053_k1,0.0,5.0,1.0,0.0,0.0,0.0,0.0,1.0,0.0,0.0,0.0,0.0,0.0,0.0,0.0,0.0,0.0,0.0,0.0,0.0,0.0,UNRESOLVED_FORMULAS_ABSENT,UNRESOLVED_BOUND_MOIETIES_NOT_ANNOTATED,STOICHIOMETRIC_PROXY_ONLY_NOT_VALIDATED_OSMOTIC_PRESSURE,UNAVAILABLE_CHARGE_PROTONATION_MG_BINDING_ABSENT,dc43bcec367f52105fe8d1ba328e59b064935df5faf8f880e078b212a40183df
re0000000054,elongation / translocation / STATE_TRANSITION,elongation,Elongation_Ca2_pept0002,Elongation_Ca2_pept0002:re62,EXTRACTED_EXACT_STOICHIOMETRY,STATE_TRANSITION,"{""elRS70SCGGU0003_Pept0002tRNAGlyGCC_EFG_GDP"": 1.0}","{""EFG_degraded"": 1.0, ""GDP"": 1.0, ""Pept0002tRNAGlyGCC"": 1.0, ""RS30S"": 1.0, ""RS50S"": 1.0, ""mRNA"": 1.0}",re0000000054_k1,0.0,5.0,1.0,0.0,0.0,0.0,0.0,1.0,0.0,0.0,0.0,0.0,0.0,0.0,0.0,0.0,0.0,0.0,0.0,0.0,0.0,UNRESOLVED_FORMULAS_ABSENT,UNRESOLVED_BOUND_MOIETIES_NOT_ANNOTATED,STOICHIOMETRIC_PROXY_ONLY_NOT_VALIDATED_OSMOTIC_PRESSURE,UNAVAILABLE_CHARGE_PROTONATION_MG_BINDING_ABSENT,dc43bcec367f52105fe8d1ba328e59b064935df5faf8f880e078b212a40183df
re0000000055,elongation / translocation / STATE_TRANSITION,elongation,Elongation_Ca2_pept0002,Elongation_Ca2_pept0002:re72,EXTRACTED_EXACT_STOICHIOMETRY,STATE_TRANSITION,"{""elRS70SBGGU0002_Pept0002tRNAGlyGCC_EFG_GDP_PO4"": 1.0}","{""EFG"": 1.0, ""GDP"": 1.0, ""PO4"": 1.0, ""Pept0002tRNAGlyGCC"": 1.0, ""RS30S"": 1.0, ""RS50S_degraded"": 1.0, ""mRNA"": 1.0}",re0000000055_k1,0.0,6.0,2.0,0.0,0.0,0.0,0.0,1.0,0.0,1.0,0.0,0.0,0.0,0.0,0.0,0.0,0.0,0.0,0.0,0.0,0.0,UNRESOLVED_FORMULAS_ABSENT,UNRESOLVED_BOUND_MOIETIES_NOT_ANNOTATED,STOICHIOMETRIC_PROXY_ONLY_NOT_VALIDATED_OSMOTIC_PRESSURE,UNAVAILABLE_CHARGE_PROTONATION_MG_BINDING_ABSENT,dc43bcec367f52105fe8d1ba328e59b064935df5faf8f880e078b212a40183df
re0000000056,elongation / translocation / STATE_TRANSITION,elongation,Elongation_Ca2_pept0002,Elongation_Ca2_pept0002:re73,EXTRACTED_EXACT_STOICHIOMETRY,STATE_TRANSITION,"{""elRS70SBGGU0002_Pept0002tRNAGlyGCC_EFG_GDP_PO4"": 1.0}","{""EFG"": 1.0, ""GDP"": 1.0, ""PO4"": 1.0, ""Pept0002tRNAGlyGCC"": 1.0, ""RS30S_degraded"": 1.0, ""RS50S"": 1.0, ""mRNA"": 1.0}",re0000000056_k1,0.0,6.0,2.0,0.0,0.0,0.0,0.0,1.0,0.0,1.0,0.0,0.0,0.0,0.0,0.0,0.0,0.0,0.0,0.0,0.0,0.0,UNRESOLVED_FORMULAS_ABSENT,UNRESOLVED_BOUND_MOIETIES_NOT_ANNOTATED,STOICHIOMETRIC_PROXY_ONLY_NOT_VALIDATED_OSMOTIC_PRESSURE,UNAVAILABLE_CHARGE_PROTONATION_MG_BINDING_ABSENT,dc43bcec367f52105fe8d1ba328e59b064935df5faf8f880e078b212a40183df
re0000000057,elongation / translocation / STATE_TRANSITION,elongation,Elongation_Ca2_pept0002,Elongation_Ca2_pept0002:re74,EXTRACTED_EXACT_STOICHIOMETRY,STATE_TRANSITION,"{""elRS70SBGGU0002_Pept0002tRNAGlyGCC_EFG_GDP_PO4"": 1.0}","{""EFG_degraded"": 1.0, ""GDP"": 1.0, ""PO4"": 1.0, ""Pept0002tRNAGlyGCC"": 1.0, ""RS30S"": 1.0, ""RS50S"": 1.0, ""mRNA"": 1.0}",re0000000057_k1,0.0,6.0,2.0,0.0,0.0,0.0,0.0,1.0,0.0,1.0,0.0,0.0,0.0,0.0,0.0,0.0,0.0,0.0,0.0,0.0,0.0,UNRESOLVED_FORMULAS_ABSENT,UNRESOLVED_BOUND_MOIETIES_NOT_ANNOTATED,STOICHIOMETRIC_PROXY_ONLY_NOT_VALIDATED_OSMOTIC_PRESSURE,UNAVAILABLE_CHARGE_PROTONATION_MG_BINDING_ABSENT,dc43bcec367f52105fe8d1ba328e59b064935df5faf8f880e078b212a40183df
re0000000058,shared chemistry / ambiguous subsystem attribution / STATE_TRANSITION,elongation,Elongation_Ca1_GlyGCC;Elongation_Ca2_pept0002,Elongation_Ca1_GlyGCC:re9;Elongation_Ca2_pept0002:re77,AMBIGUOUS_MULTIPLE_SUBSYSTEMS,STATE_TRANSITION,"{""elRS70SAGGU0003_Pept0002tRNAGlyGCC"": 1.0}","{""Pept0002tRNAGlyGCC"": 1.0, ""RS30S"": 1.0, ""RS50S_degraded"": 1.0, ""mRNA"": 1.0}",re0000000058_k1,0.0,3.0,0,0.0,0.0,0.0,0.0,0.0,0.0,0.0,0.0,0.0,0.0,0.0,0.0,0.0,0.0,0.0,0.0,0.0,0.0,UNRESOLVED_FORMULAS_ABSENT,UNRESOLVED_BOUND_MOIETIES_NOT_ANNOTATED,STOICHIOMETRIC_PROXY_ONLY_NOT_VALIDATED_OSMOTIC_PRESSURE,UNAVAILABLE_CHARGE_PROTONATION_MG_BINDING_ABSENT,dc43bcec367f52105fe8d1ba328e59b064935df5faf8f880e078b212a40183df
re0000000059,shared chemistry / ambiguous subsystem attribution / STATE_TRANSITION,elongation,Elongation_Ca1_GlyGCC;Elongation_Ca2_pept0002,Elongation_Ca1_GlyGCC:re10;Elongation_Ca2_pept0002:re78,AMBIGUOUS_MULTIPLE_SUBSYSTEMS,STATE_TRANSITION,"{""elRS70SAGGU0003_Pept0002tRNAGlyGCC"": 1.0}","{""Pept0002tRNAGlyGCC"": 1.0, ""RS30S_degraded"": 1.0, ""RS50S"": 1.0, ""mRNA"": 1.0}",re0000000059_k1,0.0,3.0,0,0.0,0.0,0.0,0.0,0.0,0.0,0.0,0.0,0.0,0.0,0.0,0.0,0.0,0.0,0.0,0.0,0.0,0.0,UNRESOLVED_FORMULAS_ABSENT,UNRESOLVED_BOUND_MOIETIES_NOT_ANNOTATED,STOICHIOMETRIC_PROXY_ONLY_NOT_VALIDATED_OSMOTIC_PRESSURE,UNAVAILABLE_CHARGE_PROTONATION_MG_BINDING_ABSENT,dc43bcec367f52105fe8d1ba328e59b064935df5faf8f880e078b212a40183df
re0000000060,elongation / translocation / HETERODIMER_ASSOCIATION,elongation,Elongation_Ca2_pept0002,Elongation_Ca2_pept0002:re79,EXTRACTED_EXACT_STOICHIOMETRY,HETERODIMER_ASSOCIATION,"{""PO4"": 1.0, ""elRS70SAGGU0002_fMet_EFTu_GDP_GlytRNAGlyGCC"": 1.0}","{""elRS70SAGGU0002_fMet_EFTu_GDP_PO4_GlytRNAGlyGCC"": 1.0}",re0000000060_k1,0.0,-1.0,-1.0,0.0,0.0,0.0,0.0,0.0,0.0,-1.0,0.0,0.0,0.0,0.0,0.0,0.0,0.0,0.0,0.0,0.0,0.0,UNRESOLVED_FORMULAS_ABSENT,UNRESOLVED_BOUND_MOIETIES_NOT_ANNOTATED,STOICHIOMETRIC_PROXY_ONLY_NOT_VALIDATED_OSMOTIC_PRESSURE,UNAVAILABLE_CHARGE_PROTONATION_MG_BINDING_ABSENT,dc43bcec367f52105fe8d1ba328e59b064935df5faf8f880e078b212a40183df
re0000000061,elongation / translocation / HETERODIMER_ASSOCIATION,elongation,Elongation_Ca2_pept0002,Elongation_Ca2_pept0002:re80,EXTRACTED_EXACT_STOICHIOMETRY,HETERODIMER_ASSOCIATION,"{""EFTu_GDP"": 1.0, ""elRS70SAGGU0002_fMet_GlytRNAGlyGCC"": 1.0}","{""elRS70SAGGU0002_fMet_EFTu_GDP_GlytRNAGlyGCC"": 1.0}",re0000000061_k1,0.0,-1.0,0,0.0,0.0,0.0,0.0,0.0,0.0,0.0,0.0,0.0,0.0,0.0,0.0,0.0,0.0,0.0,0.0,0.0,0.0,UNRESOLVED_FORMULAS_ABSENT,UNRESOLVED_BOUND_MOIETIES_NOT_ANNOTATED,STOICHIOMETRIC_PROXY_ONLY_NOT_VALIDATED_OSMOTIC_PRESSURE,UNAVAILABLE_CHARGE_PROTONATION_MG_BINDING_ABSENT,dc43bcec367f52105fe8d1ba328e59b064935df5faf8f880e078b212a40183df
re0000000062,elongation / translocation / STATE_TRANSITION,elongation,Elongation_Ca2_pept0002,Elongation_Ca2_pept0002:re81,EXTRACTED_EXACT_STOICHIOMETRY,STATE_TRANSITION,"{""elRS70SBGGU0002_Pept0002tRNAGlyGCC"": 1.0}","{""elRS70SAGGU0002_fMet_GlytRNAGlyGCC"": 1.0}",re0000000062_k1,0.0,0.0,0,0.0,0.0,0.0,0.0,0.0,0.0,0.0,0.0,0.0,0.0,0.0,0.0,0.0,0.0,0.0,0.0,0.0,0.0,UNRESOLVED_FORMULAS_ABSENT,UNRESOLVED_BOUND_MOIETIES_NOT_ANNOTATED,STOICHIOMETRIC_PROXY_ONLY_NOT_VALIDATED_OSMOTIC_PRESSURE,UNAVAILABLE_CHARGE_PROTONATION_MG_BINDING_ABSENT,dc43bcec367f52105fe8d1ba328e59b064935df5faf8f880e078b212a40183df
re0000000063,elongation / translocation / HETERODIMER_ASSOCIATION,elongation,Elongation_Ca2_pept0002,Elongation_Ca2_pept0002:re82,EXTRACTED_EXACT_STOICHIOMETRY,HETERODIMER_ASSOCIATION,"{""GlytRNAGlyGCC"": 1.0, ""elRS70SAGGU0002_fMet_EFTu_GDP"": 1.0}","{""elRS70SAGGU0002_fMet_EFTu_GDP_GlytRNAGlyGCC"": 1.0}",re0000000063_k1,0.0,-1.0,0,0.0,0.0,0.0,0.0,0.0,0.0,0.0,0.0,0.0,0.0,0.0,0.0,0.0,0.0,0.0,-1.0,0.0,0.0,UNRESOLVED_FORMULAS_ABSENT,UNRESOLVED_BOUND_MOIETIES_NOT_ANNOTATED,STOICHIOMETRIC_PROXY_ONLY_NOT_VALIDATED_OSMOTIC_PRESSURE,UNAVAILABLE_CHARGE_PROTONATION_MG_BINDING_ABSENT,dc43bcec367f52105fe8d1ba328e59b064935df5faf8f880e078b212a40183df
re0000000064,elongation / translocation / HETERODIMER_ASSOCIATION,elongation,Elongation_Ca2_pept0002,Elongation_Ca2_pept0002:re83,EXTRACTED_EXACT_STOICHIOMETRY,HETERODIMER_ASSOCIATION,"{""GlytRNAGlyGCC"": 1.0, ""elRS70SAGGU0002_fMet"": 1.0}","{""elRS70SAGGU0002_fMet_GlytRNAGlyGCC"": 1.0}",re0000000064_k1,0.0,-1.0,0,0.0,0.0,0.0,0.0,0.0,0.0,0.0,0.0,0.0,0.0,0.0,0.0,0.0,0.0,0.0,-1.0,0.0,0.0,UNRESOLVED_FORMULAS_ABSENT,UNRESOLVED_BOUND_MOIETIES_NOT_ANNOTATED,STOICHIOMETRIC_PROXY_ONLY_NOT_VALIDATED_OSMOTIC_PRESSURE,UNAVAILABLE_CHARGE_PROTONATION_MG_BINDING_ABSENT,dc43bcec367f52105fe8d1ba328e59b064935df5faf8f880e078b212a40183df
re0000000065,elongation / translocation / HETERODIMER_ASSOCIATION,elongation,Elongation_Ca2_pept0002,Elongation_Ca2_pept0002:re84,EXTRACTED_EXACT_STOICHIOMETRY,HETERODIMER_ASSOCIATION,"{""EFTu_GDP"": 1.0, ""elRS70SAGGU0002_fMet"": 1.0}","{""elRS70SAGGU0002_fMet_EFTu_GDP"": 1.0}",re0000000065_k1,0.0,-1.0,0,0.0,0.0,0.0,0.0,0.0,0.0,0.0,0.0,0.0,0.0,0.0,0.0,0.0,0.0,0.0,0.0,0.0,0.0,UNRESOLVED_FORMULAS_ABSENT,UNRESOLVED_BOUND_MOIETIES_NOT_ANNOTATED,STOICHIOMETRIC_PROXY_ONLY_NOT_VALIDATED_OSMOTIC_PRESSURE,UNAVAILABLE_CHARGE_PROTONATION_MG_BINDING_ABSENT,dc43bcec367f52105fe8d1ba328e59b064935df5faf8f880e078b212a40183df
re0000000066,elongation / translocation / HETERODIMER_ASSOCIATION,elongation,Elongation_Ca2_pept0002,Elongation_Ca2_pept0002:re85,EXTRACTED_EXACT_STOICHIOMETRY,HETERODIMER_ASSOCIATION,"{""PO4"": 1.0, ""elRS70SCGGU0003_Pept0002tRNAGlyGCC_EFG_GDP"": 1.0}","{""elRS70SBGGU0002_Pept0002tRNAGlyGCC_EFG_GDP_PO4"": 1.0}",re0000000066_k1,0.0,-1.0,-1.0,0.0,0.0,0.0,0.0,0.0,0.0,-1.0,0.0,0.0,0.0,0.0,0.0,0.0,0.0,0.0,0.0,0.0,0.0,UNRESOLVED_FORMULAS_ABSENT,UNRESOLVED_BOUND_MOIETIES_NOT_ANNOTATED,STOICHIOMETRIC_PROXY_ONLY_NOT_VALIDATED_OSMOTIC_PRESSURE,UNAVAILABLE_CHARGE_PROTONATION_MG_BINDING_ABSENT,dc43bcec367f52105fe8d1ba328e59b064935df5faf8f880e078b212a40183df
re0000000067,elongation / translocation / HETERODIMER_ASSOCIATION,elongation,Elongation_Ca2_pept0002,Elongation_Ca2_pept0002:re86,EXTRACTED_EXACT_STOICHIOMETRY,HETERODIMER_ASSOCIATION,"{""EFG_GDP"": 1.0, ""elRS70SAGGU0003_Pept0002tRNAGlyGCC"": 1.0}","{""elRS70SCGGU0003_Pept0002tRNAGlyGCC_EFG_GDP"": 1.0}",re0000000067_k1,0.0,-1.0,0,0.0,0.0,0.0,0.0,0.0,0.0,0.0,0.0,0.0,0.0,0.0,0.0,0.0,0.0,0.0,0.0,0.0,0.0,UNRESOLVED_FORMULAS_ABSENT,UNRESOLVED_BOUND_MOIETIES_NOT_ANNOTATED,STOICHIOMETRIC_PROXY_ONLY_NOT_VALIDATED_OSMOTIC_PRESSURE,UNAVAILABLE_CHARGE_PROTONATION_MG_BINDING_ABSENT,dc43bcec367f52105fe8d1ba328e59b064935df5faf8f880e078b212a40183df
re0000000068,elongation / translocation / DISSOCIATION,elongation,Elongation_Ca1_GlyGCC,Elongation_Ca1_GlyGCC:re1,EXTRACTED_EXACT_STOICHIOMETRY,DISSOCIATION,"{""elRS70SAGGU0003_Pept0002tRNAGlyGCC"": 1.0}","{""elRS70SAGGU0003_Pept0002"": 1.0, ""tRNAGlyGCC"": 1.0}",re0000000068_k1,1000.0,1.0,0,0.0,0.0,0.0,0.0,0.0,0.0,0.0,0.0,0.0,0.0,0.0,0.0,0.0,1.0,0.0,0.0,0.0,0.0,UNRESOLVED_FORMULAS_ABSENT,UNRESOLVED_BOUND_MOIETIES_NOT_ANNOTATED,STOICHIOMETRIC_PROXY_ONLY_NOT_VALIDATED_OSMOTIC_PRESSURE,UNAVAILABLE_CHARGE_PROTONATION_MG_BINDING_ABSENT,dc43bcec367f52105fe8d1ba328e59b064935df5faf8f880e078b212a40183df
re0000000069,elongation / translocation / HETERODIMER_ASSOCIATION,elongation,Elongation_Ca1_GlyGCC,Elongation_Ca1_GlyGCC:re2,EXTRACTED_EXACT_STOICHIOMETRY,HETERODIMER_ASSOCIATION,"{""elRS70SAGGU0003_Pept0002"": 1.0, ""tRNAGlyGCC"": 1.0}","{""elRS70SAGGU0003_Pept0002tRNAGlyGCC"": 1.0}",re0000000069_k1,0.0,-1.0,0,0.0,0.0,0.0,0.0,0.0,0.0,0.0,0.0,0.0,0.0,0.0,0.0,0.0,-1.0,0.0,0.0,0.0,0.0,UNRESOLVED_FORMULAS_ABSENT,UNRESOLVED_BOUND_MOIETIES_NOT_ANNOTATED,STOICHIOMETRIC_PROXY_ONLY_NOT_VALIDATED_OSMOTIC_PRESSURE,UNAVAILABLE_CHARGE_PROTONATION_MG_BINDING_ABSENT,dc43bcec367f52105fe8d1ba328e59b064935df5faf8f880e078b212a40183df
re0000000070,shared chemistry / ambiguous subsystem attribution / STATE_TRANSITION,aminoacylation;elongation;termination / ribosome recycling,Aminoacylation_B_GlyGCC;Elongation_Ca1_GlyGCC;Termination_A_RF1;Termination_A_RF2;Termination_B_RF1;Termination_B_RF2;Termination_C,Aminoacylation_B_GlyGCC:re13;Elongation_Ca1_GlyGCC:re6;Termination_A_RF1:re220;Termination_A_RF2:re220;Termination_B_RF1:re220;Termination_B_RF2:re220;Termination_C:re220,AMBIGUOUS_MULTIPLE_SUBSYSTEMS,STATE_TRANSITION,"{""tRNAGlyGCC"": 1.0}","{""tRNAGlyGCC_degraded"": 1.0}",re0000000070_k1,0.0,0.0,0,0.0,0.0,0.0,0.0,0.0,0.0,0.0,0.0,0.0,0.0,0.0,0.0,0.0,-1.0,0.0,0.0,0.0,0.0,UNRESOLVED_FORMULAS_ABSENT,UNRESOLVED_BOUND_MOIETIES_NOT_ANNOTATED,STOICHIOMETRIC_PROXY_ONLY_NOT_VALIDATED_OSMOTIC_PRESSURE,UNAVAILABLE_CHARGE_PROTONATION_MG_BINDING_ABSENT,dc43bcec367f52105fe8d1ba328e59b064935df5faf8f880e078b212a40183df
re0000000071,shared chemistry / ambiguous subsystem attribution / STATE_TRANSITION,elongation,Elongation_Ca1_GlyGCC;Elongation_Ca2_pept0003,Elongation_Ca1_GlyGCC:re7;Elongation_Ca2_pept0003:re94,AMBIGUOUS_MULTIPLE_SUBSYSTEMS,STATE_TRANSITION,"{""Pept0002"": 1.0}","{""Pept0002_degraded"": 1.0}",re0000000071_k1,0.0,0.0,0,0.0,0.0,0.0,0.0,0.0,0.0,0.0,0.0,0.0,0.0,0.0,0.0,0.0,0.0,0.0,0.0,0.0,0.0,UNRESOLVED_FORMULAS_ABSENT,UNRESOLVED_BOUND_MOIETIES_NOT_ANNOTATED,STOICHIOMETRIC_PROXY_ONLY_NOT_VALIDATED_OSMOTIC_PRESSURE,UNAVAILABLE_CHARGE_PROTONATION_MG_BINDING_ABSENT,dc43bcec367f52105fe8d1ba328e59b064935df5faf8f880e078b212a40183df
re0000000072,shared chemistry / ambiguous subsystem attribution / STATE_TRANSITION,elongation,Elongation_Ca1_GlyGCC;Elongation_Ca2_pept0003,Elongation_Ca1_GlyGCC:re11;Elongation_Ca2_pept0003:re92,AMBIGUOUS_MULTIPLE_SUBSYSTEMS,STATE_TRANSITION,"{""elRS70SAGGU0003_Pept0002"": 1.0}","{""Pept0002"": 1.0, ""RS30S"": 1.0, ""RS50S_degraded"": 1.0, ""mRNA"": 1.0}",re0000000072_k1,0.0,3.0,0,0.0,0.0,0.0,0.0,0.0,0.0,0.0,0.0,0.0,0.0,0.0,0.0,0.0,0.0,0.0,0.0,0.0,0.0,UNRESOLVED_FORMULAS_ABSENT,UNRESOLVED_BOUND_MOIETIES_NOT_ANNOTATED,STOICHIOMETRIC_PROXY_ONLY_NOT_VALIDATED_OSMOTIC_PRESSURE,UNAVAILABLE_CHARGE_PROTONATION_MG_BINDING_ABSENT,dc43bcec367f52105fe8d1ba328e59b064935df5faf8f880e078b212a40183df
re0000000073,shared chemistry / ambiguous subsystem attribution / STATE_TRANSITION,elongation,Elongation_Ca1_GlyGCC;Elongation_Ca2_pept0003,Elongation_Ca1_GlyGCC:re12;Elongation_Ca2_pept0003:re93,AMBIGUOUS_MULTIPLE_SUBSYSTEMS,STATE_TRANSITION,"{""elRS70SAGGU0003_Pept0002"": 1.0}","{""Pept0002"": 1.0, ""RS30S_degraded"": 1.0, ""RS50S"": 1.0, ""mRNA"": 1.0}",re0000000073_k1,0.0,3.0,0,0.0,0.0,0.0,0.0,0.0,0.0,0.0,0.0,0.0,0.0,0.0,0.0,0.0,0.0,0.0,0.0,0.0,0.0,UNRESOLVED_FORMULAS_ABSENT,UNRESOLVED_BOUND_MOIETIES_NOT_ANNOTATED,STOICHIOMETRIC_PROXY_ONLY_NOT_VALIDATED_OSMOTIC_PRESSURE,UNAVAILABLE_CHARGE_PROTONATION_MG_BINDING_ABSENT,dc43bcec367f52105fe8d1ba328e59b064935df5faf8f880e078b212a40183df
re0000000074,elongation / translocation / HETERODIMER_ASSOCIATION,elongation,Elongation_Ca2_pept0003,Elongation_Ca2_pept0003:re1,EXTRACTED_EXACT_STOICHIOMETRY,HETERODIMER_ASSOCIATION,"{""EFTu_GTP_GlytRNAGlyGCC"": 1.0, ""elRS70SAGGU0003_Pept0002"": 1.0}","{""elRS70SAGGU0003_Pept0002_EFTu_GTP_GlytRNAGlyGCC"": 1.0}",re0000000074_k1,140.0,-1.0,0,0.0,0.0,0.0,0.0,0.0,0.0,0.0,0.0,0.0,0.0,0.0,0.0,0.0,0.0,0.0,0.0,0.0,0.0,UNRESOLVED_FORMULAS_ABSENT,UNRESOLVED_BOUND_MOIETIES_NOT_ANNOTATED,STOICHIOMETRIC_PROXY_ONLY_NOT_VALIDATED_OSMOTIC_PRESSURE,UNAVAILABLE_CHARGE_PROTONATION_MG_BINDING_ABSENT,dc43bcec367f52105fe8d1ba328e59b064935df5faf8f880e078b212a40183df
re0000000075,elongation / translocation / STATE_TRANSITION,elongation,Elongation_Ca2_pept0003,Elongation_Ca2_pept0003:re3,EXTRACTED_EXACT_STOICHIOMETRY,STATE_TRANSITION,"{""elRS70SAGGU0003_Pept0002_EFTu_GTP_GlytRNAGlyGCC"": 1.0}","{""elRS70SAGGU0003_Pept0002_EFTu_GDP_PO4_GlytRNAGlyGCC"": 1.0}",re0000000075_k1,260.0,0.0,0,0.0,0.0,0.0,0.0,0.0,0.0,0.0,0.0,0.0,0.0,0.0,0.0,0.0,0.0,0.0,0.0,0.0,0.0,UNRESOLVED_FORMULAS_ABSENT,UNRESOLVED_BOUND_MOIETIES_NOT_ANNOTATED,STOICHIOMETRIC_PROXY_ONLY_NOT_VALIDATED_OSMOTIC_PRESSURE,UNAVAILABLE_CHARGE_PROTONATION_MG_BINDING_ABSENT,dc43bcec367f52105fe8d1ba328e59b064935df5faf8f880e078b212a40183df
re0000000076,elongation / translocation / STATE_TRANSITION,elongation,Elongation_Ca2_pept0003,Elongation_Ca2_pept0003:re4,EXTRACTED_EXACT_STOICHIOMETRY,STATE_TRANSITION,"{""elRS70SAGGU0003_Pept0002_EFTu_GDP_PO4_GlytRNAGlyGCC"": 1.0}","{""elRS70SAGGU0003_Pept0002_EFTu_GTP_GlytRNAGlyGCC"": 1.0}",re0000000076_k1,0.0,0.0,0,0.0,0.0,0.0,0.0,0.0,0.0,0.0,0.0,0.0,0.0,0.0,0.0,0.0,0.0,0.0,0.0,0.0,0.0,UNRESOLVED_FORMULAS_ABSENT,UNRESOLVED_BOUND_MOIETIES_NOT_ANNOTATED,STOICHIOMETRIC_PROXY_ONLY_NOT_VALIDATED_OSMOTIC_PRESSURE,UNAVAILABLE_CHARGE_PROTONATION_MG_BINDING_ABSENT,dc43bcec367f52105fe8d1ba328e59b064935df5faf8f880e078b212a40183df
re0000000077,elongation / translocation / DISSOCIATION,elongation,Elongation_Ca2_pept0003,Elongation_Ca2_pept0003:re7,EXTRACTED_EXACT_STOICHIOMETRY,DISSOCIATION,"{""elRS70SAGGU0003_Pept0002_EFTu_GDP_PO4_GlytRNAGlyGCC"": 1.0}","{""PO4"": 1.0, ""elRS70SAGGU0003_Pept0002_EFTu_GDP_GlytRNAGlyGCC"": 1.0}",re0000000077_k1,1000.0,1.0,1.0,0.0,0.0,0.0,0.0,0.0,0.0,1.0,0.0,0.0,0.0,0.0,0.0,0.0,0.0,0.0,0.0,0.0,0.0,UNRESOLVED_FORMULAS_ABSENT,UNRESOLVED_BOUND_MOIETIES_NOT_ANNOTATED,STOICHIOMETRIC_PROXY_ONLY_NOT_VALIDATED_OSMOTIC_PRESSURE,UNAVAILABLE_CHARGE_PROTONATION_MG_BINDING_ABSENT,dc43bcec367f52105fe8d1ba328e59b064935df5faf8f880e078b212a40183df
re0000000078,elongation / translocation / DISSOCIATION,elongation,Elongation_Ca2_pept0003,Elongation_Ca2_pept0003:re9,EXTRACTED_EXACT_STOICHIOMETRY,DISSOCIATION,"{""elRS70SAGGU0003_Pept0002_EFTu_GDP_GlytRNAGlyGCC"": 1.0}","{""EFTu_GDP"": 1.0, ""elRS70SAGGU0003_Pept0002_GlytRNAGlyGCC"": 1.0}",re0000000078_k1,7.0,1.0,0,0.0,0.0,0.0,0.0,0.0,0.0,0.0,0.0,0.0,0.0,0.0,0.0,0.0,0.0,0.0,0.0,0.0,0.0,UNRESOLVED_FORMULAS_ABSENT,UNRESOLVED_BOUND_MOIETIES_NOT_ANNOTATED,STOICHIOMETRIC_PROXY_ONLY_NOT_VALIDATED_OSMOTIC_PRESSURE,UNAVAILABLE_CHARGE_PROTONATION_MG_BINDING_ABSENT,dc43bcec367f52105fe8d1ba328e59b064935df5faf8f880e078b212a40183df
re0000000079,elongation / translocation / STATE_TRANSITION,elongation,Elongation_Ca2_pept0003,Elongation_Ca2_pept0003:re10,EXTRACTED_EXACT_STOICHIOMETRY,STATE_TRANSITION,"{""elRS70SAGGU0003_Pept0002_GlytRNAGlyGCC"": 1.0}","{""elRS70SBGGU0003_Pept0003tRNAGlyGCC"": 1.0}",re0000000079_k1,1000.0,0.0,0,0.0,0.0,0.0,0.0,0.0,0.0,0.0,0.0,0.0,0.0,0.0,0.0,0.0,0.0,0.0,0.0,0.0,0.0,UNRESOLVED_FORMULAS_ABSENT,UNRESOLVED_BOUND_MOIETIES_NOT_ANNOTATED,STOICHIOMETRIC_PROXY_ONLY_NOT_VALIDATED_OSMOTIC_PRESSURE,UNAVAILABLE_CHARGE_PROTONATION_MG_BINDING_ABSENT,dc43bcec367f52105fe8d1ba328e59b064935df5faf8f880e078b212a40183df
re0000000080,elongation / translocation / HETERODIMER_ASSOCIATION,elongation,Elongation_Ca2_pept0003,Elongation_Ca2_pept0003:re12,EXTRACTED_EXACT_STOICHIOMETRY,HETERODIMER_ASSOCIATION,"{""EFG_GTP"": 1.0, ""elRS70SBGGU0003_Pept0003tRNAGlyGCC"": 1.0}","{""elRS70SBGGU0003_Pept0003tRNAGlyGCC_EFG_GTP"": 1.0}",re0000000080_k1,30.0,-1.0,0,0.0,0.0,0.0,0.0,0.0,0.0,0.0,0.0,0.0,0.0,0.0,0.0,0.0,0.0,0.0,0.0,0.0,0.0,UNRESOLVED_FORMULAS_ABSENT,UNRESOLVED_BOUND_MOIETIES_NOT_ANNOTATED,STOICHIOMETRIC_PROXY_ONLY_NOT_VALIDATED_OSMOTIC_PRESSURE,UNAVAILABLE_CHARGE_PROTONATION_MG_BINDING_ABSENT,dc43bcec367f52105fe8d1ba328e59b064935df5faf8f880e078b212a40183df
re0000000081,elongation / translocation / DISSOCIATION,elongation,Elongation_Ca2_pept0003,Elongation_Ca2_pept0003:re13,EXTRACTED_EXACT_STOICHIOMETRY,DISSOCIATION,"{""elRS70SBGGU0003_Pept0003tRNAGlyGCC_EFG_GTP"": 1.0}","{""EFG_GTP"": 1.0, ""elRS70SBGGU0003_Pept0003tRNAGlyGCC"": 1.0}",re0000000081_k1,25.0,1.0,0,0.0,0.0,0.0,0.0,0.0,0.0,0.0,0.0,0.0,0.0,0.0,0.0,0.0,0.0,0.0,0.0,0.0,0.0,UNRESOLVED_FORMULAS_ABSENT,UNRESOLVED_BOUND_MOIETIES_NOT_ANNOTATED,STOICHIOMETRIC_PROXY_ONLY_NOT_VALIDATED_OSMOTIC_PRESSURE,UNAVAILABLE_CHARGE_PROTONATION_MG_BINDING_ABSENT,dc43bcec367f52105fe8d1ba328e59b064935df5faf8f880e078b212a40183df
re0000000082,elongation / translocation / DISSOCIATION,elongation,Elongation_Ca2_pept0003,Elongation_Ca2_pept0003:re15,EXTRACTED_EXACT_STOICHIOMETRY,DISSOCIATION,"{""elRS70SAGGU0003_Pept0002_EFTu_GTP_GlytRNAGlyGCC"": 1.0}","{""EFTu_GTP_GlytRNAGlyGCC"": 1.0, ""elRS70SAGGU0003_Pept0002"": 1.0}",re0000000082_k1,0.23,1.0,0,0.0,0.0,0.0,0.0,0.0,0.0,0.0,0.0,0.0,0.0,0.0,0.0,0.0,0.0,0.0,0.0,0.0,0.0,UNRESOLVED_FORMULAS_ABSENT,UNRESOLVED_BOUND_MOIETIES_NOT_ANNOTATED,STOICHIOMETRIC_PROXY_ONLY_NOT_VALIDATED_OSMOTIC_PRESSURE,UNAVAILABLE_CHARGE_PROTONATION_MG_BINDING_ABSENT,dc43bcec367f52105fe8d1ba328e59b064935df5faf8f880e078b212a40183df
re0000000083,elongation / translocation / STATE_TRANSITION,elongation,Elongation_Ca2_pept0003,Elongation_Ca2_pept0003:re16,EXTRACTED_EXACT_STOICHIOMETRY,STATE_TRANSITION,"{""elRS70SBGGU0003_Pept0003tRNAGlyGCC_EFG_GTP"": 1.0}","{""elRS70SBGGU0003_Pept0003tRNAGlyGCC_EFG_GDP_PO4"": 1.0}",re0000000083_k1,31.0,0.0,0,0.0,0.0,0.0,0.0,0.0,0.0,0.0,0.0,0.0,0.0,0.0,0.0,0.0,0.0,0.0,0.0,0.0,0.0,UNRESOLVED_FORMULAS_ABSENT,UNRESOLVED_BOUND_MOIETIES_NOT_ANNOTATED,STOICHIOMETRIC_PROXY_ONLY_NOT_VALIDATED_OSMOTIC_PRESSURE,UNAVAILABLE_CHARGE_PROTONATION_MG_BINDING_ABSENT,dc43bcec367f52105fe8d1ba328e59b064935df5faf8f880e078b212a40183df
re0000000084,elongation / translocation / STATE_TRANSITION,elongation,Elongation_Ca2_pept0003,Elongation_Ca2_pept0003:re17,EXTRACTED_EXACT_STOICHIOMETRY,STATE_TRANSITION,"{""elRS70SBGGU0003_Pept0003tRNAGlyGCC_EFG_GDP_PO4"": 1.0}","{""elRS70SBGGU0003_Pept0003tRNAGlyGCC_EFG_GTP"": 1.0}",re0000000084_k1,5.0,0.0,0,0.0,0.0,0.0,0.0,0.0,0.0,0.0,0.0,0.0,0.0,0.0,0.0,0.0,0.0,0.0,0.0,0.0,0.0,UNRESOLVED_FORMULAS_ABSENT,UNRESOLVED_BOUND_MOIETIES_NOT_ANNOTATED,STOICHIOMETRIC_PROXY_ONLY_NOT_VALIDATED_OSMOTIC_PRESSURE,UNAVAILABLE_CHARGE_PROTONATION_MG_BINDING_ABSENT,dc43bcec367f52105fe8d1ba328e59b064935df5faf8f880e078b212a40183df
re0000000085,elongation / translocation / DISSOCIATION,elongation,Elongation_Ca2_pept0003,Elongation_Ca2_pept0003:re18,EXTRACTED_EXACT_STOICHIOMETRY,DISSOCIATION,"{""elRS70SBGGU0003_Pept0003tRNAGlyGCC_EFG_GDP_PO4"": 1.0}","{""PO4"": 1.0, ""elRS70SCUAA0004_Pept0003tRNAGlyGCC_EFG_GDP"": 1.0}",re0000000085_k1,5.0,1.0,1.0,0.0,0.0,0.0,0.0,0.0,0.0,1.0,0.0,0.0,0.0,0.0,0.0,0.0,0.0,0.0,0.0,0.0,0.0,UNRESOLVED_FORMULAS_ABSENT,UNRESOLVED_BOUND_MOIETIES_NOT_ANNOTATED,STOICHIOMETRIC_PROXY_ONLY_NOT_VALIDATED_OSMOTIC_PRESSURE,UNAVAILABLE_CHARGE_PROTONATION_MG_BINDING_ABSENT,dc43bcec367f52105fe8d1ba328e59b064935df5faf8f880e078b212a40183df
re0000000086,elongation / translocation / DISSOCIATION,elongation,Elongation_Ca2_pept0003,Elongation_Ca2_pept0003:re19,EXTRACTED_EXACT_STOICHIOMETRY,DISSOCIATION,"{""elRS70SCUAA0004_Pept0003tRNAGlyGCC_EFG_GDP"": 1.0}","{""EFG_GDP"": 1.0, ""elRS70SAUAA0004_Pept0003tRNAGlyGCC"": 1.0}",re0000000086_k1,1000.0,1.0,0,0.0,0.0,0.0,0.0,0.0,0.0,0.0,0.0,0.0,0.0,0.0,0.0,0.0,0.0,0.0,0.0,0.0,0.0,UNRESOLVED_FORMULAS_ABSENT,UNRESOLVED_BOUND_MOIETIES_NOT_ANNOTATED,STOICHIOMETRIC_PROXY_ONLY_NOT_VALIDATED_OSMOTIC_PRESSURE,UNAVAILABLE_CHARGE_PROTONATION_MG_BINDING_ABSENT,dc43bcec367f52105fe8d1ba328e59b064935df5faf8f880e078b212a40183df
re0000000087,elongation / translocation / DISSOCIATION,elongation,Elongation_Ca2_pept0003,Elongation_Ca2_pept0003:re22,EXTRACTED_EXACT_STOICHIOMETRY,DISSOCIATION,"{""elRS70SAGGU0003_Pept0002_EFTu_GDP_GlytRNAGlyGCC"": 1.0}","{""GlytRNAGlyGCC"": 1.0, ""elRS70SAGGU0003_Pept0002_EFTu_GDP"": 1.0}",re0000000087_k1,0.0,1.0,0,0.0,0.0,0.0,0.0,0.0,0.0,0.0,0.0,0.0,0.0,0.0,0.0,0.0,0.0,0.0,1.0,0.0,0.0,UNRESOLVED_FORMULAS_ABSENT,UNRESOLVED_BOUND_MOIETIES_NOT_ANNOTATED,STOICHIOMETRIC_PROXY_ONLY_NOT_VALIDATED_OSMOTIC_PRESSURE,UNAVAILABLE_CHARGE_PROTONATION_MG_BINDING_ABSENT,dc43bcec367f52105fe8d1ba328e59b064935df5faf8f880e078b212a40183df
re0000000088,elongation / translocation / DISSOCIATION,elongation,Elongation_Ca2_pept0003,Elongation_Ca2_pept0003:re23,EXTRACTED_EXACT_STOICHIOMETRY,DISSOCIATION,"{""elRS70SAGGU0003_Pept0002_GlytRNAGlyGCC"": 1.0}","{""GlytRNAGlyGCC"": 1.0, ""elRS70SAGGU0003_Pept0002"": 1.0}",re0000000088_k1,0.0,1.0,0,0.0,0.0,0.0,0.0,0.0,0.0,0.0,0.0,0.0,0.0,0.0,0.0,0.0,0.0,0.0,1.0,0.0,0.0,UNRESOLVED_FORMULAS_ABSENT,UNRESOLVED_BOUND_MOIETIES_NOT_ANNOTATED,STOICHIOMETRIC_PROXY_ONLY_NOT_VALIDATED_OSMOTIC_PRESSURE,UNAVAILABLE_CHARGE_PROTONATION_MG_BINDING_ABSENT,dc43bcec367f52105fe8d1ba328e59b064935df5faf8f880e078b212a40183df
re0000000089,elongation / translocation / DISSOCIATION,elongation,Elongation_Ca2_pept0003,Elongation_Ca2_pept0003:re24,EXTRACTED_EXACT_STOICHIOMETRY,DISSOCIATION,"{""elRS70SAGGU0003_Pept0002_EFTu_GDP"": 1.0}","{""EFTu_GDP"": 1.0, ""elRS70SAGGU0003_Pept0002"": 1.0}",re0000000089_k1,1000.0,1.0,0,0.0,0.0,0.0,0.0,0.0,0.0,0.0,0.0,0.0,0.0,0.0,0.0,0.0,0.0,0.0,0.0,0.0,0.0,UNRESOLVED_FORMULAS_ABSENT,UNRESOLVED_BOUND_MOIETIES_NOT_ANNOTATED,STOICHIOMETRIC_PROXY_ONLY_NOT_VALIDATED_OSMOTIC_PRESSURE,UNAVAILABLE_CHARGE_PROTONATION_MG_BINDING_ABSENT,dc43bcec367f52105fe8d1ba328e59b064935df5faf8f880e078b212a40183df
re0000000090,shared chemistry / ambiguous subsystem attribution / STATE_TRANSITION,elongation;termination / ribosome recycling,Elongation_Ca2_pept0003;Termination_A_RF1;Termination_A_RF2,Elongation_Ca2_pept0003:re32;Termination_A_RF1:re209;Termination_A_RF2:re209,AMBIGUOUS_MULTIPLE_SUBSYSTEMS,STATE_TRANSITION,"{""Pept0003tRNAGlyGCC"": 1.0}","{""Pept0003tRNAGlyGCC_degraded"": 1.0}",re0000000090_k1,0.0,0.0,0,0.0,0.0,0.0,0.0,0.0,0.0,0.0,0.0,0.0,0.0,0.0,0.0,0.0,0.0,0.0,0.0,0.0,0.0,UNRESOLVED_FORMULAS_ABSENT,UNRESOLVED_BOUND_MOIETIES_NOT_ANNOTATED,STOICHIOMETRIC_PROXY_ONLY_NOT_VALIDATED_OSMOTIC_PRESSURE,UNAVAILABLE_CHARGE_PROTONATION_MG_BINDING_ABSENT,dc43bcec367f52105fe8d1ba328e59b064935df5faf8f880e078b212a40183df
re0000000091,elongation / translocation / STATE_TRANSITION,elongation,Elongation_Ca2_pept0003,Elongation_Ca2_pept0003:re38,EXTRACTED_EXACT_STOICHIOMETRY,STATE_TRANSITION,"{""elRS70SAGGU0003_Pept0002_EFTu_GTP_GlytRNAGlyGCC"": 1.0}","{""EFTu"": 1.0, ""GTP"": 1.0, ""GlytRNAGlyGCC"": 1.0, ""Pept0002"": 1.0, ""RS30S"": 1.0, ""RS50S_degraded"": 1.0, ""mRNA"": 1.0}",re0000000091_k1,0.0,6.0,1.0,0.0,0.0,0.0,1.0,0.0,0.0,0.0,0.0,0.0,0.0,0.0,0.0,0.0,0.0,0.0,1.0,0.0,0.0,UNRESOLVED_FORMULAS_ABSENT,UNRESOLVED_BOUND_MOIETIES_NOT_ANNOTATED,STOICHIOMETRIC_PROXY_ONLY_NOT_VALIDATED_OSMOTIC_PRESSURE,UNAVAILABLE_CHARGE_PROTONATION_MG_BINDING_ABSENT,dc43bcec367f52105fe8d1ba328e59b064935df5faf8f880e078b212a40183df
re0000000092,elongation / translocation / STATE_TRANSITION,elongation,Elongation_Ca2_pept0003,Elongation_Ca2_pept0003:re39,EXTRACTED_EXACT_STOICHIOMETRY,STATE_TRANSITION,"{""elRS70SAGGU0003_Pept0002_EFTu_GTP_GlytRNAGlyGCC"": 1.0}","{""EFTu"": 1.0, ""GTP"": 1.0, ""GlytRNAGlyGCC"": 1.0, ""Pept0002"": 1.0, ""RS30S_degraded"": 1.0, ""RS50S"": 1.0, ""mRNA"": 1.0}",re0000000092_k1,0.0,6.0,1.0,0.0,0.0,0.0,1.0,0.0,0.0,0.0,0.0,0.0,0.0,0.0,0.0,0.0,0.0,0.0,1.0,0.0,0.0,UNRESOLVED_FORMULAS_ABSENT,UNRESOLVED_BOUND_MOIETIES_NOT_ANNOTATED,STOICHIOMETRIC_PROXY_ONLY_NOT_VALIDATED_OSMOTIC_PRESSURE,UNAVAILABLE_CHARGE_PROTONATION_MG_BINDING_ABSENT,dc43bcec367f52105fe8d1ba328e59b064935df5faf8f880e078b212a40183df
re0000000093,elongation / translocation / STATE_TRANSITION,elongation,Elongation_Ca2_pept0003,Elongation_Ca2_pept0003:re40,EXTRACTED_EXACT_STOICHIOMETRY,STATE_TRANSITION,"{""elRS70SAGGU0003_Pept0002_EFTu_GTP_GlytRNAGlyGCC"": 1.0}","{""EFTu_degraded"": 1.0, ""GTP"": 1.0, ""GlytRNAGlyGCC"": 1.0, ""Pept0002"": 1.0, ""RS30S"": 1.0, ""RS50S"": 1.0, ""mRNA"": 1.0}",re0000000093_k1,0.0,6.0,1.0,0.0,0.0,0.0,1.0,0.0,0.0,0.0,0.0,0.0,0.0,0.0,0.0,0.0,0.0,0.0,1.0,0.0,0.0,UNRESOLVED_FORMULAS_ABSENT,UNRESOLVED_BOUND_MOIETIES_NOT_ANNOTATED,STOICHIOMETRIC_PROXY_ONLY_NOT_VALIDATED_OSMOTIC_PRESSURE,UNAVAILABLE_CHARGE_PROTONATION_MG_BINDING_ABSENT,dc43bcec367f52105fe8d1ba328e59b064935df5faf8f880e078b212a40183df
re0000000094,elongation / translocation / STATE_TRANSITION,elongation,Elongation_Ca2_pept0003,Elongation_Ca2_pept0003:re44,EXTRACTED_EXACT_STOICHIOMETRY,STATE_TRANSITION,"{""elRS70SAGGU0003_Pept0002_EFTu_GDP_PO4_GlytRNAGlyGCC"": 1.0}","{""EFTu"": 1.0, ""GDP"": 1.0, ""GlytRNAGlyGCC"": 1.0, ""PO4"": 1.0, ""Pept0002"": 1.0, ""RS30S"": 1.0, ""RS50S_degraded"": 1.0, ""mRNA"": 1.0}",re0000000094_k1,0.0,7.0,2.0,0.0,0.0,0.0,0.0,1.0,0.0,1.0,0.0,0.0,0.0,0.0,0.0,0.0,0.0,0.0,1.0,0.0,0.0,UNRESOLVED_FORMULAS_ABSENT,UNRESOLVED_BOUND_MOIETIES_NOT_ANNOTATED,STOICHIOMETRIC_PROXY_ONLY_NOT_VALIDATED_OSMOTIC_PRESSURE,UNAVAILABLE_CHARGE_PROTONATION_MG_BINDING_ABSENT,dc43bcec367f52105fe8d1ba328e59b064935df5faf8f880e078b212a40183df
re0000000095,elongation / translocation / STATE_TRANSITION,elongation,Elongation_Ca2_pept0003,Elongation_Ca2_pept0003:re45,EXTRACTED_EXACT_STOICHIOMETRY,STATE_TRANSITION,"{""elRS70SAGGU0003_Pept0002_EFTu_GDP_PO4_GlytRNAGlyGCC"": 1.0}","{""EFTu"": 1.0, ""GDP"": 1.0, ""GlytRNAGlyGCC"": 1.0, ""PO4"": 1.0, ""Pept0002"": 1.0, ""RS30S_degraded"": 1.0, ""RS50S"": 1.0, ""mRNA"": 1.0}",re0000000095_k1,0.0,7.0,2.0,0.0,0.0,0.0,0.0,1.0,0.0,1.0,0.0,0.0,0.0,0.0,0.0,0.0,0.0,0.0,1.0,0.0,0.0,UNRESOLVED_FORMULAS_ABSENT,UNRESOLVED_BOUND_MOIETIES_NOT_ANNOTATED,STOICHIOMETRIC_PROXY_ONLY_NOT_VALIDATED_OSMOTIC_PRESSURE,UNAVAILABLE_CHARGE_PROTONATION_MG_BINDING_ABSENT,dc43bcec367f52105fe8d1ba328e59b064935df5faf8f880e078b212a40183df
re0000000096,elongation / translocation / STATE_TRANSITION,elongation,Elongation_Ca2_pept0003,Elongation_Ca2_pept0003:re46,EXTRACTED_EXACT_STOICHIOMETRY,STATE_TRANSITION,"{""elRS70SAGGU0003_Pept0002_EFTu_GDP_PO4_GlytRNAGlyGCC"": 1.0}","{""EFTu_degraded"": 1.0, ""GDP"": 1.0, ""GlytRNAGlyGCC"": 1.0, ""PO4"": 1.0, ""Pept0002"": 1.0, ""RS30S"": 1.0, ""RS50S"": 1.0, ""mRNA"": 1.0}",re0000000096_k1,0.0,7.0,2.0,0.0,0.0,0.0,0.0,1.0,0.0,1.0,0.0,0.0,0.0,0.0,0.0,0.0,0.0,0.0,1.0,0.0,0.0,UNRESOLVED_FORMULAS_ABSENT,UNRESOLVED_BOUND_MOIETIES_NOT_ANNOTATED,STOICHIOMETRIC_PROXY_ONLY_NOT_VALIDATED_OSMOTIC_PRESSURE,UNAVAILABLE_CHARGE_PROTONATION_MG_BINDING_ABSENT,dc43bcec367f52105fe8d1ba328e59b064935df5faf8f880e078b212a40183df
re0000000097,elongation / translocation / STATE_TRANSITION,elongation,Elongation_Ca2_pept0003,Elongation_Ca2_pept0003:re47,EXTRACTED_EXACT_STOICHIOMETRY,STATE_TRANSITION,"{""elRS70SAGGU0003_Pept0002_EFTu_GDP_GlytRNAGlyGCC"": 1.0}","{""EFTu"": 1.0, ""GDP"": 1.0, ""GlytRNAGlyGCC"": 1.0, ""Pept0002"": 1.0, ""RS30S"": 1.0, ""RS50S_degraded"": 1.0, ""mRNA"": 1.0}",re0000000097_k1,0.0,6.0,1.0,0.0,0.0,0.0,0.0,1.0,0.0,0.0,0.0,0.0,0.0,0.0,0.0,0.0,0.0,0.0,1.0,0.0,0.0,UNRESOLVED_FORMULAS_ABSENT,UNRESOLVED_BOUND_MOIETIES_NOT_ANNOTATED,STOICHIOMETRIC_PROXY_ONLY_NOT_VALIDATED_OSMOTIC_PRESSURE,UNAVAILABLE_CHARGE_PROTONATION_MG_BINDING_ABSENT,dc43bcec367f52105fe8d1ba328e59b064935df5faf8f880e078b212a40183df
re0000000098,elongation / translocation / STATE_TRANSITION,elongation,Elongation_Ca2_pept0003,Elongation_Ca2_pept0003:re48,EXTRACTED_EXACT_STOICHIOMETRY,STATE_TRANSITION,"{""elRS70SAGGU0003_Pept0002_EFTu_GDP_GlytRNAGlyGCC"": 1.0}","{""EFTu"": 1.0, ""GDP"": 1.0, ""GlytRNAGlyGCC"": 1.0, ""Pept0002"": 1.0, ""RS30S_degraded"": 1.0, ""RS50S"": 1.0, ""mRNA"": 1.0}",re0000000098_k1,0.0,6.0,1.0,0.0,0.0,0.0,0.0,1.0,0.0,0.0,0.0,0.0,0.0,0.0,0.0,0.0,0.0,0.0,1.0,0.0,0.0,UNRESOLVED_FORMULAS_ABSENT,UNRESOLVED_BOUND_MOIETIES_NOT_ANNOTATED,STOICHIOMETRIC_PROXY_ONLY_NOT_VALIDATED_OSMOTIC_PRESSURE,UNAVAILABLE_CHARGE_PROTONATION_MG_BINDING_ABSENT,dc43bcec367f52105fe8d1ba328e59b064935df5faf8f880e078b212a40183df
re0000000099,elongation / translocation / STATE_TRANSITION,elongation,Elongation_Ca2_pept0003,Elongation_Ca2_pept0003:re49,EXTRACTED_EXACT_STOICHIOMETRY,STATE_TRANSITION,"{""elRS70SAGGU0003_Pept0002_EFTu_GDP_GlytRNAGlyGCC"": 1.0}","{""EFTu_degraded"": 1.0, ""GDP"": 1.0, ""GlytRNAGlyGCC"": 1.0, ""Pept0002"": 1.0, ""RS30S"": 1.0, ""RS50S"": 1.0, ""mRNA"": 1.0}",re0000000099_k1,0.0,6.0,1.0,0.0,0.0,0.0,0.0,1.0,0.0,0.0,0.0,0.0,0.0,0.0,0.0,0.0,0.0,0.0,1.0,0.0,0.0,UNRESOLVED_FORMULAS_ABSENT,UNRESOLVED_BOUND_MOIETIES_NOT_ANNOTATED,STOICHIOMETRIC_PROXY_ONLY_NOT_VALIDATED_OSMOTIC_PRESSURE,UNAVAILABLE_CHARGE_PROTONATION_MG_BINDING_ABSENT,dc43bcec367f52105fe8d1ba328e59b064935df5faf8f880e078b212a40183df
re0000000100,elongation / translocation / STATE_TRANSITION,elongation,Elongation_Ca2_pept0003,Elongation_Ca2_pept0003:re50,EXTRACTED_EXACT_STOICHIOMETRY,STATE_TRANSITION,"{""elRS70SAGGU0003_Pept0002_EFTu_GDP"": 1.0}","{""EFTu"": 1.0, ""GDP"": 1.0, ""Pept0002"": 1.0, ""RS30S"": 1.0, ""RS50S_degraded"": 1.0, ""mRNA"": 1.0}",re0000000100_k1,0.0,5.0,1.0,0.0,0.0,0.0,0.0,1.0,0.0,0.0,0.0,0.0,0.0,0.0,0.0,0.0,0.0,0.0,0.0,0.0,0.0,UNRESOLVED_FORMULAS_ABSENT,UNRESOLVED_BOUND_MOIETIES_NOT_ANNOTATED,STOICHIOMETRIC_PROXY_ONLY_NOT_VALIDATED_OSMOTIC_PRESSURE,UNAVAILABLE_CHARGE_PROTONATION_MG_BINDING_ABSENT,dc43bcec367f52105fe8d1ba328e59b064935df5faf8f880e078b212a40183df
re0000000101,elongation / translocation / STATE_TRANSITION,elongation,Elongation_Ca2_pept0003,Elongation_Ca2_pept0003:re51,EXTRACTED_EXACT_STOICHIOMETRY,STATE_TRANSITION,"{""elRS70SAGGU0003_Pept0002_EFTu_GDP"": 1.0}","{""EFTu"": 1.0, ""GDP"": 1.0, ""Pept0002"": 1.0, ""RS30S_degraded"": 1.0, ""RS50S"": 1.0, ""mRNA"": 1.0}",re0000000101_k1,0.0,5.0,1.0,0.0,0.0,0.0,0.0,1.0,0.0,0.0,0.0,0.0,0.0,0.0,0.0,0.0,0.0,0.0,0.0,0.0,0.0,UNRESOLVED_FORMULAS_ABSENT,UNRESOLVED_BOUND_MOIETIES_NOT_ANNOTATED,STOICHIOMETRIC_PROXY_ONLY_NOT_VALIDATED_OSMOTIC_PRESSURE,UNAVAILABLE_CHARGE_PROTONATION_MG_BINDING_ABSENT,dc43bcec367f52105fe8d1ba328e59b064935df5faf8f880e078b212a40183df
re0000000102,elongation / translocation / STATE_TRANSITION,elongation,Elongation_Ca2_pept0003,Elongation_Ca2_pept0003:re52,EXTRACTED_EXACT_STOICHIOMETRY,STATE_TRANSITION,"{""elRS70SAGGU0003_Pept0002_EFTu_GDP"": 1.0}","{""EFTu_degraded"": 1.0, ""GDP"": 1.0, ""Pept0002"": 1.0, ""RS30S"": 1.0, ""RS50S"": 1.0, ""mRNA"": 1.0}",re0000000102_k1,0.0,5.0,1.0,0.0,0.0,0.0,0.0,1.0,0.0,0.0,0.0,0.0,0.0,0.0,0.0,0.0,0.0,0.0,0.0,0.0,0.0,UNRESOLVED_FORMULAS_ABSENT,UNRESOLVED_BOUND_MOIETIES_NOT_ANNOTATED,STOICHIOMETRIC_PROXY_ONLY_NOT_VALIDATED_OSMOTIC_PRESSURE,UNAVAILABLE_CHARGE_PROTONATION_MG_BINDING_ABSENT,dc43bcec367f52105fe8d1ba328e59b064935df5faf8f880e078b212a40183df
re0000000103,elongation / translocation / STATE_TRANSITION,elongation,Elongation_Ca2_pept0003,Elongation_Ca2_pept0003:re53,EXTRACTED_EXACT_STOICHIOMETRY,STATE_TRANSITION,"{""elRS70SAGGU0003_Pept0002_GlytRNAGlyGCC"": 1.0}","{""GlytRNAGlyGCC"": 1.0, ""Pept0002"": 1.0, ""RS30S"": 1.0, ""RS50S_degraded"": 1.0, ""mRNA"": 1.0}",re0000000103_k1,0.0,4.0,0,0.0,0.0,0.0,0.0,0.0,0.0,0.0,0.0,0.0,0.0,0.0,0.0,0.0,0.0,0.0,1.0,0.0,0.0,UNRESOLVED_FORMULAS_ABSENT,UNRESOLVED_BOUND_MOIETIES_NOT_ANNOTATED,STOICHIOMETRIC_PROXY_ONLY_NOT_VALIDATED_OSMOTIC_PRESSURE,UNAVAILABLE_CHARGE_PROTONATION_MG_BINDING_ABSENT,dc43bcec367f52105fe8d1ba328e59b064935df5faf8f880e078b212a40183df
re0000000104,elongation / translocation / STATE_TRANSITION,elongation,Elongation_Ca2_pept0003,Elongation_Ca2_pept0003:re54,EXTRACTED_EXACT_STOICHIOMETRY,STATE_TRANSITION,"{""elRS70SAGGU0003_Pept0002_GlytRNAGlyGCC"": 1.0}","{""GlytRNAGlyGCC"": 1.0, ""Pept0002"": 1.0, ""RS30S_degraded"": 1.0, ""RS50S"": 1.0, ""mRNA"": 1.0}",re0000000104_k1,0.0,4.0,0,0.0,0.0,0.0,0.0,0.0,0.0,0.0,0.0,0.0,0.0,0.0,0.0,0.0,0.0,0.0,1.0,0.0,0.0,UNRESOLVED_FORMULAS_ABSENT,UNRESOLVED_BOUND_MOIETIES_NOT_ANNOTATED,STOICHIOMETRIC_PROXY_ONLY_NOT_VALIDATED_OSMOTIC_PRESSURE,UNAVAILABLE_CHARGE_PROTONATION_MG_BINDING_ABSENT,dc43bcec367f52105fe8d1ba328e59b064935df5faf8f880e078b212a40183df
re0000000105,elongation / translocation / STATE_TRANSITION,elongation,Elongation_Ca2_pept0003,Elongation_Ca2_pept0003:re55,EXTRACTED_EXACT_STOICHIOMETRY,STATE_TRANSITION,"{""elRS70SBGGU0003_Pept0003tRNAGlyGCC"": 1.0}","{""Pept0003tRNAGlyGCC"": 1.0, ""RS30S"": 1.0, ""RS50S_degraded"": 1.0, ""mRNA"": 1.0}",re0000000105_k1,0.0,3.0,0,0.0,0.0,0.0,0.0,0.0,0.0,0.0,0.0,0.0,0.0,0.0,0.0,0.0,0.0,0.0,0.0,0.0,0.0,UNRESOLVED_FORMULAS_ABSENT,UNRESOLVED_BOUND_MOIETIES_NOT_ANNOTATED,STOICHIOMETRIC_PROXY_ONLY_NOT_VALIDATED_OSMOTIC_PRESSURE,UNAVAILABLE_CHARGE_PROTONATION_MG_BINDING_ABSENT,dc43bcec367f52105fe8d1ba328e59b064935df5faf8f880e078b212a40183df
re0000000106,elongation / translocation / STATE_TRANSITION,elongation,Elongation_Ca2_pept0003,Elongation_Ca2_pept0003:re56,EXTRACTED_EXACT_STOICHIOMETRY,STATE_TRANSITION,"{""elRS70SBGGU0003_Pept0003tRNAGlyGCC"": 1.0}","{""Pept0003tRNAGlyGCC"": 1.0, ""RS30S_degraded"": 1.0, ""RS50S"": 1.0, ""mRNA"": 1.0}",re0000000106_k1,0.0,3.0,0,0.0,0.0,0.0,0.0,0.0,0.0,0.0,0.0,0.0,0.0,0.0,0.0,0.0,0.0,0.0,0.0,0.0,0.0,UNRESOLVED_FORMULAS_ABSENT,UNRESOLVED_BOUND_MOIETIES_NOT_ANNOTATED,STOICHIOMETRIC_PROXY_ONLY_NOT_VALIDATED_OSMOTIC_PRESSURE,UNAVAILABLE_CHARGE_PROTONATION_MG_BINDING_ABSENT,dc43bcec367f52105fe8d1ba328e59b064935df5faf8f880e078b212a40183df
re0000000107,elongation / translocation / STATE_TRANSITION,elongation,Elongation_Ca2_pept0003,Elongation_Ca2_pept0003:re57,EXTRACTED_EXACT_STOICHIOMETRY,STATE_TRANSITION,"{""elRS70SBGGU0003_Pept0003tRNAGlyGCC_EFG_GTP"": 1.0}","{""EFG"": 1.0, ""GTP"": 1.0, ""Pept0003tRNAGlyGCC"": 1.0, ""RS30S"": 1.0, ""RS50S_degraded"": 1.0, ""mRNA"": 1.0}",re0000000107_k1,0.0,5.0,1.0,0.0,0.0,0.0,1.0,0.0,0.0,0.0,0.0,0.0,0.0,0.0,0.0,0.0,0.0,0.0,0.0,0.0,0.0,UNRESOLVED_FORMULAS_ABSENT,UNRESOLVED_BOUND_MOIETIES_NOT_ANNOTATED,STOICHIOMETRIC_PROXY_ONLY_NOT_VALIDATED_OSMOTIC_PRESSURE,UNAVAILABLE_CHARGE_PROTONATION_MG_BINDING_ABSENT,dc43bcec367f52105fe8d1ba328e59b064935df5faf8f880e078b212a40183df
re0000000108,elongation / translocation / STATE_TRANSITION,elongation,Elongation_Ca2_pept0003,Elongation_Ca2_pept0003:re58,EXTRACTED_EXACT_STOICHIOMETRY,STATE_TRANSITION,"{""elRS70SBGGU0003_Pept0003tRNAGlyGCC_EFG_GTP"": 1.0}","{""EFG"": 1.0, ""GTP"": 1.0, ""Pept0003tRNAGlyGCC"": 1.0, ""RS30S_degraded"": 1.0, ""RS50S"": 1.0, ""mRNA"": 1.0}",re0000000108_k1,0.0,5.0,1.0,0.0,0.0,0.0,1.0,0.0,0.0,0.0,0.0,0.0,0.0,0.0,0.0,0.0,0.0,0.0,0.0,0.0,0.0,UNRESOLVED_FORMULAS_ABSENT,UNRESOLVED_BOUND_MOIETIES_NOT_ANNOTATED,STOICHIOMETRIC_PROXY_ONLY_NOT_VALIDATED_OSMOTIC_PRESSURE,UNAVAILABLE_CHARGE_PROTONATION_MG_BINDING_ABSENT,dc43bcec367f52105fe8d1ba328e59b064935df5faf8f880e078b212a40183df
re0000000109,elongation / translocation / STATE_TRANSITION,elongation,Elongation_Ca2_pept0003,Elongation_Ca2_pept0003:re59,EXTRACTED_EXACT_STOICHIOMETRY,STATE_TRANSITION,"{""elRS70SBGGU0003_Pept0003tRNAGlyGCC_EFG_GTP"": 1.0}","{""EFG_degraded"": 1.0, ""GTP"": 1.0, ""Pept0003tRNAGlyGCC"": 1.0, ""RS30S"": 1.0, ""RS50S"": 1.0, ""mRNA"": 1.0}",re0000000109_k1,0.0,5.0,1.0,0.0,0.0,0.0,1.0,0.0,0.0,0.0,0.0,0.0,0.0,0.0,0.0,0.0,0.0,0.0,0.0,0.0,0.0,UNRESOLVED_FORMULAS_ABSENT,UNRESOLVED_BOUND_MOIETIES_NOT_ANNOTATED,STOICHIOMETRIC_PROXY_ONLY_NOT_VALIDATED_OSMOTIC_PRESSURE,UNAVAILABLE_CHARGE_PROTONATION_MG_BINDING_ABSENT,dc43bcec367f52105fe8d1ba328e59b064935df5faf8f880e078b212a40183df
re0000000110,elongation / translocation / STATE_TRANSITION,elongation,Elongation_Ca2_pept0003,Elongation_Ca2_pept0003:re60,EXTRACTED_EXACT_STOICHIOMETRY,STATE_TRANSITION,"{""elRS70SCUAA0004_Pept0003tRNAGlyGCC_EFG_GDP"": 1.0}","{""EFG"": 1.0, ""GDP"": 1.0, ""Pept0003tRNAGlyGCC"": 1.0, ""RS30S"": 1.0, ""RS50S_degraded"": 1.0, ""mRNA"": 1.0}",re0000000110_k1,0.0,5.0,1.0,0.0,0.0,0.0,0.0,1.0,0.0,0.0,0.0,0.0,0.0,0.0,0.0,0.0,0.0,0.0,0.0,0.0,0.0,UNRESOLVED_FORMULAS_ABSENT,UNRESOLVED_BOUND_MOIETIES_NOT_ANNOTATED,STOICHIOMETRIC_PROXY_ONLY_NOT_VALIDATED_OSMOTIC_PRESSURE,UNAVAILABLE_CHARGE_PROTONATION_MG_BINDING_ABSENT,dc43bcec367f52105fe8d1ba328e59b064935df5faf8f880e078b212a40183df
re0000000111,elongation / translocation / STATE_TRANSITION,elongation,Elongation_Ca2_pept0003,Elongation_Ca2_pept0003:re61,EXTRACTED_EXACT_STOICHIOMETRY,STATE_TRANSITION,"{""elRS70SCUAA0004_Pept0003tRNAGlyGCC_EFG_GDP"": 1.0}","{""EFG"": 1.0, ""GDP"": 1.0, ""Pept0003tRNAGlyGCC"": 1.0, ""RS30S_degraded"": 1.0, ""RS50S"": 1.0, ""mRNA"": 1.0}",re0000000111_k1,0.0,5.0,1.0,0.0,0.0,0.0,0.0,1.0,0.0,0.0,0.0,0.0,0.0,0.0,0.0,0.0,0.0,0.0,0.0,0.0,0.0,UNRESOLVED_FORMULAS_ABSENT,UNRESOLVED_BOUND_MOIETIES_NOT_ANNOTATED,STOICHIOMETRIC_PROXY_ONLY_NOT_VALIDATED_OSMOTIC_PRESSURE,UNAVAILABLE_CHARGE_PROTONATION_MG_BINDING_ABSENT,dc43bcec367f52105fe8d1ba328e59b064935df5faf8f880e078b212a40183df
re0000000112,elongation / translocation / STATE_TRANSITION,elongation,Elongation_Ca2_pept0003,Elongation_Ca2_pept0003:re62,EXTRACTED_EXACT_STOICHIOMETRY,STATE_TRANSITION,"{""elRS70SCUAA0004_Pept0003tRNAGlyGCC_EFG_GDP"": 1.0}","{""EFG_degraded"": 1.0, ""GDP"": 1.0, ""Pept0003tRNAGlyGCC"": 1.0, ""RS30S"": 1.0, ""RS50S"": 1.0, ""mRNA"": 1.0}",re0000000112_k1,0.0,5.0,1.0,0.0,0.0,0.0,0.0,1.0,0.0,0.0,0.0,0.0,0.0,0.0,0.0,0.0,0.0,0.0,0.0,0.0,0.0,UNRESOLVED_FORMULAS_ABSENT,UNRESOLVED_BOUND_MOIETIES_NOT_ANNOTATED,STOICHIOMETRIC_PROXY_ONLY_NOT_VALIDATED_OSMOTIC_PRESSURE,UNAVAILABLE_CHARGE_PROTONATION_MG_BINDING_ABSENT,dc43bcec367f52105fe8d1ba328e59b064935df5faf8f880e078b212a40183df
re0000000113,elongation / translocation / STATE_TRANSITION,elongation,Elongation_Ca2_pept0003,Elongation_Ca2_pept0003:re72,EXTRACTED_EXACT_STOICHIOMETRY,STATE_TRANSITION,"{""elRS70SBGGU0003_Pept0003tRNAGlyGCC_EFG_GDP_PO4"": 1.0}","{""EFG"": 1.0, ""GDP"": 1.0, ""PO4"": 1.0, ""Pept0003tRNAGlyGCC"": 1.0, ""RS30S"": 1.0, ""RS50S_degraded"": 1.0, ""mRNA"": 1.0}",re0000000113_k1,0.0,6.0,2.0,0.0,0.0,0.0,0.0,1.0,0.0,1.0,0.0,0.0,0.0,0.0,0.0,0.0,0.0,0.0,0.0,0.0,0.0,UNRESOLVED_FORMULAS_ABSENT,UNRESOLVED_BOUND_MOIETIES_NOT_ANNOTATED,STOICHIOMETRIC_PROXY_ONLY_NOT_VALIDATED_OSMOTIC_PRESSURE,UNAVAILABLE_CHARGE_PROTONATION_MG_BINDING_ABSENT,dc43bcec367f52105fe8d1ba328e59b064935df5faf8f880e078b212a40183df
re0000000114,elongation / translocation / STATE_TRANSITION,elongation,Elongation_Ca2_pept0003,Elongation_Ca2_pept0003:re73,EXTRACTED_EXACT_STOICHIOMETRY,STATE_TRANSITION,"{""elRS70SBGGU0003_Pept0003tRNAGlyGCC_EFG_GDP_PO4"": 1.0}","{""EFG"": 1.0, ""GDP"": 1.0, ""PO4"": 1.0, ""Pept0003tRNAGlyGCC"": 1.0, ""RS30S_degraded"": 1.0, ""RS50S"": 1.0, ""mRNA"": 1.0}",re0000000114_k1,0.0,6.0,2.0,0.0,0.0,0.0,0.0,1.0,0.0,1.0,0.0,0.0,0.0,0.0,0.0,0.0,0.0,0.0,0.0,0.0,0.0,UNRESOLVED_FORMULAS_ABSENT,UNRESOLVED_BOUND_MOIETIES_NOT_ANNOTATED,STOICHIOMETRIC_PROXY_ONLY_NOT_VALIDATED_OSMOTIC_PRESSURE,UNAVAILABLE_CHARGE_PROTONATION_MG_BINDING_ABSENT,dc43bcec367f52105fe8d1ba328e59b064935df5faf8f880e078b212a40183df
re0000000115,elongation / translocation / STATE_TRANSITION,elongation,Elongation_Ca2_pept0003,Elongation_Ca2_pept0003:re74,EXTRACTED_EXACT_STOICHIOMETRY,STATE_TRANSITION,"{""elRS70SBGGU0003_Pept0003tRNAGlyGCC_EFG_GDP_PO4"": 1.0}","{""EFG_degraded"": 1.0, ""GDP"": 1.0, ""PO4"": 1.0, ""Pept0003tRNAGlyGCC"": 1.0, ""RS30S"": 1.0, ""RS50S"": 1.0, ""mRNA"": 1.0}",re0000000115_k1,0.0,6.0,2.0,0.0,0.0,0.0,0.0,1.0,0.0,1.0,0.0,0.0,0.0,0.0,0.0,0.0,0.0,0.0,0.0,0.0,0.0,UNRESOLVED_FORMULAS_ABSENT,UNRESOLVED_BOUND_MOIETIES_NOT_ANNOTATED,STOICHIOMETRIC_PROXY_ONLY_NOT_VALIDATED_OSMOTIC_PRESSURE,UNAVAILABLE_CHARGE_PROTONATION_MG_BINDING_ABSENT,dc43bcec367f52105fe8d1ba328e59b064935df5faf8f880e078b212a40183df
re0000000116,shared chemistry / ambiguous subsystem attribution / STATE_TRANSITION,elongation;termination / ribosome recycling,Elongation_Ca2_pept0003;Termination_A_RF1;Termination_A_RF2,Elongation_Ca2_pept0003:re77;Termination_A_RF1:re207;Termination_A_RF2:re207,AMBIGUOUS_MULTIPLE_SUBSYSTEMS,STATE_TRANSITION,"{""elRS70SAUAA0004_Pept0003tRNAGlyGCC"": 1.0}","{""Pept0003tRNAGlyGCC"": 1.0, ""RS30S"": 1.0, ""RS50S_degraded"": 1.0, ""mRNA"": 1.0}",re0000000116_k1,0.0,3.0,0,0.0,0.0,0.0,0.0,0.0,0.0,0.0,0.0,0.0,0.0,0.0,0.0,0.0,0.0,0.0,0.0,0.0,0.0,UNRESOLVED_FORMULAS_ABSENT,UNRESOLVED_BOUND_MOIETIES_NOT_ANNOTATED,STOICHIOMETRIC_PROXY_ONLY_NOT_VALIDATED_OSMOTIC_PRESSURE,UNAVAILABLE_CHARGE_PROTONATION_MG_BINDING_ABSENT,dc43bcec367f52105fe8d1ba328e59b064935df5faf8f880e078b212a40183df
re0000000117,shared chemistry / ambiguous subsystem attribution / STATE_TRANSITION,elongation;termination / ribosome recycling,Elongation_Ca2_pept0003;Termination_A_RF1;Termination_A_RF2,Elongation_Ca2_pept0003:re78;Termination_A_RF1:re206;Termination_A_RF2:re206,AMBIGUOUS_MULTIPLE_SUBSYSTEMS,STATE_TRANSITION,"{""elRS70SAUAA0004_Pept0003tRNAGlyGCC"": 1.0}","{""Pept0003tRNAGlyGCC"": 1.0, ""RS30S_degraded"": 1.0, ""RS50S"": 1.0, ""mRNA"": 1.0}",re0000000117_k1,0.0,3.0,0,0.0,0.0,0.0,0.0,0.0,0.0,0.0,0.0,0.0,0.0,0.0,0.0,0.0,0.0,0.0,0.0,0.0,0.0,UNRESOLVED_FORMULAS_ABSENT,UNRESOLVED_BOUND_MOIETIES_NOT_ANNOTATED,STOICHIOMETRIC_PROXY_ONLY_NOT_VALIDATED_OSMOTIC_PRESSURE,UNAVAILABLE_CHARGE_PROTONATION_MG_BINDING_ABSENT,dc43bcec367f52105fe8d1ba328e59b064935df5faf8f880e078b212a40183df
re0000000118,elongation / translocation / HETERODIMER_ASSOCIATION,elongation,Elongation_Ca2_pept0003,Elongation_Ca2_pept0003:re79,EXTRACTED_EXACT_STOICHIOMETRY,HETERODIMER_ASSOCIATION,"{""PO4"": 1.0, ""elRS70SAGGU0003_Pept0002_EFTu_GDP_GlytRNAGlyGCC"": 1.0}","{""elRS70SAGGU0003_Pept0002_EFTu_GDP_PO4_GlytRNAGlyGCC"": 1.0}",re0000000118_k1,0.0,-1.0,-1.0,0.0,0.0,0.0,0.0,0.0,0.0,-1.0,0.0,0.0,0.0,0.0,0.0,0.0,0.0,0.0,0.0,0.0,0.0,UNRESOLVED_FORMULAS_ABSENT,UNRESOLVED_BOUND_MOIETIES_NOT_ANNOTATED,STOICHIOMETRIC_PROXY_ONLY_NOT_VALIDATED_OSMOTIC_PRESSURE,UNAVAILABLE_CHARGE_PROTONATION_MG_BINDING_ABSENT,dc43bcec367f52105fe8d1ba328e59b064935df5faf8f880e078b212a40183df
re0000000119,elongation / translocation / HETERODIMER_ASSOCIATION,elongation,Elongation_Ca2_pept0003,Elongation_Ca2_pept0003:re80,EXTRACTED_EXACT_STOICHIOMETRY,HETERODIMER_ASSOCIATION,"{""EFTu_GDP"": 1.0, ""elRS70SAGGU0003_Pept0002_GlytRNAGlyGCC"": 1.0}","{""elRS70SAGGU0003_Pept0002_EFTu_GDP_GlytRNAGlyGCC"": 1.0}",re0000000119_k1,0.0,-1.0,0,0.0,0.0,0.0,0.0,0.0,0.0,0.0,0.0,0.0,0.0,0.0,0.0,0.0,0.0,0.0,0.0,0.0,0.0,UNRESOLVED_FORMULAS_ABSENT,UNRESOLVED_BOUND_MOIETIES_NOT_ANNOTATED,STOICHIOMETRIC_PROXY_ONLY_NOT_VALIDATED_OSMOTIC_PRESSURE,UNAVAILABLE_CHARGE_PROTONATION_MG_BINDING_ABSENT,dc43bcec367f52105fe8d1ba328e59b064935df5faf8f880e078b212a40183df
re0000000120,elongation / translocation / STATE_TRANSITION,elongation,Elongation_Ca2_pept0003,Elongation_Ca2_pept0003:re81,EXTRACTED_EXACT_STOICHIOMETRY,STATE_TRANSITION,"{""elRS70SBGGU0003_Pept0003tRNAGlyGCC"": 1.0}","{""elRS70SAGGU0003_Pept0002_GlytRNAGlyGCC"": 1.0}",re0000000120_k1,0.0,0.0,0,0.0,0.0,0.0,0.0,0.0,0.0,0.0,0.0,0.0,0.0,0.0,0.0,0.0,0.0,0.0,0.0,0.0,0.0,UNRESOLVED_FORMULAS_ABSENT,UNRESOLVED_BOUND_MOIETIES_NOT_ANNOTATED,STOICHIOMETRIC_PROXY_ONLY_NOT_VALIDATED_OSMOTIC_PRESSURE,UNAVAILABLE_CHARGE_PROTONATION_MG_BINDING_ABSENT,dc43bcec367f52105fe8d1ba328e59b064935df5faf8f880e078b212a40183df
re0000000121,elongation / translocation / HETERODIMER_ASSOCIATION,elongation,Elongation_Ca2_pept0003,Elongation_Ca2_pept0003:re82,EXTRACTED_EXACT_STOICHIOMETRY,HETERODIMER_ASSOCIATION,"{""GlytRNAGlyGCC"": 1.0, ""elRS70SAGGU0003_Pept0002_EFTu_GDP"": 1.0}","{""elRS70SAGGU0003_Pept0002_EFTu_GDP_GlytRNAGlyGCC"": 1.0}",re0000000121_k1,0.0,-1.0,0,0.0,0.0,0.0,0.0,0.0,0.0,0.0,0.0,0.0,0.0,0.0,0.0,0.0,0.0,0.0,-1.0,0.0,0.0,UNRESOLVED_FORMULAS_ABSENT,UNRESOLVED_BOUND_MOIETIES_NOT_ANNOTATED,STOICHIOMETRIC_PROXY_ONLY_NOT_VALIDATED_OSMOTIC_PRESSURE,UNAVAILABLE_CHARGE_PROTONATION_MG_BINDING_ABSENT,dc43bcec367f52105fe8d1ba328e59b064935df5faf8f880e078b212a40183df
re0000000122,elongation / translocation / HETERODIMER_ASSOCIATION,elongation,Elongation_Ca2_pept0003,Elongation_Ca2_pept0003:re83,EXTRACTED_EXACT_STOICHIOMETRY,HETERODIMER_ASSOCIATION,"{""GlytRNAGlyGCC"": 1.0, ""elRS70SAGGU0003_Pept0002"": 1.0}","{""elRS70SAGGU0003_Pept0002_GlytRNAGlyGCC"": 1.0}",re0000000122_k1,0.0,-1.0,0,0.0,0.0,0.0,0.0,0.0,0.0,0.0,0.0,0.0,0.0,0.0,0.0,0.0,0.0,0.0,-1.0,0.0,0.0,UNRESOLVED_FORMULAS_ABSENT,UNRESOLVED_BOUND_MOIETIES_NOT_ANNOTATED,STOICHIOMETRIC_PROXY_ONLY_NOT_VALIDATED_OSMOTIC_PRESSURE,UNAVAILABLE_CHARGE_PROTONATION_MG_BINDING_ABSENT,dc43bcec367f52105fe8d1ba328e59b064935df5faf8f880e078b212a40183df
re0000000123,elongation / translocation / HETERODIMER_ASSOCIATION,elongation,Elongation_Ca2_pept0003,Elongation_Ca2_pept0003:re84,EXTRACTED_EXACT_STOICHIOMETRY,HETERODIMER_ASSOCIATION,"{""EFTu_GDP"": 1.0, ""elRS70SAGGU0003_Pept0002"": 1.0}","{""elRS70SAGGU0003_Pept0002_EFTu_GDP"": 1.0}",re0000000123_k1,0.0,-1.0,0,0.0,0.0,0.0,0.0,0.0,0.0,0.0,0.0,0.0,0.0,0.0,0.0,0.0,0.0,0.0,0.0,0.0,0.0,UNRESOLVED_FORMULAS_ABSENT,UNRESOLVED_BOUND_MOIETIES_NOT_ANNOTATED,STOICHIOMETRIC_PROXY_ONLY_NOT_VALIDATED_OSMOTIC_PRESSURE,UNAVAILABLE_CHARGE_PROTONATION_MG_BINDING_ABSENT,dc43bcec367f52105fe8d1ba328e59b064935df5faf8f880e078b212a40183df
re0000000124,elongation / translocation / HETERODIMER_ASSOCIATION,elongation,Elongation_Ca2_pept0003,Elongation_Ca2_pept0003:re85,EXTRACTED_EXACT_STOICHIOMETRY,HETERODIMER_ASSOCIATION,"{""PO4"": 1.0, ""elRS70SCUAA0004_Pept0003tRNAGlyGCC_EFG_GDP"": 1.0}","{""elRS70SBGGU0003_Pept0003tRNAGlyGCC_EFG_GDP_PO4"": 1.0}",re0000000124_k1,0.0,-1.0,-1.0,0.0,0.0,0.0,0.0,0.0,0.0,-1.0,0.0,0.0,0.0,0.0,0.0,0.0,0.0,0.0,0.0,0.0,0.0,UNRESOLVED_FORMULAS_ABSENT,UNRESOLVED_BOUND_MOIETIES_NOT_ANNOTATED,STOICHIOMETRIC_PROXY_ONLY_NOT_VALIDATED_OSMOTIC_PRESSURE,UNAVAILABLE_CHARGE_PROTONATION_MG_BINDING_ABSENT,dc43bcec367f52105fe8d1ba328e59b064935df5faf8f880e078b212a40183df
re0000000125,elongation / translocation / HETERODIMER_ASSOCIATION,elongation,Elongation_Ca2_pept0003,Elongation_Ca2_pept0003:re86,EXTRACTED_EXACT_STOICHIOMETRY,HETERODIMER_ASSOCIATION,"{""EFG_GDP"": 1.0, ""elRS70SAUAA0004_Pept0003tRNAGlyGCC"": 1.0}","{""elRS70SCUAA0004_Pept0003tRNAGlyGCC_EFG_GDP"": 1.0}",re0000000125_k1,0.0,-1.0,0,0.0,0.0,0.0,0.0,0.0,0.0,0.0,0.0,0.0,0.0,0.0,0.0,0.0,0.0,0.0,0.0,0.0,0.0,UNRESOLVED_FORMULAS_ABSENT,UNRESOLVED_BOUND_MOIETIES_NOT_ANNOTATED,STOICHIOMETRIC_PROXY_ONLY_NOT_VALIDATED_OSMOTIC_PRESSURE,UNAVAILABLE_CHARGE_PROTONATION_MG_BINDING_ABSENT,dc43bcec367f52105fe8d1ba328e59b064935df5faf8f880e078b212a40183df
re0000000126,amino acid activation / aminoacyl-adenylate / HETERODIMER_ASSOCIATION,aminoacylation,Aminoacylation_A_Gly,Aminoacylation_A_Gly:re1,EXTRACTED_EXACT_STOICHIOMETRY,HETERODIMER_ASSOCIATION,"{""Gly"": 1.0, ""GlyRS"": 1.0}","{""GlyRS_Gly"": 1.0}",re0000000126_k1,20.0,-1.0,-1.0,0.0,0.0,0.0,0.0,0.0,0.0,0.0,0.0,0.0,0.0,-1.0,0.0,0.0,0.0,0.0,0.0,0.0,0.0,UNRESOLVED_FORMULAS_ABSENT,UNRESOLVED_BOUND_MOIETIES_NOT_ANNOTATED,STOICHIOMETRIC_PROXY_ONLY_NOT_VALIDATED_OSMOTIC_PRESSURE,UNAVAILABLE_CHARGE_PROTONATION_MG_BINDING_ABSENT,dc43bcec367f52105fe8d1ba328e59b064935df5faf8f880e078b212a40183df
re0000000127,amino acid activation / aminoacyl-adenylate / DISSOCIATION,aminoacylation,Aminoacylation_A_Gly,Aminoacylation_A_Gly:re3,EXTRACTED_EXACT_STOICHIOMETRY,DISSOCIATION,"{""GlyRS_GlyAMP_PPi"": 1.0}","{""GlyRS_GlyAMP"": 1.0, ""PPi"": 1.0}",re0000000127_k1,1000.0,1.0,1.0,0.0,0.0,0.0,0.0,0.0,0.0,0.0,1.0,0.0,0.0,0.0,0.0,0.0,0.0,0.0,0.0,0.0,0.0,UNRESOLVED_FORMULAS_ABSENT,UNRESOLVED_BOUND_MOIETIES_NOT_ANNOTATED,STOICHIOMETRIC_PROXY_ONLY_NOT_VALIDATED_OSMOTIC_PRESSURE,UNAVAILABLE_CHARGE_PROTONATION_MG_BINDING_ABSENT,dc43bcec367f52105fe8d1ba328e59b064935df5faf8f880e078b212a40183df
re0000000128,amino acid activation / aminoacyl-adenylate / STATE_TRANSITION,aminoacylation,Aminoacylation_A_Gly,Aminoacylation_A_Gly:re12,EXTRACTED_EXACT_STOICHIOMETRY,STATE_TRANSITION,"{""GlyRS"": 1.0}","{""GlyRS_degraded"": 1.0}",re0000000128_k1,0.0,0.0,0,0.0,0.0,0.0,0.0,0.0,0.0,0.0,0.0,0.0,0.0,0.0,0.0,0.0,0.0,0.0,0.0,0.0,0.0,UNRESOLVED_FORMULAS_ABSENT,UNRESOLVED_BOUND_MOIETIES_NOT_ANNOTATED,STOICHIOMETRIC_PROXY_ONLY_NOT_VALIDATED_OSMOTIC_PRESSURE,UNAVAILABLE_CHARGE_PROTONATION_MG_BINDING_ABSENT,dc43bcec367f52105fe8d1ba328e59b064935df5faf8f880e078b212a40183df
re0000000129,amino acid activation / aminoacyl-adenylate / STATE_TRANSITION,aminoacylation,Aminoacylation_A_Gly,Aminoacylation_A_Gly:re15,EXTRACTED_EXACT_STOICHIOMETRY,STATE_TRANSITION,"{""GlyRS_Gly_ATP"": 1.0}","{""ATP"": 1.0, ""Gly"": 1.0, ""GlyRS_degraded"": 1.0}",re0000000129_k1,0.0,2.0,2.0,1.0,0.0,0.0,0.0,0.0,0.0,0.0,0.0,0.0,0.0,1.0,0.0,0.0,0.0,0.0,0.0,0.0,0.0,UNRESOLVED_FORMULAS_ABSENT,UNRESOLVED_BOUND_MOIETIES_NOT_ANNOTATED,STOICHIOMETRIC_PROXY_ONLY_NOT_VALIDATED_OSMOTIC_PRESSURE,UNAVAILABLE_CHARGE_PROTONATION_MG_BINDING_ABSENT,dc43bcec367f52105fe8d1ba328e59b064935df5faf8f880e078b212a40183df
re0000000130,amino acid activation / aminoacyl-adenylate / STATE_TRANSITION,aminoacylation,Aminoacylation_A_Gly,Aminoacylation_A_Gly:re16,EXTRACTED_EXACT_STOICHIOMETRY,STATE_TRANSITION,"{""GlyRS_GlyAMP"": 1.0}","{""GlyAMP"": 1.0, ""GlyRS_degraded"": 1.0}",re0000000130_k1,0.0,1.0,0,0.0,0.0,0.0,0.0,0.0,0.0,0.0,0.0,0.0,0.0,0.0,0.0,0.0,0.0,0.0,0.0,0.0,0.0,UNRESOLVED_FORMULAS_ABSENT,UNRESOLVED_BOUND_MOIETIES_NOT_ANNOTATED,STOICHIOMETRIC_PROXY_ONLY_NOT_VALIDATED_OSMOTIC_PRESSURE,UNAVAILABLE_CHARGE_PROTONATION_MG_BINDING_ABSENT,dc43bcec367f52105fe8d1ba328e59b064935df5faf8f880e078b212a40183df
re0000000131,amino acid activation / aminoacyl-adenylate / DISSOCIATION,aminoacylation,Aminoacylation_A_Gly,Aminoacylation_A_Gly:re21,EXTRACTED_EXACT_STOICHIOMETRY,DISSOCIATION,"{""GlyRS_Gly"": 1.0}","{""Gly"": 1.0, ""GlyRS"": 1.0}",re0000000131_k1,470.0,1.0,1.0,0.0,0.0,0.0,0.0,0.0,0.0,0.0,0.0,0.0,0.0,1.0,0.0,0.0,0.0,0.0,0.0,0.0,0.0,UNRESOLVED_FORMULAS_ABSENT,UNRESOLVED_BOUND_MOIETIES_NOT_ANNOTATED,STOICHIOMETRIC_PROXY_ONLY_NOT_VALIDATED_OSMOTIC_PRESSURE,UNAVAILABLE_CHARGE_PROTONATION_MG_BINDING_ABSENT,dc43bcec367f52105fe8d1ba328e59b064935df5faf8f880e078b212a40183df
re0000000132,amino acid activation / aminoacyl-adenylate / HETERODIMER_ASSOCIATION,aminoacylation,Aminoacylation_A_Gly,Aminoacylation_A_Gly:re26,EXTRACTED_EXACT_STOICHIOMETRY,HETERODIMER_ASSOCIATION,"{""ATP"": 1.0, ""GlyRS"": 1.0}","{""GlyRS_ATP"": 1.0}",re0000000132_k1,10.0,-1.0,-1.0,-1.0,0.0,0.0,0.0,0.0,0.0,0.0,0.0,0.0,0.0,0.0,0.0,0.0,0.0,0.0,0.0,0.0,0.0,UNRESOLVED_FORMULAS_ABSENT,UNRESOLVED_BOUND_MOIETIES_NOT_ANNOTATED,STOICHIOMETRIC_PROXY_ONLY_NOT_VALIDATED_OSMOTIC_PRESSURE,UNAVAILABLE_CHARGE_PROTONATION_MG_BINDING_ABSENT,dc43bcec367f52105fe8d1ba328e59b064935df5faf8f880e078b212a40183df
re0000000133,amino acid activation / aminoacyl-adenylate / DISSOCIATION,aminoacylation,Aminoacylation_A_Gly,Aminoacylation_A_Gly:re27,EXTRACTED_EXACT_STOICHIOMETRY,DISSOCIATION,"{""GlyRS_ATP"": 1.0}","{""ATP"": 1.0, ""GlyRS"": 1.0}",re0000000133_k1,8900.0,1.0,1.0,1.0,0.0,0.0,0.0,0.0,0.0,0.0,0.0,0.0,0.0,0.0,0.0,0.0,0.0,0.0,0.0,0.0,0.0,UNRESOLVED_FORMULAS_ABSENT,UNRESOLVED_BOUND_MOIETIES_NOT_ANNOTATED,STOICHIOMETRIC_PROXY_ONLY_NOT_VALIDATED_OSMOTIC_PRESSURE,UNAVAILABLE_CHARGE_PROTONATION_MG_BINDING_ABSENT,dc43bcec367f52105fe8d1ba328e59b064935df5faf8f880e078b212a40183df
re0000000134,amino acid activation / aminoacyl-adenylate / HETERODIMER_ASSOCIATION,aminoacylation,Aminoacylation_A_Gly,Aminoacylation_A_Gly:re28,EXTRACTED_EXACT_STOICHIOMETRY,HETERODIMER_ASSOCIATION,"{""Gly"": 1.0, ""GlyRS_ATP"": 1.0}","{""GlyRS_Gly_ATP"": 1.0}",re0000000134_k1,0.024,-1.0,-1.0,0.0,0.0,0.0,0.0,0.0,0.0,0.0,0.0,0.0,0.0,-1.0,0.0,0.0,0.0,0.0,0.0,0.0,0.0,UNRESOLVED_FORMULAS_ABSENT,UNRESOLVED_BOUND_MOIETIES_NOT_ANNOTATED,STOICHIOMETRIC_PROXY_ONLY_NOT_VALIDATED_OSMOTIC_PRESSURE,UNAVAILABLE_CHARGE_PROTONATION_MG_BINDING_ABSENT,dc43bcec367f52105fe8d1ba328e59b064935df5faf8f880e078b212a40183df
re0000000135,amino acid activation / aminoacyl-adenylate / DISSOCIATION,aminoacylation,Aminoacylation_A_Gly,Aminoacylation_A_Gly:re29,EXTRACTED_EXACT_STOICHIOMETRY,DISSOCIATION,"{""GlyRS_Gly_ATP"": 1.0}","{""Gly"": 1.0, ""GlyRS_ATP"": 1.0}",re0000000135_k1,3.2,1.0,1.0,0.0,0.0,0.0,0.0,0.0,0.0,0.0,0.0,0.0,0.0,1.0,0.0,0.0,0.0,0.0,0.0,0.0,0.0,UNRESOLVED_FORMULAS_ABSENT,UNRESOLVED_BOUND_MOIETIES_NOT_ANNOTATED,STOICHIOMETRIC_PROXY_ONLY_NOT_VALIDATED_OSMOTIC_PRESSURE,UNAVAILABLE_CHARGE_PROTONATION_MG_BINDING_ABSENT,dc43bcec367f52105fe8d1ba328e59b064935df5faf8f880e078b212a40183df
re0000000136,amino acid activation / aminoacyl-adenylate / HETERODIMER_ASSOCIATION,aminoacylation,Aminoacylation_A_Gly,Aminoacylation_A_Gly:re30,EXTRACTED_EXACT_STOICHIOMETRY,HETERODIMER_ASSOCIATION,"{""ATP"": 1.0, ""GlyRS_Gly"": 1.0}","{""GlyRS_Gly_ATP"": 1.0}",re0000000136_k1,10.0,-1.0,-1.0,-1.0,0.0,0.0,0.0,0.0,0.0,0.0,0.0,0.0,0.0,0.0,0.0,0.0,0.0,0.0,0.0,0.0,0.0,UNRESOLVED_FORMULAS_ABSENT,UNRESOLVED_BOUND_MOIETIES_NOT_ANNOTATED,STOICHIOMETRIC_PROXY_ONLY_NOT_VALIDATED_OSMOTIC_PRESSURE,UNAVAILABLE_CHARGE_PROTONATION_MG_BINDING_ABSENT,dc43bcec367f52105fe8d1ba328e59b064935df5faf8f880e078b212a40183df
re0000000137,amino acid activation / aminoacyl-adenylate / DISSOCIATION,aminoacylation,Aminoacylation_A_Gly,Aminoacylation_A_Gly:re31,EXTRACTED_EXACT_STOICHIOMETRY,DISSOCIATION,"{""GlyRS_Gly_ATP"": 1.0}","{""ATP"": 1.0, ""GlyRS_Gly"": 1.0}",re0000000137_k1,4500.0,1.0,1.0,1.0,0.0,0.0,0.0,0.0,0.0,0.0,0.0,0.0,0.0,0.0,0.0,0.0,0.0,0.0,0.0,0.0,0.0,UNRESOLVED_FORMULAS_ABSENT,UNRESOLVED_BOUND_MOIETIES_NOT_ANNOTATED,STOICHIOMETRIC_PROXY_ONLY_NOT_VALIDATED_OSMOTIC_PRESSURE,UNAVAILABLE_CHARGE_PROTONATION_MG_BINDING_ABSENT,dc43bcec367f52105fe8d1ba328e59b064935df5faf8f880e078b212a40183df
re0000000138,amino acid activation / aminoacyl-adenylate / STATE_TRANSITION,aminoacylation,Aminoacylation_A_Gly,Aminoacylation_A_Gly:re32,EXTRACTED_EXACT_STOICHIOMETRY,STATE_TRANSITION,"{""GlyRS_ATP"": 1.0}","{""ATP"": 1.0, ""GlyRS_degraded"": 1.0}",re0000000138_k1,0.0,1.0,1.0,1.0,0.0,0.0,0.0,0.0,0.0,0.0,0.0,0.0,0.0,0.0,0.0,0.0,0.0,0.0,0.0,0.0,0.0,UNRESOLVED_FORMULAS_ABSENT,UNRESOLVED_BOUND_MOIETIES_NOT_ANNOTATED,STOICHIOMETRIC_PROXY_ONLY_NOT_VALIDATED_OSMOTIC_PRESSURE,UNAVAILABLE_CHARGE_PROTONATION_MG_BINDING_ABSENT,dc43bcec367f52105fe8d1ba328e59b064935df5faf8f880e078b212a40183df
re0000000139,amino acid activation / aminoacyl-adenylate / STATE_TRANSITION,aminoacylation,Aminoacylation_A_Gly,Aminoacylation_A_Gly:re33,EXTRACTED_EXACT_STOICHIOMETRY,STATE_TRANSITION,"{""GlyRS_Gly"": 1.0}","{""Gly"": 1.0, ""GlyRS_degraded"": 1.0}",re0000000139_k1,0.0,1.0,1.0,0.0,0.0,0.0,0.0,0.0,0.0,0.0,0.0,0.0,0.0,1.0,0.0,0.0,0.0,0.0,0.0,0.0,0.0,UNRESOLVED_FORMULAS_ABSENT,UNRESOLVED_BOUND_MOIETIES_NOT_ANNOTATED,STOICHIOMETRIC_PROXY_ONLY_NOT_VALIDATED_OSMOTIC_PRESSURE,UNAVAILABLE_CHARGE_PROTONATION_MG_BINDING_ABSENT,dc43bcec367f52105fe8d1ba328e59b064935df5faf8f880e078b212a40183df
re0000000140,amino acid activation / aminoacyl-adenylate / STATE_TRANSITION,aminoacylation,Aminoacylation_A_Gly,Aminoacylation_A_Gly:re34,EXTRACTED_EXACT_STOICHIOMETRY,STATE_TRANSITION,"{""GlyRS_Gly_ATP"": 1.0}","{""GlyRS_GlyAMP_PPi"": 1.0}",re0000000140_k1,29.0,0.0,0,0.0,0.0,0.0,0.0,0.0,0.0,0.0,0.0,0.0,0.0,0.0,0.0,0.0,0.0,0.0,0.0,0.0,0.0,UNRESOLVED_FORMULAS_ABSENT,UNRESOLVED_BOUND_MOIETIES_NOT_ANNOTATED,STOICHIOMETRIC_PROXY_ONLY_NOT_VALIDATED_OSMOTIC_PRESSURE,UNAVAILABLE_CHARGE_PROTONATION_MG_BINDING_ABSENT,dc43bcec367f52105fe8d1ba328e59b064935df5faf8f880e078b212a40183df
re0000000141,amino acid activation / aminoacyl-adenylate / STATE_TRANSITION,aminoacylation,Aminoacylation_A_Gly,Aminoacylation_A_Gly:re35,EXTRACTED_EXACT_STOICHIOMETRY,STATE_TRANSITION,"{""GlyRS_GlyAMP_PPi"": 1.0}","{""GlyRS_Gly_ATP"": 1.0}",re0000000141_k1,47.0,0.0,0,0.0,0.0,0.0,0.0,0.0,0.0,0.0,0.0,0.0,0.0,0.0,0.0,0.0,0.0,0.0,0.0,0.0,0.0,UNRESOLVED_FORMULAS_ABSENT,UNRESOLVED_BOUND_MOIETIES_NOT_ANNOTATED,STOICHIOMETRIC_PROXY_ONLY_NOT_VALIDATED_OSMOTIC_PRESSURE,UNAVAILABLE_CHARGE_PROTONATION_MG_BINDING_ABSENT,dc43bcec367f52105fe8d1ba328e59b064935df5faf8f880e078b212a40183df
re0000000142,amino acid activation / aminoacyl-adenylate / STATE_TRANSITION,aminoacylation,Aminoacylation_A_Gly,Aminoacylation_A_Gly:re36,EXTRACTED_EXACT_STOICHIOMETRY,STATE_TRANSITION,"{""GlyRS_GlyAMP_PPi"": 1.0}","{""GlyAMP"": 1.0, ""GlyRS_degraded"": 1.0, ""PPi"": 1.0}",re0000000142_k1,0.0,2.0,1.0,0.0,0.0,0.0,0.0,0.0,0.0,0.0,1.0,0.0,0.0,0.0,0.0,0.0,0.0,0.0,0.0,0.0,0.0,UNRESOLVED_FORMULAS_ABSENT,UNRESOLVED_BOUND_MOIETIES_NOT_ANNOTATED,STOICHIOMETRIC_PROXY_ONLY_NOT_VALIDATED_OSMOTIC_PRESSURE,UNAVAILABLE_CHARGE_PROTONATION_MG_BINDING_ABSENT,dc43bcec367f52105fe8d1ba328e59b064935df5faf8f880e078b212a40183df
re0000000143,amino acid activation / aminoacyl-adenylate / DISSOCIATION,aminoacylation,Aminoacylation_A_Gly,Aminoacylation_A_Gly:re37,EXTRACTED_EXACT_STOICHIOMETRY,DISSOCIATION,"{""GlyAMP"": 1.0}","{""AMP"": 1.0, ""Gly"": 1.0}",re0000000143_k1,0.0,1.0,2.0,0.0,0.0,1.0,0.0,0.0,0.0,0.0,0.0,0.0,0.0,1.0,0.0,0.0,0.0,0.0,0.0,0.0,0.0,UNRESOLVED_FORMULAS_ABSENT,UNRESOLVED_BOUND_MOIETIES_NOT_ANNOTATED,STOICHIOMETRIC_PROXY_ONLY_NOT_VALIDATED_OSMOTIC_PRESSURE,UNAVAILABLE_CHARGE_PROTONATION_MG_BINDING_ABSENT,dc43bcec367f52105fe8d1ba328e59b064935df5faf8f880e078b212a40183df
re0000000144,amino acid activation / aminoacyl-adenylate / STATE_TRANSITION,aminoacylation,Aminoacylation_A_Gly,Aminoacylation_A_Gly:re52,EXTRACTED_EXACT_STOICHIOMETRY,STATE_TRANSITION,"{""GlyRS_AMP"": 1.0}","{""AMP"": 1.0, ""GlyRS_degraded"": 1.0}",re0000000144_k1,0.0,1.0,1.0,0.0,0.0,1.0,0.0,0.0,0.0,0.0,0.0,0.0,0.0,0.0,0.0,0.0,0.0,0.0,0.0,0.0,0.0,UNRESOLVED_FORMULAS_ABSENT,UNRESOLVED_BOUND_MOIETIES_NOT_ANNOTATED,STOICHIOMETRIC_PROXY_ONLY_NOT_VALIDATED_OSMOTIC_PRESSURE,UNAVAILABLE_CHARGE_PROTONATION_MG_BINDING_ABSENT,dc43bcec367f52105fe8d1ba328e59b064935df5faf8f880e078b212a40183df
re0000000145,amino acid activation / aminoacyl-adenylate / DISSOCIATION,aminoacylation,Aminoacylation_A_Gly,Aminoacylation_A_Gly:re77,EXTRACTED_EXACT_STOICHIOMETRY,DISSOCIATION,"{""GlyRS_AMP"": 1.0}","{""AMP"": 1.0, ""GlyRS"": 1.0}",re0000000145_k1,1000.0,1.0,1.0,0.0,0.0,1.0,0.0,0.0,0.0,0.0,0.0,0.0,0.0,0.0,0.0,0.0,0.0,0.0,0.0,0.0,0.0,UNRESOLVED_FORMULAS_ABSENT,UNRESOLVED_BOUND_MOIETIES_NOT_ANNOTATED,STOICHIOMETRIC_PROXY_ONLY_NOT_VALIDATED_OSMOTIC_PRESSURE,UNAVAILABLE_CHARGE_PROTONATION_MG_BINDING_ABSENT,dc43bcec367f52105fe8d1ba328e59b064935df5faf8f880e078b212a40183df
re0000000146,amino acid activation / aminoacyl-adenylate / HETERODIMER_ASSOCIATION,aminoacylation,Aminoacylation_A_Gly,Aminoacylation_A_Gly:re78,EXTRACTED_EXACT_STOICHIOMETRY,HETERODIMER_ASSOCIATION,"{""AMP"": 1.0, ""GlyRS"": 1.0}","{""GlyRS_AMP"": 1.0}",re0000000146_k1,0.0,-1.0,-1.0,0.0,0.0,-1.0,0.0,0.0,0.0,0.0,0.0,0.0,0.0,0.0,0.0,0.0,0.0,0.0,0.0,0.0,0.0,UNRESOLVED_FORMULAS_ABSENT,UNRESOLVED_BOUND_MOIETIES_NOT_ANNOTATED,STOICHIOMETRIC_PROXY_ONLY_NOT_VALIDATED_OSMOTIC_PRESSURE,UNAVAILABLE_CHARGE_PROTONATION_MG_BINDING_ABSENT,dc43bcec367f52105fe8d1ba328e59b064935df5faf8f880e078b212a40183df
re0000000147,amino acid activation / aminoacyl-adenylate / DISSOCIATION,aminoacylation,Aminoacylation_A_Gly,Aminoacylation_A_Gly:re85,EXTRACTED_EXACT_STOICHIOMETRY,DISSOCIATION,"{""GlyRS_GlyAMP"": 1.0}","{""GlyAMP"": 1.0, ""GlyRS"": 1.0}",re0000000147_k1,0.07,1.0,0,0.0,0.0,0.0,0.0,0.0,0.0,0.0,0.0,0.0,0.0,0.0,0.0,0.0,0.0,0.0,0.0,0.0,0.0,UNRESOLVED_FORMULAS_ABSENT,UNRESOLVED_BOUND_MOIETIES_NOT_ANNOTATED,STOICHIOMETRIC_PROXY_ONLY_NOT_VALIDATED_OSMOTIC_PRESSURE,UNAVAILABLE_CHARGE_PROTONATION_MG_BINDING_ABSENT,dc43bcec367f52105fe8d1ba328e59b064935df5faf8f880e078b212a40183df
re0000000148,amino acid activation / aminoacyl-adenylate / HETERODIMER_ASSOCIATION,aminoacylation,Aminoacylation_A_Gly,Aminoacylation_A_Gly:re86,EXTRACTED_EXACT_STOICHIOMETRY,HETERODIMER_ASSOCIATION,"{""GlyAMP"": 1.0, ""GlyRS"": 1.0}","{""GlyRS_GlyAMP"": 1.0}",re0000000148_k1,2.4,-1.0,0,0.0,0.0,0.0,0.0,0.0,0.0,0.0,0.0,0.0,0.0,0.0,0.0,0.0,0.0,0.0,0.0,0.0,0.0,UNRESOLVED_FORMULAS_ABSENT,UNRESOLVED_BOUND_MOIETIES_NOT_ANNOTATED,STOICHIOMETRIC_PROXY_ONLY_NOT_VALIDATED_OSMOTIC_PRESSURE,UNAVAILABLE_CHARGE_PROTONATION_MG_BINDING_ABSENT,dc43bcec367f52105fe8d1ba328e59b064935df5faf8f880e078b212a40183df
re0000000149,amino acid activation / aminoacyl-adenylate / HETERODIMER_ASSOCIATION,aminoacylation,Aminoacylation_A_Gly,Aminoacylation_A_Gly:re87,EXTRACTED_EXACT_STOICHIOMETRY,HETERODIMER_ASSOCIATION,"{""AMP"": 1.0, ""Gly"": 1.0}","{""GlyAMP"": 1.0}",re0000000149_k1,0.0,-1.0,-2.0,0.0,0.0,-1.0,0.0,0.0,0.0,0.0,0.0,0.0,0.0,-1.0,0.0,0.0,0.0,0.0,0.0,0.0,0.0,UNRESOLVED_FORMULAS_ABSENT,UNRESOLVED_BOUND_MOIETIES_NOT_ANNOTATED,STOICHIOMETRIC_PROXY_ONLY_NOT_VALIDATED_OSMOTIC_PRESSURE,UNAVAILABLE_CHARGE_PROTONATION_MG_BINDING_ABSENT,dc43bcec367f52105fe8d1ba328e59b064935df5faf8f880e078b212a40183df
re0000000150,amino acid activation / aminoacyl-adenylate / HETERODIMER_ASSOCIATION,aminoacylation,Aminoacylation_A_Gly,Aminoacylation_A_Gly:re88,EXTRACTED_EXACT_STOICHIOMETRY,HETERODIMER_ASSOCIATION,"{""GlyRS_GlyAMP"": 1.0, ""PPi"": 1.0}","{""GlyRS_GlyAMP_PPi"": 1.0}",re0000000150_k1,0.0,-1.0,-1.0,0.0,0.0,0.0,0.0,0.0,0.0,0.0,-1.0,0.0,0.0,0.0,0.0,0.0,0.0,0.0,0.0,0.0,0.0,UNRESOLVED_FORMULAS_ABSENT,UNRESOLVED_BOUND_MOIETIES_NOT_ANNOTATED,STOICHIOMETRIC_PROXY_ONLY_NOT_VALIDATED_OSMOTIC_PRESSURE,UNAVAILABLE_CHARGE_PROTONATION_MG_BINDING_ABSENT,dc43bcec367f52105fe8d1ba328e59b064935df5faf8f880e078b212a40183df
re0000000151,amino acid activation / aminoacyl-adenylate / HETERODIMER_ASSOCIATION,aminoacylation,Aminoacylation_A_Met,Aminoacylation_A_Met:re1,EXTRACTED_EXACT_STOICHIOMETRY,HETERODIMER_ASSOCIATION,"{""Met"": 1.0, ""MetRS"": 1.0}","{""MetRS_Met"": 1.0}",re0000000151_k1,5.0,-1.0,-1.0,0.0,0.0,0.0,0.0,0.0,0.0,0.0,0.0,0.0,0.0,0.0,-1.0,0.0,0.0,0.0,0.0,0.0,0.0,UNRESOLVED_FORMULAS_ABSENT,UNRESOLVED_BOUND_MOIETIES_NOT_ANNOTATED,STOICHIOMETRIC_PROXY_ONLY_NOT_VALIDATED_OSMOTIC_PRESSURE,UNAVAILABLE_CHARGE_PROTONATION_MG_BINDING_ABSENT,dc43bcec367f52105fe8d1ba328e59b064935df5faf8f880e078b212a40183df
re0000000152,amino acid activation / aminoacyl-adenylate / DISSOCIATION,aminoacylation,Aminoacylation_A_Met,Aminoacylation_A_Met:re3,EXTRACTED_EXACT_STOICHIOMETRY,DISSOCIATION,"{""MetRS_MetAMP_PPi"": 1.0}","{""MetRS_MetAMP"": 1.0, ""PPi"": 1.0}",re0000000152_k1,1000.0,1.0,1.0,0.0,0.0,0.0,0.0,0.0,0.0,0.0,1.0,0.0,0.0,0.0,0.0,0.0,0.0,0.0,0.0,0.0,0.0,UNRESOLVED_FORMULAS_ABSENT,UNRESOLVED_BOUND_MOIETIES_NOT_ANNOTATED,STOICHIOMETRIC_PROXY_ONLY_NOT_VALIDATED_OSMOTIC_PRESSURE,UNAVAILABLE_CHARGE_PROTONATION_MG_BINDING_ABSENT,dc43bcec367f52105fe8d1ba328e59b064935df5faf8f880e078b212a40183df
re0000000153,amino acid activation / aminoacyl-adenylate / STATE_TRANSITION,aminoacylation,Aminoacylation_A_Met,Aminoacylation_A_Met:re12,EXTRACTED_EXACT_STOICHIOMETRY,STATE_TRANSITION,"{""MetRS"": 1.0}","{""MetRS_degraded"": 1.0}",re0000000153_k1,0.0,0.0,0,0.0,0.0,0.0,0.0,0.0,0.0,0.0,0.0,0.0,0.0,0.0,0.0,0.0,0.0,0.0,0.0,0.0,0.0,UNRESOLVED_FORMULAS_ABSENT,UNRESOLVED_BOUND_MOIETIES_NOT_ANNOTATED,STOICHIOMETRIC_PROXY_ONLY_NOT_VALIDATED_OSMOTIC_PRESSURE,UNAVAILABLE_CHARGE_PROTONATION_MG_BINDING_ABSENT,dc43bcec367f52105fe8d1ba328e59b064935df5faf8f880e078b212a40183df
re0000000154,amino acid activation / aminoacyl-adenylate / STATE_TRANSITION,aminoacylation,Aminoacylation_A_Met,Aminoacylation_A_Met:re15,EXTRACTED_EXACT_STOICHIOMETRY,STATE_TRANSITION,"{""MetRS_Met_ATP"": 1.0}","{""ATP"": 1.0, ""Met"": 1.0, ""MetRS_degraded"": 1.0}",re0000000154_k1,0.0,2.0,2.0,1.0,0.0,0.0,0.0,0.0,0.0,0.0,0.0,0.0,0.0,0.0,1.0,0.0,0.0,0.0,0.0,0.0,0.0,UNRESOLVED_FORMULAS_ABSENT,UNRESOLVED_BOUND_MOIETIES_NOT_ANNOTATED,STOICHIOMETRIC_PROXY_ONLY_NOT_VALIDATED_OSMOTIC_PRESSURE,UNAVAILABLE_CHARGE_PROTONATION_MG_BINDING_ABSENT,dc43bcec367f52105fe8d1ba328e59b064935df5faf8f880e078b212a40183df
re0000000155,amino acid activation / aminoacyl-adenylate / STATE_TRANSITION,aminoacylation,Aminoacylation_A_Met,Aminoacylation_A_Met:re16,EXTRACTED_EXACT_STOICHIOMETRY,STATE_TRANSITION,"{""MetRS_MetAMP"": 1.0}","{""MetAMP"": 1.0, ""MetRS_degraded"": 1.0}",re0000000155_k1,0.0,1.0,0,0.0,0.0,0.0,0.0,0.0,0.0,0.0,0.0,0.0,0.0,0.0,0.0,0.0,0.0,0.0,0.0,0.0,0.0,UNRESOLVED_FORMULAS_ABSENT,UNRESOLVED_BOUND_MOIETIES_NOT_ANNOTATED,STOICHIOMETRIC_PROXY_ONLY_NOT_VALIDATED_OSMOTIC_PRESSURE,UNAVAILABLE_CHARGE_PROTONATION_MG_BINDING_ABSENT,dc43bcec367f52105fe8d1ba328e59b064935df5faf8f880e078b212a40183df
re0000000156,amino acid activation / aminoacyl-adenylate / DISSOCIATION,aminoacylation,Aminoacylation_A_Met,Aminoacylation_A_Met:re21,EXTRACTED_EXACT_STOICHIOMETRY,DISSOCIATION,"{""MetRS_Met"": 1.0}","{""Met"": 1.0, ""MetRS"": 1.0}",re0000000156_k1,350.0,1.0,1.0,0.0,0.0,0.0,0.0,0.0,0.0,0.0,0.0,0.0,0.0,0.0,1.0,0.0,0.0,0.0,0.0,0.0,0.0,UNRESOLVED_FORMULAS_ABSENT,UNRESOLVED_BOUND_MOIETIES_NOT_ANNOTATED,STOICHIOMETRIC_PROXY_ONLY_NOT_VALIDATED_OSMOTIC_PRESSURE,UNAVAILABLE_CHARGE_PROTONATION_MG_BINDING_ABSENT,dc43bcec367f52105fe8d1ba328e59b064935df5faf8f880e078b212a40183df
re0000000157,amino acid activation / aminoacyl-adenylate / HETERODIMER_ASSOCIATION,aminoacylation,Aminoacylation_A_Met,Aminoacylation_A_Met:re26,EXTRACTED_EXACT_STOICHIOMETRY,HETERODIMER_ASSOCIATION,"{""ATP"": 1.0, ""MetRS"": 1.0}","{""MetRS_ATP"": 1.0}",re0000000157_k1,10.0,-1.0,-1.0,-1.0,0.0,0.0,0.0,0.0,0.0,0.0,0.0,0.0,0.0,0.0,0.0,0.0,0.0,0.0,0.0,0.0,0.0,UNRESOLVED_FORMULAS_ABSENT,UNRESOLVED_BOUND_MOIETIES_NOT_ANNOTATED,STOICHIOMETRIC_PROXY_ONLY_NOT_VALIDATED_OSMOTIC_PRESSURE,UNAVAILABLE_CHARGE_PROTONATION_MG_BINDING_ABSENT,dc43bcec367f52105fe8d1ba328e59b064935df5faf8f880e078b212a40183df
re0000000158,amino acid activation / aminoacyl-adenylate / DISSOCIATION,aminoacylation,Aminoacylation_A_Met,Aminoacylation_A_Met:re27,EXTRACTED_EXACT_STOICHIOMETRY,DISSOCIATION,"{""MetRS_ATP"": 1.0}","{""ATP"": 1.0, ""MetRS"": 1.0}",re0000000158_k1,2500.0,1.0,1.0,1.0,0.0,0.0,0.0,0.0,0.0,0.0,0.0,0.0,0.0,0.0,0.0,0.0,0.0,0.0,0.0,0.0,0.0,UNRESOLVED_FORMULAS_ABSENT,UNRESOLVED_BOUND_MOIETIES_NOT_ANNOTATED,STOICHIOMETRIC_PROXY_ONLY_NOT_VALIDATED_OSMOTIC_PRESSURE,UNAVAILABLE_CHARGE_PROTONATION_MG_BINDING_ABSENT,dc43bcec367f52105fe8d1ba328e59b064935df5faf8f880e078b212a40183df
re0000000159,amino acid activation / aminoacyl-adenylate / HETERODIMER_ASSOCIATION,aminoacylation,Aminoacylation_A_Met,Aminoacylation_A_Met:re28,EXTRACTED_EXACT_STOICHIOMETRY,HETERODIMER_ASSOCIATION,"{""Met"": 1.0, ""MetRS_ATP"": 1.0}","{""MetRS_Met_ATP"": 1.0}",re0000000159_k1,5.0,-1.0,-1.0,0.0,0.0,0.0,0.0,0.0,0.0,0.0,0.0,0.0,0.0,0.0,-1.0,0.0,0.0,0.0,0.0,0.0,0.0,UNRESOLVED_FORMULAS_ABSENT,UNRESOLVED_BOUND_MOIETIES_NOT_ANNOTATED,STOICHIOMETRIC_PROXY_ONLY_NOT_VALIDATED_OSMOTIC_PRESSURE,UNAVAILABLE_CHARGE_PROTONATION_MG_BINDING_ABSENT,dc43bcec367f52105fe8d1ba328e59b064935df5faf8f880e078b212a40183df
re0000000160,amino acid activation / aminoacyl-adenylate / DISSOCIATION,aminoacylation,Aminoacylation_A_Met,Aminoacylation_A_Met:re29,EXTRACTED_EXACT_STOICHIOMETRY,DISSOCIATION,"{""MetRS_Met_ATP"": 1.0}","{""Met"": 1.0, ""MetRS_ATP"": 1.0}",re0000000160_k1,350.0,1.0,1.0,0.0,0.0,0.0,0.0,0.0,0.0,0.0,0.0,0.0,0.0,0.0,1.0,0.0,0.0,0.0,0.0,0.0,0.0,UNRESOLVED_FORMULAS_ABSENT,UNRESOLVED_BOUND_MOIETIES_NOT_ANNOTATED,STOICHIOMETRIC_PROXY_ONLY_NOT_VALIDATED_OSMOTIC_PRESSURE,UNAVAILABLE_CHARGE_PROTONATION_MG_BINDING_ABSENT,dc43bcec367f52105fe8d1ba328e59b064935df5faf8f880e078b212a40183df
re0000000161,amino acid activation / aminoacyl-adenylate / HETERODIMER_ASSOCIATION,aminoacylation,Aminoacylation_A_Met,Aminoacylation_A_Met:re30,EXTRACTED_EXACT_STOICHIOMETRY,HETERODIMER_ASSOCIATION,"{""ATP"": 1.0, ""MetRS_Met"": 1.0}","{""MetRS_Met_ATP"": 1.0}",re0000000161_k1,10.0,-1.0,-1.0,-1.0,0.0,0.0,0.0,0.0,0.0,0.0,0.0,0.0,0.0,0.0,0.0,0.0,0.0,0.0,0.0,0.0,0.0,UNRESOLVED_FORMULAS_ABSENT,UNRESOLVED_BOUND_MOIETIES_NOT_ANNOTATED,STOICHIOMETRIC_PROXY_ONLY_NOT_VALIDATED_OSMOTIC_PRESSURE,UNAVAILABLE_CHARGE_PROTONATION_MG_BINDING_ABSENT,dc43bcec367f52105fe8d1ba328e59b064935df5faf8f880e078b212a40183df
re0000000162,amino acid activation / aminoacyl-adenylate / DISSOCIATION,aminoacylation,Aminoacylation_A_Met,Aminoacylation_A_Met:re31,EXTRACTED_EXACT_STOICHIOMETRY,DISSOCIATION,"{""MetRS_Met_ATP"": 1.0}","{""ATP"": 1.0, ""MetRS_Met"": 1.0}",re0000000162_k1,2500.0,1.0,1.0,1.0,0.0,0.0,0.0,0.0,0.0,0.0,0.0,0.0,0.0,0.0,0.0,0.0,0.0,0.0,0.0,0.0,0.0,UNRESOLVED_FORMULAS_ABSENT,UNRESOLVED_BOUND_MOIETIES_NOT_ANNOTATED,STOICHIOMETRIC_PROXY_ONLY_NOT_VALIDATED_OSMOTIC_PRESSURE,UNAVAILABLE_CHARGE_PROTONATION_MG_BINDING_ABSENT,dc43bcec367f52105fe8d1ba328e59b064935df5faf8f880e078b212a40183df
re0000000163,amino acid activation / aminoacyl-adenylate / STATE_TRANSITION,aminoacylation,Aminoacylation_A_Met,Aminoacylation_A_Met:re32,EXTRACTED_EXACT_STOICHIOMETRY,STATE_TRANSITION,"{""MetRS_ATP"": 1.0}","{""ATP"": 1.0, ""MetRS_degraded"": 1.0}",re0000000163_k1,0.0,1.0,1.0,1.0,0.0,0.0,0.0,0.0,0.0,0.0,0.0,0.0,0.0,0.0,0.0,0.0,0.0,0.0,0.0,0.0,0.0,UNRESOLVED_FORMULAS_ABSENT,UNRESOLVED_BOUND_MOIETIES_NOT_ANNOTATED,STOICHIOMETRIC_PROXY_ONLY_NOT_VALIDATED_OSMOTIC_PRESSURE,UNAVAILABLE_CHARGE_PROTONATION_MG_BINDING_ABSENT,dc43bcec367f52105fe8d1ba328e59b064935df5faf8f880e078b212a40183df
re0000000164,amino acid activation / aminoacyl-adenylate / STATE_TRANSITION,aminoacylation,Aminoacylation_A_Met,Aminoacylation_A_Met:re33,EXTRACTED_EXACT_STOICHIOMETRY,STATE_TRANSITION,"{""MetRS_Met"": 1.0}","{""Met"": 1.0, ""MetRS_degraded"": 1.0}",re0000000164_k1,0.0,1.0,1.0,0.0,0.0,0.0,0.0,0.0,0.0,0.0,0.0,0.0,0.0,0.0,1.0,0.0,0.0,0.0,0.0,0.0,0.0,UNRESOLVED_FORMULAS_ABSENT,UNRESOLVED_BOUND_MOIETIES_NOT_ANNOTATED,STOICHIOMETRIC_PROXY_ONLY_NOT_VALIDATED_OSMOTIC_PRESSURE,UNAVAILABLE_CHARGE_PROTONATION_MG_BINDING_ABSENT,dc43bcec367f52105fe8d1ba328e59b064935df5faf8f880e078b212a40183df
re0000000165,amino acid activation / aminoacyl-adenylate / STATE_TRANSITION,aminoacylation,Aminoacylation_A_Met,Aminoacylation_A_Met:re34,EXTRACTED_EXACT_STOICHIOMETRY,STATE_TRANSITION,"{""MetRS_Met_ATP"": 1.0}","{""MetRS_MetAMP_PPi"": 1.0}",re0000000165_k1,60.0,0.0,0,0.0,0.0,0.0,0.0,0.0,0.0,0.0,0.0,0.0,0.0,0.0,0.0,0.0,0.0,0.0,0.0,0.0,0.0,UNRESOLVED_FORMULAS_ABSENT,UNRESOLVED_BOUND_MOIETIES_NOT_ANNOTATED,STOICHIOMETRIC_PROXY_ONLY_NOT_VALIDATED_OSMOTIC_PRESSURE,UNAVAILABLE_CHARGE_PROTONATION_MG_BINDING_ABSENT,dc43bcec367f52105fe8d1ba328e59b064935df5faf8f880e078b212a40183df
re0000000166,amino acid activation / aminoacyl-adenylate / STATE_TRANSITION,aminoacylation,Aminoacylation_A_Met,Aminoacylation_A_Met:re35,EXTRACTED_EXACT_STOICHIOMETRY,STATE_TRANSITION,"{""MetRS_MetAMP_PPi"": 1.0}","{""MetRS_Met_ATP"": 1.0}",re0000000166_k1,150.0,0.0,0,0.0,0.0,0.0,0.0,0.0,0.0,0.0,0.0,0.0,0.0,0.0,0.0,0.0,0.0,0.0,0.0,0.0,0.0,UNRESOLVED_FORMULAS_ABSENT,UNRESOLVED_BOUND_MOIETIES_NOT_ANNOTATED,STOICHIOMETRIC_PROXY_ONLY_NOT_VALIDATED_OSMOTIC_PRESSURE,UNAVAILABLE_CHARGE_PROTONATION_MG_BINDING_ABSENT,dc43bcec367f52105fe8d1ba328e59b064935df5faf8f880e078b212a40183df
re0000000167,amino acid activation / aminoacyl-adenylate / STATE_TRANSITION,aminoacylation,Aminoacylation_A_Met,Aminoacylation_A_Met:re36,EXTRACTED_EXACT_STOICHIOMETRY,STATE_TRANSITION,"{""MetRS_MetAMP_PPi"": 1.0}","{""MetAMP"": 1.0, ""MetRS_degraded"": 1.0, ""PPi"": 1.0}",re0000000167_k1,0.0,2.0,1.0,0.0,0.0,0.0,0.0,0.0,0.0,0.0,1.0,0.0,0.0,0.0,0.0,0.0,0.0,0.0,0.0,0.0,0.0,UNRESOLVED_FORMULAS_ABSENT,UNRESOLVED_BOUND_MOIETIES_NOT_ANNOTATED,STOICHIOMETRIC_PROXY_ONLY_NOT_VALIDATED_OSMOTIC_PRESSURE,UNAVAILABLE_CHARGE_PROTONATION_MG_BINDING_ABSENT,dc43bcec367f52105fe8d1ba328e59b064935df5faf8f880e078b212a40183df
re0000000168,amino acid activation / aminoacyl-adenylate / DISSOCIATION,aminoacylation,Aminoacylation_A_Met,Aminoacylation_A_Met:re37,EXTRACTED_EXACT_STOICHIOMETRY,DISSOCIATION,"{""MetAMP"": 1.0}","{""AMP"": 1.0, ""Met"": 1.0}",re0000000168_k1,0.0,1.0,2.0,0.0,0.0,1.0,0.0,0.0,0.0,0.0,0.0,0.0,0.0,0.0,1.0,0.0,0.0,0.0,0.0,0.0,0.0,UNRESOLVED_FORMULAS_ABSENT,UNRESOLVED_BOUND_MOIETIES_NOT_ANNOTATED,STOICHIOMETRIC_PROXY_ONLY_NOT_VALIDATED_OSMOTIC_PRESSURE,UNAVAILABLE_CHARGE_PROTONATION_MG_BINDING_ABSENT,dc43bcec367f52105fe8d1ba328e59b064935df5faf8f880e078b212a40183df
re0000000169,amino acid activation / aminoacyl-adenylate / STATE_TRANSITION,aminoacylation,Aminoacylation_A_Met,Aminoacylation_A_Met:re52,EXTRACTED_EXACT_STOICHIOMETRY,STATE_TRANSITION,"{""MetRS_AMP"": 1.0}","{""AMP"": 1.0, ""MetRS_degraded"": 1.0}",re0000000169_k1,0.0,1.0,1.0,0.0,0.0,1.0,0.0,0.0,0.0,0.0,0.0,0.0,0.0,0.0,0.0,0.0,0.0,0.0,0.0,0.0,0.0,UNRESOLVED_FORMULAS_ABSENT,UNRESOLVED_BOUND_MOIETIES_NOT_ANNOTATED,STOICHIOMETRIC_PROXY_ONLY_NOT_VALIDATED_OSMOTIC_PRESSURE,UNAVAILABLE_CHARGE_PROTONATION_MG_BINDING_ABSENT,dc43bcec367f52105fe8d1ba328e59b064935df5faf8f880e078b212a40183df
re0000000170,amino acid activation / aminoacyl-adenylate / DISSOCIATION,aminoacylation,Aminoacylation_A_Met,Aminoacylation_A_Met:re77,EXTRACTED_EXACT_STOICHIOMETRY,DISSOCIATION,"{""MetRS_AMP"": 1.0}","{""AMP"": 1.0, ""MetRS"": 1.0}",re0000000170_k1,1000.0,1.0,1.0,0.0,0.0,1.0,0.0,0.0,0.0,0.0,0.0,0.0,0.0,0.0,0.0,0.0,0.0,0.0,0.0,0.0,0.0,UNRESOLVED_FORMULAS_ABSENT,UNRESOLVED_BOUND_MOIETIES_NOT_ANNOTATED,STOICHIOMETRIC_PROXY_ONLY_NOT_VALIDATED_OSMOTIC_PRESSURE,UNAVAILABLE_CHARGE_PROTONATION_MG_BINDING_ABSENT,dc43bcec367f52105fe8d1ba328e59b064935df5faf8f880e078b212a40183df
re0000000171,amino acid activation / aminoacyl-adenylate / HETERODIMER_ASSOCIATION,aminoacylation,Aminoacylation_A_Met,Aminoacylation_A_Met:re78,EXTRACTED_EXACT_STOICHIOMETRY,HETERODIMER_ASSOCIATION,"{""AMP"": 1.0, ""MetRS"": 1.0}","{""MetRS_AMP"": 1.0}",re0000000171_k1,0.0,-1.0,-1.0,0.0,0.0,-1.0,0.0,0.0,0.0,0.0,0.0,0.0,0.0,0.0,0.0,0.0,0.0,0.0,0.0,0.0,0.0,UNRESOLVED_FORMULAS_ABSENT,UNRESOLVED_BOUND_MOIETIES_NOT_ANNOTATED,STOICHIOMETRIC_PROXY_ONLY_NOT_VALIDATED_OSMOTIC_PRESSURE,UNAVAILABLE_CHARGE_PROTONATION_MG_BINDING_ABSENT,dc43bcec367f52105fe8d1ba328e59b064935df5faf8f880e078b212a40183df
re0000000172,amino acid activation / aminoacyl-adenylate / DISSOCIATION,aminoacylation,Aminoacylation_A_Met,Aminoacylation_A_Met:re85,EXTRACTED_EXACT_STOICHIOMETRY,DISSOCIATION,"{""MetRS_MetAMP"": 1.0}","{""MetAMP"": 1.0, ""MetRS"": 1.0}",re0000000172_k1,0.07,1.0,0,0.0,0.0,0.0,0.0,0.0,0.0,0.0,0.0,0.0,0.0,0.0,0.0,0.0,0.0,0.0,0.0,0.0,0.0,UNRESOLVED_FORMULAS_ABSENT,UNRESOLVED_BOUND_MOIETIES_NOT_ANNOTATED,STOICHIOMETRIC_PROXY_ONLY_NOT_VALIDATED_OSMOTIC_PRESSURE,UNAVAILABLE_CHARGE_PROTONATION_MG_BINDING_ABSENT,dc43bcec367f52105fe8d1ba328e59b064935df5faf8f880e078b212a40183df
re0000000173,amino acid activation / aminoacyl-adenylate / HETERODIMER_ASSOCIATION,aminoacylation,Aminoacylation_A_Met,Aminoacylation_A_Met:re86,EXTRACTED_EXACT_STOICHIOMETRY,HETERODIMER_ASSOCIATION,"{""MetAMP"": 1.0, ""MetRS"": 1.0}","{""MetRS_MetAMP"": 1.0}",re0000000173_k1,2.4,-1.0,0,0.0,0.0,0.0,0.0,0.0,0.0,0.0,0.0,0.0,0.0,0.0,0.0,0.0,0.0,0.0,0.0,0.0,0.0,UNRESOLVED_FORMULAS_ABSENT,UNRESOLVED_BOUND_MOIETIES_NOT_ANNOTATED,STOICHIOMETRIC_PROXY_ONLY_NOT_VALIDATED_OSMOTIC_PRESSURE,UNAVAILABLE_CHARGE_PROTONATION_MG_BINDING_ABSENT,dc43bcec367f52105fe8d1ba328e59b064935df5faf8f880e078b212a40183df
re0000000174,amino acid activation / aminoacyl-adenylate / HETERODIMER_ASSOCIATION,aminoacylation,Aminoacylation_A_Met,Aminoacylation_A_Met:re87,EXTRACTED_EXACT_STOICHIOMETRY,HETERODIMER_ASSOCIATION,"{""AMP"": 1.0, ""Met"": 1.0}","{""MetAMP"": 1.0}",re0000000174_k1,0.0,-1.0,-2.0,0.0,0.0,-1.0,0.0,0.0,0.0,0.0,0.0,0.0,0.0,0.0,-1.0,0.0,0.0,0.0,0.0,0.0,0.0,UNRESOLVED_FORMULAS_ABSENT,UNRESOLVED_BOUND_MOIETIES_NOT_ANNOTATED,STOICHIOMETRIC_PROXY_ONLY_NOT_VALIDATED_OSMOTIC_PRESSURE,UNAVAILABLE_CHARGE_PROTONATION_MG_BINDING_ABSENT,dc43bcec367f52105fe8d1ba328e59b064935df5faf8f880e078b212a40183df
re0000000175,amino acid activation / aminoacyl-adenylate / HETERODIMER_ASSOCIATION,aminoacylation,Aminoacylation_A_Met,Aminoacylation_A_Met:re88,EXTRACTED_EXACT_STOICHIOMETRY,HETERODIMER_ASSOCIATION,"{""MetRS_MetAMP"": 1.0, ""PPi"": 1.0}","{""MetRS_MetAMP_PPi"": 1.0}",re0000000175_k1,0.0,-1.0,-1.0,0.0,0.0,0.0,0.0,0.0,0.0,0.0,-1.0,0.0,0.0,0.0,0.0,0.0,0.0,0.0,0.0,0.0,0.0,UNRESOLVED_FORMULAS_ABSENT,UNRESOLVED_BOUND_MOIETIES_NOT_ANNOTATED,STOICHIOMETRIC_PROXY_ONLY_NOT_VALIDATED_OSMOTIC_PRESSURE,UNAVAILABLE_CHARGE_PROTONATION_MG_BINDING_ABSENT,dc43bcec367f52105fe8d1ba328e59b064935df5faf8f880e078b212a40183df
re0000000176,tRNA aminoacylation / DISSOCIATION,aminoacylation,Aminoacylation_B_GlyGCC,Aminoacylation_B_GlyGCC:re10,EXTRACTED_EXACT_STOICHIOMETRY,DISSOCIATION,"{""GlytRNAGlyGCC"": 1.0}","{""Gly"": 1.0, ""tRNAGlyGCC"": 1.0}",re0000000176_k1,0.0,1.0,1.0,0.0,0.0,0.0,0.0,0.0,0.0,0.0,0.0,0.0,0.0,1.0,0.0,0.0,1.0,0.0,-1.0,0.0,0.0,UNRESOLVED_FORMULAS_ABSENT,UNRESOLVED_BOUND_MOIETIES_NOT_ANNOTATED,STOICHIOMETRIC_PROXY_ONLY_NOT_VALIDATED_OSMOTIC_PRESSURE,UNAVAILABLE_CHARGE_PROTONATION_MG_BINDING_ABSENT,dc43bcec367f52105fe8d1ba328e59b064935df5faf8f880e078b212a40183df
re0000000177,tRNA aminoacylation / STATE_TRANSITION,aminoacylation,Aminoacylation_B_GlyGCC,Aminoacylation_B_GlyGCC:re25,EXTRACTED_EXACT_STOICHIOMETRY,STATE_TRANSITION,"{""GlyRS_GlyAMP_tRNAGlyGCC"": 1.0}","{""GlyAMP"": 1.0, ""GlyRS_degraded"": 1.0, ""tRNAGlyGCC"": 1.0}",re0000000177_k1,0.0,2.0,0,0.0,0.0,0.0,0.0,0.0,0.0,0.0,0.0,0.0,0.0,0.0,0.0,0.0,1.0,0.0,0.0,0.0,0.0,UNRESOLVED_FORMULAS_ABSENT,UNRESOLVED_BOUND_MOIETIES_NOT_ANNOTATED,STOICHIOMETRIC_PROXY_ONLY_NOT_VALIDATED_OSMOTIC_PRESSURE,UNAVAILABLE_CHARGE_PROTONATION_MG_BINDING_ABSENT,dc43bcec367f52105fe8d1ba328e59b064935df5faf8f880e078b212a40183df
re0000000178,tRNA aminoacylation / STATE_TRANSITION,aminoacylation,Aminoacylation_B_GlyGCC,Aminoacylation_B_GlyGCC:re38,EXTRACTED_EXACT_STOICHIOMETRY,STATE_TRANSITION,"{""GlyRS_GlyAMP_tRNAGlyGCC"": 1.0}","{""GlyRS_AMP_GlytRNAGlyGCC"": 1.0}",re0000000178_k1,22.0,0.0,0,0.0,0.0,0.0,0.0,0.0,0.0,0.0,0.0,0.0,0.0,0.0,0.0,0.0,0.0,0.0,0.0,0.0,0.0,UNRESOLVED_FORMULAS_ABSENT,UNRESOLVED_BOUND_MOIETIES_NOT_ANNOTATED,STOICHIOMETRIC_PROXY_ONLY_NOT_VALIDATED_OSMOTIC_PRESSURE,UNAVAILABLE_CHARGE_PROTONATION_MG_BINDING_ABSENT,dc43bcec367f52105fe8d1ba328e59b064935df5faf8f880e078b212a40183df
re0000000179,tRNA aminoacylation / STATE_TRANSITION,aminoacylation,Aminoacylation_B_GlyGCC,Aminoacylation_B_GlyGCC:re39,EXTRACTED_EXACT_STOICHIOMETRY,STATE_TRANSITION,"{""GlyRS_AMP_GlytRNAGlyGCC"": 1.0}","{""GlyRS_GlyAMP_tRNAGlyGCC"": 1.0}",re0000000179_k1,0.0,0.0,0,0.0,0.0,0.0,0.0,0.0,0.0,0.0,0.0,0.0,0.0,0.0,0.0,0.0,0.0,0.0,0.0,0.0,0.0,UNRESOLVED_FORMULAS_ABSENT,UNRESOLVED_BOUND_MOIETIES_NOT_ANNOTATED,STOICHIOMETRIC_PROXY_ONLY_NOT_VALIDATED_OSMOTIC_PRESSURE,UNAVAILABLE_CHARGE_PROTONATION_MG_BINDING_ABSENT,dc43bcec367f52105fe8d1ba328e59b064935df5faf8f880e078b212a40183df
re0000000180,tRNA aminoacylation / DISSOCIATION,aminoacylation,Aminoacylation_B_GlyGCC,Aminoacylation_B_GlyGCC:re40,EXTRACTED_EXACT_STOICHIOMETRY,DISSOCIATION,"{""GlyRS_AMP_GlytRNAGlyGCC"": 1.0}","{""AMP"": 1.0, ""GlyRS_GlytRNAGlyGCC"": 1.0}",re0000000180_k1,1000.0,1.0,1.0,0.0,0.0,1.0,0.0,0.0,0.0,0.0,0.0,0.0,0.0,0.0,0.0,0.0,0.0,0.0,0.0,0.0,0.0,UNRESOLVED_FORMULAS_ABSENT,UNRESOLVED_BOUND_MOIETIES_NOT_ANNOTATED,STOICHIOMETRIC_PROXY_ONLY_NOT_VALIDATED_OSMOTIC_PRESSURE,UNAVAILABLE_CHARGE_PROTONATION_MG_BINDING_ABSENT,dc43bcec367f52105fe8d1ba328e59b064935df5faf8f880e078b212a40183df
re0000000181,tRNA aminoacylation / HETERODIMER_ASSOCIATION,aminoacylation,Aminoacylation_B_GlyGCC,Aminoacylation_B_GlyGCC:re41,EXTRACTED_EXACT_STOICHIOMETRY,HETERODIMER_ASSOCIATION,"{""AMP"": 1.0, ""GlyRS_GlytRNAGlyGCC"": 1.0}","{""GlyRS_AMP_GlytRNAGlyGCC"": 1.0}",re0000000181_k1,0.0,-1.0,-1.0,0.0,0.0,-1.0,0.0,0.0,0.0,0.0,0.0,0.0,0.0,0.0,0.0,0.0,0.0,0.0,0.0,0.0,0.0,UNRESOLVED_FORMULAS_ABSENT,UNRESOLVED_BOUND_MOIETIES_NOT_ANNOTATED,STOICHIOMETRIC_PROXY_ONLY_NOT_VALIDATED_OSMOTIC_PRESSURE,UNAVAILABLE_CHARGE_PROTONATION_MG_BINDING_ABSENT,dc43bcec367f52105fe8d1ba328e59b064935df5faf8f880e078b212a40183df
re0000000182,tRNA aminoacylation / DISSOCIATION,aminoacylation,Aminoacylation_B_GlyGCC,Aminoacylation_B_GlyGCC:re43,EXTRACTED_EXACT_STOICHIOMETRY,DISSOCIATION,"{""GlyRS_AMP_GlytRNAGlyGCC"": 1.0}","{""GlyRS_AMP"": 1.0, ""GlytRNAGlyGCC"": 1.0}",re0000000182_k1,353.0,1.0,0,0.0,0.0,0.0,0.0,0.0,0.0,0.0,0.0,0.0,0.0,0.0,0.0,0.0,0.0,0.0,1.0,0.0,0.0,UNRESOLVED_FORMULAS_ABSENT,UNRESOLVED_BOUND_MOIETIES_NOT_ANNOTATED,STOICHIOMETRIC_PROXY_ONLY_NOT_VALIDATED_OSMOTIC_PRESSURE,UNAVAILABLE_CHARGE_PROTONATION_MG_BINDING_ABSENT,dc43bcec367f52105fe8d1ba328e59b064935df5faf8f880e078b212a40183df
re0000000183,tRNA aminoacylation / HETERODIMER_ASSOCIATION,aminoacylation,Aminoacylation_B_GlyGCC,Aminoacylation_B_GlyGCC:re45,EXTRACTED_EXACT_STOICHIOMETRY,HETERODIMER_ASSOCIATION,"{""GlyRS_AMP"": 1.0, ""GlytRNAGlyGCC"": 1.0}","{""GlyRS_AMP_GlytRNAGlyGCC"": 1.0}",re0000000183_k1,100.0,-1.0,0,0.0,0.0,0.0,0.0,0.0,0.0,0.0,0.0,0.0,0.0,0.0,0.0,0.0,0.0,0.0,-1.0,0.0,0.0,UNRESOLVED_FORMULAS_ABSENT,UNRESOLVED_BOUND_MOIETIES_NOT_ANNOTATED,STOICHIOMETRIC_PROXY_ONLY_NOT_VALIDATED_OSMOTIC_PRESSURE,UNAVAILABLE_CHARGE_PROTONATION_MG_BINDING_ABSENT,dc43bcec367f52105fe8d1ba328e59b064935df5faf8f880e078b212a40183df
re0000000184,tRNA aminoacylation / DISSOCIATION,aminoacylation,Aminoacylation_B_GlyGCC,Aminoacylation_B_GlyGCC:re48,EXTRACTED_EXACT_STOICHIOMETRY,DISSOCIATION,"{""GlyRS_GlytRNAGlyGCC"": 1.0}","{""GlyRS"": 1.0, ""GlytRNAGlyGCC"": 1.0}",re0000000184_k1,353.0,1.0,0,0.0,0.0,0.0,0.0,0.0,0.0,0.0,0.0,0.0,0.0,0.0,0.0,0.0,0.0,0.0,1.0,0.0,0.0,UNRESOLVED_FORMULAS_ABSENT,UNRESOLVED_BOUND_MOIETIES_NOT_ANNOTATED,STOICHIOMETRIC_PROXY_ONLY_NOT_VALIDATED_OSMOTIC_PRESSURE,UNAVAILABLE_CHARGE_PROTONATION_MG_BINDING_ABSENT,dc43bcec367f52105fe8d1ba328e59b064935df5faf8f880e078b212a40183df
re0000000185,tRNA aminoacylation / HETERODIMER_ASSOCIATION,aminoacylation,Aminoacylation_B_GlyGCC,Aminoacylation_B_GlyGCC:re49,EXTRACTED_EXACT_STOICHIOMETRY,HETERODIMER_ASSOCIATION,"{""GlyRS"": 1.0, ""GlytRNAGlyGCC"": 1.0}","{""GlyRS_GlytRNAGlyGCC"": 1.0}",re0000000185_k1,100.0,-1.0,0,0.0,0.0,0.0,0.0,0.0,0.0,0.0,0.0,0.0,0.0,0.0,0.0,0.0,0.0,0.0,-1.0,0.0,0.0,UNRESOLVED_FORMULAS_ABSENT,UNRESOLVED_BOUND_MOIETIES_NOT_ANNOTATED,STOICHIOMETRIC_PROXY_ONLY_NOT_VALIDATED_OSMOTIC_PRESSURE,UNAVAILABLE_CHARGE_PROTONATION_MG_BINDING_ABSENT,dc43bcec367f52105fe8d1ba328e59b064935df5faf8f880e078b212a40183df
re0000000186,tRNA aminoacylation / STATE_TRANSITION,aminoacylation,Aminoacylation_B_GlyGCC,Aminoacylation_B_GlyGCC:re50,EXTRACTED_EXACT_STOICHIOMETRY,STATE_TRANSITION,"{""GlyRS_AMP_GlytRNAGlyGCC"": 1.0}","{""AMP"": 1.0, ""GlyRS_degraded"": 1.0, ""GlytRNAGlyGCC"": 1.0}",re0000000186_k1,0.0,2.0,1.0,0.0,0.0,1.0,0.0,0.0,0.0,0.0,0.0,0.0,0.0,0.0,0.0,0.0,0.0,0.0,1.0,0.0,0.0,UNRESOLVED_FORMULAS_ABSENT,UNRESOLVED_BOUND_MOIETIES_NOT_ANNOTATED,STOICHIOMETRIC_PROXY_ONLY_NOT_VALIDATED_OSMOTIC_PRESSURE,UNAVAILABLE_CHARGE_PROTONATION_MG_BINDING_ABSENT,dc43bcec367f52105fe8d1ba328e59b064935df5faf8f880e078b212a40183df
re0000000187,tRNA aminoacylation / STATE_TRANSITION,aminoacylation,Aminoacylation_B_GlyGCC,Aminoacylation_B_GlyGCC:re51,EXTRACTED_EXACT_STOICHIOMETRY,STATE_TRANSITION,"{""GlyRS_GlytRNAGlyGCC"": 1.0}","{""GlyRS_degraded"": 1.0, ""GlytRNAGlyGCC"": 1.0}",re0000000187_k1,0.0,1.0,0,0.0,0.0,0.0,0.0,0.0,0.0,0.0,0.0,0.0,0.0,0.0,0.0,0.0,0.0,0.0,1.0,0.0,0.0,UNRESOLVED_FORMULAS_ABSENT,UNRESOLVED_BOUND_MOIETIES_NOT_ANNOTATED,STOICHIOMETRIC_PROXY_ONLY_NOT_VALIDATED_OSMOTIC_PRESSURE,UNAVAILABLE_CHARGE_PROTONATION_MG_BINDING_ABSENT,dc43bcec367f52105fe8d1ba328e59b064935df5faf8f880e078b212a40183df
re0000000188,tRNA aminoacylation / HETERODIMER_ASSOCIATION,aminoacylation,Aminoacylation_B_GlyGCC,Aminoacylation_B_GlyGCC:re53,EXTRACTED_EXACT_STOICHIOMETRY,HETERODIMER_ASSOCIATION,"{""Gly"": 1.0, ""GlyRS_tRNAGlyGCC"": 1.0}","{""GlyRS_Gly_tRNAGlyGCC"": 1.0}",re0000000188_k1,20.0,-1.0,-1.0,0.0,0.0,0.0,0.0,0.0,0.0,0.0,0.0,0.0,0.0,-1.0,0.0,0.0,0.0,0.0,0.0,0.0,0.0,UNRESOLVED_FORMULAS_ABSENT,UNRESOLVED_BOUND_MOIETIES_NOT_ANNOTATED,STOICHIOMETRIC_PROXY_ONLY_NOT_VALIDATED_OSMOTIC_PRESSURE,UNAVAILABLE_CHARGE_PROTONATION_MG_BINDING_ABSENT,dc43bcec367f52105fe8d1ba328e59b064935df5faf8f880e078b212a40183df
re0000000189,tRNA aminoacylation / DISSOCIATION,aminoacylation,Aminoacylation_B_GlyGCC,Aminoacylation_B_GlyGCC:re54,EXTRACTED_EXACT_STOICHIOMETRY,DISSOCIATION,"{""GlyRS_GlyAMP_PPi_tRNAGlyGCC"": 1.0}","{""GlyRS_GlyAMP_tRNAGlyGCC"": 1.0, ""PPi"": 1.0}",re0000000189_k1,1000.0,1.0,1.0,0.0,0.0,0.0,0.0,0.0,0.0,0.0,1.0,0.0,0.0,0.0,0.0,0.0,0.0,0.0,0.0,0.0,0.0,UNRESOLVED_FORMULAS_ABSENT,UNRESOLVED_BOUND_MOIETIES_NOT_ANNOTATED,STOICHIOMETRIC_PROXY_ONLY_NOT_VALIDATED_OSMOTIC_PRESSURE,UNAVAILABLE_CHARGE_PROTONATION_MG_BINDING_ABSENT,dc43bcec367f52105fe8d1ba328e59b064935df5faf8f880e078b212a40183df
re0000000190,tRNA aminoacylation / DISSOCIATION,aminoacylation,Aminoacylation_B_GlyGCC,Aminoacylation_B_GlyGCC:re55,EXTRACTED_EXACT_STOICHIOMETRY,DISSOCIATION,"{""GlyRS_Gly_tRNAGlyGCC"": 1.0}","{""Gly"": 1.0, ""GlyRS_tRNAGlyGCC"": 1.0}",re0000000190_k1,470.0,1.0,1.0,0.0,0.0,0.0,0.0,0.0,0.0,0.0,0.0,0.0,0.0,1.0,0.0,0.0,0.0,0.0,0.0,0.0,0.0,UNRESOLVED_FORMULAS_ABSENT,UNRESOLVED_BOUND_MOIETIES_NOT_ANNOTATED,STOICHIOMETRIC_PROXY_ONLY_NOT_VALIDATED_OSMOTIC_PRESSURE,UNAVAILABLE_CHARGE_PROTONATION_MG_BINDING_ABSENT,dc43bcec367f52105fe8d1ba328e59b064935df5faf8f880e078b212a40183df
re0000000191,tRNA aminoacylation / HETERODIMER_ASSOCIATION,aminoacylation,Aminoacylation_B_GlyGCC,Aminoacylation_B_GlyGCC:re56,EXTRACTED_EXACT_STOICHIOMETRY,HETERODIMER_ASSOCIATION,"{""ATP"": 1.0, ""GlyRS_tRNAGlyGCC"": 1.0}","{""GlyRS_ATP_tRNAGlyGCC"": 1.0}",re0000000191_k1,10.0,-1.0,-1.0,-1.0,0.0,0.0,0.0,0.0,0.0,0.0,0.0,0.0,0.0,0.0,0.0,0.0,0.0,0.0,0.0,0.0,0.0,UNRESOLVED_FORMULAS_ABSENT,UNRESOLVED_BOUND_MOIETIES_NOT_ANNOTATED,STOICHIOMETRIC_PROXY_ONLY_NOT_VALIDATED_OSMOTIC_PRESSURE,UNAVAILABLE_CHARGE_PROTONATION_MG_BINDING_ABSENT,dc43bcec367f52105fe8d1ba328e59b064935df5faf8f880e078b212a40183df
re0000000192,tRNA aminoacylation / DISSOCIATION,aminoacylation,Aminoacylation_B_GlyGCC,Aminoacylation_B_GlyGCC:re57,EXTRACTED_EXACT_STOICHIOMETRY,DISSOCIATION,"{""GlyRS_ATP_tRNAGlyGCC"": 1.0}","{""ATP"": 1.0, ""GlyRS_tRNAGlyGCC"": 1.0}",re0000000192_k1,8900.0,1.0,1.0,1.0,0.0,0.0,0.0,0.0,0.0,0.0,0.0,0.0,0.0,0.0,0.0,0.0,0.0,0.0,0.0,0.0,0.0,UNRESOLVED_FORMULAS_ABSENT,UNRESOLVED_BOUND_MOIETIES_NOT_ANNOTATED,STOICHIOMETRIC_PROXY_ONLY_NOT_VALIDATED_OSMOTIC_PRESSURE,UNAVAILABLE_CHARGE_PROTONATION_MG_BINDING_ABSENT,dc43bcec367f52105fe8d1ba328e59b064935df5faf8f880e078b212a40183df
re0000000193,tRNA aminoacylation / HETERODIMER_ASSOCIATION,aminoacylation,Aminoacylation_B_GlyGCC,Aminoacylation_B_GlyGCC:re58,EXTRACTED_EXACT_STOICHIOMETRY,HETERODIMER_ASSOCIATION,"{""Gly"": 1.0, ""GlyRS_ATP_tRNAGlyGCC"": 1.0}","{""GlyRS_Gly_ATP_tRNAGlyGCC"": 1.0}",re0000000193_k1,0.024,-1.0,-1.0,0.0,0.0,0.0,0.0,0.0,0.0,0.0,0.0,0.0,0.0,-1.0,0.0,0.0,0.0,0.0,0.0,0.0,0.0,UNRESOLVED_FORMULAS_ABSENT,UNRESOLVED_BOUND_MOIETIES_NOT_ANNOTATED,STOICHIOMETRIC_PROXY_ONLY_NOT_VALIDATED_OSMOTIC_PRESSURE,UNAVAILABLE_CHARGE_PROTONATION_MG_BINDING_ABSENT,dc43bcec367f52105fe8d1ba328e59b064935df5faf8f880e078b212a40183df
re0000000194,tRNA aminoacylation / DISSOCIATION,aminoacylation,Aminoacylation_B_GlyGCC,Aminoacylation_B_GlyGCC:re59,EXTRACTED_EXACT_STOICHIOMETRY,DISSOCIATION,"{""GlyRS_Gly_ATP_tRNAGlyGCC"": 1.0}","{""Gly"": 1.0, ""GlyRS_ATP_tRNAGlyGCC"": 1.0}",re0000000194_k1,3.2,1.0,1.0,0.0,0.0,0.0,0.0,0.0,0.0,0.0,0.0,0.0,0.0,1.0,0.0,0.0,0.0,0.0,0.0,0.0,0.0,UNRESOLVED_FORMULAS_ABSENT,UNRESOLVED_BOUND_MOIETIES_NOT_ANNOTATED,STOICHIOMETRIC_PROXY_ONLY_NOT_VALIDATED_OSMOTIC_PRESSURE,UNAVAILABLE_CHARGE_PROTONATION_MG_BINDING_ABSENT,dc43bcec367f52105fe8d1ba328e59b064935df5faf8f880e078b212a40183df
re0000000195,tRNA aminoacylation / HETERODIMER_ASSOCIATION,aminoacylation,Aminoacylation_B_GlyGCC,Aminoacylation_B_GlyGCC:re60,EXTRACTED_EXACT_STOICHIOMETRY,HETERODIMER_ASSOCIATION,"{""ATP"": 1.0, ""GlyRS_Gly_tRNAGlyGCC"": 1.0}","{""GlyRS_Gly_ATP_tRNAGlyGCC"": 1.0}",re0000000195_k1,10.0,-1.0,-1.0,-1.0,0.0,0.0,0.0,0.0,0.0,0.0,0.0,0.0,0.0,0.0,0.0,0.0,0.0,0.0,0.0,0.0,0.0,UNRESOLVED_FORMULAS_ABSENT,UNRESOLVED_BOUND_MOIETIES_NOT_ANNOTATED,STOICHIOMETRIC_PROXY_ONLY_NOT_VALIDATED_OSMOTIC_PRESSURE,UNAVAILABLE_CHARGE_PROTONATION_MG_BINDING_ABSENT,dc43bcec367f52105fe8d1ba328e59b064935df5faf8f880e078b212a40183df
re0000000196,tRNA aminoacylation / DISSOCIATION,aminoacylation,Aminoacylation_B_GlyGCC,Aminoacylation_B_GlyGCC:re61,EXTRACTED_EXACT_STOICHIOMETRY,DISSOCIATION,"{""GlyRS_Gly_ATP_tRNAGlyGCC"": 1.0}","{""ATP"": 1.0, ""GlyRS_Gly_tRNAGlyGCC"": 1.0}",re0000000196_k1,4500.0,1.0,1.0,1.0,0.0,0.0,0.0,0.0,0.0,0.0,0.0,0.0,0.0,0.0,0.0,0.0,0.0,0.0,0.0,0.0,0.0,UNRESOLVED_FORMULAS_ABSENT,UNRESOLVED_BOUND_MOIETIES_NOT_ANNOTATED,STOICHIOMETRIC_PROXY_ONLY_NOT_VALIDATED_OSMOTIC_PRESSURE,UNAVAILABLE_CHARGE_PROTONATION_MG_BINDING_ABSENT,dc43bcec367f52105fe8d1ba328e59b064935df5faf8f880e078b212a40183df
re0000000197,tRNA aminoacylation / STATE_TRANSITION,aminoacylation,Aminoacylation_B_GlyGCC,Aminoacylation_B_GlyGCC:re62,EXTRACTED_EXACT_STOICHIOMETRY,STATE_TRANSITION,"{""GlyRS_Gly_ATP_tRNAGlyGCC"": 1.0}","{""GlyRS_GlyAMP_PPi_tRNAGlyGCC"": 1.0}",re0000000197_k1,2.0,0.0,0,0.0,0.0,0.0,0.0,0.0,0.0,0.0,0.0,0.0,0.0,0.0,0.0,0.0,0.0,0.0,0.0,0.0,0.0,UNRESOLVED_FORMULAS_ABSENT,UNRESOLVED_BOUND_MOIETIES_NOT_ANNOTATED,STOICHIOMETRIC_PROXY_ONLY_NOT_VALIDATED_OSMOTIC_PRESSURE,UNAVAILABLE_CHARGE_PROTONATION_MG_BINDING_ABSENT,dc43bcec367f52105fe8d1ba328e59b064935df5faf8f880e078b212a40183df
re0000000198,tRNA aminoacylation / STATE_TRANSITION,aminoacylation,Aminoacylation_B_GlyGCC,Aminoacylation_B_GlyGCC:re63,EXTRACTED_EXACT_STOICHIOMETRY,STATE_TRANSITION,"{""GlyRS_GlyAMP_PPi_tRNAGlyGCC"": 1.0}","{""GlyRS_Gly_ATP_tRNAGlyGCC"": 1.0}",re0000000198_k1,0.0,0.0,0,0.0,0.0,0.0,0.0,0.0,0.0,0.0,0.0,0.0,0.0,0.0,0.0,0.0,0.0,0.0,0.0,0.0,0.0,UNRESOLVED_FORMULAS_ABSENT,UNRESOLVED_BOUND_MOIETIES_NOT_ANNOTATED,STOICHIOMETRIC_PROXY_ONLY_NOT_VALIDATED_OSMOTIC_PRESSURE,UNAVAILABLE_CHARGE_PROTONATION_MG_BINDING_ABSENT,dc43bcec367f52105fe8d1ba328e59b064935df5faf8f880e078b212a40183df
re0000000199,tRNA aminoacylation / HETERODIMER_ASSOCIATION,aminoacylation,Aminoacylation_B_GlyGCC,Aminoacylation_B_GlyGCC:re64,EXTRACTED_EXACT_STOICHIOMETRY,HETERODIMER_ASSOCIATION,"{""GlyRS"": 1.0, ""tRNAGlyGCC"": 1.0}","{""GlyRS_tRNAGlyGCC"": 1.0}",re0000000199_k1,376.0,-1.0,0,0.0,0.0,0.0,0.0,0.0,0.0,0.0,0.0,0.0,0.0,0.0,0.0,0.0,-1.0,0.0,0.0,0.0,0.0,UNRESOLVED_FORMULAS_ABSENT,UNRESOLVED_BOUND_MOIETIES_NOT_ANNOTATED,STOICHIOMETRIC_PROXY_ONLY_NOT_VALIDATED_OSMOTIC_PRESSURE,UNAVAILABLE_CHARGE_PROTONATION_MG_BINDING_ABSENT,dc43bcec367f52105fe8d1ba328e59b064935df5faf8f880e078b212a40183df
re0000000200,tRNA aminoacylation / HETERODIMER_ASSOCIATION,aminoacylation,Aminoacylation_B_GlyGCC,Aminoacylation_B_GlyGCC:re65,EXTRACTED_EXACT_STOICHIOMETRY,HETERODIMER_ASSOCIATION,"{""GlyRS_Gly"": 1.0, ""tRNAGlyGCC"": 1.0}","{""GlyRS_Gly_tRNAGlyGCC"": 1.0}",re0000000200_k1,376.0,-1.0,0,0.0,0.0,0.0,0.0,0.0,0.0,0.0,0.0,0.0,0.0,0.0,0.0,0.0,-1.0,0.0,0.0,0.0,0.0,UNRESOLVED_FORMULAS_ABSENT,UNRESOLVED_BOUND_MOIETIES_NOT_ANNOTATED,STOICHIOMETRIC_PROXY_ONLY_NOT_VALIDATED_OSMOTIC_PRESSURE,UNAVAILABLE_CHARGE_PROTONATION_MG_BINDING_ABSENT,dc43bcec367f52105fe8d1ba328e59b064935df5faf8f880e078b212a40183df
re0000000201,tRNA aminoacylation / DISSOCIATION,aminoacylation,Aminoacylation_B_GlyGCC,Aminoacylation_B_GlyGCC:re66,EXTRACTED_EXACT_STOICHIOMETRY,DISSOCIATION,"{""GlyRS_tRNAGlyGCC"": 1.0}","{""GlyRS"": 1.0, ""tRNAGlyGCC"": 1.0}",re0000000201_k1,100.0,1.0,0,0.0,0.0,0.0,0.0,0.0,0.0,0.0,0.0,0.0,0.0,0.0,0.0,0.0,1.0,0.0,0.0,0.0,0.0,UNRESOLVED_FORMULAS_ABSENT,UNRESOLVED_BOUND_MOIETIES_NOT_ANNOTATED,STOICHIOMETRIC_PROXY_ONLY_NOT_VALIDATED_OSMOTIC_PRESSURE,UNAVAILABLE_CHARGE_PROTONATION_MG_BINDING_ABSENT,dc43bcec367f52105fe8d1ba328e59b064935df5faf8f880e078b212a40183df
re0000000202,tRNA aminoacylation / DISSOCIATION,aminoacylation,Aminoacylation_B_GlyGCC,Aminoacylation_B_GlyGCC:re67,EXTRACTED_EXACT_STOICHIOMETRY,DISSOCIATION,"{""GlyRS_Gly_tRNAGlyGCC"": 1.0}","{""GlyRS_Gly"": 1.0, ""tRNAGlyGCC"": 1.0}",re0000000202_k1,100.0,1.0,0,0.0,0.0,0.0,0.0,0.0,0.0,0.0,0.0,0.0,0.0,0.0,0.0,0.0,1.0,0.0,0.0,0.0,0.0,UNRESOLVED_FORMULAS_ABSENT,UNRESOLVED_BOUND_MOIETIES_NOT_ANNOTATED,STOICHIOMETRIC_PROXY_ONLY_NOT_VALIDATED_OSMOTIC_PRESSURE,UNAVAILABLE_CHARGE_PROTONATION_MG_BINDING_ABSENT,dc43bcec367f52105fe8d1ba328e59b064935df5faf8f880e078b212a40183df
re0000000203,tRNA aminoacylation / HETERODIMER_ASSOCIATION,aminoacylation,Aminoacylation_B_GlyGCC,Aminoacylation_B_GlyGCC:re68,EXTRACTED_EXACT_STOICHIOMETRY,HETERODIMER_ASSOCIATION,"{""GlyRS_ATP"": 1.0, ""tRNAGlyGCC"": 1.0}","{""GlyRS_ATP_tRNAGlyGCC"": 1.0}",re0000000203_k1,376.0,-1.0,0,0.0,0.0,0.0,0.0,0.0,0.0,0.0,0.0,0.0,0.0,0.0,0.0,0.0,-1.0,0.0,0.0,0.0,0.0,UNRESOLVED_FORMULAS_ABSENT,UNRESOLVED_BOUND_MOIETIES_NOT_ANNOTATED,STOICHIOMETRIC_PROXY_ONLY_NOT_VALIDATED_OSMOTIC_PRESSURE,UNAVAILABLE_CHARGE_PROTONATION_MG_BINDING_ABSENT,dc43bcec367f52105fe8d1ba328e59b064935df5faf8f880e078b212a40183df
re0000000204,tRNA aminoacylation / DISSOCIATION,aminoacylation,Aminoacylation_B_GlyGCC,Aminoacylation_B_GlyGCC:re69,EXTRACTED_EXACT_STOICHIOMETRY,DISSOCIATION,"{""GlyRS_ATP_tRNAGlyGCC"": 1.0}","{""GlyRS_ATP"": 1.0, ""tRNAGlyGCC"": 1.0}",re0000000204_k1,100.0,1.0,0,0.0,0.0,0.0,0.0,0.0,0.0,0.0,0.0,0.0,0.0,0.0,0.0,0.0,1.0,0.0,0.0,0.0,0.0,UNRESOLVED_FORMULAS_ABSENT,UNRESOLVED_BOUND_MOIETIES_NOT_ANNOTATED,STOICHIOMETRIC_PROXY_ONLY_NOT_VALIDATED_OSMOTIC_PRESSURE,UNAVAILABLE_CHARGE_PROTONATION_MG_BINDING_ABSENT,dc43bcec367f52105fe8d1ba328e59b064935df5faf8f880e078b212a40183df
re0000000205,tRNA aminoacylation / HETERODIMER_ASSOCIATION,aminoacylation,Aminoacylation_B_GlyGCC,Aminoacylation_B_GlyGCC:re71,EXTRACTED_EXACT_STOICHIOMETRY,HETERODIMER_ASSOCIATION,"{""GlyRS_Gly_ATP"": 1.0, ""tRNAGlyGCC"": 1.0}","{""GlyRS_Gly_ATP_tRNAGlyGCC"": 1.0}",re0000000205_k1,376.0,-1.0,0,0.0,0.0,0.0,0.0,0.0,0.0,0.0,0.0,0.0,0.0,0.0,0.0,0.0,-1.0,0.0,0.0,0.0,0.0,UNRESOLVED_FORMULAS_ABSENT,UNRESOLVED_BOUND_MOIETIES_NOT_ANNOTATED,STOICHIOMETRIC_PROXY_ONLY_NOT_VALIDATED_OSMOTIC_PRESSURE,UNAVAILABLE_CHARGE_PROTONATION_MG_BINDING_ABSENT,dc43bcec367f52105fe8d1ba328e59b064935df5faf8f880e078b212a40183df
re0000000206,tRNA aminoacylation / DISSOCIATION,aminoacylation,Aminoacylation_B_GlyGCC,Aminoacylation_B_GlyGCC:re72,EXTRACTED_EXACT_STOICHIOMETRY,DISSOCIATION,"{""GlyRS_Gly_ATP_tRNAGlyGCC"": 1.0}","{""GlyRS_Gly_ATP"": 1.0, ""tRNAGlyGCC"": 1.0}",re0000000206_k1,100.0,1.0,0,0.0,0.0,0.0,0.0,0.0,0.0,0.0,0.0,0.0,0.0,0.0,0.0,0.0,1.0,0.0,0.0,0.0,0.0,UNRESOLVED_FORMULAS_ABSENT,UNRESOLVED_BOUND_MOIETIES_NOT_ANNOTATED,STOICHIOMETRIC_PROXY_ONLY_NOT_VALIDATED_OSMOTIC_PRESSURE,UNAVAILABLE_CHARGE_PROTONATION_MG_BINDING_ABSENT,dc43bcec367f52105fe8d1ba328e59b064935df5faf8f880e078b212a40183df
re0000000207,tRNA aminoacylation / HETERODIMER_ASSOCIATION,aminoacylation,Aminoacylation_B_GlyGCC,Aminoacylation_B_GlyGCC:re73,EXTRACTED_EXACT_STOICHIOMETRY,HETERODIMER_ASSOCIATION,"{""GlyRS_GlyAMP_PPi"": 1.0, ""tRNAGlyGCC"": 1.0}","{""GlyRS_GlyAMP_PPi_tRNAGlyGCC"": 1.0}",re0000000207_k1,353.0,-1.0,0,0.0,0.0,0.0,0.0,0.0,0.0,0.0,0.0,0.0,0.0,0.0,0.0,0.0,-1.0,0.0,0.0,0.0,0.0,UNRESOLVED_FORMULAS_ABSENT,UNRESOLVED_BOUND_MOIETIES_NOT_ANNOTATED,STOICHIOMETRIC_PROXY_ONLY_NOT_VALIDATED_OSMOTIC_PRESSURE,UNAVAILABLE_CHARGE_PROTONATION_MG_BINDING_ABSENT,dc43bcec367f52105fe8d1ba328e59b064935df5faf8f880e078b212a40183df
re0000000208,tRNA aminoacylation / DISSOCIATION,aminoacylation,Aminoacylation_B_GlyGCC,Aminoacylation_B_GlyGCC:re74,EXTRACTED_EXACT_STOICHIOMETRY,DISSOCIATION,"{""GlyRS_GlyAMP_PPi_tRNAGlyGCC"": 1.0}","{""GlyRS_GlyAMP_PPi"": 1.0, ""tRNAGlyGCC"": 1.0}",re0000000208_k1,100.0,1.0,0,0.0,0.0,0.0,0.0,0.0,0.0,0.0,0.0,0.0,0.0,0.0,0.0,0.0,1.0,0.0,0.0,0.0,0.0,UNRESOLVED_FORMULAS_ABSENT,UNRESOLVED_BOUND_MOIETIES_NOT_ANNOTATED,STOICHIOMETRIC_PROXY_ONLY_NOT_VALIDATED_OSMOTIC_PRESSURE,UNAVAILABLE_CHARGE_PROTONATION_MG_BINDING_ABSENT,dc43bcec367f52105fe8d1ba328e59b064935df5faf8f880e078b212a40183df
re0000000209,tRNA aminoacylation / HETERODIMER_ASSOCIATION,aminoacylation,Aminoacylation_B_GlyGCC,Aminoacylation_B_GlyGCC:re75,EXTRACTED_EXACT_STOICHIOMETRY,HETERODIMER_ASSOCIATION,"{""GlyRS_GlyAMP"": 1.0, ""tRNAGlyGCC"": 1.0}","{""GlyRS_GlyAMP_tRNAGlyGCC"": 1.0}",re0000000209_k1,353.0,-1.0,0,0.0,0.0,0.0,0.0,0.0,0.0,0.0,0.0,0.0,0.0,0.0,0.0,0.0,-1.0,0.0,0.0,0.0,0.0,UNRESOLVED_FORMULAS_ABSENT,UNRESOLVED_BOUND_MOIETIES_NOT_ANNOTATED,STOICHIOMETRIC_PROXY_ONLY_NOT_VALIDATED_OSMOTIC_PRESSURE,UNAVAILABLE_CHARGE_PROTONATION_MG_BINDING_ABSENT,dc43bcec367f52105fe8d1ba328e59b064935df5faf8f880e078b212a40183df
re0000000210,tRNA aminoacylation / DISSOCIATION,aminoacylation,Aminoacylation_B_GlyGCC,Aminoacylation_B_GlyGCC:re76,EXTRACTED_EXACT_STOICHIOMETRY,DISSOCIATION,"{""GlyRS_GlyAMP_tRNAGlyGCC"": 1.0}","{""GlyRS_GlyAMP"": 1.0, ""tRNAGlyGCC"": 1.0}",re0000000210_k1,100.0,1.0,0,0.0,0.0,0.0,0.0,0.0,0.0,0.0,0.0,0.0,0.0,0.0,0.0,0.0,1.0,0.0,0.0,0.0,0.0,UNRESOLVED_FORMULAS_ABSENT,UNRESOLVED_BOUND_MOIETIES_NOT_ANNOTATED,STOICHIOMETRIC_PROXY_ONLY_NOT_VALIDATED_OSMOTIC_PRESSURE,UNAVAILABLE_CHARGE_PROTONATION_MG_BINDING_ABSENT,dc43bcec367f52105fe8d1ba328e59b064935df5faf8f880e078b212a40183df
re0000000211,tRNA aminoacylation / STATE_TRANSITION,aminoacylation,Aminoacylation_B_GlyGCC,Aminoacylation_B_GlyGCC:re79,EXTRACTED_EXACT_STOICHIOMETRY,STATE_TRANSITION,"{""GlyRS_tRNAGlyGCC"": 1.0}","{""GlyRS_degraded"": 1.0, ""tRNAGlyGCC"": 1.0}",re0000000211_k1,0.0,1.0,0,0.0,0.0,0.0,0.0,0.0,0.0,0.0,0.0,0.0,0.0,0.0,0.0,0.0,1.0,0.0,0.0,0.0,0.0,UNRESOLVED_FORMULAS_ABSENT,UNRESOLVED_BOUND_MOIETIES_NOT_ANNOTATED,STOICHIOMETRIC_PROXY_ONLY_NOT_VALIDATED_OSMOTIC_PRESSURE,UNAVAILABLE_CHARGE_PROTONATION_MG_BINDING_ABSENT,dc43bcec367f52105fe8d1ba328e59b064935df5faf8f880e078b212a40183df
re0000000212,tRNA aminoacylation / STATE_TRANSITION,aminoacylation,Aminoacylation_B_GlyGCC,Aminoacylation_B_GlyGCC:re80,EXTRACTED_EXACT_STOICHIOMETRY,STATE_TRANSITION,"{""GlyRS_ATP_tRNAGlyGCC"": 1.0}","{""ATP"": 1.0, ""GlyRS_degraded"": 1.0, ""tRNAGlyGCC"": 1.0}",re0000000212_k1,0.0,2.0,1.0,1.0,0.0,0.0,0.0,0.0,0.0,0.0,0.0,0.0,0.0,0.0,0.0,0.0,1.0,0.0,0.0,0.0,0.0,UNRESOLVED_FORMULAS_ABSENT,UNRESOLVED_BOUND_MOIETIES_NOT_ANNOTATED,STOICHIOMETRIC_PROXY_ONLY_NOT_VALIDATED_OSMOTIC_PRESSURE,UNAVAILABLE_CHARGE_PROTONATION_MG_BINDING_ABSENT,dc43bcec367f52105fe8d1ba328e59b064935df5faf8f880e078b212a40183df
re0000000213,tRNA aminoacylation / STATE_TRANSITION,aminoacylation,Aminoacylation_B_GlyGCC,Aminoacylation_B_GlyGCC:re81,EXTRACTED_EXACT_STOICHIOMETRY,STATE_TRANSITION,"{""GlyRS_Gly_tRNAGlyGCC"": 1.0}","{""Gly"": 1.0, ""GlyRS_degraded"": 1.0, ""tRNAGlyGCC"": 1.0}",re0000000213_k1,0.0,2.0,1.0,0.0,0.0,0.0,0.0,0.0,0.0,0.0,0.0,0.0,0.0,1.0,0.0,0.0,1.0,0.0,0.0,0.0,0.0,UNRESOLVED_FORMULAS_ABSENT,UNRESOLVED_BOUND_MOIETIES_NOT_ANNOTATED,STOICHIOMETRIC_PROXY_ONLY_NOT_VALIDATED_OSMOTIC_PRESSURE,UNAVAILABLE_CHARGE_PROTONATION_MG_BINDING_ABSENT,dc43bcec367f52105fe8d1ba328e59b064935df5faf8f880e078b212a40183df
re0000000214,tRNA aminoacylation / STATE_TRANSITION,aminoacylation,Aminoacylation_B_GlyGCC,Aminoacylation_B_GlyGCC:re82,EXTRACTED_EXACT_STOICHIOMETRY,STATE_TRANSITION,"{""GlyRS_Gly_ATP_tRNAGlyGCC"": 1.0}","{""ATP"": 1.0, ""Gly"": 1.0, ""GlyRS_degraded"": 1.0, ""tRNAGlyGCC"": 1.0}",re0000000214_k1,0.0,3.0,2.0,1.0,0.0,0.0,0.0,0.0,0.0,0.0,0.0,0.0,0.0,1.0,0.0,0.0,1.0,0.0,0.0,0.0,0.0,UNRESOLVED_FORMULAS_ABSENT,UNRESOLVED_BOUND_MOIETIES_NOT_ANNOTATED,STOICHIOMETRIC_PROXY_ONLY_NOT_VALIDATED_OSMOTIC_PRESSURE,UNAVAILABLE_CHARGE_PROTONATION_MG_BINDING_ABSENT,dc43bcec367f52105fe8d1ba328e59b064935df5faf8f880e078b212a40183df
re0000000215,tRNA aminoacylation / STATE_TRANSITION,aminoacylation,Aminoacylation_B_GlyGCC,Aminoacylation_B_GlyGCC:re83,EXTRACTED_EXACT_STOICHIOMETRY,STATE_TRANSITION,"{""GlyRS_GlyAMP_PPi_tRNAGlyGCC"": 1.0}","{""GlyAMP"": 1.0, ""GlyRS_degraded"": 1.0, ""PPi"": 1.0, ""tRNAGlyGCC"": 1.0}",re0000000215_k1,0.0,3.0,1.0,0.0,0.0,0.0,0.0,0.0,0.0,0.0,1.0,0.0,0.0,0.0,0.0,0.0,1.0,0.0,0.0,0.0,0.0,UNRESOLVED_FORMULAS_ABSENT,UNRESOLVED_BOUND_MOIETIES_NOT_ANNOTATED,STOICHIOMETRIC_PROXY_ONLY_NOT_VALIDATED_OSMOTIC_PRESSURE,UNAVAILABLE_CHARGE_PROTONATION_MG_BINDING_ABSENT,dc43bcec367f52105fe8d1ba328e59b064935df5faf8f880e078b212a40183df
re0000000216,tRNA aminoacylation / HETERODIMER_ASSOCIATION,aminoacylation,Aminoacylation_B_GlyGCC,Aminoacylation_B_GlyGCC:re88,EXTRACTED_EXACT_STOICHIOMETRY,HETERODIMER_ASSOCIATION,"{""Gly"": 1.0, ""tRNAGlyGCC"": 1.0}","{""GlytRNAGlyGCC"": 1.0}",re0000000216_k1,0.0,-1.0,-1.0,0.0,0.0,0.0,0.0,0.0,0.0,0.0,0.0,0.0,0.0,-1.0,0.0,0.0,-1.0,0.0,1.0,0.0,0.0,UNRESOLVED_FORMULAS_ABSENT,UNRESOLVED_BOUND_MOIETIES_NOT_ANNOTATED,STOICHIOMETRIC_PROXY_ONLY_NOT_VALIDATED_OSMOTIC_PRESSURE,UNAVAILABLE_CHARGE_PROTONATION_MG_BINDING_ABSENT,dc43bcec367f52105fe8d1ba328e59b064935df5faf8f880e078b212a40183df
re0000000217,tRNA aminoacylation / HETERODIMER_ASSOCIATION,aminoacylation,Aminoacylation_B_GlyGCC,Aminoacylation_B_GlyGCC:re89,EXTRACTED_EXACT_STOICHIOMETRY,HETERODIMER_ASSOCIATION,"{""GlyRS_GlyAMP_tRNAGlyGCC"": 1.0, ""PPi"": 1.0}","{""GlyRS_GlyAMP_PPi_tRNAGlyGCC"": 1.0}",re0000000217_k1,0.0,-1.0,-1.0,0.0,0.0,0.0,0.0,0.0,0.0,0.0,-1.0,0.0,0.0,0.0,0.0,0.0,0.0,0.0,0.0,0.0,0.0,UNRESOLVED_FORMULAS_ABSENT,UNRESOLVED_BOUND_MOIETIES_NOT_ANNOTATED,STOICHIOMETRIC_PROXY_ONLY_NOT_VALIDATED_OSMOTIC_PRESSURE,UNAVAILABLE_CHARGE_PROTONATION_MG_BINDING_ABSENT,dc43bcec367f52105fe8d1ba328e59b064935df5faf8f880e078b212a40183df
re0000000218,tRNA aminoacylation / DISSOCIATION,aminoacylation,Aminoacylation_B_fMetCAU,Aminoacylation_B_fMetCAU:re10,EXTRACTED_EXACT_STOICHIOMETRY,DISSOCIATION,"{""MettRNAfMetCAU"": 1.0}","{""Met"": 1.0, ""tRNAfMetCAU"": 1.0}",re0000000218_k1,0.0,1.0,1.0,0.0,0.0,0.0,0.0,0.0,0.0,0.0,0.0,0.0,0.0,0.0,1.0,0.0,0.0,1.0,0.0,-1.0,0.0,UNRESOLVED_FORMULAS_ABSENT,UNRESOLVED_BOUND_MOIETIES_NOT_ANNOTATED,STOICHIOMETRIC_PROXY_ONLY_NOT_VALIDATED_OSMOTIC_PRESSURE,UNAVAILABLE_CHARGE_PROTONATION_MG_BINDING_ABSENT,dc43bcec367f52105fe8d1ba328e59b064935df5faf8f880e078b212a40183df
re0000000219,tRNA aminoacylation / STATE_TRANSITION,aminoacylation,Aminoacylation_B_fMetCAU,Aminoacylation_B_fMetCAU:re25,EXTRACTED_EXACT_STOICHIOMETRY,STATE_TRANSITION,"{""MetRS_MetAMP_tRNAfMetCAU"": 1.0}","{""MetAMP"": 1.0, ""MetRS_degraded"": 1.0, ""tRNAfMetCAU"": 1.0}",re0000000219_k1,0.0,2.0,0,0.0,0.0,0.0,0.0,0.0,0.0,0.0,0.0,0.0,0.0,0.0,0.0,0.0,0.0,1.0,0.0,0.0,0.0,UNRESOLVED_FORMULAS_ABSENT,UNRESOLVED_BOUND_MOIETIES_NOT_ANNOTATED,STOICHIOMETRIC_PROXY_ONLY_NOT_VALIDATED_OSMOTIC_PRESSURE,UNAVAILABLE_CHARGE_PROTONATION_MG_BINDING_ABSENT,dc43bcec367f52105fe8d1ba328e59b064935df5faf8f880e078b212a40183df
re0000000220,tRNA aminoacylation / STATE_TRANSITION,aminoacylation,Aminoacylation_B_fMetCAU,Aminoacylation_B_fMetCAU:re38,EXTRACTED_EXACT_STOICHIOMETRY,STATE_TRANSITION,"{""MetRS_MetAMP_tRNAfMetCAU"": 1.0}","{""MetRS_AMP_MettRNAfMetCAU"": 1.0}",re0000000220_k1,13.7,0.0,0,0.0,0.0,0.0,0.0,0.0,0.0,0.0,0.0,0.0,0.0,0.0,0.0,0.0,0.0,0.0,0.0,0.0,0.0,UNRESOLVED_FORMULAS_ABSENT,UNRESOLVED_BOUND_MOIETIES_NOT_ANNOTATED,STOICHIOMETRIC_PROXY_ONLY_NOT_VALIDATED_OSMOTIC_PRESSURE,UNAVAILABLE_CHARGE_PROTONATION_MG_BINDING_ABSENT,dc43bcec367f52105fe8d1ba328e59b064935df5faf8f880e078b212a40183df
re0000000221,tRNA aminoacylation / STATE_TRANSITION,aminoacylation,Aminoacylation_B_fMetCAU,Aminoacylation_B_fMetCAU:re39,EXTRACTED_EXACT_STOICHIOMETRY,STATE_TRANSITION,"{""MetRS_AMP_MettRNAfMetCAU"": 1.0}","{""MetRS_MetAMP_tRNAfMetCAU"": 1.0}",re0000000221_k1,0.0,0.0,0,0.0,0.0,0.0,0.0,0.0,0.0,0.0,0.0,0.0,0.0,0.0,0.0,0.0,0.0,0.0,0.0,0.0,0.0,UNRESOLVED_FORMULAS_ABSENT,UNRESOLVED_BOUND_MOIETIES_NOT_ANNOTATED,STOICHIOMETRIC_PROXY_ONLY_NOT_VALIDATED_OSMOTIC_PRESSURE,UNAVAILABLE_CHARGE_PROTONATION_MG_BINDING_ABSENT,dc43bcec367f52105fe8d1ba328e59b064935df5faf8f880e078b212a40183df
re0000000222,tRNA aminoacylation / DISSOCIATION,aminoacylation,Aminoacylation_B_fMetCAU,Aminoacylation_B_fMetCAU:re40,EXTRACTED_EXACT_STOICHIOMETRY,DISSOCIATION,"{""MetRS_AMP_MettRNAfMetCAU"": 1.0}","{""AMP"": 1.0, ""MetRS_MettRNAfMetCAU"": 1.0}",re0000000222_k1,1000.0,1.0,1.0,0.0,0.0,1.0,0.0,0.0,0.0,0.0,0.0,0.0,0.0,0.0,0.0,0.0,0.0,0.0,0.0,0.0,0.0,UNRESOLVED_FORMULAS_ABSENT,UNRESOLVED_BOUND_MOIETIES_NOT_ANNOTATED,STOICHIOMETRIC_PROXY_ONLY_NOT_VALIDATED_OSMOTIC_PRESSURE,UNAVAILABLE_CHARGE_PROTONATION_MG_BINDING_ABSENT,dc43bcec367f52105fe8d1ba328e59b064935df5faf8f880e078b212a40183df
re0000000223,tRNA aminoacylation / HETERODIMER_ASSOCIATION,aminoacylation,Aminoacylation_B_fMetCAU,Aminoacylation_B_fMetCAU:re41,EXTRACTED_EXACT_STOICHIOMETRY,HETERODIMER_ASSOCIATION,"{""AMP"": 1.0, ""MetRS_MettRNAfMetCAU"": 1.0}","{""MetRS_AMP_MettRNAfMetCAU"": 1.0}",re0000000223_k1,0.0,-1.0,-1.0,0.0,0.0,-1.0,0.0,0.0,0.0,0.0,0.0,0.0,0.0,0.0,0.0,0.0,0.0,0.0,0.0,0.0,0.0,UNRESOLVED_FORMULAS_ABSENT,UNRESOLVED_BOUND_MOIETIES_NOT_ANNOTATED,STOICHIOMETRIC_PROXY_ONLY_NOT_VALIDATED_OSMOTIC_PRESSURE,UNAVAILABLE_CHARGE_PROTONATION_MG_BINDING_ABSENT,dc43bcec367f52105fe8d1ba328e59b064935df5faf8f880e078b212a40183df
re0000000224,tRNA aminoacylation / DISSOCIATION,aminoacylation,Aminoacylation_B_fMetCAU,Aminoacylation_B_fMetCAU:re43,EXTRACTED_EXACT_STOICHIOMETRY,DISSOCIATION,"{""MetRS_AMP_MettRNAfMetCAU"": 1.0}","{""MetRS_AMP"": 1.0, ""MettRNAfMetCAU"": 1.0}",re0000000224_k1,1.685,1.0,0,0.0,0.0,0.0,0.0,0.0,0.0,0.0,0.0,0.0,0.0,0.0,0.0,0.0,0.0,0.0,0.0,1.0,0.0,UNRESOLVED_FORMULAS_ABSENT,UNRESOLVED_BOUND_MOIETIES_NOT_ANNOTATED,STOICHIOMETRIC_PROXY_ONLY_NOT_VALIDATED_OSMOTIC_PRESSURE,UNAVAILABLE_CHARGE_PROTONATION_MG_BINDING_ABSENT,dc43bcec367f52105fe8d1ba328e59b064935df5faf8f880e078b212a40183df
re0000000225,tRNA aminoacylation / HETERODIMER_ASSOCIATION,aminoacylation,Aminoacylation_B_fMetCAU,Aminoacylation_B_fMetCAU:re45,EXTRACTED_EXACT_STOICHIOMETRY,HETERODIMER_ASSOCIATION,"{""MetRS_AMP"": 1.0, ""MettRNAfMetCAU"": 1.0}","{""MetRS_AMP_MettRNAfMetCAU"": 1.0}",re0000000225_k1,5.6,-1.0,0,0.0,0.0,0.0,0.0,0.0,0.0,0.0,0.0,0.0,0.0,0.0,0.0,0.0,0.0,0.0,0.0,-1.0,0.0,UNRESOLVED_FORMULAS_ABSENT,UNRESOLVED_BOUND_MOIETIES_NOT_ANNOTATED,STOICHIOMETRIC_PROXY_ONLY_NOT_VALIDATED_OSMOTIC_PRESSURE,UNAVAILABLE_CHARGE_PROTONATION_MG_BINDING_ABSENT,dc43bcec367f52105fe8d1ba328e59b064935df5faf8f880e078b212a40183df
re0000000226,tRNA aminoacylation / DISSOCIATION,aminoacylation,Aminoacylation_B_fMetCAU,Aminoacylation_B_fMetCAU:re48,EXTRACTED_EXACT_STOICHIOMETRY,DISSOCIATION,"{""MetRS_MettRNAfMetCAU"": 1.0}","{""MetRS"": 1.0, ""MettRNAfMetCAU"": 1.0}",re0000000226_k1,1.685,1.0,0,0.0,0.0,0.0,0.0,0.0,0.0,0.0,0.0,0.0,0.0,0.0,0.0,0.0,0.0,0.0,0.0,1.0,0.0,UNRESOLVED_FORMULAS_ABSENT,UNRESOLVED_BOUND_MOIETIES_NOT_ANNOTATED,STOICHIOMETRIC_PROXY_ONLY_NOT_VALIDATED_OSMOTIC_PRESSURE,UNAVAILABLE_CHARGE_PROTONATION_MG_BINDING_ABSENT,dc43bcec367f52105fe8d1ba328e59b064935df5faf8f880e078b212a40183df
re0000000227,tRNA aminoacylation / HETERODIMER_ASSOCIATION,aminoacylation,Aminoacylation_B_fMetCAU,Aminoacylation_B_fMetCAU:re49,EXTRACTED_EXACT_STOICHIOMETRY,HETERODIMER_ASSOCIATION,"{""MetRS"": 1.0, ""MettRNAfMetCAU"": 1.0}","{""MetRS_MettRNAfMetCAU"": 1.0}",re0000000227_k1,5.6,-1.0,0,0.0,0.0,0.0,0.0,0.0,0.0,0.0,0.0,0.0,0.0,0.0,0.0,0.0,0.0,0.0,0.0,-1.0,0.0,UNRESOLVED_FORMULAS_ABSENT,UNRESOLVED_BOUND_MOIETIES_NOT_ANNOTATED,STOICHIOMETRIC_PROXY_ONLY_NOT_VALIDATED_OSMOTIC_PRESSURE,UNAVAILABLE_CHARGE_PROTONATION_MG_BINDING_ABSENT,dc43bcec367f52105fe8d1ba328e59b064935df5faf8f880e078b212a40183df
re0000000228,tRNA aminoacylation / STATE_TRANSITION,aminoacylation,Aminoacylation_B_fMetCAU,Aminoacylation_B_fMetCAU:re50,EXTRACTED_EXACT_STOICHIOMETRY,STATE_TRANSITION,"{""MetRS_AMP_MettRNAfMetCAU"": 1.0}","{""AMP"": 1.0, ""MetRS_degraded"": 1.0, ""MettRNAfMetCAU"": 1.0}",re0000000228_k1,0.0,2.0,1.0,0.0,0.0,1.0,0.0,0.0,0.0,0.0,0.0,0.0,0.0,0.0,0.0,0.0,0.0,0.0,0.0,1.0,0.0,UNRESOLVED_FORMULAS_ABSENT,UNRESOLVED_BOUND_MOIETIES_NOT_ANNOTATED,STOICHIOMETRIC_PROXY_ONLY_NOT_VALIDATED_OSMOTIC_PRESSURE,UNAVAILABLE_CHARGE_PROTONATION_MG_BINDING_ABSENT,dc43bcec367f52105fe8d1ba328e59b064935df5faf8f880e078b212a40183df
re0000000229,tRNA aminoacylation / STATE_TRANSITION,aminoacylation,Aminoacylation_B_fMetCAU,Aminoacylation_B_fMetCAU:re51,EXTRACTED_EXACT_STOICHIOMETRY,STATE_TRANSITION,"{""MetRS_MettRNAfMetCAU"": 1.0}","{""MetRS_degraded"": 1.0, ""MettRNAfMetCAU"": 1.0}",re0000000229_k1,0.0,1.0,0,0.0,0.0,0.0,0.0,0.0,0.0,0.0,0.0,0.0,0.0,0.0,0.0,0.0,0.0,0.0,0.0,1.0,0.0,UNRESOLVED_FORMULAS_ABSENT,UNRESOLVED_BOUND_MOIETIES_NOT_ANNOTATED,STOICHIOMETRIC_PROXY_ONLY_NOT_VALIDATED_OSMOTIC_PRESSURE,UNAVAILABLE_CHARGE_PROTONATION_MG_BINDING_ABSENT,dc43bcec367f52105fe8d1ba328e59b064935df5faf8f880e078b212a40183df
re0000000230,tRNA aminoacylation / HETERODIMER_ASSOCIATION,aminoacylation,Aminoacylation_B_fMetCAU,Aminoacylation_B_fMetCAU:re53,EXTRACTED_EXACT_STOICHIOMETRY,HETERODIMER_ASSOCIATION,"{""Met"": 1.0, ""MetRS_tRNAfMetCAU"": 1.0}","{""MetRS_Met_tRNAfMetCAU"": 1.0}",re0000000230_k1,5.0,-1.0,-1.0,0.0,0.0,0.0,0.0,0.0,0.0,0.0,0.0,0.0,0.0,0.0,-1.0,0.0,0.0,0.0,0.0,0.0,0.0,UNRESOLVED_FORMULAS_ABSENT,UNRESOLVED_BOUND_MOIETIES_NOT_ANNOTATED,STOICHIOMETRIC_PROXY_ONLY_NOT_VALIDATED_OSMOTIC_PRESSURE,UNAVAILABLE_CHARGE_PROTONATION_MG_BINDING_ABSENT,dc43bcec367f52105fe8d1ba328e59b064935df5faf8f880e078b212a40183df
re0000000231,tRNA aminoacylation / DISSOCIATION,aminoacylation,Aminoacylation_B_fMetCAU,Aminoacylation_B_fMetCAU:re54,EXTRACTED_EXACT_STOICHIOMETRY,DISSOCIATION,"{""MetRS_MetAMP_PPi_tRNAfMetCAU"": 1.0}","{""MetRS_MetAMP_tRNAfMetCAU"": 1.0, ""PPi"": 1.0}",re0000000231_k1,1000.0,1.0,1.0,0.0,0.0,0.0,0.0,0.0,0.0,0.0,1.0,0.0,0.0,0.0,0.0,0.0,0.0,0.0,0.0,0.0,0.0,UNRESOLVED_FORMULAS_ABSENT,UNRESOLVED_BOUND_MOIETIES_NOT_ANNOTATED,STOICHIOMETRIC_PROXY_ONLY_NOT_VALIDATED_OSMOTIC_PRESSURE,UNAVAILABLE_CHARGE_PROTONATION_MG_BINDING_ABSENT,dc43bcec367f52105fe8d1ba328e59b064935df5faf8f880e078b212a40183df
re0000000232,tRNA aminoacylation / DISSOCIATION,aminoacylation,Aminoacylation_B_fMetCAU,Aminoacylation_B_fMetCAU:re55,EXTRACTED_EXACT_STOICHIOMETRY,DISSOCIATION,"{""MetRS_Met_tRNAfMetCAU"": 1.0}","{""Met"": 1.0, ""MetRS_tRNAfMetCAU"": 1.0}",re0000000232_k1,350.0,1.0,1.0,0.0,0.0,0.0,0.0,0.0,0.0,0.0,0.0,0.0,0.0,0.0,1.0,0.0,0.0,0.0,0.0,0.0,0.0,UNRESOLVED_FORMULAS_ABSENT,UNRESOLVED_BOUND_MOIETIES_NOT_ANNOTATED,STOICHIOMETRIC_PROXY_ONLY_NOT_VALIDATED_OSMOTIC_PRESSURE,UNAVAILABLE_CHARGE_PROTONATION_MG_BINDING_ABSENT,dc43bcec367f52105fe8d1ba328e59b064935df5faf8f880e078b212a40183df
re0000000233,tRNA aminoacylation / HETERODIMER_ASSOCIATION,aminoacylation,Aminoacylation_B_fMetCAU,Aminoacylation_B_fMetCAU:re56,EXTRACTED_EXACT_STOICHIOMETRY,HETERODIMER_ASSOCIATION,"{""ATP"": 1.0, ""MetRS_tRNAfMetCAU"": 1.0}","{""MetRS_ATP_tRNAfMetCAU"": 1.0}",re0000000233_k1,10.0,-1.0,-1.0,-1.0,0.0,0.0,0.0,0.0,0.0,0.0,0.0,0.0,0.0,0.0,0.0,0.0,0.0,0.0,0.0,0.0,0.0,UNRESOLVED_FORMULAS_ABSENT,UNRESOLVED_BOUND_MOIETIES_NOT_ANNOTATED,STOICHIOMETRIC_PROXY_ONLY_NOT_VALIDATED_OSMOTIC_PRESSURE,UNAVAILABLE_CHARGE_PROTONATION_MG_BINDING_ABSENT,dc43bcec367f52105fe8d1ba328e59b064935df5faf8f880e078b212a40183df
re0000000234,tRNA aminoacylation / DISSOCIATION,aminoacylation,Aminoacylation_B_fMetCAU,Aminoacylation_B_fMetCAU:re57,EXTRACTED_EXACT_STOICHIOMETRY,DISSOCIATION,"{""MetRS_ATP_tRNAfMetCAU"": 1.0}","{""ATP"": 1.0, ""MetRS_tRNAfMetCAU"": 1.0}",re0000000234_k1,2500.0,1.0,1.0,1.0,0.0,0.0,0.0,0.0,0.0,0.0,0.0,0.0,0.0,0.0,0.0,0.0,0.0,0.0,0.0,0.0,0.0,UNRESOLVED_FORMULAS_ABSENT,UNRESOLVED_BOUND_MOIETIES_NOT_ANNOTATED,STOICHIOMETRIC_PROXY_ONLY_NOT_VALIDATED_OSMOTIC_PRESSURE,UNAVAILABLE_CHARGE_PROTONATION_MG_BINDING_ABSENT,dc43bcec367f52105fe8d1ba328e59b064935df5faf8f880e078b212a40183df
re0000000235,tRNA aminoacylation / HETERODIMER_ASSOCIATION,aminoacylation,Aminoacylation_B_fMetCAU,Aminoacylation_B_fMetCAU:re58,EXTRACTED_EXACT_STOICHIOMETRY,HETERODIMER_ASSOCIATION,"{""Met"": 1.0, ""MetRS_ATP_tRNAfMetCAU"": 1.0}","{""MetRS_Met_ATP_tRNAfMetCAU"": 1.0}",re0000000235_k1,5.0,-1.0,-1.0,0.0,0.0,0.0,0.0,0.0,0.0,0.0,0.0,0.0,0.0,0.0,-1.0,0.0,0.0,0.0,0.0,0.0,0.0,UNRESOLVED_FORMULAS_ABSENT,UNRESOLVED_BOUND_MOIETIES_NOT_ANNOTATED,STOICHIOMETRIC_PROXY_ONLY_NOT_VALIDATED_OSMOTIC_PRESSURE,UNAVAILABLE_CHARGE_PROTONATION_MG_BINDING_ABSENT,dc43bcec367f52105fe8d1ba328e59b064935df5faf8f880e078b212a40183df
re0000000236,tRNA aminoacylation / DISSOCIATION,aminoacylation,Aminoacylation_B_fMetCAU,Aminoacylation_B_fMetCAU:re59,EXTRACTED_EXACT_STOICHIOMETRY,DISSOCIATION,"{""MetRS_Met_ATP_tRNAfMetCAU"": 1.0}","{""Met"": 1.0, ""MetRS_ATP_tRNAfMetCAU"": 1.0}",re0000000236_k1,350.0,1.0,1.0,0.0,0.0,0.0,0.0,0.0,0.0,0.0,0.0,0.0,0.0,0.0,1.0,0.0,0.0,0.0,0.0,0.0,0.0,UNRESOLVED_FORMULAS_ABSENT,UNRESOLVED_BOUND_MOIETIES_NOT_ANNOTATED,STOICHIOMETRIC_PROXY_ONLY_NOT_VALIDATED_OSMOTIC_PRESSURE,UNAVAILABLE_CHARGE_PROTONATION_MG_BINDING_ABSENT,dc43bcec367f52105fe8d1ba328e59b064935df5faf8f880e078b212a40183df
re0000000237,tRNA aminoacylation / HETERODIMER_ASSOCIATION,aminoacylation,Aminoacylation_B_fMetCAU,Aminoacylation_B_fMetCAU:re60,EXTRACTED_EXACT_STOICHIOMETRY,HETERODIMER_ASSOCIATION,"{""ATP"": 1.0, ""MetRS_Met_tRNAfMetCAU"": 1.0}","{""MetRS_Met_ATP_tRNAfMetCAU"": 1.0}",re0000000237_k1,10.0,-1.0,-1.0,-1.0,0.0,0.0,0.0,0.0,0.0,0.0,0.0,0.0,0.0,0.0,0.0,0.0,0.0,0.0,0.0,0.0,0.0,UNRESOLVED_FORMULAS_ABSENT,UNRESOLVED_BOUND_MOIETIES_NOT_ANNOTATED,STOICHIOMETRIC_PROXY_ONLY_NOT_VALIDATED_OSMOTIC_PRESSURE,UNAVAILABLE_CHARGE_PROTONATION_MG_BINDING_ABSENT,dc43bcec367f52105fe8d1ba328e59b064935df5faf8f880e078b212a40183df
re0000000238,tRNA aminoacylation / DISSOCIATION,aminoacylation,Aminoacylation_B_fMetCAU,Aminoacylation_B_fMetCAU:re61,EXTRACTED_EXACT_STOICHIOMETRY,DISSOCIATION,"{""MetRS_Met_ATP_tRNAfMetCAU"": 1.0}","{""ATP"": 1.0, ""MetRS_Met_tRNAfMetCAU"": 1.0}",re0000000238_k1,2500.0,1.0,1.0,1.0,0.0,0.0,0.0,0.0,0.0,0.0,0.0,0.0,0.0,0.0,0.0,0.0,0.0,0.0,0.0,0.0,0.0,UNRESOLVED_FORMULAS_ABSENT,UNRESOLVED_BOUND_MOIETIES_NOT_ANNOTATED,STOICHIOMETRIC_PROXY_ONLY_NOT_VALIDATED_OSMOTIC_PRESSURE,UNAVAILABLE_CHARGE_PROTONATION_MG_BINDING_ABSENT,dc43bcec367f52105fe8d1ba328e59b064935df5faf8f880e078b212a40183df
re0000000239,tRNA aminoacylation / STATE_TRANSITION,aminoacylation,Aminoacylation_B_fMetCAU,Aminoacylation_B_fMetCAU:re62,EXTRACTED_EXACT_STOICHIOMETRY,STATE_TRANSITION,"{""MetRS_Met_ATP_tRNAfMetCAU"": 1.0}","{""MetRS_MetAMP_PPi_tRNAfMetCAU"": 1.0}",re0000000239_k1,200.0,0.0,0,0.0,0.0,0.0,0.0,0.0,0.0,0.0,0.0,0.0,0.0,0.0,0.0,0.0,0.0,0.0,0.0,0.0,0.0,UNRESOLVED_FORMULAS_ABSENT,UNRESOLVED_BOUND_MOIETIES_NOT_ANNOTATED,STOICHIOMETRIC_PROXY_ONLY_NOT_VALIDATED_OSMOTIC_PRESSURE,UNAVAILABLE_CHARGE_PROTONATION_MG_BINDING_ABSENT,dc43bcec367f52105fe8d1ba328e59b064935df5faf8f880e078b212a40183df
re0000000240,tRNA aminoacylation / STATE_TRANSITION,aminoacylation,Aminoacylation_B_fMetCAU,Aminoacylation_B_fMetCAU:re63,EXTRACTED_EXACT_STOICHIOMETRY,STATE_TRANSITION,"{""MetRS_MetAMP_PPi_tRNAfMetCAU"": 1.0}","{""MetRS_Met_ATP_tRNAfMetCAU"": 1.0}",re0000000240_k1,0.0,0.0,0,0.0,0.0,0.0,0.0,0.0,0.0,0.0,0.0,0.0,0.0,0.0,0.0,0.0,0.0,0.0,0.0,0.0,0.0,UNRESOLVED_FORMULAS_ABSENT,UNRESOLVED_BOUND_MOIETIES_NOT_ANNOTATED,STOICHIOMETRIC_PROXY_ONLY_NOT_VALIDATED_OSMOTIC_PRESSURE,UNAVAILABLE_CHARGE_PROTONATION_MG_BINDING_ABSENT,dc43bcec367f52105fe8d1ba328e59b064935df5faf8f880e078b212a40183df
re0000000241,tRNA aminoacylation / HETERODIMER_ASSOCIATION,aminoacylation,Aminoacylation_B_fMetCAU,Aminoacylation_B_fMetCAU:re64,EXTRACTED_EXACT_STOICHIOMETRY,HETERODIMER_ASSOCIATION,"{""MetRS"": 1.0, ""tRNAfMetCAU"": 1.0}","{""MetRS_tRNAfMetCAU"": 1.0}",re0000000241_k1,50.0,-1.0,0,0.0,0.0,0.0,0.0,0.0,0.0,0.0,0.0,0.0,0.0,0.0,0.0,0.0,0.0,-1.0,0.0,0.0,0.0,UNRESOLVED_FORMULAS_ABSENT,UNRESOLVED_BOUND_MOIETIES_NOT_ANNOTATED,STOICHIOMETRIC_PROXY_ONLY_NOT_VALIDATED_OSMOTIC_PRESSURE,UNAVAILABLE_CHARGE_PROTONATION_MG_BINDING_ABSENT,dc43bcec367f52105fe8d1ba328e59b064935df5faf8f880e078b212a40183df
re0000000242,tRNA aminoacylation / HETERODIMER_ASSOCIATION,aminoacylation,Aminoacylation_B_fMetCAU,Aminoacylation_B_fMetCAU:re65,EXTRACTED_EXACT_STOICHIOMETRY,HETERODIMER_ASSOCIATION,"{""MetRS_Met"": 1.0, ""tRNAfMetCAU"": 1.0}","{""MetRS_Met_tRNAfMetCAU"": 1.0}",re0000000242_k1,50.0,-1.0,0,0.0,0.0,0.0,0.0,0.0,0.0,0.0,0.0,0.0,0.0,0.0,0.0,0.0,0.0,-1.0,0.0,0.0,0.0,UNRESOLVED_FORMULAS_ABSENT,UNRESOLVED_BOUND_MOIETIES_NOT_ANNOTATED,STOICHIOMETRIC_PROXY_ONLY_NOT_VALIDATED_OSMOTIC_PRESSURE,UNAVAILABLE_CHARGE_PROTONATION_MG_BINDING_ABSENT,dc43bcec367f52105fe8d1ba328e59b064935df5faf8f880e078b212a40183df
re0000000243,tRNA aminoacylation / DISSOCIATION,aminoacylation,Aminoacylation_B_fMetCAU,Aminoacylation_B_fMetCAU:re66,EXTRACTED_EXACT_STOICHIOMETRY,DISSOCIATION,"{""MetRS_tRNAfMetCAU"": 1.0}","{""MetRS"": 1.0, ""tRNAfMetCAU"": 1.0}",re0000000243_k1,150.0,1.0,0,0.0,0.0,0.0,0.0,0.0,0.0,0.0,0.0,0.0,0.0,0.0,0.0,0.0,0.0,1.0,0.0,0.0,0.0,UNRESOLVED_FORMULAS_ABSENT,UNRESOLVED_BOUND_MOIETIES_NOT_ANNOTATED,STOICHIOMETRIC_PROXY_ONLY_NOT_VALIDATED_OSMOTIC_PRESSURE,UNAVAILABLE_CHARGE_PROTONATION_MG_BINDING_ABSENT,dc43bcec367f52105fe8d1ba328e59b064935df5faf8f880e078b212a40183df
re0000000244,tRNA aminoacylation / DISSOCIATION,aminoacylation,Aminoacylation_B_fMetCAU,Aminoacylation_B_fMetCAU:re67,EXTRACTED_EXACT_STOICHIOMETRY,DISSOCIATION,"{""MetRS_Met_tRNAfMetCAU"": 1.0}","{""MetRS_Met"": 1.0, ""tRNAfMetCAU"": 1.0}",re0000000244_k1,150.0,1.0,0,0.0,0.0,0.0,0.0,0.0,0.0,0.0,0.0,0.0,0.0,0.0,0.0,0.0,0.0,1.0,0.0,0.0,0.0,UNRESOLVED_FORMULAS_ABSENT,UNRESOLVED_BOUND_MOIETIES_NOT_ANNOTATED,STOICHIOMETRIC_PROXY_ONLY_NOT_VALIDATED_OSMOTIC_PRESSURE,UNAVAILABLE_CHARGE_PROTONATION_MG_BINDING_ABSENT,dc43bcec367f52105fe8d1ba328e59b064935df5faf8f880e078b212a40183df
re0000000245,tRNA aminoacylation / HETERODIMER_ASSOCIATION,aminoacylation,Aminoacylation_B_fMetCAU,Aminoacylation_B_fMetCAU:re68,EXTRACTED_EXACT_STOICHIOMETRY,HETERODIMER_ASSOCIATION,"{""MetRS_ATP"": 1.0, ""tRNAfMetCAU"": 1.0}","{""MetRS_ATP_tRNAfMetCAU"": 1.0}",re0000000245_k1,50.0,-1.0,0,0.0,0.0,0.0,0.0,0.0,0.0,0.0,0.0,0.0,0.0,0.0,0.0,0.0,0.0,-1.0,0.0,0.0,0.0,UNRESOLVED_FORMULAS_ABSENT,UNRESOLVED_BOUND_MOIETIES_NOT_ANNOTATED,STOICHIOMETRIC_PROXY_ONLY_NOT_VALIDATED_OSMOTIC_PRESSURE,UNAVAILABLE_CHARGE_PROTONATION_MG_BINDING_ABSENT,dc43bcec367f52105fe8d1ba328e59b064935df5faf8f880e078b212a40183df
re0000000246,tRNA aminoacylation / DISSOCIATION,aminoacylation,Aminoacylation_B_fMetCAU,Aminoacylation_B_fMetCAU:re69,EXTRACTED_EXACT_STOICHIOMETRY,DISSOCIATION,"{""MetRS_ATP_tRNAfMetCAU"": 1.0}","{""MetRS_ATP"": 1.0, ""tRNAfMetCAU"": 1.0}",re0000000246_k1,150.0,1.0,0,0.0,0.0,0.0,0.0,0.0,0.0,0.0,0.0,0.0,0.0,0.0,0.0,0.0,0.0,1.0,0.0,0.0,0.0,UNRESOLVED_FORMULAS_ABSENT,UNRESOLVED_BOUND_MOIETIES_NOT_ANNOTATED,STOICHIOMETRIC_PROXY_ONLY_NOT_VALIDATED_OSMOTIC_PRESSURE,UNAVAILABLE_CHARGE_PROTONATION_MG_BINDING_ABSENT,dc43bcec367f52105fe8d1ba328e59b064935df5faf8f880e078b212a40183df
re0000000247,tRNA aminoacylation / HETERODIMER_ASSOCIATION,aminoacylation,Aminoacylation_B_fMetCAU,Aminoacylation_B_fMetCAU:re71,EXTRACTED_EXACT_STOICHIOMETRY,HETERODIMER_ASSOCIATION,"{""MetRS_Met_ATP"": 1.0, ""tRNAfMetCAU"": 1.0}","{""MetRS_Met_ATP_tRNAfMetCAU"": 1.0}",re0000000247_k1,50.0,-1.0,0,0.0,0.0,0.0,0.0,0.0,0.0,0.0,0.0,0.0,0.0,0.0,0.0,0.0,0.0,-1.0,0.0,0.0,0.0,UNRESOLVED_FORMULAS_ABSENT,UNRESOLVED_BOUND_MOIETIES_NOT_ANNOTATED,STOICHIOMETRIC_PROXY_ONLY_NOT_VALIDATED_OSMOTIC_PRESSURE,UNAVAILABLE_CHARGE_PROTONATION_MG_BINDING_ABSENT,dc43bcec367f52105fe8d1ba328e59b064935df5faf8f880e078b212a40183df
re0000000248,tRNA aminoacylation / DISSOCIATION,aminoacylation,Aminoacylation_B_fMetCAU,Aminoacylation_B_fMetCAU:re72,EXTRACTED_EXACT_STOICHIOMETRY,DISSOCIATION,"{""MetRS_Met_ATP_tRNAfMetCAU"": 1.0}","{""MetRS_Met_ATP"": 1.0, ""tRNAfMetCAU"": 1.0}",re0000000248_k1,150.0,1.0,0,0.0,0.0,0.0,0.0,0.0,0.0,0.0,0.0,0.0,0.0,0.0,0.0,0.0,0.0,1.0,0.0,0.0,0.0,UNRESOLVED_FORMULAS_ABSENT,UNRESOLVED_BOUND_MOIETIES_NOT_ANNOTATED,STOICHIOMETRIC_PROXY_ONLY_NOT_VALIDATED_OSMOTIC_PRESSURE,UNAVAILABLE_CHARGE_PROTONATION_MG_BINDING_ABSENT,dc43bcec367f52105fe8d1ba328e59b064935df5faf8f880e078b212a40183df
re0000000249,tRNA aminoacylation / HETERODIMER_ASSOCIATION,aminoacylation,Aminoacylation_B_fMetCAU,Aminoacylation_B_fMetCAU:re73,EXTRACTED_EXACT_STOICHIOMETRY,HETERODIMER_ASSOCIATION,"{""MetRS_MetAMP_PPi"": 1.0, ""tRNAfMetCAU"": 1.0}","{""MetRS_MetAMP_PPi_tRNAfMetCAU"": 1.0}",re0000000249_k1,50.0,-1.0,0,0.0,0.0,0.0,0.0,0.0,0.0,0.0,0.0,0.0,0.0,0.0,0.0,0.0,0.0,-1.0,0.0,0.0,0.0,UNRESOLVED_FORMULAS_ABSENT,UNRESOLVED_BOUND_MOIETIES_NOT_ANNOTATED,STOICHIOMETRIC_PROXY_ONLY_NOT_VALIDATED_OSMOTIC_PRESSURE,UNAVAILABLE_CHARGE_PROTONATION_MG_BINDING_ABSENT,dc43bcec367f52105fe8d1ba328e59b064935df5faf8f880e078b212a40183df
re0000000250,tRNA aminoacylation / DISSOCIATION,aminoacylation,Aminoacylation_B_fMetCAU,Aminoacylation_B_fMetCAU:re74,EXTRACTED_EXACT_STOICHIOMETRY,DISSOCIATION,"{""MetRS_MetAMP_PPi_tRNAfMetCAU"": 1.0}","{""MetRS_MetAMP_PPi"": 1.0, ""tRNAfMetCAU"": 1.0}",re0000000250_k1,150.0,1.0,0,0.0,0.0,0.0,0.0,0.0,0.0,0.0,0.0,0.0,0.0,0.0,0.0,0.0,0.0,1.0,0.0,0.0,0.0,UNRESOLVED_FORMULAS_ABSENT,UNRESOLVED_BOUND_MOIETIES_NOT_ANNOTATED,STOICHIOMETRIC_PROXY_ONLY_NOT_VALIDATED_OSMOTIC_PRESSURE,UNAVAILABLE_CHARGE_PROTONATION_MG_BINDING_ABSENT,dc43bcec367f52105fe8d1ba328e59b064935df5faf8f880e078b212a40183df
re0000000251,tRNA aminoacylation / HETERODIMER_ASSOCIATION,aminoacylation,Aminoacylation_B_fMetCAU,Aminoacylation_B_fMetCAU:re75,EXTRACTED_EXACT_STOICHIOMETRY,HETERODIMER_ASSOCIATION,"{""MetRS_MetAMP"": 1.0, ""tRNAfMetCAU"": 1.0}","{""MetRS_MetAMP_tRNAfMetCAU"": 1.0}",re0000000251_k1,50.0,-1.0,0,0.0,0.0,0.0,0.0,0.0,0.0,0.0,0.0,0.0,0.0,0.0,0.0,0.0,0.0,-1.0,0.0,0.0,0.0,UNRESOLVED_FORMULAS_ABSENT,UNRESOLVED_BOUND_MOIETIES_NOT_ANNOTATED,STOICHIOMETRIC_PROXY_ONLY_NOT_VALIDATED_OSMOTIC_PRESSURE,UNAVAILABLE_CHARGE_PROTONATION_MG_BINDING_ABSENT,dc43bcec367f52105fe8d1ba328e59b064935df5faf8f880e078b212a40183df
re0000000252,tRNA aminoacylation / DISSOCIATION,aminoacylation,Aminoacylation_B_fMetCAU,Aminoacylation_B_fMetCAU:re76,EXTRACTED_EXACT_STOICHIOMETRY,DISSOCIATION,"{""MetRS_MetAMP_tRNAfMetCAU"": 1.0}","{""MetRS_MetAMP"": 1.0, ""tRNAfMetCAU"": 1.0}",re0000000252_k1,150.0,1.0,0,0.0,0.0,0.0,0.0,0.0,0.0,0.0,0.0,0.0,0.0,0.0,0.0,0.0,0.0,1.0,0.0,0.0,0.0,UNRESOLVED_FORMULAS_ABSENT,UNRESOLVED_BOUND_MOIETIES_NOT_ANNOTATED,STOICHIOMETRIC_PROXY_ONLY_NOT_VALIDATED_OSMOTIC_PRESSURE,UNAVAILABLE_CHARGE_PROTONATION_MG_BINDING_ABSENT,dc43bcec367f52105fe8d1ba328e59b064935df5faf8f880e078b212a40183df
re0000000253,tRNA aminoacylation / STATE_TRANSITION,aminoacylation,Aminoacylation_B_fMetCAU,Aminoacylation_B_fMetCAU:re79,EXTRACTED_EXACT_STOICHIOMETRY,STATE_TRANSITION,"{""MetRS_tRNAfMetCAU"": 1.0}","{""MetRS_degraded"": 1.0, ""tRNAfMetCAU"": 1.0}",re0000000253_k1,0.0,1.0,0,0.0,0.0,0.0,0.0,0.0,0.0,0.0,0.0,0.0,0.0,0.0,0.0,0.0,0.0,1.0,0.0,0.0,0.0,UNRESOLVED_FORMULAS_ABSENT,UNRESOLVED_BOUND_MOIETIES_NOT_ANNOTATED,STOICHIOMETRIC_PROXY_ONLY_NOT_VALIDATED_OSMOTIC_PRESSURE,UNAVAILABLE_CHARGE_PROTONATION_MG_BINDING_ABSENT,dc43bcec367f52105fe8d1ba328e59b064935df5faf8f880e078b212a40183df
re0000000254,tRNA aminoacylation / STATE_TRANSITION,aminoacylation,Aminoacylation_B_fMetCAU,Aminoacylation_B_fMetCAU:re80,EXTRACTED_EXACT_STOICHIOMETRY,STATE_TRANSITION,"{""MetRS_ATP_tRNAfMetCAU"": 1.0}","{""ATP"": 1.0, ""MetRS_degraded"": 1.0, ""tRNAfMetCAU"": 1.0}",re0000000254_k1,0.0,2.0,1.0,1.0,0.0,0.0,0.0,0.0,0.0,0.0,0.0,0.0,0.0,0.0,0.0,0.0,0.0,1.0,0.0,0.0,0.0,UNRESOLVED_FORMULAS_ABSENT,UNRESOLVED_BOUND_MOIETIES_NOT_ANNOTATED,STOICHIOMETRIC_PROXY_ONLY_NOT_VALIDATED_OSMOTIC_PRESSURE,UNAVAILABLE_CHARGE_PROTONATION_MG_BINDING_ABSENT,dc43bcec367f52105fe8d1ba328e59b064935df5faf8f880e078b212a40183df
re0000000255,tRNA aminoacylation / STATE_TRANSITION,aminoacylation,Aminoacylation_B_fMetCAU,Aminoacylation_B_fMetCAU:re81,EXTRACTED_EXACT_STOICHIOMETRY,STATE_TRANSITION,"{""MetRS_Met_tRNAfMetCAU"": 1.0}","{""Met"": 1.0, ""MetRS_degraded"": 1.0, ""tRNAfMetCAU"": 1.0}",re0000000255_k1,0.0,2.0,1.0,0.0,0.0,0.0,0.0,0.0,0.0,0.0,0.0,0.0,0.0,0.0,1.0,0.0,0.0,1.0,0.0,0.0,0.0,UNRESOLVED_FORMULAS_ABSENT,UNRESOLVED_BOUND_MOIETIES_NOT_ANNOTATED,STOICHIOMETRIC_PROXY_ONLY_NOT_VALIDATED_OSMOTIC_PRESSURE,UNAVAILABLE_CHARGE_PROTONATION_MG_BINDING_ABSENT,dc43bcec367f52105fe8d1ba328e59b064935df5faf8f880e078b212a40183df
re0000000256,tRNA aminoacylation / STATE_TRANSITION,aminoacylation,Aminoacylation_B_fMetCAU,Aminoacylation_B_fMetCAU:re82,EXTRACTED_EXACT_STOICHIOMETRY,STATE_TRANSITION,"{""MetRS_Met_ATP_tRNAfMetCAU"": 1.0}","{""ATP"": 1.0, ""Met"": 1.0, ""MetRS_degraded"": 1.0, ""tRNAfMetCAU"": 1.0}",re0000000256_k1,0.0,3.0,2.0,1.0,0.0,0.0,0.0,0.0,0.0,0.0,0.0,0.0,0.0,0.0,1.0,0.0,0.0,1.0,0.0,0.0,0.0,UNRESOLVED_FORMULAS_ABSENT,UNRESOLVED_BOUND_MOIETIES_NOT_ANNOTATED,STOICHIOMETRIC_PROXY_ONLY_NOT_VALIDATED_OSMOTIC_PRESSURE,UNAVAILABLE_CHARGE_PROTONATION_MG_BINDING_ABSENT,dc43bcec367f52105fe8d1ba328e59b064935df5faf8f880e078b212a40183df
re0000000257,tRNA aminoacylation / STATE_TRANSITION,aminoacylation,Aminoacylation_B_fMetCAU,Aminoacylation_B_fMetCAU:re83,EXTRACTED_EXACT_STOICHIOMETRY,STATE_TRANSITION,"{""MetRS_MetAMP_PPi_tRNAfMetCAU"": 1.0}","{""MetAMP"": 1.0, ""MetRS_degraded"": 1.0, ""PPi"": 1.0, ""tRNAfMetCAU"": 1.0}",re0000000257_k1,0.0,3.0,1.0,0.0,0.0,0.0,0.0,0.0,0.0,0.0,1.0,0.0,0.0,0.0,0.0,0.0,0.0,1.0,0.0,0.0,0.0,UNRESOLVED_FORMULAS_ABSENT,UNRESOLVED_BOUND_MOIETIES_NOT_ANNOTATED,STOICHIOMETRIC_PROXY_ONLY_NOT_VALIDATED_OSMOTIC_PRESSURE,UNAVAILABLE_CHARGE_PROTONATION_MG_BINDING_ABSENT,dc43bcec367f52105fe8d1ba328e59b064935df5faf8f880e078b212a40183df
re0000000258,shared chemistry / ambiguous subsystem attribution / STATE_TRANSITION,aminoacylation;elongation,Aminoacylation_B_fMetCAU;Elongation_A_Met,Aminoacylation_B_fMetCAU:re87;Elongation_A_Met:re44,AMBIGUOUS_MULTIPLE_SUBSYSTEMS,STATE_TRANSITION,"{""MettRNAfMetCAU"": 1.0}","{""MettRNAfMetCAU_degraded"": 1.0}",re0000000258_k1,0.0,0.0,0,0.0,0.0,0.0,0.0,0.0,0.0,0.0,0.0,0.0,0.0,0.0,0.0,0.0,0.0,0.0,0.0,-1.0,0.0,UNRESOLVED_FORMULAS_ABSENT,UNRESOLVED_BOUND_MOIETIES_NOT_ANNOTATED,STOICHIOMETRIC_PROXY_ONLY_NOT_VALIDATED_OSMOTIC_PRESSURE,UNAVAILABLE_CHARGE_PROTONATION_MG_BINDING_ABSENT,dc43bcec367f52105fe8d1ba328e59b064935df5faf8f880e078b212a40183df
re0000000259,tRNA aminoacylation / HETERODIMER_ASSOCIATION,aminoacylation,Aminoacylation_B_fMetCAU,Aminoacylation_B_fMetCAU:re88,EXTRACTED_EXACT_STOICHIOMETRY,HETERODIMER_ASSOCIATION,"{""Met"": 1.0, ""tRNAfMetCAU"": 1.0}","{""MettRNAfMetCAU"": 1.0}",re0000000259_k1,0.0,-1.0,-1.0,0.0,0.0,0.0,0.0,0.0,0.0,0.0,0.0,0.0,0.0,0.0,-1.0,0.0,0.0,-1.0,0.0,1.0,0.0,UNRESOLVED_FORMULAS_ABSENT,UNRESOLVED_BOUND_MOIETIES_NOT_ANNOTATED,STOICHIOMETRIC_PROXY_ONLY_NOT_VALIDATED_OSMOTIC_PRESSURE,UNAVAILABLE_CHARGE_PROTONATION_MG_BINDING_ABSENT,dc43bcec367f52105fe8d1ba328e59b064935df5faf8f880e078b212a40183df
re0000000260,tRNA aminoacylation / HETERODIMER_ASSOCIATION,aminoacylation,Aminoacylation_B_fMetCAU,Aminoacylation_B_fMetCAU:re89,EXTRACTED_EXACT_STOICHIOMETRY,HETERODIMER_ASSOCIATION,"{""MetRS_MetAMP_tRNAfMetCAU"": 1.0, ""PPi"": 1.0}","{""MetRS_MetAMP_PPi_tRNAfMetCAU"": 1.0}",re0000000260_k1,0.0,-1.0,-1.0,0.0,0.0,0.0,0.0,0.0,0.0,0.0,-1.0,0.0,0.0,0.0,0.0,0.0,0.0,0.0,0.0,0.0,0.0,UNRESOLVED_FORMULAS_ABSENT,UNRESOLVED_BOUND_MOIETIES_NOT_ANNOTATED,STOICHIOMETRIC_PROXY_ONLY_NOT_VALIDATED_OSMOTIC_PRESSURE,UNAVAILABLE_CHARGE_PROTONATION_MG_BINDING_ABSENT,dc43bcec367f52105fe8d1ba328e59b064935df5faf8f880e078b212a40183df
re0000000261,shared chemistry / ambiguous subsystem attribution / HETERODIMER_ASSOCIATION,elongation,Elongation_A_Gly;Elongation_A_Met,Elongation_A_Gly:re25;Elongation_A_Met:re25,AMBIGUOUS_MULTIPLE_SUBSYSTEMS,HETERODIMER_ASSOCIATION,"{""EFTs"": 1.0, ""EFTu"": 1.0}","{""EFTu_EFTs"": 1.0}",re0000000261_k1,10.0,-1.0,0,0.0,0.0,0.0,0.0,0.0,0.0,0.0,0.0,0.0,0.0,0.0,0.0,0.0,0.0,0.0,0.0,0.0,0.0,UNRESOLVED_FORMULAS_ABSENT,UNRESOLVED_BOUND_MOIETIES_NOT_ANNOTATED,STOICHIOMETRIC_PROXY_ONLY_NOT_VALIDATED_OSMOTIC_PRESSURE,UNAVAILABLE_CHARGE_PROTONATION_MG_BINDING_ABSENT,dc43bcec367f52105fe8d1ba328e59b064935df5faf8f880e078b212a40183df
re0000000262,shared chemistry / ambiguous subsystem attribution / DISSOCIATION,elongation,Elongation_A_Gly;Elongation_A_Met,Elongation_A_Gly:re26;Elongation_A_Met:re26,AMBIGUOUS_MULTIPLE_SUBSYSTEMS,DISSOCIATION,"{""EFTu_EFTs"": 1.0}","{""EFTs"": 1.0, ""EFTu"": 1.0}",re0000000262_k1,0.03,1.0,0,0.0,0.0,0.0,0.0,0.0,0.0,0.0,0.0,0.0,0.0,0.0,0.0,0.0,0.0,0.0,0.0,0.0,0.0,UNRESOLVED_FORMULAS_ABSENT,UNRESOLVED_BOUND_MOIETIES_NOT_ANNOTATED,STOICHIOMETRIC_PROXY_ONLY_NOT_VALIDATED_OSMOTIC_PRESSURE,UNAVAILABLE_CHARGE_PROTONATION_MG_BINDING_ABSENT,dc43bcec367f52105fe8d1ba328e59b064935df5faf8f880e078b212a40183df
re0000000263,shared chemistry / ambiguous subsystem attribution / HETERODIMER_ASSOCIATION,elongation,Elongation_A_Gly;Elongation_A_Met,Elongation_A_Gly:re27;Elongation_A_Met:re27,AMBIGUOUS_MULTIPLE_SUBSYSTEMS,HETERODIMER_ASSOCIATION,"{""EFTu_EFTs"": 1.0, ""GDP"": 1.0}","{""EFTu_GDP_EFTs"": 1.0}",re0000000263_k1,14.0,-1.0,-1.0,0.0,0.0,0.0,0.0,-1.0,0.0,0.0,0.0,0.0,0.0,0.0,0.0,0.0,0.0,0.0,0.0,0.0,0.0,UNRESOLVED_FORMULAS_ABSENT,UNRESOLVED_BOUND_MOIETIES_NOT_ANNOTATED,STOICHIOMETRIC_PROXY_ONLY_NOT_VALIDATED_OSMOTIC_PRESSURE,UNAVAILABLE_CHARGE_PROTONATION_MG_BINDING_ABSENT,dc43bcec367f52105fe8d1ba328e59b064935df5faf8f880e078b212a40183df
re0000000264,shared chemistry / ambiguous subsystem attribution / DISSOCIATION,elongation,Elongation_A_Gly;Elongation_A_Met,Elongation_A_Gly:re28;Elongation_A_Met:re28,AMBIGUOUS_MULTIPLE_SUBSYSTEMS,DISSOCIATION,"{""EFTu_GDP_EFTs"": 1.0}","{""EFTu_EFTs"": 1.0, ""GDP"": 1.0}",re0000000264_k1,125.0,1.0,1.0,0.0,0.0,0.0,0.0,1.0,0.0,0.0,0.0,0.0,0.0,0.0,0.0,0.0,0.0,0.0,0.0,0.0,0.0,UNRESOLVED_FORMULAS_ABSENT,UNRESOLVED_BOUND_MOIETIES_NOT_ANNOTATED,STOICHIOMETRIC_PROXY_ONLY_NOT_VALIDATED_OSMOTIC_PRESSURE,UNAVAILABLE_CHARGE_PROTONATION_MG_BINDING_ABSENT,dc43bcec367f52105fe8d1ba328e59b064935df5faf8f880e078b212a40183df
re0000000265,shared chemistry / ambiguous subsystem attribution / DISSOCIATION,elongation,Elongation_A_Gly;Elongation_A_Met,Elongation_A_Gly:re29;Elongation_A_Met:re29,AMBIGUOUS_MULTIPLE_SUBSYSTEMS,DISSOCIATION,"{""EFTu_GDP_EFTs"": 1.0}","{""EFTs"": 1.0, ""EFTu_GDP"": 1.0}",re0000000265_k1,350.0,1.0,0,0.0,0.0,0.0,0.0,0.0,0.0,0.0,0.0,0.0,0.0,0.0,0.0,0.0,0.0,0.0,0.0,0.0,0.0,UNRESOLVED_FORMULAS_ABSENT,UNRESOLVED_BOUND_MOIETIES_NOT_ANNOTATED,STOICHIOMETRIC_PROXY_ONLY_NOT_VALIDATED_OSMOTIC_PRESSURE,UNAVAILABLE_CHARGE_PROTONATION_MG_BINDING_ABSENT,dc43bcec367f52105fe8d1ba328e59b064935df5faf8f880e078b212a40183df
re0000000266,shared chemistry / ambiguous subsystem attribution / HETERODIMER_ASSOCIATION,elongation,Elongation_A_Gly;Elongation_A_Met,Elongation_A_Gly:re30;Elongation_A_Met:re30,AMBIGUOUS_MULTIPLE_SUBSYSTEMS,HETERODIMER_ASSOCIATION,"{""EFTs"": 1.0, ""EFTu_GDP"": 1.0}","{""EFTu_GDP_EFTs"": 1.0}",re0000000266_k1,60.0,-1.0,0,0.0,0.0,0.0,0.0,0.0,0.0,0.0,0.0,0.0,0.0,0.0,0.0,0.0,0.0,0.0,0.0,0.0,0.0,UNRESOLVED_FORMULAS_ABSENT,UNRESOLVED_BOUND_MOIETIES_NOT_ANNOTATED,STOICHIOMETRIC_PROXY_ONLY_NOT_VALIDATED_OSMOTIC_PRESSURE,UNAVAILABLE_CHARGE_PROTONATION_MG_BINDING_ABSENT,dc43bcec367f52105fe8d1ba328e59b064935df5faf8f880e078b212a40183df
re0000000267,shared chemistry / ambiguous subsystem attribution / DISSOCIATION,elongation,Elongation_A_Gly;Elongation_A_Met,Elongation_A_Gly:re31;Elongation_A_Met:re31,AMBIGUOUS_MULTIPLE_SUBSYSTEMS,DISSOCIATION,"{""EFTu_GDP"": 1.0}","{""EFTu"": 1.0, ""GDP"": 1.0}",re0000000267_k1,0.002,1.0,1.0,0.0,0.0,0.0,0.0,1.0,0.0,0.0,0.0,0.0,0.0,0.0,0.0,0.0,0.0,0.0,0.0,0.0,0.0,UNRESOLVED_FORMULAS_ABSENT,UNRESOLVED_BOUND_MOIETIES_NOT_ANNOTATED,STOICHIOMETRIC_PROXY_ONLY_NOT_VALIDATED_OSMOTIC_PRESSURE,UNAVAILABLE_CHARGE_PROTONATION_MG_BINDING_ABSENT,dc43bcec367f52105fe8d1ba328e59b064935df5faf8f880e078b212a40183df
re0000000268,shared chemistry / ambiguous subsystem attribution / HETERODIMER_ASSOCIATION,elongation,Elongation_A_Gly;Elongation_A_Met,Elongation_A_Gly:re32;Elongation_A_Met:re32,AMBIGUOUS_MULTIPLE_SUBSYSTEMS,HETERODIMER_ASSOCIATION,"{""EFTu"": 1.0, ""GDP"": 1.0}","{""EFTu_GDP"": 1.0}",re0000000268_k1,2.0,-1.0,-1.0,0.0,0.0,0.0,0.0,-1.0,0.0,0.0,0.0,0.0,0.0,0.0,0.0,0.0,0.0,0.0,0.0,0.0,0.0,UNRESOLVED_FORMULAS_ABSENT,UNRESOLVED_BOUND_MOIETIES_NOT_ANNOTATED,STOICHIOMETRIC_PROXY_ONLY_NOT_VALIDATED_OSMOTIC_PRESSURE,UNAVAILABLE_CHARGE_PROTONATION_MG_BINDING_ABSENT,dc43bcec367f52105fe8d1ba328e59b064935df5faf8f880e078b212a40183df
re0000000269,shared chemistry / ambiguous subsystem attribution / HETERODIMER_ASSOCIATION,elongation,Elongation_A_Gly;Elongation_A_Met,Elongation_A_Gly:re33;Elongation_A_Met:re33,AMBIGUOUS_MULTIPLE_SUBSYSTEMS,HETERODIMER_ASSOCIATION,"{""EFTu_EFTs"": 1.0, ""GTP"": 1.0}","{""EFTu_GTP_EFTs"": 1.0}",re0000000269_k1,6.0,-1.0,-1.0,0.0,0.0,0.0,-1.0,0.0,0.0,0.0,0.0,0.0,0.0,0.0,0.0,0.0,0.0,0.0,0.0,0.0,0.0,UNRESOLVED_FORMULAS_ABSENT,UNRESOLVED_BOUND_MOIETIES_NOT_ANNOTATED,STOICHIOMETRIC_PROXY_ONLY_NOT_VALIDATED_OSMOTIC_PRESSURE,UNAVAILABLE_CHARGE_PROTONATION_MG_BINDING_ABSENT,dc43bcec367f52105fe8d1ba328e59b064935df5faf8f880e078b212a40183df
re0000000270,shared chemistry / ambiguous subsystem attribution / DISSOCIATION,elongation,Elongation_A_Gly;Elongation_A_Met,Elongation_A_Gly:re34;Elongation_A_Met:re34,AMBIGUOUS_MULTIPLE_SUBSYSTEMS,DISSOCIATION,"{""EFTu_GTP_EFTs"": 1.0}","{""EFTu_EFTs"": 1.0, ""GTP"": 1.0}",re0000000270_k1,85.0,1.0,1.0,0.0,0.0,0.0,1.0,0.0,0.0,0.0,0.0,0.0,0.0,0.0,0.0,0.0,0.0,0.0,0.0,0.0,0.0,UNRESOLVED_FORMULAS_ABSENT,UNRESOLVED_BOUND_MOIETIES_NOT_ANNOTATED,STOICHIOMETRIC_PROXY_ONLY_NOT_VALIDATED_OSMOTIC_PRESSURE,UNAVAILABLE_CHARGE_PROTONATION_MG_BINDING_ABSENT,dc43bcec367f52105fe8d1ba328e59b064935df5faf8f880e078b212a40183df
re0000000271,shared chemistry / ambiguous subsystem attribution / DISSOCIATION,elongation,Elongation_A_Gly;Elongation_A_Met,Elongation_A_Gly:re36;Elongation_A_Met:re36,AMBIGUOUS_MULTIPLE_SUBSYSTEMS,DISSOCIATION,"{""EFTu_GTP_EFTs"": 1.0}","{""EFTs"": 1.0, ""EFTu_GTP"": 1.0}",re0000000271_k1,60.0,1.0,0,0.0,0.0,0.0,0.0,0.0,0.0,0.0,0.0,0.0,0.0,0.0,0.0,0.0,0.0,0.0,0.0,0.0,0.0,UNRESOLVED_FORMULAS_ABSENT,UNRESOLVED_BOUND_MOIETIES_NOT_ANNOTATED,STOICHIOMETRIC_PROXY_ONLY_NOT_VALIDATED_OSMOTIC_PRESSURE,UNAVAILABLE_CHARGE_PROTONATION_MG_BINDING_ABSENT,dc43bcec367f52105fe8d1ba328e59b064935df5faf8f880e078b212a40183df
re0000000272,shared chemistry / ambiguous subsystem attribution / HETERODIMER_ASSOCIATION,elongation,Elongation_A_Gly;Elongation_A_Met,Elongation_A_Gly:re37;Elongation_A_Met:re37,AMBIGUOUS_MULTIPLE_SUBSYSTEMS,HETERODIMER_ASSOCIATION,"{""EFTs"": 1.0, ""EFTu_GTP"": 1.0}","{""EFTu_GTP_EFTs"": 1.0}",re0000000272_k1,30.0,-1.0,0,0.0,0.0,0.0,0.0,0.0,0.0,0.0,0.0,0.0,0.0,0.0,0.0,0.0,0.0,0.0,0.0,0.0,0.0,UNRESOLVED_FORMULAS_ABSENT,UNRESOLVED_BOUND_MOIETIES_NOT_ANNOTATED,STOICHIOMETRIC_PROXY_ONLY_NOT_VALIDATED_OSMOTIC_PRESSURE,UNAVAILABLE_CHARGE_PROTONATION_MG_BINDING_ABSENT,dc43bcec367f52105fe8d1ba328e59b064935df5faf8f880e078b212a40183df
re0000000273,shared chemistry / ambiguous subsystem attribution / HETERODIMER_ASSOCIATION,elongation,Elongation_A_Gly;Elongation_A_Met,Elongation_A_Gly:re38;Elongation_A_Met:re38,AMBIGUOUS_MULTIPLE_SUBSYSTEMS,HETERODIMER_ASSOCIATION,"{""EFTu"": 1.0, ""GTP"": 1.0}","{""EFTu_GTP"": 1.0}",re0000000273_k1,0.5,-1.0,-1.0,0.0,0.0,0.0,-1.0,0.0,0.0,0.0,0.0,0.0,0.0,0.0,0.0,0.0,0.0,0.0,0.0,0.0,0.0,UNRESOLVED_FORMULAS_ABSENT,UNRESOLVED_BOUND_MOIETIES_NOT_ANNOTATED,STOICHIOMETRIC_PROXY_ONLY_NOT_VALIDATED_OSMOTIC_PRESSURE,UNAVAILABLE_CHARGE_PROTONATION_MG_BINDING_ABSENT,dc43bcec367f52105fe8d1ba328e59b064935df5faf8f880e078b212a40183df
re0000000274,shared chemistry / ambiguous subsystem attribution / DISSOCIATION,elongation,Elongation_A_Gly;Elongation_A_Met,Elongation_A_Gly:re39;Elongation_A_Met:re39,AMBIGUOUS_MULTIPLE_SUBSYSTEMS,DISSOCIATION,"{""EFTu_GTP"": 1.0}","{""EFTu"": 1.0, ""GTP"": 1.0}",re0000000274_k1,0.03,1.0,1.0,0.0,0.0,0.0,1.0,0.0,0.0,0.0,0.0,0.0,0.0,0.0,0.0,0.0,0.0,0.0,0.0,0.0,0.0,UNRESOLVED_FORMULAS_ABSENT,UNRESOLVED_BOUND_MOIETIES_NOT_ANNOTATED,STOICHIOMETRIC_PROXY_ONLY_NOT_VALIDATED_OSMOTIC_PRESSURE,UNAVAILABLE_CHARGE_PROTONATION_MG_BINDING_ABSENT,dc43bcec367f52105fe8d1ba328e59b064935df5faf8f880e078b212a40183df
re0000000275,elongation / translocation / HETERODIMER_ASSOCIATION,elongation,Elongation_A_Gly,Elongation_A_Gly:re40,EXTRACTED_EXACT_STOICHIOMETRY,HETERODIMER_ASSOCIATION,"{""EFTu_GTP"": 1.0, ""GlytRNAGlyGCC"": 1.0}","{""EFTu_GTP_GlytRNAGlyGCC"": 1.0}",re0000000275_k1,1.5,-1.0,0,0.0,0.0,0.0,0.0,0.0,0.0,0.0,0.0,0.0,0.0,0.0,0.0,0.0,0.0,0.0,-1.0,0.0,0.0,UNRESOLVED_FORMULAS_ABSENT,UNRESOLVED_BOUND_MOIETIES_NOT_ANNOTATED,STOICHIOMETRIC_PROXY_ONLY_NOT_VALIDATED_OSMOTIC_PRESSURE,UNAVAILABLE_CHARGE_PROTONATION_MG_BINDING_ABSENT,dc43bcec367f52105fe8d1ba328e59b064935df5faf8f880e078b212a40183df
re0000000276,elongation / translocation / DISSOCIATION,elongation,Elongation_A_Gly,Elongation_A_Gly:re41,EXTRACTED_EXACT_STOICHIOMETRY,DISSOCIATION,"{""EFTu_GTP_GlytRNAGlyGCC"": 1.0}","{""EFTu_GTP"": 1.0, ""GlytRNAGlyGCC"": 1.0}",re0000000276_k1,0.0013,1.0,0,0.0,0.0,0.0,0.0,0.0,0.0,0.0,0.0,0.0,0.0,0.0,0.0,0.0,0.0,0.0,1.0,0.0,0.0,UNRESOLVED_FORMULAS_ABSENT,UNRESOLVED_BOUND_MOIETIES_NOT_ANNOTATED,STOICHIOMETRIC_PROXY_ONLY_NOT_VALIDATED_OSMOTIC_PRESSURE,UNAVAILABLE_CHARGE_PROTONATION_MG_BINDING_ABSENT,dc43bcec367f52105fe8d1ba328e59b064935df5faf8f880e078b212a40183df
re0000000277,shared chemistry / ambiguous subsystem attribution / STATE_TRANSITION,elongation,Elongation_A_Gly;Elongation_A_Met,Elongation_A_Gly:re43;Elongation_A_Met:re43,AMBIGUOUS_MULTIPLE_SUBSYSTEMS,STATE_TRANSITION,"{""EFTs"": 1.0}","{""EFTs_degraded"": 1.0}",re0000000277_k1,0.0,0.0,0,0.0,0.0,0.0,0.0,0.0,0.0,0.0,0.0,0.0,0.0,0.0,0.0,0.0,0.0,0.0,0.0,0.0,0.0,UNRESOLVED_FORMULAS_ABSENT,UNRESOLVED_BOUND_MOIETIES_NOT_ANNOTATED,STOICHIOMETRIC_PROXY_ONLY_NOT_VALIDATED_OSMOTIC_PRESSURE,UNAVAILABLE_CHARGE_PROTONATION_MG_BINDING_ABSENT,dc43bcec367f52105fe8d1ba328e59b064935df5faf8f880e078b212a40183df
re0000000278,shared chemistry / ambiguous subsystem attribution / STATE_TRANSITION,elongation,Elongation_A_Gly;Elongation_A_Met,Elongation_A_Gly:re45;Elongation_A_Met:re45,AMBIGUOUS_MULTIPLE_SUBSYSTEMS,STATE_TRANSITION,"{""EFTu_GTP"": 1.0}","{""EFTu_degraded"": 1.0, ""GTP"": 1.0}",re0000000278_k1,0.0,1.0,1.0,0.0,0.0,0.0,1.0,0.0,0.0,0.0,0.0,0.0,0.0,0.0,0.0,0.0,0.0,0.0,0.0,0.0,0.0,UNRESOLVED_FORMULAS_ABSENT,UNRESOLVED_BOUND_MOIETIES_NOT_ANNOTATED,STOICHIOMETRIC_PROXY_ONLY_NOT_VALIDATED_OSMOTIC_PRESSURE,UNAVAILABLE_CHARGE_PROTONATION_MG_BINDING_ABSENT,dc43bcec367f52105fe8d1ba328e59b064935df5faf8f880e078b212a40183df
re0000000279,shared chemistry / ambiguous subsystem attribution / STATE_TRANSITION,elongation,Elongation_A_Gly;Elongation_A_Met,Elongation_A_Gly:re46;Elongation_A_Met:re46,AMBIGUOUS_MULTIPLE_SUBSYSTEMS,STATE_TRANSITION,"{""EFTu_GDP"": 1.0}","{""EFTu_degraded"": 1.0, ""GDP"": 1.0}",re0000000279_k1,0.0,1.0,1.0,0.0,0.0,0.0,0.0,1.0,0.0,0.0,0.0,0.0,0.0,0.0,0.0,0.0,0.0,0.0,0.0,0.0,0.0,UNRESOLVED_FORMULAS_ABSENT,UNRESOLVED_BOUND_MOIETIES_NOT_ANNOTATED,STOICHIOMETRIC_PROXY_ONLY_NOT_VALIDATED_OSMOTIC_PRESSURE,UNAVAILABLE_CHARGE_PROTONATION_MG_BINDING_ABSENT,dc43bcec367f52105fe8d1ba328e59b064935df5faf8f880e078b212a40183df
re0000000280,shared chemistry / ambiguous subsystem attribution / STATE_TRANSITION,elongation,Elongation_A_Gly;Elongation_A_Met,Elongation_A_Gly:re47;Elongation_A_Met:re47,AMBIGUOUS_MULTIPLE_SUBSYSTEMS,STATE_TRANSITION,"{""EFTu_EFTs"": 1.0}","{""EFTs"": 1.0, ""EFTu_degraded"": 1.0}",re0000000280_k1,0.0,1.0,0,0.0,0.0,0.0,0.0,0.0,0.0,0.0,0.0,0.0,0.0,0.0,0.0,0.0,0.0,0.0,0.0,0.0,0.0,UNRESOLVED_FORMULAS_ABSENT,UNRESOLVED_BOUND_MOIETIES_NOT_ANNOTATED,STOICHIOMETRIC_PROXY_ONLY_NOT_VALIDATED_OSMOTIC_PRESSURE,UNAVAILABLE_CHARGE_PROTONATION_MG_BINDING_ABSENT,dc43bcec367f52105fe8d1ba328e59b064935df5faf8f880e078b212a40183df
re0000000281,shared chemistry / ambiguous subsystem attribution / STATE_TRANSITION,elongation,Elongation_A_Gly;Elongation_A_Met,Elongation_A_Gly:re48;Elongation_A_Met:re48,AMBIGUOUS_MULTIPLE_SUBSYSTEMS,STATE_TRANSITION,"{""EFTu_EFTs"": 1.0}","{""EFTs_degraded"": 1.0, ""EFTu"": 1.0}",re0000000281_k1,0.0,1.0,0,0.0,0.0,0.0,0.0,0.0,0.0,0.0,0.0,0.0,0.0,0.0,0.0,0.0,0.0,0.0,0.0,0.0,0.0,UNRESOLVED_FORMULAS_ABSENT,UNRESOLVED_BOUND_MOIETIES_NOT_ANNOTATED,STOICHIOMETRIC_PROXY_ONLY_NOT_VALIDATED_OSMOTIC_PRESSURE,UNAVAILABLE_CHARGE_PROTONATION_MG_BINDING_ABSENT,dc43bcec367f52105fe8d1ba328e59b064935df5faf8f880e078b212a40183df
re0000000282,shared chemistry / ambiguous subsystem attribution / STATE_TRANSITION,elongation,Elongation_A_Gly;Elongation_A_Met,Elongation_A_Gly:re49;Elongation_A_Met:re49,AMBIGUOUS_MULTIPLE_SUBSYSTEMS,STATE_TRANSITION,"{""EFTu_GDP_EFTs"": 1.0}","{""EFTs"": 1.0, ""EFTu_degraded"": 1.0, ""GDP"": 1.0}",re0000000282_k1,0.0,2.0,1.0,0.0,0.0,0.0,0.0,1.0,0.0,0.0,0.0,0.0,0.0,0.0,0.0,0.0,0.0,0.0,0.0,0.0,0.0,UNRESOLVED_FORMULAS_ABSENT,UNRESOLVED_BOUND_MOIETIES_NOT_ANNOTATED,STOICHIOMETRIC_PROXY_ONLY_NOT_VALIDATED_OSMOTIC_PRESSURE,UNAVAILABLE_CHARGE_PROTONATION_MG_BINDING_ABSENT,dc43bcec367f52105fe8d1ba328e59b064935df5faf8f880e078b212a40183df
re0000000283,shared chemistry / ambiguous subsystem attribution / STATE_TRANSITION,elongation,Elongation_A_Gly;Elongation_A_Met,Elongation_A_Gly:re50;Elongation_A_Met:re50,AMBIGUOUS_MULTIPLE_SUBSYSTEMS,STATE_TRANSITION,"{""EFTu_GDP_EFTs"": 1.0}","{""EFTs_degraded"": 1.0, ""EFTu"": 1.0, ""GDP"": 1.0}",re0000000283_k1,0.0,2.0,1.0,0.0,0.0,0.0,0.0,1.0,0.0,0.0,0.0,0.0,0.0,0.0,0.0,0.0,0.0,0.0,0.0,0.0,0.0,UNRESOLVED_FORMULAS_ABSENT,UNRESOLVED_BOUND_MOIETIES_NOT_ANNOTATED,STOICHIOMETRIC_PROXY_ONLY_NOT_VALIDATED_OSMOTIC_PRESSURE,UNAVAILABLE_CHARGE_PROTONATION_MG_BINDING_ABSENT,dc43bcec367f52105fe8d1ba328e59b064935df5faf8f880e078b212a40183df
re0000000284,shared chemistry / ambiguous subsystem attribution / STATE_TRANSITION,elongation,Elongation_A_Gly;Elongation_A_Met,Elongation_A_Gly:re51;Elongation_A_Met:re51,AMBIGUOUS_MULTIPLE_SUBSYSTEMS,STATE_TRANSITION,"{""EFTu_GTP_EFTs"": 1.0}","{""EFTs"": 1.0, ""EFTu_degraded"": 1.0, ""GTP"": 1.0}",re0000000284_k1,0.0,2.0,1.0,0.0,0.0,0.0,1.0,0.0,0.0,0.0,0.0,0.0,0.0,0.0,0.0,0.0,0.0,0.0,0.0,0.0,0.0,UNRESOLVED_FORMULAS_ABSENT,UNRESOLVED_BOUND_MOIETIES_NOT_ANNOTATED,STOICHIOMETRIC_PROXY_ONLY_NOT_VALIDATED_OSMOTIC_PRESSURE,UNAVAILABLE_CHARGE_PROTONATION_MG_BINDING_ABSENT,dc43bcec367f52105fe8d1ba328e59b064935df5faf8f880e078b212a40183df
re0000000285,shared chemistry / ambiguous subsystem attribution / STATE_TRANSITION,elongation,Elongation_A_Gly;Elongation_A_Met,Elongation_A_Gly:re52;Elongation_A_Met:re52,AMBIGUOUS_MULTIPLE_SUBSYSTEMS,STATE_TRANSITION,"{""EFTu_GTP_EFTs"": 1.0}","{""EFTs_degraded"": 1.0, ""EFTu"": 1.0, ""GTP"": 1.0}",re0000000285_k1,0.0,2.0,1.0,0.0,0.0,0.0,1.0,0.0,0.0,0.0,0.0,0.0,0.0,0.0,0.0,0.0,0.0,0.0,0.0,0.0,0.0,UNRESOLVED_FORMULAS_ABSENT,UNRESOLVED_BOUND_MOIETIES_NOT_ANNOTATED,STOICHIOMETRIC_PROXY_ONLY_NOT_VALIDATED_OSMOTIC_PRESSURE,UNAVAILABLE_CHARGE_PROTONATION_MG_BINDING_ABSENT,dc43bcec367f52105fe8d1ba328e59b064935df5faf8f880e078b212a40183df
re0000000286,elongation / translocation / STATE_TRANSITION,elongation,Elongation_A_Gly,Elongation_A_Gly:re53,EXTRACTED_EXACT_STOICHIOMETRY,STATE_TRANSITION,"{""EFTu_GTP_GlytRNAGlyGCC"": 1.0}","{""EFTu_degraded"": 1.0, ""GTP"": 1.0, ""GlytRNAGlyGCC"": 1.0}",re0000000286_k1,0.0,2.0,1.0,0.0,0.0,0.0,1.0,0.0,0.0,0.0,0.0,0.0,0.0,0.0,0.0,0.0,0.0,0.0,1.0,0.0,0.0,UNRESOLVED_FORMULAS_ABSENT,UNRESOLVED_BOUND_MOIETIES_NOT_ANNOTATED,STOICHIOMETRIC_PROXY_ONLY_NOT_VALIDATED_OSMOTIC_PRESSURE,UNAVAILABLE_CHARGE_PROTONATION_MG_BINDING_ABSENT,dc43bcec367f52105fe8d1ba328e59b064935df5faf8f880e078b212a40183df
re0000000287,elongation / translocation / STATE_TRANSITION,elongation,Elongation_A_Gly,Elongation_A_Gly:re54,EXTRACTED_EXACT_STOICHIOMETRY,STATE_TRANSITION,"{""EFTu_GTP_GlytRNAGlyGCC"": 1.0}","{""EFTu"": 1.0, ""GTP"": 1.0, ""GlytRNAGlyGCC_degraded"": 1.0}",re0000000287_k1,0.0,2.0,1.0,0.0,0.0,0.0,1.0,0.0,0.0,0.0,0.0,0.0,0.0,0.0,0.0,0.0,0.0,0.0,0.0,0.0,0.0,UNRESOLVED_FORMULAS_ABSENT,UNRESOLVED_BOUND_MOIETIES_NOT_ANNOTATED,STOICHIOMETRIC_PROXY_ONLY_NOT_VALIDATED_OSMOTIC_PRESSURE,UNAVAILABLE_CHARGE_PROTONATION_MG_BINDING_ABSENT,dc43bcec367f52105fe8d1ba328e59b064935df5faf8f880e078b212a40183df
re0000000288,elongation / translocation / HETERODIMER_ASSOCIATION,elongation,Elongation_A_Met,Elongation_A_Met:re40,EXTRACTED_EXACT_STOICHIOMETRY,HETERODIMER_ASSOCIATION,"{""EFTu_GTP"": 1.0, ""MettRNAfMetCAU"": 1.0}","{""EFTu_GTP_MettRNAfMetCAU"": 1.0}",re0000000288_k1,1.5,-1.0,0,0.0,0.0,0.0,0.0,0.0,0.0,0.0,0.0,0.0,0.0,0.0,0.0,0.0,0.0,0.0,0.0,-1.0,0.0,UNRESOLVED_FORMULAS_ABSENT,UNRESOLVED_BOUND_MOIETIES_NOT_ANNOTATED,STOICHIOMETRIC_PROXY_ONLY_NOT_VALIDATED_OSMOTIC_PRESSURE,UNAVAILABLE_CHARGE_PROTONATION_MG_BINDING_ABSENT,dc43bcec367f52105fe8d1ba328e59b064935df5faf8f880e078b212a40183df
re0000000289,elongation / translocation / DISSOCIATION,elongation,Elongation_A_Met,Elongation_A_Met:re41,EXTRACTED_EXACT_STOICHIOMETRY,DISSOCIATION,"{""EFTu_GTP_MettRNAfMetCAU"": 1.0}","{""EFTu_GTP"": 1.0, ""MettRNAfMetCAU"": 1.0}",re0000000289_k1,0.0453,1.0,0,0.0,0.0,0.0,0.0,0.0,0.0,0.0,0.0,0.0,0.0,0.0,0.0,0.0,0.0,0.0,0.0,1.0,0.0,UNRESOLVED_FORMULAS_ABSENT,UNRESOLVED_BOUND_MOIETIES_NOT_ANNOTATED,STOICHIOMETRIC_PROXY_ONLY_NOT_VALIDATED_OSMOTIC_PRESSURE,UNAVAILABLE_CHARGE_PROTONATION_MG_BINDING_ABSENT,dc43bcec367f52105fe8d1ba328e59b064935df5faf8f880e078b212a40183df
re0000000290,elongation / translocation / STATE_TRANSITION,elongation,Elongation_A_Met,Elongation_A_Met:re53,EXTRACTED_EXACT_STOICHIOMETRY,STATE_TRANSITION,"{""EFTu_GTP_MettRNAfMetCAU"": 1.0}","{""EFTu_degraded"": 1.0, ""GTP"": 1.0, ""MettRNAfMetCAU"": 1.0}",re0000000290_k1,0.0,2.0,1.0,0.0,0.0,0.0,1.0,0.0,0.0,0.0,0.0,0.0,0.0,0.0,0.0,0.0,0.0,0.0,0.0,1.0,0.0,UNRESOLVED_FORMULAS_ABSENT,UNRESOLVED_BOUND_MOIETIES_NOT_ANNOTATED,STOICHIOMETRIC_PROXY_ONLY_NOT_VALIDATED_OSMOTIC_PRESSURE,UNAVAILABLE_CHARGE_PROTONATION_MG_BINDING_ABSENT,dc43bcec367f52105fe8d1ba328e59b064935df5faf8f880e078b212a40183df
re0000000291,elongation / translocation / STATE_TRANSITION,elongation,Elongation_A_Met,Elongation_A_Met:re54,EXTRACTED_EXACT_STOICHIOMETRY,STATE_TRANSITION,"{""EFTu_GTP_MettRNAfMetCAU"": 1.0}","{""EFTu"": 1.0, ""GTP"": 1.0, ""MettRNAfMetCAU_degraded"": 1.0}",re0000000291_k1,0.0,2.0,1.0,0.0,0.0,0.0,1.0,0.0,0.0,0.0,0.0,0.0,0.0,0.0,0.0,0.0,0.0,0.0,0.0,0.0,0.0,UNRESOLVED_FORMULAS_ABSENT,UNRESOLVED_BOUND_MOIETIES_NOT_ANNOTATED,STOICHIOMETRIC_PROXY_ONLY_NOT_VALIDATED_OSMOTIC_PRESSURE,UNAVAILABLE_CHARGE_PROTONATION_MG_BINDING_ABSENT,dc43bcec367f52105fe8d1ba328e59b064935df5faf8f880e078b212a40183df
re0000000292,elongation / translocation / DISSOCIATION,elongation,Elongation_B,Elongation_B:re31,EXTRACTED_EXACT_STOICHIOMETRY,DISSOCIATION,"{""EFG_GDP"": 1.0}","{""EFG"": 1.0, ""GDP"": 1.0}",re0000000292_k1,300.0,1.0,1.0,0.0,0.0,0.0,0.0,1.0,0.0,0.0,0.0,0.0,0.0,0.0,0.0,0.0,0.0,0.0,0.0,0.0,0.0,UNRESOLVED_FORMULAS_ABSENT,UNRESOLVED_BOUND_MOIETIES_NOT_ANNOTATED,STOICHIOMETRIC_PROXY_ONLY_NOT_VALIDATED_OSMOTIC_PRESSURE,UNAVAILABLE_CHARGE_PROTONATION_MG_BINDING_ABSENT,dc43bcec367f52105fe8d1ba328e59b064935df5faf8f880e078b212a40183df
re0000000293,elongation / translocation / HETERODIMER_ASSOCIATION,elongation,Elongation_B,Elongation_B:re32,EXTRACTED_EXACT_STOICHIOMETRY,HETERODIMER_ASSOCIATION,"{""EFG"": 1.0, ""GDP"": 1.0}","{""EFG_GDP"": 1.0}",re0000000293_k1,17.6,-1.0,-1.0,0.0,0.0,0.0,0.0,-1.0,0.0,0.0,0.0,0.0,0.0,0.0,0.0,0.0,0.0,0.0,0.0,0.0,0.0,UNRESOLVED_FORMULAS_ABSENT,UNRESOLVED_BOUND_MOIETIES_NOT_ANNOTATED,STOICHIOMETRIC_PROXY_ONLY_NOT_VALIDATED_OSMOTIC_PRESSURE,UNAVAILABLE_CHARGE_PROTONATION_MG_BINDING_ABSENT,dc43bcec367f52105fe8d1ba328e59b064935df5faf8f880e078b212a40183df
re0000000294,elongation / translocation / HETERODIMER_ASSOCIATION,elongation,Elongation_B,Elongation_B:re38,EXTRACTED_EXACT_STOICHIOMETRY,HETERODIMER_ASSOCIATION,"{""EFG"": 1.0, ""GTP"": 1.0}","{""EFG_GTP"": 1.0}",re0000000294_k1,0.58,-1.0,-1.0,0.0,0.0,0.0,-1.0,0.0,0.0,0.0,0.0,0.0,0.0,0.0,0.0,0.0,0.0,0.0,0.0,0.0,0.0,UNRESOLVED_FORMULAS_ABSENT,UNRESOLVED_BOUND_MOIETIES_NOT_ANNOTATED,STOICHIOMETRIC_PROXY_ONLY_NOT_VALIDATED_OSMOTIC_PRESSURE,UNAVAILABLE_CHARGE_PROTONATION_MG_BINDING_ABSENT,dc43bcec367f52105fe8d1ba328e59b064935df5faf8f880e078b212a40183df
re0000000295,elongation / translocation / DISSOCIATION,elongation,Elongation_B,Elongation_B:re39,EXTRACTED_EXACT_STOICHIOMETRY,DISSOCIATION,"{""EFG_GTP"": 1.0}","{""EFG"": 1.0, ""GTP"": 1.0}",re0000000295_k1,13.0,1.0,1.0,0.0,0.0,0.0,1.0,0.0,0.0,0.0,0.0,0.0,0.0,0.0,0.0,0.0,0.0,0.0,0.0,0.0,0.0,UNRESOLVED_FORMULAS_ABSENT,UNRESOLVED_BOUND_MOIETIES_NOT_ANNOTATED,STOICHIOMETRIC_PROXY_ONLY_NOT_VALIDATED_OSMOTIC_PRESSURE,UNAVAILABLE_CHARGE_PROTONATION_MG_BINDING_ABSENT,dc43bcec367f52105fe8d1ba328e59b064935df5faf8f880e078b212a40183df
re0000000296,shared chemistry / ambiguous subsystem attribution / STATE_TRANSITION,elongation;termination / ribosome recycling,Elongation_B;Termination_C,Elongation_B:re45;Termination_C:re275,AMBIGUOUS_MULTIPLE_SUBSYSTEMS,STATE_TRANSITION,"{""EFG_GTP"": 1.0}","{""EFG_degraded"": 1.0, ""GTP"": 1.0}",re0000000296_k1,0.0,1.0,1.0,0.0,0.0,0.0,1.0,0.0,0.0,0.0,0.0,0.0,0.0,0.0,0.0,0.0,0.0,0.0,0.0,0.0,0.0,UNRESOLVED_FORMULAS_ABSENT,UNRESOLVED_BOUND_MOIETIES_NOT_ANNOTATED,STOICHIOMETRIC_PROXY_ONLY_NOT_VALIDATED_OSMOTIC_PRESSURE,UNAVAILABLE_CHARGE_PROTONATION_MG_BINDING_ABSENT,dc43bcec367f52105fe8d1ba328e59b064935df5faf8f880e078b212a40183df
re0000000297,shared chemistry / ambiguous subsystem attribution / STATE_TRANSITION,elongation;termination / ribosome recycling,Elongation_B;Termination_C,Elongation_B:re46;Termination_C:re274,AMBIGUOUS_MULTIPLE_SUBSYSTEMS,STATE_TRANSITION,"{""EFG_GDP"": 1.0}","{""EFG_degraded"": 1.0, ""GDP"": 1.0}",re0000000297_k1,0.0,1.0,1.0,0.0,0.0,0.0,0.0,1.0,0.0,0.0,0.0,0.0,0.0,0.0,0.0,0.0,0.0,0.0,0.0,0.0,0.0,UNRESOLVED_FORMULAS_ABSENT,UNRESOLVED_BOUND_MOIETIES_NOT_ANNOTATED,STOICHIOMETRIC_PROXY_ONLY_NOT_VALIDATED_OSMOTIC_PRESSURE,UNAVAILABLE_CHARGE_PROTONATION_MG_BINDING_ABSENT,dc43bcec367f52105fe8d1ba328e59b064935df5faf8f880e078b212a40183df
re0000000298,elongation / translocation / HETERODIMER_ASSOCIATION,elongation,Elongation_B,Elongation_B:re57,EXTRACTED_EXACT_STOICHIOMETRY,HETERODIMER_ASSOCIATION,"{""EFG_GTP"": 1.0, ""RS50S"": 1.0}","{""RS50S_EFG_GTP"": 1.0}",re0000000298_k1,30.0,-1.0,0,0.0,0.0,0.0,0.0,0.0,0.0,0.0,0.0,0.0,0.0,0.0,0.0,0.0,0.0,0.0,0.0,0.0,0.0,UNRESOLVED_FORMULAS_ABSENT,UNRESOLVED_BOUND_MOIETIES_NOT_ANNOTATED,STOICHIOMETRIC_PROXY_ONLY_NOT_VALIDATED_OSMOTIC_PRESSURE,UNAVAILABLE_CHARGE_PROTONATION_MG_BINDING_ABSENT,dc43bcec367f52105fe8d1ba328e59b064935df5faf8f880e078b212a40183df
re0000000299,elongation / translocation / DISSOCIATION,elongation,Elongation_B,Elongation_B:re58,EXTRACTED_EXACT_STOICHIOMETRY,DISSOCIATION,"{""RS50S_EFG_GTP"": 1.0}","{""EFG_GTP"": 1.0, ""RS50S"": 1.0}",re0000000299_k1,25.0,1.0,0,0.0,0.0,0.0,0.0,0.0,0.0,0.0,0.0,0.0,0.0,0.0,0.0,0.0,0.0,0.0,0.0,0.0,0.0,UNRESOLVED_FORMULAS_ABSENT,UNRESOLVED_BOUND_MOIETIES_NOT_ANNOTATED,STOICHIOMETRIC_PROXY_ONLY_NOT_VALIDATED_OSMOTIC_PRESSURE,UNAVAILABLE_CHARGE_PROTONATION_MG_BINDING_ABSENT,dc43bcec367f52105fe8d1ba328e59b064935df5faf8f880e078b212a40183df
re0000000300,elongation / translocation / HETERODIMER_ASSOCIATION,elongation,Elongation_B,Elongation_B:re59,EXTRACTED_EXACT_STOICHIOMETRY,HETERODIMER_ASSOCIATION,"{""EFG_GTP"": 1.0, ""RS70S"": 1.0}","{""RS70S_EFG_GTP"": 1.0}",re0000000300_k1,30.0,-1.0,0,0.0,0.0,0.0,0.0,0.0,0.0,0.0,0.0,0.0,0.0,0.0,0.0,0.0,0.0,0.0,0.0,0.0,0.0,UNRESOLVED_FORMULAS_ABSENT,UNRESOLVED_BOUND_MOIETIES_NOT_ANNOTATED,STOICHIOMETRIC_PROXY_ONLY_NOT_VALIDATED_OSMOTIC_PRESSURE,UNAVAILABLE_CHARGE_PROTONATION_MG_BINDING_ABSENT,dc43bcec367f52105fe8d1ba328e59b064935df5faf8f880e078b212a40183df
re0000000301,elongation / translocation / DISSOCIATION,elongation,Elongation_B,Elongation_B:re60,EXTRACTED_EXACT_STOICHIOMETRY,DISSOCIATION,"{""RS70S_EFG_GTP"": 1.0}","{""EFG_GTP"": 1.0, ""RS70S"": 1.0}",re0000000301_k1,25.0,1.0,0,0.0,0.0,0.0,0.0,0.0,0.0,0.0,0.0,0.0,0.0,0.0,0.0,0.0,0.0,0.0,0.0,0.0,0.0,UNRESOLVED_FORMULAS_ABSENT,UNRESOLVED_BOUND_MOIETIES_NOT_ANNOTATED,STOICHIOMETRIC_PROXY_ONLY_NOT_VALIDATED_OSMOTIC_PRESSURE,UNAVAILABLE_CHARGE_PROTONATION_MG_BINDING_ABSENT,dc43bcec367f52105fe8d1ba328e59b064935df5faf8f880e078b212a40183df
re0000000302,elongation / translocation / STATE_TRANSITION,elongation,Elongation_B,Elongation_B:re61,EXTRACTED_EXACT_STOICHIOMETRY,STATE_TRANSITION,"{""RS50S_EFG_GTP"": 1.0}","{""RS50S_EFG_GDP_PO4"": 1.0}",re0000000302_k1,31.0,0.0,0,0.0,0.0,0.0,0.0,0.0,0.0,0.0,0.0,0.0,0.0,0.0,0.0,0.0,0.0,0.0,0.0,0.0,0.0,UNRESOLVED_FORMULAS_ABSENT,UNRESOLVED_BOUND_MOIETIES_NOT_ANNOTATED,STOICHIOMETRIC_PROXY_ONLY_NOT_VALIDATED_OSMOTIC_PRESSURE,UNAVAILABLE_CHARGE_PROTONATION_MG_BINDING_ABSENT,dc43bcec367f52105fe8d1ba328e59b064935df5faf8f880e078b212a40183df
re0000000303,elongation / translocation / STATE_TRANSITION,elongation,Elongation_B,Elongation_B:re62,EXTRACTED_EXACT_STOICHIOMETRY,STATE_TRANSITION,"{""RS50S_EFG_GDP_PO4"": 1.0}","{""RS50S_EFG_GTP"": 1.0}",re0000000303_k1,5.0,0.0,0,0.0,0.0,0.0,0.0,0.0,0.0,0.0,0.0,0.0,0.0,0.0,0.0,0.0,0.0,0.0,0.0,0.0,0.0,UNRESOLVED_FORMULAS_ABSENT,UNRESOLVED_BOUND_MOIETIES_NOT_ANNOTATED,STOICHIOMETRIC_PROXY_ONLY_NOT_VALIDATED_OSMOTIC_PRESSURE,UNAVAILABLE_CHARGE_PROTONATION_MG_BINDING_ABSENT,dc43bcec367f52105fe8d1ba328e59b064935df5faf8f880e078b212a40183df
re0000000304,elongation / translocation / STATE_TRANSITION,elongation,Elongation_B,Elongation_B:re63,EXTRACTED_EXACT_STOICHIOMETRY,STATE_TRANSITION,"{""RS70S_EFG_GTP"": 1.0}","{""RS70S_EFG_GDP_PO4"": 1.0}",re0000000304_k1,31.0,0.0,0,0.0,0.0,0.0,0.0,0.0,0.0,0.0,0.0,0.0,0.0,0.0,0.0,0.0,0.0,0.0,0.0,0.0,0.0,UNRESOLVED_FORMULAS_ABSENT,UNRESOLVED_BOUND_MOIETIES_NOT_ANNOTATED,STOICHIOMETRIC_PROXY_ONLY_NOT_VALIDATED_OSMOTIC_PRESSURE,UNAVAILABLE_CHARGE_PROTONATION_MG_BINDING_ABSENT,dc43bcec367f52105fe8d1ba328e59b064935df5faf8f880e078b212a40183df
re0000000305,elongation / translocation / STATE_TRANSITION,elongation,Elongation_B,Elongation_B:re64,EXTRACTED_EXACT_STOICHIOMETRY,STATE_TRANSITION,"{""RS70S_EFG_GDP_PO4"": 1.0}","{""RS70S_EFG_GTP"": 1.0}",re0000000305_k1,5.0,0.0,0,0.0,0.0,0.0,0.0,0.0,0.0,0.0,0.0,0.0,0.0,0.0,0.0,0.0,0.0,0.0,0.0,0.0,0.0,UNRESOLVED_FORMULAS_ABSENT,UNRESOLVED_BOUND_MOIETIES_NOT_ANNOTATED,STOICHIOMETRIC_PROXY_ONLY_NOT_VALIDATED_OSMOTIC_PRESSURE,UNAVAILABLE_CHARGE_PROTONATION_MG_BINDING_ABSENT,dc43bcec367f52105fe8d1ba328e59b064935df5faf8f880e078b212a40183df
re0000000306,elongation / translocation / DISSOCIATION,elongation,Elongation_B,Elongation_B:re65,EXTRACTED_EXACT_STOICHIOMETRY,DISSOCIATION,"{""RS50S_EFG_GDP_PO4"": 1.0}","{""PO4"": 1.0, ""RS50S_EFG_GDP"": 1.0}",re0000000306_k1,5.0,1.0,1.0,0.0,0.0,0.0,0.0,0.0,0.0,1.0,0.0,0.0,0.0,0.0,0.0,0.0,0.0,0.0,0.0,0.0,0.0,UNRESOLVED_FORMULAS_ABSENT,UNRESOLVED_BOUND_MOIETIES_NOT_ANNOTATED,STOICHIOMETRIC_PROXY_ONLY_NOT_VALIDATED_OSMOTIC_PRESSURE,UNAVAILABLE_CHARGE_PROTONATION_MG_BINDING_ABSENT,dc43bcec367f52105fe8d1ba328e59b064935df5faf8f880e078b212a40183df
re0000000307,elongation / translocation / DISSOCIATION,elongation,Elongation_B,Elongation_B:re66,EXTRACTED_EXACT_STOICHIOMETRY,DISSOCIATION,"{""RS70S_EFG_GDP_PO4"": 1.0}","{""PO4"": 1.0, ""RS70S_EFG_GDP"": 1.0}",re0000000307_k1,5.0,1.0,1.0,0.0,0.0,0.0,0.0,0.0,0.0,1.0,0.0,0.0,0.0,0.0,0.0,0.0,0.0,0.0,0.0,0.0,0.0,UNRESOLVED_FORMULAS_ABSENT,UNRESOLVED_BOUND_MOIETIES_NOT_ANNOTATED,STOICHIOMETRIC_PROXY_ONLY_NOT_VALIDATED_OSMOTIC_PRESSURE,UNAVAILABLE_CHARGE_PROTONATION_MG_BINDING_ABSENT,dc43bcec367f52105fe8d1ba328e59b064935df5faf8f880e078b212a40183df
re0000000308,shared chemistry / ambiguous subsystem attribution / DISSOCIATION,elongation;termination / ribosome recycling,Elongation_B;Termination_C,Elongation_B:re67;Termination_C:re322,AMBIGUOUS_MULTIPLE_SUBSYSTEMS,DISSOCIATION,"{""RS50S_EFG_GDP"": 1.0}","{""EFG_GDP"": 1.0, ""RS50S"": 1.0}",re0000000308_k1,1000.0,1.0,0,0.0,0.0,0.0,0.0,0.0,0.0,0.0,0.0,0.0,0.0,0.0,0.0,0.0,0.0,0.0,0.0,0.0,0.0,UNRESOLVED_FORMULAS_ABSENT,UNRESOLVED_BOUND_MOIETIES_NOT_ANNOTATED,STOICHIOMETRIC_PROXY_ONLY_NOT_VALIDATED_OSMOTIC_PRESSURE,UNAVAILABLE_CHARGE_PROTONATION_MG_BINDING_ABSENT,dc43bcec367f52105fe8d1ba328e59b064935df5faf8f880e078b212a40183df
re0000000309,elongation / translocation / DISSOCIATION,elongation,Elongation_B,Elongation_B:re68,EXTRACTED_EXACT_STOICHIOMETRY,DISSOCIATION,"{""RS70S_EFG_GDP"": 1.0}","{""EFG_GDP"": 1.0, ""RS70S"": 1.0}",re0000000309_k1,1000.0,1.0,0,0.0,0.0,0.0,0.0,0.0,0.0,0.0,0.0,0.0,0.0,0.0,0.0,0.0,0.0,0.0,0.0,0.0,0.0,UNRESOLVED_FORMULAS_ABSENT,UNRESOLVED_BOUND_MOIETIES_NOT_ANNOTATED,STOICHIOMETRIC_PROXY_ONLY_NOT_VALIDATED_OSMOTIC_PRESSURE,UNAVAILABLE_CHARGE_PROTONATION_MG_BINDING_ABSENT,dc43bcec367f52105fe8d1ba328e59b064935df5faf8f880e078b212a40183df
re0000000310,elongation / translocation / STATE_TRANSITION,elongation,Elongation_B,Elongation_B:re69,EXTRACTED_EXACT_STOICHIOMETRY,STATE_TRANSITION,"{""RS50S_EFG_GTP"": 1.0}","{""EFG_degraded"": 1.0, ""GTP"": 1.0, ""RS50S"": 1.0}",re0000000310_k1,0.0,2.0,1.0,0.0,0.0,0.0,1.0,0.0,0.0,0.0,0.0,0.0,0.0,0.0,0.0,0.0,0.0,0.0,0.0,0.0,0.0,UNRESOLVED_FORMULAS_ABSENT,UNRESOLVED_BOUND_MOIETIES_NOT_ANNOTATED,STOICHIOMETRIC_PROXY_ONLY_NOT_VALIDATED_OSMOTIC_PRESSURE,UNAVAILABLE_CHARGE_PROTONATION_MG_BINDING_ABSENT,dc43bcec367f52105fe8d1ba328e59b064935df5faf8f880e078b212a40183df
re0000000311,elongation / translocation / STATE_TRANSITION,elongation,Elongation_B,Elongation_B:re70,EXTRACTED_EXACT_STOICHIOMETRY,STATE_TRANSITION,"{""RS50S_EFG_GTP"": 1.0}","{""EFG"": 1.0, ""GTP"": 1.0, ""RS50S_degraded"": 1.0}",re0000000311_k1,0.0,2.0,1.0,0.0,0.0,0.0,1.0,0.0,0.0,0.0,0.0,0.0,0.0,0.0,0.0,0.0,0.0,0.0,0.0,0.0,0.0,UNRESOLVED_FORMULAS_ABSENT,UNRESOLVED_BOUND_MOIETIES_NOT_ANNOTATED,STOICHIOMETRIC_PROXY_ONLY_NOT_VALIDATED_OSMOTIC_PRESSURE,UNAVAILABLE_CHARGE_PROTONATION_MG_BINDING_ABSENT,dc43bcec367f52105fe8d1ba328e59b064935df5faf8f880e078b212a40183df
re0000000312,elongation / translocation / STATE_TRANSITION,elongation,Elongation_B,Elongation_B:re71,EXTRACTED_EXACT_STOICHIOMETRY,STATE_TRANSITION,"{""RS50S_EFG_GDP_PO4"": 1.0}","{""EFG_degraded"": 1.0, ""GDP"": 1.0, ""PO4"": 1.0, ""RS50S"": 1.0}",re0000000312_k1,0.0,3.0,2.0,0.0,0.0,0.0,0.0,1.0,0.0,1.0,0.0,0.0,0.0,0.0,0.0,0.0,0.0,0.0,0.0,0.0,0.0,UNRESOLVED_FORMULAS_ABSENT,UNRESOLVED_BOUND_MOIETIES_NOT_ANNOTATED,STOICHIOMETRIC_PROXY_ONLY_NOT_VALIDATED_OSMOTIC_PRESSURE,UNAVAILABLE_CHARGE_PROTONATION_MG_BINDING_ABSENT,dc43bcec367f52105fe8d1ba328e59b064935df5faf8f880e078b212a40183df
re0000000313,elongation / translocation / STATE_TRANSITION,elongation,Elongation_B,Elongation_B:re72,EXTRACTED_EXACT_STOICHIOMETRY,STATE_TRANSITION,"{""RS50S_EFG_GDP_PO4"": 1.0}","{""EFG"": 1.0, ""GDP"": 1.0, ""PO4"": 1.0, ""RS50S_degraded"": 1.0}",re0000000313_k1,0.0,3.0,2.0,0.0,0.0,0.0,0.0,1.0,0.0,1.0,0.0,0.0,0.0,0.0,0.0,0.0,0.0,0.0,0.0,0.0,0.0,UNRESOLVED_FORMULAS_ABSENT,UNRESOLVED_BOUND_MOIETIES_NOT_ANNOTATED,STOICHIOMETRIC_PROXY_ONLY_NOT_VALIDATED_OSMOTIC_PRESSURE,UNAVAILABLE_CHARGE_PROTONATION_MG_BINDING_ABSENT,dc43bcec367f52105fe8d1ba328e59b064935df5faf8f880e078b212a40183df
re0000000314,shared chemistry / ambiguous subsystem attribution / STATE_TRANSITION,elongation;termination / ribosome recycling,Elongation_B;Termination_C,Elongation_B:re73;Termination_C:re329,AMBIGUOUS_MULTIPLE_SUBSYSTEMS,STATE_TRANSITION,"{""RS50S_EFG_GDP"": 1.0}","{""EFG_degraded"": 1.0, ""GDP"": 1.0, ""RS50S"": 1.0}",re0000000314_k1,0.0,2.0,1.0,0.0,0.0,0.0,0.0,1.0,0.0,0.0,0.0,0.0,0.0,0.0,0.0,0.0,0.0,0.0,0.0,0.0,0.0,UNRESOLVED_FORMULAS_ABSENT,UNRESOLVED_BOUND_MOIETIES_NOT_ANNOTATED,STOICHIOMETRIC_PROXY_ONLY_NOT_VALIDATED_OSMOTIC_PRESSURE,UNAVAILABLE_CHARGE_PROTONATION_MG_BINDING_ABSENT,dc43bcec367f52105fe8d1ba328e59b064935df5faf8f880e078b212a40183df
re0000000315,shared chemistry / ambiguous subsystem attribution / STATE_TRANSITION,elongation;termination / ribosome recycling,Elongation_B;Termination_C,Elongation_B:re74;Termination_C:re325,AMBIGUOUS_MULTIPLE_SUBSYSTEMS,STATE_TRANSITION,"{""RS50S_EFG_GDP"": 1.0}","{""EFG"": 1.0, ""GDP"": 1.0, ""RS50S_degraded"": 1.0}",re0000000315_k1,0.0,2.0,1.0,0.0,0.0,0.0,0.0,1.0,0.0,0.0,0.0,0.0,0.0,0.0,0.0,0.0,0.0,0.0,0.0,0.0,0.0,UNRESOLVED_FORMULAS_ABSENT,UNRESOLVED_BOUND_MOIETIES_NOT_ANNOTATED,STOICHIOMETRIC_PROXY_ONLY_NOT_VALIDATED_OSMOTIC_PRESSURE,UNAVAILABLE_CHARGE_PROTONATION_MG_BINDING_ABSENT,dc43bcec367f52105fe8d1ba328e59b064935df5faf8f880e078b212a40183df
re0000000316,elongation / translocation / STATE_TRANSITION,elongation,Elongation_B,Elongation_B:re75,EXTRACTED_EXACT_STOICHIOMETRY,STATE_TRANSITION,"{""RS70S_EFG_GTP"": 1.0}","{""EFG_degraded"": 1.0, ""GTP"": 1.0, ""RS30S"": 1.0, ""RS50S"": 1.0}",re0000000316_k1,0.0,3.0,1.0,0.0,0.0,0.0,1.0,0.0,0.0,0.0,0.0,0.0,0.0,0.0,0.0,0.0,0.0,0.0,0.0,0.0,0.0,UNRESOLVED_FORMULAS_ABSENT,UNRESOLVED_BOUND_MOIETIES_NOT_ANNOTATED,STOICHIOMETRIC_PROXY_ONLY_NOT_VALIDATED_OSMOTIC_PRESSURE,UNAVAILABLE_CHARGE_PROTONATION_MG_BINDING_ABSENT,dc43bcec367f52105fe8d1ba328e59b064935df5faf8f880e078b212a40183df
re0000000317,elongation / translocation / STATE_TRANSITION,elongation,Elongation_B,Elongation_B:re76,EXTRACTED_EXACT_STOICHIOMETRY,STATE_TRANSITION,"{""RS70S_EFG_GTP"": 1.0}","{""EFG"": 1.0, ""GTP"": 1.0, ""RS30S"": 1.0, ""RS50S_degraded"": 1.0}",re0000000317_k1,0.0,3.0,1.0,0.0,0.0,0.0,1.0,0.0,0.0,0.0,0.0,0.0,0.0,0.0,0.0,0.0,0.0,0.0,0.0,0.0,0.0,UNRESOLVED_FORMULAS_ABSENT,UNRESOLVED_BOUND_MOIETIES_NOT_ANNOTATED,STOICHIOMETRIC_PROXY_ONLY_NOT_VALIDATED_OSMOTIC_PRESSURE,UNAVAILABLE_CHARGE_PROTONATION_MG_BINDING_ABSENT,dc43bcec367f52105fe8d1ba328e59b064935df5faf8f880e078b212a40183df
re0000000318,elongation / translocation / STATE_TRANSITION,elongation,Elongation_B,Elongation_B:re77,EXTRACTED_EXACT_STOICHIOMETRY,STATE_TRANSITION,"{""RS70S_EFG_GDP_PO4"": 1.0}","{""EFG_degraded"": 1.0, ""GDP"": 1.0, ""PO4"": 1.0, ""RS30S"": 1.0, ""RS50S"": 1.0}",re0000000318_k1,0.0,4.0,2.0,0.0,0.0,0.0,0.0,1.0,0.0,1.0,0.0,0.0,0.0,0.0,0.0,0.0,0.0,0.0,0.0,0.0,0.0,UNRESOLVED_FORMULAS_ABSENT,UNRESOLVED_BOUND_MOIETIES_NOT_ANNOTATED,STOICHIOMETRIC_PROXY_ONLY_NOT_VALIDATED_OSMOTIC_PRESSURE,UNAVAILABLE_CHARGE_PROTONATION_MG_BINDING_ABSENT,dc43bcec367f52105fe8d1ba328e59b064935df5faf8f880e078b212a40183df
re0000000319,elongation / translocation / STATE_TRANSITION,elongation,Elongation_B,Elongation_B:re78,EXTRACTED_EXACT_STOICHIOMETRY,STATE_TRANSITION,"{""RS70S_EFG_GDP_PO4"": 1.0}","{""EFG"": 1.0, ""GDP"": 1.0, ""PO4"": 1.0, ""RS30S"": 1.0, ""RS50S_degraded"": 1.0}",re0000000319_k1,0.0,4.0,2.0,0.0,0.0,0.0,0.0,1.0,0.0,1.0,0.0,0.0,0.0,0.0,0.0,0.0,0.0,0.0,0.0,0.0,0.0,UNRESOLVED_FORMULAS_ABSENT,UNRESOLVED_BOUND_MOIETIES_NOT_ANNOTATED,STOICHIOMETRIC_PROXY_ONLY_NOT_VALIDATED_OSMOTIC_PRESSURE,UNAVAILABLE_CHARGE_PROTONATION_MG_BINDING_ABSENT,dc43bcec367f52105fe8d1ba328e59b064935df5faf8f880e078b212a40183df
re0000000320,elongation / translocation / STATE_TRANSITION,elongation,Elongation_B,Elongation_B:re79,EXTRACTED_EXACT_STOICHIOMETRY,STATE_TRANSITION,"{""RS70S_EFG_GTP"": 1.0}","{""EFG"": 1.0, ""GTP"": 1.0, ""RS30S_degraded"": 1.0, ""RS50S"": 1.0}",re0000000320_k1,0.0,3.0,1.0,0.0,0.0,0.0,1.0,0.0,0.0,0.0,0.0,0.0,0.0,0.0,0.0,0.0,0.0,0.0,0.0,0.0,0.0,UNRESOLVED_FORMULAS_ABSENT,UNRESOLVED_BOUND_MOIETIES_NOT_ANNOTATED,STOICHIOMETRIC_PROXY_ONLY_NOT_VALIDATED_OSMOTIC_PRESSURE,UNAVAILABLE_CHARGE_PROTONATION_MG_BINDING_ABSENT,dc43bcec367f52105fe8d1ba328e59b064935df5faf8f880e078b212a40183df
re0000000321,elongation / translocation / STATE_TRANSITION,elongation,Elongation_B,Elongation_B:re80,EXTRACTED_EXACT_STOICHIOMETRY,STATE_TRANSITION,"{""RS70S_EFG_GDP_PO4"": 1.0}","{""EFG"": 1.0, ""GDP"": 1.0, ""PO4"": 1.0, ""RS30S_degraded"": 1.0, ""RS50S"": 1.0}",re0000000321_k1,0.0,4.0,2.0,0.0,0.0,0.0,0.0,1.0,0.0,1.0,0.0,0.0,0.0,0.0,0.0,0.0,0.0,0.0,0.0,0.0,0.0,UNRESOLVED_FORMULAS_ABSENT,UNRESOLVED_BOUND_MOIETIES_NOT_ANNOTATED,STOICHIOMETRIC_PROXY_ONLY_NOT_VALIDATED_OSMOTIC_PRESSURE,UNAVAILABLE_CHARGE_PROTONATION_MG_BINDING_ABSENT,dc43bcec367f52105fe8d1ba328e59b064935df5faf8f880e078b212a40183df
re0000000322,elongation / translocation / STATE_TRANSITION,elongation,Elongation_B,Elongation_B:re81,EXTRACTED_EXACT_STOICHIOMETRY,STATE_TRANSITION,"{""RS70S_EFG_GDP"": 1.0}","{""EFG"": 1.0, ""GDP"": 1.0, ""RS30S"": 1.0, ""RS50S_degraded"": 1.0}",re0000000322_k1,0.0,3.0,1.0,0.0,0.0,0.0,0.0,1.0,0.0,0.0,0.0,0.0,0.0,0.0,0.0,0.0,0.0,0.0,0.0,0.0,0.0,UNRESOLVED_FORMULAS_ABSENT,UNRESOLVED_BOUND_MOIETIES_NOT_ANNOTATED,STOICHIOMETRIC_PROXY_ONLY_NOT_VALIDATED_OSMOTIC_PRESSURE,UNAVAILABLE_CHARGE_PROTONATION_MG_BINDING_ABSENT,dc43bcec367f52105fe8d1ba328e59b064935df5faf8f880e078b212a40183df
re0000000323,elongation / translocation / STATE_TRANSITION,elongation,Elongation_B,Elongation_B:re82,EXTRACTED_EXACT_STOICHIOMETRY,STATE_TRANSITION,"{""RS70S_EFG_GDP"": 1.0}","{""EFG_degraded"": 1.0, ""GDP"": 1.0, ""RS30S"": 1.0, ""RS50S"": 1.0}",re0000000323_k1,0.0,3.0,1.0,0.0,0.0,0.0,0.0,1.0,0.0,0.0,0.0,0.0,0.0,0.0,0.0,0.0,0.0,0.0,0.0,0.0,0.0,UNRESOLVED_FORMULAS_ABSENT,UNRESOLVED_BOUND_MOIETIES_NOT_ANNOTATED,STOICHIOMETRIC_PROXY_ONLY_NOT_VALIDATED_OSMOTIC_PRESSURE,UNAVAILABLE_CHARGE_PROTONATION_MG_BINDING_ABSENT,dc43bcec367f52105fe8d1ba328e59b064935df5faf8f880e078b212a40183df
re0000000324,elongation / translocation / STATE_TRANSITION,elongation,Elongation_B,Elongation_B:re83,EXTRACTED_EXACT_STOICHIOMETRY,STATE_TRANSITION,"{""RS70S_EFG_GDP"": 1.0}","{""EFG"": 1.0, ""GDP"": 1.0, ""RS30S_degraded"": 1.0, ""RS50S"": 1.0}",re0000000324_k1,0.0,3.0,1.0,0.0,0.0,0.0,0.0,1.0,0.0,0.0,0.0,0.0,0.0,0.0,0.0,0.0,0.0,0.0,0.0,0.0,0.0,UNRESOLVED_FORMULAS_ABSENT,UNRESOLVED_BOUND_MOIETIES_NOT_ANNOTATED,STOICHIOMETRIC_PROXY_ONLY_NOT_VALIDATED_OSMOTIC_PRESSURE,UNAVAILABLE_CHARGE_PROTONATION_MG_BINDING_ABSENT,dc43bcec367f52105fe8d1ba328e59b064935df5faf8f880e078b212a40183df
re0000000325,elongation / translocation / HETERODIMER_ASSOCIATION,elongation,Elongation_B,Elongation_B:re84,EXTRACTED_EXACT_STOICHIOMETRY,HETERODIMER_ASSOCIATION,"{""PO4"": 1.0, ""RS50S_EFG_GDP"": 1.0}","{""RS50S_EFG_GDP_PO4"": 1.0}",re0000000325_k1,0.0,-1.0,-1.0,0.0,0.0,0.0,0.0,0.0,0.0,-1.0,0.0,0.0,0.0,0.0,0.0,0.0,0.0,0.0,0.0,0.0,0.0,UNRESOLVED_FORMULAS_ABSENT,UNRESOLVED_BOUND_MOIETIES_NOT_ANNOTATED,STOICHIOMETRIC_PROXY_ONLY_NOT_VALIDATED_OSMOTIC_PRESSURE,UNAVAILABLE_CHARGE_PROTONATION_MG_BINDING_ABSENT,dc43bcec367f52105fe8d1ba328e59b064935df5faf8f880e078b212a40183df
re0000000326,elongation / translocation / HETERODIMER_ASSOCIATION,elongation,Elongation_B,Elongation_B:re85,EXTRACTED_EXACT_STOICHIOMETRY,HETERODIMER_ASSOCIATION,"{""PO4"": 1.0, ""RS70S_EFG_GDP"": 1.0}","{""RS70S_EFG_GDP_PO4"": 1.0}",re0000000326_k1,0.0,-1.0,-1.0,0.0,0.0,0.0,0.0,0.0,0.0,-1.0,0.0,0.0,0.0,0.0,0.0,0.0,0.0,0.0,0.0,0.0,0.0,UNRESOLVED_FORMULAS_ABSENT,UNRESOLVED_BOUND_MOIETIES_NOT_ANNOTATED,STOICHIOMETRIC_PROXY_ONLY_NOT_VALIDATED_OSMOTIC_PRESSURE,UNAVAILABLE_CHARGE_PROTONATION_MG_BINDING_ABSENT,dc43bcec367f52105fe8d1ba328e59b064935df5faf8f880e078b212a40183df
re0000000327,shared chemistry / ambiguous subsystem attribution / HETERODIMER_ASSOCIATION,elongation;termination / ribosome recycling,Elongation_B;Termination_C,Elongation_B:re86;Termination_C:re375,AMBIGUOUS_MULTIPLE_SUBSYSTEMS,HETERODIMER_ASSOCIATION,"{""EFG_GDP"": 1.0, ""RS50S"": 1.0}","{""RS50S_EFG_GDP"": 1.0}",re0000000327_k1,0.0,-1.0,0,0.0,0.0,0.0,0.0,0.0,0.0,0.0,0.0,0.0,0.0,0.0,0.0,0.0,0.0,0.0,0.0,0.0,0.0,UNRESOLVED_FORMULAS_ABSENT,UNRESOLVED_BOUND_MOIETIES_NOT_ANNOTATED,STOICHIOMETRIC_PROXY_ONLY_NOT_VALIDATED_OSMOTIC_PRESSURE,UNAVAILABLE_CHARGE_PROTONATION_MG_BINDING_ABSENT,dc43bcec367f52105fe8d1ba328e59b064935df5faf8f880e078b212a40183df
re0000000328,elongation / translocation / HETERODIMER_ASSOCIATION,elongation,Elongation_B,Elongation_B:re87,EXTRACTED_EXACT_STOICHIOMETRY,HETERODIMER_ASSOCIATION,"{""EFG_GDP"": 1.0, ""RS70S"": 1.0}","{""RS70S_EFG_GDP"": 1.0}",re0000000328_k1,0.0,-1.0,0,0.0,0.0,0.0,0.0,0.0,0.0,0.0,0.0,0.0,0.0,0.0,0.0,0.0,0.0,0.0,0.0,0.0,0.0,UNRESOLVED_FORMULAS_ABSENT,UNRESOLVED_BOUND_MOIETIES_NOT_ANNOTATED,STOICHIOMETRIC_PROXY_ONLY_NOT_VALIDATED_OSMOTIC_PRESSURE,UNAVAILABLE_CHARGE_PROTONATION_MG_BINDING_ABSENT,dc43bcec367f52105fe8d1ba328e59b064935df5faf8f880e078b212a40183df
re0000000329,creatine kinase carrier regeneration / STATE_TRANSITION,energy regeneration,EnergyRegeneration_A,EnergyRegeneration_A:re2,EXTRACTED_EXACT_STOICHIOMETRY,STATE_TRANSITION,"{""CK"": 1.0}","{""CK_degraded"": 1.0}",re0000000329_k1,0.0,0.0,0,0.0,0.0,0.0,0.0,0.0,0.0,0.0,0.0,0.0,0.0,0.0,0.0,0.0,0.0,0.0,0.0,0.0,0.0,UNRESOLVED_FORMULAS_ABSENT,UNRESOLVED_BOUND_MOIETIES_NOT_ANNOTATED,STOICHIOMETRIC_PROXY_ONLY_NOT_VALIDATED_OSMOTIC_PRESSURE,UNAVAILABLE_CHARGE_PROTONATION_MG_BINDING_ABSENT,dc43bcec367f52105fe8d1ba328e59b064935df5faf8f880e078b212a40183df
re0000000330,creatine kinase carrier regeneration / HETERODIMER_ASSOCIATION,energy regeneration,EnergyRegeneration_A,EnergyRegeneration_A:re8,EXTRACTED_EXACT_STOICHIOMETRY,HETERODIMER_ASSOCIATION,"{""ADP"": 1.0, ""CK"": 1.0}","{""CK_ADP"": 1.0}",re0000000330_k1,19.60784314,-1.0,-1.0,0.0,-1.0,0.0,0.0,0.0,0.0,0.0,0.0,0.0,0.0,0.0,0.0,0.0,0.0,0.0,0.0,0.0,0.0,UNRESOLVED_FORMULAS_ABSENT,UNRESOLVED_BOUND_MOIETIES_NOT_ANNOTATED,STOICHIOMETRIC_PROXY_ONLY_NOT_VALIDATED_OSMOTIC_PRESSURE,UNAVAILABLE_CHARGE_PROTONATION_MG_BINDING_ABSENT,dc43bcec367f52105fe8d1ba328e59b064935df5faf8f880e078b212a40183df
re0000000331,creatine kinase carrier regeneration / DISSOCIATION,energy regeneration,EnergyRegeneration_A,EnergyRegeneration_A:re9,EXTRACTED_EXACT_STOICHIOMETRY,DISSOCIATION,"{""CK_ADP"": 1.0}","{""ADP"": 1.0, ""CK"": 1.0}",re0000000331_k1,1000.0,1.0,1.0,0.0,1.0,0.0,0.0,0.0,0.0,0.0,0.0,0.0,0.0,0.0,0.0,0.0,0.0,0.0,0.0,0.0,0.0,UNRESOLVED_FORMULAS_ABSENT,UNRESOLVED_BOUND_MOIETIES_NOT_ANNOTATED,STOICHIOMETRIC_PROXY_ONLY_NOT_VALIDATED_OSMOTIC_PRESSURE,UNAVAILABLE_CHARGE_PROTONATION_MG_BINDING_ABSENT,dc43bcec367f52105fe8d1ba328e59b064935df5faf8f880e078b212a40183df
re0000000332,creatine kinase carrier regeneration / HETERODIMER_ASSOCIATION,energy regeneration,EnergyRegeneration_A,EnergyRegeneration_A:re10,EXTRACTED_EXACT_STOICHIOMETRY,HETERODIMER_ASSOCIATION,"{""CK"": 1.0, ""CP"": 1.0}","{""CK_CP"": 1.0}",re0000000332_k1,2.0,-1.0,-1.0,0.0,0.0,0.0,0.0,0.0,0.0,0.0,0.0,-1.0,0.0,0.0,0.0,0.0,0.0,0.0,0.0,0.0,0.0,UNRESOLVED_FORMULAS_ABSENT,UNRESOLVED_BOUND_MOIETIES_NOT_ANNOTATED,STOICHIOMETRIC_PROXY_ONLY_NOT_VALIDATED_OSMOTIC_PRESSURE,UNAVAILABLE_CHARGE_PROTONATION_MG_BINDING_ABSENT,dc43bcec367f52105fe8d1ba328e59b064935df5faf8f880e078b212a40183df
re0000000333,creatine kinase carrier regeneration / DISSOCIATION,energy regeneration,EnergyRegeneration_A,EnergyRegeneration_A:re11,EXTRACTED_EXACT_STOICHIOMETRY,DISSOCIATION,"{""CK_CP"": 1.0}","{""CK"": 1.0, ""CP"": 1.0}",re0000000333_k1,1000.0,1.0,1.0,0.0,0.0,0.0,0.0,0.0,0.0,0.0,0.0,1.0,0.0,0.0,0.0,0.0,0.0,0.0,0.0,0.0,0.0,UNRESOLVED_FORMULAS_ABSENT,UNRESOLVED_BOUND_MOIETIES_NOT_ANNOTATED,STOICHIOMETRIC_PROXY_ONLY_NOT_VALIDATED_OSMOTIC_PRESSURE,UNAVAILABLE_CHARGE_PROTONATION_MG_BINDING_ABSENT,dc43bcec367f52105fe8d1ba328e59b064935df5faf8f880e078b212a40183df
re0000000334,creatine kinase carrier regeneration / HETERODIMER_ASSOCIATION,energy regeneration,EnergyRegeneration_A,EnergyRegeneration_A:re12,EXTRACTED_EXACT_STOICHIOMETRY,HETERODIMER_ASSOCIATION,"{""ADP"": 1.0, ""CK_CP"": 1.0}","{""CK_CP_ADP"": 1.0}",re0000000334_k1,19.60784314,-1.0,-1.0,0.0,-1.0,0.0,0.0,0.0,0.0,0.0,0.0,0.0,0.0,0.0,0.0,0.0,0.0,0.0,0.0,0.0,0.0,UNRESOLVED_FORMULAS_ABSENT,UNRESOLVED_BOUND_MOIETIES_NOT_ANNOTATED,STOICHIOMETRIC_PROXY_ONLY_NOT_VALIDATED_OSMOTIC_PRESSURE,UNAVAILABLE_CHARGE_PROTONATION_MG_BINDING_ABSENT,dc43bcec367f52105fe8d1ba328e59b064935df5faf8f880e078b212a40183df
re0000000335,creatine kinase carrier regeneration / DISSOCIATION,energy regeneration,EnergyRegeneration_A,EnergyRegeneration_A:re13,EXTRACTED_EXACT_STOICHIOMETRY,DISSOCIATION,"{""CK_CP_ADP"": 1.0}","{""ADP"": 1.0, ""CK_CP"": 1.0}",re0000000335_k1,1000.0,1.0,1.0,0.0,1.0,0.0,0.0,0.0,0.0,0.0,0.0,0.0,0.0,0.0,0.0,0.0,0.0,0.0,0.0,0.0,0.0,UNRESOLVED_FORMULAS_ABSENT,UNRESOLVED_BOUND_MOIETIES_NOT_ANNOTATED,STOICHIOMETRIC_PROXY_ONLY_NOT_VALIDATED_OSMOTIC_PRESSURE,UNAVAILABLE_CHARGE_PROTONATION_MG_BINDING_ABSENT,dc43bcec367f52105fe8d1ba328e59b064935df5faf8f880e078b212a40183df
re0000000336,creatine kinase carrier regeneration / HETERODIMER_ASSOCIATION,energy regeneration,EnergyRegeneration_A,EnergyRegeneration_A:re14,EXTRACTED_EXACT_STOICHIOMETRY,HETERODIMER_ASSOCIATION,"{""CK_ADP"": 1.0, ""CP"": 1.0}","{""CK_CP_ADP"": 1.0}",re0000000336_k1,2.0,-1.0,-1.0,0.0,0.0,0.0,0.0,0.0,0.0,0.0,0.0,-1.0,0.0,0.0,0.0,0.0,0.0,0.0,0.0,0.0,0.0,UNRESOLVED_FORMULAS_ABSENT,UNRESOLVED_BOUND_MOIETIES_NOT_ANNOTATED,STOICHIOMETRIC_PROXY_ONLY_NOT_VALIDATED_OSMOTIC_PRESSURE,UNAVAILABLE_CHARGE_PROTONATION_MG_BINDING_ABSENT,dc43bcec367f52105fe8d1ba328e59b064935df5faf8f880e078b212a40183df
re0000000337,creatine kinase carrier regeneration / DISSOCIATION,energy regeneration,EnergyRegeneration_A,EnergyRegeneration_A:re15,EXTRACTED_EXACT_STOICHIOMETRY,DISSOCIATION,"{""CK_CP_ADP"": 1.0}","{""CK_ADP"": 1.0, ""CP"": 1.0}",re0000000337_k1,1000.0,1.0,1.0,0.0,0.0,0.0,0.0,0.0,0.0,0.0,0.0,1.0,0.0,0.0,0.0,0.0,0.0,0.0,0.0,0.0,0.0,UNRESOLVED_FORMULAS_ABSENT,UNRESOLVED_BOUND_MOIETIES_NOT_ANNOTATED,STOICHIOMETRIC_PROXY_ONLY_NOT_VALIDATED_OSMOTIC_PRESSURE,UNAVAILABLE_CHARGE_PROTONATION_MG_BINDING_ABSENT,dc43bcec367f52105fe8d1ba328e59b064935df5faf8f880e078b212a40183df
re0000000338,creatine kinase carrier regeneration / STATE_TRANSITION,energy regeneration,EnergyRegeneration_A,EnergyRegeneration_A:re16,EXTRACTED_EXACT_STOICHIOMETRY,STATE_TRANSITION,"{""CK_CP_ADP"": 1.0}","{""CK_Cr_ATP"": 1.0}",re0000000338_k1,2.527408333,0.0,0,0.0,0.0,0.0,0.0,0.0,0.0,0.0,0.0,0.0,0.0,0.0,0.0,0.0,0.0,0.0,0.0,0.0,0.0,UNRESOLVED_FORMULAS_ABSENT,UNRESOLVED_BOUND_MOIETIES_NOT_ANNOTATED,STOICHIOMETRIC_PROXY_ONLY_NOT_VALIDATED_OSMOTIC_PRESSURE,UNAVAILABLE_CHARGE_PROTONATION_MG_BINDING_ABSENT,dc43bcec367f52105fe8d1ba328e59b064935df5faf8f880e078b212a40183df
re0000000339,creatine kinase carrier regeneration / STATE_TRANSITION,energy regeneration,EnergyRegeneration_A,EnergyRegeneration_A:re17,EXTRACTED_EXACT_STOICHIOMETRY,STATE_TRANSITION,"{""CK_Cr_ATP"": 1.0}","{""CK_CP_ADP"": 1.0}",re0000000339_k1,0.548808667,0.0,0,0.0,0.0,0.0,0.0,0.0,0.0,0.0,0.0,0.0,0.0,0.0,0.0,0.0,0.0,0.0,0.0,0.0,0.0,UNRESOLVED_FORMULAS_ABSENT,UNRESOLVED_BOUND_MOIETIES_NOT_ANNOTATED,STOICHIOMETRIC_PROXY_ONLY_NOT_VALIDATED_OSMOTIC_PRESSURE,UNAVAILABLE_CHARGE_PROTONATION_MG_BINDING_ABSENT,dc43bcec367f52105fe8d1ba328e59b064935df5faf8f880e078b212a40183df
re0000000340,creatine kinase carrier regeneration / DISSOCIATION,energy regeneration,EnergyRegeneration_A,EnergyRegeneration_A:re18,EXTRACTED_EXACT_STOICHIOMETRY,DISSOCIATION,"{""CK_Cr_ATP"": 1.0}","{""ATP"": 1.0, ""CK_Cr"": 1.0}",re0000000340_k1,1000.0,1.0,1.0,1.0,0.0,0.0,0.0,0.0,0.0,0.0,0.0,0.0,0.0,0.0,0.0,0.0,0.0,0.0,0.0,0.0,0.0,UNRESOLVED_FORMULAS_ABSENT,UNRESOLVED_BOUND_MOIETIES_NOT_ANNOTATED,STOICHIOMETRIC_PROXY_ONLY_NOT_VALIDATED_OSMOTIC_PRESSURE,UNAVAILABLE_CHARGE_PROTONATION_MG_BINDING_ABSENT,dc43bcec367f52105fe8d1ba328e59b064935df5faf8f880e078b212a40183df
re0000000341,creatine kinase carrier regeneration / HETERODIMER_ASSOCIATION,energy regeneration,EnergyRegeneration_A,EnergyRegeneration_A:re19,EXTRACTED_EXACT_STOICHIOMETRY,HETERODIMER_ASSOCIATION,"{""ATP"": 1.0, ""CK_Cr"": 1.0}","{""CK_Cr_ATP"": 1.0}",re0000000341_k1,1.369863014,-1.0,-1.0,-1.0,0.0,0.0,0.0,0.0,0.0,0.0,0.0,0.0,0.0,0.0,0.0,0.0,0.0,0.0,0.0,0.0,0.0,UNRESOLVED_FORMULAS_ABSENT,UNRESOLVED_BOUND_MOIETIES_NOT_ANNOTATED,STOICHIOMETRIC_PROXY_ONLY_NOT_VALIDATED_OSMOTIC_PRESSURE,UNAVAILABLE_CHARGE_PROTONATION_MG_BINDING_ABSENT,dc43bcec367f52105fe8d1ba328e59b064935df5faf8f880e078b212a40183df
re0000000342,creatine kinase carrier regeneration / DISSOCIATION,energy regeneration,EnergyRegeneration_A,EnergyRegeneration_A:re20,EXTRACTED_EXACT_STOICHIOMETRY,DISSOCIATION,"{""CK_Cr_ATP"": 1.0}","{""CK_ATP"": 1.0, ""Cr"": 1.0}",re0000000342_k1,1000.0,1.0,1.0,0.0,0.0,0.0,0.0,0.0,0.0,0.0,0.0,0.0,1.0,0.0,0.0,0.0,0.0,0.0,0.0,0.0,0.0,UNRESOLVED_FORMULAS_ABSENT,UNRESOLVED_BOUND_MOIETIES_NOT_ANNOTATED,STOICHIOMETRIC_PROXY_ONLY_NOT_VALIDATED_OSMOTIC_PRESSURE,UNAVAILABLE_CHARGE_PROTONATION_MG_BINDING_ABSENT,dc43bcec367f52105fe8d1ba328e59b064935df5faf8f880e078b212a40183df
re0000000343,creatine kinase carrier regeneration / HETERODIMER_ASSOCIATION,energy regeneration,EnergyRegeneration_A,EnergyRegeneration_A:re21,EXTRACTED_EXACT_STOICHIOMETRY,HETERODIMER_ASSOCIATION,"{""CK_ATP"": 1.0, ""Cr"": 1.0}","{""CK_Cr_ATP"": 1.0}",re0000000343_k1,0.204081633,-1.0,-1.0,0.0,0.0,0.0,0.0,0.0,0.0,0.0,0.0,0.0,-1.0,0.0,0.0,0.0,0.0,0.0,0.0,0.0,0.0,UNRESOLVED_FORMULAS_ABSENT,UNRESOLVED_BOUND_MOIETIES_NOT_ANNOTATED,STOICHIOMETRIC_PROXY_ONLY_NOT_VALIDATED_OSMOTIC_PRESSURE,UNAVAILABLE_CHARGE_PROTONATION_MG_BINDING_ABSENT,dc43bcec367f52105fe8d1ba328e59b064935df5faf8f880e078b212a40183df
re0000000344,creatine kinase carrier regeneration / DISSOCIATION,energy regeneration,EnergyRegeneration_A,EnergyRegeneration_A:re22,EXTRACTED_EXACT_STOICHIOMETRY,DISSOCIATION,"{""CK_ATP"": 1.0}","{""ATP"": 1.0, ""CK"": 1.0}",re0000000344_k1,1000.0,1.0,1.0,1.0,0.0,0.0,0.0,0.0,0.0,0.0,0.0,0.0,0.0,0.0,0.0,0.0,0.0,0.0,0.0,0.0,0.0,UNRESOLVED_FORMULAS_ABSENT,UNRESOLVED_BOUND_MOIETIES_NOT_ANNOTATED,STOICHIOMETRIC_PROXY_ONLY_NOT_VALIDATED_OSMOTIC_PRESSURE,UNAVAILABLE_CHARGE_PROTONATION_MG_BINDING_ABSENT,dc43bcec367f52105fe8d1ba328e59b064935df5faf8f880e078b212a40183df
re0000000345,creatine kinase carrier regeneration / HETERODIMER_ASSOCIATION,energy regeneration,EnergyRegeneration_A,EnergyRegeneration_A:re23,EXTRACTED_EXACT_STOICHIOMETRY,HETERODIMER_ASSOCIATION,"{""ATP"": 1.0, ""CK"": 1.0}","{""CK_ATP"": 1.0}",re0000000345_k1,1.369863014,-1.0,-1.0,-1.0,0.0,0.0,0.0,0.0,0.0,0.0,0.0,0.0,0.0,0.0,0.0,0.0,0.0,0.0,0.0,0.0,0.0,UNRESOLVED_FORMULAS_ABSENT,UNRESOLVED_BOUND_MOIETIES_NOT_ANNOTATED,STOICHIOMETRIC_PROXY_ONLY_NOT_VALIDATED_OSMOTIC_PRESSURE,UNAVAILABLE_CHARGE_PROTONATION_MG_BINDING_ABSENT,dc43bcec367f52105fe8d1ba328e59b064935df5faf8f880e078b212a40183df
re0000000346,creatine kinase carrier regeneration / DISSOCIATION,energy regeneration,EnergyRegeneration_A,EnergyRegeneration_A:re24,EXTRACTED_EXACT_STOICHIOMETRY,DISSOCIATION,"{""CK_Cr"": 1.0}","{""CK"": 1.0, ""Cr"": 1.0}",re0000000346_k1,1000.0,1.0,1.0,0.0,0.0,0.0,0.0,0.0,0.0,0.0,0.0,0.0,1.0,0.0,0.0,0.0,0.0,0.0,0.0,0.0,0.0,UNRESOLVED_FORMULAS_ABSENT,UNRESOLVED_BOUND_MOIETIES_NOT_ANNOTATED,STOICHIOMETRIC_PROXY_ONLY_NOT_VALIDATED_OSMOTIC_PRESSURE,UNAVAILABLE_CHARGE_PROTONATION_MG_BINDING_ABSENT,dc43bcec367f52105fe8d1ba328e59b064935df5faf8f880e078b212a40183df
re0000000347,creatine kinase carrier regeneration / HETERODIMER_ASSOCIATION,energy regeneration,EnergyRegeneration_A,EnergyRegeneration_A:re25,EXTRACTED_EXACT_STOICHIOMETRY,HETERODIMER_ASSOCIATION,"{""CK"": 1.0, ""Cr"": 1.0}","{""CK_Cr"": 1.0}",re0000000347_k1,0.204081633,-1.0,-1.0,0.0,0.0,0.0,0.0,0.0,0.0,0.0,0.0,0.0,-1.0,0.0,0.0,0.0,0.0,0.0,0.0,0.0,0.0,UNRESOLVED_FORMULAS_ABSENT,UNRESOLVED_BOUND_MOIETIES_NOT_ANNOTATED,STOICHIOMETRIC_PROXY_ONLY_NOT_VALIDATED_OSMOTIC_PRESSURE,UNAVAILABLE_CHARGE_PROTONATION_MG_BINDING_ABSENT,dc43bcec367f52105fe8d1ba328e59b064935df5faf8f880e078b212a40183df
re0000000348,creatine kinase carrier regeneration / STATE_TRANSITION,energy regeneration,EnergyRegeneration_A,EnergyRegeneration_A:re27,EXTRACTED_EXACT_STOICHIOMETRY,STATE_TRANSITION,"{""CK_CP"": 1.0}","{""CK_degraded"": 1.0, ""CP"": 1.0}",re0000000348_k1,0.0,1.0,1.0,0.0,0.0,0.0,0.0,0.0,0.0,0.0,0.0,1.0,0.0,0.0,0.0,0.0,0.0,0.0,0.0,0.0,0.0,UNRESOLVED_FORMULAS_ABSENT,UNRESOLVED_BOUND_MOIETIES_NOT_ANNOTATED,STOICHIOMETRIC_PROXY_ONLY_NOT_VALIDATED_OSMOTIC_PRESSURE,UNAVAILABLE_CHARGE_PROTONATION_MG_BINDING_ABSENT,dc43bcec367f52105fe8d1ba328e59b064935df5faf8f880e078b212a40183df
re0000000349,creatine kinase carrier regeneration / STATE_TRANSITION,energy regeneration,EnergyRegeneration_A,EnergyRegeneration_A:re28,EXTRACTED_EXACT_STOICHIOMETRY,STATE_TRANSITION,"{""CK_ADP"": 1.0}","{""ADP"": 1.0, ""CK_degraded"": 1.0}",re0000000349_k1,0.0,1.0,1.0,0.0,1.0,0.0,0.0,0.0,0.0,0.0,0.0,0.0,0.0,0.0,0.0,0.0,0.0,0.0,0.0,0.0,0.0,UNRESOLVED_FORMULAS_ABSENT,UNRESOLVED_BOUND_MOIETIES_NOT_ANNOTATED,STOICHIOMETRIC_PROXY_ONLY_NOT_VALIDATED_OSMOTIC_PRESSURE,UNAVAILABLE_CHARGE_PROTONATION_MG_BINDING_ABSENT,dc43bcec367f52105fe8d1ba328e59b064935df5faf8f880e078b212a40183df
re0000000350,creatine kinase carrier regeneration / STATE_TRANSITION,energy regeneration,EnergyRegeneration_A,EnergyRegeneration_A:re29,EXTRACTED_EXACT_STOICHIOMETRY,STATE_TRANSITION,"{""CK_CP_ADP"": 1.0}","{""ADP"": 1.0, ""CK_degraded"": 1.0, ""CP"": 1.0}",re0000000350_k1,0.0,2.0,2.0,0.0,1.0,0.0,0.0,0.0,0.0,0.0,0.0,1.0,0.0,0.0,0.0,0.0,0.0,0.0,0.0,0.0,0.0,UNRESOLVED_FORMULAS_ABSENT,UNRESOLVED_BOUND_MOIETIES_NOT_ANNOTATED,STOICHIOMETRIC_PROXY_ONLY_NOT_VALIDATED_OSMOTIC_PRESSURE,UNAVAILABLE_CHARGE_PROTONATION_MG_BINDING_ABSENT,dc43bcec367f52105fe8d1ba328e59b064935df5faf8f880e078b212a40183df
re0000000351,creatine kinase carrier regeneration / STATE_TRANSITION,energy regeneration,EnergyRegeneration_A,EnergyRegeneration_A:re30,EXTRACTED_EXACT_STOICHIOMETRY,STATE_TRANSITION,"{""CK_Cr_ATP"": 1.0}","{""ATP"": 1.0, ""CK_degraded"": 1.0, ""Cr"": 1.0}",re0000000351_k1,0.0,2.0,2.0,1.0,0.0,0.0,0.0,0.0,0.0,0.0,0.0,0.0,1.0,0.0,0.0,0.0,0.0,0.0,0.0,0.0,0.0,UNRESOLVED_FORMULAS_ABSENT,UNRESOLVED_BOUND_MOIETIES_NOT_ANNOTATED,STOICHIOMETRIC_PROXY_ONLY_NOT_VALIDATED_OSMOTIC_PRESSURE,UNAVAILABLE_CHARGE_PROTONATION_MG_BINDING_ABSENT,dc43bcec367f52105fe8d1ba328e59b064935df5faf8f880e078b212a40183df
re0000000352,creatine kinase carrier regeneration / STATE_TRANSITION,energy regeneration,EnergyRegeneration_A,EnergyRegeneration_A:re31,EXTRACTED_EXACT_STOICHIOMETRY,STATE_TRANSITION,"{""CK_ATP"": 1.0}","{""ATP"": 1.0, ""CK_degraded"": 1.0}",re0000000352_k1,0.0,1.0,1.0,1.0,0.0,0.0,0.0,0.0,0.0,0.0,0.0,0.0,0.0,0.0,0.0,0.0,0.0,0.0,0.0,0.0,0.0,UNRESOLVED_FORMULAS_ABSENT,UNRESOLVED_BOUND_MOIETIES_NOT_ANNOTATED,STOICHIOMETRIC_PROXY_ONLY_NOT_VALIDATED_OSMOTIC_PRESSURE,UNAVAILABLE_CHARGE_PROTONATION_MG_BINDING_ABSENT,dc43bcec367f52105fe8d1ba328e59b064935df5faf8f880e078b212a40183df
re0000000353,creatine kinase carrier regeneration / STATE_TRANSITION,energy regeneration,EnergyRegeneration_A,EnergyRegeneration_A:re32,EXTRACTED_EXACT_STOICHIOMETRY,STATE_TRANSITION,"{""CK_Cr"": 1.0}","{""CK_degraded"": 1.0, ""Cr"": 1.0}",re0000000353_k1,0.0,1.0,1.0,0.0,0.0,0.0,0.0,0.0,0.0,0.0,0.0,0.0,1.0,0.0,0.0,0.0,0.0,0.0,0.0,0.0,0.0,UNRESOLVED_FORMULAS_ABSENT,UNRESOLVED_BOUND_MOIETIES_NOT_ANNOTATED,STOICHIOMETRIC_PROXY_ONLY_NOT_VALIDATED_OSMOTIC_PRESSURE,UNAVAILABLE_CHARGE_PROTONATION_MG_BINDING_ABSENT,dc43bcec367f52105fe8d1ba328e59b064935df5faf8f880e078b212a40183df
re0000000354,nucleotide diphosphate kinase carrier exchange / STATE_TRANSITION,energy regeneration,EnergyRegeneration_B,EnergyRegeneration_B:re3,EXTRACTED_EXACT_STOICHIOMETRY,STATE_TRANSITION,"{""NDK"": 1.0}","{""NDK_degraded"": 1.0}",re0000000354_k1,0.0,0.0,0,0.0,0.0,0.0,0.0,0.0,0.0,0.0,0.0,0.0,0.0,0.0,0.0,0.0,0.0,0.0,0.0,0.0,0.0,UNRESOLVED_FORMULAS_ABSENT,UNRESOLVED_BOUND_MOIETIES_NOT_ANNOTATED,STOICHIOMETRIC_PROXY_ONLY_NOT_VALIDATED_OSMOTIC_PRESSURE,UNAVAILABLE_CHARGE_PROTONATION_MG_BINDING_ABSENT,dc43bcec367f52105fe8d1ba328e59b064935df5faf8f880e078b212a40183df
re0000000355,nucleotide diphosphate kinase carrier exchange / HETERODIMER_ASSOCIATION,energy regeneration,EnergyRegeneration_B,EnergyRegeneration_B:re4,EXTRACTED_EXACT_STOICHIOMETRY,HETERODIMER_ASSOCIATION,"{""ATP"": 1.0, ""NDK"": 1.0}","{""NDK_ATP"": 1.0}",re0000000355_k1,0.555555556,-1.0,-1.0,-1.0,0.0,0.0,0.0,0.0,0.0,0.0,0.0,0.0,0.0,0.0,0.0,0.0,0.0,0.0,0.0,0.0,0.0,UNRESOLVED_FORMULAS_ABSENT,UNRESOLVED_BOUND_MOIETIES_NOT_ANNOTATED,STOICHIOMETRIC_PROXY_ONLY_NOT_VALIDATED_OSMOTIC_PRESSURE,UNAVAILABLE_CHARGE_PROTONATION_MG_BINDING_ABSENT,dc43bcec367f52105fe8d1ba328e59b064935df5faf8f880e078b212a40183df
re0000000356,nucleotide diphosphate kinase carrier exchange / DISSOCIATION,energy regeneration,EnergyRegeneration_B,EnergyRegeneration_B:re5,EXTRACTED_EXACT_STOICHIOMETRY,DISSOCIATION,"{""NDK_ATP"": 1.0}","{""ATP"": 1.0, ""NDK"": 1.0}",re0000000356_k1,1000.0,1.0,1.0,1.0,0.0,0.0,0.0,0.0,0.0,0.0,0.0,0.0,0.0,0.0,0.0,0.0,0.0,0.0,0.0,0.0,0.0,UNRESOLVED_FORMULAS_ABSENT,UNRESOLVED_BOUND_MOIETIES_NOT_ANNOTATED,STOICHIOMETRIC_PROXY_ONLY_NOT_VALIDATED_OSMOTIC_PRESSURE,UNAVAILABLE_CHARGE_PROTONATION_MG_BINDING_ABSENT,dc43bcec367f52105fe8d1ba328e59b064935df5faf8f880e078b212a40183df
re0000000357,nucleotide diphosphate kinase carrier exchange / HETERODIMER_ASSOCIATION,energy regeneration,EnergyRegeneration_B,EnergyRegeneration_B:re6,EXTRACTED_EXACT_STOICHIOMETRY,HETERODIMER_ASSOCIATION,"{""GDP"": 1.0, ""NDK"": 1.0}","{""NDK_GDP"": 1.0}",re0000000357_k1,20.40816327,-1.0,-1.0,0.0,0.0,0.0,0.0,-1.0,0.0,0.0,0.0,0.0,0.0,0.0,0.0,0.0,0.0,0.0,0.0,0.0,0.0,UNRESOLVED_FORMULAS_ABSENT,UNRESOLVED_BOUND_MOIETIES_NOT_ANNOTATED,STOICHIOMETRIC_PROXY_ONLY_NOT_VALIDATED_OSMOTIC_PRESSURE,UNAVAILABLE_CHARGE_PROTONATION_MG_BINDING_ABSENT,dc43bcec367f52105fe8d1ba328e59b064935df5faf8f880e078b212a40183df
re0000000358,nucleotide diphosphate kinase carrier exchange / DISSOCIATION,energy regeneration,EnergyRegeneration_B,EnergyRegeneration_B:re7,EXTRACTED_EXACT_STOICHIOMETRY,DISSOCIATION,"{""NDK_GDP"": 1.0}","{""GDP"": 1.0, ""NDK"": 1.0}",re0000000358_k1,1000.0,1.0,1.0,0.0,0.0,0.0,0.0,1.0,0.0,0.0,0.0,0.0,0.0,0.0,0.0,0.0,0.0,0.0,0.0,0.0,0.0,UNRESOLVED_FORMULAS_ABSENT,UNRESOLVED_BOUND_MOIETIES_NOT_ANNOTATED,STOICHIOMETRIC_PROXY_ONLY_NOT_VALIDATED_OSMOTIC_PRESSURE,UNAVAILABLE_CHARGE_PROTONATION_MG_BINDING_ABSENT,dc43bcec367f52105fe8d1ba328e59b064935df5faf8f880e078b212a40183df
re0000000359,nucleotide diphosphate kinase carrier exchange / HETERODIMER_ASSOCIATION,energy regeneration,EnergyRegeneration_B,EnergyRegeneration_B:re8,EXTRACTED_EXACT_STOICHIOMETRY,HETERODIMER_ASSOCIATION,"{""ATP"": 1.0, ""NDK_GDP"": 1.0}","{""NDK_GDP_ATP"": 1.0}",re0000000359_k1,0.555555556,-1.0,-1.0,-1.0,0.0,0.0,0.0,0.0,0.0,0.0,0.0,0.0,0.0,0.0,0.0,0.0,0.0,0.0,0.0,0.0,0.0,UNRESOLVED_FORMULAS_ABSENT,UNRESOLVED_BOUND_MOIETIES_NOT_ANNOTATED,STOICHIOMETRIC_PROXY_ONLY_NOT_VALIDATED_OSMOTIC_PRESSURE,UNAVAILABLE_CHARGE_PROTONATION_MG_BINDING_ABSENT,dc43bcec367f52105fe8d1ba328e59b064935df5faf8f880e078b212a40183df
re0000000360,nucleotide diphosphate kinase carrier exchange / DISSOCIATION,energy regeneration,EnergyRegeneration_B,EnergyRegeneration_B:re9,EXTRACTED_EXACT_STOICHIOMETRY,DISSOCIATION,"{""NDK_GDP_ATP"": 1.0}","{""ATP"": 1.0, ""NDK_GDP"": 1.0}",re0000000360_k1,1000.0,1.0,1.0,1.0,0.0,0.0,0.0,0.0,0.0,0.0,0.0,0.0,0.0,0.0,0.0,0.0,0.0,0.0,0.0,0.0,0.0,UNRESOLVED_FORMULAS_ABSENT,UNRESOLVED_BOUND_MOIETIES_NOT_ANNOTATED,STOICHIOMETRIC_PROXY_ONLY_NOT_VALIDATED_OSMOTIC_PRESSURE,UNAVAILABLE_CHARGE_PROTONATION_MG_BINDING_ABSENT,dc43bcec367f52105fe8d1ba328e59b064935df5faf8f880e078b212a40183df
re0000000361,nucleotide diphosphate kinase carrier exchange / HETERODIMER_ASSOCIATION,energy regeneration,EnergyRegeneration_B,EnergyRegeneration_B:re10,EXTRACTED_EXACT_STOICHIOMETRY,HETERODIMER_ASSOCIATION,"{""GDP"": 1.0, ""NDK_ATP"": 1.0}","{""NDK_GDP_ATP"": 1.0}",re0000000361_k1,20.40816327,-1.0,-1.0,0.0,0.0,0.0,0.0,-1.0,0.0,0.0,0.0,0.0,0.0,0.0,0.0,0.0,0.0,0.0,0.0,0.0,0.0,UNRESOLVED_FORMULAS_ABSENT,UNRESOLVED_BOUND_MOIETIES_NOT_ANNOTATED,STOICHIOMETRIC_PROXY_ONLY_NOT_VALIDATED_OSMOTIC_PRESSURE,UNAVAILABLE_CHARGE_PROTONATION_MG_BINDING_ABSENT,dc43bcec367f52105fe8d1ba328e59b064935df5faf8f880e078b212a40183df
re0000000362,nucleotide diphosphate kinase carrier exchange / DISSOCIATION,energy regeneration,EnergyRegeneration_B,EnergyRegeneration_B:re11,EXTRACTED_EXACT_STOICHIOMETRY,DISSOCIATION,"{""NDK_GDP_ATP"": 1.0}","{""GDP"": 1.0, ""NDK_ATP"": 1.0}",re0000000362_k1,1000.0,1.0,1.0,0.0,0.0,0.0,0.0,1.0,0.0,0.0,0.0,0.0,0.0,0.0,0.0,0.0,0.0,0.0,0.0,0.0,0.0,UNRESOLVED_FORMULAS_ABSENT,UNRESOLVED_BOUND_MOIETIES_NOT_ANNOTATED,STOICHIOMETRIC_PROXY_ONLY_NOT_VALIDATED_OSMOTIC_PRESSURE,UNAVAILABLE_CHARGE_PROTONATION_MG_BINDING_ABSENT,dc43bcec367f52105fe8d1ba328e59b064935df5faf8f880e078b212a40183df
re0000000363,nucleotide diphosphate kinase carrier exchange / STATE_TRANSITION,energy regeneration,EnergyRegeneration_B,EnergyRegeneration_B:re12,EXTRACTED_EXACT_STOICHIOMETRY,STATE_TRANSITION,"{""NDK_GDP_ATP"": 1.0}","{""NDK_GTP_ADP"": 1.0}",re0000000363_k1,470.0,0.0,0,0.0,0.0,0.0,0.0,0.0,0.0,0.0,0.0,0.0,0.0,0.0,0.0,0.0,0.0,0.0,0.0,0.0,0.0,UNRESOLVED_FORMULAS_ABSENT,UNRESOLVED_BOUND_MOIETIES_NOT_ANNOTATED,STOICHIOMETRIC_PROXY_ONLY_NOT_VALIDATED_OSMOTIC_PRESSURE,UNAVAILABLE_CHARGE_PROTONATION_MG_BINDING_ABSENT,dc43bcec367f52105fe8d1ba328e59b064935df5faf8f880e078b212a40183df
re0000000364,nucleotide diphosphate kinase carrier exchange / STATE_TRANSITION,energy regeneration,EnergyRegeneration_B,EnergyRegeneration_B:re13,EXTRACTED_EXACT_STOICHIOMETRY,STATE_TRANSITION,"{""NDK_GTP_ADP"": 1.0}","{""NDK_GDP_ATP"": 1.0}",re0000000364_k1,0.0,0.0,0,0.0,0.0,0.0,0.0,0.0,0.0,0.0,0.0,0.0,0.0,0.0,0.0,0.0,0.0,0.0,0.0,0.0,0.0,UNRESOLVED_FORMULAS_ABSENT,UNRESOLVED_BOUND_MOIETIES_NOT_ANNOTATED,STOICHIOMETRIC_PROXY_ONLY_NOT_VALIDATED_OSMOTIC_PRESSURE,UNAVAILABLE_CHARGE_PROTONATION_MG_BINDING_ABSENT,dc43bcec367f52105fe8d1ba328e59b064935df5faf8f880e078b212a40183df
re0000000365,nucleotide diphosphate kinase carrier exchange / DISSOCIATION,energy regeneration,EnergyRegeneration_B,EnergyRegeneration_B:re16,EXTRACTED_EXACT_STOICHIOMETRY,DISSOCIATION,"{""NDK_GTP_ADP"": 1.0}","{""GTP"": 1.0, ""NDK_ADP"": 1.0}",re0000000365_k1,1000.0,1.0,1.0,0.0,0.0,0.0,1.0,0.0,0.0,0.0,0.0,0.0,0.0,0.0,0.0,0.0,0.0,0.0,0.0,0.0,0.0,UNRESOLVED_FORMULAS_ABSENT,UNRESOLVED_BOUND_MOIETIES_NOT_ANNOTATED,STOICHIOMETRIC_PROXY_ONLY_NOT_VALIDATED_OSMOTIC_PRESSURE,UNAVAILABLE_CHARGE_PROTONATION_MG_BINDING_ABSENT,dc43bcec367f52105fe8d1ba328e59b064935df5faf8f880e078b212a40183df
re0000000366,nucleotide diphosphate kinase carrier exchange / DISSOCIATION,energy regeneration,EnergyRegeneration_B,EnergyRegeneration_B:re18,EXTRACTED_EXACT_STOICHIOMETRY,DISSOCIATION,"{""NDK_GTP_ADP"": 1.0}","{""ADP"": 1.0, ""NDK_GTP"": 1.0}",re0000000366_k1,1000.0,1.0,1.0,0.0,1.0,0.0,0.0,0.0,0.0,0.0,0.0,0.0,0.0,0.0,0.0,0.0,0.0,0.0,0.0,0.0,0.0,UNRESOLVED_FORMULAS_ABSENT,UNRESOLVED_BOUND_MOIETIES_NOT_ANNOTATED,STOICHIOMETRIC_PROXY_ONLY_NOT_VALIDATED_OSMOTIC_PRESSURE,UNAVAILABLE_CHARGE_PROTONATION_MG_BINDING_ABSENT,dc43bcec367f52105fe8d1ba328e59b064935df5faf8f880e078b212a40183df
re0000000367,nucleotide diphosphate kinase carrier exchange / DISSOCIATION,energy regeneration,EnergyRegeneration_B,EnergyRegeneration_B:re20,EXTRACTED_EXACT_STOICHIOMETRY,DISSOCIATION,"{""NDK_ADP"": 1.0}","{""ADP"": 1.0, ""NDK"": 1.0}",re0000000367_k1,1000.0,1.0,1.0,0.0,1.0,0.0,0.0,0.0,0.0,0.0,0.0,0.0,0.0,0.0,0.0,0.0,0.0,0.0,0.0,0.0,0.0,UNRESOLVED_FORMULAS_ABSENT,UNRESOLVED_BOUND_MOIETIES_NOT_ANNOTATED,STOICHIOMETRIC_PROXY_ONLY_NOT_VALIDATED_OSMOTIC_PRESSURE,UNAVAILABLE_CHARGE_PROTONATION_MG_BINDING_ABSENT,dc43bcec367f52105fe8d1ba328e59b064935df5faf8f880e078b212a40183df
re0000000368,nucleotide diphosphate kinase carrier exchange / DISSOCIATION,energy regeneration,EnergyRegeneration_B,EnergyRegeneration_B:re22,EXTRACTED_EXACT_STOICHIOMETRY,DISSOCIATION,"{""NDK_GTP"": 1.0}","{""GTP"": 1.0, ""NDK"": 1.0}",re0000000368_k1,1000.0,1.0,1.0,0.0,0.0,0.0,1.0,0.0,0.0,0.0,0.0,0.0,0.0,0.0,0.0,0.0,0.0,0.0,0.0,0.0,0.0,UNRESOLVED_FORMULAS_ABSENT,UNRESOLVED_BOUND_MOIETIES_NOT_ANNOTATED,STOICHIOMETRIC_PROXY_ONLY_NOT_VALIDATED_OSMOTIC_PRESSURE,UNAVAILABLE_CHARGE_PROTONATION_MG_BINDING_ABSENT,dc43bcec367f52105fe8d1ba328e59b064935df5faf8f880e078b212a40183df
re0000000369,nucleotide diphosphate kinase carrier exchange / STATE_TRANSITION,energy regeneration,EnergyRegeneration_B,EnergyRegeneration_B:re24,EXTRACTED_EXACT_STOICHIOMETRY,STATE_TRANSITION,"{""NDK_GDP"": 1.0}","{""GDP"": 1.0, ""NDK_degraded"": 1.0}",re0000000369_k1,0.0,1.0,1.0,0.0,0.0,0.0,0.0,1.0,0.0,0.0,0.0,0.0,0.0,0.0,0.0,0.0,0.0,0.0,0.0,0.0,0.0,UNRESOLVED_FORMULAS_ABSENT,UNRESOLVED_BOUND_MOIETIES_NOT_ANNOTATED,STOICHIOMETRIC_PROXY_ONLY_NOT_VALIDATED_OSMOTIC_PRESSURE,UNAVAILABLE_CHARGE_PROTONATION_MG_BINDING_ABSENT,dc43bcec367f52105fe8d1ba328e59b064935df5faf8f880e078b212a40183df
re0000000370,nucleotide diphosphate kinase carrier exchange / STATE_TRANSITION,energy regeneration,EnergyRegeneration_B,EnergyRegeneration_B:re25,EXTRACTED_EXACT_STOICHIOMETRY,STATE_TRANSITION,"{""NDK_ATP"": 1.0}","{""ATP"": 1.0, ""NDK_degraded"": 1.0}",re0000000370_k1,0.0,1.0,1.0,1.0,0.0,0.0,0.0,0.0,0.0,0.0,0.0,0.0,0.0,0.0,0.0,0.0,0.0,0.0,0.0,0.0,0.0,UNRESOLVED_FORMULAS_ABSENT,UNRESOLVED_BOUND_MOIETIES_NOT_ANNOTATED,STOICHIOMETRIC_PROXY_ONLY_NOT_VALIDATED_OSMOTIC_PRESSURE,UNAVAILABLE_CHARGE_PROTONATION_MG_BINDING_ABSENT,dc43bcec367f52105fe8d1ba328e59b064935df5faf8f880e078b212a40183df
re0000000371,nucleotide diphosphate kinase carrier exchange / STATE_TRANSITION,energy regeneration,EnergyRegeneration_B,EnergyRegeneration_B:re26,EXTRACTED_EXACT_STOICHIOMETRY,STATE_TRANSITION,"{""NDK_GDP_ATP"": 1.0}","{""ATP"": 1.0, ""GDP"": 1.0, ""NDK_degraded"": 1.0}",re0000000371_k1,0.0,2.0,2.0,1.0,0.0,0.0,0.0,1.0,0.0,0.0,0.0,0.0,0.0,0.0,0.0,0.0,0.0,0.0,0.0,0.0,0.0,UNRESOLVED_FORMULAS_ABSENT,UNRESOLVED_BOUND_MOIETIES_NOT_ANNOTATED,STOICHIOMETRIC_PROXY_ONLY_NOT_VALIDATED_OSMOTIC_PRESSURE,UNAVAILABLE_CHARGE_PROTONATION_MG_BINDING_ABSENT,dc43bcec367f52105fe8d1ba328e59b064935df5faf8f880e078b212a40183df
re0000000372,nucleotide diphosphate kinase carrier exchange / STATE_TRANSITION,energy regeneration,EnergyRegeneration_B,EnergyRegeneration_B:re28,EXTRACTED_EXACT_STOICHIOMETRY,STATE_TRANSITION,"{""NDK_GTP_ADP"": 1.0}","{""ADP"": 1.0, ""GTP"": 1.0, ""NDK_degraded"": 1.0}",re0000000372_k1,0.0,2.0,2.0,0.0,1.0,0.0,1.0,0.0,0.0,0.0,0.0,0.0,0.0,0.0,0.0,0.0,0.0,0.0,0.0,0.0,0.0,UNRESOLVED_FORMULAS_ABSENT,UNRESOLVED_BOUND_MOIETIES_NOT_ANNOTATED,STOICHIOMETRIC_PROXY_ONLY_NOT_VALIDATED_OSMOTIC_PRESSURE,UNAVAILABLE_CHARGE_PROTONATION_MG_BINDING_ABSENT,dc43bcec367f52105fe8d1ba328e59b064935df5faf8f880e078b212a40183df
re0000000373,nucleotide diphosphate kinase carrier exchange / STATE_TRANSITION,energy regeneration,EnergyRegeneration_B,EnergyRegeneration_B:re29,EXTRACTED_EXACT_STOICHIOMETRY,STATE_TRANSITION,"{""NDK_ADP"": 1.0}","{""ADP"": 1.0, ""NDK_degraded"": 1.0}",re0000000373_k1,0.0,1.0,1.0,0.0,1.0,0.0,0.0,0.0,0.0,0.0,0.0,0.0,0.0,0.0,0.0,0.0,0.0,0.0,0.0,0.0,0.0,UNRESOLVED_FORMULAS_ABSENT,UNRESOLVED_BOUND_MOIETIES_NOT_ANNOTATED,STOICHIOMETRIC_PROXY_ONLY_NOT_VALIDATED_OSMOTIC_PRESSURE,UNAVAILABLE_CHARGE_PROTONATION_MG_BINDING_ABSENT,dc43bcec367f52105fe8d1ba328e59b064935df5faf8f880e078b212a40183df
re0000000374,nucleotide diphosphate kinase carrier exchange / STATE_TRANSITION,energy regeneration,EnergyRegeneration_B,EnergyRegeneration_B:re30,EXTRACTED_EXACT_STOICHIOMETRY,STATE_TRANSITION,"{""NDK_GTP"": 1.0}","{""GTP"": 1.0, ""NDK_degraded"": 1.0}",re0000000374_k1,0.0,1.0,1.0,0.0,0.0,0.0,1.0,0.0,0.0,0.0,0.0,0.0,0.0,0.0,0.0,0.0,0.0,0.0,0.0,0.0,0.0,UNRESOLVED_FORMULAS_ABSENT,UNRESOLVED_BOUND_MOIETIES_NOT_ANNOTATED,STOICHIOMETRIC_PROXY_ONLY_NOT_VALIDATED_OSMOTIC_PRESSURE,UNAVAILABLE_CHARGE_PROTONATION_MG_BINDING_ABSENT,dc43bcec367f52105fe8d1ba328e59b064935df5faf8f880e078b212a40183df
re0000000375,nucleotide diphosphate kinase carrier exchange / HETERODIMER_ASSOCIATION,energy regeneration,EnergyRegeneration_B,EnergyRegeneration_B:re31,EXTRACTED_EXACT_STOICHIOMETRY,HETERODIMER_ASSOCIATION,"{""ADP"": 1.0, ""NDK_GTP"": 1.0}","{""NDK_GTP_ADP"": 1.0}",re0000000375_k1,15.15151515,-1.0,-1.0,0.0,-1.0,0.0,0.0,0.0,0.0,0.0,0.0,0.0,0.0,0.0,0.0,0.0,0.0,0.0,0.0,0.0,0.0,UNRESOLVED_FORMULAS_ABSENT,UNRESOLVED_BOUND_MOIETIES_NOT_ANNOTATED,STOICHIOMETRIC_PROXY_ONLY_NOT_VALIDATED_OSMOTIC_PRESSURE,UNAVAILABLE_CHARGE_PROTONATION_MG_BINDING_ABSENT,dc43bcec367f52105fe8d1ba328e59b064935df5faf8f880e078b212a40183df
re0000000376,nucleotide diphosphate kinase carrier exchange / HETERODIMER_ASSOCIATION,energy regeneration,EnergyRegeneration_B,EnergyRegeneration_B:re32,EXTRACTED_EXACT_STOICHIOMETRY,HETERODIMER_ASSOCIATION,"{""GTP"": 1.0, ""NDK_ADP"": 1.0}","{""NDK_GTP_ADP"": 1.0}",re0000000376_k1,6.666666667,-1.0,-1.0,0.0,0.0,0.0,-1.0,0.0,0.0,0.0,0.0,0.0,0.0,0.0,0.0,0.0,0.0,0.0,0.0,0.0,0.0,UNRESOLVED_FORMULAS_ABSENT,UNRESOLVED_BOUND_MOIETIES_NOT_ANNOTATED,STOICHIOMETRIC_PROXY_ONLY_NOT_VALIDATED_OSMOTIC_PRESSURE,UNAVAILABLE_CHARGE_PROTONATION_MG_BINDING_ABSENT,dc43bcec367f52105fe8d1ba328e59b064935df5faf8f880e078b212a40183df
re0000000377,nucleotide diphosphate kinase carrier exchange / HETERODIMER_ASSOCIATION,energy regeneration,EnergyRegeneration_B,EnergyRegeneration_B:re33,EXTRACTED_EXACT_STOICHIOMETRY,HETERODIMER_ASSOCIATION,"{""GTP"": 1.0, ""NDK"": 1.0}","{""NDK_GTP"": 1.0}",re0000000377_k1,6.666666667,-1.0,-1.0,0.0,0.0,0.0,-1.0,0.0,0.0,0.0,0.0,0.0,0.0,0.0,0.0,0.0,0.0,0.0,0.0,0.0,0.0,UNRESOLVED_FORMULAS_ABSENT,UNRESOLVED_BOUND_MOIETIES_NOT_ANNOTATED,STOICHIOMETRIC_PROXY_ONLY_NOT_VALIDATED_OSMOTIC_PRESSURE,UNAVAILABLE_CHARGE_PROTONATION_MG_BINDING_ABSENT,dc43bcec367f52105fe8d1ba328e59b064935df5faf8f880e078b212a40183df
re0000000378,nucleotide diphosphate kinase carrier exchange / HETERODIMER_ASSOCIATION,energy regeneration,EnergyRegeneration_B,EnergyRegeneration_B:re34,EXTRACTED_EXACT_STOICHIOMETRY,HETERODIMER_ASSOCIATION,"{""ADP"": 1.0, ""NDK"": 1.0}","{""NDK_ADP"": 1.0}",re0000000378_k1,15.15151515,-1.0,-1.0,0.0,-1.0,0.0,0.0,0.0,0.0,0.0,0.0,0.0,0.0,0.0,0.0,0.0,0.0,0.0,0.0,0.0,0.0,UNRESOLVED_FORMULAS_ABSENT,UNRESOLVED_BOUND_MOIETIES_NOT_ANNOTATED,STOICHIOMETRIC_PROXY_ONLY_NOT_VALIDATED_OSMOTIC_PRESSURE,UNAVAILABLE_CHARGE_PROTONATION_MG_BINDING_ABSENT,dc43bcec367f52105fe8d1ba328e59b064935df5faf8f880e078b212a40183df
re0000000379,adenylate kinase carrier exchange / STATE_TRANSITION,energy regeneration,EnergyRegeneration_C,EnergyRegeneration_C:re4,EXTRACTED_EXACT_STOICHIOMETRY,STATE_TRANSITION,"{""MK"": 1.0}","{""MK_degraded"": 1.0}",re0000000379_k1,0.0,0.0,0,0.0,0.0,0.0,0.0,0.0,0.0,0.0,0.0,0.0,0.0,0.0,0.0,0.0,0.0,0.0,0.0,0.0,0.0,UNRESOLVED_FORMULAS_ABSENT,UNRESOLVED_BOUND_MOIETIES_NOT_ANNOTATED,STOICHIOMETRIC_PROXY_ONLY_NOT_VALIDATED_OSMOTIC_PRESSURE,UNAVAILABLE_CHARGE_PROTONATION_MG_BINDING_ABSENT,dc43bcec367f52105fe8d1ba328e59b064935df5faf8f880e078b212a40183df
re0000000380,adenylate kinase carrier exchange / HETERODIMER_ASSOCIATION,energy regeneration,EnergyRegeneration_C,EnergyRegeneration_C:re5,EXTRACTED_EXACT_STOICHIOMETRY,HETERODIMER_ASSOCIATION,"{""ATP"": 1.0, ""MK"": 1.0}","{""MK_ATP"": 1.0}",re0000000380_k1,16.66666667,-1.0,-1.0,-1.0,0.0,0.0,0.0,0.0,0.0,0.0,0.0,0.0,0.0,0.0,0.0,0.0,0.0,0.0,0.0,0.0,0.0,UNRESOLVED_FORMULAS_ABSENT,UNRESOLVED_BOUND_MOIETIES_NOT_ANNOTATED,STOICHIOMETRIC_PROXY_ONLY_NOT_VALIDATED_OSMOTIC_PRESSURE,UNAVAILABLE_CHARGE_PROTONATION_MG_BINDING_ABSENT,dc43bcec367f52105fe8d1ba328e59b064935df5faf8f880e078b212a40183df
re0000000381,adenylate kinase carrier exchange / DISSOCIATION,energy regeneration,EnergyRegeneration_C,EnergyRegeneration_C:re6,EXTRACTED_EXACT_STOICHIOMETRY,DISSOCIATION,"{""MK_ATP"": 1.0}","{""ATP"": 1.0, ""MK"": 1.0}",re0000000381_k1,1000.0,1.0,1.0,1.0,0.0,0.0,0.0,0.0,0.0,0.0,0.0,0.0,0.0,0.0,0.0,0.0,0.0,0.0,0.0,0.0,0.0,UNRESOLVED_FORMULAS_ABSENT,UNRESOLVED_BOUND_MOIETIES_NOT_ANNOTATED,STOICHIOMETRIC_PROXY_ONLY_NOT_VALIDATED_OSMOTIC_PRESSURE,UNAVAILABLE_CHARGE_PROTONATION_MG_BINDING_ABSENT,dc43bcec367f52105fe8d1ba328e59b064935df5faf8f880e078b212a40183df
re0000000382,adenylate kinase carrier exchange / HETERODIMER_ASSOCIATION,energy regeneration,EnergyRegeneration_C,EnergyRegeneration_C:re7,EXTRACTED_EXACT_STOICHIOMETRY,HETERODIMER_ASSOCIATION,"{""AMP"": 1.0, ""MK"": 1.0}","{""MK_AMP"": 1.0}",re0000000382_k1,8.333333333,-1.0,-1.0,0.0,0.0,-1.0,0.0,0.0,0.0,0.0,0.0,0.0,0.0,0.0,0.0,0.0,0.0,0.0,0.0,0.0,0.0,UNRESOLVED_FORMULAS_ABSENT,UNRESOLVED_BOUND_MOIETIES_NOT_ANNOTATED,STOICHIOMETRIC_PROXY_ONLY_NOT_VALIDATED_OSMOTIC_PRESSURE,UNAVAILABLE_CHARGE_PROTONATION_MG_BINDING_ABSENT,dc43bcec367f52105fe8d1ba328e59b064935df5faf8f880e078b212a40183df
re0000000383,adenylate kinase carrier exchange / DISSOCIATION,energy regeneration,EnergyRegeneration_C,EnergyRegeneration_C:re8,EXTRACTED_EXACT_STOICHIOMETRY,DISSOCIATION,"{""MK_AMP"": 1.0}","{""AMP"": 1.0, ""MK"": 1.0}",re0000000383_k1,1000.0,1.0,1.0,0.0,0.0,1.0,0.0,0.0,0.0,0.0,0.0,0.0,0.0,0.0,0.0,0.0,0.0,0.0,0.0,0.0,0.0,UNRESOLVED_FORMULAS_ABSENT,UNRESOLVED_BOUND_MOIETIES_NOT_ANNOTATED,STOICHIOMETRIC_PROXY_ONLY_NOT_VALIDATED_OSMOTIC_PRESSURE,UNAVAILABLE_CHARGE_PROTONATION_MG_BINDING_ABSENT,dc43bcec367f52105fe8d1ba328e59b064935df5faf8f880e078b212a40183df
re0000000384,adenylate kinase carrier exchange / HETERODIMER_ASSOCIATION,energy regeneration,EnergyRegeneration_C,EnergyRegeneration_C:re9,EXTRACTED_EXACT_STOICHIOMETRY,HETERODIMER_ASSOCIATION,"{""ATP"": 1.0, ""MK_AMP"": 1.0}","{""MK_ATP_AMP"": 1.0}",re0000000384_k1,16.66666667,-1.0,-1.0,-1.0,0.0,0.0,0.0,0.0,0.0,0.0,0.0,0.0,0.0,0.0,0.0,0.0,0.0,0.0,0.0,0.0,0.0,UNRESOLVED_FORMULAS_ABSENT,UNRESOLVED_BOUND_MOIETIES_NOT_ANNOTATED,STOICHIOMETRIC_PROXY_ONLY_NOT_VALIDATED_OSMOTIC_PRESSURE,UNAVAILABLE_CHARGE_PROTONATION_MG_BINDING_ABSENT,dc43bcec367f52105fe8d1ba328e59b064935df5faf8f880e078b212a40183df
re0000000385,adenylate kinase carrier exchange / DISSOCIATION,energy regeneration,EnergyRegeneration_C,EnergyRegeneration_C:re10,EXTRACTED_EXACT_STOICHIOMETRY,DISSOCIATION,"{""MK_ATP_AMP"": 1.0}","{""ATP"": 1.0, ""MK_AMP"": 1.0}",re0000000385_k1,1000.0,1.0,1.0,1.0,0.0,0.0,0.0,0.0,0.0,0.0,0.0,0.0,0.0,0.0,0.0,0.0,0.0,0.0,0.0,0.0,0.0,UNRESOLVED_FORMULAS_ABSENT,UNRESOLVED_BOUND_MOIETIES_NOT_ANNOTATED,STOICHIOMETRIC_PROXY_ONLY_NOT_VALIDATED_OSMOTIC_PRESSURE,UNAVAILABLE_CHARGE_PROTONATION_MG_BINDING_ABSENT,dc43bcec367f52105fe8d1ba328e59b064935df5faf8f880e078b212a40183df
re0000000386,adenylate kinase carrier exchange / HETERODIMER_ASSOCIATION,energy regeneration,EnergyRegeneration_C,EnergyRegeneration_C:re11,EXTRACTED_EXACT_STOICHIOMETRY,HETERODIMER_ASSOCIATION,"{""AMP"": 1.0, ""MK_ATP"": 1.0}","{""MK_ATP_AMP"": 1.0}",re0000000386_k1,8.333333333,-1.0,-1.0,0.0,0.0,-1.0,0.0,0.0,0.0,0.0,0.0,0.0,0.0,0.0,0.0,0.0,0.0,0.0,0.0,0.0,0.0,UNRESOLVED_FORMULAS_ABSENT,UNRESOLVED_BOUND_MOIETIES_NOT_ANNOTATED,STOICHIOMETRIC_PROXY_ONLY_NOT_VALIDATED_OSMOTIC_PRESSURE,UNAVAILABLE_CHARGE_PROTONATION_MG_BINDING_ABSENT,dc43bcec367f52105fe8d1ba328e59b064935df5faf8f880e078b212a40183df
re0000000387,adenylate kinase carrier exchange / DISSOCIATION,energy regeneration,EnergyRegeneration_C,EnergyRegeneration_C:re12,EXTRACTED_EXACT_STOICHIOMETRY,DISSOCIATION,"{""MK_ATP_AMP"": 1.0}","{""AMP"": 1.0, ""MK_ATP"": 1.0}",re0000000387_k1,1000.0,1.0,1.0,0.0,0.0,1.0,0.0,0.0,0.0,0.0,0.0,0.0,0.0,0.0,0.0,0.0,0.0,0.0,0.0,0.0,0.0,UNRESOLVED_FORMULAS_ABSENT,UNRESOLVED_BOUND_MOIETIES_NOT_ANNOTATED,STOICHIOMETRIC_PROXY_ONLY_NOT_VALIDATED_OSMOTIC_PRESSURE,UNAVAILABLE_CHARGE_PROTONATION_MG_BINDING_ABSENT,dc43bcec367f52105fe8d1ba328e59b064935df5faf8f880e078b212a40183df
re0000000388,adenylate kinase carrier exchange / STATE_TRANSITION,energy regeneration,EnergyRegeneration_C,EnergyRegeneration_C:re13,EXTRACTED_EXACT_STOICHIOMETRY,STATE_TRANSITION,"{""MK_ATP_AMP"": 1.0}","{""MK_ADP_ADP"": 1.0}",re0000000388_k1,255.6,0.0,0,0.0,0.0,0.0,0.0,0.0,0.0,0.0,0.0,0.0,0.0,0.0,0.0,0.0,0.0,0.0,0.0,0.0,0.0,UNRESOLVED_FORMULAS_ABSENT,UNRESOLVED_BOUND_MOIETIES_NOT_ANNOTATED,STOICHIOMETRIC_PROXY_ONLY_NOT_VALIDATED_OSMOTIC_PRESSURE,UNAVAILABLE_CHARGE_PROTONATION_MG_BINDING_ABSENT,dc43bcec367f52105fe8d1ba328e59b064935df5faf8f880e078b212a40183df
re0000000389,adenylate kinase carrier exchange / STATE_TRANSITION,energy regeneration,EnergyRegeneration_C,EnergyRegeneration_C:re14,EXTRACTED_EXACT_STOICHIOMETRY,STATE_TRANSITION,"{""MK_ADP_ADP"": 1.0}","{""MK_ATP_AMP"": 1.0}",re0000000389_k1,345.6,0.0,0,0.0,0.0,0.0,0.0,0.0,0.0,0.0,0.0,0.0,0.0,0.0,0.0,0.0,0.0,0.0,0.0,0.0,0.0,UNRESOLVED_FORMULAS_ABSENT,UNRESOLVED_BOUND_MOIETIES_NOT_ANNOTATED,STOICHIOMETRIC_PROXY_ONLY_NOT_VALIDATED_OSMOTIC_PRESSURE,UNAVAILABLE_CHARGE_PROTONATION_MG_BINDING_ABSENT,dc43bcec367f52105fe8d1ba328e59b064935df5faf8f880e078b212a40183df
re0000000390,adenylate kinase carrier exchange / DISSOCIATION,energy regeneration,EnergyRegeneration_C,EnergyRegeneration_C:re17,EXTRACTED_EXACT_STOICHIOMETRY,DISSOCIATION,"{""MK_ADP_ADP"": 1.0}","{""ADP"": 1.0, ""MK_ADP_1"": 1.0}",re0000000390_k1,1000.0,1.0,1.0,0.0,1.0,0.0,0.0,0.0,0.0,0.0,0.0,0.0,0.0,0.0,0.0,0.0,0.0,0.0,0.0,0.0,0.0,UNRESOLVED_FORMULAS_ABSENT,UNRESOLVED_BOUND_MOIETIES_NOT_ANNOTATED,STOICHIOMETRIC_PROXY_ONLY_NOT_VALIDATED_OSMOTIC_PRESSURE,UNAVAILABLE_CHARGE_PROTONATION_MG_BINDING_ABSENT,dc43bcec367f52105fe8d1ba328e59b064935df5faf8f880e078b212a40183df
re0000000391,adenylate kinase carrier exchange / HETERODIMER_ASSOCIATION,energy regeneration,EnergyRegeneration_C,EnergyRegeneration_C:re19,EXTRACTED_EXACT_STOICHIOMETRY,HETERODIMER_ASSOCIATION,"{""ADP"": 1.0, ""MK_ADP_1"": 1.0}","{""MK_ADP_ADP"": 1.0}",re0000000391_k1,35.71428571,-1.0,-1.0,0.0,-1.0,0.0,0.0,0.0,0.0,0.0,0.0,0.0,0.0,0.0,0.0,0.0,0.0,0.0,0.0,0.0,0.0,UNRESOLVED_FORMULAS_ABSENT,UNRESOLVED_BOUND_MOIETIES_NOT_ANNOTATED,STOICHIOMETRIC_PROXY_ONLY_NOT_VALIDATED_OSMOTIC_PRESSURE,UNAVAILABLE_CHARGE_PROTONATION_MG_BINDING_ABSENT,dc43bcec367f52105fe8d1ba328e59b064935df5faf8f880e078b212a40183df
re0000000392,adenylate kinase carrier exchange / DISSOCIATION,energy regeneration,EnergyRegeneration_C,EnergyRegeneration_C:re20,EXTRACTED_EXACT_STOICHIOMETRY,DISSOCIATION,"{""MK_ADP_ADP"": 1.0}","{""ADP"": 1.0, ""MK_ADP_2"": 1.0}",re0000000392_k1,1000.0,1.0,1.0,0.0,1.0,0.0,0.0,0.0,0.0,0.0,0.0,0.0,0.0,0.0,0.0,0.0,0.0,0.0,0.0,0.0,0.0,UNRESOLVED_FORMULAS_ABSENT,UNRESOLVED_BOUND_MOIETIES_NOT_ANNOTATED,STOICHIOMETRIC_PROXY_ONLY_NOT_VALIDATED_OSMOTIC_PRESSURE,UNAVAILABLE_CHARGE_PROTONATION_MG_BINDING_ABSENT,dc43bcec367f52105fe8d1ba328e59b064935df5faf8f880e078b212a40183df
re0000000393,adenylate kinase carrier exchange / HETERODIMER_ASSOCIATION,energy regeneration,EnergyRegeneration_C,EnergyRegeneration_C:re21,EXTRACTED_EXACT_STOICHIOMETRY,HETERODIMER_ASSOCIATION,"{""ADP"": 1.0, ""MK_ADP_2"": 1.0}","{""MK_ADP_ADP"": 1.0}",re0000000393_k1,1.098901099,-1.0,-1.0,0.0,-1.0,0.0,0.0,0.0,0.0,0.0,0.0,0.0,0.0,0.0,0.0,0.0,0.0,0.0,0.0,0.0,0.0,UNRESOLVED_FORMULAS_ABSENT,UNRESOLVED_BOUND_MOIETIES_NOT_ANNOTATED,STOICHIOMETRIC_PROXY_ONLY_NOT_VALIDATED_OSMOTIC_PRESSURE,UNAVAILABLE_CHARGE_PROTONATION_MG_BINDING_ABSENT,dc43bcec367f52105fe8d1ba328e59b064935df5faf8f880e078b212a40183df
re0000000394,adenylate kinase carrier exchange / DISSOCIATION,energy regeneration,EnergyRegeneration_C,EnergyRegeneration_C:re22,EXTRACTED_EXACT_STOICHIOMETRY,DISSOCIATION,"{""MK_ADP_1"": 1.0}","{""ADP"": 1.0, ""MK"": 1.0}",re0000000394_k1,1000.0,1.0,1.0,0.0,1.0,0.0,0.0,0.0,0.0,0.0,0.0,0.0,0.0,0.0,0.0,0.0,0.0,0.0,0.0,0.0,0.0,UNRESOLVED_FORMULAS_ABSENT,UNRESOLVED_BOUND_MOIETIES_NOT_ANNOTATED,STOICHIOMETRIC_PROXY_ONLY_NOT_VALIDATED_OSMOTIC_PRESSURE,UNAVAILABLE_CHARGE_PROTONATION_MG_BINDING_ABSENT,dc43bcec367f52105fe8d1ba328e59b064935df5faf8f880e078b212a40183df
re0000000395,adenylate kinase carrier exchange / HETERODIMER_ASSOCIATION,energy regeneration,EnergyRegeneration_C,EnergyRegeneration_C:re23,EXTRACTED_EXACT_STOICHIOMETRY,HETERODIMER_ASSOCIATION,"{""ADP"": 1.0, ""MK"": 1.0}","{""MK_ADP_1"": 1.0}",re0000000395_k1,1.098901099,-1.0,-1.0,0.0,-1.0,0.0,0.0,0.0,0.0,0.0,0.0,0.0,0.0,0.0,0.0,0.0,0.0,0.0,0.0,0.0,0.0,UNRESOLVED_FORMULAS_ABSENT,UNRESOLVED_BOUND_MOIETIES_NOT_ANNOTATED,STOICHIOMETRIC_PROXY_ONLY_NOT_VALIDATED_OSMOTIC_PRESSURE,UNAVAILABLE_CHARGE_PROTONATION_MG_BINDING_ABSENT,dc43bcec367f52105fe8d1ba328e59b064935df5faf8f880e078b212a40183df
re0000000396,adenylate kinase carrier exchange / DISSOCIATION,energy regeneration,EnergyRegeneration_C,EnergyRegeneration_C:re24,EXTRACTED_EXACT_STOICHIOMETRY,DISSOCIATION,"{""MK_ADP_2"": 1.0}","{""ADP"": 1.0, ""MK"": 1.0}",re0000000396_k1,1000.0,1.0,1.0,0.0,1.0,0.0,0.0,0.0,0.0,0.0,0.0,0.0,0.0,0.0,0.0,0.0,0.0,0.0,0.0,0.0,0.0,UNRESOLVED_FORMULAS_ABSENT,UNRESOLVED_BOUND_MOIETIES_NOT_ANNOTATED,STOICHIOMETRIC_PROXY_ONLY_NOT_VALIDATED_OSMOTIC_PRESSURE,UNAVAILABLE_CHARGE_PROTONATION_MG_BINDING_ABSENT,dc43bcec367f52105fe8d1ba328e59b064935df5faf8f880e078b212a40183df
re0000000397,adenylate kinase carrier exchange / HETERODIMER_ASSOCIATION,energy regeneration,EnergyRegeneration_C,EnergyRegeneration_C:re25,EXTRACTED_EXACT_STOICHIOMETRY,HETERODIMER_ASSOCIATION,"{""ADP"": 1.0, ""MK"": 1.0}","{""MK_ADP_2"": 1.0}",re0000000397_k1,35.71428571,-1.0,-1.0,0.0,-1.0,0.0,0.0,0.0,0.0,0.0,0.0,0.0,0.0,0.0,0.0,0.0,0.0,0.0,0.0,0.0,0.0,UNRESOLVED_FORMULAS_ABSENT,UNRESOLVED_BOUND_MOIETIES_NOT_ANNOTATED,STOICHIOMETRIC_PROXY_ONLY_NOT_VALIDATED_OSMOTIC_PRESSURE,UNAVAILABLE_CHARGE_PROTONATION_MG_BINDING_ABSENT,dc43bcec367f52105fe8d1ba328e59b064935df5faf8f880e078b212a40183df
re0000000398,adenylate kinase carrier exchange / STATE_TRANSITION,energy regeneration,EnergyRegeneration_C,EnergyRegeneration_C:re26,EXTRACTED_EXACT_STOICHIOMETRY,STATE_TRANSITION,"{""MK_AMP"": 1.0}","{""AMP"": 1.0, ""MK_degraded"": 1.0}",re0000000398_k1,0.0,1.0,1.0,0.0,0.0,1.0,0.0,0.0,0.0,0.0,0.0,0.0,0.0,0.0,0.0,0.0,0.0,0.0,0.0,0.0,0.0,UNRESOLVED_FORMULAS_ABSENT,UNRESOLVED_BOUND_MOIETIES_NOT_ANNOTATED,STOICHIOMETRIC_PROXY_ONLY_NOT_VALIDATED_OSMOTIC_PRESSURE,UNAVAILABLE_CHARGE_PROTONATION_MG_BINDING_ABSENT,dc43bcec367f52105fe8d1ba328e59b064935df5faf8f880e078b212a40183df
re0000000399,adenylate kinase carrier exchange / STATE_TRANSITION,energy regeneration,EnergyRegeneration_C,EnergyRegeneration_C:re27,EXTRACTED_EXACT_STOICHIOMETRY,STATE_TRANSITION,"{""MK_ATP"": 1.0}","{""ATP"": 1.0, ""MK_degraded"": 1.0}",re0000000399_k1,0.0,1.0,1.0,1.0,0.0,0.0,0.0,0.0,0.0,0.0,0.0,0.0,0.0,0.0,0.0,0.0,0.0,0.0,0.0,0.0,0.0,UNRESOLVED_FORMULAS_ABSENT,UNRESOLVED_BOUND_MOIETIES_NOT_ANNOTATED,STOICHIOMETRIC_PROXY_ONLY_NOT_VALIDATED_OSMOTIC_PRESSURE,UNAVAILABLE_CHARGE_PROTONATION_MG_BINDING_ABSENT,dc43bcec367f52105fe8d1ba328e59b064935df5faf8f880e078b212a40183df
re0000000400,adenylate kinase carrier exchange / STATE_TRANSITION,energy regeneration,EnergyRegeneration_C,EnergyRegeneration_C:re28,EXTRACTED_EXACT_STOICHIOMETRY,STATE_TRANSITION,"{""MK_ATP_AMP"": 1.0}","{""ATP"": 1.0, ""MK_degraded"": 1.0}",re0000000400_k1,0.0,1.0,1.0,1.0,0.0,0.0,0.0,0.0,0.0,0.0,0.0,0.0,0.0,0.0,0.0,0.0,0.0,0.0,0.0,0.0,0.0,UNRESOLVED_FORMULAS_ABSENT,UNRESOLVED_BOUND_MOIETIES_NOT_ANNOTATED,STOICHIOMETRIC_PROXY_ONLY_NOT_VALIDATED_OSMOTIC_PRESSURE,UNAVAILABLE_CHARGE_PROTONATION_MG_BINDING_ABSENT,dc43bcec367f52105fe8d1ba328e59b064935df5faf8f880e078b212a40183df
re0000000401,adenylate kinase carrier exchange / STATE_TRANSITION,energy regeneration,EnergyRegeneration_C,EnergyRegeneration_C:re30,EXTRACTED_EXACT_STOICHIOMETRY,STATE_TRANSITION,"{""MK_ADP_ADP"": 1.0}","{""ADP"": 1.0, ""MK_degraded"": 1.0}",re0000000401_k1,0.0,1.0,1.0,0.0,1.0,0.0,0.0,0.0,0.0,0.0,0.0,0.0,0.0,0.0,0.0,0.0,0.0,0.0,0.0,0.0,0.0,UNRESOLVED_FORMULAS_ABSENT,UNRESOLVED_BOUND_MOIETIES_NOT_ANNOTATED,STOICHIOMETRIC_PROXY_ONLY_NOT_VALIDATED_OSMOTIC_PRESSURE,UNAVAILABLE_CHARGE_PROTONATION_MG_BINDING_ABSENT,dc43bcec367f52105fe8d1ba328e59b064935df5faf8f880e078b212a40183df
re0000000402,adenylate kinase carrier exchange / STATE_TRANSITION,energy regeneration,EnergyRegeneration_C,EnergyRegeneration_C:re31,EXTRACTED_EXACT_STOICHIOMETRY,STATE_TRANSITION,"{""MK_ADP_1"": 1.0}","{""ADP"": 1.0, ""MK_degraded"": 1.0}",re0000000402_k1,0.0,1.0,1.0,0.0,1.0,0.0,0.0,0.0,0.0,0.0,0.0,0.0,0.0,0.0,0.0,0.0,0.0,0.0,0.0,0.0,0.0,UNRESOLVED_FORMULAS_ABSENT,UNRESOLVED_BOUND_MOIETIES_NOT_ANNOTATED,STOICHIOMETRIC_PROXY_ONLY_NOT_VALIDATED_OSMOTIC_PRESSURE,UNAVAILABLE_CHARGE_PROTONATION_MG_BINDING_ABSENT,dc43bcec367f52105fe8d1ba328e59b064935df5faf8f880e078b212a40183df
re0000000403,adenylate kinase carrier exchange / STATE_TRANSITION,energy regeneration,EnergyRegeneration_C,EnergyRegeneration_C:re32,EXTRACTED_EXACT_STOICHIOMETRY,STATE_TRANSITION,"{""MK_ADP_2"": 1.0}","{""ADP"": 1.0, ""MK_degraded"": 1.0}",re0000000403_k1,0.0,1.0,1.0,0.0,1.0,0.0,0.0,0.0,0.0,0.0,0.0,0.0,0.0,0.0,0.0,0.0,0.0,0.0,0.0,0.0,0.0,UNRESOLVED_FORMULAS_ABSENT,UNRESOLVED_BOUND_MOIETIES_NOT_ANNOTATED,STOICHIOMETRIC_PROXY_ONLY_NOT_VALIDATED_OSMOTIC_PRESSURE,UNAVAILABLE_CHARGE_PROTONATION_MG_BINDING_ABSENT,dc43bcec367f52105fe8d1ba328e59b064935df5faf8f880e078b212a40183df
re0000000404,pyrophosphate hydrolysis / STATE_TRANSITION,energy regeneration,EnergyRegeneration_D,EnergyRegeneration_D:re1,EXTRACTED_EXACT_STOICHIOMETRY,STATE_TRANSITION,"{""PPiase"": 1.0}","{""PPiase_degraded"": 1.0}",re0000000404_k1,0.0,0.0,0,0.0,0.0,0.0,0.0,0.0,0.0,0.0,0.0,0.0,0.0,0.0,0.0,0.0,0.0,0.0,0.0,0.0,0.0,UNRESOLVED_FORMULAS_ABSENT,UNRESOLVED_BOUND_MOIETIES_NOT_ANNOTATED,STOICHIOMETRIC_PROXY_ONLY_NOT_VALIDATED_OSMOTIC_PRESSURE,UNAVAILABLE_CHARGE_PROTONATION_MG_BINDING_ABSENT,dc43bcec367f52105fe8d1ba328e59b064935df5faf8f880e078b212a40183df
re0000000405,pyrophosphate hydrolysis / HETERODIMER_ASSOCIATION,energy regeneration,EnergyRegeneration_D,EnergyRegeneration_D:re2,EXTRACTED_EXACT_STOICHIOMETRY,HETERODIMER_ASSOCIATION,"{""PPi"": 1.0, ""PPiase"": 1.0}","{""PPiase_PPi"": 1.0}",re0000000405_k1,46.0,-1.0,-1.0,0.0,0.0,0.0,0.0,0.0,0.0,0.0,-1.0,0.0,0.0,0.0,0.0,0.0,0.0,0.0,0.0,0.0,0.0,UNRESOLVED_FORMULAS_ABSENT,UNRESOLVED_BOUND_MOIETIES_NOT_ANNOTATED,STOICHIOMETRIC_PROXY_ONLY_NOT_VALIDATED_OSMOTIC_PRESSURE,UNAVAILABLE_CHARGE_PROTONATION_MG_BINDING_ABSENT,dc43bcec367f52105fe8d1ba328e59b064935df5faf8f880e078b212a40183df
re0000000406,pyrophosphate hydrolysis / DISSOCIATION,energy regeneration,EnergyRegeneration_D,EnergyRegeneration_D:re3,EXTRACTED_EXACT_STOICHIOMETRY,DISSOCIATION,"{""PPiase_PPi"": 1.0}","{""PPi"": 1.0, ""PPiase"": 1.0}",re0000000406_k1,200.0,1.0,1.0,0.0,0.0,0.0,0.0,0.0,0.0,0.0,1.0,0.0,0.0,0.0,0.0,0.0,0.0,0.0,0.0,0.0,0.0,UNRESOLVED_FORMULAS_ABSENT,UNRESOLVED_BOUND_MOIETIES_NOT_ANNOTATED,STOICHIOMETRIC_PROXY_ONLY_NOT_VALIDATED_OSMOTIC_PRESSURE,UNAVAILABLE_CHARGE_PROTONATION_MG_BINDING_ABSENT,dc43bcec367f52105fe8d1ba328e59b064935df5faf8f880e078b212a40183df
re0000000407,pyrophosphate hydrolysis / STATE_TRANSITION,energy regeneration,EnergyRegeneration_D,EnergyRegeneration_D:re4,EXTRACTED_EXACT_STOICHIOMETRY,STATE_TRANSITION,"{""PPiase_PPi"": 1.0}","{""PPiase_PO4_PO4"": 1.0}",re0000000407_k1,800.0,0.0,0,0.0,0.0,0.0,0.0,0.0,0.0,0.0,0.0,0.0,0.0,0.0,0.0,0.0,0.0,0.0,0.0,0.0,0.0,UNRESOLVED_FORMULAS_ABSENT,UNRESOLVED_BOUND_MOIETIES_NOT_ANNOTATED,STOICHIOMETRIC_PROXY_ONLY_NOT_VALIDATED_OSMOTIC_PRESSURE,UNAVAILABLE_CHARGE_PROTONATION_MG_BINDING_ABSENT,dc43bcec367f52105fe8d1ba328e59b064935df5faf8f880e078b212a40183df
re0000000408,pyrophosphate hydrolysis / STATE_TRANSITION,energy regeneration,EnergyRegeneration_D,EnergyRegeneration_D:re5,EXTRACTED_EXACT_STOICHIOMETRY,STATE_TRANSITION,"{""PPiase_PO4_PO4"": 1.0}","{""PPiase_PPi"": 1.0}",re0000000408_k1,140.0,0.0,0,0.0,0.0,0.0,0.0,0.0,0.0,0.0,0.0,0.0,0.0,0.0,0.0,0.0,0.0,0.0,0.0,0.0,0.0,UNRESOLVED_FORMULAS_ABSENT,UNRESOLVED_BOUND_MOIETIES_NOT_ANNOTATED,STOICHIOMETRIC_PROXY_ONLY_NOT_VALIDATED_OSMOTIC_PRESSURE,UNAVAILABLE_CHARGE_PROTONATION_MG_BINDING_ABSENT,dc43bcec367f52105fe8d1ba328e59b064935df5faf8f880e078b212a40183df
re0000000409,pyrophosphate hydrolysis / DISSOCIATION,energy regeneration,EnergyRegeneration_D,EnergyRegeneration_D:re6,EXTRACTED_EXACT_STOICHIOMETRY,DISSOCIATION,"{""PPiase_PO4_PO4"": 1.0}","{""PO4"": 1.0, ""PPiase_PO4"": 1.0}",re0000000409_k1,440.0,1.0,1.0,0.0,0.0,0.0,0.0,0.0,0.0,1.0,0.0,0.0,0.0,0.0,0.0,0.0,0.0,0.0,0.0,0.0,0.0,UNRESOLVED_FORMULAS_ABSENT,UNRESOLVED_BOUND_MOIETIES_NOT_ANNOTATED,STOICHIOMETRIC_PROXY_ONLY_NOT_VALIDATED_OSMOTIC_PRESSURE,UNAVAILABLE_CHARGE_PROTONATION_MG_BINDING_ABSENT,dc43bcec367f52105fe8d1ba328e59b064935df5faf8f880e078b212a40183df
re0000000410,pyrophosphate hydrolysis / HETERODIMER_ASSOCIATION,energy regeneration,EnergyRegeneration_D,EnergyRegeneration_D:re8,EXTRACTED_EXACT_STOICHIOMETRY,HETERODIMER_ASSOCIATION,"{""PO4"": 1.0, ""PPiase_PO4"": 1.0}","{""PPiase_PO4_PO4"": 1.0}",re0000000410_k1,0.059,-1.0,-1.0,0.0,0.0,0.0,0.0,0.0,0.0,-1.0,0.0,0.0,0.0,0.0,0.0,0.0,0.0,0.0,0.0,0.0,0.0,UNRESOLVED_FORMULAS_ABSENT,UNRESOLVED_BOUND_MOIETIES_NOT_ANNOTATED,STOICHIOMETRIC_PROXY_ONLY_NOT_VALIDATED_OSMOTIC_PRESSURE,UNAVAILABLE_CHARGE_PROTONATION_MG_BINDING_ABSENT,dc43bcec367f52105fe8d1ba328e59b064935df5faf8f880e078b212a40183df
re0000000411,pyrophosphate hydrolysis / DISSOCIATION,energy regeneration,EnergyRegeneration_D,EnergyRegeneration_D:re10,EXTRACTED_EXACT_STOICHIOMETRY,DISSOCIATION,"{""PPiase_PO4"": 1.0}","{""PO4"": 1.0, ""PPiase"": 1.0}",re0000000411_k1,400.0,1.0,1.0,0.0,0.0,0.0,0.0,0.0,0.0,1.0,0.0,0.0,0.0,0.0,0.0,0.0,0.0,0.0,0.0,0.0,0.0,UNRESOLVED_FORMULAS_ABSENT,UNRESOLVED_BOUND_MOIETIES_NOT_ANNOTATED,STOICHIOMETRIC_PROXY_ONLY_NOT_VALIDATED_OSMOTIC_PRESSURE,UNAVAILABLE_CHARGE_PROTONATION_MG_BINDING_ABSENT,dc43bcec367f52105fe8d1ba328e59b064935df5faf8f880e078b212a40183df
re0000000412,pyrophosphate hydrolysis / HETERODIMER_ASSOCIATION,energy regeneration,EnergyRegeneration_D,EnergyRegeneration_D:re11,EXTRACTED_EXACT_STOICHIOMETRY,HETERODIMER_ASSOCIATION,"{""PO4"": 1.0, ""PPiase"": 1.0}","{""PPiase_PO4"": 1.0}",re0000000412_k1,0.26,-1.0,-1.0,0.0,0.0,0.0,0.0,0.0,0.0,-1.0,0.0,0.0,0.0,0.0,0.0,0.0,0.0,0.0,0.0,0.0,0.0,UNRESOLVED_FORMULAS_ABSENT,UNRESOLVED_BOUND_MOIETIES_NOT_ANNOTATED,STOICHIOMETRIC_PROXY_ONLY_NOT_VALIDATED_OSMOTIC_PRESSURE,UNAVAILABLE_CHARGE_PROTONATION_MG_BINDING_ABSENT,dc43bcec367f52105fe8d1ba328e59b064935df5faf8f880e078b212a40183df
re0000000413,pyrophosphate hydrolysis / STATE_TRANSITION,energy regeneration,EnergyRegeneration_D,EnergyRegeneration_D:re12,EXTRACTED_EXACT_STOICHIOMETRY,STATE_TRANSITION,"{""PPiase_PPi"": 1.0}","{""PPi"": 1.0, ""PPiase_degraded"": 1.0}",re0000000413_k1,0.0,1.0,1.0,0.0,0.0,0.0,0.0,0.0,0.0,0.0,1.0,0.0,0.0,0.0,0.0,0.0,0.0,0.0,0.0,0.0,0.0,UNRESOLVED_FORMULAS_ABSENT,UNRESOLVED_BOUND_MOIETIES_NOT_ANNOTATED,STOICHIOMETRIC_PROXY_ONLY_NOT_VALIDATED_OSMOTIC_PRESSURE,UNAVAILABLE_CHARGE_PROTONATION_MG_BINDING_ABSENT,dc43bcec367f52105fe8d1ba328e59b064935df5faf8f880e078b212a40183df
re0000000414,pyrophosphate hydrolysis / STATE_TRANSITION,energy regeneration,EnergyRegeneration_D,EnergyRegeneration_D:re13,EXTRACTED_EXACT_STOICHIOMETRY,STATE_TRANSITION,"{""PPiase_PO4_PO4"": 1.0}","{""PO4"": 2.0, ""PPiase_degraded"": 1.0}",re0000000414_k1,0.0,2.0,2.0,0.0,0.0,0.0,0.0,0.0,0.0,2.0,0.0,0.0,0.0,0.0,0.0,0.0,0.0,0.0,0.0,0.0,0.0,UNRESOLVED_FORMULAS_ABSENT,UNRESOLVED_BOUND_MOIETIES_NOT_ANNOTATED,STOICHIOMETRIC_PROXY_ONLY_NOT_VALIDATED_OSMOTIC_PRESSURE,UNAVAILABLE_CHARGE_PROTONATION_MG_BINDING_ABSENT,dc43bcec367f52105fe8d1ba328e59b064935df5faf8f880e078b212a40183df
re0000000415,pyrophosphate hydrolysis / STATE_TRANSITION,energy regeneration,EnergyRegeneration_D,EnergyRegeneration_D:re14,EXTRACTED_EXACT_STOICHIOMETRY,STATE_TRANSITION,"{""PPiase_PO4"": 1.0}","{""PO4"": 1.0, ""PPiase_degraded"": 1.0}",re0000000415_k1,0.0,1.0,1.0,0.0,0.0,0.0,0.0,0.0,0.0,1.0,0.0,0.0,0.0,0.0,0.0,0.0,0.0,0.0,0.0,0.0,0.0,UNRESOLVED_FORMULAS_ABSENT,UNRESOLVED_BOUND_MOIETIES_NOT_ANNOTATED,STOICHIOMETRIC_PROXY_ONLY_NOT_VALIDATED_OSMOTIC_PRESSURE,UNAVAILABLE_CHARGE_PROTONATION_MG_BINDING_ABSENT,dc43bcec367f52105fe8d1ba328e59b064935df5faf8f880e078b212a40183df
re0000000416,initiator tRNA formylation / STATE_TRANSITION,aminoacylation,FMet_tRNASynthesis,FMet_tRNASynthesis:re16,EXTRACTED_EXACT_STOICHIOMETRY,STATE_TRANSITION,"{""MTF"": 1.0}","{""MTF_degraded"": 1.0}",re0000000416_k1,0.0,0.0,0,0.0,0.0,0.0,0.0,0.0,0.0,0.0,0.0,0.0,0.0,0.0,0.0,0.0,0.0,0.0,0.0,0.0,0.0,UNRESOLVED_FORMULAS_ABSENT,UNRESOLVED_BOUND_MOIETIES_NOT_ANNOTATED,STOICHIOMETRIC_PROXY_ONLY_NOT_VALIDATED_OSMOTIC_PRESSURE,UNAVAILABLE_CHARGE_PROTONATION_MG_BINDING_ABSENT,dc43bcec367f52105fe8d1ba328e59b064935df5faf8f880e078b212a40183df
re0000000417,initiator tRNA formylation / DISSOCIATION,aminoacylation,FMet_tRNASynthesis,FMet_tRNASynthesis:re27,EXTRACTED_EXACT_STOICHIOMETRY,DISSOCIATION,"{""fMettRNAfMetCAU"": 1.0}","{""fMet"": 1.0, ""tRNAfMetCAU"": 1.0}",re0000000417_k1,0.0,1.0,1.0,0.0,0.0,0.0,0.0,0.0,0.0,0.0,0.0,0.0,0.0,0.0,0.0,1.0,0.0,1.0,0.0,0.0,-1.0,UNRESOLVED_FORMULAS_ABSENT,UNRESOLVED_BOUND_MOIETIES_NOT_ANNOTATED,STOICHIOMETRIC_PROXY_ONLY_NOT_VALIDATED_OSMOTIC_PRESSURE,UNAVAILABLE_CHARGE_PROTONATION_MG_BINDING_ABSENT,dc43bcec367f52105fe8d1ba328e59b064935df5faf8f880e078b212a40183df
re0000000418,initiator tRNA formylation / HETERODIMER_ASSOCIATION,aminoacylation,FMet_tRNASynthesis,FMet_tRNASynthesis:re28,EXTRACTED_EXACT_STOICHIOMETRY,HETERODIMER_ASSOCIATION,"{""FD"": 1.0, ""MTF"": 1.0}","{""MTF_FD"": 1.0}",re0000000418_k1,74.07407407,-1.0,-1.0,0.0,0.0,0.0,0.0,0.0,0.0,0.0,0.0,0.0,0.0,0.0,0.0,0.0,0.0,0.0,0.0,0.0,0.0,UNRESOLVED_FORMULAS_ABSENT,UNRESOLVED_BOUND_MOIETIES_NOT_ANNOTATED,STOICHIOMETRIC_PROXY_ONLY_NOT_VALIDATED_OSMOTIC_PRESSURE,UNAVAILABLE_CHARGE_PROTONATION_MG_BINDING_ABSENT,dc43bcec367f52105fe8d1ba328e59b064935df5faf8f880e078b212a40183df
re0000000419,initiator tRNA formylation / DISSOCIATION,aminoacylation,FMet_tRNASynthesis,FMet_tRNASynthesis:re29,EXTRACTED_EXACT_STOICHIOMETRY,DISSOCIATION,"{""MTF_FD"": 1.0}","{""FD"": 1.0, ""MTF"": 1.0}",re0000000419_k1,1000.0,1.0,1.0,0.0,0.0,0.0,0.0,0.0,0.0,0.0,0.0,0.0,0.0,0.0,0.0,0.0,0.0,0.0,0.0,0.0,0.0,UNRESOLVED_FORMULAS_ABSENT,UNRESOLVED_BOUND_MOIETIES_NOT_ANNOTATED,STOICHIOMETRIC_PROXY_ONLY_NOT_VALIDATED_OSMOTIC_PRESSURE,UNAVAILABLE_CHARGE_PROTONATION_MG_BINDING_ABSENT,dc43bcec367f52105fe8d1ba328e59b064935df5faf8f880e078b212a40183df
re0000000420,initiator tRNA formylation / HETERODIMER_ASSOCIATION,aminoacylation,FMet_tRNASynthesis,FMet_tRNASynthesis:re30,EXTRACTED_EXACT_STOICHIOMETRY,HETERODIMER_ASSOCIATION,"{""MTF"": 1.0, ""MettRNAfMetCAU"": 1.0}","{""MTF_MettRNAfMetCAU"": 1.0}",re0000000420_k1,2000.0,-1.0,0,0.0,0.0,0.0,0.0,0.0,0.0,0.0,0.0,0.0,0.0,0.0,0.0,0.0,0.0,0.0,0.0,-1.0,0.0,UNRESOLVED_FORMULAS_ABSENT,UNRESOLVED_BOUND_MOIETIES_NOT_ANNOTATED,STOICHIOMETRIC_PROXY_ONLY_NOT_VALIDATED_OSMOTIC_PRESSURE,UNAVAILABLE_CHARGE_PROTONATION_MG_BINDING_ABSENT,dc43bcec367f52105fe8d1ba328e59b064935df5faf8f880e078b212a40183df
re0000000421,initiator tRNA formylation / DISSOCIATION,aminoacylation,FMet_tRNASynthesis,FMet_tRNASynthesis:re31,EXTRACTED_EXACT_STOICHIOMETRY,DISSOCIATION,"{""MTF_MettRNAfMetCAU"": 1.0}","{""MTF"": 1.0, ""MettRNAfMetCAU"": 1.0}",re0000000421_k1,1000.0,1.0,0,0.0,0.0,0.0,0.0,0.0,0.0,0.0,0.0,0.0,0.0,0.0,0.0,0.0,0.0,0.0,0.0,1.0,0.0,UNRESOLVED_FORMULAS_ABSENT,UNRESOLVED_BOUND_MOIETIES_NOT_ANNOTATED,STOICHIOMETRIC_PROXY_ONLY_NOT_VALIDATED_OSMOTIC_PRESSURE,UNAVAILABLE_CHARGE_PROTONATION_MG_BINDING_ABSENT,dc43bcec367f52105fe8d1ba328e59b064935df5faf8f880e078b212a40183df
re0000000422,initiator tRNA formylation / HETERODIMER_ASSOCIATION,aminoacylation,FMet_tRNASynthesis,FMet_tRNASynthesis:re32,EXTRACTED_EXACT_STOICHIOMETRY,HETERODIMER_ASSOCIATION,"{""MTF_FD"": 1.0, ""MettRNAfMetCAU"": 1.0}","{""MTF_FD_MettRNAfMetCAU"": 1.0}",re0000000422_k1,2000.0,-1.0,0,0.0,0.0,0.0,0.0,0.0,0.0,0.0,0.0,0.0,0.0,0.0,0.0,0.0,0.0,0.0,0.0,-1.0,0.0,UNRESOLVED_FORMULAS_ABSENT,UNRESOLVED_BOUND_MOIETIES_NOT_ANNOTATED,STOICHIOMETRIC_PROXY_ONLY_NOT_VALIDATED_OSMOTIC_PRESSURE,UNAVAILABLE_CHARGE_PROTONATION_MG_BINDING_ABSENT,dc43bcec367f52105fe8d1ba328e59b064935df5faf8f880e078b212a40183df
re0000000423,initiator tRNA formylation / DISSOCIATION,aminoacylation,FMet_tRNASynthesis,FMet_tRNASynthesis:re33,EXTRACTED_EXACT_STOICHIOMETRY,DISSOCIATION,"{""MTF_FD_MettRNAfMetCAU"": 1.0}","{""MTF_FD"": 1.0, ""MettRNAfMetCAU"": 1.0}",re0000000423_k1,1000.0,1.0,0,0.0,0.0,0.0,0.0,0.0,0.0,0.0,0.0,0.0,0.0,0.0,0.0,0.0,0.0,0.0,0.0,1.0,0.0,UNRESOLVED_FORMULAS_ABSENT,UNRESOLVED_BOUND_MOIETIES_NOT_ANNOTATED,STOICHIOMETRIC_PROXY_ONLY_NOT_VALIDATED_OSMOTIC_PRESSURE,UNAVAILABLE_CHARGE_PROTONATION_MG_BINDING_ABSENT,dc43bcec367f52105fe8d1ba328e59b064935df5faf8f880e078b212a40183df
re0000000424,initiator tRNA formylation / HETERODIMER_ASSOCIATION,aminoacylation,FMet_tRNASynthesis,FMet_tRNASynthesis:re34,EXTRACTED_EXACT_STOICHIOMETRY,HETERODIMER_ASSOCIATION,"{""FD"": 1.0, ""MTF_MettRNAfMetCAU"": 1.0}","{""MTF_FD_MettRNAfMetCAU"": 1.0}",re0000000424_k1,74.07407407,-1.0,-1.0,0.0,0.0,0.0,0.0,0.0,0.0,0.0,0.0,0.0,0.0,0.0,0.0,0.0,0.0,0.0,0.0,0.0,0.0,UNRESOLVED_FORMULAS_ABSENT,UNRESOLVED_BOUND_MOIETIES_NOT_ANNOTATED,STOICHIOMETRIC_PROXY_ONLY_NOT_VALIDATED_OSMOTIC_PRESSURE,UNAVAILABLE_CHARGE_PROTONATION_MG_BINDING_ABSENT,dc43bcec367f52105fe8d1ba328e59b064935df5faf8f880e078b212a40183df
re0000000425,initiator tRNA formylation / DISSOCIATION,aminoacylation,FMet_tRNASynthesis,FMet_tRNASynthesis:re35,EXTRACTED_EXACT_STOICHIOMETRY,DISSOCIATION,"{""MTF_FD_MettRNAfMetCAU"": 1.0}","{""FD"": 1.0, ""MTF_MettRNAfMetCAU"": 1.0}",re0000000425_k1,1000.0,1.0,1.0,0.0,0.0,0.0,0.0,0.0,0.0,0.0,0.0,0.0,0.0,0.0,0.0,0.0,0.0,0.0,0.0,0.0,0.0,UNRESOLVED_FORMULAS_ABSENT,UNRESOLVED_BOUND_MOIETIES_NOT_ANNOTATED,STOICHIOMETRIC_PROXY_ONLY_NOT_VALIDATED_OSMOTIC_PRESSURE,UNAVAILABLE_CHARGE_PROTONATION_MG_BINDING_ABSENT,dc43bcec367f52105fe8d1ba328e59b064935df5faf8f880e078b212a40183df
re0000000426,initiator tRNA formylation / STATE_TRANSITION,aminoacylation,FMet_tRNASynthesis,FMet_tRNASynthesis:re36,EXTRACTED_EXACT_STOICHIOMETRY,STATE_TRANSITION,"{""MTF_FD_MettRNAfMetCAU"": 1.0}","{""MTF_THF_fMettRNAfMetCAU"": 1.0}",re0000000426_k1,37.3,0.0,0,0.0,0.0,0.0,0.0,0.0,0.0,0.0,0.0,0.0,0.0,0.0,0.0,0.0,0.0,0.0,0.0,0.0,0.0,UNRESOLVED_FORMULAS_ABSENT,UNRESOLVED_BOUND_MOIETIES_NOT_ANNOTATED,STOICHIOMETRIC_PROXY_ONLY_NOT_VALIDATED_OSMOTIC_PRESSURE,UNAVAILABLE_CHARGE_PROTONATION_MG_BINDING_ABSENT,dc43bcec367f52105fe8d1ba328e59b064935df5faf8f880e078b212a40183df
re0000000427,initiator tRNA formylation / STATE_TRANSITION,aminoacylation,FMet_tRNASynthesis,FMet_tRNASynthesis:re37,EXTRACTED_EXACT_STOICHIOMETRY,STATE_TRANSITION,"{""MTF_THF_fMettRNAfMetCAU"": 1.0}","{""MTF_FD_MettRNAfMetCAU"": 1.0}",re0000000427_k1,0.0,0.0,0,0.0,0.0,0.0,0.0,0.0,0.0,0.0,0.0,0.0,0.0,0.0,0.0,0.0,0.0,0.0,0.0,0.0,0.0,UNRESOLVED_FORMULAS_ABSENT,UNRESOLVED_BOUND_MOIETIES_NOT_ANNOTATED,STOICHIOMETRIC_PROXY_ONLY_NOT_VALIDATED_OSMOTIC_PRESSURE,UNAVAILABLE_CHARGE_PROTONATION_MG_BINDING_ABSENT,dc43bcec367f52105fe8d1ba328e59b064935df5faf8f880e078b212a40183df
re0000000428,initiator tRNA formylation / DISSOCIATION,aminoacylation,FMet_tRNASynthesis,FMet_tRNASynthesis:re38,EXTRACTED_EXACT_STOICHIOMETRY,DISSOCIATION,"{""MTF_THF_fMettRNAfMetCAU"": 1.0}","{""MTF_THF"": 1.0, ""fMettRNAfMetCAU"": 1.0}",re0000000428_k1,1000.0,1.0,0,0.0,0.0,0.0,0.0,0.0,0.0,0.0,0.0,0.0,0.0,0.0,0.0,0.0,0.0,0.0,0.0,0.0,1.0,UNRESOLVED_FORMULAS_ABSENT,UNRESOLVED_BOUND_MOIETIES_NOT_ANNOTATED,STOICHIOMETRIC_PROXY_ONLY_NOT_VALIDATED_OSMOTIC_PRESSURE,UNAVAILABLE_CHARGE_PROTONATION_MG_BINDING_ABSENT,dc43bcec367f52105fe8d1ba328e59b064935df5faf8f880e078b212a40183df
re0000000429,initiator tRNA formylation / HETERODIMER_ASSOCIATION,aminoacylation,FMet_tRNASynthesis,FMet_tRNASynthesis:re39,EXTRACTED_EXACT_STOICHIOMETRY,HETERODIMER_ASSOCIATION,"{""MTF_THF"": 1.0, ""fMettRNAfMetCAU"": 1.0}","{""MTF_THF_fMettRNAfMetCAU"": 1.0}",re0000000429_k1,0.0,-1.0,0,0.0,0.0,0.0,0.0,0.0,0.0,0.0,0.0,0.0,0.0,0.0,0.0,0.0,0.0,0.0,0.0,0.0,-1.0,UNRESOLVED_FORMULAS_ABSENT,UNRESOLVED_BOUND_MOIETIES_NOT_ANNOTATED,STOICHIOMETRIC_PROXY_ONLY_NOT_VALIDATED_OSMOTIC_PRESSURE,UNAVAILABLE_CHARGE_PROTONATION_MG_BINDING_ABSENT,dc43bcec367f52105fe8d1ba328e59b064935df5faf8f880e078b212a40183df
re0000000430,initiator tRNA formylation / DISSOCIATION,aminoacylation,FMet_tRNASynthesis,FMet_tRNASynthesis:re40,EXTRACTED_EXACT_STOICHIOMETRY,DISSOCIATION,"{""MTF_THF_fMettRNAfMetCAU"": 1.0}","{""MTF_fMettRNAfMetCAU"": 1.0, ""THF"": 1.0}",re0000000430_k1,1000.0,1.0,1.0,0.0,0.0,0.0,0.0,0.0,0.0,0.0,0.0,0.0,0.0,0.0,0.0,0.0,0.0,0.0,0.0,0.0,0.0,UNRESOLVED_FORMULAS_ABSENT,UNRESOLVED_BOUND_MOIETIES_NOT_ANNOTATED,STOICHIOMETRIC_PROXY_ONLY_NOT_VALIDATED_OSMOTIC_PRESSURE,UNAVAILABLE_CHARGE_PROTONATION_MG_BINDING_ABSENT,dc43bcec367f52105fe8d1ba328e59b064935df5faf8f880e078b212a40183df
re0000000431,initiator tRNA formylation / HETERODIMER_ASSOCIATION,aminoacylation,FMet_tRNASynthesis,FMet_tRNASynthesis:re42,EXTRACTED_EXACT_STOICHIOMETRY,HETERODIMER_ASSOCIATION,"{""MTF_fMettRNAfMetCAU"": 1.0, ""THF"": 1.0}","{""MTF_THF_fMettRNAfMetCAU"": 1.0}",re0000000431_k1,0.0,-1.0,-1.0,0.0,0.0,0.0,0.0,0.0,0.0,0.0,0.0,0.0,0.0,0.0,0.0,0.0,0.0,0.0,0.0,0.0,0.0,UNRESOLVED_FORMULAS_ABSENT,UNRESOLVED_BOUND_MOIETIES_NOT_ANNOTATED,STOICHIOMETRIC_PROXY_ONLY_NOT_VALIDATED_OSMOTIC_PRESSURE,UNAVAILABLE_CHARGE_PROTONATION_MG_BINDING_ABSENT,dc43bcec367f52105fe8d1ba328e59b064935df5faf8f880e078b212a40183df
re0000000432,initiator tRNA formylation / DISSOCIATION,aminoacylation,FMet_tRNASynthesis,FMet_tRNASynthesis:re44,EXTRACTED_EXACT_STOICHIOMETRY,DISSOCIATION,"{""MTF_fMettRNAfMetCAU"": 1.0}","{""MTF"": 1.0, ""fMettRNAfMetCAU"": 1.0}",re0000000432_k1,1000.0,1.0,0,0.0,0.0,0.0,0.0,0.0,0.0,0.0,0.0,0.0,0.0,0.0,0.0,0.0,0.0,0.0,0.0,0.0,1.0,UNRESOLVED_FORMULAS_ABSENT,UNRESOLVED_BOUND_MOIETIES_NOT_ANNOTATED,STOICHIOMETRIC_PROXY_ONLY_NOT_VALIDATED_OSMOTIC_PRESSURE,UNAVAILABLE_CHARGE_PROTONATION_MG_BINDING_ABSENT,dc43bcec367f52105fe8d1ba328e59b064935df5faf8f880e078b212a40183df
re0000000433,initiator tRNA formylation / HETERODIMER_ASSOCIATION,aminoacylation,FMet_tRNASynthesis,FMet_tRNASynthesis:re45,EXTRACTED_EXACT_STOICHIOMETRY,HETERODIMER_ASSOCIATION,"{""MTF"": 1.0, ""fMettRNAfMetCAU"": 1.0}","{""MTF_fMettRNAfMetCAU"": 1.0}",re0000000433_k1,0.0,-1.0,0,0.0,0.0,0.0,0.0,0.0,0.0,0.0,0.0,0.0,0.0,0.0,0.0,0.0,0.0,0.0,0.0,0.0,-1.0,UNRESOLVED_FORMULAS_ABSENT,UNRESOLVED_BOUND_MOIETIES_NOT_ANNOTATED,STOICHIOMETRIC_PROXY_ONLY_NOT_VALIDATED_OSMOTIC_PRESSURE,UNAVAILABLE_CHARGE_PROTONATION_MG_BINDING_ABSENT,dc43bcec367f52105fe8d1ba328e59b064935df5faf8f880e078b212a40183df
re0000000434,initiator tRNA formylation / DISSOCIATION,aminoacylation,FMet_tRNASynthesis,FMet_tRNASynthesis:re46,EXTRACTED_EXACT_STOICHIOMETRY,DISSOCIATION,"{""MTF_THF"": 1.0}","{""MTF"": 1.0, ""THF"": 1.0}",re0000000434_k1,1000.0,1.0,1.0,0.0,0.0,0.0,0.0,0.0,0.0,0.0,0.0,0.0,0.0,0.0,0.0,0.0,0.0,0.0,0.0,0.0,0.0,UNRESOLVED_FORMULAS_ABSENT,UNRESOLVED_BOUND_MOIETIES_NOT_ANNOTATED,STOICHIOMETRIC_PROXY_ONLY_NOT_VALIDATED_OSMOTIC_PRESSURE,UNAVAILABLE_CHARGE_PROTONATION_MG_BINDING_ABSENT,dc43bcec367f52105fe8d1ba328e59b064935df5faf8f880e078b212a40183df
re0000000435,initiator tRNA formylation / HETERODIMER_ASSOCIATION,aminoacylation,FMet_tRNASynthesis,FMet_tRNASynthesis:re47,EXTRACTED_EXACT_STOICHIOMETRY,HETERODIMER_ASSOCIATION,"{""MTF"": 1.0, ""THF"": 1.0}","{""MTF_THF"": 1.0}",re0000000435_k1,0.0,-1.0,-1.0,0.0,0.0,0.0,0.0,0.0,0.0,0.0,0.0,0.0,0.0,0.0,0.0,0.0,0.0,0.0,0.0,0.0,0.0,UNRESOLVED_FORMULAS_ABSENT,UNRESOLVED_BOUND_MOIETIES_NOT_ANNOTATED,STOICHIOMETRIC_PROXY_ONLY_NOT_VALIDATED_OSMOTIC_PRESSURE,UNAVAILABLE_CHARGE_PROTONATION_MG_BINDING_ABSENT,dc43bcec367f52105fe8d1ba328e59b064935df5faf8f880e078b212a40183df
re0000000436,initiator tRNA formylation / STATE_TRANSITION,aminoacylation,FMet_tRNASynthesis,FMet_tRNASynthesis:re52,EXTRACTED_EXACT_STOICHIOMETRY,STATE_TRANSITION,"{""MTF_FD"": 1.0}","{""FD"": 1.0, ""MTF_degraded"": 1.0}",re0000000436_k1,0.0,1.0,1.0,0.0,0.0,0.0,0.0,0.0,0.0,0.0,0.0,0.0,0.0,0.0,0.0,0.0,0.0,0.0,0.0,0.0,0.0,UNRESOLVED_FORMULAS_ABSENT,UNRESOLVED_BOUND_MOIETIES_NOT_ANNOTATED,STOICHIOMETRIC_PROXY_ONLY_NOT_VALIDATED_OSMOTIC_PRESSURE,UNAVAILABLE_CHARGE_PROTONATION_MG_BINDING_ABSENT,dc43bcec367f52105fe8d1ba328e59b064935df5faf8f880e078b212a40183df
re0000000437,initiator tRNA formylation / STATE_TRANSITION,aminoacylation,FMet_tRNASynthesis,FMet_tRNASynthesis:re53,EXTRACTED_EXACT_STOICHIOMETRY,STATE_TRANSITION,"{""MTF_MettRNAfMetCAU"": 1.0}","{""MTF_degraded"": 1.0, ""MettRNAfMetCAU"": 1.0}",re0000000437_k1,0.0,1.0,0,0.0,0.0,0.0,0.0,0.0,0.0,0.0,0.0,0.0,0.0,0.0,0.0,0.0,0.0,0.0,0.0,1.0,0.0,UNRESOLVED_FORMULAS_ABSENT,UNRESOLVED_BOUND_MOIETIES_NOT_ANNOTATED,STOICHIOMETRIC_PROXY_ONLY_NOT_VALIDATED_OSMOTIC_PRESSURE,UNAVAILABLE_CHARGE_PROTONATION_MG_BINDING_ABSENT,dc43bcec367f52105fe8d1ba328e59b064935df5faf8f880e078b212a40183df
re0000000438,initiator tRNA formylation / STATE_TRANSITION,aminoacylation,FMet_tRNASynthesis,FMet_tRNASynthesis:re54,EXTRACTED_EXACT_STOICHIOMETRY,STATE_TRANSITION,"{""MTF_FD_MettRNAfMetCAU"": 1.0}","{""FD"": 1.0, ""MTF_degraded"": 1.0, ""MettRNAfMetCAU"": 1.0}",re0000000438_k1,0.0,2.0,1.0,0.0,0.0,0.0,0.0,0.0,0.0,0.0,0.0,0.0,0.0,0.0,0.0,0.0,0.0,0.0,0.0,1.0,0.0,UNRESOLVED_FORMULAS_ABSENT,UNRESOLVED_BOUND_MOIETIES_NOT_ANNOTATED,STOICHIOMETRIC_PROXY_ONLY_NOT_VALIDATED_OSMOTIC_PRESSURE,UNAVAILABLE_CHARGE_PROTONATION_MG_BINDING_ABSENT,dc43bcec367f52105fe8d1ba328e59b064935df5faf8f880e078b212a40183df
re0000000439,initiator tRNA formylation / STATE_TRANSITION,aminoacylation,FMet_tRNASynthesis,FMet_tRNASynthesis:re55,EXTRACTED_EXACT_STOICHIOMETRY,STATE_TRANSITION,"{""MTF_THF_fMettRNAfMetCAU"": 1.0}","{""MTF_degraded"": 1.0, ""THF"": 1.0, ""fMettRNAfMetCAU"": 1.0}",re0000000439_k1,0.0,2.0,1.0,0.0,0.0,0.0,0.0,0.0,0.0,0.0,0.0,0.0,0.0,0.0,0.0,0.0,0.0,0.0,0.0,0.0,1.0,UNRESOLVED_FORMULAS_ABSENT,UNRESOLVED_BOUND_MOIETIES_NOT_ANNOTATED,STOICHIOMETRIC_PROXY_ONLY_NOT_VALIDATED_OSMOTIC_PRESSURE,UNAVAILABLE_CHARGE_PROTONATION_MG_BINDING_ABSENT,dc43bcec367f52105fe8d1ba328e59b064935df5faf8f880e078b212a40183df
re0000000440,initiator tRNA formylation / STATE_TRANSITION,aminoacylation,FMet_tRNASynthesis,FMet_tRNASynthesis:re56,EXTRACTED_EXACT_STOICHIOMETRY,STATE_TRANSITION,"{""MTF_fMettRNAfMetCAU"": 1.0}","{""MTF_degraded"": 1.0, ""fMettRNAfMetCAU"": 1.0}",re0000000440_k1,0.0,1.0,0,0.0,0.0,0.0,0.0,0.0,0.0,0.0,0.0,0.0,0.0,0.0,0.0,0.0,0.0,0.0,0.0,0.0,1.0,UNRESOLVED_FORMULAS_ABSENT,UNRESOLVED_BOUND_MOIETIES_NOT_ANNOTATED,STOICHIOMETRIC_PROXY_ONLY_NOT_VALIDATED_OSMOTIC_PRESSURE,UNAVAILABLE_CHARGE_PROTONATION_MG_BINDING_ABSENT,dc43bcec367f52105fe8d1ba328e59b064935df5faf8f880e078b212a40183df
re0000000441,initiator tRNA formylation / STATE_TRANSITION,aminoacylation,FMet_tRNASynthesis,FMet_tRNASynthesis:re57,EXTRACTED_EXACT_STOICHIOMETRY,STATE_TRANSITION,"{""MTF_THF"": 1.0}","{""MTF_degraded"": 1.0, ""THF"": 1.0}",re0000000441_k1,0.0,1.0,1.0,0.0,0.0,0.0,0.0,0.0,0.0,0.0,0.0,0.0,0.0,0.0,0.0,0.0,0.0,0.0,0.0,0.0,0.0,UNRESOLVED_FORMULAS_ABSENT,UNRESOLVED_BOUND_MOIETIES_NOT_ANNOTATED,STOICHIOMETRIC_PROXY_ONLY_NOT_VALIDATED_OSMOTIC_PRESSURE,UNAVAILABLE_CHARGE_PROTONATION_MG_BINDING_ABSENT,dc43bcec367f52105fe8d1ba328e59b064935df5faf8f880e078b212a40183df
re0000000442,initiator tRNA formylation / STATE_TRANSITION,aminoacylation,FMet_tRNASynthesis,FMet_tRNASynthesis:re58,EXTRACTED_EXACT_STOICHIOMETRY,STATE_TRANSITION,"{""FD"": 1.0}","{""THF"": 1.0}",re0000000442_k1,0.0,0.0,0.0,0.0,0.0,0.0,0.0,0.0,0.0,0.0,0.0,0.0,0.0,0.0,0.0,0.0,0.0,0.0,0.0,0.0,0.0,UNRESOLVED_FORMULAS_ABSENT,UNRESOLVED_BOUND_MOIETIES_NOT_ANNOTATED,STOICHIOMETRIC_PROXY_ONLY_NOT_VALIDATED_OSMOTIC_PRESSURE,UNAVAILABLE_CHARGE_PROTONATION_MG_BINDING_ABSENT,dc43bcec367f52105fe8d1ba328e59b064935df5faf8f880e078b212a40183df
re0000000443,initiator tRNA formylation / HETERODIMER_ASSOCIATION,aminoacylation,FMet_tRNASynthesis,FMet_tRNASynthesis:re59,EXTRACTED_EXACT_STOICHIOMETRY,HETERODIMER_ASSOCIATION,"{""fMet"": 1.0, ""tRNAfMetCAU"": 1.0}","{""fMettRNAfMetCAU"": 1.0}",re0000000443_k1,0.0,-1.0,-1.0,0.0,0.0,0.0,0.0,0.0,0.0,0.0,0.0,0.0,0.0,0.0,0.0,-1.0,0.0,-1.0,0.0,0.0,1.0,UNRESOLVED_FORMULAS_ABSENT,UNRESOLVED_BOUND_MOIETIES_NOT_ANNOTATED,STOICHIOMETRIC_PROXY_ONLY_NOT_VALIDATED_OSMOTIC_PRESSURE,UNAVAILABLE_CHARGE_PROTONATION_MG_BINDING_ABSENT,dc43bcec367f52105fe8d1ba328e59b064935df5faf8f880e078b212a40183df
re0000000444,initiator tRNA formylation / STATE_TRANSITION,aminoacylation,FMet_tRNASynthesis,FMet_tRNASynthesis:re60,EXTRACTED_EXACT_STOICHIOMETRY,STATE_TRANSITION,"{""THF"": 1.0}","{""FD"": 1.0}",re0000000444_k1,0.0,0.0,0.0,0.0,0.0,0.0,0.0,0.0,0.0,0.0,0.0,0.0,0.0,0.0,0.0,0.0,0.0,0.0,0.0,0.0,0.0,UNRESOLVED_FORMULAS_ABSENT,UNRESOLVED_BOUND_MOIETIES_NOT_ANNOTATED,STOICHIOMETRIC_PROXY_ONLY_NOT_VALIDATED_OSMOTIC_PRESSURE,UNAVAILABLE_CHARGE_PROTONATION_MG_BINDING_ABSENT,dc43bcec367f52105fe8d1ba328e59b064935df5faf8f880e078b212a40183df
re0000000445,translation initiation / HETERODIMER_ASSOCIATION,initiation,Initiation_A,Initiation_A:re1,EXTRACTED_EXACT_STOICHIOMETRY,HETERODIMER_ASSOCIATION,"{""GTP"": 1.0, ""IF2"": 1.0}","{""IF2_GTP"": 1.0}",re0000000445_k1,10.0,-1.0,-1.0,0.0,0.0,0.0,-1.0,0.0,0.0,0.0,0.0,0.0,0.0,0.0,0.0,0.0,0.0,0.0,0.0,0.0,0.0,UNRESOLVED_FORMULAS_ABSENT,UNRESOLVED_BOUND_MOIETIES_NOT_ANNOTATED,STOICHIOMETRIC_PROXY_ONLY_NOT_VALIDATED_OSMOTIC_PRESSURE,UNAVAILABLE_CHARGE_PROTONATION_MG_BINDING_ABSENT,dc43bcec367f52105fe8d1ba328e59b064935df5faf8f880e078b212a40183df
re0000000446,translation initiation / DISSOCIATION,initiation,Initiation_A,Initiation_A:re2,EXTRACTED_EXACT_STOICHIOMETRY,DISSOCIATION,"{""IF2_GTP"": 1.0}","{""GTP"": 1.0, ""IF2"": 1.0}",re0000000446_k1,67.0,1.0,1.0,0.0,0.0,0.0,1.0,0.0,0.0,0.0,0.0,0.0,0.0,0.0,0.0,0.0,0.0,0.0,0.0,0.0,0.0,UNRESOLVED_FORMULAS_ABSENT,UNRESOLVED_BOUND_MOIETIES_NOT_ANNOTATED,STOICHIOMETRIC_PROXY_ONLY_NOT_VALIDATED_OSMOTIC_PRESSURE,UNAVAILABLE_CHARGE_PROTONATION_MG_BINDING_ABSENT,dc43bcec367f52105fe8d1ba328e59b064935df5faf8f880e078b212a40183df
re0000000447,translation initiation / HETERODIMER_ASSOCIATION,initiation,Initiation_A,Initiation_A:re3,EXTRACTED_EXACT_STOICHIOMETRY,HETERODIMER_ASSOCIATION,"{""GDP"": 1.0, ""IF2"": 1.0}","{""IF2_GDP"": 1.0}",re0000000447_k1,10.0,-1.0,-1.0,0.0,0.0,0.0,0.0,-1.0,0.0,0.0,0.0,0.0,0.0,0.0,0.0,0.0,0.0,0.0,0.0,0.0,0.0,UNRESOLVED_FORMULAS_ABSENT,UNRESOLVED_BOUND_MOIETIES_NOT_ANNOTATED,STOICHIOMETRIC_PROXY_ONLY_NOT_VALIDATED_OSMOTIC_PRESSURE,UNAVAILABLE_CHARGE_PROTONATION_MG_BINDING_ABSENT,dc43bcec367f52105fe8d1ba328e59b064935df5faf8f880e078b212a40183df
re0000000448,translation initiation / DISSOCIATION,initiation,Initiation_A,Initiation_A:re4,EXTRACTED_EXACT_STOICHIOMETRY,DISSOCIATION,"{""IF2_GDP"": 1.0}","{""GDP"": 1.0, ""IF2"": 1.0}",re0000000448_k1,16.0,1.0,1.0,0.0,0.0,0.0,0.0,1.0,0.0,0.0,0.0,0.0,0.0,0.0,0.0,0.0,0.0,0.0,0.0,0.0,0.0,UNRESOLVED_FORMULAS_ABSENT,UNRESOLVED_BOUND_MOIETIES_NOT_ANNOTATED,STOICHIOMETRIC_PROXY_ONLY_NOT_VALIDATED_OSMOTIC_PRESSURE,UNAVAILABLE_CHARGE_PROTONATION_MG_BINDING_ABSENT,dc43bcec367f52105fe8d1ba328e59b064935df5faf8f880e078b212a40183df
re0000000449,translation initiation / HETERODIMER_ASSOCIATION,initiation,Initiation_A,Initiation_A:re5,EXTRACTED_EXACT_STOICHIOMETRY,HETERODIMER_ASSOCIATION,"{""IF2_GTP"": 1.0, ""fMettRNAfMetCAU"": 1.0}","{""IF2_GTP_fMettRNAfMetCAU"": 1.0}",re0000000449_k1,40.0,-1.0,0,0.0,0.0,0.0,0.0,0.0,0.0,0.0,0.0,0.0,0.0,0.0,0.0,0.0,0.0,0.0,0.0,0.0,-1.0,UNRESOLVED_FORMULAS_ABSENT,UNRESOLVED_BOUND_MOIETIES_NOT_ANNOTATED,STOICHIOMETRIC_PROXY_ONLY_NOT_VALIDATED_OSMOTIC_PRESSURE,UNAVAILABLE_CHARGE_PROTONATION_MG_BINDING_ABSENT,dc43bcec367f52105fe8d1ba328e59b064935df5faf8f880e078b212a40183df
re0000000450,translation initiation / DISSOCIATION,initiation,Initiation_A,Initiation_A:re6,EXTRACTED_EXACT_STOICHIOMETRY,DISSOCIATION,"{""IF2_GTP_fMettRNAfMetCAU"": 1.0}","{""IF2_GTP"": 1.0, ""fMettRNAfMetCAU"": 1.0}",re0000000450_k1,40.0,1.0,0,0.0,0.0,0.0,0.0,0.0,0.0,0.0,0.0,0.0,0.0,0.0,0.0,0.0,0.0,0.0,0.0,0.0,1.0,UNRESOLVED_FORMULAS_ABSENT,UNRESOLVED_BOUND_MOIETIES_NOT_ANNOTATED,STOICHIOMETRIC_PROXY_ONLY_NOT_VALIDATED_OSMOTIC_PRESSURE,UNAVAILABLE_CHARGE_PROTONATION_MG_BINDING_ABSENT,dc43bcec367f52105fe8d1ba328e59b064935df5faf8f880e078b212a40183df
re0000000451,shared chemistry / ambiguous subsystem attribution / STATE_TRANSITION,initiation,Initiation_A;Initiation_B2;Initiation_C,Initiation_A:re7;Initiation_B2:re82;Initiation_C:re171,AMBIGUOUS_MULTIPLE_SUBSYSTEMS,STATE_TRANSITION,"{""IF2"": 1.0}","{""IF2_degraded"": 1.0}",re0000000451_k1,0.0,0.0,0,0.0,0.0,0.0,0.0,0.0,0.0,0.0,0.0,0.0,0.0,0.0,0.0,0.0,0.0,0.0,0.0,0.0,0.0,UNRESOLVED_FORMULAS_ABSENT,UNRESOLVED_BOUND_MOIETIES_NOT_ANNOTATED,STOICHIOMETRIC_PROXY_ONLY_NOT_VALIDATED_OSMOTIC_PRESSURE,UNAVAILABLE_CHARGE_PROTONATION_MG_BINDING_ABSENT,dc43bcec367f52105fe8d1ba328e59b064935df5faf8f880e078b212a40183df
re0000000452,translation initiation / STATE_TRANSITION,initiation,Initiation_A,Initiation_A:re8,EXTRACTED_EXACT_STOICHIOMETRY,STATE_TRANSITION,"{""IF2_GDP"": 1.0}","{""GDP"": 1.0, ""IF2_degraded"": 1.0}",re0000000452_k1,0.0,1.0,1.0,0.0,0.0,0.0,0.0,1.0,0.0,0.0,0.0,0.0,0.0,0.0,0.0,0.0,0.0,0.0,0.0,0.0,0.0,UNRESOLVED_FORMULAS_ABSENT,UNRESOLVED_BOUND_MOIETIES_NOT_ANNOTATED,STOICHIOMETRIC_PROXY_ONLY_NOT_VALIDATED_OSMOTIC_PRESSURE,UNAVAILABLE_CHARGE_PROTONATION_MG_BINDING_ABSENT,dc43bcec367f52105fe8d1ba328e59b064935df5faf8f880e078b212a40183df
re0000000453,translation initiation / STATE_TRANSITION,initiation,Initiation_A,Initiation_A:re9,EXTRACTED_EXACT_STOICHIOMETRY,STATE_TRANSITION,"{""IF2_GTP"": 1.0}","{""GTP"": 1.0, ""IF2_degraded"": 1.0}",re0000000453_k1,0.0,1.0,1.0,0.0,0.0,0.0,1.0,0.0,0.0,0.0,0.0,0.0,0.0,0.0,0.0,0.0,0.0,0.0,0.0,0.0,0.0,UNRESOLVED_FORMULAS_ABSENT,UNRESOLVED_BOUND_MOIETIES_NOT_ANNOTATED,STOICHIOMETRIC_PROXY_ONLY_NOT_VALIDATED_OSMOTIC_PRESSURE,UNAVAILABLE_CHARGE_PROTONATION_MG_BINDING_ABSENT,dc43bcec367f52105fe8d1ba328e59b064935df5faf8f880e078b212a40183df
re0000000454,translation initiation / STATE_TRANSITION,initiation,Initiation_A,Initiation_A:re10,EXTRACTED_EXACT_STOICHIOMETRY,STATE_TRANSITION,"{""IF2_GTP_fMettRNAfMetCAU"": 1.0}","{""GTP"": 1.0, ""IF2_degraded"": 1.0, ""fMettRNAfMetCAU"": 1.0}",re0000000454_k1,0.0,2.0,1.0,0.0,0.0,0.0,1.0,0.0,0.0,0.0,0.0,0.0,0.0,0.0,0.0,0.0,0.0,0.0,0.0,0.0,1.0,UNRESOLVED_FORMULAS_ABSENT,UNRESOLVED_BOUND_MOIETIES_NOT_ANNOTATED,STOICHIOMETRIC_PROXY_ONLY_NOT_VALIDATED_OSMOTIC_PRESSURE,UNAVAILABLE_CHARGE_PROTONATION_MG_BINDING_ABSENT,dc43bcec367f52105fe8d1ba328e59b064935df5faf8f880e078b212a40183df
re0000000455,translation initiation / DISSOCIATION,initiation,Initiation_B1,Initiation_B1:re1,EXTRACTED_EXACT_STOICHIOMETRY,DISSOCIATION,"{""RS70S"": 1.0}","{""RS30S"": 1.0, ""RS50S"": 1.0}",re0000000455_k1,0.012,1.0,0,0.0,0.0,0.0,0.0,0.0,0.0,0.0,0.0,0.0,0.0,0.0,0.0,0.0,0.0,0.0,0.0,0.0,0.0,UNRESOLVED_FORMULAS_ABSENT,UNRESOLVED_BOUND_MOIETIES_NOT_ANNOTATED,STOICHIOMETRIC_PROXY_ONLY_NOT_VALIDATED_OSMOTIC_PRESSURE,UNAVAILABLE_CHARGE_PROTONATION_MG_BINDING_ABSENT,dc43bcec367f52105fe8d1ba328e59b064935df5faf8f880e078b212a40183df
re0000000456,translation initiation / HETERODIMER_ASSOCIATION,initiation,Initiation_B1,Initiation_B1:re2,EXTRACTED_EXACT_STOICHIOMETRY,HETERODIMER_ASSOCIATION,"{""RS30S"": 1.0, ""RS50S"": 1.0}","{""RS70S"": 1.0}",re0000000456_k1,12.0,-1.0,0,0.0,0.0,0.0,0.0,0.0,0.0,0.0,0.0,0.0,0.0,0.0,0.0,0.0,0.0,0.0,0.0,0.0,0.0,UNRESOLVED_FORMULAS_ABSENT,UNRESOLVED_BOUND_MOIETIES_NOT_ANNOTATED,STOICHIOMETRIC_PROXY_ONLY_NOT_VALIDATED_OSMOTIC_PRESSURE,UNAVAILABLE_CHARGE_PROTONATION_MG_BINDING_ABSENT,dc43bcec367f52105fe8d1ba328e59b064935df5faf8f880e078b212a40183df
re0000000457,translation initiation / HETERODIMER_ASSOCIATION,initiation,Initiation_B1,Initiation_B1:re3,EXTRACTED_EXACT_STOICHIOMETRY,HETERODIMER_ASSOCIATION,"{""IF3"": 1.0, ""RS70S"": 1.0}","{""RS70S_IF3"": 1.0}",re0000000457_k1,0.082,-1.0,0,0.0,0.0,0.0,0.0,0.0,0.0,0.0,0.0,0.0,0.0,0.0,0.0,0.0,0.0,0.0,0.0,0.0,0.0,UNRESOLVED_FORMULAS_ABSENT,UNRESOLVED_BOUND_MOIETIES_NOT_ANNOTATED,STOICHIOMETRIC_PROXY_ONLY_NOT_VALIDATED_OSMOTIC_PRESSURE,UNAVAILABLE_CHARGE_PROTONATION_MG_BINDING_ABSENT,dc43bcec367f52105fe8d1ba328e59b064935df5faf8f880e078b212a40183df
re0000000458,translation initiation / DISSOCIATION,initiation,Initiation_B1,Initiation_B1:re4,EXTRACTED_EXACT_STOICHIOMETRY,DISSOCIATION,"{""RS70S_IF3"": 1.0}","{""IF3"": 1.0, ""RS70S"": 1.0}",re0000000458_k1,0.26,1.0,0,0.0,0.0,0.0,0.0,0.0,0.0,0.0,0.0,0.0,0.0,0.0,0.0,0.0,0.0,0.0,0.0,0.0,0.0,UNRESOLVED_FORMULAS_ABSENT,UNRESOLVED_BOUND_MOIETIES_NOT_ANNOTATED,STOICHIOMETRIC_PROXY_ONLY_NOT_VALIDATED_OSMOTIC_PRESSURE,UNAVAILABLE_CHARGE_PROTONATION_MG_BINDING_ABSENT,dc43bcec367f52105fe8d1ba328e59b064935df5faf8f880e078b212a40183df
re0000000459,translation initiation / HETERODIMER_ASSOCIATION,initiation,Initiation_B1,Initiation_B1:re5,EXTRACTED_EXACT_STOICHIOMETRY,HETERODIMER_ASSOCIATION,"{""IF3"": 1.0, ""RS30S"": 1.0}","{""RS30S_IF3"": 1.0}",re0000000459_k1,1160.0,-1.0,0,0.0,0.0,0.0,0.0,0.0,0.0,0.0,0.0,0.0,0.0,0.0,0.0,0.0,0.0,0.0,0.0,0.0,0.0,UNRESOLVED_FORMULAS_ABSENT,UNRESOLVED_BOUND_MOIETIES_NOT_ANNOTATED,STOICHIOMETRIC_PROXY_ONLY_NOT_VALIDATED_OSMOTIC_PRESSURE,UNAVAILABLE_CHARGE_PROTONATION_MG_BINDING_ABSENT,dc43bcec367f52105fe8d1ba328e59b064935df5faf8f880e078b212a40183df
re0000000460,translation initiation / DISSOCIATION,initiation,Initiation_B1,Initiation_B1:re6,EXTRACTED_EXACT_STOICHIOMETRY,DISSOCIATION,"{""RS30S_IF3"": 1.0}","{""IF3"": 1.0, ""RS30S"": 1.0}",re0000000460_k1,0.8,1.0,0,0.0,0.0,0.0,0.0,0.0,0.0,0.0,0.0,0.0,0.0,0.0,0.0,0.0,0.0,0.0,0.0,0.0,0.0,UNRESOLVED_FORMULAS_ABSENT,UNRESOLVED_BOUND_MOIETIES_NOT_ANNOTATED,STOICHIOMETRIC_PROXY_ONLY_NOT_VALIDATED_OSMOTIC_PRESSURE,UNAVAILABLE_CHARGE_PROTONATION_MG_BINDING_ABSENT,dc43bcec367f52105fe8d1ba328e59b064935df5faf8f880e078b212a40183df
re0000000461,translation initiation / DISSOCIATION,initiation,Initiation_B1,Initiation_B1:re7,EXTRACTED_EXACT_STOICHIOMETRY,DISSOCIATION,"{""RS70S_IF3"": 1.0}","{""RS30S_IF3"": 1.0, ""RS50S"": 1.0}",re0000000461_k1,0.0068,1.0,0,0.0,0.0,0.0,0.0,0.0,0.0,0.0,0.0,0.0,0.0,0.0,0.0,0.0,0.0,0.0,0.0,0.0,0.0,UNRESOLVED_FORMULAS_ABSENT,UNRESOLVED_BOUND_MOIETIES_NOT_ANNOTATED,STOICHIOMETRIC_PROXY_ONLY_NOT_VALIDATED_OSMOTIC_PRESSURE,UNAVAILABLE_CHARGE_PROTONATION_MG_BINDING_ABSENT,dc43bcec367f52105fe8d1ba328e59b064935df5faf8f880e078b212a40183df
re0000000462,translation initiation / HETERODIMER_ASSOCIATION,initiation,Initiation_B1,Initiation_B1:re8,EXTRACTED_EXACT_STOICHIOMETRY,HETERODIMER_ASSOCIATION,"{""RS30S_IF3"": 1.0, ""RS50S"": 1.0}","{""RS70S_IF3"": 1.0}",re0000000462_k1,0.18,-1.0,0,0.0,0.0,0.0,0.0,0.0,0.0,0.0,0.0,0.0,0.0,0.0,0.0,0.0,0.0,0.0,0.0,0.0,0.0,UNRESOLVED_FORMULAS_ABSENT,UNRESOLVED_BOUND_MOIETIES_NOT_ANNOTATED,STOICHIOMETRIC_PROXY_ONLY_NOT_VALIDATED_OSMOTIC_PRESSURE,UNAVAILABLE_CHARGE_PROTONATION_MG_BINDING_ABSENT,dc43bcec367f52105fe8d1ba328e59b064935df5faf8f880e078b212a40183df
re0000000463,translation initiation / HETERODIMER_ASSOCIATION,initiation,Initiation_B1,Initiation_B1:re9,EXTRACTED_EXACT_STOICHIOMETRY,HETERODIMER_ASSOCIATION,"{""IF2_GTP"": 1.0, ""RS30S_IF3"": 1.0}","{""RS30S_IF3_IF2_GTP"": 1.0}",re0000000463_k1,280.0,-1.0,0,0.0,0.0,0.0,0.0,0.0,0.0,0.0,0.0,0.0,0.0,0.0,0.0,0.0,0.0,0.0,0.0,0.0,0.0,UNRESOLVED_FORMULAS_ABSENT,UNRESOLVED_BOUND_MOIETIES_NOT_ANNOTATED,STOICHIOMETRIC_PROXY_ONLY_NOT_VALIDATED_OSMOTIC_PRESSURE,UNAVAILABLE_CHARGE_PROTONATION_MG_BINDING_ABSENT,dc43bcec367f52105fe8d1ba328e59b064935df5faf8f880e078b212a40183df
re0000000464,translation initiation / DISSOCIATION,initiation,Initiation_B1,Initiation_B1:re10,EXTRACTED_EXACT_STOICHIOMETRY,DISSOCIATION,"{""RS30S_IF3_IF2_GTP"": 1.0}","{""IF2_GTP"": 1.0, ""RS30S_IF3"": 1.0}",re0000000464_k1,12.0,1.0,0,0.0,0.0,0.0,0.0,0.0,0.0,0.0,0.0,0.0,0.0,0.0,0.0,0.0,0.0,0.0,0.0,0.0,0.0,UNRESOLVED_FORMULAS_ABSENT,UNRESOLVED_BOUND_MOIETIES_NOT_ANNOTATED,STOICHIOMETRIC_PROXY_ONLY_NOT_VALIDATED_OSMOTIC_PRESSURE,UNAVAILABLE_CHARGE_PROTONATION_MG_BINDING_ABSENT,dc43bcec367f52105fe8d1ba328e59b064935df5faf8f880e078b212a40183df
re0000000465,translation initiation / HETERODIMER_ASSOCIATION,initiation,Initiation_B1,Initiation_B1:re11,EXTRACTED_EXACT_STOICHIOMETRY,HETERODIMER_ASSOCIATION,"{""IF2_GTP_fMettRNAfMetCAU"": 1.0, ""RS30S_IF3"": 1.0}","{""RS30S_IF3_IF2_GTP_fMettRNAfMetCAU"": 1.0}",re0000000465_k1,280.0,-1.0,0,0.0,0.0,0.0,0.0,0.0,0.0,0.0,0.0,0.0,0.0,0.0,0.0,0.0,0.0,0.0,0.0,0.0,0.0,UNRESOLVED_FORMULAS_ABSENT,UNRESOLVED_BOUND_MOIETIES_NOT_ANNOTATED,STOICHIOMETRIC_PROXY_ONLY_NOT_VALIDATED_OSMOTIC_PRESSURE,UNAVAILABLE_CHARGE_PROTONATION_MG_BINDING_ABSENT,dc43bcec367f52105fe8d1ba328e59b064935df5faf8f880e078b212a40183df
re0000000466,translation initiation / DISSOCIATION,initiation,Initiation_B1,Initiation_B1:re12,EXTRACTED_EXACT_STOICHIOMETRY,DISSOCIATION,"{""RS30S_IF3_IF2_GTP_fMettRNAfMetCAU"": 1.0}","{""IF2_GTP_fMettRNAfMetCAU"": 1.0, ""RS30S_IF3"": 1.0}",re0000000466_k1,1.5,1.0,0,0.0,0.0,0.0,0.0,0.0,0.0,0.0,0.0,0.0,0.0,0.0,0.0,0.0,0.0,0.0,0.0,0.0,0.0,UNRESOLVED_FORMULAS_ABSENT,UNRESOLVED_BOUND_MOIETIES_NOT_ANNOTATED,STOICHIOMETRIC_PROXY_ONLY_NOT_VALIDATED_OSMOTIC_PRESSURE,UNAVAILABLE_CHARGE_PROTONATION_MG_BINDING_ABSENT,dc43bcec367f52105fe8d1ba328e59b064935df5faf8f880e078b212a40183df
re0000000467,translation initiation / HETERODIMER_ASSOCIATION,initiation,Initiation_B1,Initiation_B1:re13,EXTRACTED_EXACT_STOICHIOMETRY,HETERODIMER_ASSOCIATION,"{""RS30S_IF3_IF2_GTP"": 1.0, ""fMettRNAfMetCAU"": 1.0}","{""RS30S_IF3_IF2_GTP_fMettRNAfMetCAU"": 1.0}",re0000000467_k1,5.0,-1.0,0,0.0,0.0,0.0,0.0,0.0,0.0,0.0,0.0,0.0,0.0,0.0,0.0,0.0,0.0,0.0,0.0,0.0,-1.0,UNRESOLVED_FORMULAS_ABSENT,UNRESOLVED_BOUND_MOIETIES_NOT_ANNOTATED,STOICHIOMETRIC_PROXY_ONLY_NOT_VALIDATED_OSMOTIC_PRESSURE,UNAVAILABLE_CHARGE_PROTONATION_MG_BINDING_ABSENT,dc43bcec367f52105fe8d1ba328e59b064935df5faf8f880e078b212a40183df
re0000000468,translation initiation / DISSOCIATION,initiation,Initiation_B1,Initiation_B1:re14,EXTRACTED_EXACT_STOICHIOMETRY,DISSOCIATION,"{""RS30S_IF3_IF2_GTP_fMettRNAfMetCAU"": 1.0}","{""RS30S_IF3_IF2_GTP"": 1.0, ""fMettRNAfMetCAU"": 1.0}",re0000000468_k1,1.5,1.0,0,0.0,0.0,0.0,0.0,0.0,0.0,0.0,0.0,0.0,0.0,0.0,0.0,0.0,0.0,0.0,0.0,0.0,1.0,UNRESOLVED_FORMULAS_ABSENT,UNRESOLVED_BOUND_MOIETIES_NOT_ANNOTATED,STOICHIOMETRIC_PROXY_ONLY_NOT_VALIDATED_OSMOTIC_PRESSURE,UNAVAILABLE_CHARGE_PROTONATION_MG_BINDING_ABSENT,dc43bcec367f52105fe8d1ba328e59b064935df5faf8f880e078b212a40183df
re0000000469,translation initiation / HETERODIMER_ASSOCIATION,initiation,Initiation_B1,Initiation_B1:re16,EXTRACTED_EXACT_STOICHIOMETRY,HETERODIMER_ASSOCIATION,"{""RS30S_IF3"": 1.0, ""mRNA"": 1.0}","{""RS30S_IF3_mRNA"": 1.0}",re0000000469_k1,36.0,-1.0,0,0.0,0.0,0.0,0.0,0.0,0.0,0.0,0.0,0.0,0.0,0.0,0.0,0.0,0.0,0.0,0.0,0.0,0.0,UNRESOLVED_FORMULAS_ABSENT,UNRESOLVED_BOUND_MOIETIES_NOT_ANNOTATED,STOICHIOMETRIC_PROXY_ONLY_NOT_VALIDATED_OSMOTIC_PRESSURE,UNAVAILABLE_CHARGE_PROTONATION_MG_BINDING_ABSENT,dc43bcec367f52105fe8d1ba328e59b064935df5faf8f880e078b212a40183df
re0000000470,translation initiation / DISSOCIATION,initiation,Initiation_B1,Initiation_B1:re17,EXTRACTED_EXACT_STOICHIOMETRY,DISSOCIATION,"{""RS30S_IF3_mRNA"": 1.0}","{""RS30S_IF3"": 1.0, ""mRNA"": 1.0}",re0000000470_k1,0.7,1.0,0,0.0,0.0,0.0,0.0,0.0,0.0,0.0,0.0,0.0,0.0,0.0,0.0,0.0,0.0,0.0,0.0,0.0,0.0,UNRESOLVED_FORMULAS_ABSENT,UNRESOLVED_BOUND_MOIETIES_NOT_ANNOTATED,STOICHIOMETRIC_PROXY_ONLY_NOT_VALIDATED_OSMOTIC_PRESSURE,UNAVAILABLE_CHARGE_PROTONATION_MG_BINDING_ABSENT,dc43bcec367f52105fe8d1ba328e59b064935df5faf8f880e078b212a40183df
re0000000471,translation initiation / HETERODIMER_ASSOCIATION,initiation,Initiation_B1,Initiation_B1:re18,EXTRACTED_EXACT_STOICHIOMETRY,HETERODIMER_ASSOCIATION,"{""IF2_GTP"": 1.0, ""RS30S_IF3_mRNA"": 1.0}","{""RS30S_IF3_IF2_GTP_mRNA"": 1.0}",re0000000471_k1,280.0,-1.0,0,0.0,0.0,0.0,0.0,0.0,0.0,0.0,0.0,0.0,0.0,0.0,0.0,0.0,0.0,0.0,0.0,0.0,0.0,UNRESOLVED_FORMULAS_ABSENT,UNRESOLVED_BOUND_MOIETIES_NOT_ANNOTATED,STOICHIOMETRIC_PROXY_ONLY_NOT_VALIDATED_OSMOTIC_PRESSURE,UNAVAILABLE_CHARGE_PROTONATION_MG_BINDING_ABSENT,dc43bcec367f52105fe8d1ba328e59b064935df5faf8f880e078b212a40183df
re0000000472,translation initiation / DISSOCIATION,initiation,Initiation_B1,Initiation_B1:re19,EXTRACTED_EXACT_STOICHIOMETRY,DISSOCIATION,"{""RS30S_IF3_IF2_GTP_mRNA"": 1.0}","{""IF2_GTP"": 1.0, ""RS30S_IF3_mRNA"": 1.0}",re0000000472_k1,12.0,1.0,0,0.0,0.0,0.0,0.0,0.0,0.0,0.0,0.0,0.0,0.0,0.0,0.0,0.0,0.0,0.0,0.0,0.0,0.0,UNRESOLVED_FORMULAS_ABSENT,UNRESOLVED_BOUND_MOIETIES_NOT_ANNOTATED,STOICHIOMETRIC_PROXY_ONLY_NOT_VALIDATED_OSMOTIC_PRESSURE,UNAVAILABLE_CHARGE_PROTONATION_MG_BINDING_ABSENT,dc43bcec367f52105fe8d1ba328e59b064935df5faf8f880e078b212a40183df
re0000000473,translation initiation / HETERODIMER_ASSOCIATION,initiation,Initiation_B1,Initiation_B1:re20,EXTRACTED_EXACT_STOICHIOMETRY,HETERODIMER_ASSOCIATION,"{""RS30S_IF3_mRNA"": 1.0, ""fMettRNAfMetCAU"": 1.0}","{""RS30S_IF3_fMettRNAfMetCAU_mRNA"": 1.0}",re0000000473_k1,5.0,-1.0,0,0.0,0.0,0.0,0.0,0.0,0.0,0.0,0.0,0.0,0.0,0.0,0.0,0.0,0.0,0.0,0.0,0.0,-1.0,UNRESOLVED_FORMULAS_ABSENT,UNRESOLVED_BOUND_MOIETIES_NOT_ANNOTATED,STOICHIOMETRIC_PROXY_ONLY_NOT_VALIDATED_OSMOTIC_PRESSURE,UNAVAILABLE_CHARGE_PROTONATION_MG_BINDING_ABSENT,dc43bcec367f52105fe8d1ba328e59b064935df5faf8f880e078b212a40183df
re0000000474,translation initiation / DISSOCIATION,initiation,Initiation_B1,Initiation_B1:re21,EXTRACTED_EXACT_STOICHIOMETRY,DISSOCIATION,"{""RS30S_IF3_fMettRNAfMetCAU_mRNA"": 1.0}","{""RS30S_IF3_mRNA"": 1.0, ""fMettRNAfMetCAU"": 1.0}",re0000000474_k1,1.5,1.0,0,0.0,0.0,0.0,0.0,0.0,0.0,0.0,0.0,0.0,0.0,0.0,0.0,0.0,0.0,0.0,0.0,0.0,1.0,UNRESOLVED_FORMULAS_ABSENT,UNRESOLVED_BOUND_MOIETIES_NOT_ANNOTATED,STOICHIOMETRIC_PROXY_ONLY_NOT_VALIDATED_OSMOTIC_PRESSURE,UNAVAILABLE_CHARGE_PROTONATION_MG_BINDING_ABSENT,dc43bcec367f52105fe8d1ba328e59b064935df5faf8f880e078b212a40183df
re0000000475,translation initiation / HETERODIMER_ASSOCIATION,initiation,Initiation_B1,Initiation_B1:re22,EXTRACTED_EXACT_STOICHIOMETRY,HETERODIMER_ASSOCIATION,"{""IF2_GTP_fMettRNAfMetCAU"": 1.0, ""RS30S_IF3_mRNA"": 1.0}","{""RS30S_IF3_IF2_GTP_fMettRNAfMetCAU_mRNA"": 1.0}",re0000000475_k1,280.0,-1.0,0,0.0,0.0,0.0,0.0,0.0,0.0,0.0,0.0,0.0,0.0,0.0,0.0,0.0,0.0,0.0,0.0,0.0,0.0,UNRESOLVED_FORMULAS_ABSENT,UNRESOLVED_BOUND_MOIETIES_NOT_ANNOTATED,STOICHIOMETRIC_PROXY_ONLY_NOT_VALIDATED_OSMOTIC_PRESSURE,UNAVAILABLE_CHARGE_PROTONATION_MG_BINDING_ABSENT,dc43bcec367f52105fe8d1ba328e59b064935df5faf8f880e078b212a40183df
re0000000476,translation initiation / DISSOCIATION,initiation,Initiation_B1,Initiation_B1:re23,EXTRACTED_EXACT_STOICHIOMETRY,DISSOCIATION,"{""RS30S_IF3_IF2_GTP_fMettRNAfMetCAU_mRNA"": 1.0}","{""IF2_GTP_fMettRNAfMetCAU"": 1.0, ""RS30S_IF3_mRNA"": 1.0}",re0000000476_k1,1.5,1.0,0,0.0,0.0,0.0,0.0,0.0,0.0,0.0,0.0,0.0,0.0,0.0,0.0,0.0,0.0,0.0,0.0,0.0,0.0,UNRESOLVED_FORMULAS_ABSENT,UNRESOLVED_BOUND_MOIETIES_NOT_ANNOTATED,STOICHIOMETRIC_PROXY_ONLY_NOT_VALIDATED_OSMOTIC_PRESSURE,UNAVAILABLE_CHARGE_PROTONATION_MG_BINDING_ABSENT,dc43bcec367f52105fe8d1ba328e59b064935df5faf8f880e078b212a40183df
re0000000477,translation initiation / HETERODIMER_ASSOCIATION,initiation,Initiation_B1,Initiation_B1:re24,EXTRACTED_EXACT_STOICHIOMETRY,HETERODIMER_ASSOCIATION,"{""IF2_GTP"": 1.0, ""RS30S_IF3_fMettRNAfMetCAU_mRNA"": 1.0}","{""RS30S_IF3_IF2_GTP_fMettRNAfMetCAU_mRNA"": 1.0}",re0000000477_k1,280.0,-1.0,0,0.0,0.0,0.0,0.0,0.0,0.0,0.0,0.0,0.0,0.0,0.0,0.0,0.0,0.0,0.0,0.0,0.0,0.0,UNRESOLVED_FORMULAS_ABSENT,UNRESOLVED_BOUND_MOIETIES_NOT_ANNOTATED,STOICHIOMETRIC_PROXY_ONLY_NOT_VALIDATED_OSMOTIC_PRESSURE,UNAVAILABLE_CHARGE_PROTONATION_MG_BINDING_ABSENT,dc43bcec367f52105fe8d1ba328e59b064935df5faf8f880e078b212a40183df
re0000000478,translation initiation / DISSOCIATION,initiation,Initiation_B1,Initiation_B1:re25,EXTRACTED_EXACT_STOICHIOMETRY,DISSOCIATION,"{""RS30S_IF3_IF2_GTP_fMettRNAfMetCAU_mRNA"": 1.0}","{""IF2_GTP"": 1.0, ""RS30S_IF3_fMettRNAfMetCAU_mRNA"": 1.0}",re0000000478_k1,12.0,1.0,0,0.0,0.0,0.0,0.0,0.0,0.0,0.0,0.0,0.0,0.0,0.0,0.0,0.0,0.0,0.0,0.0,0.0,0.0,UNRESOLVED_FORMULAS_ABSENT,UNRESOLVED_BOUND_MOIETIES_NOT_ANNOTATED,STOICHIOMETRIC_PROXY_ONLY_NOT_VALIDATED_OSMOTIC_PRESSURE,UNAVAILABLE_CHARGE_PROTONATION_MG_BINDING_ABSENT,dc43bcec367f52105fe8d1ba328e59b064935df5faf8f880e078b212a40183df
re0000000479,translation initiation / HETERODIMER_ASSOCIATION,initiation,Initiation_B1,Initiation_B1:re26,EXTRACTED_EXACT_STOICHIOMETRY,HETERODIMER_ASSOCIATION,"{""RS30S_IF3_IF2_GTP_mRNA"": 1.0, ""fMettRNAfMetCAU"": 1.0}","{""RS30S_IF3_IF2_GTP_fMettRNAfMetCAU_mRNA"": 1.0}",re0000000479_k1,5.0,-1.0,0,0.0,0.0,0.0,0.0,0.0,0.0,0.0,0.0,0.0,0.0,0.0,0.0,0.0,0.0,0.0,0.0,0.0,-1.0,UNRESOLVED_FORMULAS_ABSENT,UNRESOLVED_BOUND_MOIETIES_NOT_ANNOTATED,STOICHIOMETRIC_PROXY_ONLY_NOT_VALIDATED_OSMOTIC_PRESSURE,UNAVAILABLE_CHARGE_PROTONATION_MG_BINDING_ABSENT,dc43bcec367f52105fe8d1ba328e59b064935df5faf8f880e078b212a40183df
re0000000480,translation initiation / DISSOCIATION,initiation,Initiation_B1,Initiation_B1:re27,EXTRACTED_EXACT_STOICHIOMETRY,DISSOCIATION,"{""RS30S_IF3_IF2_GTP_fMettRNAfMetCAU_mRNA"": 1.0}","{""RS30S_IF3_IF2_GTP_mRNA"": 1.0, ""fMettRNAfMetCAU"": 1.0}",re0000000480_k1,1.5,1.0,0,0.0,0.0,0.0,0.0,0.0,0.0,0.0,0.0,0.0,0.0,0.0,0.0,0.0,0.0,0.0,0.0,0.0,1.0,UNRESOLVED_FORMULAS_ABSENT,UNRESOLVED_BOUND_MOIETIES_NOT_ANNOTATED,STOICHIOMETRIC_PROXY_ONLY_NOT_VALIDATED_OSMOTIC_PRESSURE,UNAVAILABLE_CHARGE_PROTONATION_MG_BINDING_ABSENT,dc43bcec367f52105fe8d1ba328e59b064935df5faf8f880e078b212a40183df
re0000000481,translation initiation / HETERODIMER_ASSOCIATION,initiation,Initiation_B1,Initiation_B1:re28,EXTRACTED_EXACT_STOICHIOMETRY,HETERODIMER_ASSOCIATION,"{""RS30S_IF3_IF2_GTP"": 1.0, ""mRNA"": 1.0}","{""RS30S_IF3_IF2_GTP_mRNA"": 1.0}",re0000000481_k1,36.0,-1.0,0,0.0,0.0,0.0,0.0,0.0,0.0,0.0,0.0,0.0,0.0,0.0,0.0,0.0,0.0,0.0,0.0,0.0,0.0,UNRESOLVED_FORMULAS_ABSENT,UNRESOLVED_BOUND_MOIETIES_NOT_ANNOTATED,STOICHIOMETRIC_PROXY_ONLY_NOT_VALIDATED_OSMOTIC_PRESSURE,UNAVAILABLE_CHARGE_PROTONATION_MG_BINDING_ABSENT,dc43bcec367f52105fe8d1ba328e59b064935df5faf8f880e078b212a40183df
re0000000482,translation initiation / DISSOCIATION,initiation,Initiation_B1,Initiation_B1:re29,EXTRACTED_EXACT_STOICHIOMETRY,DISSOCIATION,"{""RS30S_IF3_IF2_GTP_mRNA"": 1.0}","{""RS30S_IF3_IF2_GTP"": 1.0, ""mRNA"": 1.0}",re0000000482_k1,0.7,1.0,0,0.0,0.0,0.0,0.0,0.0,0.0,0.0,0.0,0.0,0.0,0.0,0.0,0.0,0.0,0.0,0.0,0.0,0.0,UNRESOLVED_FORMULAS_ABSENT,UNRESOLVED_BOUND_MOIETIES_NOT_ANNOTATED,STOICHIOMETRIC_PROXY_ONLY_NOT_VALIDATED_OSMOTIC_PRESSURE,UNAVAILABLE_CHARGE_PROTONATION_MG_BINDING_ABSENT,dc43bcec367f52105fe8d1ba328e59b064935df5faf8f880e078b212a40183df
re0000000483,translation initiation / HETERODIMER_ASSOCIATION,initiation,Initiation_B1,Initiation_B1:re30,EXTRACTED_EXACT_STOICHIOMETRY,HETERODIMER_ASSOCIATION,"{""RS30S_IF3_IF2_GTP_fMettRNAfMetCAU"": 1.0, ""mRNA"": 1.0}","{""RS30S_IF3_IF2_GTP_fMettRNAfMetCAU_mRNA"": 1.0}",re0000000483_k1,36.0,-1.0,0,0.0,0.0,0.0,0.0,0.0,0.0,0.0,0.0,0.0,0.0,0.0,0.0,0.0,0.0,0.0,0.0,0.0,0.0,UNRESOLVED_FORMULAS_ABSENT,UNRESOLVED_BOUND_MOIETIES_NOT_ANNOTATED,STOICHIOMETRIC_PROXY_ONLY_NOT_VALIDATED_OSMOTIC_PRESSURE,UNAVAILABLE_CHARGE_PROTONATION_MG_BINDING_ABSENT,dc43bcec367f52105fe8d1ba328e59b064935df5faf8f880e078b212a40183df
re0000000484,translation initiation / DISSOCIATION,initiation,Initiation_B1,Initiation_B1:re31,EXTRACTED_EXACT_STOICHIOMETRY,DISSOCIATION,"{""RS30S_IF3_IF2_GTP_fMettRNAfMetCAU_mRNA"": 1.0}","{""RS30S_IF3_IF2_GTP_fMettRNAfMetCAU"": 1.0, ""mRNA"": 1.0}",re0000000484_k1,0.7,1.0,0,0.0,0.0,0.0,0.0,0.0,0.0,0.0,0.0,0.0,0.0,0.0,0.0,0.0,0.0,0.0,0.0,0.0,0.0,UNRESOLVED_FORMULAS_ABSENT,UNRESOLVED_BOUND_MOIETIES_NOT_ANNOTATED,STOICHIOMETRIC_PROXY_ONLY_NOT_VALIDATED_OSMOTIC_PRESSURE,UNAVAILABLE_CHARGE_PROTONATION_MG_BINDING_ABSENT,dc43bcec367f52105fe8d1ba328e59b064935df5faf8f880e078b212a40183df
re0000000485,translation initiation / HETERODIMER_ASSOCIATION,initiation,Initiation_B1,Initiation_B1:re32,EXTRACTED_EXACT_STOICHIOMETRY,HETERODIMER_ASSOCIATION,"{""RS30S_IF3_IF2_GTP_fMettRNAfMetCAU_mRNA"": 1.0, ""RS50S"": 1.0}","{""RS70S_IF3_IF2_GTP_fMettRNAfMetCAU_mRNA"": 1.0}",re0000000485_k1,34.0,-1.0,0,0.0,0.0,0.0,0.0,0.0,0.0,0.0,0.0,0.0,0.0,0.0,0.0,0.0,0.0,0.0,0.0,0.0,0.0,UNRESOLVED_FORMULAS_ABSENT,UNRESOLVED_BOUND_MOIETIES_NOT_ANNOTATED,STOICHIOMETRIC_PROXY_ONLY_NOT_VALIDATED_OSMOTIC_PRESSURE,UNAVAILABLE_CHARGE_PROTONATION_MG_BINDING_ABSENT,dc43bcec367f52105fe8d1ba328e59b064935df5faf8f880e078b212a40183df
re0000000486,translation initiation / DISSOCIATION,initiation,Initiation_B1,Initiation_B1:re33,EXTRACTED_EXACT_STOICHIOMETRY,DISSOCIATION,"{""RS70S_IF3_IF2_GTP_fMettRNAfMetCAU_mRNA"": 1.0}","{""RS30S_IF3_IF2_GTP_fMettRNAfMetCAU_mRNA"": 1.0, ""RS50S"": 1.0}",re0000000486_k1,35.0,1.0,0,0.0,0.0,0.0,0.0,0.0,0.0,0.0,0.0,0.0,0.0,0.0,0.0,0.0,0.0,0.0,0.0,0.0,0.0,UNRESOLVED_FORMULAS_ABSENT,UNRESOLVED_BOUND_MOIETIES_NOT_ANNOTATED,STOICHIOMETRIC_PROXY_ONLY_NOT_VALIDATED_OSMOTIC_PRESSURE,UNAVAILABLE_CHARGE_PROTONATION_MG_BINDING_ABSENT,dc43bcec367f52105fe8d1ba328e59b064935df5faf8f880e078b212a40183df
re0000000487,translation initiation / DISSOCIATION,initiation,Initiation_B1,Initiation_B1:re34,EXTRACTED_EXACT_STOICHIOMETRY,DISSOCIATION,"{""RS70S_IF1"": 1.0}","{""RS30S_IF1"": 1.0, ""RS50S"": 1.0}",re0000000487_k1,0.012,1.0,0,0.0,0.0,0.0,0.0,0.0,0.0,0.0,0.0,0.0,0.0,0.0,0.0,0.0,0.0,0.0,0.0,0.0,0.0,UNRESOLVED_FORMULAS_ABSENT,UNRESOLVED_BOUND_MOIETIES_NOT_ANNOTATED,STOICHIOMETRIC_PROXY_ONLY_NOT_VALIDATED_OSMOTIC_PRESSURE,UNAVAILABLE_CHARGE_PROTONATION_MG_BINDING_ABSENT,dc43bcec367f52105fe8d1ba328e59b064935df5faf8f880e078b212a40183df
re0000000488,translation initiation / HETERODIMER_ASSOCIATION,initiation,Initiation_B1,Initiation_B1:re35,EXTRACTED_EXACT_STOICHIOMETRY,HETERODIMER_ASSOCIATION,"{""RS30S_IF1"": 1.0, ""RS50S"": 1.0}","{""RS70S_IF1"": 1.0}",re0000000488_k1,12.0,-1.0,0,0.0,0.0,0.0,0.0,0.0,0.0,0.0,0.0,0.0,0.0,0.0,0.0,0.0,0.0,0.0,0.0,0.0,0.0,UNRESOLVED_FORMULAS_ABSENT,UNRESOLVED_BOUND_MOIETIES_NOT_ANNOTATED,STOICHIOMETRIC_PROXY_ONLY_NOT_VALIDATED_OSMOTIC_PRESSURE,UNAVAILABLE_CHARGE_PROTONATION_MG_BINDING_ABSENT,dc43bcec367f52105fe8d1ba328e59b064935df5faf8f880e078b212a40183df
re0000000489,translation initiation / HETERODIMER_ASSOCIATION,initiation,Initiation_B1,Initiation_B1:re36,EXTRACTED_EXACT_STOICHIOMETRY,HETERODIMER_ASSOCIATION,"{""IF3"": 1.0, ""RS70S_IF1"": 1.0}","{""RS70S_IF1_IF3"": 1.0}",re0000000489_k1,0.082,-1.0,0,0.0,0.0,0.0,0.0,0.0,0.0,0.0,0.0,0.0,0.0,0.0,0.0,0.0,0.0,0.0,0.0,0.0,0.0,UNRESOLVED_FORMULAS_ABSENT,UNRESOLVED_BOUND_MOIETIES_NOT_ANNOTATED,STOICHIOMETRIC_PROXY_ONLY_NOT_VALIDATED_OSMOTIC_PRESSURE,UNAVAILABLE_CHARGE_PROTONATION_MG_BINDING_ABSENT,dc43bcec367f52105fe8d1ba328e59b064935df5faf8f880e078b212a40183df
re0000000490,translation initiation / DISSOCIATION,initiation,Initiation_B1,Initiation_B1:re37,EXTRACTED_EXACT_STOICHIOMETRY,DISSOCIATION,"{""RS70S_IF1_IF3"": 1.0}","{""IF3"": 1.0, ""RS70S_IF1"": 1.0}",re0000000490_k1,0.26,1.0,0,0.0,0.0,0.0,0.0,0.0,0.0,0.0,0.0,0.0,0.0,0.0,0.0,0.0,0.0,0.0,0.0,0.0,0.0,UNRESOLVED_FORMULAS_ABSENT,UNRESOLVED_BOUND_MOIETIES_NOT_ANNOTATED,STOICHIOMETRIC_PROXY_ONLY_NOT_VALIDATED_OSMOTIC_PRESSURE,UNAVAILABLE_CHARGE_PROTONATION_MG_BINDING_ABSENT,dc43bcec367f52105fe8d1ba328e59b064935df5faf8f880e078b212a40183df
re0000000491,translation initiation / HETERODIMER_ASSOCIATION,initiation,Initiation_B1,Initiation_B1:re38,EXTRACTED_EXACT_STOICHIOMETRY,HETERODIMER_ASSOCIATION,"{""IF3"": 1.0, ""RS30S_IF1"": 1.0}","{""RS30S_IF1_IF3"": 1.0}",re0000000491_k1,1100.0,-1.0,0,0.0,0.0,0.0,0.0,0.0,0.0,0.0,0.0,0.0,0.0,0.0,0.0,0.0,0.0,0.0,0.0,0.0,0.0,UNRESOLVED_FORMULAS_ABSENT,UNRESOLVED_BOUND_MOIETIES_NOT_ANNOTATED,STOICHIOMETRIC_PROXY_ONLY_NOT_VALIDATED_OSMOTIC_PRESSURE,UNAVAILABLE_CHARGE_PROTONATION_MG_BINDING_ABSENT,dc43bcec367f52105fe8d1ba328e59b064935df5faf8f880e078b212a40183df
re0000000492,translation initiation / DISSOCIATION,initiation,Initiation_B1,Initiation_B1:re39,EXTRACTED_EXACT_STOICHIOMETRY,DISSOCIATION,"{""RS30S_IF1_IF3"": 1.0}","{""IF3"": 1.0, ""RS30S_IF1"": 1.0}",re0000000492_k1,0.08,1.0,0,0.0,0.0,0.0,0.0,0.0,0.0,0.0,0.0,0.0,0.0,0.0,0.0,0.0,0.0,0.0,0.0,0.0,0.0,UNRESOLVED_FORMULAS_ABSENT,UNRESOLVED_BOUND_MOIETIES_NOT_ANNOTATED,STOICHIOMETRIC_PROXY_ONLY_NOT_VALIDATED_OSMOTIC_PRESSURE,UNAVAILABLE_CHARGE_PROTONATION_MG_BINDING_ABSENT,dc43bcec367f52105fe8d1ba328e59b064935df5faf8f880e078b212a40183df
re0000000493,translation initiation / DISSOCIATION,initiation,Initiation_B1,Initiation_B1:re40,EXTRACTED_EXACT_STOICHIOMETRY,DISSOCIATION,"{""RS70S_IF1_IF3"": 1.0}","{""RS30S_IF1_IF3"": 1.0, ""RS50S"": 1.0}",re0000000493_k1,0.0068,1.0,0,0.0,0.0,0.0,0.0,0.0,0.0,0.0,0.0,0.0,0.0,0.0,0.0,0.0,0.0,0.0,0.0,0.0,0.0,UNRESOLVED_FORMULAS_ABSENT,UNRESOLVED_BOUND_MOIETIES_NOT_ANNOTATED,STOICHIOMETRIC_PROXY_ONLY_NOT_VALIDATED_OSMOTIC_PRESSURE,UNAVAILABLE_CHARGE_PROTONATION_MG_BINDING_ABSENT,dc43bcec367f52105fe8d1ba328e59b064935df5faf8f880e078b212a40183df
re0000000494,translation initiation / HETERODIMER_ASSOCIATION,initiation,Initiation_B1,Initiation_B1:re41,EXTRACTED_EXACT_STOICHIOMETRY,HETERODIMER_ASSOCIATION,"{""RS30S_IF1_IF3"": 1.0, ""RS50S"": 1.0}","{""RS70S_IF1_IF3"": 1.0}",re0000000494_k1,0.18,-1.0,0,0.0,0.0,0.0,0.0,0.0,0.0,0.0,0.0,0.0,0.0,0.0,0.0,0.0,0.0,0.0,0.0,0.0,0.0,UNRESOLVED_FORMULAS_ABSENT,UNRESOLVED_BOUND_MOIETIES_NOT_ANNOTATED,STOICHIOMETRIC_PROXY_ONLY_NOT_VALIDATED_OSMOTIC_PRESSURE,UNAVAILABLE_CHARGE_PROTONATION_MG_BINDING_ABSENT,dc43bcec367f52105fe8d1ba328e59b064935df5faf8f880e078b212a40183df
re0000000495,translation initiation / HETERODIMER_ASSOCIATION,initiation,Initiation_B1,Initiation_B1:re42,EXTRACTED_EXACT_STOICHIOMETRY,HETERODIMER_ASSOCIATION,"{""IF2_GTP"": 1.0, ""RS30S_IF1_IF3"": 1.0}","{""RS30S_IF1_IF3_IF2_GTP"": 1.0}",re0000000495_k1,220.0,-1.0,0,0.0,0.0,0.0,0.0,0.0,0.0,0.0,0.0,0.0,0.0,0.0,0.0,0.0,0.0,0.0,0.0,0.0,0.0,UNRESOLVED_FORMULAS_ABSENT,UNRESOLVED_BOUND_MOIETIES_NOT_ANNOTATED,STOICHIOMETRIC_PROXY_ONLY_NOT_VALIDATED_OSMOTIC_PRESSURE,UNAVAILABLE_CHARGE_PROTONATION_MG_BINDING_ABSENT,dc43bcec367f52105fe8d1ba328e59b064935df5faf8f880e078b212a40183df
re0000000496,translation initiation / DISSOCIATION,initiation,Initiation_B1,Initiation_B1:re43,EXTRACTED_EXACT_STOICHIOMETRY,DISSOCIATION,"{""RS30S_IF1_IF3_IF2_GTP"": 1.0}","{""IF2_GTP"": 1.0, ""RS30S_IF1_IF3"": 1.0}",re0000000496_k1,1.0,1.0,0,0.0,0.0,0.0,0.0,0.0,0.0,0.0,0.0,0.0,0.0,0.0,0.0,0.0,0.0,0.0,0.0,0.0,0.0,UNRESOLVED_FORMULAS_ABSENT,UNRESOLVED_BOUND_MOIETIES_NOT_ANNOTATED,STOICHIOMETRIC_PROXY_ONLY_NOT_VALIDATED_OSMOTIC_PRESSURE,UNAVAILABLE_CHARGE_PROTONATION_MG_BINDING_ABSENT,dc43bcec367f52105fe8d1ba328e59b064935df5faf8f880e078b212a40183df
re0000000497,translation initiation / HETERODIMER_ASSOCIATION,initiation,Initiation_B1,Initiation_B1:re44,EXTRACTED_EXACT_STOICHIOMETRY,HETERODIMER_ASSOCIATION,"{""IF2_GTP_fMettRNAfMetCAU"": 1.0, ""RS30S_IF1_IF3"": 1.0}","{""RS30S_IF1_IF3_IF2_GTP_fMettRNAfMetCAU"": 1.0}",re0000000497_k1,220.0,-1.0,0,0.0,0.0,0.0,0.0,0.0,0.0,0.0,0.0,0.0,0.0,0.0,0.0,0.0,0.0,0.0,0.0,0.0,0.0,UNRESOLVED_FORMULAS_ABSENT,UNRESOLVED_BOUND_MOIETIES_NOT_ANNOTATED,STOICHIOMETRIC_PROXY_ONLY_NOT_VALIDATED_OSMOTIC_PRESSURE,UNAVAILABLE_CHARGE_PROTONATION_MG_BINDING_ABSENT,dc43bcec367f52105fe8d1ba328e59b064935df5faf8f880e078b212a40183df
re0000000498,translation initiation / DISSOCIATION,initiation,Initiation_B1,Initiation_B1:re45,EXTRACTED_EXACT_STOICHIOMETRY,DISSOCIATION,"{""RS30S_IF1_IF3_IF2_GTP_fMettRNAfMetCAU"": 1.0}","{""IF2_GTP_fMettRNAfMetCAU"": 1.0, ""RS30S_IF1_IF3"": 1.0}",re0000000498_k1,1.0,1.0,0,0.0,0.0,0.0,0.0,0.0,0.0,0.0,0.0,0.0,0.0,0.0,0.0,0.0,0.0,0.0,0.0,0.0,0.0,UNRESOLVED_FORMULAS_ABSENT,UNRESOLVED_BOUND_MOIETIES_NOT_ANNOTATED,STOICHIOMETRIC_PROXY_ONLY_NOT_VALIDATED_OSMOTIC_PRESSURE,UNAVAILABLE_CHARGE_PROTONATION_MG_BINDING_ABSENT,dc43bcec367f52105fe8d1ba328e59b064935df5faf8f880e078b212a40183df
re0000000499,translation initiation / HETERODIMER_ASSOCIATION,initiation,Initiation_B1,Initiation_B1:re46,EXTRACTED_EXACT_STOICHIOMETRY,HETERODIMER_ASSOCIATION,"{""RS30S_IF1_IF3_IF2_GTP"": 1.0, ""fMettRNAfMetCAU"": 1.0}","{""RS30S_IF1_IF3_IF2_GTP_fMettRNAfMetCAU"": 1.0}",re0000000499_k1,5.0,-1.0,0,0.0,0.0,0.0,0.0,0.0,0.0,0.0,0.0,0.0,0.0,0.0,0.0,0.0,0.0,0.0,0.0,0.0,-1.0,UNRESOLVED_FORMULAS_ABSENT,UNRESOLVED_BOUND_MOIETIES_NOT_ANNOTATED,STOICHIOMETRIC_PROXY_ONLY_NOT_VALIDATED_OSMOTIC_PRESSURE,UNAVAILABLE_CHARGE_PROTONATION_MG_BINDING_ABSENT,dc43bcec367f52105fe8d1ba328e59b064935df5faf8f880e078b212a40183df
re0000000500,translation initiation / DISSOCIATION,initiation,Initiation_B1,Initiation_B1:re47,EXTRACTED_EXACT_STOICHIOMETRY,DISSOCIATION,"{""RS30S_IF1_IF3_IF2_GTP_fMettRNAfMetCAU"": 1.0}","{""RS30S_IF1_IF3_IF2_GTP"": 1.0, ""fMettRNAfMetCAU"": 1.0}",re0000000500_k1,1.5,1.0,0,0.0,0.0,0.0,0.0,0.0,0.0,0.0,0.0,0.0,0.0,0.0,0.0,0.0,0.0,0.0,0.0,0.0,1.0,UNRESOLVED_FORMULAS_ABSENT,UNRESOLVED_BOUND_MOIETIES_NOT_ANNOTATED,STOICHIOMETRIC_PROXY_ONLY_NOT_VALIDATED_OSMOTIC_PRESSURE,UNAVAILABLE_CHARGE_PROTONATION_MG_BINDING_ABSENT,dc43bcec367f52105fe8d1ba328e59b064935df5faf8f880e078b212a40183df
re0000000501,translation initiation / HETERODIMER_ASSOCIATION,initiation,Initiation_B1,Initiation_B1:re48,EXTRACTED_EXACT_STOICHIOMETRY,HETERODIMER_ASSOCIATION,"{""IF1"": 1.0, ""RS70S"": 1.0}","{""RS70S_IF1"": 1.0}",re0000000501_k1,20.0,-1.0,0,0.0,0.0,0.0,0.0,0.0,0.0,0.0,0.0,0.0,0.0,0.0,0.0,0.0,0.0,0.0,0.0,0.0,0.0,UNRESOLVED_FORMULAS_ABSENT,UNRESOLVED_BOUND_MOIETIES_NOT_ANNOTATED,STOICHIOMETRIC_PROXY_ONLY_NOT_VALIDATED_OSMOTIC_PRESSURE,UNAVAILABLE_CHARGE_PROTONATION_MG_BINDING_ABSENT,dc43bcec367f52105fe8d1ba328e59b064935df5faf8f880e078b212a40183df
re0000000502,translation initiation / DISSOCIATION,initiation,Initiation_B1,Initiation_B1:re49,EXTRACTED_EXACT_STOICHIOMETRY,DISSOCIATION,"{""RS70S_IF1"": 1.0}","{""IF1"": 1.0, ""RS70S"": 1.0}",re0000000502_k1,0.7,1.0,0,0.0,0.0,0.0,0.0,0.0,0.0,0.0,0.0,0.0,0.0,0.0,0.0,0.0,0.0,0.0,0.0,0.0,0.0,UNRESOLVED_FORMULAS_ABSENT,UNRESOLVED_BOUND_MOIETIES_NOT_ANNOTATED,STOICHIOMETRIC_PROXY_ONLY_NOT_VALIDATED_OSMOTIC_PRESSURE,UNAVAILABLE_CHARGE_PROTONATION_MG_BINDING_ABSENT,dc43bcec367f52105fe8d1ba328e59b064935df5faf8f880e078b212a40183df
re0000000503,translation initiation / HETERODIMER_ASSOCIATION,initiation,Initiation_B1,Initiation_B1:re50,EXTRACTED_EXACT_STOICHIOMETRY,HETERODIMER_ASSOCIATION,"{""IF1"": 1.0, ""RS30S"": 1.0}","{""RS30S_IF1"": 1.0}",re0000000503_k1,20.0,-1.0,0,0.0,0.0,0.0,0.0,0.0,0.0,0.0,0.0,0.0,0.0,0.0,0.0,0.0,0.0,0.0,0.0,0.0,0.0,UNRESOLVED_FORMULAS_ABSENT,UNRESOLVED_BOUND_MOIETIES_NOT_ANNOTATED,STOICHIOMETRIC_PROXY_ONLY_NOT_VALIDATED_OSMOTIC_PRESSURE,UNAVAILABLE_CHARGE_PROTONATION_MG_BINDING_ABSENT,dc43bcec367f52105fe8d1ba328e59b064935df5faf8f880e078b212a40183df
re0000000504,translation initiation / DISSOCIATION,initiation,Initiation_B1,Initiation_B1:re51,EXTRACTED_EXACT_STOICHIOMETRY,DISSOCIATION,"{""RS30S_IF1"": 1.0}","{""IF1"": 1.0, ""RS30S"": 1.0}",re0000000504_k1,0.7,1.0,0,0.0,0.0,0.0,0.0,0.0,0.0,0.0,0.0,0.0,0.0,0.0,0.0,0.0,0.0,0.0,0.0,0.0,0.0,UNRESOLVED_FORMULAS_ABSENT,UNRESOLVED_BOUND_MOIETIES_NOT_ANNOTATED,STOICHIOMETRIC_PROXY_ONLY_NOT_VALIDATED_OSMOTIC_PRESSURE,UNAVAILABLE_CHARGE_PROTONATION_MG_BINDING_ABSENT,dc43bcec367f52105fe8d1ba328e59b064935df5faf8f880e078b212a40183df
re0000000505,translation initiation / HETERODIMER_ASSOCIATION,initiation,Initiation_B1,Initiation_B1:re52,EXTRACTED_EXACT_STOICHIOMETRY,HETERODIMER_ASSOCIATION,"{""IF1"": 1.0, ""RS70S_IF3"": 1.0}","{""RS70S_IF1_IF3"": 1.0}",re0000000505_k1,20.0,-1.0,0,0.0,0.0,0.0,0.0,0.0,0.0,0.0,0.0,0.0,0.0,0.0,0.0,0.0,0.0,0.0,0.0,0.0,0.0,UNRESOLVED_FORMULAS_ABSENT,UNRESOLVED_BOUND_MOIETIES_NOT_ANNOTATED,STOICHIOMETRIC_PROXY_ONLY_NOT_VALIDATED_OSMOTIC_PRESSURE,UNAVAILABLE_CHARGE_PROTONATION_MG_BINDING_ABSENT,dc43bcec367f52105fe8d1ba328e59b064935df5faf8f880e078b212a40183df
re0000000506,translation initiation / DISSOCIATION,initiation,Initiation_B1,Initiation_B1:re53,EXTRACTED_EXACT_STOICHIOMETRY,DISSOCIATION,"{""RS70S_IF1_IF3"": 1.0}","{""IF1"": 1.0, ""RS70S_IF3"": 1.0}",re0000000506_k1,0.7,1.0,0,0.0,0.0,0.0,0.0,0.0,0.0,0.0,0.0,0.0,0.0,0.0,0.0,0.0,0.0,0.0,0.0,0.0,0.0,UNRESOLVED_FORMULAS_ABSENT,UNRESOLVED_BOUND_MOIETIES_NOT_ANNOTATED,STOICHIOMETRIC_PROXY_ONLY_NOT_VALIDATED_OSMOTIC_PRESSURE,UNAVAILABLE_CHARGE_PROTONATION_MG_BINDING_ABSENT,dc43bcec367f52105fe8d1ba328e59b064935df5faf8f880e078b212a40183df
re0000000507,translation initiation / HETERODIMER_ASSOCIATION,initiation,Initiation_B1,Initiation_B1:re54,EXTRACTED_EXACT_STOICHIOMETRY,HETERODIMER_ASSOCIATION,"{""IF1"": 1.0, ""RS30S_IF3"": 1.0}","{""RS30S_IF1_IF3"": 1.0}",re0000000507_k1,20.0,-1.0,0,0.0,0.0,0.0,0.0,0.0,0.0,0.0,0.0,0.0,0.0,0.0,0.0,0.0,0.0,0.0,0.0,0.0,0.0,UNRESOLVED_FORMULAS_ABSENT,UNRESOLVED_BOUND_MOIETIES_NOT_ANNOTATED,STOICHIOMETRIC_PROXY_ONLY_NOT_VALIDATED_OSMOTIC_PRESSURE,UNAVAILABLE_CHARGE_PROTONATION_MG_BINDING_ABSENT,dc43bcec367f52105fe8d1ba328e59b064935df5faf8f880e078b212a40183df
re0000000508,translation initiation / DISSOCIATION,initiation,Initiation_B1,Initiation_B1:re56,EXTRACTED_EXACT_STOICHIOMETRY,DISSOCIATION,"{""RS30S_IF1_IF3"": 1.0}","{""IF1"": 1.0, ""RS30S_IF3"": 1.0}",re0000000508_k1,0.7,1.0,0,0.0,0.0,0.0,0.0,0.0,0.0,0.0,0.0,0.0,0.0,0.0,0.0,0.0,0.0,0.0,0.0,0.0,0.0,UNRESOLVED_FORMULAS_ABSENT,UNRESOLVED_BOUND_MOIETIES_NOT_ANNOTATED,STOICHIOMETRIC_PROXY_ONLY_NOT_VALIDATED_OSMOTIC_PRESSURE,UNAVAILABLE_CHARGE_PROTONATION_MG_BINDING_ABSENT,dc43bcec367f52105fe8d1ba328e59b064935df5faf8f880e078b212a40183df
re0000000509,translation initiation / HETERODIMER_ASSOCIATION,initiation,Initiation_B1,Initiation_B1:re57,EXTRACTED_EXACT_STOICHIOMETRY,HETERODIMER_ASSOCIATION,"{""IF1"": 1.0, ""RS30S_IF3_IF2_GTP"": 1.0}","{""RS30S_IF1_IF3_IF2_GTP"": 1.0}",re0000000509_k1,12.0,-1.0,0,0.0,0.0,0.0,0.0,0.0,0.0,0.0,0.0,0.0,0.0,0.0,0.0,0.0,0.0,0.0,0.0,0.0,0.0,UNRESOLVED_FORMULAS_ABSENT,UNRESOLVED_BOUND_MOIETIES_NOT_ANNOTATED,STOICHIOMETRIC_PROXY_ONLY_NOT_VALIDATED_OSMOTIC_PRESSURE,UNAVAILABLE_CHARGE_PROTONATION_MG_BINDING_ABSENT,dc43bcec367f52105fe8d1ba328e59b064935df5faf8f880e078b212a40183df
re0000000510,translation initiation / DISSOCIATION,initiation,Initiation_B1,Initiation_B1:re58,EXTRACTED_EXACT_STOICHIOMETRY,DISSOCIATION,"{""RS30S_IF1_IF3_IF2_GTP"": 1.0}","{""IF1"": 1.0, ""RS30S_IF3_IF2_GTP"": 1.0}",re0000000510_k1,0.02,1.0,0,0.0,0.0,0.0,0.0,0.0,0.0,0.0,0.0,0.0,0.0,0.0,0.0,0.0,0.0,0.0,0.0,0.0,0.0,UNRESOLVED_FORMULAS_ABSENT,UNRESOLVED_BOUND_MOIETIES_NOT_ANNOTATED,STOICHIOMETRIC_PROXY_ONLY_NOT_VALIDATED_OSMOTIC_PRESSURE,UNAVAILABLE_CHARGE_PROTONATION_MG_BINDING_ABSENT,dc43bcec367f52105fe8d1ba328e59b064935df5faf8f880e078b212a40183df
re0000000511,translation initiation / HETERODIMER_ASSOCIATION,initiation,Initiation_B1,Initiation_B1:re59,EXTRACTED_EXACT_STOICHIOMETRY,HETERODIMER_ASSOCIATION,"{""IF1"": 1.0, ""RS30S_IF3_IF2_GTP_fMettRNAfMetCAU"": 1.0}","{""RS30S_IF1_IF3_IF2_GTP_fMettRNAfMetCAU"": 1.0}",re0000000511_k1,12.0,-1.0,0,0.0,0.0,0.0,0.0,0.0,0.0,0.0,0.0,0.0,0.0,0.0,0.0,0.0,0.0,0.0,0.0,0.0,0.0,UNRESOLVED_FORMULAS_ABSENT,UNRESOLVED_BOUND_MOIETIES_NOT_ANNOTATED,STOICHIOMETRIC_PROXY_ONLY_NOT_VALIDATED_OSMOTIC_PRESSURE,UNAVAILABLE_CHARGE_PROTONATION_MG_BINDING_ABSENT,dc43bcec367f52105fe8d1ba328e59b064935df5faf8f880e078b212a40183df
re0000000512,translation initiation / DISSOCIATION,initiation,Initiation_B1,Initiation_B1:re60,EXTRACTED_EXACT_STOICHIOMETRY,DISSOCIATION,"{""RS30S_IF1_IF3_IF2_GTP_fMettRNAfMetCAU"": 1.0}","{""IF1"": 1.0, ""RS30S_IF3_IF2_GTP_fMettRNAfMetCAU"": 1.0}",re0000000512_k1,0.02,1.0,0,0.0,0.0,0.0,0.0,0.0,0.0,0.0,0.0,0.0,0.0,0.0,0.0,0.0,0.0,0.0,0.0,0.0,0.0,UNRESOLVED_FORMULAS_ABSENT,UNRESOLVED_BOUND_MOIETIES_NOT_ANNOTATED,STOICHIOMETRIC_PROXY_ONLY_NOT_VALIDATED_OSMOTIC_PRESSURE,UNAVAILABLE_CHARGE_PROTONATION_MG_BINDING_ABSENT,dc43bcec367f52105fe8d1ba328e59b064935df5faf8f880e078b212a40183df
re0000000513,translation initiation / HETERODIMER_ASSOCIATION,initiation,Initiation_B1,Initiation_B1:re61,EXTRACTED_EXACT_STOICHIOMETRY,HETERODIMER_ASSOCIATION,"{""RS30S_IF1_IF3"": 1.0, ""mRNA"": 1.0}","{""RS30S_IF1_IF3_mRNA"": 1.0}",re0000000513_k1,36.0,-1.0,0,0.0,0.0,0.0,0.0,0.0,0.0,0.0,0.0,0.0,0.0,0.0,0.0,0.0,0.0,0.0,0.0,0.0,0.0,UNRESOLVED_FORMULAS_ABSENT,UNRESOLVED_BOUND_MOIETIES_NOT_ANNOTATED,STOICHIOMETRIC_PROXY_ONLY_NOT_VALIDATED_OSMOTIC_PRESSURE,UNAVAILABLE_CHARGE_PROTONATION_MG_BINDING_ABSENT,dc43bcec367f52105fe8d1ba328e59b064935df5faf8f880e078b212a40183df
re0000000514,translation initiation / DISSOCIATION,initiation,Initiation_B1,Initiation_B1:re62,EXTRACTED_EXACT_STOICHIOMETRY,DISSOCIATION,"{""RS30S_IF1_IF3_mRNA"": 1.0}","{""RS30S_IF1_IF3"": 1.0, ""mRNA"": 1.0}",re0000000514_k1,0.7,1.0,0,0.0,0.0,0.0,0.0,0.0,0.0,0.0,0.0,0.0,0.0,0.0,0.0,0.0,0.0,0.0,0.0,0.0,0.0,UNRESOLVED_FORMULAS_ABSENT,UNRESOLVED_BOUND_MOIETIES_NOT_ANNOTATED,STOICHIOMETRIC_PROXY_ONLY_NOT_VALIDATED_OSMOTIC_PRESSURE,UNAVAILABLE_CHARGE_PROTONATION_MG_BINDING_ABSENT,dc43bcec367f52105fe8d1ba328e59b064935df5faf8f880e078b212a40183df
re0000000515,translation initiation / HETERODIMER_ASSOCIATION,initiation,Initiation_B1,Initiation_B1:re63,EXTRACTED_EXACT_STOICHIOMETRY,HETERODIMER_ASSOCIATION,"{""IF2_GTP"": 1.0, ""RS30S_IF1_IF3_mRNA"": 1.0}","{""RS30S_IF1_IF3_IF2_GTP_mRNA"": 1.0}",re0000000515_k1,220.0,-1.0,0,0.0,0.0,0.0,0.0,0.0,0.0,0.0,0.0,0.0,0.0,0.0,0.0,0.0,0.0,0.0,0.0,0.0,0.0,UNRESOLVED_FORMULAS_ABSENT,UNRESOLVED_BOUND_MOIETIES_NOT_ANNOTATED,STOICHIOMETRIC_PROXY_ONLY_NOT_VALIDATED_OSMOTIC_PRESSURE,UNAVAILABLE_CHARGE_PROTONATION_MG_BINDING_ABSENT,dc43bcec367f52105fe8d1ba328e59b064935df5faf8f880e078b212a40183df
re0000000516,translation initiation / DISSOCIATION,initiation,Initiation_B1,Initiation_B1:re64,EXTRACTED_EXACT_STOICHIOMETRY,DISSOCIATION,"{""RS30S_IF1_IF3_IF2_GTP_mRNA"": 1.0}","{""IF2_GTP"": 1.0, ""RS30S_IF1_IF3_mRNA"": 1.0}",re0000000516_k1,1.0,1.0,0,0.0,0.0,0.0,0.0,0.0,0.0,0.0,0.0,0.0,0.0,0.0,0.0,0.0,0.0,0.0,0.0,0.0,0.0,UNRESOLVED_FORMULAS_ABSENT,UNRESOLVED_BOUND_MOIETIES_NOT_ANNOTATED,STOICHIOMETRIC_PROXY_ONLY_NOT_VALIDATED_OSMOTIC_PRESSURE,UNAVAILABLE_CHARGE_PROTONATION_MG_BINDING_ABSENT,dc43bcec367f52105fe8d1ba328e59b064935df5faf8f880e078b212a40183df
re0000000517,translation initiation / HETERODIMER_ASSOCIATION,initiation,Initiation_B1,Initiation_B1:re65,EXTRACTED_EXACT_STOICHIOMETRY,HETERODIMER_ASSOCIATION,"{""RS30S_IF1_IF3_mRNA"": 1.0, ""fMettRNAfMetCAU"": 1.0}","{""RS30S_IF1_IF3_fMettRNAfMetCAU_mRNA"": 1.0}",re0000000517_k1,5.0,-1.0,0,0.0,0.0,0.0,0.0,0.0,0.0,0.0,0.0,0.0,0.0,0.0,0.0,0.0,0.0,0.0,0.0,0.0,-1.0,UNRESOLVED_FORMULAS_ABSENT,UNRESOLVED_BOUND_MOIETIES_NOT_ANNOTATED,STOICHIOMETRIC_PROXY_ONLY_NOT_VALIDATED_OSMOTIC_PRESSURE,UNAVAILABLE_CHARGE_PROTONATION_MG_BINDING_ABSENT,dc43bcec367f52105fe8d1ba328e59b064935df5faf8f880e078b212a40183df
re0000000518,translation initiation / DISSOCIATION,initiation,Initiation_B1,Initiation_B1:re66,EXTRACTED_EXACT_STOICHIOMETRY,DISSOCIATION,"{""RS30S_IF1_IF3_fMettRNAfMetCAU_mRNA"": 1.0}","{""RS30S_IF1_IF3_mRNA"": 1.0, ""fMettRNAfMetCAU"": 1.0}",re0000000518_k1,1.5,1.0,0,0.0,0.0,0.0,0.0,0.0,0.0,0.0,0.0,0.0,0.0,0.0,0.0,0.0,0.0,0.0,0.0,0.0,1.0,UNRESOLVED_FORMULAS_ABSENT,UNRESOLVED_BOUND_MOIETIES_NOT_ANNOTATED,STOICHIOMETRIC_PROXY_ONLY_NOT_VALIDATED_OSMOTIC_PRESSURE,UNAVAILABLE_CHARGE_PROTONATION_MG_BINDING_ABSENT,dc43bcec367f52105fe8d1ba328e59b064935df5faf8f880e078b212a40183df
re0000000519,translation initiation / HETERODIMER_ASSOCIATION,initiation,Initiation_B1,Initiation_B1:re67,EXTRACTED_EXACT_STOICHIOMETRY,HETERODIMER_ASSOCIATION,"{""IF2_GTP_fMettRNAfMetCAU"": 1.0, ""RS30S_IF1_IF3_mRNA"": 1.0}","{""RS30S_IF1_IF3_IF2_GTP_fMettRNAfMetCAU_mRNA"": 1.0}",re0000000519_k1,220.0,-1.0,0,0.0,0.0,0.0,0.0,0.0,0.0,0.0,0.0,0.0,0.0,0.0,0.0,0.0,0.0,0.0,0.0,0.0,0.0,UNRESOLVED_FORMULAS_ABSENT,UNRESOLVED_BOUND_MOIETIES_NOT_ANNOTATED,STOICHIOMETRIC_PROXY_ONLY_NOT_VALIDATED_OSMOTIC_PRESSURE,UNAVAILABLE_CHARGE_PROTONATION_MG_BINDING_ABSENT,dc43bcec367f52105fe8d1ba328e59b064935df5faf8f880e078b212a40183df
re0000000520,translation initiation / DISSOCIATION,initiation,Initiation_B1,Initiation_B1:re68,EXTRACTED_EXACT_STOICHIOMETRY,DISSOCIATION,"{""RS30S_IF1_IF3_IF2_GTP_fMettRNAfMetCAU_mRNA"": 1.0}","{""IF2_GTP_fMettRNAfMetCAU"": 1.0, ""RS30S_IF1_IF3_mRNA"": 1.0}",re0000000520_k1,1.0,1.0,0,0.0,0.0,0.0,0.0,0.0,0.0,0.0,0.0,0.0,0.0,0.0,0.0,0.0,0.0,0.0,0.0,0.0,0.0,UNRESOLVED_FORMULAS_ABSENT,UNRESOLVED_BOUND_MOIETIES_NOT_ANNOTATED,STOICHIOMETRIC_PROXY_ONLY_NOT_VALIDATED_OSMOTIC_PRESSURE,UNAVAILABLE_CHARGE_PROTONATION_MG_BINDING_ABSENT,dc43bcec367f52105fe8d1ba328e59b064935df5faf8f880e078b212a40183df
re0000000521,translation initiation / HETERODIMER_ASSOCIATION,initiation,Initiation_B1,Initiation_B1:re69,EXTRACTED_EXACT_STOICHIOMETRY,HETERODIMER_ASSOCIATION,"{""IF2_GTP"": 1.0, ""RS30S_IF1_IF3_fMettRNAfMetCAU_mRNA"": 1.0}","{""RS30S_IF1_IF3_IF2_GTP_fMettRNAfMetCAU_mRNA"": 1.0}",re0000000521_k1,320.0,-1.0,0,0.0,0.0,0.0,0.0,0.0,0.0,0.0,0.0,0.0,0.0,0.0,0.0,0.0,0.0,0.0,0.0,0.0,0.0,UNRESOLVED_FORMULAS_ABSENT,UNRESOLVED_BOUND_MOIETIES_NOT_ANNOTATED,STOICHIOMETRIC_PROXY_ONLY_NOT_VALIDATED_OSMOTIC_PRESSURE,UNAVAILABLE_CHARGE_PROTONATION_MG_BINDING_ABSENT,dc43bcec367f52105fe8d1ba328e59b064935df5faf8f880e078b212a40183df
re0000000522,translation initiation / DISSOCIATION,initiation,Initiation_B1,Initiation_B1:re70,EXTRACTED_EXACT_STOICHIOMETRY,DISSOCIATION,"{""RS30S_IF1_IF3_IF2_GTP_fMettRNAfMetCAU_mRNA"": 1.0}","{""IF2_GTP"": 1.0, ""RS30S_IF1_IF3_fMettRNAfMetCAU_mRNA"": 1.0}",re0000000522_k1,0.015,1.0,0,0.0,0.0,0.0,0.0,0.0,0.0,0.0,0.0,0.0,0.0,0.0,0.0,0.0,0.0,0.0,0.0,0.0,0.0,UNRESOLVED_FORMULAS_ABSENT,UNRESOLVED_BOUND_MOIETIES_NOT_ANNOTATED,STOICHIOMETRIC_PROXY_ONLY_NOT_VALIDATED_OSMOTIC_PRESSURE,UNAVAILABLE_CHARGE_PROTONATION_MG_BINDING_ABSENT,dc43bcec367f52105fe8d1ba328e59b064935df5faf8f880e078b212a40183df
re0000000523,translation initiation / HETERODIMER_ASSOCIATION,initiation,Initiation_B1,Initiation_B1:re71,EXTRACTED_EXACT_STOICHIOMETRY,HETERODIMER_ASSOCIATION,"{""RS30S_IF1_IF3_IF2_GTP_mRNA"": 1.0, ""fMettRNAfMetCAU"": 1.0}","{""RS30S_IF1_IF3_IF2_GTP_fMettRNAfMetCAU_mRNA"": 1.0}",re0000000523_k1,5.0,-1.0,0,0.0,0.0,0.0,0.0,0.0,0.0,0.0,0.0,0.0,0.0,0.0,0.0,0.0,0.0,0.0,0.0,0.0,-1.0,UNRESOLVED_FORMULAS_ABSENT,UNRESOLVED_BOUND_MOIETIES_NOT_ANNOTATED,STOICHIOMETRIC_PROXY_ONLY_NOT_VALIDATED_OSMOTIC_PRESSURE,UNAVAILABLE_CHARGE_PROTONATION_MG_BINDING_ABSENT,dc43bcec367f52105fe8d1ba328e59b064935df5faf8f880e078b212a40183df
re0000000524,translation initiation / DISSOCIATION,initiation,Initiation_B1,Initiation_B1:re72,EXTRACTED_EXACT_STOICHIOMETRY,DISSOCIATION,"{""RS30S_IF1_IF3_IF2_GTP_fMettRNAfMetCAU_mRNA"": 1.0}","{""RS30S_IF1_IF3_IF2_GTP_mRNA"": 1.0, ""fMettRNAfMetCAU"": 1.0}",re0000000524_k1,1.5,1.0,0,0.0,0.0,0.0,0.0,0.0,0.0,0.0,0.0,0.0,0.0,0.0,0.0,0.0,0.0,0.0,0.0,0.0,1.0,UNRESOLVED_FORMULAS_ABSENT,UNRESOLVED_BOUND_MOIETIES_NOT_ANNOTATED,STOICHIOMETRIC_PROXY_ONLY_NOT_VALIDATED_OSMOTIC_PRESSURE,UNAVAILABLE_CHARGE_PROTONATION_MG_BINDING_ABSENT,dc43bcec367f52105fe8d1ba328e59b064935df5faf8f880e078b212a40183df
re0000000525,translation initiation / HETERODIMER_ASSOCIATION,initiation,Initiation_B1,Initiation_B1:re73,EXTRACTED_EXACT_STOICHIOMETRY,HETERODIMER_ASSOCIATION,"{""RS30S_IF1_IF3_IF2_GTP"": 1.0, ""mRNA"": 1.0}","{""RS30S_IF1_IF3_IF2_GTP_mRNA"": 1.0}",re0000000525_k1,36.0,-1.0,0,0.0,0.0,0.0,0.0,0.0,0.0,0.0,0.0,0.0,0.0,0.0,0.0,0.0,0.0,0.0,0.0,0.0,0.0,UNRESOLVED_FORMULAS_ABSENT,UNRESOLVED_BOUND_MOIETIES_NOT_ANNOTATED,STOICHIOMETRIC_PROXY_ONLY_NOT_VALIDATED_OSMOTIC_PRESSURE,UNAVAILABLE_CHARGE_PROTONATION_MG_BINDING_ABSENT,dc43bcec367f52105fe8d1ba328e59b064935df5faf8f880e078b212a40183df
re0000000526,translation initiation / DISSOCIATION,initiation,Initiation_B1,Initiation_B1:re74,EXTRACTED_EXACT_STOICHIOMETRY,DISSOCIATION,"{""RS30S_IF1_IF3_IF2_GTP_mRNA"": 1.0}","{""RS30S_IF1_IF3_IF2_GTP"": 1.0, ""mRNA"": 1.0}",re0000000526_k1,0.7,1.0,0,0.0,0.0,0.0,0.0,0.0,0.0,0.0,0.0,0.0,0.0,0.0,0.0,0.0,0.0,0.0,0.0,0.0,0.0,UNRESOLVED_FORMULAS_ABSENT,UNRESOLVED_BOUND_MOIETIES_NOT_ANNOTATED,STOICHIOMETRIC_PROXY_ONLY_NOT_VALIDATED_OSMOTIC_PRESSURE,UNAVAILABLE_CHARGE_PROTONATION_MG_BINDING_ABSENT,dc43bcec367f52105fe8d1ba328e59b064935df5faf8f880e078b212a40183df
re0000000527,translation initiation / HETERODIMER_ASSOCIATION,initiation,Initiation_B1,Initiation_B1:re75,EXTRACTED_EXACT_STOICHIOMETRY,HETERODIMER_ASSOCIATION,"{""RS30S_IF1_IF3_IF2_GTP_fMettRNAfMetCAU"": 1.0, ""mRNA"": 1.0}","{""RS30S_IF1_IF3_IF2_GTP_fMettRNAfMetCAU_mRNA"": 1.0}",re0000000527_k1,36.0,-1.0,0,0.0,0.0,0.0,0.0,0.0,0.0,0.0,0.0,0.0,0.0,0.0,0.0,0.0,0.0,0.0,0.0,0.0,0.0,UNRESOLVED_FORMULAS_ABSENT,UNRESOLVED_BOUND_MOIETIES_NOT_ANNOTATED,STOICHIOMETRIC_PROXY_ONLY_NOT_VALIDATED_OSMOTIC_PRESSURE,UNAVAILABLE_CHARGE_PROTONATION_MG_BINDING_ABSENT,dc43bcec367f52105fe8d1ba328e59b064935df5faf8f880e078b212a40183df
re0000000528,translation initiation / DISSOCIATION,initiation,Initiation_B1,Initiation_B1:re76,EXTRACTED_EXACT_STOICHIOMETRY,DISSOCIATION,"{""RS30S_IF1_IF3_IF2_GTP_fMettRNAfMetCAU_mRNA"": 1.0}","{""RS30S_IF1_IF3_IF2_GTP_fMettRNAfMetCAU"": 1.0, ""mRNA"": 1.0}",re0000000528_k1,0.006,1.0,0,0.0,0.0,0.0,0.0,0.0,0.0,0.0,0.0,0.0,0.0,0.0,0.0,0.0,0.0,0.0,0.0,0.0,0.0,UNRESOLVED_FORMULAS_ABSENT,UNRESOLVED_BOUND_MOIETIES_NOT_ANNOTATED,STOICHIOMETRIC_PROXY_ONLY_NOT_VALIDATED_OSMOTIC_PRESSURE,UNAVAILABLE_CHARGE_PROTONATION_MG_BINDING_ABSENT,dc43bcec367f52105fe8d1ba328e59b064935df5faf8f880e078b212a40183df
re0000000529,translation initiation / HETERODIMER_ASSOCIATION,initiation,Initiation_B1,Initiation_B1:re77,EXTRACTED_EXACT_STOICHIOMETRY,HETERODIMER_ASSOCIATION,"{""RS30S_IF1_IF3_IF2_GTP_fMettRNAfMetCAU_mRNA"": 1.0, ""RS50S"": 1.0}","{""RS70S_IF1_IF3_IF2_GTP_fMettRNAfMetCAU_mRNA"": 1.0}",re0000000529_k1,34.0,-1.0,0,0.0,0.0,0.0,0.0,0.0,0.0,0.0,0.0,0.0,0.0,0.0,0.0,0.0,0.0,0.0,0.0,0.0,0.0,UNRESOLVED_FORMULAS_ABSENT,UNRESOLVED_BOUND_MOIETIES_NOT_ANNOTATED,STOICHIOMETRIC_PROXY_ONLY_NOT_VALIDATED_OSMOTIC_PRESSURE,UNAVAILABLE_CHARGE_PROTONATION_MG_BINDING_ABSENT,dc43bcec367f52105fe8d1ba328e59b064935df5faf8f880e078b212a40183df
re0000000530,translation initiation / DISSOCIATION,initiation,Initiation_B1,Initiation_B1:re78,EXTRACTED_EXACT_STOICHIOMETRY,DISSOCIATION,"{""RS70S_IF1_IF3_IF2_GTP_fMettRNAfMetCAU_mRNA"": 1.0}","{""RS30S_IF1_IF3_IF2_GTP_fMettRNAfMetCAU_mRNA"": 1.0, ""RS50S"": 1.0}",re0000000530_k1,35.0,1.0,0,0.0,0.0,0.0,0.0,0.0,0.0,0.0,0.0,0.0,0.0,0.0,0.0,0.0,0.0,0.0,0.0,0.0,0.0,UNRESOLVED_FORMULAS_ABSENT,UNRESOLVED_BOUND_MOIETIES_NOT_ANNOTATED,STOICHIOMETRIC_PROXY_ONLY_NOT_VALIDATED_OSMOTIC_PRESSURE,UNAVAILABLE_CHARGE_PROTONATION_MG_BINDING_ABSENT,dc43bcec367f52105fe8d1ba328e59b064935df5faf8f880e078b212a40183df
re0000000531,translation initiation / HETERODIMER_ASSOCIATION,initiation,Initiation_B1,Initiation_B1:re79,EXTRACTED_EXACT_STOICHIOMETRY,HETERODIMER_ASSOCIATION,"{""IF1"": 1.0, ""RS30S_IF3_mRNA"": 1.0}","{""RS30S_IF1_IF3_mRNA"": 1.0}",re0000000531_k1,20.0,-1.0,0,0.0,0.0,0.0,0.0,0.0,0.0,0.0,0.0,0.0,0.0,0.0,0.0,0.0,0.0,0.0,0.0,0.0,0.0,UNRESOLVED_FORMULAS_ABSENT,UNRESOLVED_BOUND_MOIETIES_NOT_ANNOTATED,STOICHIOMETRIC_PROXY_ONLY_NOT_VALIDATED_OSMOTIC_PRESSURE,UNAVAILABLE_CHARGE_PROTONATION_MG_BINDING_ABSENT,dc43bcec367f52105fe8d1ba328e59b064935df5faf8f880e078b212a40183df
re0000000532,translation initiation / DISSOCIATION,initiation,Initiation_B1,Initiation_B1:re80,EXTRACTED_EXACT_STOICHIOMETRY,DISSOCIATION,"{""RS30S_IF1_IF3_mRNA"": 1.0}","{""IF1"": 1.0, ""RS30S_IF3_mRNA"": 1.0}",re0000000532_k1,0.7,1.0,0,0.0,0.0,0.0,0.0,0.0,0.0,0.0,0.0,0.0,0.0,0.0,0.0,0.0,0.0,0.0,0.0,0.0,0.0,UNRESOLVED_FORMULAS_ABSENT,UNRESOLVED_BOUND_MOIETIES_NOT_ANNOTATED,STOICHIOMETRIC_PROXY_ONLY_NOT_VALIDATED_OSMOTIC_PRESSURE,UNAVAILABLE_CHARGE_PROTONATION_MG_BINDING_ABSENT,dc43bcec367f52105fe8d1ba328e59b064935df5faf8f880e078b212a40183df
re0000000533,translation initiation / HETERODIMER_ASSOCIATION,initiation,Initiation_B1,Initiation_B1:re81,EXTRACTED_EXACT_STOICHIOMETRY,HETERODIMER_ASSOCIATION,"{""IF1"": 1.0, ""RS30S_IF3_fMettRNAfMetCAU_mRNA"": 1.0}","{""RS30S_IF1_IF3_fMettRNAfMetCAU_mRNA"": 1.0}",re0000000533_k1,20.0,-1.0,0,0.0,0.0,0.0,0.0,0.0,0.0,0.0,0.0,0.0,0.0,0.0,0.0,0.0,0.0,0.0,0.0,0.0,0.0,UNRESOLVED_FORMULAS_ABSENT,UNRESOLVED_BOUND_MOIETIES_NOT_ANNOTATED,STOICHIOMETRIC_PROXY_ONLY_NOT_VALIDATED_OSMOTIC_PRESSURE,UNAVAILABLE_CHARGE_PROTONATION_MG_BINDING_ABSENT,dc43bcec367f52105fe8d1ba328e59b064935df5faf8f880e078b212a40183df
re0000000534,translation initiation / DISSOCIATION,initiation,Initiation_B1,Initiation_B1:re82,EXTRACTED_EXACT_STOICHIOMETRY,DISSOCIATION,"{""RS30S_IF1_IF3_fMettRNAfMetCAU_mRNA"": 1.0}","{""IF1"": 1.0, ""RS30S_IF3_fMettRNAfMetCAU_mRNA"": 1.0}",re0000000534_k1,0.7,1.0,0,0.0,0.0,0.0,0.0,0.0,0.0,0.0,0.0,0.0,0.0,0.0,0.0,0.0,0.0,0.0,0.0,0.0,0.0,UNRESOLVED_FORMULAS_ABSENT,UNRESOLVED_BOUND_MOIETIES_NOT_ANNOTATED,STOICHIOMETRIC_PROXY_ONLY_NOT_VALIDATED_OSMOTIC_PRESSURE,UNAVAILABLE_CHARGE_PROTONATION_MG_BINDING_ABSENT,dc43bcec367f52105fe8d1ba328e59b064935df5faf8f880e078b212a40183df
re0000000535,translation initiation / HETERODIMER_ASSOCIATION,initiation,Initiation_B1,Initiation_B1:re83,EXTRACTED_EXACT_STOICHIOMETRY,HETERODIMER_ASSOCIATION,"{""IF1"": 1.0, ""RS30S_IF3_IF2_GTP_mRNA"": 1.0}","{""RS30S_IF1_IF3_IF2_GTP_mRNA"": 1.0}",re0000000535_k1,12.0,-1.0,0,0.0,0.0,0.0,0.0,0.0,0.0,0.0,0.0,0.0,0.0,0.0,0.0,0.0,0.0,0.0,0.0,0.0,0.0,UNRESOLVED_FORMULAS_ABSENT,UNRESOLVED_BOUND_MOIETIES_NOT_ANNOTATED,STOICHIOMETRIC_PROXY_ONLY_NOT_VALIDATED_OSMOTIC_PRESSURE,UNAVAILABLE_CHARGE_PROTONATION_MG_BINDING_ABSENT,dc43bcec367f52105fe8d1ba328e59b064935df5faf8f880e078b212a40183df
re0000000536,translation initiation / DISSOCIATION,initiation,Initiation_B1,Initiation_B1:re84,EXTRACTED_EXACT_STOICHIOMETRY,DISSOCIATION,"{""RS30S_IF1_IF3_IF2_GTP_mRNA"": 1.0}","{""IF1"": 1.0, ""RS30S_IF3_IF2_GTP_mRNA"": 1.0}",re0000000536_k1,0.02,1.0,0,0.0,0.0,0.0,0.0,0.0,0.0,0.0,0.0,0.0,0.0,0.0,0.0,0.0,0.0,0.0,0.0,0.0,0.0,UNRESOLVED_FORMULAS_ABSENT,UNRESOLVED_BOUND_MOIETIES_NOT_ANNOTATED,STOICHIOMETRIC_PROXY_ONLY_NOT_VALIDATED_OSMOTIC_PRESSURE,UNAVAILABLE_CHARGE_PROTONATION_MG_BINDING_ABSENT,dc43bcec367f52105fe8d1ba328e59b064935df5faf8f880e078b212a40183df
re0000000537,translation initiation / HETERODIMER_ASSOCIATION,initiation,Initiation_B1,Initiation_B1:re85,EXTRACTED_EXACT_STOICHIOMETRY,HETERODIMER_ASSOCIATION,"{""IF1"": 1.0, ""RS30S_IF3_IF2_GTP_fMettRNAfMetCAU_mRNA"": 1.0}","{""RS30S_IF1_IF3_IF2_GTP_fMettRNAfMetCAU_mRNA"": 1.0}",re0000000537_k1,16.0,-1.0,0,0.0,0.0,0.0,0.0,0.0,0.0,0.0,0.0,0.0,0.0,0.0,0.0,0.0,0.0,0.0,0.0,0.0,0.0,UNRESOLVED_FORMULAS_ABSENT,UNRESOLVED_BOUND_MOIETIES_NOT_ANNOTATED,STOICHIOMETRIC_PROXY_ONLY_NOT_VALIDATED_OSMOTIC_PRESSURE,UNAVAILABLE_CHARGE_PROTONATION_MG_BINDING_ABSENT,dc43bcec367f52105fe8d1ba328e59b064935df5faf8f880e078b212a40183df
re0000000538,translation initiation / DISSOCIATION,initiation,Initiation_B1,Initiation_B1:re86,EXTRACTED_EXACT_STOICHIOMETRY,DISSOCIATION,"{""RS30S_IF1_IF3_IF2_GTP_fMettRNAfMetCAU_mRNA"": 1.0}","{""IF1"": 1.0, ""RS30S_IF3_IF2_GTP_fMettRNAfMetCAU_mRNA"": 1.0}",re0000000538_k1,0.0025,1.0,0,0.0,0.0,0.0,0.0,0.0,0.0,0.0,0.0,0.0,0.0,0.0,0.0,0.0,0.0,0.0,0.0,0.0,0.0,UNRESOLVED_FORMULAS_ABSENT,UNRESOLVED_BOUND_MOIETIES_NOT_ANNOTATED,STOICHIOMETRIC_PROXY_ONLY_NOT_VALIDATED_OSMOTIC_PRESSURE,UNAVAILABLE_CHARGE_PROTONATION_MG_BINDING_ABSENT,dc43bcec367f52105fe8d1ba328e59b064935df5faf8f880e078b212a40183df
re0000000539,shared chemistry / ambiguous subsystem attribution / HETERODIMER_ASSOCIATION,initiation,Initiation_B1;Initiation_C,Initiation_B1:re87;Initiation_C:re87,AMBIGUOUS_MULTIPLE_SUBSYSTEMS,HETERODIMER_ASSOCIATION,"{""IF1"": 1.0, ""RS70S_IF3_IF2_GTP_fMettRNAfMetCAU_mRNA"": 1.0}","{""RS70S_IF1_IF3_IF2_GTP_fMettRNAfMetCAU_mRNA"": 1.0}",re0000000539_k1,16.0,-1.0,0,0.0,0.0,0.0,0.0,0.0,0.0,0.0,0.0,0.0,0.0,0.0,0.0,0.0,0.0,0.0,0.0,0.0,0.0,UNRESOLVED_FORMULAS_ABSENT,UNRESOLVED_BOUND_MOIETIES_NOT_ANNOTATED,STOICHIOMETRIC_PROXY_ONLY_NOT_VALIDATED_OSMOTIC_PRESSURE,UNAVAILABLE_CHARGE_PROTONATION_MG_BINDING_ABSENT,dc43bcec367f52105fe8d1ba328e59b064935df5faf8f880e078b212a40183df
re0000000540,shared chemistry / ambiguous subsystem attribution / DISSOCIATION,initiation,Initiation_B1;Initiation_C,Initiation_B1:re88;Initiation_C:re88,AMBIGUOUS_MULTIPLE_SUBSYSTEMS,DISSOCIATION,"{""RS70S_IF1_IF3_IF2_GTP_fMettRNAfMetCAU_mRNA"": 1.0}","{""IF1"": 1.0, ""RS70S_IF3_IF2_GTP_fMettRNAfMetCAU_mRNA"": 1.0}",re0000000540_k1,0.0025,1.0,0,0.0,0.0,0.0,0.0,0.0,0.0,0.0,0.0,0.0,0.0,0.0,0.0,0.0,0.0,0.0,0.0,0.0,0.0,UNRESOLVED_FORMULAS_ABSENT,UNRESOLVED_BOUND_MOIETIES_NOT_ANNOTATED,STOICHIOMETRIC_PROXY_ONLY_NOT_VALIDATED_OSMOTIC_PRESSURE,UNAVAILABLE_CHARGE_PROTONATION_MG_BINDING_ABSENT,dc43bcec367f52105fe8d1ba328e59b064935df5faf8f880e078b212a40183df
re0000000541,shared chemistry / ambiguous subsystem attribution / STATE_TRANSITION,initiation,Initiation_B1;Initiation_B2;Initiation_C,Initiation_B1:re89;Initiation_B2:re81;Initiation_C:re89,AMBIGUOUS_MULTIPLE_SUBSYSTEMS,STATE_TRANSITION,"{""IF1"": 1.0}","{""IF1_degraded"": 1.0}",re0000000541_k1,0.0,0.0,0,0.0,0.0,0.0,0.0,0.0,0.0,0.0,0.0,0.0,0.0,0.0,0.0,0.0,0.0,0.0,0.0,0.0,0.0,UNRESOLVED_FORMULAS_ABSENT,UNRESOLVED_BOUND_MOIETIES_NOT_ANNOTATED,STOICHIOMETRIC_PROXY_ONLY_NOT_VALIDATED_OSMOTIC_PRESSURE,UNAVAILABLE_CHARGE_PROTONATION_MG_BINDING_ABSENT,dc43bcec367f52105fe8d1ba328e59b064935df5faf8f880e078b212a40183df
re0000000542,shared chemistry / ambiguous subsystem attribution / STATE_TRANSITION,initiation,Initiation_B1;Initiation_B2;Initiation_C,Initiation_B1:re90;Initiation_B2:re83;Initiation_C:re90,AMBIGUOUS_MULTIPLE_SUBSYSTEMS,STATE_TRANSITION,"{""IF3"": 1.0}","{""IF3_degraded"": 1.0}",re0000000542_k1,0.0,0.0,0,0.0,0.0,0.0,0.0,0.0,0.0,0.0,0.0,0.0,0.0,0.0,0.0,0.0,0.0,0.0,0.0,0.0,0.0,UNRESOLVED_FORMULAS_ABSENT,UNRESOLVED_BOUND_MOIETIES_NOT_ANNOTATED,STOICHIOMETRIC_PROXY_ONLY_NOT_VALIDATED_OSMOTIC_PRESSURE,UNAVAILABLE_CHARGE_PROTONATION_MG_BINDING_ABSENT,dc43bcec367f52105fe8d1ba328e59b064935df5faf8f880e078b212a40183df
re0000000543,translation initiation / STATE_TRANSITION,initiation,Initiation_B1,Initiation_B1:re93,EXTRACTED_EXACT_STOICHIOMETRY,STATE_TRANSITION,"{""RS70S"": 1.0}","{""RS30S_degraded"": 1.0, ""RS50S"": 1.0}",re0000000543_k1,0.0,1.0,0,0.0,0.0,0.0,0.0,0.0,0.0,0.0,0.0,0.0,0.0,0.0,0.0,0.0,0.0,0.0,0.0,0.0,0.0,UNRESOLVED_FORMULAS_ABSENT,UNRESOLVED_BOUND_MOIETIES_NOT_ANNOTATED,STOICHIOMETRIC_PROXY_ONLY_NOT_VALIDATED_OSMOTIC_PRESSURE,UNAVAILABLE_CHARGE_PROTONATION_MG_BINDING_ABSENT,dc43bcec367f52105fe8d1ba328e59b064935df5faf8f880e078b212a40183df
re0000000544,translation initiation / STATE_TRANSITION,initiation,Initiation_B1,Initiation_B1:re94,EXTRACTED_EXACT_STOICHIOMETRY,STATE_TRANSITION,"{""RS70S"": 1.0}","{""RS30S"": 1.0, ""RS50S_degraded"": 1.0}",re0000000544_k1,0.0,1.0,0,0.0,0.0,0.0,0.0,0.0,0.0,0.0,0.0,0.0,0.0,0.0,0.0,0.0,0.0,0.0,0.0,0.0,0.0,UNRESOLVED_FORMULAS_ABSENT,UNRESOLVED_BOUND_MOIETIES_NOT_ANNOTATED,STOICHIOMETRIC_PROXY_ONLY_NOT_VALIDATED_OSMOTIC_PRESSURE,UNAVAILABLE_CHARGE_PROTONATION_MG_BINDING_ABSENT,dc43bcec367f52105fe8d1ba328e59b064935df5faf8f880e078b212a40183df
re0000000545,translation initiation / STATE_TRANSITION,initiation,Initiation_B1,Initiation_B1:re95,EXTRACTED_EXACT_STOICHIOMETRY,STATE_TRANSITION,"{""RS30S_IF1"": 1.0}","{""IF1_degraded"": 1.0, ""RS30S"": 1.0}",re0000000545_k1,0.0,1.0,0,0.0,0.0,0.0,0.0,0.0,0.0,0.0,0.0,0.0,0.0,0.0,0.0,0.0,0.0,0.0,0.0,0.0,0.0,UNRESOLVED_FORMULAS_ABSENT,UNRESOLVED_BOUND_MOIETIES_NOT_ANNOTATED,STOICHIOMETRIC_PROXY_ONLY_NOT_VALIDATED_OSMOTIC_PRESSURE,UNAVAILABLE_CHARGE_PROTONATION_MG_BINDING_ABSENT,dc43bcec367f52105fe8d1ba328e59b064935df5faf8f880e078b212a40183df
re0000000546,translation initiation / STATE_TRANSITION,initiation,Initiation_B1,Initiation_B1:re96,EXTRACTED_EXACT_STOICHIOMETRY,STATE_TRANSITION,"{""RS30S_IF1"": 1.0}","{""IF1"": 1.0, ""RS30S_degraded"": 1.0}",re0000000546_k1,0.0,1.0,0,0.0,0.0,0.0,0.0,0.0,0.0,0.0,0.0,0.0,0.0,0.0,0.0,0.0,0.0,0.0,0.0,0.0,0.0,UNRESOLVED_FORMULAS_ABSENT,UNRESOLVED_BOUND_MOIETIES_NOT_ANNOTATED,STOICHIOMETRIC_PROXY_ONLY_NOT_VALIDATED_OSMOTIC_PRESSURE,UNAVAILABLE_CHARGE_PROTONATION_MG_BINDING_ABSENT,dc43bcec367f52105fe8d1ba328e59b064935df5faf8f880e078b212a40183df
re0000000547,translation initiation / STATE_TRANSITION,initiation,Initiation_B1,Initiation_B1:re97,EXTRACTED_EXACT_STOICHIOMETRY,STATE_TRANSITION,"{""RS30S_IF3"": 1.0}","{""IF3_degraded"": 1.0, ""RS30S"": 1.0}",re0000000547_k1,0.0,1.0,0,0.0,0.0,0.0,0.0,0.0,0.0,0.0,0.0,0.0,0.0,0.0,0.0,0.0,0.0,0.0,0.0,0.0,0.0,UNRESOLVED_FORMULAS_ABSENT,UNRESOLVED_BOUND_MOIETIES_NOT_ANNOTATED,STOICHIOMETRIC_PROXY_ONLY_NOT_VALIDATED_OSMOTIC_PRESSURE,UNAVAILABLE_CHARGE_PROTONATION_MG_BINDING_ABSENT,dc43bcec367f52105fe8d1ba328e59b064935df5faf8f880e078b212a40183df
re0000000548,translation initiation / STATE_TRANSITION,initiation,Initiation_B1,Initiation_B1:re98,EXTRACTED_EXACT_STOICHIOMETRY,STATE_TRANSITION,"{""RS30S_IF3"": 1.0}","{""IF3"": 1.0, ""RS30S_degraded"": 1.0}",re0000000548_k1,0.0,1.0,0,0.0,0.0,0.0,0.0,0.0,0.0,0.0,0.0,0.0,0.0,0.0,0.0,0.0,0.0,0.0,0.0,0.0,0.0,UNRESOLVED_FORMULAS_ABSENT,UNRESOLVED_BOUND_MOIETIES_NOT_ANNOTATED,STOICHIOMETRIC_PROXY_ONLY_NOT_VALIDATED_OSMOTIC_PRESSURE,UNAVAILABLE_CHARGE_PROTONATION_MG_BINDING_ABSENT,dc43bcec367f52105fe8d1ba328e59b064935df5faf8f880e078b212a40183df
re0000000549,translation initiation / STATE_TRANSITION,initiation,Initiation_B1,Initiation_B1:re99,EXTRACTED_EXACT_STOICHIOMETRY,STATE_TRANSITION,"{""RS30S_IF3_mRNA"": 1.0}","{""IF3_degraded"": 1.0, ""RS30S"": 1.0, ""mRNA"": 1.0}",re0000000549_k1,0.0,2.0,0,0.0,0.0,0.0,0.0,0.0,0.0,0.0,0.0,0.0,0.0,0.0,0.0,0.0,0.0,0.0,0.0,0.0,0.0,UNRESOLVED_FORMULAS_ABSENT,UNRESOLVED_BOUND_MOIETIES_NOT_ANNOTATED,STOICHIOMETRIC_PROXY_ONLY_NOT_VALIDATED_OSMOTIC_PRESSURE,UNAVAILABLE_CHARGE_PROTONATION_MG_BINDING_ABSENT,dc43bcec367f52105fe8d1ba328e59b064935df5faf8f880e078b212a40183df
re0000000550,translation initiation / STATE_TRANSITION,initiation,Initiation_B1,Initiation_B1:re100,EXTRACTED_EXACT_STOICHIOMETRY,STATE_TRANSITION,"{""RS30S_IF3_mRNA"": 1.0}","{""IF3"": 1.0, ""RS30S_degraded"": 1.0, ""mRNA"": 1.0}",re0000000550_k1,0.0,2.0,0,0.0,0.0,0.0,0.0,0.0,0.0,0.0,0.0,0.0,0.0,0.0,0.0,0.0,0.0,0.0,0.0,0.0,0.0,UNRESOLVED_FORMULAS_ABSENT,UNRESOLVED_BOUND_MOIETIES_NOT_ANNOTATED,STOICHIOMETRIC_PROXY_ONLY_NOT_VALIDATED_OSMOTIC_PRESSURE,UNAVAILABLE_CHARGE_PROTONATION_MG_BINDING_ABSENT,dc43bcec367f52105fe8d1ba328e59b064935df5faf8f880e078b212a40183df
re0000000551,translation initiation / STATE_TRANSITION,initiation,Initiation_B1,Initiation_B1:re101,EXTRACTED_EXACT_STOICHIOMETRY,STATE_TRANSITION,"{""RS30S_IF3_fMettRNAfMetCAU_mRNA"": 1.0}","{""IF3_degraded"": 1.0, ""RS30S"": 1.0, ""fMettRNAfMetCAU"": 1.0, ""mRNA"": 1.0}",re0000000551_k1,0.0,3.0,0,0.0,0.0,0.0,0.0,0.0,0.0,0.0,0.0,0.0,0.0,0.0,0.0,0.0,0.0,0.0,0.0,0.0,1.0,UNRESOLVED_FORMULAS_ABSENT,UNRESOLVED_BOUND_MOIETIES_NOT_ANNOTATED,STOICHIOMETRIC_PROXY_ONLY_NOT_VALIDATED_OSMOTIC_PRESSURE,UNAVAILABLE_CHARGE_PROTONATION_MG_BINDING_ABSENT,dc43bcec367f52105fe8d1ba328e59b064935df5faf8f880e078b212a40183df
re0000000552,translation initiation / STATE_TRANSITION,initiation,Initiation_B1,Initiation_B1:re102,EXTRACTED_EXACT_STOICHIOMETRY,STATE_TRANSITION,"{""RS30S_IF3_fMettRNAfMetCAU_mRNA"": 1.0}","{""IF3"": 1.0, ""RS30S_degraded"": 1.0, ""fMettRNAfMetCAU"": 1.0, ""mRNA"": 1.0}",re0000000552_k1,0.0,3.0,0,0.0,0.0,0.0,0.0,0.0,0.0,0.0,0.0,0.0,0.0,0.0,0.0,0.0,0.0,0.0,0.0,0.0,1.0,UNRESOLVED_FORMULAS_ABSENT,UNRESOLVED_BOUND_MOIETIES_NOT_ANNOTATED,STOICHIOMETRIC_PROXY_ONLY_NOT_VALIDATED_OSMOTIC_PRESSURE,UNAVAILABLE_CHARGE_PROTONATION_MG_BINDING_ABSENT,dc43bcec367f52105fe8d1ba328e59b064935df5faf8f880e078b212a40183df
re0000000553,translation initiation / STATE_TRANSITION,initiation,Initiation_B1,Initiation_B1:re103,EXTRACTED_EXACT_STOICHIOMETRY,STATE_TRANSITION,"{""RS70S_IF3"": 1.0}","{""IF3"": 1.0, ""RS30S_degraded"": 1.0, ""RS50S"": 1.0}",re0000000553_k1,0.0,2.0,0,0.0,0.0,0.0,0.0,0.0,0.0,0.0,0.0,0.0,0.0,0.0,0.0,0.0,0.0,0.0,0.0,0.0,0.0,UNRESOLVED_FORMULAS_ABSENT,UNRESOLVED_BOUND_MOIETIES_NOT_ANNOTATED,STOICHIOMETRIC_PROXY_ONLY_NOT_VALIDATED_OSMOTIC_PRESSURE,UNAVAILABLE_CHARGE_PROTONATION_MG_BINDING_ABSENT,dc43bcec367f52105fe8d1ba328e59b064935df5faf8f880e078b212a40183df
re0000000554,translation initiation / STATE_TRANSITION,initiation,Initiation_B1,Initiation_B1:re104,EXTRACTED_EXACT_STOICHIOMETRY,STATE_TRANSITION,"{""RS70S_IF3"": 1.0}","{""IF3"": 1.0, ""RS30S"": 1.0, ""RS50S_degraded"": 1.0}",re0000000554_k1,0.0,2.0,0,0.0,0.0,0.0,0.0,0.0,0.0,0.0,0.0,0.0,0.0,0.0,0.0,0.0,0.0,0.0,0.0,0.0,0.0,UNRESOLVED_FORMULAS_ABSENT,UNRESOLVED_BOUND_MOIETIES_NOT_ANNOTATED,STOICHIOMETRIC_PROXY_ONLY_NOT_VALIDATED_OSMOTIC_PRESSURE,UNAVAILABLE_CHARGE_PROTONATION_MG_BINDING_ABSENT,dc43bcec367f52105fe8d1ba328e59b064935df5faf8f880e078b212a40183df
re0000000555,translation initiation / STATE_TRANSITION,initiation,Initiation_B1,Initiation_B1:re105,EXTRACTED_EXACT_STOICHIOMETRY,STATE_TRANSITION,"{""RS70S_IF3"": 1.0}","{""IF3_degraded"": 1.0, ""RS30S"": 1.0, ""RS50S"": 1.0}",re0000000555_k1,0.0,2.0,0,0.0,0.0,0.0,0.0,0.0,0.0,0.0,0.0,0.0,0.0,0.0,0.0,0.0,0.0,0.0,0.0,0.0,0.0,UNRESOLVED_FORMULAS_ABSENT,UNRESOLVED_BOUND_MOIETIES_NOT_ANNOTATED,STOICHIOMETRIC_PROXY_ONLY_NOT_VALIDATED_OSMOTIC_PRESSURE,UNAVAILABLE_CHARGE_PROTONATION_MG_BINDING_ABSENT,dc43bcec367f52105fe8d1ba328e59b064935df5faf8f880e078b212a40183df
re0000000556,translation initiation / STATE_TRANSITION,initiation,Initiation_B1,Initiation_B1:re106,EXTRACTED_EXACT_STOICHIOMETRY,STATE_TRANSITION,"{""RS70S_IF1"": 1.0}","{""IF1"": 1.0, ""RS30S_degraded"": 1.0, ""RS50S"": 1.0}",re0000000556_k1,0.0,2.0,0,0.0,0.0,0.0,0.0,0.0,0.0,0.0,0.0,0.0,0.0,0.0,0.0,0.0,0.0,0.0,0.0,0.0,0.0,UNRESOLVED_FORMULAS_ABSENT,UNRESOLVED_BOUND_MOIETIES_NOT_ANNOTATED,STOICHIOMETRIC_PROXY_ONLY_NOT_VALIDATED_OSMOTIC_PRESSURE,UNAVAILABLE_CHARGE_PROTONATION_MG_BINDING_ABSENT,dc43bcec367f52105fe8d1ba328e59b064935df5faf8f880e078b212a40183df
re0000000557,translation initiation / STATE_TRANSITION,initiation,Initiation_B1,Initiation_B1:re107,EXTRACTED_EXACT_STOICHIOMETRY,STATE_TRANSITION,"{""RS70S_IF1"": 1.0}","{""IF1"": 1.0, ""RS30S"": 1.0, ""RS50S_degraded"": 1.0}",re0000000557_k1,0.0,2.0,0,0.0,0.0,0.0,0.0,0.0,0.0,0.0,0.0,0.0,0.0,0.0,0.0,0.0,0.0,0.0,0.0,0.0,0.0,UNRESOLVED_FORMULAS_ABSENT,UNRESOLVED_BOUND_MOIETIES_NOT_ANNOTATED,STOICHIOMETRIC_PROXY_ONLY_NOT_VALIDATED_OSMOTIC_PRESSURE,UNAVAILABLE_CHARGE_PROTONATION_MG_BINDING_ABSENT,dc43bcec367f52105fe8d1ba328e59b064935df5faf8f880e078b212a40183df
re0000000558,translation initiation / STATE_TRANSITION,initiation,Initiation_B1,Initiation_B1:re108,EXTRACTED_EXACT_STOICHIOMETRY,STATE_TRANSITION,"{""RS70S_IF1"": 1.0}","{""IF1_degraded"": 1.0, ""RS30S"": 1.0, ""RS50S"": 1.0}",re0000000558_k1,0.0,2.0,0,0.0,0.0,0.0,0.0,0.0,0.0,0.0,0.0,0.0,0.0,0.0,0.0,0.0,0.0,0.0,0.0,0.0,0.0,UNRESOLVED_FORMULAS_ABSENT,UNRESOLVED_BOUND_MOIETIES_NOT_ANNOTATED,STOICHIOMETRIC_PROXY_ONLY_NOT_VALIDATED_OSMOTIC_PRESSURE,UNAVAILABLE_CHARGE_PROTONATION_MG_BINDING_ABSENT,dc43bcec367f52105fe8d1ba328e59b064935df5faf8f880e078b212a40183df
re0000000559,translation initiation / STATE_TRANSITION,initiation,Initiation_B1,Initiation_B1:re109,EXTRACTED_EXACT_STOICHIOMETRY,STATE_TRANSITION,"{""RS30S_IF1_IF3"": 1.0}","{""IF1"": 1.0, ""IF3_degraded"": 1.0, ""RS30S"": 1.0}",re0000000559_k1,0.0,2.0,0,0.0,0.0,0.0,0.0,0.0,0.0,0.0,0.0,0.0,0.0,0.0,0.0,0.0,0.0,0.0,0.0,0.0,0.0,UNRESOLVED_FORMULAS_ABSENT,UNRESOLVED_BOUND_MOIETIES_NOT_ANNOTATED,STOICHIOMETRIC_PROXY_ONLY_NOT_VALIDATED_OSMOTIC_PRESSURE,UNAVAILABLE_CHARGE_PROTONATION_MG_BINDING_ABSENT,dc43bcec367f52105fe8d1ba328e59b064935df5faf8f880e078b212a40183df
re0000000560,translation initiation / STATE_TRANSITION,initiation,Initiation_B1,Initiation_B1:re110,EXTRACTED_EXACT_STOICHIOMETRY,STATE_TRANSITION,"{""RS30S_IF1_IF3"": 1.0}","{""IF1"": 1.0, ""IF3"": 1.0, ""RS30S_degraded"": 1.0}",re0000000560_k1,0.0,2.0,0,0.0,0.0,0.0,0.0,0.0,0.0,0.0,0.0,0.0,0.0,0.0,0.0,0.0,0.0,0.0,0.0,0.0,0.0,UNRESOLVED_FORMULAS_ABSENT,UNRESOLVED_BOUND_MOIETIES_NOT_ANNOTATED,STOICHIOMETRIC_PROXY_ONLY_NOT_VALIDATED_OSMOTIC_PRESSURE,UNAVAILABLE_CHARGE_PROTONATION_MG_BINDING_ABSENT,dc43bcec367f52105fe8d1ba328e59b064935df5faf8f880e078b212a40183df
re0000000561,translation initiation / STATE_TRANSITION,initiation,Initiation_B1,Initiation_B1:re111,EXTRACTED_EXACT_STOICHIOMETRY,STATE_TRANSITION,"{""RS30S_IF1_IF3"": 1.0}","{""IF1_degraded"": 1.0, ""IF3"": 1.0, ""RS30S"": 1.0}",re0000000561_k1,0.0,2.0,0,0.0,0.0,0.0,0.0,0.0,0.0,0.0,0.0,0.0,0.0,0.0,0.0,0.0,0.0,0.0,0.0,0.0,0.0,UNRESOLVED_FORMULAS_ABSENT,UNRESOLVED_BOUND_MOIETIES_NOT_ANNOTATED,STOICHIOMETRIC_PROXY_ONLY_NOT_VALIDATED_OSMOTIC_PRESSURE,UNAVAILABLE_CHARGE_PROTONATION_MG_BINDING_ABSENT,dc43bcec367f52105fe8d1ba328e59b064935df5faf8f880e078b212a40183df
re0000000562,translation initiation / STATE_TRANSITION,initiation,Initiation_B1,Initiation_B1:re112,EXTRACTED_EXACT_STOICHIOMETRY,STATE_TRANSITION,"{""RS30S_IF3_IF2_GTP"": 1.0}","{""GTP"": 1.0, ""IF2"": 1.0, ""IF3"": 1.0, ""RS30S_degraded"": 1.0}",re0000000562_k1,0.0,3.0,1.0,0.0,0.0,0.0,1.0,0.0,0.0,0.0,0.0,0.0,0.0,0.0,0.0,0.0,0.0,0.0,0.0,0.0,0.0,UNRESOLVED_FORMULAS_ABSENT,UNRESOLVED_BOUND_MOIETIES_NOT_ANNOTATED,STOICHIOMETRIC_PROXY_ONLY_NOT_VALIDATED_OSMOTIC_PRESSURE,UNAVAILABLE_CHARGE_PROTONATION_MG_BINDING_ABSENT,dc43bcec367f52105fe8d1ba328e59b064935df5faf8f880e078b212a40183df
re0000000563,translation initiation / STATE_TRANSITION,initiation,Initiation_B1,Initiation_B1:re113,EXTRACTED_EXACT_STOICHIOMETRY,STATE_TRANSITION,"{""RS30S_IF3_IF2_GTP"": 1.0}","{""GTP"": 1.0, ""IF2_degraded"": 1.0, ""IF3"": 1.0, ""RS30S"": 1.0}",re0000000563_k1,0.0,3.0,1.0,0.0,0.0,0.0,1.0,0.0,0.0,0.0,0.0,0.0,0.0,0.0,0.0,0.0,0.0,0.0,0.0,0.0,0.0,UNRESOLVED_FORMULAS_ABSENT,UNRESOLVED_BOUND_MOIETIES_NOT_ANNOTATED,STOICHIOMETRIC_PROXY_ONLY_NOT_VALIDATED_OSMOTIC_PRESSURE,UNAVAILABLE_CHARGE_PROTONATION_MG_BINDING_ABSENT,dc43bcec367f52105fe8d1ba328e59b064935df5faf8f880e078b212a40183df
re0000000564,translation initiation / STATE_TRANSITION,initiation,Initiation_B1,Initiation_B1:re114,EXTRACTED_EXACT_STOICHIOMETRY,STATE_TRANSITION,"{""RS30S_IF3_IF2_GTP"": 1.0}","{""GTP"": 1.0, ""IF2"": 1.0, ""IF3_degraded"": 1.0, ""RS30S"": 1.0}",re0000000564_k1,0.0,3.0,1.0,0.0,0.0,0.0,1.0,0.0,0.0,0.0,0.0,0.0,0.0,0.0,0.0,0.0,0.0,0.0,0.0,0.0,0.0,UNRESOLVED_FORMULAS_ABSENT,UNRESOLVED_BOUND_MOIETIES_NOT_ANNOTATED,STOICHIOMETRIC_PROXY_ONLY_NOT_VALIDATED_OSMOTIC_PRESSURE,UNAVAILABLE_CHARGE_PROTONATION_MG_BINDING_ABSENT,dc43bcec367f52105fe8d1ba328e59b064935df5faf8f880e078b212a40183df
re0000000565,translation initiation / STATE_TRANSITION,initiation,Initiation_B1,Initiation_B1:re115,EXTRACTED_EXACT_STOICHIOMETRY,STATE_TRANSITION,"{""RS30S_IF3_IF2_GTP_fMettRNAfMetCAU"": 1.0}","{""GTP"": 1.0, ""IF2"": 1.0, ""IF3"": 1.0, ""RS30S_degraded"": 1.0, ""fMettRNAfMetCAU"": 1.0}",re0000000565_k1,0.0,4.0,1.0,0.0,0.0,0.0,1.0,0.0,0.0,0.0,0.0,0.0,0.0,0.0,0.0,0.0,0.0,0.0,0.0,0.0,1.0,UNRESOLVED_FORMULAS_ABSENT,UNRESOLVED_BOUND_MOIETIES_NOT_ANNOTATED,STOICHIOMETRIC_PROXY_ONLY_NOT_VALIDATED_OSMOTIC_PRESSURE,UNAVAILABLE_CHARGE_PROTONATION_MG_BINDING_ABSENT,dc43bcec367f52105fe8d1ba328e59b064935df5faf8f880e078b212a40183df
re0000000566,translation initiation / STATE_TRANSITION,initiation,Initiation_B1,Initiation_B1:re116,EXTRACTED_EXACT_STOICHIOMETRY,STATE_TRANSITION,"{""RS30S_IF3_IF2_GTP_fMettRNAfMetCAU"": 1.0}","{""GTP"": 1.0, ""IF2_degraded"": 1.0, ""IF3"": 1.0, ""RS30S"": 1.0, ""fMettRNAfMetCAU"": 1.0}",re0000000566_k1,0.0,4.0,1.0,0.0,0.0,0.0,1.0,0.0,0.0,0.0,0.0,0.0,0.0,0.0,0.0,0.0,0.0,0.0,0.0,0.0,1.0,UNRESOLVED_FORMULAS_ABSENT,UNRESOLVED_BOUND_MOIETIES_NOT_ANNOTATED,STOICHIOMETRIC_PROXY_ONLY_NOT_VALIDATED_OSMOTIC_PRESSURE,UNAVAILABLE_CHARGE_PROTONATION_MG_BINDING_ABSENT,dc43bcec367f52105fe8d1ba328e59b064935df5faf8f880e078b212a40183df
re0000000567,translation initiation / STATE_TRANSITION,initiation,Initiation_B1,Initiation_B1:re117,EXTRACTED_EXACT_STOICHIOMETRY,STATE_TRANSITION,"{""RS30S_IF3_IF2_GTP_fMettRNAfMetCAU"": 1.0}","{""GTP"": 1.0, ""IF2"": 1.0, ""IF3_degraded"": 1.0, ""RS30S"": 1.0, ""fMettRNAfMetCAU"": 1.0}",re0000000567_k1,0.0,4.0,1.0,0.0,0.0,0.0,1.0,0.0,0.0,0.0,0.0,0.0,0.0,0.0,0.0,0.0,0.0,0.0,0.0,0.0,1.0,UNRESOLVED_FORMULAS_ABSENT,UNRESOLVED_BOUND_MOIETIES_NOT_ANNOTATED,STOICHIOMETRIC_PROXY_ONLY_NOT_VALIDATED_OSMOTIC_PRESSURE,UNAVAILABLE_CHARGE_PROTONATION_MG_BINDING_ABSENT,dc43bcec367f52105fe8d1ba328e59b064935df5faf8f880e078b212a40183df
re0000000568,translation initiation / STATE_TRANSITION,initiation,Initiation_B1,Initiation_B1:re118,EXTRACTED_EXACT_STOICHIOMETRY,STATE_TRANSITION,"{""RS30S_IF1_IF3_mRNA"": 1.0}","{""IF1"": 1.0, ""IF3_degraded"": 1.0, ""RS30S"": 1.0, ""mRNA"": 1.0}",re0000000568_k1,0.0,3.0,0,0.0,0.0,0.0,0.0,0.0,0.0,0.0,0.0,0.0,0.0,0.0,0.0,0.0,0.0,0.0,0.0,0.0,0.0,UNRESOLVED_FORMULAS_ABSENT,UNRESOLVED_BOUND_MOIETIES_NOT_ANNOTATED,STOICHIOMETRIC_PROXY_ONLY_NOT_VALIDATED_OSMOTIC_PRESSURE,UNAVAILABLE_CHARGE_PROTONATION_MG_BINDING_ABSENT,dc43bcec367f52105fe8d1ba328e59b064935df5faf8f880e078b212a40183df
re0000000569,translation initiation / STATE_TRANSITION,initiation,Initiation_B1,Initiation_B1:re119,EXTRACTED_EXACT_STOICHIOMETRY,STATE_TRANSITION,"{""RS30S_IF1_IF3_mRNA"": 1.0}","{""IF1"": 1.0, ""IF3"": 1.0, ""RS30S_degraded"": 1.0, ""mRNA"": 1.0}",re0000000569_k1,0.0,3.0,0,0.0,0.0,0.0,0.0,0.0,0.0,0.0,0.0,0.0,0.0,0.0,0.0,0.0,0.0,0.0,0.0,0.0,0.0,UNRESOLVED_FORMULAS_ABSENT,UNRESOLVED_BOUND_MOIETIES_NOT_ANNOTATED,STOICHIOMETRIC_PROXY_ONLY_NOT_VALIDATED_OSMOTIC_PRESSURE,UNAVAILABLE_CHARGE_PROTONATION_MG_BINDING_ABSENT,dc43bcec367f52105fe8d1ba328e59b064935df5faf8f880e078b212a40183df
re0000000570,translation initiation / STATE_TRANSITION,initiation,Initiation_B1,Initiation_B1:re120,EXTRACTED_EXACT_STOICHIOMETRY,STATE_TRANSITION,"{""RS30S_IF1_IF3_mRNA"": 1.0}","{""IF1_degraded"": 1.0, ""IF3"": 1.0, ""RS30S"": 1.0, ""mRNA"": 1.0}",re0000000570_k1,0.0,3.0,0,0.0,0.0,0.0,0.0,0.0,0.0,0.0,0.0,0.0,0.0,0.0,0.0,0.0,0.0,0.0,0.0,0.0,0.0,UNRESOLVED_FORMULAS_ABSENT,UNRESOLVED_BOUND_MOIETIES_NOT_ANNOTATED,STOICHIOMETRIC_PROXY_ONLY_NOT_VALIDATED_OSMOTIC_PRESSURE,UNAVAILABLE_CHARGE_PROTONATION_MG_BINDING_ABSENT,dc43bcec367f52105fe8d1ba328e59b064935df5faf8f880e078b212a40183df
re0000000571,translation initiation / STATE_TRANSITION,initiation,Initiation_B1,Initiation_B1:re121,EXTRACTED_EXACT_STOICHIOMETRY,STATE_TRANSITION,"{""RS30S_IF3_IF2_GTP_mRNA"": 1.0}","{""GTP"": 1.0, ""IF2"": 1.0, ""IF3"": 1.0, ""RS30S_degraded"": 1.0, ""mRNA"": 1.0}",re0000000571_k1,0.0,4.0,1.0,0.0,0.0,0.0,1.0,0.0,0.0,0.0,0.0,0.0,0.0,0.0,0.0,0.0,0.0,0.0,0.0,0.0,0.0,UNRESOLVED_FORMULAS_ABSENT,UNRESOLVED_BOUND_MOIETIES_NOT_ANNOTATED,STOICHIOMETRIC_PROXY_ONLY_NOT_VALIDATED_OSMOTIC_PRESSURE,UNAVAILABLE_CHARGE_PROTONATION_MG_BINDING_ABSENT,dc43bcec367f52105fe8d1ba328e59b064935df5faf8f880e078b212a40183df
re0000000572,translation initiation / STATE_TRANSITION,initiation,Initiation_B1,Initiation_B1:re122,EXTRACTED_EXACT_STOICHIOMETRY,STATE_TRANSITION,"{""RS30S_IF3_IF2_GTP_mRNA"": 1.0}","{""GTP"": 1.0, ""IF2"": 1.0, ""IF3_degraded"": 1.0, ""RS30S"": 1.0, ""mRNA"": 1.0}",re0000000572_k1,0.0,4.0,1.0,0.0,0.0,0.0,1.0,0.0,0.0,0.0,0.0,0.0,0.0,0.0,0.0,0.0,0.0,0.0,0.0,0.0,0.0,UNRESOLVED_FORMULAS_ABSENT,UNRESOLVED_BOUND_MOIETIES_NOT_ANNOTATED,STOICHIOMETRIC_PROXY_ONLY_NOT_VALIDATED_OSMOTIC_PRESSURE,UNAVAILABLE_CHARGE_PROTONATION_MG_BINDING_ABSENT,dc43bcec367f52105fe8d1ba328e59b064935df5faf8f880e078b212a40183df
re0000000573,translation initiation / STATE_TRANSITION,initiation,Initiation_B1,Initiation_B1:re123,EXTRACTED_EXACT_STOICHIOMETRY,STATE_TRANSITION,"{""RS30S_IF3_IF2_GTP_mRNA"": 1.0}","{""GTP"": 1.0, ""IF2_degraded"": 1.0, ""IF3"": 1.0, ""RS30S"": 1.0, ""mRNA"": 1.0}",re0000000573_k1,0.0,4.0,1.0,0.0,0.0,0.0,1.0,0.0,0.0,0.0,0.0,0.0,0.0,0.0,0.0,0.0,0.0,0.0,0.0,0.0,0.0,UNRESOLVED_FORMULAS_ABSENT,UNRESOLVED_BOUND_MOIETIES_NOT_ANNOTATED,STOICHIOMETRIC_PROXY_ONLY_NOT_VALIDATED_OSMOTIC_PRESSURE,UNAVAILABLE_CHARGE_PROTONATION_MG_BINDING_ABSENT,dc43bcec367f52105fe8d1ba328e59b064935df5faf8f880e078b212a40183df
re0000000574,translation initiation / STATE_TRANSITION,initiation,Initiation_B1,Initiation_B1:re124,EXTRACTED_EXACT_STOICHIOMETRY,STATE_TRANSITION,"{""RS30S_IF1_IF3_fMettRNAfMetCAU_mRNA"": 1.0}","{""IF1"": 1.0, ""IF3_degraded"": 1.0, ""RS30S"": 1.0, ""fMettRNAfMetCAU"": 1.0, ""mRNA"": 1.0}",re0000000574_k1,0.0,4.0,0,0.0,0.0,0.0,0.0,0.0,0.0,0.0,0.0,0.0,0.0,0.0,0.0,0.0,0.0,0.0,0.0,0.0,1.0,UNRESOLVED_FORMULAS_ABSENT,UNRESOLVED_BOUND_MOIETIES_NOT_ANNOTATED,STOICHIOMETRIC_PROXY_ONLY_NOT_VALIDATED_OSMOTIC_PRESSURE,UNAVAILABLE_CHARGE_PROTONATION_MG_BINDING_ABSENT,dc43bcec367f52105fe8d1ba328e59b064935df5faf8f880e078b212a40183df
re0000000575,translation initiation / STATE_TRANSITION,initiation,Initiation_B1,Initiation_B1:re125,EXTRACTED_EXACT_STOICHIOMETRY,STATE_TRANSITION,"{""RS30S_IF1_IF3_fMettRNAfMetCAU_mRNA"": 1.0}","{""IF1"": 1.0, ""IF3"": 1.0, ""RS30S_degraded"": 1.0, ""fMettRNAfMetCAU"": 1.0, ""mRNA"": 1.0}",re0000000575_k1,0.0,4.0,0,0.0,0.0,0.0,0.0,0.0,0.0,0.0,0.0,0.0,0.0,0.0,0.0,0.0,0.0,0.0,0.0,0.0,1.0,UNRESOLVED_FORMULAS_ABSENT,UNRESOLVED_BOUND_MOIETIES_NOT_ANNOTATED,STOICHIOMETRIC_PROXY_ONLY_NOT_VALIDATED_OSMOTIC_PRESSURE,UNAVAILABLE_CHARGE_PROTONATION_MG_BINDING_ABSENT,dc43bcec367f52105fe8d1ba328e59b064935df5faf8f880e078b212a40183df
re0000000576,translation initiation / STATE_TRANSITION,initiation,Initiation_B1,Initiation_B1:re126,EXTRACTED_EXACT_STOICHIOMETRY,STATE_TRANSITION,"{""RS30S_IF1_IF3_fMettRNAfMetCAU_mRNA"": 1.0}","{""IF1_degraded"": 1.0, ""IF3"": 1.0, ""RS30S"": 1.0, ""fMettRNAfMetCAU"": 1.0, ""mRNA"": 1.0}",re0000000576_k1,0.0,4.0,0,0.0,0.0,0.0,0.0,0.0,0.0,0.0,0.0,0.0,0.0,0.0,0.0,0.0,0.0,0.0,0.0,0.0,1.0,UNRESOLVED_FORMULAS_ABSENT,UNRESOLVED_BOUND_MOIETIES_NOT_ANNOTATED,STOICHIOMETRIC_PROXY_ONLY_NOT_VALIDATED_OSMOTIC_PRESSURE,UNAVAILABLE_CHARGE_PROTONATION_MG_BINDING_ABSENT,dc43bcec367f52105fe8d1ba328e59b064935df5faf8f880e078b212a40183df
re0000000577,translation initiation / STATE_TRANSITION,initiation,Initiation_B1,Initiation_B1:re127,EXTRACTED_EXACT_STOICHIOMETRY,STATE_TRANSITION,"{""RS30S_IF3_IF2_GTP_fMettRNAfMetCAU_mRNA"": 1.0}","{""GTP"": 1.0, ""IF2"": 1.0, ""IF3"": 1.0, ""RS30S_degraded"": 1.0, ""fMettRNAfMetCAU"": 1.0, ""mRNA"": 1.0}",re0000000577_k1,0.0,5.0,1.0,0.0,0.0,0.0,1.0,0.0,0.0,0.0,0.0,0.0,0.0,0.0,0.0,0.0,0.0,0.0,0.0,0.0,1.0,UNRESOLVED_FORMULAS_ABSENT,UNRESOLVED_BOUND_MOIETIES_NOT_ANNOTATED,STOICHIOMETRIC_PROXY_ONLY_NOT_VALIDATED_OSMOTIC_PRESSURE,UNAVAILABLE_CHARGE_PROTONATION_MG_BINDING_ABSENT,dc43bcec367f52105fe8d1ba328e59b064935df5faf8f880e078b212a40183df
re0000000578,translation initiation / STATE_TRANSITION,initiation,Initiation_B1,Initiation_B1:re128,EXTRACTED_EXACT_STOICHIOMETRY,STATE_TRANSITION,"{""RS30S_IF3_IF2_GTP_fMettRNAfMetCAU_mRNA"": 1.0}","{""GTP"": 1.0, ""IF2_degraded"": 1.0, ""IF3"": 1.0, ""RS30S"": 1.0, ""fMettRNAfMetCAU"": 1.0, ""mRNA"": 1.0}",re0000000578_k1,0.0,5.0,1.0,0.0,0.0,0.0,1.0,0.0,0.0,0.0,0.0,0.0,0.0,0.0,0.0,0.0,0.0,0.0,0.0,0.0,1.0,UNRESOLVED_FORMULAS_ABSENT,UNRESOLVED_BOUND_MOIETIES_NOT_ANNOTATED,STOICHIOMETRIC_PROXY_ONLY_NOT_VALIDATED_OSMOTIC_PRESSURE,UNAVAILABLE_CHARGE_PROTONATION_MG_BINDING_ABSENT,dc43bcec367f52105fe8d1ba328e59b064935df5faf8f880e078b212a40183df
re0000000579,translation initiation / STATE_TRANSITION,initiation,Initiation_B1,Initiation_B1:re129,EXTRACTED_EXACT_STOICHIOMETRY,STATE_TRANSITION,"{""RS30S_IF3_IF2_GTP_fMettRNAfMetCAU_mRNA"": 1.0}","{""GTP"": 1.0, ""IF2"": 1.0, ""IF3_degraded"": 1.0, ""RS30S"": 1.0, ""fMettRNAfMetCAU"": 1.0, ""mRNA"": 1.0}",re0000000579_k1,0.0,5.0,1.0,0.0,0.0,0.0,1.0,0.0,0.0,0.0,0.0,0.0,0.0,0.0,0.0,0.0,0.0,0.0,0.0,0.0,1.0,UNRESOLVED_FORMULAS_ABSENT,UNRESOLVED_BOUND_MOIETIES_NOT_ANNOTATED,STOICHIOMETRIC_PROXY_ONLY_NOT_VALIDATED_OSMOTIC_PRESSURE,UNAVAILABLE_CHARGE_PROTONATION_MG_BINDING_ABSENT,dc43bcec367f52105fe8d1ba328e59b064935df5faf8f880e078b212a40183df
re0000000580,translation initiation / STATE_TRANSITION,initiation,Initiation_B1,Initiation_B1:re130,EXTRACTED_EXACT_STOICHIOMETRY,STATE_TRANSITION,"{""RS70S_IF1_IF3"": 1.0}","{""IF1"": 1.0, ""IF3_degraded"": 1.0, ""RS30S"": 1.0, ""RS50S"": 1.0}",re0000000580_k1,0.0,3.0,0,0.0,0.0,0.0,0.0,0.0,0.0,0.0,0.0,0.0,0.0,0.0,0.0,0.0,0.0,0.0,0.0,0.0,0.0,UNRESOLVED_FORMULAS_ABSENT,UNRESOLVED_BOUND_MOIETIES_NOT_ANNOTATED,STOICHIOMETRIC_PROXY_ONLY_NOT_VALIDATED_OSMOTIC_PRESSURE,UNAVAILABLE_CHARGE_PROTONATION_MG_BINDING_ABSENT,dc43bcec367f52105fe8d1ba328e59b064935df5faf8f880e078b212a40183df
re0000000581,translation initiation / STATE_TRANSITION,initiation,Initiation_B1,Initiation_B1:re131,EXTRACTED_EXACT_STOICHIOMETRY,STATE_TRANSITION,"{""RS70S_IF1_IF3"": 1.0}","{""IF1"": 1.0, ""IF3"": 1.0, ""RS30S"": 1.0, ""RS50S_degraded"": 1.0}",re0000000581_k1,0.0,3.0,0,0.0,0.0,0.0,0.0,0.0,0.0,0.0,0.0,0.0,0.0,0.0,0.0,0.0,0.0,0.0,0.0,0.0,0.0,UNRESOLVED_FORMULAS_ABSENT,UNRESOLVED_BOUND_MOIETIES_NOT_ANNOTATED,STOICHIOMETRIC_PROXY_ONLY_NOT_VALIDATED_OSMOTIC_PRESSURE,UNAVAILABLE_CHARGE_PROTONATION_MG_BINDING_ABSENT,dc43bcec367f52105fe8d1ba328e59b064935df5faf8f880e078b212a40183df
re0000000582,translation initiation / STATE_TRANSITION,initiation,Initiation_B1,Initiation_B1:re132,EXTRACTED_EXACT_STOICHIOMETRY,STATE_TRANSITION,"{""RS70S_IF1_IF3"": 1.0}","{""IF1_degraded"": 1.0, ""IF3"": 1.0, ""RS30S"": 1.0, ""RS50S"": 1.0}",re0000000582_k1,0.0,3.0,0,0.0,0.0,0.0,0.0,0.0,0.0,0.0,0.0,0.0,0.0,0.0,0.0,0.0,0.0,0.0,0.0,0.0,0.0,UNRESOLVED_FORMULAS_ABSENT,UNRESOLVED_BOUND_MOIETIES_NOT_ANNOTATED,STOICHIOMETRIC_PROXY_ONLY_NOT_VALIDATED_OSMOTIC_PRESSURE,UNAVAILABLE_CHARGE_PROTONATION_MG_BINDING_ABSENT,dc43bcec367f52105fe8d1ba328e59b064935df5faf8f880e078b212a40183df
re0000000583,translation initiation / STATE_TRANSITION,initiation,Initiation_B1,Initiation_B1:re133,EXTRACTED_EXACT_STOICHIOMETRY,STATE_TRANSITION,"{""RS70S_IF1_IF3"": 1.0}","{""IF1"": 1.0, ""IF3"": 1.0, ""RS30S_degraded"": 1.0, ""RS50S"": 1.0}",re0000000583_k1,0.0,3.0,0,0.0,0.0,0.0,0.0,0.0,0.0,0.0,0.0,0.0,0.0,0.0,0.0,0.0,0.0,0.0,0.0,0.0,0.0,UNRESOLVED_FORMULAS_ABSENT,UNRESOLVED_BOUND_MOIETIES_NOT_ANNOTATED,STOICHIOMETRIC_PROXY_ONLY_NOT_VALIDATED_OSMOTIC_PRESSURE,UNAVAILABLE_CHARGE_PROTONATION_MG_BINDING_ABSENT,dc43bcec367f52105fe8d1ba328e59b064935df5faf8f880e078b212a40183df
re0000000584,translation initiation / STATE_TRANSITION,initiation,Initiation_B1,Initiation_B1:re134,EXTRACTED_EXACT_STOICHIOMETRY,STATE_TRANSITION,"{""RS30S_IF1_IF3_IF2_GTP"": 1.0}","{""GTP"": 1.0, ""IF1"": 1.0, ""IF2"": 1.0, ""IF3_degraded"": 1.0, ""RS30S"": 1.0}",re0000000584_k1,0.0,4.0,1.0,0.0,0.0,0.0,1.0,0.0,0.0,0.0,0.0,0.0,0.0,0.0,0.0,0.0,0.0,0.0,0.0,0.0,0.0,UNRESOLVED_FORMULAS_ABSENT,UNRESOLVED_BOUND_MOIETIES_NOT_ANNOTATED,STOICHIOMETRIC_PROXY_ONLY_NOT_VALIDATED_OSMOTIC_PRESSURE,UNAVAILABLE_CHARGE_PROTONATION_MG_BINDING_ABSENT,dc43bcec367f52105fe8d1ba328e59b064935df5faf8f880e078b212a40183df
re0000000585,translation initiation / STATE_TRANSITION,initiation,Initiation_B1,Initiation_B1:re135,EXTRACTED_EXACT_STOICHIOMETRY,STATE_TRANSITION,"{""RS30S_IF1_IF3_IF2_GTP"": 1.0}","{""GTP"": 1.0, ""IF1"": 1.0, ""IF2_degraded"": 1.0, ""IF3"": 1.0, ""RS30S"": 1.0}",re0000000585_k1,0.0,4.0,1.0,0.0,0.0,0.0,1.0,0.0,0.0,0.0,0.0,0.0,0.0,0.0,0.0,0.0,0.0,0.0,0.0,0.0,0.0,UNRESOLVED_FORMULAS_ABSENT,UNRESOLVED_BOUND_MOIETIES_NOT_ANNOTATED,STOICHIOMETRIC_PROXY_ONLY_NOT_VALIDATED_OSMOTIC_PRESSURE,UNAVAILABLE_CHARGE_PROTONATION_MG_BINDING_ABSENT,dc43bcec367f52105fe8d1ba328e59b064935df5faf8f880e078b212a40183df
re0000000586,translation initiation / STATE_TRANSITION,initiation,Initiation_B1,Initiation_B1:re136,EXTRACTED_EXACT_STOICHIOMETRY,STATE_TRANSITION,"{""RS30S_IF1_IF3_IF2_GTP"": 1.0}","{""GTP"": 1.0, ""IF1_degraded"": 1.0, ""IF2"": 1.0, ""IF3"": 1.0, ""RS30S"": 1.0}",re0000000586_k1,0.0,4.0,1.0,0.0,0.0,0.0,1.0,0.0,0.0,0.0,0.0,0.0,0.0,0.0,0.0,0.0,0.0,0.0,0.0,0.0,0.0,UNRESOLVED_FORMULAS_ABSENT,UNRESOLVED_BOUND_MOIETIES_NOT_ANNOTATED,STOICHIOMETRIC_PROXY_ONLY_NOT_VALIDATED_OSMOTIC_PRESSURE,UNAVAILABLE_CHARGE_PROTONATION_MG_BINDING_ABSENT,dc43bcec367f52105fe8d1ba328e59b064935df5faf8f880e078b212a40183df
re0000000587,translation initiation / STATE_TRANSITION,initiation,Initiation_B1,Initiation_B1:re137,EXTRACTED_EXACT_STOICHIOMETRY,STATE_TRANSITION,"{""RS30S_IF1_IF3_IF2_GTP"": 1.0}","{""GTP"": 1.0, ""IF1"": 1.0, ""IF2"": 1.0, ""IF3"": 1.0, ""RS30S_degraded"": 1.0}",re0000000587_k1,0.0,4.0,1.0,0.0,0.0,0.0,1.0,0.0,0.0,0.0,0.0,0.0,0.0,0.0,0.0,0.0,0.0,0.0,0.0,0.0,0.0,UNRESOLVED_FORMULAS_ABSENT,UNRESOLVED_BOUND_MOIETIES_NOT_ANNOTATED,STOICHIOMETRIC_PROXY_ONLY_NOT_VALIDATED_OSMOTIC_PRESSURE,UNAVAILABLE_CHARGE_PROTONATION_MG_BINDING_ABSENT,dc43bcec367f52105fe8d1ba328e59b064935df5faf8f880e078b212a40183df
re0000000588,translation initiation / STATE_TRANSITION,initiation,Initiation_B1,Initiation_B1:re138,EXTRACTED_EXACT_STOICHIOMETRY,STATE_TRANSITION,"{""RS30S_IF1_IF3_IF2_GTP_fMettRNAfMetCAU"": 1.0}","{""GTP"": 1.0, ""IF1"": 1.0, ""IF2"": 1.0, ""IF3_degraded"": 1.0, ""RS30S"": 1.0, ""fMettRNAfMetCAU"": 1.0}",re0000000588_k1,0.0,5.0,1.0,0.0,0.0,0.0,1.0,0.0,0.0,0.0,0.0,0.0,0.0,0.0,0.0,0.0,0.0,0.0,0.0,0.0,1.0,UNRESOLVED_FORMULAS_ABSENT,UNRESOLVED_BOUND_MOIETIES_NOT_ANNOTATED,STOICHIOMETRIC_PROXY_ONLY_NOT_VALIDATED_OSMOTIC_PRESSURE,UNAVAILABLE_CHARGE_PROTONATION_MG_BINDING_ABSENT,dc43bcec367f52105fe8d1ba328e59b064935df5faf8f880e078b212a40183df
re0000000589,translation initiation / STATE_TRANSITION,initiation,Initiation_B1,Initiation_B1:re139,EXTRACTED_EXACT_STOICHIOMETRY,STATE_TRANSITION,"{""RS30S_IF1_IF3_IF2_GTP_fMettRNAfMetCAU"": 1.0}","{""GTP"": 1.0, ""IF1"": 1.0, ""IF2_degraded"": 1.0, ""IF3"": 1.0, ""RS30S"": 1.0, ""fMettRNAfMetCAU"": 1.0}",re0000000589_k1,0.0,5.0,1.0,0.0,0.0,0.0,1.0,0.0,0.0,0.0,0.0,0.0,0.0,0.0,0.0,0.0,0.0,0.0,0.0,0.0,1.0,UNRESOLVED_FORMULAS_ABSENT,UNRESOLVED_BOUND_MOIETIES_NOT_ANNOTATED,STOICHIOMETRIC_PROXY_ONLY_NOT_VALIDATED_OSMOTIC_PRESSURE,UNAVAILABLE_CHARGE_PROTONATION_MG_BINDING_ABSENT,dc43bcec367f52105fe8d1ba328e59b064935df5faf8f880e078b212a40183df
re0000000590,translation initiation / STATE_TRANSITION,initiation,Initiation_B1,Initiation_B1:re140,EXTRACTED_EXACT_STOICHIOMETRY,STATE_TRANSITION,"{""RS30S_IF1_IF3_IF2_GTP_fMettRNAfMetCAU"": 1.0}","{""GTP"": 1.0, ""IF1_degraded"": 1.0, ""IF2"": 1.0, ""IF3"": 1.0, ""RS30S"": 1.0, ""fMettRNAfMetCAU"": 1.0}",re0000000590_k1,0.0,5.0,1.0,0.0,0.0,0.0,1.0,0.0,0.0,0.0,0.0,0.0,0.0,0.0,0.0,0.0,0.0,0.0,0.0,0.0,1.0,UNRESOLVED_FORMULAS_ABSENT,UNRESOLVED_BOUND_MOIETIES_NOT_ANNOTATED,STOICHIOMETRIC_PROXY_ONLY_NOT_VALIDATED_OSMOTIC_PRESSURE,UNAVAILABLE_CHARGE_PROTONATION_MG_BINDING_ABSENT,dc43bcec367f52105fe8d1ba328e59b064935df5faf8f880e078b212a40183df
re0000000591,translation initiation / STATE_TRANSITION,initiation,Initiation_B1,Initiation_B1:re141,EXTRACTED_EXACT_STOICHIOMETRY,STATE_TRANSITION,"{""RS30S_IF1_IF3_IF2_GTP_fMettRNAfMetCAU"": 1.0}","{""GTP"": 1.0, ""IF1"": 1.0, ""IF2"": 1.0, ""IF3"": 1.0, ""RS30S_degraded"": 1.0, ""fMettRNAfMetCAU"": 1.0}",re0000000591_k1,0.0,5.0,1.0,0.0,0.0,0.0,1.0,0.0,0.0,0.0,0.0,0.0,0.0,0.0,0.0,0.0,0.0,0.0,0.0,0.0,1.0,UNRESOLVED_FORMULAS_ABSENT,UNRESOLVED_BOUND_MOIETIES_NOT_ANNOTATED,STOICHIOMETRIC_PROXY_ONLY_NOT_VALIDATED_OSMOTIC_PRESSURE,UNAVAILABLE_CHARGE_PROTONATION_MG_BINDING_ABSENT,dc43bcec367f52105fe8d1ba328e59b064935df5faf8f880e078b212a40183df
re0000000592,translation initiation / STATE_TRANSITION,initiation,Initiation_B1,Initiation_B1:re142,EXTRACTED_EXACT_STOICHIOMETRY,STATE_TRANSITION,"{""RS30S_IF1_IF3_IF2_GTP_mRNA"": 1.0}","{""GTP"": 1.0, ""IF1"": 1.0, ""IF2"": 1.0, ""IF3_degraded"": 1.0, ""RS30S"": 1.0, ""mRNA"": 1.0}",re0000000592_k1,0.0,5.0,1.0,0.0,0.0,0.0,1.0,0.0,0.0,0.0,0.0,0.0,0.0,0.0,0.0,0.0,0.0,0.0,0.0,0.0,0.0,UNRESOLVED_FORMULAS_ABSENT,UNRESOLVED_BOUND_MOIETIES_NOT_ANNOTATED,STOICHIOMETRIC_PROXY_ONLY_NOT_VALIDATED_OSMOTIC_PRESSURE,UNAVAILABLE_CHARGE_PROTONATION_MG_BINDING_ABSENT,dc43bcec367f52105fe8d1ba328e59b064935df5faf8f880e078b212a40183df
re0000000593,translation initiation / STATE_TRANSITION,initiation,Initiation_B1,Initiation_B1:re143,EXTRACTED_EXACT_STOICHIOMETRY,STATE_TRANSITION,"{""RS30S_IF1_IF3_IF2_GTP_mRNA"": 1.0}","{""GTP"": 1.0, ""IF1"": 1.0, ""IF2"": 1.0, ""IF3"": 1.0, ""RS30S_degraded"": 1.0, ""mRNA"": 1.0}",re0000000593_k1,0.0,5.0,1.0,0.0,0.0,0.0,1.0,0.0,0.0,0.0,0.0,0.0,0.0,0.0,0.0,0.0,0.0,0.0,0.0,0.0,0.0,UNRESOLVED_FORMULAS_ABSENT,UNRESOLVED_BOUND_MOIETIES_NOT_ANNOTATED,STOICHIOMETRIC_PROXY_ONLY_NOT_VALIDATED_OSMOTIC_PRESSURE,UNAVAILABLE_CHARGE_PROTONATION_MG_BINDING_ABSENT,dc43bcec367f52105fe8d1ba328e59b064935df5faf8f880e078b212a40183df
re0000000594,translation initiation / STATE_TRANSITION,initiation,Initiation_B1,Initiation_B1:re144,EXTRACTED_EXACT_STOICHIOMETRY,STATE_TRANSITION,"{""RS30S_IF1_IF3_IF2_GTP_mRNA"": 1.0}","{""GTP"": 1.0, ""IF1"": 1.0, ""IF2_degraded"": 1.0, ""IF3"": 1.0, ""RS30S"": 1.0, ""mRNA"": 1.0}",re0000000594_k1,0.0,5.0,1.0,0.0,0.0,0.0,1.0,0.0,0.0,0.0,0.0,0.0,0.0,0.0,0.0,0.0,0.0,0.0,0.0,0.0,0.0,UNRESOLVED_FORMULAS_ABSENT,UNRESOLVED_BOUND_MOIETIES_NOT_ANNOTATED,STOICHIOMETRIC_PROXY_ONLY_NOT_VALIDATED_OSMOTIC_PRESSURE,UNAVAILABLE_CHARGE_PROTONATION_MG_BINDING_ABSENT,dc43bcec367f52105fe8d1ba328e59b064935df5faf8f880e078b212a40183df
re0000000595,translation initiation / STATE_TRANSITION,initiation,Initiation_B1,Initiation_B1:re145,EXTRACTED_EXACT_STOICHIOMETRY,STATE_TRANSITION,"{""RS30S_IF1_IF3_IF2_GTP_mRNA"": 1.0}","{""GTP"": 1.0, ""IF1_degraded"": 1.0, ""IF2"": 1.0, ""IF3"": 1.0, ""RS30S"": 1.0, ""mRNA"": 1.0}",re0000000595_k1,0.0,5.0,1.0,0.0,0.0,0.0,1.0,0.0,0.0,0.0,0.0,0.0,0.0,0.0,0.0,0.0,0.0,0.0,0.0,0.0,0.0,UNRESOLVED_FORMULAS_ABSENT,UNRESOLVED_BOUND_MOIETIES_NOT_ANNOTATED,STOICHIOMETRIC_PROXY_ONLY_NOT_VALIDATED_OSMOTIC_PRESSURE,UNAVAILABLE_CHARGE_PROTONATION_MG_BINDING_ABSENT,dc43bcec367f52105fe8d1ba328e59b064935df5faf8f880e078b212a40183df
re0000000596,translation initiation / STATE_TRANSITION,initiation,Initiation_B1,Initiation_B1:re146,EXTRACTED_EXACT_STOICHIOMETRY,STATE_TRANSITION,"{""RS30S_IF1_IF3_IF2_GTP_fMettRNAfMetCAU_mRNA"": 1.0}","{""GTP"": 1.0, ""IF1"": 1.0, ""IF2"": 1.0, ""IF3_degraded"": 1.0, ""RS30S"": 1.0, ""fMettRNAfMetCAU"": 1.0, ""mRNA"": 1.0}",re0000000596_k1,0.0,6.0,1.0,0.0,0.0,0.0,1.0,0.0,0.0,0.0,0.0,0.0,0.0,0.0,0.0,0.0,0.0,0.0,0.0,0.0,1.0,UNRESOLVED_FORMULAS_ABSENT,UNRESOLVED_BOUND_MOIETIES_NOT_ANNOTATED,STOICHIOMETRIC_PROXY_ONLY_NOT_VALIDATED_OSMOTIC_PRESSURE,UNAVAILABLE_CHARGE_PROTONATION_MG_BINDING_ABSENT,dc43bcec367f52105fe8d1ba328e59b064935df5faf8f880e078b212a40183df
re0000000597,translation initiation / STATE_TRANSITION,initiation,Initiation_B1,Initiation_B1:re147,EXTRACTED_EXACT_STOICHIOMETRY,STATE_TRANSITION,"{""RS30S_IF1_IF3_IF2_GTP_fMettRNAfMetCAU_mRNA"": 1.0}","{""GTP"": 1.0, ""IF1"": 1.0, ""IF2"": 1.0, ""IF3"": 1.0, ""RS30S_degraded"": 1.0, ""fMettRNAfMetCAU"": 1.0, ""mRNA"": 1.0}",re0000000597_k1,0.0,6.0,1.0,0.0,0.0,0.0,1.0,0.0,0.0,0.0,0.0,0.0,0.0,0.0,0.0,0.0,0.0,0.0,0.0,0.0,1.0,UNRESOLVED_FORMULAS_ABSENT,UNRESOLVED_BOUND_MOIETIES_NOT_ANNOTATED,STOICHIOMETRIC_PROXY_ONLY_NOT_VALIDATED_OSMOTIC_PRESSURE,UNAVAILABLE_CHARGE_PROTONATION_MG_BINDING_ABSENT,dc43bcec367f52105fe8d1ba328e59b064935df5faf8f880e078b212a40183df
re0000000598,translation initiation / STATE_TRANSITION,initiation,Initiation_B1,Initiation_B1:re148,EXTRACTED_EXACT_STOICHIOMETRY,STATE_TRANSITION,"{""RS30S_IF1_IF3_IF2_GTP_fMettRNAfMetCAU_mRNA"": 1.0}","{""GTP"": 1.0, ""IF1"": 1.0, ""IF2_degraded"": 1.0, ""IF3"": 1.0, ""RS30S"": 1.0, ""fMettRNAfMetCAU"": 1.0, ""mRNA"": 1.0}",re0000000598_k1,0.0,6.0,1.0,0.0,0.0,0.0,1.0,0.0,0.0,0.0,0.0,0.0,0.0,0.0,0.0,0.0,0.0,0.0,0.0,0.0,1.0,UNRESOLVED_FORMULAS_ABSENT,UNRESOLVED_BOUND_MOIETIES_NOT_ANNOTATED,STOICHIOMETRIC_PROXY_ONLY_NOT_VALIDATED_OSMOTIC_PRESSURE,UNAVAILABLE_CHARGE_PROTONATION_MG_BINDING_ABSENT,dc43bcec367f52105fe8d1ba328e59b064935df5faf8f880e078b212a40183df
re0000000599,translation initiation / STATE_TRANSITION,initiation,Initiation_B1,Initiation_B1:re149,EXTRACTED_EXACT_STOICHIOMETRY,STATE_TRANSITION,"{""RS30S_IF1_IF3_IF2_GTP_fMettRNAfMetCAU_mRNA"": 1.0}","{""GTP"": 1.0, ""IF1_degraded"": 1.0, ""IF2"": 1.0, ""IF3"": 1.0, ""RS30S"": 1.0, ""fMettRNAfMetCAU"": 1.0, ""mRNA"": 1.0}",re0000000599_k1,0.0,6.0,1.0,0.0,0.0,0.0,1.0,0.0,0.0,0.0,0.0,0.0,0.0,0.0,0.0,0.0,0.0,0.0,0.0,0.0,1.0,UNRESOLVED_FORMULAS_ABSENT,UNRESOLVED_BOUND_MOIETIES_NOT_ANNOTATED,STOICHIOMETRIC_PROXY_ONLY_NOT_VALIDATED_OSMOTIC_PRESSURE,UNAVAILABLE_CHARGE_PROTONATION_MG_BINDING_ABSENT,dc43bcec367f52105fe8d1ba328e59b064935df5faf8f880e078b212a40183df
re0000000600,translation initiation / STATE_TRANSITION,initiation,Initiation_B1,Initiation_B1:re150,EXTRACTED_EXACT_STOICHIOMETRY,STATE_TRANSITION,"{""RS70S_IF3_IF2_GTP_fMettRNAfMetCAU_mRNA"": 1.0}","{""GTP"": 1.0, ""IF2_degraded"": 1.0, ""IF3"": 1.0, ""RS30S"": 1.0, ""RS50S"": 1.0, ""fMettRNAfMetCAU"": 1.0, ""mRNA"": 1.0}",re0000000600_k1,0.0,6.0,1.0,0.0,0.0,0.0,1.0,0.0,0.0,0.0,0.0,0.0,0.0,0.0,0.0,0.0,0.0,0.0,0.0,0.0,1.0,UNRESOLVED_FORMULAS_ABSENT,UNRESOLVED_BOUND_MOIETIES_NOT_ANNOTATED,STOICHIOMETRIC_PROXY_ONLY_NOT_VALIDATED_OSMOTIC_PRESSURE,UNAVAILABLE_CHARGE_PROTONATION_MG_BINDING_ABSENT,dc43bcec367f52105fe8d1ba328e59b064935df5faf8f880e078b212a40183df
re0000000601,translation initiation / STATE_TRANSITION,initiation,Initiation_B1,Initiation_B1:re151,EXTRACTED_EXACT_STOICHIOMETRY,STATE_TRANSITION,"{""RS70S_IF3_IF2_GTP_fMettRNAfMetCAU_mRNA"": 1.0}","{""GTP"": 1.0, ""IF2"": 1.0, ""IF3"": 1.0, ""RS30S"": 1.0, ""RS50S_degraded"": 1.0, ""fMettRNAfMetCAU"": 1.0, ""mRNA"": 1.0}",re0000000601_k1,0.0,6.0,1.0,0.0,0.0,0.0,1.0,0.0,0.0,0.0,0.0,0.0,0.0,0.0,0.0,0.0,0.0,0.0,0.0,0.0,1.0,UNRESOLVED_FORMULAS_ABSENT,UNRESOLVED_BOUND_MOIETIES_NOT_ANNOTATED,STOICHIOMETRIC_PROXY_ONLY_NOT_VALIDATED_OSMOTIC_PRESSURE,UNAVAILABLE_CHARGE_PROTONATION_MG_BINDING_ABSENT,dc43bcec367f52105fe8d1ba328e59b064935df5faf8f880e078b212a40183df
re0000000602,translation initiation / STATE_TRANSITION,initiation,Initiation_B1,Initiation_B1:re152,EXTRACTED_EXACT_STOICHIOMETRY,STATE_TRANSITION,"{""RS70S_IF3_IF2_GTP_fMettRNAfMetCAU_mRNA"": 1.0}","{""GTP"": 1.0, ""IF2"": 1.0, ""IF3_degraded"": 1.0, ""RS30S"": 1.0, ""RS50S"": 1.0, ""fMettRNAfMetCAU"": 1.0, ""mRNA"": 1.0}",re0000000602_k1,0.0,6.0,1.0,0.0,0.0,0.0,1.0,0.0,0.0,0.0,0.0,0.0,0.0,0.0,0.0,0.0,0.0,0.0,0.0,0.0,1.0,UNRESOLVED_FORMULAS_ABSENT,UNRESOLVED_BOUND_MOIETIES_NOT_ANNOTATED,STOICHIOMETRIC_PROXY_ONLY_NOT_VALIDATED_OSMOTIC_PRESSURE,UNAVAILABLE_CHARGE_PROTONATION_MG_BINDING_ABSENT,dc43bcec367f52105fe8d1ba328e59b064935df5faf8f880e078b212a40183df
re0000000603,translation initiation / STATE_TRANSITION,initiation,Initiation_B1,Initiation_B1:re153,EXTRACTED_EXACT_STOICHIOMETRY,STATE_TRANSITION,"{""RS70S_IF3_IF2_GTP_fMettRNAfMetCAU_mRNA"": 1.0}","{""GTP"": 1.0, ""IF2"": 1.0, ""IF3"": 1.0, ""RS30S_degraded"": 1.0, ""RS50S"": 1.0, ""fMettRNAfMetCAU"": 1.0, ""mRNA"": 1.0}",re0000000603_k1,0.0,6.0,1.0,0.0,0.0,0.0,1.0,0.0,0.0,0.0,0.0,0.0,0.0,0.0,0.0,0.0,0.0,0.0,0.0,0.0,1.0,UNRESOLVED_FORMULAS_ABSENT,UNRESOLVED_BOUND_MOIETIES_NOT_ANNOTATED,STOICHIOMETRIC_PROXY_ONLY_NOT_VALIDATED_OSMOTIC_PRESSURE,UNAVAILABLE_CHARGE_PROTONATION_MG_BINDING_ABSENT,dc43bcec367f52105fe8d1ba328e59b064935df5faf8f880e078b212a40183df
re0000000604,translation initiation / STATE_TRANSITION,initiation,Initiation_B1,Initiation_B1:re154,EXTRACTED_EXACT_STOICHIOMETRY,STATE_TRANSITION,"{""RS70S_IF1_IF3_IF2_GTP_fMettRNAfMetCAU_mRNA"": 1.0}","{""GTP"": 1.0, ""IF1"": 1.0, ""IF2"": 1.0, ""IF3"": 1.0, ""RS30S_degraded"": 1.0, ""RS50S"": 1.0, ""fMettRNAfMetCAU"": 1.0, ""mRNA"": 1.0}",re0000000604_k1,0.0,7.0,1.0,0.0,0.0,0.0,1.0,0.0,0.0,0.0,0.0,0.0,0.0,0.0,0.0,0.0,0.0,0.0,0.0,0.0,1.0,UNRESOLVED_FORMULAS_ABSENT,UNRESOLVED_BOUND_MOIETIES_NOT_ANNOTATED,STOICHIOMETRIC_PROXY_ONLY_NOT_VALIDATED_OSMOTIC_PRESSURE,UNAVAILABLE_CHARGE_PROTONATION_MG_BINDING_ABSENT,dc43bcec367f52105fe8d1ba328e59b064935df5faf8f880e078b212a40183df
re0000000605,translation initiation / STATE_TRANSITION,initiation,Initiation_B1,Initiation_B1:re155,EXTRACTED_EXACT_STOICHIOMETRY,STATE_TRANSITION,"{""RS70S_IF1_IF3_IF2_GTP_fMettRNAfMetCAU_mRNA"": 1.0}","{""GTP"": 1.0, ""IF1"": 1.0, ""IF2_degraded"": 1.0, ""IF3"": 1.0, ""RS30S"": 1.0, ""RS50S"": 1.0, ""fMettRNAfMetCAU"": 1.0, ""mRNA"": 1.0}",re0000000605_k1,0.0,7.0,1.0,0.0,0.0,0.0,1.0,0.0,0.0,0.0,0.0,0.0,0.0,0.0,0.0,0.0,0.0,0.0,0.0,0.0,1.0,UNRESOLVED_FORMULAS_ABSENT,UNRESOLVED_BOUND_MOIETIES_NOT_ANNOTATED,STOICHIOMETRIC_PROXY_ONLY_NOT_VALIDATED_OSMOTIC_PRESSURE,UNAVAILABLE_CHARGE_PROTONATION_MG_BINDING_ABSENT,dc43bcec367f52105fe8d1ba328e59b064935df5faf8f880e078b212a40183df
re0000000606,translation initiation / STATE_TRANSITION,initiation,Initiation_B1,Initiation_B1:re156,EXTRACTED_EXACT_STOICHIOMETRY,STATE_TRANSITION,"{""RS70S_IF1_IF3_IF2_GTP_fMettRNAfMetCAU_mRNA"": 1.0}","{""GTP"": 1.0, ""IF1"": 1.0, ""IF2"": 1.0, ""IF3"": 1.0, ""RS30S"": 1.0, ""RS50S_degraded"": 1.0, ""fMettRNAfMetCAU"": 1.0, ""mRNA"": 1.0}",re0000000606_k1,0.0,7.0,1.0,0.0,0.0,0.0,1.0,0.0,0.0,0.0,0.0,0.0,0.0,0.0,0.0,0.0,0.0,0.0,0.0,0.0,1.0,UNRESOLVED_FORMULAS_ABSENT,UNRESOLVED_BOUND_MOIETIES_NOT_ANNOTATED,STOICHIOMETRIC_PROXY_ONLY_NOT_VALIDATED_OSMOTIC_PRESSURE,UNAVAILABLE_CHARGE_PROTONATION_MG_BINDING_ABSENT,dc43bcec367f52105fe8d1ba328e59b064935df5faf8f880e078b212a40183df
re0000000607,translation initiation / STATE_TRANSITION,initiation,Initiation_B1,Initiation_B1:re157,EXTRACTED_EXACT_STOICHIOMETRY,STATE_TRANSITION,"{""RS70S_IF1_IF3_IF2_GTP_fMettRNAfMetCAU_mRNA"": 1.0}","{""GTP"": 1.0, ""IF1_degraded"": 1.0, ""IF2"": 1.0, ""IF3"": 1.0, ""RS30S"": 1.0, ""RS50S"": 1.0, ""fMettRNAfMetCAU"": 1.0, ""mRNA"": 1.0}",re0000000607_k1,0.0,7.0,1.0,0.0,0.0,0.0,1.0,0.0,0.0,0.0,0.0,0.0,0.0,0.0,0.0,0.0,0.0,0.0,0.0,0.0,1.0,UNRESOLVED_FORMULAS_ABSENT,UNRESOLVED_BOUND_MOIETIES_NOT_ANNOTATED,STOICHIOMETRIC_PROXY_ONLY_NOT_VALIDATED_OSMOTIC_PRESSURE,UNAVAILABLE_CHARGE_PROTONATION_MG_BINDING_ABSENT,dc43bcec367f52105fe8d1ba328e59b064935df5faf8f880e078b212a40183df
re0000000608,translation initiation / STATE_TRANSITION,initiation,Initiation_B1,Initiation_B1:re158,EXTRACTED_EXACT_STOICHIOMETRY,STATE_TRANSITION,"{""RS70S_IF1_IF3_IF2_GTP_fMettRNAfMetCAU_mRNA"": 1.0}","{""GTP"": 1.0, ""IF1"": 1.0, ""IF2"": 1.0, ""IF3_degraded"": 1.0, ""RS30S"": 1.0, ""RS50S"": 1.0, ""fMettRNAfMetCAU"": 1.0, ""mRNA"": 1.0}",re0000000608_k1,0.0,7.0,1.0,0.0,0.0,0.0,1.0,0.0,0.0,0.0,0.0,0.0,0.0,0.0,0.0,0.0,0.0,0.0,0.0,0.0,1.0,UNRESOLVED_FORMULAS_ABSENT,UNRESOLVED_BOUND_MOIETIES_NOT_ANNOTATED,STOICHIOMETRIC_PROXY_ONLY_NOT_VALIDATED_OSMOTIC_PRESSURE,UNAVAILABLE_CHARGE_PROTONATION_MG_BINDING_ABSENT,dc43bcec367f52105fe8d1ba328e59b064935df5faf8f880e078b212a40183df
re0000000609,translation initiation / HETERODIMER_ASSOCIATION,initiation,Initiation_B2,Initiation_B2:re1,EXTRACTED_EXACT_STOICHIOMETRY,HETERODIMER_ASSOCIATION,"{""IF2_GTP"": 1.0, ""RS30S"": 1.0}","{""RS30S_IF2_GTP"": 1.0}",re0000000609_k1,280.0,-1.0,0,0.0,0.0,0.0,0.0,0.0,0.0,0.0,0.0,0.0,0.0,0.0,0.0,0.0,0.0,0.0,0.0,0.0,0.0,UNRESOLVED_FORMULAS_ABSENT,UNRESOLVED_BOUND_MOIETIES_NOT_ANNOTATED,STOICHIOMETRIC_PROXY_ONLY_NOT_VALIDATED_OSMOTIC_PRESSURE,UNAVAILABLE_CHARGE_PROTONATION_MG_BINDING_ABSENT,dc43bcec367f52105fe8d1ba328e59b064935df5faf8f880e078b212a40183df
re0000000610,translation initiation / DISSOCIATION,initiation,Initiation_B2,Initiation_B2:re2,EXTRACTED_EXACT_STOICHIOMETRY,DISSOCIATION,"{""RS30S_IF2_GTP"": 1.0}","{""IF2_GTP"": 1.0, ""RS30S"": 1.0}",re0000000610_k1,12.0,1.0,0,0.0,0.0,0.0,0.0,0.0,0.0,0.0,0.0,0.0,0.0,0.0,0.0,0.0,0.0,0.0,0.0,0.0,0.0,UNRESOLVED_FORMULAS_ABSENT,UNRESOLVED_BOUND_MOIETIES_NOT_ANNOTATED,STOICHIOMETRIC_PROXY_ONLY_NOT_VALIDATED_OSMOTIC_PRESSURE,UNAVAILABLE_CHARGE_PROTONATION_MG_BINDING_ABSENT,dc43bcec367f52105fe8d1ba328e59b064935df5faf8f880e078b212a40183df
re0000000611,translation initiation / HETERODIMER_ASSOCIATION,initiation,Initiation_B2,Initiation_B2:re3,EXTRACTED_EXACT_STOICHIOMETRY,HETERODIMER_ASSOCIATION,"{""IF2_GTP_fMettRNAfMetCAU"": 1.0, ""RS30S"": 1.0}","{""RS30S_IF2_GTP_fMettRNAfMetCAU"": 1.0}",re0000000611_k1,280.0,-1.0,0,0.0,0.0,0.0,0.0,0.0,0.0,0.0,0.0,0.0,0.0,0.0,0.0,0.0,0.0,0.0,0.0,0.0,0.0,UNRESOLVED_FORMULAS_ABSENT,UNRESOLVED_BOUND_MOIETIES_NOT_ANNOTATED,STOICHIOMETRIC_PROXY_ONLY_NOT_VALIDATED_OSMOTIC_PRESSURE,UNAVAILABLE_CHARGE_PROTONATION_MG_BINDING_ABSENT,dc43bcec367f52105fe8d1ba328e59b064935df5faf8f880e078b212a40183df
re0000000612,translation initiation / DISSOCIATION,initiation,Initiation_B2,Initiation_B2:re4,EXTRACTED_EXACT_STOICHIOMETRY,DISSOCIATION,"{""RS30S_IF2_GTP_fMettRNAfMetCAU"": 1.0}","{""IF2_GTP_fMettRNAfMetCAU"": 1.0, ""RS30S"": 1.0}",re0000000612_k1,1.5,1.0,0,0.0,0.0,0.0,0.0,0.0,0.0,0.0,0.0,0.0,0.0,0.0,0.0,0.0,0.0,0.0,0.0,0.0,0.0,UNRESOLVED_FORMULAS_ABSENT,UNRESOLVED_BOUND_MOIETIES_NOT_ANNOTATED,STOICHIOMETRIC_PROXY_ONLY_NOT_VALIDATED_OSMOTIC_PRESSURE,UNAVAILABLE_CHARGE_PROTONATION_MG_BINDING_ABSENT,dc43bcec367f52105fe8d1ba328e59b064935df5faf8f880e078b212a40183df
re0000000613,translation initiation / HETERODIMER_ASSOCIATION,initiation,Initiation_B2,Initiation_B2:re5,EXTRACTED_EXACT_STOICHIOMETRY,HETERODIMER_ASSOCIATION,"{""RS30S_IF2_GTP"": 1.0, ""fMettRNAfMetCAU"": 1.0}","{""RS30S_IF2_GTP_fMettRNAfMetCAU"": 1.0}",re0000000613_k1,5.0,-1.0,0,0.0,0.0,0.0,0.0,0.0,0.0,0.0,0.0,0.0,0.0,0.0,0.0,0.0,0.0,0.0,0.0,0.0,-1.0,UNRESOLVED_FORMULAS_ABSENT,UNRESOLVED_BOUND_MOIETIES_NOT_ANNOTATED,STOICHIOMETRIC_PROXY_ONLY_NOT_VALIDATED_OSMOTIC_PRESSURE,UNAVAILABLE_CHARGE_PROTONATION_MG_BINDING_ABSENT,dc43bcec367f52105fe8d1ba328e59b064935df5faf8f880e078b212a40183df
re0000000614,translation initiation / DISSOCIATION,initiation,Initiation_B2,Initiation_B2:re6,EXTRACTED_EXACT_STOICHIOMETRY,DISSOCIATION,"{""RS30S_IF2_GTP_fMettRNAfMetCAU"": 1.0}","{""RS30S_IF2_GTP"": 1.0, ""fMettRNAfMetCAU"": 1.0}",re0000000614_k1,1.5,1.0,0,0.0,0.0,0.0,0.0,0.0,0.0,0.0,0.0,0.0,0.0,0.0,0.0,0.0,0.0,0.0,0.0,0.0,1.0,UNRESOLVED_FORMULAS_ABSENT,UNRESOLVED_BOUND_MOIETIES_NOT_ANNOTATED,STOICHIOMETRIC_PROXY_ONLY_NOT_VALIDATED_OSMOTIC_PRESSURE,UNAVAILABLE_CHARGE_PROTONATION_MG_BINDING_ABSENT,dc43bcec367f52105fe8d1ba328e59b064935df5faf8f880e078b212a40183df
re0000000615,translation initiation / HETERODIMER_ASSOCIATION,initiation,Initiation_B2,Initiation_B2:re7,EXTRACTED_EXACT_STOICHIOMETRY,HETERODIMER_ASSOCIATION,"{""IF3"": 1.0, ""RS30S_IF2_GTP"": 1.0}","{""RS30S_IF3_IF2_GTP"": 1.0}",re0000000615_k1,1160.0,-1.0,0,0.0,0.0,0.0,0.0,0.0,0.0,0.0,0.0,0.0,0.0,0.0,0.0,0.0,0.0,0.0,0.0,0.0,0.0,UNRESOLVED_FORMULAS_ABSENT,UNRESOLVED_BOUND_MOIETIES_NOT_ANNOTATED,STOICHIOMETRIC_PROXY_ONLY_NOT_VALIDATED_OSMOTIC_PRESSURE,UNAVAILABLE_CHARGE_PROTONATION_MG_BINDING_ABSENT,dc43bcec367f52105fe8d1ba328e59b064935df5faf8f880e078b212a40183df
re0000000616,translation initiation / DISSOCIATION,initiation,Initiation_B2,Initiation_B2:re8,EXTRACTED_EXACT_STOICHIOMETRY,DISSOCIATION,"{""RS30S_IF3_IF2_GTP"": 1.0}","{""IF3"": 1.0, ""RS30S_IF2_GTP"": 1.0}",re0000000616_k1,0.8,1.0,0,0.0,0.0,0.0,0.0,0.0,0.0,0.0,0.0,0.0,0.0,0.0,0.0,0.0,0.0,0.0,0.0,0.0,0.0,UNRESOLVED_FORMULAS_ABSENT,UNRESOLVED_BOUND_MOIETIES_NOT_ANNOTATED,STOICHIOMETRIC_PROXY_ONLY_NOT_VALIDATED_OSMOTIC_PRESSURE,UNAVAILABLE_CHARGE_PROTONATION_MG_BINDING_ABSENT,dc43bcec367f52105fe8d1ba328e59b064935df5faf8f880e078b212a40183df
re0000000617,translation initiation / HETERODIMER_ASSOCIATION,initiation,Initiation_B2,Initiation_B2:re9,EXTRACTED_EXACT_STOICHIOMETRY,HETERODIMER_ASSOCIATION,"{""IF3"": 1.0, ""RS30S_IF2_GTP_fMettRNAfMetCAU"": 1.0}","{""RS30S_IF3_IF2_GTP_fMettRNAfMetCAU"": 1.0}",re0000000617_k1,1160.0,-1.0,0,0.0,0.0,0.0,0.0,0.0,0.0,0.0,0.0,0.0,0.0,0.0,0.0,0.0,0.0,0.0,0.0,0.0,0.0,UNRESOLVED_FORMULAS_ABSENT,UNRESOLVED_BOUND_MOIETIES_NOT_ANNOTATED,STOICHIOMETRIC_PROXY_ONLY_NOT_VALIDATED_OSMOTIC_PRESSURE,UNAVAILABLE_CHARGE_PROTONATION_MG_BINDING_ABSENT,dc43bcec367f52105fe8d1ba328e59b064935df5faf8f880e078b212a40183df
re0000000618,translation initiation / DISSOCIATION,initiation,Initiation_B2,Initiation_B2:re10,EXTRACTED_EXACT_STOICHIOMETRY,DISSOCIATION,"{""RS30S_IF3_IF2_GTP_fMettRNAfMetCAU"": 1.0}","{""IF3"": 1.0, ""RS30S_IF2_GTP_fMettRNAfMetCAU"": 1.0}",re0000000618_k1,0.8,1.0,0,0.0,0.0,0.0,0.0,0.0,0.0,0.0,0.0,0.0,0.0,0.0,0.0,0.0,0.0,0.0,0.0,0.0,0.0,UNRESOLVED_FORMULAS_ABSENT,UNRESOLVED_BOUND_MOIETIES_NOT_ANNOTATED,STOICHIOMETRIC_PROXY_ONLY_NOT_VALIDATED_OSMOTIC_PRESSURE,UNAVAILABLE_CHARGE_PROTONATION_MG_BINDING_ABSENT,dc43bcec367f52105fe8d1ba328e59b064935df5faf8f880e078b212a40183df
re0000000619,translation initiation / HETERODIMER_ASSOCIATION,initiation,Initiation_B2,Initiation_B2:re11,EXTRACTED_EXACT_STOICHIOMETRY,HETERODIMER_ASSOCIATION,"{""RS30S"": 1.0, ""mRNA"": 1.0}","{""RS30S_mRNA"": 1.0}",re0000000619_k1,36.0,-1.0,0,0.0,0.0,0.0,0.0,0.0,0.0,0.0,0.0,0.0,0.0,0.0,0.0,0.0,0.0,0.0,0.0,0.0,0.0,UNRESOLVED_FORMULAS_ABSENT,UNRESOLVED_BOUND_MOIETIES_NOT_ANNOTATED,STOICHIOMETRIC_PROXY_ONLY_NOT_VALIDATED_OSMOTIC_PRESSURE,UNAVAILABLE_CHARGE_PROTONATION_MG_BINDING_ABSENT,dc43bcec367f52105fe8d1ba328e59b064935df5faf8f880e078b212a40183df
re0000000620,translation initiation / DISSOCIATION,initiation,Initiation_B2,Initiation_B2:re12,EXTRACTED_EXACT_STOICHIOMETRY,DISSOCIATION,"{""RS30S_mRNA"": 1.0}","{""RS30S"": 1.0, ""mRNA"": 1.0}",re0000000620_k1,0.7,1.0,0,0.0,0.0,0.0,0.0,0.0,0.0,0.0,0.0,0.0,0.0,0.0,0.0,0.0,0.0,0.0,0.0,0.0,0.0,UNRESOLVED_FORMULAS_ABSENT,UNRESOLVED_BOUND_MOIETIES_NOT_ANNOTATED,STOICHIOMETRIC_PROXY_ONLY_NOT_VALIDATED_OSMOTIC_PRESSURE,UNAVAILABLE_CHARGE_PROTONATION_MG_BINDING_ABSENT,dc43bcec367f52105fe8d1ba328e59b064935df5faf8f880e078b212a40183df
re0000000621,translation initiation / HETERODIMER_ASSOCIATION,initiation,Initiation_B2,Initiation_B2:re13,EXTRACTED_EXACT_STOICHIOMETRY,HETERODIMER_ASSOCIATION,"{""RS30S_mRNA"": 1.0, ""fMettRNAfMetCAU"": 1.0}","{""RS30S_fMettRNAfMetCAU_mRNA"": 1.0}",re0000000621_k1,5.0,-1.0,0,0.0,0.0,0.0,0.0,0.0,0.0,0.0,0.0,0.0,0.0,0.0,0.0,0.0,0.0,0.0,0.0,0.0,-1.0,UNRESOLVED_FORMULAS_ABSENT,UNRESOLVED_BOUND_MOIETIES_NOT_ANNOTATED,STOICHIOMETRIC_PROXY_ONLY_NOT_VALIDATED_OSMOTIC_PRESSURE,UNAVAILABLE_CHARGE_PROTONATION_MG_BINDING_ABSENT,dc43bcec367f52105fe8d1ba328e59b064935df5faf8f880e078b212a40183df
re0000000622,translation initiation / DISSOCIATION,initiation,Initiation_B2,Initiation_B2:re14,EXTRACTED_EXACT_STOICHIOMETRY,DISSOCIATION,"{""RS30S_fMettRNAfMetCAU_mRNA"": 1.0}","{""RS30S_mRNA"": 1.0, ""fMettRNAfMetCAU"": 1.0}",re0000000622_k1,1.5,1.0,0,0.0,0.0,0.0,0.0,0.0,0.0,0.0,0.0,0.0,0.0,0.0,0.0,0.0,0.0,0.0,0.0,0.0,1.0,UNRESOLVED_FORMULAS_ABSENT,UNRESOLVED_BOUND_MOIETIES_NOT_ANNOTATED,STOICHIOMETRIC_PROXY_ONLY_NOT_VALIDATED_OSMOTIC_PRESSURE,UNAVAILABLE_CHARGE_PROTONATION_MG_BINDING_ABSENT,dc43bcec367f52105fe8d1ba328e59b064935df5faf8f880e078b212a40183df
re0000000623,translation initiation / HETERODIMER_ASSOCIATION,initiation,Initiation_B2,Initiation_B2:re15,EXTRACTED_EXACT_STOICHIOMETRY,HETERODIMER_ASSOCIATION,"{""IF2_GTP_fMettRNAfMetCAU"": 1.0, ""RS30S_mRNA"": 1.0}","{""RS30S_IF2_GTP_fMettRNAfMetCAU_mRNA"": 1.0}",re0000000623_k1,280.0,-1.0,0,0.0,0.0,0.0,0.0,0.0,0.0,0.0,0.0,0.0,0.0,0.0,0.0,0.0,0.0,0.0,0.0,0.0,0.0,UNRESOLVED_FORMULAS_ABSENT,UNRESOLVED_BOUND_MOIETIES_NOT_ANNOTATED,STOICHIOMETRIC_PROXY_ONLY_NOT_VALIDATED_OSMOTIC_PRESSURE,UNAVAILABLE_CHARGE_PROTONATION_MG_BINDING_ABSENT,dc43bcec367f52105fe8d1ba328e59b064935df5faf8f880e078b212a40183df
re0000000624,translation initiation / DISSOCIATION,initiation,Initiation_B2,Initiation_B2:re16,EXTRACTED_EXACT_STOICHIOMETRY,DISSOCIATION,"{""RS30S_IF2_GTP_fMettRNAfMetCAU_mRNA"": 1.0}","{""IF2_GTP_fMettRNAfMetCAU"": 1.0, ""RS30S_mRNA"": 1.0}",re0000000624_k1,1.5,1.0,0,0.0,0.0,0.0,0.0,0.0,0.0,0.0,0.0,0.0,0.0,0.0,0.0,0.0,0.0,0.0,0.0,0.0,0.0,UNRESOLVED_FORMULAS_ABSENT,UNRESOLVED_BOUND_MOIETIES_NOT_ANNOTATED,STOICHIOMETRIC_PROXY_ONLY_NOT_VALIDATED_OSMOTIC_PRESSURE,UNAVAILABLE_CHARGE_PROTONATION_MG_BINDING_ABSENT,dc43bcec367f52105fe8d1ba328e59b064935df5faf8f880e078b212a40183df
re0000000625,translation initiation / HETERODIMER_ASSOCIATION,initiation,Initiation_B2,Initiation_B2:re17,EXTRACTED_EXACT_STOICHIOMETRY,HETERODIMER_ASSOCIATION,"{""IF2_GTP"": 1.0, ""RS30S_mRNA"": 1.0}","{""RS30S_IF2_GTP_mRNA"": 1.0}",re0000000625_k1,280.0,-1.0,0,0.0,0.0,0.0,0.0,0.0,0.0,0.0,0.0,0.0,0.0,0.0,0.0,0.0,0.0,0.0,0.0,0.0,0.0,UNRESOLVED_FORMULAS_ABSENT,UNRESOLVED_BOUND_MOIETIES_NOT_ANNOTATED,STOICHIOMETRIC_PROXY_ONLY_NOT_VALIDATED_OSMOTIC_PRESSURE,UNAVAILABLE_CHARGE_PROTONATION_MG_BINDING_ABSENT,dc43bcec367f52105fe8d1ba328e59b064935df5faf8f880e078b212a40183df
re0000000626,translation initiation / DISSOCIATION,initiation,Initiation_B2,Initiation_B2:re18,EXTRACTED_EXACT_STOICHIOMETRY,DISSOCIATION,"{""RS30S_IF2_GTP_mRNA"": 1.0}","{""IF2_GTP"": 1.0, ""RS30S_mRNA"": 1.0}",re0000000626_k1,12.0,1.0,0,0.0,0.0,0.0,0.0,0.0,0.0,0.0,0.0,0.0,0.0,0.0,0.0,0.0,0.0,0.0,0.0,0.0,0.0,UNRESOLVED_FORMULAS_ABSENT,UNRESOLVED_BOUND_MOIETIES_NOT_ANNOTATED,STOICHIOMETRIC_PROXY_ONLY_NOT_VALIDATED_OSMOTIC_PRESSURE,UNAVAILABLE_CHARGE_PROTONATION_MG_BINDING_ABSENT,dc43bcec367f52105fe8d1ba328e59b064935df5faf8f880e078b212a40183df
re0000000627,translation initiation / HETERODIMER_ASSOCIATION,initiation,Initiation_B2,Initiation_B2:re19,EXTRACTED_EXACT_STOICHIOMETRY,HETERODIMER_ASSOCIATION,"{""IF2_GTP"": 1.0, ""RS30S_fMettRNAfMetCAU_mRNA"": 1.0}","{""RS30S_IF2_GTP_fMettRNAfMetCAU_mRNA"": 1.0}",re0000000627_k1,280.0,-1.0,0,0.0,0.0,0.0,0.0,0.0,0.0,0.0,0.0,0.0,0.0,0.0,0.0,0.0,0.0,0.0,0.0,0.0,0.0,UNRESOLVED_FORMULAS_ABSENT,UNRESOLVED_BOUND_MOIETIES_NOT_ANNOTATED,STOICHIOMETRIC_PROXY_ONLY_NOT_VALIDATED_OSMOTIC_PRESSURE,UNAVAILABLE_CHARGE_PROTONATION_MG_BINDING_ABSENT,dc43bcec367f52105fe8d1ba328e59b064935df5faf8f880e078b212a40183df
re0000000628,translation initiation / DISSOCIATION,initiation,Initiation_B2,Initiation_B2:re20,EXTRACTED_EXACT_STOICHIOMETRY,DISSOCIATION,"{""RS30S_IF2_GTP_fMettRNAfMetCAU_mRNA"": 1.0}","{""IF2_GTP"": 1.0, ""RS30S_fMettRNAfMetCAU_mRNA"": 1.0}",re0000000628_k1,12.0,1.0,0,0.0,0.0,0.0,0.0,0.0,0.0,0.0,0.0,0.0,0.0,0.0,0.0,0.0,0.0,0.0,0.0,0.0,0.0,UNRESOLVED_FORMULAS_ABSENT,UNRESOLVED_BOUND_MOIETIES_NOT_ANNOTATED,STOICHIOMETRIC_PROXY_ONLY_NOT_VALIDATED_OSMOTIC_PRESSURE,UNAVAILABLE_CHARGE_PROTONATION_MG_BINDING_ABSENT,dc43bcec367f52105fe8d1ba328e59b064935df5faf8f880e078b212a40183df
re0000000629,translation initiation / HETERODIMER_ASSOCIATION,initiation,Initiation_B2,Initiation_B2:re21,EXTRACTED_EXACT_STOICHIOMETRY,HETERODIMER_ASSOCIATION,"{""RS30S_IF2_GTP_mRNA"": 1.0, ""fMettRNAfMetCAU"": 1.0}","{""RS30S_IF2_GTP_fMettRNAfMetCAU_mRNA"": 1.0}",re0000000629_k1,5.0,-1.0,0,0.0,0.0,0.0,0.0,0.0,0.0,0.0,0.0,0.0,0.0,0.0,0.0,0.0,0.0,0.0,0.0,0.0,-1.0,UNRESOLVED_FORMULAS_ABSENT,UNRESOLVED_BOUND_MOIETIES_NOT_ANNOTATED,STOICHIOMETRIC_PROXY_ONLY_NOT_VALIDATED_OSMOTIC_PRESSURE,UNAVAILABLE_CHARGE_PROTONATION_MG_BINDING_ABSENT,dc43bcec367f52105fe8d1ba328e59b064935df5faf8f880e078b212a40183df
re0000000630,translation initiation / DISSOCIATION,initiation,Initiation_B2,Initiation_B2:re22,EXTRACTED_EXACT_STOICHIOMETRY,DISSOCIATION,"{""RS30S_IF2_GTP_fMettRNAfMetCAU_mRNA"": 1.0}","{""RS30S_IF2_GTP_mRNA"": 1.0, ""fMettRNAfMetCAU"": 1.0}",re0000000630_k1,1.5,1.0,0,0.0,0.0,0.0,0.0,0.0,0.0,0.0,0.0,0.0,0.0,0.0,0.0,0.0,0.0,0.0,0.0,0.0,1.0,UNRESOLVED_FORMULAS_ABSENT,UNRESOLVED_BOUND_MOIETIES_NOT_ANNOTATED,STOICHIOMETRIC_PROXY_ONLY_NOT_VALIDATED_OSMOTIC_PRESSURE,UNAVAILABLE_CHARGE_PROTONATION_MG_BINDING_ABSENT,dc43bcec367f52105fe8d1ba328e59b064935df5faf8f880e078b212a40183df
re0000000631,translation initiation / HETERODIMER_ASSOCIATION,initiation,Initiation_B2,Initiation_B2:re23,EXTRACTED_EXACT_STOICHIOMETRY,HETERODIMER_ASSOCIATION,"{""RS30S_IF2_GTP"": 1.0, ""mRNA"": 1.0}","{""RS30S_IF2_GTP_mRNA"": 1.0}",re0000000631_k1,36.0,-1.0,0,0.0,0.0,0.0,0.0,0.0,0.0,0.0,0.0,0.0,0.0,0.0,0.0,0.0,0.0,0.0,0.0,0.0,0.0,UNRESOLVED_FORMULAS_ABSENT,UNRESOLVED_BOUND_MOIETIES_NOT_ANNOTATED,STOICHIOMETRIC_PROXY_ONLY_NOT_VALIDATED_OSMOTIC_PRESSURE,UNAVAILABLE_CHARGE_PROTONATION_MG_BINDING_ABSENT,dc43bcec367f52105fe8d1ba328e59b064935df5faf8f880e078b212a40183df
re0000000632,translation initiation / DISSOCIATION,initiation,Initiation_B2,Initiation_B2:re24,EXTRACTED_EXACT_STOICHIOMETRY,DISSOCIATION,"{""RS30S_IF2_GTP_mRNA"": 1.0}","{""RS30S_IF2_GTP"": 1.0, ""mRNA"": 1.0}",re0000000632_k1,0.7,1.0,0,0.0,0.0,0.0,0.0,0.0,0.0,0.0,0.0,0.0,0.0,0.0,0.0,0.0,0.0,0.0,0.0,0.0,0.0,UNRESOLVED_FORMULAS_ABSENT,UNRESOLVED_BOUND_MOIETIES_NOT_ANNOTATED,STOICHIOMETRIC_PROXY_ONLY_NOT_VALIDATED_OSMOTIC_PRESSURE,UNAVAILABLE_CHARGE_PROTONATION_MG_BINDING_ABSENT,dc43bcec367f52105fe8d1ba328e59b064935df5faf8f880e078b212a40183df
re0000000633,translation initiation / HETERODIMER_ASSOCIATION,initiation,Initiation_B2,Initiation_B2:re25,EXTRACTED_EXACT_STOICHIOMETRY,HETERODIMER_ASSOCIATION,"{""RS30S_IF2_GTP_fMettRNAfMetCAU"": 1.0, ""mRNA"": 1.0}","{""RS30S_IF2_GTP_fMettRNAfMetCAU_mRNA"": 1.0}",re0000000633_k1,36.0,-1.0,0,0.0,0.0,0.0,0.0,0.0,0.0,0.0,0.0,0.0,0.0,0.0,0.0,0.0,0.0,0.0,0.0,0.0,0.0,UNRESOLVED_FORMULAS_ABSENT,UNRESOLVED_BOUND_MOIETIES_NOT_ANNOTATED,STOICHIOMETRIC_PROXY_ONLY_NOT_VALIDATED_OSMOTIC_PRESSURE,UNAVAILABLE_CHARGE_PROTONATION_MG_BINDING_ABSENT,dc43bcec367f52105fe8d1ba328e59b064935df5faf8f880e078b212a40183df
re0000000634,translation initiation / DISSOCIATION,initiation,Initiation_B2,Initiation_B2:re26,EXTRACTED_EXACT_STOICHIOMETRY,DISSOCIATION,"{""RS30S_IF2_GTP_fMettRNAfMetCAU_mRNA"": 1.0}","{""RS30S_IF2_GTP_fMettRNAfMetCAU"": 1.0, ""mRNA"": 1.0}",re0000000634_k1,0.7,1.0,0,0.0,0.0,0.0,0.0,0.0,0.0,0.0,0.0,0.0,0.0,0.0,0.0,0.0,0.0,0.0,0.0,0.0,0.0,UNRESOLVED_FORMULAS_ABSENT,UNRESOLVED_BOUND_MOIETIES_NOT_ANNOTATED,STOICHIOMETRIC_PROXY_ONLY_NOT_VALIDATED_OSMOTIC_PRESSURE,UNAVAILABLE_CHARGE_PROTONATION_MG_BINDING_ABSENT,dc43bcec367f52105fe8d1ba328e59b064935df5faf8f880e078b212a40183df
re0000000635,translation initiation / HETERODIMER_ASSOCIATION,initiation,Initiation_B2,Initiation_B2:re27,EXTRACTED_EXACT_STOICHIOMETRY,HETERODIMER_ASSOCIATION,"{""IF3"": 1.0, ""RS30S_mRNA"": 1.0}","{""RS30S_IF3_mRNA"": 1.0}",re0000000635_k1,1160.0,-1.0,0,0.0,0.0,0.0,0.0,0.0,0.0,0.0,0.0,0.0,0.0,0.0,0.0,0.0,0.0,0.0,0.0,0.0,0.0,UNRESOLVED_FORMULAS_ABSENT,UNRESOLVED_BOUND_MOIETIES_NOT_ANNOTATED,STOICHIOMETRIC_PROXY_ONLY_NOT_VALIDATED_OSMOTIC_PRESSURE,UNAVAILABLE_CHARGE_PROTONATION_MG_BINDING_ABSENT,dc43bcec367f52105fe8d1ba328e59b064935df5faf8f880e078b212a40183df
re0000000636,translation initiation / DISSOCIATION,initiation,Initiation_B2,Initiation_B2:re28,EXTRACTED_EXACT_STOICHIOMETRY,DISSOCIATION,"{""RS30S_IF3_mRNA"": 1.0}","{""IF3"": 1.0, ""RS30S_mRNA"": 1.0}",re0000000636_k1,0.8,1.0,0,0.0,0.0,0.0,0.0,0.0,0.0,0.0,0.0,0.0,0.0,0.0,0.0,0.0,0.0,0.0,0.0,0.0,0.0,UNRESOLVED_FORMULAS_ABSENT,UNRESOLVED_BOUND_MOIETIES_NOT_ANNOTATED,STOICHIOMETRIC_PROXY_ONLY_NOT_VALIDATED_OSMOTIC_PRESSURE,UNAVAILABLE_CHARGE_PROTONATION_MG_BINDING_ABSENT,dc43bcec367f52105fe8d1ba328e59b064935df5faf8f880e078b212a40183df
re0000000637,translation initiation / HETERODIMER_ASSOCIATION,initiation,Initiation_B2,Initiation_B2:re29,EXTRACTED_EXACT_STOICHIOMETRY,HETERODIMER_ASSOCIATION,"{""IF3"": 1.0, ""RS30S_fMettRNAfMetCAU_mRNA"": 1.0}","{""RS30S_IF3_fMettRNAfMetCAU_mRNA"": 1.0}",re0000000637_k1,1160.0,-1.0,0,0.0,0.0,0.0,0.0,0.0,0.0,0.0,0.0,0.0,0.0,0.0,0.0,0.0,0.0,0.0,0.0,0.0,0.0,UNRESOLVED_FORMULAS_ABSENT,UNRESOLVED_BOUND_MOIETIES_NOT_ANNOTATED,STOICHIOMETRIC_PROXY_ONLY_NOT_VALIDATED_OSMOTIC_PRESSURE,UNAVAILABLE_CHARGE_PROTONATION_MG_BINDING_ABSENT,dc43bcec367f52105fe8d1ba328e59b064935df5faf8f880e078b212a40183df
re0000000638,translation initiation / DISSOCIATION,initiation,Initiation_B2,Initiation_B2:re30,EXTRACTED_EXACT_STOICHIOMETRY,DISSOCIATION,"{""RS30S_IF3_fMettRNAfMetCAU_mRNA"": 1.0}","{""IF3"": 1.0, ""RS30S_fMettRNAfMetCAU_mRNA"": 1.0}",re0000000638_k1,0.8,1.0,0,0.0,0.0,0.0,0.0,0.0,0.0,0.0,0.0,0.0,0.0,0.0,0.0,0.0,0.0,0.0,0.0,0.0,0.0,UNRESOLVED_FORMULAS_ABSENT,UNRESOLVED_BOUND_MOIETIES_NOT_ANNOTATED,STOICHIOMETRIC_PROXY_ONLY_NOT_VALIDATED_OSMOTIC_PRESSURE,UNAVAILABLE_CHARGE_PROTONATION_MG_BINDING_ABSENT,dc43bcec367f52105fe8d1ba328e59b064935df5faf8f880e078b212a40183df
re0000000639,translation initiation / HETERODIMER_ASSOCIATION,initiation,Initiation_B2,Initiation_B2:re31,EXTRACTED_EXACT_STOICHIOMETRY,HETERODIMER_ASSOCIATION,"{""IF3"": 1.0, ""RS30S_IF2_GTP_mRNA"": 1.0}","{""RS30S_IF3_IF2_GTP_mRNA"": 1.0}",re0000000639_k1,1160.0,-1.0,0,0.0,0.0,0.0,0.0,0.0,0.0,0.0,0.0,0.0,0.0,0.0,0.0,0.0,0.0,0.0,0.0,0.0,0.0,UNRESOLVED_FORMULAS_ABSENT,UNRESOLVED_BOUND_MOIETIES_NOT_ANNOTATED,STOICHIOMETRIC_PROXY_ONLY_NOT_VALIDATED_OSMOTIC_PRESSURE,UNAVAILABLE_CHARGE_PROTONATION_MG_BINDING_ABSENT,dc43bcec367f52105fe8d1ba328e59b064935df5faf8f880e078b212a40183df
re0000000640,translation initiation / DISSOCIATION,initiation,Initiation_B2,Initiation_B2:re32,EXTRACTED_EXACT_STOICHIOMETRY,DISSOCIATION,"{""RS30S_IF3_IF2_GTP_mRNA"": 1.0}","{""IF3"": 1.0, ""RS30S_IF2_GTP_mRNA"": 1.0}",re0000000640_k1,0.8,1.0,0,0.0,0.0,0.0,0.0,0.0,0.0,0.0,0.0,0.0,0.0,0.0,0.0,0.0,0.0,0.0,0.0,0.0,0.0,UNRESOLVED_FORMULAS_ABSENT,UNRESOLVED_BOUND_MOIETIES_NOT_ANNOTATED,STOICHIOMETRIC_PROXY_ONLY_NOT_VALIDATED_OSMOTIC_PRESSURE,UNAVAILABLE_CHARGE_PROTONATION_MG_BINDING_ABSENT,dc43bcec367f52105fe8d1ba328e59b064935df5faf8f880e078b212a40183df
re0000000641,translation initiation / HETERODIMER_ASSOCIATION,initiation,Initiation_B2,Initiation_B2:re33,EXTRACTED_EXACT_STOICHIOMETRY,HETERODIMER_ASSOCIATION,"{""IF3"": 1.0, ""RS30S_IF2_GTP_fMettRNAfMetCAU_mRNA"": 1.0}","{""RS30S_IF3_IF2_GTP_fMettRNAfMetCAU_mRNA"": 1.0}",re0000000641_k1,1160.0,-1.0,0,0.0,0.0,0.0,0.0,0.0,0.0,0.0,0.0,0.0,0.0,0.0,0.0,0.0,0.0,0.0,0.0,0.0,0.0,UNRESOLVED_FORMULAS_ABSENT,UNRESOLVED_BOUND_MOIETIES_NOT_ANNOTATED,STOICHIOMETRIC_PROXY_ONLY_NOT_VALIDATED_OSMOTIC_PRESSURE,UNAVAILABLE_CHARGE_PROTONATION_MG_BINDING_ABSENT,dc43bcec367f52105fe8d1ba328e59b064935df5faf8f880e078b212a40183df
re0000000642,translation initiation / DISSOCIATION,initiation,Initiation_B2,Initiation_B2:re34,EXTRACTED_EXACT_STOICHIOMETRY,DISSOCIATION,"{""RS30S_IF3_IF2_GTP_fMettRNAfMetCAU_mRNA"": 1.0}","{""IF3"": 1.0, ""RS30S_IF2_GTP_fMettRNAfMetCAU_mRNA"": 1.0}",re0000000642_k1,0.8,1.0,0,0.0,0.0,0.0,0.0,0.0,0.0,0.0,0.0,0.0,0.0,0.0,0.0,0.0,0.0,0.0,0.0,0.0,0.0,UNRESOLVED_FORMULAS_ABSENT,UNRESOLVED_BOUND_MOIETIES_NOT_ANNOTATED,STOICHIOMETRIC_PROXY_ONLY_NOT_VALIDATED_OSMOTIC_PRESSURE,UNAVAILABLE_CHARGE_PROTONATION_MG_BINDING_ABSENT,dc43bcec367f52105fe8d1ba328e59b064935df5faf8f880e078b212a40183df
re0000000643,translation initiation / HETERODIMER_ASSOCIATION,initiation,Initiation_B2,Initiation_B2:re35,EXTRACTED_EXACT_STOICHIOMETRY,HETERODIMER_ASSOCIATION,"{""IF2_GTP"": 1.0, ""RS30S_IF1"": 1.0}","{""RS30S_IF1_IF2_GTP"": 1.0}",re0000000643_k1,220.0,-1.0,0,0.0,0.0,0.0,0.0,0.0,0.0,0.0,0.0,0.0,0.0,0.0,0.0,0.0,0.0,0.0,0.0,0.0,0.0,UNRESOLVED_FORMULAS_ABSENT,UNRESOLVED_BOUND_MOIETIES_NOT_ANNOTATED,STOICHIOMETRIC_PROXY_ONLY_NOT_VALIDATED_OSMOTIC_PRESSURE,UNAVAILABLE_CHARGE_PROTONATION_MG_BINDING_ABSENT,dc43bcec367f52105fe8d1ba328e59b064935df5faf8f880e078b212a40183df
re0000000644,translation initiation / DISSOCIATION,initiation,Initiation_B2,Initiation_B2:re36,EXTRACTED_EXACT_STOICHIOMETRY,DISSOCIATION,"{""RS30S_IF1_IF2_GTP"": 1.0}","{""IF2_GTP"": 1.0, ""RS30S_IF1"": 1.0}",re0000000644_k1,1.0,1.0,0,0.0,0.0,0.0,0.0,0.0,0.0,0.0,0.0,0.0,0.0,0.0,0.0,0.0,0.0,0.0,0.0,0.0,0.0,UNRESOLVED_FORMULAS_ABSENT,UNRESOLVED_BOUND_MOIETIES_NOT_ANNOTATED,STOICHIOMETRIC_PROXY_ONLY_NOT_VALIDATED_OSMOTIC_PRESSURE,UNAVAILABLE_CHARGE_PROTONATION_MG_BINDING_ABSENT,dc43bcec367f52105fe8d1ba328e59b064935df5faf8f880e078b212a40183df
re0000000645,translation initiation / HETERODIMER_ASSOCIATION,initiation,Initiation_B2,Initiation_B2:re37,EXTRACTED_EXACT_STOICHIOMETRY,HETERODIMER_ASSOCIATION,"{""IF2_GTP_fMettRNAfMetCAU"": 1.0, ""RS30S_IF1"": 1.0}","{""RS30S_IF1_IF2_GTP_fMettRNAfMetCAU"": 1.0}",re0000000645_k1,220.0,-1.0,0,0.0,0.0,0.0,0.0,0.0,0.0,0.0,0.0,0.0,0.0,0.0,0.0,0.0,0.0,0.0,0.0,0.0,0.0,UNRESOLVED_FORMULAS_ABSENT,UNRESOLVED_BOUND_MOIETIES_NOT_ANNOTATED,STOICHIOMETRIC_PROXY_ONLY_NOT_VALIDATED_OSMOTIC_PRESSURE,UNAVAILABLE_CHARGE_PROTONATION_MG_BINDING_ABSENT,dc43bcec367f52105fe8d1ba328e59b064935df5faf8f880e078b212a40183df
re0000000646,translation initiation / DISSOCIATION,initiation,Initiation_B2,Initiation_B2:re38,EXTRACTED_EXACT_STOICHIOMETRY,DISSOCIATION,"{""RS30S_IF1_IF2_GTP_fMettRNAfMetCAU"": 1.0}","{""IF2_GTP_fMettRNAfMetCAU"": 1.0, ""RS30S_IF1"": 1.0}",re0000000646_k1,1.0,1.0,0,0.0,0.0,0.0,0.0,0.0,0.0,0.0,0.0,0.0,0.0,0.0,0.0,0.0,0.0,0.0,0.0,0.0,0.0,UNRESOLVED_FORMULAS_ABSENT,UNRESOLVED_BOUND_MOIETIES_NOT_ANNOTATED,STOICHIOMETRIC_PROXY_ONLY_NOT_VALIDATED_OSMOTIC_PRESSURE,UNAVAILABLE_CHARGE_PROTONATION_MG_BINDING_ABSENT,dc43bcec367f52105fe8d1ba328e59b064935df5faf8f880e078b212a40183df
re0000000647,translation initiation / HETERODIMER_ASSOCIATION,initiation,Initiation_B2,Initiation_B2:re39,EXTRACTED_EXACT_STOICHIOMETRY,HETERODIMER_ASSOCIATION,"{""RS30S_IF1_IF2_GTP"": 1.0, ""fMettRNAfMetCAU"": 1.0}","{""RS30S_IF1_IF2_GTP_fMettRNAfMetCAU"": 1.0}",re0000000647_k1,5.0,-1.0,0,0.0,0.0,0.0,0.0,0.0,0.0,0.0,0.0,0.0,0.0,0.0,0.0,0.0,0.0,0.0,0.0,0.0,-1.0,UNRESOLVED_FORMULAS_ABSENT,UNRESOLVED_BOUND_MOIETIES_NOT_ANNOTATED,STOICHIOMETRIC_PROXY_ONLY_NOT_VALIDATED_OSMOTIC_PRESSURE,UNAVAILABLE_CHARGE_PROTONATION_MG_BINDING_ABSENT,dc43bcec367f52105fe8d1ba328e59b064935df5faf8f880e078b212a40183df
re0000000648,translation initiation / DISSOCIATION,initiation,Initiation_B2,Initiation_B2:re40,EXTRACTED_EXACT_STOICHIOMETRY,DISSOCIATION,"{""RS30S_IF1_IF2_GTP_fMettRNAfMetCAU"": 1.0}","{""RS30S_IF1_IF2_GTP"": 1.0, ""fMettRNAfMetCAU"": 1.0}",re0000000648_k1,1.5,1.0,0,0.0,0.0,0.0,0.0,0.0,0.0,0.0,0.0,0.0,0.0,0.0,0.0,0.0,0.0,0.0,0.0,0.0,1.0,UNRESOLVED_FORMULAS_ABSENT,UNRESOLVED_BOUND_MOIETIES_NOT_ANNOTATED,STOICHIOMETRIC_PROXY_ONLY_NOT_VALIDATED_OSMOTIC_PRESSURE,UNAVAILABLE_CHARGE_PROTONATION_MG_BINDING_ABSENT,dc43bcec367f52105fe8d1ba328e59b064935df5faf8f880e078b212a40183df
re0000000649,translation initiation / HETERODIMER_ASSOCIATION,initiation,Initiation_B2,Initiation_B2:re41,EXTRACTED_EXACT_STOICHIOMETRY,HETERODIMER_ASSOCIATION,"{""IF1"": 1.0, ""RS30S_IF2_GTP"": 1.0}","{""RS30S_IF1_IF2_GTP"": 1.0}",re0000000649_k1,20.0,-1.0,0,0.0,0.0,0.0,0.0,0.0,0.0,0.0,0.0,0.0,0.0,0.0,0.0,0.0,0.0,0.0,0.0,0.0,0.0,UNRESOLVED_FORMULAS_ABSENT,UNRESOLVED_BOUND_MOIETIES_NOT_ANNOTATED,STOICHIOMETRIC_PROXY_ONLY_NOT_VALIDATED_OSMOTIC_PRESSURE,UNAVAILABLE_CHARGE_PROTONATION_MG_BINDING_ABSENT,dc43bcec367f52105fe8d1ba328e59b064935df5faf8f880e078b212a40183df
re0000000650,translation initiation / DISSOCIATION,initiation,Initiation_B2,Initiation_B2:re42,EXTRACTED_EXACT_STOICHIOMETRY,DISSOCIATION,"{""RS30S_IF1_IF2_GTP"": 1.0}","{""IF1"": 1.0, ""RS30S_IF2_GTP"": 1.0}",re0000000650_k1,0.7,1.0,0,0.0,0.0,0.0,0.0,0.0,0.0,0.0,0.0,0.0,0.0,0.0,0.0,0.0,0.0,0.0,0.0,0.0,0.0,UNRESOLVED_FORMULAS_ABSENT,UNRESOLVED_BOUND_MOIETIES_NOT_ANNOTATED,STOICHIOMETRIC_PROXY_ONLY_NOT_VALIDATED_OSMOTIC_PRESSURE,UNAVAILABLE_CHARGE_PROTONATION_MG_BINDING_ABSENT,dc43bcec367f52105fe8d1ba328e59b064935df5faf8f880e078b212a40183df
re0000000651,translation initiation / HETERODIMER_ASSOCIATION,initiation,Initiation_B2,Initiation_B2:re43,EXTRACTED_EXACT_STOICHIOMETRY,HETERODIMER_ASSOCIATION,"{""IF1"": 1.0, ""RS30S_IF2_GTP_fMettRNAfMetCAU"": 1.0}","{""RS30S_IF1_IF2_GTP_fMettRNAfMetCAU"": 1.0}",re0000000651_k1,20.0,-1.0,0,0.0,0.0,0.0,0.0,0.0,0.0,0.0,0.0,0.0,0.0,0.0,0.0,0.0,0.0,0.0,0.0,0.0,0.0,UNRESOLVED_FORMULAS_ABSENT,UNRESOLVED_BOUND_MOIETIES_NOT_ANNOTATED,STOICHIOMETRIC_PROXY_ONLY_NOT_VALIDATED_OSMOTIC_PRESSURE,UNAVAILABLE_CHARGE_PROTONATION_MG_BINDING_ABSENT,dc43bcec367f52105fe8d1ba328e59b064935df5faf8f880e078b212a40183df
re0000000652,translation initiation / DISSOCIATION,initiation,Initiation_B2,Initiation_B2:re44,EXTRACTED_EXACT_STOICHIOMETRY,DISSOCIATION,"{""RS30S_IF1_IF2_GTP_fMettRNAfMetCAU"": 1.0}","{""IF1"": 1.0, ""RS30S_IF2_GTP_fMettRNAfMetCAU"": 1.0}",re0000000652_k1,0.7,1.0,0,0.0,0.0,0.0,0.0,0.0,0.0,0.0,0.0,0.0,0.0,0.0,0.0,0.0,0.0,0.0,0.0,0.0,0.0,UNRESOLVED_FORMULAS_ABSENT,UNRESOLVED_BOUND_MOIETIES_NOT_ANNOTATED,STOICHIOMETRIC_PROXY_ONLY_NOT_VALIDATED_OSMOTIC_PRESSURE,UNAVAILABLE_CHARGE_PROTONATION_MG_BINDING_ABSENT,dc43bcec367f52105fe8d1ba328e59b064935df5faf8f880e078b212a40183df
re0000000653,translation initiation / HETERODIMER_ASSOCIATION,initiation,Initiation_B2,Initiation_B2:re45,EXTRACTED_EXACT_STOICHIOMETRY,HETERODIMER_ASSOCIATION,"{""IF3"": 1.0, ""RS30S_IF1_IF2_GTP"": 1.0}","{""RS30S_IF1_IF3_IF2_GTP"": 1.0}",re0000000653_k1,1100.0,-1.0,0,0.0,0.0,0.0,0.0,0.0,0.0,0.0,0.0,0.0,0.0,0.0,0.0,0.0,0.0,0.0,0.0,0.0,0.0,UNRESOLVED_FORMULAS_ABSENT,UNRESOLVED_BOUND_MOIETIES_NOT_ANNOTATED,STOICHIOMETRIC_PROXY_ONLY_NOT_VALIDATED_OSMOTIC_PRESSURE,UNAVAILABLE_CHARGE_PROTONATION_MG_BINDING_ABSENT,dc43bcec367f52105fe8d1ba328e59b064935df5faf8f880e078b212a40183df
re0000000654,translation initiation / DISSOCIATION,initiation,Initiation_B2,Initiation_B2:re46,EXTRACTED_EXACT_STOICHIOMETRY,DISSOCIATION,"{""RS30S_IF1_IF3_IF2_GTP"": 1.0}","{""IF3"": 1.0, ""RS30S_IF1_IF2_GTP"": 1.0}",re0000000654_k1,0.08,1.0,0,0.0,0.0,0.0,0.0,0.0,0.0,0.0,0.0,0.0,0.0,0.0,0.0,0.0,0.0,0.0,0.0,0.0,0.0,UNRESOLVED_FORMULAS_ABSENT,UNRESOLVED_BOUND_MOIETIES_NOT_ANNOTATED,STOICHIOMETRIC_PROXY_ONLY_NOT_VALIDATED_OSMOTIC_PRESSURE,UNAVAILABLE_CHARGE_PROTONATION_MG_BINDING_ABSENT,dc43bcec367f52105fe8d1ba328e59b064935df5faf8f880e078b212a40183df
re0000000655,translation initiation / HETERODIMER_ASSOCIATION,initiation,Initiation_B2,Initiation_B2:re47,EXTRACTED_EXACT_STOICHIOMETRY,HETERODIMER_ASSOCIATION,"{""IF3"": 1.0, ""RS30S_IF1_IF2_GTP_fMettRNAfMetCAU"": 1.0}","{""RS30S_IF1_IF3_IF2_GTP_fMettRNAfMetCAU"": 1.0}",re0000000655_k1,1100.0,-1.0,0,0.0,0.0,0.0,0.0,0.0,0.0,0.0,0.0,0.0,0.0,0.0,0.0,0.0,0.0,0.0,0.0,0.0,0.0,UNRESOLVED_FORMULAS_ABSENT,UNRESOLVED_BOUND_MOIETIES_NOT_ANNOTATED,STOICHIOMETRIC_PROXY_ONLY_NOT_VALIDATED_OSMOTIC_PRESSURE,UNAVAILABLE_CHARGE_PROTONATION_MG_BINDING_ABSENT,dc43bcec367f52105fe8d1ba328e59b064935df5faf8f880e078b212a40183df
re0000000656,translation initiation / DISSOCIATION,initiation,Initiation_B2,Initiation_B2:re48,EXTRACTED_EXACT_STOICHIOMETRY,DISSOCIATION,"{""RS30S_IF1_IF3_IF2_GTP_fMettRNAfMetCAU"": 1.0}","{""IF3"": 1.0, ""RS30S_IF1_IF2_GTP_fMettRNAfMetCAU"": 1.0}",re0000000656_k1,0.08,1.0,0,0.0,0.0,0.0,0.0,0.0,0.0,0.0,0.0,0.0,0.0,0.0,0.0,0.0,0.0,0.0,0.0,0.0,0.0,UNRESOLVED_FORMULAS_ABSENT,UNRESOLVED_BOUND_MOIETIES_NOT_ANNOTATED,STOICHIOMETRIC_PROXY_ONLY_NOT_VALIDATED_OSMOTIC_PRESSURE,UNAVAILABLE_CHARGE_PROTONATION_MG_BINDING_ABSENT,dc43bcec367f52105fe8d1ba328e59b064935df5faf8f880e078b212a40183df
re0000000657,translation initiation / HETERODIMER_ASSOCIATION,initiation,Initiation_B2,Initiation_B2:re49,EXTRACTED_EXACT_STOICHIOMETRY,HETERODIMER_ASSOCIATION,"{""IF2_GTP"": 1.0, ""RS30S_IF1_mRNA"": 1.0}","{""RS30S_IF1_IF2_GTP_mRNA"": 1.0}",re0000000657_k1,220.0,-1.0,0,0.0,0.0,0.0,0.0,0.0,0.0,0.0,0.0,0.0,0.0,0.0,0.0,0.0,0.0,0.0,0.0,0.0,0.0,UNRESOLVED_FORMULAS_ABSENT,UNRESOLVED_BOUND_MOIETIES_NOT_ANNOTATED,STOICHIOMETRIC_PROXY_ONLY_NOT_VALIDATED_OSMOTIC_PRESSURE,UNAVAILABLE_CHARGE_PROTONATION_MG_BINDING_ABSENT,dc43bcec367f52105fe8d1ba328e59b064935df5faf8f880e078b212a40183df
re0000000658,translation initiation / DISSOCIATION,initiation,Initiation_B2,Initiation_B2:re50,EXTRACTED_EXACT_STOICHIOMETRY,DISSOCIATION,"{""RS30S_IF1_IF2_GTP_mRNA"": 1.0}","{""IF2_GTP"": 1.0, ""RS30S_IF1_mRNA"": 1.0}",re0000000658_k1,1.0,1.0,0,0.0,0.0,0.0,0.0,0.0,0.0,0.0,0.0,0.0,0.0,0.0,0.0,0.0,0.0,0.0,0.0,0.0,0.0,UNRESOLVED_FORMULAS_ABSENT,UNRESOLVED_BOUND_MOIETIES_NOT_ANNOTATED,STOICHIOMETRIC_PROXY_ONLY_NOT_VALIDATED_OSMOTIC_PRESSURE,UNAVAILABLE_CHARGE_PROTONATION_MG_BINDING_ABSENT,dc43bcec367f52105fe8d1ba328e59b064935df5faf8f880e078b212a40183df
re0000000659,translation initiation / HETERODIMER_ASSOCIATION,initiation,Initiation_B2,Initiation_B2:re51,EXTRACTED_EXACT_STOICHIOMETRY,HETERODIMER_ASSOCIATION,"{""RS30S_IF1_mRNA"": 1.0, ""fMettRNAfMetCAU"": 1.0}","{""RS30S_IF1_fMettRNAfMetCAU_mRNA"": 1.0}",re0000000659_k1,5.0,-1.0,0,0.0,0.0,0.0,0.0,0.0,0.0,0.0,0.0,0.0,0.0,0.0,0.0,0.0,0.0,0.0,0.0,0.0,-1.0,UNRESOLVED_FORMULAS_ABSENT,UNRESOLVED_BOUND_MOIETIES_NOT_ANNOTATED,STOICHIOMETRIC_PROXY_ONLY_NOT_VALIDATED_OSMOTIC_PRESSURE,UNAVAILABLE_CHARGE_PROTONATION_MG_BINDING_ABSENT,dc43bcec367f52105fe8d1ba328e59b064935df5faf8f880e078b212a40183df
re0000000660,translation initiation / DISSOCIATION,initiation,Initiation_B2,Initiation_B2:re52,EXTRACTED_EXACT_STOICHIOMETRY,DISSOCIATION,"{""RS30S_IF1_fMettRNAfMetCAU_mRNA"": 1.0}","{""RS30S_IF1_mRNA"": 1.0, ""fMettRNAfMetCAU"": 1.0}",re0000000660_k1,1.5,1.0,0,0.0,0.0,0.0,0.0,0.0,0.0,0.0,0.0,0.0,0.0,0.0,0.0,0.0,0.0,0.0,0.0,0.0,1.0,UNRESOLVED_FORMULAS_ABSENT,UNRESOLVED_BOUND_MOIETIES_NOT_ANNOTATED,STOICHIOMETRIC_PROXY_ONLY_NOT_VALIDATED_OSMOTIC_PRESSURE,UNAVAILABLE_CHARGE_PROTONATION_MG_BINDING_ABSENT,dc43bcec367f52105fe8d1ba328e59b064935df5faf8f880e078b212a40183df
re0000000661,translation initiation / HETERODIMER_ASSOCIATION,initiation,Initiation_B2,Initiation_B2:re53,EXTRACTED_EXACT_STOICHIOMETRY,HETERODIMER_ASSOCIATION,"{""RS30S_IF1_IF2_GTP_mRNA"": 1.0, ""fMettRNAfMetCAU"": 1.0}","{""RS30S_IF1_IF2_GTP_fMettRNAfMetCAU_mRNA"": 1.0}",re0000000661_k1,5.0,-1.0,0,0.0,0.0,0.0,0.0,0.0,0.0,0.0,0.0,0.0,0.0,0.0,0.0,0.0,0.0,0.0,0.0,0.0,-1.0,UNRESOLVED_FORMULAS_ABSENT,UNRESOLVED_BOUND_MOIETIES_NOT_ANNOTATED,STOICHIOMETRIC_PROXY_ONLY_NOT_VALIDATED_OSMOTIC_PRESSURE,UNAVAILABLE_CHARGE_PROTONATION_MG_BINDING_ABSENT,dc43bcec367f52105fe8d1ba328e59b064935df5faf8f880e078b212a40183df
re0000000662,translation initiation / DISSOCIATION,initiation,Initiation_B2,Initiation_B2:re54,EXTRACTED_EXACT_STOICHIOMETRY,DISSOCIATION,"{""RS30S_IF1_IF2_GTP_fMettRNAfMetCAU_mRNA"": 1.0}","{""RS30S_IF1_IF2_GTP_mRNA"": 1.0, ""fMettRNAfMetCAU"": 1.0}",re0000000662_k1,1.5,1.0,0,0.0,0.0,0.0,0.0,0.0,0.0,0.0,0.0,0.0,0.0,0.0,0.0,0.0,0.0,0.0,0.0,0.0,1.0,UNRESOLVED_FORMULAS_ABSENT,UNRESOLVED_BOUND_MOIETIES_NOT_ANNOTATED,STOICHIOMETRIC_PROXY_ONLY_NOT_VALIDATED_OSMOTIC_PRESSURE,UNAVAILABLE_CHARGE_PROTONATION_MG_BINDING_ABSENT,dc43bcec367f52105fe8d1ba328e59b064935df5faf8f880e078b212a40183df
re0000000663,translation initiation / HETERODIMER_ASSOCIATION,initiation,Initiation_B2,Initiation_B2:re55,EXTRACTED_EXACT_STOICHIOMETRY,HETERODIMER_ASSOCIATION,"{""IF2_GTP"": 1.0, ""RS30S_IF1_fMettRNAfMetCAU_mRNA"": 1.0}","{""RS30S_IF1_IF2_GTP_fMettRNAfMetCAU_mRNA"": 1.0}",re0000000663_k1,220.0,-1.0,0,0.0,0.0,0.0,0.0,0.0,0.0,0.0,0.0,0.0,0.0,0.0,0.0,0.0,0.0,0.0,0.0,0.0,0.0,UNRESOLVED_FORMULAS_ABSENT,UNRESOLVED_BOUND_MOIETIES_NOT_ANNOTATED,STOICHIOMETRIC_PROXY_ONLY_NOT_VALIDATED_OSMOTIC_PRESSURE,UNAVAILABLE_CHARGE_PROTONATION_MG_BINDING_ABSENT,dc43bcec367f52105fe8d1ba328e59b064935df5faf8f880e078b212a40183df
re0000000664,translation initiation / DISSOCIATION,initiation,Initiation_B2,Initiation_B2:re56,EXTRACTED_EXACT_STOICHIOMETRY,DISSOCIATION,"{""RS30S_IF1_IF2_GTP_fMettRNAfMetCAU_mRNA"": 1.0}","{""IF2_GTP"": 1.0, ""RS30S_IF1_fMettRNAfMetCAU_mRNA"": 1.0}",re0000000664_k1,1.0,1.0,0,0.0,0.0,0.0,0.0,0.0,0.0,0.0,0.0,0.0,0.0,0.0,0.0,0.0,0.0,0.0,0.0,0.0,0.0,UNRESOLVED_FORMULAS_ABSENT,UNRESOLVED_BOUND_MOIETIES_NOT_ANNOTATED,STOICHIOMETRIC_PROXY_ONLY_NOT_VALIDATED_OSMOTIC_PRESSURE,UNAVAILABLE_CHARGE_PROTONATION_MG_BINDING_ABSENT,dc43bcec367f52105fe8d1ba328e59b064935df5faf8f880e078b212a40183df
re0000000665,translation initiation / HETERODIMER_ASSOCIATION,initiation,Initiation_B2,Initiation_B2:re57,EXTRACTED_EXACT_STOICHIOMETRY,HETERODIMER_ASSOCIATION,"{""IF2_GTP_fMettRNAfMetCAU"": 1.0, ""RS30S_IF1_mRNA"": 1.0}","{""RS30S_IF1_IF2_GTP_fMettRNAfMetCAU_mRNA"": 1.0}",re0000000665_k1,220.0,-1.0,0,0.0,0.0,0.0,0.0,0.0,0.0,0.0,0.0,0.0,0.0,0.0,0.0,0.0,0.0,0.0,0.0,0.0,0.0,UNRESOLVED_FORMULAS_ABSENT,UNRESOLVED_BOUND_MOIETIES_NOT_ANNOTATED,STOICHIOMETRIC_PROXY_ONLY_NOT_VALIDATED_OSMOTIC_PRESSURE,UNAVAILABLE_CHARGE_PROTONATION_MG_BINDING_ABSENT,dc43bcec367f52105fe8d1ba328e59b064935df5faf8f880e078b212a40183df
re0000000666,translation initiation / DISSOCIATION,initiation,Initiation_B2,Initiation_B2:re58,EXTRACTED_EXACT_STOICHIOMETRY,DISSOCIATION,"{""RS30S_IF1_IF2_GTP_fMettRNAfMetCAU_mRNA"": 1.0}","{""IF2_GTP_fMettRNAfMetCAU"": 1.0, ""RS30S_IF1_mRNA"": 1.0}",re0000000666_k1,1.0,1.0,0,0.0,0.0,0.0,0.0,0.0,0.0,0.0,0.0,0.0,0.0,0.0,0.0,0.0,0.0,0.0,0.0,0.0,0.0,UNRESOLVED_FORMULAS_ABSENT,UNRESOLVED_BOUND_MOIETIES_NOT_ANNOTATED,STOICHIOMETRIC_PROXY_ONLY_NOT_VALIDATED_OSMOTIC_PRESSURE,UNAVAILABLE_CHARGE_PROTONATION_MG_BINDING_ABSENT,dc43bcec367f52105fe8d1ba328e59b064935df5faf8f880e078b212a40183df
re0000000667,translation initiation / HETERODIMER_ASSOCIATION,initiation,Initiation_B2,Initiation_B2:re59,EXTRACTED_EXACT_STOICHIOMETRY,HETERODIMER_ASSOCIATION,"{""IF3"": 1.0, ""RS30S_IF1_mRNA"": 1.0}","{""RS30S_IF1_IF3_mRNA"": 1.0}",re0000000667_k1,1100.0,-1.0,0,0.0,0.0,0.0,0.0,0.0,0.0,0.0,0.0,0.0,0.0,0.0,0.0,0.0,0.0,0.0,0.0,0.0,0.0,UNRESOLVED_FORMULAS_ABSENT,UNRESOLVED_BOUND_MOIETIES_NOT_ANNOTATED,STOICHIOMETRIC_PROXY_ONLY_NOT_VALIDATED_OSMOTIC_PRESSURE,UNAVAILABLE_CHARGE_PROTONATION_MG_BINDING_ABSENT,dc43bcec367f52105fe8d1ba328e59b064935df5faf8f880e078b212a40183df
re0000000668,translation initiation / DISSOCIATION,initiation,Initiation_B2,Initiation_B2:re60,EXTRACTED_EXACT_STOICHIOMETRY,DISSOCIATION,"{""RS30S_IF1_IF3_mRNA"": 1.0}","{""IF3"": 1.0, ""RS30S_IF1_mRNA"": 1.0}",re0000000668_k1,0.08,1.0,0,0.0,0.0,0.0,0.0,0.0,0.0,0.0,0.0,0.0,0.0,0.0,0.0,0.0,0.0,0.0,0.0,0.0,0.0,UNRESOLVED_FORMULAS_ABSENT,UNRESOLVED_BOUND_MOIETIES_NOT_ANNOTATED,STOICHIOMETRIC_PROXY_ONLY_NOT_VALIDATED_OSMOTIC_PRESSURE,UNAVAILABLE_CHARGE_PROTONATION_MG_BINDING_ABSENT,dc43bcec367f52105fe8d1ba328e59b064935df5faf8f880e078b212a40183df
re0000000669,translation initiation / HETERODIMER_ASSOCIATION,initiation,Initiation_B2,Initiation_B2:re61,EXTRACTED_EXACT_STOICHIOMETRY,HETERODIMER_ASSOCIATION,"{""IF3"": 1.0, ""RS30S_IF1_fMettRNAfMetCAU_mRNA"": 1.0}","{""RS30S_IF1_IF3_fMettRNAfMetCAU_mRNA"": 1.0}",re0000000669_k1,1100.0,-1.0,0,0.0,0.0,0.0,0.0,0.0,0.0,0.0,0.0,0.0,0.0,0.0,0.0,0.0,0.0,0.0,0.0,0.0,0.0,UNRESOLVED_FORMULAS_ABSENT,UNRESOLVED_BOUND_MOIETIES_NOT_ANNOTATED,STOICHIOMETRIC_PROXY_ONLY_NOT_VALIDATED_OSMOTIC_PRESSURE,UNAVAILABLE_CHARGE_PROTONATION_MG_BINDING_ABSENT,dc43bcec367f52105fe8d1ba328e59b064935df5faf8f880e078b212a40183df
re0000000670,translation initiation / DISSOCIATION,initiation,Initiation_B2,Initiation_B2:re62,EXTRACTED_EXACT_STOICHIOMETRY,DISSOCIATION,"{""RS30S_IF1_IF3_fMettRNAfMetCAU_mRNA"": 1.0}","{""IF3"": 1.0, ""RS30S_IF1_fMettRNAfMetCAU_mRNA"": 1.0}",re0000000670_k1,0.08,1.0,0,0.0,0.0,0.0,0.0,0.0,0.0,0.0,0.0,0.0,0.0,0.0,0.0,0.0,0.0,0.0,0.0,0.0,0.0,UNRESOLVED_FORMULAS_ABSENT,UNRESOLVED_BOUND_MOIETIES_NOT_ANNOTATED,STOICHIOMETRIC_PROXY_ONLY_NOT_VALIDATED_OSMOTIC_PRESSURE,UNAVAILABLE_CHARGE_PROTONATION_MG_BINDING_ABSENT,dc43bcec367f52105fe8d1ba328e59b064935df5faf8f880e078b212a40183df
re0000000671,translation initiation / HETERODIMER_ASSOCIATION,initiation,Initiation_B2,Initiation_B2:re63,EXTRACTED_EXACT_STOICHIOMETRY,HETERODIMER_ASSOCIATION,"{""IF3"": 1.0, ""RS30S_IF1_IF2_GTP_mRNA"": 1.0}","{""RS30S_IF1_IF3_IF2_GTP_mRNA"": 1.0}",re0000000671_k1,1100.0,-1.0,0,0.0,0.0,0.0,0.0,0.0,0.0,0.0,0.0,0.0,0.0,0.0,0.0,0.0,0.0,0.0,0.0,0.0,0.0,UNRESOLVED_FORMULAS_ABSENT,UNRESOLVED_BOUND_MOIETIES_NOT_ANNOTATED,STOICHIOMETRIC_PROXY_ONLY_NOT_VALIDATED_OSMOTIC_PRESSURE,UNAVAILABLE_CHARGE_PROTONATION_MG_BINDING_ABSENT,dc43bcec367f52105fe8d1ba328e59b064935df5faf8f880e078b212a40183df
re0000000672,translation initiation / DISSOCIATION,initiation,Initiation_B2,Initiation_B2:re64,EXTRACTED_EXACT_STOICHIOMETRY,DISSOCIATION,"{""RS30S_IF1_IF3_IF2_GTP_mRNA"": 1.0}","{""IF3"": 1.0, ""RS30S_IF1_IF2_GTP_mRNA"": 1.0}",re0000000672_k1,0.08,1.0,0,0.0,0.0,0.0,0.0,0.0,0.0,0.0,0.0,0.0,0.0,0.0,0.0,0.0,0.0,0.0,0.0,0.0,0.0,UNRESOLVED_FORMULAS_ABSENT,UNRESOLVED_BOUND_MOIETIES_NOT_ANNOTATED,STOICHIOMETRIC_PROXY_ONLY_NOT_VALIDATED_OSMOTIC_PRESSURE,UNAVAILABLE_CHARGE_PROTONATION_MG_BINDING_ABSENT,dc43bcec367f52105fe8d1ba328e59b064935df5faf8f880e078b212a40183df
re0000000673,translation initiation / HETERODIMER_ASSOCIATION,initiation,Initiation_B2,Initiation_B2:re65,EXTRACTED_EXACT_STOICHIOMETRY,HETERODIMER_ASSOCIATION,"{""IF3"": 1.0, ""RS30S_IF1_IF2_GTP_fMettRNAfMetCAU_mRNA"": 1.0}","{""RS30S_IF1_IF3_IF2_GTP_fMettRNAfMetCAU_mRNA"": 1.0}",re0000000673_k1,1100.0,-1.0,0,0.0,0.0,0.0,0.0,0.0,0.0,0.0,0.0,0.0,0.0,0.0,0.0,0.0,0.0,0.0,0.0,0.0,0.0,UNRESOLVED_FORMULAS_ABSENT,UNRESOLVED_BOUND_MOIETIES_NOT_ANNOTATED,STOICHIOMETRIC_PROXY_ONLY_NOT_VALIDATED_OSMOTIC_PRESSURE,UNAVAILABLE_CHARGE_PROTONATION_MG_BINDING_ABSENT,dc43bcec367f52105fe8d1ba328e59b064935df5faf8f880e078b212a40183df
re0000000674,translation initiation / DISSOCIATION,initiation,Initiation_B2,Initiation_B2:re66,EXTRACTED_EXACT_STOICHIOMETRY,DISSOCIATION,"{""RS30S_IF1_IF3_IF2_GTP_fMettRNAfMetCAU_mRNA"": 1.0}","{""IF3"": 1.0, ""RS30S_IF1_IF2_GTP_fMettRNAfMetCAU_mRNA"": 1.0}",re0000000674_k1,0.08,1.0,0,0.0,0.0,0.0,0.0,0.0,0.0,0.0,0.0,0.0,0.0,0.0,0.0,0.0,0.0,0.0,0.0,0.0,0.0,UNRESOLVED_FORMULAS_ABSENT,UNRESOLVED_BOUND_MOIETIES_NOT_ANNOTATED,STOICHIOMETRIC_PROXY_ONLY_NOT_VALIDATED_OSMOTIC_PRESSURE,UNAVAILABLE_CHARGE_PROTONATION_MG_BINDING_ABSENT,dc43bcec367f52105fe8d1ba328e59b064935df5faf8f880e078b212a40183df
re0000000675,translation initiation / HETERODIMER_ASSOCIATION,initiation,Initiation_B2,Initiation_B2:re67,EXTRACTED_EXACT_STOICHIOMETRY,HETERODIMER_ASSOCIATION,"{""RS30S_IF1"": 1.0, ""mRNA"": 1.0}","{""RS30S_IF1_mRNA"": 1.0}",re0000000675_k1,36.0,-1.0,0,0.0,0.0,0.0,0.0,0.0,0.0,0.0,0.0,0.0,0.0,0.0,0.0,0.0,0.0,0.0,0.0,0.0,0.0,UNRESOLVED_FORMULAS_ABSENT,UNRESOLVED_BOUND_MOIETIES_NOT_ANNOTATED,STOICHIOMETRIC_PROXY_ONLY_NOT_VALIDATED_OSMOTIC_PRESSURE,UNAVAILABLE_CHARGE_PROTONATION_MG_BINDING_ABSENT,dc43bcec367f52105fe8d1ba328e59b064935df5faf8f880e078b212a40183df
re0000000676,translation initiation / DISSOCIATION,initiation,Initiation_B2,Initiation_B2:re68,EXTRACTED_EXACT_STOICHIOMETRY,DISSOCIATION,"{""RS30S_IF1_mRNA"": 1.0}","{""RS30S_IF1"": 1.0, ""mRNA"": 1.0}",re0000000676_k1,0.7,1.0,0,0.0,0.0,0.0,0.0,0.0,0.0,0.0,0.0,0.0,0.0,0.0,0.0,0.0,0.0,0.0,0.0,0.0,0.0,UNRESOLVED_FORMULAS_ABSENT,UNRESOLVED_BOUND_MOIETIES_NOT_ANNOTATED,STOICHIOMETRIC_PROXY_ONLY_NOT_VALIDATED_OSMOTIC_PRESSURE,UNAVAILABLE_CHARGE_PROTONATION_MG_BINDING_ABSENT,dc43bcec367f52105fe8d1ba328e59b064935df5faf8f880e078b212a40183df
re0000000677,translation initiation / HETERODIMER_ASSOCIATION,initiation,Initiation_B2,Initiation_B2:re69,EXTRACTED_EXACT_STOICHIOMETRY,HETERODIMER_ASSOCIATION,"{""IF1"": 1.0, ""RS30S_mRNA"": 1.0}","{""RS30S_IF1_mRNA"": 1.0}",re0000000677_k1,20.0,-1.0,0,0.0,0.0,0.0,0.0,0.0,0.0,0.0,0.0,0.0,0.0,0.0,0.0,0.0,0.0,0.0,0.0,0.0,0.0,UNRESOLVED_FORMULAS_ABSENT,UNRESOLVED_BOUND_MOIETIES_NOT_ANNOTATED,STOICHIOMETRIC_PROXY_ONLY_NOT_VALIDATED_OSMOTIC_PRESSURE,UNAVAILABLE_CHARGE_PROTONATION_MG_BINDING_ABSENT,dc43bcec367f52105fe8d1ba328e59b064935df5faf8f880e078b212a40183df
re0000000678,translation initiation / DISSOCIATION,initiation,Initiation_B2,Initiation_B2:re70,EXTRACTED_EXACT_STOICHIOMETRY,DISSOCIATION,"{""RS30S_IF1_mRNA"": 1.0}","{""IF1"": 1.0, ""RS30S_mRNA"": 1.0}",re0000000678_k1,0.7,1.0,0,0.0,0.0,0.0,0.0,0.0,0.0,0.0,0.0,0.0,0.0,0.0,0.0,0.0,0.0,0.0,0.0,0.0,0.0,UNRESOLVED_FORMULAS_ABSENT,UNRESOLVED_BOUND_MOIETIES_NOT_ANNOTATED,STOICHIOMETRIC_PROXY_ONLY_NOT_VALIDATED_OSMOTIC_PRESSURE,UNAVAILABLE_CHARGE_PROTONATION_MG_BINDING_ABSENT,dc43bcec367f52105fe8d1ba328e59b064935df5faf8f880e078b212a40183df
re0000000679,translation initiation / HETERODIMER_ASSOCIATION,initiation,Initiation_B2,Initiation_B2:re71,EXTRACTED_EXACT_STOICHIOMETRY,HETERODIMER_ASSOCIATION,"{""IF1"": 1.0, ""RS30S_IF2_GTP_mRNA"": 1.0}","{""RS30S_IF1_IF2_GTP_mRNA"": 1.0}",re0000000679_k1,20.0,-1.0,0,0.0,0.0,0.0,0.0,0.0,0.0,0.0,0.0,0.0,0.0,0.0,0.0,0.0,0.0,0.0,0.0,0.0,0.0,UNRESOLVED_FORMULAS_ABSENT,UNRESOLVED_BOUND_MOIETIES_NOT_ANNOTATED,STOICHIOMETRIC_PROXY_ONLY_NOT_VALIDATED_OSMOTIC_PRESSURE,UNAVAILABLE_CHARGE_PROTONATION_MG_BINDING_ABSENT,dc43bcec367f52105fe8d1ba328e59b064935df5faf8f880e078b212a40183df
re0000000680,translation initiation / DISSOCIATION,initiation,Initiation_B2,Initiation_B2:re72,EXTRACTED_EXACT_STOICHIOMETRY,DISSOCIATION,"{""RS30S_IF1_IF2_GTP_mRNA"": 1.0}","{""IF1"": 1.0, ""RS30S_IF2_GTP_mRNA"": 1.0}",re0000000680_k1,0.7,1.0,0,0.0,0.0,0.0,0.0,0.0,0.0,0.0,0.0,0.0,0.0,0.0,0.0,0.0,0.0,0.0,0.0,0.0,0.0,UNRESOLVED_FORMULAS_ABSENT,UNRESOLVED_BOUND_MOIETIES_NOT_ANNOTATED,STOICHIOMETRIC_PROXY_ONLY_NOT_VALIDATED_OSMOTIC_PRESSURE,UNAVAILABLE_CHARGE_PROTONATION_MG_BINDING_ABSENT,dc43bcec367f52105fe8d1ba328e59b064935df5faf8f880e078b212a40183df
re0000000681,translation initiation / HETERODIMER_ASSOCIATION,initiation,Initiation_B2,Initiation_B2:re73,EXTRACTED_EXACT_STOICHIOMETRY,HETERODIMER_ASSOCIATION,"{""RS30S_IF1_IF2_GTP"": 1.0, ""mRNA"": 1.0}","{""RS30S_IF1_IF2_GTP_mRNA"": 1.0}",re0000000681_k1,36.0,-1.0,0,0.0,0.0,0.0,0.0,0.0,0.0,0.0,0.0,0.0,0.0,0.0,0.0,0.0,0.0,0.0,0.0,0.0,0.0,UNRESOLVED_FORMULAS_ABSENT,UNRESOLVED_BOUND_MOIETIES_NOT_ANNOTATED,STOICHIOMETRIC_PROXY_ONLY_NOT_VALIDATED_OSMOTIC_PRESSURE,UNAVAILABLE_CHARGE_PROTONATION_MG_BINDING_ABSENT,dc43bcec367f52105fe8d1ba328e59b064935df5faf8f880e078b212a40183df
re0000000682,translation initiation / DISSOCIATION,initiation,Initiation_B2,Initiation_B2:re74,EXTRACTED_EXACT_STOICHIOMETRY,DISSOCIATION,"{""RS30S_IF1_IF2_GTP_mRNA"": 1.0}","{""RS30S_IF1_IF2_GTP"": 1.0, ""mRNA"": 1.0}",re0000000682_k1,0.7,1.0,0,0.0,0.0,0.0,0.0,0.0,0.0,0.0,0.0,0.0,0.0,0.0,0.0,0.0,0.0,0.0,0.0,0.0,0.0,UNRESOLVED_FORMULAS_ABSENT,UNRESOLVED_BOUND_MOIETIES_NOT_ANNOTATED,STOICHIOMETRIC_PROXY_ONLY_NOT_VALIDATED_OSMOTIC_PRESSURE,UNAVAILABLE_CHARGE_PROTONATION_MG_BINDING_ABSENT,dc43bcec367f52105fe8d1ba328e59b064935df5faf8f880e078b212a40183df
re0000000683,translation initiation / HETERODIMER_ASSOCIATION,initiation,Initiation_B2,Initiation_B2:re75,EXTRACTED_EXACT_STOICHIOMETRY,HETERODIMER_ASSOCIATION,"{""IF1"": 1.0, ""RS30S_fMettRNAfMetCAU_mRNA"": 1.0}","{""RS30S_IF1_fMettRNAfMetCAU_mRNA"": 1.0}",re0000000683_k1,20.0,-1.0,0,0.0,0.0,0.0,0.0,0.0,0.0,0.0,0.0,0.0,0.0,0.0,0.0,0.0,0.0,0.0,0.0,0.0,0.0,UNRESOLVED_FORMULAS_ABSENT,UNRESOLVED_BOUND_MOIETIES_NOT_ANNOTATED,STOICHIOMETRIC_PROXY_ONLY_NOT_VALIDATED_OSMOTIC_PRESSURE,UNAVAILABLE_CHARGE_PROTONATION_MG_BINDING_ABSENT,dc43bcec367f52105fe8d1ba328e59b064935df5faf8f880e078b212a40183df
re0000000684,translation initiation / DISSOCIATION,initiation,Initiation_B2,Initiation_B2:re76,EXTRACTED_EXACT_STOICHIOMETRY,DISSOCIATION,"{""RS30S_IF1_fMettRNAfMetCAU_mRNA"": 1.0}","{""IF1"": 1.0, ""RS30S_fMettRNAfMetCAU_mRNA"": 1.0}",re0000000684_k1,0.7,1.0,0,0.0,0.0,0.0,0.0,0.0,0.0,0.0,0.0,0.0,0.0,0.0,0.0,0.0,0.0,0.0,0.0,0.0,0.0,UNRESOLVED_FORMULAS_ABSENT,UNRESOLVED_BOUND_MOIETIES_NOT_ANNOTATED,STOICHIOMETRIC_PROXY_ONLY_NOT_VALIDATED_OSMOTIC_PRESSURE,UNAVAILABLE_CHARGE_PROTONATION_MG_BINDING_ABSENT,dc43bcec367f52105fe8d1ba328e59b064935df5faf8f880e078b212a40183df
re0000000685,translation initiation / HETERODIMER_ASSOCIATION,initiation,Initiation_B2,Initiation_B2:re77,EXTRACTED_EXACT_STOICHIOMETRY,HETERODIMER_ASSOCIATION,"{""IF1"": 1.0, ""RS30S_IF2_GTP_fMettRNAfMetCAU_mRNA"": 1.0}","{""RS30S_IF1_IF2_GTP_fMettRNAfMetCAU_mRNA"": 1.0}",re0000000685_k1,20.0,-1.0,0,0.0,0.0,0.0,0.0,0.0,0.0,0.0,0.0,0.0,0.0,0.0,0.0,0.0,0.0,0.0,0.0,0.0,0.0,UNRESOLVED_FORMULAS_ABSENT,UNRESOLVED_BOUND_MOIETIES_NOT_ANNOTATED,STOICHIOMETRIC_PROXY_ONLY_NOT_VALIDATED_OSMOTIC_PRESSURE,UNAVAILABLE_CHARGE_PROTONATION_MG_BINDING_ABSENT,dc43bcec367f52105fe8d1ba328e59b064935df5faf8f880e078b212a40183df
re0000000686,translation initiation / DISSOCIATION,initiation,Initiation_B2,Initiation_B2:re78,EXTRACTED_EXACT_STOICHIOMETRY,DISSOCIATION,"{""RS30S_IF1_IF2_GTP_fMettRNAfMetCAU_mRNA"": 1.0}","{""IF1"": 1.0, ""RS30S_IF2_GTP_fMettRNAfMetCAU_mRNA"": 1.0}",re0000000686_k1,0.7,1.0,0,0.0,0.0,0.0,0.0,0.0,0.0,0.0,0.0,0.0,0.0,0.0,0.0,0.0,0.0,0.0,0.0,0.0,0.0,UNRESOLVED_FORMULAS_ABSENT,UNRESOLVED_BOUND_MOIETIES_NOT_ANNOTATED,STOICHIOMETRIC_PROXY_ONLY_NOT_VALIDATED_OSMOTIC_PRESSURE,UNAVAILABLE_CHARGE_PROTONATION_MG_BINDING_ABSENT,dc43bcec367f52105fe8d1ba328e59b064935df5faf8f880e078b212a40183df
re0000000687,translation initiation / HETERODIMER_ASSOCIATION,initiation,Initiation_B2,Initiation_B2:re79,EXTRACTED_EXACT_STOICHIOMETRY,HETERODIMER_ASSOCIATION,"{""RS30S_IF1_IF2_GTP_fMettRNAfMetCAU"": 1.0, ""mRNA"": 1.0}","{""RS30S_IF1_IF2_GTP_fMettRNAfMetCAU_mRNA"": 1.0}",re0000000687_k1,36.0,-1.0,0,0.0,0.0,0.0,0.0,0.0,0.0,0.0,0.0,0.0,0.0,0.0,0.0,0.0,0.0,0.0,0.0,0.0,0.0,UNRESOLVED_FORMULAS_ABSENT,UNRESOLVED_BOUND_MOIETIES_NOT_ANNOTATED,STOICHIOMETRIC_PROXY_ONLY_NOT_VALIDATED_OSMOTIC_PRESSURE,UNAVAILABLE_CHARGE_PROTONATION_MG_BINDING_ABSENT,dc43bcec367f52105fe8d1ba328e59b064935df5faf8f880e078b212a40183df
re0000000688,translation initiation / DISSOCIATION,initiation,Initiation_B2,Initiation_B2:re80,EXTRACTED_EXACT_STOICHIOMETRY,DISSOCIATION,"{""RS30S_IF1_IF2_GTP_fMettRNAfMetCAU_mRNA"": 1.0}","{""RS30S_IF1_IF2_GTP_fMettRNAfMetCAU"": 1.0, ""mRNA"": 1.0}",re0000000688_k1,0.7,1.0,0,0.0,0.0,0.0,0.0,0.0,0.0,0.0,0.0,0.0,0.0,0.0,0.0,0.0,0.0,0.0,0.0,0.0,0.0,UNRESOLVED_FORMULAS_ABSENT,UNRESOLVED_BOUND_MOIETIES_NOT_ANNOTATED,STOICHIOMETRIC_PROXY_ONLY_NOT_VALIDATED_OSMOTIC_PRESSURE,UNAVAILABLE_CHARGE_PROTONATION_MG_BINDING_ABSENT,dc43bcec367f52105fe8d1ba328e59b064935df5faf8f880e078b212a40183df
re0000000689,translation initiation / STATE_TRANSITION,initiation,Initiation_B2,Initiation_B2:re85,EXTRACTED_EXACT_STOICHIOMETRY,STATE_TRANSITION,"{""RS30S_IF2_GTP"": 1.0}","{""GTP"": 1.0, ""IF2"": 1.0, ""RS30S_degraded"": 1.0}",re0000000689_k1,0.0,2.0,1.0,0.0,0.0,0.0,1.0,0.0,0.0,0.0,0.0,0.0,0.0,0.0,0.0,0.0,0.0,0.0,0.0,0.0,0.0,UNRESOLVED_FORMULAS_ABSENT,UNRESOLVED_BOUND_MOIETIES_NOT_ANNOTATED,STOICHIOMETRIC_PROXY_ONLY_NOT_VALIDATED_OSMOTIC_PRESSURE,UNAVAILABLE_CHARGE_PROTONATION_MG_BINDING_ABSENT,dc43bcec367f52105fe8d1ba328e59b064935df5faf8f880e078b212a40183df
re0000000690,translation initiation / STATE_TRANSITION,initiation,Initiation_B2,Initiation_B2:re86,EXTRACTED_EXACT_STOICHIOMETRY,STATE_TRANSITION,"{""RS30S_IF2_GTP"": 1.0}","{""GTP"": 1.0, ""IF2_degraded"": 1.0, ""RS30S"": 1.0}",re0000000690_k1,0.0,2.0,1.0,0.0,0.0,0.0,1.0,0.0,0.0,0.0,0.0,0.0,0.0,0.0,0.0,0.0,0.0,0.0,0.0,0.0,0.0,UNRESOLVED_FORMULAS_ABSENT,UNRESOLVED_BOUND_MOIETIES_NOT_ANNOTATED,STOICHIOMETRIC_PROXY_ONLY_NOT_VALIDATED_OSMOTIC_PRESSURE,UNAVAILABLE_CHARGE_PROTONATION_MG_BINDING_ABSENT,dc43bcec367f52105fe8d1ba328e59b064935df5faf8f880e078b212a40183df
re0000000691,translation initiation / STATE_TRANSITION,initiation,Initiation_B2,Initiation_B2:re87,EXTRACTED_EXACT_STOICHIOMETRY,STATE_TRANSITION,"{""RS30S_IF2_GTP_fMettRNAfMetCAU"": 1.0}","{""GTP"": 1.0, ""IF2"": 1.0, ""RS30S_degraded"": 1.0, ""fMettRNAfMetCAU"": 1.0}",re0000000691_k1,0.0,3.0,1.0,0.0,0.0,0.0,1.0,0.0,0.0,0.0,0.0,0.0,0.0,0.0,0.0,0.0,0.0,0.0,0.0,0.0,1.0,UNRESOLVED_FORMULAS_ABSENT,UNRESOLVED_BOUND_MOIETIES_NOT_ANNOTATED,STOICHIOMETRIC_PROXY_ONLY_NOT_VALIDATED_OSMOTIC_PRESSURE,UNAVAILABLE_CHARGE_PROTONATION_MG_BINDING_ABSENT,dc43bcec367f52105fe8d1ba328e59b064935df5faf8f880e078b212a40183df
re0000000692,translation initiation / STATE_TRANSITION,initiation,Initiation_B2,Initiation_B2:re88,EXTRACTED_EXACT_STOICHIOMETRY,STATE_TRANSITION,"{""RS30S_IF2_GTP_fMettRNAfMetCAU"": 1.0}","{""GTP"": 1.0, ""IF2_degraded"": 1.0, ""RS30S"": 1.0, ""fMettRNAfMetCAU"": 1.0}",re0000000692_k1,0.0,3.0,1.0,0.0,0.0,0.0,1.0,0.0,0.0,0.0,0.0,0.0,0.0,0.0,0.0,0.0,0.0,0.0,0.0,0.0,1.0,UNRESOLVED_FORMULAS_ABSENT,UNRESOLVED_BOUND_MOIETIES_NOT_ANNOTATED,STOICHIOMETRIC_PROXY_ONLY_NOT_VALIDATED_OSMOTIC_PRESSURE,UNAVAILABLE_CHARGE_PROTONATION_MG_BINDING_ABSENT,dc43bcec367f52105fe8d1ba328e59b064935df5faf8f880e078b212a40183df
re0000000693,translation initiation / STATE_TRANSITION,initiation,Initiation_B2,Initiation_B2:re89,EXTRACTED_EXACT_STOICHIOMETRY,STATE_TRANSITION,"{""RS30S_mRNA"": 1.0}","{""RS30S_degraded"": 1.0, ""mRNA"": 1.0}",re0000000693_k1,0.0,1.0,0,0.0,0.0,0.0,0.0,0.0,0.0,0.0,0.0,0.0,0.0,0.0,0.0,0.0,0.0,0.0,0.0,0.0,0.0,UNRESOLVED_FORMULAS_ABSENT,UNRESOLVED_BOUND_MOIETIES_NOT_ANNOTATED,STOICHIOMETRIC_PROXY_ONLY_NOT_VALIDATED_OSMOTIC_PRESSURE,UNAVAILABLE_CHARGE_PROTONATION_MG_BINDING_ABSENT,dc43bcec367f52105fe8d1ba328e59b064935df5faf8f880e078b212a40183df
re0000000694,translation initiation / STATE_TRANSITION,initiation,Initiation_B2,Initiation_B2:re91,EXTRACTED_EXACT_STOICHIOMETRY,STATE_TRANSITION,"{""RS30S_fMettRNAfMetCAU_mRNA"": 1.0}","{""RS30S_degraded"": 1.0, ""fMettRNAfMetCAU"": 1.0, ""mRNA"": 1.0}",re0000000694_k1,0.0,2.0,0,0.0,0.0,0.0,0.0,0.0,0.0,0.0,0.0,0.0,0.0,0.0,0.0,0.0,0.0,0.0,0.0,0.0,1.0,UNRESOLVED_FORMULAS_ABSENT,UNRESOLVED_BOUND_MOIETIES_NOT_ANNOTATED,STOICHIOMETRIC_PROXY_ONLY_NOT_VALIDATED_OSMOTIC_PRESSURE,UNAVAILABLE_CHARGE_PROTONATION_MG_BINDING_ABSENT,dc43bcec367f52105fe8d1ba328e59b064935df5faf8f880e078b212a40183df
re0000000695,translation initiation / STATE_TRANSITION,initiation,Initiation_B2,Initiation_B2:re93,EXTRACTED_EXACT_STOICHIOMETRY,STATE_TRANSITION,"{""RS30S_IF2_GTP_mRNA"": 1.0}","{""GTP"": 1.0, ""IF2"": 1.0, ""RS30S_degraded"": 1.0, ""mRNA"": 1.0}",re0000000695_k1,0.0,3.0,1.0,0.0,0.0,0.0,1.0,0.0,0.0,0.0,0.0,0.0,0.0,0.0,0.0,0.0,0.0,0.0,0.0,0.0,0.0,UNRESOLVED_FORMULAS_ABSENT,UNRESOLVED_BOUND_MOIETIES_NOT_ANNOTATED,STOICHIOMETRIC_PROXY_ONLY_NOT_VALIDATED_OSMOTIC_PRESSURE,UNAVAILABLE_CHARGE_PROTONATION_MG_BINDING_ABSENT,dc43bcec367f52105fe8d1ba328e59b064935df5faf8f880e078b212a40183df
re0000000696,translation initiation / STATE_TRANSITION,initiation,Initiation_B2,Initiation_B2:re94,EXTRACTED_EXACT_STOICHIOMETRY,STATE_TRANSITION,"{""RS30S_IF2_GTP_mRNA"": 1.0}","{""GTP"": 1.0, ""IF2_degraded"": 1.0, ""RS30S"": 1.0, ""mRNA"": 1.0}",re0000000696_k1,0.0,3.0,1.0,0.0,0.0,0.0,1.0,0.0,0.0,0.0,0.0,0.0,0.0,0.0,0.0,0.0,0.0,0.0,0.0,0.0,0.0,UNRESOLVED_FORMULAS_ABSENT,UNRESOLVED_BOUND_MOIETIES_NOT_ANNOTATED,STOICHIOMETRIC_PROXY_ONLY_NOT_VALIDATED_OSMOTIC_PRESSURE,UNAVAILABLE_CHARGE_PROTONATION_MG_BINDING_ABSENT,dc43bcec367f52105fe8d1ba328e59b064935df5faf8f880e078b212a40183df
re0000000697,translation initiation / STATE_TRANSITION,initiation,Initiation_B2,Initiation_B2:re95,EXTRACTED_EXACT_STOICHIOMETRY,STATE_TRANSITION,"{""RS30S_IF2_GTP_fMettRNAfMetCAU_mRNA"": 1.0}","{""GTP"": 1.0, ""IF2"": 1.0, ""RS30S_degraded"": 1.0, ""fMettRNAfMetCAU"": 1.0, ""mRNA"": 1.0}",re0000000697_k1,0.0,4.0,1.0,0.0,0.0,0.0,1.0,0.0,0.0,0.0,0.0,0.0,0.0,0.0,0.0,0.0,0.0,0.0,0.0,0.0,1.0,UNRESOLVED_FORMULAS_ABSENT,UNRESOLVED_BOUND_MOIETIES_NOT_ANNOTATED,STOICHIOMETRIC_PROXY_ONLY_NOT_VALIDATED_OSMOTIC_PRESSURE,UNAVAILABLE_CHARGE_PROTONATION_MG_BINDING_ABSENT,dc43bcec367f52105fe8d1ba328e59b064935df5faf8f880e078b212a40183df
re0000000698,translation initiation / STATE_TRANSITION,initiation,Initiation_B2,Initiation_B2:re96,EXTRACTED_EXACT_STOICHIOMETRY,STATE_TRANSITION,"{""RS30S_IF2_GTP_fMettRNAfMetCAU_mRNA"": 1.0}","{""GTP"": 1.0, ""IF2_degraded"": 1.0, ""RS30S"": 1.0, ""fMettRNAfMetCAU"": 1.0, ""mRNA"": 1.0}",re0000000698_k1,0.0,4.0,1.0,0.0,0.0,0.0,1.0,0.0,0.0,0.0,0.0,0.0,0.0,0.0,0.0,0.0,0.0,0.0,0.0,0.0,1.0,UNRESOLVED_FORMULAS_ABSENT,UNRESOLVED_BOUND_MOIETIES_NOT_ANNOTATED,STOICHIOMETRIC_PROXY_ONLY_NOT_VALIDATED_OSMOTIC_PRESSURE,UNAVAILABLE_CHARGE_PROTONATION_MG_BINDING_ABSENT,dc43bcec367f52105fe8d1ba328e59b064935df5faf8f880e078b212a40183df
re0000000699,translation initiation / STATE_TRANSITION,initiation,Initiation_B2,Initiation_B2:re97,EXTRACTED_EXACT_STOICHIOMETRY,STATE_TRANSITION,"{""RS30S_IF1_IF2_GTP"": 1.0}","{""GTP"": 1.0, ""IF1"": 1.0, ""IF2"": 1.0, ""RS30S_degraded"": 1.0}",re0000000699_k1,0.0,3.0,1.0,0.0,0.0,0.0,1.0,0.0,0.0,0.0,0.0,0.0,0.0,0.0,0.0,0.0,0.0,0.0,0.0,0.0,0.0,UNRESOLVED_FORMULAS_ABSENT,UNRESOLVED_BOUND_MOIETIES_NOT_ANNOTATED,STOICHIOMETRIC_PROXY_ONLY_NOT_VALIDATED_OSMOTIC_PRESSURE,UNAVAILABLE_CHARGE_PROTONATION_MG_BINDING_ABSENT,dc43bcec367f52105fe8d1ba328e59b064935df5faf8f880e078b212a40183df
re0000000700,translation initiation / STATE_TRANSITION,initiation,Initiation_B2,Initiation_B2:re98,EXTRACTED_EXACT_STOICHIOMETRY,STATE_TRANSITION,"{""RS30S_IF1_IF2_GTP"": 1.0}","{""GTP"": 1.0, ""IF1"": 1.0, ""IF2_degraded"": 1.0, ""RS30S"": 1.0}",re0000000700_k1,0.0,3.0,1.0,0.0,0.0,0.0,1.0,0.0,0.0,0.0,0.0,0.0,0.0,0.0,0.0,0.0,0.0,0.0,0.0,0.0,0.0,UNRESOLVED_FORMULAS_ABSENT,UNRESOLVED_BOUND_MOIETIES_NOT_ANNOTATED,STOICHIOMETRIC_PROXY_ONLY_NOT_VALIDATED_OSMOTIC_PRESSURE,UNAVAILABLE_CHARGE_PROTONATION_MG_BINDING_ABSENT,dc43bcec367f52105fe8d1ba328e59b064935df5faf8f880e078b212a40183df
re0000000701,translation initiation / STATE_TRANSITION,initiation,Initiation_B2,Initiation_B2:re99,EXTRACTED_EXACT_STOICHIOMETRY,STATE_TRANSITION,"{""RS30S_IF1_IF2_GTP"": 1.0}","{""GTP"": 1.0, ""IF1_degraded"": 1.0, ""IF2"": 1.0, ""RS30S"": 1.0}",re0000000701_k1,0.0,3.0,1.0,0.0,0.0,0.0,1.0,0.0,0.0,0.0,0.0,0.0,0.0,0.0,0.0,0.0,0.0,0.0,0.0,0.0,0.0,UNRESOLVED_FORMULAS_ABSENT,UNRESOLVED_BOUND_MOIETIES_NOT_ANNOTATED,STOICHIOMETRIC_PROXY_ONLY_NOT_VALIDATED_OSMOTIC_PRESSURE,UNAVAILABLE_CHARGE_PROTONATION_MG_BINDING_ABSENT,dc43bcec367f52105fe8d1ba328e59b064935df5faf8f880e078b212a40183df
re0000000702,translation initiation / STATE_TRANSITION,initiation,Initiation_B2,Initiation_B2:re100,EXTRACTED_EXACT_STOICHIOMETRY,STATE_TRANSITION,"{""RS30S_IF1_IF2_GTP_fMettRNAfMetCAU"": 1.0}","{""GTP"": 1.0, ""IF1"": 1.0, ""IF2"": 1.0, ""RS30S_degraded"": 1.0, ""fMettRNAfMetCAU"": 1.0}",re0000000702_k1,0.0,4.0,1.0,0.0,0.0,0.0,1.0,0.0,0.0,0.0,0.0,0.0,0.0,0.0,0.0,0.0,0.0,0.0,0.0,0.0,1.0,UNRESOLVED_FORMULAS_ABSENT,UNRESOLVED_BOUND_MOIETIES_NOT_ANNOTATED,STOICHIOMETRIC_PROXY_ONLY_NOT_VALIDATED_OSMOTIC_PRESSURE,UNAVAILABLE_CHARGE_PROTONATION_MG_BINDING_ABSENT,dc43bcec367f52105fe8d1ba328e59b064935df5faf8f880e078b212a40183df
re0000000703,translation initiation / STATE_TRANSITION,initiation,Initiation_B2,Initiation_B2:re101,EXTRACTED_EXACT_STOICHIOMETRY,STATE_TRANSITION,"{""RS30S_IF1_IF2_GTP_fMettRNAfMetCAU"": 1.0}","{""GTP"": 1.0, ""IF1"": 1.0, ""IF2_degraded"": 1.0, ""RS30S"": 1.0, ""fMettRNAfMetCAU"": 1.0}",re0000000703_k1,0.0,4.0,1.0,0.0,0.0,0.0,1.0,0.0,0.0,0.0,0.0,0.0,0.0,0.0,0.0,0.0,0.0,0.0,0.0,0.0,1.0,UNRESOLVED_FORMULAS_ABSENT,UNRESOLVED_BOUND_MOIETIES_NOT_ANNOTATED,STOICHIOMETRIC_PROXY_ONLY_NOT_VALIDATED_OSMOTIC_PRESSURE,UNAVAILABLE_CHARGE_PROTONATION_MG_BINDING_ABSENT,dc43bcec367f52105fe8d1ba328e59b064935df5faf8f880e078b212a40183df
re0000000704,translation initiation / STATE_TRANSITION,initiation,Initiation_B2,Initiation_B2:re102,EXTRACTED_EXACT_STOICHIOMETRY,STATE_TRANSITION,"{""RS30S_IF1_IF2_GTP_fMettRNAfMetCAU"": 1.0}","{""GTP"": 1.0, ""IF1_degraded"": 1.0, ""IF2"": 1.0, ""RS30S"": 1.0, ""fMettRNAfMetCAU"": 1.0}",re0000000704_k1,0.0,4.0,1.0,0.0,0.0,0.0,1.0,0.0,0.0,0.0,0.0,0.0,0.0,0.0,0.0,0.0,0.0,0.0,0.0,0.0,1.0,UNRESOLVED_FORMULAS_ABSENT,UNRESOLVED_BOUND_MOIETIES_NOT_ANNOTATED,STOICHIOMETRIC_PROXY_ONLY_NOT_VALIDATED_OSMOTIC_PRESSURE,UNAVAILABLE_CHARGE_PROTONATION_MG_BINDING_ABSENT,dc43bcec367f52105fe8d1ba328e59b064935df5faf8f880e078b212a40183df
re0000000705,translation initiation / STATE_TRANSITION,initiation,Initiation_B2,Initiation_B2:re103,EXTRACTED_EXACT_STOICHIOMETRY,STATE_TRANSITION,"{""RS30S_IF1_mRNA"": 1.0}","{""IF1"": 1.0, ""RS30S_degraded"": 1.0, ""mRNA"": 1.0}",re0000000705_k1,0.0,2.0,0,0.0,0.0,0.0,0.0,0.0,0.0,0.0,0.0,0.0,0.0,0.0,0.0,0.0,0.0,0.0,0.0,0.0,0.0,UNRESOLVED_FORMULAS_ABSENT,UNRESOLVED_BOUND_MOIETIES_NOT_ANNOTATED,STOICHIOMETRIC_PROXY_ONLY_NOT_VALIDATED_OSMOTIC_PRESSURE,UNAVAILABLE_CHARGE_PROTONATION_MG_BINDING_ABSENT,dc43bcec367f52105fe8d1ba328e59b064935df5faf8f880e078b212a40183df
re0000000706,translation initiation / STATE_TRANSITION,initiation,Initiation_B2,Initiation_B2:re104,EXTRACTED_EXACT_STOICHIOMETRY,STATE_TRANSITION,"{""RS30S_IF1_mRNA"": 1.0}","{""IF1_degraded"": 1.0, ""RS30S"": 1.0, ""mRNA"": 1.0}",re0000000706_k1,0.0,2.0,0,0.0,0.0,0.0,0.0,0.0,0.0,0.0,0.0,0.0,0.0,0.0,0.0,0.0,0.0,0.0,0.0,0.0,0.0,UNRESOLVED_FORMULAS_ABSENT,UNRESOLVED_BOUND_MOIETIES_NOT_ANNOTATED,STOICHIOMETRIC_PROXY_ONLY_NOT_VALIDATED_OSMOTIC_PRESSURE,UNAVAILABLE_CHARGE_PROTONATION_MG_BINDING_ABSENT,dc43bcec367f52105fe8d1ba328e59b064935df5faf8f880e078b212a40183df
re0000000707,translation initiation / STATE_TRANSITION,initiation,Initiation_B2,Initiation_B2:re105,EXTRACTED_EXACT_STOICHIOMETRY,STATE_TRANSITION,"{""RS30S_IF1_fMettRNAfMetCAU_mRNA"": 1.0}","{""IF1"": 1.0, ""RS30S_degraded"": 1.0, ""fMettRNAfMetCAU"": 1.0, ""mRNA"": 1.0}",re0000000707_k1,0.0,3.0,0,0.0,0.0,0.0,0.0,0.0,0.0,0.0,0.0,0.0,0.0,0.0,0.0,0.0,0.0,0.0,0.0,0.0,1.0,UNRESOLVED_FORMULAS_ABSENT,UNRESOLVED_BOUND_MOIETIES_NOT_ANNOTATED,STOICHIOMETRIC_PROXY_ONLY_NOT_VALIDATED_OSMOTIC_PRESSURE,UNAVAILABLE_CHARGE_PROTONATION_MG_BINDING_ABSENT,dc43bcec367f52105fe8d1ba328e59b064935df5faf8f880e078b212a40183df
re0000000708,translation initiation / STATE_TRANSITION,initiation,Initiation_B2,Initiation_B2:re106,EXTRACTED_EXACT_STOICHIOMETRY,STATE_TRANSITION,"{""RS30S_IF1_fMettRNAfMetCAU_mRNA"": 1.0}","{""IF1_degraded"": 1.0, ""RS30S"": 1.0, ""fMettRNAfMetCAU"": 1.0, ""mRNA"": 1.0}",re0000000708_k1,0.0,3.0,0,0.0,0.0,0.0,0.0,0.0,0.0,0.0,0.0,0.0,0.0,0.0,0.0,0.0,0.0,0.0,0.0,0.0,1.0,UNRESOLVED_FORMULAS_ABSENT,UNRESOLVED_BOUND_MOIETIES_NOT_ANNOTATED,STOICHIOMETRIC_PROXY_ONLY_NOT_VALIDATED_OSMOTIC_PRESSURE,UNAVAILABLE_CHARGE_PROTONATION_MG_BINDING_ABSENT,dc43bcec367f52105fe8d1ba328e59b064935df5faf8f880e078b212a40183df
re0000000709,translation initiation / STATE_TRANSITION,initiation,Initiation_B2,Initiation_B2:re107,EXTRACTED_EXACT_STOICHIOMETRY,STATE_TRANSITION,"{""RS30S_IF1_IF2_GTP_mRNA"": 1.0}","{""GTP"": 1.0, ""IF1"": 1.0, ""IF2"": 1.0, ""RS30S_degraded"": 1.0, ""mRNA"": 1.0}",re0000000709_k1,0.0,4.0,1.0,0.0,0.0,0.0,1.0,0.0,0.0,0.0,0.0,0.0,0.0,0.0,0.0,0.0,0.0,0.0,0.0,0.0,0.0,UNRESOLVED_FORMULAS_ABSENT,UNRESOLVED_BOUND_MOIETIES_NOT_ANNOTATED,STOICHIOMETRIC_PROXY_ONLY_NOT_VALIDATED_OSMOTIC_PRESSURE,UNAVAILABLE_CHARGE_PROTONATION_MG_BINDING_ABSENT,dc43bcec367f52105fe8d1ba328e59b064935df5faf8f880e078b212a40183df
re0000000710,translation initiation / STATE_TRANSITION,initiation,Initiation_B2,Initiation_B2:re108,EXTRACTED_EXACT_STOICHIOMETRY,STATE_TRANSITION,"{""RS30S_IF1_IF2_GTP_mRNA"": 1.0}","{""GTP"": 1.0, ""IF1"": 1.0, ""IF2_degraded"": 1.0, ""RS30S"": 1.0, ""mRNA"": 1.0}",re0000000710_k1,0.0,4.0,1.0,0.0,0.0,0.0,1.0,0.0,0.0,0.0,0.0,0.0,0.0,0.0,0.0,0.0,0.0,0.0,0.0,0.0,0.0,UNRESOLVED_FORMULAS_ABSENT,UNRESOLVED_BOUND_MOIETIES_NOT_ANNOTATED,STOICHIOMETRIC_PROXY_ONLY_NOT_VALIDATED_OSMOTIC_PRESSURE,UNAVAILABLE_CHARGE_PROTONATION_MG_BINDING_ABSENT,dc43bcec367f52105fe8d1ba328e59b064935df5faf8f880e078b212a40183df
re0000000711,translation initiation / STATE_TRANSITION,initiation,Initiation_B2,Initiation_B2:re109,EXTRACTED_EXACT_STOICHIOMETRY,STATE_TRANSITION,"{""RS30S_IF1_IF2_GTP_mRNA"": 1.0}","{""GTP"": 1.0, ""IF1_degraded"": 1.0, ""IF2"": 1.0, ""RS30S"": 1.0, ""mRNA"": 1.0}",re0000000711_k1,0.0,4.0,1.0,0.0,0.0,0.0,1.0,0.0,0.0,0.0,0.0,0.0,0.0,0.0,0.0,0.0,0.0,0.0,0.0,0.0,0.0,UNRESOLVED_FORMULAS_ABSENT,UNRESOLVED_BOUND_MOIETIES_NOT_ANNOTATED,STOICHIOMETRIC_PROXY_ONLY_NOT_VALIDATED_OSMOTIC_PRESSURE,UNAVAILABLE_CHARGE_PROTONATION_MG_BINDING_ABSENT,dc43bcec367f52105fe8d1ba328e59b064935df5faf8f880e078b212a40183df
re0000000712,translation initiation / STATE_TRANSITION,initiation,Initiation_B2,Initiation_B2:re110,EXTRACTED_EXACT_STOICHIOMETRY,STATE_TRANSITION,"{""RS30S_IF1_IF2_GTP_fMettRNAfMetCAU_mRNA"": 1.0}","{""GTP"": 1.0, ""IF1"": 1.0, ""IF2"": 1.0, ""RS30S_degraded"": 1.0, ""fMettRNAfMetCAU"": 1.0, ""mRNA"": 1.0}",re0000000712_k1,0.0,5.0,1.0,0.0,0.0,0.0,1.0,0.0,0.0,0.0,0.0,0.0,0.0,0.0,0.0,0.0,0.0,0.0,0.0,0.0,1.0,UNRESOLVED_FORMULAS_ABSENT,UNRESOLVED_BOUND_MOIETIES_NOT_ANNOTATED,STOICHIOMETRIC_PROXY_ONLY_NOT_VALIDATED_OSMOTIC_PRESSURE,UNAVAILABLE_CHARGE_PROTONATION_MG_BINDING_ABSENT,dc43bcec367f52105fe8d1ba328e59b064935df5faf8f880e078b212a40183df
re0000000713,translation initiation / STATE_TRANSITION,initiation,Initiation_B2,Initiation_B2:re111,EXTRACTED_EXACT_STOICHIOMETRY,STATE_TRANSITION,"{""RS30S_IF1_IF2_GTP_fMettRNAfMetCAU_mRNA"": 1.0}","{""GTP"": 1.0, ""IF1"": 1.0, ""IF2_degraded"": 1.0, ""RS30S"": 1.0, ""fMettRNAfMetCAU"": 1.0, ""mRNA"": 1.0}",re0000000713_k1,0.0,5.0,1.0,0.0,0.0,0.0,1.0,0.0,0.0,0.0,0.0,0.0,0.0,0.0,0.0,0.0,0.0,0.0,0.0,0.0,1.0,UNRESOLVED_FORMULAS_ABSENT,UNRESOLVED_BOUND_MOIETIES_NOT_ANNOTATED,STOICHIOMETRIC_PROXY_ONLY_NOT_VALIDATED_OSMOTIC_PRESSURE,UNAVAILABLE_CHARGE_PROTONATION_MG_BINDING_ABSENT,dc43bcec367f52105fe8d1ba328e59b064935df5faf8f880e078b212a40183df
re0000000714,translation initiation / STATE_TRANSITION,initiation,Initiation_B2,Initiation_B2:re112,EXTRACTED_EXACT_STOICHIOMETRY,STATE_TRANSITION,"{""RS30S_IF1_IF2_GTP_fMettRNAfMetCAU_mRNA"": 1.0}","{""GTP"": 1.0, ""IF1_degraded"": 1.0, ""IF2"": 1.0, ""RS30S"": 1.0, ""fMettRNAfMetCAU"": 1.0, ""mRNA"": 1.0}",re0000000714_k1,0.0,5.0,1.0,0.0,0.0,0.0,1.0,0.0,0.0,0.0,0.0,0.0,0.0,0.0,0.0,0.0,0.0,0.0,0.0,0.0,1.0,UNRESOLVED_FORMULAS_ABSENT,UNRESOLVED_BOUND_MOIETIES_NOT_ANNOTATED,STOICHIOMETRIC_PROXY_ONLY_NOT_VALIDATED_OSMOTIC_PRESSURE,UNAVAILABLE_CHARGE_PROTONATION_MG_BINDING_ABSENT,dc43bcec367f52105fe8d1ba328e59b064935df5faf8f880e078b212a40183df
re0000000715,translation initiation / STATE_TRANSITION,initiation,Initiation_C,Initiation_C:re159,EXTRACTED_EXACT_STOICHIOMETRY,STATE_TRANSITION,"{""RS70S_IF3_IF2_GTP_fMettRNAfMetCAU_mRNA"": 1.0}","{""RS70S_IF3_IF2_GDP_PO4_fMettRNAfMetCAU_mRNA"": 1.0}",re0000000715_k1,2.3,0.0,0,0.0,0.0,0.0,0.0,0.0,0.0,0.0,0.0,0.0,0.0,0.0,0.0,0.0,0.0,0.0,0.0,0.0,0.0,UNRESOLVED_FORMULAS_ABSENT,UNRESOLVED_BOUND_MOIETIES_NOT_ANNOTATED,STOICHIOMETRIC_PROXY_ONLY_NOT_VALIDATED_OSMOTIC_PRESSURE,UNAVAILABLE_CHARGE_PROTONATION_MG_BINDING_ABSENT,dc43bcec367f52105fe8d1ba328e59b064935df5faf8f880e078b212a40183df
re0000000716,translation initiation / STATE_TRANSITION,initiation,Initiation_C,Initiation_C:re160,EXTRACTED_EXACT_STOICHIOMETRY,STATE_TRANSITION,"{""RS70S_IF3_IF2_GDP_PO4_fMettRNAfMetCAU_mRNA"": 1.0}","{""RS70S_IF3_IF2_GTP_fMettRNAfMetCAU_mRNA"": 1.0}",re0000000716_k1,2.1,0.0,0,0.0,0.0,0.0,0.0,0.0,0.0,0.0,0.0,0.0,0.0,0.0,0.0,0.0,0.0,0.0,0.0,0.0,0.0,UNRESOLVED_FORMULAS_ABSENT,UNRESOLVED_BOUND_MOIETIES_NOT_ANNOTATED,STOICHIOMETRIC_PROXY_ONLY_NOT_VALIDATED_OSMOTIC_PRESSURE,UNAVAILABLE_CHARGE_PROTONATION_MG_BINDING_ABSENT,dc43bcec367f52105fe8d1ba328e59b064935df5faf8f880e078b212a40183df
re0000000717,translation initiation / STATE_TRANSITION,initiation,Initiation_C,Initiation_C:re161,EXTRACTED_EXACT_STOICHIOMETRY,STATE_TRANSITION,"{""RS70S_IF1_IF3_IF2_GTP_fMettRNAfMetCAU_mRNA"": 1.0}","{""RS70S_IF1_IF3_IF2_GDP_PO4_fMettRNAfMetCAU_mRNA"": 1.0}",re0000000717_k1,2.3,0.0,0,0.0,0.0,0.0,0.0,0.0,0.0,0.0,0.0,0.0,0.0,0.0,0.0,0.0,0.0,0.0,0.0,0.0,0.0,UNRESOLVED_FORMULAS_ABSENT,UNRESOLVED_BOUND_MOIETIES_NOT_ANNOTATED,STOICHIOMETRIC_PROXY_ONLY_NOT_VALIDATED_OSMOTIC_PRESSURE,UNAVAILABLE_CHARGE_PROTONATION_MG_BINDING_ABSENT,dc43bcec367f52105fe8d1ba328e59b064935df5faf8f880e078b212a40183df
re0000000718,translation initiation / STATE_TRANSITION,initiation,Initiation_C,Initiation_C:re162,EXTRACTED_EXACT_STOICHIOMETRY,STATE_TRANSITION,"{""RS70S_IF1_IF3_IF2_GDP_PO4_fMettRNAfMetCAU_mRNA"": 1.0}","{""RS70S_IF1_IF3_IF2_GTP_fMettRNAfMetCAU_mRNA"": 1.0}",re0000000718_k1,2.1,0.0,0,0.0,0.0,0.0,0.0,0.0,0.0,0.0,0.0,0.0,0.0,0.0,0.0,0.0,0.0,0.0,0.0,0.0,0.0,UNRESOLVED_FORMULAS_ABSENT,UNRESOLVED_BOUND_MOIETIES_NOT_ANNOTATED,STOICHIOMETRIC_PROXY_ONLY_NOT_VALIDATED_OSMOTIC_PRESSURE,UNAVAILABLE_CHARGE_PROTONATION_MG_BINDING_ABSENT,dc43bcec367f52105fe8d1ba328e59b064935df5faf8f880e078b212a40183df
re0000000719,translation initiation / HETERODIMER_ASSOCIATION,initiation,Initiation_C,Initiation_C:re163,EXTRACTED_EXACT_STOICHIOMETRY,HETERODIMER_ASSOCIATION,"{""IF1"": 1.0, ""RS70S_IF3_IF2_GDP_PO4_fMettRNAfMetCAU_mRNA"": 1.0}","{""RS70S_IF1_IF3_IF2_GDP_PO4_fMettRNAfMetCAU_mRNA"": 1.0}",re0000000719_k1,16.0,-1.0,0,0.0,0.0,0.0,0.0,0.0,0.0,0.0,0.0,0.0,0.0,0.0,0.0,0.0,0.0,0.0,0.0,0.0,0.0,UNRESOLVED_FORMULAS_ABSENT,UNRESOLVED_BOUND_MOIETIES_NOT_ANNOTATED,STOICHIOMETRIC_PROXY_ONLY_NOT_VALIDATED_OSMOTIC_PRESSURE,UNAVAILABLE_CHARGE_PROTONATION_MG_BINDING_ABSENT,dc43bcec367f52105fe8d1ba328e59b064935df5faf8f880e078b212a40183df
re0000000720,translation initiation / DISSOCIATION,initiation,Initiation_C,Initiation_C:re164,EXTRACTED_EXACT_STOICHIOMETRY,DISSOCIATION,"{""RS70S_IF1_IF3_IF2_GDP_PO4_fMettRNAfMetCAU_mRNA"": 1.0}","{""IF1"": 1.0, ""RS70S_IF3_IF2_GDP_PO4_fMettRNAfMetCAU_mRNA"": 1.0}",re0000000720_k1,0.0025,1.0,0,0.0,0.0,0.0,0.0,0.0,0.0,0.0,0.0,0.0,0.0,0.0,0.0,0.0,0.0,0.0,0.0,0.0,0.0,UNRESOLVED_FORMULAS_ABSENT,UNRESOLVED_BOUND_MOIETIES_NOT_ANNOTATED,STOICHIOMETRIC_PROXY_ONLY_NOT_VALIDATED_OSMOTIC_PRESSURE,UNAVAILABLE_CHARGE_PROTONATION_MG_BINDING_ABSENT,dc43bcec367f52105fe8d1ba328e59b064935df5faf8f880e078b212a40183df
re0000000721,translation initiation / DISSOCIATION,initiation,Initiation_C,Initiation_C:re165,EXTRACTED_EXACT_STOICHIOMETRY,DISSOCIATION,"{""RS70S_IF3_IF2_GDP_PO4_fMettRNAfMetCAU_mRNA"": 1.0}","{""PO4"": 1.0, ""RS70S_IF3_IF2_GDP_fMettRNAfMetCAU_mRNA"": 1.0}",re0000000721_k1,12.0,1.0,1.0,0.0,0.0,0.0,0.0,0.0,0.0,1.0,0.0,0.0,0.0,0.0,0.0,0.0,0.0,0.0,0.0,0.0,0.0,UNRESOLVED_FORMULAS_ABSENT,UNRESOLVED_BOUND_MOIETIES_NOT_ANNOTATED,STOICHIOMETRIC_PROXY_ONLY_NOT_VALIDATED_OSMOTIC_PRESSURE,UNAVAILABLE_CHARGE_PROTONATION_MG_BINDING_ABSENT,dc43bcec367f52105fe8d1ba328e59b064935df5faf8f880e078b212a40183df
re0000000722,translation initiation / DISSOCIATION,initiation,Initiation_C,Initiation_C:re166,EXTRACTED_EXACT_STOICHIOMETRY,DISSOCIATION,"{""RS70S_IF1_IF3_IF2_GDP_PO4_fMettRNAfMetCAU_mRNA"": 1.0}","{""PO4"": 1.0, ""RS70S_IF1_IF3_IF2_GDP_fMettRNAfMetCAU_mRNA"": 1.0}",re0000000722_k1,12.0,1.0,1.0,0.0,0.0,0.0,0.0,0.0,0.0,1.0,0.0,0.0,0.0,0.0,0.0,0.0,0.0,0.0,0.0,0.0,0.0,UNRESOLVED_FORMULAS_ABSENT,UNRESOLVED_BOUND_MOIETIES_NOT_ANNOTATED,STOICHIOMETRIC_PROXY_ONLY_NOT_VALIDATED_OSMOTIC_PRESSURE,UNAVAILABLE_CHARGE_PROTONATION_MG_BINDING_ABSENT,dc43bcec367f52105fe8d1ba328e59b064935df5faf8f880e078b212a40183df
re0000000723,translation initiation / HETERODIMER_ASSOCIATION,initiation,Initiation_C,Initiation_C:re167,EXTRACTED_EXACT_STOICHIOMETRY,HETERODIMER_ASSOCIATION,"{""IF1"": 1.0, ""RS70S_IF3_IF2_GDP_fMettRNAfMetCAU_mRNA"": 1.0}","{""RS70S_IF1_IF3_IF2_GDP_fMettRNAfMetCAU_mRNA"": 1.0}",re0000000723_k1,16.0,-1.0,0,0.0,0.0,0.0,0.0,0.0,0.0,0.0,0.0,0.0,0.0,0.0,0.0,0.0,0.0,0.0,0.0,0.0,0.0,UNRESOLVED_FORMULAS_ABSENT,UNRESOLVED_BOUND_MOIETIES_NOT_ANNOTATED,STOICHIOMETRIC_PROXY_ONLY_NOT_VALIDATED_OSMOTIC_PRESSURE,UNAVAILABLE_CHARGE_PROTONATION_MG_BINDING_ABSENT,dc43bcec367f52105fe8d1ba328e59b064935df5faf8f880e078b212a40183df
re0000000724,translation initiation / DISSOCIATION,initiation,Initiation_C,Initiation_C:re168,EXTRACTED_EXACT_STOICHIOMETRY,DISSOCIATION,"{""RS70S_IF1_IF3_IF2_GDP_fMettRNAfMetCAU_mRNA"": 1.0}","{""IF1"": 1.0, ""RS70S_IF3_IF2_GDP_fMettRNAfMetCAU_mRNA"": 1.0}",re0000000724_k1,0.0025,1.0,0,0.0,0.0,0.0,0.0,0.0,0.0,0.0,0.0,0.0,0.0,0.0,0.0,0.0,0.0,0.0,0.0,0.0,0.0,UNRESOLVED_FORMULAS_ABSENT,UNRESOLVED_BOUND_MOIETIES_NOT_ANNOTATED,STOICHIOMETRIC_PROXY_ONLY_NOT_VALIDATED_OSMOTIC_PRESSURE,UNAVAILABLE_CHARGE_PROTONATION_MG_BINDING_ABSENT,dc43bcec367f52105fe8d1ba328e59b064935df5faf8f880e078b212a40183df
re0000000725,translation initiation / DISSOCIATION,initiation,Initiation_C,Initiation_C:re169,EXTRACTED_EXACT_STOICHIOMETRY,DISSOCIATION,"{""RS70S_IF3_IF2_GDP_fMettRNAfMetCAU_mRNA"": 1.0}","{""IF2_GDP"": 1.0, ""RS70S_IF3_fMettRNAfMetCAU_mRNA"": 1.0}",re0000000725_k1,4.0,1.0,0,0.0,0.0,0.0,0.0,0.0,0.0,0.0,0.0,0.0,0.0,0.0,0.0,0.0,0.0,0.0,0.0,0.0,0.0,UNRESOLVED_FORMULAS_ABSENT,UNRESOLVED_BOUND_MOIETIES_NOT_ANNOTATED,STOICHIOMETRIC_PROXY_ONLY_NOT_VALIDATED_OSMOTIC_PRESSURE,UNAVAILABLE_CHARGE_PROTONATION_MG_BINDING_ABSENT,dc43bcec367f52105fe8d1ba328e59b064935df5faf8f880e078b212a40183df
re0000000726,translation initiation / DISSOCIATION,initiation,Initiation_C,Initiation_C:re170,EXTRACTED_EXACT_STOICHIOMETRY,DISSOCIATION,"{""RS70S_IF2_GDP_fMettRNAfMetCAU_mRNA"": 1.0}","{""IF2_GDP"": 1.0, ""elRS70SAGGU0002_fMettRNAfMetCAU"": 1.0}",re0000000726_k1,4.0,1.0,0,0.0,0.0,0.0,0.0,0.0,0.0,0.0,0.0,0.0,0.0,0.0,0.0,0.0,0.0,0.0,0.0,0.0,0.0,UNRESOLVED_FORMULAS_ABSENT,UNRESOLVED_BOUND_MOIETIES_NOT_ANNOTATED,STOICHIOMETRIC_PROXY_ONLY_NOT_VALIDATED_OSMOTIC_PRESSURE,UNAVAILABLE_CHARGE_PROTONATION_MG_BINDING_ABSENT,dc43bcec367f52105fe8d1ba328e59b064935df5faf8f880e078b212a40183df
re0000000727,translation initiation / STATE_TRANSITION,initiation,Initiation_C,Initiation_C:re173,EXTRACTED_EXACT_STOICHIOMETRY,STATE_TRANSITION,"{""RS70S_IF3_IF2_GDP_fMettRNAfMetCAU_mRNA"": 1.0}","{""GDP"": 1.0, ""IF2_degraded"": 1.0, ""IF3"": 1.0, ""RS30S"": 1.0, ""RS50S"": 1.0, ""fMettRNAfMetCAU"": 1.0, ""mRNA"": 1.0}",re0000000727_k1,0.0,6.0,1.0,0.0,0.0,0.0,0.0,1.0,0.0,0.0,0.0,0.0,0.0,0.0,0.0,0.0,0.0,0.0,0.0,0.0,1.0,UNRESOLVED_FORMULAS_ABSENT,UNRESOLVED_BOUND_MOIETIES_NOT_ANNOTATED,STOICHIOMETRIC_PROXY_ONLY_NOT_VALIDATED_OSMOTIC_PRESSURE,UNAVAILABLE_CHARGE_PROTONATION_MG_BINDING_ABSENT,dc43bcec367f52105fe8d1ba328e59b064935df5faf8f880e078b212a40183df
re0000000728,translation initiation / STATE_TRANSITION,initiation,Initiation_C,Initiation_C:re174,EXTRACTED_EXACT_STOICHIOMETRY,STATE_TRANSITION,"{""RS70S_IF3_IF2_GDP_fMettRNAfMetCAU_mRNA"": 1.0}","{""GDP"": 1.0, ""IF2"": 1.0, ""IF3"": 1.0, ""RS30S"": 1.0, ""RS50S_degraded"": 1.0, ""fMettRNAfMetCAU"": 1.0, ""mRNA"": 1.0}",re0000000728_k1,0.0,6.0,1.0,0.0,0.0,0.0,0.0,1.0,0.0,0.0,0.0,0.0,0.0,0.0,0.0,0.0,0.0,0.0,0.0,0.0,1.0,UNRESOLVED_FORMULAS_ABSENT,UNRESOLVED_BOUND_MOIETIES_NOT_ANNOTATED,STOICHIOMETRIC_PROXY_ONLY_NOT_VALIDATED_OSMOTIC_PRESSURE,UNAVAILABLE_CHARGE_PROTONATION_MG_BINDING_ABSENT,dc43bcec367f52105fe8d1ba328e59b064935df5faf8f880e078b212a40183df
re0000000729,translation initiation / STATE_TRANSITION,initiation,Initiation_C,Initiation_C:re175,EXTRACTED_EXACT_STOICHIOMETRY,STATE_TRANSITION,"{""RS70S_IF3_IF2_GDP_fMettRNAfMetCAU_mRNA"": 1.0}","{""GDP"": 1.0, ""IF2"": 1.0, ""IF3_degraded"": 1.0, ""RS30S"": 1.0, ""RS50S"": 1.0, ""fMettRNAfMetCAU"": 1.0, ""mRNA"": 1.0}",re0000000729_k1,0.0,6.0,1.0,0.0,0.0,0.0,0.0,1.0,0.0,0.0,0.0,0.0,0.0,0.0,0.0,0.0,0.0,0.0,0.0,0.0,1.0,UNRESOLVED_FORMULAS_ABSENT,UNRESOLVED_BOUND_MOIETIES_NOT_ANNOTATED,STOICHIOMETRIC_PROXY_ONLY_NOT_VALIDATED_OSMOTIC_PRESSURE,UNAVAILABLE_CHARGE_PROTONATION_MG_BINDING_ABSENT,dc43bcec367f52105fe8d1ba328e59b064935df5faf8f880e078b212a40183df
re0000000730,translation initiation / STATE_TRANSITION,initiation,Initiation_C,Initiation_C:re176,EXTRACTED_EXACT_STOICHIOMETRY,STATE_TRANSITION,"{""RS70S_IF3_IF2_GDP_fMettRNAfMetCAU_mRNA"": 1.0}","{""GDP"": 1.0, ""IF2"": 1.0, ""IF3"": 1.0, ""RS30S_degraded"": 1.0, ""RS50S"": 1.0, ""fMettRNAfMetCAU"": 1.0, ""mRNA"": 1.0}",re0000000730_k1,0.0,6.0,1.0,0.0,0.0,0.0,0.0,1.0,0.0,0.0,0.0,0.0,0.0,0.0,0.0,0.0,0.0,0.0,0.0,0.0,1.0,UNRESOLVED_FORMULAS_ABSENT,UNRESOLVED_BOUND_MOIETIES_NOT_ANNOTATED,STOICHIOMETRIC_PROXY_ONLY_NOT_VALIDATED_OSMOTIC_PRESSURE,UNAVAILABLE_CHARGE_PROTONATION_MG_BINDING_ABSENT,dc43bcec367f52105fe8d1ba328e59b064935df5faf8f880e078b212a40183df
re0000000731,translation initiation / STATE_TRANSITION,initiation,Initiation_C,Initiation_C:re177,EXTRACTED_EXACT_STOICHIOMETRY,STATE_TRANSITION,"{""RS70S_IF1_IF3_IF2_GDP_fMettRNAfMetCAU_mRNA"": 1.0}","{""GDP"": 1.0, ""IF1"": 1.0, ""IF2"": 1.0, ""IF3"": 1.0, ""RS30S_degraded"": 1.0, ""RS50S"": 1.0, ""fMettRNAfMetCAU"": 1.0, ""mRNA"": 1.0}",re0000000731_k1,0.0,7.0,1.0,0.0,0.0,0.0,0.0,1.0,0.0,0.0,0.0,0.0,0.0,0.0,0.0,0.0,0.0,0.0,0.0,0.0,1.0,UNRESOLVED_FORMULAS_ABSENT,UNRESOLVED_BOUND_MOIETIES_NOT_ANNOTATED,STOICHIOMETRIC_PROXY_ONLY_NOT_VALIDATED_OSMOTIC_PRESSURE,UNAVAILABLE_CHARGE_PROTONATION_MG_BINDING_ABSENT,dc43bcec367f52105fe8d1ba328e59b064935df5faf8f880e078b212a40183df
re0000000732,translation initiation / STATE_TRANSITION,initiation,Initiation_C,Initiation_C:re178,EXTRACTED_EXACT_STOICHIOMETRY,STATE_TRANSITION,"{""RS70S_IF1_IF3_IF2_GDP_fMettRNAfMetCAU_mRNA"": 1.0}","{""GDP"": 1.0, ""IF1"": 1.0, ""IF2_degraded"": 1.0, ""IF3"": 1.0, ""RS30S"": 1.0, ""RS50S"": 1.0, ""fMettRNAfMetCAU"": 1.0, ""mRNA"": 1.0}",re0000000732_k1,0.0,7.0,1.0,0.0,0.0,0.0,0.0,1.0,0.0,0.0,0.0,0.0,0.0,0.0,0.0,0.0,0.0,0.0,0.0,0.0,1.0,UNRESOLVED_FORMULAS_ABSENT,UNRESOLVED_BOUND_MOIETIES_NOT_ANNOTATED,STOICHIOMETRIC_PROXY_ONLY_NOT_VALIDATED_OSMOTIC_PRESSURE,UNAVAILABLE_CHARGE_PROTONATION_MG_BINDING_ABSENT,dc43bcec367f52105fe8d1ba328e59b064935df5faf8f880e078b212a40183df
re0000000733,translation initiation / STATE_TRANSITION,initiation,Initiation_C,Initiation_C:re179,EXTRACTED_EXACT_STOICHIOMETRY,STATE_TRANSITION,"{""RS70S_IF1_IF3_IF2_GDP_fMettRNAfMetCAU_mRNA"": 1.0}","{""GDP"": 1.0, ""IF1"": 1.0, ""IF2"": 1.0, ""IF3"": 1.0, ""RS30S"": 1.0, ""RS50S_degraded"": 1.0, ""fMettRNAfMetCAU"": 1.0, ""mRNA"": 1.0}",re0000000733_k1,0.0,7.0,1.0,0.0,0.0,0.0,0.0,1.0,0.0,0.0,0.0,0.0,0.0,0.0,0.0,0.0,0.0,0.0,0.0,0.0,1.0,UNRESOLVED_FORMULAS_ABSENT,UNRESOLVED_BOUND_MOIETIES_NOT_ANNOTATED,STOICHIOMETRIC_PROXY_ONLY_NOT_VALIDATED_OSMOTIC_PRESSURE,UNAVAILABLE_CHARGE_PROTONATION_MG_BINDING_ABSENT,dc43bcec367f52105fe8d1ba328e59b064935df5faf8f880e078b212a40183df
re0000000734,translation initiation / STATE_TRANSITION,initiation,Initiation_C,Initiation_C:re180,EXTRACTED_EXACT_STOICHIOMETRY,STATE_TRANSITION,"{""RS70S_IF1_IF3_IF2_GDP_fMettRNAfMetCAU_mRNA"": 1.0}","{""GDP"": 1.0, ""IF1_degraded"": 1.0, ""IF2"": 1.0, ""IF3"": 1.0, ""RS30S"": 1.0, ""RS50S"": 1.0, ""fMettRNAfMetCAU"": 1.0, ""mRNA"": 1.0}",re0000000734_k1,0.0,7.0,1.0,0.0,0.0,0.0,0.0,1.0,0.0,0.0,0.0,0.0,0.0,0.0,0.0,0.0,0.0,0.0,0.0,0.0,1.0,UNRESOLVED_FORMULAS_ABSENT,UNRESOLVED_BOUND_MOIETIES_NOT_ANNOTATED,STOICHIOMETRIC_PROXY_ONLY_NOT_VALIDATED_OSMOTIC_PRESSURE,UNAVAILABLE_CHARGE_PROTONATION_MG_BINDING_ABSENT,dc43bcec367f52105fe8d1ba328e59b064935df5faf8f880e078b212a40183df
re0000000735,translation initiation / STATE_TRANSITION,initiation,Initiation_C,Initiation_C:re181,EXTRACTED_EXACT_STOICHIOMETRY,STATE_TRANSITION,"{""RS70S_IF1_IF3_IF2_GDP_fMettRNAfMetCAU_mRNA"": 1.0}","{""GDP"": 1.0, ""IF1"": 1.0, ""IF2"": 1.0, ""IF3_degraded"": 1.0, ""RS30S"": 1.0, ""RS50S"": 1.0, ""fMettRNAfMetCAU"": 1.0, ""mRNA"": 1.0}",re0000000735_k1,0.0,7.0,1.0,0.0,0.0,0.0,0.0,1.0,0.0,0.0,0.0,0.0,0.0,0.0,0.0,0.0,0.0,0.0,0.0,0.0,1.0,UNRESOLVED_FORMULAS_ABSENT,UNRESOLVED_BOUND_MOIETIES_NOT_ANNOTATED,STOICHIOMETRIC_PROXY_ONLY_NOT_VALIDATED_OSMOTIC_PRESSURE,UNAVAILABLE_CHARGE_PROTONATION_MG_BINDING_ABSENT,dc43bcec367f52105fe8d1ba328e59b064935df5faf8f880e078b212a40183df
re0000000736,translation initiation / STATE_TRANSITION,initiation,Initiation_C,Initiation_C:re182,EXTRACTED_EXACT_STOICHIOMETRY,STATE_TRANSITION,"{""RS70S_IF3_IF2_GDP_PO4_fMettRNAfMetCAU_mRNA"": 1.0}","{""GDP"": 1.0, ""IF2_degraded"": 1.0, ""IF3"": 1.0, ""PO4"": 1.0, ""RS30S"": 1.0, ""RS50S"": 1.0, ""fMettRNAfMetCAU"": 1.0, ""mRNA"": 1.0}",re0000000736_k1,0.0,7.0,2.0,0.0,0.0,0.0,0.0,1.0,0.0,1.0,0.0,0.0,0.0,0.0,0.0,0.0,0.0,0.0,0.0,0.0,1.0,UNRESOLVED_FORMULAS_ABSENT,UNRESOLVED_BOUND_MOIETIES_NOT_ANNOTATED,STOICHIOMETRIC_PROXY_ONLY_NOT_VALIDATED_OSMOTIC_PRESSURE,UNAVAILABLE_CHARGE_PROTONATION_MG_BINDING_ABSENT,dc43bcec367f52105fe8d1ba328e59b064935df5faf8f880e078b212a40183df
re0000000737,translation initiation / STATE_TRANSITION,initiation,Initiation_C,Initiation_C:re183,EXTRACTED_EXACT_STOICHIOMETRY,STATE_TRANSITION,"{""RS70S_IF3_IF2_GDP_PO4_fMettRNAfMetCAU_mRNA"": 1.0}","{""GDP"": 1.0, ""IF2"": 1.0, ""IF3"": 1.0, ""PO4"": 1.0, ""RS30S"": 1.0, ""RS50S_degraded"": 1.0, ""fMettRNAfMetCAU"": 1.0, ""mRNA"": 1.0}",re0000000737_k1,0.0,7.0,2.0,0.0,0.0,0.0,0.0,1.0,0.0,1.0,0.0,0.0,0.0,0.0,0.0,0.0,0.0,0.0,0.0,0.0,1.0,UNRESOLVED_FORMULAS_ABSENT,UNRESOLVED_BOUND_MOIETIES_NOT_ANNOTATED,STOICHIOMETRIC_PROXY_ONLY_NOT_VALIDATED_OSMOTIC_PRESSURE,UNAVAILABLE_CHARGE_PROTONATION_MG_BINDING_ABSENT,dc43bcec367f52105fe8d1ba328e59b064935df5faf8f880e078b212a40183df
re0000000738,translation initiation / STATE_TRANSITION,initiation,Initiation_C,Initiation_C:re184,EXTRACTED_EXACT_STOICHIOMETRY,STATE_TRANSITION,"{""RS70S_IF3_IF2_GDP_PO4_fMettRNAfMetCAU_mRNA"": 1.0}","{""GDP"": 1.0, ""IF2"": 1.0, ""IF3_degraded"": 1.0, ""PO4"": 1.0, ""RS30S"": 1.0, ""RS50S"": 1.0, ""fMettRNAfMetCAU"": 1.0, ""mRNA"": 1.0}",re0000000738_k1,0.0,7.0,2.0,0.0,0.0,0.0,0.0,1.0,0.0,1.0,0.0,0.0,0.0,0.0,0.0,0.0,0.0,0.0,0.0,0.0,1.0,UNRESOLVED_FORMULAS_ABSENT,UNRESOLVED_BOUND_MOIETIES_NOT_ANNOTATED,STOICHIOMETRIC_PROXY_ONLY_NOT_VALIDATED_OSMOTIC_PRESSURE,UNAVAILABLE_CHARGE_PROTONATION_MG_BINDING_ABSENT,dc43bcec367f52105fe8d1ba328e59b064935df5faf8f880e078b212a40183df
re0000000739,translation initiation / STATE_TRANSITION,initiation,Initiation_C,Initiation_C:re185,EXTRACTED_EXACT_STOICHIOMETRY,STATE_TRANSITION,"{""RS70S_IF3_IF2_GDP_PO4_fMettRNAfMetCAU_mRNA"": 1.0}","{""GDP"": 1.0, ""IF2"": 1.0, ""IF3"": 1.0, ""PO4"": 1.0, ""RS30S_degraded"": 1.0, ""RS50S"": 1.0, ""fMettRNAfMetCAU"": 1.0, ""mRNA"": 1.0}",re0000000739_k1,0.0,7.0,2.0,0.0,0.0,0.0,0.0,1.0,0.0,1.0,0.0,0.0,0.0,0.0,0.0,0.0,0.0,0.0,0.0,0.0,1.0,UNRESOLVED_FORMULAS_ABSENT,UNRESOLVED_BOUND_MOIETIES_NOT_ANNOTATED,STOICHIOMETRIC_PROXY_ONLY_NOT_VALIDATED_OSMOTIC_PRESSURE,UNAVAILABLE_CHARGE_PROTONATION_MG_BINDING_ABSENT,dc43bcec367f52105fe8d1ba328e59b064935df5faf8f880e078b212a40183df
re0000000740,translation initiation / STATE_TRANSITION,initiation,Initiation_C,Initiation_C:re201,EXTRACTED_EXACT_STOICHIOMETRY,STATE_TRANSITION,"{""RS70S_IF1_IF3_IF2_GDP_PO4_fMettRNAfMetCAU_mRNA"": 1.0}","{""GDP"": 1.0, ""IF1"": 1.0, ""IF2"": 1.0, ""IF3"": 1.0, ""PO4"": 1.0, ""RS30S_degraded"": 1.0, ""RS50S"": 1.0, ""fMettRNAfMetCAU"": 1.0, ""mRNA"": 1.0}",re0000000740_k1,0.0,8.0,2.0,0.0,0.0,0.0,0.0,1.0,0.0,1.0,0.0,0.0,0.0,0.0,0.0,0.0,0.0,0.0,0.0,0.0,1.0,UNRESOLVED_FORMULAS_ABSENT,UNRESOLVED_BOUND_MOIETIES_NOT_ANNOTATED,STOICHIOMETRIC_PROXY_ONLY_NOT_VALIDATED_OSMOTIC_PRESSURE,UNAVAILABLE_CHARGE_PROTONATION_MG_BINDING_ABSENT,dc43bcec367f52105fe8d1ba328e59b064935df5faf8f880e078b212a40183df
re0000000741,translation initiation / STATE_TRANSITION,initiation,Initiation_C,Initiation_C:re202,EXTRACTED_EXACT_STOICHIOMETRY,STATE_TRANSITION,"{""RS70S_IF1_IF3_IF2_GDP_PO4_fMettRNAfMetCAU_mRNA"": 1.0}","{""GDP"": 1.0, ""IF1"": 1.0, ""IF2_degraded"": 1.0, ""IF3"": 1.0, ""PO4"": 1.0, ""RS30S"": 1.0, ""RS50S"": 1.0, ""fMettRNAfMetCAU"": 1.0, ""mRNA"": 1.0}",re0000000741_k1,0.0,8.0,2.0,0.0,0.0,0.0,0.0,1.0,0.0,1.0,0.0,0.0,0.0,0.0,0.0,0.0,0.0,0.0,0.0,0.0,1.0,UNRESOLVED_FORMULAS_ABSENT,UNRESOLVED_BOUND_MOIETIES_NOT_ANNOTATED,STOICHIOMETRIC_PROXY_ONLY_NOT_VALIDATED_OSMOTIC_PRESSURE,UNAVAILABLE_CHARGE_PROTONATION_MG_BINDING_ABSENT,dc43bcec367f52105fe8d1ba328e59b064935df5faf8f880e078b212a40183df
re0000000742,translation initiation / STATE_TRANSITION,initiation,Initiation_C,Initiation_C:re203,EXTRACTED_EXACT_STOICHIOMETRY,STATE_TRANSITION,"{""RS70S_IF1_IF3_IF2_GDP_PO4_fMettRNAfMetCAU_mRNA"": 1.0}","{""GDP"": 1.0, ""IF1"": 1.0, ""IF2"": 1.0, ""IF3"": 1.0, ""PO4"": 1.0, ""RS30S"": 1.0, ""RS50S_degraded"": 1.0, ""fMettRNAfMetCAU"": 1.0, ""mRNA"": 1.0}",re0000000742_k1,0.0,8.0,2.0,0.0,0.0,0.0,0.0,1.0,0.0,1.0,0.0,0.0,0.0,0.0,0.0,0.0,0.0,0.0,0.0,0.0,1.0,UNRESOLVED_FORMULAS_ABSENT,UNRESOLVED_BOUND_MOIETIES_NOT_ANNOTATED,STOICHIOMETRIC_PROXY_ONLY_NOT_VALIDATED_OSMOTIC_PRESSURE,UNAVAILABLE_CHARGE_PROTONATION_MG_BINDING_ABSENT,dc43bcec367f52105fe8d1ba328e59b064935df5faf8f880e078b212a40183df
re0000000743,translation initiation / STATE_TRANSITION,initiation,Initiation_C,Initiation_C:re204,EXTRACTED_EXACT_STOICHIOMETRY,STATE_TRANSITION,"{""RS70S_IF1_IF3_IF2_GDP_PO4_fMettRNAfMetCAU_mRNA"": 1.0}","{""GDP"": 1.0, ""IF1_degraded"": 1.0, ""IF2"": 1.0, ""IF3"": 1.0, ""PO4"": 1.0, ""RS30S"": 1.0, ""RS50S"": 1.0, ""fMettRNAfMetCAU"": 1.0, ""mRNA"": 1.0}",re0000000743_k1,0.0,8.0,2.0,0.0,0.0,0.0,0.0,1.0,0.0,1.0,0.0,0.0,0.0,0.0,0.0,0.0,0.0,0.0,0.0,0.0,1.0,UNRESOLVED_FORMULAS_ABSENT,UNRESOLVED_BOUND_MOIETIES_NOT_ANNOTATED,STOICHIOMETRIC_PROXY_ONLY_NOT_VALIDATED_OSMOTIC_PRESSURE,UNAVAILABLE_CHARGE_PROTONATION_MG_BINDING_ABSENT,dc43bcec367f52105fe8d1ba328e59b064935df5faf8f880e078b212a40183df
re0000000744,translation initiation / STATE_TRANSITION,initiation,Initiation_C,Initiation_C:re205,EXTRACTED_EXACT_STOICHIOMETRY,STATE_TRANSITION,"{""RS70S_IF1_IF3_IF2_GDP_PO4_fMettRNAfMetCAU_mRNA"": 1.0}","{""GDP"": 1.0, ""IF1"": 1.0, ""IF2"": 1.0, ""IF3_degraded"": 1.0, ""PO4"": 1.0, ""RS30S"": 1.0, ""RS50S"": 1.0, ""fMettRNAfMetCAU"": 1.0, ""mRNA"": 1.0}",re0000000744_k1,0.0,8.0,2.0,0.0,0.0,0.0,0.0,1.0,0.0,1.0,0.0,0.0,0.0,0.0,0.0,0.0,0.0,0.0,0.0,0.0,1.0,UNRESOLVED_FORMULAS_ABSENT,UNRESOLVED_BOUND_MOIETIES_NOT_ANNOTATED,STOICHIOMETRIC_PROXY_ONLY_NOT_VALIDATED_OSMOTIC_PRESSURE,UNAVAILABLE_CHARGE_PROTONATION_MG_BINDING_ABSENT,dc43bcec367f52105fe8d1ba328e59b064935df5faf8f880e078b212a40183df
re0000000745,translation initiation / HETERODIMER_ASSOCIATION,initiation,Initiation_C,Initiation_C:re209,EXTRACTED_EXACT_STOICHIOMETRY,HETERODIMER_ASSOCIATION,"{""PO4"": 1.0, ""RS70S_IF3_IF2_GDP_fMettRNAfMetCAU_mRNA"": 1.0}","{""RS70S_IF3_IF2_GDP_PO4_fMettRNAfMetCAU_mRNA"": 1.0}",re0000000745_k1,0.0,-1.0,-1.0,0.0,0.0,0.0,0.0,0.0,0.0,-1.0,0.0,0.0,0.0,0.0,0.0,0.0,0.0,0.0,0.0,0.0,0.0,UNRESOLVED_FORMULAS_ABSENT,UNRESOLVED_BOUND_MOIETIES_NOT_ANNOTATED,STOICHIOMETRIC_PROXY_ONLY_NOT_VALIDATED_OSMOTIC_PRESSURE,UNAVAILABLE_CHARGE_PROTONATION_MG_BINDING_ABSENT,dc43bcec367f52105fe8d1ba328e59b064935df5faf8f880e078b212a40183df
re0000000746,translation initiation / HETERODIMER_ASSOCIATION,initiation,Initiation_C,Initiation_C:re210,EXTRACTED_EXACT_STOICHIOMETRY,HETERODIMER_ASSOCIATION,"{""PO4"": 1.0, ""RS70S_IF1_IF3_IF2_GDP_fMettRNAfMetCAU_mRNA"": 1.0}","{""RS70S_IF1_IF3_IF2_GDP_PO4_fMettRNAfMetCAU_mRNA"": 1.0}",re0000000746_k1,0.0,-1.0,-1.0,0.0,0.0,0.0,0.0,0.0,0.0,-1.0,0.0,0.0,0.0,0.0,0.0,0.0,0.0,0.0,0.0,0.0,0.0,UNRESOLVED_FORMULAS_ABSENT,UNRESOLVED_BOUND_MOIETIES_NOT_ANNOTATED,STOICHIOMETRIC_PROXY_ONLY_NOT_VALIDATED_OSMOTIC_PRESSURE,UNAVAILABLE_CHARGE_PROTONATION_MG_BINDING_ABSENT,dc43bcec367f52105fe8d1ba328e59b064935df5faf8f880e078b212a40183df
re0000000747,translation initiation / DISSOCIATION,initiation,Initiation_C,Initiation_C:re211,EXTRACTED_EXACT_STOICHIOMETRY,DISSOCIATION,"{""RS70S_IF1_IF3_IF2_GDP_fMettRNAfMetCAU_mRNA"": 1.0}","{""IF3"": 1.0, ""RS70S_IF1_IF2_GDP_fMettRNAfMetCAU_mRNA"": 1.0}",re0000000747_k1,1000.0,1.0,0,0.0,0.0,0.0,0.0,0.0,0.0,0.0,0.0,0.0,0.0,0.0,0.0,0.0,0.0,0.0,0.0,0.0,0.0,UNRESOLVED_FORMULAS_ABSENT,UNRESOLVED_BOUND_MOIETIES_NOT_ANNOTATED,STOICHIOMETRIC_PROXY_ONLY_NOT_VALIDATED_OSMOTIC_PRESSURE,UNAVAILABLE_CHARGE_PROTONATION_MG_BINDING_ABSENT,dc43bcec367f52105fe8d1ba328e59b064935df5faf8f880e078b212a40183df
re0000000748,translation initiation / HETERODIMER_ASSOCIATION,initiation,Initiation_C,Initiation_C:re212,EXTRACTED_EXACT_STOICHIOMETRY,HETERODIMER_ASSOCIATION,"{""IF3"": 1.0, ""RS70S_IF1_IF2_GDP_fMettRNAfMetCAU_mRNA"": 1.0}","{""RS70S_IF1_IF3_IF2_GDP_fMettRNAfMetCAU_mRNA"": 1.0}",re0000000748_k1,0.0,-1.0,0,0.0,0.0,0.0,0.0,0.0,0.0,0.0,0.0,0.0,0.0,0.0,0.0,0.0,0.0,0.0,0.0,0.0,0.0,UNRESOLVED_FORMULAS_ABSENT,UNRESOLVED_BOUND_MOIETIES_NOT_ANNOTATED,STOICHIOMETRIC_PROXY_ONLY_NOT_VALIDATED_OSMOTIC_PRESSURE,UNAVAILABLE_CHARGE_PROTONATION_MG_BINDING_ABSENT,dc43bcec367f52105fe8d1ba328e59b064935df5faf8f880e078b212a40183df
re0000000749,translation initiation / DISSOCIATION,initiation,Initiation_C,Initiation_C:re213,EXTRACTED_EXACT_STOICHIOMETRY,DISSOCIATION,"{""RS70S_IF1_IF3_IF2_GDP_fMettRNAfMetCAU_mRNA"": 1.0}","{""IF2_GDP"": 1.0, ""RS70S_IF1_IF3_fMettRNAfMetCAU_mRNA"": 1.0}",re0000000749_k1,4.0,1.0,0,0.0,0.0,0.0,0.0,0.0,0.0,0.0,0.0,0.0,0.0,0.0,0.0,0.0,0.0,0.0,0.0,0.0,0.0,UNRESOLVED_FORMULAS_ABSENT,UNRESOLVED_BOUND_MOIETIES_NOT_ANNOTATED,STOICHIOMETRIC_PROXY_ONLY_NOT_VALIDATED_OSMOTIC_PRESSURE,UNAVAILABLE_CHARGE_PROTONATION_MG_BINDING_ABSENT,dc43bcec367f52105fe8d1ba328e59b064935df5faf8f880e078b212a40183df
re0000000750,translation initiation / HETERODIMER_ASSOCIATION,initiation,Initiation_C,Initiation_C:re214,EXTRACTED_EXACT_STOICHIOMETRY,HETERODIMER_ASSOCIATION,"{""IF2_GDP"": 1.0, ""RS70S_IF1_IF3_fMettRNAfMetCAU_mRNA"": 1.0}","{""RS70S_IF1_IF3_IF2_GDP_fMettRNAfMetCAU_mRNA"": 1.0}",re0000000750_k1,200.0,-1.0,0,0.0,0.0,0.0,0.0,0.0,0.0,0.0,0.0,0.0,0.0,0.0,0.0,0.0,0.0,0.0,0.0,0.0,0.0,UNRESOLVED_FORMULAS_ABSENT,UNRESOLVED_BOUND_MOIETIES_NOT_ANNOTATED,STOICHIOMETRIC_PROXY_ONLY_NOT_VALIDATED_OSMOTIC_PRESSURE,UNAVAILABLE_CHARGE_PROTONATION_MG_BINDING_ABSENT,dc43bcec367f52105fe8d1ba328e59b064935df5faf8f880e078b212a40183df
re0000000751,translation initiation / HETERODIMER_ASSOCIATION,initiation,Initiation_C,Initiation_C:re215,EXTRACTED_EXACT_STOICHIOMETRY,HETERODIMER_ASSOCIATION,"{""IF2_GDP"": 1.0, ""RS70S_IF3_fMettRNAfMetCAU_mRNA"": 1.0}","{""RS70S_IF3_IF2_GDP_fMettRNAfMetCAU_mRNA"": 1.0}",re0000000751_k1,200.0,-1.0,0,0.0,0.0,0.0,0.0,0.0,0.0,0.0,0.0,0.0,0.0,0.0,0.0,0.0,0.0,0.0,0.0,0.0,0.0,UNRESOLVED_FORMULAS_ABSENT,UNRESOLVED_BOUND_MOIETIES_NOT_ANNOTATED,STOICHIOMETRIC_PROXY_ONLY_NOT_VALIDATED_OSMOTIC_PRESSURE,UNAVAILABLE_CHARGE_PROTONATION_MG_BINDING_ABSENT,dc43bcec367f52105fe8d1ba328e59b064935df5faf8f880e078b212a40183df
re0000000752,translation initiation / HETERODIMER_ASSOCIATION,initiation,Initiation_C,Initiation_C:re216,EXTRACTED_EXACT_STOICHIOMETRY,HETERODIMER_ASSOCIATION,"{""IF2_GDP"": 1.0, ""elRS70SAGGU0002_fMettRNAfMetCAU"": 1.0}","{""RS70S_IF2_GDP_fMettRNAfMetCAU_mRNA"": 1.0}",re0000000752_k1,200.0,-1.0,0,0.0,0.0,0.0,0.0,0.0,0.0,0.0,0.0,0.0,0.0,0.0,0.0,0.0,0.0,0.0,0.0,0.0,0.0,UNRESOLVED_FORMULAS_ABSENT,UNRESOLVED_BOUND_MOIETIES_NOT_ANNOTATED,STOICHIOMETRIC_PROXY_ONLY_NOT_VALIDATED_OSMOTIC_PRESSURE,UNAVAILABLE_CHARGE_PROTONATION_MG_BINDING_ABSENT,dc43bcec367f52105fe8d1ba328e59b064935df5faf8f880e078b212a40183df
re0000000753,translation initiation / DISSOCIATION,initiation,Initiation_C,Initiation_C:re217,EXTRACTED_EXACT_STOICHIOMETRY,DISSOCIATION,"{""RS70S_IF1_IF3_fMettRNAfMetCAU_mRNA"": 1.0}","{""IF1"": 1.0, ""RS70S_IF3_fMettRNAfMetCAU_mRNA"": 1.0}",re0000000753_k1,1000.0,1.0,0,0.0,0.0,0.0,0.0,0.0,0.0,0.0,0.0,0.0,0.0,0.0,0.0,0.0,0.0,0.0,0.0,0.0,0.0,UNRESOLVED_FORMULAS_ABSENT,UNRESOLVED_BOUND_MOIETIES_NOT_ANNOTATED,STOICHIOMETRIC_PROXY_ONLY_NOT_VALIDATED_OSMOTIC_PRESSURE,UNAVAILABLE_CHARGE_PROTONATION_MG_BINDING_ABSENT,dc43bcec367f52105fe8d1ba328e59b064935df5faf8f880e078b212a40183df
re0000000754,translation initiation / HETERODIMER_ASSOCIATION,initiation,Initiation_C,Initiation_C:re218,EXTRACTED_EXACT_STOICHIOMETRY,HETERODIMER_ASSOCIATION,"{""IF1"": 1.0, ""RS70S_IF3_fMettRNAfMetCAU_mRNA"": 1.0}","{""RS70S_IF1_IF3_fMettRNAfMetCAU_mRNA"": 1.0}",re0000000754_k1,0.0,-1.0,0,0.0,0.0,0.0,0.0,0.0,0.0,0.0,0.0,0.0,0.0,0.0,0.0,0.0,0.0,0.0,0.0,0.0,0.0,UNRESOLVED_FORMULAS_ABSENT,UNRESOLVED_BOUND_MOIETIES_NOT_ANNOTATED,STOICHIOMETRIC_PROXY_ONLY_NOT_VALIDATED_OSMOTIC_PRESSURE,UNAVAILABLE_CHARGE_PROTONATION_MG_BINDING_ABSENT,dc43bcec367f52105fe8d1ba328e59b064935df5faf8f880e078b212a40183df
re0000000755,translation initiation / DISSOCIATION,initiation,Initiation_C,Initiation_C:re219,EXTRACTED_EXACT_STOICHIOMETRY,DISSOCIATION,"{""RS70S_IF3_IF2_GDP_fMettRNAfMetCAU_mRNA"": 1.0}","{""IF3"": 1.0, ""RS70S_IF2_GDP_fMettRNAfMetCAU_mRNA"": 1.0}",re0000000755_k1,1000.0,1.0,0,0.0,0.0,0.0,0.0,0.0,0.0,0.0,0.0,0.0,0.0,0.0,0.0,0.0,0.0,0.0,0.0,0.0,0.0,UNRESOLVED_FORMULAS_ABSENT,UNRESOLVED_BOUND_MOIETIES_NOT_ANNOTATED,STOICHIOMETRIC_PROXY_ONLY_NOT_VALIDATED_OSMOTIC_PRESSURE,UNAVAILABLE_CHARGE_PROTONATION_MG_BINDING_ABSENT,dc43bcec367f52105fe8d1ba328e59b064935df5faf8f880e078b212a40183df
re0000000756,translation initiation / HETERODIMER_ASSOCIATION,initiation,Initiation_C,Initiation_C:re220,EXTRACTED_EXACT_STOICHIOMETRY,HETERODIMER_ASSOCIATION,"{""IF3"": 1.0, ""RS70S_IF2_GDP_fMettRNAfMetCAU_mRNA"": 1.0}","{""RS70S_IF3_IF2_GDP_fMettRNAfMetCAU_mRNA"": 1.0}",re0000000756_k1,0.0,-1.0,0,0.0,0.0,0.0,0.0,0.0,0.0,0.0,0.0,0.0,0.0,0.0,0.0,0.0,0.0,0.0,0.0,0.0,0.0,UNRESOLVED_FORMULAS_ABSENT,UNRESOLVED_BOUND_MOIETIES_NOT_ANNOTATED,STOICHIOMETRIC_PROXY_ONLY_NOT_VALIDATED_OSMOTIC_PRESSURE,UNAVAILABLE_CHARGE_PROTONATION_MG_BINDING_ABSENT,dc43bcec367f52105fe8d1ba328e59b064935df5faf8f880e078b212a40183df
re0000000757,translation initiation / DISSOCIATION,initiation,Initiation_C,Initiation_C:re221,EXTRACTED_EXACT_STOICHIOMETRY,DISSOCIATION,"{""RS70S_IF1_IF2_GDP_fMettRNAfMetCAU_mRNA"": 1.0}","{""IF1"": 1.0, ""RS70S_IF2_GDP_fMettRNAfMetCAU_mRNA"": 1.0}",re0000000757_k1,1000.0,1.0,0,0.0,0.0,0.0,0.0,0.0,0.0,0.0,0.0,0.0,0.0,0.0,0.0,0.0,0.0,0.0,0.0,0.0,0.0,UNRESOLVED_FORMULAS_ABSENT,UNRESOLVED_BOUND_MOIETIES_NOT_ANNOTATED,STOICHIOMETRIC_PROXY_ONLY_NOT_VALIDATED_OSMOTIC_PRESSURE,UNAVAILABLE_CHARGE_PROTONATION_MG_BINDING_ABSENT,dc43bcec367f52105fe8d1ba328e59b064935df5faf8f880e078b212a40183df
re0000000758,translation initiation / HETERODIMER_ASSOCIATION,initiation,Initiation_C,Initiation_C:re223,EXTRACTED_EXACT_STOICHIOMETRY,HETERODIMER_ASSOCIATION,"{""IF1"": 1.0, ""RS70S_IF2_GDP_fMettRNAfMetCAU_mRNA"": 1.0}","{""RS70S_IF1_IF2_GDP_fMettRNAfMetCAU_mRNA"": 1.0}",re0000000758_k1,0.0,-1.0,0,0.0,0.0,0.0,0.0,0.0,0.0,0.0,0.0,0.0,0.0,0.0,0.0,0.0,0.0,0.0,0.0,0.0,0.0,UNRESOLVED_FORMULAS_ABSENT,UNRESOLVED_BOUND_MOIETIES_NOT_ANNOTATED,STOICHIOMETRIC_PROXY_ONLY_NOT_VALIDATED_OSMOTIC_PRESSURE,UNAVAILABLE_CHARGE_PROTONATION_MG_BINDING_ABSENT,dc43bcec367f52105fe8d1ba328e59b064935df5faf8f880e078b212a40183df
re0000000759,translation initiation / DISSOCIATION,initiation,Initiation_C,Initiation_C:re224,EXTRACTED_EXACT_STOICHIOMETRY,DISSOCIATION,"{""RS70S_IF1_IF2_GDP_fMettRNAfMetCAU_mRNA"": 1.0}","{""IF2_GDP"": 1.0, ""RS70S_IF1_fMettRNAfMetCAU_mRNA"": 1.0}",re0000000759_k1,4.0,1.0,0,0.0,0.0,0.0,0.0,0.0,0.0,0.0,0.0,0.0,0.0,0.0,0.0,0.0,0.0,0.0,0.0,0.0,0.0,UNRESOLVED_FORMULAS_ABSENT,UNRESOLVED_BOUND_MOIETIES_NOT_ANNOTATED,STOICHIOMETRIC_PROXY_ONLY_NOT_VALIDATED_OSMOTIC_PRESSURE,UNAVAILABLE_CHARGE_PROTONATION_MG_BINDING_ABSENT,dc43bcec367f52105fe8d1ba328e59b064935df5faf8f880e078b212a40183df
re0000000760,translation initiation / HETERODIMER_ASSOCIATION,initiation,Initiation_C,Initiation_C:re225,EXTRACTED_EXACT_STOICHIOMETRY,HETERODIMER_ASSOCIATION,"{""IF2_GDP"": 1.0, ""RS70S_IF1_fMettRNAfMetCAU_mRNA"": 1.0}","{""RS70S_IF1_IF2_GDP_fMettRNAfMetCAU_mRNA"": 1.0}",re0000000760_k1,200.0,-1.0,0,0.0,0.0,0.0,0.0,0.0,0.0,0.0,0.0,0.0,0.0,0.0,0.0,0.0,0.0,0.0,0.0,0.0,0.0,UNRESOLVED_FORMULAS_ABSENT,UNRESOLVED_BOUND_MOIETIES_NOT_ANNOTATED,STOICHIOMETRIC_PROXY_ONLY_NOT_VALIDATED_OSMOTIC_PRESSURE,UNAVAILABLE_CHARGE_PROTONATION_MG_BINDING_ABSENT,dc43bcec367f52105fe8d1ba328e59b064935df5faf8f880e078b212a40183df
re0000000761,translation initiation / DISSOCIATION,initiation,Initiation_C,Initiation_C:re226,EXTRACTED_EXACT_STOICHIOMETRY,DISSOCIATION,"{""RS70S_IF1_IF3_fMettRNAfMetCAU_mRNA"": 1.0}","{""IF3"": 1.0, ""RS70S_IF1_fMettRNAfMetCAU_mRNA"": 1.0}",re0000000761_k1,1000.0,1.0,0,0.0,0.0,0.0,0.0,0.0,0.0,0.0,0.0,0.0,0.0,0.0,0.0,0.0,0.0,0.0,0.0,0.0,0.0,UNRESOLVED_FORMULAS_ABSENT,UNRESOLVED_BOUND_MOIETIES_NOT_ANNOTATED,STOICHIOMETRIC_PROXY_ONLY_NOT_VALIDATED_OSMOTIC_PRESSURE,UNAVAILABLE_CHARGE_PROTONATION_MG_BINDING_ABSENT,dc43bcec367f52105fe8d1ba328e59b064935df5faf8f880e078b212a40183df
re0000000762,translation initiation / HETERODIMER_ASSOCIATION,initiation,Initiation_C,Initiation_C:re227,EXTRACTED_EXACT_STOICHIOMETRY,HETERODIMER_ASSOCIATION,"{""IF3"": 1.0, ""RS70S_IF1_fMettRNAfMetCAU_mRNA"": 1.0}","{""RS70S_IF1_IF3_fMettRNAfMetCAU_mRNA"": 1.0}",re0000000762_k1,0.0,-1.0,0,0.0,0.0,0.0,0.0,0.0,0.0,0.0,0.0,0.0,0.0,0.0,0.0,0.0,0.0,0.0,0.0,0.0,0.0,UNRESOLVED_FORMULAS_ABSENT,UNRESOLVED_BOUND_MOIETIES_NOT_ANNOTATED,STOICHIOMETRIC_PROXY_ONLY_NOT_VALIDATED_OSMOTIC_PRESSURE,UNAVAILABLE_CHARGE_PROTONATION_MG_BINDING_ABSENT,dc43bcec367f52105fe8d1ba328e59b064935df5faf8f880e078b212a40183df
re0000000763,translation initiation / DISSOCIATION,initiation,Initiation_C,Initiation_C:re228,EXTRACTED_EXACT_STOICHIOMETRY,DISSOCIATION,"{""RS70S_IF3_fMettRNAfMetCAU_mRNA"": 1.0}","{""IF3"": 1.0, ""elRS70SAGGU0002_fMettRNAfMetCAU"": 1.0}",re0000000763_k1,1000.0,1.0,0,0.0,0.0,0.0,0.0,0.0,0.0,0.0,0.0,0.0,0.0,0.0,0.0,0.0,0.0,0.0,0.0,0.0,0.0,UNRESOLVED_FORMULAS_ABSENT,UNRESOLVED_BOUND_MOIETIES_NOT_ANNOTATED,STOICHIOMETRIC_PROXY_ONLY_NOT_VALIDATED_OSMOTIC_PRESSURE,UNAVAILABLE_CHARGE_PROTONATION_MG_BINDING_ABSENT,dc43bcec367f52105fe8d1ba328e59b064935df5faf8f880e078b212a40183df
re0000000764,translation initiation / HETERODIMER_ASSOCIATION,initiation,Initiation_C,Initiation_C:re229,EXTRACTED_EXACT_STOICHIOMETRY,HETERODIMER_ASSOCIATION,"{""IF3"": 1.0, ""elRS70SAGGU0002_fMettRNAfMetCAU"": 1.0}","{""RS70S_IF3_fMettRNAfMetCAU_mRNA"": 1.0}",re0000000764_k1,0.0,-1.0,0,0.0,0.0,0.0,0.0,0.0,0.0,0.0,0.0,0.0,0.0,0.0,0.0,0.0,0.0,0.0,0.0,0.0,0.0,UNRESOLVED_FORMULAS_ABSENT,UNRESOLVED_BOUND_MOIETIES_NOT_ANNOTATED,STOICHIOMETRIC_PROXY_ONLY_NOT_VALIDATED_OSMOTIC_PRESSURE,UNAVAILABLE_CHARGE_PROTONATION_MG_BINDING_ABSENT,dc43bcec367f52105fe8d1ba328e59b064935df5faf8f880e078b212a40183df
re0000000765,translation initiation / DISSOCIATION,initiation,Initiation_C,Initiation_C:re230,EXTRACTED_EXACT_STOICHIOMETRY,DISSOCIATION,"{""RS70S_IF1_fMettRNAfMetCAU_mRNA"": 1.0}","{""IF1"": 1.0, ""elRS70SAGGU0002_fMettRNAfMetCAU"": 1.0}",re0000000765_k1,1000.0,1.0,0,0.0,0.0,0.0,0.0,0.0,0.0,0.0,0.0,0.0,0.0,0.0,0.0,0.0,0.0,0.0,0.0,0.0,0.0,UNRESOLVED_FORMULAS_ABSENT,UNRESOLVED_BOUND_MOIETIES_NOT_ANNOTATED,STOICHIOMETRIC_PROXY_ONLY_NOT_VALIDATED_OSMOTIC_PRESSURE,UNAVAILABLE_CHARGE_PROTONATION_MG_BINDING_ABSENT,dc43bcec367f52105fe8d1ba328e59b064935df5faf8f880e078b212a40183df
re0000000766,translation initiation / HETERODIMER_ASSOCIATION,initiation,Initiation_C,Initiation_C:re231,EXTRACTED_EXACT_STOICHIOMETRY,HETERODIMER_ASSOCIATION,"{""IF1"": 1.0, ""elRS70SAGGU0002_fMettRNAfMetCAU"": 1.0}","{""RS70S_IF1_fMettRNAfMetCAU_mRNA"": 1.0}",re0000000766_k1,0.0,-1.0,0,0.0,0.0,0.0,0.0,0.0,0.0,0.0,0.0,0.0,0.0,0.0,0.0,0.0,0.0,0.0,0.0,0.0,0.0,UNRESOLVED_FORMULAS_ABSENT,UNRESOLVED_BOUND_MOIETIES_NOT_ANNOTATED,STOICHIOMETRIC_PROXY_ONLY_NOT_VALIDATED_OSMOTIC_PRESSURE,UNAVAILABLE_CHARGE_PROTONATION_MG_BINDING_ABSENT,dc43bcec367f52105fe8d1ba328e59b064935df5faf8f880e078b212a40183df
re0000000767,translation initiation / STATE_TRANSITION,initiation,Initiation_C,Initiation_C:re232,EXTRACTED_EXACT_STOICHIOMETRY,STATE_TRANSITION,"{""RS70S_IF2_GDP_fMettRNAfMetCAU_mRNA"": 1.0}","{""GDP"": 1.0, ""IF2"": 1.0, ""RS30S_degraded"": 1.0, ""RS50S"": 1.0, ""fMettRNAfMetCAU"": 1.0, ""mRNA"": 1.0}",re0000000767_k1,0.0,5.0,1.0,0.0,0.0,0.0,0.0,1.0,0.0,0.0,0.0,0.0,0.0,0.0,0.0,0.0,0.0,0.0,0.0,0.0,1.0,UNRESOLVED_FORMULAS_ABSENT,UNRESOLVED_BOUND_MOIETIES_NOT_ANNOTATED,STOICHIOMETRIC_PROXY_ONLY_NOT_VALIDATED_OSMOTIC_PRESSURE,UNAVAILABLE_CHARGE_PROTONATION_MG_BINDING_ABSENT,dc43bcec367f52105fe8d1ba328e59b064935df5faf8f880e078b212a40183df
re0000000768,translation initiation / STATE_TRANSITION,initiation,Initiation_C,Initiation_C:re233,EXTRACTED_EXACT_STOICHIOMETRY,STATE_TRANSITION,"{""RS70S_IF2_GDP_fMettRNAfMetCAU_mRNA"": 1.0}","{""GDP"": 1.0, ""IF2_degraded"": 1.0, ""RS30S"": 1.0, ""RS50S"": 1.0, ""fMettRNAfMetCAU"": 1.0, ""mRNA"": 1.0}",re0000000768_k1,0.0,5.0,1.0,0.0,0.0,0.0,0.0,1.0,0.0,0.0,0.0,0.0,0.0,0.0,0.0,0.0,0.0,0.0,0.0,0.0,1.0,UNRESOLVED_FORMULAS_ABSENT,UNRESOLVED_BOUND_MOIETIES_NOT_ANNOTATED,STOICHIOMETRIC_PROXY_ONLY_NOT_VALIDATED_OSMOTIC_PRESSURE,UNAVAILABLE_CHARGE_PROTONATION_MG_BINDING_ABSENT,dc43bcec367f52105fe8d1ba328e59b064935df5faf8f880e078b212a40183df
re0000000769,translation initiation / STATE_TRANSITION,initiation,Initiation_C,Initiation_C:re234,EXTRACTED_EXACT_STOICHIOMETRY,STATE_TRANSITION,"{""RS70S_IF2_GDP_fMettRNAfMetCAU_mRNA"": 1.0}","{""GDP"": 1.0, ""IF2"": 1.0, ""RS30S"": 1.0, ""RS50S_degraded"": 1.0, ""fMettRNAfMetCAU"": 1.0, ""mRNA"": 1.0}",re0000000769_k1,0.0,5.0,1.0,0.0,0.0,0.0,0.0,1.0,0.0,0.0,0.0,0.0,0.0,0.0,0.0,0.0,0.0,0.0,0.0,0.0,1.0,UNRESOLVED_FORMULAS_ABSENT,UNRESOLVED_BOUND_MOIETIES_NOT_ANNOTATED,STOICHIOMETRIC_PROXY_ONLY_NOT_VALIDATED_OSMOTIC_PRESSURE,UNAVAILABLE_CHARGE_PROTONATION_MG_BINDING_ABSENT,dc43bcec367f52105fe8d1ba328e59b064935df5faf8f880e078b212a40183df
re0000000770,translation initiation / STATE_TRANSITION,initiation,Initiation_C,Initiation_C:re237,EXTRACTED_EXACT_STOICHIOMETRY,STATE_TRANSITION,"{""RS70S_IF3_fMettRNAfMetCAU_mRNA"": 1.0}","{""IF3"": 1.0, ""RS30S_degraded"": 1.0, ""RS50S"": 1.0, ""fMettRNAfMetCAU"": 1.0, ""mRNA"": 1.0}",re0000000770_k1,0.0,4.0,0,0.0,0.0,0.0,0.0,0.0,0.0,0.0,0.0,0.0,0.0,0.0,0.0,0.0,0.0,0.0,0.0,0.0,1.0,UNRESOLVED_FORMULAS_ABSENT,UNRESOLVED_BOUND_MOIETIES_NOT_ANNOTATED,STOICHIOMETRIC_PROXY_ONLY_NOT_VALIDATED_OSMOTIC_PRESSURE,UNAVAILABLE_CHARGE_PROTONATION_MG_BINDING_ABSENT,dc43bcec367f52105fe8d1ba328e59b064935df5faf8f880e078b212a40183df
re0000000771,translation initiation / STATE_TRANSITION,initiation,Initiation_C,Initiation_C:re239,EXTRACTED_EXACT_STOICHIOMETRY,STATE_TRANSITION,"{""RS70S_IF3_fMettRNAfMetCAU_mRNA"": 1.0}","{""IF3"": 1.0, ""RS30S"": 1.0, ""RS50S_degraded"": 1.0, ""fMettRNAfMetCAU"": 1.0, ""mRNA"": 1.0}",re0000000771_k1,0.0,4.0,0,0.0,0.0,0.0,0.0,0.0,0.0,0.0,0.0,0.0,0.0,0.0,0.0,0.0,0.0,0.0,0.0,0.0,1.0,UNRESOLVED_FORMULAS_ABSENT,UNRESOLVED_BOUND_MOIETIES_NOT_ANNOTATED,STOICHIOMETRIC_PROXY_ONLY_NOT_VALIDATED_OSMOTIC_PRESSURE,UNAVAILABLE_CHARGE_PROTONATION_MG_BINDING_ABSENT,dc43bcec367f52105fe8d1ba328e59b064935df5faf8f880e078b212a40183df
re0000000772,translation initiation / STATE_TRANSITION,initiation,Initiation_C,Initiation_C:re241,EXTRACTED_EXACT_STOICHIOMETRY,STATE_TRANSITION,"{""RS70S_IF3_fMettRNAfMetCAU_mRNA"": 1.0}","{""IF3_degraded"": 1.0, ""RS30S"": 1.0, ""RS50S"": 1.0, ""fMettRNAfMetCAU"": 1.0, ""mRNA"": 1.0}",re0000000772_k1,0.0,4.0,0,0.0,0.0,0.0,0.0,0.0,0.0,0.0,0.0,0.0,0.0,0.0,0.0,0.0,0.0,0.0,0.0,0.0,1.0,UNRESOLVED_FORMULAS_ABSENT,UNRESOLVED_BOUND_MOIETIES_NOT_ANNOTATED,STOICHIOMETRIC_PROXY_ONLY_NOT_VALIDATED_OSMOTIC_PRESSURE,UNAVAILABLE_CHARGE_PROTONATION_MG_BINDING_ABSENT,dc43bcec367f52105fe8d1ba328e59b064935df5faf8f880e078b212a40183df
re0000000773,translation initiation / STATE_TRANSITION,initiation,Initiation_C,Initiation_C:re242,EXTRACTED_EXACT_STOICHIOMETRY,STATE_TRANSITION,"{""RS70S_IF1_IF3_fMettRNAfMetCAU_mRNA"": 1.0}","{""IF1"": 1.0, ""IF3"": 1.0, ""RS30S_degraded"": 1.0, ""RS50S"": 1.0, ""fMettRNAfMetCAU"": 1.0, ""mRNA"": 1.0}",re0000000773_k1,0.0,5.0,0,0.0,0.0,0.0,0.0,0.0,0.0,0.0,0.0,0.0,0.0,0.0,0.0,0.0,0.0,0.0,0.0,0.0,1.0,UNRESOLVED_FORMULAS_ABSENT,UNRESOLVED_BOUND_MOIETIES_NOT_ANNOTATED,STOICHIOMETRIC_PROXY_ONLY_NOT_VALIDATED_OSMOTIC_PRESSURE,UNAVAILABLE_CHARGE_PROTONATION_MG_BINDING_ABSENT,dc43bcec367f52105fe8d1ba328e59b064935df5faf8f880e078b212a40183df
re0000000774,translation initiation / STATE_TRANSITION,initiation,Initiation_C,Initiation_C:re244,EXTRACTED_EXACT_STOICHIOMETRY,STATE_TRANSITION,"{""RS70S_IF1_IF3_fMettRNAfMetCAU_mRNA"": 1.0}","{""IF1"": 1.0, ""IF3"": 1.0, ""RS30S"": 1.0, ""RS50S_degraded"": 1.0, ""fMettRNAfMetCAU"": 1.0, ""mRNA"": 1.0}",re0000000774_k1,0.0,5.0,0,0.0,0.0,0.0,0.0,0.0,0.0,0.0,0.0,0.0,0.0,0.0,0.0,0.0,0.0,0.0,0.0,0.0,1.0,UNRESOLVED_FORMULAS_ABSENT,UNRESOLVED_BOUND_MOIETIES_NOT_ANNOTATED,STOICHIOMETRIC_PROXY_ONLY_NOT_VALIDATED_OSMOTIC_PRESSURE,UNAVAILABLE_CHARGE_PROTONATION_MG_BINDING_ABSENT,dc43bcec367f52105fe8d1ba328e59b064935df5faf8f880e078b212a40183df
re0000000775,translation initiation / STATE_TRANSITION,initiation,Initiation_C,Initiation_C:re245,EXTRACTED_EXACT_STOICHIOMETRY,STATE_TRANSITION,"{""RS70S_IF1_IF3_fMettRNAfMetCAU_mRNA"": 1.0}","{""IF1_degraded"": 1.0, ""IF3"": 1.0, ""RS30S"": 1.0, ""RS50S"": 1.0, ""fMettRNAfMetCAU"": 1.0, ""mRNA"": 1.0}",re0000000775_k1,0.0,5.0,0,0.0,0.0,0.0,0.0,0.0,0.0,0.0,0.0,0.0,0.0,0.0,0.0,0.0,0.0,0.0,0.0,0.0,1.0,UNRESOLVED_FORMULAS_ABSENT,UNRESOLVED_BOUND_MOIETIES_NOT_ANNOTATED,STOICHIOMETRIC_PROXY_ONLY_NOT_VALIDATED_OSMOTIC_PRESSURE,UNAVAILABLE_CHARGE_PROTONATION_MG_BINDING_ABSENT,dc43bcec367f52105fe8d1ba328e59b064935df5faf8f880e078b212a40183df
re0000000776,translation initiation / STATE_TRANSITION,initiation,Initiation_C,Initiation_C:re246,EXTRACTED_EXACT_STOICHIOMETRY,STATE_TRANSITION,"{""RS70S_IF1_IF3_fMettRNAfMetCAU_mRNA"": 1.0}","{""IF1"": 1.0, ""IF3_degraded"": 1.0, ""RS30S"": 1.0, ""RS50S"": 1.0, ""fMettRNAfMetCAU"": 1.0, ""mRNA"": 1.0}",re0000000776_k1,0.0,5.0,0,0.0,0.0,0.0,0.0,0.0,0.0,0.0,0.0,0.0,0.0,0.0,0.0,0.0,0.0,0.0,0.0,0.0,1.0,UNRESOLVED_FORMULAS_ABSENT,UNRESOLVED_BOUND_MOIETIES_NOT_ANNOTATED,STOICHIOMETRIC_PROXY_ONLY_NOT_VALIDATED_OSMOTIC_PRESSURE,UNAVAILABLE_CHARGE_PROTONATION_MG_BINDING_ABSENT,dc43bcec367f52105fe8d1ba328e59b064935df5faf8f880e078b212a40183df
re0000000777,translation initiation / STATE_TRANSITION,initiation,Initiation_C,Initiation_C:re247,EXTRACTED_EXACT_STOICHIOMETRY,STATE_TRANSITION,"{""RS70S_IF1_fMettRNAfMetCAU_mRNA"": 1.0}","{""IF1"": 1.0, ""RS30S_degraded"": 1.0, ""RS50S"": 1.0, ""fMettRNAfMetCAU"": 1.0, ""mRNA"": 1.0}",re0000000777_k1,0.0,4.0,0,0.0,0.0,0.0,0.0,0.0,0.0,0.0,0.0,0.0,0.0,0.0,0.0,0.0,0.0,0.0,0.0,0.0,1.0,UNRESOLVED_FORMULAS_ABSENT,UNRESOLVED_BOUND_MOIETIES_NOT_ANNOTATED,STOICHIOMETRIC_PROXY_ONLY_NOT_VALIDATED_OSMOTIC_PRESSURE,UNAVAILABLE_CHARGE_PROTONATION_MG_BINDING_ABSENT,dc43bcec367f52105fe8d1ba328e59b064935df5faf8f880e078b212a40183df
re0000000778,translation initiation / STATE_TRANSITION,initiation,Initiation_C,Initiation_C:re249,EXTRACTED_EXACT_STOICHIOMETRY,STATE_TRANSITION,"{""RS70S_IF1_fMettRNAfMetCAU_mRNA"": 1.0}","{""IF1"": 1.0, ""RS30S"": 1.0, ""RS50S_degraded"": 1.0, ""fMettRNAfMetCAU"": 1.0, ""mRNA"": 1.0}",re0000000778_k1,0.0,4.0,0,0.0,0.0,0.0,0.0,0.0,0.0,0.0,0.0,0.0,0.0,0.0,0.0,0.0,0.0,0.0,0.0,0.0,1.0,UNRESOLVED_FORMULAS_ABSENT,UNRESOLVED_BOUND_MOIETIES_NOT_ANNOTATED,STOICHIOMETRIC_PROXY_ONLY_NOT_VALIDATED_OSMOTIC_PRESSURE,UNAVAILABLE_CHARGE_PROTONATION_MG_BINDING_ABSENT,dc43bcec367f52105fe8d1ba328e59b064935df5faf8f880e078b212a40183df
re0000000779,translation initiation / STATE_TRANSITION,initiation,Initiation_C,Initiation_C:re250,EXTRACTED_EXACT_STOICHIOMETRY,STATE_TRANSITION,"{""RS70S_IF1_fMettRNAfMetCAU_mRNA"": 1.0}","{""IF1_degraded"": 1.0, ""RS30S"": 1.0, ""RS50S"": 1.0, ""fMettRNAfMetCAU"": 1.0, ""mRNA"": 1.0}",re0000000779_k1,0.0,4.0,0,0.0,0.0,0.0,0.0,0.0,0.0,0.0,0.0,0.0,0.0,0.0,0.0,0.0,0.0,0.0,0.0,0.0,1.0,UNRESOLVED_FORMULAS_ABSENT,UNRESOLVED_BOUND_MOIETIES_NOT_ANNOTATED,STOICHIOMETRIC_PROXY_ONLY_NOT_VALIDATED_OSMOTIC_PRESSURE,UNAVAILABLE_CHARGE_PROTONATION_MG_BINDING_ABSENT,dc43bcec367f52105fe8d1ba328e59b064935df5faf8f880e078b212a40183df
re0000000780,translation initiation / STATE_TRANSITION,initiation,Initiation_C,Initiation_C:re252,EXTRACTED_EXACT_STOICHIOMETRY,STATE_TRANSITION,"{""RS70S_IF1_IF2_GDP_fMettRNAfMetCAU_mRNA"": 1.0}","{""GDP"": 1.0, ""IF1"": 1.0, ""IF2"": 1.0, ""RS30S_degraded"": 1.0, ""RS50S"": 1.0, ""fMettRNAfMetCAU"": 1.0, ""mRNA"": 1.0}",re0000000780_k1,0.0,6.0,1.0,0.0,0.0,0.0,0.0,1.0,0.0,0.0,0.0,0.0,0.0,0.0,0.0,0.0,0.0,0.0,0.0,0.0,1.0,UNRESOLVED_FORMULAS_ABSENT,UNRESOLVED_BOUND_MOIETIES_NOT_ANNOTATED,STOICHIOMETRIC_PROXY_ONLY_NOT_VALIDATED_OSMOTIC_PRESSURE,UNAVAILABLE_CHARGE_PROTONATION_MG_BINDING_ABSENT,dc43bcec367f52105fe8d1ba328e59b064935df5faf8f880e078b212a40183df
re0000000781,translation initiation / STATE_TRANSITION,initiation,Initiation_C,Initiation_C:re253,EXTRACTED_EXACT_STOICHIOMETRY,STATE_TRANSITION,"{""RS70S_IF1_IF2_GDP_fMettRNAfMetCAU_mRNA"": 1.0}","{""GDP"": 1.0, ""IF1"": 1.0, ""IF2_degraded"": 1.0, ""RS30S"": 1.0, ""RS50S"": 1.0, ""fMettRNAfMetCAU"": 1.0, ""mRNA"": 1.0}",re0000000781_k1,0.0,6.0,1.0,0.0,0.0,0.0,0.0,1.0,0.0,0.0,0.0,0.0,0.0,0.0,0.0,0.0,0.0,0.0,0.0,0.0,1.0,UNRESOLVED_FORMULAS_ABSENT,UNRESOLVED_BOUND_MOIETIES_NOT_ANNOTATED,STOICHIOMETRIC_PROXY_ONLY_NOT_VALIDATED_OSMOTIC_PRESSURE,UNAVAILABLE_CHARGE_PROTONATION_MG_BINDING_ABSENT,dc43bcec367f52105fe8d1ba328e59b064935df5faf8f880e078b212a40183df
re0000000782,translation initiation / STATE_TRANSITION,initiation,Initiation_C,Initiation_C:re254,EXTRACTED_EXACT_STOICHIOMETRY,STATE_TRANSITION,"{""RS70S_IF1_IF2_GDP_fMettRNAfMetCAU_mRNA"": 1.0}","{""GDP"": 1.0, ""IF1"": 1.0, ""IF2"": 1.0, ""RS30S"": 1.0, ""RS50S_degraded"": 1.0, ""fMettRNAfMetCAU"": 1.0, ""mRNA"": 1.0}",re0000000782_k1,0.0,6.0,1.0,0.0,0.0,0.0,0.0,1.0,0.0,0.0,0.0,0.0,0.0,0.0,0.0,0.0,0.0,0.0,0.0,0.0,1.0,UNRESOLVED_FORMULAS_ABSENT,UNRESOLVED_BOUND_MOIETIES_NOT_ANNOTATED,STOICHIOMETRIC_PROXY_ONLY_NOT_VALIDATED_OSMOTIC_PRESSURE,UNAVAILABLE_CHARGE_PROTONATION_MG_BINDING_ABSENT,dc43bcec367f52105fe8d1ba328e59b064935df5faf8f880e078b212a40183df
re0000000783,translation initiation / STATE_TRANSITION,initiation,Initiation_C,Initiation_C:re255,EXTRACTED_EXACT_STOICHIOMETRY,STATE_TRANSITION,"{""RS70S_IF1_IF2_GDP_fMettRNAfMetCAU_mRNA"": 1.0}","{""GDP"": 1.0, ""IF1_degraded"": 1.0, ""IF2"": 1.0, ""RS30S"": 1.0, ""RS50S"": 1.0, ""fMettRNAfMetCAU"": 1.0, ""mRNA"": 1.0}",re0000000783_k1,0.0,6.0,1.0,0.0,0.0,0.0,0.0,1.0,0.0,0.0,0.0,0.0,0.0,0.0,0.0,0.0,0.0,0.0,0.0,0.0,1.0,UNRESOLVED_FORMULAS_ABSENT,UNRESOLVED_BOUND_MOIETIES_NOT_ANNOTATED,STOICHIOMETRIC_PROXY_ONLY_NOT_VALIDATED_OSMOTIC_PRESSURE,UNAVAILABLE_CHARGE_PROTONATION_MG_BINDING_ABSENT,dc43bcec367f52105fe8d1ba328e59b064935df5faf8f880e078b212a40183df
re0000000784,shared small-molecule reactions / DISSOCIATION,energy regeneration,SmallMolecules,SmallMolecules:re1,EXTRACTED_EXACT_STOICHIOMETRY,DISSOCIATION,"{""ATP"": 1.0}","{""ADP"": 1.0, ""PO4"": 1.0}",re0000000784_k1,0.0,1.0,1.0,-1.0,1.0,0.0,0.0,0.0,0.0,1.0,0.0,0.0,0.0,0.0,0.0,0.0,0.0,0.0,0.0,0.0,0.0,UNRESOLVED_FORMULAS_ABSENT,UNRESOLVED_BOUND_MOIETIES_NOT_ANNOTATED,STOICHIOMETRIC_PROXY_ONLY_NOT_VALIDATED_OSMOTIC_PRESSURE,UNAVAILABLE_CHARGE_PROTONATION_MG_BINDING_ABSENT,dc43bcec367f52105fe8d1ba328e59b064935df5faf8f880e078b212a40183df
re0000000785,shared small-molecule reactions / DISSOCIATION,energy regeneration,SmallMolecules,SmallMolecules:re4,EXTRACTED_EXACT_STOICHIOMETRY,DISSOCIATION,"{""ADP"": 1.0}","{""AMP"": 1.0, ""PO4"": 1.0}",re0000000785_k1,0.0,1.0,1.0,0.0,-1.0,1.0,0.0,0.0,0.0,1.0,0.0,0.0,0.0,0.0,0.0,0.0,0.0,0.0,0.0,0.0,0.0,UNRESOLVED_FORMULAS_ABSENT,UNRESOLVED_BOUND_MOIETIES_NOT_ANNOTATED,STOICHIOMETRIC_PROXY_ONLY_NOT_VALIDATED_OSMOTIC_PRESSURE,UNAVAILABLE_CHARGE_PROTONATION_MG_BINDING_ABSENT,dc43bcec367f52105fe8d1ba328e59b064935df5faf8f880e078b212a40183df
re0000000786,shared small-molecule reactions / DISSOCIATION,energy regeneration,SmallMolecules,SmallMolecules:re6,EXTRACTED_EXACT_STOICHIOMETRY,DISSOCIATION,"{""ATP"": 1.0}","{""AMP"": 1.0, ""PPi"": 1.0}",re0000000786_k1,0.0,1.0,1.0,-1.0,0.0,1.0,0.0,0.0,0.0,0.0,1.0,0.0,0.0,0.0,0.0,0.0,0.0,0.0,0.0,0.0,0.0,UNRESOLVED_FORMULAS_ABSENT,UNRESOLVED_BOUND_MOIETIES_NOT_ANNOTATED,STOICHIOMETRIC_PROXY_ONLY_NOT_VALIDATED_OSMOTIC_PRESSURE,UNAVAILABLE_CHARGE_PROTONATION_MG_BINDING_ABSENT,dc43bcec367f52105fe8d1ba328e59b064935df5faf8f880e078b212a40183df
re0000000787,shared small-molecule reactions / DISSOCIATION,energy regeneration,SmallMolecules,SmallMolecules:re8,EXTRACTED_EXACT_STOICHIOMETRY,DISSOCIATION,"{""GTP"": 1.0}","{""GDP"": 1.0, ""PO4"": 1.0}",re0000000787_k1,0.0,1.0,1.0,0.0,0.0,0.0,-1.0,1.0,0.0,1.0,0.0,0.0,0.0,0.0,0.0,0.0,0.0,0.0,0.0,0.0,0.0,UNRESOLVED_FORMULAS_ABSENT,UNRESOLVED_BOUND_MOIETIES_NOT_ANNOTATED,STOICHIOMETRIC_PROXY_ONLY_NOT_VALIDATED_OSMOTIC_PRESSURE,UNAVAILABLE_CHARGE_PROTONATION_MG_BINDING_ABSENT,dc43bcec367f52105fe8d1ba328e59b064935df5faf8f880e078b212a40183df
re0000000788,shared small-molecule reactions / DISSOCIATION,energy regeneration,SmallMolecules,SmallMolecules:re9,EXTRACTED_EXACT_STOICHIOMETRY,DISSOCIATION,"{""GDP"": 1.0}","{""GMP"": 1.0, ""PO4"": 1.0}",re0000000788_k1,0.0,1.0,1.0,0.0,0.0,0.0,0.0,-1.0,1.0,1.0,0.0,0.0,0.0,0.0,0.0,0.0,0.0,0.0,0.0,0.0,0.0,UNRESOLVED_FORMULAS_ABSENT,UNRESOLVED_BOUND_MOIETIES_NOT_ANNOTATED,STOICHIOMETRIC_PROXY_ONLY_NOT_VALIDATED_OSMOTIC_PRESSURE,UNAVAILABLE_CHARGE_PROTONATION_MG_BINDING_ABSENT,dc43bcec367f52105fe8d1ba328e59b064935df5faf8f880e078b212a40183df
re0000000789,shared small-molecule reactions / DISSOCIATION,energy regeneration,SmallMolecules,SmallMolecules:re10,EXTRACTED_EXACT_STOICHIOMETRY,DISSOCIATION,"{""GTP"": 1.0}","{""GMP"": 1.0, ""PPi"": 1.0}",re0000000789_k1,0.0,1.0,1.0,0.0,0.0,0.0,-1.0,0.0,1.0,0.0,1.0,0.0,0.0,0.0,0.0,0.0,0.0,0.0,0.0,0.0,0.0,UNRESOLVED_FORMULAS_ABSENT,UNRESOLVED_BOUND_MOIETIES_NOT_ANNOTATED,STOICHIOMETRIC_PROXY_ONLY_NOT_VALIDATED_OSMOTIC_PRESSURE,UNAVAILABLE_CHARGE_PROTONATION_MG_BINDING_ABSENT,dc43bcec367f52105fe8d1ba328e59b064935df5faf8f880e078b212a40183df
re0000000790,shared small-molecule reactions / HETERODIMER_ASSOCIATION,energy regeneration,SmallMolecules,SmallMolecules:re11,EXTRACTED_EXACT_STOICHIOMETRY,HETERODIMER_ASSOCIATION,"{""ADP"": 1.0, ""PO4"": 1.0}","{""ATP"": 1.0}",re0000000790_k1,0.0,-1.0,-1.0,1.0,-1.0,0.0,0.0,0.0,0.0,-1.0,0.0,0.0,0.0,0.0,0.0,0.0,0.0,0.0,0.0,0.0,0.0,UNRESOLVED_FORMULAS_ABSENT,UNRESOLVED_BOUND_MOIETIES_NOT_ANNOTATED,STOICHIOMETRIC_PROXY_ONLY_NOT_VALIDATED_OSMOTIC_PRESSURE,UNAVAILABLE_CHARGE_PROTONATION_MG_BINDING_ABSENT,dc43bcec367f52105fe8d1ba328e59b064935df5faf8f880e078b212a40183df
re0000000791,shared small-molecule reactions / HETERODIMER_ASSOCIATION,energy regeneration,SmallMolecules,SmallMolecules:re12,EXTRACTED_EXACT_STOICHIOMETRY,HETERODIMER_ASSOCIATION,"{""AMP"": 1.0, ""PO4"": 1.0}","{""ADP"": 1.0}",re0000000791_k1,0.0,-1.0,-1.0,0.0,1.0,-1.0,0.0,0.0,0.0,-1.0,0.0,0.0,0.0,0.0,0.0,0.0,0.0,0.0,0.0,0.0,0.0,UNRESOLVED_FORMULAS_ABSENT,UNRESOLVED_BOUND_MOIETIES_NOT_ANNOTATED,STOICHIOMETRIC_PROXY_ONLY_NOT_VALIDATED_OSMOTIC_PRESSURE,UNAVAILABLE_CHARGE_PROTONATION_MG_BINDING_ABSENT,dc43bcec367f52105fe8d1ba328e59b064935df5faf8f880e078b212a40183df
re0000000792,shared small-molecule reactions / HETERODIMER_ASSOCIATION,energy regeneration,SmallMolecules,SmallMolecules:re13,EXTRACTED_EXACT_STOICHIOMETRY,HETERODIMER_ASSOCIATION,"{""AMP"": 1.0, ""PPi"": 1.0}","{""ATP"": 1.0}",re0000000792_k1,0.0,-1.0,-1.0,1.0,0.0,-1.0,0.0,0.0,0.0,0.0,-1.0,0.0,0.0,0.0,0.0,0.0,0.0,0.0,0.0,0.0,0.0,UNRESOLVED_FORMULAS_ABSENT,UNRESOLVED_BOUND_MOIETIES_NOT_ANNOTATED,STOICHIOMETRIC_PROXY_ONLY_NOT_VALIDATED_OSMOTIC_PRESSURE,UNAVAILABLE_CHARGE_PROTONATION_MG_BINDING_ABSENT,dc43bcec367f52105fe8d1ba328e59b064935df5faf8f880e078b212a40183df
re0000000793,shared small-molecule reactions / HETERODIMER_ASSOCIATION,energy regeneration,SmallMolecules,SmallMolecules:re14,EXTRACTED_EXACT_STOICHIOMETRY,HETERODIMER_ASSOCIATION,"{""GDP"": 1.0, ""PO4"": 1.0}","{""GTP"": 1.0}",re0000000793_k1,0.0,-1.0,-1.0,0.0,0.0,0.0,1.0,-1.0,0.0,-1.0,0.0,0.0,0.0,0.0,0.0,0.0,0.0,0.0,0.0,0.0,0.0,UNRESOLVED_FORMULAS_ABSENT,UNRESOLVED_BOUND_MOIETIES_NOT_ANNOTATED,STOICHIOMETRIC_PROXY_ONLY_NOT_VALIDATED_OSMOTIC_PRESSURE,UNAVAILABLE_CHARGE_PROTONATION_MG_BINDING_ABSENT,dc43bcec367f52105fe8d1ba328e59b064935df5faf8f880e078b212a40183df
re0000000794,shared small-molecule reactions / HETERODIMER_ASSOCIATION,energy regeneration,SmallMolecules,SmallMolecules:re15,EXTRACTED_EXACT_STOICHIOMETRY,HETERODIMER_ASSOCIATION,"{""GMP"": 1.0, ""PO4"": 1.0}","{""GDP"": 1.0}",re0000000794_k1,0.0,-1.0,-1.0,0.0,0.0,0.0,0.0,1.0,-1.0,-1.0,0.0,0.0,0.0,0.0,0.0,0.0,0.0,0.0,0.0,0.0,0.0,UNRESOLVED_FORMULAS_ABSENT,UNRESOLVED_BOUND_MOIETIES_NOT_ANNOTATED,STOICHIOMETRIC_PROXY_ONLY_NOT_VALIDATED_OSMOTIC_PRESSURE,UNAVAILABLE_CHARGE_PROTONATION_MG_BINDING_ABSENT,dc43bcec367f52105fe8d1ba328e59b064935df5faf8f880e078b212a40183df
re0000000795,shared small-molecule reactions / HETERODIMER_ASSOCIATION,energy regeneration,SmallMolecules,SmallMolecules:re16,EXTRACTED_EXACT_STOICHIOMETRY,HETERODIMER_ASSOCIATION,"{""GMP"": 1.0, ""PPi"": 1.0}","{""GTP"": 1.0}",re0000000795_k1,0.0,-1.0,-1.0,0.0,0.0,0.0,1.0,0.0,-1.0,0.0,-1.0,0.0,0.0,0.0,0.0,0.0,0.0,0.0,0.0,0.0,0.0,UNRESOLVED_FORMULAS_ABSENT,UNRESOLVED_BOUND_MOIETIES_NOT_ANNOTATED,STOICHIOMETRIC_PROXY_ONLY_NOT_VALIDATED_OSMOTIC_PRESSURE,UNAVAILABLE_CHARGE_PROTONATION_MG_BINDING_ABSENT,dc43bcec367f52105fe8d1ba328e59b064935df5faf8f880e078b212a40183df
re0000000796,termination / ribosome recycling / HETERODIMER_ASSOCIATION,termination / ribosome recycling,Termination_A_RF1,Termination_A_RF1:re210,EXTRACTED_EXACT_STOICHIOMETRY,HETERODIMER_ASSOCIATION,"{""RF1"": 1.0, ""elRS70SAUAA0004_Pept0003tRNAGlyGCC"": 1.0}","{""elRS70SAUAA0004_Pept0003tRNAGlyGCC_RF1"": 1.0}",re0000000796_k1,60.0,-1.0,0,0.0,0.0,0.0,0.0,0.0,0.0,0.0,0.0,0.0,0.0,0.0,0.0,0.0,0.0,0.0,0.0,0.0,0.0,UNRESOLVED_FORMULAS_ABSENT,UNRESOLVED_BOUND_MOIETIES_NOT_ANNOTATED,STOICHIOMETRIC_PROXY_ONLY_NOT_VALIDATED_OSMOTIC_PRESSURE,UNAVAILABLE_CHARGE_PROTONATION_MG_BINDING_ABSENT,dc43bcec367f52105fe8d1ba328e59b064935df5faf8f880e078b212a40183df
re0000000797,termination / ribosome recycling / DISSOCIATION,termination / ribosome recycling,Termination_A_RF1,Termination_A_RF1:re211,EXTRACTED_EXACT_STOICHIOMETRY,DISSOCIATION,"{""elRS70SAUAA0004_Pept0003tRNAGlyGCC_RF1"": 1.0}","{""RF1"": 1.0, ""elRS70SAUAA0004_Pept0003tRNAGlyGCC"": 1.0}",re0000000797_k1,0.0028,1.0,0,0.0,0.0,0.0,0.0,0.0,0.0,0.0,0.0,0.0,0.0,0.0,0.0,0.0,0.0,0.0,0.0,0.0,0.0,UNRESOLVED_FORMULAS_ABSENT,UNRESOLVED_BOUND_MOIETIES_NOT_ANNOTATED,STOICHIOMETRIC_PROXY_ONLY_NOT_VALIDATED_OSMOTIC_PRESSURE,UNAVAILABLE_CHARGE_PROTONATION_MG_BINDING_ABSENT,dc43bcec367f52105fe8d1ba328e59b064935df5faf8f880e078b212a40183df
re0000000798,termination / ribosome recycling / DISSOCIATION,termination / ribosome recycling,Termination_A_RF1,Termination_A_RF1:re212,EXTRACTED_EXACT_STOICHIOMETRY,DISSOCIATION,"{""elRS70SAUAA0004_Pept0003tRNAGlyGCC_RF1"": 1.0}","{""Pept0003"": 1.0, ""termRS70SUAA0004_tRNAGlyGCC_RF1"": 1.0}",re0000000798_k1,0.5,1.0,0,0.0,0.0,0.0,0.0,0.0,0.0,0.0,0.0,0.0,0.0,0.0,0.0,0.0,0.0,0.0,0.0,0.0,0.0,UNRESOLVED_FORMULAS_ABSENT,UNRESOLVED_BOUND_MOIETIES_NOT_ANNOTATED,STOICHIOMETRIC_PROXY_ONLY_NOT_VALIDATED_OSMOTIC_PRESSURE,UNAVAILABLE_CHARGE_PROTONATION_MG_BINDING_ABSENT,dc43bcec367f52105fe8d1ba328e59b064935df5faf8f880e078b212a40183df
re0000000799,termination / ribosome recycling / DISSOCIATION,termination / ribosome recycling,Termination_A_RF1,Termination_A_RF1:re213,EXTRACTED_EXACT_STOICHIOMETRY,DISSOCIATION,"{""termRS70SUAA0004_tRNAGlyGCC_RF1"": 1.0}","{""RF1"": 1.0, ""termRS70SUAA0004_tRNAGlyGCC"": 1.0}",re0000000799_k1,0.0028,1.0,0,0.0,0.0,0.0,0.0,0.0,0.0,0.0,0.0,0.0,0.0,0.0,0.0,0.0,0.0,0.0,0.0,0.0,0.0,UNRESOLVED_FORMULAS_ABSENT,UNRESOLVED_BOUND_MOIETIES_NOT_ANNOTATED,STOICHIOMETRIC_PROXY_ONLY_NOT_VALIDATED_OSMOTIC_PRESSURE,UNAVAILABLE_CHARGE_PROTONATION_MG_BINDING_ABSENT,dc43bcec367f52105fe8d1ba328e59b064935df5faf8f880e078b212a40183df
re0000000800,termination / ribosome recycling / HETERODIMER_ASSOCIATION,termination / ribosome recycling,Termination_A_RF1,Termination_A_RF1:re214,EXTRACTED_EXACT_STOICHIOMETRY,HETERODIMER_ASSOCIATION,"{""RF1"": 1.0, ""termRS70SUAA0004_tRNAGlyGCC"": 1.0}","{""termRS70SUAA0004_tRNAGlyGCC_RF1"": 1.0}",re0000000800_k1,60.0,-1.0,0,0.0,0.0,0.0,0.0,0.0,0.0,0.0,0.0,0.0,0.0,0.0,0.0,0.0,0.0,0.0,0.0,0.0,0.0,UNRESOLVED_FORMULAS_ABSENT,UNRESOLVED_BOUND_MOIETIES_NOT_ANNOTATED,STOICHIOMETRIC_PROXY_ONLY_NOT_VALIDATED_OSMOTIC_PRESSURE,UNAVAILABLE_CHARGE_PROTONATION_MG_BINDING_ABSENT,dc43bcec367f52105fe8d1ba328e59b064935df5faf8f880e078b212a40183df
re0000000801,termination / ribosome recycling / STATE_TRANSITION,termination / ribosome recycling,Termination_A_RF1,Termination_A_RF1:re217,EXTRACTED_EXACT_STOICHIOMETRY,STATE_TRANSITION,"{""elRS70SAUAA0004_Pept0003tRNAGlyGCC_RF1"": 1.0}","{""Pept0003tRNAGlyGCC"": 1.0, ""RF1"": 1.0, ""RS30S_degraded"": 1.0, ""RS50S"": 1.0, ""mRNA"": 1.0}",re0000000801_k1,0.0,4.0,0,0.0,0.0,0.0,0.0,0.0,0.0,0.0,0.0,0.0,0.0,0.0,0.0,0.0,0.0,0.0,0.0,0.0,0.0,UNRESOLVED_FORMULAS_ABSENT,UNRESOLVED_BOUND_MOIETIES_NOT_ANNOTATED,STOICHIOMETRIC_PROXY_ONLY_NOT_VALIDATED_OSMOTIC_PRESSURE,UNAVAILABLE_CHARGE_PROTONATION_MG_BINDING_ABSENT,dc43bcec367f52105fe8d1ba328e59b064935df5faf8f880e078b212a40183df
re0000000802,termination / ribosome recycling / STATE_TRANSITION,termination / ribosome recycling,Termination_A_RF1,Termination_A_RF1:re218,EXTRACTED_EXACT_STOICHIOMETRY,STATE_TRANSITION,"{""elRS70SAUAA0004_Pept0003tRNAGlyGCC_RF1"": 1.0}","{""Pept0003tRNAGlyGCC"": 1.0, ""RF1"": 1.0, ""RS30S"": 1.0, ""RS50S_degraded"": 1.0, ""mRNA"": 1.0}",re0000000802_k1,0.0,4.0,0,0.0,0.0,0.0,0.0,0.0,0.0,0.0,0.0,0.0,0.0,0.0,0.0,0.0,0.0,0.0,0.0,0.0,0.0,UNRESOLVED_FORMULAS_ABSENT,UNRESOLVED_BOUND_MOIETIES_NOT_ANNOTATED,STOICHIOMETRIC_PROXY_ONLY_NOT_VALIDATED_OSMOTIC_PRESSURE,UNAVAILABLE_CHARGE_PROTONATION_MG_BINDING_ABSENT,dc43bcec367f52105fe8d1ba328e59b064935df5faf8f880e078b212a40183df
re0000000803,shared chemistry / ambiguous subsystem attribution / STATE_TRANSITION,termination / ribosome recycling,Termination_A_RF1;Termination_B_RF1,Termination_A_RF1:re219;Termination_B_RF1:re219,AMBIGUOUS_MULTIPLE_SUBSYSTEMS,STATE_TRANSITION,"{""RF1"": 1.0}","{""RF1_degraded"": 1.0}",re0000000803_k1,0.0,0.0,0,0.0,0.0,0.0,0.0,0.0,0.0,0.0,0.0,0.0,0.0,0.0,0.0,0.0,0.0,0.0,0.0,0.0,0.0,UNRESOLVED_FORMULAS_ABSENT,UNRESOLVED_BOUND_MOIETIES_NOT_ANNOTATED,STOICHIOMETRIC_PROXY_ONLY_NOT_VALIDATED_OSMOTIC_PRESSURE,UNAVAILABLE_CHARGE_PROTONATION_MG_BINDING_ABSENT,dc43bcec367f52105fe8d1ba328e59b064935df5faf8f880e078b212a40183df
re0000000804,termination / ribosome recycling / STATE_TRANSITION,termination / ribosome recycling,Termination_A_RF1,Termination_A_RF1:re222,EXTRACTED_EXACT_STOICHIOMETRY,STATE_TRANSITION,"{""elRS70SAUAA0004_Pept0003tRNAGlyGCC_RF1"": 1.0}","{""Pept0003tRNAGlyGCC"": 1.0, ""RF1_degraded"": 1.0, ""RS30S"": 1.0, ""RS50S"": 1.0, ""mRNA"": 1.0}",re0000000804_k1,0.0,4.0,0,0.0,0.0,0.0,0.0,0.0,0.0,0.0,0.0,0.0,0.0,0.0,0.0,0.0,0.0,0.0,0.0,0.0,0.0,UNRESOLVED_FORMULAS_ABSENT,UNRESOLVED_BOUND_MOIETIES_NOT_ANNOTATED,STOICHIOMETRIC_PROXY_ONLY_NOT_VALIDATED_OSMOTIC_PRESSURE,UNAVAILABLE_CHARGE_PROTONATION_MG_BINDING_ABSENT,dc43bcec367f52105fe8d1ba328e59b064935df5faf8f880e078b212a40183df
re0000000805,termination / ribosome recycling / STATE_TRANSITION,termination / ribosome recycling,Termination_A_RF1,Termination_A_RF1:re223,EXTRACTED_EXACT_STOICHIOMETRY,STATE_TRANSITION,"{""termRS70SUAA0004_tRNAGlyGCC_RF1"": 1.0}","{""RF1"": 1.0, ""RS30S_degraded"": 1.0, ""RS50S"": 1.0, ""mRNA"": 1.0, ""tRNAGlyGCC"": 1.0}",re0000000805_k1,0.0,4.0,0,0.0,0.0,0.0,0.0,0.0,0.0,0.0,0.0,0.0,0.0,0.0,0.0,0.0,1.0,0.0,0.0,0.0,0.0,UNRESOLVED_FORMULAS_ABSENT,UNRESOLVED_BOUND_MOIETIES_NOT_ANNOTATED,STOICHIOMETRIC_PROXY_ONLY_NOT_VALIDATED_OSMOTIC_PRESSURE,UNAVAILABLE_CHARGE_PROTONATION_MG_BINDING_ABSENT,dc43bcec367f52105fe8d1ba328e59b064935df5faf8f880e078b212a40183df
re0000000806,termination / ribosome recycling / STATE_TRANSITION,termination / ribosome recycling,Termination_A_RF1,Termination_A_RF1:re224,EXTRACTED_EXACT_STOICHIOMETRY,STATE_TRANSITION,"{""termRS70SUAA0004_tRNAGlyGCC_RF1"": 1.0}","{""RF1"": 1.0, ""RS30S"": 1.0, ""RS50S_degraded"": 1.0, ""mRNA"": 1.0, ""tRNAGlyGCC"": 1.0}",re0000000806_k1,0.0,4.0,0,0.0,0.0,0.0,0.0,0.0,0.0,0.0,0.0,0.0,0.0,0.0,0.0,0.0,1.0,0.0,0.0,0.0,0.0,UNRESOLVED_FORMULAS_ABSENT,UNRESOLVED_BOUND_MOIETIES_NOT_ANNOTATED,STOICHIOMETRIC_PROXY_ONLY_NOT_VALIDATED_OSMOTIC_PRESSURE,UNAVAILABLE_CHARGE_PROTONATION_MG_BINDING_ABSENT,dc43bcec367f52105fe8d1ba328e59b064935df5faf8f880e078b212a40183df
re0000000807,termination / ribosome recycling / STATE_TRANSITION,termination / ribosome recycling,Termination_A_RF1,Termination_A_RF1:re225,EXTRACTED_EXACT_STOICHIOMETRY,STATE_TRANSITION,"{""termRS70SUAA0004_tRNAGlyGCC_RF1"": 1.0}","{""RF1_degraded"": 1.0, ""RS30S"": 1.0, ""RS50S"": 1.0, ""mRNA"": 1.0, ""tRNAGlyGCC"": 1.0}",re0000000807_k1,0.0,4.0,0,0.0,0.0,0.0,0.0,0.0,0.0,0.0,0.0,0.0,0.0,0.0,0.0,0.0,1.0,0.0,0.0,0.0,0.0,UNRESOLVED_FORMULAS_ABSENT,UNRESOLVED_BOUND_MOIETIES_NOT_ANNOTATED,STOICHIOMETRIC_PROXY_ONLY_NOT_VALIDATED_OSMOTIC_PRESSURE,UNAVAILABLE_CHARGE_PROTONATION_MG_BINDING_ABSENT,dc43bcec367f52105fe8d1ba328e59b064935df5faf8f880e078b212a40183df
re0000000808,shared chemistry / ambiguous subsystem attribution / STATE_TRANSITION,termination / ribosome recycling,Termination_A_RF1;Termination_A_RF2,Termination_A_RF1:re226;Termination_A_RF2:re226,AMBIGUOUS_MULTIPLE_SUBSYSTEMS,STATE_TRANSITION,"{""termRS70SUAA0004_tRNAGlyGCC"": 1.0}","{""RS30S_degraded"": 1.0, ""RS50S"": 1.0, ""mRNA"": 1.0, ""tRNAGlyGCC"": 1.0}",re0000000808_k1,0.0,3.0,0,0.0,0.0,0.0,0.0,0.0,0.0,0.0,0.0,0.0,0.0,0.0,0.0,0.0,1.0,0.0,0.0,0.0,0.0,UNRESOLVED_FORMULAS_ABSENT,UNRESOLVED_BOUND_MOIETIES_NOT_ANNOTATED,STOICHIOMETRIC_PROXY_ONLY_NOT_VALIDATED_OSMOTIC_PRESSURE,UNAVAILABLE_CHARGE_PROTONATION_MG_BINDING_ABSENT,dc43bcec367f52105fe8d1ba328e59b064935df5faf8f880e078b212a40183df
re0000000809,shared chemistry / ambiguous subsystem attribution / STATE_TRANSITION,termination / ribosome recycling,Termination_A_RF1;Termination_A_RF2,Termination_A_RF1:re227;Termination_A_RF2:re227,AMBIGUOUS_MULTIPLE_SUBSYSTEMS,STATE_TRANSITION,"{""termRS70SUAA0004_tRNAGlyGCC"": 1.0}","{""RS30S"": 1.0, ""RS50S_degraded"": 1.0, ""mRNA"": 1.0, ""tRNAGlyGCC"": 1.0}",re0000000809_k1,0.0,3.0,0,0.0,0.0,0.0,0.0,0.0,0.0,0.0,0.0,0.0,0.0,0.0,0.0,0.0,1.0,0.0,0.0,0.0,0.0,UNRESOLVED_FORMULAS_ABSENT,UNRESOLVED_BOUND_MOIETIES_NOT_ANNOTATED,STOICHIOMETRIC_PROXY_ONLY_NOT_VALIDATED_OSMOTIC_PRESSURE,UNAVAILABLE_CHARGE_PROTONATION_MG_BINDING_ABSENT,dc43bcec367f52105fe8d1ba328e59b064935df5faf8f880e078b212a40183df
re0000000810,termination / ribosome recycling / HETERODIMER_ASSOCIATION,termination / ribosome recycling,Termination_A_RF1,Termination_A_RF1:re228,EXTRACTED_EXACT_STOICHIOMETRY,HETERODIMER_ASSOCIATION,"{""Pept0003"": 1.0, ""termRS70SUAA0004_tRNAGlyGCC_RF1"": 1.0}","{""elRS70SAUAA0004_Pept0003tRNAGlyGCC_RF1"": 1.0}",re0000000810_k1,0.0,-1.0,0,0.0,0.0,0.0,0.0,0.0,0.0,0.0,0.0,0.0,0.0,0.0,0.0,0.0,0.0,0.0,0.0,0.0,0.0,UNRESOLVED_FORMULAS_ABSENT,UNRESOLVED_BOUND_MOIETIES_NOT_ANNOTATED,STOICHIOMETRIC_PROXY_ONLY_NOT_VALIDATED_OSMOTIC_PRESSURE,UNAVAILABLE_CHARGE_PROTONATION_MG_BINDING_ABSENT,dc43bcec367f52105fe8d1ba328e59b064935df5faf8f880e078b212a40183df
re0000000811,termination / ribosome recycling / HETERODIMER_ASSOCIATION,termination / ribosome recycling,Termination_A_RF2,Termination_A_RF2:re210,EXTRACTED_EXACT_STOICHIOMETRY,HETERODIMER_ASSOCIATION,"{""RF2"": 1.0, ""elRS70SAUAA0004_Pept0003tRNAGlyGCC"": 1.0}","{""elRS70SAUAA0004_Pept0003tRNAGlyGCC_RF2"": 1.0}",re0000000811_k1,23.0,-1.0,0,0.0,0.0,0.0,0.0,0.0,0.0,0.0,0.0,0.0,0.0,0.0,0.0,0.0,0.0,0.0,0.0,0.0,0.0,UNRESOLVED_FORMULAS_ABSENT,UNRESOLVED_BOUND_MOIETIES_NOT_ANNOTATED,STOICHIOMETRIC_PROXY_ONLY_NOT_VALIDATED_OSMOTIC_PRESSURE,UNAVAILABLE_CHARGE_PROTONATION_MG_BINDING_ABSENT,dc43bcec367f52105fe8d1ba328e59b064935df5faf8f880e078b212a40183df
re0000000812,termination / ribosome recycling / DISSOCIATION,termination / ribosome recycling,Termination_A_RF2,Termination_A_RF2:re211,EXTRACTED_EXACT_STOICHIOMETRY,DISSOCIATION,"{""elRS70SAUAA0004_Pept0003tRNAGlyGCC_RF2"": 1.0}","{""RF2"": 1.0, ""elRS70SAUAA0004_Pept0003tRNAGlyGCC"": 1.0}",re0000000812_k1,0.016,1.0,0,0.0,0.0,0.0,0.0,0.0,0.0,0.0,0.0,0.0,0.0,0.0,0.0,0.0,0.0,0.0,0.0,0.0,0.0,UNRESOLVED_FORMULAS_ABSENT,UNRESOLVED_BOUND_MOIETIES_NOT_ANNOTATED,STOICHIOMETRIC_PROXY_ONLY_NOT_VALIDATED_OSMOTIC_PRESSURE,UNAVAILABLE_CHARGE_PROTONATION_MG_BINDING_ABSENT,dc43bcec367f52105fe8d1ba328e59b064935df5faf8f880e078b212a40183df
re0000000813,termination / ribosome recycling / DISSOCIATION,termination / ribosome recycling,Termination_A_RF2,Termination_A_RF2:re212,EXTRACTED_EXACT_STOICHIOMETRY,DISSOCIATION,"{""elRS70SAUAA0004_Pept0003tRNAGlyGCC_RF2"": 1.0}","{""Pept0003"": 1.0, ""termRS70SUAA0004_tRNAGlyGCC_RF2"": 1.0}",re0000000813_k1,1.5,1.0,0,0.0,0.0,0.0,0.0,0.0,0.0,0.0,0.0,0.0,0.0,0.0,0.0,0.0,0.0,0.0,0.0,0.0,0.0,UNRESOLVED_FORMULAS_ABSENT,UNRESOLVED_BOUND_MOIETIES_NOT_ANNOTATED,STOICHIOMETRIC_PROXY_ONLY_NOT_VALIDATED_OSMOTIC_PRESSURE,UNAVAILABLE_CHARGE_PROTONATION_MG_BINDING_ABSENT,dc43bcec367f52105fe8d1ba328e59b064935df5faf8f880e078b212a40183df
re0000000814,termination / ribosome recycling / DISSOCIATION,termination / ribosome recycling,Termination_A_RF2,Termination_A_RF2:re213,EXTRACTED_EXACT_STOICHIOMETRY,DISSOCIATION,"{""termRS70SUAA0004_tRNAGlyGCC_RF2"": 1.0}","{""RF2"": 1.0, ""termRS70SUAA0004_tRNAGlyGCC"": 1.0}",re0000000814_k1,0.016,1.0,0,0.0,0.0,0.0,0.0,0.0,0.0,0.0,0.0,0.0,0.0,0.0,0.0,0.0,0.0,0.0,0.0,0.0,0.0,UNRESOLVED_FORMULAS_ABSENT,UNRESOLVED_BOUND_MOIETIES_NOT_ANNOTATED,STOICHIOMETRIC_PROXY_ONLY_NOT_VALIDATED_OSMOTIC_PRESSURE,UNAVAILABLE_CHARGE_PROTONATION_MG_BINDING_ABSENT,dc43bcec367f52105fe8d1ba328e59b064935df5faf8f880e078b212a40183df
re0000000815,termination / ribosome recycling / HETERODIMER_ASSOCIATION,termination / ribosome recycling,Termination_A_RF2,Termination_A_RF2:re214,EXTRACTED_EXACT_STOICHIOMETRY,HETERODIMER_ASSOCIATION,"{""RF2"": 1.0, ""termRS70SUAA0004_tRNAGlyGCC"": 1.0}","{""termRS70SUAA0004_tRNAGlyGCC_RF2"": 1.0}",re0000000815_k1,23.0,-1.0,0,0.0,0.0,0.0,0.0,0.0,0.0,0.0,0.0,0.0,0.0,0.0,0.0,0.0,0.0,0.0,0.0,0.0,0.0,UNRESOLVED_FORMULAS_ABSENT,UNRESOLVED_BOUND_MOIETIES_NOT_ANNOTATED,STOICHIOMETRIC_PROXY_ONLY_NOT_VALIDATED_OSMOTIC_PRESSURE,UNAVAILABLE_CHARGE_PROTONATION_MG_BINDING_ABSENT,dc43bcec367f52105fe8d1ba328e59b064935df5faf8f880e078b212a40183df
re0000000816,termination / ribosome recycling / STATE_TRANSITION,termination / ribosome recycling,Termination_A_RF2,Termination_A_RF2:re217,EXTRACTED_EXACT_STOICHIOMETRY,STATE_TRANSITION,"{""elRS70SAUAA0004_Pept0003tRNAGlyGCC_RF2"": 1.0}","{""Pept0003tRNAGlyGCC"": 1.0, ""RF2"": 1.0, ""RS30S_degraded"": 1.0, ""RS50S"": 1.0, ""mRNA"": 1.0}",re0000000816_k1,0.0,4.0,0,0.0,0.0,0.0,0.0,0.0,0.0,0.0,0.0,0.0,0.0,0.0,0.0,0.0,0.0,0.0,0.0,0.0,0.0,UNRESOLVED_FORMULAS_ABSENT,UNRESOLVED_BOUND_MOIETIES_NOT_ANNOTATED,STOICHIOMETRIC_PROXY_ONLY_NOT_VALIDATED_OSMOTIC_PRESSURE,UNAVAILABLE_CHARGE_PROTONATION_MG_BINDING_ABSENT,dc43bcec367f52105fe8d1ba328e59b064935df5faf8f880e078b212a40183df
re0000000817,termination / ribosome recycling / STATE_TRANSITION,termination / ribosome recycling,Termination_A_RF2,Termination_A_RF2:re218,EXTRACTED_EXACT_STOICHIOMETRY,STATE_TRANSITION,"{""elRS70SAUAA0004_Pept0003tRNAGlyGCC_RF2"": 1.0}","{""Pept0003tRNAGlyGCC"": 1.0, ""RF2"": 1.0, ""RS30S"": 1.0, ""RS50S_degraded"": 1.0, ""mRNA"": 1.0}",re0000000817_k1,0.0,4.0,0,0.0,0.0,0.0,0.0,0.0,0.0,0.0,0.0,0.0,0.0,0.0,0.0,0.0,0.0,0.0,0.0,0.0,0.0,UNRESOLVED_FORMULAS_ABSENT,UNRESOLVED_BOUND_MOIETIES_NOT_ANNOTATED,STOICHIOMETRIC_PROXY_ONLY_NOT_VALIDATED_OSMOTIC_PRESSURE,UNAVAILABLE_CHARGE_PROTONATION_MG_BINDING_ABSENT,dc43bcec367f52105fe8d1ba328e59b064935df5faf8f880e078b212a40183df
re0000000818,shared chemistry / ambiguous subsystem attribution / STATE_TRANSITION,termination / ribosome recycling,Termination_A_RF2;Termination_B_RF2,Termination_A_RF2:re219;Termination_B_RF2:re219,AMBIGUOUS_MULTIPLE_SUBSYSTEMS,STATE_TRANSITION,"{""RF2"": 1.0}","{""RF2_degraded"": 1.0}",re0000000818_k1,0.0,0.0,0,0.0,0.0,0.0,0.0,0.0,0.0,0.0,0.0,0.0,0.0,0.0,0.0,0.0,0.0,0.0,0.0,0.0,0.0,UNRESOLVED_FORMULAS_ABSENT,UNRESOLVED_BOUND_MOIETIES_NOT_ANNOTATED,STOICHIOMETRIC_PROXY_ONLY_NOT_VALIDATED_OSMOTIC_PRESSURE,UNAVAILABLE_CHARGE_PROTONATION_MG_BINDING_ABSENT,dc43bcec367f52105fe8d1ba328e59b064935df5faf8f880e078b212a40183df
re0000000819,termination / ribosome recycling / STATE_TRANSITION,termination / ribosome recycling,Termination_A_RF2,Termination_A_RF2:re222,EXTRACTED_EXACT_STOICHIOMETRY,STATE_TRANSITION,"{""elRS70SAUAA0004_Pept0003tRNAGlyGCC_RF2"": 1.0}","{""Pept0003tRNAGlyGCC"": 1.0, ""RF2_degraded"": 1.0, ""RS30S"": 1.0, ""RS50S"": 1.0, ""mRNA"": 1.0}",re0000000819_k1,0.0,4.0,0,0.0,0.0,0.0,0.0,0.0,0.0,0.0,0.0,0.0,0.0,0.0,0.0,0.0,0.0,0.0,0.0,0.0,0.0,UNRESOLVED_FORMULAS_ABSENT,UNRESOLVED_BOUND_MOIETIES_NOT_ANNOTATED,STOICHIOMETRIC_PROXY_ONLY_NOT_VALIDATED_OSMOTIC_PRESSURE,UNAVAILABLE_CHARGE_PROTONATION_MG_BINDING_ABSENT,dc43bcec367f52105fe8d1ba328e59b064935df5faf8f880e078b212a40183df
re0000000820,termination / ribosome recycling / STATE_TRANSITION,termination / ribosome recycling,Termination_A_RF2,Termination_A_RF2:re223,EXTRACTED_EXACT_STOICHIOMETRY,STATE_TRANSITION,"{""termRS70SUAA0004_tRNAGlyGCC_RF2"": 1.0}","{""RF2"": 1.0, ""RS30S_degraded"": 1.0, ""RS50S"": 1.0, ""mRNA"": 1.0, ""tRNAGlyGCC"": 1.0}",re0000000820_k1,0.0,4.0,0,0.0,0.0,0.0,0.0,0.0,0.0,0.0,0.0,0.0,0.0,0.0,0.0,0.0,1.0,0.0,0.0,0.0,0.0,UNRESOLVED_FORMULAS_ABSENT,UNRESOLVED_BOUND_MOIETIES_NOT_ANNOTATED,STOICHIOMETRIC_PROXY_ONLY_NOT_VALIDATED_OSMOTIC_PRESSURE,UNAVAILABLE_CHARGE_PROTONATION_MG_BINDING_ABSENT,dc43bcec367f52105fe8d1ba328e59b064935df5faf8f880e078b212a40183df
re0000000821,termination / ribosome recycling / STATE_TRANSITION,termination / ribosome recycling,Termination_A_RF2,Termination_A_RF2:re224,EXTRACTED_EXACT_STOICHIOMETRY,STATE_TRANSITION,"{""termRS70SUAA0004_tRNAGlyGCC_RF2"": 1.0}","{""RF2"": 1.0, ""RS30S"": 1.0, ""RS50S_degraded"": 1.0, ""mRNA"": 1.0, ""tRNAGlyGCC"": 1.0}",re0000000821_k1,0.0,4.0,0,0.0,0.0,0.0,0.0,0.0,0.0,0.0,0.0,0.0,0.0,0.0,0.0,0.0,1.0,0.0,0.0,0.0,0.0,UNRESOLVED_FORMULAS_ABSENT,UNRESOLVED_BOUND_MOIETIES_NOT_ANNOTATED,STOICHIOMETRIC_PROXY_ONLY_NOT_VALIDATED_OSMOTIC_PRESSURE,UNAVAILABLE_CHARGE_PROTONATION_MG_BINDING_ABSENT,dc43bcec367f52105fe8d1ba328e59b064935df5faf8f880e078b212a40183df
re0000000822,termination / ribosome recycling / STATE_TRANSITION,termination / ribosome recycling,Termination_A_RF2,Termination_A_RF2:re225,EXTRACTED_EXACT_STOICHIOMETRY,STATE_TRANSITION,"{""termRS70SUAA0004_tRNAGlyGCC_RF2"": 1.0}","{""RF2_degraded"": 1.0, ""RS30S"": 1.0, ""RS50S"": 1.0, ""mRNA"": 1.0, ""tRNAGlyGCC"": 1.0}",re0000000822_k1,0.0,4.0,0,0.0,0.0,0.0,0.0,0.0,0.0,0.0,0.0,0.0,0.0,0.0,0.0,0.0,1.0,0.0,0.0,0.0,0.0,UNRESOLVED_FORMULAS_ABSENT,UNRESOLVED_BOUND_MOIETIES_NOT_ANNOTATED,STOICHIOMETRIC_PROXY_ONLY_NOT_VALIDATED_OSMOTIC_PRESSURE,UNAVAILABLE_CHARGE_PROTONATION_MG_BINDING_ABSENT,dc43bcec367f52105fe8d1ba328e59b064935df5faf8f880e078b212a40183df
re0000000823,termination / ribosome recycling / HETERODIMER_ASSOCIATION,termination / ribosome recycling,Termination_A_RF2,Termination_A_RF2:re228,EXTRACTED_EXACT_STOICHIOMETRY,HETERODIMER_ASSOCIATION,"{""Pept0003"": 1.0, ""termRS70SUAA0004_tRNAGlyGCC_RF2"": 1.0}","{""elRS70SAUAA0004_Pept0003tRNAGlyGCC_RF2"": 1.0}",re0000000823_k1,0.0,-1.0,0,0.0,0.0,0.0,0.0,0.0,0.0,0.0,0.0,0.0,0.0,0.0,0.0,0.0,0.0,0.0,0.0,0.0,0.0,UNRESOLVED_FORMULAS_ABSENT,UNRESOLVED_BOUND_MOIETIES_NOT_ANNOTATED,STOICHIOMETRIC_PROXY_ONLY_NOT_VALIDATED_OSMOTIC_PRESSURE,UNAVAILABLE_CHARGE_PROTONATION_MG_BINDING_ABSENT,dc43bcec367f52105fe8d1ba328e59b064935df5faf8f880e078b212a40183df
re0000000824,shared chemistry / ambiguous subsystem attribution / STATE_TRANSITION,termination / ribosome recycling,Termination_B_RF1;Termination_B_RF2,Termination_B_RF1:re228;Termination_B_RF2:re228,AMBIGUOUS_MULTIPLE_SUBSYSTEMS,STATE_TRANSITION,"{""RF3"": 1.0}","{""RF3_degraded"": 1.0}",re0000000824_k1,0.0,0.0,0,0.0,0.0,0.0,0.0,0.0,0.0,0.0,0.0,0.0,0.0,0.0,0.0,0.0,0.0,0.0,0.0,0.0,0.0,UNRESOLVED_FORMULAS_ABSENT,UNRESOLVED_BOUND_MOIETIES_NOT_ANNOTATED,STOICHIOMETRIC_PROXY_ONLY_NOT_VALIDATED_OSMOTIC_PRESSURE,UNAVAILABLE_CHARGE_PROTONATION_MG_BINDING_ABSENT,dc43bcec367f52105fe8d1ba328e59b064935df5faf8f880e078b212a40183df
re0000000825,shared chemistry / ambiguous subsystem attribution / DISSOCIATION,termination / ribosome recycling,Termination_B_RF1;Termination_B_RF2,Termination_B_RF1:re230;Termination_B_RF2:re230,AMBIGUOUS_MULTIPLE_SUBSYSTEMS,DISSOCIATION,"{""RF3_GDP"": 1.0}","{""GDP"": 1.0, ""RF3"": 1.0}",re0000000825_k1,0.032,1.0,1.0,0.0,0.0,0.0,0.0,1.0,0.0,0.0,0.0,0.0,0.0,0.0,0.0,0.0,0.0,0.0,0.0,0.0,0.0,UNRESOLVED_FORMULAS_ABSENT,UNRESOLVED_BOUND_MOIETIES_NOT_ANNOTATED,STOICHIOMETRIC_PROXY_ONLY_NOT_VALIDATED_OSMOTIC_PRESSURE,UNAVAILABLE_CHARGE_PROTONATION_MG_BINDING_ABSENT,dc43bcec367f52105fe8d1ba328e59b064935df5faf8f880e078b212a40183df
re0000000826,shared chemistry / ambiguous subsystem attribution / HETERODIMER_ASSOCIATION,termination / ribosome recycling,Termination_B_RF1;Termination_B_RF2,Termination_B_RF1:re231;Termination_B_RF2:re231,AMBIGUOUS_MULTIPLE_SUBSYSTEMS,HETERODIMER_ASSOCIATION,"{""GDP"": 1.0, ""RF3"": 1.0}","{""RF3_GDP"": 1.0}",re0000000826_k1,5.82,-1.0,-1.0,0.0,0.0,0.0,0.0,-1.0,0.0,0.0,0.0,0.0,0.0,0.0,0.0,0.0,0.0,0.0,0.0,0.0,0.0,UNRESOLVED_FORMULAS_ABSENT,UNRESOLVED_BOUND_MOIETIES_NOT_ANNOTATED,STOICHIOMETRIC_PROXY_ONLY_NOT_VALIDATED_OSMOTIC_PRESSURE,UNAVAILABLE_CHARGE_PROTONATION_MG_BINDING_ABSENT,dc43bcec367f52105fe8d1ba328e59b064935df5faf8f880e078b212a40183df
re0000000827,shared chemistry / ambiguous subsystem attribution / HETERODIMER_ASSOCIATION,termination / ribosome recycling,Termination_B_RF1;Termination_B_RF2,Termination_B_RF1:re232;Termination_B_RF2:re232,AMBIGUOUS_MULTIPLE_SUBSYSTEMS,HETERODIMER_ASSOCIATION,"{""GTP"": 1.0, ""RF3"": 1.0}","{""RF3_GTP"": 1.0}",re0000000827_k1,10.0,-1.0,-1.0,0.0,0.0,0.0,-1.0,0.0,0.0,0.0,0.0,0.0,0.0,0.0,0.0,0.0,0.0,0.0,0.0,0.0,0.0,UNRESOLVED_FORMULAS_ABSENT,UNRESOLVED_BOUND_MOIETIES_NOT_ANNOTATED,STOICHIOMETRIC_PROXY_ONLY_NOT_VALIDATED_OSMOTIC_PRESSURE,UNAVAILABLE_CHARGE_PROTONATION_MG_BINDING_ABSENT,dc43bcec367f52105fe8d1ba328e59b064935df5faf8f880e078b212a40183df
re0000000828,shared chemistry / ambiguous subsystem attribution / DISSOCIATION,termination / ribosome recycling,Termination_B_RF1;Termination_B_RF2,Termination_B_RF1:re233;Termination_B_RF2:re233,AMBIGUOUS_MULTIPLE_SUBSYSTEMS,DISSOCIATION,"{""RF3_GTP"": 1.0}","{""GTP"": 1.0, ""RF3"": 1.0}",re0000000828_k1,25.0,1.0,1.0,0.0,0.0,0.0,1.0,0.0,0.0,0.0,0.0,0.0,0.0,0.0,0.0,0.0,0.0,0.0,0.0,0.0,0.0,UNRESOLVED_FORMULAS_ABSENT,UNRESOLVED_BOUND_MOIETIES_NOT_ANNOTATED,STOICHIOMETRIC_PROXY_ONLY_NOT_VALIDATED_OSMOTIC_PRESSURE,UNAVAILABLE_CHARGE_PROTONATION_MG_BINDING_ABSENT,dc43bcec367f52105fe8d1ba328e59b064935df5faf8f880e078b212a40183df
re0000000829,termination / ribosome recycling / HETERODIMER_ASSOCIATION,termination / ribosome recycling,Termination_B_RF1,Termination_B_RF1:re234,EXTRACTED_EXACT_STOICHIOMETRY,HETERODIMER_ASSOCIATION,"{""RF3_GDP"": 1.0, ""termRS70SUAA0004_tRNAGlyGCC_RF1"": 1.0}","{""termRS70SUAA0004_tRNAGlyGCC_RF1_RF3_GDP"": 1.0}",re0000000829_k1,30.0,-1.0,0,0.0,0.0,0.0,0.0,0.0,0.0,0.0,0.0,0.0,0.0,0.0,0.0,0.0,0.0,0.0,0.0,0.0,0.0,UNRESOLVED_FORMULAS_ABSENT,UNRESOLVED_BOUND_MOIETIES_NOT_ANNOTATED,STOICHIOMETRIC_PROXY_ONLY_NOT_VALIDATED_OSMOTIC_PRESSURE,UNAVAILABLE_CHARGE_PROTONATION_MG_BINDING_ABSENT,dc43bcec367f52105fe8d1ba328e59b064935df5faf8f880e078b212a40183df
re0000000830,termination / ribosome recycling / DISSOCIATION,termination / ribosome recycling,Termination_B_RF1,Termination_B_RF1:re235,EXTRACTED_EXACT_STOICHIOMETRY,DISSOCIATION,"{""termRS70SUAA0004_tRNAGlyGCC_RF1_RF3_GDP"": 1.0}","{""RF3_GDP"": 1.0, ""termRS70SUAA0004_tRNAGlyGCC_RF1"": 1.0}",re0000000830_k1,25.0,1.0,0,0.0,0.0,0.0,0.0,0.0,0.0,0.0,0.0,0.0,0.0,0.0,0.0,0.0,0.0,0.0,0.0,0.0,0.0,UNRESOLVED_FORMULAS_ABSENT,UNRESOLVED_BOUND_MOIETIES_NOT_ANNOTATED,STOICHIOMETRIC_PROXY_ONLY_NOT_VALIDATED_OSMOTIC_PRESSURE,UNAVAILABLE_CHARGE_PROTONATION_MG_BINDING_ABSENT,dc43bcec367f52105fe8d1ba328e59b064935df5faf8f880e078b212a40183df
re0000000831,termination / ribosome recycling / HETERODIMER_ASSOCIATION,termination / ribosome recycling,Termination_B_RF1,Termination_B_RF1:re236,EXTRACTED_EXACT_STOICHIOMETRY,HETERODIMER_ASSOCIATION,"{""RF3_GTP"": 1.0, ""termRS70SUAA0004_tRNAGlyGCC_RF1"": 1.0}","{""termRS70SUAA0004_tRNAGlyGCC_RF1_RF3_GTP"": 1.0}",re0000000831_k1,30.0,-1.0,0,0.0,0.0,0.0,0.0,0.0,0.0,0.0,0.0,0.0,0.0,0.0,0.0,0.0,0.0,0.0,0.0,0.0,0.0,UNRESOLVED_FORMULAS_ABSENT,UNRESOLVED_BOUND_MOIETIES_NOT_ANNOTATED,STOICHIOMETRIC_PROXY_ONLY_NOT_VALIDATED_OSMOTIC_PRESSURE,UNAVAILABLE_CHARGE_PROTONATION_MG_BINDING_ABSENT,dc43bcec367f52105fe8d1ba328e59b064935df5faf8f880e078b212a40183df
re0000000832,termination / ribosome recycling / DISSOCIATION,termination / ribosome recycling,Termination_B_RF1,Termination_B_RF1:re237,EXTRACTED_EXACT_STOICHIOMETRY,DISSOCIATION,"{""termRS70SUAA0004_tRNAGlyGCC_RF1_RF3_GTP"": 1.0}","{""RF3_GTP"": 1.0, ""termRS70SUAA0004_tRNAGlyGCC_RF1"": 1.0}",re0000000832_k1,25.0,1.0,0,0.0,0.0,0.0,0.0,0.0,0.0,0.0,0.0,0.0,0.0,0.0,0.0,0.0,0.0,0.0,0.0,0.0,0.0,UNRESOLVED_FORMULAS_ABSENT,UNRESOLVED_BOUND_MOIETIES_NOT_ANNOTATED,STOICHIOMETRIC_PROXY_ONLY_NOT_VALIDATED_OSMOTIC_PRESSURE,UNAVAILABLE_CHARGE_PROTONATION_MG_BINDING_ABSENT,dc43bcec367f52105fe8d1ba328e59b064935df5faf8f880e078b212a40183df
re0000000833,termination / ribosome recycling / HETERODIMER_ASSOCIATION,termination / ribosome recycling,Termination_B_RF1,Termination_B_RF1:re242,EXTRACTED_EXACT_STOICHIOMETRY,HETERODIMER_ASSOCIATION,"{""RF3"": 1.0, ""termRS70SUAA0004_tRNAGlyGCC_RF1"": 1.0}","{""termRS70SUAA0004_tRNAGlyGCC_RF1_RF3"": 1.0}",re0000000833_k1,30.0,-1.0,0,0.0,0.0,0.0,0.0,0.0,0.0,0.0,0.0,0.0,0.0,0.0,0.0,0.0,0.0,0.0,0.0,0.0,0.0,UNRESOLVED_FORMULAS_ABSENT,UNRESOLVED_BOUND_MOIETIES_NOT_ANNOTATED,STOICHIOMETRIC_PROXY_ONLY_NOT_VALIDATED_OSMOTIC_PRESSURE,UNAVAILABLE_CHARGE_PROTONATION_MG_BINDING_ABSENT,dc43bcec367f52105fe8d1ba328e59b064935df5faf8f880e078b212a40183df
re0000000834,termination / ribosome recycling / DISSOCIATION,termination / ribosome recycling,Termination_B_RF1,Termination_B_RF1:re243,EXTRACTED_EXACT_STOICHIOMETRY,DISSOCIATION,"{""termRS70SUAA0004_tRNAGlyGCC_RF1_RF3"": 1.0}","{""RF3"": 1.0, ""termRS70SUAA0004_tRNAGlyGCC_RF1"": 1.0}",re0000000834_k1,25.0,1.0,0,0.0,0.0,0.0,0.0,0.0,0.0,0.0,0.0,0.0,0.0,0.0,0.0,0.0,0.0,0.0,0.0,0.0,0.0,UNRESOLVED_FORMULAS_ABSENT,UNRESOLVED_BOUND_MOIETIES_NOT_ANNOTATED,STOICHIOMETRIC_PROXY_ONLY_NOT_VALIDATED_OSMOTIC_PRESSURE,UNAVAILABLE_CHARGE_PROTONATION_MG_BINDING_ABSENT,dc43bcec367f52105fe8d1ba328e59b064935df5faf8f880e078b212a40183df
re0000000835,termination / ribosome recycling / STATE_TRANSITION,termination / ribosome recycling,Termination_B_RF1,Termination_B_RF1:re259,EXTRACTED_EXACT_STOICHIOMETRY,STATE_TRANSITION,"{""termRS70SUAA0004_tRNAGlyGCC_RF1_RF3_GTP"": 1.0}","{""GTP"": 1.0, ""RF1"": 1.0, ""RF3"": 1.0, ""RS30S_degraded"": 1.0, ""RS50S"": 1.0, ""mRNA"": 1.0, ""tRNAGlyGCC"": 1.0}",re0000000835_k1,0.0,6.0,1.0,0.0,0.0,0.0,1.0,0.0,0.0,0.0,0.0,0.0,0.0,0.0,0.0,0.0,1.0,0.0,0.0,0.0,0.0,UNRESOLVED_FORMULAS_ABSENT,UNRESOLVED_BOUND_MOIETIES_NOT_ANNOTATED,STOICHIOMETRIC_PROXY_ONLY_NOT_VALIDATED_OSMOTIC_PRESSURE,UNAVAILABLE_CHARGE_PROTONATION_MG_BINDING_ABSENT,dc43bcec367f52105fe8d1ba328e59b064935df5faf8f880e078b212a40183df
re0000000836,termination / ribosome recycling / STATE_TRANSITION,termination / ribosome recycling,Termination_B_RF1,Termination_B_RF1:re260,EXTRACTED_EXACT_STOICHIOMETRY,STATE_TRANSITION,"{""termRS70SUAA0004_tRNAGlyGCC_RF1_RF3_GTP"": 1.0}","{""GTP"": 1.0, ""RF1"": 1.0, ""RF3"": 1.0, ""RS30S"": 1.0, ""RS50S_degraded"": 1.0, ""mRNA"": 1.0, ""tRNAGlyGCC"": 1.0}",re0000000836_k1,0.0,6.0,1.0,0.0,0.0,0.0,1.0,0.0,0.0,0.0,0.0,0.0,0.0,0.0,0.0,0.0,1.0,0.0,0.0,0.0,0.0,UNRESOLVED_FORMULAS_ABSENT,UNRESOLVED_BOUND_MOIETIES_NOT_ANNOTATED,STOICHIOMETRIC_PROXY_ONLY_NOT_VALIDATED_OSMOTIC_PRESSURE,UNAVAILABLE_CHARGE_PROTONATION_MG_BINDING_ABSENT,dc43bcec367f52105fe8d1ba328e59b064935df5faf8f880e078b212a40183df
re0000000837,termination / ribosome recycling / STATE_TRANSITION,termination / ribosome recycling,Termination_B_RF1,Termination_B_RF1:re261,EXTRACTED_EXACT_STOICHIOMETRY,STATE_TRANSITION,"{""termRS70SUAA0004_tRNAGlyGCC_RF1_RF3_GTP"": 1.0}","{""GTP"": 1.0, ""RF1_degraded"": 1.0, ""RF3"": 1.0, ""RS30S"": 1.0, ""RS50S"": 1.0, ""mRNA"": 1.0, ""tRNAGlyGCC"": 1.0}",re0000000837_k1,0.0,6.0,1.0,0.0,0.0,0.0,1.0,0.0,0.0,0.0,0.0,0.0,0.0,0.0,0.0,0.0,1.0,0.0,0.0,0.0,0.0,UNRESOLVED_FORMULAS_ABSENT,UNRESOLVED_BOUND_MOIETIES_NOT_ANNOTATED,STOICHIOMETRIC_PROXY_ONLY_NOT_VALIDATED_OSMOTIC_PRESSURE,UNAVAILABLE_CHARGE_PROTONATION_MG_BINDING_ABSENT,dc43bcec367f52105fe8d1ba328e59b064935df5faf8f880e078b212a40183df
re0000000838,termination / ribosome recycling / DISSOCIATION,termination / ribosome recycling,Termination_B_RF1,Termination_B_RF1:re264,EXTRACTED_EXACT_STOICHIOMETRY,DISSOCIATION,"{""termRS70SUAA0004_tRNAGlyGCC_RF1_RF3_GTP"": 1.0}","{""RF1"": 1.0, ""termRS70SUAA0004_tRNAGlyGCC_RF3_GTP"": 1.0}",re0000000838_k1,0.3,1.0,0,0.0,0.0,0.0,0.0,0.0,0.0,0.0,0.0,0.0,0.0,0.0,0.0,0.0,0.0,0.0,0.0,0.0,0.0,UNRESOLVED_FORMULAS_ABSENT,UNRESOLVED_BOUND_MOIETIES_NOT_ANNOTATED,STOICHIOMETRIC_PROXY_ONLY_NOT_VALIDATED_OSMOTIC_PRESSURE,UNAVAILABLE_CHARGE_PROTONATION_MG_BINDING_ABSENT,dc43bcec367f52105fe8d1ba328e59b064935df5faf8f880e078b212a40183df
re0000000839,termination / ribosome recycling / HETERODIMER_ASSOCIATION,termination / ribosome recycling,Termination_B_RF1,Termination_B_RF1:re265,EXTRACTED_EXACT_STOICHIOMETRY,HETERODIMER_ASSOCIATION,"{""RF1"": 1.0, ""termRS70SUAA0004_tRNAGlyGCC_RF3_GTP"": 1.0}","{""termRS70SUAA0004_tRNAGlyGCC_RF1_RF3_GTP"": 1.0}",re0000000839_k1,60.0,-1.0,0,0.0,0.0,0.0,0.0,0.0,0.0,0.0,0.0,0.0,0.0,0.0,0.0,0.0,0.0,0.0,0.0,0.0,0.0,UNRESOLVED_FORMULAS_ABSENT,UNRESOLVED_BOUND_MOIETIES_NOT_ANNOTATED,STOICHIOMETRIC_PROXY_ONLY_NOT_VALIDATED_OSMOTIC_PRESSURE,UNAVAILABLE_CHARGE_PROTONATION_MG_BINDING_ABSENT,dc43bcec367f52105fe8d1ba328e59b064935df5faf8f880e078b212a40183df
re0000000840,shared chemistry / ambiguous subsystem attribution / STATE_TRANSITION,termination / ribosome recycling,Termination_B_RF1;Termination_B_RF2,Termination_B_RF1:re266;Termination_B_RF2:re266,AMBIGUOUS_MULTIPLE_SUBSYSTEMS,STATE_TRANSITION,"{""termRS70SUAA0004_tRNAGlyGCC_RF3_GTP"": 1.0}","{""termRS70SUAA0004_tRNAGlyGCC_RF3_GDP_PO4"": 1.0}",re0000000840_k1,31.0,0.0,0,0.0,0.0,0.0,0.0,0.0,0.0,0.0,0.0,0.0,0.0,0.0,0.0,0.0,0.0,0.0,0.0,0.0,0.0,UNRESOLVED_FORMULAS_ABSENT,UNRESOLVED_BOUND_MOIETIES_NOT_ANNOTATED,STOICHIOMETRIC_PROXY_ONLY_NOT_VALIDATED_OSMOTIC_PRESSURE,UNAVAILABLE_CHARGE_PROTONATION_MG_BINDING_ABSENT,dc43bcec367f52105fe8d1ba328e59b064935df5faf8f880e078b212a40183df
re0000000841,shared chemistry / ambiguous subsystem attribution / STATE_TRANSITION,termination / ribosome recycling,Termination_B_RF1;Termination_B_RF2,Termination_B_RF1:re267;Termination_B_RF2:re267,AMBIGUOUS_MULTIPLE_SUBSYSTEMS,STATE_TRANSITION,"{""termRS70SUAA0004_tRNAGlyGCC_RF3_GDP_PO4"": 1.0}","{""termRS70SUAA0004_tRNAGlyGCC_RF3_GTP"": 1.0}",re0000000841_k1,5.0,0.0,0,0.0,0.0,0.0,0.0,0.0,0.0,0.0,0.0,0.0,0.0,0.0,0.0,0.0,0.0,0.0,0.0,0.0,0.0,UNRESOLVED_FORMULAS_ABSENT,UNRESOLVED_BOUND_MOIETIES_NOT_ANNOTATED,STOICHIOMETRIC_PROXY_ONLY_NOT_VALIDATED_OSMOTIC_PRESSURE,UNAVAILABLE_CHARGE_PROTONATION_MG_BINDING_ABSENT,dc43bcec367f52105fe8d1ba328e59b064935df5faf8f880e078b212a40183df
re0000000842,shared chemistry / ambiguous subsystem attribution / DISSOCIATION,termination / ribosome recycling,Termination_B_RF1;Termination_B_RF2,Termination_B_RF1:re268;Termination_B_RF2:re268,AMBIGUOUS_MULTIPLE_SUBSYSTEMS,DISSOCIATION,"{""termRS70SUAA0004_tRNAGlyGCC_RF3_GDP_PO4"": 1.0}","{""PO4"": 1.0, ""termRS70SUAA0004_tRNAGlyGCC_RF3_GDP"": 1.0}",re0000000842_k1,5.0,1.0,1.0,0.0,0.0,0.0,0.0,0.0,0.0,1.0,0.0,0.0,0.0,0.0,0.0,0.0,0.0,0.0,0.0,0.0,0.0,UNRESOLVED_FORMULAS_ABSENT,UNRESOLVED_BOUND_MOIETIES_NOT_ANNOTATED,STOICHIOMETRIC_PROXY_ONLY_NOT_VALIDATED_OSMOTIC_PRESSURE,UNAVAILABLE_CHARGE_PROTONATION_MG_BINDING_ABSENT,dc43bcec367f52105fe8d1ba328e59b064935df5faf8f880e078b212a40183df
re0000000843,termination / ribosome recycling / DISSOCIATION,termination / ribosome recycling,Termination_B_RF1,Termination_B_RF1:re269,EXTRACTED_EXACT_STOICHIOMETRY,DISSOCIATION,"{""termRS70SUAA0004_tRNAGlyGCC_RF1_RF3_GDP"": 1.0}","{""GDP"": 1.0, ""termRS70SUAA0004_tRNAGlyGCC_RF1_RF3"": 1.0}",re0000000843_k1,10.5,1.0,1.0,0.0,0.0,0.0,0.0,1.0,0.0,0.0,0.0,0.0,0.0,0.0,0.0,0.0,0.0,0.0,0.0,0.0,0.0,UNRESOLVED_FORMULAS_ABSENT,UNRESOLVED_BOUND_MOIETIES_NOT_ANNOTATED,STOICHIOMETRIC_PROXY_ONLY_NOT_VALIDATED_OSMOTIC_PRESSURE,UNAVAILABLE_CHARGE_PROTONATION_MG_BINDING_ABSENT,dc43bcec367f52105fe8d1ba328e59b064935df5faf8f880e078b212a40183df
re0000000844,termination / ribosome recycling / HETERODIMER_ASSOCIATION,termination / ribosome recycling,Termination_B_RF1,Termination_B_RF1:re270,EXTRACTED_EXACT_STOICHIOMETRY,HETERODIMER_ASSOCIATION,"{""GDP"": 1.0, ""termRS70SUAA0004_tRNAGlyGCC_RF1_RF3"": 1.0}","{""termRS70SUAA0004_tRNAGlyGCC_RF1_RF3_GDP"": 1.0}",re0000000844_k1,5.82,-1.0,-1.0,0.0,0.0,0.0,0.0,-1.0,0.0,0.0,0.0,0.0,0.0,0.0,0.0,0.0,0.0,0.0,0.0,0.0,0.0,UNRESOLVED_FORMULAS_ABSENT,UNRESOLVED_BOUND_MOIETIES_NOT_ANNOTATED,STOICHIOMETRIC_PROXY_ONLY_NOT_VALIDATED_OSMOTIC_PRESSURE,UNAVAILABLE_CHARGE_PROTONATION_MG_BINDING_ABSENT,dc43bcec367f52105fe8d1ba328e59b064935df5faf8f880e078b212a40183df
re0000000845,termination / ribosome recycling / DISSOCIATION,termination / ribosome recycling,Termination_B_RF1,Termination_B_RF1:re271,EXTRACTED_EXACT_STOICHIOMETRY,DISSOCIATION,"{""termRS70SUAA0004_tRNAGlyGCC_RF1_RF3_GTP"": 1.0}","{""GTP"": 1.0, ""termRS70SUAA0004_tRNAGlyGCC_RF1_RF3"": 1.0}",re0000000845_k1,10.0,1.0,1.0,0.0,0.0,0.0,1.0,0.0,0.0,0.0,0.0,0.0,0.0,0.0,0.0,0.0,0.0,0.0,0.0,0.0,0.0,UNRESOLVED_FORMULAS_ABSENT,UNRESOLVED_BOUND_MOIETIES_NOT_ANNOTATED,STOICHIOMETRIC_PROXY_ONLY_NOT_VALIDATED_OSMOTIC_PRESSURE,UNAVAILABLE_CHARGE_PROTONATION_MG_BINDING_ABSENT,dc43bcec367f52105fe8d1ba328e59b064935df5faf8f880e078b212a40183df
re0000000846,termination / ribosome recycling / HETERODIMER_ASSOCIATION,termination / ribosome recycling,Termination_B_RF1,Termination_B_RF1:re272,EXTRACTED_EXACT_STOICHIOMETRY,HETERODIMER_ASSOCIATION,"{""GTP"": 1.0, ""termRS70SUAA0004_tRNAGlyGCC_RF1_RF3"": 1.0}","{""termRS70SUAA0004_tRNAGlyGCC_RF1_RF3_GTP"": 1.0}",re0000000846_k1,25.0,-1.0,-1.0,0.0,0.0,0.0,-1.0,0.0,0.0,0.0,0.0,0.0,0.0,0.0,0.0,0.0,0.0,0.0,0.0,0.0,0.0,UNRESOLVED_FORMULAS_ABSENT,UNRESOLVED_BOUND_MOIETIES_NOT_ANNOTATED,STOICHIOMETRIC_PROXY_ONLY_NOT_VALIDATED_OSMOTIC_PRESSURE,UNAVAILABLE_CHARGE_PROTONATION_MG_BINDING_ABSENT,dc43bcec367f52105fe8d1ba328e59b064935df5faf8f880e078b212a40183df
re0000000847,shared chemistry / ambiguous subsystem attribution / DISSOCIATION,termination / ribosome recycling,Termination_B_RF1;Termination_B_RF2,Termination_B_RF1:re273;Termination_B_RF2:re273,AMBIGUOUS_MULTIPLE_SUBSYSTEMS,DISSOCIATION,"{""termRS70SUAA0004_tRNAGlyGCC_RF3_GDP"": 1.0}","{""RF3_GDP"": 1.0, ""termRS70SUAA0004_tRNAGlyGCC"": 1.0}",re0000000847_k1,1000.0,1.0,0,0.0,0.0,0.0,0.0,0.0,0.0,0.0,0.0,0.0,0.0,0.0,0.0,0.0,0.0,0.0,0.0,0.0,0.0,UNRESOLVED_FORMULAS_ABSENT,UNRESOLVED_BOUND_MOIETIES_NOT_ANNOTATED,STOICHIOMETRIC_PROXY_ONLY_NOT_VALIDATED_OSMOTIC_PRESSURE,UNAVAILABLE_CHARGE_PROTONATION_MG_BINDING_ABSENT,dc43bcec367f52105fe8d1ba328e59b064935df5faf8f880e078b212a40183df
re0000000848,shared chemistry / ambiguous subsystem attribution / STATE_TRANSITION,termination / ribosome recycling,Termination_B_RF1;Termination_B_RF2,Termination_B_RF1:re274;Termination_B_RF2:re274,AMBIGUOUS_MULTIPLE_SUBSYSTEMS,STATE_TRANSITION,"{""RF3_GDP"": 1.0}","{""GDP"": 1.0, ""RF3_degraded"": 1.0}",re0000000848_k1,0.0,1.0,1.0,0.0,0.0,0.0,0.0,1.0,0.0,0.0,0.0,0.0,0.0,0.0,0.0,0.0,0.0,0.0,0.0,0.0,0.0,UNRESOLVED_FORMULAS_ABSENT,UNRESOLVED_BOUND_MOIETIES_NOT_ANNOTATED,STOICHIOMETRIC_PROXY_ONLY_NOT_VALIDATED_OSMOTIC_PRESSURE,UNAVAILABLE_CHARGE_PROTONATION_MG_BINDING_ABSENT,dc43bcec367f52105fe8d1ba328e59b064935df5faf8f880e078b212a40183df
re0000000849,shared chemistry / ambiguous subsystem attribution / STATE_TRANSITION,termination / ribosome recycling,Termination_B_RF1;Termination_B_RF2,Termination_B_RF1:re275;Termination_B_RF2:re275,AMBIGUOUS_MULTIPLE_SUBSYSTEMS,STATE_TRANSITION,"{""RF3_GTP"": 1.0}","{""GTP"": 1.0, ""RF3_degraded"": 1.0}",re0000000849_k1,0.0,1.0,1.0,0.0,0.0,0.0,1.0,0.0,0.0,0.0,0.0,0.0,0.0,0.0,0.0,0.0,0.0,0.0,0.0,0.0,0.0,UNRESOLVED_FORMULAS_ABSENT,UNRESOLVED_BOUND_MOIETIES_NOT_ANNOTATED,STOICHIOMETRIC_PROXY_ONLY_NOT_VALIDATED_OSMOTIC_PRESSURE,UNAVAILABLE_CHARGE_PROTONATION_MG_BINDING_ABSENT,dc43bcec367f52105fe8d1ba328e59b064935df5faf8f880e078b212a40183df
re0000000850,termination / ribosome recycling / STATE_TRANSITION,termination / ribosome recycling,Termination_B_RF1,Termination_B_RF1:re276,EXTRACTED_EXACT_STOICHIOMETRY,STATE_TRANSITION,"{""termRS70SUAA0004_tRNAGlyGCC_RF1_RF3_GTP"": 1.0}","{""GTP"": 1.0, ""RF1"": 1.0, ""RF3_degraded"": 1.0, ""RS30S"": 1.0, ""RS50S"": 1.0, ""mRNA"": 1.0, ""tRNAGlyGCC"": 1.0}",re0000000850_k1,0.0,6.0,1.0,0.0,0.0,0.0,1.0,0.0,0.0,0.0,0.0,0.0,0.0,0.0,0.0,0.0,1.0,0.0,0.0,0.0,0.0,UNRESOLVED_FORMULAS_ABSENT,UNRESOLVED_BOUND_MOIETIES_NOT_ANNOTATED,STOICHIOMETRIC_PROXY_ONLY_NOT_VALIDATED_OSMOTIC_PRESSURE,UNAVAILABLE_CHARGE_PROTONATION_MG_BINDING_ABSENT,dc43bcec367f52105fe8d1ba328e59b064935df5faf8f880e078b212a40183df
re0000000851,termination / ribosome recycling / STATE_TRANSITION,termination / ribosome recycling,Termination_B_RF1,Termination_B_RF1:re277,EXTRACTED_EXACT_STOICHIOMETRY,STATE_TRANSITION,"{""termRS70SUAA0004_tRNAGlyGCC_RF1_RF3_GDP"": 1.0}","{""GDP"": 1.0, ""RF1"": 1.0, ""RF3"": 1.0, ""RS30S_degraded"": 1.0, ""RS50S"": 1.0, ""mRNA"": 1.0, ""tRNAGlyGCC"": 1.0}",re0000000851_k1,0.0,6.0,1.0,0.0,0.0,0.0,0.0,1.0,0.0,0.0,0.0,0.0,0.0,0.0,0.0,0.0,1.0,0.0,0.0,0.0,0.0,UNRESOLVED_FORMULAS_ABSENT,UNRESOLVED_BOUND_MOIETIES_NOT_ANNOTATED,STOICHIOMETRIC_PROXY_ONLY_NOT_VALIDATED_OSMOTIC_PRESSURE,UNAVAILABLE_CHARGE_PROTONATION_MG_BINDING_ABSENT,dc43bcec367f52105fe8d1ba328e59b064935df5faf8f880e078b212a40183df
re0000000852,termination / ribosome recycling / STATE_TRANSITION,termination / ribosome recycling,Termination_B_RF1,Termination_B_RF1:re278,EXTRACTED_EXACT_STOICHIOMETRY,STATE_TRANSITION,"{""termRS70SUAA0004_tRNAGlyGCC_RF1_RF3_GDP"": 1.0}","{""GDP"": 1.0, ""RF1"": 1.0, ""RF3"": 1.0, ""RS30S"": 1.0, ""RS50S_degraded"": 1.0, ""mRNA"": 1.0, ""tRNAGlyGCC"": 1.0}",re0000000852_k1,0.0,6.0,1.0,0.0,0.0,0.0,0.0,1.0,0.0,0.0,0.0,0.0,0.0,0.0,0.0,0.0,1.0,0.0,0.0,0.0,0.0,UNRESOLVED_FORMULAS_ABSENT,UNRESOLVED_BOUND_MOIETIES_NOT_ANNOTATED,STOICHIOMETRIC_PROXY_ONLY_NOT_VALIDATED_OSMOTIC_PRESSURE,UNAVAILABLE_CHARGE_PROTONATION_MG_BINDING_ABSENT,dc43bcec367f52105fe8d1ba328e59b064935df5faf8f880e078b212a40183df
re0000000853,termination / ribosome recycling / STATE_TRANSITION,termination / ribosome recycling,Termination_B_RF1,Termination_B_RF1:re279,EXTRACTED_EXACT_STOICHIOMETRY,STATE_TRANSITION,"{""termRS70SUAA0004_tRNAGlyGCC_RF1_RF3_GDP"": 1.0}","{""GDP"": 1.0, ""RF1_degraded"": 1.0, ""RF3"": 1.0, ""RS30S"": 1.0, ""RS50S"": 1.0, ""mRNA"": 1.0, ""tRNAGlyGCC"": 1.0}",re0000000853_k1,0.0,6.0,1.0,0.0,0.0,0.0,0.0,1.0,0.0,0.0,0.0,0.0,0.0,0.0,0.0,0.0,1.0,0.0,0.0,0.0,0.0,UNRESOLVED_FORMULAS_ABSENT,UNRESOLVED_BOUND_MOIETIES_NOT_ANNOTATED,STOICHIOMETRIC_PROXY_ONLY_NOT_VALIDATED_OSMOTIC_PRESSURE,UNAVAILABLE_CHARGE_PROTONATION_MG_BINDING_ABSENT,dc43bcec367f52105fe8d1ba328e59b064935df5faf8f880e078b212a40183df
re0000000854,termination / ribosome recycling / STATE_TRANSITION,termination / ribosome recycling,Termination_B_RF1,Termination_B_RF1:re280,EXTRACTED_EXACT_STOICHIOMETRY,STATE_TRANSITION,"{""termRS70SUAA0004_tRNAGlyGCC_RF1_RF3_GDP"": 1.0}","{""GDP"": 1.0, ""RF1"": 1.0, ""RF3_degraded"": 1.0, ""RS30S"": 1.0, ""RS50S"": 1.0, ""mRNA"": 1.0, ""tRNAGlyGCC"": 1.0}",re0000000854_k1,0.0,6.0,1.0,0.0,0.0,0.0,0.0,1.0,0.0,0.0,0.0,0.0,0.0,0.0,0.0,0.0,1.0,0.0,0.0,0.0,0.0,UNRESOLVED_FORMULAS_ABSENT,UNRESOLVED_BOUND_MOIETIES_NOT_ANNOTATED,STOICHIOMETRIC_PROXY_ONLY_NOT_VALIDATED_OSMOTIC_PRESSURE,UNAVAILABLE_CHARGE_PROTONATION_MG_BINDING_ABSENT,dc43bcec367f52105fe8d1ba328e59b064935df5faf8f880e078b212a40183df
re0000000855,termination / ribosome recycling / STATE_TRANSITION,termination / ribosome recycling,Termination_B_RF1,Termination_B_RF1:re281,EXTRACTED_EXACT_STOICHIOMETRY,STATE_TRANSITION,"{""termRS70SUAA0004_tRNAGlyGCC_RF1_RF3"": 1.0}","{""RF1"": 1.0, ""RF3"": 1.0, ""RS30S_degraded"": 1.0, ""RS50S"": 1.0, ""mRNA"": 1.0, ""tRNAGlyGCC"": 1.0}",re0000000855_k1,0.0,5.0,0,0.0,0.0,0.0,0.0,0.0,0.0,0.0,0.0,0.0,0.0,0.0,0.0,0.0,1.0,0.0,0.0,0.0,0.0,UNRESOLVED_FORMULAS_ABSENT,UNRESOLVED_BOUND_MOIETIES_NOT_ANNOTATED,STOICHIOMETRIC_PROXY_ONLY_NOT_VALIDATED_OSMOTIC_PRESSURE,UNAVAILABLE_CHARGE_PROTONATION_MG_BINDING_ABSENT,dc43bcec367f52105fe8d1ba328e59b064935df5faf8f880e078b212a40183df
re0000000856,termination / ribosome recycling / STATE_TRANSITION,termination / ribosome recycling,Termination_B_RF1,Termination_B_RF1:re282,EXTRACTED_EXACT_STOICHIOMETRY,STATE_TRANSITION,"{""termRS70SUAA0004_tRNAGlyGCC_RF1_RF3"": 1.0}","{""RF1"": 1.0, ""RF3"": 1.0, ""RS30S"": 1.0, ""RS50S_degraded"": 1.0, ""mRNA"": 1.0, ""tRNAGlyGCC"": 1.0}",re0000000856_k1,0.0,5.0,0,0.0,0.0,0.0,0.0,0.0,0.0,0.0,0.0,0.0,0.0,0.0,0.0,0.0,1.0,0.0,0.0,0.0,0.0,UNRESOLVED_FORMULAS_ABSENT,UNRESOLVED_BOUND_MOIETIES_NOT_ANNOTATED,STOICHIOMETRIC_PROXY_ONLY_NOT_VALIDATED_OSMOTIC_PRESSURE,UNAVAILABLE_CHARGE_PROTONATION_MG_BINDING_ABSENT,dc43bcec367f52105fe8d1ba328e59b064935df5faf8f880e078b212a40183df
re0000000857,termination / ribosome recycling / STATE_TRANSITION,termination / ribosome recycling,Termination_B_RF1,Termination_B_RF1:re283,EXTRACTED_EXACT_STOICHIOMETRY,STATE_TRANSITION,"{""termRS70SUAA0004_tRNAGlyGCC_RF1_RF3"": 1.0}","{""RF1_degraded"": 1.0, ""RF3"": 1.0, ""RS30S"": 1.0, ""RS50S"": 1.0, ""mRNA"": 1.0, ""tRNAGlyGCC"": 1.0}",re0000000857_k1,0.0,5.0,0,0.0,0.0,0.0,0.0,0.0,0.0,0.0,0.0,0.0,0.0,0.0,0.0,0.0,1.0,0.0,0.0,0.0,0.0,UNRESOLVED_FORMULAS_ABSENT,UNRESOLVED_BOUND_MOIETIES_NOT_ANNOTATED,STOICHIOMETRIC_PROXY_ONLY_NOT_VALIDATED_OSMOTIC_PRESSURE,UNAVAILABLE_CHARGE_PROTONATION_MG_BINDING_ABSENT,dc43bcec367f52105fe8d1ba328e59b064935df5faf8f880e078b212a40183df
re0000000858,termination / ribosome recycling / STATE_TRANSITION,termination / ribosome recycling,Termination_B_RF1,Termination_B_RF1:re284,EXTRACTED_EXACT_STOICHIOMETRY,STATE_TRANSITION,"{""termRS70SUAA0004_tRNAGlyGCC_RF1_RF3"": 1.0}","{""RF1"": 1.0, ""RF3_degraded"": 1.0, ""RS30S"": 1.0, ""RS50S"": 1.0, ""mRNA"": 1.0, ""tRNAGlyGCC"": 1.0}",re0000000858_k1,0.0,5.0,0,0.0,0.0,0.0,0.0,0.0,0.0,0.0,0.0,0.0,0.0,0.0,0.0,0.0,1.0,0.0,0.0,0.0,0.0,UNRESOLVED_FORMULAS_ABSENT,UNRESOLVED_BOUND_MOIETIES_NOT_ANNOTATED,STOICHIOMETRIC_PROXY_ONLY_NOT_VALIDATED_OSMOTIC_PRESSURE,UNAVAILABLE_CHARGE_PROTONATION_MG_BINDING_ABSENT,dc43bcec367f52105fe8d1ba328e59b064935df5faf8f880e078b212a40183df
re0000000859,shared chemistry / ambiguous subsystem attribution / STATE_TRANSITION,termination / ribosome recycling,Termination_B_RF1;Termination_B_RF2,Termination_B_RF1:re289;Termination_B_RF2:re289,AMBIGUOUS_MULTIPLE_SUBSYSTEMS,STATE_TRANSITION,"{""termRS70SUAA0004_tRNAGlyGCC_RF3_GTP"": 1.0}","{""GTP"": 1.0, ""RF3"": 1.0, ""RS30S_degraded"": 1.0, ""RS50S"": 1.0, ""mRNA"": 1.0, ""tRNAGlyGCC"": 1.0}",re0000000859_k1,0.0,5.0,1.0,0.0,0.0,0.0,1.0,0.0,0.0,0.0,0.0,0.0,0.0,0.0,0.0,0.0,1.0,0.0,0.0,0.0,0.0,UNRESOLVED_FORMULAS_ABSENT,UNRESOLVED_BOUND_MOIETIES_NOT_ANNOTATED,STOICHIOMETRIC_PROXY_ONLY_NOT_VALIDATED_OSMOTIC_PRESSURE,UNAVAILABLE_CHARGE_PROTONATION_MG_BINDING_ABSENT,dc43bcec367f52105fe8d1ba328e59b064935df5faf8f880e078b212a40183df
re0000000860,shared chemistry / ambiguous subsystem attribution / STATE_TRANSITION,termination / ribosome recycling,Termination_B_RF1;Termination_B_RF2,Termination_B_RF1:re290;Termination_B_RF2:re290,AMBIGUOUS_MULTIPLE_SUBSYSTEMS,STATE_TRANSITION,"{""termRS70SUAA0004_tRNAGlyGCC_RF3_GTP"": 1.0}","{""GTP"": 1.0, ""RF3"": 1.0, ""RS30S"": 1.0, ""RS50S_degraded"": 1.0, ""mRNA"": 1.0, ""tRNAGlyGCC"": 1.0}",re0000000860_k1,0.0,5.0,1.0,0.0,0.0,0.0,1.0,0.0,0.0,0.0,0.0,0.0,0.0,0.0,0.0,0.0,1.0,0.0,0.0,0.0,0.0,UNRESOLVED_FORMULAS_ABSENT,UNRESOLVED_BOUND_MOIETIES_NOT_ANNOTATED,STOICHIOMETRIC_PROXY_ONLY_NOT_VALIDATED_OSMOTIC_PRESSURE,UNAVAILABLE_CHARGE_PROTONATION_MG_BINDING_ABSENT,dc43bcec367f52105fe8d1ba328e59b064935df5faf8f880e078b212a40183df
re0000000861,shared chemistry / ambiguous subsystem attribution / STATE_TRANSITION,termination / ribosome recycling,Termination_B_RF1;Termination_B_RF2,Termination_B_RF1:re291;Termination_B_RF2:re291,AMBIGUOUS_MULTIPLE_SUBSYSTEMS,STATE_TRANSITION,"{""termRS70SUAA0004_tRNAGlyGCC_RF3_GTP"": 1.0}","{""GTP"": 1.0, ""RF3_degraded"": 1.0, ""RS30S"": 1.0, ""RS50S"": 1.0, ""mRNA"": 1.0, ""tRNAGlyGCC"": 1.0}",re0000000861_k1,0.0,5.0,1.0,0.0,0.0,0.0,1.0,0.0,0.0,0.0,0.0,0.0,0.0,0.0,0.0,0.0,1.0,0.0,0.0,0.0,0.0,UNRESOLVED_FORMULAS_ABSENT,UNRESOLVED_BOUND_MOIETIES_NOT_ANNOTATED,STOICHIOMETRIC_PROXY_ONLY_NOT_VALIDATED_OSMOTIC_PRESSURE,UNAVAILABLE_CHARGE_PROTONATION_MG_BINDING_ABSENT,dc43bcec367f52105fe8d1ba328e59b064935df5faf8f880e078b212a40183df
re0000000862,shared chemistry / ambiguous subsystem attribution / STATE_TRANSITION,termination / ribosome recycling,Termination_B_RF1;Termination_B_RF2,Termination_B_RF1:re296;Termination_B_RF2:re296,AMBIGUOUS_MULTIPLE_SUBSYSTEMS,STATE_TRANSITION,"{""termRS70SUAA0004_tRNAGlyGCC_RF3_GDP_PO4"": 1.0}","{""GDP"": 1.0, ""PO4"": 1.0, ""RF3"": 1.0, ""RS30S_degraded"": 1.0, ""RS50S"": 1.0, ""mRNA"": 1.0, ""tRNAGlyGCC"": 1.0}",re0000000862_k1,0.0,6.0,2.0,0.0,0.0,0.0,0.0,1.0,0.0,1.0,0.0,0.0,0.0,0.0,0.0,0.0,1.0,0.0,0.0,0.0,0.0,UNRESOLVED_FORMULAS_ABSENT,UNRESOLVED_BOUND_MOIETIES_NOT_ANNOTATED,STOICHIOMETRIC_PROXY_ONLY_NOT_VALIDATED_OSMOTIC_PRESSURE,UNAVAILABLE_CHARGE_PROTONATION_MG_BINDING_ABSENT,dc43bcec367f52105fe8d1ba328e59b064935df5faf8f880e078b212a40183df
re0000000863,shared chemistry / ambiguous subsystem attribution / STATE_TRANSITION,termination / ribosome recycling,Termination_B_RF1;Termination_B_RF2,Termination_B_RF1:re297;Termination_B_RF2:re297,AMBIGUOUS_MULTIPLE_SUBSYSTEMS,STATE_TRANSITION,"{""termRS70SUAA0004_tRNAGlyGCC_RF3_GDP_PO4"": 1.0}","{""GDP"": 1.0, ""PO4"": 1.0, ""RF3"": 1.0, ""RS30S"": 1.0, ""RS50S_degraded"": 1.0, ""mRNA"": 1.0, ""tRNAGlyGCC"": 1.0}",re0000000863_k1,0.0,6.0,2.0,0.0,0.0,0.0,0.0,1.0,0.0,1.0,0.0,0.0,0.0,0.0,0.0,0.0,1.0,0.0,0.0,0.0,0.0,UNRESOLVED_FORMULAS_ABSENT,UNRESOLVED_BOUND_MOIETIES_NOT_ANNOTATED,STOICHIOMETRIC_PROXY_ONLY_NOT_VALIDATED_OSMOTIC_PRESSURE,UNAVAILABLE_CHARGE_PROTONATION_MG_BINDING_ABSENT,dc43bcec367f52105fe8d1ba328e59b064935df5faf8f880e078b212a40183df
re0000000864,shared chemistry / ambiguous subsystem attribution / STATE_TRANSITION,termination / ribosome recycling,Termination_B_RF1;Termination_B_RF2,Termination_B_RF1:re298;Termination_B_RF2:re298,AMBIGUOUS_MULTIPLE_SUBSYSTEMS,STATE_TRANSITION,"{""termRS70SUAA0004_tRNAGlyGCC_RF3_GDP_PO4"": 1.0}","{""GDP"": 1.0, ""PO4"": 1.0, ""RF3_degraded"": 1.0, ""RS30S"": 1.0, ""RS50S"": 1.0, ""mRNA"": 1.0, ""tRNAGlyGCC"": 1.0}",re0000000864_k1,0.0,6.0,2.0,0.0,0.0,0.0,0.0,1.0,0.0,1.0,0.0,0.0,0.0,0.0,0.0,0.0,1.0,0.0,0.0,0.0,0.0,UNRESOLVED_FORMULAS_ABSENT,UNRESOLVED_BOUND_MOIETIES_NOT_ANNOTATED,STOICHIOMETRIC_PROXY_ONLY_NOT_VALIDATED_OSMOTIC_PRESSURE,UNAVAILABLE_CHARGE_PROTONATION_MG_BINDING_ABSENT,dc43bcec367f52105fe8d1ba328e59b064935df5faf8f880e078b212a40183df
re0000000865,shared chemistry / ambiguous subsystem attribution / STATE_TRANSITION,termination / ribosome recycling,Termination_B_RF1;Termination_B_RF2,Termination_B_RF1:re299;Termination_B_RF2:re299,AMBIGUOUS_MULTIPLE_SUBSYSTEMS,STATE_TRANSITION,"{""termRS70SUAA0004_tRNAGlyGCC_RF3_GDP"": 1.0}","{""GDP"": 1.0, ""RF3"": 1.0, ""RS30S_degraded"": 1.0, ""RS50S"": 1.0, ""mRNA"": 1.0, ""tRNAGlyGCC"": 1.0}",re0000000865_k1,0.0,5.0,1.0,0.0,0.0,0.0,0.0,1.0,0.0,0.0,0.0,0.0,0.0,0.0,0.0,0.0,1.0,0.0,0.0,0.0,0.0,UNRESOLVED_FORMULAS_ABSENT,UNRESOLVED_BOUND_MOIETIES_NOT_ANNOTATED,STOICHIOMETRIC_PROXY_ONLY_NOT_VALIDATED_OSMOTIC_PRESSURE,UNAVAILABLE_CHARGE_PROTONATION_MG_BINDING_ABSENT,dc43bcec367f52105fe8d1ba328e59b064935df5faf8f880e078b212a40183df
re0000000866,shared chemistry / ambiguous subsystem attribution / STATE_TRANSITION,termination / ribosome recycling,Termination_B_RF1;Termination_B_RF2,Termination_B_RF1:re300;Termination_B_RF2:re300,AMBIGUOUS_MULTIPLE_SUBSYSTEMS,STATE_TRANSITION,"{""termRS70SUAA0004_tRNAGlyGCC_RF3_GDP"": 1.0}","{""GDP"": 1.0, ""RF3"": 1.0, ""RS30S"": 1.0, ""RS50S_degraded"": 1.0, ""mRNA"": 1.0, ""tRNAGlyGCC"": 1.0}",re0000000866_k1,0.0,5.0,1.0,0.0,0.0,0.0,0.0,1.0,0.0,0.0,0.0,0.0,0.0,0.0,0.0,0.0,1.0,0.0,0.0,0.0,0.0,UNRESOLVED_FORMULAS_ABSENT,UNRESOLVED_BOUND_MOIETIES_NOT_ANNOTATED,STOICHIOMETRIC_PROXY_ONLY_NOT_VALIDATED_OSMOTIC_PRESSURE,UNAVAILABLE_CHARGE_PROTONATION_MG_BINDING_ABSENT,dc43bcec367f52105fe8d1ba328e59b064935df5faf8f880e078b212a40183df
re0000000867,shared chemistry / ambiguous subsystem attribution / STATE_TRANSITION,termination / ribosome recycling,Termination_B_RF1;Termination_B_RF2,Termination_B_RF1:re301;Termination_B_RF2:re301,AMBIGUOUS_MULTIPLE_SUBSYSTEMS,STATE_TRANSITION,"{""termRS70SUAA0004_tRNAGlyGCC_RF3_GDP"": 1.0}","{""GDP"": 1.0, ""RF3_degraded"": 1.0, ""RS30S"": 1.0, ""RS50S"": 1.0, ""mRNA"": 1.0, ""tRNAGlyGCC"": 1.0}",re0000000867_k1,0.0,5.0,1.0,0.0,0.0,0.0,0.0,1.0,0.0,0.0,0.0,0.0,0.0,0.0,0.0,0.0,1.0,0.0,0.0,0.0,0.0,UNRESOLVED_FORMULAS_ABSENT,UNRESOLVED_BOUND_MOIETIES_NOT_ANNOTATED,STOICHIOMETRIC_PROXY_ONLY_NOT_VALIDATED_OSMOTIC_PRESSURE,UNAVAILABLE_CHARGE_PROTONATION_MG_BINDING_ABSENT,dc43bcec367f52105fe8d1ba328e59b064935df5faf8f880e078b212a40183df
re0000000868,shared chemistry / ambiguous subsystem attribution / HETERODIMER_ASSOCIATION,termination / ribosome recycling,Termination_B_RF1;Termination_B_RF2,Termination_B_RF1:re302;Termination_B_RF2:re302,AMBIGUOUS_MULTIPLE_SUBSYSTEMS,HETERODIMER_ASSOCIATION,"{""PO4"": 1.0, ""termRS70SUAA0004_tRNAGlyGCC_RF3_GDP"": 1.0}","{""termRS70SUAA0004_tRNAGlyGCC_RF3_GDP_PO4"": 1.0}",re0000000868_k1,0.0,-1.0,-1.0,0.0,0.0,0.0,0.0,0.0,0.0,-1.0,0.0,0.0,0.0,0.0,0.0,0.0,0.0,0.0,0.0,0.0,0.0,UNRESOLVED_FORMULAS_ABSENT,UNRESOLVED_BOUND_MOIETIES_NOT_ANNOTATED,STOICHIOMETRIC_PROXY_ONLY_NOT_VALIDATED_OSMOTIC_PRESSURE,UNAVAILABLE_CHARGE_PROTONATION_MG_BINDING_ABSENT,dc43bcec367f52105fe8d1ba328e59b064935df5faf8f880e078b212a40183df
re0000000869,shared chemistry / ambiguous subsystem attribution / HETERODIMER_ASSOCIATION,termination / ribosome recycling,Termination_B_RF1;Termination_B_RF2,Termination_B_RF1:re303;Termination_B_RF2:re303,AMBIGUOUS_MULTIPLE_SUBSYSTEMS,HETERODIMER_ASSOCIATION,"{""RF3_GDP"": 1.0, ""termRS70SUAA0004_tRNAGlyGCC"": 1.0}","{""termRS70SUAA0004_tRNAGlyGCC_RF3_GDP"": 1.0}",re0000000869_k1,0.0,-1.0,0,0.0,0.0,0.0,0.0,0.0,0.0,0.0,0.0,0.0,0.0,0.0,0.0,0.0,0.0,0.0,0.0,0.0,0.0,UNRESOLVED_FORMULAS_ABSENT,UNRESOLVED_BOUND_MOIETIES_NOT_ANNOTATED,STOICHIOMETRIC_PROXY_ONLY_NOT_VALIDATED_OSMOTIC_PRESSURE,UNAVAILABLE_CHARGE_PROTONATION_MG_BINDING_ABSENT,dc43bcec367f52105fe8d1ba328e59b064935df5faf8f880e078b212a40183df
re0000000870,termination / ribosome recycling / HETERODIMER_ASSOCIATION,termination / ribosome recycling,Termination_B_RF2,Termination_B_RF2:re234,EXTRACTED_EXACT_STOICHIOMETRY,HETERODIMER_ASSOCIATION,"{""RF3_GDP"": 1.0, ""termRS70SUAA0004_tRNAGlyGCC_RF2"": 1.0}","{""termRS70SUAA0004_tRNAGlyGCC_RF2_RF3_GDP"": 1.0}",re0000000870_k1,30.0,-1.0,0,0.0,0.0,0.0,0.0,0.0,0.0,0.0,0.0,0.0,0.0,0.0,0.0,0.0,0.0,0.0,0.0,0.0,0.0,UNRESOLVED_FORMULAS_ABSENT,UNRESOLVED_BOUND_MOIETIES_NOT_ANNOTATED,STOICHIOMETRIC_PROXY_ONLY_NOT_VALIDATED_OSMOTIC_PRESSURE,UNAVAILABLE_CHARGE_PROTONATION_MG_BINDING_ABSENT,dc43bcec367f52105fe8d1ba328e59b064935df5faf8f880e078b212a40183df
re0000000871,termination / ribosome recycling / DISSOCIATION,termination / ribosome recycling,Termination_B_RF2,Termination_B_RF2:re235,EXTRACTED_EXACT_STOICHIOMETRY,DISSOCIATION,"{""termRS70SUAA0004_tRNAGlyGCC_RF2_RF3_GDP"": 1.0}","{""RF3_GDP"": 1.0, ""termRS70SUAA0004_tRNAGlyGCC_RF2"": 1.0}",re0000000871_k1,25.0,1.0,0,0.0,0.0,0.0,0.0,0.0,0.0,0.0,0.0,0.0,0.0,0.0,0.0,0.0,0.0,0.0,0.0,0.0,0.0,UNRESOLVED_FORMULAS_ABSENT,UNRESOLVED_BOUND_MOIETIES_NOT_ANNOTATED,STOICHIOMETRIC_PROXY_ONLY_NOT_VALIDATED_OSMOTIC_PRESSURE,UNAVAILABLE_CHARGE_PROTONATION_MG_BINDING_ABSENT,dc43bcec367f52105fe8d1ba328e59b064935df5faf8f880e078b212a40183df
re0000000872,termination / ribosome recycling / HETERODIMER_ASSOCIATION,termination / ribosome recycling,Termination_B_RF2,Termination_B_RF2:re236,EXTRACTED_EXACT_STOICHIOMETRY,HETERODIMER_ASSOCIATION,"{""RF3_GTP"": 1.0, ""termRS70SUAA0004_tRNAGlyGCC_RF2"": 1.0}","{""termRS70SUAA0004_tRNAGlyGCC_RF2_RF3_GTP"": 1.0}",re0000000872_k1,30.0,-1.0,0,0.0,0.0,0.0,0.0,0.0,0.0,0.0,0.0,0.0,0.0,0.0,0.0,0.0,0.0,0.0,0.0,0.0,0.0,UNRESOLVED_FORMULAS_ABSENT,UNRESOLVED_BOUND_MOIETIES_NOT_ANNOTATED,STOICHIOMETRIC_PROXY_ONLY_NOT_VALIDATED_OSMOTIC_PRESSURE,UNAVAILABLE_CHARGE_PROTONATION_MG_BINDING_ABSENT,dc43bcec367f52105fe8d1ba328e59b064935df5faf8f880e078b212a40183df
re0000000873,termination / ribosome recycling / DISSOCIATION,termination / ribosome recycling,Termination_B_RF2,Termination_B_RF2:re237,EXTRACTED_EXACT_STOICHIOMETRY,DISSOCIATION,"{""termRS70SUAA0004_tRNAGlyGCC_RF2_RF3_GTP"": 1.0}","{""RF3_GTP"": 1.0, ""termRS70SUAA0004_tRNAGlyGCC_RF2"": 1.0}",re0000000873_k1,25.0,1.0,0,0.0,0.0,0.0,0.0,0.0,0.0,0.0,0.0,0.0,0.0,0.0,0.0,0.0,0.0,0.0,0.0,0.0,0.0,UNRESOLVED_FORMULAS_ABSENT,UNRESOLVED_BOUND_MOIETIES_NOT_ANNOTATED,STOICHIOMETRIC_PROXY_ONLY_NOT_VALIDATED_OSMOTIC_PRESSURE,UNAVAILABLE_CHARGE_PROTONATION_MG_BINDING_ABSENT,dc43bcec367f52105fe8d1ba328e59b064935df5faf8f880e078b212a40183df
re0000000874,termination / ribosome recycling / HETERODIMER_ASSOCIATION,termination / ribosome recycling,Termination_B_RF2,Termination_B_RF2:re242,EXTRACTED_EXACT_STOICHIOMETRY,HETERODIMER_ASSOCIATION,"{""RF3"": 1.0, ""termRS70SUAA0004_tRNAGlyGCC_RF2"": 1.0}","{""termRS70SUAA0004_tRNAGlyGCC_RF2_RF3"": 1.0}",re0000000874_k1,30.0,-1.0,0,0.0,0.0,0.0,0.0,0.0,0.0,0.0,0.0,0.0,0.0,0.0,0.0,0.0,0.0,0.0,0.0,0.0,0.0,UNRESOLVED_FORMULAS_ABSENT,UNRESOLVED_BOUND_MOIETIES_NOT_ANNOTATED,STOICHIOMETRIC_PROXY_ONLY_NOT_VALIDATED_OSMOTIC_PRESSURE,UNAVAILABLE_CHARGE_PROTONATION_MG_BINDING_ABSENT,dc43bcec367f52105fe8d1ba328e59b064935df5faf8f880e078b212a40183df
re0000000875,termination / ribosome recycling / DISSOCIATION,termination / ribosome recycling,Termination_B_RF2,Termination_B_RF2:re243,EXTRACTED_EXACT_STOICHIOMETRY,DISSOCIATION,"{""termRS70SUAA0004_tRNAGlyGCC_RF2_RF3"": 1.0}","{""RF3"": 1.0, ""termRS70SUAA0004_tRNAGlyGCC_RF2"": 1.0}",re0000000875_k1,25.0,1.0,0,0.0,0.0,0.0,0.0,0.0,0.0,0.0,0.0,0.0,0.0,0.0,0.0,0.0,0.0,0.0,0.0,0.0,0.0,UNRESOLVED_FORMULAS_ABSENT,UNRESOLVED_BOUND_MOIETIES_NOT_ANNOTATED,STOICHIOMETRIC_PROXY_ONLY_NOT_VALIDATED_OSMOTIC_PRESSURE,UNAVAILABLE_CHARGE_PROTONATION_MG_BINDING_ABSENT,dc43bcec367f52105fe8d1ba328e59b064935df5faf8f880e078b212a40183df
re0000000876,termination / ribosome recycling / STATE_TRANSITION,termination / ribosome recycling,Termination_B_RF2,Termination_B_RF2:re259,EXTRACTED_EXACT_STOICHIOMETRY,STATE_TRANSITION,"{""termRS70SUAA0004_tRNAGlyGCC_RF2_RF3_GTP"": 1.0}","{""GTP"": 1.0, ""RF2"": 1.0, ""RF3"": 1.0, ""RS30S_degraded"": 1.0, ""RS50S"": 1.0, ""mRNA"": 1.0, ""tRNAGlyGCC"": 1.0}",re0000000876_k1,0.0,6.0,1.0,0.0,0.0,0.0,1.0,0.0,0.0,0.0,0.0,0.0,0.0,0.0,0.0,0.0,1.0,0.0,0.0,0.0,0.0,UNRESOLVED_FORMULAS_ABSENT,UNRESOLVED_BOUND_MOIETIES_NOT_ANNOTATED,STOICHIOMETRIC_PROXY_ONLY_NOT_VALIDATED_OSMOTIC_PRESSURE,UNAVAILABLE_CHARGE_PROTONATION_MG_BINDING_ABSENT,dc43bcec367f52105fe8d1ba328e59b064935df5faf8f880e078b212a40183df
re0000000877,termination / ribosome recycling / STATE_TRANSITION,termination / ribosome recycling,Termination_B_RF2,Termination_B_RF2:re260,EXTRACTED_EXACT_STOICHIOMETRY,STATE_TRANSITION,"{""termRS70SUAA0004_tRNAGlyGCC_RF2_RF3_GTP"": 1.0}","{""GTP"": 1.0, ""RF2"": 1.0, ""RF3"": 1.0, ""RS30S"": 1.0, ""RS50S_degraded"": 1.0, ""mRNA"": 1.0, ""tRNAGlyGCC"": 1.0}",re0000000877_k1,0.0,6.0,1.0,0.0,0.0,0.0,1.0,0.0,0.0,0.0,0.0,0.0,0.0,0.0,0.0,0.0,1.0,0.0,0.0,0.0,0.0,UNRESOLVED_FORMULAS_ABSENT,UNRESOLVED_BOUND_MOIETIES_NOT_ANNOTATED,STOICHIOMETRIC_PROXY_ONLY_NOT_VALIDATED_OSMOTIC_PRESSURE,UNAVAILABLE_CHARGE_PROTONATION_MG_BINDING_ABSENT,dc43bcec367f52105fe8d1ba328e59b064935df5faf8f880e078b212a40183df
re0000000878,termination / ribosome recycling / STATE_TRANSITION,termination / ribosome recycling,Termination_B_RF2,Termination_B_RF2:re261,EXTRACTED_EXACT_STOICHIOMETRY,STATE_TRANSITION,"{""termRS70SUAA0004_tRNAGlyGCC_RF2_RF3_GTP"": 1.0}","{""GTP"": 1.0, ""RF2_degraded"": 1.0, ""RF3"": 1.0, ""RS30S"": 1.0, ""RS50S"": 1.0, ""mRNA"": 1.0, ""tRNAGlyGCC"": 1.0}",re0000000878_k1,0.0,6.0,1.0,0.0,0.0,0.0,1.0,0.0,0.0,0.0,0.0,0.0,0.0,0.0,0.0,0.0,1.0,0.0,0.0,0.0,0.0,UNRESOLVED_FORMULAS_ABSENT,UNRESOLVED_BOUND_MOIETIES_NOT_ANNOTATED,STOICHIOMETRIC_PROXY_ONLY_NOT_VALIDATED_OSMOTIC_PRESSURE,UNAVAILABLE_CHARGE_PROTONATION_MG_BINDING_ABSENT,dc43bcec367f52105fe8d1ba328e59b064935df5faf8f880e078b212a40183df
re0000000879,termination / ribosome recycling / DISSOCIATION,termination / ribosome recycling,Termination_B_RF2,Termination_B_RF2:re264,EXTRACTED_EXACT_STOICHIOMETRY,DISSOCIATION,"{""termRS70SUAA0004_tRNAGlyGCC_RF2_RF3_GTP"": 1.0}","{""RF2"": 1.0, ""termRS70SUAA0004_tRNAGlyGCC_RF3_GTP"": 1.0}",re0000000879_k1,0.77,1.0,0,0.0,0.0,0.0,0.0,0.0,0.0,0.0,0.0,0.0,0.0,0.0,0.0,0.0,0.0,0.0,0.0,0.0,0.0,UNRESOLVED_FORMULAS_ABSENT,UNRESOLVED_BOUND_MOIETIES_NOT_ANNOTATED,STOICHIOMETRIC_PROXY_ONLY_NOT_VALIDATED_OSMOTIC_PRESSURE,UNAVAILABLE_CHARGE_PROTONATION_MG_BINDING_ABSENT,dc43bcec367f52105fe8d1ba328e59b064935df5faf8f880e078b212a40183df
re0000000880,termination / ribosome recycling / HETERODIMER_ASSOCIATION,termination / ribosome recycling,Termination_B_RF2,Termination_B_RF2:re265,EXTRACTED_EXACT_STOICHIOMETRY,HETERODIMER_ASSOCIATION,"{""RF2"": 1.0, ""termRS70SUAA0004_tRNAGlyGCC_RF3_GTP"": 1.0}","{""termRS70SUAA0004_tRNAGlyGCC_RF2_RF3_GTP"": 1.0}",re0000000880_k1,23.0,-1.0,0,0.0,0.0,0.0,0.0,0.0,0.0,0.0,0.0,0.0,0.0,0.0,0.0,0.0,0.0,0.0,0.0,0.0,0.0,UNRESOLVED_FORMULAS_ABSENT,UNRESOLVED_BOUND_MOIETIES_NOT_ANNOTATED,STOICHIOMETRIC_PROXY_ONLY_NOT_VALIDATED_OSMOTIC_PRESSURE,UNAVAILABLE_CHARGE_PROTONATION_MG_BINDING_ABSENT,dc43bcec367f52105fe8d1ba328e59b064935df5faf8f880e078b212a40183df
re0000000881,termination / ribosome recycling / DISSOCIATION,termination / ribosome recycling,Termination_B_RF2,Termination_B_RF2:re269,EXTRACTED_EXACT_STOICHIOMETRY,DISSOCIATION,"{""termRS70SUAA0004_tRNAGlyGCC_RF2_RF3_GDP"": 1.0}","{""GDP"": 1.0, ""termRS70SUAA0004_tRNAGlyGCC_RF2_RF3"": 1.0}",re0000000881_k1,10.5,1.0,1.0,0.0,0.0,0.0,0.0,1.0,0.0,0.0,0.0,0.0,0.0,0.0,0.0,0.0,0.0,0.0,0.0,0.0,0.0,UNRESOLVED_FORMULAS_ABSENT,UNRESOLVED_BOUND_MOIETIES_NOT_ANNOTATED,STOICHIOMETRIC_PROXY_ONLY_NOT_VALIDATED_OSMOTIC_PRESSURE,UNAVAILABLE_CHARGE_PROTONATION_MG_BINDING_ABSENT,dc43bcec367f52105fe8d1ba328e59b064935df5faf8f880e078b212a40183df
re0000000882,termination / ribosome recycling / HETERODIMER_ASSOCIATION,termination / ribosome recycling,Termination_B_RF2,Termination_B_RF2:re270,EXTRACTED_EXACT_STOICHIOMETRY,HETERODIMER_ASSOCIATION,"{""GDP"": 1.0, ""termRS70SUAA0004_tRNAGlyGCC_RF2_RF3"": 1.0}","{""termRS70SUAA0004_tRNAGlyGCC_RF2_RF3_GDP"": 1.0}",re0000000882_k1,5.82,-1.0,-1.0,0.0,0.0,0.0,0.0,-1.0,0.0,0.0,0.0,0.0,0.0,0.0,0.0,0.0,0.0,0.0,0.0,0.0,0.0,UNRESOLVED_FORMULAS_ABSENT,UNRESOLVED_BOUND_MOIETIES_NOT_ANNOTATED,STOICHIOMETRIC_PROXY_ONLY_NOT_VALIDATED_OSMOTIC_PRESSURE,UNAVAILABLE_CHARGE_PROTONATION_MG_BINDING_ABSENT,dc43bcec367f52105fe8d1ba328e59b064935df5faf8f880e078b212a40183df
re0000000883,termination / ribosome recycling / DISSOCIATION,termination / ribosome recycling,Termination_B_RF2,Termination_B_RF2:re271,EXTRACTED_EXACT_STOICHIOMETRY,DISSOCIATION,"{""termRS70SUAA0004_tRNAGlyGCC_RF2_RF3_GTP"": 1.0}","{""GTP"": 1.0, ""termRS70SUAA0004_tRNAGlyGCC_RF2_RF3"": 1.0}",re0000000883_k1,10.0,1.0,1.0,0.0,0.0,0.0,1.0,0.0,0.0,0.0,0.0,0.0,0.0,0.0,0.0,0.0,0.0,0.0,0.0,0.0,0.0,UNRESOLVED_FORMULAS_ABSENT,UNRESOLVED_BOUND_MOIETIES_NOT_ANNOTATED,STOICHIOMETRIC_PROXY_ONLY_NOT_VALIDATED_OSMOTIC_PRESSURE,UNAVAILABLE_CHARGE_PROTONATION_MG_BINDING_ABSENT,dc43bcec367f52105fe8d1ba328e59b064935df5faf8f880e078b212a40183df
re0000000884,termination / ribosome recycling / HETERODIMER_ASSOCIATION,termination / ribosome recycling,Termination_B_RF2,Termination_B_RF2:re272,EXTRACTED_EXACT_STOICHIOMETRY,HETERODIMER_ASSOCIATION,"{""GTP"": 1.0, ""termRS70SUAA0004_tRNAGlyGCC_RF2_RF3"": 1.0}","{""termRS70SUAA0004_tRNAGlyGCC_RF2_RF3_GTP"": 1.0}",re0000000884_k1,25.0,-1.0,-1.0,0.0,0.0,0.0,-1.0,0.0,0.0,0.0,0.0,0.0,0.0,0.0,0.0,0.0,0.0,0.0,0.0,0.0,0.0,UNRESOLVED_FORMULAS_ABSENT,UNRESOLVED_BOUND_MOIETIES_NOT_ANNOTATED,STOICHIOMETRIC_PROXY_ONLY_NOT_VALIDATED_OSMOTIC_PRESSURE,UNAVAILABLE_CHARGE_PROTONATION_MG_BINDING_ABSENT,dc43bcec367f52105fe8d1ba328e59b064935df5faf8f880e078b212a40183df
re0000000885,termination / ribosome recycling / STATE_TRANSITION,termination / ribosome recycling,Termination_B_RF2,Termination_B_RF2:re276,EXTRACTED_EXACT_STOICHIOMETRY,STATE_TRANSITION,"{""termRS70SUAA0004_tRNAGlyGCC_RF2_RF3_GTP"": 1.0}","{""GTP"": 1.0, ""RF2"": 1.0, ""RF3_degraded"": 1.0, ""RS30S"": 1.0, ""RS50S"": 1.0, ""mRNA"": 1.0, ""tRNAGlyGCC"": 1.0}",re0000000885_k1,0.0,6.0,1.0,0.0,0.0,0.0,1.0,0.0,0.0,0.0,0.0,0.0,0.0,0.0,0.0,0.0,1.0,0.0,0.0,0.0,0.0,UNRESOLVED_FORMULAS_ABSENT,UNRESOLVED_BOUND_MOIETIES_NOT_ANNOTATED,STOICHIOMETRIC_PROXY_ONLY_NOT_VALIDATED_OSMOTIC_PRESSURE,UNAVAILABLE_CHARGE_PROTONATION_MG_BINDING_ABSENT,dc43bcec367f52105fe8d1ba328e59b064935df5faf8f880e078b212a40183df
re0000000886,termination / ribosome recycling / STATE_TRANSITION,termination / ribosome recycling,Termination_B_RF2,Termination_B_RF2:re277,EXTRACTED_EXACT_STOICHIOMETRY,STATE_TRANSITION,"{""termRS70SUAA0004_tRNAGlyGCC_RF2_RF3_GDP"": 1.0}","{""GDP"": 1.0, ""RF2"": 1.0, ""RF3"": 1.0, ""RS30S_degraded"": 1.0, ""RS50S"": 1.0, ""mRNA"": 1.0, ""tRNAGlyGCC"": 1.0}",re0000000886_k1,0.0,6.0,1.0,0.0,0.0,0.0,0.0,1.0,0.0,0.0,0.0,0.0,0.0,0.0,0.0,0.0,1.0,0.0,0.0,0.0,0.0,UNRESOLVED_FORMULAS_ABSENT,UNRESOLVED_BOUND_MOIETIES_NOT_ANNOTATED,STOICHIOMETRIC_PROXY_ONLY_NOT_VALIDATED_OSMOTIC_PRESSURE,UNAVAILABLE_CHARGE_PROTONATION_MG_BINDING_ABSENT,dc43bcec367f52105fe8d1ba328e59b064935df5faf8f880e078b212a40183df
re0000000887,termination / ribosome recycling / STATE_TRANSITION,termination / ribosome recycling,Termination_B_RF2,Termination_B_RF2:re278,EXTRACTED_EXACT_STOICHIOMETRY,STATE_TRANSITION,"{""termRS70SUAA0004_tRNAGlyGCC_RF2_RF3_GDP"": 1.0}","{""GDP"": 1.0, ""RF2"": 1.0, ""RF3"": 1.0, ""RS30S"": 1.0, ""RS50S_degraded"": 1.0, ""mRNA"": 1.0, ""tRNAGlyGCC"": 1.0}",re0000000887_k1,0.0,6.0,1.0,0.0,0.0,0.0,0.0,1.0,0.0,0.0,0.0,0.0,0.0,0.0,0.0,0.0,1.0,0.0,0.0,0.0,0.0,UNRESOLVED_FORMULAS_ABSENT,UNRESOLVED_BOUND_MOIETIES_NOT_ANNOTATED,STOICHIOMETRIC_PROXY_ONLY_NOT_VALIDATED_OSMOTIC_PRESSURE,UNAVAILABLE_CHARGE_PROTONATION_MG_BINDING_ABSENT,dc43bcec367f52105fe8d1ba328e59b064935df5faf8f880e078b212a40183df
re0000000888,termination / ribosome recycling / STATE_TRANSITION,termination / ribosome recycling,Termination_B_RF2,Termination_B_RF2:re279,EXTRACTED_EXACT_STOICHIOMETRY,STATE_TRANSITION,"{""termRS70SUAA0004_tRNAGlyGCC_RF2_RF3_GDP"": 1.0}","{""GDP"": 1.0, ""RF2_degraded"": 1.0, ""RF3"": 1.0, ""RS30S"": 1.0, ""RS50S"": 1.0, ""mRNA"": 1.0, ""tRNAGlyGCC"": 1.0}",re0000000888_k1,0.0,6.0,1.0,0.0,0.0,0.0,0.0,1.0,0.0,0.0,0.0,0.0,0.0,0.0,0.0,0.0,1.0,0.0,0.0,0.0,0.0,UNRESOLVED_FORMULAS_ABSENT,UNRESOLVED_BOUND_MOIETIES_NOT_ANNOTATED,STOICHIOMETRIC_PROXY_ONLY_NOT_VALIDATED_OSMOTIC_PRESSURE,UNAVAILABLE_CHARGE_PROTONATION_MG_BINDING_ABSENT,dc43bcec367f52105fe8d1ba328e59b064935df5faf8f880e078b212a40183df
re0000000889,termination / ribosome recycling / STATE_TRANSITION,termination / ribosome recycling,Termination_B_RF2,Termination_B_RF2:re280,EXTRACTED_EXACT_STOICHIOMETRY,STATE_TRANSITION,"{""termRS70SUAA0004_tRNAGlyGCC_RF2_RF3_GDP"": 1.0}","{""GDP"": 1.0, ""RF2"": 1.0, ""RF3_degraded"": 1.0, ""RS30S"": 1.0, ""RS50S"": 1.0, ""mRNA"": 1.0, ""tRNAGlyGCC"": 1.0}",re0000000889_k1,0.0,6.0,1.0,0.0,0.0,0.0,0.0,1.0,0.0,0.0,0.0,0.0,0.0,0.0,0.0,0.0,1.0,0.0,0.0,0.0,0.0,UNRESOLVED_FORMULAS_ABSENT,UNRESOLVED_BOUND_MOIETIES_NOT_ANNOTATED,STOICHIOMETRIC_PROXY_ONLY_NOT_VALIDATED_OSMOTIC_PRESSURE,UNAVAILABLE_CHARGE_PROTONATION_MG_BINDING_ABSENT,dc43bcec367f52105fe8d1ba328e59b064935df5faf8f880e078b212a40183df
re0000000890,termination / ribosome recycling / STATE_TRANSITION,termination / ribosome recycling,Termination_B_RF2,Termination_B_RF2:re281,EXTRACTED_EXACT_STOICHIOMETRY,STATE_TRANSITION,"{""termRS70SUAA0004_tRNAGlyGCC_RF2_RF3"": 1.0}","{""RF2"": 1.0, ""RF3"": 1.0, ""RS30S_degraded"": 1.0, ""RS50S"": 1.0, ""mRNA"": 1.0, ""tRNAGlyGCC"": 1.0}",re0000000890_k1,0.0,5.0,0,0.0,0.0,0.0,0.0,0.0,0.0,0.0,0.0,0.0,0.0,0.0,0.0,0.0,1.0,0.0,0.0,0.0,0.0,UNRESOLVED_FORMULAS_ABSENT,UNRESOLVED_BOUND_MOIETIES_NOT_ANNOTATED,STOICHIOMETRIC_PROXY_ONLY_NOT_VALIDATED_OSMOTIC_PRESSURE,UNAVAILABLE_CHARGE_PROTONATION_MG_BINDING_ABSENT,dc43bcec367f52105fe8d1ba328e59b064935df5faf8f880e078b212a40183df
re0000000891,termination / ribosome recycling / STATE_TRANSITION,termination / ribosome recycling,Termination_B_RF2,Termination_B_RF2:re282,EXTRACTED_EXACT_STOICHIOMETRY,STATE_TRANSITION,"{""termRS70SUAA0004_tRNAGlyGCC_RF2_RF3"": 1.0}","{""RF2"": 1.0, ""RF3"": 1.0, ""RS30S"": 1.0, ""RS50S_degraded"": 1.0, ""mRNA"": 1.0, ""tRNAGlyGCC"": 1.0}",re0000000891_k1,0.0,5.0,0,0.0,0.0,0.0,0.0,0.0,0.0,0.0,0.0,0.0,0.0,0.0,0.0,0.0,1.0,0.0,0.0,0.0,0.0,UNRESOLVED_FORMULAS_ABSENT,UNRESOLVED_BOUND_MOIETIES_NOT_ANNOTATED,STOICHIOMETRIC_PROXY_ONLY_NOT_VALIDATED_OSMOTIC_PRESSURE,UNAVAILABLE_CHARGE_PROTONATION_MG_BINDING_ABSENT,dc43bcec367f52105fe8d1ba328e59b064935df5faf8f880e078b212a40183df
re0000000892,termination / ribosome recycling / STATE_TRANSITION,termination / ribosome recycling,Termination_B_RF2,Termination_B_RF2:re283,EXTRACTED_EXACT_STOICHIOMETRY,STATE_TRANSITION,"{""termRS70SUAA0004_tRNAGlyGCC_RF2_RF3"": 1.0}","{""RF2_degraded"": 1.0, ""RF3"": 1.0, ""RS30S"": 1.0, ""RS50S"": 1.0, ""mRNA"": 1.0, ""tRNAGlyGCC"": 1.0}",re0000000892_k1,0.0,5.0,0,0.0,0.0,0.0,0.0,0.0,0.0,0.0,0.0,0.0,0.0,0.0,0.0,0.0,1.0,0.0,0.0,0.0,0.0,UNRESOLVED_FORMULAS_ABSENT,UNRESOLVED_BOUND_MOIETIES_NOT_ANNOTATED,STOICHIOMETRIC_PROXY_ONLY_NOT_VALIDATED_OSMOTIC_PRESSURE,UNAVAILABLE_CHARGE_PROTONATION_MG_BINDING_ABSENT,dc43bcec367f52105fe8d1ba328e59b064935df5faf8f880e078b212a40183df
re0000000893,termination / ribosome recycling / STATE_TRANSITION,termination / ribosome recycling,Termination_B_RF2,Termination_B_RF2:re284,EXTRACTED_EXACT_STOICHIOMETRY,STATE_TRANSITION,"{""termRS70SUAA0004_tRNAGlyGCC_RF2_RF3"": 1.0}","{""RF2"": 1.0, ""RF3_degraded"": 1.0, ""RS30S"": 1.0, ""RS50S"": 1.0, ""mRNA"": 1.0, ""tRNAGlyGCC"": 1.0}",re0000000893_k1,0.0,5.0,0,0.0,0.0,0.0,0.0,0.0,0.0,0.0,0.0,0.0,0.0,0.0,0.0,0.0,1.0,0.0,0.0,0.0,0.0,UNRESOLVED_FORMULAS_ABSENT,UNRESOLVED_BOUND_MOIETIES_NOT_ANNOTATED,STOICHIOMETRIC_PROXY_ONLY_NOT_VALIDATED_OSMOTIC_PRESSURE,UNAVAILABLE_CHARGE_PROTONATION_MG_BINDING_ABSENT,dc43bcec367f52105fe8d1ba328e59b064935df5faf8f880e078b212a40183df
re0000000894,termination / ribosome recycling / STATE_TRANSITION,termination / ribosome recycling,Termination_C,Termination_C:re219,EXTRACTED_EXACT_STOICHIOMETRY,STATE_TRANSITION,"{""RRF"": 1.0}","{""RRF_degraded"": 1.0}",re0000000894_k1,0.0,0.0,0,0.0,0.0,0.0,0.0,0.0,0.0,0.0,0.0,0.0,0.0,0.0,0.0,0.0,0.0,0.0,0.0,0.0,0.0,UNRESOLVED_FORMULAS_ABSENT,UNRESOLVED_BOUND_MOIETIES_NOT_ANNOTATED,STOICHIOMETRIC_PROXY_ONLY_NOT_VALIDATED_OSMOTIC_PRESSURE,UNAVAILABLE_CHARGE_PROTONATION_MG_BINDING_ABSENT,dc43bcec367f52105fe8d1ba328e59b064935df5faf8f880e078b212a40183df
re0000000895,termination / ribosome recycling / HETERODIMER_ASSOCIATION,termination / ribosome recycling,Termination_C,Termination_C:re236,EXTRACTED_EXACT_STOICHIOMETRY,HETERODIMER_ASSOCIATION,"{""EFG_GTP"": 1.0, ""termRS70SUAA0004_tRNAGlyGCC_RRF"": 1.0}","{""termRS70SUAA0004_tRNAGlyGCC_RRF_EFG_GTP"": 1.0}",re0000000895_k1,31.0,-1.0,0,0.0,0.0,0.0,0.0,0.0,0.0,0.0,0.0,0.0,0.0,0.0,0.0,0.0,0.0,0.0,0.0,0.0,0.0,UNRESOLVED_FORMULAS_ABSENT,UNRESOLVED_BOUND_MOIETIES_NOT_ANNOTATED,STOICHIOMETRIC_PROXY_ONLY_NOT_VALIDATED_OSMOTIC_PRESSURE,UNAVAILABLE_CHARGE_PROTONATION_MG_BINDING_ABSENT,dc43bcec367f52105fe8d1ba328e59b064935df5faf8f880e078b212a40183df
re0000000896,termination / ribosome recycling / DISSOCIATION,termination / ribosome recycling,Termination_C,Termination_C:re237,EXTRACTED_EXACT_STOICHIOMETRY,DISSOCIATION,"{""termRS70SUAA0004_tRNAGlyGCC_RRF_EFG_GTP"": 1.0}","{""EFG_GTP"": 1.0, ""termRS70SUAA0004_tRNAGlyGCC_RRF"": 1.0}",re0000000896_k1,2.4,1.0,0,0.0,0.0,0.0,0.0,0.0,0.0,0.0,0.0,0.0,0.0,0.0,0.0,0.0,0.0,0.0,0.0,0.0,0.0,UNRESOLVED_FORMULAS_ABSENT,UNRESOLVED_BOUND_MOIETIES_NOT_ANNOTATED,STOICHIOMETRIC_PROXY_ONLY_NOT_VALIDATED_OSMOTIC_PRESSURE,UNAVAILABLE_CHARGE_PROTONATION_MG_BINDING_ABSENT,dc43bcec367f52105fe8d1ba328e59b064935df5faf8f880e078b212a40183df
re0000000897,termination / ribosome recycling / STATE_TRANSITION,termination / ribosome recycling,Termination_C,Termination_C:re259,EXTRACTED_EXACT_STOICHIOMETRY,STATE_TRANSITION,"{""termRS70SUAA0004_tRNAGlyGCC_RRF_EFG_GTP"": 1.0}","{""EFG"": 1.0, ""GTP"": 1.0, ""RRF"": 1.0, ""RS30S_degraded"": 1.0, ""RS50S"": 1.0, ""mRNA"": 1.0, ""tRNAGlyGCC"": 1.0}",re0000000897_k1,0.0,6.0,1.0,0.0,0.0,0.0,1.0,0.0,0.0,0.0,0.0,0.0,0.0,0.0,0.0,0.0,1.0,0.0,0.0,0.0,0.0,UNRESOLVED_FORMULAS_ABSENT,UNRESOLVED_BOUND_MOIETIES_NOT_ANNOTATED,STOICHIOMETRIC_PROXY_ONLY_NOT_VALIDATED_OSMOTIC_PRESSURE,UNAVAILABLE_CHARGE_PROTONATION_MG_BINDING_ABSENT,dc43bcec367f52105fe8d1ba328e59b064935df5faf8f880e078b212a40183df
re0000000898,termination / ribosome recycling / STATE_TRANSITION,termination / ribosome recycling,Termination_C,Termination_C:re260,EXTRACTED_EXACT_STOICHIOMETRY,STATE_TRANSITION,"{""termRS70SUAA0004_tRNAGlyGCC_RRF_EFG_GTP"": 1.0}","{""EFG"": 1.0, ""GTP"": 1.0, ""RRF"": 1.0, ""RS30S"": 1.0, ""RS50S_degraded"": 1.0, ""mRNA"": 1.0, ""tRNAGlyGCC"": 1.0}",re0000000898_k1,0.0,6.0,1.0,0.0,0.0,0.0,1.0,0.0,0.0,0.0,0.0,0.0,0.0,0.0,0.0,0.0,1.0,0.0,0.0,0.0,0.0,UNRESOLVED_FORMULAS_ABSENT,UNRESOLVED_BOUND_MOIETIES_NOT_ANNOTATED,STOICHIOMETRIC_PROXY_ONLY_NOT_VALIDATED_OSMOTIC_PRESSURE,UNAVAILABLE_CHARGE_PROTONATION_MG_BINDING_ABSENT,dc43bcec367f52105fe8d1ba328e59b064935df5faf8f880e078b212a40183df
re0000000899,termination / ribosome recycling / STATE_TRANSITION,termination / ribosome recycling,Termination_C,Termination_C:re261,EXTRACTED_EXACT_STOICHIOMETRY,STATE_TRANSITION,"{""termRS70SUAA0004_tRNAGlyGCC_RRF_EFG_GTP"": 1.0}","{""EFG"": 1.0, ""GTP"": 1.0, ""RRF_degraded"": 1.0, ""RS30S"": 1.0, ""RS50S"": 1.0, ""mRNA"": 1.0, ""tRNAGlyGCC"": 1.0}",re0000000899_k1,0.0,6.0,1.0,0.0,0.0,0.0,1.0,0.0,0.0,0.0,0.0,0.0,0.0,0.0,0.0,0.0,1.0,0.0,0.0,0.0,0.0,UNRESOLVED_FORMULAS_ABSENT,UNRESOLVED_BOUND_MOIETIES_NOT_ANNOTATED,STOICHIOMETRIC_PROXY_ONLY_NOT_VALIDATED_OSMOTIC_PRESSURE,UNAVAILABLE_CHARGE_PROTONATION_MG_BINDING_ABSENT,dc43bcec367f52105fe8d1ba328e59b064935df5faf8f880e078b212a40183df
re0000000900,termination / ribosome recycling / DISSOCIATION,termination / ribosome recycling,Termination_C,Termination_C:re264,EXTRACTED_EXACT_STOICHIOMETRY,DISSOCIATION,"{""termRS70SUAA0004_tRNAGlyGCC_RRF_EFG_GTP"": 1.0}","{""RRF"": 1.0, ""termRS70SUAA0004_tRNAGlyGCC_EFG_GTP"": 1.0}",re0000000900_k1,0.6,1.0,0,0.0,0.0,0.0,0.0,0.0,0.0,0.0,0.0,0.0,0.0,0.0,0.0,0.0,0.0,0.0,0.0,0.0,0.0,UNRESOLVED_FORMULAS_ABSENT,UNRESOLVED_BOUND_MOIETIES_NOT_ANNOTATED,STOICHIOMETRIC_PROXY_ONLY_NOT_VALIDATED_OSMOTIC_PRESSURE,UNAVAILABLE_CHARGE_PROTONATION_MG_BINDING_ABSENT,dc43bcec367f52105fe8d1ba328e59b064935df5faf8f880e078b212a40183df
re0000000901,termination / ribosome recycling / HETERODIMER_ASSOCIATION,termination / ribosome recycling,Termination_C,Termination_C:re265,EXTRACTED_EXACT_STOICHIOMETRY,HETERODIMER_ASSOCIATION,"{""RRF"": 1.0, ""termRS70SUAA0004_tRNAGlyGCC_EFG_GTP"": 1.0}","{""termRS70SUAA0004_tRNAGlyGCC_RRF_EFG_GTP"": 1.0}",re0000000901_k1,3.1,-1.0,0,0.0,0.0,0.0,0.0,0.0,0.0,0.0,0.0,0.0,0.0,0.0,0.0,0.0,0.0,0.0,0.0,0.0,0.0,UNRESOLVED_FORMULAS_ABSENT,UNRESOLVED_BOUND_MOIETIES_NOT_ANNOTATED,STOICHIOMETRIC_PROXY_ONLY_NOT_VALIDATED_OSMOTIC_PRESSURE,UNAVAILABLE_CHARGE_PROTONATION_MG_BINDING_ABSENT,dc43bcec367f52105fe8d1ba328e59b064935df5faf8f880e078b212a40183df
re0000000902,termination / ribosome recycling / DISSOCIATION,termination / ribosome recycling,Termination_C,Termination_C:re268,EXTRACTED_EXACT_STOICHIOMETRY,DISSOCIATION,"{""termRS70SUAA0004_tRNAGlyGCC_RRF_EFG_GDP_PO4"": 1.0}","{""PO4"": 1.0, ""termRS70SUAA0004_tRNAGlyGCC_RRF_EFG_GDP"": 1.0}",re0000000902_k1,5.0,1.0,1.0,0.0,0.0,0.0,0.0,0.0,0.0,1.0,0.0,0.0,0.0,0.0,0.0,0.0,0.0,0.0,0.0,0.0,0.0,UNRESOLVED_FORMULAS_ABSENT,UNRESOLVED_BOUND_MOIETIES_NOT_ANNOTATED,STOICHIOMETRIC_PROXY_ONLY_NOT_VALIDATED_OSMOTIC_PRESSURE,UNAVAILABLE_CHARGE_PROTONATION_MG_BINDING_ABSENT,dc43bcec367f52105fe8d1ba328e59b064935df5faf8f880e078b212a40183df
re0000000903,termination / ribosome recycling / STATE_TRANSITION,termination / ribosome recycling,Termination_C,Termination_C:re276,EXTRACTED_EXACT_STOICHIOMETRY,STATE_TRANSITION,"{""termRS70SUAA0004_tRNAGlyGCC_RRF_EFG_GTP"": 1.0}","{""EFG_degraded"": 1.0, ""GTP"": 1.0, ""RRF"": 1.0, ""RS30S"": 1.0, ""RS50S"": 1.0, ""mRNA"": 1.0, ""tRNAGlyGCC"": 1.0}",re0000000903_k1,0.0,6.0,1.0,0.0,0.0,0.0,1.0,0.0,0.0,0.0,0.0,0.0,0.0,0.0,0.0,0.0,1.0,0.0,0.0,0.0,0.0,UNRESOLVED_FORMULAS_ABSENT,UNRESOLVED_BOUND_MOIETIES_NOT_ANNOTATED,STOICHIOMETRIC_PROXY_ONLY_NOT_VALIDATED_OSMOTIC_PRESSURE,UNAVAILABLE_CHARGE_PROTONATION_MG_BINDING_ABSENT,dc43bcec367f52105fe8d1ba328e59b064935df5faf8f880e078b212a40183df
re0000000904,termination / ribosome recycling / HETERODIMER_ASSOCIATION,termination / ribosome recycling,Termination_C,Termination_C:re302,EXTRACTED_EXACT_STOICHIOMETRY,HETERODIMER_ASSOCIATION,"{""RRF"": 1.0, ""termRS70SUAA0004_tRNAGlyGCC"": 1.0}","{""termRS70SUAA0004_tRNAGlyGCC_RRF"": 1.0}",re0000000904_k1,3.1,-1.0,0,0.0,0.0,0.0,0.0,0.0,0.0,0.0,0.0,0.0,0.0,0.0,0.0,0.0,0.0,0.0,0.0,0.0,0.0,UNRESOLVED_FORMULAS_ABSENT,UNRESOLVED_BOUND_MOIETIES_NOT_ANNOTATED,STOICHIOMETRIC_PROXY_ONLY_NOT_VALIDATED_OSMOTIC_PRESSURE,UNAVAILABLE_CHARGE_PROTONATION_MG_BINDING_ABSENT,dc43bcec367f52105fe8d1ba328e59b064935df5faf8f880e078b212a40183df
re0000000905,termination / ribosome recycling / DISSOCIATION,termination / ribosome recycling,Termination_C,Termination_C:re303,EXTRACTED_EXACT_STOICHIOMETRY,DISSOCIATION,"{""termRS70SUAA0004_tRNAGlyGCC_RRF"": 1.0}","{""RRF"": 1.0, ""termRS70SUAA0004_tRNAGlyGCC"": 1.0}",re0000000905_k1,0.6,1.0,0,0.0,0.0,0.0,0.0,0.0,0.0,0.0,0.0,0.0,0.0,0.0,0.0,0.0,0.0,0.0,0.0,0.0,0.0,UNRESOLVED_FORMULAS_ABSENT,UNRESOLVED_BOUND_MOIETIES_NOT_ANNOTATED,STOICHIOMETRIC_PROXY_ONLY_NOT_VALIDATED_OSMOTIC_PRESSURE,UNAVAILABLE_CHARGE_PROTONATION_MG_BINDING_ABSENT,dc43bcec367f52105fe8d1ba328e59b064935df5faf8f880e078b212a40183df
re0000000906,termination / ribosome recycling / HETERODIMER_ASSOCIATION,termination / ribosome recycling,Termination_C,Termination_C:re304,EXTRACTED_EXACT_STOICHIOMETRY,HETERODIMER_ASSOCIATION,"{""EFG_GTP"": 1.0, ""termRS70SUAA0004_tRNAGlyGCC"": 1.0}","{""termRS70SUAA0004_tRNAGlyGCC_EFG_GTP"": 1.0}",re0000000906_k1,31.0,-1.0,0,0.0,0.0,0.0,0.0,0.0,0.0,0.0,0.0,0.0,0.0,0.0,0.0,0.0,0.0,0.0,0.0,0.0,0.0,UNRESOLVED_FORMULAS_ABSENT,UNRESOLVED_BOUND_MOIETIES_NOT_ANNOTATED,STOICHIOMETRIC_PROXY_ONLY_NOT_VALIDATED_OSMOTIC_PRESSURE,UNAVAILABLE_CHARGE_PROTONATION_MG_BINDING_ABSENT,dc43bcec367f52105fe8d1ba328e59b064935df5faf8f880e078b212a40183df
re0000000907,termination / ribosome recycling / DISSOCIATION,termination / ribosome recycling,Termination_C,Termination_C:re305,EXTRACTED_EXACT_STOICHIOMETRY,DISSOCIATION,"{""termRS70SUAA0004_tRNAGlyGCC_EFG_GTP"": 1.0}","{""EFG_GTP"": 1.0, ""termRS70SUAA0004_tRNAGlyGCC"": 1.0}",re0000000907_k1,2.4,1.0,0,0.0,0.0,0.0,0.0,0.0,0.0,0.0,0.0,0.0,0.0,0.0,0.0,0.0,0.0,0.0,0.0,0.0,0.0,UNRESOLVED_FORMULAS_ABSENT,UNRESOLVED_BOUND_MOIETIES_NOT_ANNOTATED,STOICHIOMETRIC_PROXY_ONLY_NOT_VALIDATED_OSMOTIC_PRESSURE,UNAVAILABLE_CHARGE_PROTONATION_MG_BINDING_ABSENT,dc43bcec367f52105fe8d1ba328e59b064935df5faf8f880e078b212a40183df
re0000000908,termination / ribosome recycling / STATE_TRANSITION,termination / ribosome recycling,Termination_C,Termination_C:re306,EXTRACTED_EXACT_STOICHIOMETRY,STATE_TRANSITION,"{""termRS70SUAA0004_tRNAGlyGCC_RRF_EFG_GTP"": 1.0}","{""termRS70SUAA0004_tRNAGlyGCC_RRF_EFG_GDP_PO4"": 1.0}",re0000000908_k1,31.0,0.0,0,0.0,0.0,0.0,0.0,0.0,0.0,0.0,0.0,0.0,0.0,0.0,0.0,0.0,0.0,0.0,0.0,0.0,0.0,UNRESOLVED_FORMULAS_ABSENT,UNRESOLVED_BOUND_MOIETIES_NOT_ANNOTATED,STOICHIOMETRIC_PROXY_ONLY_NOT_VALIDATED_OSMOTIC_PRESSURE,UNAVAILABLE_CHARGE_PROTONATION_MG_BINDING_ABSENT,dc43bcec367f52105fe8d1ba328e59b064935df5faf8f880e078b212a40183df
re0000000909,termination / ribosome recycling / STATE_TRANSITION,termination / ribosome recycling,Termination_C,Termination_C:re307,EXTRACTED_EXACT_STOICHIOMETRY,STATE_TRANSITION,"{""termRS70SUAA0004_tRNAGlyGCC_RRF_EFG_GDP_PO4"": 1.0}","{""termRS70SUAA0004_tRNAGlyGCC_RRF_EFG_GTP"": 1.0}",re0000000909_k1,5.0,0.0,0,0.0,0.0,0.0,0.0,0.0,0.0,0.0,0.0,0.0,0.0,0.0,0.0,0.0,0.0,0.0,0.0,0.0,0.0,UNRESOLVED_FORMULAS_ABSENT,UNRESOLVED_BOUND_MOIETIES_NOT_ANNOTATED,STOICHIOMETRIC_PROXY_ONLY_NOT_VALIDATED_OSMOTIC_PRESSURE,UNAVAILABLE_CHARGE_PROTONATION_MG_BINDING_ABSENT,dc43bcec367f52105fe8d1ba328e59b064935df5faf8f880e078b212a40183df
re0000000910,termination / ribosome recycling / DISSOCIATION,termination / ribosome recycling,Termination_C,Termination_C:re308,EXTRACTED_EXACT_STOICHIOMETRY,DISSOCIATION,"{""termRS70SUAA0004_tRNAGlyGCC_RRF_EFG_GDP"": 1.0}","{""RS50S_tRNAGlyGCC_RRF_EFG_GDP"": 1.0, ""termRS30S_mRNA"": 1.0}",re0000000910_k1,1000.0,1.0,0,0.0,0.0,0.0,0.0,0.0,0.0,0.0,0.0,0.0,0.0,0.0,0.0,0.0,0.0,0.0,0.0,0.0,0.0,UNRESOLVED_FORMULAS_ABSENT,UNRESOLVED_BOUND_MOIETIES_NOT_ANNOTATED,STOICHIOMETRIC_PROXY_ONLY_NOT_VALIDATED_OSMOTIC_PRESSURE,UNAVAILABLE_CHARGE_PROTONATION_MG_BINDING_ABSENT,dc43bcec367f52105fe8d1ba328e59b064935df5faf8f880e078b212a40183df
re0000000911,termination / ribosome recycling / DISSOCIATION,termination / ribosome recycling,Termination_C,Termination_C:re309,EXTRACTED_EXACT_STOICHIOMETRY,DISSOCIATION,"{""termRS30S_mRNA"": 1.0}","{""RS30S"": 1.0, ""mRNA"": 1.0}",re0000000911_k1,1000.0,1.0,0,0.0,0.0,0.0,0.0,0.0,0.0,0.0,0.0,0.0,0.0,0.0,0.0,0.0,0.0,0.0,0.0,0.0,0.0,UNRESOLVED_FORMULAS_ABSENT,UNRESOLVED_BOUND_MOIETIES_NOT_ANNOTATED,STOICHIOMETRIC_PROXY_ONLY_NOT_VALIDATED_OSMOTIC_PRESSURE,UNAVAILABLE_CHARGE_PROTONATION_MG_BINDING_ABSENT,dc43bcec367f52105fe8d1ba328e59b064935df5faf8f880e078b212a40183df
re0000000912,termination / ribosome recycling / HETERODIMER_ASSOCIATION,termination / ribosome recycling,Termination_C,Termination_C:re310,EXTRACTED_EXACT_STOICHIOMETRY,HETERODIMER_ASSOCIATION,"{""RS30S"": 1.0, ""mRNA"": 1.0}","{""termRS30S_mRNA"": 1.0}",re0000000912_k1,0.0,-1.0,0,0.0,0.0,0.0,0.0,0.0,0.0,0.0,0.0,0.0,0.0,0.0,0.0,0.0,0.0,0.0,0.0,0.0,0.0,UNRESOLVED_FORMULAS_ABSENT,UNRESOLVED_BOUND_MOIETIES_NOT_ANNOTATED,STOICHIOMETRIC_PROXY_ONLY_NOT_VALIDATED_OSMOTIC_PRESSURE,UNAVAILABLE_CHARGE_PROTONATION_MG_BINDING_ABSENT,dc43bcec367f52105fe8d1ba328e59b064935df5faf8f880e078b212a40183df
re0000000913,termination / ribosome recycling / DISSOCIATION,termination / ribosome recycling,Termination_C,Termination_C:re311,EXTRACTED_EXACT_STOICHIOMETRY,DISSOCIATION,"{""RS50S_tRNAGlyGCC_RRF_EFG_GDP"": 1.0}","{""EFG_GDP"": 1.0, ""RS50S_tRNAGlyGCC_RRF"": 1.0}",re0000000913_k1,1000.0,1.0,0,0.0,0.0,0.0,0.0,0.0,0.0,0.0,0.0,0.0,0.0,0.0,0.0,0.0,0.0,0.0,0.0,0.0,0.0,UNRESOLVED_FORMULAS_ABSENT,UNRESOLVED_BOUND_MOIETIES_NOT_ANNOTATED,STOICHIOMETRIC_PROXY_ONLY_NOT_VALIDATED_OSMOTIC_PRESSURE,UNAVAILABLE_CHARGE_PROTONATION_MG_BINDING_ABSENT,dc43bcec367f52105fe8d1ba328e59b064935df5faf8f880e078b212a40183df
re0000000914,termination / ribosome recycling / DISSOCIATION,termination / ribosome recycling,Termination_C,Termination_C:re312,EXTRACTED_EXACT_STOICHIOMETRY,DISSOCIATION,"{""RS50S_tRNAGlyGCC_RRF_EFG_GDP"": 1.0}","{""RRF"": 1.0, ""RS50S_tRNAGlyGCC_EFG_GDP"": 1.0}",re0000000914_k1,1000.0,1.0,0,0.0,0.0,0.0,0.0,0.0,0.0,0.0,0.0,0.0,0.0,0.0,0.0,0.0,0.0,0.0,0.0,0.0,0.0,UNRESOLVED_FORMULAS_ABSENT,UNRESOLVED_BOUND_MOIETIES_NOT_ANNOTATED,STOICHIOMETRIC_PROXY_ONLY_NOT_VALIDATED_OSMOTIC_PRESSURE,UNAVAILABLE_CHARGE_PROTONATION_MG_BINDING_ABSENT,dc43bcec367f52105fe8d1ba328e59b064935df5faf8f880e078b212a40183df
re0000000915,termination / ribosome recycling / DISSOCIATION,termination / ribosome recycling,Termination_C,Termination_C:re313,EXTRACTED_EXACT_STOICHIOMETRY,DISSOCIATION,"{""RS50S_tRNAGlyGCC_RRF_EFG_GDP"": 1.0}","{""RS50S_RRF_EFG_GDP"": 1.0, ""tRNAGlyGCC"": 1.0}",re0000000915_k1,1000.0,1.0,0,0.0,0.0,0.0,0.0,0.0,0.0,0.0,0.0,0.0,0.0,0.0,0.0,0.0,1.0,0.0,0.0,0.0,0.0,UNRESOLVED_FORMULAS_ABSENT,UNRESOLVED_BOUND_MOIETIES_NOT_ANNOTATED,STOICHIOMETRIC_PROXY_ONLY_NOT_VALIDATED_OSMOTIC_PRESSURE,UNAVAILABLE_CHARGE_PROTONATION_MG_BINDING_ABSENT,dc43bcec367f52105fe8d1ba328e59b064935df5faf8f880e078b212a40183df
re0000000916,termination / ribosome recycling / DISSOCIATION,termination / ribosome recycling,Termination_C,Termination_C:re314,EXTRACTED_EXACT_STOICHIOMETRY,DISSOCIATION,"{""RS50S_tRNAGlyGCC_RRF"": 1.0}","{""RS50S_RRF"": 1.0, ""tRNAGlyGCC"": 1.0}",re0000000916_k1,1000.0,1.0,0,0.0,0.0,0.0,0.0,0.0,0.0,0.0,0.0,0.0,0.0,0.0,0.0,0.0,1.0,0.0,0.0,0.0,0.0,UNRESOLVED_FORMULAS_ABSENT,UNRESOLVED_BOUND_MOIETIES_NOT_ANNOTATED,STOICHIOMETRIC_PROXY_ONLY_NOT_VALIDATED_OSMOTIC_PRESSURE,UNAVAILABLE_CHARGE_PROTONATION_MG_BINDING_ABSENT,dc43bcec367f52105fe8d1ba328e59b064935df5faf8f880e078b212a40183df
re0000000917,termination / ribosome recycling / DISSOCIATION,termination / ribosome recycling,Termination_C,Termination_C:re315,EXTRACTED_EXACT_STOICHIOMETRY,DISSOCIATION,"{""RS50S_tRNAGlyGCC_RRF"": 1.0}","{""RRF"": 1.0, ""RS50S_tRNAGlyGCC"": 1.0}",re0000000917_k1,1000.0,1.0,0,0.0,0.0,0.0,0.0,0.0,0.0,0.0,0.0,0.0,0.0,0.0,0.0,0.0,0.0,0.0,0.0,0.0,0.0,UNRESOLVED_FORMULAS_ABSENT,UNRESOLVED_BOUND_MOIETIES_NOT_ANNOTATED,STOICHIOMETRIC_PROXY_ONLY_NOT_VALIDATED_OSMOTIC_PRESSURE,UNAVAILABLE_CHARGE_PROTONATION_MG_BINDING_ABSENT,dc43bcec367f52105fe8d1ba328e59b064935df5faf8f880e078b212a40183df
re0000000918,termination / ribosome recycling / DISSOCIATION,termination / ribosome recycling,Termination_C,Termination_C:re316,EXTRACTED_EXACT_STOICHIOMETRY,DISSOCIATION,"{""RS50S_RRF"": 1.0}","{""RRF"": 1.0, ""RS50S"": 1.0}",re0000000918_k1,1000.0,1.0,0,0.0,0.0,0.0,0.0,0.0,0.0,0.0,0.0,0.0,0.0,0.0,0.0,0.0,0.0,0.0,0.0,0.0,0.0,UNRESOLVED_FORMULAS_ABSENT,UNRESOLVED_BOUND_MOIETIES_NOT_ANNOTATED,STOICHIOMETRIC_PROXY_ONLY_NOT_VALIDATED_OSMOTIC_PRESSURE,UNAVAILABLE_CHARGE_PROTONATION_MG_BINDING_ABSENT,dc43bcec367f52105fe8d1ba328e59b064935df5faf8f880e078b212a40183df
re0000000919,termination / ribosome recycling / DISSOCIATION,termination / ribosome recycling,Termination_C,Termination_C:re317,EXTRACTED_EXACT_STOICHIOMETRY,DISSOCIATION,"{""RS50S_tRNAGlyGCC"": 1.0}","{""RS50S"": 1.0, ""tRNAGlyGCC"": 1.0}",re0000000919_k1,1000.0,1.0,0,0.0,0.0,0.0,0.0,0.0,0.0,0.0,0.0,0.0,0.0,0.0,0.0,0.0,1.0,0.0,0.0,0.0,0.0,UNRESOLVED_FORMULAS_ABSENT,UNRESOLVED_BOUND_MOIETIES_NOT_ANNOTATED,STOICHIOMETRIC_PROXY_ONLY_NOT_VALIDATED_OSMOTIC_PRESSURE,UNAVAILABLE_CHARGE_PROTONATION_MG_BINDING_ABSENT,dc43bcec367f52105fe8d1ba328e59b064935df5faf8f880e078b212a40183df
re0000000920,termination / ribosome recycling / DISSOCIATION,termination / ribosome recycling,Termination_C,Termination_C:re318,EXTRACTED_EXACT_STOICHIOMETRY,DISSOCIATION,"{""RS50S_tRNAGlyGCC_EFG_GDP"": 1.0}","{""EFG_GDP"": 1.0, ""RS50S_tRNAGlyGCC"": 1.0}",re0000000920_k1,1000.0,1.0,0,0.0,0.0,0.0,0.0,0.0,0.0,0.0,0.0,0.0,0.0,0.0,0.0,0.0,0.0,0.0,0.0,0.0,0.0,UNRESOLVED_FORMULAS_ABSENT,UNRESOLVED_BOUND_MOIETIES_NOT_ANNOTATED,STOICHIOMETRIC_PROXY_ONLY_NOT_VALIDATED_OSMOTIC_PRESSURE,UNAVAILABLE_CHARGE_PROTONATION_MG_BINDING_ABSENT,dc43bcec367f52105fe8d1ba328e59b064935df5faf8f880e078b212a40183df
re0000000921,termination / ribosome recycling / DISSOCIATION,termination / ribosome recycling,Termination_C,Termination_C:re319,EXTRACTED_EXACT_STOICHIOMETRY,DISSOCIATION,"{""RS50S_tRNAGlyGCC_EFG_GDP"": 1.0}","{""RS50S_EFG_GDP"": 1.0, ""tRNAGlyGCC"": 1.0}",re0000000921_k1,1000.0,1.0,0,0.0,0.0,0.0,0.0,0.0,0.0,0.0,0.0,0.0,0.0,0.0,0.0,0.0,1.0,0.0,0.0,0.0,0.0,UNRESOLVED_FORMULAS_ABSENT,UNRESOLVED_BOUND_MOIETIES_NOT_ANNOTATED,STOICHIOMETRIC_PROXY_ONLY_NOT_VALIDATED_OSMOTIC_PRESSURE,UNAVAILABLE_CHARGE_PROTONATION_MG_BINDING_ABSENT,dc43bcec367f52105fe8d1ba328e59b064935df5faf8f880e078b212a40183df
re0000000922,termination / ribosome recycling / DISSOCIATION,termination / ribosome recycling,Termination_C,Termination_C:re320,EXTRACTED_EXACT_STOICHIOMETRY,DISSOCIATION,"{""RS50S_RRF_EFG_GDP"": 1.0}","{""EFG_GDP"": 1.0, ""RS50S_RRF"": 1.0}",re0000000922_k1,1000.0,1.0,0,0.0,0.0,0.0,0.0,0.0,0.0,0.0,0.0,0.0,0.0,0.0,0.0,0.0,0.0,0.0,0.0,0.0,0.0,UNRESOLVED_FORMULAS_ABSENT,UNRESOLVED_BOUND_MOIETIES_NOT_ANNOTATED,STOICHIOMETRIC_PROXY_ONLY_NOT_VALIDATED_OSMOTIC_PRESSURE,UNAVAILABLE_CHARGE_PROTONATION_MG_BINDING_ABSENT,dc43bcec367f52105fe8d1ba328e59b064935df5faf8f880e078b212a40183df
re0000000923,termination / ribosome recycling / DISSOCIATION,termination / ribosome recycling,Termination_C,Termination_C:re321,EXTRACTED_EXACT_STOICHIOMETRY,DISSOCIATION,"{""RS50S_RRF_EFG_GDP"": 1.0}","{""RRF"": 1.0, ""RS50S_EFG_GDP"": 1.0}",re0000000923_k1,1000.0,1.0,0,0.0,0.0,0.0,0.0,0.0,0.0,0.0,0.0,0.0,0.0,0.0,0.0,0.0,0.0,0.0,0.0,0.0,0.0,UNRESOLVED_FORMULAS_ABSENT,UNRESOLVED_BOUND_MOIETIES_NOT_ANNOTATED,STOICHIOMETRIC_PROXY_ONLY_NOT_VALIDATED_OSMOTIC_PRESSURE,UNAVAILABLE_CHARGE_PROTONATION_MG_BINDING_ABSENT,dc43bcec367f52105fe8d1ba328e59b064935df5faf8f880e078b212a40183df
re0000000924,termination / ribosome recycling / STATE_TRANSITION,termination / ribosome recycling,Termination_C,Termination_C:re323,EXTRACTED_EXACT_STOICHIOMETRY,STATE_TRANSITION,"{""RS50S_tRNAGlyGCC"": 1.0}","{""RS50S_degraded"": 1.0, ""tRNAGlyGCC"": 1.0}",re0000000924_k1,0.0,1.0,0,0.0,0.0,0.0,0.0,0.0,0.0,0.0,0.0,0.0,0.0,0.0,0.0,0.0,1.0,0.0,0.0,0.0,0.0,UNRESOLVED_FORMULAS_ABSENT,UNRESOLVED_BOUND_MOIETIES_NOT_ANNOTATED,STOICHIOMETRIC_PROXY_ONLY_NOT_VALIDATED_OSMOTIC_PRESSURE,UNAVAILABLE_CHARGE_PROTONATION_MG_BINDING_ABSENT,dc43bcec367f52105fe8d1ba328e59b064935df5faf8f880e078b212a40183df
re0000000925,termination / ribosome recycling / STATE_TRANSITION,termination / ribosome recycling,Termination_C,Termination_C:re324,EXTRACTED_EXACT_STOICHIOMETRY,STATE_TRANSITION,"{""RS50S_RRF"": 1.0}","{""RRF"": 1.0, ""RS50S_degraded"": 1.0}",re0000000925_k1,0.0,1.0,0,0.0,0.0,0.0,0.0,0.0,0.0,0.0,0.0,0.0,0.0,0.0,0.0,0.0,0.0,0.0,0.0,0.0,0.0,UNRESOLVED_FORMULAS_ABSENT,UNRESOLVED_BOUND_MOIETIES_NOT_ANNOTATED,STOICHIOMETRIC_PROXY_ONLY_NOT_VALIDATED_OSMOTIC_PRESSURE,UNAVAILABLE_CHARGE_PROTONATION_MG_BINDING_ABSENT,dc43bcec367f52105fe8d1ba328e59b064935df5faf8f880e078b212a40183df
re0000000926,termination / ribosome recycling / STATE_TRANSITION,termination / ribosome recycling,Termination_C,Termination_C:re326,EXTRACTED_EXACT_STOICHIOMETRY,STATE_TRANSITION,"{""termRS30S_mRNA"": 1.0}","{""RS30S_degraded"": 1.0, ""mRNA"": 1.0}",re0000000926_k1,0.0,1.0,0,0.0,0.0,0.0,0.0,0.0,0.0,0.0,0.0,0.0,0.0,0.0,0.0,0.0,0.0,0.0,0.0,0.0,0.0,UNRESOLVED_FORMULAS_ABSENT,UNRESOLVED_BOUND_MOIETIES_NOT_ANNOTATED,STOICHIOMETRIC_PROXY_ONLY_NOT_VALIDATED_OSMOTIC_PRESSURE,UNAVAILABLE_CHARGE_PROTONATION_MG_BINDING_ABSENT,dc43bcec367f52105fe8d1ba328e59b064935df5faf8f880e078b212a40183df
re0000000927,termination / ribosome recycling / STATE_TRANSITION,termination / ribosome recycling,Termination_C,Termination_C:re327,EXTRACTED_EXACT_STOICHIOMETRY,STATE_TRANSITION,"{""RS50S_tRNAGlyGCC"": 1.0}","{""RS50S"": 1.0, ""tRNAGlyGCC_degraded"": 1.0}",re0000000927_k1,0.0,1.0,0,0.0,0.0,0.0,0.0,0.0,0.0,0.0,0.0,0.0,0.0,0.0,0.0,0.0,0.0,0.0,0.0,0.0,0.0,UNRESOLVED_FORMULAS_ABSENT,UNRESOLVED_BOUND_MOIETIES_NOT_ANNOTATED,STOICHIOMETRIC_PROXY_ONLY_NOT_VALIDATED_OSMOTIC_PRESSURE,UNAVAILABLE_CHARGE_PROTONATION_MG_BINDING_ABSENT,dc43bcec367f52105fe8d1ba328e59b064935df5faf8f880e078b212a40183df
re0000000928,termination / ribosome recycling / STATE_TRANSITION,termination / ribosome recycling,Termination_C,Termination_C:re328,EXTRACTED_EXACT_STOICHIOMETRY,STATE_TRANSITION,"{""RS50S_RRF"": 1.0}","{""RRF_degraded"": 1.0, ""RS50S"": 1.0}",re0000000928_k1,0.0,1.0,0,0.0,0.0,0.0,0.0,0.0,0.0,0.0,0.0,0.0,0.0,0.0,0.0,0.0,0.0,0.0,0.0,0.0,0.0,UNRESOLVED_FORMULAS_ABSENT,UNRESOLVED_BOUND_MOIETIES_NOT_ANNOTATED,STOICHIOMETRIC_PROXY_ONLY_NOT_VALIDATED_OSMOTIC_PRESSURE,UNAVAILABLE_CHARGE_PROTONATION_MG_BINDING_ABSENT,dc43bcec367f52105fe8d1ba328e59b064935df5faf8f880e078b212a40183df
re0000000929,termination / ribosome recycling / STATE_TRANSITION,termination / ribosome recycling,Termination_C,Termination_C:re331,EXTRACTED_EXACT_STOICHIOMETRY,STATE_TRANSITION,"{""RS50S_tRNAGlyGCC_RRF"": 1.0}","{""RRF"": 1.0, ""RS50S"": 1.0, ""tRNAGlyGCC_degraded"": 1.0}",re0000000929_k1,0.0,2.0,0,0.0,0.0,0.0,0.0,0.0,0.0,0.0,0.0,0.0,0.0,0.0,0.0,0.0,0.0,0.0,0.0,0.0,0.0,UNRESOLVED_FORMULAS_ABSENT,UNRESOLVED_BOUND_MOIETIES_NOT_ANNOTATED,STOICHIOMETRIC_PROXY_ONLY_NOT_VALIDATED_OSMOTIC_PRESSURE,UNAVAILABLE_CHARGE_PROTONATION_MG_BINDING_ABSENT,dc43bcec367f52105fe8d1ba328e59b064935df5faf8f880e078b212a40183df
re0000000930,termination / ribosome recycling / STATE_TRANSITION,termination / ribosome recycling,Termination_C,Termination_C:re332,EXTRACTED_EXACT_STOICHIOMETRY,STATE_TRANSITION,"{""RS50S_tRNAGlyGCC_RRF"": 1.0}","{""RRF"": 1.0, ""RS50S_degraded"": 1.0, ""tRNAGlyGCC"": 1.0}",re0000000930_k1,0.0,2.0,0,0.0,0.0,0.0,0.0,0.0,0.0,0.0,0.0,0.0,0.0,0.0,0.0,0.0,1.0,0.0,0.0,0.0,0.0,UNRESOLVED_FORMULAS_ABSENT,UNRESOLVED_BOUND_MOIETIES_NOT_ANNOTATED,STOICHIOMETRIC_PROXY_ONLY_NOT_VALIDATED_OSMOTIC_PRESSURE,UNAVAILABLE_CHARGE_PROTONATION_MG_BINDING_ABSENT,dc43bcec367f52105fe8d1ba328e59b064935df5faf8f880e078b212a40183df
re0000000931,termination / ribosome recycling / STATE_TRANSITION,termination / ribosome recycling,Termination_C,Termination_C:re333,EXTRACTED_EXACT_STOICHIOMETRY,STATE_TRANSITION,"{""RS50S_tRNAGlyGCC_RRF"": 1.0}","{""RRF_degraded"": 1.0, ""RS50S"": 1.0, ""tRNAGlyGCC"": 1.0}",re0000000931_k1,0.0,2.0,0,0.0,0.0,0.0,0.0,0.0,0.0,0.0,0.0,0.0,0.0,0.0,0.0,0.0,1.0,0.0,0.0,0.0,0.0,UNRESOLVED_FORMULAS_ABSENT,UNRESOLVED_BOUND_MOIETIES_NOT_ANNOTATED,STOICHIOMETRIC_PROXY_ONLY_NOT_VALIDATED_OSMOTIC_PRESSURE,UNAVAILABLE_CHARGE_PROTONATION_MG_BINDING_ABSENT,dc43bcec367f52105fe8d1ba328e59b064935df5faf8f880e078b212a40183df
re0000000932,termination / ribosome recycling / STATE_TRANSITION,termination / ribosome recycling,Termination_C,Termination_C:re337,EXTRACTED_EXACT_STOICHIOMETRY,STATE_TRANSITION,"{""RS50S_tRNAGlyGCC_EFG_GDP"": 1.0}","{""EFG"": 1.0, ""GDP"": 1.0, ""RS50S"": 1.0, ""tRNAGlyGCC_degraded"": 1.0}",re0000000932_k1,0.0,3.0,1.0,0.0,0.0,0.0,0.0,1.0,0.0,0.0,0.0,0.0,0.0,0.0,0.0,0.0,0.0,0.0,0.0,0.0,0.0,UNRESOLVED_FORMULAS_ABSENT,UNRESOLVED_BOUND_MOIETIES_NOT_ANNOTATED,STOICHIOMETRIC_PROXY_ONLY_NOT_VALIDATED_OSMOTIC_PRESSURE,UNAVAILABLE_CHARGE_PROTONATION_MG_BINDING_ABSENT,dc43bcec367f52105fe8d1ba328e59b064935df5faf8f880e078b212a40183df
re0000000933,termination / ribosome recycling / STATE_TRANSITION,termination / ribosome recycling,Termination_C,Termination_C:re338,EXTRACTED_EXACT_STOICHIOMETRY,STATE_TRANSITION,"{""RS50S_tRNAGlyGCC_EFG_GDP"": 1.0}","{""EFG"": 1.0, ""GDP"": 1.0, ""RS50S_degraded"": 1.0, ""tRNAGlyGCC"": 1.0}",re0000000933_k1,0.0,3.0,1.0,0.0,0.0,0.0,0.0,1.0,0.0,0.0,0.0,0.0,0.0,0.0,0.0,0.0,1.0,0.0,0.0,0.0,0.0,UNRESOLVED_FORMULAS_ABSENT,UNRESOLVED_BOUND_MOIETIES_NOT_ANNOTATED,STOICHIOMETRIC_PROXY_ONLY_NOT_VALIDATED_OSMOTIC_PRESSURE,UNAVAILABLE_CHARGE_PROTONATION_MG_BINDING_ABSENT,dc43bcec367f52105fe8d1ba328e59b064935df5faf8f880e078b212a40183df
re0000000934,termination / ribosome recycling / STATE_TRANSITION,termination / ribosome recycling,Termination_C,Termination_C:re339,EXTRACTED_EXACT_STOICHIOMETRY,STATE_TRANSITION,"{""RS50S_tRNAGlyGCC_EFG_GDP"": 1.0}","{""EFG_degraded"": 1.0, ""GDP"": 1.0, ""RS50S"": 1.0, ""tRNAGlyGCC"": 1.0}",re0000000934_k1,0.0,3.0,1.0,0.0,0.0,0.0,0.0,1.0,0.0,0.0,0.0,0.0,0.0,0.0,0.0,0.0,1.0,0.0,0.0,0.0,0.0,UNRESOLVED_FORMULAS_ABSENT,UNRESOLVED_BOUND_MOIETIES_NOT_ANNOTATED,STOICHIOMETRIC_PROXY_ONLY_NOT_VALIDATED_OSMOTIC_PRESSURE,UNAVAILABLE_CHARGE_PROTONATION_MG_BINDING_ABSENT,dc43bcec367f52105fe8d1ba328e59b064935df5faf8f880e078b212a40183df
re0000000935,termination / ribosome recycling / STATE_TRANSITION,termination / ribosome recycling,Termination_C,Termination_C:re340,EXTRACTED_EXACT_STOICHIOMETRY,STATE_TRANSITION,"{""RS50S_RRF_EFG_GDP"": 1.0}","{""EFG"": 1.0, ""GDP"": 1.0, ""RRF_degraded"": 1.0, ""RS50S"": 1.0}",re0000000935_k1,0.0,3.0,1.0,0.0,0.0,0.0,0.0,1.0,0.0,0.0,0.0,0.0,0.0,0.0,0.0,0.0,0.0,0.0,0.0,0.0,0.0,UNRESOLVED_FORMULAS_ABSENT,UNRESOLVED_BOUND_MOIETIES_NOT_ANNOTATED,STOICHIOMETRIC_PROXY_ONLY_NOT_VALIDATED_OSMOTIC_PRESSURE,UNAVAILABLE_CHARGE_PROTONATION_MG_BINDING_ABSENT,dc43bcec367f52105fe8d1ba328e59b064935df5faf8f880e078b212a40183df
re0000000936,termination / ribosome recycling / STATE_TRANSITION,termination / ribosome recycling,Termination_C,Termination_C:re341,EXTRACTED_EXACT_STOICHIOMETRY,STATE_TRANSITION,"{""RS50S_RRF_EFG_GDP"": 1.0}","{""EFG"": 1.0, ""GDP"": 1.0, ""RRF"": 1.0, ""RS50S_degraded"": 1.0}",re0000000936_k1,0.0,3.0,1.0,0.0,0.0,0.0,0.0,1.0,0.0,0.0,0.0,0.0,0.0,0.0,0.0,0.0,0.0,0.0,0.0,0.0,0.0,UNRESOLVED_FORMULAS_ABSENT,UNRESOLVED_BOUND_MOIETIES_NOT_ANNOTATED,STOICHIOMETRIC_PROXY_ONLY_NOT_VALIDATED_OSMOTIC_PRESSURE,UNAVAILABLE_CHARGE_PROTONATION_MG_BINDING_ABSENT,dc43bcec367f52105fe8d1ba328e59b064935df5faf8f880e078b212a40183df
re0000000937,termination / ribosome recycling / STATE_TRANSITION,termination / ribosome recycling,Termination_C,Termination_C:re342,EXTRACTED_EXACT_STOICHIOMETRY,STATE_TRANSITION,"{""RS50S_RRF_EFG_GDP"": 1.0}","{""EFG_degraded"": 1.0, ""GDP"": 1.0, ""RRF"": 1.0, ""RS50S"": 1.0}",re0000000937_k1,0.0,3.0,1.0,0.0,0.0,0.0,0.0,1.0,0.0,0.0,0.0,0.0,0.0,0.0,0.0,0.0,0.0,0.0,0.0,0.0,0.0,UNRESOLVED_FORMULAS_ABSENT,UNRESOLVED_BOUND_MOIETIES_NOT_ANNOTATED,STOICHIOMETRIC_PROXY_ONLY_NOT_VALIDATED_OSMOTIC_PRESSURE,UNAVAILABLE_CHARGE_PROTONATION_MG_BINDING_ABSENT,dc43bcec367f52105fe8d1ba328e59b064935df5faf8f880e078b212a40183df
re0000000938,termination / ribosome recycling / STATE_TRANSITION,termination / ribosome recycling,Termination_C,Termination_C:re343,EXTRACTED_EXACT_STOICHIOMETRY,STATE_TRANSITION,"{""termRS70SUAA0004_tRNAGlyGCC_RRF"": 1.0}","{""RRF"": 1.0, ""RS30S_degraded"": 1.0, ""RS50S"": 1.0, ""mRNA"": 1.0, ""tRNAGlyGCC"": 1.0}",re0000000938_k1,0.0,4.0,0,0.0,0.0,0.0,0.0,0.0,0.0,0.0,0.0,0.0,0.0,0.0,0.0,0.0,1.0,0.0,0.0,0.0,0.0,UNRESOLVED_FORMULAS_ABSENT,UNRESOLVED_BOUND_MOIETIES_NOT_ANNOTATED,STOICHIOMETRIC_PROXY_ONLY_NOT_VALIDATED_OSMOTIC_PRESSURE,UNAVAILABLE_CHARGE_PROTONATION_MG_BINDING_ABSENT,dc43bcec367f52105fe8d1ba328e59b064935df5faf8f880e078b212a40183df
re0000000939,termination / ribosome recycling / STATE_TRANSITION,termination / ribosome recycling,Termination_C,Termination_C:re344,EXTRACTED_EXACT_STOICHIOMETRY,STATE_TRANSITION,"{""termRS70SUAA0004_tRNAGlyGCC_RRF"": 1.0}","{""RRF"": 1.0, ""RS30S"": 1.0, ""RS50S_degraded"": 1.0, ""mRNA"": 1.0, ""tRNAGlyGCC"": 1.0}",re0000000939_k1,0.0,4.0,0,0.0,0.0,0.0,0.0,0.0,0.0,0.0,0.0,0.0,0.0,0.0,0.0,0.0,1.0,0.0,0.0,0.0,0.0,UNRESOLVED_FORMULAS_ABSENT,UNRESOLVED_BOUND_MOIETIES_NOT_ANNOTATED,STOICHIOMETRIC_PROXY_ONLY_NOT_VALIDATED_OSMOTIC_PRESSURE,UNAVAILABLE_CHARGE_PROTONATION_MG_BINDING_ABSENT,dc43bcec367f52105fe8d1ba328e59b064935df5faf8f880e078b212a40183df
re0000000940,termination / ribosome recycling / STATE_TRANSITION,termination / ribosome recycling,Termination_C,Termination_C:re345,EXTRACTED_EXACT_STOICHIOMETRY,STATE_TRANSITION,"{""termRS70SUAA0004_tRNAGlyGCC_RRF"": 1.0}","{""RRF_degraded"": 1.0, ""RS30S"": 1.0, ""RS50S"": 1.0, ""mRNA"": 1.0, ""tRNAGlyGCC"": 1.0}",re0000000940_k1,0.0,4.0,0,0.0,0.0,0.0,0.0,0.0,0.0,0.0,0.0,0.0,0.0,0.0,0.0,0.0,1.0,0.0,0.0,0.0,0.0,UNRESOLVED_FORMULAS_ABSENT,UNRESOLVED_BOUND_MOIETIES_NOT_ANNOTATED,STOICHIOMETRIC_PROXY_ONLY_NOT_VALIDATED_OSMOTIC_PRESSURE,UNAVAILABLE_CHARGE_PROTONATION_MG_BINDING_ABSENT,dc43bcec367f52105fe8d1ba328e59b064935df5faf8f880e078b212a40183df
re0000000941,termination / ribosome recycling / STATE_TRANSITION,termination / ribosome recycling,Termination_C,Termination_C:re347,EXTRACTED_EXACT_STOICHIOMETRY,STATE_TRANSITION,"{""termRS70SUAA0004_tRNAGlyGCC_EFG_GTP"": 1.0}","{""EFG"": 1.0, ""GTP"": 1.0, ""RS30S_degraded"": 1.0, ""RS50S"": 1.0, ""mRNA"": 1.0, ""tRNAGlyGCC"": 1.0}",re0000000941_k1,0.0,5.0,1.0,0.0,0.0,0.0,1.0,0.0,0.0,0.0,0.0,0.0,0.0,0.0,0.0,0.0,1.0,0.0,0.0,0.0,0.0,UNRESOLVED_FORMULAS_ABSENT,UNRESOLVED_BOUND_MOIETIES_NOT_ANNOTATED,STOICHIOMETRIC_PROXY_ONLY_NOT_VALIDATED_OSMOTIC_PRESSURE,UNAVAILABLE_CHARGE_PROTONATION_MG_BINDING_ABSENT,dc43bcec367f52105fe8d1ba328e59b064935df5faf8f880e078b212a40183df
re0000000942,termination / ribosome recycling / STATE_TRANSITION,termination / ribosome recycling,Termination_C,Termination_C:re348,EXTRACTED_EXACT_STOICHIOMETRY,STATE_TRANSITION,"{""termRS70SUAA0004_tRNAGlyGCC_EFG_GTP"": 1.0}","{""EFG"": 1.0, ""GTP"": 1.0, ""RS30S"": 1.0, ""RS50S_degraded"": 1.0, ""mRNA"": 1.0, ""tRNAGlyGCC"": 1.0}",re0000000942_k1,0.0,5.0,1.0,0.0,0.0,0.0,1.0,0.0,0.0,0.0,0.0,0.0,0.0,0.0,0.0,0.0,1.0,0.0,0.0,0.0,0.0,UNRESOLVED_FORMULAS_ABSENT,UNRESOLVED_BOUND_MOIETIES_NOT_ANNOTATED,STOICHIOMETRIC_PROXY_ONLY_NOT_VALIDATED_OSMOTIC_PRESSURE,UNAVAILABLE_CHARGE_PROTONATION_MG_BINDING_ABSENT,dc43bcec367f52105fe8d1ba328e59b064935df5faf8f880e078b212a40183df
re0000000943,termination / ribosome recycling / STATE_TRANSITION,termination / ribosome recycling,Termination_C,Termination_C:re349,EXTRACTED_EXACT_STOICHIOMETRY,STATE_TRANSITION,"{""termRS70SUAA0004_tRNAGlyGCC_EFG_GTP"": 1.0}","{""EFG_degraded"": 1.0, ""GTP"": 1.0, ""RS30S"": 1.0, ""RS50S"": 1.0, ""mRNA"": 1.0, ""tRNAGlyGCC"": 1.0}",re0000000943_k1,0.0,5.0,1.0,0.0,0.0,0.0,1.0,0.0,0.0,0.0,0.0,0.0,0.0,0.0,0.0,0.0,1.0,0.0,0.0,0.0,0.0,UNRESOLVED_FORMULAS_ABSENT,UNRESOLVED_BOUND_MOIETIES_NOT_ANNOTATED,STOICHIOMETRIC_PROXY_ONLY_NOT_VALIDATED_OSMOTIC_PRESSURE,UNAVAILABLE_CHARGE_PROTONATION_MG_BINDING_ABSENT,dc43bcec367f52105fe8d1ba328e59b064935df5faf8f880e078b212a40183df
re0000000944,termination / ribosome recycling / STATE_TRANSITION,termination / ribosome recycling,Termination_C,Termination_C:re351,EXTRACTED_EXACT_STOICHIOMETRY,STATE_TRANSITION,"{""termRS70SUAA0004_tRNAGlyGCC_RRF_EFG_GDP"": 1.0}","{""EFG"": 1.0, ""GDP"": 1.0, ""RRF"": 1.0, ""RS30S_degraded"": 1.0, ""RS50S"": 1.0, ""mRNA"": 1.0, ""tRNAGlyGCC"": 1.0}",re0000000944_k1,0.0,6.0,1.0,0.0,0.0,0.0,0.0,1.0,0.0,0.0,0.0,0.0,0.0,0.0,0.0,0.0,1.0,0.0,0.0,0.0,0.0,UNRESOLVED_FORMULAS_ABSENT,UNRESOLVED_BOUND_MOIETIES_NOT_ANNOTATED,STOICHIOMETRIC_PROXY_ONLY_NOT_VALIDATED_OSMOTIC_PRESSURE,UNAVAILABLE_CHARGE_PROTONATION_MG_BINDING_ABSENT,dc43bcec367f52105fe8d1ba328e59b064935df5faf8f880e078b212a40183df
re0000000945,termination / ribosome recycling / STATE_TRANSITION,termination / ribosome recycling,Termination_C,Termination_C:re352,EXTRACTED_EXACT_STOICHIOMETRY,STATE_TRANSITION,"{""termRS70SUAA0004_tRNAGlyGCC_RRF_EFG_GDP"": 1.0}","{""EFG"": 1.0, ""GDP"": 1.0, ""RRF"": 1.0, ""RS30S"": 1.0, ""RS50S_degraded"": 1.0, ""mRNA"": 1.0, ""tRNAGlyGCC"": 1.0}",re0000000945_k1,0.0,6.0,1.0,0.0,0.0,0.0,0.0,1.0,0.0,0.0,0.0,0.0,0.0,0.0,0.0,0.0,1.0,0.0,0.0,0.0,0.0,UNRESOLVED_FORMULAS_ABSENT,UNRESOLVED_BOUND_MOIETIES_NOT_ANNOTATED,STOICHIOMETRIC_PROXY_ONLY_NOT_VALIDATED_OSMOTIC_PRESSURE,UNAVAILABLE_CHARGE_PROTONATION_MG_BINDING_ABSENT,dc43bcec367f52105fe8d1ba328e59b064935df5faf8f880e078b212a40183df
re0000000946,termination / ribosome recycling / STATE_TRANSITION,termination / ribosome recycling,Termination_C,Termination_C:re353,EXTRACTED_EXACT_STOICHIOMETRY,STATE_TRANSITION,"{""termRS70SUAA0004_tRNAGlyGCC_RRF_EFG_GDP"": 1.0}","{""EFG"": 1.0, ""GDP"": 1.0, ""RRF_degraded"": 1.0, ""RS30S"": 1.0, ""RS50S"": 1.0, ""mRNA"": 1.0, ""tRNAGlyGCC"": 1.0}",re0000000946_k1,0.0,6.0,1.0,0.0,0.0,0.0,0.0,1.0,0.0,0.0,0.0,0.0,0.0,0.0,0.0,0.0,1.0,0.0,0.0,0.0,0.0,UNRESOLVED_FORMULAS_ABSENT,UNRESOLVED_BOUND_MOIETIES_NOT_ANNOTATED,STOICHIOMETRIC_PROXY_ONLY_NOT_VALIDATED_OSMOTIC_PRESSURE,UNAVAILABLE_CHARGE_PROTONATION_MG_BINDING_ABSENT,dc43bcec367f52105fe8d1ba328e59b064935df5faf8f880e078b212a40183df
re0000000947,termination / ribosome recycling / STATE_TRANSITION,termination / ribosome recycling,Termination_C,Termination_C:re354,EXTRACTED_EXACT_STOICHIOMETRY,STATE_TRANSITION,"{""termRS70SUAA0004_tRNAGlyGCC_RRF_EFG_GDP"": 1.0}","{""EFG_degraded"": 1.0, ""GDP"": 1.0, ""RRF"": 1.0, ""RS30S"": 1.0, ""RS50S"": 1.0, ""mRNA"": 1.0, ""tRNAGlyGCC"": 1.0}",re0000000947_k1,0.0,6.0,1.0,0.0,0.0,0.0,0.0,1.0,0.0,0.0,0.0,0.0,0.0,0.0,0.0,0.0,1.0,0.0,0.0,0.0,0.0,UNRESOLVED_FORMULAS_ABSENT,UNRESOLVED_BOUND_MOIETIES_NOT_ANNOTATED,STOICHIOMETRIC_PROXY_ONLY_NOT_VALIDATED_OSMOTIC_PRESSURE,UNAVAILABLE_CHARGE_PROTONATION_MG_BINDING_ABSENT,dc43bcec367f52105fe8d1ba328e59b064935df5faf8f880e078b212a40183df
re0000000948,termination / ribosome recycling / STATE_TRANSITION,termination / ribosome recycling,Termination_C,Termination_C:re355,EXTRACTED_EXACT_STOICHIOMETRY,STATE_TRANSITION,"{""termRS70SUAA0004_tRNAGlyGCC_RRF_EFG_GDP_PO4"": 1.0}","{""EFG"": 1.0, ""GDP"": 1.0, ""PO4"": 1.0, ""RRF"": 1.0, ""RS30S_degraded"": 1.0, ""RS50S"": 1.0, ""mRNA"": 1.0, ""tRNAGlyGCC"": 1.0}",re0000000948_k1,0.0,7.0,2.0,0.0,0.0,0.0,0.0,1.0,0.0,1.0,0.0,0.0,0.0,0.0,0.0,0.0,1.0,0.0,0.0,0.0,0.0,UNRESOLVED_FORMULAS_ABSENT,UNRESOLVED_BOUND_MOIETIES_NOT_ANNOTATED,STOICHIOMETRIC_PROXY_ONLY_NOT_VALIDATED_OSMOTIC_PRESSURE,UNAVAILABLE_CHARGE_PROTONATION_MG_BINDING_ABSENT,dc43bcec367f52105fe8d1ba328e59b064935df5faf8f880e078b212a40183df
re0000000949,termination / ribosome recycling / STATE_TRANSITION,termination / ribosome recycling,Termination_C,Termination_C:re356,EXTRACTED_EXACT_STOICHIOMETRY,STATE_TRANSITION,"{""termRS70SUAA0004_tRNAGlyGCC_RRF_EFG_GDP_PO4"": 1.0}","{""EFG"": 1.0, ""GDP"": 1.0, ""PO4"": 1.0, ""RRF"": 1.0, ""RS30S"": 1.0, ""RS50S_degraded"": 1.0, ""mRNA"": 1.0, ""tRNAGlyGCC"": 1.0}",re0000000949_k1,0.0,7.0,2.0,0.0,0.0,0.0,0.0,1.0,0.0,1.0,0.0,0.0,0.0,0.0,0.0,0.0,1.0,0.0,0.0,0.0,0.0,UNRESOLVED_FORMULAS_ABSENT,UNRESOLVED_BOUND_MOIETIES_NOT_ANNOTATED,STOICHIOMETRIC_PROXY_ONLY_NOT_VALIDATED_OSMOTIC_PRESSURE,UNAVAILABLE_CHARGE_PROTONATION_MG_BINDING_ABSENT,dc43bcec367f52105fe8d1ba328e59b064935df5faf8f880e078b212a40183df
re0000000950,termination / ribosome recycling / STATE_TRANSITION,termination / ribosome recycling,Termination_C,Termination_C:re357,EXTRACTED_EXACT_STOICHIOMETRY,STATE_TRANSITION,"{""termRS70SUAA0004_tRNAGlyGCC_RRF_EFG_GDP_PO4"": 1.0}","{""EFG"": 1.0, ""GDP"": 1.0, ""PO4"": 1.0, ""RRF_degraded"": 1.0, ""RS30S"": 1.0, ""RS50S"": 1.0, ""mRNA"": 1.0, ""tRNAGlyGCC"": 1.0}",re0000000950_k1,0.0,7.0,2.0,0.0,0.0,0.0,0.0,1.0,0.0,1.0,0.0,0.0,0.0,0.0,0.0,0.0,1.0,0.0,0.0,0.0,0.0,UNRESOLVED_FORMULAS_ABSENT,UNRESOLVED_BOUND_MOIETIES_NOT_ANNOTATED,STOICHIOMETRIC_PROXY_ONLY_NOT_VALIDATED_OSMOTIC_PRESSURE,UNAVAILABLE_CHARGE_PROTONATION_MG_BINDING_ABSENT,dc43bcec367f52105fe8d1ba328e59b064935df5faf8f880e078b212a40183df
re0000000951,termination / ribosome recycling / STATE_TRANSITION,termination / ribosome recycling,Termination_C,Termination_C:re358,EXTRACTED_EXACT_STOICHIOMETRY,STATE_TRANSITION,"{""termRS70SUAA0004_tRNAGlyGCC_RRF_EFG_GDP_PO4"": 1.0}","{""EFG_degraded"": 1.0, ""GDP"": 1.0, ""PO4"": 1.0, ""RRF"": 1.0, ""RS30S"": 1.0, ""RS50S"": 1.0, ""mRNA"": 1.0, ""tRNAGlyGCC"": 1.0}",re0000000951_k1,0.0,7.0,2.0,0.0,0.0,0.0,0.0,1.0,0.0,1.0,0.0,0.0,0.0,0.0,0.0,0.0,1.0,0.0,0.0,0.0,0.0,UNRESOLVED_FORMULAS_ABSENT,UNRESOLVED_BOUND_MOIETIES_NOT_ANNOTATED,STOICHIOMETRIC_PROXY_ONLY_NOT_VALIDATED_OSMOTIC_PRESSURE,UNAVAILABLE_CHARGE_PROTONATION_MG_BINDING_ABSENT,dc43bcec367f52105fe8d1ba328e59b064935df5faf8f880e078b212a40183df
re0000000952,termination / ribosome recycling / STATE_TRANSITION,termination / ribosome recycling,Termination_C,Termination_C:re359,EXTRACTED_EXACT_STOICHIOMETRY,STATE_TRANSITION,"{""RS50S_tRNAGlyGCC_RRF_EFG_GDP"": 1.0}","{""EFG"": 1.0, ""GDP"": 1.0, ""RRF"": 1.0, ""RS50S"": 1.0, ""tRNAGlyGCC_degraded"": 1.0}",re0000000952_k1,0.0,4.0,1.0,0.0,0.0,0.0,0.0,1.0,0.0,0.0,0.0,0.0,0.0,0.0,0.0,0.0,0.0,0.0,0.0,0.0,0.0,UNRESOLVED_FORMULAS_ABSENT,UNRESOLVED_BOUND_MOIETIES_NOT_ANNOTATED,STOICHIOMETRIC_PROXY_ONLY_NOT_VALIDATED_OSMOTIC_PRESSURE,UNAVAILABLE_CHARGE_PROTONATION_MG_BINDING_ABSENT,dc43bcec367f52105fe8d1ba328e59b064935df5faf8f880e078b212a40183df
re0000000953,termination / ribosome recycling / STATE_TRANSITION,termination / ribosome recycling,Termination_C,Termination_C:re360,EXTRACTED_EXACT_STOICHIOMETRY,STATE_TRANSITION,"{""RS50S_tRNAGlyGCC_RRF_EFG_GDP"": 1.0}","{""EFG"": 1.0, ""GDP"": 1.0, ""RRF"": 1.0, ""RS50S_degraded"": 1.0, ""tRNAGlyGCC"": 1.0}",re0000000953_k1,0.0,4.0,1.0,0.0,0.0,0.0,0.0,1.0,0.0,0.0,0.0,0.0,0.0,0.0,0.0,0.0,1.0,0.0,0.0,0.0,0.0,UNRESOLVED_FORMULAS_ABSENT,UNRESOLVED_BOUND_MOIETIES_NOT_ANNOTATED,STOICHIOMETRIC_PROXY_ONLY_NOT_VALIDATED_OSMOTIC_PRESSURE,UNAVAILABLE_CHARGE_PROTONATION_MG_BINDING_ABSENT,dc43bcec367f52105fe8d1ba328e59b064935df5faf8f880e078b212a40183df
re0000000954,termination / ribosome recycling / STATE_TRANSITION,termination / ribosome recycling,Termination_C,Termination_C:re361,EXTRACTED_EXACT_STOICHIOMETRY,STATE_TRANSITION,"{""RS50S_tRNAGlyGCC_RRF_EFG_GDP"": 1.0}","{""EFG_degraded"": 1.0, ""GDP"": 1.0, ""RRF"": 1.0, ""RS50S"": 1.0, ""tRNAGlyGCC"": 1.0}",re0000000954_k1,0.0,4.0,1.0,0.0,0.0,0.0,0.0,1.0,0.0,0.0,0.0,0.0,0.0,0.0,0.0,0.0,1.0,0.0,0.0,0.0,0.0,UNRESOLVED_FORMULAS_ABSENT,UNRESOLVED_BOUND_MOIETIES_NOT_ANNOTATED,STOICHIOMETRIC_PROXY_ONLY_NOT_VALIDATED_OSMOTIC_PRESSURE,UNAVAILABLE_CHARGE_PROTONATION_MG_BINDING_ABSENT,dc43bcec367f52105fe8d1ba328e59b064935df5faf8f880e078b212a40183df
re0000000955,termination / ribosome recycling / STATE_TRANSITION,termination / ribosome recycling,Termination_C,Termination_C:re362,EXTRACTED_EXACT_STOICHIOMETRY,STATE_TRANSITION,"{""RS50S_tRNAGlyGCC_RRF_EFG_GDP"": 1.0}","{""EFG"": 1.0, ""GDP"": 1.0, ""RRF_degraded"": 1.0, ""RS50S"": 1.0, ""tRNAGlyGCC"": 1.0}",re0000000955_k1,0.0,4.0,1.0,0.0,0.0,0.0,0.0,1.0,0.0,0.0,0.0,0.0,0.0,0.0,0.0,0.0,1.0,0.0,0.0,0.0,0.0,UNRESOLVED_FORMULAS_ABSENT,UNRESOLVED_BOUND_MOIETIES_NOT_ANNOTATED,STOICHIOMETRIC_PROXY_ONLY_NOT_VALIDATED_OSMOTIC_PRESSURE,UNAVAILABLE_CHARGE_PROTONATION_MG_BINDING_ABSENT,dc43bcec367f52105fe8d1ba328e59b064935df5faf8f880e078b212a40183df
re0000000956,termination / ribosome recycling / HETERODIMER_ASSOCIATION,termination / ribosome recycling,Termination_C,Termination_C:re363,EXTRACTED_EXACT_STOICHIOMETRY,HETERODIMER_ASSOCIATION,"{""PO4"": 1.0, ""termRS70SUAA0004_tRNAGlyGCC_RRF_EFG_GDP"": 1.0}","{""termRS70SUAA0004_tRNAGlyGCC_RRF_EFG_GDP_PO4"": 1.0}",re0000000956_k1,0.0,-1.0,-1.0,0.0,0.0,0.0,0.0,0.0,0.0,-1.0,0.0,0.0,0.0,0.0,0.0,0.0,0.0,0.0,0.0,0.0,0.0,UNRESOLVED_FORMULAS_ABSENT,UNRESOLVED_BOUND_MOIETIES_NOT_ANNOTATED,STOICHIOMETRIC_PROXY_ONLY_NOT_VALIDATED_OSMOTIC_PRESSURE,UNAVAILABLE_CHARGE_PROTONATION_MG_BINDING_ABSENT,dc43bcec367f52105fe8d1ba328e59b064935df5faf8f880e078b212a40183df
re0000000957,termination / ribosome recycling / HETERODIMER_ASSOCIATION,termination / ribosome recycling,Termination_C,Termination_C:re364,EXTRACTED_EXACT_STOICHIOMETRY,HETERODIMER_ASSOCIATION,"{""RS50S_tRNAGlyGCC_RRF_EFG_GDP"": 1.0, ""termRS30S_mRNA"": 1.0}","{""termRS70SUAA0004_tRNAGlyGCC_RRF_EFG_GDP"": 1.0}",re0000000957_k1,0.0,-1.0,0,0.0,0.0,0.0,0.0,0.0,0.0,0.0,0.0,0.0,0.0,0.0,0.0,0.0,0.0,0.0,0.0,0.0,0.0,UNRESOLVED_FORMULAS_ABSENT,UNRESOLVED_BOUND_MOIETIES_NOT_ANNOTATED,STOICHIOMETRIC_PROXY_ONLY_NOT_VALIDATED_OSMOTIC_PRESSURE,UNAVAILABLE_CHARGE_PROTONATION_MG_BINDING_ABSENT,dc43bcec367f52105fe8d1ba328e59b064935df5faf8f880e078b212a40183df
re0000000958,termination / ribosome recycling / HETERODIMER_ASSOCIATION,termination / ribosome recycling,Termination_C,Termination_C:re365,EXTRACTED_EXACT_STOICHIOMETRY,HETERODIMER_ASSOCIATION,"{""RRF"": 1.0, ""RS50S_tRNAGlyGCC_EFG_GDP"": 1.0}","{""RS50S_tRNAGlyGCC_RRF_EFG_GDP"": 1.0}",re0000000958_k1,0.0,-1.0,0,0.0,0.0,0.0,0.0,0.0,0.0,0.0,0.0,0.0,0.0,0.0,0.0,0.0,0.0,0.0,0.0,0.0,0.0,UNRESOLVED_FORMULAS_ABSENT,UNRESOLVED_BOUND_MOIETIES_NOT_ANNOTATED,STOICHIOMETRIC_PROXY_ONLY_NOT_VALIDATED_OSMOTIC_PRESSURE,UNAVAILABLE_CHARGE_PROTONATION_MG_BINDING_ABSENT,dc43bcec367f52105fe8d1ba328e59b064935df5faf8f880e078b212a40183df
re0000000959,termination / ribosome recycling / HETERODIMER_ASSOCIATION,termination / ribosome recycling,Termination_C,Termination_C:re366,EXTRACTED_EXACT_STOICHIOMETRY,HETERODIMER_ASSOCIATION,"{""EFG_GDP"": 1.0, ""RS50S_tRNAGlyGCC_RRF"": 1.0}","{""RS50S_tRNAGlyGCC_RRF_EFG_GDP"": 1.0}",re0000000959_k1,0.0,-1.0,0,0.0,0.0,0.0,0.0,0.0,0.0,0.0,0.0,0.0,0.0,0.0,0.0,0.0,0.0,0.0,0.0,0.0,0.0,UNRESOLVED_FORMULAS_ABSENT,UNRESOLVED_BOUND_MOIETIES_NOT_ANNOTATED,STOICHIOMETRIC_PROXY_ONLY_NOT_VALIDATED_OSMOTIC_PRESSURE,UNAVAILABLE_CHARGE_PROTONATION_MG_BINDING_ABSENT,dc43bcec367f52105fe8d1ba328e59b064935df5faf8f880e078b212a40183df
re0000000960,termination / ribosome recycling / HETERODIMER_ASSOCIATION,termination / ribosome recycling,Termination_C,Termination_C:re367,EXTRACTED_EXACT_STOICHIOMETRY,HETERODIMER_ASSOCIATION,"{""RS50S_RRF_EFG_GDP"": 1.0, ""tRNAGlyGCC"": 1.0}","{""RS50S_tRNAGlyGCC_RRF_EFG_GDP"": 1.0}",re0000000960_k1,0.0,-1.0,0,0.0,0.0,0.0,0.0,0.0,0.0,0.0,0.0,0.0,0.0,0.0,0.0,0.0,-1.0,0.0,0.0,0.0,0.0,UNRESOLVED_FORMULAS_ABSENT,UNRESOLVED_BOUND_MOIETIES_NOT_ANNOTATED,STOICHIOMETRIC_PROXY_ONLY_NOT_VALIDATED_OSMOTIC_PRESSURE,UNAVAILABLE_CHARGE_PROTONATION_MG_BINDING_ABSENT,dc43bcec367f52105fe8d1ba328e59b064935df5faf8f880e078b212a40183df
re0000000961,termination / ribosome recycling / HETERODIMER_ASSOCIATION,termination / ribosome recycling,Termination_C,Termination_C:re368,EXTRACTED_EXACT_STOICHIOMETRY,HETERODIMER_ASSOCIATION,"{""EFG_GDP"": 1.0, ""RS50S_tRNAGlyGCC"": 1.0}","{""RS50S_tRNAGlyGCC_EFG_GDP"": 1.0}",re0000000961_k1,0.0,-1.0,0,0.0,0.0,0.0,0.0,0.0,0.0,0.0,0.0,0.0,0.0,0.0,0.0,0.0,0.0,0.0,0.0,0.0,0.0,UNRESOLVED_FORMULAS_ABSENT,UNRESOLVED_BOUND_MOIETIES_NOT_ANNOTATED,STOICHIOMETRIC_PROXY_ONLY_NOT_VALIDATED_OSMOTIC_PRESSURE,UNAVAILABLE_CHARGE_PROTONATION_MG_BINDING_ABSENT,dc43bcec367f52105fe8d1ba328e59b064935df5faf8f880e078b212a40183df
re0000000962,termination / ribosome recycling / HETERODIMER_ASSOCIATION,termination / ribosome recycling,Termination_C,Termination_C:re369,EXTRACTED_EXACT_STOICHIOMETRY,HETERODIMER_ASSOCIATION,"{""RRF"": 1.0, ""RS50S_tRNAGlyGCC"": 1.0}","{""RS50S_tRNAGlyGCC_RRF"": 1.0}",re0000000962_k1,0.0,-1.0,0,0.0,0.0,0.0,0.0,0.0,0.0,0.0,0.0,0.0,0.0,0.0,0.0,0.0,0.0,0.0,0.0,0.0,0.0,UNRESOLVED_FORMULAS_ABSENT,UNRESOLVED_BOUND_MOIETIES_NOT_ANNOTATED,STOICHIOMETRIC_PROXY_ONLY_NOT_VALIDATED_OSMOTIC_PRESSURE,UNAVAILABLE_CHARGE_PROTONATION_MG_BINDING_ABSENT,dc43bcec367f52105fe8d1ba328e59b064935df5faf8f880e078b212a40183df
re0000000963,termination / ribosome recycling / HETERODIMER_ASSOCIATION,termination / ribosome recycling,Termination_C,Termination_C:re370,EXTRACTED_EXACT_STOICHIOMETRY,HETERODIMER_ASSOCIATION,"{""RS50S_EFG_GDP"": 1.0, ""tRNAGlyGCC"": 1.0}","{""RS50S_tRNAGlyGCC_EFG_GDP"": 1.0}",re0000000963_k1,0.0,-1.0,0,0.0,0.0,0.0,0.0,0.0,0.0,0.0,0.0,0.0,0.0,0.0,0.0,0.0,-1.0,0.0,0.0,0.0,0.0,UNRESOLVED_FORMULAS_ABSENT,UNRESOLVED_BOUND_MOIETIES_NOT_ANNOTATED,STOICHIOMETRIC_PROXY_ONLY_NOT_VALIDATED_OSMOTIC_PRESSURE,UNAVAILABLE_CHARGE_PROTONATION_MG_BINDING_ABSENT,dc43bcec367f52105fe8d1ba328e59b064935df5faf8f880e078b212a40183df
re0000000964,termination / ribosome recycling / HETERODIMER_ASSOCIATION,termination / ribosome recycling,Termination_C,Termination_C:re371,EXTRACTED_EXACT_STOICHIOMETRY,HETERODIMER_ASSOCIATION,"{""RRF"": 1.0, ""RS50S_EFG_GDP"": 1.0}","{""RS50S_RRF_EFG_GDP"": 1.0}",re0000000964_k1,0.0,-1.0,0,0.0,0.0,0.0,0.0,0.0,0.0,0.0,0.0,0.0,0.0,0.0,0.0,0.0,0.0,0.0,0.0,0.0,0.0,UNRESOLVED_FORMULAS_ABSENT,UNRESOLVED_BOUND_MOIETIES_NOT_ANNOTATED,STOICHIOMETRIC_PROXY_ONLY_NOT_VALIDATED_OSMOTIC_PRESSURE,UNAVAILABLE_CHARGE_PROTONATION_MG_BINDING_ABSENT,dc43bcec367f52105fe8d1ba328e59b064935df5faf8f880e078b212a40183df
re0000000965,termination / ribosome recycling / HETERODIMER_ASSOCIATION,termination / ribosome recycling,Termination_C,Termination_C:re372,EXTRACTED_EXACT_STOICHIOMETRY,HETERODIMER_ASSOCIATION,"{""RS50S_RRF"": 1.0, ""tRNAGlyGCC"": 1.0}","{""RS50S_tRNAGlyGCC_RRF"": 1.0}",re0000000965_k1,0.0,-1.0,0,0.0,0.0,0.0,0.0,0.0,0.0,0.0,0.0,0.0,0.0,0.0,0.0,0.0,-1.0,0.0,0.0,0.0,0.0,UNRESOLVED_FORMULAS_ABSENT,UNRESOLVED_BOUND_MOIETIES_NOT_ANNOTATED,STOICHIOMETRIC_PROXY_ONLY_NOT_VALIDATED_OSMOTIC_PRESSURE,UNAVAILABLE_CHARGE_PROTONATION_MG_BINDING_ABSENT,dc43bcec367f52105fe8d1ba328e59b064935df5faf8f880e078b212a40183df
re0000000966,termination / ribosome recycling / HETERODIMER_ASSOCIATION,termination / ribosome recycling,Termination_C,Termination_C:re373,EXTRACTED_EXACT_STOICHIOMETRY,HETERODIMER_ASSOCIATION,"{""EFG_GDP"": 1.0, ""RS50S_RRF"": 1.0}","{""RS50S_RRF_EFG_GDP"": 1.0}",re0000000966_k1,0.0,-1.0,0,0.0,0.0,0.0,0.0,0.0,0.0,0.0,0.0,0.0,0.0,0.0,0.0,0.0,0.0,0.0,0.0,0.0,0.0,UNRESOLVED_FORMULAS_ABSENT,UNRESOLVED_BOUND_MOIETIES_NOT_ANNOTATED,STOICHIOMETRIC_PROXY_ONLY_NOT_VALIDATED_OSMOTIC_PRESSURE,UNAVAILABLE_CHARGE_PROTONATION_MG_BINDING_ABSENT,dc43bcec367f52105fe8d1ba328e59b064935df5faf8f880e078b212a40183df
re0000000967,termination / ribosome recycling / HETERODIMER_ASSOCIATION,termination / ribosome recycling,Termination_C,Termination_C:re374,EXTRACTED_EXACT_STOICHIOMETRY,HETERODIMER_ASSOCIATION,"{""RS50S"": 1.0, ""tRNAGlyGCC"": 1.0}","{""RS50S_tRNAGlyGCC"": 1.0}",re0000000967_k1,0.0,-1.0,0,0.0,0.0,0.0,0.0,0.0,0.0,0.0,0.0,0.0,0.0,0.0,0.0,0.0,-1.0,0.0,0.0,0.0,0.0,UNRESOLVED_FORMULAS_ABSENT,UNRESOLVED_BOUND_MOIETIES_NOT_ANNOTATED,STOICHIOMETRIC_PROXY_ONLY_NOT_VALIDATED_OSMOTIC_PRESSURE,UNAVAILABLE_CHARGE_PROTONATION_MG_BINDING_ABSENT,dc43bcec367f52105fe8d1ba328e59b064935df5faf8f880e078b212a40183df
re0000000968,termination / ribosome recycling / HETERODIMER_ASSOCIATION,termination / ribosome recycling,Termination_C,Termination_C:re376,EXTRACTED_EXACT_STOICHIOMETRY,HETERODIMER_ASSOCIATION,"{""RRF"": 1.0, ""RS50S"": 1.0}","{""RS50S_RRF"": 1.0}",re0000000968_k1,0.0,-1.0,0,0.0,0.0,0.0,0.0,0.0,0.0,0.0,0.0,0.0,0.0,0.0,0.0,0.0,0.0,0.0,0.0,0.0,0.0,UNRESOLVED_FORMULAS_ABSENT,UNRESOLVED_BOUND_MOIETIES_NOT_ANNOTATED,STOICHIOMETRIC_PROXY_ONLY_NOT_VALIDATED_OSMOTIC_PRESSURE,UNAVAILABLE_CHARGE_PROTONATION_MG_BINDING_ABSENT,dc43bcec367f52105fe8d1ba328e59b064935df5faf8f880e078b212a40183df
