condition,sample_index,time_s,species,actual_lag_uM,predicted_lag_uM,h0_uM,q_full_uM,scale_uM
R3_METRS_LOW,0,0.0,GlyRS_AMP_GlytRNAGlyGCC,-1.7254227605292712e-25,6.952165739277385e-19,1.7254227605292712e-25,0.0,0.0012863532259807505
R3_METRS_LOW,0,0.0,GlyRS_ATP,-0.001351189053447402,-0.00039749996255074543,0.001351189053447402,0.0,0.20486991818501493
R3_METRS_LOW,0,0.0,GlyRS_ATP_tRNAGlyGCC,-0.011996989932634062,-0.0003439039579694516,0.011996989932634062,0.0,0.07469084085177953
R3_METRS_LOW,0,0.0,GlyRS_Gly,-0.0027355210025120863,-5.733664765966666e-05,0.0027355210025120863,0.0,0.012912911384911671
R3_METRS_LOW,0,0.0,GlyRS_GlyAMP_PPi,-0.0003004619108422442,-2.002220873219451e-05,0.0003004619108422442,0.0,0.001804625485851243
R3_METRS_LOW,0,0.0,GlyRS_Gly_ATP,-0.022642773134754365,-0.0002838637985709361,0.022642773134754365,0.0,0.0733527650100738
R3_METRS_LOW,0,0.0,GlyRS_Gly_ATP_tRNAGlyGCC,-0.2748111321377361,0.0012582938874236684,0.2748111321377361,0.0,0.26907914707382335
R3_METRS_LOW,0,0.0,GlyRS_Gly_tRNAGlyGCC,-0.03301652680233222,3.212954424791458e-05,0.03301652680233222,0.0,0.032399853671165664
R3_METRS_LOW,0,0.0,GlyRS_tRNAGlyGCC,-0.0028146689122733807,-7.967960933835968e-05,0.0028146689122733807,0.0,0.015802479111102753
R3_METRS_LOW,1,0.0001,GlyRS_AMP_GlytRNAGlyGCC,-2.336507963234481e-09,-6.816538645094594e-08,2.3987712725877345e-09,6.226330935325321e-11,0.0012863532259807505
R3_METRS_LOW,1,0.0001,GlyRS_ATP,0.20351960910998892,-0.0004116368759839975,0.0013503090750260208,0.20486991818501493,0.20486991818501493
R3_METRS_LOW,1,0.0001,GlyRS_ATP_tRNAGlyGCC,0.016885448929105967,-0.00037429125964643056,0.011992214230631484,0.02887766315973745,0.07469084085177953
R3_METRS_LOW,1,0.0001,GlyRS_Gly,0.010172723049550797,-4.8894646037263734e-05,0.0027401883353608742,0.012912911384911671,0.012912911384911671
R3_METRS_LOW,1,0.0001,GlyRS_GlyAMP_PPi,-0.0002346217591470978,-2.1808800065920746e-05,0.0003005446627399216,6.592290359282384e-05,0.001804625485851243
R3_METRS_LOW,1,0.0001,GlyRS_Gly_ATP,0.02130548737292874,-0.0002829379344575041,0.022638044416586622,0.043943531789515364,0.0733527650100738
R3_METRS_LOW,1,0.0001,GlyRS_Gly_ATP_tRNAGlyGCC,-0.2685508917980746,0.0011973446304608473,0.2747507003731468,0.006199808575072168,0.26907914707382335
R3_METRS_LOW,1,0.0001,GlyRS_Gly_tRNAGlyGCC,-0.03125186802374158,0.0001307353426618757,0.03307238334661524,0.0018205153228736588,0.032399853671165664
R3_METRS_LOW,1,0.0001,GlyRS_tRNAGlyGCC,0.003519293053222085,-7.799832991768603e-05,0.0028189358100034153,0.0063382288632255,0.015802479111102753
R3_METRS_LOW,2,0.00010843659686896097,GlyRS_AMP_GlytRNAGlyGCC,-3.2143798442140124e-09,-8.56998475236202e-08,3.308136284462608e-09,9.375644024859563e-11,0.0012863532259807505
R3_METRS_LOW,2,0.00010843659686896097,GlyRS_ATP,0.19999622747974138,-0.0004116394738403299,0.001350301608101656,0.20134652908784303,0.20486991818501493
R3_METRS_LOW,2,0.00010843659686896097,GlyRS_ATP_tRNAGlyGCC,0.018926811561522594,-0.0003743054257459599,0.01199215769450232,0.030918969256024914,0.07469084085177953
R3_METRS_LOW,2,0.00010843659686896097,GlyRS_Gly,0.009894035210815286,-4.8888377835667115e-05,0.0027401819014650514,0.012634217112280337,0.012912911384911671
R3_METRS_LOW,2,0.00010843659686896097,GlyRS_GlyAMP_PPi,-0.00022503761987030182,-2.1792088302394125e-05,0.000300580606756624,7.554298688632218e-05,0.001804625485851243
R3_METRS_LOW,2,0.00010843659686896097,GlyRS_Gly_ATP,0.023139814117617914,-0.0002829348833235298,0.022637941060235794,0.04577775517785371,0.0733527650100738
R3_METRS_LOW,2,0.00010843659686896097,GlyRS_Gly_ATP_tRNAGlyGCC,-0.2677127159995893,0.0011972846156815633,0.27474947647037196,0.007036760470782688,0.26907914707382335
R3_METRS_LOW,2,0.00010843659686896097,GlyRS_Gly_tRNAGlyGCC,-0.031131715920578482,0.00013080094497075416,0.03307230954138006,0.0019405936208015768,0.032399853671165664
R3_METRS_LOW,2,0.00010843659686896097,GlyRS_tRNAGlyGCC,0.003871991950724036,-7.799586858204398e-05,0.002818928812223436,0.006690920762947472,0.015802479111102753
R3_METRS_LOW,3,0.0001175849554052157,GlyRS_AMP_GlytRNAGlyGCC,-4.4041675710152065e-09,-1.0732132892162469e-07,4.544803449434433e-09,1.4063587841922703e-10,0.0012863532259807505
R3_METRS_LOW,3,0.0001175849554052157,GlyRS_ATP,0.1960739264234694,-0.00041163755847195473,0.0013502928341047476,0.19742421925757417,0.20486991818501493
R3_METRS_LOW,3,0.0001175849554052157,GlyRS_ATP_tRNAGlyGCC,0.021048565354844798,-0.0003743120187351918,0.011992090193633469,0.033040655548478265,0.07469084085177953
R3_METRS_LOW,3,0.0001175849554052157,GlyRS_Gly,0.009681897024887174,-4.888375145385364e-05,0.0027401713463195646,0.012422068371206739,0.012912911384911671
R3_METRS_LOW,3,0.0001175849554052157,GlyRS_GlyAMP_PPi,-0.00021437776136007167,-2.177079883632125e-05,0.00030062494205465373,8.624718069458206e-05,0.001804625485851243
R3_METRS_LOW,3,0.0001175849554052157,GlyRS_Gly_ATP,0.024948865368739654,-0.0002829313848606534,0.022637815461293138,0.04758668083003279,0.0733527650100738
R3_METRS_LOW,3,0.0001175849554052157,GlyRS_Gly_ATP_tRNAGlyGCC,-0.2667751688483255,0.0011972336464744905,0.27474799147666135,0.00797282262833587,0.26907914707382335
R3_METRS_LOW,3,0.0001175849554052157,GlyRS_Gly_tRNAGlyGCC,-0.030992636697293987,0.0001308452999326993,0.03307218716318514,0.0020795504658911554,0.032399853671165664
R3_METRS_LOW,3,0.0001175849554052157,GlyRS_tRNAGlyGCC,0.00426031709861808,-7.799350976594277e-05,0.0028189177775300727,0.007079234876148153,0.015802479111102753
R3_METRS_LOW,4,0.00012750512407130128,GlyRS_AMP_GlytRNAGlyGCC,-6.0098229850500426e-09,-1.338771099675478e-07,6.219958546776006e-09,2.1013556172596395e-10,0.0012863532259807505
R3_METRS_LOW,4,0.00012750512407130128,GlyRS_ATP,0.19178577240683464,-0.0004116317003337283,0.0013502823623950963,0.19313605476922974,0.20486991818501493
R3_METRS_LOW,4,0.00012750512407130128,GlyRS_ATP_tRNAGlyGCC,0.023250238187643383,-0.0003743126723186365,0.011992008773267223,0.035242246960910606,0.07469084085177953
R3_METRS_LOW,4,0.00012750512407130128,GlyRS_Gly,0.009529742156306543,-4.88801963506146e-05,0.002740156387630945,0.012269898543937488,0.012912911384911671
R3_METRS_LOW,4,0.00012750512407130128,GlyRS_GlyAMP_PPi,-0.00020256059034512176,-2.1744180320715405e-05,0.0003006794043842179,9.811881403909611e-05,0.001804625485851243
R3_METRS_LOW,4,0.00012750512407130128,GlyRS_Gly_ATP,0.02674029646104155,-0.00028292725717629673,0.022637662264028642,0.04937795872507019,0.0733527650100738
R3_METRS_LOW,4,0.00012750512407130128,GlyRS_Gly_ATP_tRNAGlyGCC,-0.26572515171562966,0.0011971868955623296,0.2747461818211172,0.009021030105487557,0.26907914707382335
R3_METRS_LOW,4,0.00012750512407130128,GlyRS_Gly_tRNAGlyGCC,-0.030832294563763483,0.00013087466723389564,0.033072012984067006,0.002239718420303523,0.032399853671165664
R3_METRS_LOW,4,0.00012750512407130128,GlyRS_tRNAGlyGCC,0.004681439130359882,-7.799107881363444e-05,0.0028189023898006144,0.007500341520160496,0.015802479111102753
R3_METRS_LOW,5,0.00013826221737646565,GlyRS_AMP_GlytRNAGlyGCC,-8.167534060628226e-09,-1.6636832431099763e-07,8.480285539031553e-09,3.1275147840332755e-10,0.0012863532259807505
R3_METRS_LOW,5,0.00013826221737646565,GlyRS_ATP,0.18715921085729212,-0.0004116221655877866,0.0013502697534973232,0.18850948061078945,0.20486991818501493
R3_METRS_LOW,5,0.00013826221737646565,GlyRS_ATP_tRNAGlyGCC,0.02553005174984505,-0.00037430845521217206,0.011991910045974895,0.037521961795819944,0.07469084085177953
R3_METRS_LOW,5,0.00013826221737646565,GlyRS_Gly,0.009428700210837245,-4.887728113912181e-05,0.002740136538463878,0.012168836749301123,0.012912911384911671
R3_METRS_LOW,5,0.00013826221737646565,GlyRS_GlyAMP_PPi,-0.00018950066809645327,-2.171128912657931e-05,0.00030074605015779194,0.00011124538206133866,0.001804625485851243
R3_METRS_LOW,5,0.00013826221737646565,GlyRS_Gly_ATP,0.02852173079951811,-0.0002829223063615309,0.022637475205128706,0.051159206004646816,0.0733527650100738
R3_METRS_LOW,5,0.00013826221737646565,GlyRS_Gly_ATP_tRNAGlyGCC,-0.264547578668525,0.0011971404268546586,0.2747439732682204,0.010196394599695423,0.26907914707382335
R3_METRS_LOW,5,0.00013826221737646565,GlyRS_Gly_tRNAGlyGCC,-0.030648623788021266,0.0001308935971984048,0.03307178135307931,0.002423157565058045,0.032399853671165664
R3_METRS_LOW,5,0.00013826221737646565,GlyRS_tRNAGlyGCC,0.0051320223472079525,-7.798842052081394e-05,0.002818882134114916,0.007950904481322869,0.015802479111102753
R3_METRS_LOW,6,0.00014992684327860457,GlyRS_AMP_GlytRNAGlyGCC,-1.1054949269232447e-08,-2.0597390311005127e-07,1.1518597886659027e-08,4.6364861742657985e-10,0.0012863532259807505
R3_METRS_LOW,6,0.00014992684327860457,GlyRS_ATP,0.18221622370602228,-0.0004116089465760561,0.0013502545049891837,0.18356647821101146,0.20486991818501493
R3_METRS_LOW,6,0.00014992684327860457,GlyRS_ATP_tRNAGlyGCC,0.02788448965700506,-0.0003742999497662865,0.011991790084604326,0.039876279741609386,0.07469084085177953
R3_METRS_LOW,6,0.00014992684327860457,GlyRS_Gly,0.009368628214527443,-4.8874687737459965e-05,0.002740111100793901,0.012108739315321344,0.012912911384911671
R3_METRS_LOW,6,0.00014992684327860457,GlyRS_GlyAMP_PPi,-0.0001751091025240828,-2.1670968953860853e-05,0.0003008273075076678,0.00012571820498358502,0.001804625485851243
R3_METRS_LOW,6,0.00014992684327860457,GlyRS_Gly_ATP,0.030299537495073477,-0.00028291631917160643,0.022637246923384036,0.05293678441845751,0.0733527650100738
R3_METRS_LOW,6,0.00014992684327860457,GlyRS_Gly_ATP_tRNAGlyGCC,-0.26322530453871673,0.0011970909839638733,0.27474127864090553,0.011515974102188785,0.26907914707382335
R3_METRS_LOW,6,0.00014992684327860457,GlyRS_Gly_tRNAGlyGCC,-0.030439811693226668,0.00013090521844153166,0.0330714841225161,0.002631672429289431,0.032399853671165664
R3_METRS_LOW,6,0.00014992684327860457,GlyRS_tRNAGlyGCC,0.0056084167013794655,-7.798539192755339e-05,0.0028188562887120254,0.008427272990091491,0.015802479111102753
R3_METRS_LOW,7,0.00016257556664437935,GlyRS_AMP_GlytRNAGlyGCC,-1.4902801889879167e-08,-2.5407716203317334e-07,1.558744876331729e-08,6.846468734381212e-10,0.0012863532259807505
R3_METRS_LOW,7,0.00016257556664437935,GlyRS_ATP,0.1769740978905469,-0.0004115917943812887,0.0013502360353593403,0.17832433392590624,0.20486991818501493
R3_METRS_LOW,7,0.00016257556664437935,GlyRS_ATP_tRNAGlyGCC,0.03030789776027329,-0.0003742873369586839,0.011991644299182638,0.04229954205945593,0.07469084085177953
R3_METRS_LOW,7,0.00016257556664437935,GlyRS_Gly,0.009339098099668462,-4.88721831602838e-05,0.0027400791572276648,0.012079177256896126,0.012912911384911671
R3_METRS_LOW,7,0.00016257556664437935,GlyRS_GlyAMP_PPi,-0.00015929452905936604,-2.162182780384138e-05,0.0003009260334152315,0.00014163150435586545,0.001804625485851243
R3_METRS_LOW,7,0.00016257556664437935,GlyRS_Gly_ATP,0.032077725941776374,-0.0002829090546907931,0.022636968740351336,0.05471469468212771,0.0733527650100738
R3_METRS_LOW,7,0.00016257556664437935,GlyRS_Gly_ATP_tRNAGlyGCC,-0.2617391090514522,0.0011970357578868337,0.27473799519430886,0.012998886142856683,0.26907914707382335
R3_METRS_LOW,7,0.00016257556664437935,GlyRS_Gly_tRNAGlyGCC,-0.030204233347837915,0.0001309115508728118,0.033071110552392764,0.00286687720455485,0.032399853671165664
R3_METRS_LOW,7,0.00016257556664437935,GlyRS_tRNAGlyGCC,0.006106799663569584,-7.798185434900076e-05,0.0028188239149113735,0.008925623578480958,0.015802479111102753
R3_METRS_LOW,8,0.0001762914118095948,GlyRS_AMP_GlytRNAGlyGCC,-2.000947544955378e-08,-3.122947986719738e-07,2.101648776452344e-08,1.0070123149696593e-09,0.0012863532259807505
R3_METRS_LOW,8,0.0001762914118095948,GlyRS_ATP,0.17144663218062384,-0.000411570247597755,0.0013502136661363087,0.17279684584676014,0.20486991818501493
R3_METRS_LOW,8,0.0001762914118095948,GlyRS_ATP_tRNAGlyGCC,0.032792138185632244,-0.0003742704753625829,0.01199146729884772,0.04478360548447996,0.07469084085177953
R3_METRS_LOW,8,0.0001762914118095948,GlyRS_Gly,0.009330211648171776,-4.886959245246481e-05,0.002740039558294032,0.012070251206465809,0.012912911384911671
R3_METRS_LOW,8,0.0001762914118095948,GlyRS_GlyAMP_PPi,-0.00014196483666251698,-2.1562211675411318e-05,0.0003010455766188664,0.00015908073995634945,0.001804625485851243
R3_METRS_LOW,8,0.0001762914118095948,GlyRS_Gly_ATP,0.033857067803868504,-0.0002829002352247697,0.02263663041194298,0.05649369821581148,0.0733527650100738
R3_METRS_LOW,8,0.0001762914118095948,GlyRS_Gly_ATP_tRNAGlyGCC,-0.2600677287572416,0.0011969721594177328,0.27473400164037276,0.01466627288313116,0.26907914707382335
R3_METRS_LOW,8,0.0001762914118095948,GlyRS_Gly_tRNAGlyGCC,-0.02994035201761044,0.0001309138028465728,0.033070647161982755,0.003130295144372314,0.032399853671165664
R3_METRS_LOW,8,0.0001762914118095948,GlyRS_tRNAGlyGCC,0.006623250316359511,-7.797766539298641e-05,0.0028187838425855717,0.009442034158945083,0.015802479111102753
R3_METRS_LOW,9,0.00019116440753857018,GlyRS_AMP_GlytRNAGlyGCC,-2.6759137456747686e-08,-3.8250778352652966e-07,2.8234501018042964e-08,1.475363561295279e-09,0.0012863532259807505
R3_METRS_LOW,9,0.00019116440753857018,GlyRS_ATP,0.16564558065430715,-0.00041154365319810417,0.0013501866025104389,0.16699576725681758,0.20486991818501493
R3_METRS_LOW,9,0.00019116440753857018,GlyRS_ATP_tRNAGlyGCC,0.035326307848653524,-0.0003742489653455553,0.011991252739593526,0.04731756058824705,0.07469084085177953
R3_METRS_LOW,9,0.00019116440753857018,GlyRS_Gly,0.009333157905280295,-4.886677524811676e-05,0.00273999090348148,0.012073148808761775,0.012912911384911671
R3_METRS_LOW,9,0.00019116440753857018,GlyRS_GlyAMP_PPi,-0.00012302976670059277,-2.1490174836270877e-05,0.0003011898454609666,0.0001781600787603738,0.001804625485851243
R3_METRS_LOW,9,0.00019116440753857018,GlyRS_Gly_ATP,0.0356345118755117,-0.00028288953658250194,0.022636219851020357,0.058270731726532056,0.0733527650100738
R3_METRS_LOW,9,0.00019116440753857018,GlyRS_Gly_ATP_tRNAGlyGCC,-0.25818792522077194,0.0011968976144807243,0.2747291548240048,0.016541229603232847,0.26907914707382335
R3_METRS_LOW,9,0.00019116440753857018,GlyRS_Gly_tRNAGlyGCC,-0.029646606234721866,0.00013091262324897634,0.0330700775063971,0.0034234712716752344,0.032399853671165664
R3_METRS_LOW,9,0.00019116440753857018,GlyRS_tRNAGlyGCC,0.00715375260518448,-7.797267150505819e-05,0.0028187346494830336,0.009972487254667513,0.015802479111102753
R3_METRS_LOW,10,0.0002072921779595372,GlyRS_AMP_GlytRNAGlyGCC,-3.564415027211186e-08,-4.668932555191895e-07,3.7797264781768935e-08,2.153114509657076e-09,0.0012863532259807505
R3_METRS_LOW,10,0.0002072921779595372,GlyRS_ATP,0.15958214091327713,-0.0004115111775563985,0.0013501539126065363,0.16093229482588367,0.20486991818501493
R3_METRS_LOW,10,0.0002072921779595372,GlyRS_ATP_tRNAGlyGCC,0.03789652229570753,-0.0003742221942379789,0.011990993158387161,0.04988751545409469,0.07469084085177953
R3_METRS_LOW,10,0.0002072921779595372,GlyRS_Gly,0.009340485397481557,-4.8863607192560984e-05,0.002739931515167938,0.012080416912649494,0.012912911384911671
R3_METRS_LOW,10,0.0002072921779595372,GlyRS_GlyAMP_PPi,-0.00010240447632098705,-2.1403447143865403e-05,0.0003013633791157734,0.00019895890279478636,0.001804625485851243
R3_METRS_LOW,10,0.0002072921779595372,GlyRS_Gly_ATP,0.037402903998199,-0.00028287657781245326,0.022635722821430868,0.06003862681962987,0.0733527650100738
R3_METRS_LOW,10,0.0002072921779595372,GlyRS_Gly_ATP_tRNAGlyGCC,-0.25607457962370117,0.001196809391564708,0.27472328605442087,0.018648706430719704,0.26907914707382335
R3_METRS_LOW,10,0.0002072921779595372,GlyRS_Gly_tRNAGlyGCC,-0.029321306156223297,0.00013090829400333877,0.03306938186770016,0.003748075711476862,0.032399853671165664
R3_METRS_LOW,10,0.0002072921779595372,GlyRS_tRNAGlyGCC,0.007694138551135772,-7.796670132875164e-05,0.002818674633596776,0.010512813184732548,0.015802479111102753
R3_METRS_LOW,11,0.00022478058335487252,GlyRS_AMP_GlytRNAGlyGCC,-4.7292534130609935e-08,-5.679560595757345e-07,5.042255663380878e-08,3.1300225031988463e-09,0.0012863532259807505
R3_METRS_LOW,11,0.00022478058335487252,GlyRS_ATP,0.15326833555321587,-0.0004114718077289553,0.0013501145055315566,0.15461845005874741,0.20486991818501493
R3_METRS_LOW,11,0.00022478058335487252,GlyRS_ATP_tRNAGlyGCC,0.04048575964800575,-0.0003741893623773163,0.011990679794271639,0.05247643944227739,0.07469084085177953
R3_METRS_LOW,11,0.00022478058335487252,GlyRS_Gly,0.00934611759824991,-4.885996631915354e-05,0.0027398594055478456,0.012085977003797757,0.012912911384911671
R3_METRS_LOW,11,0.00022478058335487252,GlyRS_GlyAMP_PPi,-8.00141211756639e-05,-2.1299399591375848e-05,0.00030157141972315905,0.00022155729854749515,0.001804625485851243
R3_METRS_LOW,11,0.00022478058335487252,GlyRS_Gly_ATP,0.039150976372661406,-0.00028286091037779096,0.022635122604792998,0.0617860989774544,0.0733527650100738
R3_METRS_LOW,11,0.00022478058335487252,GlyRS_Gly_ATP_tRNAGlyGCC,-0.2537008106165138,0.0011967044622307082,0.2747161971042726,0.02101538648775879,0.26907914707382335
R3_METRS_LOW,11,0.00022478058335487252,GlyRS_Gly_tRNAGlyGCC,-0.028962558292324598,0.00013090086202611098,0.033068536861418356,0.004105978569093757,0.032399853671165664
R3_METRS_LOW,11,0.00022478058335487252,GlyRS_tRNAGlyGCC,0.008239992032565376,-7.795955994315893e-05,0.0028186017786662756,0.011058593811231652,0.015802479111102753
R3_METRS_LOW,12,0.00024374441501222218,GlyRS_AMP_GlytRNAGlyGCC,-6.250129118751162e-08,-6.885579754047905e-07,6.703389627023286e-08,4.532605082721235e-09,0.0012863532259807505
R3_METRS_LOW,12,0.00024374441501222218,GlyRS_ATP,0.14671819135629524,-0.0004114243446106089,0.0013500671083682375,0.14806825846466348,0.20486991818501493
R3_METRS_LOW,12,0.00024374441501222218,GlyRS_ATP_tRNAGlyGCC,0.04307375874165735,-0.00037414949293976247,0.011990302397630232,0.05506406113928758,0.07469084085177953
R3_METRS_LOW,12,0.00024374441501222218,GlyRS_Gly,0.009345181098584676,-4.8855723669039914e-05,0.002739772237465786,0.012084953336050462,0.012912911384911671
R3_METRS_LOW,12,0.00024374441501222218,GlyRS_GlyAMP_PPi,-5.5799479398782755e-05,-2.1175009994598102e-05,0.0003018199818085119,0.00024602050240972917,0.001804625485851243
R3_METRS_LOW,12,0.00024374441501222218,GlyRS_Gly_ATP,0.04086353985998509,-0.0002828420067179284,0.022634399642959126,0.06349793950294422,0.0733527650100738
R3_METRS_LOW,12,0.00024374441501222218,GlyRS_Gly_ATP_tRNAGlyGCC,-0.2510381222707485,0.0011965793900318193,0.27470765590724006,0.02366953363649157,0.26907914707382335
R3_METRS_LOW,12,0.00024374441501222218,GlyRS_Gly_tRNAGlyGCC,-0.02856823002709702,0.00013089021925297723,0.03306751496878921,0.0044992849416921905,0.032399853671165664
R3_METRS_LOW,12,0.00024374441501222218,GlyRS_tRNAGlyGCC,0.008786537639491542,-7.795102389366148e-05,0.002818513713655165,0.011605051353146706,0.015802479111102753
R3_METRS_LOW,13,0.00026430814869741055,GlyRS_AMP_GlytRNAGlyGCC,-8.227637687878361e-08,-8.319419702965795e-07,8.881481702701384e-08,6.5384401482302314e-09,0.0012863532259807505
R3_METRS_LOW,13,0.00026430814869741055,GlyRS_ATP,0.13994867561519472,-0.0004113673904376247,0.0013500102424307782,0.1412986858576255,0.20486991818501493
R3_METRS_LOW,13,0.00026430814869741055,GlyRS_ATP_tRNAGlyGCC,0.045636970003933366,-0.0003741014300146221,0.011989849029976886,0.05762681903391025,0.07469084085177953
R3_METRS_LOW,13,0.00026430814869741055,GlyRS_Gly,0.009333733654989771,-4.885073706702037e-05,0.00273966728067556,0.012073400935665331,0.012912911384911671
R3_METRS_LOW,13,0.00026430814869741055,GlyRS_GlyAMP_PPi,-2.9723609391108863e-05,-2.1026831513837397e-05,0.00030211591396308435,0.0002723923045719755,0.001804625485851243
R3_METRS_LOW,13,0.00026430814869741055,GlyRS_Gly_ATP,0.04252180505497606,-0.00028281924816169385,0.022633531161650903,0.06515533621662696,0.0733527650100738
R3_METRS_LOW,13,0.00026430814869741055,GlyRS_Gly_ATP_tRNAGlyGCC,-0.2480565995897109,0.0011964302407926773,0.27469739201416077,0.02664079242444986,0.26907914707382335
R3_METRS_LOW,13,0.00026430814869741055,GlyRS_Gly_tRNAGlyGCC,-0.028135956285284126,0.00013087614396777616,0.03306628401222517,0.0049303277269410395,0.032399853671165664
R3_METRS_LOW,13,0.00026430814869741055,GlyRS_tRNAGlyGCC,0.009328537295664031,-7.794083688458282e-05,0.002818407667632561,0.012146944963296592,0.015802479111102753
R3_METRS_LOW,14,0.000286606761694825,GlyRS_AMP_GlytRNAGlyGCC,-1.0787999248782387e-07,-1.0017479566963115e-06,1.1727567874370253e-07,9.395686255878655e-09,0.0012863532259807505
R3_METRS_LOW,14,0.000286606761694825,GlyRS_ATP,0.1329803902023902,-0.0004112993334014445,0.0013499421993366646,0.13433033240172684,0.20486991818501493
R3_METRS_LOW,14,0.000286606761694825,GlyRS_ATP_tRNAGlyGCC,0.04814856534294103,-0.0003740438296670309,0.011989305858483774,0.0601378712014248,0.07469084085177953
R3_METRS_LOW,14,0.000286606761694825,GlyRS_Gly,0.009308473562695988,-4.884484696384804e-05,0.002739541365507963,0.012048014928203952,0.012912911384911671
R3_METRS_LOW,14,0.000286606761694825,GlyRS_GlyAMP_PPi,-1.7795026124506667e-06,-2.0850967546313202e-05,0.0003024669460677496,0.00030068744345529896,0.001804625485851243
R3_METRS_LOW,14,0.000286606761694825,GlyRS_Gly_ATP,0.04410377132878351,-0.00028279191222882726,0.022632490784362518,0.06673626211314602,0.0733527650100738
R3_METRS_LOW,14,0.000286606761694825,GlyRS_Gly_ATP_tRNAGlyGCC,-0.2447251773723107,0.0011962525076379285,0.27468509190969737,0.029959914537386667,0.26907914707382335
R3_METRS_LOW,14,0.000286606761694825,GlyRS_Gly_tRNAGlyGCC,-0.027663183137679178,0.0001308583169826802,0.03306480659684556,0.005401623459166382,0.032399853671165664
R3_METRS_LOW,14,0.000286606761694825,GlyRS_tRNAGlyGCC,0.0098602117526607,-7.792870604317957e-05,0.0028182804219475037,0.012678492174608204,0.015802479111102753
R3_METRS_LOW,15,0.0003107866187782014,GlyRS_AMP_GlytRNAGlyGCC,-1.4088562608764396e-07,-1.2020155523855376e-06,1.5433519077496536e-07,1.3449564687321397e-08,0.0012863532259807505
R3_METRS_LOW,15,0.0003107866187782014,GlyRS_ATP,0.12583804581592845,-0.0004112183321055414,0.0013498610177780821,0.12718790683370654,0.20486991818501493
R3_METRS_LOW,15,0.0003107866187782014,GlyRS_ATP_tRNAGlyGCC,0.0505785217866571,-0.0003739751482681923,0.011988656951946354,0.06256717873860346,0.07469084085177953
R3_METRS_LOW,15,0.0003107866187782014,GlyRS_Gly,0.00926648962746379,-4.8837873484561374e-05,0.0027393908363524473,0.012005880463816237,0.012912911384911671
R3_METRS_LOW,15,0.0003107866187782014,GlyRS_GlyAMP_PPi,2.800135038187704e-05,-2.064305746103877e-05,0.00030288171336466266,0.0003308830637465397,0.001804625485851243
R3_METRS_LOW,15,0.0003107866187782014,GlyRS_Gly_ATP,0.04558464977863511,-0.00028275915947170255,0.022631248150306697,0.06821589792894181,0.0733527650100738
R3_METRS_LOW,15,0.0003107866187782014,GlyRS_Gly_ATP_tRNAGlyGCC,-0.24101201234998565,0.001196041046421644,0.2746703943464238,0.033658381996438155,0.26907914707382335
R3_METRS_LOW,15,0.0003107866187782014,GlyRS_Gly_tRNAGlyGCC,-0.02714723909861064,0.00013083632388166674,0.033063039545777176,0.005915800447166536,0.032399853671165664
R3_METRS_LOW,15,0.0003107866187782014,GlyRS_tRNAGlyGCC,0.010375197351348746,-7.791429876314549e-05,0.002818128262020069,0.013193325613368815,0.015802479111102753
R3_METRS_LOW,16,0.00033700643292719284,GlyRS_AMP_GlytRNAGlyGCC,-1.8324083094859488e-07,-1.4371682544121597e-06,2.024188750165982e-07,1.9178044068003318e-08,0.0012863532259807505
R3_METRS_LOW,16,0.00033700643292719284,GlyRS_ATP,0.11855074275501438,-0.000411122302481151,0.001349764462281191,0.11990050721729557,0.20486991818501493
R3_METRS_LOW,16,0.00033700643292719284,GlyRS_ATP_tRNAGlyGCC,0.052893800485576195,-0.0003738936316647363,0.01198788408796081,0.064881684573537,0.07469084085177953
R3_METRS_LOW,16,0.00033700643292719284,GlyRS_Gly,0.009205082861454161,-4.882961413639309e-05,0.0027392115078365355,0.011944294369290696,0.012912911384911671
R3_METRS_LOW,16,0.00033700643292719284,GlyRS_GlyAMP_PPi,5.9539627696393723e-05,-2.0398278692412033e-05,0.00030336974645676305,0.00036290937415315677,0.001804625485851243
R3_METRS_LOW,16,0.00033700643292719284,GlyRS_Gly_ATP,0.04693731560899443,-0.00028272002015555065,0.022629768555904765,0.06956708416489919,0.0733527650100738
R3_METRS_LOW,16,0.00033700643292719284,GlyRS_Gly_ATP_tRNAGlyGCC,-0.23688498796977026,0.0011957900202078848,0.2746528859206989,0.03776789795092865,0.26907914707382335
R3_METRS_LOW,16,0.00033700643292719284,GlyRS_Gly_tRNAGlyGCC,-0.026585424759704733,0.00013080965127740688,0.033060933362445234,0.0064755086027404995,0.032399853671165664
R3_METRS_LOW,16,0.00033700643292719284,GlyRS_tRNAGlyGCC,0.010866542877936234,-7.789724026019033e-05,0.002817946931572237,0.01368448980950847,0.015802479111102753
R3_METRS_LOW,17,0.00036543830709572547,GlyRS_AMP_GlytRNAGlyGCC,-2.3733703130811518e-07,-1.7119723081792368e-06,2.6457659961411027e-07,2.723956830599508e-08,0.0012863532259807505
R3_METRS_LOW,17,0.00036543830709572547,GlyRS_ATP,0.11115207671619211,-0.00041100890973268814,0.001349650005702309,0.11250172672189442,0.20486991818501493
R3_METRS_LOW,17,0.00036543830709572547,GlyRS_ATP_tRNAGlyGCC,0.05505864661054055,-0.0003737973081607243,0.011986966584661224,0.06704561319520178,0.07469084085177953
R3_METRS_LOW,17,0.00036543830709572547,GlyRS_Gly,0.00912166640478538,-4.88198419243172e-05,0.0027389986271843156,0.011860665031969695,0.012912911384911671
R3_METRS_LOW,17,0.00036543830709572547,GlyRS_GlyAMP_PPi,9.269832075654144e-05,-2.0111371832545014e-05,0.0003039414139494802,0.00039663973470602167,0.001804625485851243
R3_METRS_LOW,17,0.00036543830709572547,GlyRS_Gly_ATP,0.04813280892212145,-0.0002826733812418581,0.02262801264599165,0.0707608215681131,0.0733527650100738
R3_METRS_LOW,17,0.00036543830709572547,GlyRS_Gly_ATP_tRNAGlyGCC,-0.23231237682449157,0.001195492854401983,0.27463209719365955,0.04231972036916798,0.26907914707382335
R3_METRS_LOW,17,0.00036543830709572547,GlyRS_Gly_tRNAGlyGCC,-0.025975114111585304,0.00013077768205237985,0.03305843176003309,0.007083317648447788,0.032399853671165664
R3_METRS_LOW,17,0.00036543830709572547,GlyRS_tRNAGlyGCC,0.011326748026397469,-7.787711209727692e-05,0.0028177315927427754,0.014144479619140244,0.015802479111102753
R3_METRS_LOW,18,0.0003962688638701478,GlyRS_AMP_GlytRNAGlyGCC,-3.0608460463354043e-07,-2.0314624862944067e-06,3.4462097143625024e-07,3.853636680270981e-08,0.0012863532259807505
R3_METRS_LOW,18,0.0003962688638701478,GlyRS_ATP,0.10368007573963721,-0.0004108755679567531,0.0013495148177090515,0.10502959055734626,0.20486991818501493
R3_METRS_LOW,18,0.0003962688638701478,GlyRS_ATP_tRNAGlyGCC,0.057035036257613386,-0.00037368398793283567,0.011985881174309727,0.06902091743192311,0.07469084085177953
R3_METRS_LOW,18,0.0003962688638701478,GlyRS_Gly,0.00901373443743012,-4.8808303850097275e-05,0.0027387468469607774,0.011752481284390898,0.012912911384911671
R3_METRS_LOW,18,0.0003962688638701478,GlyRS_GlyAMP_PPi,0.00012727272971745242,-1.9776696482622394e-05,0.0003046078021332235,0.0004318805318506759,0.001804625485851243
R3_METRS_LOW,18,0.0003962688638701478,GlyRS_Gly_ATP,0.04914091541933965,-0.0002826179743174677,0.022625936188289404,0.07176685160762905,0.0733527650100738
R3_METRS_LOW,18,0.0003962688638701478,GlyRS_Gly_ATP_tRNAGlyGCC,-0.2272636789377549,0.0011951422066405126,0.2746074997485407,0.047343820810785794,0.26907914707382335
R3_METRS_LOW,18,0.0003962688638701478,GlyRS_Gly_tRNAGlyGCC,-0.02531386455544423,0.00013073969238907568,0.033055471306820974,0.007741606751376742,0.032399853671165664
R3_METRS_LOW,18,0.0003962688638701478,GlyRS_tRNAGlyGCC,0.011747843799544954,-7.785345204766195e-05,0.0028174767962822283,0.014565320595827182,0.015802479111102753
R3_METRS_LOW,19,0.00042970047043208395,GlyRS_AMP_GlytRNAGlyGCC,-3.929900216891345e-07,-2.400826150465289e-06,4.4728768502995473e-07,5.429766334082021e-08,0.0012863532259807505
R3_METRS_LOW,19,0.00042970047043208395,GlyRS_ATP,0.09617696335385198,-0.0004107194502264963,0.0013493557620004495,0.09752631911585243,0.20486991818501493
R3_METRS_LOW,19,0.00042970047043208395,GlyRS_ATP_tRNAGlyGCC,0.05878329396547821,-0.0003735512713595639,0.011984601940139476,0.07076789590561769,0.07469084085177953
R3_METRS_LOW,19,0.00042970047043208395,GlyRS_Gly,0.0088788845519288,-4.87947199258371e-05,0.002738450213221239,0.011617334765150039,0.012912911384911671
R3_METRS_LOW,19,0.00042970047043208395,GlyRS_GlyAMP_PPi,0.00016298084690033015,-1.9388326595232542e-05,0.00030538051413717116,0.0004683613610375013,0.001804625485851243
R3_METRS_LOW,19,0.00042970047043208395,GlyRS_Gly_ATP,0.049930859823627535,-0.00028255236529135537,0.022623489972386907,0.07255434979601444,0.0733527650100738
R3_METRS_LOW,19,0.00042970047043208395,GlyRS_Gly_ATP_tRNAGlyGCC,-0.2217106459937495,0.001194729957493518,0.27457850466768813,0.05286785867393862,0.26907914707382335
R3_METRS_LOW,19,0.00042970047043208395,GlyRS_Gly_tRNAGlyGCC,-0.0245995355110939,0.0001306948520686174,0.0330519812457728,0.0084524457346789,0.032399853671165664
R3_METRS_LOW,19,0.00042970047043208395,GlyRS_tRNAGlyGCC,0.012121515247694527,-7.782575575047157e-05,0.0028171764668660556,0.014938691714560583,0.015802479111102753
R3_METRS_LOW,20,0.0004659525668664682,GlyRS_AMP_GlytRNAGlyGCC,-5.022298514736413e-07,-2.8252365826077576e-06,5.784177634322569e-07,7.618791195861556e-08,0.0012863532259807505
R3_METRS_LOW,20,0.0004659525668664682,GlyRS_ATP,0.08868873636747432,-0.0004105375120588192,0.0013491694054859362,0.09003790577296025,0.20486991818501493
R3_METRS_LOW,20,0.0004659525668664682,GlyRS_ATP_tRNAGlyGCC,0.06026289922604923,-0.00037339656870053893,0.01198310034177966,0.07224599956782889,0.07469084085177953
R3_METRS_LOW,20,0.0004659525668664682,GlyRS_Gly,0.00871487845683609,-4.8778782927692756e-05,0.0027381021748987874,0.011452980631734878,0.012912911384911671
R3_METRS_LOW,20,0.0004659525668664682,GlyRS_GlyAMP_PPi,0.00019945485383309706,-1.89401946511088e-05,0.00030627136978817794,0.000505726223621275,0.001804625485851243
R3_METRS_LOW,20,0.0004659525668664682,GlyRS_Gly_ATP,0.05047213756853809,-0.00028247494684840286,0.02262061988177902,0.07309275745031711,0.0733527650100738
R3_METRS_LOW,20,0.0004659525668664682,GlyRS_Gly_ATP_tRNAGlyGCC,-0.21562849244743484,0.0011942472293907896,0.2745444630014836,0.058915970554048756,0.26907914707382335
R3_METRS_LOW,20,0.0004659525668664682,GlyRS_Gly_tRNAGlyGCC,-0.02383041680100009,0.00013064222882470158,0.0330478835565598,0.009217466755559709,0.032399853671165664
R3_METRS_LOW,20,0.0004659525668664682,GlyRS_tRNAGlyGCC,0.01243926721008319,-7.779348066720876e-05,0.0028168239094122347,0.015256091119495425,0.015802479111102753
R3_METRS_LOW,21,0.0005052631065335679,GlyRS_AMP_GlytRNAGlyGCC,-6.387139029024059e-07,-3.3096269385591816e-06,7.45159853921447e-07,1.0644595101904117e-07,0.0012863532259807505
R3_METRS_LOW,21,0.0005052631065335679,GlyRS_ATP,0.08126454460863625,-0.0004103265311602012,0.001348952042999948,0.0826134966516362,0.20486991818501493
R3_METRS_LOW,21,0.0005052631065335679,GlyRS_ATP_tRNAGlyGCC,0.061433492580010636,-0.00037321713346495286,0.011981345357845057,0.07341483793785569,0.07469084085177953
R3_METRS_LOW,21,0.0005052631065335679,GlyRS_Gly,0.00851972924755173,-4.876015916211923e-05,0.002737695620949143,0.011257424868500872,0.012912911384911671
R3_METRS_LOW,21,0.0005052631065335679,GlyRS_GlyAMP_PPi,0.00023623465690749323,-1.8426293984372114e-05,0.0003072919875454312,0.0005435266444529244,0.001804625485851243
R3_METRS_LOW,21,0.0005052631065335679,GlyRS_Gly_ATP,0.05073549781660008,-0.00028238393478343424,0.022617267193473727,0.0733527650100738,0.0733527650100738
R3_METRS_LOW,21,0.0005052631065335679,GlyRS_Gly_ATP_tRNAGlyGCC,-0.2089972837836131,0.0011936844418891093,0.2745046688756584,0.06550738509204529,0.26907914707382335
R3_METRS_LOW,21,0.0005052631065335679,GlyRS_Gly_tRNAGlyGCC,-0.023005367607034123,0.0001305807972407423,0.03304309333673478,0.010037725729700658,0.032399853671165664
R3_METRS_LOW,21,0.0005052631065335679,GlyRS_tRNAGlyGCC,0.012692633418199512,-7.775605285535465e-05,0.0028164118430192096,0.015509045261218721,0.015802479111102753
R3_METRS_LOW,22,0.0005478901179593945,GlyRS_AMP_GlytRNAGlyGCC,-8.081266778129774e-07,-3.8583976685731455e-06,9.561882207122339e-07,1.4806154289925644e-07,0.0012863532259807505
R3_METRS_LOW,22,0.0005478901179593945,GlyRS_ATP,0.07395586391855623,-0.0004100831660341924,0.001348699741289197,0.07530456365984542,0.20486991818501493
R3_METRS_LOW,22,0.0005478901179593945,GlyRS_ATP_tRNAGlyGCC,0.06225608143219421,-0.00037301011150519934,0.011979303776160808,0.07423538520835501,0.07469084085177953
R3_METRS_LOW,22,0.0005478901179593945,GlyRS_Gly,0.008291806909601664,-4.873849052160015e-05,0.002737222952159723,0.011029029861761387,0.012912911384911671
R3_METRS_LOW,22,0.0005478901179593945,GlyRS_GlyAMP_PPi,0.0002727645772189386,-1.784094755199887e-05,0.0003084532320515876,0.0005812178092705262,0.001804625485851243
R3_METRS_LOW,22,0.0005478901179593945,GlyRS_Gly_ATP,0.05069407567549816,-0.00028227736940740586,0.02261336916292243,0.0733074448384206,0.0733527650100738
R3_METRS_LOW,22,0.0005478901179593945,GlyRS_Gly_ATP_tRNAGlyGCC,-0.20180347921414638,0.0011930314112866467,0.27445836592750417,0.07265488671335779,0.26907914707382335
R3_METRS_LOW,22,0.0005478901179593945,GlyRS_Gly_tRNAGlyGCC,-0.02212396524617205,0.00013050945257809033,0.0330375195840207,0.01091355433784865,0.032399853671165664
R3_METRS_LOW,22,0.0005478901179593945,GlyRS_tRNAGlyGCC,0.012873428071660527,-7.771287701855038e-05,0.0028159324695804584,0.015689360541240985,0.015802479111102753
R3_METRS_LOW,23,0.0005941133984965033,GlyRS_AMP_GlytRNAGlyGCC,-1.0169327426482654e-06,-4.475053284261116e-06,1.2219286896227495e-06,2.0499594697448423e-07,0.0012863532259807505
R3_METRS_LOW,23,0.0005941133984965033,GlyRS_ATP,0.06681546215271424,-0.00040980403527128903,0.0013484084058518137,0.06816387055856606,0.20486991818501493
R3_METRS_LOW,23,0.0005941133984965033,GlyRS_ATP_tRNAGlyGCC,0.06269443240438326,-0.0003727726072077608,0.011976940661724835,0.07467137306610809,0.07469084085177953
R3_METRS_LOW,23,0.0005941133984965033,GlyRS_Gly,0.008029955783529125,-4.871339806819207e-05,0.0027366761943981082,0.010766631977927233,0.012912911384911671
R3_METRS_LOW,23,0.0005941133984965033,GlyRS_GlyAMP_PPi,0.00030839446458874224,-1.7179149032572842e-05,0.00030976451585582775,0.00061815898044457,0.001804625485851243
R3_METRS_LOW,23,0.0005941133984965033,GlyRS_Gly_ATP,0.0503246547796882,-0.00028215312317781,0.022608859950827936,0.07293351473051614,0.0733527650100738
R3_METRS_LOW,23,0.0005941133984965033,GlyRS_Gly_ATP_tRNAGlyGCC,-0.194041590202746,0.0011922775014054472,0.27440475775522843,0.08036316755248243,0.26907914707382335
R3_METRS_LOW,23,0.0005941133984965033,GlyRS_Gly_tRNAGlyGCC,-0.02118666086352109,0.00013042702987555585,0.03303106646113079,0.011844405597609702,0.032399853671165664
R3_METRS_LOW,23,0.0005941133984965033,GlyRS_tRNAGlyGCC,0.0129740367487651,-7.766335014820827e-05,0.002815377584065446,0.015789414332830546,0.015802479111102753
R3_METRS_LOW,24,0.0006442363508721371,GlyRS_AMP_GlytRNAGlyGCC,-1.2723278260775558e-06,-5.16176936673182e-06,1.5547804864298733e-06,2.824526603523175e-07,0.0012863532259807505
R3_METRS_LOW,24,0.0006442363508721371,GlyRS_ATP,0.05989617010585996,-0.00040948581796218004,0.0013480738736024954,0.06124424397946245,0.20486991818501493
R3_METRS_LOW,24,0.0006442363508721371,GlyRS_ATP_tRNAGlyGCC,0.06271662082294907,-0.00037250176697091177,0.011974220028830463,0.07469084085177953,0.07469084085177953
R3_METRS_LOW,24,0.0006442363508721371,GlyRS_Gly,0.00773361821078126,-4.868448729574773e-05,0.0027360471591661648,0.010469665369947425,0.012912911384911671
R3_METRS_LOW,24,0.0006442363508721371,GlyRS_GlyAMP_PPi,0.0003423865888602287,-1.6436977909088172e-05,0.0003112329525820139,0.0006536195414422426,0.001804625485851243
R3_METRS_LOW,24,0.0006442363508721371,GlyRS_Gly_ATP,0.04960902354309504,-0.0002820089155025502,0.022603671940688182,0.07221269548378323,0.0733527650100738
R3_METRS_LOW,24,0.0006442363508721371,GlyRS_Gly_ATP_tRNAGlyGCC,-0.18571589732233462,0.0011914118297752761,0.27434302298405155,0.08862712566171695,0.26907914707382335
R3_METRS_LOW,24,0.0006442363508721371,GlyRS_Gly_tRNAGlyGCC,-0.020194936796245504,0.0001303323285443272,0.03302363511517402,0.012828698318928513,0.032399853671165664
R3_METRS_LOW,24,0.0006442363508721371,GlyRS_tRNAGlyGCC,0.01298774037847776,-7.760687881230127e-05,0.002814738732624992,0.015802479111102753,0.015802479111102753
R3_METRS_LOW,25,0.0006985879746785249,GlyRS_AMP_GlytRNAGlyGCC,-1.5821138590728188e-06,-5.918898085695729e-06,1.969316716566738e-06,3.872028574939191e-07,0.0012863532259807505
R3_METRS_LOW,25,0.0006985879746785249,GlyRS_ATP,0.0532494844396819,-0.0004091253735170247,0.0013476920331323364,0.054597176472814236,0.20486991818501493
R3_METRS_LOW,25,0.0006985879746785249,GlyRS_ATP_tRNAGlyGCC,0.06229668913243603,-0.00037219487831028806,0.011971105735606955,0.07426779486804298,0.07469084085177953
R3_METRS_LOW,25,0.0006985879746785249,GlyRS_Gly,0.007402957903450589,-4.865135507714891e-05,0.002735327655357554,0.010138285558808142,0.012912911384911671
R3_METRS_LOW,25,0.0006985879746785249,GlyRS_GlyAMP_PPi,0.0003739296304969997,-1.561208374700757e-05,0.00031286237202235434,0.0006867920025193541,0.001804625485851243
R3_METRS_LOW,25,0.0006985879746785249,GlyRS_Gly_ATP,0.048535369572231424,-0.0002818423352366149,0.02259773747949588,0.0711331070517273,0.0733527650100738
R3_METRS_LOW,25,0.0006985879746785249,GlyRS_Gly_ATP_tRNAGlyGCC,-0.1768421467073577,0.0011904235291032988,0.27427233537115764,0.09743018866379992,0.26907914707382335
R3_METRS_LOW,25,0.0006985879746785249,GlyRS_Gly_tRNAGlyGCC,-0.01915145802489748,0.00013022414239282485,0.03301512610221946,0.013863668077321981,0.032399853671165664
R3_METRS_LOW,25,0.0006985879746785249,GlyRS_tRNAGlyGCC,0.012909062172159095,-7.754289974753475e-05,0.002814007422797128,0.015723069594956222,0.015802479111102753
R3_METRS_LOW,26,0.0007575250258771912,GlyRS_AMP_GlytRNAGlyGCC,-1.9544735010537904e-06,-6.744430455714447e-06,2.4824403743227224e-06,5.279668732689321e-07,0.0012863532259807505
R3_METRS_LOW,26,0.0007575250258771912,GlyRS_ATP,0.046924046973301985,-0.00040871987611324336,0.001347258972396786,0.04827130594569877,0.20486991818501493
R3_METRS_LOW,26,0.0007575250258771912,GlyRS_ATP_tRNAGlyGCC,0.0614163454586405,-0.00037184948030808773,0.011967562605461248,0.07338390806410175,0.07469084085177953
R3_METRS_LOW,26,0.0007575250258771912,GlyRS_Gly,0.007038975284212559,-4.861359809254603e-05,0.0027345097528215325,0.009773485037034091,0.012912911384911671
R3_METRS_LOW,26,0.0007575250258771912,GlyRS_GlyAMP_PPi,0.00040216089937377227,-1.470422595240469e-05,0.0003146522258639693,0.0007168131252377416,0.001804625485851243
R3_METRS_LOW,26,0.0007575250258771912,GlyRS_Gly_ATP,0.04709963760363408,-0.00028165087066676025,0.022590991046698018,0.0696906286503321,0.0733527650100738
R3_METRS_LOW,26,0.0007575250258771912,GlyRS_Gly_ATP_tRNAGlyGCC,-0.1674491251046848,0.001189302057476854,0.2741918890634758,0.10674276395879102,0.26907914707382335
R3_METRS_LOW,26,0.0007575250258771912,GlyRS_Gly_tRNAGlyGCC,-0.018060207910389314,0.00013010129447000733,0.033005442430794216,0.014945234520404903,0.032399853671165664
R3_METRS_LOW,26,0.0007575250258771912,GlyRS_tRNAGlyGCC,0.012734123147935783,-7.747090285147295e-05,0.0028131753868848486,0.015547298534820632,0.015802479111102753
R3_METRS_LOW,27,0.0008214343584919422,GlyRS_AMP_GlytRNAGlyGCC,-2.397618962031418e-06,-7.63344601210596e-06,3.1134667044041858e-06,7.15847742372768e-07,0.0012863532259807505
R3_METRS_LOW,27,0.0008214343584919422,GlyRS_ATP,0.04096406287171782,-0.0004082669549919115,0.0013467711508979054,0.04231083402261572,0.20486991818501493
R3_METRS_LOW,27,0.0008214343584919422,GlyRS_ATP_tRNAGlyGCC,0.060066612632619046,-0.0003714634776849951,0.011963557759633104,0.07203017039225215,0.07469084085177953
R3_METRS_LOW,27,0.0008214343584919422,GlyRS_Gly,0.006643605601473309,-4.857082225160555e-05,0.002733586093514964,0.009377191694988274,0.012912911384911671
R3_METRS_LOW,27,0.0008214343584919422,GlyRS_GlyAMP_PPi,0.00042619750800371224,-1.3715843867574373e-05,0.00031659643601740354,0.0007427939440211158,0.001804625485851243
R3_METRS_LOW,27,0.0008214343584919422,GlyRS_Gly_ATP,0.04530675824952492,-0.0002814319457000869,0.022583371816707252,0.06789013006623217,0.0733527650100738
R3_METRS_LOW,27,0.0008214343584919422,GlyRS_Gly_ATP_tRNAGlyGCC,-0.15757999129621952,0.0011880375420099715,0.27410092866730795,0.11652093737108843,0.26907914707382335
R3_METRS_LOW,27,0.0008214343584919422,GlyRS_Gly_tRNAGlyGCC,-0.01692659644256547,0.00012996267526540925,0.032994493183495434,0.016067896740929965,0.032399853671165664
R3_METRS_LOW,27,0.0008214343584919422,GlyRS_tRNAGlyGCC,0.01246098751602987,-7.739045494609079e-05,0.0028122348948374427,0.015273222410867312,0.015802479111102753
R3_METRS_LOW,28,0.000890735463861044,GlyRS_AMP_GlytRNAGlyGCC,-2.9192924776238566e-06,-8.577594986115785e-06,3.884097246697248e-06,9.648047690733915e-07,0.0012863532259807505
R3_METRS_LOW,28,0.000890735463861044,GlyRS_ATP,0.035407737646271684,-0.00040776482698026055,0.0013462255898195473,0.03675396323609123,0.20486991818501493
R3_METRS_LOW,28,0.000890735463861044,GlyRS_ATP_tRNAGlyGCC,0.058249318778573145,-0.0003710352466192068,0.011959062117997368,0.07020838089657051,0.07469084085177953
R3_METRS_LOW,28,0.000890735463861044,GlyRS_Gly,0.006219789422010487,-4.8522652266543424e-05,0.0027325502396209566,0.008952339661631444,0.012912911384911671
R3_METRS_LOW,28,0.000890735463861044,GlyRS_GlyAMP_PPi,0.00044517657510407784,-1.2652618522114188e-05,0.00031868226499495565,0.0007638588400990335,0.001804625485851243
R3_METRS_LOW,28,0.000890735463861044,GlyRS_Gly_ATP,0.0431716399041764,-0.000281182959500883,0.022574826527479316,0.06574646643165571,0.0733527650100738
R3_METRS_LOW,28,0.000890735463861044,GlyRS_Gly_ATP_tRNAGlyGCC,-0.1472932241978967,0.0011866211296433042,0.27399878317941384,0.12670555898151714,0.26907914707382335
R3_METRS_LOW,28,0.000890735463861044,GlyRS_Gly_tRNAGlyGCC,-0.015757527702918054,0.00012980728165041527,0.03298219760259052,0.017224669899672463,0.032399853671165664
R3_METRS_LOW,28,0.000890735463861044,GlyRS_tRNAGlyGCC,0.01208997517451006,-7.730122181344117e-05,0.002811179106618676,0.014901154281128736,0.015802479111102753
R3_METRS_LOW,29,0.0009658832241158709,GlyRS_AMP_GlytRNAGlyGCC,-3.526103216525737e-06,-9.564673170976617e-06,4.818247133846546e-06,1.2921439173208093e-06,0.0012863532259807505
R3_METRS_LOW,29,0.0009658832241158709,GlyRS_ATP,0.030285827296191302,-0.00040721240224937536,0.0013456200692390367,0.03163144736543034,0.20486991818501493
R3_METRS_LOW,29,0.0009658832241158709,GlyRS_ATP_tRNAGlyGCC,0.05597830570678368,-0.00037056371584521613,0.011954051991985097,0.06793235769876878,0.07469084085177953
R3_METRS_LOW,29,0.0009658832241158709,GlyRS_Gly,0.0057715044753971515,-4.8468740114916847e-05,0.0027313970402013605,0.008502901515598512,0.012912911384911671
R3_METRS_LOW,29,0.0009658832241158709,GlyRS_GlyAMP_PPi,0.00045830362076736613,-1.1523972676177974e-05,0.0003208893174804339,0.0007791929382478,0.001804625485851243
R3_METRS_LOW,29,0.0009658832241158709,GlyRS_Gly_ATP,0.04071980711293969,-0.000280901324966808,0.022565312503336245,0.06328511961627593,0.0733527650100738
R3_METRS_LOW,29,0.0009658832241158709,GlyRS_Gly_ATP_tRNAGlyGCC,-0.1366630375894967,0.0011850453059871376,0.2738849020789568,0.13722186448946014,0.26907914707382335
R3_METRS_LOW,29,0.0009658832241158709,GlyRS_Gly_tRNAGlyGCC,-0.014561412455160249,0.00012963425254756486,0.032968489435135896,0.018407076979975647,0.032399853671165664
R3_METRS_LOW,29,0.0009658832241158709,GlyRS_tRNAGlyGCC,0.011623915449851653,-7.720298504563112e-05,0.0028100024462366924,0.014433917896088345,0.015802479111102753
R3_METRS_LOW,30,0.0010473708979594498,GlyRS_AMP_GlytRNAGlyGCC,-4.22269935887457e-06,-1.0578363436647706e-05,5.94168672851461e-06,1.71898736964004e-06,0.0012863532259807505
R3_METRS_LOW,30,0.0010473708979594498,GlyRS_ATP,0.025620404901345713,-0.00040660933902112004,0.0013449533167774316,0.026965358218123143,0.20486991818501493
R3_METRS_LOW,30,0.0010473708979594498,GlyRS_ATP_tRNAGlyGCC,0.053280223864509195,-0.00037004840206619256,0.011948510656066912,0.0652287345205761,0.07469084085177953
R3_METRS_LOW,30,0.0010473708979594498,GlyRS_Gly,0.00530374808607853,-4.840877068307131e-05,0.002730122989239766,0.008033871075318296,0.012912911384911671
R3_METRS_LOW,30,0.0010473708979594498,GlyRS_GlyAMP_PPi,0.0004649071567048323,-1.034344168244112e-05,0.0003231888106261214,0.0007880959673309537,0.001804625485851243
R3_METRS_LOW,30,0.0010473708979594498,GlyRS_Gly_ATP,0.03798756859345916,-0.0002805844992914123,0.022554800608474264,0.06054236920193343,0.0733527650100738
R3_METRS_LOW,30,0.0010473708979594498,GlyRS_Gly_ATP_tRNAGlyGCC,-0.12577911192903574,0.0011833041295051926,0.2737588910336815,0.14797977910464577,0.26907914707382335
R3_METRS_LOW,30,0.0010473708979594498,GlyRS_Gly_tRNAGlyGCC,-0.013348112061168857,0.00012944289580235142,0.03295332123122551,0.019605209170056655,0.032399853671165664
R3_METRS_LOW,30,0.0010473708979594498,GlyRS_tRNAGlyGCC,0.01106831463970448,-7.709564931473522e-05,0.0028087009708188276,0.013877015610523307,0.015802479111102753
R3_METRS_LOW,31,0.001135733358343105,GlyRS_AMP_GlytRNAGlyGCC,-5.0107959662755e-06,-1.1598227316889179e-05,7.281463353290233e-06,2.2706673870147325e-06,0.0012863532259807505
R3_METRS_LOW,31,0.001135733358343105,GlyRS_ATP,0.021423947804455702,-0.0004059560186531388,0.0013442251674180455,0.022768172971873748,0.20486991818501493
R3_METRS_LOW,31,0.001135733358343105,GlyRS_ATP_tRNAGlyGCC,0.050194785795575,-0.0003694893751306186,0.011942429746407085,0.06213721554198209,0.07469084085177953
R3_METRS_LOW,31,0.001135733358343105,GlyRS_Gly,0.004822460883262096,-4.834246246083788e-05,0.0027287265392454013,0.007551187422507497,0.012912911384911671
R3_METRS_LOW,31,0.001135733358343105,GlyRS_GlyAMP_PPi,0.0004644961456243282,-9.128836684313419e-06,0.0003255432725350472,0.0007900394181593754,0.001804625485851243
R3_METRS_LOW,31,0.001135733358343105,GlyRS_Gly_ATP,0.035021610104128256,-0.00028022999763364627,0.02254327783601667,0.05756488794014493,0.0733527650100738
R3_METRS_LOW,31,0.001135733358343105,GlyRS_Gly_ATP_tRNAGlyGCC,-0.11474550896596442,0.0011813933157913668,0.27362054381558387,0.15887503484961946,0.26907914707382335
R3_METRS_LOW,31,0.001135733358343105,GlyRS_Gly_tRNAGlyGCC,-0.012128801636410842,0.00012923269931357784,0.03293666818560391,0.020807866549193067,0.032399853671165664
R3_METRS_LOW,31,0.001135733358343105,GlyRS_tRNAGlyGCC,0.010431410569402999,-7.697923492476918e-05,0.00280727269922393,0.013238683268626929,0.015802479111102753
R3_METRS_LOW,32,0.0012315506032928262,GlyRS_AMP_GlytRNAGlyGCC,-5.888109621090095e-06,-1.2600031476082277e-05,8.865080664826427e-06,2.9769710437363327e-06,0.0012863532259807505
R3_METRS_LOW,32,0.0012315506032928262,GlyRS_ATP,0.01769884004633581,-0.00040525341054721174,0.0013434366704517667,0.019042276716787578,0.20486991818501493
R3_METRS_LOW,32,0.0012315506032928262,GlyRS_ATP_tRNAGlyGCC,0.046774366672938036,-0.0003688871268855002,0.01193581030287503,0.058710176975813065,0.07469084085177953
R3_METRS_LOW,32,0.0012315506032928262,GlyRS_Gly,0.004334385344731829,-4.8269560855487176e-05,0.002727208327274227,0.0070615936720060555,0.012912911384911671
R3_METRS_LOW,32,0.0012315506032928262,GlyRS_GlyAMP_PPi,0.00045681564474668693,-7.902117090634699e-06,0.0003279068370363979,0.0007847224817830848,0.001804625485851243
R3_METRS_LOW,32,0.0012315506032928262,GlyRS_Gly_ATP,0.031877933851718235,-0.000279835378967499,0.02253074917714603,0.054408683028864264,0.0733527650100738
R3_METRS_LOW,32,0.0012315506032928262,GlyRS_Gly_ATP_tRNAGlyGCC,-0.10367866803390072,0.0011793100979022608,0.27346986628175884,0.16979119824785813,0.26907914707382335
R3_METRS_LOW,32,0.0012315506032928262,GlyRS_Gly_tRNAGlyGCC,-0.010915743798566298,0.00012900331845123604,0.03291853102379598,0.02200278722522968,0.032399853671165664
R3_METRS_LOW,32,0.0012315506032928262,GlyRS_tRNAGlyGCC,0.00972409083004117,-7.685385019309295e-05,0.0028057178570623353,0.012529808687103506,0.015802479111102753
R3_METRS_LOW,33,0.0013354515629298987,GlyRS_AMP_GlytRNAGlyGCC,-6.8472886697044705e-06,-1.3556482978987313e-05,1.0719433893110062e-05,3.8721452234055916e-06,0.0012863532259807505
R3_METRS_LOW,33,0.0013354515629298987,GlyRS_ATP,0.014437363172388749,-0.00040450279825102376,0.001342590117814064,0.015779953290202813,0.20486991818501493
R3_METRS_LOW,33,0.0013354515629298987,GlyRS_ATP_tRNAGlyGCC,0.04308287273198414,-0.00036824231952582725,0.011928663250978652,0.055011535982962795,0.07469084085177953
R3_METRS_LOW,33,0.0013354515629298987,GlyRS_Gly,0.003846857136688222,-4.818982163385201e-05,0.0027255712662663627,0.006572428402954585,0.012912911384911671
R3_METRS_LOW,33,0.0013354515629298987,GlyRS_GlyAMP_PPi,0.0004418947657163482,-6.688894926606272e-06,0.0003302262905445481,0.0007721210562608963,0.001804625485851243
R3_METRS_LOW,33,0.0013354515629298987,GlyRS_Gly_ATP,0.028620108644537377,-0.0002793981920761454,0.022517238382095104,0.05113734702663248,0.0733527650100738
R3_METRS_LOW,33,0.0013354515629298987,GlyRS_Gly_ATP_tRNAGlyGCC,-0.09270443620410262,0.0011770527873227218,0.2733070878231948,0.18060265161909217,0.26907914707382335
R3_METRS_LOW,33,0.0013354515629298987,GlyRS_Gly_tRNAGlyGCC,-0.009721969722804848,0.00012875453154897651,0.032898937379356855,0.023176967656552007,0.032399853671165664
R3_METRS_LOW,33,0.0013354515629298987,GlyRS_tRNAGlyGCC,0.008959658092154224,-7.671963861534639e-05,0.002804038990374912,0.011763697082529136,0.015802479111102753
R3_METRS_LOW,34,0.001448118227674533,GlyRS_AMP_GlytRNAGlyGCC,-7.874969897499987e-06,-1.4438420210567515e-05,1.2869529619430262e-05,4.994559721930275e-06,0.0012863532259807505
R3_METRS_LOW,34,0.001448118227674533,GlyRS_ATP,0.011622214882130248,-0.0004037053455873434,0.001341688969116165,0.012963903851246412,0.20486991818501493
R3_METRS_LOW,34,0.001448118227674533,GlyRS_ATP_tRNAGlyGCC,0.039193846632316336,-0.00036755539602269585,0.011921009122734033,0.05111485575505037,0.07469084085177953
R3_METRS_LOW,34,0.001448118227674533,GlyRS_Gly,0.0033675330632479327,-4.810298232600103e-05,0.0027238204555867316,0.006091353518834664,0.012912911384911671
R3_METRS_LOW,34,0.001448118227674533,GlyRS_GlyAMP_PPi,0.00042008034995847325,-5.51751332095853e-06,0.0003324429857848847,0.000752523335743358,0.001804625485851243
R3_METRS_LOW,34,0.001448118227674533,GlyRS_Gly_ATP,0.025316852741701184,-0.0002789158700544576,0.022502787232729703,0.04781963997443089,0.0733527650100738
R3_METRS_LOW,34,0.001448118227674533,GlyRS_Gly_ATP_tRNAGlyGCC,-0.08195415765830014,0.0011746199701563936,0.2731326557216046,0.19117849806330448,0.26907914707382335
R3_METRS_LOW,34,0.001448118227674533,GlyRS_Gly_tRNAGlyGCC,-0.008560871458035989,0.00012848615623171268,0.032877941113346826,0.024317069655310837,0.032399853671165664
R3_METRS_LOW,34,0.001448118227674533,GlyRS_tRNAGlyGCC,0.00815343594608947,-7.657669719084784e-05,0.002802240900777566,0.010955676846867036,0.015802479111102753
R3_METRS_LOW,35,0.0015702901247293774,GlyRS_AMP_GlytRNAGlyGCC,-8.951132134133231e-06,-1.5216460538272712e-05,1.5337058367163688e-05,6.385926233030456e-06,0.0012863532259807505
R3_METRS_LOW,35,0.0015702901247293774,GlyRS_ATP,0.009227550838488596,-0.00040286149622917436,0.0013407376543097512,0.010568288492798348,0.20486991818501493
R3_METRS_LOW,35,0.0015702901247293774,GlyRS_ATP_tRNAGlyGCC,0.03518784121506423,-0.0003668260481966322,0.011912876847897515,0.04710071806296174,0.07469084085177953
R3_METRS_LOW,35,0.0015702901247293774,GlyRS_Gly,0.0029040664010561907,-4.8008720297279706e-05,0.0027219628733584377,0.0056260292744146284,0.012912911384911671
R3_METRS_LOW,35,0.0015702901247293774,GlyRS_GlyAMP_PPi,0.0003920497733521268,-4.417677810653272e-06,0.0003344956621207048,0.0007265454354728316,0.001804625485851243
R3_METRS_LOW,35,0.0015702901247293774,GlyRS_Gly_ATP,0.022039041099520207,-0.0002783855644886857,0.02248745301787264,0.044526494117392845,0.0733527650100738
R3_METRS_LOW,35,0.0015702901247293774,GlyRS_Gly_ATP_tRNAGlyGCC,-0.07155993762610974,0.0011720092990531769,0.2729472085701548,0.20138727094404507,0.26907914707382335
R3_METRS_LOW,35,0.0015702901247293774,GlyRS_Gly_tRNAGlyGCC,-0.007445718267270536,0.00012819792201911292,0.03285561911332411,0.025409900846053574,0.032399853671165664
R3_METRS_LOW,35,0.0015702901247293774,GlyRS_tRNAGlyGCC,0.007322221754639464,-7.64249650091367e-05,0.0028003303624682518,0.010122552117107716,0.015802479111102753
R3_METRS_LOW,36,0.0017027691722258996,GlyRS_AMP_GlytRNAGlyGCC,-1.0048944749602888e-05,-1.5863041738042273e-05,1.813893404028297e-05,8.089989290680081e-06,0.0012863532259807505
R3_METRS_LOW,36,0.0017027691722258996,GlyRS_ATP,0.0072204942318425565,-0.0004019702224504338,0.0013397412449817278,0.008560235476824284,0.20486991818501493
R3_METRS_LOW,36,0.0017027691722258996,GlyRS_ATP_tRNAGlyGCC,0.031149165253189334,-0.00036605255769539503,0.011904301516509268,0.0430534667696986,0.07469084085177953
R3_METRS_LOW,36,0.0017027691722258996,GlyRS_Gly,0.002463747819896052,-4.790659772265724e-05,0.0027200068301251536,0.005183754650021206,0.012912911384911671
R3_METRS_LOW,36,0.0017027691722258996,GlyRS_GlyAMP_PPi,0.000358797331325115,-3.418672876624668e-06,0.00033632410196966593,0.000695121433294781,0.001804625485851243
R3_METRS_LOW,36,0.0017027691722258996,GlyRS_Gly_ATP,0.018856304033869366,-0.0002778039163830676,0.022471304041879057,0.04132760807574842,0.0733527650100738
R3_METRS_LOW,36,0.0017027691722258996,GlyRS_Gly_ATP_tRNAGlyGCC,-0.061649296171012224,0.0011692158859642904,0.2727515264608851,0.21110223028987285,0.26907914707382335
R3_METRS_LOW,36,0.0017027691722258996,GlyRS_Gly_tRNAGlyGCC,-0.006389119454555552,0.00012788929934251435,0.032832065295414034,0.026442945840858482,0.032399853671165664
R3_METRS_LOW,36,0.0017027691722258996,GlyRS_tRNAGlyGCC,0.00648360806651623,-7.626408532354108e-05,0.0027983155977880664,0.009281923664304297,0.015802479111102753
R3_METRS_LOW,37,0.0018464249428955426,GlyRS_AMP_GlytRNAGlyGCC,-1.1135311503220483e-05,-1.6354716543076216e-05,2.1285960188215752e-05,1.0150648684995269e-05,0.0012863532259807505
R3_METRS_LOW,37,0.0018464249428955426,GlyRS_ATP,0.005563006433587477,-0.000401028168264854,0.0013387050004033613,0.0069017114339908385,0.20486991818501493
R3_METRS_LOW,37,0.0018464249428955426,GlyRS_ATP_tRNAGlyGCC,0.02716217932974477,-0.00036523105100501037,0.011895321121150475,0.03905750045089525,0.07469084085177953
R3_METRS_LOW,37,0.0018464249428955426,GlyRS_Gly,0.00205313703915243,-4.779599592159833e-05,0.0027179611893976374,0.004771098228550067,0.012912911384911671
R3_METRS_LOW,37,0.0018464249428955426,GlyRS_GlyAMP_PPi,0.0003215908826540621,-2.5472641794551505e-06,0.0003378734137964341,0.0006594642964504962,0.001804625485851243
R3_METRS_LOW,37,0.0018464249428955426,GlyRS_Gly_ATP,0.015833455767864196,-0.000277166770437512,0.022454413211075008,0.0382878689789392,0.0733527650100738
R3_METRS_LOW,37,0.0018464249428955426,GlyRS_Gly_ATP_tRNAGlyGCC,-0.05233952633415265,0.0011662303649026301,0.27254645804884287,0.22020693171469022,0.26907914707382335
R3_METRS_LOW,37,0.0018464249428955426,GlyRS_Gly_tRNAGlyGCC,-0.005402465683152332,0.0001275592919423554,0.03280738182284693,0.0274049161396946,0.032399853671165664
R3_METRS_LOW,37,0.0018464249428955426,GlyRS_tRNAGlyGCC,0.005655209710331255,-7.6093249750779e-05,0.0027962055132295777,0.008451415223560833,0.015802479111102753
R3_METRS_LOW,38,0.0020022003718155844,GlyRS_AMP_GlytRNAGlyGCC,-1.2172274007843155e-05,-1.667447863703081e-05,2.478182004748162e-05,1.2609546039638465e-05,0.0012863532259807505
R3_METRS_LOW,38,0.0020022003718155844,GlyRS_ATP,0.00421396801769827,-0.00040002876607097394,0.0013376338132490774,0.005551601830947348,0.20486991818501493
R3_METRS_LOW,38,0.0020022003718155844,GlyRS_ATP_tRNAGlyGCC,0.0233073871847446,-0.00036435473919301366,0.011885972426673443,0.03519335961141804,0.07469084085177953
R3_METRS_LOW,38,0.0020022003718155844,GlyRS_Gly,0.001677715670686445,-4.767604430669758e-05,0.0027158343937337555,0.0043935500644202005,0.012912911384911671
R3_METRS_LOW,38,0.0020022003718155844,GlyRS_GlyAMP_PPi,0.00028189881971200014,-1.8254616931048243e-06,0.00033909858017335415,0.0006209973998853543,0.001804625485851243
R3_METRS_LOW,38,0.0020022003718155844,GlyRS_Gly_ATP,0.013027047099246982,-0.0002764688522401741,0.022436850015157325,0.03546389711440431,0.0733527650100738
R3_METRS_LOW,38,0.0020022003718155844,GlyRS_Gly_ATP_tRNAGlyGCC,-0.04373215561422991,0.0011630367736042131,0.27233282773483036,0.22860067212060045,0.26907914707382335
R3_METRS_LOW,38,0.0020022003718155844,GlyRS_Gly_tRNAGlyGCC,-0.004495388799651792,0.00012720620818949962,0.032781667931420407,0.028286279131768614,0.032399853671165664
R3_METRS_LOW,38,0.0020022003718155844,GlyRS_tRNAGlyGCC,0.004853847734659602,-7.591103941624831e-05,0.0027940087304796422,0.007647856465139244,0.015802479111102753
R3_METRS_LOW,39,0.002171117945694505,GlyRS_AMP_GlytRNAGlyGCC,-1.311935300426914e-05,-1.6813829797297078e-05,2.8622603669048612e-05,1.550325066477947e-05,0.0012863532259807505
R3_METRS_LOW,39,0.002171117945694505,GlyRS_ATP,0.003131290744426085,-0.00039896143901044034,0.0013365316000477983,0.004467822344473883,0.20486991818501493
R3_METRS_LOW,39,0.002171117945694505,GlyRS_ATP_tRNAGlyGCC,0.019657616824071446,-0.00036341324169394896,0.011876286270288394,0.03153390309435984,0.07469084085177953
R3_METRS_LOW,39,0.002171117945694505,GlyRS_Gly,0.0013415941124014213,-4.7545552226895044e-05,0.0027136333712645686,0.00405522748366599,0.012912911384911671
R3_METRS_LOW,39,0.002171117945694505,GlyRS_GlyAMP_PPi,0.00024129168092822714,-1.2683876791654612e-06,0.00033996877045442526,0.0005812604513826524,0.001804625485851243
R3_METRS_LOW,39,0.002171117945694505,GlyRS_Gly_ATP,0.01048236401412499,-0.0002757034431091326,0.02241867151939771,0.0329010355335227,0.0733527650100738
R3_METRS_LOW,39,0.002171117945694505,GlyRS_Gly_ATP_tRNAGlyGCC,-0.03590796367563201,0.0011596104886349595,0.2721113297071268,0.2362033660314948,0.26907914707382335
R3_METRS_LOW,39,0.002171117945694505,GlyRS_Gly_tRNAGlyGCC,-0.003675285108261459,0.0001268274361854392,0.03275500717352206,0.0290797220652606,0.032399853671165664
R3_METRS_LOW,39,0.002171117945694505,GlyRS_tRNAGlyGCC,0.00409475160027764,-7.571528383586828e-05,0.002791732483489566,0.006886484083767206,0.015802479111102753
R3_METRS_LOW,40,0.0023542864143224177,GlyRS_AMP_GlytRNAGlyGCC,-1.3936766197460506e-05,-1.6774261447116925e-05,3.2797068941686315e-05,1.886030274422581e-05,0.0012863532259807505
R3_METRS_LOW,40,0.0023542864143224177,GlyRS_ATP,0.0022738747655803677,-0.0003978110257159388,0.001335400699278548,0.0036092754648589156,0.20486991818501493
R3_METRS_LOW,40,0.0023542864143224177,GlyRS_ATP_tRNAGlyGCC,0.01627460602598426,-0.00036239211419566894,0.011866282739896242,0.028140888765880504,0.07469084085177953
R3_METRS_LOW,40,0.0023542864143224177,GlyRS_Gly,0.0010473038105598734,-4.740295465058679e-05,0.0027113624307112455,0.003758666241271119,0.012912911384911671
R3_METRS_LOW,40,0.0023542864143224177,GlyRS_GlyAMP_PPi,0.00020132721446786264,-8.825395184766136e-07,0.00034047082583543476,0.0005417980403032974,0.001804625485851243
R3_METRS_LOW,40,0.0023542864143224177,GlyRS_Gly_ATP,0.008231182702015009,-0.0002748621021172037,0.02239991325665802,0.03063109595867303,0.0733527650100738
R3_METRS_LOW,40,0.0023542864143224177,GlyRS_Gly_ATP_tRNAGlyGCC,-0.02892301745564002,0.0011559165234476644,0.27188241886763664,0.24295940141199662,0.26907914707382335
R3_METRS_LOW,40,0.0023542864143224177,GlyRS_Gly_tRNAGlyGCC,-0.002946947408466006,0.00012641925577846884,0.03272745428781168,0.029780506879345674,0.032399853671165664
R3_METRS_LOW,40,0.0023542864143224177,GlyRS_tRNAGlyGCC,0.0033908453031117713,-7.550296264216869e-05,0.00278938148661088,0.0061802267897226515,0.015802479111102753
R3_METRS_LOW,41,0.0025529080682395165,GlyRS_AMP_GlytRNAGlyGCC,-1.4589278459940692e-05,-1.656783946543548e-05,3.7287774323171836e-05,2.2698495863231144e-05,0.0012863532259807505
R3_METRS_LOW,41,0.0025529080682395165,GlyRS_ATP,0.0016032451604340242,-0.0003965575704531809,0.0013342413510903945,0.0029374865115244187,0.20486991818501493
R3_METRS_LOW,41,0.0025529080682395165,GlyRS_ATP_tRNAGlyGCC,0.013206291081864085,-0.00036127270519188817,0.01185596678049612,0.025062257862360205,0.07469084085177953
R3_METRS_LOW,41,0.0025529080682395165,GlyRS_Gly,0.0007957000854921649,-4.724628411031649e-05,0.0027090222750916623,0.003504722360583827,0.012912911384911671
R3_METRS_LOW,41,0.0025529080682395165,GlyRS_GlyAMP_PPi,0.00016343156359297683,-6.647429078665295e-07,0.00034061131640972605,0.0005040428800027029,0.001804625485851243
R3_METRS_LOW,41,0.0025529080682395165,GlyRS_Gly_ATP,0.00629053493044994,-0.00027393449528597053,0.022380581091205814,0.028671116021655754,0.0733527650100738
R3_METRS_LOW,41,0.0025529080682395165,GlyRS_Gly_ATP_tRNAGlyGCC,-0.02280613643823498,0.0011519085405278559,0.27164621099986413,0.24884007456162915,0.26907914707382335
R3_METRS_LOW,41,0.0025529080682395165,GlyRS_Gly_tRNAGlyGCC,-0.0023123458315065064,0.00012597672544867924,0.03269902318234324,0.030386677350836732,0.032399853671165664
R3_METRS_LOW,41,0.0025529080682395165,GlyRS_tRNAGlyGCC,0.0027521798383952035,-7.527017617373404e-05,0.0027869569027913575,0.005539136741186561,0.015802479111102753
R3_METRS_LOW,42,0.0027682866303920667,GlyRS_AMP_GlytRNAGlyGCC,-1.505024146003823e-05,-1.6216662818660714e-05,4.207311670786577e-05,2.7022875247827542e-05,0.0012863532259807505
R3_METRS_LOW,42,0.0027682866303920667,GlyRS_ATP,0.0010847469760318785,-0.0003951766005533664,0.0013330513326125432,0.0024177983086444217,0.20486991818501493
R3_METRS_LOW,42,0.0027682866303920667,GlyRS_ATP_tRNAGlyGCC,0.010485043150642684,-0.0003600324459114053,0.011845324803867916,0.0223303679545106,0.07469084085177953
R3_METRS_LOW,42,0.0027682866303920667,GlyRS_Gly,0.0005859901307515218,-4.7073180690928685e-05,0.0027066092676845607,0.0032925993984360825,0.012912911384911671
R3_METRS_LOW,42,0.0027682866303920667,GlyRS_GlyAMP_PPi,0.00012879148450061352,-6.020413407314593e-07,0.0003404166744698885,0.000469208158970502,0.001804625485851243
R3_METRS_LOW,42,0.0027682866303920667,GlyRS_Gly_ATP,0.004662637339034867,-0.0002729083931258816,0.022360645154792982,0.02702328249382785,0.0733527650100738
R3_METRS_LOW,42,0.0027682866303920667,GlyRS_Gly_ATP_tRNAGlyGCC,-0.017558092230810507,0.001147528911944276,0.2714024051583707,0.2538443129275602,0.26907914707382335
R3_METRS_LOW,42,0.0027682866303920667,GlyRS_Gly_tRNAGlyGCC,-0.0017705862407131276,0.00012549368062383037,0.03266967759372347,0.03089909135301034,0.032399853671165664
R3_METRS_LOW,42,0.0027682866303920667,GlyRS_tRNAGlyGCC,0.0021855630819460526,-7.50122067594977e-05,0.0027844555468294866,0.004970018628775539,0.015802479111102753
R3_METRS_LOW,43,0.003001835813575589,GlyRS_AMP_GlytRNAGlyGCC,-1.5305211171495942e-05,-1.5751115856604006e-05,4.713016605981964e-05,3.18249548883237e-05,0.0012863532259807505
R3_METRS_LOW,43,0.003001835813575589,GlyRS_ATP,0.0006882416712046264,-0.0003936399584633951,0.001331825808813453,0.0020200674800180795,0.20486991818501493
R3_METRS_LOW,43,0.003001835813575589,GlyRS_ATP_tRNAGlyGCC,0.00812700749184257,-0.0003586456289538152,0.01183432280081829,0.01996133029266086,0.07469084085177953
R3_METRS_LOW,43,0.003001835813575589,GlyRS_Gly,0.00041588678048917445,-4.688094830325364e-05,0.002704115062908022,0.0031200018433971966,0.012912911384911671
R3_METRS_LOW,43,0.003001835813575589,GlyRS_GlyAMP_PPi,9.827227573541535e-05,-6.726578223110775e-07,0.00033993113590728463,0.0004382034116427,0.001804625485851243
R3_METRS_LOW,43,0.003001835813575589,GlyRS_Gly_ATP,0.0033360042410795904,-0.0002717698849098933,0.02234003678410059,0.02567604102518018,0.0733527650100738
R3_METRS_LOW,43,0.003001835813575589,GlyRS_Gly_ATP_tRNAGlyGCC,-0.013152684421053773,0.0011427100664259749,0.27115023961069373,0.25799755518963996,0.26907914707382335
R3_METRS_LOW,43,0.003001835813575589,GlyRS_Gly_tRNAGlyGCC,-0.0013180583730615439,0.0001249628700601302,0.03263932578629476,0.03132126741323322,0.032399853671165664
R3_METRS_LOW,43,0.003001835813575589,GlyRS_tRNAGlyGCC,0.0016944195973562,-7.472368217118472e-05,0.0027818694409322197,0.00447628903828842,0.015802479111102753
R3_METRS_LOW,44,0.0032550885998350564,GlyRS_AMP_GlytRNAGlyGCC,-1.5354451000659394e-05,-1.5207034115921317e-05,5.243803043895848e-05,3.7083579438299083e-05,0.0012863532259807505
R3_METRS_LOW,44,0.0032550885998350564,GlyRS_ATP,0.00038831880183079915,-0.00039191716860969504,0.0013305574308699237,0.0017188762327007229,0.20486991818501493
R3_METRS_LOW,44,0.0032550885998350564,GlyRS_ATP_tRNAGlyGCC,0.006132587750456988,-0.0003570846530801576,0.011822906272636343,0.01795549402309333,0.07469084085177953
R3_METRS_LOW,44,0.0032550885998350564,GlyRS_Gly,0.00028187313051869804,-4.666665875528418e-05,0.00270152666886457,0.002983399799383268,0.012912911384911671
R3_METRS_LOW,44,0.0032550885998350564,GlyRS_GlyAMP_PPi,7.237298061564236e-05,-8.480035964497469e-07,0.000339212552588093,0.00041158553320373535,0.001804625485851243
R3_METRS_LOW,44,0.0032550885998350564,GlyRS_Gly_ATP,0.0022876151629814025,-0.00027050382857684717,0.022318649011436795,0.024606264174418198,0.0733527650100738
R3_METRS_LOW,44,0.0032550885998350564,GlyRS_Gly_ATP_tRNAGlyGCC,-0.009539636921162997,0.0011373771781570167,0.27088848860950127,0.26134885168833827,0.26907914707382335
R3_METRS_LOW,44,0.0032550885998350564,GlyRS_Gly_tRNAGlyGCC,-0.0009487658018318759,0.0001243762375489306,0.032607820167231155,0.03165905436539928,0.032399853671165664
R3_METRS_LOW,44,0.0032550885998350564,GlyRS_tRNAGlyGCC,0.0012788893051733597,-7.439883641339402e-05,0.0027791857970213916,0.004058075102194751,0.015802479111102753
R3_METRS_LOW,45,0.00352970730273065,GlyRS_AMP_GlytRNAGlyGCC,-1.5213690125485321e-05,-1.4622117594060349e-05,5.798134409911588e-05,4.276765397363056e-05,0.0012863532259807505
R3_METRS_LOW,45,0.00352970730273065,GlyRS_ATP,0.00016410088897293924,-0.00038997721052685404,0.0013292366757070508,0.00149333756467999,0.20486991818501493
R3_METRS_LOW,45,0.00352970730273065,GlyRS_ATP_tRNAGlyGCC,0.004487996278154837,-0.00035532161517489325,0.011811002030389203,0.01629899830854404,0.07469084085177953
R3_METRS_LOW,45,0.00352970730273065,GlyRS_Gly,0.0001795486817885903,-4.642729578301482e-05,0.002698826943194437,0.0028783756249830274,0.012912911384911671
R3_METRS_LOW,45,0.00352970730273065,GlyRS_GlyAMP_PPi,5.122469375105562e-05,-1.095522367222986e-06,0.00033832651903981125,0.0003895512127908669,0.001804625485851243
R3_METRS_LOW,45,0.00352970730273065,GlyRS_Gly_ATP,0.0014858709153091308,-0.000269094510358884,0.022296340624992823,0.023782211540301954,0.0733527650100738
R3_METRS_LOW,45,0.00352970730273065,GlyRS_Gly_ATP_tRNAGlyGCC,-0.006649053160453167,0.0011314519986438,0.2706155012839631,0.26396644812350994,0.26907914707382335
R3_METRS_LOW,45,0.00352970730273065,GlyRS_Gly_tRNAGlyGCC,-0.0006548089871896562,0.0001237253289695287,0.032574961972328204,0.03192015298513855,0.032399853671165664
R3_METRS_LOW,45,0.00352970730273065,GlyRS_tRNAGlyGCC,0.0009361486823868787,-7.403184286249029e-05,0.002776387437388412,0.0037125361197752906,0.015802479111102753
R3_METRS_LOW,46,0.003827494478516315,GlyRS_AMP_GlytRNAGlyGCC,-1.491274128722813e-05,-1.4032102580410299e-05,6.375338659240744e-05,4.8840645305179314e-05,0.0012863532259807505
R3_METRS_LOW,46,0.003827494478516315,GlyRS_ATP,-1.2363600652566357e-06,-0.00038779046130280205,0.0013278523792344277,0.001326616019169171,0.20486991818501493
R3_METRS_LOW,46,0.003827494478516315,GlyRS_ATP_tRNAGlyGCC,0.0031676802313422986,-0.00035333003509217326,0.011798521606478865,0.014966201837821163,0.07469084085177953
R3_METRS_LOW,46,0.003827494478516315,GlyRS_Gly,0.00010401708377853324,-4.615992089967062e-05,0.002695995451906732,0.0028000125356852654,0.012912911384911671
R3_METRS_LOW,46,0.003827494478516315,GlyRS_GlyAMP_PPi,3.463050198070089e-05,-1.381987374621053e-06,0.00033733960402533754,0.0003719701060060384,0.001804625485851243
R3_METRS_LOW,46,0.003827494478516315,GlyRS_Gly_ATP,0.0008939717553932414,-0.00026752643529438265,0.022272943222487566,0.023166914977880808,0.0733527650100738
R3_METRS_LOW,46,0.003827494478516315,GlyRS_Gly_ATP_tRNAGlyGCC,-0.004396987288877274,0.001124857353245605,0.2703292771078266,0.26593228981894934,0.26907914707382335
R3_METRS_LOW,46,0.003827494478516315,GlyRS_Gly_tRNAGlyGCC,-0.00042697449912106056,0.0001230017743469312,0.03254051035475831,0.03211353585563725,0.032399853671165664
R3_METRS_LOW,46,0.003827494478516315,GlyRS_tRNAGlyGCC,0.0006609149574303527,-7.361717487355346e-05,0.0027734535939310406,0.0034343685513613933,0.015802479111102753
R3_METRS_LOW,47,0.004150404757850472,GlyRS_AMP_GlytRNAGlyGCC,-1.4491973560088382e-05,-1.3467290311044942e-05,6.975834646859031e-05,5.526637290850193e-05,0.0012863532259807505
R3_METRS_LOW,47,0.004150404757850472,GlyRS_ATP,-0.00012109021174480324,-0.00038533049242590997,0.0013263923814751128,0.0012053021697303096,0.20486991818501493
R3_METRS_LOW,47,0.004150404757850472,GlyRS_ATP_tRNAGlyGCC,0.0021373483315643566,-0.00035108643171214516,0.0117853657505876,0.013922714082151956,0.07469084085177953
R3_METRS_LOW,47,0.004150404757850472,GlyRS_Gly,5.02710182220447e-05,-4.5861834336884114e-05,0.0026930095585616124,0.002743280576783657,0.012912911384911671
R3_METRS_LOW,47,0.004150404757850472,GlyRS_GlyAMP_PPi,2.2138355048557012e-05,-1.6767583126936126e-06,0.0003363126987257753,0.0003584510537743323,0.001804625485851243
R3_METRS_LOW,47,0.004150404757850472,GlyRS_Gly_ATP,0.0004733089913687913,-0.00026578512183465986,0.022248270168716756,0.022721579160085548,0.0733527650100738
R3_METRS_LOW,47,0.004150404757850472,GlyRS_Gly_ATP_tRNAGlyGCC,-0.002691563369631944,0.001117521589622385,0.2700275662517561,0.26733600288212417,0.26907914707382335
R3_METRS_LOW,47,0.004150404757850472,GlyRS_Gly_tRNAGlyGCC,-0.00025537117885173627,0.00012219776875893005,0.03250419446868282,0.032248823289831086,0.032399853671165664
R3_METRS_LOW,47,0.004150404757850472,GlyRS_tRNAGlyGCC,0.000446076052672838,-7.314993494757655e-05,0.0027703609622928534,0.0032164370149656914,0.015802479111102753
R3_METRS_LOW,48,0.004500557675700498,GlyRS_AMP_GlytRNAGlyGCC,-1.399710889676687e-05,-1.2949990775127306e-05,7.601235544465895e-05,6.201524654789208e-05,0.0012863532259807505
R3_METRS_LOW,48,0.004500557675700498,GlyRS_ATP,-0.00020607803043777985,-0.0003825753893224114,0.001324844183568366,0.001118766153130586,0.20486991818501493
R3_METRS_LOW,48,0.004500557675700498,GlyRS_ATP_tRNAGlyGCC,0.0013572761407025895,-0.0003485714562537632,0.01177142931087817,0.01312870545158076,0.07469084085177953
R3_METRS_LOW,48,0.004500557675700498,GlyRS_Gly,1.353237937393387e-05,-4.553070060418218e-05,0.002689845574948767,0.002703377954322701,0.012912911384911671
R3_METRS_LOW,48,0.004500557675700498,GlyRS_GlyAMP_PPi,1.3132785520773979e-05,-1.954492585725869e-06,0.0003352955133512717,0.0003484282988720457,0.001804625485851243
R3_METRS_LOW,48,0.004500557675700498,GlyRS_Gly_ATP,0.0001864866264053508,-0.00026385774745440457,0.022222126068341314,0.022408612694746664,0.0733527650100738
R3_METRS_LOW,48,0.004500557675700498,GlyRS_Gly_ATP_tRNAGlyGCC,-0.0014390282347128691,0.0011093821590832417,0.2697079792117781,0.2682689509770652,0.26907914707382335
R3_METRS_LOW,48,0.004500557675700498,GlyRS_Gly_tRNAGlyGCC,-0.00013004992468396148,0.0001213064636673795,0.03246572666830588,0.03233567674362192,0.032399853671165664
R3_METRS_LOW,48,0.004500557675700498,GlyRS_tRNAGlyGCC,0.0002833791832763306,-7.262609106076741e-05,0.002767084846981213,0.0030504640302575436,0.015802479111102753
R3_METRS_LOW,49,0.004880251583654433,GlyRS_AMP_GlytRNAGlyGCC,-1.3473241546496846e-05,-1.249326812973364e-05,8.254312570633065e-05,6.90698841598338e-05,0.0012863532259807505
R3_METRS_LOW,49,0.004880251583654433,GlyRS_ATP,-0.00026461483374858865,-0.0003795083264346287,0.0013231955200990932,0.0010585806863505046,0.20486991818501493
R3_METRS_LOW,49,0.004880251583654433,GlyRS_ATP_tRNAGlyGCC,0.0007855629778159134,-0.0003457703493221028,0.011756605778899308,0.012542168756715221,0.07469084085177953
R3_METRS_LOW,49,0.004880251583654433,GlyRS_Gly,-1.048474286989955e-05,-4.516461181171512e-05,0.002686479804551875,0.0026759950616819755,0.012912911384911671
R3_METRS_LOW,49,0.004880251583654433,GlyRS_GlyAMP_PPi,6.929255431255765e-06,-2.1969050637346655e-06,0.0003343230450780759,0.00034125230050933167,0.001804625485851243
R3_METRS_LOW,49,0.004880251583654433,GlyRS_Gly_ATP,-3.229318707685669e-07,-0.00026173350251151905,0.022194315365141715,0.022193992433270946,0.0733527650100738
R3_METRS_LOW,49,0.004880251583654433,GlyRS_Gly_ATP_tRNAGlyGCC,-0.0005491649325513048,0.001100387600096013,0.2693680895100132,0.26881892457746187,0.26907914707382335
R3_METRS_LOW,49,0.004880251583654433,GlyRS_Gly_tRNAGlyGCC,-4.154884278965987e-05,0.00012032218889466393,0.032424814871431916,0.032383266028642256,0.032399853671165664
R3_METRS_LOW,49,0.004880251583654433,GlyRS_tRNAGlyGCC,0.00016410998245683242,-7.204257146199055e-05,0.0027636002281915687,0.002927710210648401,0.015802479111102753
R3_METRS_LOW,50,0.005291978735958442,GlyRS_AMP_GlytRNAGlyGCC,-1.2959225057123473e-05,-1.2101105872194019e-05,8.9388281388069e-05,7.642905633094553e-05,0.0012863532259807505
R3_METRS_LOW,50,0.005291978735958442,GlyRS_ATP,-0.00030337544464643083,-0.000376117275253778,0.0013214347752266331,0.0010180593305802023,0.20486991818501493
R3_METRS_LOW,50,0.005291978735958442,GlyRS_ATP_tRNAGlyGCC,0.00038104871680696116,-0.00034267261955183174,0.011740790911071313,0.012121839627878274,0.07469084085177953
R3_METRS_LOW,50,0.005291978735958442,GlyRS_Gly,-2.5406615611566017e-05,-4.4762073615523565e-05,0.0026828893477076265,0.0026574827320960605,0.012912911384911671
R3_METRS_LOW,50,0.005291978735958442,GlyRS_GlyAMP_PPi,2.8564572598831434e-06,-2.393364750967901e-06,0.00033341443962944014,0.0003362708968893233,0.001804625485851243
R3_METRS_LOW,50,0.005291978735958442,GlyRS_Gly_ATP,-0.00011585479085917533,-0.0002594035631352408,0.022164648987288406,0.02204879419642923,0.0733527650100738
R3_METRS_LOW,50,0.005291978735958442,GlyRS_Gly_ATP_tRNAGlyGCC,6.0385475412094713e-05,0.0010904974950424278,0.26900551618396873,0.2690659016593808,0.26907914707382335
R3_METRS_LOW,50,0.005291978735958442,GlyRS_Gly_tRNAGlyGCC,1.8681182781275785e-05,0.00011924045734342304,0.03238117248838439,0.032399853671165664,0.032399853671165664
R3_METRS_LOW,50,0.005291978735958442,GlyRS_tRNAGlyGCC,7.970127769251238e-05,-7.139719675033713e-05,0.0027598826125064782,0.0028395838901989906,0.015802479111102753
R3_METRS_LOW,51,0.005738441648302393,GlyRS_AMP_GlytRNAGlyGCC,-1.2483526501220235e-05,-1.1769814507686683e-05,9.659272064288858e-05,8.410919414166835e-05,0.0012863532259807505
R3_METRS_LOW,51,0.005738441648302393,GlyRS_ATP,-0.00032763668482272356,-0.00037239391786401206,0.001319551210729671,0.0009919145259069475,0.20486991818501493
R3_METRS_LOW,51,0.005738441648302393,GlyRS_ATP_tRNAGlyGCC,0.00010566579406461572,-0.0003392710171845655,0.011723885093536555,0.01182955088760117,0.07469084085177953
R3_METRS_LOW,51,0.005738441648302393,GlyRS_Gly,-3.413032466431133e-05,-4.4321916423142516e-05,0.002679052601476449,0.0026449222768121375,0.012912911384911671
R3_METRS_LOW,51,0.005738441648302393,GlyRS_GlyAMP_PPi,3.1649232538574247e-07,-2.540357750512609e-06,0.00033257417510352123,0.000332890667428907,0.001804625485851243
R3_METRS_LOW,51,0.005738441648302393,GlyRS_Gly_ATP,-0.00018308020929287683,-0.00025686068272122355,0.022132948484759694,0.021949868275466817,0.0733527650100738
R3_METRS_LOW,51,0.005738441648302393,GlyRS_Gly_ATP_tRNAGlyGCC,0.0004611686714764973,0.0010796804337686108,0.26861797840234686,0.26907914707382335,0.26907914707382335
R3_METRS_LOW,51,0.005738441648302393,GlyRS_Gly_tRNAGlyGCC,5.799637961630827e-05,0.00011805775419646927,0.0323345249941792,0.03239252137379551,0.032399853671165664
R3_METRS_LOW,51,0.005738441648302393,GlyRS_tRNAGlyGCC,2.222456167587242e-05,-7.068846471973933e-05,0.0027559085891276057,0.002778133150803478,0.015802479111102753
R3_METRS_LOW,52,0.006222570836730231,GlyRS_AMP_GlytRNAGlyGCC,-1.206229318500284e-05,-1.1490263982761513e-05,0.00010420551016042295,9.214321697542011e-05,0.0012863532259807505
R3_METRS_LOW,52,0.006222570836730231,GlyRS_ATP,-0.0003415230897818596,-0.0003683320311405288,0.0013175350173152294,0.0009760119275333698,0.20486991818501493
R3_METRS_LOW,52,0.006222570836730231,GlyRS_ATP_tRNAGlyGCC,-7.391028176933351e-05,-0.000335560047562202,0.011705794418276117,0.011631884136506784,0.07469084085177953
R3_METRS_LOW,52,0.006222570836730231,GlyRS_Gly,-3.884004043431871e-05,-4.384315359554395e-05,0.0026749494599749074,0.0026361094195405887,0.012912911384911671
R3_METRS_LOW,52,0.006222570836730231,GlyRS_GlyAMP_PPi,-1.1810298455423255e-06,-2.640069024259117e-06,0.000331795042044405,0.00033061401219886265,0.001804625485851243
R3_METRS_LOW,52,0.006222570836730231,GlyRS_Gly_ATP,-0.0002192803047923117,-0.0002540985023108001,0.022099047703120055,0.021879767398327744,0.0733527650100738
R3_METRS_LOW,52,0.006222570836730231,GlyRS_Gly_ATP_tRNAGlyGCC,0.0007124023976694538,0.0010679105176829551,0.2682033212633894,0.26891572366105887,0.26907914707382335
R3_METRS_LOW,52,0.006222570836730231,GlyRS_Gly_tRNAGlyGCC,8.243007977747768e-05,0.00011677116658210007,0.032284613030817,0.032367043110594476,0.032399853671165664
R3_METRS_LOW,52,0.006222570836730231,GlyRS_tRNAGlyGCC,-1.5264514460870248e-05,-6.991523928183049e-05,0.0027516560838989164,0.002736391569438046,0.015802479111102753
R3_METRS_LOW,53,0.006747544053110693,GlyRS_AMP_GlytRNAGlyGCC,-1.1699806470217455e-05,-1.1250403643104613e-05,0.00011227685375031814,0.00010057704728010069,0.0012863532259807505
R3_METRS_LOW,53,0.006747544053110693,GlyRS_ATP,-0.0003481907245972446,-0.0003639257352495716,0.001315377235438258,0.0009671865108410135,0.20486991818501493
R3_METRS_LOW,53,0.006747544053110693,GlyRS_ATP_tRNAGlyGCC,-0.00018535236115342982,-0.00033153438220041116,0.01168643070438554,0.01150107834323211,0.07469084085177953
R3_METRS_LOW,53,0.006747544053110693,GlyRS_Gly,-4.108673594002037e-05,-4.3324822583273266e-05,0.0026705612820222156,0.0026294745460821952,0.012912911384911671
R3_METRS_LOW,53,0.006747544053110693,GlyRS_GlyAMP_PPi,-2.009103307135335e-06,-2.6984809299398193e-06,0.000331062099715491,0.00032905299640835565,0.001804625485851243
R3_METRS_LOW,53,0.006747544053110693,GlyRS_Gly_ATP,-0.00023666831224185975,-0.0002511107595944254,0.022062792540857197,0.021826124228615337,0.0733527650100738
R3_METRS_LOW,53,0.006747544053110693,GlyRS_Gly_ATP_tRNAGlyGCC,0.0008607874111573599,0.0010551633156296793,0.2677595178090829,0.2686203052202403,0.26907914707382335
R3_METRS_LOW,53,0.006747544053110693,GlyRS_Gly_tRNAGlyGCC,9.669790315720156e-05,0.0001153779511471951,0.032231192646238346,0.03232789054939555,0.032399853671165664
R3_METRS_LOW,53,0.006747544053110693,GlyRS_tRNAGlyGCC,-3.853525578163689e-05,-6.907641824602496e-05,0.0027471043657856073,0.0027085691100039704,0.015802479111102753
R3_METRS_LOW,54,0.007316807143427192,GlyRS_AMP_GlytRNAGlyGCC,-1.1390892419254703e-05,-1.1037559516765242e-05,0.00012085558368152575,0.00010946469126227105,0.0012863532259807505
R3_METRS_LOW,54,0.007316807143427192,GlyRS_ATP,-0.00034998029227947206,-0.00035916801828617085,0.0013130696101369657,0.0009630893178574937,0.20486991818501493
R3_METRS_LOW,54,0.007316807143427192,GlyRS_ATP_tRNAGlyGCC,-0.00025046383100280414,-0.00032718753780868094,0.011665710864907015,0.011415247033904211,0.07469084085177953
R3_METRS_LOW,54,0.007316807143427192,GlyRS_Gly,-4.190450592737437e-05,-4.276584892702962e-05,0.0026658707278596726,0.002623966221932298,0.012912911384911671
R3_METRS_LOW,54,0.007316807143427192,GlyRS_GlyAMP_PPi,-2.4317164905845318e-06,-2.723420301131095e-06,0.0003303567235785517,0.00032792500708796716,0.001804625485851243
R3_METRS_LOW,54,0.007316807143427192,GlyRS_Gly_ATP,-0.00024332696757244088,-0.0002478906042079059,0.022024039625459478,0.021780712657887037,0.0733527650100738
R3_METRS_LOW,54,0.007316807143427192,GlyRS_Gly_ATP_tRNAGlyGCC,0.0009413828202609054,0.0010414123002752608,0.2672846560776451,0.268226038897906,0.26907914707382335
R3_METRS_LOW,54,0.007316807143427192,GlyRS_Gly_tRNAGlyGCC,0.00010430859100574175,0.00011387515057520682,0.032174033732601845,0.03227834232360759,0.032399853671165664
R3_METRS_LOW,54,0.007316807143427192,GlyRS_tRNAGlyGCC,-5.2135161186548946e-05,-6.817065730555817e-05,0.0027422338995840055,0.0026900987383974566,0.015802479111102753
R3_METRS_LOW,55,0.007934096665797492,GlyRS_AMP_GlytRNAGlyGCC,-1.1124422361790437e-05,-1.084014881483869e-05,0.00012998743303993497,0.00011886301067814453,0.0012863532259807505
R3_METRS_LOW,55,0.007934096665797492,GlyRS_ATP,-0.00034855913350263334,-0.0003540498472672276,0.001310604443794976,0.0009620453102923426,0.20486991818501493
R3_METRS_LOW,55,0.007934096665797492,GlyRS_ATP_tRNAGlyGCC,-0.00028552565160615447,-0.0003225110986578262,0.011643556060577431,0.011358030408971277,0.07469084085177953
R3_METRS_LOW,55,0.007934096665797492,GlyRS_Gly,-4.193788035286713e-05,-4.216496489947113e-05,0.002660861570665764,0.0026189236903128967,0.012912911384911671
R3_METRS_LOW,55,0.007934096665797492,GlyRS_GlyAMP_PPi,-2.6229416041742733e-06,-2.722910841542949e-06,0.00032966001592892426,0.00032703707432475,0.001804625485851243
R3_METRS_LOW,55,0.007934096665797492,GlyRS_Gly_ATP,-0.00024424101001097043,-0.00024443019004959186,0.021982654777140807,0.021738413767129837,0.0733527650100738
R3_METRS_LOW,55,0.007934096665797492,GlyRS_Gly_ATP_tRNAGlyGCC,0.0009792005136249893,0.0010266266000090933,0.26677692101754175,0.26775612153116674,0.26907914707382335
R3_METRS_LOW,55,0.007934096665797492,GlyRS_Gly_tRNAGlyGCC,0.00010774322313213125,0.00011225934995166016,0.03211291784686958,0.03222066107000171,0.032399853671165664
R3_METRS_LOW,55,0.007934096665797492,GlyRS_tRNAGlyGCC,-5.94611814097464e-05,-6.719620767583825e-05,0.002737026148325159,0.0026775649669154127,0.015802479111102753
R3_METRS_LOW,56,0.00860346441668451,GlyRS_AMP_GlytRNAGlyGCC,-1.0886905841072715e-05,-1.064866344612383e-05,0.00013971412341657087,0.00012882721757549815,0.0012863532259807505
R3_METRS_LOW,56,0.00860346441668451,GlyRS_ATP,-0.0003450587850436297,-0.00034855998972134163,0.0013079744952895986,0.0009629157102459689,0.20486991818501493
R3_METRS_LOW,56,0.00860346441668451,GlyRS_ATP_tRNAGlyGCC,-0.0003020348224136316,-0.0003174945878671579,0.011619891013398416,0.011317856190984785,0.07469084085177953
R3_METRS_LOW,56,0.00860346441668451,GlyRS_Gly,-4.15601500319651e-05,-4.152069702229034e-05,0.0026555185672265105,0.0026139584171945454,0.012912911384911671
R3_METRS_LOW,56,0.00860346441668451,GlyRS_GlyAMP_PPi,-2.68969059530257e-06,-2.704040378837522e-06,0.00032895515495885773,0.00032626546436355516,0.001804625485851243
R3_METRS_LOW,56,0.00860346441668451,GlyRS_Gly_ATP,-0.00024225533450740813,-0.00024072062568782586,0.02193851195451449,0.02169625662000708,0.0733527650100738
R3_METRS_LOW,56,0.00860346441668451,GlyRS_Gly_ATP_tRNAGlyGCC,0.0009911573087061365,0.0010107704642274907,0.26623457963837865,0.2672257369470848,0.26907914707382335
R3_METRS_LOW,56,0.00860346441668451,GlyRS_Gly_tRNAGlyGCC,0.00010866508684061194,0.00011052661708122537,0.03204763642214797,0.03215630150898858,0.032399853671165664
R3_METRS_LOW,56,0.00860346441668451,GlyRS_tRNAGlyGCC,-6.291291309673671e-05,-6.615088933164031e-05,0.0027314634128605673,0.0026685504997638306,0.015802479111102753
R3_METRS_LOW,57,0.009329304026284686,GlyRS_AMP_GlytRNAGlyGCC,-1.0665366542801218e-05,-1.0455975196917021e-05,0.0001500731127864777,0.00013940774624367647,0.0012863532259807505
R3_METRS_LOW,57,0.009329304026284686,GlyRS_ATP,-0.00034020536284675687,-0.00034268546807666886,0.0013051729515561753,0.0009649675887094184,0.20486991818501493
R3_METRS_LOW,57,0.009329304026284686,GlyRS_ATP_tRNAGlyGCC,-0.0003076462486692015,-0.0003121259106086847,0.011594643721014219,0.011286997472345017,0.07469084085177953
R3_METRS_LOW,57,0.009329304026284686,GlyRS_Gly,-4.0970543709667115e-05,-4.083141638113312e-05,0.0026498274377558632,0.002608856894046196,0.012912911384911671
R3_METRS_LOW,57,0.009329304026284686,GlyRS_GlyAMP_PPi,-2.693037203685346e-06,-2.6723871070722493e-06,0.0003282285965447847,0.0003255355593410994,0.001804625485851243
R3_METRS_LOW,57,0.009329304026284686,GlyRS_Gly_ATP,-0.00023885740590292096,-0.00023675225597694142,0.021891493094722738,0.021652635688819817,0.0733527650100738
R3_METRS_LOW,57,0.009329304026284686,GlyRS_Gly_ATP_tRNAGlyGCC,0.0009880668276665006,0.000993804325490004,0.2656559748859662,0.2666440417136327,0.26907914707382335
R3_METRS_LOW,57,0.009329304026284686,GlyRS_Gly_tRNAGlyGCC,0.00010812807516864115,0.00010867261525998585,0.0319779900303185,0.032086118105487144,0.032399853671165664
R3_METRS_LOW,57,0.009329304026284686,GlyRS_tRNAGlyGCC,-6.408852797780374e-05,-6.50321836705388e-05,0.0027255287652394895,0.0026614402372616857,0.015802479111102753
R3_METRS_LOW,58,0.01011637979766207,GlyRS_AMP_GlytRNAGlyGCC,-1.0449086210432477e-05,-1.0257148906433628e-05,0.0001610977405458687,0.00015064865433543623,0.0012863532259807505
R3_METRS_LOW,58,0.01011637979766207,GlyRS_ATP,-0.0003344360116721666,-0.00033641242311293116,0.0013021934764402036,0.000967757464768037,0.20486991818501493
R3_METRS_LOW,58,0.01011637979766207,GlyRS_ATP_tRNAGlyGCC,-0.00030714766482126295,-0.0003063921619883033,0.011567745671586116,0.011260598006764853,0.07469084085177953
R3_METRS_LOW,58,0.01011637979766207,GlyRS_Gly,-4.026583912237081e-05,-4.0095430203669754e-05,0.00264377497087183,0.0026035091317494594,0.012912911384911671
R3_METRS_LOW,58,0.01011637979766207,GlyRS_GlyAMP_PPi,-2.665350363793373e-06,-2.631915590275198e-06,0.0003274703154122717,0.00032480496504847835,0.001804625485851243
R3_METRS_LOW,58,0.01011637979766207,GlyRS_Gly_ATP,-0.00023474859071145535,-0.00023251516340928345,0.02184148898142611,0.021606740390714654,0.0733527650100738
R3_METRS_LOW,58,0.01011637979766207,GlyRS_Gly_ATP_tRNAGlyGCC,0.0009764367284475495,0.0009756869431313438,0.2650395305993619,0.26601596732780947,0.26907914707382335
R3_METRS_LOW,58,0.01011637979766207,GlyRS_Gly_tRNAGlyGCC,0.0001067609073151024,0.00010669283353817882,0.031903788979573924,0.03201054988688903,0.032399853671165664
R3_METRS_LOW,58,0.01011637979766207,GlyRS_tRNAGlyGCC,-6.398786506415935e-05,-6.383740226993196e-05,0.002719206099378486,0.0026552182343143266,0.015802479111102753
R3_METRS_LOW,59,0.01096985797892384,GlyRS_AMP_GlytRNAGlyGCC,-1.023022470482643e-05,-1.0048994816949808e-05,0.00017281749230690674,0.0001625872676020803,0.0012863532259807505
R3_METRS_LOW,59,0.01096985797892384,GlyRS_ATP,-0.00032799529941258455,-0.000329727116926097,0.0012990303274624702,0.0009710350280498856,0.20486991818501493
R3_METRS_LOW,59,0.01096985797892384,GlyRS_ATP_tRNAGlyGCC,-0.0003033395276129478,-0.00030028055358989375,0.011539132549960059,0.011235793022347111,0.07469084085177953
R3_METRS_LOW,59,0.01096985797892384,GlyRS_Gly,-3.948794343852863e-05,-3.9311087666302843e-05,0.0026373492455909423,0.0025978613021524137,0.012912911384911671
R3_METRS_LOW,59,0.01096985797892384,GlyRS_GlyAMP_PPi,-2.6224885936178516e-06,-2.5851815266021247e-06,0.00032667341827237223,0.0003240509296787544,0.001804625485851243
R3_METRS_LOW,59,0.01096985797892384,GlyRS_Gly_ATP,-0.00023021887685229989,-0.0002279997457246139,0.02178840107550991,0.02155818219865761,0.0733527650100738
R3_METRS_LOW,59,0.01096985797892384,GlyRS_Gly_ATP_tRNAGlyGCC,0.0009599364166860136,0.0009563779604238684,0.26438376747026177,0.2653437038869478,0.26907914707382335
R3_METRS_LOW,59,0.01096985797892384,GlyRS_Gly_tRNAGlyGCC,0.00010491502040915063,0.00010458286255269231,0.03182485523696184,0.03192977025737099,0.032399853671165664
R3_METRS_LOW,59,0.01096985797892384,GlyRS_tRNAGlyGCC,-6.319589346467187e-05,-6.256388035144469e-05,0.0027124802969835057,0.002649284403518834,0.015802479111102753
R3_METRS_LOW,60,0.011895340673703195,GlyRS_AMP_GlytRNAGlyGCC,-1.0003621008963402e-05,-9.82956072934752e-06,0.00018525816510348565,0.00017525454409452224,0.0012863532259807505
R3_METRS_LOW,60,0.011895340673703195,GlyRS_ATP,-0.0003210086872308441,-0.0003226168581752803,0.001295678525439466,0.0009746698382086219,0.20486991818501493
R3_METRS_LOW,60,0.011895340673703195,GlyRS_ATP_tRNAGlyGCC,-0.0002977458041231208,-0.0002937792626495208,0.011508745367646487,0.011210999563523366,0.07469084085177953
R3_METRS_LOW,60,0.011895340673703195,GlyRS_Gly,-3.8652364841090196e-05,-3.847687770281823e-05,0.0026305399511315167,0.0025918875862904265,0.012912911384911671
R3_METRS_LOW,60,0.011895340673703195,GlyRS_GlyAMP_PPi,-2.5715971528865325e-06,-2.5336767674188723e-06,0.0003258334760511678,0.0003232618788982813,0.001804625485851243
R3_METRS_LOW,60,0.011895340673703195,GlyRS_Gly_ATP,-0.00022536704524551282,-0.0002231972504410665,0.021732144151984746,0.021506777106739233,0.0733527650100738
R3_METRS_LOW,60,0.011895340673703195,GlyRS_Gly_ATP_tRNAGlyGCC,0.0009404928168135762,0.0009358403139519152,0.263687328595327,0.2646278214121406,0.26907914707382335
R3_METRS_LOW,60,0.011895340673703195,GlyRS_Gly_tRNAGlyGCC,0.0001027733408761819,0.00010233865515284294,0.031741025505965435,0.03184379884684162,0.032399853671165664
R3_METRS_LOW,60,0.011895340673703195,GlyRS_tRNAGlyGCC,-6.203101294630867e-05,-6.120915403358194e-05,0.002705337492991863,0.0026433064800455543,0.015802479111102753
R3_METRS_LOW,61,0.01289890261253308,GlyRS_AMP_GlytRNAGlyGCC,-9.766181906306886e-06,-9.597693301163327e-06,0.00019844180511165084,0.00018867562320534396,0.0012863532259807505
R3_METRS_LOW,61,0.01289890261253308,GlyRS_ATP,-0.00031353393973671917,-0.00031507074110613276,0.0012921340630311713,0.0009786001232944522,0.20486991818501493
R3_METRS_LOW,61,0.01289890261253308,GlyRS_ATP_tRNAGlyGCC,-0.00029113338412028317,-0.00028687810802676203,0.011476531936759382,0.011185398552639099,0.07469084085177953
R3_METRS_LOW,61,0.01289890261253308,GlyRS_Gly,-3.776346743699808e-05,-3.7591507641854225e-05,0.002623338785012982,0.002585575317575984,0.012912911384911671
R3_METRS_LOW,61,0.01289890261253308,GlyRS_GlyAMP_PPi,-2.515614705244902e-06,-2.4781841908495557e-06,0.00032494784378009654,0.00032243222907485164,0.001804625485851243
R3_METRS_LOW,61,0.01289890261253308,GlyRS_Gly_ATP,-0.0002202155426421215,-0.00021810020609265338,0.02167264958356068,0.02145243404091856,0.0733527650100738
R3_METRS_LOW,61,0.01289890261253308,GlyRS_Gly_ATP_tRNAGlyGCC,0.0009190410890048684,0.0009140422011986146,0.26294901289720385,0.2638680539862087,0.26907914707382335
R3_METRS_LOW,61,0.01289890261253308,GlyRS_Gly_tRNAGlyGCC,0.00010042381488842983,9.995673977662462e-05,0.03165215525132964,0.03175257906621807,0.032399853671165664
R3_METRS_LOW,61,0.01289890261253308,GlyRS_tRNAGlyGCC,-6.065347943999327e-05,-5.977110138579198e-05,0.002697765421863937,0.0026371119424239437,0.015802479111102753
R3_METRS_LOW,62,0.013987131026472387,GlyRS_AMP_GlytRNAGlyGCC,-9.516201268425993e-06,-9.352722514568199e-06,0.00021238637707764134,0.00020287017580921534,0.0012863532259807505
R3_METRS_LOW,62,0.013987131026472387,GlyRS_ATP,-0.00030559409324130765,-0.00030708019917306985,0.0012883941427821264,0.0009828000495408187,0.20486991818501493
R3_METRS_LOW,62,0.013987131026472387,GlyRS_ATP_tRNAGlyGCC,-0.00028385670435547225,-0.0002795690567237548,0.011442448623253054,0.011158591918897582,0.07469084085177953
R3_METRS_LOW,62,0.013987131026472387,GlyRS_Gly,-3.6821710975693065e-05,-3.6653962934993424e-05,0.002615739915273359,0.002578918204297666,0.012912911384911671
R3_METRS_LOW,62,0.013987131026472387,GlyRS_GlyAMP_PPi,-2.4556326300489355e-06,-2.419068266140338e-06,0.0003240151211791358,0.0003215594885490869,0.001804625485851243
R3_METRS_LOW,62,0.013987131026472387,GlyRS_Gly_ATP,-0.00021476279592107933,-0.00021270275210290824,0.02160986915472248,0.021395106358801402,0.0733527650100738
R3_METRS_LOW,62,0.013987131026472387,GlyRS_Gly_ATP_tRNAGlyGCC,0.0008959967458358475,0.0008909585953428947,0.2621678149923865,0.26306381173822235,0.26907914707382335
R3_METRS_LOW,62,0.013987131026472387,GlyRS_Gly_tRNAGlyGCC,9.790510285091758e-05,9.743438515106584e-05,0.03155812349984917,0.03165602860270009,0.032399853671165664
R3_METRS_LOW,62,0.013987131026472387,GlyRS_tRNAGlyGCC,-5.913737224249151e-05,-5.8248048084137585e-05,0.0026897538295824106,0.002630616457339919,0.015802479111102753
R3_METRS_LOW,63,0.015167168884709226,GlyRS_AMP_GlytRNAGlyGCC,-9.2528091961521e-06,-9.094268332781762e-06,0.00022710518456149463,0.00021785237536534253,0.0012863532259807505
R3_METRS_LOW,63,0.015167168884709226,GlyRS_ATP,-0.0002971968178585233,-0.000298639442908862,0.001284457439845766,0.0009872606219872427,0.20486991818501493
R3_METRS_LOW,63,0.015167168884709226,GlyRS_ATP_tRNAGlyGCC,-0.0002760653671356455,-0.00027184662662393857,0.011406462337297685,0.01113039697016204,0.07469084085177953
R3_METRS_LOW,63,0.015167168884709226,GlyRS_Gly,-3.582664082290958e-05,-3.5663555540284965e-05,0.0026077404986100286,0.002571913857787119,0.012912911384911671
R3_METRS_LOW,63,0.015167168884709226,GlyRS_GlyAMP_PPi,-2.392013455288953e-06,-2.356477849389226e-06,0.0003230348026827287,0.00032064278922743975,0.001804625485851243
R3_METRS_LOW,63,0.015167168884709226,GlyRS_Gly_ATP,-0.00020900333728010242,-0.00020700090922685303,0.02154377933890447,0.021334776001624367,0.0733527650100738
R3_METRS_LOW,63,0.015167168884709226,GlyRS_Gly_ATP_tRNAGlyGCC,0.0008715277417771783,0.0008665724813373322,0.26134297055867683,0.262214498300454,0.26907914707382335
R3_METRS_LOW,63,0.015167168884709226,GlyRS_Gly_tRNAGlyGCC,9.523263940846433e-05,9.476973501192852e-05,0.031458838303064784,0.03155407094247325,0.032399853671165664
R3_METRS_LOW,63,0.015167168884709226,GlyRS_tRNAGlyGCC,-5.75139640252029e-05,-5.6638851385897196e-05,0.0026812949414679885,0.0026237809774427856,0.015802479111102753
R3_METRS_LOW,64,0.016446761779946643,GlyRS_AMP_GlytRNAGlyGCC,-8.97561203129442e-06,-8.822141183022024e-06,0.00024260608830939352,0.0002336304762780991,0.0012863532259807505
R3_METRS_LOW,64,0.016446761779946643,GlyRS_ATP,-0.00028834486262792705,-0.0002897458687013177,0.0012803243874418707,0.0009919795248139436,0.20486991818501493
R3_METRS_LOW,64,0.016446761779946643,GlyRS_ATP_tRNAGlyGCC,-0.00026781749615433295,-0.0002637082656066628,0.011368552734548445,0.011100735238394112,0.07469084085177953
R3_METRS_LOW,64,0.016446761779946643,GlyRS_Gly,-3.4777934064332116e-05,-3.4619970323763425e-05,0.002599341249864701,0.002564563315800369,0.012912911384911671
R3_METRS_LOW,64,0.016446761779946643,GlyRS_GlyAMP_PPi,-2.3248704907274606e-06,-2.2904703535560986e-06,0.0003220070982786465,0.000319682227787919,0.001804625485851243
R3_METRS_LOW,64,0.016446761779946643,GlyRS_Gly_ATP,-0.00020293389339012813,-0.0002009928423229671,0.02147438600080898,0.02127145210741885,0.0733527650100738
R3_METRS_LOW,64,0.016446761779946643,GlyRS_Gly_ATP_tRNAGlyGCC,0.0008456978294074657,0.0008408760377449651,0.2604740065933471,0.26131970442275454,0.26907914707382335
R3_METRS_LOW,64,0.016446761779946643,GlyRS_Gly_tRNAGlyGCC,9.241224271330784e-05,9.196193709193475e-05,0.03135424278860717,0.03144665503132048,0.032399853671165664
R3_METRS_LOW,64,0.016446761779946643,GlyRS_tRNAGlyGCC,-5.5795405874803795e-05,-5.494297915596569e-05,0.0026723839796366443,0.0026165885737618405,0.015802479111102753
R3_METRS_LOW,65,0.017834308769319095,GlyRS_AMP_GlytRNAGlyGCC,-8.684498239122987e-06,-8.536302714649453e-06,0.00025889057487054907,0.0002502060766314261,0.0012863532259807505
R3_METRS_LOW,65,0.017834308769319095,GlyRS_ATP,-0.00027904130793122484,-0.000280400504530468,0.0012759974837620936,0.0009969561758308688,0.20486991818501493
R3_METRS_LOW,65,0.017834308769319095,GlyRS_ATP_tRNAGlyGCC,-0.00025913568828725246,-0.000255154767579282,0.011328714606160294,0.011069578917873042,0.07469084085177953
R3_METRS_LOW,65,0.017834308769319095,GlyRS_Gly,-3.3675702315294834e-05,-3.352331656759777e-05,0.0025905470587347878,0.002556871356419493,0.012912911384911671
R3_METRS_LOW,65,0.017834308769319095,GlyRS_GlyAMP_PPi,-2.2542541901020004e-06,-2.2210797923214077e-06,0.00032093287846345796,0.00031867862427335596,0.001804625485851243
R3_METRS_LOW,65,0.017834308769319095,GlyRS_Gly_ATP,-0.00019655456079495717,-0.00019467915451014837,0.02140172948954616,0.0212051749287512,0.0733527650100738
R3_METRS_LOW,65,0.017834308769319095,GlyRS_Gly_ATP_tRNAGlyGCC,0.0008185355503372849,0.0008138719376501596,0.259560796036451,0.2603793315867883,0.26907914707382335
R3_METRS_LOW,65,0.017834308769319095,GlyRS_Gly_tRNAGlyGCC,8.94466212309486e-05,8.901128514167474e-05,0.03124432173698862,0.03133376835821957,0.032399853671165664
R3_METRS_LOW,65,0.017834308769319095,GlyRS_tRNAGlyGCC,-5.3986420332836904e-05,-5.3160596580470096e-05,0.002663019724876718,0.002609033304543881,0.015802479111102753
R3_METRS_LOW,66,0.0193389175045523,GlyRS_AMP_GlytRNAGlyGCC,-8.379555011022962e-06,-8.236859944123377e-06,0.00027595272144448357,0.0002675731664334606,0.0012863532259807505
R3_METRS_LOW,66,0.0193389175045523,GlyRS_ATP,-0.00026929214359758193,-0.00027060852409651085,0.0012714816180171898,0.0010021894744196079,0.20486991818501493
R3_METRS_LOW,66,0.0193389175045523,GlyRS_ATP_tRNAGlyGCC,-0.00025003197405491263,-0.0002461907539104374,0.01128696042875225,0.011036928454697337,0.07469084085177953
R3_METRS_LOW,66,0.0193389175045523,GlyRS_Gly,-3.252057575687389e-05,-3.2374187860089733e-05,0.00258136764751896,0.002548847071762086,0.012912911384911671
R3_METRS_LOW,66,0.0193389175045523,GlyRS_GlyAMP_PPi,-2.1802187645224573e-06,-2.148351144598393e-06,0.00031981369603416445,0.000317633477269642,0.001804625485851243
R3_METRS_LOW,66,0.0193389175045523,GlyRS_Gly_ATP,-0.00018986882489691048,-0.00018806323047244547,0.021325890071132635,0.021136021246235724,0.0733527650100738
R3_METRS_LOW,66,0.0193389175045523,GlyRS_Gly_ATP_tRNAGlyGCC,0.0007900647736699407,0.0007855748506755218,0.25860361608156984,0.2593936808552398,0.26907914707382335
R3_METRS_LOW,66,0.0193389175045523,GlyRS_Gly_tRNAGlyGCC,8.633824792764547e-05,8.591938287000346e-05,0.03112910860232543,0.031215446850253077,0.032399853671165664
R3_METRS_LOW,66,0.0193389175045523,GlyRS_tRNAGlyGCC,-5.208951842512223e-05,-5.1292666512592964e-05,0.002653205116161222,0.0026011155977361,0.015802479111102753
R3_METRS_LOW,67,0.02097046401323233,GlyRS_AMP_GlytRNAGlyGCC,-8.061045524346028e-06,-7.924075547254183e-06,0.0002937780958686329,0.00028571705034428685,0.0012863532259807505
R3_METRS_LOW,67,0.02097046401323233,GlyRS_ATP,-0.00025910764053962217,-0.0002603798301712063,0.0012667844113305462,0.001007676770790924,0.20486991818501493
R3_METRS_LOW,67,0.02097046401323233,GlyRS_ATP_tRNAGlyGCC,-0.00024051798006401344,-0.00023682522062833575,0.011243323031538655,0.011002805051474641,0.07469084085177953
R3_METRS_LOW,67,0.02097046401323233,GlyRS_Gly,-3.13137526205408e-05,-3.1173730264201257e-05,0.0025718182600782845,0.0025405045074577436,0.012912911384911671
R3_METRS_LOW,67,0.02097046401323233,GlyRS_GlyAMP_PPi,-2.10284562176139e-06,-2.0723574065599685e-06,0.000318651849277628,0.00031654900365586663,0.001804625485851243
R3_METRS_LOW,67,0.02097046401323233,GlyRS_Gly_ATP,-0.00018288359356967085,-0.0001811516277865984,0.0212469936190063,0.02106411002543663,0.0733527650100738
R3_METRS_LOW,67,0.02097046401323233,GlyRS_Gly_ATP_tRNAGlyGCC,0.0007603175404440887,0.0007560131455932169,0.257603209180969,0.2583635267214131,0.26907914707382335
R3_METRS_LOW,67,0.02097046401323233,GlyRS_Gly_tRNAGlyGCC,8.309057926100122e-05,8.268932973222161e-05,0.031008692857504412,0.031091783436765413,0.032399853671165664
R3_METRS_LOW,67,0.02097046401323233,GlyRS_tRNAGlyGCC,-5.010712380083132e-05,-4.934106352915374e-05,0.0026429478777274516,0.0025928407539266203,0.015802479111102753
R3_METRS_LOW,68,0.022739657523579274,GlyRS_AMP_GlytRNAGlyGCC,-7.729414043291236e-06,-7.598384895785204e-06,0.0003123426276967948,0.00030461321365350355,0.0012863532259807505
R3_METRS_LOW,68,0.022739657523579274,GlyRS_ATP,-0.00024850325063742506,-0.0002497296882206456,0.0012619165657697428,0.0010134133151323177,0.20486991818501493
R3_METRS_LOW,68,0.022739657523579274,GlyRS_ATP_tRNAGlyGCC,-0.00023060887253195834,-0.00022707213360200905,0.011197858319506093,0.010967249446974135,0.07469084085177953
R3_METRS_LOW,68,0.022739657523579274,GlyRS_Gly,-3.0057059036841822e-05,-2.9923716471326137e-05,0.0025619203677393013,0.0025318633087024595,0.012912911384911671
R3_METRS_LOW,68,0.022739657523579274,GlyRS_GlyAMP_PPi,-2.0222532556663994e-06,-1.9932089640113754e-06,0.00031745046435751906,0.00031542821110185266,0.001804625485851243
R3_METRS_LOW,68,0.022739657523579274,GlyRS_Gly_ATP,-0.00017560943559744024,-0.0001739545028913093,0.021165217444497682,0.02098960800890024,0.0733527650100738
R3_METRS_LOW,68,0.022739657523579274,GlyRS_Gly_ATP_tRNAGlyGCC,0.0007293397173672722,0.0007252307385618434,0.25656084533744905,0.2572901850548163,0.26907914707382335
R3_METRS_LOW,68,0.022739657523579274,GlyRS_Gly_tRNAGlyGCC,7.970860775595445e-05,7.932592257151257e-05,0.030883227494370162,0.030962936102126117,0.032399853671165664
R3_METRS_LOW,68,0.022739657523579274,GlyRS_tRNAGlyGCC,-4.804239684060149e-05,-4.7308697991877236e-05,0.002632261159349601,0.0025842187625089996,0.015802479111102753
R3_METRS_LOW,69,0.024658110758226038,GlyRS_AMP_GlytRNAGlyGCC,-7.385301515022203e-06,-7.260415213347055e-06,0.0003316114884671311,0.0003242261869521089,0.0012863532259807505
R3_METRS_LOW,69,0.024658110758226038,GlyRS_ATP,-0.00023750034167537514,-0.00023867938077623842,0.0012568922122079991,0.001019391870532624,0.20486991818501493
R3_METRS_LOW,69,0.024658110758226038,GlyRS_ATP_tRNAGlyGCC,-0.00022032501005552103,-0.0002169510441642718,0.011150647970493715,0.010930322960438194,0.07469084085177953
R3_METRS_LOW,69,0.024658110758226038,GlyRS_Gly,-2.875302018544735e-05,-2.8626622472571646e-05,0.0025517023729269036,0.0025229493527414563,0.012912911384911671
R3_METRS_LOW,69,0.024658110758226038,GlyRS_GlyAMP_PPi,-1.938603491074978e-06,-1.9110599705500383e-06,0.000316213584266309,0.000314274980775234,0.001804625485851243
R3_METRS_LOW,69,0.024658110758226038,GlyRS_Gly_ATP,-0.00016806095496599283,-0.0001664860517354583,0.021080796108466606,0.020912735153500613,0.0733527650100738
R3_METRS_LOW,69,0.024658110758226038,GlyRS_Gly_ATP_tRNAGlyGCC,0.0006971940736027471,0.0006932890021370739,0.25547838379779336,0.2561755778713961,0.26907914707382335
R3_METRS_LOW,69,0.024658110758226038,GlyRS_Gly_tRNAGlyGCC,7.619917764628559e-05,7.583586386288126e-05,0.030752936452030886,0.030829135629677172,0.032399853671165664
R3_METRS_LOW,69,0.024658110758226038,GlyRS_tRNAGlyGCC,-4.589957982186702e-05,-4.519964437230635e-05,0.002621164170492232,0.002575264590670365,0.015802479111102753
R3_METRS_LOW,70,0.026738416158399468,GlyRS_AMP_GlytRNAGlyGCC,-7.029563762049444e-06,-6.9110045402296445e-06,0.0003515380254378174,0.00034450846167576797,0.0012863532259807505
R3_METRS_LOW,70,0.026738416158399468,GlyRS_ATP,-0.00022612686143303764,-0.00022725684738381712,0.0012517292450170267,0.001025602383583989,0.20486991818501493
R3_METRS_LOW,70,0.026738416158399468,GlyRS_ATP_tRNAGlyGCC,-0.00020969284505529227,-0.00020648769228641387,0.011101802001167912,0.01089210915611262,0.07469084085177953
R3_METRS_LOW,70,0.026738416158399468,GlyRS_Gly,-2.7404934865178296e-05,-2.728570264640363e-05,0.002541200286034451,0.0025137953511692726,0.012912911384911671
R3_METRS_LOW,70,0.026738416158399468,GlyRS_GlyAMP_PPi,-1.8521067883638456e-06,-1.8261135666273607e-06,0.0003149462569234951,0.00031309415013513125,0.001804625485851243
R3_METRS_LOW,70,0.026738416158399468,GlyRS_Gly_ATP,-0.00016025721269377277,-0.0001587649415802408,0.020994027011727,0.020833769799033227,0.0733527650100738
R3_METRS_LOW,70,0.026738416158399468,GlyRS_Gly_ATP_tRNAGlyGCC,0.0006639624950698364,0.0006602686336420393,0.2543583317410723,0.25502229423614214,0.26907914707382335
R3_METRS_LOW,70,0.026738416158399468,GlyRS_Gly_tRNAGlyGCC,7.257122075369354e-05,7.222796550251912e-05,0.030618121683578116,0.03069069290433181,0.032399853671165664
R3_METRS_LOW,70,0.026738416158399468,GlyRS_tRNAGlyGCC,-4.368418499108191e-05,-4.301926698414543e-05,0.0026096827836587563,0.0025659985986676744,0.015802479111102753
R3_METRS_LOW,71,0.028994228538828753,GlyRS_AMP_GlytRNAGlyGCC,-6.6632887899249304e-06,-6.5512190618538554e-06,0.00037206280170554493,0.00036539951291562,0.0012863532259807505
R3_METRS_LOW,71,0.028994228538828753,GlyRS_ATP,-0.00021441793389647096,-0.0002154972710921909,0.0012464496288387855,0.0010320316949423145,0.20486991818501493
R3_METRS_LOW,71,0.028994228538828753,GlyRS_ATP_tRNAGlyGCC,-0.0001987455724884353,-0.00019571456059917674,0.011051461072823322,0.010852715500334887,0.07469084085177953
R3_METRS_LOW,71,0.028994228538828753,GlyRS_Gly,-2.60169458873704e-05,-2.5905058721442714e-05,0.0025304583455417915,0.002504441399654421,0.012912911384911671
R3_METRS_LOW,71,0.028994228538828753,GlyRS_GlyAMP_PPi,-1.7630270303728977e-06,-1.7386264173116062e-06,0.0003136546170971439,0.000311891590066771,0.001804625485851243
R3_METRS_LOW,71,0.028994228538828753,GlyRS_Gly_ATP,-0.000152222133787943,-0.0001508147079418381,0.020905275516490424,0.02075305338270248,0.0733527650100738
R3_METRS_LOW,71,0.028994228538828753,GlyRS_Gly_ATP_tRNAGlyGCC,0.00062974782439712,0.0006262713698069777,0.2532038970050772,0.25383364482947435,0.26907914707382335
R3_METRS_LOW,71,0.028994228538828753,GlyRS_Gly_tRNAGlyGCC,6.883595552635915e-05,6.851333581323445e-05,0.0304791695053054,0.030548005460831758,0.032399853671165664
R3_METRS_LOW,71,0.028994228538828753,GlyRS_tRNAGlyGCC,-4.1403129817894034e-05,-4.077433547120749e-05,0.0025978500765944587,0.0025564469467765647,0.015802479111102753
R3_METRS_LOW,72,0.031440354715915,GlyRS_AMP_GlytRNAGlyGCC,-6.2878113250989034e-06,-6.182367543768756e-06,0.00039311280532107864,0.00038682499399597973,0.0012863532259807505
R3_METRS_LOW,72,0.031440354715915,GlyRS_ATP,-0.00020241635616326443,-0.00020344356901829113,0.0012410796599601742,0.0010386633037969097,0.20486991818501493
R3_METRS_LOW,72,0.031440354715915,GlyRS_ATP_tRNAGlyGCC,-0.0001875236389626625,-0.0001846713390785605,0.010999798383655715,0.010812274744693052,0.07469084085177953
R3_METRS_LOW,72,0.031440354715915,GlyRS_Gly,-2.459409983587976e-05,-2.448969768012509e-05,0.002519529545890622,0.0024949354460547424,0.012912911384911671
R3_METRS_LOW,72,0.031440354715915,GlyRS_GlyAMP_PPi,-1.671685591709182e-06,-1.6489124964162077e-06,0.00031234595724483993,0.00031067427165313075,0.001804625485851243
R3_METRS_LOW,72,0.031440354715915,GlyRS_Gly_ATP,-0.0001439848554567226,-0.00014266408843118845,0.020814979305616495,0.020670994450159772,0.0733527650100738
R3_METRS_LOW,72,0.031440354715915,GlyRS_Gly_ATP_tRNAGlyGCC,0.0005946753688129691,0.0005914214241787847,0.2520190313380956,0.2526137067069086,0.26907914707382335
R3_METRS_LOW,72,0.031440354715915,GlyRS_Gly_tRNAGlyGCC,6.500705083734362e-05,6.470553630516775e-05,0.030336555805573966,0.03040156285641131,0.032399853671165664
R3_METRS_LOW,72,0.031440354715915,GlyRS_tRNAGlyGCC,-3.9064843118738566e-05,-3.847312167408229e-05,0.0025857067772948363,0.0025466419341760977,0.015802479111102753
R3_METRS_LOW,73,0.03409285069746811,GlyRS_AMP_GlytRNAGlyGCC,-5.90472308762541e-06,-5.8060115517217585e-06,0.0004146008996089163,0.0004086961765212909,0.0012863532259807505
R3_METRS_LOW,73,0.03409285069746811,GlyRS_ATP,-0.00019017295270961493,-0.0001911467415622479,0.0012356501622649602,0.0010454772095553453,0.20486991818501493
R3_METRS_LOW,73,0.03409285069746811,GlyRS_ATP_tRNAGlyGCC,-0.00017607510437862677,-0.00017340525712916256,0.01094702097112543,0.010770945866746803,0.07469084085177953
R3_METRS_LOW,73,0.03409285069746811,GlyRS_Gly,-2.3142390275622884e-05,-2.304557332779007e-05,0.002508476032464169,0.002485333642188546,0.012912911384911671
R3_METRS_LOW,73,0.03409285069746811,GlyRS_GlyAMP_PPi,-1.5784643477980776e-06,-1.557345848865602e-06,0.00031102878210129196,0.0003094503177534939,0.001804625485851243
R3_METRS_LOW,73,0.03409285069746811,GlyRS_Gly_ATP,-0.00013557998043515346,-0.00013434726331100724,0.02072365164381011,0.020588071663374955,0.0733527650100738
R3_METRS_LOW,73,0.03409285069746811,GlyRS_Gly_ATP_tRNAGlyGCC,0.0005588939787997127,0.0005558665147461704,0.25080846013586405,0.25136735411466377,0.26907914707382335
R3_METRS_LOW,73,0.03409285069746811,GlyRS_Gly_tRNAGlyGCC,6.110074323191148e-05,6.08206937485267e-05,0.030190849626991204,0.030251950370223116,0.032399853671165664
R3_METRS_LOW,73,0.03409285069746811,GlyRS_tRNAGlyGCC,-3.6679340435483154e-05,-3.612546885481056e-05,0.002573301570357382,0.002536622229921899,0.015802479111102753
R3_METRS_LOW,74,0.036969127071950283,GlyRS_AMP_GlytRNAGlyGCC,-5.515877299850378e-06,-5.423970011383572e-06,0.0004364255952554748,0.0004309097179556244,0.0012863532259807505
R3_METRS_LOW,74,0.036969127071950283,GlyRS_ATP,-0.0001777467395353725,-0.0001786660325199316,0.0012301965955946457,0.0010524498560592732,0.20486991818501493
R3_METRS_LOW,74,0.036969127071950283,GlyRS_ATP_tRNAGlyGCC,-0.0001644558160466235,-0.0001619712373104783,0.0108933702283113,0.010728914412264676,0.07469084085177953
R3_METRS_LOW,74,0.036969127071950283,GlyRS_Gly,-2.166877862110365e-05,-2.1579605982761608e-05,0.0024973693186609324,0.0024757005400398288,0.012912911384911671
R3_METRS_LOW,74,0.036969127071950283,GlyRS_GlyAMP_PPi,-1.483807256160341e-06,-1.4643619974175172e-06,0.00030971284141139425,0.0003082290341552339,0.001804625485851243
R3_METRS_LOW,74,0.036969127071950283,GlyRS_Gly_ATP,-0.00012704770155749431,-0.00012590397106149862,0.020631883168904554,0.02050483546734706,0.0733527650100738
R3_METRS_LOW,74,0.036969127071950283,GlyRS_Gly_ATP_tRNAGlyGCC,0.0005225765622001444,0.000519778342049456,0.24957769417164946,0.2501002707338496,0.26907914707382335
R3_METRS_LOW,74,0.036969127071950283,GlyRS_Gly_tRNAGlyGCC,5.7135892755442313e-05,5.687755233780636e-05,0.030042714581174808,0.03009985047393025,0.032399853671165664
R3_METRS_LOW,74,0.036969127071950283,GlyRS_tRNAGlyGCC,-3.425826032442403e-05,-3.374282373977399e-05,0.0025606912185798707,0.0025264329582554467,0.015802479111102753
R3_METRS_LOW,75,0.04008806328898465,GlyRS_AMP_GlytRNAGlyGCC,-5.1233858575245326e-06,-5.038316560860224e-06,0.00045847123059405764,0.0004533478447365331,0.0012863532259807505
R3_METRS_LOW,75,0.04008806328898465,GlyRS_ATP,-0.00016520484945383774,-0.00016606885109153604,0.0012247590529075759,0.0010595542034537381,0.20486991818501493
R3_METRS_LOW,75,0.04008806328898465,GlyRS_ATP_tRNAGlyGCC,-0.00015272934837434922,-0.00015043182352173317,0.010839121424472072,0.010686392076097723,0.07469084085177953
R3_METRS_LOW,75,0.04008806328898465,GlyRS_Gly,-2.0181186913806673e-05,-2.0099674595833806e-05,0.002486290277120238,0.0024661090902064315,0.012912911384911671
R3_METRS_LOW,75,0.04008806328898465,GlyRS_GlyAMP_PPi,-1.388220144110414e-06,-1.370457638635738e-06,0.0003084091348808,0.0003070209147366896,0.001804625485851243
R3_METRS_LOW,75,0.04008806328898465,GlyRS_Gly_ATP,-0.0001184337644140887,-0.00011737946640489382,0.020540341817143645,0.020421908052729556,0.0733527650100738
R3_METRS_LOW,75,0.04008806328898465,GlyRS_Gly_ATP_tRNAGlyGCC,0.00048591989006124825,0.0004833523740440228,0.24833301851385098,0.24881893840391223,0.26907914707382335
R3_METRS_LOW,75,0.04008806328898465,GlyRS_Gly_tRNAGlyGCC,5.3133961702853116e-05,5.2897450295223254e-05,0.029892907517634383,0.029946041479337236,0.032399853671165664
R3_METRS_LOW,75,0.04008806328898465,GlyRS_tRNAGlyGCC,-3.1814851777629567e-05,-3.133822154247521e-05,0.002547940450492028,0.0025161255987143985,0.015802479111102753
R3_METRS_LOW,76,0.04347013158125022,GlyRS_AMP_GlytRNAGlyGCC,-4.7296075603619125e-06,-4.651368113788922e-06,0.0004806086484163153,0.0004758790408559534,0.0012863532259807505
R3_METRS_LOW,76,0.04347013158125022,GlyRS_ATP,-0.00015262217041410778,-0.0001534304071439617,0.0012193821222633513,0.0010667599518492435,0.20486991818501493
R3_METRS_LOW,76,0.04347013158125022,GlyRS_ATP_tRNAGlyGCC,-0.0001409666611525938,-0.00013885683664642285,0.010784582015783653,0.01064361535463106,0.07469084085177953
R3_METRS_LOW,76,0.04347013158125022,GlyRS_Gly,-1.8688456886847577e-05,-1.8614575642200805e-05,0.0024753288564176414,0.002456640399530794,0.012912911384911671
R3_METRS_LOW,76,0.04347013158125022,GlyRS_GlyAMP_PPi,-1.2922683483960898e-06,-1.2761882716751446e-06,0.00030712988334449993,0.00030583761499610384,0.001804625485851243
R3_METRS_LOW,76,0.04347013158125022,GlyRS_Gly_ATP,-0.00010978923583935055,-0.00010882428842186834,0.020449770480261198,0.020339981244421847,0.0733527650100738
R3_METRS_LOW,76,0.04347013158125022,GlyRS_Gly_ATP_tRNAGlyGCC,0.0004491435520171394,0.0004468067947568401,0.2470814537280808,0.24753059728009794,0.26907914707382335
R3_METRS_LOW,76,0.04347013158125022,GlyRS_Gly_tRNAGlyGCC,4.911890081282094e-05,4.890420534722007e-05,0.02974227385657634,0.02979139275738916,0.032399853671165664
R3_METRS_LOW,76,0.04347013158125022,GlyRS_tRNAGlyGCC,-2.9363902982560818e-05,-2.892621416636882e-05,0.0025351215635089647,0.002505757660526404,0.015802479111102753
R3_METRS_LOW,77,0.047137531341167244,GlyRS_AMP_GlytRNAGlyGCC,-4.337125867398626e-06,-4.265663115559435e-06,0.0005026964539019206,0.0004983593280345219,0.0012863532259807505
R3_METRS_LOW,77,0.047137531341167244,GlyRS_ATP,-0.00014008065168811873,-0.0001408330138723009,0.0012141145908278936,0.001074033939139775,0.20486991818501493
R3_METRS_LOW,77,0.047137531341167244,GlyRS_ATP_tRNAGlyGCC,-0.00012924543243762743,-0.00012732271329450498,0.01073008854141575,0.010600843108978122,0.07469084085177953
R3_METRS_LOW,77,0.047137531341167244,GlyRS_Gly,-1.720027004924055e-05,-1.7133943438960303e-05,0.002464583476905033,0.0024473832068557925,0.012912911384911671
R3_METRS_LOW,77,0.047137531341167244,GlyRS_GlyAMP_PPi,-1.1965718754047448e-06,-1.182163420493208e-06,0.0003058884604642452,0.0003046918885888405,0.001804625485851243
R3_METRS_LOW,77,0.047137531341167244,GlyRS_Gly_ATP,-0.00010117004804480884,-0.00010029380813039974,0.020360982011623577,0.020259811963578768,0.0733527650100738
R3_METRS_LOW,77,0.047137531341167244,GlyRS_Gly_ATP_tRNAGlyGCC,0.00041248792788298183,0.00041038048176025426,0.24583068467113905,0.24624317259902204,0.26907914707382335
R3_METRS_LOW,77,0.047137531341167244,GlyRS_Gly_tRNAGlyGCC,4.5116928395008e-05,4.492389437720457e-05,0.029591739020771127,0.029636855949166135,0.032399853671165664
R3_METRS_LOW,77,0.047137531341167244,GlyRS_tRNAGlyGCC,-2.6921602245348706e-05,-2.652273233776051e-05,0.0025223136945561513,0.0024953920923108026,0.015802479111102753
R3_METRS_LOW,78,0.051114334834401656,GlyRS_AMP_GlytRNAGlyGCC,-3.948714845158365e-06,-3.8839281732297965e-06,0.0005245829270821451,0.0005206342122369867,0.0012863532259807505
R3_METRS_LOW,78,0.051114334834401656,GlyRS_ATP,-0.00012766823906497165,-0.00012836501832205242,0.0012090089712665807,0.001081340732201609,0.20486991818501493
R3_METRS_LOW,78,0.051114334834401656,GlyRS_ATP_tRNAGlyGCC,-0.00011764902834669223,-0.00011591148946571248,0.010676001927118126,0.010558352898771434,0.07469084085177953
R3_METRS_LOW,78,0.051114334834401656,GlyRS_Gly,-1.5727024243828835e-05,-1.566812725373299e-05,0.0024541600658121686,0.0024384330415683397,0.012912911384911671
R3_METRS_LOW,78,0.051114334834401656,GlyRS_GlyAMP_PPi,-1.1017977940204504e-06,-1.0890391519266035e-06,0.00030469928008324204,0.0003035974822892216,0.001804625485851243
R3_METRS_LOW,78,0.051114334834401656,GlyRS_Gly_ATP,-9.263629231024556e-05,-9.184752891139522e-05,0.020274851251922646,0.0201822149596124,0.0733527650100738
R3_METRS_LOW,78,0.051114334834401656,GlyRS_Gly_ATP_tRNAGlyGCC,0.0003762110608132585,0.00037432989594566695,0.2445889528030723,0.24496516386388556,0.26907914707382335
R3_METRS_LOW,78,0.051114334834401656,GlyRS_Gly_tRNAGlyGCC,4.11561899073265e-05,4.09845145638039e-05,0.029442295476101176,0.029483451666008503,0.032399853671165664
R3_METRS_LOW,78,0.051114334834401656,GlyRS_tRNAGlyGCC,-2.4505323220540363e-05,-2.4144873708996554e-05,0.002509601716363752,0.0024850963931432116,0.015802479111102753
R3_METRS_LOW,79,0.05542664520663107,GlyRS_AMP_GlytRNAGlyGCC,-3.5672923460659768e-06,-3.5090321024106767e-06,0.0005461086428843122,0.0005425413505382462,0.0012863532259807505
R3_METRS_LOW,79,0.05542664520663107,GlyRS_ATP,-0.00011547741111426189,-0.00011611933126288955,0.0012041208365747543,0.0010886434254604924,0.20486991818501493
R3_METRS_LOW,79,0.05542664520663107,GlyRS_ATP_tRNAGlyGCC,-0.00010626508297308275,-0.0001047094018597759,0.010622701067635276,0.010516435984662193,0.07469084085177953
R3_METRS_LOW,79,0.05542664520663107,GlyRS_Gly,-1.4279663376638198e-05,-1.422802182191438e-05,0.0024441707032376208,0.0024298910398609826,0.012912911384911671
R3_METRS_LOW,79,0.05542664520663107,GlyRS_GlyAMP_PPi,-1.0086496476489773e-06,-9.975076671104092e-07,0.00030357763581378506,0.0003025689861661361,0.001804625485851243
R3_METRS_LOW,79,0.05542664520663107,GlyRS_Gly_ATP,-8.425124318762675e-05,-8.354812023928815e-05,0.020192303840009734,0.020108052596822107,0.0733527650100738
R3_METRS_LOW,79,0.05542664520663107,GlyRS_Gly_ATP_tRNAGlyGCC,0.0003405843496339933,0.0003389247995078523,0.24336490906926397,0.24370549341889797,0.26907914707382335
R3_METRS_LOW,79,0.05542664520663107,GlyRS_Gly_tRNAGlyGCC,3.7266289002864383e-05,3.7115516837555514e-05,0.02929498502590732,0.029332251314910185,0.032399853671165664
R3_METRS_LOW,79,0.05542664520663107,GlyRS_tRNAGlyGCC,-2.213332886175914e-05,-2.1810611246284378e-05,0.0024970747291801275,0.0024749414003183683,0.015802479111102753
R3_METRS_LOW,80,0.06010276782070382,GlyRS_AMP_GlytRNAGlyGCC,-3.1958600172140184e-06,-3.143926988080917e-06,0.0005671098207740879,0.0005639139607568739,0.0012863532259807505
R3_METRS_LOW,80,0.06010276782070382,GlyRS_ATP,-0.00010360330517554745,-0.00010419154469425706,0.001199507957972453,0.0010959046527969055,0.20486991818501493
R3_METRS_LOW,80,0.06010276782070382,GlyRS_ATP_tRNAGlyGCC,-9.518367824009645e-05,-9.380509619493863e-05,0.010570574634155745,0.010475390955915648,0.07469084085177953
R3_METRS_LOW,80,0.06010276782070382,GlyRS_Gly,-1.2869458912169538e-05,-1.282484980431568e-05,0.0024347318680737044,0.002421862409161535,0.012912911384911671
R3_METRS_LOW,80,0.06010276782070382,GlyRS_GlyAMP_PPi,-9.17853786633208e-07,-9.082838598101877e-07,0.00030253949161509433,0.0003016216378284611,0.001804625485851243
R3_METRS_LOW,80,0.06010276782070382,GlyRS_Gly_ATP,-7.60801049307161e-05,-7.546017601354587e-05,0.020114301718361823,0.020038221613431106,0.0733527650100738
R3_METRS_LOW,80,0.06010276782070382,GlyRS_Gly_ATP_tRNAGlyGCC,0.00030588702710640514,0.00030444276753279105,0.24216742612034994,0.24247331314745635,0.26907914707382335
R3_METRS_LOW,80,0.06010276782070382,GlyRS_Gly_tRNAGlyGCC,3.347768640463156e-05,3.334720786500107e-05,0.02915087621077106,0.02918435389717569,0.032399853671165664
R3_METRS_LOW,80,0.06010276782070382,GlyRS_tRNAGlyGCC,-1.9824391972707214e-05,-1.9538419686533124e-05,0.0024848241352561666,0.0024649997432834594,0.015802479111102753
R3_METRS_LOW,81,0.0651733960488242,GlyRS_AMP_GlytRNAGlyGCC,-2.8374305104772023e-06,-2.791576615846883e-06,0.0005874223834793711,0.0005845849529688939,0.0012863532259807505
R3_METRS_LOW,81,0.0651733960488242,GlyRS_ATP,-9.214144471414161e-05,-9.267764846192338e-05,0.001195229252244879,0.0011030878075307374,0.20486991818501493
R3_METRS_LOW,81,0.0651733960488242,GlyRS_ATP_tRNAGlyGCC,-8.449513659859742e-05,-8.32874548671293e-05,0.010520011155739825,0.010435516019141227,0.07469084085177953
R3_METRS_LOW,81,0.0651733960488242,GlyRS_Gly,-1.1507744370027866e-05,-1.146989737134866e-05,0.0024259622967503515,0.0024144545523803237,0.012912911384911671
R3_METRS_LOW,81,0.0651733960488242,GlyRS_GlyAMP_PPi,-8.301426840823809e-07,-8.22088897645355e-07,0.00030160122510106455,0.00030077108241698217,0.001804625485851243
R3_METRS_LOW,81,0.0651733960488242,GlyRS_Gly_ATP,-6.818848688089005e-05,-6.764870384215807e-05,0.020041825439646242,0.019973636952765352,0.0733527650100738
R3_METRS_LOW,81,0.0651733960488242,GlyRS_Gly_ATP_tRNAGlyGCC,0.000272399459149697,0.00027116252701277774,0.24100537099133212,0.24127777045048182,0.26907914707382335
R3_METRS_LOW,81,0.0651733960488242,GlyRS_Gly_tRNAGlyGCC,2.9820970378909017e-05,2.9710024205455472e-05,0.029011036948645985,0.029040857919024894,0.032399853671165664
R3_METRS_LOW,81,0.0651733960488242,GlyRS_tRNAGlyGCC,-1.7597335053118335e-05,-1.734682263898312e-05,0.002472941307599326,0.0024553439725462077,0.015802479111102753
R3_METRS_LOW,82,0.07067181273927492,GlyRS_AMP_GlytRNAGlyGCC,-2.4949432404565734e-06,-2.454873592124265e-06,0.0006068866504345162,0.0006043917071940596,0.0012863532259807505
R3_METRS_LOW,82,0.07067181273927492,GlyRS_ATP,-8.118510905771219e-05,-8.167138707819893e-05,0.0011913435598107861,0.001110158450753074,0.20486991818501493
R3_METRS_LOW,82,0.07067181273927492,GlyRS_ATP_tRNAGlyGCC,-7.428746899718064e-05,-7.324308552279564e-05,0.010471387553792014,0.010397100084794834,0.07469084085177953
R3_METRS_LOW,82,0.07067181273927492,GlyRS_Gly,-1.02056074495439e-05,-1.0174207499895305e-05,0.002417980497918455,0.002407774890468911,0.012912911384911671
R3_METRS_LOW,82,0.07067181273927492,GlyRS_GlyAMP_PPi,-7.462355081985913e-07,-7.39631091769126e-07,0.0003007793291020316,0.000300033093593833,0.001804625485851243
R3_METRS_LOW,82,0.07067181273927492,GlyRS_Gly_ATP,-6.06406338740581e-05,-6.017737094616555e-05,0.019975853630668526,0.019915212996794468,0.0733527650100738
R3_METRS_LOW,82,0.07067181273927492,GlyRS_Gly_ATP_tRNAGlyGCC,0.00024039538744985434,0.00023935624446729494,0.23988734234233539,0.24012773772978524,0.26907914707382335
R3_METRS_LOW,82,0.07067181273927492,GlyRS_Gly_tRNAGlyGCC,2.6326012070431587e-05,2.6233691780682527e-05,0.02887650290904818,0.02890282892111861,0.032399853671165664
R3_METRS_LOW,82,0.07067181273927492,GlyRS_tRNAGlyGCC,-1.5470498291869205e-05,-1.5253869006242048e-05,0.0024615148950800332,0.002446044396788164,0.015802479111102753
R3_METRS_LOW,83,0.07663410868007454,GlyRS_AMP_GlytRNAGlyGCC,-2.171171186320575e-06,-2.1365476060170693e-06,0.0006253525281105125,0.0006231813569241919,0.0012863532259807505
R3_METRS_LOW,83,0.07663410868007454,GlyRS_ATP,-7.082242144634213e-05,-7.126133300278765e-05,0.0011879082924599789,0.0011170858710136367,0.20486991818501493
R3_METRS_LOW,83,0.07663410868007454,GlyRS_ATP_tRNAGlyGCC,-6.464355554939433e-05,-6.375354666412305e-05,0.010425056462076523,0.010360412906527129,0.07469084085177953
R3_METRS_LOW,83,0.07663410868007454,GlyRS_Gly,-8.97354845947251e-06,-8.948239621499683e-06,0.0024109020020125467,0.0024019284535530742,0.012912911384911671
R3_METRS_LOW,83,0.07663410868007454,GlyRS_GlyAMP_PPi,-6.668164775249907e-07,-6.615845722581063e-07,0.00030009008149749715,0.00029942326501997216,0.001804625485851243
R3_METRS_LOW,83,0.07663410868007454,GlyRS_Gly_ATP,-5.349746088376822e-05,-5.3106555426334546e-05,0.019917340265942492,0.019863842805058724,0.0733527650100738
R3_METRS_LOW,83,0.07663410868007454,GlyRS_Gly_ATP_tRNAGlyGCC,0.00021013334182073962,0.0002092809870047129,0.23882137987823293,0.23903151322005367,0.26907914707382335
R3_METRS_LOW,83,0.07663410868007454,GlyRS_Gly_tRNAGlyGCC,2.302103025390856e-05,2.2946295069396505e-05,0.028748242538047065,0.028771263568300974,0.032399853671165664
R3_METRS_LOW,83,0.07663410868007454,GlyRS_tRNAGlyGCC,-1.3461151857674207e-05,-1.3276554604147437e-05,0.0024506278420351,0.002437166690177426,0.015802479111102753
R3_METRS_LOW,84,0.08309941949353396,GlyRS_AMP_GlytRNAGlyGCC,-1.868622492206466e-06,-1.839068528064955e-06,0.0006426849898994338,0.0006408163674072274,0.0012863532259807505
R3_METRS_LOW,84,0.08309941949353396,GlyRS_ATP,-6.113326985296669e-05,-6.152779142042152e-05,0.001184978009210155,0.0011238447393571882,0.20486991818501493
R3_METRS_LOW,84,0.08309941949353396,GlyRS_ATP_tRNAGlyGCC,-5.5638174665077755e-05,-5.489242419196541e-05,0.010381332832756473,0.010325694658091395,0.07469084085177953
R3_METRS_LOW,84,0.08309941949353396,GlyRS_Gly,-7.821118222021018e-06,-7.801508750620283e-06,0.00240483646420066,0.002397015345978639,0.012912911384911671
R3_METRS_LOW,84,0.08309941949353396,GlyRS_GlyAMP_PPi,-5.925118092261279e-07,-5.885665677237225e-07,0.0002995491983203625,0.00029895668651113637,0.001804625485851243
R3_METRS_LOW,84,0.08309941949353396,GlyRS_Gly_ATP,-4.681446686317231e-05,-4.6491277262279616e-05,0.019867190730050464,0.019820376263187292,0.0733527650100738
R3_METRS_LOW,84,0.08309941949353396,GlyRS_Gly_ATP_tRNAGlyGCC,0.00018184756325240192,0.00018116969579992363,0.2378146574121936,0.237996504975446,0.26907914707382335
R3_METRS_LOW,84,0.08309941949353396,GlyRS_Gly_tRNAGlyGCC,1.99316025109135e-05,1.9873292858088902e-05,0.02862712011391405,0.028647051716424964,0.032399853671165664
R3_METRS_LOW,84,0.08309941949353396,GlyRS_tRNAGlyGCC,-1.1584876633179923e-05,-1.1430212739686516e-05,0.0024403542399947437,0.002428769363361564,0.015802479111102753
R3_METRS_LOW,85,0.09011018251665019,GlyRS_AMP_GlytRNAGlyGCC,-1.5894418830792552e-06,-1.5645492873953033e-06,0.0006587695685423438,0.0006571801266592645,0.0012863532259807505
R3_METRS_LOW,85,0.09011018251665019,GlyRS_ATP,-5.2186214018493104e-05,-5.253969078049352e-05,0.0011826029986052396,0.0011304167845867465,0.20486991818501493
R3_METRS_LOW,85,0.09011018251665019,GlyRS_ATP_tRNAGlyGCC,-4.733503473368199e-05,-4.6722410516609656e-05,0.010340480497302051,0.010293145462568369,0.07469084085177953
R3_METRS_LOW,85,0.09011018251665019,GlyRS_Gly,-6.756553198024838e-06,-6.742221793588946e-06,0.0023998847795005268,0.002393128226302502,0.012912911384911671
R3_METRS_LOW,85,0.09011018251665019,GlyRS_GlyAMP_PPi,-5.238663629997275e-07,-5.211143772579636e-07,0.00029917149024169217,0.00029864762387869244,0.001804625485851243
R3_METRS_LOW,85,0.09011018251665019,GlyRS_Gly_ATP,-4.0639629084255474e-05,-4.037910960471642e-05,0.019826237980698717,0.01978559835161446,0.0733527650100738
R3_METRS_LOW,85,0.09011018251665019,GlyRS_Gly_ATP_tRNAGlyGCC,0.00015573889424982945,0.00015522212611663244,0.23687317489399995,0.23702891378824978,0.26907914707382335
R3_METRS_LOW,85,0.09011018251665019,GlyRS_Gly_tRNAGlyGCC,1.7079672426107556e-05,1.7036529922124408e-05,0.028513858677362103,0.02853093834978821,0.032399853671165664
R3_METRS_LOW,85,0.09011018251665019,GlyRS_tRNAGlyGCC,-9.854945527507531e-06,-9.727905371702019e-06,0.002430756168731329,0.0024209012232038214,0.015802479111102753
R3_METRS_LOW,86,0.09771241535346502,GlyRS_AMP_GlytRNAGlyGCC,-1.3353180318974615e-06,-1.3146545740579515e-06,0.0006735175223652413,0.0006721822043333439,0.0012863532259807505
R3_METRS_LOW,86,0.09771241535346502,GlyRS_ATP,-4.403556716804516e-05,-4.435164860797599e-05,0.0011808279638704504,0.0011367923967024053,0.20486991818501493
R3_METRS_LOW,86,0.09771241535346502,GlyRS_ATP_tRNAGlyGCC,-3.978399609824192e-05,-3.929257098683216e-05,0.010302699500110448,0.010262915504012206,0.07469084085177953
R3_METRS_LOW,86,0.09771241535346502,GlyRS_Gly,-5.786429736856589e-06,-5.776932889640797e-06,0.0023961364054916326,0.002390349975754776,0.012912911384911671
R3_METRS_LOW,86,0.09771241535346502,GlyRS_GlyAMP_PPi,-4.6132135342335807e-07,-4.596633902679743e-07,0.000298970547254075,0.0002985092259006516,0.001804625485851243
R3_METRS_LOW,86,0.09771241535346502,GlyRS_Gly_ATP,-3.501140332760888e-05,-3.480819483623064e-05,0.01979522042719147,0.01976020902386386,0.0733527650100738
R3_METRS_LOW,86,0.09771241535346502,GlyRS_Gly_ATP_tRNAGlyGCC,0.0001319661964786223,0.00013159631095813282,0.23600146813550907,0.2361334343319877,0.26907914707382335
R3_METRS_LOW,86,0.09771241535346502,GlyRS_Gly_tRNAGlyGCC,1.448261366919848e-05,1.445330524387473e-05,0.028409005090916414,0.028423487704585613,0.032399853671165664
R3_METRS_LOW,86,0.09771241535346502,GlyRS_tRNAGlyGCC,-8.281744515940392e-06,-8.179853382424075e-06,0.0024218807188479082,0.002413598974331968,0.015802479111102753
R3_METRS_LOW,87,0.10595601792776159,GlyRS_AMP_GlytRNAGlyGCC,-1.1074038075375124e-06,-1.090522197571564e-06,0.0006868702928980166,0.0006857628890904791,0.0012863532259807505
R3_METRS_LOW,87,0.10595601792776159,GlyRS_ATP,-3.671886643225584e-05,-3.700142780915926e-05,0.0011796909209808198,0.001142972054548564,0.20486991818501493
R3_METRS_LOW,87,0.10595601792776159,GlyRS_ATP_tRNAGlyGCC,-3.301869439059635e-05,-3.2636005340655114e-05,0.010268115127886612,0.010235096433496016,0.07469084085177953
R3_METRS_LOW,87,0.10595601792776159,GlyRS_Gly,-4.915362456763255e-06,-4.910242730436397e-06,0.002393667115623375,0.0023887517531666117,0.012912911384911671
R3_METRS_LOW,87,0.10595601792776159,GlyRS_GlyAMP_PPi,-4.0519471213821146e-07,-4.045277160308728e-07,0.00029895848001341817,0.00029855328530127996,0.001804625485851243
R3_METRS_LOW,87,0.10595601792776159,GlyRS_Gly_ATP,-2.9956973440280893e-05,-2.9805507918261527e-05,0.0197747633668381,0.019744806393397818,0.0733527650100738
R3_METRS_LOW,87,0.10595601792776159,GlyRS_Gly_ATP_tRNAGlyGCC,0.00011063893041118877,0.00011040117975127939,0.23520235737281786,0.23531299630322905,0.26907914707382335
R3_METRS_LOW,87,0.10595601792776159,GlyRS_Gly_tRNAGlyGCC,1.2152419997482622e-05,1.2135565513574489e-05,0.028312899771688434,0.028325052191685917,0.032399853671165664
R3_METRS_LOW,87,0.10595601792776159,GlyRS_tRNAGlyGCC,-6.872277414814425e-06,-6.792949268503025e-06,0.00241375741285203,0.0024068851354372154,0.015802479111102753
R3_METRS_LOW,88,0.11489510001873086,GlyRS_AMP_GlytRNAGlyGCC,-9.062566000705725e-07,-8.927041975024035e-07,0.0006988028569151751,0.0006978966003151045,0.0012863532259807505
R3_METRS_LOW,88,0.11489510001873086,GlyRS_ATP,-3.0254955916406102e-05,-3.050800867896588e-05,0.0011792224258444764,0.0011489674699280703,0.20486991818501493
R3_METRS_LOW,88,0.11489510001873086,GlyRS_ATP_tRNAGlyGCC,-2.705478314232561e-05,-2.6768118608451055e-05,0.010236769592288916,0.01020971480914659,0.07469084085177953
R3_METRS_LOW,88,0.11489510001873086,GlyRS_Gly,-4.14577308955515e-06,-4.144568127037991e-06,0.002392537418444001,0.002388391645354446,0.012912911384911671
R3_METRS_LOW,88,0.11489510001873086,GlyRS_GlyAMP_PPi,-3.5566578289691854e-07,-3.558850851316959e-07,0.00029914574811154576,0.00029879008232864884,0.001804625485851243
R3_METRS_LOW,88,0.11489510001873086,GlyRS_Gly_ATP,-2.54909019346862e-05,-2.5385517623435327e-05,0.019765365923621832,0.019739875021687146,0.0733527650100738
R3_METRS_LOW,88,0.11489510001873086,GlyRS_Gly_ATP_tRNAGlyGCC,9.181155921636486e-05,9.169099089523122e-05,0.23447675659021594,0.2345685681494323,0.26907914707382335
R3_METRS_LOW,88,0.11489510001873086,GlyRS_Gly_tRNAGlyGCC,1.0095093284832879e-05,1.0089295717069567e-05,0.028225653736381192,0.028235748829666025,0.032399853671165664
R3_METRS_LOW,88,0.11489510001873086,GlyRS_tRNAGlyGCC,-5.629799818494905e-06,-5.570396954799938e-06,0.0024063962497588498,0.002400766449940355,0.015802479111102753
R3_METRS_LOW,89,0.12458833642950082,GlyRS_AMP_GlytRNAGlyGCC,-7.318054688036516e-07,-7.211343579262048e-07,0.0007093256011628896,0.0007085937956940859,0.0012863532259807505
R3_METRS_LOW,89,0.12458833642950082,GlyRS_ATP,-2.464289462838446e-05,-2.4870490021645142e-05,0.0011794452424517129,0.0011548023478233284,0.20486991818501493
R3_METRS_LOW,89,0.12458833642950082,GlyRS_ATP_tRNAGlyGCC,-2.1888998168915e-05,-2.1685700722087417e-05,0.010208617261327324,0.010186728263158409,0.07469084085177953
R3_METRS_LOW,89,0.12458833642950082,GlyRS_Gly,-3.477754967325195e-06,-3.480006934133305e-06,0.0023927918690703383,0.002389314114103013,0.012912911384911671
R3_METRS_LOW,89,0.12458833642950082,GlyRS_GlyAMP_PPi,-3.1276598135189385e-07,-3.1376763409135227e-07,0.00029954110477360045,0.00029922833879224856,0.001804625485851243
R3_METRS_LOW,89,0.12458833642950082,GlyRS_Gly_ATP,-2.1614327339127687e-05,-2.154939029451104e-05,0.019767395359032314,0.019745781031693187,0.0733527650100738
R3_METRS_LOW,89,0.12458833642950082,GlyRS_Gly_ATP_tRNAGlyGCC,7.548040184021665e-05,7.546219990497548e-05,0.23382356410592053,0.23389904450776075,0.26907914707382335
R3_METRS_LOW,89,0.12458833642950082,GlyRS_Gly_tRNAGlyGCC,8.310297720495047e-06,8.314174668955054e-06,0.028147135425850248,0.028155445723570743,0.032399853671165664
R3_METRS_LOW,89,0.12458833642950082,GlyRS_tRNAGlyGCC,-4.55362440046625e-06,-4.511520259158377e-06,0.0023997865836921186,0.0023952329592916524,0.015802479111102753
R3_METRS_LOW,90,0.13509935211980265,GlyRS_AMP_GlytRNAGlyGCC,-5.833505454917948e-07,-5.751274836000611e-07,0.0007184844209570425,0.0007179010704115507,0.0012863532259807505
R3_METRS_LOW,90,0.13509935211980265,GlyRS_ATP,-1.9861863397633694e-05,-2.0067994503120652e-05,0.0011803745466051196,0.0011605126832074859,0.20486991818501493
R3_METRS_LOW,90,0.13509935211980265,GlyRS_ATP_tRNAGlyGCC,-1.7499204384012132e-05,-1.7366972906163485e-05,0.01018352415726378,0.010166024952879767,0.07469084085177953
R3_METRS_LOW,90,0.13509935211980265,GlyRS_Gly,-2.909054116649254e-06,-2.9143192318637883e-06,0.002394459464043857,0.0023915504099272077,0.012912911384911671
R3_METRS_LOW,90,0.13509935211980265,GlyRS_GlyAMP_PPi,-2.763768093193243e-07,-2.7805994479651246e-07,0.0003001516834852526,0.00029987530667593325,0.001804625485851243
R3_METRS_LOW,90,0.13509935211980265,GlyRS_Gly_ATP,-1.831483058245889e-05,-1.8284857455228046e-05,0.019781090334305376,0.019762775503722917,0.0733527650100738
R3_METRS_LOW,90,0.13509935211980265,GlyRS_Gly_ATP_tRNAGlyGCC,6.158344449505582e-05,6.165326973561754e-05,0.23323965084352516,0.23330123428802022,0.26907914707382335
R3_METRS_LOW,90,0.13509935211980265,GlyRS_Gly_tRNAGlyGCC,6.791335839629459e-06,6.803550917351128e-06,0.028076969285975813,0.028083760621815442,0.032399853671165664
R3_METRS_LOW,90,0.13509935211980265,GlyRS_tRNAGlyGCC,-3.6391310452342854e-06,-3.611772938850614e-06,0.0023938970051774117,0.0023902578741321775,0.015802479111102753
R3_METRS_LOW,91,0.14649713983072862,GlyRS_AMP_GlytRNAGlyGCC,-4.5959790115508974e-07,-4.534136034650673e-07,0.0007263588671843313,0.0007258992692831762,0.0012863532259807505
R3_METRS_LOW,91,0.14649713983072862,GlyRS_ATP,-1.5872178514827594e-05,-1.606068657464212e-05,0.0011820187286438887,0.001166146550129061,0.20486991818501493
R3_METRS_LOW,91,0.14649713983072862,GlyRS_ATP_tRNAGlyGCC,-1.3845516275895475e-05,-1.3772690606481047e-05,0.010161272138627752,0.010147426622351857,0.07469084085177953
R3_METRS_LOW,91,0.14649713983072862,GlyRS_Gly,-2.435180389911192e-06,-2.443038140208423e-06,0.002397555247191912,0.0023951200668020007,0.012912911384911671
R3_METRS_LOW,91,0.14649713983072862,GlyRS_GlyAMP_PPi,-2.462361596618375e-07,-2.4850526182766475e-07,0.0003009832445537432,0.00030073700839408136,0.001804625485851243
R3_METRS_LOW,91,0.14649713983072862,GlyRS_Gly_ATP,-1.5567050139869004e-05,-1.556682628945337e-05,0.019806574178385643,0.019791007128245774,0.0733527650100738
R3_METRS_LOW,91,0.14649713983072862,GlyRS_Gly_ATP_tRNAGlyGCC,5.000342031277749e-05,5.014773142987012e-05,0.23271995583398453,0.2327699592542973,0.26907914707382335
R3_METRS_LOW,91,0.14649713983072862,GlyRS_Gly_tRNAGlyGCC,5.525480449377479e-06,5.544772936897264e-06,0.028014547253663775,0.028020072734113152,0.032399853671165664
R3_METRS_LOW,91,0.14649713983072862,GlyRS_tRNAGlyGCC,-2.8780007923557595e-06,-2.862968993219855e-06,0.002388676323279628,0.0023857983224872723,0.015802479111102753
R3_METRS_LOW,92,0.15885651294280528,GlyRS_AMP_GlytRNAGlyGCC,-3.5873004216517394e-07,-3.542072682196921e-07,0.0007330583349485661,0.000732699604906401,0.0012863532259807505
R3_METRS_LOW,92,0.15885651294280528,GlyRS_ATP,-1.2617427325946687e-05,-1.2791918300778246e-05,0.001184380814387946,0.0011717633870619994,0.20486991818501493
R3_METRS_LOW,92,0.15885651294280528,GlyRS_ATP_tRNAGlyGCC,-1.0872489498037902e-05,-1.0848300429373885e-05,0.010141567773600918,0.01013069528410288,0.07469084085177953
R3_METRS_LOW,92,0.15885651294280528,GlyRS_Gly,-2.049651415877464e-06,-2.059713014848899e-06,0.0024020831642616457,0.0024000335128457682,0.012912911384911671
R3_METRS_LOW,92,0.15885651294280528,GlyRS_GlyAMP_PPi,-2.219531918710928e-07,-2.2472016256529078e-07,0.00030204058880979774,0.00030181863561792665,0.001804625485851243
R3_METRS_LOW,92,0.15885651294280528,GlyRS_Gly_ATP,-1.3334065048546673e-05,-1.3358751781430877e-05,0.019843878473489514,0.019830544408440967,0.0733527650100738
R3_METRS_LOW,92,0.15885651294280528,GlyRS_Gly_ATP_tRNAGlyGCC,4.057419109429472e-05,4.0780528848141026e-05,0.23225768909101432,0.23229826328210862,0.26907914707382335
R3_METRS_LOW,92,0.15885651294280528,GlyRS_Gly_tRNAGlyGCC,4.494666579070439e-06,4.5198777167688024e-06,0.027959053165206242,0.027963547831785313,0.032399853671165664
R3_METRS_LOW,92,0.15885651294280528,GlyRS_tRNAGlyGCC,-2.258673013969415e-06,-2.2537326485280297e-06,0.0023840556502879593,0.00238179697727399,0.015802479111102753
R3_METRS_LOW,93,0.17225859653987857,GlyRS_AMP_GlytRNAGlyGCC,-2.7850859852618197e-07,-2.7530855864161285e-07,0.0007387164869053132,0.000738437978306787,0.0012863532259807505
R3_METRS_LOW,93,0.17225859653987857,GlyRS_ATP,-1.0027629779298065e-05,-1.0191406586048593e-05,0.0011874604699059798,0.0011774328401266817,0.20486991818501493
R3_METRS_LOW,93,0.17225859653987857,GlyRS_ATP_tRNAGlyGCC,-8.512271226038606e-06,-8.52704052076433e-06,0.010124055425906331,0.010115543154680292,0.07469084085177953
R3_METRS_LOW,93,0.17225859653987857,GlyRS_Gly,-1.7443591972870695e-06,-1.7562748538416456e-06,0.002408040095131881,0.0024062957359345938,0.012912911384911671
R3_METRS_LOW,93,0.17225859653987857,GlyRS_GlyAMP_PPi,-2.0303124547766576e-07,-2.0621715277106047e-07,0.00030332813242906306,0.0003031251011835854,0.001804625485851243
R3_METRS_LOW,93,0.17225859653987857,GlyRS_Gly_ATP,-1.1569490662277637e-05,-1.1614715618257155e-05,0.01989297636979968,0.019881406879137403,0.0733527650100738
R3_METRS_LOW,93,0.17225859653987857,GlyRS_Gly_ATP_tRNAGlyGCC,3.309013546468065e-05,3.3347353382933495e-05,0.2318446308684259,0.2318777210038906,0.26907914707382335
R3_METRS_LOW,93,0.17225859653987857,GlyRS_Gly_tRNAGlyGCC,3.6765117350061327e-06,3.706606160771351e-06,0.027909498764128116,0.027913175275863122,0.032399853671165664
R3_METRS_LOW,93,0.17225859653987857,GlyRS_tRNAGlyGCC,-1.7670023541179435e-06,-1.770144922207425e-06,0.00237995147639627,0.002378184474042152,0.015802479111102753
R3_METRS_LOW,94,0.1867913599020783,GlyRS_AMP_GlytRNAGlyGCC,-2.1640204548375053e-07,-2.1422875543336047e-07,0.0007434843108972273,0.0007432679088517436,0.0012863532259807505
R3_METRS_LOW,94,0.1867913599020783,GlyRS_ATP,-8.023213071240787e-06,-8.17922782359957e-06,0.0011912564991519695,0.0011832332860807287,0.20486991818501493
R3_METRS_LOW,94,0.1867913599020783,GlyRS_ATP_tRNAGlyGCC,-6.6884848668354036e-06,-6.733763540429818e-06,0.010108333571234125,0.01010164508636729,0.07469084085177953
R3_METRS_LOW,94,0.1867913599020783,GlyRS_Gly,-1.510035417642483e-06,-1.523500020806401e-06,0.0024154208775302556,0.002413910842112613,0.012912911384911671
R3_METRS_LOW,94,0.1867913599020783,GlyRS_GlyAMP_PPi,-1.888973798914572e-07,-1.9243379352925552e-07,0.00030485062282247123,0.0003046617254425798,0.001804625485851243
R3_METRS_LOW,94,0.1867913599020783,GlyRS_Gly_ATP,-1.0220152618884565e-05,-1.0282078175925513e-05,0.01995382409159126,0.019943603938972376,0.0733527650100738
R3_METRS_LOW,94,0.1867913599020783,GlyRS_Gly_ATP_tRNAGlyGCC,2.7317903828788515e-05,2.7616332505668372e-05,0.23147150478827067,0.23149882269209945,0.26907914707382335
R3_METRS_LOW,94,0.1867913599020783,GlyRS_Gly_tRNAGlyGCC,3.0455952617358673e-06,3.079676404025378e-06,0.027864768599159994,0.02786781419442173,0.032399853671165664
R3_METRS_LOW,94,0.1867913599020783,GlyRS_tRNAGlyGCC,-1.3870686006050605e-06,-1.3965406787515578e-06,0.002376269503579143,0.002374882434978538,0.015802479111102753
R3_METRS_LOW,95,0.20255019392306664,GlyRS_AMP_GlytRNAGlyGCC,-1.6972802223348595e-07,-1.6833039374248568e-07,0.0007475223936920733,0.0007473526656698398,0.0012863532259807505
R3_METRS_LOW,95,0.20255019392306664,GlyRS_ATP,-6.519481315052887e-06,-6.6703102389036135e-06,0.0011957696927031832,0.0011892502113881303,0.20486991818501493
R3_METRS_LOW,95,0.20255019392306664,GlyRS_ATP_tRNAGlyGCC,-5.320527650303289e-06,-5.3891658941425795e-06,0.010093972917427307,0.010088652389777004,0.07469084085177953
R3_METRS_LOW,95,0.20255019392306664,GlyRS_Gly,-1.3367789283317763e-06,-1.3515358554923636e-06,0.0024242240330235943,0.0024228872540952625,0.012912911384911671
R3_METRS_LOW,95,0.20255019392306664,GlyRS_GlyAMP_PPi,-1.7893630717012634e-07,-1.8276615675552903e-07,0.0003066139629347788,0.0003064350266276087,0.001804625485851243
R3_METRS_LOW,95,0.20255019392306664,GlyRS_Gly_ATP,-9.229131254229195e-06,-9.304497371042302e-06,0.02002640824467976,0.020017179113425532,0.0733527650100738
R3_METRS_LOW,95,0.20255019392306664,GlyRS_Gly_ATP_tRNAGlyGCC,2.300959352141696e-05,2.334113078935755e-05,0.23112839214844552,0.23115140174196694,0.26907914707382335
R3_METRS_LOW,95,0.20255019392306664,GlyRS_Gly_tRNAGlyGCC,2.5748940588078695e-06,2.6122127660009903e-06,0.027823669877695828,0.027826244771754636,0.032399853671165664
R3_METRS_LOW,95,0.20255019392306664,GlyRS_tRNAGlyGCC,-1.1020724420868384e-06,-1.116390195565549e-06,0.002372908903317842,0.002371806830875755,0.015802479111102753
R3_METRS_LOW,96,0.2196385372416547,GlyRS_AMP_GlytRNAGlyGCC,-1.3579760025739067e-07,-1.3496925023771956e-07,0.0007509931160592899,0.0007508573184590325,0.0012863532259807505
R3_METRS_LOW,96,0.2196385372416547,GlyRS_ATP,-5.431188165440012e-06,-5.579029852549198e-06,0.0012010058508531095,0.0011955746626876695,0.20486991818501493
R3_METRS_LOW,96,0.2196385372416547,GlyRS_ATP_tRNAGlyGCC,-4.327896306150977e-06,-4.4140445751369915e-06,0.01008053459821408,0.010076206701907928,0.07469084085177953
R3_METRS_LOW,96,0.2196385372416547,GlyRS_Gly,-1.2145997976020263e-06,-1.2304426976640153e-06,0.0024344578349978583,0.0024332432352002563,0.012912911384911671
R3_METRS_LOW,96,0.2196385372416547,GlyRS_GlyAMP_PPi,-1.725258696437808e-07,-1.7660380165047604e-07,0.00030862610271854054,0.00030845357684889676,0.001804625485851243
R3_METRS_LOW,96,0.2196385372416547,GlyRS_Gly_ATP,-8.538915083775023e-06,-8.625055078813106e-06,0.020110795947944987,0.020102257032861212,0.0733527650100738
R3_METRS_LOW,96,0.2196385372416547,GlyRS_Gly_ATP_tRNAGlyGCC,1.9916185200058445e-05,2.02743109369755e-05,0.23080514777927436,0.23082506396447441,0.26907914707382335
R3_METRS_LOW,96,0.2196385372416547,GlyRS_Gly_tRNAGlyGCC,2.237248575478329e-06,2.277204848119792e-06,0.027784982504900677,0.027787219753476155,0.032399853671165664
R3_METRS_LOW,96,0.2196385372416547,GlyRS_tRNAGlyGCC,-8.952368843115344e-07,-9.131862894042405e-07,0.0023697665915117998,0.0023688713546274882,0.015802479111102753
R3_METRS_LOW,97,0.23816855519761582,GlyRS_AMP_GlytRNAGlyGCC,-1.1204823917158359e-07,-1.1162520665691932e-07,0.0007540535097913697,0.0007539414615521981,0.0012863532259807505
R3_METRS_LOW,97,0.23816855519761582,GlyRS_ATP,-4.676794838699965e-06,-4.823490406178019e-06,0.0012069787943081215,0.0012023019994694215,0.20486991818501493
R3_METRS_LOW,97,0.23816855519761582,GlyRS_ATP_tRNAGlyGCC,-3.634141948816172e-06,-3.7331891261176404e-06,0.010067586618912844,0.010063952476964028,0.07469084085177953
R3_METRS_LOW,97,0.23816855519761582,GlyRS_Gly,-1.1339307826583635e-06,-1.1507033707121673e-06,0.00244614633791897,0.0024450124071363115,0.012912911384911671
R3_METRS_LOW,97,0.23816855519761582,GlyRS_GlyAMP_PPi,-1.6907094211145645e-07,-1.7336319920500177e-07,0.00031089795446467085,0.0003107288835225594,0.001804625485851243
R3_METRS_LOW,97,0.23816855519761582,GlyRS_Gly_ATP,-8.094380031596626e-06,-8.189210260444144e-06,0.02020718464283045,0.020199090262798855,0.0733527650100738
R3_METRS_LOW,97,0.23816855519761582,GlyRS_Gly_ATP_tRNAGlyGCC,1.7800013783458857e-05,1.8179735143952654e-05,0.2304917757387413,0.23050957575252476,0.26907914707382335
R3_METRS_LOW,97,0.23816855519761582,GlyRS_Gly_tRNAGlyGCC,2.0067253686945064e-06,2.0488637053467566e-06,0.027747504288304844,0.02774951101367354,0.032399853671165664
R3_METRS_LOW,97,0.23816855519761582,GlyRS_tRNAGlyGCC,-7.506311924154914e-07,-7.7125519655685e-07,0.002366741092439466,0.0023659904612470506,0.015802479111102753
R3_METRS_LOW,98,0.2582618760682675,GlyRS_AMP_GlytRNAGlyGCC,-9.615347121001792e-08,-9.601021828404384e-08,0.0007568494467702275,0.0007567532932990174,0.0012863532259807505
R3_METRS_LOW,98,0.2582618760682675,GlyRS_ATP,-4.182030344247875e-06,-4.3291021888174195e-06,0.0012137131971846407,0.0012095311668403929,0.20486991818501493
R3_METRS_LOW,98,0.2582618760682675,GlyRS_ATP_tRNAGlyGCC,-3.1700993490917095e-06,-3.278559595661536e-06,0.010054716896011036,0.010051546796661944,0.07469084085177953
R3_METRS_LOW,98,0.2582618760682675,GlyRS_Gly,-1.0860605833789942e-06,-1.1036546858204452e-06,0.0024593350303839484,0.0024582489698005694,0.012912911384911671
R3_METRS_LOW,98,0.2582618760682675,GlyRS_GlyAMP_PPi,-1.6803281144365514e-07,-1.7251670587387963e-07,0.0003134442948973124,0.00031327626208586877,0.001804625485851243
R3_METRS_LOW,98,0.2582618760682675,GlyRS_Gly_ATP,-7.845329507486648e-06,-7.947316420124394e-06,0.020315948791676003,0.020308103462168516,0.0733527650100738
R3_METRS_LOW,98,0.2582618760682675,GlyRS_Gly_ATP_tRNAGlyGCC,1.6445156199501598e-05,1.6842895636413523e-05,0.230178726891986,0.23019517204818551,0.26907914707382335
R3_METRS_LOW,98,0.2582618760682675,GlyRS_Gly_tRNAGlyGCC,1.8597541134902917e-06,1.903753592075031e-06,0.027710086739793364,0.027711946493906854,0.032399853671165664
R3_METRS_LOW,98,0.2582618760682675,GlyRS_tRNAGlyGCC,-6.538434378618521e-07,-6.764184674018995e-07,0.0023637356020573055,0.0023630817586194437,0.015802479111102753
R3_METRS_LOW,99,0.2800503894183631,GlyRS_AMP_GlytRNAGlyGCC,-8.610046781922995e-08,-8.614468140784224e-08,0.0007595116598938388,0.0007594255594260196,0.0012863532259807505
R3_METRS_LOW,99,0.2800503894183631,GlyRS_ATP,-3.882462975586878e-06,-4.031167440514783e-06,0.00122124712982817,0.0012173646668525832,0.20486991818501493
R3_METRS_LOW,99,0.2800503894183631,GlyRS_ATP_tRNAGlyGCC,-2.8761337009623744e-06,-2.9914977400971237e-06,0.010041541635448448,0.010038665501747486,0.07469084085177953
R3_METRS_LOW,99,0.2800503894183631,GlyRS_Gly,-1.0634536389583608e-06,-1.0818059152193935e-06,0.0024740958810767016,0.002473032427437743,0.012912911384911671
R3_METRS_LOW,99,0.2800503894183631,GlyRS_GlyAMP_PPi,-1.6895171045831422e-07,-1.736148048239417e-07,0.0003162846316803226,0.0003161156799698643,0.001804625485851243
R3_METRS_LOW,99,0.2800503894183631,GlyRS_Gly_ATP,-7.748388965542197e-06,-7.856499201479342e-06,0.020437681556384084,0.02042993316741854,0.0733527650100738
R3_METRS_LOW,99,0.2800503894183631,GlyRS_Gly_ATP_tRNAGlyGCC,1.5664896398537298e-05,1.60783399656946e-05,0.2298570896577999,0.22987275455419845,0.26907914707382335
R3_METRS_LOW,99,0.2800503894183631,GlyRS_Gly_tRNAGlyGCC,1.7759470407538447e-06,1.821607742767684e-06,0.02767165801869656,0.027673433965737314,0.032399853671165664
R3_METRS_LOW,99,0.2800503894183631,GlyRS_tRNAGlyGCC,-5.924481641973733e-07,-6.164532491711745e-07,0.002360659955632216,0.0023600675074680185,0.015802479111102753
R3_METRS_LOW,100,0.30367711180354573,GlyRS_AMP_GlytRNAGlyGCC,-8.023122676078728e-08,-8.039800597669824e-08,0.0007621538444966893,0.0007620736132699285,0.0012863532259807505
R3_METRS_LOW,100,0.30367711180354573,GlyRS_ATP,-3.7249332457379384e-06,-3.876321878434943e-06,0.0012296342799134677,0.0012259093466677297,0.20486991818501493
R3_METRS_LOW,100,0.30367711180354573,GlyRS_ATP_tRNAGlyGCC,-2.7032884338546587e-06,-2.82385692534208e-06,0.01002770839019799,0.010025005101764135,0.07469084085177953
R3_METRS_LOW,100,0.30367711180354573,GlyRS_Gly,-1.059937632325817e-06,-1.0790255403200688e-06,0.002490531709952411,0.002489471772320085,0.012912911384911671
R3_METRS_LOW,100,0.30367711180354573,GlyRS_GlyAMP_PPi,-1.714612153779372e-07,-1.7630035218304823e-07,0.00031944403468711234,0.0003192725734717344,0.001804625485851243
R3_METRS_LOW,100,0.30367711180354573,GlyRS_Gly_ATP,-7.76814246586724e-06,-7.881783119266294e-06,0.02057323089718491,0.020565462754719044,0.0733527650100738
R3_METRS_LOW,100,0.30367711180354573,GlyRS_Gly_ATP_tRNAGlyGCC,1.5305847306162912e-05,1.573377355237816e-05,0.22951865885255113,0.2295339646998573,0.26907914707382335
R3_METRS_LOW,100,0.30367711180354573,GlyRS_Gly_tRNAGlyGCC,1.738554342229498e-06,1.7857820054141413e-06,0.027631231202357897,0.027632969756700126,0.032399853671165664
R3_METRS_LOW,100,0.30367711180354573,GlyRS_tRNAGlyGCC,-5.562449702217059e-07,-5.813271503820604e-07,0.0023574313447326917,0.00235687509976247,0.015802479111102753
R3_METRS_LOW,101,0.3292971255097151,GlyRS_AMP_GlytRNAGlyGCC,-7.724820195792112e-08,-7.749420291096384e-08,0.0007648728107724665,0.0007647955625705086,0.0012863532259807505
R3_METRS_LOW,101,0.3292971255097151,GlyRS_ATP,-3.6678586788334994e-06,-3.822842943523832e-06,0.001238945915513394,0.0012352780568345605,0.20486991818501493
R3_METRS_LOW,101,0.3292971255097151,GlyRS_ATP_tRNAGlyGCC,-2.6133708253810867e-06,-2.73808695139898e-06,0.010012893794312624,0.010010280423487243,0.07469084085177953
R3_METRS_LOW,101,0.3292971255097151,GlyRS_Gly,-1.0707588299881457e-06,-1.090596485873082e-06,0.0025087800086609565,0.0025077092498309683,0.012912911384911671
R3_METRS_LOW,101,0.3292971255097151,GlyRS_GlyAMP_PPi,-1.7529444426095603e-07,-1.8031477891420107e-07,0.0003229539597954294,0.00032277866535116844,0.001804625485851243
R3_METRS_LOW,101,0.3292971255097151,GlyRS_Gly_ATP,-7.877508374609654e-06,-7.996465198099413e-06,0.02072373111475059,0.02071585360637598,0.0733527650100738
R3_METRS_LOW,101,0.3292971255097151,GlyRS_Gly_ATP_tRNAGlyGCC,1.5248781187582328e-05,1.5690891225381885e-05,0.2291558825967053,0.22917113137789288,0.26907914707382335
R3_METRS_LOW,101,0.3292971255097151,GlyRS_Gly_tRNAGlyGCC,1.7345605159910238e-06,1.783351349836767e-06,0.027587897880157447,0.027589632440673438,0.032399853671165664
R3_METRS_LOW,101,0.3292971255097151,GlyRS_tRNAGlyGCC,-5.372757389317945e-07,-5.632153041538868e-07,0.0023539737829256983,0.0023534365071867665,0.015802479111102753
R3_METRS_LOW,102,0.35707859649004625,GlyRS_AMP_GlytRNAGlyGCC,-7.618990874726055e-08,-7.64879304324583e-08,0.0007677504015617491,0.0007676742116530019,0.0012863532259807505
R3_METRS_LOW,102,0.35707859649004625,GlyRS_ATP,-3.680572988316996e-06,-3.839988255835179e-06,0.001249272751156058,0.001245592178167741,0.20486991818501493
R3_METRS_LOW,102,0.35707859649004625,GlyRS_ATP_tRNAGlyGCC,-2.5781514887881357e-06,-2.706447117048174e-06,0.009996796567621051,0.009994218416132263,0.07469084085177953
R3_METRS_LOW,102,0.35707859649004625,GlyRS_Gly,-1.0925237823315899e-06,-1.11315836954932e-06,0.0025290165294826255,0.002527924005700294,0.012912911384911671
R3_METRS_LOW,102,0.35707859649004625,GlyRS_GlyAMP_PPi,-1.8028322947265946e-07,-1.8549741635584705e-07,0.00032685312230605195,0.0003266728390765793,0.001804625485851243
R3_METRS_LOW,102,0.35707859649004625,GlyRS_Gly_ATP,-8.057458876109536e-06,-8.181839831267628e-06,0.020890632471851776,0.020882575012975666,0.0733527650100738
R3_METRS_LOW,102,0.35707859649004625,GlyRS_Gly_ATP_tRNAGlyGCC,1.5406664273714954e-05,1.5863431338888557e-05,0.22876170091411765,0.22877710757839137,0.26907914707382335
R3_METRS_LOW,102,0.35707859649004625,GlyRS_Gly_tRNAGlyGCC,1.7544752279607945e-06,1.8049026398318677e-06,0.027540808711677082,0.027542563186905043,0.032399853671165664
R3_METRS_LOW,102,0.35707859649004625,GlyRS_tRNAGlyGCC,-5.296572594890026e-07,-5.563358049601883e-07,0.002350216459844011,0.002349686802584522,0.015802479111102753
R3_METRS_LOW,103,0.3872038781812553,GlyRS_AMP_GlytRNAGlyGCC,-7.638538923626127e-08,-7.671974192487563e-08,0.0007708567106268627,0.0007707803252376264,0.0012863532259807505
R3_METRS_LOW,103,0.3872038781812553,GlyRS_ATP,-3.7419744001974953e-06,-3.906640581546214e-06,0.0012607269630074962,0.0012569849886072987,0.20486991818501493
R3_METRS_LOW,103,0.3872038781812553,GlyRS_ATP_tRNAGlyGCC,-2.5779502471554028e-06,-2.7096157461408633e-06,0.009979126786956656,0.0099765488367095,0.07469084085177953
R3_METRS_LOW,103,0.3872038781812553,GlyRS_Gly,-1.1230599358822216e-06,-1.144569260872309e-06,0.0025514591317232498,0.0025503360717873676,0.012912911384911671
R3_METRS_LOW,103,0.3872038781812553,GlyRS_GlyAMP_PPi,-1.8635243296367347e-07,-1.917800960155485e-07,0.0003311885050735457,0.00033100215264058203,0.001804625485851243
R3_METRS_LOW,103,0.3872038781812553,GlyRS_Gly_ATP,-8.296271282903778e-06,-8.426461715929074e-06,0.02107573293217028,0.021067436660887374,0.0733527650100738
R3_METRS_LOW,103,0.3872038781812553,GlyRS_Gly_ATP_tRNAGlyGCC,1.5720716059375306e-05,1.619326884707559e-05,0.22832929884399275,0.22834501956005213,0.26907914707382335
R3_METRS_LOW,103,0.3872038781812553,GlyRS_Gly_tRNAGlyGCC,1.791907932164466e-06,1.8441125611921583e-06,0.027489143695673054,0.02749093560360522,0.032399853671165664
R3_METRS_LOW,103,0.3872038781812553,GlyRS_tRNAGlyGCC,-5.292860583770535e-07,-5.566594437644777e-07,0.0023460912176928,0.0023455619316344227,0.015802479111102753
R3_METRS_LOW,104,0.419870708444391,GlyRS_AMP_GlytRNAGlyGCC,-7.739779713878195e-08,-7.776063087662215e-08,0.0007742540692206796,0.0007741766714235408,0.0012863532259807505
R3_METRS_LOW,104,0.419870708444391,GlyRS_ATP,-3.838809160679581e-06,-4.009587207106239e-06,0.0012734446639498449,0.0012696058547891653,0.20486991818501493
R3_METRS_LOW,104,0.419870708444391,GlyRS_ATP_tRNAGlyGCC,-2.599916978181585e-06,-2.7349999016850028e-06,0.009959592537467843,0.009956992620489661,0.07469084085177953
R3_METRS_LOW,104,0.419870708444391,GlyRS_Gly,-1.1612347838195133e-06,-1.1837264882959103e-06,0.0025763725016060514,0.002575211266822232,0.012912911384911671
R3_METRS_LOW,104,0.419870708444391,GlyRS_GlyAMP_PPi,-1.935121580479626e-07,-1.99179754211068e-07,0.00033601661149662104,0.0003358230993385731,0.001804625485851243
R3_METRS_LOW,104,0.419870708444391,GlyRS_Gly_ATP,-8.588542995419807e-06,-8.725177211168402e-06,0.021281217103330318,0.0212726285603349,0.0733527650100738
R3_METRS_LOW,104,0.419870708444391,GlyRS_Gly_ATP_tRNAGlyGCC,1.6155458676003764e-05,1.664550806893527e-05,0.22785179957230647,0.22786795503098248,0.26907914707382335
R3_METRS_LOW,104,0.419870708444391,GlyRS_Gly_tRNAGlyGCC,1.8430316472833885e-06,1.8972156941556355e-06,0.02743207521969048,0.027433918251337765,0.032399853671165664
R3_METRS_LOW,104,0.419870708444391,GlyRS_tRNAGlyGCC,-5.334797370513435e-07,-5.615570298617403e-07,0.0023415294118965015,0.00234099593215945,0.015802479111102753
R3_METRS_LOW,105,0.4552935074866948,GlyRS_AMP_GlytRNAGlyGCC,-7.89667586701152e-08,-7.935537588836078e-08,0.0007780013144601067,0.0007779223477014366,0.0012863532259807505
R3_METRS_LOW,105,0.4552935074866948,GlyRS_ATP,-3.963905064633755e-06,-4.141750458020598e-06,0.0012875891964125696,0.0012836252913479358,0.20486991818501493
R3_METRS_LOW,105,0.4552935074866948,GlyRS_ATP_tRNAGlyGCC,-2.6362928240031974e-06,-2.775026211117635e-06,0.009937884882763207,0.009935248589939204,0.07469084085177953
R3_METRS_LOW,105,0.4552935074866948,GlyRS_Gly,-1.2067730449987976e-06,-1.2303859037790758e-06,0.002604074451803016,0.0026028676787580173,0.012912911384911671
R3_METRS_LOW,105,0.4552935074866948,GlyRS_GlyAMP_PPi,-2.0185076764889622e-07,-2.0779193177467447e-07,0.00034140509726731077,0.0003412032464996619,0.001804625485851243
R3_METRS_LOW,105,0.4552935074866948,GlyRS_Gly_ATP,-8.93420461645783e-06,-9.078157171079433e-06,0.021509708214870374,0.021500774010253916,0.0733527650100738
R3_METRS_LOW,105,0.4552935074866948,GlyRS_Gly_ATP_tRNAGlyGCC,1.6693684863067215e-05,1.7203499537968293e-05,0.22732191908532456,0.22733861277018763,0.26907914707382335
R3_METRS_LOW,105,0.4552935074866948,GlyRS_Gly_tRNAGlyGCC,1.9060376229146359e-06,1.9624641061997552e-06,0.027368726477846526,0.02737063251546944,0.032399853671165664
R3_METRS_LOW,105,0.4552935074866948,GlyRS_tRNAGlyGCC,-5.406142431513966e-07,-5.694427977361293e-07,0.002336458376468126,0.0023359177622249744,0.015802479111102753
R3_METRS_LOW,106,0.4937047852839004,GlyRS_AMP_GlytRNAGlyGCC,-8.09568909348286e-08,-8.137195293467623e-08,0.0007821579961401402,0.0007820770392492054,0.0012863532259807505
R3_METRS_LOW,106,0.4937047852839004,GlyRS_ATP,-4.114604221311597e-06,-4.300620330174779e-06,0.0013033556401383327,0.0012992410359170211,0.20486991818501493
R3_METRS_LOW,106,0.4937047852839004,GlyRS_ATP_tRNAGlyGCC,-2.6828652764324806e-06,-2.8256230215260207e-06,0.009913661654427468,0.009910978789151035,0.07469084085177953
R3_METRS_LOW,106,0.4937047852839004,GlyRS_Gly,-1.2601048850111561e-06,-1.2850125913039356e-06,0.0026349445791402984,0.0026336844742552872,0.012912911384911671
R3_METRS_LOW,106,0.4937047852839004,GlyRS_GlyAMP_PPi,-2.1153140152810248e-07,-2.1778785549762338e-07,0.0003474349410867777,0.0003472234096852496,0.001804625485851243
R3_METRS_LOW,106,0.4937047852839004,GlyRS_Gly_ATP,-9.337731895587426e-06,-9.490131022766456e-06,0.021764339558844374,0.021755001826948787,0.0733527650100738
R3_METRS_LOW,106,0.4937047852839004,GlyRS_Gly_ATP_tRNAGlyGCC,1.7332080597370902e-05,1.786451452999203e-05,0.2267315938233542,0.22674892590395157,0.26907914707382335
R3_METRS_LOW,106,0.4937047852839004,GlyRS_Gly_tRNAGlyGCC,1.980661941413525e-06,2.0396593173059736e-06,0.027298126637239264,0.027300107299180677,0.032399853671165664
R3_METRS_LOW,106,0.4937047852839004,GlyRS_tRNAGlyGCC,-5.498014901063504e-07,-5.794576293398398e-07,0.0023307976116373245,0.002330247810147218,0.015802479111102753
R3_METRS_LOW,107,0.5353566677410724,GlyRS_AMP_GlytRNAGlyGCC,-8.331685237398818e-08,-8.37613250361759e-08,0.0007867883693271492,0.0007867050524747752,0.0012863532259807505
R3_METRS_LOW,107,0.5353566677410724,GlyRS_ATP,-4.2915539009034595e-06,-4.487049649744995e-06,0.0013209769881515308,0.0013166854342506274,0.20486991818501493
R3_METRS_LOW,107,0.5353566677410724,GlyRS_ATP_tRNAGlyGCC,-2.73773851345617e-06,-2.885013488523546e-06,0.009886529966985143,0.009883792228471687,0.07469084085177953
R3_METRS_LOW,107,0.5353566677410724,GlyRS_Gly,-1.3222689859708654e-06,-1.348686908689095e-06,0.002669436162409169,0.002668113893423198,0.012912911384911671
R3_METRS_LOW,107,0.5353566677410724,GlyRS_GlyAMP_PPi,-2.2279434983647674e-07,-2.294174778281183e-07,0.0003542033520143916,0.0003539805576645551,0.001804625485851243
R3_METRS_LOW,107,0.5353566677410724,GlyRS_Gly_ATP,-9.807708001307452e-06,-9.9699737226063e-06,0.02204885267328639,0.02203904496528508,0.0733527650100738
R3_METRS_LOW,107,0.5353566677410724,GlyRS_Gly_ATP_tRNAGlyGCC,1.80779786579377e-05,1.863655359606245e-05,0.22607157922631294,0.22608965720497087,0.26907914707382335
R3_METRS_LOW,107,0.5353566677410724,GlyRS_Gly_tRNAGlyGCC,2.067837024239544e-06,2.1298096657287877e-06,0.02721916249755407,0.02722123033457831,0.032399853671165664
R3_METRS_LOW,107,0.5353566677410724,GlyRS_tRNAGlyGCC,-5.606325125624353e-07,-5.912169095666045e-07,0.002324454671498437,0.0023238940389858744,0.015802479111102753
R3_METRS_LOW,108,0.5805225516094895,GlyRS_AMP_GlytRNAGlyGCC,-8.605031840216732e-08,-8.65289911653732e-08,0.0007919652196925607,0.0007918791693741586,0.0012863532259807505
R3_METRS_LOW,108,0.5805225516094895,GlyRS_ATP,-4.497923698539973e-06,-4.704481550625106e-06,0.0013407325443439142,0.0013362346206453742,0.20486991818501493
R3_METRS_LOW,108,0.5805225516094895,GlyRS_ATP_tRNAGlyGCC,-2.8004506608513696e-06,-2.9528510056493085e-06,0.009856026685833734,0.009853226235172883,0.07469084085177953
R3_METRS_LOW,108,0.5805225516094895,GlyRS_Gly,-1.3948855247798535e-06,-1.4230811409716215e-06,0.0027080923703939356,0.0027066974848691558,0.012912911384911671
R3_METRS_LOW,108,0.5805225516094895,GlyRS_GlyAMP_PPi,-2.359674446529396e-07,-2.4302068576698125e-07,0.00036182767038236605,0.0003615917029377131,0.001804625485851243
R3_METRS_LOW,108,0.5805225516094895,GlyRS_Gly_ATP,-1.0356842300548313e-05,-1.0530753124356089e-05,0.02236773110086445,0.022357374258563902,0.0733527650100738
R3_METRS_LOW,108,0.5805225516094895,GlyRS_Gly_ATP_tRNAGlyGCC,1.894746614397591e-05,1.9536515018875383e-05,0.2253310015722452,0.22534994903838917,0.26907914707382335
R3_METRS_LOW,108,0.5805225516094895,GlyRS_Gly_tRNAGlyGCC,2.169493632367403e-06,2.234939017052049e-06,0.027130524523340967,0.027132694016973335,0.032399853671165664
R3_METRS_LOW,108,0.5805225516094895,GlyRS_tRNAGlyGCC,-5.729926260936331e-07,-6.046294251185098e-07,0.0023173205698954597,0.002316747577269366,0.015802479111102753
R3_METRS_LOW,109,0.6294988990221888,GlyRS_AMP_GlytRNAGlyGCC,-8.919807834289074e-08,-8.971751799419418e-08,0.0007977737401231883,0.0007976845420448454,0.0012863532259807505
R3_METRS_LOW,109,0.6294988990221888,GlyRS_ATP,-4.739052867657216e-06,-4.9586150194691595e-06,0.0013629592776892886,0.0013582202248216314,0.20486991818501493
R3_METRS_LOW,109,0.6294988990221888,GlyRS_ATP_tRNAGlyGCC,-2.871404044214529e-06,-3.0296639256682784e-06,0.009821595367891608,0.009818723963847394,0.07469084085177953
R3_METRS_LOW,109,0.6294988990221888,GlyRS_Gly,-1.4802094986587563e-06,-1.5105176455652047e-06,0.0027515681964029566,0.002750087986904298,0.012912911384911671
R3_METRS_LOW,109,0.6294988990221888,GlyRS_GlyAMP_PPi,-2.5148690146651427e-07,-2.590492076749106e-07,0.0003704506158401943,0.0003701991289387278,0.001804625485851243
R3_METRS_LOW,109,0.6294988990221888,GlyRS_Gly_ATP,-1.1002533055533281e-05,-1.1190328348005206e-05,0.022726381410993136,0.022715378877937602,0.0733527650100738
R3_METRS_LOW,109,0.6294988990221888,GlyRS_Gly_ATP_tRNAGlyGCC,1.9964900596913804e-05,2.058978426240664e-05,0.22449682937970108,0.224516794280298,0.26907914707382335
R3_METRS_LOW,109,0.6294988990221888,GlyRS_Gly_tRNAGlyGCC,2.2885209316203525e-06,2.358055125570943e-06,0.027030643186309402,0.027032931707241022,0.032399853671165664
R3_METRS_LOW,109,0.6294988990221888,GlyRS_tRNAGlyGCC,-5.869413510126674e-07,-6.197802456224253e-07,0.0023092643563485614,0.0023086774149975488,0.015802479111102753
R3_METRS_LOW,110,0.6826071834272386,GlyRS_AMP_GlytRNAGlyGCC,-9.282928990306336e-08,-9.339814684901572e-08,0.0008043158148590661,0.000804222985569163,0.0012863532259807505
R3_METRS_LOW,110,0.6826071834272386,GlyRS_ATP,-5.022504662094158e-06,-5.257488190443404e-06,0.001388067175036519,0.0013830446703744247,0.20486991818501493
R3_METRS_LOW,110,0.6826071834272386,GlyRS_ATP_tRNAGlyGCC,-2.9515392351679715e-06,-3.1165419791731827e-06,0.009782557414555141,0.009779605875319973,0.07469084085177953
R3_METRS_LOW,110,0.6826071834272386,GlyRS_Gly,-1.5812766776426672e-06,-1.6141214943894556e-06,0.002800660124591002,0.0027990788479133593,0.012912911384911671
R3_METRS_LOW,110,0.6826071834272386,GlyRS_GlyAMP_PPi,-2.6993210281621655e-07,-2.7810286644528247e-07,0.00038024739100985503,0.0003799774589070388,0.001804625485851243
R3_METRS_LOW,110,0.6826071834272386,GlyRS_Gly_ATP,-1.1768085496521863e-05,-1.1972615931934972e-05,0.023131378033540293,0.02311960994804377,0.0733527650100738
R3_METRS_LOW,110,0.6826071834272386,GlyRS_Gly_ATP_tRNAGlyGCC,2.1163842506888297e-05,2.1831262669309055e-05,0.22355321290247018,0.22357437674497707,0.26907914707382335
R3_METRS_LOW,110,0.6826071834272386,GlyRS_Gly_tRNAGlyGCC,2.4288877049465085e-06,2.5032819286695295e-06,0.02691760941866858,0.026920038306373528,0.032399853671165664
R3_METRS_LOW,110,0.6826071834272386,GlyRS_tRNAGlyGCC,-6.026424467387576e-07,-6.368632581191979e-07,0.002300126330395933,0.002299523687949194,0.015802479111102753
R3_METRS_LOW,111,0.7401959996915645,GlyRS_AMP_GlytRNAGlyGCC,-9.703978293184104e-08,-9.766943921227074e-08,0.000811715185383755,0.0008116181456008231,0.0012863532259807505
R3_METRS_LOW,111,0.7401959996915645,GlyRS_ATP,-5.358519152865674e-06,-5.6119755576919005e-06,0.0014165601314117848,0.001411201612258919,0.20486991818501493
R3_METRS_LOW,111,0.7401959996915645,GlyRS_ATP_tRNAGlyGCC,-3.0421764511869703e-06,-3.214989883188158e-06,0.009738074193288097,0.00973503201683691,0.07469084085177953
R3_METRS_LOW,111,0.7401959996915645,GlyRS_Gly,-1.7021648703440667e-06,-1.7380915000537106e-06,0.002856346489498202,0.002854644324627858,0.012912911384911671
R3_METRS_LOW,111,0.7401959996915645,GlyRS_GlyAMP_PPi,-2.920800851473793e-07,-3.009861950874271e-07,0.00039143539508821793,0.00039114331500307055,0.001804625485851243
R3_METRS_LOW,111,0.7401959996915645,GlyRS_Gly_ATP,-1.268478010335583e-05,-1.2909727390404514e-05,0.023590796341749445,0.02357811156164609,0.0733527650100738
R3_METRS_LOW,111,0.7401959996915645,GlyRS_Gly_ATP_tRNAGlyGCC,2.258950566066953e-05,2.330795338649988e-05,0.22248061792543716,0.22250320743109783,0.26907914707382335
R3_METRS_LOW,111,0.7401959996915645,GlyRS_Gly_tRNAGlyGCC,2.5959391743921034e-06,2.6761721469447935e-06,0.02678907029087756,0.026791666230051952,0.032399853671165664
R3_METRS_LOW,111,0.7401959996915645,GlyRS_tRNAGlyGCC,-6.203277721330072e-07,-6.561474584593785e-07,0.002289709131525467,0.002289088803753334,0.015802479111102753
R3_METRS_LOW,112,0.8026433522257174,GlyRS_AMP_GlytRNAGlyGCC,-1.0195586819998579e-07,-1.0266150439971381e-07,0.0008201241086225922,0.0008200221527543923,0.0012863532259807505
R3_METRS_LOW,112,0.8026433522257174,GlyRS_ATP,-5.760909861104047e-06,-6.036752485777602e-06,0.0014490647069257253,0.0014433037970646213,0.20486991818501493
R3_METRS_LOW,112,0.8026433522257174,GlyRS_ATP_tRNAGlyGCC,-3.1449575991979173e-06,-3.326883522688344e-06,0.009687095438141634,0.009683950480542436,0.07469084085177953
R3_METRS_LOW,112,0.8026433522257174,GlyRS_Gly,-1.8484148108246189e-06,-1.8881359293865075e-06,0.002919843011018524,0.0029179945962076992,0.012912911384911671
R3_METRS_LOW,112,0.8026433522257174,GlyRS_GlyAMP_PPi,-3.189896672444424e-07,-3.287957718615711e-07,0.00040428769227482945,0.000403968702607585,0.001804625485851243
R3_METRS_LOW,112,0.8026433522257174,GlyRS_Gly_ATP,-1.3795151831710872e-05,-1.404535340944927e-05,0.024114670970825536,0.024100875818993825,0.0733527650100738
R3_METRS_LOW,112,0.8026433522257174,GlyRS_Gly_ATP_tRNAGlyGCC,2.4303069298486912e-05,2.508347486908737e-05,0.2212546472833074,0.2212789503526059,0.26907914707382335
R3_METRS_LOW,112,0.8026433522257174,GlyRS_Gly_tRNAGlyGCC,2.796912479587771e-06,2.8842463159374696e-06,0.026642087078631468,0.026644883991111055,0.032399853671165664
R3_METRS_LOW,112,0.8026433522257174,GlyRS_tRNAGlyGCC,-6.402804926561138e-07,-6.779629324779154e-07,0.0022777656018367893,0.0022771253213441332,0.015802479111102753
R3_METRS_LOW,113,0.8703591361485166,GlyRS_AMP_GlytRNAGlyGCC,-1.0774307045136565e-07,-1.085453475366849e-07,0.0008297323246579246,0.0008296245815874732,0.0012863532259807505
R3_METRS_LOW,113,0.8703591361485166,GlyRS_ATP,-6.248546068784305e-06,-6.551882828537385e-06,0.00148637034363578,0.0014801217975669958,0.20486991818501493
R3_METRS_LOW,113,0.8703591361485166,GlyRS_ATP_tRNAGlyGCC,-3.261836922780273e-06,-3.4544789701782092e-06,0.00962828690620949,0.009625025069286709,0.07469084085177953
R3_METRS_LOW,113,0.8703591361485166,GlyRS_Gly,-2.0276936954950753e-06,-2.0721593561706545e-06,0.002992680419011969,0.002990652725316474,0.012912911384911671
R3_METRS_LOW,113,0.8703591361485166,GlyRS_GlyAMP_PPi,-3.5213262283124123e-07,-3.6305638828581305e-07,0.00041915200934182565,0.0004187998767189944,0.001804625485851243
R3_METRS_LOW,113,0.8703591361485166,GlyRS_Gly_ATP,-1.5158138187573722e-05,-1.5440077363019306e-05,0.024715636426325124,0.02470047828813755,0.0733527650100738
R3_METRS_LOW,113,0.8703591361485166,GlyRS_Gly_ATP_tRNAGlyGCC,2.6388627261425546e-05,2.7245321080980028e-05,0.21984439065111638,0.2198707792783778,0.26907914707382335
R3_METRS_LOW,113,0.8703591361485166,GlyRS_Gly_tRNAGlyGCC,3.041764768566685e-06,3.1378573689181215e-06,0.026472936515752256,0.026475978280520823,0.032399853671165664
R3_METRS_LOW,113,0.8703591361485166,GlyRS_tRNAGlyGCC,-6.628258081863882e-07,-7.026951401238117e-07,0.0022639817698550126,0.0022633189440468262,0.015802479111102753
R3_METRS_LOW,114,0.9437878277775381,GlyRS_AMP_GlytRNAGlyGCC,-1.1462036510439914e-07,-1.1554810481942456e-07,0.0008407794979305875,0.0008406648775654831,0.0012863532259807505
R3_METRS_LOW,114,0.9437878277775381,GlyRS_ATP,-6.8477211956836145e-06,-7.18535475181763e-06,0.0015294867002896087,0.001522638979093925,0.20486991818501493
R3_METRS_LOW,114,0.9437878277775381,GlyRS_ATP_tRNAGlyGCC,-3.395076656462215e-06,-3.600433539805107e-06,0.009559926326577213,0.00955653124992075,0.07469084085177953
R3_METRS_LOW,114,0.9437878277775381,GlyRS_Gly,-2.2508534048130448e-06,-2.301358808973579e-06,0.0030768150501736774,0.0030745641967688643,0.012912911384911671
R3_METRS_LOW,114,0.9437878277775381,GlyRS_GlyAMP_PPi,-3.9360289077312004e-07,-4.059383007334217e-07,0.00043647807499921595,0.00043608447210844283,0.001804625485851243
R3_METRS_LOW,114,0.9437878277775381,GlyRS_Gly_ATP,-1.6857287938345372e-05,-1.717985428198755e-05,0.02540983978152969,0.025392982493591346,0.0733527650100738
R3_METRS_LOW,114,0.9437878277775381,GlyRS_Gly_ATP_tRNAGlyGCC,2.896428636264825e-05,2.9916457495270027e-05,0.2182100539071009,0.21823901819346356,0.26907914707382335
R3_METRS_LOW,114,0.9437878277775381,GlyRS_Gly_tRNAGlyGCC,3.3444953896309693e-06,3.4515713318226223e-06,0.026276825279352538,0.02628016977474217,0.032399853671165664
R3_METRS_LOW,114,0.9437878277775381,GlyRS_tRNAGlyGCC,-6.883183905387509e-07,-7.307772000741589e-07,0.0022479523771886897,0.002247264058798151,0.015802479111102753
R3_METRS_LOW,115,1.0234114021054528,GlyRS_AMP_GlytRNAGlyGCC,-1.2288185216829776e-07,-1.239764422788491e-07,0.0008535728827284817,0.0008534500008763134,0.0012863532259807505
R3_METRS_LOW,115,1.0234114021054528,GlyRS_ATP,-7.595981841515857e-06,-7.977184442525706e-06,0.0015797272307268915,0.0015721312488853757,0.20486991818501493
R3_METRS_LOW,115,1.0234114021054528,GlyRS_ATP_tRNAGlyGCC,-3.547195709125567e-06,-3.7677905947888597e-06,0.009479749834472253,0.009476202638763127,0.07469084085177953
R3_METRS_LOW,115,1.0234114021054528,GlyRS_Gly,-2.533663786631439e-06,-2.592021022011536e-06,0.003174789959807736,0.0031722562960211044,0.012912911384911671
R3_METRS_LOW,115,1.0234114021054528,GlyRS_GlyAMP_PPi,-4.464605499034189e-07,-4.6061461558466963e-07,0.00045685787662435077,0.00045641141607444735,0.001804625485851243
R3_METRS_LOW,115,1.0234114021054528,GlyRS_Gly_ATP,-1.9014221692141564e-05,-1.938992961231878e-05,0.02621827021721898,0.02619925599552684,0.0733527650100738
R3_METRS_LOW,115,1.0234114021054528,GlyRS_Gly_ATP_tRNAGlyGCC,3.2200252360670145e-05,3.3274232209029166e-05,0.21629946444128986,0.21633166469365053,0.26907914707382335
R3_METRS_LOW,115,1.0234114021054528,GlyRS_Gly_tRNAGlyGCC,3.725301900570077e-06,3.846420522640516e-06,0.026047469090787118,0.026051194392687688,0.032399853671165664
R3_METRS_LOW,115,1.0234114021054528,GlyRS_tRNAGlyGCC,-7.171125574411373e-07,-7.626668343930991e-07,0.002229144760096783,0.002228427647539342,0.015802479111102753
R3_METRS_LOW,116,1.1097524964120722,GlyRS_AMP_GlytRNAGlyGCC,-1.3292953917156455e-07,-1.3425246889126454e-07,0.0008685129507114035,0.0008683800211722319,0.0012863532259807505
R3_METRS_LOW,116,1.1097524964120722,GlyRS_ATP,-8.548505565939089e-06,-8.986261260787373e-06,0.0016388341464248903,0.0016302856408589512,0.20486991818501493
R3_METRS_LOW,116,1.1097524964120722,GlyRS_ATP_tRNAGlyGCC,-3.720777533149436e-06,-3.959839323518102e-06,0.009384718846069895,0.009380998068536745,0.07469084085177953
R3_METRS_LOW,116,1.1097524964120722,GlyRS_Gly,-2.899753244273596e-06,-2.968575343562066e-06,0.003289975632382841,0.0032870758791385675,0.012912911384911671
R3_METRS_LOW,116,1.1097524964120722,GlyRS_GlyAMP_PPi,-5.153183498806681e-07,-5.318710783809045e-07,0.0004810865019132458,0.00048057118356336514,0.001804625485851243
R3_METRS_LOW,116,1.1097524964120722,GlyRS_Gly_ATP,-2.181150460027481e-05,-2.2258520964094e-05,0.027168745386346452,0.027146933881746178,0.0733527650100738
R3_METRS_LOW,116,1.1097524964120722,GlyRS_Gly_ATP_tRNAGlyGCC,3.63492948002031e-05,3.7582263945030485e-05,0.21404277192884322,0.21407912122364342,0.26907914707382335
R3_METRS_LOW,116,1.1097524964120722,GlyRS_Gly_tRNAGlyGCC,4.214215001824284e-06,4.353706431903459e-06,0.025776454463689993,0.025780668678691818,0.032399853671165664
R3_METRS_LOW,116,1.1097524964120722,GlyRS_tRNAGlyGCC,-7.494896777618561e-07,-7.987832527893575e-07,0.00220684401984425,0.002206094530166488,0.015802479111102753
R3_METRS_LOW,117,1.2033778407775906,GlyRS_AMP_GlytRNAGlyGCC,-1.453233631765194e-07,-1.4696975367495927e-07,0.0008861313755295167,0.0008859860521663402,0.0012863532259807505
R3_METRS_LOW,117,1.2033778407775906,GlyRS_ATP,-9.789147993430726e-06,-1.0302224797703216e-05,0.0017091707044431896,0.001699381556449759,0.20486991818501493
R3_METRS_LOW,117,1.2033778407775906,GlyRS_ATP_tRNAGlyGCC,-3.91792853559475e-06,-4.179647229810063e-06,0.009270654649920424,0.00926673672138483,0.07469084085177953
R3_METRS_LOW,117,1.2033778407775906,GlyRS_Gly,-3.3858110456848854e-06,-3.469002716622489e-06,0.0034269400798322257,0.003423554268786541,0.012912911384911671
R3_METRS_LOW,117,1.2033778407775906,GlyRS_GlyAMP_PPi,-6.073852020367339e-07,-6.271917945470494e-07,0.0005102568533850488,0.000509649468183012,0.001804625485851243
R3_METRS_LOW,117,1.2033778407775906,GlyRS_Gly_ATP,-2.5533183448233493e-05,-2.6078852951529786e-05,0.028298965424440724,0.02827343224099249,0.0733527650100738
R3_METRS_LOW,117,1.2033778407775906,GlyRS_Gly_ATP_tRNAGlyGCC,4.180021583793936e-05,4.3246479778903874e-05,0.21134415132354437,0.2113859515393823,0.26907914707382335
R3_METRS_LOW,117,1.2033778407775906,GlyRS_Gly_tRNAGlyGCC,4.857484497779174e-06,5.021689442137069e-06,0.025452239355907125,0.025457096840404904,0.032399853671165664
R3_METRS_LOW,117,1.2033778407775906,GlyRS_tRNAGlyGCC,-7.854875314688634e-07,-8.393494744122799e-07,0.0021800670814787143,0.0021792815939472455,0.015802479111102753
R3_METRS_LOW,118,1.3049019780144016,GlyRS_AMP_GlytRNAGlyGCC,-1.6085797808064288e-07,-1.6298229059530269e-07,0.0009071485420721073,0.0009069876840940267,0.0012863532259807505
R3_METRS_LOW,118,1.3049019780144016,GlyRS_ATP,-1.1450494396801798e-05,-1.206706527221204e-05,0.0017940268919294851,0.0017825763975326833,0.20486991818501493
R3_METRS_LOW,118,1.3049019780144016,GlyRS_ATP_tRNAGlyGCC,-4.138884272019208e-06,-4.428768093769382e-06,0.009131644103671108,0.009127505219399088,0.07469084085177953
R3_METRS_LOW,118,1.3049019780144016,GlyRS_Gly,-4.051254366170629e-06,-4.154903954440345e-06,0.003592036661942592,0.0035879854075764215,0.012912911384911671
R3_METRS_LOW,118,1.3049019780144016,GlyRS_GlyAMP_PPi,-7.344168815151585e-07,-7.587907265671442e-07,0.0005459121467115731,0.0005451777298300579,0.001804625485851243
R3_METRS_LOW,118,1.3049019780144016,GlyRS_Gly_ATP,-3.064025844930901e-05,-3.1327555561005606e-05,0.029661363457278073,0.029630723198828764,0.0733527650100738
R3_METRS_LOW,118,1.3049019780144016,GlyRS_Gly_ATP_tRNAGlyGCC,4.917636557938421e-05,5.0918517109328715e-05,0.2080683232622137,0.20811749962779308,0.26907914707382335
R3_METRS_LOW,118,1.3049019780144016,GlyRS_Gly_tRNAGlyGCC,5.729357506287919e-06,5.927946054536078e-06,0.025058529520043223,0.02506425887754951,0.032399853671165664
R3_METRS_LOW,118,1.3049019780144016,GlyRS_tRNAGlyGCC,-8.245021622423077e-07,-8.840105580409676e-07,0.002147422918236995,0.0021465984160747528,0.015802479111102753
R3_METRS_LOW,119,1.414991297434576,GlyRS_AMP_GlytRNAGlyGCC,-1.8067918063134712e-07,-1.8354759864923926e-07,0.0009325622636691306,0.0009323815844884993,0.0012863532259807505
R3_METRS_LOW,119,1.414991297434576,GlyRS_ATP,-1.3752321934174536e-05,-1.4516650272332066e-05,0.001898123581013233,0.0018843712590790585,0.20486991818501493
R3_METRS_LOW,119,1.414991297434576,GlyRS_ATP_tRNAGlyGCC,-4.378483869834152e-06,-4.703838340250172e-06,0.008959030495168146,0.008954652011298312,0.07469084085177953
R3_METRS_LOW,119,1.414991297434576,GlyRS_Gly,-4.997258596966831e-06,-5.131361232119792e-06,0.0037943725389215904,0.0037893752803246235,0.012912911384911671
R3_METRS_LOW,119,1.414991297434576,GlyRS_GlyAMP_PPi,-9.165805652721834e-07,-9.476410227656098e-07,0.0005903010439567007,0.0005893844633914285,0.001804625485851243
R3_METRS_LOW,119,1.414991297434576,GlyRS_Gly_ATP,-3.7919561415120095e-05,-3.8819648111946525e-05,0.03133109674696925,0.03129317718555413,0.0733527650100738
R3_METRS_LOW,119,1.414991297434576,GlyRS_Gly_ATP_tRNAGlyGCC,5.952783520785099e-05,6.169781707423813e-05,0.2040176902958997,0.20407721813110755,0.26907914707382335
R3_METRS_LOW,119,1.414991297434576,GlyRS_Gly_tRNAGlyGCC,6.95508135279202e-06,7.203547450891086e-06,0.024571524359775217,0.02457847944112801,0.032399853671165664
R3_METRS_LOW,119,1.414991297434576,GlyRS_tRNAGlyGCC,-8.643405677031049e-07,-9.309016606108973e-07,0.0021068752080677083,0.002106010867500005,0.015802479111102753
R3_METRS_LOW,120,1.5343684089300131,GlyRS_AMP_GlytRNAGlyGCC,-2.0644809313517896e-07,-2.1055453316516403e-07,0.0009637859498464483,0.0009635795017533132,0.0012863532259807505
R3_METRS_LOW,120,1.5343684089300131,GlyRS_ATP,-1.7080381818406366e-05,-1.8066004559078026e-05,0.002028478693845711,0.0020113983120273048,0.20486991818501493
R3_METRS_LOW,120,1.5343684089300131,GlyRS_ATP_tRNAGlyGCC,-4.617047857197534e-06,-4.98752688867896e-06,0.00873961098055558,0.008734993932698382,0.07469084085177953
R3_METRS_LOW,120,1.5343684089300131,GlyRS_Gly,-6.4068743874370546e-06,-6.588912183597123e-06,0.004047470397281541,0.004041063522894104,0.012912911384911671
R3_METRS_LOW,120,1.5343684089300131,GlyRS_GlyAMP_PPi,-1.1906561374281158e-06,-1.2320382650842438e-06,0.0006468233717846745,0.0006456327156472464,0.001804625485851243
R3_METRS_LOW,120,1.5343684089300131,GlyRS_Gly_ATP,-4.87982934176609e-05,-5.003682290920469e-05,0.03341975792152336,0.0333709596281057,0.0733527650100738
R3_METRS_LOW,120,1.5343684089300131,GlyRS_Gly_ATP_tRNAGlyGCC,7.473274512978523e-05,7.755450928210733e-05,0.1988915414925148,0.1989662742376446,0.26907914707382335
R3_METRS_LOW,120,1.5343684089300131,GlyRS_Gly_tRNAGlyGCC,8.758986551081482e-06,9.083713034105004e-06,0.023955002471277874,0.023963761457828955,0.032399853671165664
R3_METRS_LOW,120,1.5343684089300131,GlyRS_tRNAGlyGCC,-8.988702992302963e-07,-9.74290140859906e-07,0.0020553183770717644,0.002054419506772534,0.015802479111102753
R3_METRS_LOW,121,1.6638168860761273,GlyRS_AMP_GlytRNAGlyGCC,-2.405059604548322e-07,-2.46857453223966e-07,0.0010028595190788854,0.0010026190131184306,0.0012863532259807505
R3_METRS_LOW,121,1.6638168860761273,GlyRS_ATP,-2.2160960384429336e-05,-2.3498835118446416e-05,0.0021959610436351495,0.00217380008325072,0.20486991818501493
R3_METRS_LOW,121,1.6638168860761273,GlyRS_ATP_tRNAGlyGCC,-4.795534430637044e-06,-5.223369831464428e-06,0.008452218614711224,0.008447423080280587,0.07469084085177953
R3_METRS_LOW,121,1.6638168860761273,GlyRS_Gly,-8.636787568996364e-06,-8.899860324936526e-06,0.004372244479648971,0.004363607692079974,0.012912911384911671
R3_METRS_LOW,121,1.6638168860761273,GlyRS_GlyAMP_PPi,-1.6289251443176453e-06,-1.6873602421190292e-06,0.0007208465092854016,0.000719217584141084,0.001804625485851243
R3_METRS_LOW,121,1.6638168860761273,GlyRS_Gly_ATP,-6.606516343884289e-05,-6.788255114540851e-05,0.03609992981190686,0.036033864648468014,0.0733527650100738
R3_METRS_LOW,121,1.6638168860761273,GlyRS_Gly_ATP_tRNAGlyGCC,9.840580009642941e-05,0.00010228951289802534,0.1922087843980311,0.19230719019812753,0.26907914707382335
R3_METRS_LOW,121,1.6638168860761273,GlyRS_Gly_tRNAGlyGCC,1.1573480546780285e-05,1.2022954619138486e-05,0.023151012878938147,0.023162586359484927,0.032399853671165664
R3_METRS_LOW,121,1.6638168860761273,GlyRS_tRNAGlyGCC,-9.118116077321166e-07,-9.98245466941264e-07,0.0019877736936585607,0.0019868618820508286,0.015802479111102753
R3_METRS_LOW,122,1.8041864093920719,GlyRS_AMP_GlytRNAGlyGCC,-2.8566354847402164e-07,-2.965822747144647e-07,0.001052731965326554,0.00105244630177808,0.0012863532259807505
R3_METRS_LOW,122,1.8041864093920719,GlyRS_ATP,-3.048584246623416e-05,-3.24305070128374e-05,0.002418186395102284,0.0023877005526360497,0.20486991818501493
R3_METRS_LOW,122,1.8041864093920719,GlyRS_ATP_tRNAGlyGCC,-4.7424940519645575e-06,-5.240463773264482e-06,0.008060772995937352,0.008056030501885388,0.07469084085177953
R3_METRS_LOW,122,1.8041864093920719,GlyRS_Gly,-1.2448591468795789e-05,-1.28620061076711e-05,0.004802533548086156,0.00479008495661736,0.012912911384911671
R3_METRS_LOW,122,1.8041864093920719,GlyRS_GlyAMP_PPi,-2.38710475163387e-06,-2.476338499293229e-06,0.0008212715513694237,0.0008188844466177898,0.001804625485851243
R3_METRS_LOW,122,1.8041864093920719,GlyRS_Gly_ATP,-9.569245140652466e-05,-9.85980170174129e-05,0.03965083462677477,0.03955514217536824,0.0733527650100738
R3_METRS_LOW,122,1.8041864093920719,GlyRS_Gly_ATP_tRNAGlyGCC,0.00013816353110024382,0.0001439368499306521,0.18315103278806474,0.183289196319165,0.26907914707382335
R3_METRS_LOW,122,1.8041864093920719,GlyRS_Gly_tRNAGlyGCC,1.6311137666414482e-05,1.6983564799737036e-05,0.02206096994481736,0.022077281082483774,0.032399853671165664
R3_METRS_LOW,122,1.8041864093920719,GlyRS_tRNAGlyGCC,-8.589109653726456e-07,-9.581903785789172e-07,0.001895754756406483,0.0018948958454411103,0.015802479111102753
R3_METRS_LOW,123,1.9563983435170649,GlyRS_AMP_GlytRNAGlyGCC,-3.4238152915567165e-07,-3.6418229696572226e-07,0.001117385780234386,0.0011170433987052304,0.0012863532259807505
R3_METRS_LOW,123,1.9563983435170649,GlyRS_ATP,-4.546704685013097e-05,-4.8570717081925364e-05,0.0027249322182744755,0.0026794651714243446,0.20486991818501493
R3_METRS_LOW,123,1.9563983435170649,GlyRS_ATP_tRNAGlyGCC,-3.936953089142721e-06,-4.5048994699035795e-06,0.007499016091347016,0.007495079138257873,0.07469084085177953
R3_METRS_LOW,123,1.9563983435170649,GlyRS_Gly,-1.9660121489070877e-05,-2.0388849482179476e-05,0.005395397760974154,0.005375737639485083,0.012912911384911671
R3_METRS_LOW,123,1.9563983435170649,GlyRS_GlyAMP_PPi,-3.840118694913562e-06,-3.99196632102278e-06,0.0009636102416885911,0.0009597701229936775,0.001804625485851243
R3_METRS_LOW,123,1.9563983435170649,GlyRS_Gly_ATP,-0.00015198016101601597,-0.00015720224710795154,0.04454327863621557,0.044391298475199556,0.0733527650100738
R3_METRS_LOW,123,1.9563983435170649,GlyRS_Gly_ATP_tRNAGlyGCC,0.0002119317207947835,0.00022148480700354863,0.17021841549524117,0.17043034721603595,0.26907914707382335
R3_METRS_LOW,123,1.9563983435170649,GlyRS_Gly_tRNAGlyGCC,2.5123360059654126e-05,2.624391670884337e-05,0.02050418136271965,0.020529304722779303,0.032399853671165664
R3_METRS_LOW,123,1.9563983435170649,GlyRS_tRNAGlyGCC,-6.111698134711983e-07,-7.212733003460758e-07,0.0017636772426995095,0.0017630660728860383,0.015802479111102753
R3_METRS_LOW,124,2.1214517849106276,GlyRS_AMP_GlytRNAGlyGCC,-3.8978393866631426e-07,-4.439333815298907e-07,0.001200010852298932,0.0011996210683602657,0.0012863532259807505
R3_METRS_LOW,124,2.1214517849106276,GlyRS_ATP,-7.594031978554357e-05,-8.156516861512964e-05,0.0031663995356210365,0.003090459215835493,0.20486991818501493
R3_METRS_LOW,124,2.1214517849106276,GlyRS_ATP_tRNAGlyGCC,-6.540716633593804e-07,-1.2080273034759808e-06,0.0066347382074397445,0.006634084135776385,0.07469084085177953
R3_METRS_LOW,124,2.1214517849106276,GlyRS_Gly,-3.517727257838169e-05,-3.667980020970961e-05,0.00624658861835515,0.006211411345776768,0.012912911384911671
R3_METRS_LOW,124,2.1214517849106276,GlyRS_GlyAMP_PPi,-7.005921335276333e-06,-7.306099826032433e-06,0.0011753955513455082,0.0011683896300102318,0.001804625485851243
R3_METRS_LOW,124,2.1214517849106276,GlyRS_Gly_ATP,-0.0002736335979909438,-0.00028463698221831656,0.05156723025853162,0.051293596660540675,0.0733527650100738
R3_METRS_LOW,124,2.1214517849106276,GlyRS_Gly_ATP_tRNAGlyGCC,0.0003674004862537217,0.00038574729115055606,0.15042431796194958,0.1507917184482033,0.26907914707382335
R3_METRS_LOW,124,2.1214517849106276,GlyRS_Gly_tRNAGlyGCC,4.374426199198894e-05,4.591282701124442e-05,0.018120812207842094,0.018164556469834083,0.032399853671165664
R3_METRS_LOW,124,2.1214517849106276,GlyRS_tRNAGlyGCC,2.462805127193598e-07,1.4838191415252145e-07,0.0015604443693318765,0.0015606906498445959,0.015802479111102753
R3_METRS_LOW,125,2.300430119772917,GlyRS_AMP_GlytRNAGlyGCC,-2.629800293469601e-07,-4.456265700926541e-07,0.0012866162060100974,0.0012863532259807505,0.0012863532259807505
R3_METRS_LOW,125,2.300430119772917,GlyRS_ATP,-0.00014674534316128389,-0.00015852545169620845,0.0038012584263374303,0.0036545130831761464,0.20486991818501493
R3_METRS_LOW,125,2.300430119772917,GlyRS_ATP_tRNAGlyGCC,1.1093967367648873e-05,1.1074832416591651e-05,0.005191893514172167,0.005202987481539816,0.07469084085177953
R3_METRS_LOW,125,2.300430119772917,GlyRS_Gly,-7.289035065996454e-05,-7.660699004527735e-05,0.007465780756644581,0.007392890405984617,0.012912911384911671
R3_METRS_LOW,125,2.300430119772917,GlyRS_GlyAMP_PPi,-1.4739702149557188e-05,-1.5447996248930624e-05,0.0014952909631779409,0.0014805512610283837,0.001804625485851243
R3_METRS_LOW,125,2.300430119772917,GlyRS_Gly_ATP,-0.0005703170322215803,-0.0005981748046234623,0.061627148521040634,0.061056831488819054,0.0733527650100738
R3_METRS_LOW,125,2.300430119772917,GlyRS_Gly_ATP_tRNAGlyGCC,0.000738099488257718,0.0007801712432122189,0.11754819284603635,0.11828629233429407,0.26907914707382335
R3_METRS_LOW,125,2.300430119772917,GlyRS_Gly_tRNAGlyGCC,8.826500290889765e-05,9.327629072287835e-05,0.014161306167716367,0.014249571170625265,0.032399853671165664
R3_METRS_LOW,125,2.300430119772917,GlyRS_tRNAGlyGCC,3.1201408030414376e-06,3.1602813676028858e-06,0.001221126427079924,0.0012242465678829655,0.015802479111102753
R3_METRS_LOW,126,2.4945081352303164,GlyRS_AMP_GlytRNAGlyGCC,9.303053759351573e-07,1.610282039701715e-07,0.0012379914380418002,0.0012389217434177354,0.0012863532259807505
R3_METRS_LOW,126,2.4945081352303164,GlyRS_ATP,-0.00029940383202365067,-0.00032231831793301237,0.004376226658009737,0.004076822825986087,0.20486991818501493
R3_METRS_LOW,126,2.4945081352303164,GlyRS_ATP_tRNAGlyGCC,4.270626132437533e-05,4.504059361172218e-05,0.002774752837550589,0.0028174590988749642,0.07469084085177953
R3_METRS_LOW,126,2.4945081352303164,GlyRS_Gly,-0.0001464917934298985,-0.0001554199460401919,0.00855229284669858,0.008405801053268682,0.012912911384911671
R3_METRS_LOW,126,2.4945081352303164,GlyRS_GlyAMP_PPi,-2.901594016354713e-05,-3.065069710595416e-05,0.00183364142601479,0.001804625485851243,0.001804625485851243
R3_METRS_LOW,126,2.4945081352303164,GlyRS_Gly_ATP,-0.0011454493733391025,-0.0012139494887545275,0.07058955448294538,0.06944410510960627,0.0733527650100738
R3_METRS_LOW,126,2.4945081352303164,GlyRS_Gly_ATP_tRNAGlyGCC,0.0014627236795009824,0.0015567787277864617,0.06272347162391496,0.06418619530341595,0.26907914707382335
R3_METRS_LOW,126,2.4945081352303164,GlyRS_Gly_tRNAGlyGCC,0.0001755602346808537,0.00018683646624494962,0.0075569728814884034,0.007732533116169257,0.032399853671165664
R3_METRS_LOW,126,2.4945081352303164,GlyRS_tRNAGlyGCC,1.0567682481420941e-05,1.1160145760175585e-05,0.0006526346267259109,0.0006632023092073318,0.015802479111102753
R3_METRS_LOW,127,2.704959730463137,GlyRS_AMP_GlytRNAGlyGCC,2.7652310193347976e-06,1.620518953654358e-06,0.0006377246664011861,0.0006404898974205209,0.0012863532259807505
R3_METRS_LOW,127,2.704959730463137,GlyRS_ATP,-0.0003090145197748159,-0.0003155579630242854,0.0029263750945726346,0.0026173605747978187,0.20486991818501493
R3_METRS_LOW,127,2.704959730463137,GlyRS_ATP_tRNAGlyGCC,3.5942138486591514e-05,3.730363058018551e-05,0.0004286472740500795,0.000464589412536671,0.07469084085177953
R3_METRS_LOW,127,2.704959730463137,GlyRS_Gly,-8.720239332772172e-05,-9.073607297840569e-05,0.00569713408251992,0.005609931689192198,0.012912911384911671
R3_METRS_LOW,127,2.704959730463137,GlyRS_GlyAMP_PPi,-1.1865517850278944e-05,-1.2494442463652547e-05,0.0012827570911716874,0.0012708915733214085,0.001804625485851243
R3_METRS_LOW,127,2.704959730463137,GlyRS_Gly_ATP,-0.0006451838105910393,-0.0006729965679598723,0.04702087929381477,0.04637569548322373,0.0733527650100738
R3_METRS_LOW,127,2.704959730463137,GlyRS_Gly_ATP_tRNAGlyGCC,0.000964164504887139,0.000999480143600934,0.009677002987934955,0.010641167492822094,0.26907914707382335
R3_METRS_LOW,127,2.704959730463137,GlyRS_Gly_tRNAGlyGCC,0.00011596187652800159,0.00012021070914435759,0.0011659369973979457,0.0012818988739259473,0.032399853671165664
R3_METRS_LOW,127,2.704959730463137,GlyRS_tRNAGlyGCC,8.614677385675407e-06,8.939680342896695e-06,0.0001008204024188093,0.0001094350798044847,0.015802479111102753
R3_METRS_LOW,128,2.9331662783900425,GlyRS_AMP_GlytRNAGlyGCC,7.041771988894715e-07,6.31717703090467e-07,8.969232053838588e-05,9.039649773727535e-05,0.0012863532259807505
R3_METRS_LOW,128,2.9331662783900425,GlyRS_ATP,-6.472029343566226e-05,-6.150357754664037e-05,0.0005562664519395952,0.0004915461585039329,0.20486991818501493
R3_METRS_LOW,128,2.9331662783900425,GlyRS_ATP_tRNAGlyGCC,1.6028078759643047e-06,1.3456880192461911e-06,7.861086247122435e-06,9.46389412308674e-06,0.07469084085177953
R3_METRS_LOW,128,2.9331662783900425,GlyRS_Gly,1.208649938988851e-06,1.6619348268464983e-06,0.00108158754714635,0.001082796197085339,0.012912911384911671
R3_METRS_LOW,128,2.9331662783900425,GlyRS_GlyAMP_PPi,2.9007658703792305e-06,2.888797076410968e-06,0.00024691019611442297,0.0002498109619848022,0.001804625485851243
R3_METRS_LOW,128,2.9331662783900425,GlyRS_Gly_ATP,2.8374737293295274e-05,3.129055772339793e-05,0.008927292368746105,0.0089556671060394,0.0733527650100738
R3_METRS_LOW,128,2.9331662783900425,GlyRS_Gly_ATP_tRNAGlyGCC,4.024754548169007e-05,3.4053906285790664e-05,0.00017738845116969273,0.0002176359966513828,0.26907914707382335
R3_METRS_LOW,128,2.9331662783900425,GlyRS_Gly_tRNAGlyGCC,4.843452390029545e-06,4.097781797855807e-06,2.1371431421678522e-05,2.6214883811708067e-05,0.032399853671165664
R3_METRS_LOW,128,2.9331662783900425,GlyRS_tRNAGlyGCC,3.812625602558662e-07,3.2037563159477033e-07,1.8488477953248397e-06,2.230110355580706e-06,0.015802479111102753
R3_METRS_LOW,129,3.180625692794119,GlyRS_AMP_GlytRNAGlyGCC,4.80580662075228e-08,4.703543771304587e-08,5.617821530940345e-06,5.665879597147868e-06,0.0012863532259807505
R3_METRS_LOW,129,3.180625692794119,GlyRS_ATP,-4.7142622405641936e-06,-4.443239846353481e-06,8.907010054427734e-05,8.435583830371315e-05,0.20486991818501493
R3_METRS_LOW,129,3.180625692794119,GlyRS_ATP_tRNAGlyGCC,1.2979153564196443e-08,1.0476486819338772e-08,7.432862045264446e-08,8.73077740168409e-08,0.07469084085177953
R3_METRS_LOW,129,3.180625692794119,GlyRS_Gly,4.0461164181509524e-07,3.8635782609465543e-07,0.00017313344484968637,0.00017353805649150146,0.012912911384911671
R3_METRS_LOW,129,3.180625692794119,GlyRS_GlyAMP_PPi,2.985595039816749e-07,2.813218343708957e-07,3.958248630893425e-05,3.988104581291593e-05,0.001804625485851243
R3_METRS_LOW,129,3.180625692794119,GlyRS_Gly_ATP,4.7254549657743845e-06,4.497172615469507e-06,0.0014291876368570146,0.001433913091822789,0.0733527650100738
R3_METRS_LOW,129,3.180625692794119,GlyRS_Gly_ATP_tRNAGlyGCC,3.15717015020873e-07,2.561122802317387e-07,1.6771177486084888e-06,1.992834763629362e-06,0.26907914707382335
R3_METRS_LOW,129,3.180625692794119,GlyRS_Gly_tRNAGlyGCC,3.800177308368804e-08,3.0825764728560684e-08,2.0203258297994588e-07,2.400343560636339e-07,0.032399853671165664
R3_METRS_LOW,129,3.180625692794119,GlyRS_tRNAGlyGCC,3.076289699941742e-09,2.484441218450021e-09,1.747929080234755e-08,2.055558050228929e-08,0.015802479111102753
R3_METRS_LOW,130,3.44896226040576,GlyRS_AMP_GlytRNAGlyGCC,2.1645095023720767e-09,2.131767016664073e-09,2.6893624096334713e-07,2.711007504657192e-07,0.0012863532259807505
R3_METRS_LOW,130,3.44896226040576,GlyRS_ATP,-2.170494436186683e-07,-2.0448875942593255e-07,5.656034269229055e-05,5.634329324867188e-05,0.20486991818501493
R3_METRS_LOW,130,3.44896226040576,GlyRS_ATP_tRNAGlyGCC,2.6742854506202635e-10,2.3232344831347514e-10,2.265490440606345e-09,2.5329189856683713e-09,0.07469084085177953
R3_METRS_LOW,130,3.44896226040576,GlyRS_Gly,1.9630714492231195e-08,1.8548995149538533e-08,0.00010992101627251901,0.00010994064698701124,0.012912911384911671
R3_METRS_LOW,130,3.44896226040576,GlyRS_GlyAMP_PPi,1.4021539587262858e-08,1.3154395774013787e-08,2.5135570007692067e-05,2.514959154727933e-05,0.001804625485851243
R3_METRS_LOW,130,3.44896226040576,GlyRS_Gly_ATP,2.259818439733852e-07,2.1342287344112481e-07,0.000907484540170598,0.0009077105220145714,0.0733527650100738
R3_METRS_LOW,130,3.44896226040576,GlyRS_Gly_ATP_tRNAGlyGCC,6.284068442826145e-09,5.458558797642058e-09,5.1115557801106954e-08,5.73996262439331e-08,0.26907914707382335
R3_METRS_LOW,130,3.44896226040576,GlyRS_Gly_tRNAGlyGCC,7.565799270913263e-10,6.57192209706814e-10,6.156880892005598e-09,6.9134608190969245e-09,0.032399853671165664
R3_METRS_LOW,130,3.44896226040576,GlyRS_tRNAGlyGCC,6.314517036887305e-11,5.4855447062918414e-11,5.326962785598615e-10,5.958414489287345e-10,0.015802479111102753
R3_METRS_LOW,131,3.739937302478794,GlyRS_AMP_GlytRNAGlyGCC,5.879507257328486e-11,5.7778456806232936e-11,3.104476163470482e-08,3.1103556707278105e-08,0.0012863532259807505
R3_METRS_LOW,131,3.739937302478794,GlyRS_ATP,-6.777440588305876e-09,-6.38398189628667e-09,5.5079149798419036e-05,5.507237235783073e-05,0.20486991818501493
R3_METRS_LOW,131,3.739937302478794,GlyRS_ATP_tRNAGlyGCC,6.895857002642405e-12,5.822902526129803e-12,2.734128009459614e-10,2.8030865794860383e-10,0.07469084085177953
R3_METRS_LOW,131,3.739937302478794,GlyRS_Gly,6.187518396006406e-10,5.848164262837925e-10,0.00010702553692089723,0.00010702615567273683,0.012912911384911671
R3_METRS_LOW,131,3.739937302478794,GlyRS_GlyAMP_PPi,4.386812714436217e-10,4.1123541746437036e-10,2.4475982092148743e-05,2.4476420773420187e-05,0.001804625485851243
R3_METRS_LOW,131,3.739937302478794,GlyRS_Gly_ATP,7.0985395379677754e-09,6.7049217769339125e-09,0.000883667815168408,0.000883674913707946,0.0733527650100738
R3_METRS_LOW,131,3.739937302478794,GlyRS_Gly_ATP_tRNAGlyGCC,1.6146863066276746e-10,1.3629084199484282e-10,6.1687085702360665e-09,6.330177200898834e-09,0.26907914707382335
R3_METRS_LOW,131,3.739937302478794,GlyRS_Gly_tRNAGlyGCC,1.94390651253142e-11,1.6408004044395743e-11,7.429486466594133e-10,7.623877117847275e-10,0.032399853671165664
R3_METRS_LOW,131,3.739937302478794,GlyRS_tRNAGlyGCC,1.627490932398423e-12,1.3742041322086457e-12,6.428255405822792e-11,6.591004499062634e-11,0.015802479111102753
R3_METRS_LOW,132,4.0554607358408274,GlyRS_AMP_GlytRNAGlyGCC,-1.7356949019830565e-11,-1.7274116738917818e-11,3.016547389434949e-08,3.014811694532966e-08,0.0012863532259807505
R3_METRS_LOW,132,4.0554607358408274,GlyRS_ATP,6.965877829119777e-10,6.580567487321795e-10,5.5051718716970357e-05,5.505241530475327e-05,0.20486991818501493
R3_METRS_LOW,132,4.0554607358408274,GlyRS_ATP_tRNAGlyGCC,-1.9934335010808592e-12,-2.0097057906282762e-12,2.7285017098539796e-10,2.708567374843171e-10,0.07469084085177953
R3_METRS_LOW,132,4.0554607358408274,GlyRS_Gly,-5.817807630233932e-11,-5.446940744997675e-11,0.0001069578347264514,0.0001069577765483751,0.012912911384911671
R3_METRS_LOW,132,4.0554607358408274,GlyRS_GlyAMP_PPi,-4.412087891691725e-11,-4.167582861090938e-11,2.4462476056388673e-05,2.4462431935509756e-05,0.001804625485851243
R3_METRS_LOW,132,4.0554607358408274,GlyRS_Gly_ATP,-6.900366401321398e-10,-6.479501670665624e-10,0.0008831802012957292,0.0008831795112590891,0.0733527650100738
R3_METRS_LOW,132,4.0554607358408274,GlyRS_Gly_ATP_tRNAGlyGCC,-4.6631024611682325e-11,-4.701381197046867e-11,6.1557958182763944e-09,6.109164793664712e-09,0.26907914707382335
R3_METRS_LOW,132,4.0554607358408274,GlyRS_Gly_tRNAGlyGCC,-5.613465959371077e-12,-5.659543336549757e-12,7.41333565806201e-10,7.357200998468299e-10,0.032399853671165664
R3_METRS_LOW,132,4.0554607358408274,GlyRS_tRNAGlyGCC,-4.703843434111154e-13,-4.74226398030173e-13,6.41450890673155e-11,6.367470472390439e-11,0.015802479111102753
R3_METRS_LOW,133,4.397603609302721,GlyRS_AMP_GlytRNAGlyGCC,-2.2596646160046518e-11,-2.2465020480795114e-11,3.965380418044839e-08,3.963120753428834e-08,0.0012863532259807505
R3_METRS_LOW,133,4.397603609302721,GlyRS_ATP,1.0565041645764451e-09,9.978048758856396e-10,5.508124220143363e-05,5.5082298705598205e-05,0.20486991818501493
R3_METRS_LOW,133,4.397603609302721,GlyRS_ATP_tRNAGlyGCC,-2.6020374141040137e-12,-2.5869915126379277e-12,3.588379632919061e-10,3.562359258778021e-10,0.07469084085177953
R3_METRS_LOW,133,4.397603609302721,GlyRS_Gly,-9.025684891042062e-11,-8.473355713242936e-11,0.00010700310195849929,0.00010700301170165038,0.012912911384911671
R3_METRS_LOW,133,4.397603609302721,GlyRS_GlyAMP_PPi,-6.697132802615862e-11,-6.316909581927163e-11,2.447436985590918e-05,2.4474302884581155e-05,0.001804625485851243
R3_METRS_LOW,133,4.397603609302721,GlyRS_Gly_ATP,-1.059480554395191e-09,-9.965240688938878e-10,0.0008836097541353485,0.0008836086946547941,0.0733527650100738
R3_METRS_LOW,133,4.397603609302721,GlyRS_Gly_ATP_tRNAGlyGCC,-6.087559664420078e-11,-6.052343905516477e-11,8.095483437997073e-09,8.034607841352873e-09,0.26907914707382335
R3_METRS_LOW,133,4.397603609302721,GlyRS_Gly_tRNAGlyGCC,-7.327760843779402e-12,-7.285370835806551e-12,9.74865831468179e-10,9.675380706243996e-10,0.032399853671165664
R3_METRS_LOW,133,4.397603609302721,GlyRS_tRNAGlyGCC,-6.139666656414932e-13,-6.104163525783985e-13,8.435487470968703e-11,8.374090804404554e-11,0.015802479111102753
R3_METRS_LOW,134,4.768611697714475,GlyRS_AMP_GlytRNAGlyGCC,-2.6230439822357708e-11,-2.607587619336418e-11,5.1919242114626276e-08,5.189301167480392e-08,0.0012863532259807505
R3_METRS_LOW,134,4.768611697714475,GlyRS_ATP,1.241453679636797e-09,1.1727164147396349e-09,5.5119573435270756e-05,5.512081488895039e-05,0.20486991818501493
R3_METRS_LOW,134,4.768611697714475,GlyRS_ATP_tRNAGlyGCC,-3.0244711387037734e-12,-3.004496022939199e-12,4.698227944494121e-10,4.667983233107083e-10,0.07469084085177953
R3_METRS_LOW,134,4.768611697714475,GlyRS_Gly,-1.0638111611505508e-10,-9.99207420542285e-11,0.00010706754739380488,0.00010706744101268877,0.012912911384911671
R3_METRS_LOW,134,4.768611697714475,GlyRS_GlyAMP_PPi,-7.852150713357408e-11,-7.406706583135109e-11,2.449025314526126e-05,2.4490174623754128e-05,0.001804625485851243
R3_METRS_LOW,134,4.768611697714475,GlyRS_Gly_ATP,-1.2459328936403544e-09,-1.172275604865773e-09,0.0008841833835881737,0.00088418213765528,0.0733527650100738
R3_METRS_LOW,134,4.768611697714475,GlyRS_Gly_ATP_tRNAGlyGCC,-7.076401478033647e-11,-7.029594585783848e-11,1.0598944643106888e-08,1.0528180628326552e-08,0.26907914707382335
R3_METRS_LOW,134,4.768611697714475,GlyRS_Gly_tRNAGlyGCC,-8.51764821856663e-12,-8.461309074980818e-12,1.2762752128130264e-09,1.2677575645944598e-09,0.032399853671165664
R3_METRS_LOW,134,4.768611697714475,GlyRS_tRNAGlyGCC,-7.136174730894633e-13,-7.089036627241465e-13,1.1043979253419649e-10,1.0972617506110703e-10,0.015802479111102753
R3_METRS_LOW,135,5.170920242896756,GlyRS_AMP_GlytRNAGlyGCC,-3.00639919187513e-11,-2.9885393217461966e-11,6.724840067618014e-08,6.721833668426139e-08,0.0012863532259807505
R3_METRS_LOW,135,5.170920242896756,GlyRS_ATP,1.4338181452815688e-09,1.3546160382137303e-09,5.516695776941979e-05,5.516839158756507e-05,0.20486991818501493
R3_METRS_LOW,135,5.170920242896756,GlyRS_ATP_tRNAGlyGCC,-3.472037469525754e-12,-3.447201046598484e-12,6.086723997389235e-10,6.052003622693977e-10,0.07469084085177953
R3_METRS_LOW,135,5.170920242896756,GlyRS_Gly,-1.2308891652788e-10,-1.1565067317759404e-10,0.00010715136951322626,0.00010715124642430973,0.012912911384911671
R3_METRS_LOW,135,5.170920242896756,GlyRS_GlyAMP_PPi,-9.056092528848423e-11,-8.542749203550948e-11,2.451021436514979e-05,2.4510123804224502e-05,0.001804625485851243
R3_METRS_LOW,135,5.170920242896756,GlyRS_Gly_ATP,-1.4396259094768063e-09,-1.3548042296567398e-09,0.0008849042875547101,0.0008849028479288007,0.0733527650100738
R3_METRS_LOW,135,5.170920242896756,GlyRS_Gly_ATP_tRNAGlyGCC,-8.124390143874587e-11,-8.066129465536387e-11,1.3730799063343413e-08,1.3649555161904667e-08,0.26907914707382335
R3_METRS_LOW,135,5.170920242896756,GlyRS_Gly_tRNAGlyGCC,-9.778750092732071e-12,-9.708627710847969e-12,1.6533448765657358e-09,1.6435661264730037e-09,0.032399853671165664
R3_METRS_LOW,135,5.170920242896756,GlyRS_tRNAGlyGCC,-8.192050545629561e-13,-8.133435575136776e-13,1.430741296261016e-10,1.4225492457153863e-10,0.015802479111102753
R3_METRS_LOW,136,5.607169938205458,GlyRS_AMP_GlytRNAGlyGCC,-3.410695336322937e-11,-3.3902857590314796e-11,8.619699832051808e-08,8.616289136715485e-08,0.0012863532259807505
R3_METRS_LOW,136,5.607169938205458,GlyRS_ATP,1.635906325930369e-09,1.5456808502878457e-09,5.5225112585253675e-05,5.5226748491579605e-05,0.20486991818501493
R3_METRS_LOW,136,5.607169938205458,GlyRS_ATP_tRNAGlyGCC,-3.946647308910089e-12,-3.916568417297895e-12,7.805632709021938e-10,7.766166235932837e-10,0.07469084085177953
R3_METRS_LOW,136,5.607169938205458,GlyRS_Gly,-1.40597503325607e-10,-1.321295345994514e-10,0.00010725760411881733,0.000107257463521314,0.012912911384911671
R3_METRS_LOW,136,5.607169938205458,GlyRS_GlyAMP_PPi,-1.0323583856197238e-10,-9.738723122394629e-11,2.4534994131952383e-05,2.453489089611382e-05,0.001804625485851243
R3_METRS_LOW,136,5.607169938205458,GlyRS_Gly_ATP,-1.6429949255486812e-09,-1.546416379684423e-09,0.0008857992135960977,0.0008857975706011721,0.0733527650100738
R3_METRS_LOW,136,5.607169938205458,GlyRS_Gly_ATP_tRNAGlyGCC,-9.236138316615107e-11,-9.165499278785199e-11,1.7607727639617624e-08,1.7515366256451473e-08,0.26907914707382335
R3_METRS_LOW,136,5.607169938205458,GlyRS_Gly_tRNAGlyGCC,-1.111664282295338e-11,-1.1031624657435679e-11,2.120129247182494e-09,2.1090126043595408e-09,0.032399853671165664
R3_METRS_LOW,136,5.607169938205458,GlyRS_tRNAGlyGCC,-9.31184150937251e-13,-9.24084667816668e-13,1.8347508513860812e-10,1.8254390098767087e-10,0.015802479111102753
R3_METRS_LOW,137,6.080224261649427,GlyRS_AMP_GlytRNAGlyGCC,-3.8347981966174065e-11,-3.811699002110103e-11,1.0939610677645149e-07,1.0935775879448531e-07,0.0012863532259807505
R3_METRS_LOW,137,6.080224261649427,GlyRS_ATP,1.847194987464676e-09,1.7454222159827828e-09,5.529599469923396e-05,5.529784189422143e-05,0.20486991818501493
R3_METRS_LOW,137,6.080224261649427,GlyRS_ATP_tRNAGlyGCC,-4.447912932247651e-12,-4.412253259984895e-12,9.914321139019407e-10,9.86984200969693e-10,0.07469084085177953
R3_METRS_LOW,137,6.080224261649427,GlyRS_Gly,-1.5886397357117374e-10,-1.4931756123375247e-10,0.00010738974711919797,0.0001073895882552244,0.012912911384911671
R3_METRS_LOW,137,6.080224261649427,GlyRS_GlyAMP_PPi,-1.165080294881441e-10,-1.0991035640310348e-10,2.4565438549633416e-05,2.4565322041603928e-05,0.001804625485851243
R3_METRS_LOW,137,6.080224261649427,GlyRS_Gly_ATP,-1.855491931759476e-09,-1.7466002532287835e-09,0.0008868987190230692,0.0008868968635311374,0.0733527650100738
R3_METRS_LOW,137,6.080224261649427,GlyRS_Gly_ATP_tRNAGlyGCC,-1.0410907535490027e-10,-1.032705604118602e-10,2.2363527667557034e-08,2.2259418592202134e-08,0.26907914707382335
R3_METRS_LOW,137,6.080224261649427,GlyRS_Gly_tRNAGlyGCC,-1.2530456839590764e-11,-1.2429539071013623e-11,2.6927456627745734e-09,2.6802152059349826e-09,0.032399853671165664
R3_METRS_LOW,137,6.080224261649427,GlyRS_tRNAGlyGCC,-1.049467075179494e-12,-1.0410492861759784e-12,2.3303872225891775e-10,2.3198925518373825e-10,0.015802479111102753
R3_METRS_LOW,138,6.593188271333542,GlyRS_AMP_GlytRNAGlyGCC,-4.2794532088061254e-11,-4.25351791765052e-11,1.3756702656300662e-07,1.3752423203091856e-07,0.0012863532259807505
R3_METRS_LOW,138,6.593188271333542,GlyRS_ATP,2.068080999494419e-09,1.95422104129414e-09,5.538182974665708e-05,5.5383897827656576e-05,0.20486991818501493
R3_METRS_LOW,138,6.593188271333542,GlyRS_ATP_tRNAGlyGCC,-4.977847904023232e-12,-4.936278329857934e-12,1.2481473995295556e-09,1.2431695516255323e-09,0.07469084085177953
R3_METRS_LOW,138,6.593188271333542,GlyRS_Gly,-1.7792382362357903e-10,-1.6724870841601097e-10,0.00010755182700978384,0.00010755164908596022,0.012912911384911671
R3_METRS_LOW,138,6.593188271333542,GlyRS_GlyAMP_PPi,-1.303972521560432e-10,-1.230156504105918e-10,2.4602513071347834e-05,2.4602382674095678e-05,0.001804625485851243
R3_METRS_LOW,138,6.593188271333542,GlyRS_Gly_ATP,-2.0774883624377974e-09,-1.955709918309958e-09,0.0008882376716380757,0.0008882355941497133,0.0733527650100738
R3_METRS_LOW,138,6.593188271333542,GlyRS_Gly_ATP_tRNAGlyGCC,-1.16536214717265e-10,-1.1555732457645999e-10,2.8152972483294413e-08,2.8036436268577148e-08,0.26907914707382335
R3_METRS_LOW,138,6.593188271333542,GlyRS_Gly_tRNAGlyGCC,-1.4026132493710211e-11,-1.390832207657245e-11,3.3898392090191647e-09,3.3758130765254545e-09,0.032399853671165664
R3_METRS_LOW,138,6.593188271333542,GlyRS_tRNAGlyGCC,-1.1745328161853787e-12,-1.1647184143560893e-12,2.9338030092634997e-10,2.922057681101646e-10,0.015802479111102753
R3_METRS_LOW,139,7.149428986597577,GlyRS_AMP_GlytRNAGlyGCC,-4.7470096412186473e-11,-4.7180720845272055e-11,1.715464635053224e-07,1.714989934089102e-07,0.0012863532259807505
R3_METRS_LOW,139,7.149428986597577,GlyRS_ATP,2.299798041410881e-09,2.1732485761803173e-09,5.5485187188792056e-05,5.548748698683347e-05,0.20486991818501493
R3_METRS_LOW,139,7.149428986597577,GlyRS_ATP_tRNAGlyGCC,-5.540631294175434e-12,-5.492777532412944e-12,1.5587833392971904e-09,1.553242708003015e-09,0.07469084085177953
R3_METRS_LOW,139,7.149428986597577,GlyRS_Gly,-1.978837923464474e-10,-1.8602392409071021e-10,0.0001077485627166443,0.00010774836483285196,0.012912911384911671
R3_METRS_LOW,139,7.149428986597577,GlyRS_GlyAMP_PPi,-1.4497629241853535e-10,-1.3677190572684207e-10,2.4647336413833646e-05,2.4647191437541227e-05,0.001804625485851243
R3_METRS_LOW,139,7.149428986597577,GlyRS_Gly_ATP,-2.3101932161966737e-09,-2.1748882344915062e-09,0.000889856474624489,0.0008898541644312728,0.0733527650100738
R3_METRS_LOW,139,7.149428986597577,GlyRS_Gly_ATP_tRNAGlyGCC,-1.2974329474068746e-10,-1.286145601988146e-10,3.5157978340692575e-08,3.502823504595189e-08,0.26907914707382335
R3_METRS_LOW,139,7.149428986597577,GlyRS_Gly_tRNAGlyGCC,-1.5615774987784498e-11,-1.5479932201599212e-11,4.233325483879024e-09,4.21770970889124e-09,0.032399853671165664
R3_METRS_LOW,139,7.149428986597577,GlyRS_tRNAGlyGCC,-1.3073716545373503e-12,-1.2960714854279857e-12,3.6639869716402197e-10,3.650913255094846e-10,0.015802479111102753
R3_METRS_LOW,140,7.752597488629465,GlyRS_AMP_GlytRNAGlyGCC,-5.240343420845024e-11,-5.2082107610182e-11,2.1231289237092532e-07,2.1226048893671687e-07,0.0012863532259807505
R3_METRS_LOW,140,7.752597488629465,GlyRS_ATP,2.5438865479656607e-09,2.4039653736089975e-09,5.5609061178051166e-05,5.561160506459913e-05,0.20486991818501493
R3_METRS_LOW,140,7.752597488629465,GlyRS_ATP_tRNAGlyGCC,-6.141455503391215e-12,-6.086852965334504e-12,1.932922798691909e-09,1.926781343188518e-09,0.07469084085177953
R3_METRS_LOW,140,7.752597488629465,GlyRS_Gly,-2.1887572470061754e-10,-2.0576775917788223e-10,0.00010798552866679345,0.00010798530979106875,0.012912911384911671
R3_METRS_LOW,140,7.752597488629465,GlyRS_GlyAMP_PPi,-1.6033758865827965e-10,-1.5126643371931695e-10,2.470121680071474e-05,2.470105646312608e-05,0.001804625485851243
R3_METRS_LOW,140,7.752597488629465,GlyRS_Gly_ATP,-2.5551171979002613e-09,-2.405562256503357e-09,0.0008918023755659684,0.0008917998204487705,0.0733527650100738
R3_METRS_LOW,140,7.752597488629465,GlyRS_Gly_ATP_tRNAGlyGCC,-1.4385528107469624e-10,-1.4256491162421535e-10,4.3594419625958954e-08,4.345056434488426e-08,0.26907914707382335
R3_METRS_LOW,140,7.752597488629465,GlyRS_Gly_tRNAGlyGCC,-1.731443218795631e-11,-1.7159137998729427e-11,5.249211680327804e-09,5.2318972481398475e-09,0.032399853671165664
R3_METRS_LOW,140,7.752597488629465,GlyRS_tRNAGlyGCC,-1.4492136736516097e-12,-1.4363170377133197e-12,4.543476465774015e-10,4.528984329037499e-10,0.015802479111102753
R3_METRS_LOW,141,8.406652885618316,GlyRS_AMP_GlytRNAGlyGCC,-5.7615956424651025e-11,-5.726049709875235e-11,2.610083138320772e-07,2.6095069787565255e-07,0.0012863532259807505
R3_METRS_LOW,141,8.406652885618316,GlyRS_ATP,2.801545829104004e-09,2.647509126587629e-09,5.5756938567748145e-05,5.575974011357725e-05,0.20486991818501493
R3_METRS_LOW,141,8.406652885618316,GlyRS_ATP_tRNAGlyGCC,-6.785153582676231e-12,-6.723226989155259e-12,2.3819433734804378e-09,2.3751582198977615e-09,0.07469084085177953
R3_METRS_LOW,141,8.406652885618316,GlyRS_Gly,-2.410001715606822e-10,-2.265752626780928e-10,0.00010826929042267304,0.00010826904942250148,0.012912911384911671
R3_METRS_LOW,141,8.406652885618316,GlyRS_GlyAMP_PPi,-1.7655227968951651e-10,-1.665664348673424e-10,2.476568219869363e-05,2.476550564641394e-05,0.001804625485851243
R3_METRS_LOW,141,8.406652885618316,GlyRS_Gly_ATP,-2.8134168352216687e-09,-2.6488251011362607e-09,0.0008941305585594751,0.0008941277451426399,0.0733527650100738
R3_METRS_LOW,141,8.406652885618316,GlyRS_Gly_ATP_tRNAGlyGCC,-1.5898965784155555e-10,-1.575230103951357e-10,5.371855883155512e-08,5.355956917371356e-08,0.26907914707382335
R3_METRS_LOW,141,8.406652885618316,GlyRS_Gly_tRNAGlyGCC,-1.913625050489744e-11,-1.8959742688424297e-11,6.468371642004228e-09,6.4492353914993305e-09,0.032399853671165664
R3_METRS_LOW,141,8.406652885618316,GlyRS_tRNAGlyGCC,-1.6012052449791194e-12,-1.5865750289946846e-12,5.59903061948222e-10,5.583018567032429e-10,0.015802479111102753
R3_METRS_LOW,142,9.115888299750818,GlyRS_AMP_GlytRNAGlyGCC,-6.311270683006985e-11,-6.272075556294633e-11,3.1895233172911714e-07,3.1888921902228707e-07,0.0012863532259807505
R3_METRS_LOW,142,9.115888299750818,GlyRS_ATP,3.0731593756453063e-09,2.9042462408255655e-09,5.5932843646540925e-05,5.593591680591657e-05,0.20486991818501493
R3_METRS_LOW,142,9.115888299750818,GlyRS_ATP_tRNAGlyGCC,-7.4752240832992e-12,-7.40529030829789e-12,2.9192656686949993e-09,2.9117904446117e-09,0.07469084085177953
R3_METRS_LOW,142,9.115888299750818,GlyRS_Gly,-2.6428497449304186e-10,-2.4847299832392626e-10,0.00010860749091451427,0.00010860722662953977,0.012912911384911671
R3_METRS_LOW,142,9.115888299750818,GlyRS_GlyAMP_PPi,-1.9364011172049518e-10,-1.8269062340596628e-10,2.484249992946742e-05,2.48423062893557e-05,0.001804625485851243
R3_METRS_LOW,142,9.115888299750818,GlyRS_Gly_ATP,-3.085412800469048e-09,-2.904982082458229e-09,0.0008969048526908301,0.0008969017672780296,0.0733527650100738
R3_METRS_LOW,142,9.115888299750818,GlyRS_Gly_ATP_tRNAGlyGCC,-1.7523374428115198e-10,-1.735733295893921e-10,6.583261739632864e-08,6.565738365204749e-08,0.26907914707382335
R3_METRS_LOW,142,9.115888299750818,GlyRS_Gly_tRNAGlyGCC,-2.1091746171716428e-11,-2.0891920133756567e-11,7.927217883618233e-09,7.906126137446516e-09,0.032399853671165664
R3_METRS_LOW,142,9.115888299750818,GlyRS_tRNAGlyGCC,-1.7641792306559704e-12,-1.7476525117038491e-12,6.862215027877896e-10,6.844573235571337e-10,0.015802479111102753
R3_METRS_LOW,143,9.884959046625585,GlyRS_AMP_GlytRNAGlyGCC,-6.887801322258762e-11,-6.844713726729871e-11,3.8764824471986693e-07,3.8757936670664434e-07,0.0012863532259807505
R3_METRS_LOW,143,9.884959046625585,GlyRS_ATP,3.358065068548332e-09,3.1735548253466006e-09,5.6141358314921736e-05,5.6144716379990285e-05,0.20486991818501493
R3_METRS_LOW,143,9.884959046625585,GlyRS_ATP_tRNAGlyGCC,-8.213371785769448e-12,-8.134654798909917e-12,3.5605677986636876e-09,3.552354426877918e-09,0.07469084085177953
R3_METRS_LOW,143,9.884959046625585,GlyRS_Gly,-2.886652288188428e-10,-2.7140018152566525e-10,0.0001090088855271417,0.00010900859686191288,0.012912911384911671
R3_METRS_LOW,143,9.884959046625585,GlyRS_GlyAMP_PPi,-2.1155481413651588e-10,-1.995954376655949e-10,2.4933685126357387e-05,2.493347357154325e-05,0.001804625485851243
R3_METRS_LOW,143,9.884959046625585,GlyRS_Gly_ATP,-3.3703564456455046e-09,-3.173330703376035e-09,0.0009001980377082563,0.0009001946673518106,0.0733527650100738
R3_METRS_LOW,143,9.884959046625585,GlyRS_Gly_ATP_tRNAGlyGCC,-1.926340369866627e-10,-1.907598050817117e-10,8.028957670718202e-08,8.009694267019536e-08,0.26907914707382335
R3_METRS_LOW,143,9.884959046625585,GlyRS_Gly_tRNAGlyGCC,-2.3186523356989273e-11,-2.296096652216636e-11,9.66828133753342e-09,9.64509481417643e-09,0.032399853671165664
R3_METRS_LOW,143,9.884959046625585,GlyRS_tRNAGlyGCC,-1.938546797872333e-12,-1.9199382959027973e-12,8.36990742345916e-10,8.350521955480436e-10,0.015802479111102753
R3_METRS_LOW,144,10.718913192051286,GlyRS_AMP_GlytRNAGlyGCC,-7.487352140867508e-11,-7.440133449260594e-11,4.6878107650461737e-07,4.687062029832087e-07,0.0012863532259807505
R3_METRS_LOW,144,10.718913192051286,GlyRS_ATP,3.654458115996326e-09,3.453733037819189e-09,5.638761777217735e-05,5.6391272230293344e-05,0.20486991818501493
R3_METRS_LOW,144,10.718913192051286,GlyRS_ATP_tRNAGlyGCC,-8.999287928938488e-12,-8.910935968082447e-12,4.323971843554281e-09,4.314972555625342e-09,0.07469084085177953
R3_METRS_LOW,144,10.718913192051286,GlyRS_Gly,-3.139749699517186e-10,-2.952008613288273e-10,0.00010948332721266012,0.00010948301323769017,0.012912911384911671
R3_METRS_LOW,144,10.718913192051286,GlyRS_GlyAMP_PPi,-2.3017789258479387e-10,-2.1716918301560048e-10,2.5041498121403117e-05,2.5041267943510532e-05,0.001804625485851243
R3_METRS_LOW,144,10.718913192051286,GlyRS_Gly_ATP,-3.6663319868132996e-09,-3.452068525408626e-09,0.0009040917499993297,0.0009040880836673429,0.0733527650100738
R3_METRS_LOW,144,10.718913192051286,GlyRS_Gly_ATP_tRNAGlyGCC,-2.1119108357457605e-10,-2.0908076139562806e-10,9.749733693617233e-08,9.728614585259775e-08,0.26907914707382335
R3_METRS_LOW,144,10.718913192051286,GlyRS_Gly_tRNAGlyGCC,-2.54206575315319e-11,-2.5166689998943336e-11,1.1740714190496283e-08,1.171529353296475e-08,0.032399853671165664
R3_METRS_LOW,144,10.718913192051286,GlyRS_tRNAGlyGCC,-2.124245610467127e-12,-2.1033516658913356e-12,1.0164737796090575e-09,1.0143495339985903e-09,0.015802479111102753
R3_METRS_LOW,145,11.623224686798519,GlyRS_AMP_GlytRNAGlyGCC,-8.103626333008671e-11,-8.052055581196004e-11,5.64205572648194e-07,5.641245363848639e-07,0.0012863532259807505
R3_METRS_LOW,145,11.623224686798519,GlyRS_ATP,3.959301896531802e-09,3.741914847119973e-09,5.667727608308995e-05,5.668123538498648e-05,0.20486991818501493
R3_METRS_LOW,145,11.623224686798519,GlyRS_ATP_tRNAGlyGCC,-9.83037035889211e-12,-9.731475705303301e-12,5.2301891062347715e-09,5.2203587358758794e-09,0.07469084085177953
R3_METRS_LOW,145,11.623224686798519,GlyRS_Gly,-3.3993975981307014e-10,-3.1961699342862146e-10,0.00011004169180482783,0.00011004135186506802,0.012912911384911671
R3_METRS_LOW,145,11.623224686798519,GlyRS_GlyAMP_PPi,-2.4931296742318064e-10,-2.3522669250147597e-10,2.516842832234292e-05,2.5168179009375496e-05,0.001804625485851243
R3_METRS_LOW,145,11.623224686798519,GlyRS_Gly_ATP,-3.9701684184136055e-09,-3.738210545382621e-09,0.0009086759007355729,0.0009086719305671545,0.0733527650100738
R3_METRS_LOW,145,11.623224686798519,GlyRS_Gly_ATP_tRNAGlyGCC,-2.308528263202683e-10,-2.2848232265059927e-10,1.1792193502141293e-07,1.1769108219509266e-07,0.26907914707382335
R3_METRS_LOW,145,11.623224686798519,GlyRS_Gly_tRNAGlyGCC,-2.7787894239800953e-11,-2.7502617523763094e-11,1.4200679831047534e-08,1.4172891936807733e-08,0.032399853671165664
R3_METRS_LOW,145,11.623224686798519,GlyRS_tRNAGlyGCC,-2.320673658699605e-12,-2.2972768300982803e-12,1.2295432028244089e-09,1.2272225291657093e-09,0.015802479111102753
R3_METRS_LOW,146,12.603829296797274,GlyRS_AMP_GlytRNAGlyGCC,-8.727592898657223e-11,-8.671482082044123e-11,6.759200024116954e-07,6.758327264827088e-07,0.0012863532259807505
R3_METRS_LOW,146,12.603829296797274,GlyRS_ATP,4.268198808866648e-09,4.033947940852001e-09,5.701642909517181e-05,5.702069729398068e-05,0.20486991818501493
R3_METRS_LOW,146,12.603829296797274,GlyRS_ATP_tRNAGlyGCC,-1.070124837628412e-11,-1.0590872932819823e-11,6.3025864590204906e-09,6.2918852106442064e-09,0.07469084085177953
R3_METRS_LOW,146,12.603829296797274,GlyRS_Gly,-3.66166175925684e-10,-3.4427855320036063e-10,0.00011069572018679113,0.0001106953540206152,0.012912911384911671
R3_METRS_LOW,146,12.603829296797274,GlyRS_GlyAMP_PPi,-2.6867768749302794e-10,-2.5350168564654713e-10,2.5317159070237165e-05,2.531689039254967e-05,0.001804625485851243
R3_METRS_LOW,146,12.603829296797274,GlyRS_Gly_ATP,-4.27731422568238e-09,-4.027471127264203e-09,0.0009140474072180022,0.0009140431299037766,0.0733527650100738
R3_METRS_LOW,146,12.603829296797274,GlyRS_Gly_ATP_tRNAGlyGCC,-2.5150317277406647e-10,-2.488471373338919e-10,1.4208896929158388e-07,1.4183746611880982e-07,0.26907914707382335
R3_METRS_LOW,146,12.603829296797274,GlyRS_Gly_tRNAGlyGCC,-3.0274272977310404e-11,-2.9954637276933185e-11,1.7111527235836167e-08,1.7081252962858856e-08,0.032399853671165664
R3_METRS_LOW,146,12.603829296797274,GlyRS_tRNAGlyGCC,-2.5265767294294525e-12,-2.5004517797090723e-12,1.4816970387438692e-09,1.4791704620144397e-09,0.015802479111102753
R3_METRS_LOW,147,13.667163564620074,GlyRS_AMP_GlytRNAGlyGCC,-9.347170361442795e-11,-9.286383427487912e-11,8.060201427088001e-07,8.059266710051857e-07,0.0012863532259807505
R3_METRS_LOW,147,13.667163564620074,GlyRS_ATP,4.575236626603934e-09,4.324248371017986e-09,5.741147754964177e-05,5.741605278626837e-05,0.20486991818501493
R3_METRS_LOW,147,13.667163564620074,GlyRS_ATP_tRNAGlyGCC,-1.1603104623593446e-11,-1.1480315918036143e-11,7.567113386635546e-09,7.555510282011953e-09,0.07469084085177953
R3_METRS_LOW,147,13.667163564620074,GlyRS_Gly,-3.9212956594650555e-10,-3.686920523601296e-10,0.00011145774471242766,0.00011145735258286171,0.012912911384911671
R3_METRS_LOW,147,13.667163564620074,GlyRS_GlyAMP_PPi,-2.878942237125666e-10,-2.7163779252371423e-10,2.549050590287258e-05,2.549021800864887e-05,0.001804625485851243
R3_METRS_LOW,147,13.667163564620074,GlyRS_Gly_ATP,-4.581690833367971e-09,-4.314126171773974e-09,0.0009203079638426515,0.0009203033821518181,0.0733527650100738
R3_METRS_LOW,147,13.667163564620074,GlyRS_Gly_ATP_tRNAGlyGCC,-2.729455178272702e-10,-2.6997818023445787e-10,1.705818670392399e-07,1.7030892152141262e-07,0.26907914707382335
R3_METRS_LOW,147,13.667163564620074,GlyRS_Gly_tRNAGlyGCC,-3.285614301409312e-11,-3.249904812919956e-11,2.0543585545279186e-08,2.0510729402265092e-08,0.032399853671165664
R3_METRS_LOW,147,13.667163564620074,GlyRS_tRNAGlyGCC,-2.7398875928660145e-12,-2.7108099738294157e-12,1.7790418877542297e-09,1.7763020001613637e-09,0.015802479111102753
R3_METRS_LOW,148,14.82020705798857,GlyRS_AMP_GlytRNAGlyGCC,-9.946957522757904e-11,-9.881432885760192e-11,9.566272167157186e-07,9.56527747140491e-07,0.0012863532259807505
R3_METRS_LOW,148,14.82020705798857,GlyRS_ATP,4.872854845166662e-09,4.605673967675586e-09,5.786891132534098e-05,5.7873784180186145e-05,0.20486991818501493
R3_METRS_LOW,148,14.82020705798857,GlyRS_ATP_tRNAGlyGCC,-1.2522844849775761e-11,-1.2386770021879806e-11,9.052008057396754e-09,9.039485212546978e-09,0.07469084085177953
R3_METRS_LOW,148,14.82020705798857,GlyRS_Gly,-4.171641010197258e-10,-3.9223121136006604e-10,0.00011234026327426265,0.00011233984611016163,0.012912911384911671
R3_METRS_LOW,148,14.82020705798857,GlyRS_GlyAMP_PPi,-3.064812133090754e-10,-2.891809410023382e-10,2.569131979352003e-05,2.569101331230672e-05,0.001804625485851243
R3_METRS_LOW,148,14.82020705798857,GlyRS_Gly_ATP,-4.875571281231193e-09,-4.59089895135228e-09,0.0009275605481803231,0.0009275556726090419,0.0733527650100738
R3_METRS_LOW,148,14.82020705798857,GlyRS_Gly_ATP_tRNAGlyGCC,-2.948823062773058e-10,-2.915787938447141e-10,2.0403515253468958e-07,2.0374027022841228e-07,0.26907914707382335
R3_METRS_LOW,148,14.82020705798857,GlyRS_Gly_tRNAGlyGCC,-3.5497702231182207e-11,-3.510015606000447e-11,2.4573356872008143e-08,2.453785916977696e-08,0.032399853671165664
R3_METRS_LOW,148,14.82020705798857,GlyRS_tRNAGlyGCC,-2.9575287770553575e-12,-2.925287420622671e-12,2.1282241397075997e-09,2.1252666109305443e-09,0.015802479111102753
R3_METRS_LOW,149,16.070528182616385,GlyRS_AMP_GlytRNAGlyGCC,-1.0508129151476909e-10,-1.0437906396405341e-10,1.129783897656201e-06,1.1296788163646862e-06,0.0012863532259807505
R3_METRS_LOW,149,16.070528182616385,GlyRS_ATP,5.151789536801937e-09,4.869471784232835e-09,5.8394996748736266e-05,5.840014853827307e-05,0.20486991818501493
R3_METRS_LOW,149,16.070528182616385,GlyRS_ATP_tRNAGlyGCC,-1.3442210303570351e-11,-1.3292111926587562e-11,1.0787180500296887e-08,1.0773738289993317e-08,0.07469084085177953
R3_METRS_LOW,149,16.070528182616385,GlyRS_Gly,-4.4046031410930123e-10,-4.1413466479200765e-10,0.00011335532607233503,0.00011335488561202092,0.012912911384911671
R3_METRS_LOW,149,16.070528182616385,GlyRS_GlyAMP_PPi,-3.2385088904126366e-10,-3.0557662886475853e-10,2.592234737203648e-05,2.592202352114744e-05,0.001804625485851243
R3_METRS_LOW,149,16.070528182616385,GlyRS_Gly_ATP,-5.149544176383074e-09,-4.848926163529457e-09,0.0009359043734230027,0.0009358992238788263,0.0733527650100738
R3_METRS_LOW,149,16.070528182616385,GlyRS_Gly_ATP_tRNAGlyGCC,-3.168927698153533e-10,-3.1323102215795877e-10,2.431204180491217e-07,2.4280352527930637e-07,0.26907914707382335
R3_METRS_LOW,149,16.070528182616385,GlyRS_Gly_tRNAGlyGCC,-3.814831578475282e-11,-3.7707664586944506e-11,2.9281830514406208e-08,2.9243682198621455e-08,0.032399853671165664
R3_METRS_LOW,149,16.070528182616385,GlyRS_tRNAGlyGCC,-3.1752011812599303e-12,-3.139616537292031e-12,2.5362852960531063e-09,2.5331100948718464e-09,0.015802479111102753
R3_METRS_LOW,150,17.42633386009651,GlyRS_AMP_GlytRNAGlyGCC,-1.100863825825079e-10,-1.0933888569643001e-10,1.3273142042073156e-06,1.327204117824733e-06,0.0012863532259807505
R3_METRS_LOW,150,17.42633386009651,GlyRS_ATP,5.401167121898715e-09,5.105366090859002e-09,5.8995354054605566e-05,5.9000755221727465e-05,0.20486991818501493
R3_METRS_LOW,150,17.42633386009651,GlyRS_ATP_tRNAGlyGCC,-1.4336985168533381e-11,-1.4172361663804566e-11,1.2803156084372395e-08,1.2788819099203862e-08,0.07469084085177953
R3_METRS_LOW,150,17.42633386009651,GlyRS_Gly,-4.6107620660666617e-10,-4.335164521295109e-10,0.00011451370997570161,0.000114513248899495,0.012912911384911671
R3_METRS_LOW,150,17.42633386009651,GlyRS_GlyAMP_PPi,-3.3931583786489267e-10,-3.201762803600862e-10,2.6186042428651368e-05,2.6185703112813503e-05,0.001804625485851243
R3_METRS_LOW,150,17.42633386009651,GlyRS_Gly_ATP,-5.392633833727588e-09,-5.0778712239932665e-09,0.0009454280812222833,0.0009454226885884496,0.0733527650100738
R3_METRS_LOW,150,17.42633386009651,GlyRS_Gly_ATP_tRNAGlyGCC,-3.384123870309249e-10,-3.343757604890338e-10,2.88522367926369e-07,2.881839555393381e-07,0.26907914707382335
R3_METRS_LOW,150,17.42633386009651,GlyRS_Gly_tRNAGlyGCC,-4.074004165802334e-11,-4.0254283268665536e-11,3.4751601564672073e-08,3.471086152301405e-08,0.032399853671165664
R3_METRS_LOW,150,17.42633386009651,GlyRS_tRNAGlyGCC,-3.387194459532948e-12,-3.348142463858229e-12,3.010413913250266e-09,3.007026718790733e-09,0.015802479111102753
R3_METRS_LOW,151,18.896523396912077,GlyRS_AMP_GlytRNAGlyGCC,-1.142388256017299e-10,-1.1344939813530323e-10,1.5506468860535908e-06,1.550532647227989e-06,0.0012863532259807505
R3_METRS_LOW,151,18.896523396912077,GlyRS_ATP,5.608825641361206e-09,5.301861278389696e-09,5.967442344547493e-05,5.968003227111629e-05,0.20486991818501493
R3_METRS_LOW,151,18.896523396912077,GlyRS_ATP_tRNAGlyGCC,-1.5176533385375617e-11,-1.499724631354073e-11,1.5129463036281235e-08,1.511428650289586e-08,0.07469084085177953
R3_METRS_LOW,151,18.896523396912077,GlyRS_Gly,-4.779686177554775e-10,-4.4939553435243864e-10,0.00011582387739076472,0.00011582339942214696,0.012912911384911671
R3_METRS_LOW,151,18.896523396912077,GlyRS_GlyAMP_PPi,-3.5211031633054627e-10,-3.322573257488244e-10,2.6484328062366175e-05,2.6483975952049845e-05,0.001804625485851243
R3_METRS_LOW,151,18.896523396912077,GlyRS_Gly_ATP,-5.592654874148409e-09,-5.266258084619748e-09,0.0009562011516872571,0.000956195559032383,0.0733527650100738
R3_METRS_LOW,151,18.896523396912077,GlyRS_Gly_ATP_tRNAGlyGCC,-3.587196615983205e-10,-3.54300297586851e-10,3.4090232245728905e-07,3.4054360279569073e-07,0.26907914707382335
R3_METRS_LOW,151,18.896523396912077,GlyRS_Gly_tRNAGlyGCC,-4.318603649439685e-11,-4.2654225416737533e-11,4.106247872538458e-08,4.101929268889018e-08,0.032399853671165664
R3_METRS_LOW,151,18.896523396912077,GlyRS_tRNAGlyGCC,-3.5862745917388427e-12,-3.5437171284698964e-12,3.5575667925494117e-09,3.553980517957673e-09,0.015802479111102753
R3_METRS_LOW,152,20.49074689815846,GlyRS_AMP_GlytRNAGlyGCC,-1.1727978948754706e-10,-1.1645369292256134e-10,1.8006083055021374e-06,1.8004910257126498e-06,0.0012863532259807505
R3_METRS_LOW,152,20.49074689815846,GlyRS_ATP,5.761936134618948e-09,5.446828319086845e-09,6.043483756963557e-05,6.0440599505770186e-05,0.20486991818501493
R3_METRS_LOW,152,20.49074689815846,GlyRS_ATP_tRNAGlyGCC,-1.5923988675289143e-11,-1.5730407146076195e-11,1.779237846128341e-08,1.777645447260812e-08,0.07469084085177953
R3_METRS_LOW,152,20.49074689815846,GlyRS_Gly,-4.900505998445357e-10,-4.6074980793424486e-10,0.00011729075422668454,0.00011729026417608469,0.012912911384911671
R3_METRS_LOW,152,20.49074689815846,GlyRS_GlyAMP_PPi,-3.6143055167264836e-10,-3.410612019699986e-10,2.6818317459150737e-05,2.6817956028599064e-05,0.001804625485851243
R3_METRS_LOW,152,20.49074689815846,GlyRS_Gly_ATP,-5.7368698496134546e-09,-5.402090741900467e-09,0.0009682638186910577,0.0009682580818212081,0.0733527650100738
R3_METRS_LOW,152,20.49074689815846,GlyRS_Gly_ATP_tRNAGlyGCC,-3.7693810375742405e-10,-3.7214083792070073e-10,4.008472672782375e-07,4.0047032917448007e-07,0.26907914707382335
R3_METRS_LOW,152,20.49074689815846,GlyRS_Gly_tRNAGlyGCC,-4.538079080208282e-11,-4.480350834757357e-11,4.828535010451174e-08,4.823996931370966e-08,0.032399853671165664
R3_METRS_LOW,152,20.49074689815846,GlyRS_tRNAGlyGCC,-3.7637254109308625e-12,-3.717744975232721e-12,4.1839392458769175e-09,4.180175520465987e-09,0.015802479111102753
R3_METRS_LOW,153,22.21946860939524,GlyRS_AMP_GlytRNAGlyGCC,-1.18957151704718e-10,-1.1810178742672308e-10,2.0771997946301172e-06,2.0770808374784125e-06,0.0012863532259807505
R3_METRS_LOW,153,22.21946860939524,GlyRS_ATP,5.84796067423603e-09,5.5284095544524525e-09,6.127674547733287e-05,6.128259343800711e-05,0.20486991818501493
R3_METRS_LOW,153,22.21946860939524,GlyRS_ATP_tRNAGlyGCC,-1.6537453873437042e-11,-1.633060324406216e-11,2.081202370704634e-08,2.07954862531729e-08,0.07469084085177953
R3_METRS_LOW,153,22.21946860939524,GlyRS_Gly,-4.962772013136644e-10,-4.66596813339864e-10,0.00011891441455834716,0.00011891391828114584,0.012912911384911671
R3_METRS_LOW,153,22.21946860939524,GlyRS_GlyAMP_PPi,-3.664961119451886e-10,-3.458512341302385e-10,2.718801339948423e-05,2.7187646903372286e-05,0.001804625485851243
R3_METRS_LOW,153,22.21946860939524,GlyRS_Gly_ATP,-5.8129801666639835e-09,-5.473786509298283e-09,0.0009816162161353796,0.000981610403155213,0.0733527650100738
R3_METRS_LOW,153,22.21946860939524,GlyRS_Gly_ATP_tRNAGlyGCC,-3.920623030691638e-10,-3.869087863273251e-10,4.6880426311742166e-07,4.684122008143525e-07,0.26907914707382335
R3_METRS_LOW,153,22.21946860939524,GlyRS_Gly_tRNAGlyGCC,-4.720326348019497e-11,-4.658311342795521e-11,5.647428379110784e-08,5.642708052762765e-08,0.032399853671165664
R3_METRS_LOW,153,22.21946860939524,GlyRS_tRNAGlyGCC,-3.909628786838763e-12,-3.860464293243401e-12,4.894282204571712e-09,4.890372575784873e-09,0.015802479111102753
R3_METRS_LOW,154,24.09403560239527,GlyRS_AMP_GlytRNAGlyGCC,-1.1905088363289547e-10,-1.1817587097678068e-10,2.3793845747238906e-06,2.3792655238402578e-06,0.0012863532259807505
R3_METRS_LOW,154,24.09403560239527,GlyRS_ATP,5.8559054394024136e-09,5.5362026843262004e-09,6.219716394891587e-05,6.220301985435528e-05,0.20486991818501493
R3_METRS_LOW,154,24.09403560239527,GlyRS_ATP_tRNAGlyGCC,-1.6972487754307954e-11,-1.6754176598246333e-11,2.419892883459683e-08,2.4181956346842522e-08,0.07469084085177953
R3_METRS_LOW,154,24.09403560239527,GlyRS_Gly,-4.957549453555666e-10,-4.660967047542502e-10,0.00012068881957957389,0.00012068832382462854,0.012912911384911671
R3_METRS_LOW,154,24.09403560239527,GlyRS_GlyAMP_PPi,-3.666293929148641e-10,-3.459876214234919e-10,2.7592020292562643e-05,2.7591653663169728e-05,0.001804625485851243
R3_METRS_LOW,154,24.09403560239527,GlyRS_Gly_ATP,-5.81039881334712e-09,-5.471374594904542e-09,0.0009962079755777892,0.0009962021651789758,0.0733527650100738
R3_METRS_LOW,154,24.09403560239527,GlyRS_Gly_ATP_tRNAGlyGCC,-4.0301535043199124e-10,-3.9754770349822537e-10,5.450029442184073e-07,5.445999288679753e-07,0.26907914707382335
R3_METRS_LOW,154,24.09403560239527,GlyRS_Gly_tRNAGlyGCC,-4.852378968482587e-11,-4.78658378897807e-11,6.565719078314251e-08,6.560866699345769e-08,0.032399853671165664
R3_METRS_LOW,154,24.09403560239527,GlyRS_tRNAGlyGCC,-4.013450037497476e-12,-3.961527561283947e-12,5.691094237828654e-09,5.687080787791157e-09,0.015802479111102753
R3_METRS_LOW,155,26.126752255633264,GlyRS_AMP_GlytRNAGlyGCC,-1.1740112330441165e-10,-1.165181777813515e-10,2.7049173400252542e-06,2.70479993890195e-06,0.0012863532259807505
R3_METRS_LOW,155,26.126752255633264,GlyRS_ATP,5.777714174402663e-09,5.462578017464557e-09,6.318945674388946e-05,6.319523445806387e-05,0.20486991818501493
R3_METRS_LOW,155,26.126752255633264,GlyRS_ATP_tRNAGlyGCC,-1.7185901038985953e-11,-1.6958794448338203e-11,2.7950352849159035e-08,2.793316694812005e-08,0.07469084085177953
R3_METRS_LOW,155,26.126752255633264,GlyRS_Gly,-4.878604648625266e-10,-4.58663836553807e-10,0.00012260080639183387,0.000122600318531369,0.012912911384911671
R3_METRS_LOW,155,26.126752255633264,GlyRS_GlyAMP_PPi,-3.6134311605969926e-10,-3.4101001078433176e-10,2.802731346768108e-05,2.802695212456502e-05,0.001804625485851243
R3_METRS_LOW,155,26.126752255633264,GlyRS_Gly_ATP,-5.721638981180666e-09,-5.387804088783393e-09,0.001011929890634975,0.0010119241689959938,0.0733527650100738
R3_METRS_LOW,155,26.126752255633264,GlyRS_Gly_ATP_tRNAGlyGCC,-4.087388780504101e-10,-4.030220194756653e-10,6.293726006122578e-07,6.289638617342074e-07,0.26907914707382335
R3_METRS_LOW,155,26.126752255633264,GlyRS_Gly_tRNAGlyGCC,-4.9214915441258416e-11,-4.8526969988045626e-11,7.582583157370209e-08,7.577661665826083e-08,0.032399853671165664
R3_METRS_LOW,155,26.126752255633264,GlyRS_tRNAGlyGCC,-4.064934668942307e-12,-4.010885462361836e-12,6.5737557903033965e-09,6.569690855634454e-09,0.015802479111102753
R3_METRS_LOW,156,28.330961018393243,GlyRS_AMP_GlytRNAGlyGCC,-1.139338429416114e-10,-1.1305641358179255e-10,3.0502515080318257e-06,3.050137574188884e-06,0.0012863532259807505
R3_METRS_LOW,156,28.330961018393243,GlyRS_ATP,5.609550495511433e-09,5.303891436751395e-09,6.424304844108877e-05,6.424865799158429e-05,0.20486991818501493
R3_METRS_LOW,156,28.330961018393243,GlyRS_ATP_tRNAGlyGCC,-1.7140520974388203e-11,-1.6908129234695146e-11,3.2046811417157815e-08,3.202967089618343e-08,0.07469084085177953
R3_METRS_LOW,156,28.330961018393243,GlyRS_Gly,-4.723458823510315e-10,-4.4406584122925494e-10,0.00012462953407492696,0.0001246290617290446,0.012912911384911671
R3_METRS_LOW,156,28.330961018393243,GlyRS_GlyAMP_PPi,-3.504197559564288e-10,-3.3071248088829284e-10,2.848911313405803e-05,2.8488762714302075e-05,0.001804625485851243
R3_METRS_LOW,156,28.330961018393243,GlyRS_Gly_ATP,-5.543559426389108e-09,-5.220116911855985e-09,0.0010286093606387866,0.0010286038170793602,0.0733527650100738
R3_METRS_LOW,156,28.330961018393243,GlyRS_Gly_ATP_tRNAGlyGCC,-4.08308218299864e-10,-4.024300029515854e-10,7.214640603658531e-07,7.210557521475532e-07,0.26907914707382335
R3_METRS_LOW,156,28.330961018393243,GlyRS_Gly_tRNAGlyGCC,-4.9165257335867684e-11,-4.8457885443789327e-11,8.692639618918236e-08,8.68772309318465e-08,0.032399853671165664
R3_METRS_LOW,156,28.330961018393243,GlyRS_tRNAGlyGCC,-4.055236742355929e-12,-3.999895065926022e-12,7.537711788843628e-09,7.533656552101272e-09,0.015802479111102753
R3_METRS_LOW,157,30.72112998861759,GlyRS_AMP_GlytRNAGlyGCC,-1.086793757608005e-10,-1.0782202917621833e-10,3.4105536760818883e-06,3.4104449967061275e-06,0.0012863532259807505
R3_METRS_LOW,157,30.72112998861759,GlyRS_ATP,5.352731528404284e-09,5.06136861005233e-09,6.5343463003019e-05,6.53488157345474e-05,0.20486991818501493
R3_METRS_LOW,157,30.72112998861759,GlyRS_ATP_tRNAGlyGCC,-1.6810366970100965e-11,-1.657692854958646e-11,3.644939031812313e-08,3.643257995115303e-08,0.07469084085177953
R3_METRS_LOW,157,30.72112998861759,GlyRS_Gly,-4.4941046961318246e-10,-4.224909125521185e-10,0.00012674656230461212,0.0001267461128941425,0.012912911384911671
R3_METRS_LOW,157,30.72112998861759,GlyRS_GlyAMP_PPi,-3.339679065148774e-10,-3.1519678590322845e-10,2.8970903019117295e-05,2.897056905121078e-05,0.001804625485851243
R3_METRS_LOW,157,30.72112998861759,GlyRS_Gly_ATP,-5.278227750270953e-09,-4.97026051224328e-09,0.0010460110590244643,0.001046005780796714,0.0733527650100738
R3_METRS_LOW,157,30.72112998861759,GlyRS_Gly_ATP_tRNAGlyGCC,-4.01059581970987e-10,-3.951281219445767e-10,8.203894323241447e-07,8.199883727421737e-07,0.26907914707382335
R3_METRS_LOW,157,30.72112998861759,GlyRS_Gly_tRNAGlyGCC,-4.829481178990073e-11,-4.758101792965189e-11,9.885223071023575e-08,9.880393589844585e-08,0.032399853671165664
R3_METRS_LOW,157,30.72112998861759,GlyRS_tRNAGlyGCC,-3.978147399966246e-12,-3.922523045311021e-12,8.573838573526196e-09,8.56986042612623e-09,0.015802479111102753
R3_METRS_LOW,158,33.3129478793467,GlyRS_AMP_GlytRNAGlyGCC,-1.0178277591109776e-10,-1.0096034213741896e-10,3.7798480117358086e-06,3.7797462289598975e-06,0.0012863532259807505
R3_METRS_LOW,158,33.3129478793467,GlyRS_ATP,5.0142570198107245e-09,4.741607537613031e-09,6.647275600759513e-05,6.647777026461494e-05,0.20486991818501493
R3_METRS_LOW,158,33.3129478793467,GlyRS_ATP_tRNAGlyGCC,-1.618588762986762e-11,-1.5956134565975968e-11,4.1098537818428834e-08,4.1082351930798967e-08,0.07469084085177953
R3_METRS_LOW,158,33.3129478793467,GlyRS_Gly,-4.1973432531299676e-10,-3.94579387793079e-10,0.00012891669637951698,0.00012891627664519167,0.012912911384911671
R3_METRS_LOW,158,33.3129478793467,GlyRS_GlyAMP_PPi,-3.1245221224918e-10,-2.9490069679662655e-10,2.9464624194648437e-05,2.9464311742436188e-05,0.001804625485851243
R3_METRS_LOW,158,33.3129478793467,GlyRS_Gly_ATP,-4.933350112538287e-09,-4.6454926312638e-09,0.001063843929118982,0.0010638389957688694,0.0733527650100738
R3_METRS_LOW,158,33.3129478793467,GlyRS_Gly_ATP_tRNAGlyGCC,-3.8672055008122733e-10,-3.808583339674699e-10,9.247953409252407e-07,9.244086203751595e-07,0.26907914707382335
R3_METRS_LOW,158,33.3129478793467,GlyRS_Gly_tRNAGlyGCC,-4.657066782428303e-11,-4.586518679085325e-11,1.1144059397874807e-07,1.1139402331092379e-07,0.032399853671165664
R3_METRS_LOW,158,33.3129478793467,GlyRS_tRNAGlyGCC,-3.8313406396816696e-12,-3.776563204975445e-12,9.668158221658666e-09,9.664326881018984e-09,0.015802479111102753
R3_METRS_LOW,159,36.123426997094306,GlyRS_AMP_GlytRNAGlyGCC,-9.350895649751911e-11,-9.273543537006182e-11,4.151315506276274e-06,4.151221997319776e-06,0.0012863532259807505
R3_METRS_LOW,159,36.123426997094306,GlyRS_ATP,4.607078587278834e-09,4.356836015657627e-09,6.761041564342011e-05,6.761502272200739e-05,0.20486991818501493
R3_METRS_LOW,159,36.123426997094306,GlyRS_ATP_tRNAGlyGCC,-1.5279256639749972e-11,-1.5058060654122572e-11,4.591522192527529e-08,4.589994266863554e-08,0.07469084085177953
R3_METRS_LOW,159,36.123426997094306,GlyRS_Gly,-3.8448776790416667e-10,-3.614323767649697e-10,0.0001310997437706583,0.00013109935928289038,0.012912911384911671
R3_METRS_LOW,159,36.123426997094306,GlyRS_GlyAMP_PPi,-2.8670631048042985e-10,-2.7061031135413995e-10,2.9961077160745875e-05,2.9960790454435394e-05,0.001804625485851243
R3_METRS_LOW,159,36.123426997094306,GlyRS_Gly_ATP,-4.5224231308600704e-09,-4.258523617791965e-09,0.0010817757027622307,0.0010817711803390998,0.0733527650100738
R3_METRS_LOW,159,36.123426997094306,GlyRS_Gly_ATP_tRNAGlyGCC,-3.6554304602658054e-10,-3.5987775153220046e-10,1.0328895875345302e-06,1.0325240444885036e-06,0.26907914707382335
R3_METRS_LOW,159,36.123426997094306,GlyRS_Gly_tRNAGlyGCC,-4.4023025534365036e-11,-4.3341217734525457e-11,1.244758478945521e-07,1.2443182486901772e-07,0.032399853671165664
R3_METRS_LOW,159,36.123426997094306,GlyRS_tRNAGlyGCC,-3.617635139170186e-12,-3.564869574362542e-12,1.0802108787877284e-08,1.0798491152738114e-08,0.015802479111102753
R3_METRS_LOW,160,39.17101490809261,GlyRS_AMP_GlytRNAGlyGCC,-8.424203165491198e-11,-8.352929828145613e-11,4.5177793277512134e-06,4.5176950857195585e-06,0.0012863532259807505
R3_METRS_LOW,160,39.17101490809261,GlyRS_ATP,4.1500877178703675e-09,3.924903358395974e-09,6.873482774875987e-05,6.873897783647774e-05,0.20486991818501493
R3_METRS_LOW,160,39.17101490809261,GlyRS_ATP_tRNAGlyGCC,-1.4129011440881384e-11,-1.3920918010220069e-11,5.0805530272307554e-08,5.079140126086667e-08,0.07469084085177953
R3_METRS_LOW,160,39.17101490809261,GlyRS_Gly,-3.453164802984677e-10,-3.245976853773236e-10,0.00013325336514999879,0.0001332530198335185,0.012912911384911671
R3_METRS_LOW,160,39.17101490809261,GlyRS_GlyAMP_PPi,-2.579279555134904e-10,-2.434555773626596e-10,3.0450573931675773e-05,3.045031600372026e-05,0.001804625485851243
R3_METRS_LOW,160,39.17101490809261,GlyRS_Gly_ATP,-4.06460222142184e-09,-3.8273925692342574e-09,0.001099456450682373,0.0010994523860801517,0.0733527650100738
R3_METRS_LOW,160,39.17101490809261,GlyRS_Gly_ATP_tRNAGlyGCC,-3.3842065294493044e-10,-3.330728311873529e-10,1.1425454205992566e-06,1.1422069999463117e-06,0.26907914707382335
R3_METRS_LOW,160,39.17101490809261,GlyRS_Gly_tRNAGlyGCC,-4.0759339043247054e-11,-4.01157092501849e-11,1.3770199818209278e-07,1.3766123884304953e-07,0.032399853671165664
R3_METRS_LOW,160,39.17101490809261,GlyRS_tRNAGlyGCC,-3.3461017633236504e-12,-3.2964368779788473e-12,1.1953624245905503e-08,1.195027814414218e-08,0.015802479111102753
R3_METRS_LOW,161,42.47571552536894,GlyRS_AMP_GlytRNAGlyGCC,-7.446473152043732e-11,-7.38212318455535e-11,4.872376627558402e-06,4.872302162826882e-06,0.0012863532259807505
R3_METRS_LOW,161,42.47571552536894,GlyRS_ATP,3.6671284872114886e-09,3.468349471391188e-09,6.982530984521222e-05,6.982897697369943e-05,0.20486991818501493
R3_METRS_LOW,161,42.47571552536894,GlyRS_ATP_tRNAGlyGCC,-1.280078792357752e-11,-1.2609494413048758e-11,5.5669382659045694e-08,5.5656581871122116e-08,0.07469084085177953
R3_METRS_LOW,161,42.47571552536894,GlyRS_Gly,-3.042475974933054e-10,-2.859813683743474e-10,0.0001353370259684093,0.0001353367217208118,0.012912911384911671
R3_METRS_LOW,161,42.47571552536894,GlyRS_GlyAMP_PPi,-2.2761398816358459e-10,-2.1484899806107156e-10,3.0923841493246776e-05,3.092361387925861e-05,0.001804625485851243
R3_METRS_LOW,161,42.47571552536894,GlyRS_Gly_ATP,-3.583631376022356e-09,-3.3744590850047074e-09,0.0011165512151887012,0.0011165476315573252,0.0733527650100738
R3_METRS_LOW,161,42.47571552536894,GlyRS_Gly_ATP_tRNAGlyGCC,-3.0691118028122074e-10,-3.019803113381471e-10,1.2514983209988935e-06,1.2511914098186123e-06,0.26907914707382335
R3_METRS_LOW,161,42.47571552536894,GlyRS_Gly_tRNAGlyGCC,-3.696705932026005e-11,-3.637357906741326e-11,1.5084638655560927e-07,1.5080941949628901e-07,0.032399853671165664
R3_METRS_LOW,161,42.47571552536894,GlyRS_tRNAGlyGCC,-3.032246506521417e-12,-2.9865698642453824e-12,1.3099182169323687e-08,1.3096149922817165e-08,0.015802479111102753
R3_METRS_LOW,162,46.05922041145104,GlyRS_AMP_GlytRNAGlyGCC,-6.469663986992039e-11,-6.412650951928634e-11,5.209303100129205e-06,5.209238403489335e-06,0.0012863532259807505
R3_METRS_LOW,162,46.05922041145104,GlyRS_ATP,3.183968796230982e-09,3.0115418776000267e-09,7.086437552656364e-05,7.086755949535987e-05,0.20486991818501493
R3_METRS_LOW,162,46.05922041145104,GlyRS_ATP_tRNAGlyGCC,-1.1379131215234683e-11,-1.1207056334835168e-11,6.041220932059798e-08,6.040083018938274e-08,0.07469084085177953
R3_METRS_LOW,162,46.05922041145104,GlyRS_Gly,-2.6343188150616467e-10,-2.476053998738495e-10,0.00013731638762387087,0.00013731612419198936,0.012912911384911671
R3_METRS_LOW,162,46.05922041145104,GlyRS_GlyAMP_PPi,-1.9737002440387008e-10,-1.863060625552642e-10,3.137302561685739e-05,3.1372828246832986e-05,0.001804625485851243
R3_METRS_LOW,162,46.05922041145104,GlyRS_Gly_ATP,-3.1048234393638713e-09,-2.9235604678029053e-09,0.0011327762710696238,0.0011327731662461845,0.0733527650100738
R3_METRS_LOW,162,46.05922041145104,GlyRS_Gly_ATP_tRNAGlyGCC,-2.7304231951762147e-10,-2.6859514744869017e-10,1.3576092508977948e-06,1.3573362085782772e-06,0.26907914707382335
R3_METRS_LOW,162,46.05922041145104,GlyRS_Gly_tRNAGlyGCC,-3.289025906294478e-11,-3.235496277330547e-11,1.636514003136667e-07,1.6361851005460377e-07,0.032399853671165664
R3_METRS_LOW,162,46.05922041145104,GlyRS_tRNAGlyGCC,-2.6960771665055425e-12,-2.6549716261679658e-12,1.4216549829548504e-08,1.4213853752381999e-08,0.015802479111102753
R3_METRS_LOW,163,49.9450511585514,GlyRS_AMP_GlytRNAGlyGCC,-5.539325860474958e-11,-5.489635470464905e-11,5.524367609357311e-06,5.5243122160987065e-06,0.0012863532259807505
R3_METRS_LOW,163,49.9450511585514,GlyRS_ATP,2.7232974995623598e-09,2.575943489476001e-09,7.183943443937566e-05,7.184215773687522e-05,0.20486991818501493
R3_METRS_LOW,163,49.9450511585514,GlyRS_ATP_tRNAGlyGCC,-9.949229267081203e-12,-9.797366655054236e-12,6.495569433914481e-08,6.494574510987773e-08,0.07469084085177953
R3_METRS_LOW,163,49.9450511585514,GlyRS_Gly,-2.247316772778507e-10,-2.1122034396953172e-10,0.0001391665950616982,0.0001391663703300209,0.012912911384911671
R3_METRS_LOW,163,49.9450511585514,GlyRS_GlyAMP_PPi,-1.686003744521278e-10,-1.5915251357241e-10,3.1792442453053426e-05,3.1792273852678974e-05,0.001804625485851243
R3_METRS_LOW,163,49.9450511585514,GlyRS_Gly_ATP,-2.6501934204028327e-09,-2.4954286537370795e-09,0.001147926278846241,0.0011479236286528207,0.0733527650100738
R3_METRS_LOW,163,49.9450511585514,GlyRS_Gly_ATP_tRNAGlyGCC,-2.388711888410076e-10,-2.3493745135354917e-10,1.459106429776177e-06,1.458867558587336e-06,0.26907914707382335
R3_METRS_LOW,163,49.9450511585514,GlyRS_Gly_tRNAGlyGCC,-2.8776608256253196e-11,-2.8303078721877187e-11,1.759036052334725e-07,1.7587482862521624e-07,0.032399853671165664
R3_METRS_LOW,163,49.9450511585514,GlyRS_tRNAGlyGCC,-2.3577769348731574e-12,-2.3214850413561064e-12,1.5287311351874516e-08,1.5284953574939643e-08,0.015802479111102753
R3_METRS_LOW,164,54.15871378079476,GlyRS_AMP_GlytRNAGlyGCC,-4.6851104086600656e-11,-4.642405826337486e-11,5.815079672900299e-06,5.815032821796212e-06,0.0012863532259807505
R3_METRS_LOW,164,54.15871378079476,GlyRS_ATP,2.299973086400506e-09,2.175616018830295e-09,7.274307905969043e-05,7.274537903277683e-05,0.20486991818501493
R3_METRS_LOW,164,54.15871378079476,GlyRS_ATP_tRNAGlyGCC,-8.576286208244812e-12,-8.444429090104884e-12,6.924260093435977e-08,6.923402464815152e-08,0.07469084085177953
R3_METRS_LOW,164,54.15871378079476,GlyRS_Gly,-1.893388840894586e-10,-1.7794634515233422e-10,0.00014087281824025615,0.00014087262890137206,0.012912911384911671
R3_METRS_LOW,164,54.15871378079476,GlyRS_GlyAMP_PPi,-1.422164754735192e-10,-1.3424902282623889e-10,3.217870262788216e-05,3.217856041140669e-05,0.001804625485851243
R3_METRS_LOW,164,54.15871378079476,GlyRS_Gly_ATP,-2.2339185414693707e-09,-2.103414930958239e-09,0.0011618787731953388,0.0011618765392767973,0.0733527650100738
R3_METRS_LOW,164,54.15871378079476,GlyRS_Gly_ATP_tRNAGlyGCC,-2.059834362312983e-10,-2.025613418197007e-10,1.5546936097471586e-06,1.5544876263109273e-06,0.26907914707382335
R3_METRS_LOW,164,54.15871378079476,GlyRS_Gly_tRNAGlyGCC,-2.4817047301707698e-11,-2.440507403670418e-11,1.874467980559586e-07,1.874219810086569e-07,0.032399853671165664
R3_METRS_LOW,164,54.15871378079476,GlyRS_tRNAGlyGCC,-2.0328115328526826e-12,-2.001288689119372e-12,1.6298003292855996e-08,1.6295970481323143e-08,0.015802479111102753
R3_METRS_LOW,165,58.72786613189477,GlyRS_AMP_GlytRNAGlyGCC,-3.917683328879981e-11,-3.8814624324261605e-11,6.080219311057381e-06,6.080180134224092e-06,0.0012863532259807505
R3_METRS_LOW,165,58.72786613189477,GlyRS_ATP,1.919426572584838e-09,1.8157058371039195e-09,7.357179163045406e-05,7.357371105702665e-05,0.20486991818501493
R3_METRS_LOW,165,58.72786613189477,GlyRS_ATP_tRNAGlyGCC,-7.294729433449586e-12,-7.181939024306883e-12,7.323354901056051e-08,7.322625428112706e-08,0.07469084085177953
R3_METRS_LOW,165,58.72786613189477,GlyRS_Gly,-1.5765763870735812e-10,-1.4816292258659862e-10,0.0001424277325757498,0.0001424275749181111,0.012912911384911671
R3_METRS_LOW,165,58.72786613189477,GlyRS_GlyAMP_PPi,-1.1854233263400293e-10,-1.1190179422849952e-10,3.2530135853386404e-05,3.253001731105377e-05,0.001804625485851243
R3_METRS_LOW,165,58.72786613189477,GlyRS_Gly_ATP,-1.8609097741494746e-09,-1.7521441565325871e-09,0.0011745733839397137,0.0011745715230299396,0.0733527650100738
R3_METRS_LOW,165,58.72786613189477,GlyRS_Gly_ATP_tRNAGlyGCC,-1.7522755392549692e-10,-1.7229574122875313e-10,1.6434773034903414e-06,1.643302075936416e-06,0.26907914707382335
R3_METRS_LOW,165,58.72786613189477,GlyRS_Gly_tRNAGlyGCC,-2.1113766888341114e-11,-2.0760784841316355e-11,1.9817324051667025e-07,1.981521267497819e-07,0.032399853671165664
R3_METRS_LOW,165,58.72786613189477,GlyRS_tRNAGlyGCC,-1.7293620246959782e-12,-1.7023881188684624e-12,1.7239356885814576e-08,1.723762752378988e-08,0.015802479111102753
R3_METRS_LOW,166,63.68249944718586,GlyRS_AMP_GlytRNAGlyGCC,-3.233856355748142e-11,-3.203581392244337e-11,6.319163114901729e-06,6.319130776338171e-06,0.0012863532259807505
R3_METRS_LOW,166,63.68249944718586,GlyRS_ATP,1.5801623803380661e-09,1.494806969757699e-09,7.432389409662775e-05,7.432547425900809e-05,0.20486991818501493
R3_METRS_LOW,166,63.68249944718586,GlyRS_ATP_tRNAGlyGCC,-6.113310398115156e-12,-6.018363032610628e-12,7.689885317863017e-08,7.689273986823206e-08,0.07469084085177953
R3_METRS_LOW,166,63.68249944718586,GlyRS_Gly,-1.295221700888232e-10,-1.2171376154468295e-10,0.00014382754360173602,0.00014382741407956593,0.012912911384911671
R3_METRS_LOW,166,63.68249944718586,GlyRS_GlyAMP_PPi,-9.747306877383368e-11,-9.201212463327264e-11,3.284588228385704e-05,3.2845784810788265e-05,0.001804625485851243
R3_METRS_LOW,166,63.68249944718586,GlyRS_Gly_ATP,-1.529347752604604e-09,-1.4399019774829294e-09,0.0011859790171058972,0.0011859774877581446,0.0733527650100738
R3_METRS_LOW,166,63.68249944718586,GlyRS_Gly_ATP_tRNAGlyGCC,-1.468331144853546e-10,-1.4436218655358927e-10,1.7247832528350585e-06,1.724636419720573e-06,0.26907914707382335
R3_METRS_LOW,166,63.68249944718586,GlyRS_Gly_tRNAGlyGCC,-1.7694425337404834e-11,-1.739690282083587e-11,2.0800154202838767e-07,2.0798384760305026e-07,0.032399853671165664
R3_METRS_LOW,166,63.68249944718586,GlyRS_tRNAGlyGCC,-1.449525187808963e-12,-1.4268113325198049e-12,1.810437786755691e-08,1.81029283423691e-08,0.015802479111102753
R3_METRS_LOW,167,69.0551352016233,GlyRS_AMP_GlytRNAGlyGCC,-2.6272933694168946e-11,-2.6024302542941666e-11,6.531427734679064e-06,6.5314014617453695e-06,0.0012863532259807505
R3_METRS_LOW,167,69.0551352016233,GlyRS_ATP,1.2790611527959067e-09,1.2099766973095363e-09,7.499814132813602e-05,7.499942038928881e-05,0.20486991818501493
R3_METRS_LOW,167,69.0551352016233,GlyRS_ATP_tRNAGlyGCC,-5.033053132861032e-12,-4.954629143808002e-12,8.021237767266148e-08,8.020734461952862e-08,0.07469084085177953
R3_METRS_LOW,167,69.0551352016233,GlyRS_Gly,-1.0463830108918722e-10,-9.832183095266893e-11,0.00014506928158026453,0.00014506917694196344,0.012912911384911671
R3_METRS_LOW,167,69.0551352016233,GlyRS_GlyAMP_PPi,-7.88045723105037e-11,-7.43876058438006e-11,3.312527129603219e-05,3.312519249145988e-05,0.001804625485851243
R3_METRS_LOW,167,69.0551352016233,GlyRS_Gly_ATP,-1.2358785149782503e-09,-1.1635283927062362e-09,0.0011960714164095916,0.0011960701805310767,0.0733527650100738
R3_METRS_LOW,167,69.0551352016233,GlyRS_Gly_ATP_tRNAGlyGCC,-1.208408654561324e-10,-1.1879826940205475e-10,1.7980185932719441e-06,1.797897752406488e-06,0.26907914707382335
R3_METRS_LOW,167,69.0551352016233,GlyRS_Gly_tRNAGlyGCC,-1.4563950372680866e-11,-1.4317976175584493e-11,2.1686006301189604e-07,2.1684549906152336e-07,0.032399853671165664
R3_METRS_LOW,167,69.0551352016233,GlyRS_tRNAGlyGCC,-1.1935644825883237e-12,-1.1747981093398184e-12,1.888690197405383e-08,1.888570840957124e-08,0.015802479111102753
R3_METRS_LOW,168,74.88103857590015,GlyRS_AMP_GlytRNAGlyGCC,-2.1010960144648917e-11,-2.08103379497436e-11,6.716926778277676e-06,6.716905767317532e-06,0.0012863532259807505
R3_METRS_LOW,168,74.88103857590015,GlyRS_ATP,1.0176501985927414e-09,9.62669063447389e-10,7.559446925374434e-05,7.559548690394293e-05,0.20486991818501493
R3_METRS_LOW,168,74.88103857590015,GlyRS_ATP_tRNAGlyGCC,-4.071384071417213e-12,-4.007867965157961e-12,8.315585990501947e-08,8.315178852094805e-08,0.07469084085177953
R3_METRS_LOW,168,74.88103857590015,GlyRS_Gly,-8.309791003631266e-11,-7.807299747669488e-11,0.00014615230367123262,0.00014615222057332258,0.012912911384911671
R3_METRS_LOW,168,74.88103857590015,GlyRS_GlyAMP_PPi,-6.262048858103478e-11,-5.910755129695911e-11,3.336815503036364e-05,3.336809240987506e-05,0.001804625485851243
R3_METRS_LOW,168,74.88103857590015,GlyRS_Gly_ATP,-9.816864307132106e-10,-9.241374565717565e-10,0.0012048452125394665,0.0012048442308530357,0.0733527650100738
R3_METRS_LOW,168,74.88103857590015,GlyRS_Gly_ATP_tRNAGlyGCC,-9.768338952013807e-11,-9.602818659139608e-11,1.8627690176847943e-06,1.8626713342952742e-06,0.26907914707382335
R3_METRS_LOW,168,74.88103857590015,GlyRS_Gly_tRNAGlyGCC,-1.1774518277160757e-11,-1.1575171448350949e-11,2.2469869926019353e-07,2.2468692474191636e-07,0.032399853671165664
R3_METRS_LOW,168,74.88103857590015,GlyRS_tRNAGlyGCC,-9.656335454628035e-13,-9.504305140711792e-13,1.9582618664024443e-08,1.958165303047898e-08,0.015802479111102753
R3_METRS_LOW,169,81.19844993184009,GlyRS_AMP_GlytRNAGlyGCC,-1.6717881689695885e-11,-1.655712106627002e-11,6.8771663412780815e-06,6.877149623396392e-06,0.0012863532259807505
R3_METRS_LOW,169,81.19844993184009,GlyRS_ATP,8.041675284660085e-10,7.606890977553679e-10,7.611761409446751e-05,7.611841826199598e-05,0.20486991818501493
R3_METRS_LOW,169,81.19844993184009,GlyRS_ATP_tRNAGlyGCC,-3.271220487130164e-12,-3.220282789762723e-12,8.573838529040882e-08,8.573511406992169e-08,0.07469084085177953
R3_METRS_LOW,169,81.19844993184009,GlyRS_Gly,-6.554562391437001e-11,-6.157297176676647e-11,0.0001470853358054611,0.0001470852702598372,0.012912911384911671
R3_METRS_LOW,169,81.19844993184009,GlyRS_GlyAMP_PPi,-4.941851675056494e-11,-4.6642346390030565e-11,3.3576505773946384e-05,3.3576456355429633e-05,0.001804625485851243
R3_METRS_LOW,169,81.19844993184009,GlyRS_Gly_ATP,-7.74466418730288e-10,-7.289773798362409e-10,0.0012123716268879,0.0012123708524214812,0.0733527650100738
R3_METRS_LOW,169,81.19844993184009,GlyRS_Gly_ATP_tRNAGlyGCC,-7.840378099308569e-11,-7.707586292710281e-11,1.9192346473529673e-06,1.919156243571974e-06,0.26907914707382335
R3_METRS_LOW,169,81.19844993184009,GlyRS_Gly_tRNAGlyGCC,-9.451943970949767e-12,-9.291994081724096e-12,2.3154154723004483e-07,2.3153209528607388e-07,0.032399853671165664
R3_METRS_LOW,169,81.19844993184009,GlyRS_tRNAGlyGCC,-7.759370224179871e-13,-7.637415494118115e-13,2.01936650337696e-08,2.0192889096747182e-08,0.015802479111102753
R3_METRS_LOW,170,88.04883581643465,GlyRS_AMP_GlytRNAGlyGCC,-1.3457792689012334e-11,-1.3327661969085794e-11,7.0160622576381625e-06,7.0160487998454735e-06,0.0012863532259807505
R3_METRS_LOW,170,88.04883581643465,GlyRS_ATP,6.419379214528615e-10,6.071921488810935e-10,7.657967040815561e-05,7.658031234607706e-05,0.20486991818501493
R3_METRS_LOW,170,88.04883581643465,GlyRS_ATP_tRNAGlyGCC,-2.655374219615314e-12,-2.6141907232865004e-12,8.801071618687456e-08,8.800806081265495e-08,0.07469084085177953
R3_METRS_LOW,170,88.04883581643465,GlyRS_Gly,-5.222772808308705e-11,-4.9053360536900746e-11,0.0001478912729325241,0.00014789122070479603,0.012912911384911671
R3_METRS_LOW,170,88.04883581643465,GlyRS_GlyAMP_PPi,-3.939423066185929e-11,-3.717710969013165e-11,3.37555274658022e-05,3.375548807157154e-05,0.001804625485851243
R3_METRS_LOW,170,88.04883581643465,GlyRS_Gly_ATP,-6.171911636279614e-10,-5.808518807931098e-10,0.0012188386245915962,0.0012188380074004326,0.0733527650100738
R3_METRS_LOW,170,88.04883581643465,GlyRS_Gly_ATP_tRNAGlyGCC,-6.355755583874388e-11,-6.24837187827061e-11,1.968548375237567e-06,1.9684848176817283e-06,0.26907914707382335
R3_METRS_LOW,170,88.04883581643465,GlyRS_Gly_tRNAGlyGCC,-7.66333516435047e-12,-7.533972288453645e-12,2.3752524972670525e-07,2.375175863915409e-07,0.032399853671165664
R3_METRS_LOW,170,88.04883581643465,GlyRS_tRNAGlyGCC,-6.299140474530939e-13,-6.200514140598946e-13,2.073199563180946e-08,2.0731365717762008e-08,0.015802479111102753
R3_METRS_LOW,171,95.47716114208066,GlyRS_AMP_GlytRNAGlyGCC,-1.099020353635536e-11,-1.0883452234128801e-11,7.1382282317984625e-06,7.138217241594926e-06,0.0012863532259807505
R3_METRS_LOW,171,95.47716114208066,GlyRS_ATP,5.19109380630353e-10,4.909687136548864e-10,7.699497996274606e-05,7.699549907212669e-05,0.20486991818501493
R3_METRS_LOW,171,95.47716114208066,GlyRS_ATP_tRNAGlyGCC,-2.184331502485221e-12,-2.150593632199985e-12,9.003879977271254e-08,9.003661544121006e-08,0.07469084085177953
R3_METRS_LOW,171,95.47716114208066,GlyRS_Gly,-4.215619764076986e-11,-3.95854590811013e-11,0.00014859704585494106,0.00014859700369874342,0.012912911384911671
R3_METRS_LOW,171,95.47716114208066,GlyRS_GlyAMP_PPi,-3.181036139251851e-11,-3.00159135343419e-11,3.3911376829842586e-05,3.3911345019481193e-05,0.001804625485851243
R3_METRS_LOW,171,95.47716114208066,GlyRS_Gly_ATP,-4.982343678253121e-10,-4.688135695529671e-10,0.0012244685948242108,0.001224468096589843,0.0733527650100738
R3_METRS_LOW,171,95.47716114208066,GlyRS_Gly_ATP_tRNAGlyGCC,-5.219700124845311e-11,-5.131742960293547e-11,2.012179529480946e-06,2.0121273324796974e-06,0.26907914707382335
R3_METRS_LOW,171,95.47716114208066,GlyRS_Gly_tRNAGlyGCC,-6.294587343036275e-12,-6.18861179729788e-12,2.4282686035085783e-07,2.428205657635148e-07,0.032399853671165664
R3_METRS_LOW,171,95.47716114208066,GlyRS_tRNAGlyGCC,-5.182105903567377e-13,-5.101291661970582e-13,2.1213126324523253e-08,2.1212608113932896e-08,0.015802479111102753
R3_METRS_LOW,172,103.53218432956616,GlyRS_AMP_GlytRNAGlyGCC,-9.019704625320957e-12,-8.931777175166385e-12,7.246762753233533e-06,7.246753733528907e-06,0.0012863532259807505
R3_METRS_LOW,172,103.53218432956616,GlyRS_ATP,4.2098441441586806e-10,3.981136884757003e-10,7.73733591387795e-05,7.737378012319391e-05,0.20486991818501493
R3_METRS_LOW,172,103.53218432956616,GlyRS_ATP_tRNAGlyGCC,-1.8041817571828179e-12,-1.7764354286352102e-12,9.18673209578582e-08,9.186551677610102e-08,0.07469084085177953
R3_METRS_LOW,172,103.53218432956616,GlyRS_Gly,-3.411844550914485e-11,-3.20292357089448e-11,0.00014922057199445127,0.00014922053787600576,0.012912911384911671
R3_METRS_LOW,172,103.53218432956616,GlyRS_GlyAMP_PPi,-2.5757117792790662e-11,-2.4299736114201213e-11,3.404817846090371e-05,3.404815270378592e-05,0.001804625485851243
R3_METRS_LOW,172,103.53218432956616,GlyRS_Gly_ATP,-4.032972822885783e-10,-3.7939482714371477e-10,0.0012294105239091845,0.0012294101206119022,0.0733527650100738
R3_METRS_LOW,172,103.53218432956616,GlyRS_Gly_ATP_tRNAGlyGCC,-4.302642879392313e-11,-4.2303417033106554e-11,2.051117905310426e-06,2.051074878881632e-06,0.26907914707382335
R3_METRS_LOW,172,103.53218432956616,GlyRS_Gly_tRNAGlyGCC,-5.1895844033175786e-12,-5.102458524771642e-12,2.4756543307564564e-07,2.475602434912423e-07,0.032399853671165664
R3_METRS_LOW,172,103.53218432956616,GlyRS_tRNAGlyGCC,-4.280459227622059e-13,-4.2139831179860025e-13,2.164755264473326e-08,2.1647124598810496e-08,0.015802479111102753
R3_METRS_LOW,173,112.26677735108136,GlyRS_AMP_GlytRNAGlyGCC,-7.386441961785976e-12,-7.314249925519975e-12,7.343286538581216e-06,7.343279152139254e-06,0.0012863532259807505
R3_METRS_LOW,173,112.26677735108136,GlyRS_ATP,3.3959478359533914e-10,3.2108872467383326e-10,7.772014482571579e-05,7.772048442049938e-05,0.20486991818501493
R3_METRS_LOW,173,112.26677735108136,GlyRS_ATP_tRNAGlyGCC,-1.4857231569200452e-12,-1.4629956433992896e-12,9.351880907284928e-08,9.351732334969236e-08,0.07469084085177953
R3_METRS_LOW,173,112.26677735108136,GlyRS_Gly,-2.7457138830361966e-11,-2.5766688687936566e-11,0.0001497710314565619,0.00014977100399942307,0.012912911384911671
R3_METRS_LOW,173,112.26677735108136,GlyRS_GlyAMP_PPi,-2.074101192173477e-11,-1.9562634672481666e-11,3.416806043188765e-05,3.416803969087573e-05,0.001804625485851243
R3_METRS_LOW,173,112.26677735108136,GlyRS_Gly_ATP,-3.246266744999504e-10,-3.052930398881517e-10,0.0012337412795027944,0.00123374095487612,0.0733527650100738
R3_METRS_LOW,173,112.26677735108136,GlyRS_Gly_ATP_tRNAGlyGCC,-3.5344107717488066e-11,-3.47523591520981e-11,2.085855506352093e-06,2.0858201622443754e-06,0.26907914707382335
R3_METRS_LOW,173,112.26677735108136,GlyRS_Gly_tRNAGlyGCC,-4.263777590650794e-12,-4.192457794461707e-12,2.51799982338135e-07,2.517957185605443e-07,0.032399853671165664
R3_METRS_LOW,173,112.26677735108136,GlyRS_tRNAGlyGCC,-3.5249718575110103e-13,-3.470510012681907e-13,2.2040553510430814e-08,2.2040201013245063e-08,0.015802479111102753
R3_METRS_LOW,174,121.7382727739662,GlyRS_AMP_GlytRNAGlyGCC,-6.017685061734425e-12,-5.958786606345754e-12,7.4287966070078715e-06,7.42879058932281e-06,0.0012863532259807505
R3_METRS_LOW,174,121.7382727739662,GlyRS_ATP,2.7132354991758235e-10,2.5647272553518036e-10,7.803878825982479e-05,7.803905958337471e-05,0.20486991818501493
R3_METRS_LOW,174,121.7382727739662,GlyRS_ATP_tRNAGlyGCC,-1.2161651780459736e-12,-1.197690175175322e-12,9.500665476824898e-08,9.500543860307094e-08,0.07469084085177953
R3_METRS_LOW,174,121.7382727739662,GlyRS_Gly,-2.1872966491417317e-11,-2.0516439713899585e-11,0.00015025393072077602,0.00015025390884780952,0.012912911384911671
R3_METRS_LOW,174,121.7382727739662,GlyRS_GlyAMP_PPi,-1.6537456367965615e-11,-1.5592589024194396e-11,3.4272302637664224e-05,3.4272286100207856e-05,0.001804625485851243
R3_METRS_LOW,174,121.7382727739662,GlyRS_Gly_ATP,-2.5869225359943793e-10,-2.4318347360889133e-10,0.0012375070916835823,0.0012375068329913287,0.0733527650100738
R3_METRS_LOW,174,121.7382727739662,GlyRS_Gly_ATP_tRNAGlyGCC,-2.8842700900085942e-11,-2.836222929494964e-11,2.116678677711628e-06,2.116649835010728e-06,0.26907914707382335
R3_METRS_LOW,174,121.7382727739662,GlyRS_Gly_tRNAGlyGCC,-3.480156572529116e-12,-3.4222383550313673e-12,2.555647728384922e-07,2.5556129268191967e-07,0.032399853671165664
R3_METRS_LOW,174,121.7382727739662,GlyRS_tRNAGlyGCC,-2.8853448334422436e-13,-2.841066102558842e-13,2.2395261053846785e-08,2.239497251936344e-08,0.015802479111102753
R3_METRS_LOW,175,132.00884008314168,GlyRS_AMP_GlytRNAGlyGCC,-4.8710751906789205e-12,-4.823393041484381e-12,7.5041060213864025e-06,7.504101150311212e-06,0.0012863532259807505
R3_METRS_LOW,175,132.00884008314168,GlyRS_ATP,2.1407031952202366e-10,2.0227943294947325e-10,7.83322062233188e-05,7.833242029363832e-05,0.20486991818501493
R3_METRS_LOW,175,132.00884008314168,GlyRS_ATP_tRNAGlyGCC,-9.883020643606262e-13,-9.734258969054338e-13,9.634197167757373e-08,9.634098337550937e-08,0.07469084085177953
R3_METRS_LOW,175,132.00884008314168,GlyRS_Gly,-1.719176325820984e-11,-1.6114778015719797e-11,0.0001506736863519942,0.00015067366916023095,0.012912911384911671
R3_METRS_LOW,175,132.00884008314168,GlyRS_GlyAMP_PPi,-1.3015746886855216e-11,-1.2266229918334211e-11,3.436193014900429e-05,3.4361917133257406e-05,0.001804625485851243
R3_METRS_LOW,175,132.00884008314168,GlyRS_Gly_ATP,-2.0343905748378133e-10,-1.9113111044215246e-10,0.0012407449865921656,0.0012407447831531081,0.0733527650100738
R3_METRS_LOW,175,132.00884008314168,GlyRS_Gly_ATP_tRNAGlyGCC,-2.334884950119269e-11,-2.2962568066198024e-11,2.143821659999666e-06,2.143798311150165e-06,0.26907914707382335
R3_METRS_LOW,175,132.00884008314168,GlyRS_Gly_tRNAGlyGCC,-2.8178602637090844e-12,-2.7712877796786655e-12,2.588878229575081e-07,2.588850050972444e-07,0.032399853671165664
R3_METRS_LOW,175,132.00884008314168,GlyRS_tRNAGlyGCC,-2.3445250149951397e-13,-2.308866794598767e-13,2.2714274849877977e-08,2.2714040397376478e-08,0.015802479111102753
R3_METRS_LOW,176,143.14589375234786,GlyRS_AMP_GlytRNAGlyGCC,-3.914915096713456e-12,-3.876646528098089e-12,7.5699819255384046e-06,7.569978010623308e-06,0.0012863532259807505
R3_METRS_LOW,176,143.14589375234786,GlyRS_ATP,1.6626546565587114e-10,1.5702461054997962e-10,7.860321001904304e-05,7.86033762845087e-05,0.20486991818501493
R3_METRS_LOW,176,143.14589375234786,GlyRS_ATP_tRNAGlyGCC,-7.967346567972535e-13,-7.848865064991169e-13,9.753573308626933e-08,9.753493635161253e-08,0.07469084085177953
R3_METRS_LOW,176,143.14589375234786,GlyRS_Gly,-1.328353250421195e-11,-1.2439544858192053e-11,0.00015103442705372756,0.00015103441377019506,0.012912911384911671
R3_METRS_LOW,176,143.14589375234786,GlyRS_GlyAMP_PPi,-1.0078176364465303e-11,-9.49134586617098e-12,3.443789914090469e-05,3.443788906272833e-05,0.001804625485851243
R3_METRS_LOW,176,143.14589375234786,GlyRS_Gly_ATP,-1.5733197535582055e-10,-1.476907594413568e-10,0.001243489502653951,0.0012434893453219756,0.0733527650100738
R3_METRS_LOW,176,143.14589375234786,GlyRS_Gly_ATP_tRNAGlyGCC,-1.873237966618904e-11,-1.8425344422434187e-11,2.167514181622248e-06,2.1674954492425817e-06,0.26907914707382335
R3_METRS_LOW,176,143.14589375234786,GlyRS_Gly_tRNAGlyGCC,-2.2612304290096246e-12,-2.2242053808513917e-12,2.6179663059226225e-07,2.6179436936183324e-07,0.032399853671165664
R3_METRS_LOW,176,143.14589375234786,GlyRS_tRNAGlyGCC,-1.88973968742619e-13,-1.8613368952352682e-13,2.300016381378898e-08,2.2999974839820236e-08,0.015802479111102753
R3_METRS_LOW,177,155.2225357427048,GlyRS_AMP_GlytRNAGlyGCC,-3.1225194854084e-12,-3.0920947848703467e-12,7.627182258387505e-06,7.62717913586802e-06,0.0012863532259807505
R3_METRS_LOW,177,155.2225357427048,GlyRS_ATP,1.2658800452368477e-10,1.1945910985587645e-10,7.88546229646552e-05,7.885474955265973e-05,0.20486991818501493
R3_METRS_LOW,177,155.2225357427048,GlyRS_ATP_tRNAGlyGCC,-6.368176375994773e-13,-6.274988718803214e-13,9.859930041638281e-08,9.859866359874521e-08,0.07469084085177953
R3_METRS_LOW,177,155.2225357427048,GlyRS_Gly,-1.0039225608595923e-11,-9.388265761305934e-12,0.00015134020544121607,0.00015134019540199046,0.012912911384911671
R3_METRS_LOW,177,155.2225357427048,GlyRS_GlyAMP_PPi,-7.642588961047445e-12,-7.190399751427181e-12,3.450114584243518e-05,3.450113819984622e-05,0.001804625485851243
R3_METRS_LOW,177,155.2225357427048,GlyRS_Gly_ATP,-1.1908186893158645e-10,-1.1164877925560802e-10,0.0012457744587038994,0.0012457743396220304,0.0733527650100738
R3_METRS_LOW,177,155.2225357427048,GlyRS_Gly_ATP_tRNAGlyGCC,-1.4881070878958256e-11,-1.464021077347767e-11,2.1879930164676237e-06,2.1879781353967448e-06,0.26907914707382335
R3_METRS_LOW,177,155.2225357427048,GlyRS_Gly_tRNAGlyGCC,-1.796769055944576e-12,-1.7677182479915421e-12,2.6431956718001133e-07,2.643177704109554e-07,0.032399853671165664
R3_METRS_LOW,177,155.2225357427048,GlyRS_tRNAGlyGCC,-1.5099984114012135e-13,-1.4876580994956636e-13,2.3255590694478315e-08,2.3255439694637175e-08,0.015802479111102753
R3_METRS_LOW,178,168.31803533309548,GlyRS_AMP_GlytRNAGlyGCC,-2.470460297039601e-12,-2.446521519113825e-12,7.676461305414619e-06,7.676458834954322e-06,0.0012863532259807505
R3_METRS_LOW,178,168.31803533309548,GlyRS_ATP,9.387807954511045e-11,8.848607950908474e-11,7.908930204978269e-05,7.908939592786223e-05,0.20486991818501493
R3_METRS_LOW,178,168.31803533309548,GlyRS_ATP_tRNAGlyGCC,-5.043632837375968e-13,-4.97139959428767e-13,9.9544453666023e-08,9.954394930273926e-08,0.07469084085177953
R3_METRS_LOW,178,168.31803533309548,GlyRS_Gly,-7.363436385155256e-12,-6.871281466414193e-12,0.00015159503051692265,0.00015159502315348626,0.012912911384911671
R3_METRS_LOW,178,168.31803533309548,GlyRS_GlyAMP_PPi,-5.636942491558591e-12,-5.295394588941401e-12,3.4552593352674174e-05,3.455258771573168e-05,0.001804625485851243
R3_METRS_LOW,178,168.31803533309548,GlyRS_Gly_ATP,-8.755976911405117e-11,-8.194225195234425e-11,0.001247633200094657,0.0012476331125348878,0.0733527650100738
R3_METRS_LOW,178,168.31803533309548,GlyRS_Gly_ATP_tRNAGlyGCC,-1.1693604734049252e-11,-1.1507536519708926e-11,2.2055023794013913e-06,2.2054906857966572e-06,0.26907914707382335
R3_METRS_LOW,178,168.31803533309548,GlyRS_Gly_tRNAGlyGCC,-1.4122879051621667e-12,-1.389841007913775e-12,2.6648593336078634e-07,2.664845210728812e-07,0.032399853671165664
R3_METRS_LOW,178,168.31803533309548,GlyRS_tRNAGlyGCC,-1.1953903464322307e-13,-1.1780739385229256e-13,2.3483320002302823e-08,2.348320046326818e-08,0.015802479111102753
R3_METRS_LOW,179,182.51834943190426,GlyRS_AMP_GlytRNAGlyGCC,-1.937931428489816e-12,-1.9193122030175083e-12,7.718565118407388e-06,7.71856318047596e-06,0.0012863532259807505
R3_METRS_LOW,179,182.51834943190426,GlyRS_ATP,6.710533304976184e-11,6.313104044871035e-11,7.931012870393535e-05,7.93101958092684e-05,0.20486991818501493
R3_METRS_LOW,179,182.51834943190426,GlyRS_ATP_tRNAGlyGCC,-3.9555705442409705e-13,-3.9005473767418715e-13,1.0038326057313511e-07,1.0038286501608069e-07,0.07469084085177953
R3_METRS_LOW,179,182.51834943190426,GlyRS_Gly,-5.171653009268182e-12,-4.8091926278528085e-12,0.0001518028420868616,0.00015180283691520858,0.012912911384911671
R3_METRS_LOW,179,182.51834943190426,GlyRS_GlyAMP_PPi,-3.997316441338352e-12,-3.7459999822907905e-12,3.459314472279916e-05,3.459314072548272e-05,0.001804625485851243
R3_METRS_LOW,179,182.51834943190426,GlyRS_Gly_ATP,-6.176496141797883e-11,-5.762916386208067e-11,0.0012490983486939237,0.0012490982869289623,0.0733527650100738
R3_METRS_LOW,179,182.51834943190426,GlyRS_Gly_ATP_tRNAGlyGCC,-9.077596803107606e-12,-8.936494011581474e-12,2.220290700485344e-06,2.2202816228885407e-06,0.26907914707382335
R3_METRS_LOW,179,182.51834943190426,GlyRS_Gly_tRNAGlyGCC,-1.0966711556666273e-12,-1.0796449985880854e-12,2.683255807817979e-07,2.683244841106422e-07,0.032399853671165664
R3_METRS_LOW,179,182.51834943190426,GlyRS_tRNAGlyGCC,-9.36884454433315e-14,-9.236954713302607e-14,2.3686188233580477e-08,2.3686094545135034e-08,0.015802479111102753
R3_METRS_LOW,180,197.91668678535575,GlyRS_AMP_GlytRNAGlyGCC,-1.506454200411191e-12,-1.4921600089913335e-12,7.754223548639068e-06,7.754222042184868e-06,0.0012863532259807505
R3_METRS_LOW,180,197.91668678535575,GlyRS_ATP,4.5354215554623684e-11,4.252801850427986e-11,7.95199895841975e-05,7.952003493841305e-05,0.20486991818501493
R3_METRS_LOW,180,197.91668678535575,GlyRS_ATP_tRNAGlyGCC,-3.0693411027508987e-13,-3.0283317544987907e-13,1.0112789434684593e-07,1.0112758741273565e-07,0.07469084085177953
R3_METRS_LOW,180,197.91668678535575,GlyRS_Gly,-3.3889856795431966e-12,-3.1316303881131435e-12,0.00015196746549354776,0.00015196746210456208,0.012912911384911671
R3_METRS_LOW,180,197.91668678535575,GlyRS_GlyAMP_PPi,-2.6669878260584916e-12,-2.4886727496738046e-12,3.462367139845081e-05,3.4623668731462984e-05,0.001804625485851243
R3_METRS_LOW,180,197.91668678535575,GlyRS_Gly_ATP,-4.0810194633367214e-11,-3.787420432012984e-11,0.0012502013852845923,0.0012502013444743976,0.0733527650100738
R3_METRS_LOW,180,197.91668678535575,GlyRS_Gly_ATP_tRNAGlyGCC,-6.949079942236632e-12,-6.844551504599553e-12,2.2326062379167417e-06,2.2325992888367995e-06,0.26907914707382335
R3_METRS_LOW,180,197.91668678535575,GlyRS_Gly_tRNAGlyGCC,-8.398132493287632e-13,-8.271972778866164e-13,2.698683942804791e-07,2.6986755446722977e-07,0.032399853671165664
R3_METRS_LOW,180,197.91668678535575,GlyRS_tRNAGlyGCC,-7.262743793493342e-14,-7.164472840539307e-14,2.3867062043681153e-08,2.3866989416243218e-08,0.015802479111102753
R3_METRS_LOW,181,214.6141197858406,GlyRS_AMP_GlytRNAGlyGCC,-1.1596985460289979e-12,-1.1488901830548746e-12,7.784141397807993e-06,7.784140238109447e-06,0.0012863532259807505
R3_METRS_LOW,181,214.6141197858406,GlyRS_ATP,2.7815093801906825e-11,2.5911145256240426e-11,7.972175518475026e-05,7.972178299984406e-05,0.20486991818501493
R3_METRS_LOW,181,214.6141197858406,GlyRS_ATP_tRNAGlyGCC,-2.3537312365675665e-13,-2.324032092496022e-13,1.0179044185263641e-07,1.0179020647951276e-07,0.07469084085177953
R3_METRS_LOW,181,214.6141197858406,GlyRS_Gly,-1.949347069396881e-12,-1.7764923877111326e-12,0.00015209256070313824,0.00015209255875379117,0.012912911384911671
R3_METRS_LOW,181,214.6141197858406,GlyRS_GlyAMP_PPi,-1.5958585432404755e-12,-1.476118709116737e-12,3.4645000388096725e-05,3.464499879223818e-05,0.001804625485851243
R3_METRS_LOW,181,214.6141197858406,GlyRS_Gly_ATP,-2.3912296188283166e-11,-2.1939989648922332e-11,0.0012509721859523847,0.0012509721620400885,0.0733527650100738
R3_METRS_LOW,181,214.6141197858406,GlyRS_Gly_ATP_tRNAGlyGCC,-5.232390064522247e-12,-5.157338412421323e-12,2.2426924685475606e-06,2.242687236157496e-06,0.26907914707382335
R3_METRS_LOW,181,214.6141197858406,GlyRS_Gly_tRNAGlyGCC,-6.326054287266258e-13,-6.235446787176115e-13,2.711437464251567e-07,2.71143113819728e-07,0.032399853671165664
R3_METRS_LOW,181,214.6141197858406,GlyRS_tRNAGlyGCC,-5.561644100663923e-14,-5.490514384175748e-14,2.4028794124992662e-08,2.4028738508551655e-08,0.015802479111102753
R3_METRS_LOW,182,232.72024789604072,GlyRS_AMP_GlytRNAGlyGCC,-8.83349989699465e-13,-8.753270729202609e-13,7.808989993665991e-06,7.808989110316002e-06,0.0012863532259807505
R3_METRS_LOW,182,232.72024789604072,GlyRS_ATP,1.3777662577442104e-11,1.2608429141178473e-11,7.991826038002806e-05,7.991827415769064e-05,0.20486991818501493
R3_METRS_LOW,182,232.72024789604072,GlyRS_ATP_tRNAGlyGCC,-1.7809326195103679e-13,-1.7602778070572542e-13,1.0238272479370102e-07,1.0238254670043906e-07,0.07469084085177953
R3_METRS_LOW,182,232.72024789604072,GlyRS_Gly,-7.948323260415641e-13,-6.89372417590547e-13,0.00015218157293763666,0.00015218157214280434,0.012912911384911671
R3_METRS_LOW,182,232.72024789604072,GlyRS_GlyAMP_PPi,-7.400264618760352e-13,-6.668913209500529e-13,3.46579019034076e-05,3.465790116338114e-05,0.001804625485851243
R3_METRS_LOW,182,232.72024789604072,GlyRS_Gly_ATP,-1.038510163281492e-11,-9.180507202123676e-12,0.001251438575535871,0.0012514385651507694,0.0733527650100738
R3_METRS_LOW,182,232.72024789604072,GlyRS_Gly_ATP_tRNAGlyGCC,-3.8601173513587266e-12,-3.8085964164231865e-12,2.2507837600056057e-06,2.2507798998882544e-06,0.26907914707382335
R3_METRS_LOW,182,232.72024789604072,GlyRS_Gly_tRNAGlyGCC,-4.669302980822606e-13,-4.607083522594882e-13,2.7217998440199383e-07,2.7217951747169575e-07,0.032399853671165664
R3_METRS_LOW,182,232.72024789604072,GlyRS_tRNAGlyGCC,-4.199630137784976e-14,-4.1502111360188416e-14,2.41741820313716e-08,2.417414003507022e-08,0.015802479111102753
R3_METRS_LOW,183,252.3539170434766,GlyRS_AMP_GlytRNAGlyGCC,-6.649909962285925e-13,-6.591742826467312e-13,7.829400114450712e-06,7.829399449459716e-06,0.0012863532259807505
R3_METRS_LOW,183,252.3539170434766,GlyRS_ATP,2.6250682535903028e-12,2.036222773137114e-12,8.011228986075254e-05,8.01122924858208e-05,0.20486991818501493
R3_METRS_LOW,183,252.3539170434766,GlyRS_ATP_tRNAGlyGCC,-1.3264909487591149e-13,-1.313002353375281e-13,1.0291615010978731e-07,1.0291601746069243e-07,0.07469084085177953
R3_METRS_LOW,183,252.3539170434766,GlyRS_Gly,1.2479484134443608e-13,1.7693698737185178e-13,0.00015223768983834002,0.00015223768996313486,0.012912911384911671
R3_METRS_LOW,183,252.3539170434766,GlyRS_GlyAMP_PPi,-6.141074926141118e-14,-2.503568331596855e-14,3.466307869729389e-05,3.466307863588314e-05,0.001804625485851243
R3_METRS_LOW,183,252.3539170434766,GlyRS_Gly_ATP,3.6655509356997573e-13,9.64648735502537e-13,0.0012516259424159076,0.0012516259427824627,0.0733527650100738
R3_METRS_LOW,183,252.3539170434766,GlyRS_Gly_ATP_tRNAGlyGCC,-2.7729966582437887e-12,-2.740080240006481e-12,2.257101683432964e-06,2.257098910436306e-06,0.26907914707382335
R3_METRS_LOW,183,252.3539170434766,GlyRS_Gly_tRNAGlyGCC,-3.3564915598986e-13,-3.3167234335800184e-13,2.730039919397219e-07,2.730036562905659e-07,0.032399853671165664
R3_METRS_LOW,183,252.3539170434766,GlyRS_tRNAGlyGCC,-3.11871460963739e-14,-3.086503760177558e-14,2.43059337193808e-08,2.4305902532234702e-08,0.015802479111102753
R3_METRS_LOW,184,273.6439997074672,GlyRS_AMP_GlytRNAGlyGCC,-4.939780799440322e-13,-4.898922764442021e-13,7.845956915455004e-06,7.845956421476924e-06,0.0012863532259807505
R3_METRS_LOW,184,273.6439997074672,GlyRS_ATP,-6.172152876684003e-12,-6.3064932527411525e-12,8.030657062684628e-05,8.030656445469341e-05,0.20486991818501493
R3_METRS_LOW,184,273.6439997074672,GlyRS_ATP_tRNAGlyGCC,-9.692067508108182e-14,-9.613451691064196e-14,1.0340160115574355e-07,1.0340150423506847e-07,0.07469084085177953
R3_METRS_LOW,184,273.6439997074672,GlyRS_Gly,8.526206542007475e-13,8.629416980681992e-13,0.00015226380857549104,0.0001522638094281117,0.012912911384911671
R3_METRS_LOW,184,273.6439997074672,GlyRS_GlyAMP_PPi,4.72632526106638e-13,4.802761083289046e-13,3.466115795649343e-05,3.466115842912596e-05,0.001804625485851243
R3_METRS_LOW,184,273.6439997074672,GlyRS_Gly_ATP,8.852938781361841e-12,8.97610091004186e-12,0.0012515569455999803,0.001251556954452919,0.0733527650100738
R3_METRS_LOW,184,273.6439997074672,GlyRS_Gly_ATP_tRNAGlyGCC,-1.9196717660276174e-12,-1.901324446522099e-12,2.2618522174313423e-06,2.2618502977595763e-06,0.26907914707382335
R3_METRS_LOW,184,273.6439997074672,GlyRS_Gly_tRNAGlyGCC,-2.3257416990699007e-13,-2.3035606377312385e-13,2.736408560220029e-07,2.73640623447833e-07,0.032399853671165664
R3_METRS_LOW,184,273.6439997074672,GlyRS_tRNAGlyGCC,-2.268609769021441e-14,-2.2499158695851884e-14,2.4426642491672476e-08,2.4426619805574786e-08,0.015802479111102753
R3_METRS_LOW,185,296.73024081888667,GlyRS_AMP_GlytRNAGlyGCC,-3.613028082825095e-13,-3.585620771051727e-13,7.859197167336071e-06,7.859196806033263e-06,0.0012863532259807505
R3_METRS_LOW,185,296.73024081888667,GlyRS_ATP,-1.3062890667162735e-11,-1.2844562170515832e-11,8.050377268135931e-05,8.050375961846864e-05,0.20486991818501493
R3_METRS_LOW,185,296.73024081888667,GlyRS_ATP_tRNAGlyGCC,-6.909695800742179e-14,-6.874833631098858e-14,1.03849375225297e-07,1.03849306128339e-07,0.07469084085177953
R3_METRS_LOW,185,296.73024081888667,GlyRS_Gly,1.4251887972722976e-12,1.4029897619945195e-12,0.00015226251434594397,0.00015226251577113277,0.012912911384911671
R3_METRS_LOW,185,296.73024081888667,GlyRS_GlyAMP_PPi,8.897494625293746e-13,8.751525478737338e-13,3.465268614001401e-05,3.465268702976347e-05,0.001804625485851243
R3_METRS_LOW,185,296.73024081888667,GlyRS_Gly_ATP,1.550648346705652e-11,1.526111774284158e-11,0.0012512513282373276,0.001251251343743811,0.0733527650100738
R3_METRS_LOW,185,296.73024081888667,GlyRS_Gly_ATP_tRNAGlyGCC,-1.2562921724776615e-12,-1.249234958262765e-12,2.265223956111956e-06,2.2652226998197837e-06,0.26907914707382335
R3_METRS_LOW,185,296.73024081888667,GlyRS_Gly_tRNAGlyGCC,-1.524203633625249e-13,-1.5156563016949445e-13,2.741136516800858e-07,2.7411349925972243e-07,0.032399853671165664
R3_METRS_LOW,185,296.73024081888667,GlyRS_tRNAGlyGCC,-1.6063402694294648e-14,-1.5981609064942926e-14,2.4538772629159783e-08,2.453875656575709e-08,0.015802479111102753
R3_METRS_LOW,186,321.76417502507354,GlyRS_AMP_GlytRNAGlyGCC,-2.594323410612387e-13,-2.5772635426514394e-13,7.869608717793694e-06,7.869608458361353e-06,0.0012863532259807505
R3_METRS_LOW,186,321.76417502507354,GlyRS_ATP,-1.842332316977051e-11,-1.7934068616850072e-11,8.070651787048709e-05,8.070649944716392e-05,0.20486991818501493
R3_METRS_LOW,186,321.76417502507354,GlyRS_ATP_tRNAGlyGCC,-4.765177131080185e-14,-4.763966361899542e-14,1.042691660146773e-07,1.04269118362906e-07,0.07469084085177953
R3_METRS_LOW,186,321.76417502507354,GlyRS_Gly,1.8731438383885746e-12,1.825884970113881e-12,0.00015223606945706934,0.00015223607133021318,0.012912911384911671
R3_METRS_LOW,186,321.76417502507354,GlyRS_GlyAMP_PPi,1.2130795364528532e-12,1.1814478393692118e-12,3.4638126617679255e-05,3.463812783075879e-05,0.001804625485851243
R3_METRS_LOW,186,321.76417502507354,GlyRS_Gly_ATP,2.0689457959355284e-11,2.0160898452626038e-11,0.0012507258322993272,0.0012507258529887851,0.0733527650100738
R3_METRS_LOW,186,321.76417502507354,GlyRS_Gly_ATP_tRNAGlyGCC,-7.459262881815679e-13,-7.475155597359051e-13,2.2673872764002863e-06,2.267386530473998e-06,0.26907914707382335
R3_METRS_LOW,186,321.76417502507354,GlyRS_Gly_tRNAGlyGCC,-9.073541910699433e-14,-9.092526049988314e-14,2.7444333932540433e-07,2.744432485899852e-07,0.032399853671165664
R3_METRS_LOW,186,321.76417502507354,GlyRS_tRNAGlyGCC,-1.0956784567826027e-14,-1.09558974362767e-14,2.4644655374268482e-08,2.4644644417483914e-08,0.015802479111102753
R3_METRS_LOW,187,348.9101213406774,GlyRS_AMP_GlytRNAGlyGCC,-1.8213227014887354e-13,-1.8121257798687638e-13,7.877631709799832e-06,7.877631527667562e-06,0.0012863532259807505
R3_METRS_LOW,187,348.9101213406774,GlyRS_ATP,-2.2565653027260303e-11,-2.1870589843658786e-11,8.091739565440634e-05,8.091737308875332e-05,0.20486991818501493
R3_METRS_LOW,187,348.9101213406774,GlyRS_ATP_tRNAGlyGCC,-3.13135920118468e-14,-3.155737433799111e-14,1.046700829586256e-07,1.0467005164503359e-07,0.07469084085177953
R3_METRS_LOW,187,348.9101213406774,GlyRS_Gly,2.221928451775698e-12,2.155561621995499e-12,0.00015218641012035606,0.0001521864123422845,0.012912911384911671
R3_METRS_LOW,187,348.9101213406774,GlyRS_GlyAMP_PPi,1.461795738437726e-12,1.4172763180228368e-12,3.46178594536476e-05,3.4617860915443336e-05,0.001804625485851243
R3_METRS_LOW,187,348.9101213406774,GlyRS_Gly_ATP,2.4702323086350786e-11,2.395859974120526e-11,0.001249994190758175,0.0012499942154604981,0.0733527650100738
R3_METRS_LOW,187,348.9101213406774,GlyRS_Gly_ATP_tRNAGlyGCC,-3.5782495664613673e-13,-3.659525114008786e-13,2.2684942713575026e-06,2.268493913532546e-06,0.26907914707382335
R3_METRS_LOW,187,348.9101213406774,GlyRS_Gly_tRNAGlyGCC,-4.3811346493437964e-14,-4.4791479110341815e-14,2.746487514316909e-07,2.746487076203444e-07,0.032399853671165664
R3_METRS_LOW,187,348.9101213406774,GlyRS_tRNAGlyGCC,-7.064315471996769e-15,-7.124985118577303e-15,2.4746493380808193e-08,2.474648631649272e-08,0.015802479111102753
R3_METRS_LOW,188,378.3462617131925,GlyRS_AMP_GlytRNAGlyGCC,-1.242815614012566e-13,-1.239524288255215e-13,7.8836608285566e-06,7.883660704275039e-06,0.0012863532259807505
R3_METRS_LOW,188,378.3462617131925,GlyRS_ATP,-2.5747231142915147e-11,-2.4897834622580635e-11,8.113898377196093e-05,8.113895802472979e-05,0.20486991818501493
R3_METRS_LOW,188,378.3462617131925,GlyRS_ATP_tRNAGlyGCC,-1.9032316969898533e-14,-1.9467671067178162e-14,1.0506069471168233e-07,1.0506067567936536e-07,0.07469084085177953
R3_METRS_LOW,188,378.3462617131925,GlyRS_Gly,2.4925530660736134e-12,2.411785222935984e-12,0.00015211514673455198,0.00015211514922710504,0.012912911384911671
R3_METRS_LOW,188,378.3462617131925,GlyRS_GlyAMP_PPi,1.6516780686746425e-12,1.5975482453026774e-12,3.459218232905415e-05,3.4592183980732216e-05,0.001804625485851243
R3_METRS_LOW,188,378.3462617131925,GlyRS_Gly_ATP,2.7792780446858623e-11,2.6887677892913357e-11,0.0012490671609271015,0.001249067188719882,0.0733527650100738
R3_METRS_LOW,188,378.3462617131925,GlyRS_Gly_ATP_tRNAGlyGCC,-6.661240103687295e-14,-7.959976301986979e-14,2.2686791550055577e-06,2.2686790883931566e-06,0.26907914707382335
R3_METRS_LOW,188,378.3462617131925,GlyRS_Gly_tRNAGlyGCC,-8.587297946295244e-15,-1.0155227278814096e-14,2.747466334537881e-07,2.7474662486649017e-07,0.032399853671165664
R3_METRS_LOW,188,378.3462617131925,GlyRS_tRNAGlyGCC,-4.1365627029077025e-15,-4.243350579745328e-15,2.4846370675133287e-08,2.4846366538570584e-08,0.015802479111102753
R3_METRS_LOW,189,410.26581058271904,GlyRS_AMP_GlytRNAGlyGCC,-8.16915996247657e-14,-8.179766032496532e-14,7.888047780448505e-06,7.888047698756906e-06,0.0012863532259807505
R3_METRS_LOW,189,410.26581058271904,GlyRS_ATP,-2.8179506620404186e-11,-2.7216098626506558e-11,8.137387151702036e-05,8.137384333751374e-05,0.20486991818501493
R3_METRS_LOW,189,410.26581058271904,GlyRS_ATP_tRNAGlyGCC,-9.944316527073803e-15,-1.0521243923800024e-14,1.0544908269569356e-07,1.0544907275137703e-07,0.07469084085177953
R3_METRS_LOW,189,410.26581058271904,GlyRS_Gly,2.7023221442663836e-12,2.6108389655691434e-12,0.00015202356323082425,0.0001520235659331464,0.012912911384911671
R3_METRS_LOW,189,410.26581058271904,GlyRS_GlyAMP_PPi,1.7956672254812109e-12,1.7344935290519382e-12,3.456131150499449e-05,3.456131330066172e-05,0.001804625485851243
R3_METRS_LOW,189,410.26581058271904,GlyRS_Gly_ATP,3.016441805538117e-11,2.9140049113460815e-11,0.0012479525592683015,0.0012479525894327195,0.0733527650100738
R3_METRS_LOW,189,410.26581058271904,GlyRS_Gly_ATP_tRNAGlyGCC,1.4855944462270686e-13,1.3201773617690505e-13,2.268058818116363e-06,2.2680589666758077e-06,0.26907914707382335
R3_METRS_LOW,189,410.26581058271904,GlyRS_Gly_tRNAGlyGCC,1.7452142331384358e-14,1.5453932993494493e-14,2.747517010329571e-07,2.7475171848509946e-07,0.032399853671165664
R3_METRS_LOW,189,410.26581058271904,GlyRS_tRNAGlyGCC,-1.9683180335734184e-15,-2.1092188690012715e-15,2.494626488283834e-08,2.4946262914520305e-08,0.015802479111102753
R3_METRS_LOW,190,444.87828311275854,GlyRS_AMP_GlytRNAGlyGCC,-5.094248760079568e-14,-5.1365094914012987e-14,7.89110336268304e-06,7.891103311740552e-06,0.0012863532259807505
R3_METRS_LOW,190,444.87828311275854,GlyRS_ATP,-3.0036132394749455e-11,-2.8989942392708662e-11,8.162468379236856e-05,8.162465375623616e-05,0.20486991818501493
R3_METRS_LOW,190,444.87828311275854,GlyRS_ATP_tRNAGlyGCC,-3.3417314829852884e-15,-4.020769851937947e-15,1.0584289319822314e-07,1.0584288985649166e-07,0.07469084085177953
R3_METRS_LOW,190,444.87828311275854,GlyRS_Gly,2.8654900717864362e-12,2.7661421422227386e-12,0.00015191261211975493,0.000151912614985245,0.012912911384911671
R3_METRS_LOW,190,444.87828311275854,GlyRS_GlyAMP_PPi,1.9043653576278873e-12,1.8381351117771444e-12,3.45253819329333e-05,3.4525383837298655e-05,0.001804625485851243
R3_METRS_LOW,190,444.87828311275854,GlyRS_Gly_ATP,3.198449578106777e-11,3.0873450196423226e-11,0.001246655265411718,0.0012466552973962137,0.0733527650100738
R3_METRS_LOW,190,444.87828311275854,GlyRS_Gly_ATP_tRNAGlyGCC,3.0475631893894383e-13,2.8568692682742985e-13,2.2667332752289627e-06,2.2667335799852816e-06,0.26907914707382335
R3_METRS_LOW,190,444.87828311275854,GlyRS_Gly_tRNAGlyGCC,3.6366643900462514e-14,3.406205708956551e-14,2.7467668312695304e-07,2.7467671949359694e-07,0.032399853671165664
R3_METRS_LOW,190,444.87828311275854,GlyRS_tRNAGlyGCC,-3.913243677356523e-16,-5.568631584582078e-16,2.5048059103895506e-08,2.5048058712571138e-08,0.015802479111102753
R3_METRS_LOW,191,482.41087041653736,GlyRS_AMP_GlytRNAGlyGCC,-2.9245393067434296e-14,-2.989271155248467e-14,7.893098813588617e-06,7.893098784343224e-06,0.0012863532259807505
R3_METRS_LOW,191,482.41087041653736,GlyRS_ATP,-3.1459786097270785e-11,-3.0354636681905923e-11,8.189410512344037e-05,8.189407366365428e-05,0.20486991818501493
R3_METRS_LOW,191,482.41087041653736,GlyRS_ATP_tRNAGlyGCC,1.3557466284593584e-15,6.044143299613501e-16,1.0624938218932028e-07,1.062493835450669e-07,0.07469084085177953
R3_METRS_LOW,191,482.41087041653736,GlyRS_Gly,2.993812988315303e-12,2.8887736453606478e-12,0.0001517829038894971,0.00015178290688331008,0.012912911384911671
R3_METRS_LOW,191,482.41087041653736,GlyRS_GlyAMP_PPi,1.986456721228373e-12,1.9166873363891805e-12,3.4484446057714423e-05,3.4484448044171145e-05,0.001804625485851243
R3_METRS_LOW,191,482.41087041653736,GlyRS_Gly_ATP,3.339051170975216e-11,3.221765065858592e-11,0.0012451771789540951,0.0012451772123446068,0.0733527650100738
R3_METRS_LOW,191,482.41087041653736,GlyRS_Gly_ATP_tRNAGlyGCC,4.159403072855961e-13,3.9512001470664014e-13,2.264785870826697e-06,2.2647862867670043e-06,0.26907914707382335
R3_METRS_LOW,191,482.41087041653736,GlyRS_Gly_tRNAGlyGCC,4.984185701253994e-14,4.732464585751322e-14,2.7453233624728535e-07,2.7453238608914237e-07,0.032399853671165664
R3_METRS_LOW,191,482.41087041653736,GlyRS_tRNAGlyGCC,7.324123264091178e-16,5.493964747622829e-16,2.5153552174136214e-08,2.515355290654854e-08,0.015802479111102753
R3_METRS_LOW,192,523.1099308056258,GlyRS_AMP_GlytRNAGlyGCC,-1.43344385162723e-14,-1.51378055550193e-14,7.894266539266038e-06,7.8942665249316e-06,0.0012863532259807505
R3_METRS_LOW,192,523.1099308056258,GlyRS_ATP,-3.256753434912208e-11,-3.142124406480754e-11,8.218490410692924e-05,8.218487153939489e-05,0.20486991818501493
R3_METRS_LOW,192,523.1099308056258,GlyRS_ATP_tRNAGlyGCC,4.6215495354222895e-15,3.8203403069071415e-15,1.0667545415640174e-07,1.0667545877795127e-07,0.07469084085177953
R3_METRS_LOW,192,523.1099308056258,GlyRS_Gly,3.0969859380995668e-12,2.9878802549834798e-12,0.00015163469173002004,0.00015163469482700598,0.012912911384911671
R3_METRS_LOW,192,523.1099308056258,GlyRS_GlyAMP_PPi,2.049039398170551e-12,1.976868781856988e-12,3.443847139109415e-05,3.443847344013355e-05,0.001804625485851243
R3_METRS_LOW,192,523.1099308056258,GlyRS_Gly_ATP,3.4495372920953504e-11,3.327931262809841e-11,0.001243517131853317,0.00124351716634869,0.0733527650100738
R3_METRS_LOW,192,523.1099308056258,GlyRS_Gly_ATP_tRNAGlyGCC,4.934723169947432e-13,4.714851910265229e-13,2.262283268127381e-06,2.262283761599698e-06,0.26907914707382335
R3_METRS_LOW,192,523.1099308056258,GlyRS_Gly_tRNAGlyGCC,5.924990203851646e-14,5.659056192791903e-14,2.7432743374287685e-07,2.743274929927789e-07,0.032399853671165664
R3_METRS_LOW,192,523.1099308056258,GlyRS_tRNAGlyGCC,1.5155238892854805e-15,1.320414345752875e-15,2.5264467736035573e-08,2.5264469251559462e-08,0.015802479111102753
R3_METRS_LOW,193,567.2426068491977,GlyRS_AMP_GlytRNAGlyGCC,-4.385277609249803e-15,-5.2952330234401594e-15,7.89480064932033e-06,7.894800644935053e-06,0.0012863532259807505
R3_METRS_LOW,193,567.2426068491977,GlyRS_ATP,-3.345486050459947e-11,-3.2280436920201903e-11,8.24999599089361e-05,8.249992645407559e-05,0.20486991818501493
R3_METRS_LOW,193,567.2426068491977,GlyRS_ATP_tRNAGlyGCC,6.83858986371504e-15,6.004132170509891e-15,1.0712770236273612e-07,1.0712770920132599e-07,0.07469084085177953
R3_METRS_LOW,193,567.2426068491977,GlyRS_Gly,3.1829792436748744e-12,3.0709843819368138e-12,0.00015146785435592866,0.0001514678575389079,0.012912911384911671
R3_METRS_LOW,193,567.2426068491977,GlyRS_GlyAMP_PPi,2.0978774002266415e-12,2.02413818437144e-12,3.43873373691798e-05,3.43873394670572e-05,0.001804625485851243
R3_METRS_LOW,193,567.2426068491977,GlyRS_Gly_ATP,3.539136605307247e-11,3.4145654163696954e-11,0.0012416707749642467,0.0012416708103556127,0.0733527650100738
R3_METRS_LOW,193,567.2426068491977,GlyRS_Gly_ATP_tRNAGlyGCC,5.465101294789196e-13,5.237893435217224e-13,2.259275371827781e-06,2.2592759183379105e-06,0.26907914707382335
R3_METRS_LOW,193,567.2426068491977,GlyRS_Gly_tRNAGlyGCC,6.569728538126336e-14,6.294809666602869e-14,2.7406874933203377e-07,2.7406881502931915e-07,0.032399853671165664
R3_METRS_LOW,193,567.2426068491977,GlyRS_tRNAGlyGCC,2.049156221007576e-15,1.8459449033118555e-15,2.5382463972466907e-08,2.5382466021623128e-08,0.015802479111102753
R3_METRS_LOW,194,615.0985788580505,GlyRS_AMP_GlytRNAGlyGCC,2.0465705139697393e-15,1.0645994256719571e-15,7.894857889086192e-06,7.894857891132762e-06,0.0012863532259807505
R3_METRS_LOW,194,615.0985788580505,GlyRS_ATP,-3.419874141361891e-11,-3.300539667999185e-11,8.284229305964813e-05,8.284225886090671e-05,0.20486991818501493
R3_METRS_LOW,194,615.0985788580505,GlyRS_ATP_tRNAGlyGCC,8.311637108721081e-15,7.455889282430797e-15,1.0761246105249934e-07,1.0761246936413645e-07,0.07469084085177953
R3_METRS_LOW,194,615.0985788580505,GlyRS_Gly,3.2582677875203636e-12,3.144217166286371e-12,0.00015128188033005456,0.00015128188358832235,0.012912911384911671
R3_METRS_LOW,194,615.0985788580505,GlyRS_GlyAMP_PPi,2.1375860134145892e-12,2.0628738680327198e-12,3.433083219418501e-05,3.433083433177102e-05,0.001804625485851243
R3_METRS_LOW,194,615.0985788580505,GlyRS_Gly_ATP,3.615295129238971e-11,3.488722888938831e-11,0.0012396304640190003,0.0012396305001719516,0.0733527650100738
R3_METRS_LOW,194,615.0985788580505,GlyRS_Gly_ATP_tRNAGlyGCC,5.823126565833513e-13,5.591708397506116e-13,2.2557953939926402e-06,2.255795976305297e-06,0.26907914707382335
R3_METRS_LOW,194,615.0985788580505,GlyRS_Gly_tRNAGlyGCC,7.006151051600475e-14,6.726019389204785e-14,2.737610607632291e-07,2.7376113082473963e-07,0.032399853671165664
R3_METRS_LOW,194,615.0985788580505,GlyRS_tRNAGlyGCC,2.4059009318927145e-15,2.197456751966518e-15,2.5509146573499294e-08,2.5509148979400226e-08,0.015802479111102753
R3_METRS_LOW,195,666.9919663030115,GlyRS_AMP_GlytRNAGlyGCC,6.0762941851482885e-15,5.046796490100065e-15,7.894559482051592e-06,7.894559488127886e-06,0.0012863532259807505
R3_METRS_LOW,195,666.9919663030115,GlyRS_ATP,-3.486014925888677e-11,-3.365419605588195e-11,8.321510275813461e-05,8.321506789798535e-05,0.20486991818501493
R3_METRS_LOW,195,666.9919663030115,GlyRS_ATP_tRNAGlyGCC,9.277533713007545e-15,8.408383463727549e-15,1.0813587937173733e-07,1.0813588864927104e-07,0.07469084085177953
R3_METRS_LOW,195,666.9919663030115,GlyRS_Gly,3.3280593721412427e-12,3.212509731326588e-12,0.00015107585652699397,0.00015107585985505334,0.012912911384911671
R3_METRS_LOW,195,666.9919663030115,GlyRS_GlyAMP_PPi,2.171794164049657e-12,2.09652126127849e-12,3.426865023976458e-05,3.426865241155874e-05,0.001804625485851243
R3_METRS_LOW,195,666.9919663030115,GlyRS_Gly_ATP,3.683939416541937e-11,3.556020815867617e-11,0.0012373851659785167,0.0012373852028179108,0.0733527650100738
R3_METRS_LOW,195,666.9919663030115,GlyRS_Gly_ATP_tRNAGlyGCC,6.064943041564992e-13,5.831417842737753e-13,2.2518602429749527e-06,2.251860849469257e-06,0.26907914707382335
R3_METRS_LOW,195,666.9919663030115,GlyRS_Gly_tRNAGlyGCC,7.302167440855918e-14,7.019358309092515e-14,2.734071955633138e-07,2.734072685849882e-07,0.032399853671165664
R3_METRS_LOW,195,666.9919663030115,GlyRS_tRNAGlyGCC,2.642214081438208e-15,2.4304280089507967e-15,2.5646087304455883e-08,2.5646089946669964e-08,0.015802479111102753
R3_METRS_LOW,196,723.2633896483534,GlyRS_AMP_GlytRNAGlyGCC,8.536379407704e-15,7.474226373177186e-15,7.893994132391053e-06,7.893994140927432e-06,0.0012863532259807505
R3_METRS_LOW,196,723.2633896483534,GlyRS_ATP,-3.548641990067797e-11,-3.4272032662073474e-11,8.362181229759543e-05,8.362177681117553e-05,0.20486991818501493
R3_METRS_LOW,196,723.2633896483534,GlyRS_ATP_tRNAGlyGCC,9.913898396032709e-15,9.036920605541288e-15,1.0870402272247657e-07,1.0870403263637497e-07,0.07469084085177953
R3_METRS_LOW,196,723.2633896483534,GlyRS_Gly,3.3964565101379796e-12,3.2797718892763822e-12,0.0001508484614973319,0.0001508484648937884,0.012912911384911671
R3_METRS_LOW,196,723.2633896483534,GlyRS_GlyAMP_PPi,2.2032828239280065e-12,2.1277300216838284e-12,3.420039022316741e-05,3.4200392426450233e-05,0.001804625485851243
R3_METRS_LOW,196,723.2633896483534,GlyRS_Gly_ATP,3.7496788009641624e-11,3.620850779485793e-11,0.001234920393098894,0.001234920430595682,0.0733527650100738
R3_METRS_LOW,196,723.2633896483534,GlyRS_Gly_ATP_tRNAGlyGCC,6.232457448350145e-13,5.99832773850839e-13,2.2474713143098578e-06,2.2474719375556026e-06,0.26907914707382335
R3_METRS_LOW,196,723.2633896483534,GlyRS_Gly_tRNAGlyGCC,7.508501633370323e-14,7.224824170602357e-14,2.7300812824481393e-07,2.7300820332983026e-07,0.032399853671165664
R3_METRS_LOW,196,723.2633896483534,GlyRS_tRNAGlyGCC,2.8004775124078517e-15,2.5866825079220406e-15,2.5794849563748746e-08,2.5794852364226258e-08,0.015802479111102753
R3_METRS_LOW,197,784.2822061337682,GlyRS_AMP_GlytRNAGlyGCC,1.0023337276279451e-14,8.937815222511077e-15,7.893222092088818e-06,7.893222102112156e-06,0.0012863532259807505
R3_METRS_LOW,197,784.2822061337682,GlyRS_ATP,-3.6113622116080817e-11,-3.489348305613712e-11,8.40661233632008e-05,8.406608724957869e-05,0.20486991818501493
R3_METRS_LOW,197,784.2822061337682,GlyRS_ATP_tRNAGlyGCC,1.034920611091612e-14,9.467904666985063e-15,1.0932300170498102e-07,1.0932301205418713e-07,0.07469084085177953
R3_METRS_LOW,197,784.2822061337682,GlyRS_Gly,3.4666756769906326e-12,3.3490767320981316e-12,0.00015059796218169904,0.00015059796564837472,0.012912911384911671
R3_METRS_LOW,197,784.2822061337682,GlyRS_GlyAMP_PPi,2.2341370425763354e-12,2.158492384276334e-12,3.412555386232623e-05,3.4125556096463273e-05,0.001804625485851243
R3_METRS_LOW,197,784.2822061337682,GlyRS_Gly_ATP,3.8160549806903754e-11,3.6865959830182346e-11,0.0012322181545316596,0.0012322181926922094,0.0733527650100738
R3_METRS_LOW,197,784.2822061337682,GlyRS_Gly_ATP_tRNAGlyGCC,6.355829262484733e-13,6.122085776034004e-13,2.242615631424285e-06,2.2426162670072114e-06,0.26907914707382335
R3_METRS_LOW,197,784.2822061337682,GlyRS_Gly_tRNAGlyGCC,7.661691327059747e-14,7.3783352954197e-14,2.7256312217026214e-07,2.725631987871754e-07,0.032399853671165664
R3_METRS_LOW,197,784.2822061337682,GlyRS_tRNAGlyGCC,2.9113887973059954e-15,2.6964193858047303e-15,2.5957020989450342e-08,2.595702390083914e-08,0.015802479111102753
R3_METRS_LOW,198,850.4489341802686,GlyRS_AMP_GlytRNAGlyGCC,1.0944990438055066e-14,9.84078671978608e-15,7.892279893714236e-06,7.892279904659226e-06,0.0012863532259807505
R3_METRS_LOW,198,850.4489341802686,GlyRS_ATP,-3.676902358973333e-11,-3.5544842384170495e-11,8.455207921672046e-05,8.455204244769687e-05,0.20486991818501493
R3_METRS_LOW,198,850.4489341802686,GlyRS_ATP_tRNAGlyGCC,1.0672061533198705e-14,9.788829587420131e-15,1.0999912384944072e-07,1.0999913452150225e-07,0.07469084085177953
R3_METRS_LOW,198,850.4489341802686,GlyRS_Gly,3.5412366669682754e-12,3.422852626243244e-12,0.0001503222104318241,0.00015032221397306077,0.012912911384911671
R3_METRS_LOW,198,850.4489341802686,GlyRS_GlyAMP_PPi,2.265891731786495e-12,2.1902845417868187e-12,3.404354430641347e-05,3.40435465723052e-05,0.001804625485851243
R3_METRS_LOW,198,850.4489341802686,GlyRS_Gly_ATP,3.8857673155534567e-11,3.755855235861182e-11,0.0012292568997588846,0.0012292569386165577,0.0733527650100738
R3_METRS_LOW,198,850.4489341802686,GlyRS_Gly_ATP_tRNAGlyGCC,6.455775584252033e-13,6.223130084216177e-13,2.2372671698035386e-06,2.237267815381097e-06,0.26907914707382335
R3_METRS_LOW,198,850.4489341802686,GlyRS_Gly_tRNAGlyGCC,7.786866035999488e-14,7.504683469057914e-14,2.720698952505068e-07,2.7206997311916714e-07,0.032399853671165664
R3_METRS_LOW,198,850.4489341802686,GlyRS_tRNAGlyGCC,2.99616307405415e-15,2.780585375690125e-15,2.6134251999578593e-08,2.6134254995741667e-08,0.015802479111102753
R3_METRS_LOW,199,922.1978823334322,GlyRS_AMP_GlytRNAGlyGCC,1.1566341620908825e-14,1.0445570092865318e-14,7.891185184171872e-06,7.891185195738213e-06,0.0012863532259807505
R3_METRS_LOW,199,922.1978823334322,GlyRS_ATP,-3.747351710078721e-11,-3.6246436629331297e-11,8.508413646812254e-05,8.508409899460544e-05,0.20486991818501493
R3_METRS_LOW,199,922.1978823334322,GlyRS_ATP_tRNAGlyGCC,1.0940947245395356e-14,1.0057366288114216e-14,1.1073906066910173e-07,1.1073907161004897e-07,0.07469084085177953
R3_METRS_LOW,199,922.1978823334322,GlyRS_Gly,3.622174500443609e-12,3.503077260944775e-12,0.00015001863468760575,0.00015001863830978025,0.012912911384911671
R3_METRS_LOW,199,922.1978823334322,GlyRS_GlyAMP_PPi,2.2996800115777406e-12,2.224205312304892e-12,3.3953663379287176e-05,3.395366567896719e-05,0.001804625485851243
R3_METRS_LOW,199,922.1978823334322,GlyRS_Gly_ATP,3.960914951063599e-11,3.83066613273325e-11,0.0012260114191658753,0.0012260114587750249,0.0733527650100738
R3_METRS_LOW,199,922.1978823334322,GlyRS_Gly_ATP_tRNAGlyGCC,6.545936075087397e-13,6.314907232497556e-13,2.231388136303541e-06,2.2313887908971486e-06,0.26907914707382335
R3_METRS_LOW,199,922.1978823334322,GlyRS_Gly_tRNAGlyGCC,7.900601744981062e-14,7.620210572918268e-14,2.715247810950865e-07,2.7152486010110396e-07,0.032399853671165664
R3_METRS_LOW,199,922.1978823334322,GlyRS_tRNAGlyGCC,3.0688506472486836e-15,2.853034860523621e-15,2.632829853297791e-08,2.6328301601828558e-08,0.015802479111102753
R3_METRS_LOW,200,1000.0,GlyRS_AMP_GlytRNAGlyGCC,1.2050998626734685e-14,1.0914675714541775e-14,7.889941095196696e-06,7.889941107247694e-06,0.0012863532259807505
R3_METRS_LOW,200,1000.0,GlyRS_ATP,-3.824388619374022e-11,-3.701478141260171e-11,8.566724535584621e-05,8.566720711196002e-05,0.20486991818501493
R3_METRS_LOW,200,1000.0,GlyRS_ATP_tRNAGlyGCC,1.1192879844615619e-14,1.0309943223331104e-14,1.1155002277792757e-07,1.1155003397080741e-07,0.07469084085177953
R3_METRS_LOW,200,1000.0,GlyRS_Gly,3.711226502977824e-12,3.5914619077296094e-12,0.00014968422208013285,0.00014968422579135935,0.012912911384911671
R3_METRS_LOW,200,1000.0,GlyRS_GlyAMP_PPi,2.3363652795738675e-12,2.261103684322205e-12,3.3855106641007406e-05,3.3855108977372686e-05,0.001804625485851243
R3_METRS_LOW,200,1000.0,GlyRS_Gly_ATP,4.0432094087702874e-11,3.912713817363831e-11,0.0012224526658179055,0.0012224527062499996,0.0733527650100738
R3_METRS_LOW,200,1000.0,GlyRS_Gly_ATP_tRNAGlyGCC,6.634955498193362e-13,6.405932268189987e-13,2.2249299759299313e-06,2.224930639425481e-06,0.26907914707382335
R3_METRS_LOW,200,1000.0,GlyRS_Gly_tRNAGlyGCC,8.013437216758382e-14,7.735297843584781e-14,2.709228573893213e-07,2.709229375236935e-07,0.032399853671165664
R3_METRS_LOW,200,1000.0,GlyRS_tRNAGlyGCC,3.1383978788784964e-15,2.9225725273318042e-15,2.6541067338697358e-08,2.6541070477095237e-08,0.015802479111102753
