time,NORM_ERROR_Pept0003,NORM_ERROR_ATP,NORM_ERROR_ADP,NORM_ERROR_AMP,NORM_ERROR_GTP,NORM_ERROR_GDP,NORM_ERROR_PO4,NORM_ERROR_PPi,NORM_ERROR_CP,NORM_ERROR_RS30S,NORM_ERROR_RS50S,NORM_ERROR_RF1,NORM_ERROR_RF2,NORM_ERROR_RF3,NORM_ERROR_RF3_GDP,NORM_ERROR_RF3_GTP,NORM_ERROR_EFTu,NORM_ERROR_EFTu_GDP,NORM_ERROR_EFG,NORM_ERROR_EFG_GDP,NORM_ERROR_RRF,NORM_ERROR_tRNAGlyGCC,NORM_ERROR_GlytRNAGlyGCC,NORM_ERROR_tRNAfMetCAU,NORM_ERROR_MettRNAfMetCAU,NORM_ERROR_fMettRNAfMetCAU,NORM_ERROR_EFTu_GTP,NORM_ERROR_EFG_GTP,NORM_ERROR_RS70S,NORM_ERROR_BOUND_RF1,NORM_ERROR_BOUND_RF2,NORM_ERROR_BOUND_RF3,NORM_ERROR_BOUND_EFTu,NORM_ERROR_BOUND_EFG,NORM_ERROR_BOUND_RRF,NORM_ERROR_BOUND_tRNAGlyGCC,NORM_ERROR_BOUND_tRNAfMetCAU,NORM_ERROR_OCCUPIED_30S,NORM_ERROR_OCCUPIED_50S,NORM_CUM_ERROR_NET_Pept0003,NORM_CUM_ERROR_NET_ATP,NORM_CUM_ERROR_NET_ADP,NORM_CUM_ERROR_NET_AMP,NORM_CUM_ERROR_NET_GTP,NORM_CUM_ERROR_NET_GDP,NORM_CUM_ERROR_NET_PO4,NORM_CUM_ERROR_NET_PPi,NORM_CUM_ERROR_NET_CP,NORM_CUM_ERROR_CONSUMED_ATP,NORM_CUM_ERROR_CONSUMED_GTP,NORM_CUM_ERROR_RELEASED_GDP,NORM_CUM_ERROR_RELEASED_PO4,NORM_CUM_ERROR_RELEASED_PPi,NORM_CUM_ERROR_RELEASED_EFG_GDP,NORM_CUM_ERROR_RELEASED_RRF,NORM_CUM_ERROR_RELEASED_tRNAGlyGCC,NORM_CUM_ERROR_RELEASED_RS50S,NORM_CUM_ERROR_RESIDUE_re0000000018,NORM_CUM_ERROR_RESIDUE_re0000000079,NORM_CURRENT_ERROR_NET_Pept0003,NORM_CURRENT_ERROR_NET_ATP,NORM_CURRENT_ERROR_NET_ADP,NORM_CURRENT_ERROR_NET_AMP,NORM_CURRENT_ERROR_NET_GTP,NORM_CURRENT_ERROR_NET_GDP,NORM_CURRENT_ERROR_NET_PO4,NORM_CURRENT_ERROR_NET_PPi,NORM_CURRENT_ERROR_NET_CP,NORM_CURRENT_ERROR_CONSUMED_ATP,NORM_CURRENT_ERROR_CONSUMED_GTP,NORM_CURRENT_ERROR_RELEASED_GDP,NORM_CURRENT_ERROR_RELEASED_PO4,NORM_CURRENT_ERROR_RELEASED_PPi,NORM_CURRENT_ERROR_RELEASED_EFG_GDP,NORM_CURRENT_ERROR_RELEASED_RRF,NORM_CURRENT_ERROR_RELEASED_tRNAGlyGCC,NORM_CURRENT_ERROR_RELEASED_RS50S,NORM_CURRENT_ERROR_RESIDUE_re0000000018,NORM_CURRENT_ERROR_RESIDUE_re0000000079
0.0,0.0,0.0,0.0,0.0,0.0,0.0,0.0,0.0,0.0,0.0,0.0,0.0,0.0,0.0,0.0,0.0,0.0,0.0,0.0,0.0,0.0,0.0,0.0,0.0,0.0,0.0,0.0,0.0,0.0,0.0,0.0,0.0,0.0,0.0,0.0,0.0,0.0,0.0,0.0,0.0,0.0,0.0,0.0,0.0,0.0,0.0,0.0,0.0,0.0,0.0,0.0,0.0,0.0,0.0,0.0,0.0,0.0,0.0,0.0,0.0,0.0,0.0,0.0,0.0,0.0,0.0,0.0,0.0,0.0,0.0,0.0,0.0,0.0,0.0,0.0,0.0,0.0,0.0,0.0
1e-07,5.475944301138501e-122,7.275957614183426e-15,9.545779948057189e-35,3.2914869949864277e-37,-3.637978807091713e-16,1.168219010700092e-22,-1.300190057774641e-22,5.057398339841113e-22,7.955046991507212e-14,-3.2234952744320635e-20,0.0,5.415722071342227e-16,0.0,2.0431187605949062e-13,4.818676322157797e-18,-2.0431308072857117e-13,8.877900115700632e-16,2.1674560829347246e-20,2.0655312086049424e-16,-2.0008250866890105e-24,0.0,-1.2388559669385597e-16,3.7473009914873736e-28,1.2517764603900416e-16,2.242130300438193e-37,9.7795035967972e-19,-7.033394989123182e-16,-7.217256508191879e-16,1.3322676295501878e-15,-4.231032868236115e-18,2.0003943838316907e-25,-4.204834780477891e-21,-4.334912165869449e-20,3.8724996505127475e-17,2.5976876741608453e-26,-6.387851079526949e-17,-1.3217610330046215e-18,-1.1402915648754213e-15,-1.1402915648754213e-15,5.475944301138501e-122,7.432475005823373e-15,9.545779948057189e-35,3.2914869949864277e-37,4.80128437008176e-16,1.168219010700092e-22,1.8673127992002089e-22,5.057398339841062e-22,8.0060239919059e-14,-7.326189654932591e-15,-4.752975790722758e-16,1.16712206581027e-22,1.8673127888604512e-22,5.057401334093129e-22,-1.702405897310821e-24,4.2666662976925695e-33,3.898216175815566e-18,-1.378634354255046e-25,-9.626617678143795e-22,1.2048879671411871e-79,4.896327662949031e-114,-6.447235743204753e-10,1.2734183725920726e-27,1.150604958848379e-29,-1.1315569281578063e-11,-2.7599450502791e-19,-2.3533258675101366e-19,-3.7289277807311506e-17,-8.503223458925884e-09,6.36527935663859e-10,1.1187512427568436e-11,-2.389581588158052e-19,-2.3533258675101366e-19,-3.7285555562280434e-17,5.140578167483952e-18,1.558612608348367e-26,-6.104511169900962e-15,0.0,0.0,8.628291447695571e-72
1.2275703955658056e-07,2.0915210136000908e-118,2.1949138802786668e-14,5.427619740415568e-34,3.290758561110441e-36,1.8189894035458566e-16,1.649288746794727e-22,-3.144939189661751e-22,2.126578206865245e-21,2.599942187468211e-13,-3.993462561283507e-20,1.3786343542550462e-24,6.769652589177783e-16,0.0,3.4540271877227095e-13,0.0,-3.455966704942378e-13,1.2429060161980885e-15,4.334912165869449e-20,4.1310624172098847e-16,-1.5080631830125135e-23,0.0,0.0,5.29203101307791e-28,0.0,2.2417304342884865e-36,9.7795035967972e-19,-9.992622779153962e-16,-1.0266890293357502e-15,1.7763568394002505e-15,-4.231032868236115e-18,3.0251745187066215e-25,-5.923532275449182e-21,0.0,5.484566688453523e-17,3.663189387705233e-26,-8.517134772702599e-17,-2.2643752957037268e-18,-1.6075104210718412e-15,-1.6051974564372056e-15,2.0915210136000908e-118,2.216592465131839e-14,5.427619740415568e-34,3.29075856111044e-36,8.027356557249732e-16,1.649288746794727e-22,2.631503282404957e-22,2.126578206865245e-21,2.6375626127617123e-13,-2.186982817065086e-14,-7.949946256857743e-16,1.6441913496674455e-22,2.6315033444435035e-22,2.1265798671888867e-21,-1.3823000720173924e-23,2.7401440370533584e-32,5.494927558418552e-18,1.1029074834040368e-24,-1.3568409023829823e-21,1.4046266847533353e-77,9.776718835061829e-111,-1.9795261323451997e-09,5.5925619537820846e-27,8.502422068221501e-29,-1.9115395843982698e-11,-3.8875153096640246e-19,-3.3164443413724596e-19,-1.5525284240785475e-16,-2.8013810515403747e-08,1.955715318520864e-09,1.8952414393424988e-11,-3.364062500788023e-19,-3.3165310775462585e-19,-1.5523719079236576e-16,7.260463945074287e-18,2.197913627808315e-26,-8.607145401550478e-15,0.0,0.0,6.331101034861395e-70
1.5069290760695855e-07,-2.5079490520697236e-114,3.662231999138991e-14,5.784007632766291e-34,-7.122753518963748e-36,3.637978807091713e-16,1.8467183542425054e-22,-7.123056568305422e-23,3.780101527768491e-21,4.423782229423523e-13,-3.9186854339087133e-20,5.790264287871194e-24,6.769652589177783e-16,0.0,4.468647674116255e-13,0.0,-4.469448779054814e-13,1.2429060161980885e-15,6.502368248804174e-20,6.196593625814827e-16,-3.3426949010330747e-23,0.0,-1.2388559669385597e-16,5.920351318929785e-28,0.0,-4.853536969337035e-36,-7.14407079502945e-52,-1.125278174577221e-15,-1.1574740681423155e-15,2.0724163126336257e-15,-4.231032868236115e-18,3.5824465659016464e-25,-6.608254004729188e-21,0.0,6.169978085447144e-17,4.092352937230943e-26,-9.678562241707498e-17,-3.6205173960408385e-18,-1.7948605564773365e-15,-1.7925475918427005e-15,-2.5079490520697236e-114,3.6624721773866516e-14,5.784007632766291e-34,-7.122753518963748e-36,1.0300038599808659e-15,1.8467184059412938e-22,2.939992857570854e-22,3.780101527768656e-21,4.4747404300456615e-13,-3.614524975622165e-14,-1.0203587974544349e-15,1.8371818406591698e-22,2.939992878250369e-22,3.7801034900923696e-21,-3.1197533314207524e-23,3.804355743340363e-32,6.141498232474367e-18,3.58444932106312e-24,-1.5156595799931636e-21,-2.5065608235717533e-75,-6.005368889541643e-107,-3.297285487254461e-09,9.354663890167899e-27,9.448475160431526e-31,-2.461019903421402e-11,-4.339844456024977e-19,-3.7051958723388623e-19,-2.776476225490526e-16,-4.752700527509054e-08,3.2582320272922515e-09,2.4423934519290923e-11,-3.7539416020138107e-19,-3.7051958723388623e-19,-2.7761980100192297e-16,8.132448122219703e-18,2.455411756560776e-26,-9.62194265259351e-15,2.3129646346357427e-18,3.7007434154171887e-19,-5.817110169465381e-68
1.8498615220003515e-07,-1.2493770781738785e-113,6.378589508434137e-14,2.1506646091713025e-34,-4.344945417284909e-35,7.275957614183426e-16,1.9180523423175471e-22,-4.46682940539841e-22,6.956698281167972e-21,7.93564443786939e-13,-2.8725776858999845e-20,1.764651973446459e-23,5.415722071342227e-16,0.0,5.970532710206398e-13,0.0,-5.969882188902907e-13,1.4204640185121011e-15,6.502368248804174e-20,6.196593625814827e-16,-7.422636262909847e-23,0.0,0.0,6.132214998249416e-28,0.0,-2.9604772950589163e-35,9.7795035967972e-19,-1.1828241335791379e-15,-1.2194500900020683e-15,2.0724163126336257e-15,-4.231032868236115e-18,4.140295053558676e-25,-6.819644605714962e-21,0.0,6.480002762832872e-17,4.225899172912789e-26,-9.872133486541648e-17,-2.7595581682563975e-18,-1.8549976369778656e-15,-1.8573106016125016e-15,-1.2493770781738785e-113,6.381462395547525e-14,2.1506646091713025e-34,-4.344945417284911e-35,1.3602730053463574e-15,1.9180523423175471e-22,3.0379439047556573e-22,6.956698281168465e-21,7.966786637799335e-13,-6.299345489679808e-14,-1.348071654305727e-15,1.8995908084187058e-22,3.03794375999905e-22,6.956699729578798e-21,-7.013695998139972e-23,4.3986032234323365e-32,6.352193210438576e-18,8.823259867232295e-24,-1.5655992308416985e-21,-1.2265948450930977e-74,-2.988556888362443e-106,-5.783761541048686e-09,1.5933327867494252e-26,-3.3356363647817714e-28,-3.280583769083023e-11,-4.479056014972116e-19,-3.826973460352434e-19,-5.150922851592622e-16,-8.461698889732361e-08,5.716085433959961e-09,3.2538082450628284e-11,-3.8701680749042565e-19,-3.827146932700032e-19,-5.150410838594562e-16,8.453063712380426e-18,2.535539484488374e-26,-9.95875661860493e-15,2.3129646346357427e-18,1.4802973661668755e-18,-2.818933604593407e-67
2.270835240303935e-07,-6.566507424191483e-113,9.276845958083867e-14,5.8013480413037365e-34,-8.673206292671764e-35,9.094947017729283e-16,1.7746029906813308e-22,5.34964920516099e-22,1.0394785182897352e-20,1.1680337289969126e-12,-1.0867498887721678e-20,3.032995579361101e-23,5.415722071342227e-16,0.0,7.28738057552568e-13,0.0,-7.28735648214407e-13,1.2429060161980885e-15,4.334912165869449e-20,6.196593625814827e-16,-1.2331185543555625e-22,0.0,-1.2388559669385597e-16,5.647310495610226e-28,1.2517764603900416e-16,-5.909923057995793e-35,9.7795035967972e-19,-1.1132054441952745e-15,-1.1511201391314703e-15,1.924386576016938e-15,-1.2693098604708344e-17,4.376360581665996e-25,-6.25899996831791e-21,0.0,6.096726702330583e-17,3.8745365968302637e-26,-9.097848507205048e-17,-2.445830928847425e-18,-1.7069679003611782e-15,-1.709280864995814e-15,-6.566507424191483e-113,9.278812903209162e-14,5.8013480413037365e-34,-8.673206292671764e-35,1.64451230411089e-15,1.7746029906813308e-22,2.789158065194488e-22,1.0394785182898666e-20,1.170822786870455e-12,-9.16047016019661e-14,-1.6303236538561804e-15,1.7461005181218614e-22,2.789157672283697e-22,1.0394788319468133e-20,-1.1719797391331348e-22,3.834269074991897e-32,5.8406593986251835e-18,1.433779728425248e-23,-1.4366031715827623e-21,-4.311454026835594e-74,-1.5445805663475962e-105,-8.437999834616978e-09,2.4383712513706652e-26,-5.414383149572673e-28,-3.9907172322273254e-11,-4.105223105899114e-19,-3.5128150388530346e-19,-7.743776155058788e-16,-1.2435590227444965e-07,8.339807391166688e-09,3.9604492485523224e-11,-3.54230533794464e-19,-3.512468094157839e-19,-7.743011098881096e-16,7.82945494172288e-18,2.324721934986999e-26,-9.167534155345343e-15,0.0,7.401486830834377e-19,-9.35446794215875e-67
2.7876101142046726e-07,-8.011528170308778e-112,1.1762798142929871e-13,-5.851773976417233e-33,-4.45022613639893e-34,1.2732925824820995e-15,1.6577406714986407e-22,-1.012797237129324e-21,1.3325400378141134e-20,1.4939966301123302e-12,4.0140317858489925e-21,4.4667753077863494e-23,6.769652589177783e-16,0.0,8.351344307458122e-13,-4.818676322157797e-18,-8.353428384967455e-13,1.0653480138840758e-15,2.1674560829347246e-20,6.196593625814827e-16,-1.6097930505273171e-22,0.0,-1.2388559669385597e-16,5.255690649929086e-28,1.2517764603900416e-16,-3.0323515894699395e-34,9.7795035967972e-19,-1.0559846036057978e-15,-1.0953971902665176e-15,1.7763568394002505e-15,-8.46206573647223e-18,4.5872378735142455e-25,-5.808646079261261e-21,0.0,5.778576187342303e-17,3.5902824718809284e-26,-8.517134772702599e-17,-2.1917930424462477e-18,-1.5890067039947553e-15,-1.5890067039947553e-15,-8.011528170308778e-112,1.1774152763877056e-13,-5.851773976417233e-33,-4.450226136398941e-34,1.8743728791292825e-15,1.6577406714986407e-22,2.5870366479532783e-22,1.3325400378142777e-20,1.4964890956055873e-12,-1.162484923137678e-13,-1.858591058834236e-15,1.6210248124444027e-22,2.587036151644911e-22,1.3325388464551736e-20,-1.5322896543024446e-22,3.9796937514826935e-32,5.4245643447639074e-18,1.819797347616661e-23,-1.331606379162698e-21,-3.0059852836633664e-73,-1.8619162909322223e-104,-1.0731257498264313e-08,2.180315015160257e-26,-3.6956993600892716e-27,-4.564644768834114e-11,-3.800779135865184e-19,-3.255729019713272e-19,-9.924022401604229e-16,-1.5894522269566854e-07,1.0606863846381506e-08,4.532048478722572e-11,-3.2751579226442117e-19,-3.256075964408467e-19,-9.923041652153687e-16,7.3212486391012e-18,2.154169513943436e-26,-8.521974053823452e-15,2.3129646346357427e-18,7.401486830834377e-19,-6.158703810477178e-66
3.4219876505774637e-07,-2.6946783710693453e-112,1.2502520500371852e-13,5.882903469869886e-34,-2.8001925499849757e-34,1.4551915228366853e-15,1.6061401109118171e-22,-1.0306690450181549e-21,1.423609014658172e-20,1.5832483768463134e-12,9.525260480418965e-21,4.9079383011479644e-23,6.769652589177783e-16,0.0,8.724502601846022e-13,-4.818676322157797e-18,-8.726056624959918e-13,1.0653480138840758e-15,2.1674560829347246e-20,6.196593625814827e-16,-1.756920506709609e-22,0.0,-1.2388559669385597e-16,5.083174255598474e-28,1.2517764603900416e-16,-1.908260042189458e-34,9.7795035967972e-19,-1.0299751306105812e-15,-1.0696789061750009e-15,1.6283271027835629e-15,-1.2693098604708344e-17,4.628539518208828e-25,-5.606446373970521e-21,0.0,5.636167849720769e-17,3.46637068148658e-26,-8.517134772702599e-17,-2.081964632911904e-18,-1.5334955527634975e-15,-1.5358085173981333e-15,-2.6946783710693453e-112,1.2502801756871426e-13,5.882903469869886e-34,-2.8001925499849457e-34,1.954508777046726e-15,1.6061401109118171e-22,2.4989071711306536e-22,1.423609014658435e-20,1.5874148218131267e-12,-1.234420343720899e-13,-1.9381773963544903e-15,1.5664734918174492e-22,2.4989066334632554e-22,1.4236095173489372e-20,-1.6731574212329973e-22,3.976434619926642e-32,5.242896834035078e-18,1.9852334701272664e-23,-1.2860783582477793e-21,-3.1948947278092645e-73,-1.5346382608414346e-104,-1.1391565203666687e-08,3.3835795034736694e-26,-1.4052850478959678e-27,-4.766043275594711e-11,-3.6680727899529586e-19,-3.1440128278603654e-19,-1.0627719867181163e-15,-1.686014235019684e-07,1.1259488140543302e-08,4.7311186790466307e-11,-3.158931449753766e-19,-3.144706717250756e-19,-1.0626672090954715e-15,7.096084690071905e-18,2.079822416595668e-26,-8.243231461262277e-15,2.3129646346357427e-18,0.0,-6.094854752109733e-66
4.200730733840671e-07,5.776041772310447e-110,1.1350493878126144e-13,2.1004660376277496e-32,1.059177475659187e-33,1.4551915228366853e-15,1.7715507976185867e-22,-6.12048190215563e-22,1.2948776693855054e-20,1.4241474370161693e-12,4.709414954135238e-22,4.521920681956551e-23,6.769652589177783e-16,0.0,8.53021357253662e-13,-4.818676322157797e-18,-8.53251449048045e-13,1.0653480138840758e-15,2.1674560829347246e-20,6.196593625814827e-16,-1.6116853874950837e-22,0.0,-1.2388559669385597e-16,5.624254573931779e-28,1.2517764603900416e-16,7.2175763387321666e-34,9.7795035967972e-19,-1.1247363105564872e-15,-1.165996401498132e-15,1.924386576016938e-15,-1.2693098604708344e-17,4.7289285395228145e-25,-6.213045489842741e-21,0.0,6.158515401253553e-17,3.845901215600933e-26,-9.291419752039198e-17,-2.4181350690518078e-18,-1.700029006457271e-15,-1.700029006457271e-15,5.776041772310447e-110,1.1343736320649592e-13,2.1004660376277496e-32,1.059177475659187e-33,1.9169998921597653e-15,1.7715507976185867e-22,2.7699057673095616e-22,1.2948776693860312e-20,1.4267876361865697e-12,-1.1198913648276706e-13,-1.9007517781943763e-15,1.734998513530481e-22,2.769905188283133e-22,1.2948828797941664e-20,-1.5329049089371495e-22,4.790086426234691e-32,5.806155252145664e-18,1.8749427217868628e-23,-1.4260152597420836e-21,3.8580363622761434e-72,1.0181026980414208e-102,-1.0305332640806833e-08,5.904289639086455e-26,8.917738103056674e-27,-4.665926098823547e-11,-4.070528636379578e-19,-3.4867941867133825e-19,-9.702717553124264e-16,-1.5153922140598297e-07,1.018531620502472e-08,4.632165655493736e-11,-3.509345591901081e-19,-3.4867941867133825e-19,-9.701764523268083e-16,7.820715682367463e-18,2.3075405598787248e-26,-9.122044912809318e-15,2.3129646346357427e-18,0.0,5.938955234482142e-65
5.15669268860623e-07,1.281509836548793e-108,9.749783203005791e-14,5.63654510494172e-32,5.603581933801311e-33,1.2732925824820995e-15,1.9578463472262482e-22,-2.839519798736922e-22,1.1188116115902291e-20,1.2010180701812108e-12,-1.0751142148222552e-20,3.970466940254533e-23,6.769652589177783e-16,-1.3877787807814457e-16,8.214108405803068e-13,-4.818676322157797e-18,-8.215819035897434e-13,1.0653480138840758e-15,4.334912165869449e-20,8.262124834419769e-16,-1.4189160491633188e-22,0.0,-1.2388559669385597e-16,6.241783177761232e-28,1.2517764603900416e-16,3.819030724277432e-33,9.7795035967972e-19,-1.2303347709170671e-15,-1.2731054905380952e-15,2.220446049250313e-15,-1.692413147294446e-17,4.800591622381486e-25,-6.929935354055365e-21,4.334912165869449e-20,6.742127719356666e-17,4.2759649158937006e-26,-1.0259275976209948e-16,-2.798236869005449e-18,-1.8850661772281305e-15,-1.8850661772281305e-15,1.281509836548793e-108,9.742778435869089e-14,5.63654510494172e-32,5.603581933801311e-33,1.8531953749345575e-15,1.957845933635942e-22,3.0765891005501295e-22,1.118811611591281e-20,1.2050942762205827e-12,-9.616993127773791e-14,-1.8372192656102017e-15,1.9255341909580894e-22,3.0765891005501295e-22,1.1188236313349947e-20,-1.3467458727555696e-22,5.901988011228981e-32,6.4431024803458945e-18,1.6543612251060553e-23,-1.5843045417602309e-21,4.9746942191423615e-71,2.2755857370452773e-101,-8.80565494298935e-09,9.586076845862762e-26,3.298042598119816e-26,-4.499452188611031e-11,-4.526760910561478e-19,-3.873290577161015e-19,-8.44187251570703e-16,-1.2799079219500224e-07,8.70224709312121e-09,4.4656917452812194e-11,-3.905729906161781e-19,-3.873290577161015e-19,-8.441049070421543e-16,8.636159563866286e-18,2.5655787338320666e-26,-1.0114097542584336e-14,4.625929269271485e-18,0.0,7.04262194167232e-64
6.330203283563647e-07,2.452162672677729e-107,9.301099150131147e-14,9.950744039211756e-32,1.6448090764269333e-32,1.2732925824820995e-15,1.967848201602933e-22,-1.356669675996184e-22,1.0790609190390422e-20,1.13116887708505e-12,-1.149670760700368e-20,4.19104843693534e-23,5.415722071342227e-16,-1.3877787807814457e-16,8.224902240764702e-13,0.0,-8.227239298780948e-13,1.0653480138840758e-15,4.334912165869449e-20,8.262124834419769e-16,-1.4315036567968578e-22,0.0,-1.2388559669385597e-16,6.296641746311979e-28,0.0,1.1211867265741332e-32,9.7795035967972e-19,-1.2364903461926017e-15,-1.27925770751685e-15,2.220446049250313e-15,-1.2693098604708344e-17,4.766993543390057e-25,-6.985080728225568e-21,-8.669824331738898e-20,6.781647408090134e-17,4.299499933888508e-26,-1.0259275976209948e-16,-2.815427402671694e-18,-1.8943180357666733e-15,-1.8943180357666733e-15,2.452162672677729e-107,9.284488733385387e-14,9.950744039211756e-32,1.6448090764269428e-32,1.856215181561538e-15,1.967847788012627e-22,3.0931303966954746e-22,1.0790609190421977e-20,1.1340558122204432e-12,-9.163681665332509e-14,-1.8401835610859507e-15,1.9357626928226138e-22,3.0931303966954746e-22,1.0790791560821695e-20,-1.3582731119059128e-22,6.319159605468486e-32,6.477756790580326e-18,1.8749427217868628e-23,-1.5931278016274632e-21,4.305798836971328e-70,4.1221566410634305e-100,-8.359613517920176e-09,1.323734552296412e-25,7.187398146359938e-26,-4.501780495047569e-11,-4.5475775922732e-19,-3.893413369482346e-19,-8.209095065427763e-16,-1.2044385075569154e-07,8.260893325010935e-09,4.470348358154297e-11,-3.9256792261355145e-19,-3.893413369482346e-19,-8.208300876748506e-16,8.679083697159921e-18,2.5796994981099182e-26,-1.0170233203586239e-14,2.3129646346357427e-18,0.0,5.332115834613286e-63
7.770770148816172e-07,6.463657667392574e-105,8.088439547767242e-14,2.419513510534151e-31,6.542853986425092e-32,1.2732925824820995e-15,1.8446305503764216e-22,-2.771904731977857e-22,9.815142737280995e-21,9.42964106798172e-13,-8.814436607365063e-21,4.521920681956551e-23,5.415722071342227e-16,-1.3877787807814457e-16,8.164765160264172e-13,-9.637352644315595e-18,-8.165969829344712e-13,8.877900115700632e-16,4.334912165869449e-20,8.262124834419769e-16,-1.5596981072737994e-22,0.0,-3.716567900815679e-16,5.996402882279115e-28,1.2517764603900416e-16,4.461135521042098e-32,9.7795035967972e-19,-1.1647042007258037e-15,-1.206237951900152e-15,2.220446049250313e-15,-1.2693098604708344e-17,4.438948047069833e-25,-6.5439177348639524e-21,-4.334912165869449e-20,6.408441367418033e-17,4.0212699252122217e-26,-9.678562241707498e-17,-2.570939812751764e-18,-1.7763568394002505e-15,-1.7763568394002505e-15,6.463657667392574e-105,8.080657624513302e-14,2.419513510534151e-31,6.542853986425246e-32,1.8401835610859507e-15,1.8446305503764216e-22,2.8945319416831283e-22,9.81514273736514e-21,9.446792385385076e-13,-7.972724702653977e-14,-1.824318474064057e-15,1.812411451927175e-22,2.8945309490663934e-22,9.815513035153228e-21,-1.481942311333181e-22,5.883326671067693e-32,6.065406081197062e-18,1.8749427217868628e-23,-1.491130917562258e-21,9.031493772203007e-69,7.70716520132583e-98,-7.182763268550237e-09,2.4335953933461417e-25,2.0790090199162725e-25,-4.469184204936028e-11,-4.2544093248331193e-19,-3.6436131889416857e-19,-7.703681530464327e-16,-1.0032616555690766e-07,7.096336533625921e-09,4.434259608387947e-11,-3.670674875166924e-19,-3.6436131889416857e-19,-7.702959135768282e-16,8.137515084390551e-18,2.4127606609024104e-26,-9.52564095828852e-15,4.625929269271485e-18,3.7007434154171887e-19,8.739797224584823e-62
9.539167385433204e-07,2.2773231447313354e-103,-9.580010858674845e-15,9.91990901685271e-31,3.632088001386036e-31,1.0913936421275138e-15,1.6376753377896357e-22,-7.451559602616159e-22,1.3094508856997437e-21,-4.016328603029251e-13,-2.2724305788056776e-20,4.852792926977762e-23,5.415722071342227e-16,-2.7755575615628914e-16,6.900344493329967e-13,-4.818676322157797e-18,-6.899718065408086e-13,8.877900115700632e-16,2.1674560829347246e-20,6.196593625814827e-16,-1.6684292641511393e-22,0.0,-2.4777119338771194e-16,5.954396573355195e-28,1.2517764603900416e-16,2.4770541121374063e-31,1.95590071935944e-18,-1.0337898533165462e-15,-1.0698806182070914e-15,2.0724163126336257e-15,-1.692413147294446e-17,2.9798302411326237e-25,-5.808646079261261e-21,0.0,5.785231336289253e-17,3.5781910985040764e-26,-8.904277262370899e-17,-1.2033373566371555e-18,-1.5843807747254839e-15,-1.5843807747254839e-15,2.2773231447313354e-103,-9.660391005657705e-15,9.91990901685271e-31,3.6320880013860668e-31,1.5614842752142977e-15,1.6376736834284105e-22,2.5781098802187285e-22,1.3094508858259615e-21,-3.984473787947233e-13,9.722948372351917e-15,-1.5475620784854982e-15,1.6160305027009605e-22,2.5781082258575033e-22,1.3107766341878239e-21,-1.5884348057116001e-22,5.114709339036591e-32,5.4073913916124535e-18,2.426396463488881e-23,-1.328077075215805e-21,1.4780052886006244e-67,2.519244227236326e-96,1.4837365597486497e-09,8.000154168597416e-25,9.386749452790444e-25,-3.784662112593651e-11,-3.779962454153463e-19,-3.2453206788574106e-19,-2.4470662149833376e-16,4.2337179183959963e-08,-1.47713969151179e-09,3.752065822482109e-11,-3.263014858312374e-19,-3.2453206788574106e-19,-2.446969838515808e-16,7.227071625583442e-18,2.1469114543550184e-26,-8.4939062233225e-15,2.3129646346357427e-18,3.7007434154171887e-19,1.2345919021584263e-60
1.1709999480704671e-06,6.652849417156778e-102,-2.1476201557864746e-13,2.804310789274837e-30,1.3594495428210158e-30,5.456968210637569e-16,1.5794955894057184e-22,-9.643677892260083e-22,-1.8726397401675788e-20,-3.4012676527102786e-12,-7.313820685445531e-20,4.852792926977762e-23,5.415722071342227e-16,-2.7755575615628914e-16,3.622102617839573e-13,-9.637352644315595e-18,-3.6223435516556814e-13,7.102320092560506e-16,2.1674560829347246e-20,6.196593625814827e-16,-1.44967076753941e-22,-1.1102230246251565e-16,-2.4777119338771194e-16,7.9477709468892865e-28,0.0,9.273978797541519e-31,1.95590071935944e-18,-9.70846928668122e-16,-9.994831190075675e-16,1.924386576016938e-15,-8.46206573647223e-18,2.4136493620159484e-26,-5.7351189137009924e-21,0.0,5.631759554158614e-17,3.516141641630204e-26,-8.517134772702599e-17,-1.146035577749672e-18,-1.5543122344752192e-15,-1.5519992698405833e-15,6.652849417156778e-102,-2.1488795927856092e-13,2.804310789274837e-30,1.3594495428210158e-30,8.512524019010925e-16,1.5794939350444933e-22,2.532723141752434e-22,-1.8726397401423353e-20,-3.3991298664659552e-12,2.1261555479175817e-13,-8.419709374152262e-16,1.5880618718293177e-22,2.532721818263454e-22,-1.8723126423127554e-20,-1.380903832473917e-22,5.510644636005133e-32,5.310438333435773e-18,1.9852334701272664e-23,-1.305136599561001e-21,1.6842083985430243e-66,6.64018428184e-95,2.104160375893116e-08,1.9333287387337082e-24,2.8632715747084844e-24,-2.0174775272607804e-11,-3.7027672594724948e-19,-3.1863400806741994e-19,1.033302503670742e-15,3.610469400882721e-07,-2.0823394879698753e-08,1.9988510757684707e-11,-3.2057689836051394e-19,-3.1863400806741994e-19,1.0331646772930078e-15,6.965103910323067e-18,2.1096772196285866e-26,-8.327434952765131e-15,2.3129646346357427e-18,7.401486830834377e-19,1.1864487429310465e-59
1.4374848694604012e-06,1.3808244129229544e-100,-4.2503719062854845e-13,5.312066354729983e-30,3.468282846777853e-30,-1.8189894035458566e-16,1.6332151799267498e-22,-2.259508694148619e-21,-3.973385354052468e-20,-6.453289339939753e-12,-1.3139819175779014e-19,4.411629933616148e-23,5.415722071342227e-16,-4.163336342344337e-16,1.0793834961633467e-14,-1.4456028966473393e-17,-1.0798653637955624e-14,7.102320092560506e-16,4.334912165869449e-20,4.1310624172098847e-16,-1.1183587564128215e-22,-1.1102230246251565e-16,-1.2388559669385597e-16,1.283549256295517e-27,1.2517764603900416e-16,2.3668791151412335e-30,1.95590071935944e-18,-9.713671181280261e-16,-9.932300460127672e-16,2.220446049250313e-15,-1.692413147294446e-17,-2.439718749743174e-25,-6.029227575942069e-21,-4.334912165869449e-20,5.831425410728102e-17,3.712770152637199e-26,-9.097848507205048e-17,-1.3179409144121227e-18,-1.6398919259567417e-15,-1.6398919259567417e-15,1.3808244129229544e-100,-4.2511176800985597e-13,5.312066354729983e-30,3.4682828467778286e-30,9.259260025373805e-17,1.6332135255655246e-22,2.6722116010639864e-22,-3.9733853540188097e-20,-6.448683128231399e-12,4.204350053290303e-13,-8.817391261572993e-17,1.6751433108158377e-22,2.6722102775750063e-22,-3.9728618557573694e-20,-1.0651540436675519e-22,6.271266769740719e-32,5.597617428729051e-18,1.764651973446459e-23,-1.3771344000776166e-21,1.2957736020524454e-65,1.2198577166625664e-93,4.1019233564535776e-08,3.0900755656401923e-24,5.837369434583668e-24,-1.257285475730896e-12,-3.8996583739958623e-19,-3.362587985833443e-19,2.3835638962297037e-15,6.849302599827448e-07,-4.058405756950378e-08,1.1757947504520416e-12,-3.3879149485827043e-19,-3.3639757646142245e-19,2.383271455281221e-15,7.192467005576247e-18,2.2276476702188957e-26,-8.76490596609031e-15,6.938893903907228e-18,7.401486830834377e-19,7.6261215696334065e-59
1.7646138698233616e-06,6.347407882926644e-99,-5.763771090035638e-13,8.668299094452527e-30,8.115446562759607e-30,-7.275957614183426e-16,1.5506013434286286e-22,-1.889230491187668e-21,-5.541552479157313e-20,-8.624435092012088e-12,-1.7238002802611734e-19,4.852792926977762e-23,5.415722071342227e-16,-4.163336342344337e-16,-2.590520390792032e-13,-9.637352644315595e-18,2.5901348966862595e-13,8.877900115700632e-16,2.1674560829347246e-20,4.1310624172098847e-16,-9.793970994110722e-23,-1.1102230246251565e-16,-2.4777119338771194e-16,2.3065948176332286e-27,1.2517764603900416e-16,5.541512935878982e-30,1.95590071935944e-18,-8.999277656344976e-16,-9.1456235349754e-16,1.924386576016938e-15,-1.2693098604708344e-17,-4.632170281339986e-25,-5.955700410381799e-21,-4.334912165869449e-20,5.604073395847779e-17,3.5835313170538734e-26,-8.904277262370899e-17,-1.2071574752296545e-18,-1.582067810090848e-15,-1.5797548454562123e-15,6.347407882926644e-99,-5.764670814774793e-13,8.668299094452527e-30,8.115446562759509e-30,-4.929390229335695e-16,1.5505980347061785e-22,2.579061799667655e-22,-5.541552479157313e-20,-8.621748766775757e-12,5.700500516070406e-13,4.935163389063746e-16,1.6175169462617185e-22,2.5790591526896947e-22,-5.540876707264664e-20,-9.340236987324502e-23,6.52878202330177e-32,5.4020757216037945e-18,2.6469779601696886e-23,-1.3284300056104944e-21,1.2906774924758564e-64,4.597909025421727e-92,5.534794181585312e-08,4.0169982316745e-24,1.0262676053346775e-23,1.327134668827057e-11,-3.7556763254897873e-19,-3.2460145682478016e-19,3.386231870117243e-15,9.1570516427358e-07,-5.4756365716457364e-08,-1.3248063623905182e-11,-3.268219028740305e-19,-3.247402347028583e-19,3.385824011047646e-15,6.823638327758743e-18,2.1500995617477593e-26,-8.443577699665622e-15,2.3129646346357427e-18,0.0,6.0591627533808305e-58
2.1661877461999666e-06,2.100379285279561e-97,-5.486072041094303e-13,1.268788658878757e-29,1.836079133184598e-29,-5.456968210637569e-16,1.3922260346267757e-22,-1.4380517743877645e-21,-5.447556337671732e-20,-8.141311506430308e-12,-1.6966687561694341e-19,4.852792926977762e-23,5.415722071342227e-16,-4.163336342344337e-16,-2.786351396524525e-13,-9.637352644315595e-18,2.7876042523682857e-13,7.102320092560506e-16,2.1674560829347246e-20,4.1310624172098847e-16,-1.0802616326061746e-22,-2.220446049250313e-16,-2.4777119338771194e-16,4.5831980386779224e-27,0.0,1.2548153615050451e-29,1.95590071935944e-18,-8.062936628517175e-16,-8.185474262225446e-16,1.7763568394002505e-15,-1.2693098604708344e-17,-4.744098550434368e-25,-5.367483085899646e-21,-8.669824331738898e-20,5.1136363947773807e-17,3.2300895840405855e-26,-7.936421038200148e-17,-8.786272762747486e-19,-1.429412144204889e-15,-1.429412144204889e-15,2.100379285279561e-97,-5.48630711231605e-13,1.268788658878757e-29,1.836079133184598e-29,-5.399680702566911e-16,1.3922227259043257e-22,2.3256560116287698e-22,-5.447556337671732e-20,-8.137495418244118e-12,5.424920956897949e-13,5.401012970196461e-16,1.4596776504968e-22,2.325645423716929e-22,-5.446887528757682e-20,-1.0312229273234614e-22,6.63020073715484e-32,4.874824760494907e-18,2.6469779601696886e-23,-1.1971398987860778e-21,1.254817873546976e-63,1.309318934105365e-90,5.251858383417129e-08,4.0586348263265134e-24,1.6264961158860814e-23,1.4330726116895676e-11,-3.37924133120282e-19,-2.9198865547641617e-19,3.3292783107152707e-15,8.642449975013733e-07,-5.195500950018565e-08,-1.4319084584712982e-11,-2.9438257387326415e-19,-2.9226621123257244e-19,3.328877370493131e-15,6.126473579151631e-18,1.9380364940920496e-26,-7.626707046465508e-15,2.3129646346357427e-18,-7.401486830834377e-19,4.8088949373114455e-57
2.6591479484724944e-06,7.282521970153402e-96,-4.4953291459629935e-13,1.794792865879821e-29,3.884102893355789e-29,-5.456968210637569e-16,1.4283457032545163e-22,-1.1696850022202045e-21,-4.7531839122003994e-20,-6.569704661766688e-12,-1.6063626914283117e-19,5.293955920339377e-23,6.769652589177783e-16,-2.7755575615628914e-16,-2.266705341943028e-13,-9.637352644315595e-18,2.2671872095752439e-13,7.102320092560506e-16,2.1674560829347246e-20,4.1310624172098847e-16,-1.0378757178889139e-22,-3.3306690738754696e-16,-1.2388559669385597e-16,9.245735536988934e-27,0.0,2.6574903143156935e-29,9.7795035967972e-19,-8.316095499003952e-16,-8.44769990394287e-16,1.7763568394002505e-15,-8.46206573647223e-18,-3.7412763810044587e-25,-5.88217324482153e-21,-8.669824331738898e-20,5.214137838891135e-17,3.302127375829237e-26,-8.129992283034298e-17,-1.9329800078044465e-18,-1.4617936490897894e-15,-1.4617936490897894e-15,7.282521970153402e-96,-4.495525137334274e-13,1.794792865879821e-29,3.884102893355789e-29,-4.2730263771773027e-16,1.428342394532066e-22,2.3757685983707024e-22,-4.753183912469664e-20,-6.565336718722392e-12,4.4447355425821417e-13,4.2805758937447535e-16,1.4902121956285823e-22,2.3757553634809016e-22,-4.752595508096094e-20,-9.892411442133852e-23,7.700287334044542e-32,4.978302644386332e-18,2.6469779601696886e-23,-1.2225508872037068e-21,1.1868250702302317e-62,3.84994066120962e-89,4.280276286105315e-08,3.701919799999921e-24,2.4182314949989677e-23,1.1548399925231933e-11,-3.453834440669823e-19,-2.989275493803234e-19,2.911453562503934e-15,6.972453246514003e-07,-4.234015941619873e-08,-1.150183379650116e-11,-3.011479954295737e-19,-2.989275493803234e-19,2.911103726602945e-15,6.280256842874792e-18,1.9812562109368458e-26,-7.793178317022878e-15,2.3129646346357427e-18,-7.401486830834377e-19,3.667847918972943e-56
3.2642912989743803e-06,2.561078025256743e-94,-3.756819448123376e-13,2.419384964456495e-29,7.219168893075708e-29,-5.456968210637569e-16,1.4290868570833637e-22,-1.6525872204771496e-21,-4.2920414037720093e-20,-5.366746336221695e-12,-1.5707167215646932e-19,4.411629933616148e-23,6.769652589177783e-16,-4.163336342344337e-16,-2.1556830394805124e-13,-9.637352644315595e-18,2.1549120512689672e-13,8.877900115700632e-16,2.1674560829347246e-20,4.1310624172098847e-16,-9.929828252295836e-23,-4.440892098500626e-16,-2.4777119338771194e-16,1.6800074486513644e-26,0.0,4.946265329271981e-29,1.95590071935944e-18,-8.323031358469342e-16,-8.47190534779371e-16,1.7763568394002505e-15,-4.231032868236115e-18,-3.103078047919345e-25,-5.588064582580454e-21,-1.3004736497608347e-19,5.21029664296754e-17,3.3033353190903564e-26,-8.129992283034298e-17,-9.473894109397289e-19,-1.457167719820518e-15,-1.457167719820518e-15,2.561078025256743e-94,-3.755005787790348e-13,2.419384964456495e-29,7.219168893075708e-29,-4.0389913635863194e-16,1.4290868570833637e-22,2.3749268593793683e-22,-4.2920414043105384e-20,-5.363223465337796e-12,3.711991306924271e-13,4.0460967909439206e-16,1.489034290436307e-22,2.3749162714675276e-22,-4.291509323074159e-20,-9.450757354117293e-23,8.927381184890525e-32,4.9755040488895e-18,3.0881409535313035e-23,-1.2225508872037068e-21,9.967760081999898e-62,1.123239719740774e-87,3.548081343372663e-08,3.490597480333574e-24,3.3064486218353104e-23,1.0908115655183793e-11,-3.4573038876217766e-19,-2.989275493803234e-19,2.6419147190835222e-15,5.695537974437078e-07,-3.509341428677241e-08,-1.0908115655183793e-11,-3.014949401247691e-19,-2.989275493803234e-19,2.6415988209692868e-15,6.27774529169398e-18,1.981988372464504e-26,-7.79704974191956e-15,2.3129646346357427e-18,-7.401486830834377e-19,2.43737782203118e-55
4.00714736112399e-06,1.8057459397851617e-92,1.9341920657704274e-13,5.721405519366283e-29,2.6207207973426873e-28,3.637978807091713e-16,1.343811153374047e-22,-9.912678350951306e-22,-1.810493310559544e-21,3.562308847904205e-12,-8.570032309042728e-20,5.293955920339377e-23,5.415722071342227e-16,-4.163336342344337e-16,1.2135354449722198e-13,-4.818676322157797e-18,-1.2156556625539692e-13,7.102320092560506e-16,-2.1674560829347246e-20,4.1310624172098847e-16,-1.1914710895798388e-22,-3.3306690738754696e-16,-2.4777119338771194e-16,5.975386134933407e-26,-1.2517764603900416e-16,1.7988975330893283e-28,9.7795035967972e-19,-8.059468698784481e-16,-8.270193315703383e-16,1.6283271027835629e-15,-4.231032868236115e-18,2.31081024966391e-25,-4.9998472580983005e-21,-8.669824331738898e-20,4.8558822990838336e-17,3.017274633334587e-26,-7.355707303697699e-17,-1.6350107575895319e-18,-1.329954664915552e-15,-1.329954664915552e-15,1.8057459397851617e-92,1.9335602748545474e-13,5.721405519366283e-29,2.620720797342436e-28,3.1858959914643494e-16,1.3438045359291465e-22,2.1689760922104055e-22,-1.810493321330125e-21,3.5652296522433364e-12,-1.9157185467596112e-13,-3.1374902675906925e-16,1.3601231550535927e-22,2.168965504298565e-22,-1.8097260359179155e-21,-1.1348917252791663e-22,9.706668111802056e-32,4.547636456624563e-18,3.529303946892918e-23,-1.1180834903756765e-21,1.59887217134292e-60,6.501945986835859e-86,-2.000431219736735e-08,1.4823246218858388e-24,8.025740571285934e-23,-7.404014468193055e-12,-3.174543961037557e-19,-2.7283730830163223e-19,1.403171515249856e-16,-3.7863285591204964e-07,1.981117141743501e-08,7.299240678548814e-12,-2.7547408798511696e-19,-2.7283730830163223e-19,1.4030383616705476e-16,5.9012095989784924e-18,1.8103470306303847e-26,-7.177621758450281e-15,2.3129646346357427e-18,-7.401486830834377e-19,3.204346255238919e-54
4.91905547118544e-06,7.407116523538555e-91,1.0025056932742398e-12,1.114704017439625e-28,6.918656664919326e-28,1.2732925824820995e-15,1.4369119856781153e-22,-1.6650200759560666e-21,5.76547017801184e-20,1.6218594585855803e-11,9.043841363913103e-21,5.293955920339377e-23,5.415722071342227e-16,-4.163336342344337e-16,5.655969519895936e-13,-9.637352644315595e-18,-5.656933255160368e-13,1.0653480138840758e-15,-2.1674560829347246e-20,4.1310624172098847e-16,-1.2279551799604538e-22,-1.1102230246251565e-16,-3.716567900815679e-16,1.567879641017977e-25,-1.2517764603900416e-16,4.7590158348000894e-28,1.95590071935944e-18,-8.877900115700632e-16,-9.173863219468046e-16,1.6283271027835629e-15,-4.231032868236115e-18,1.0466123313167937e-24,-5.293955920339377e-21,-1.7339648663477797e-19,4.9947366071116375e-17,3.0922755838984747e-26,-7.742849793365998e-17,-7.181822953897944e-19,-1.3646491344350882e-15,-1.3646491344350882e-15,7.407116523538555e-91,1.0023738875967562e-12,1.114704017439625e-28,6.9186566649213325e-28,1.2737366716919495e-15,1.4368855158985137e-22,2.2201898217837685e-22,5.765470173703609e-20,1.622107674847939e-11,-9.919502256631555e-13,-1.2637002555493382e-15,1.3909472133997689e-22,2.2201898217837685e-22,5.764867408914533e-20,-1.1691656548888225e-22,1.1515556434666618e-31,4.6536434142829125e-18,3.529303946892918e-23,-1.1491413651083341e-21,1.660091767726204e-59,2.2053070665417877e-84,-9.877278159062068e-08,-1.5340332375891974e-24,1.5319122831267852e-22,-3.153691068291664e-11,-3.282096816548119e-19,-2.80331313717852e-19,-3.4402201817525583e-15,-1.7225449283917745e-06,9.775397678216299e-08,3.130408003926277e-11,-2.8380076066980563e-19,-2.808864252301646e-19,-3.4397958295397564e-15,6.3008417133371344e-18,1.8553416845119282e-26,-7.40990725225126e-15,2.3129646346357427e-18,-1.4802973661668755e-18,2.693436692534792e-53
6.0384868705732515e-06,2.746102101993646e-89,1.833783850694696e-12,1.7369590758375753e-28,1.4286706470439235e-27,2.3646862246096133e-15,1.4947219843282213e-22,-1.8205702651810305e-21,1.2456342402147535e-19,2.898741513490677e-11,1.2714317468681737e-19,8.823259867232296e-23,6.769652589177783e-16,-4.163336342344337e-16,1.1015879566558498e-12,-1.4456028966473393e-17,-1.1015494072452725e-12,1.0653480138840758e-15,0.0,2.0655312086049424e-16,-1.3220227408313523e-22,-1.1102230246251565e-16,-3.716567900815679e-16,3.2235696634907884e-25,-1.2517764603900416e-16,9.8548523683144e-28,1.95590071935944e-18,-9.515999186516615e-16,-9.956505903978512e-16,1.7763568394002505e-15,-8.46206573647223e-18,1.947879012998879e-24,-5.293955920339377e-21,-8.669824331738898e-20,4.991939428541635e-17,3.057112109048248e-26,-7.742849793365998e-17,-7.029018210197988e-19,-1.3415194880887309e-15,-1.3368935588194593e-15,2.746102101993646e-89,1.8335789775392185e-12,1.7369590758375753e-28,1.4286706470443248e-27,2.424549450097402e-15,1.4946822796588189e-22,2.1922483224362176e-22,1.2456342393531068e-19,2.8989229387358744e-11,-1.8141811608529678e-12,-2.4079405136490096e-15,1.3723389583397758e-22,2.19229067408358e-22,1.2454985205557488e-19,-1.2586560319786401e-22,1.352529442429008e-31,4.595042744460074e-18,4.411629933616148e-23,-1.1406710356357911e-21,1.4606186280984806e-58,6.715125163102534e-83,-1.7914023871223132e-07,-5.054989994177394e-24,2.281006275406967e-22,-6.058253347873687e-11,-3.2959746043559335e-19,-2.7755575615628914e-19,-7.474265889366449e-15,-3.078211223085721e-06,1.7727136922379335e-07,6.01867213845253e-11,-2.8275992658421957e-19,-2.781108676686017e-19,-7.473349106079432e-15,6.544363685672746e-18,1.8342593768198966e-26,-7.386678702871162e-15,2.3129646346357427e-18,-2.220446049250313e-18,1.8816099279813877e-52
7.412667716328531e-06,9.509558498902975e-88,2.918265333088736e-12,2.6158287531443854e-28,2.7829145214668607e-27,4.0017766878008845e-15,1.6150800721771373e-22,-9.707654026068405e-22,2.1885180153237673e-19,4.536899117132028e-11,3.062729965113674e-19,8.823259867232296e-23,4.06179155350667e-16,-5.551115123125783e-16,1.908658416501415e-12,-1.927470528863119e-17,-1.908754790027858e-12,1.0653480138840758e-15,-2.1674560829347246e-20,0.0,-1.4521517094024869e-22,-1.1102230246251565e-16,-4.955423867754239e-16,6.253078215135254e-25,-1.2517764603900416e-16,1.9260203164817072e-27,1.95590071935944e-18,-1.0695095295633105e-15,-1.1360421647327184e-15,1.6283271027835629e-15,-8.46206573647223e-18,3.213251348018643e-24,-5.588064582580454e-21,-8.669824331738898e-20,5.086925309277919e-17,3.074979808551504e-26,-7.936421038200148e-17,-7.945846672397725e-19,-1.3461454173580023e-15,-1.3507713466272737e-15,9.509558498902975e-88,2.9181832654027556e-12,2.6158287531443854e-28,2.7829145214668607e-27,4.158096089668107e-15,1.6150271326179338e-22,2.2014386299139267e-22,2.188518013600474e-19,4.536957239527813e-11,-2.886960122812828e-12,-4.131983644128922e-15,1.376428539288238e-22,2.201502157384971e-22,2.188276837029834e-19,-1.3826607981585072e-22,1.6083170131679377e-31,4.6136212834311254e-18,7.058607893785836e-23,-1.1519648082658485e-21,1.1556220612660816e-57,1.8986314874510824e-81,-2.833382536967595e-07,-1.0211125043501357e-23,3.233533012345315e-22,-1.0420335456728935e-10,-3.365363543395006e-19,-2.7922109069322686e-19,-1.3163939701031172e-14,-4.817222120861212e-06,2.803580680241187e-07,1.0357471182942391e-10,-2.8657631823136856e-19,-2.7922109069322686e-19,-1.3162328938003584e-14,7.057261833675858e-18,1.8449484420856414e-26,-7.495078599978286e-15,2.3129646346357427e-18,-2.590520390792032e-18,1.1834406880345446e-51
9.099571440731274e-06,3.254693487410402e-86,4.111643647775054e-12,3.711110982222246e-28,5.1089031931272815e-27,6.366462912410498e-15,1.7686842032057841e-22,-2.5319635914267635e-21,3.362669039772742e-19,6.285651276508968e-11,5.563594741881996e-19,8.823259867232296e-23,2.7078610356711135e-16,-2.7755575615628914e-16,3.0190356387688805e-12,-2.4093381610788988e-17,-3.0190741881794578e-12,1.0653480138840758e-15,-2.1674560829347246e-20,0.0,-1.6570288224666688e-22,-2.220446049250313e-16,-3.716567900815679e-16,1.1423752222021583e-24,0.0,3.550652779609978e-27,1.9559007193594396e-18,-1.2234856096949933e-15,-1.3216172342558187e-15,1.924386576016938e-15,-2.1155164341180572e-17,4.768908718941635e-24,-5.293955920339377e-21,-8.669824331738898e-20,5.180059536594625e-17,3.0689844656718243e-26,-7.936421038200148e-17,-7.640237184997813e-19,-1.3322676295501878e-15,-1.3322676295501878e-15,3.254693487410402e-86,4.111765979549394e-12,3.711110982222246e-28,5.1089031931208616e-27,6.5421446038271825e-15,1.7686312636465809e-22,2.193053003736109e-22,3.3626690294329844e-19,6.285824175241335e-11,-4.067294057108484e-12,-6.5023542106246166e-15,1.3690699405589664e-22,2.193095355383472e-22,3.3622987764976336e-19,-1.5780040685430323e-22,1.9177597884512806e-31,4.595426720623228e-18,7.058607893785836e-23,-1.1519648082658485e-21,8.722469876314489e-57,5.268635415756871e-80,-3.96750308573246e-07,-1.69827139504561e-23,4.2148526859820154e-22,-1.6405247151851654e-10,-3.4694469519536144e-19,-2.7755575615628914e-19,-2.026725214159438e-14,-6.673658080399036e-06,3.925429501881202e-07,1.6309786587953568e-10,-2.886579864025407e-19,-2.786659791809143e-19,-2.0264777269435318e-14,7.710363632890193e-18,1.841438011057408e-26,-7.572507097911946e-15,4.625929269271485e-18,-2.220446049250313e-18,7.120535388718068e-51
1.1170364512977775e-05,1.0491542603066532e-84,5.334004526957869e-12,5.019787848960069e-28,8.96022681357147e-27,9.822542779147625e-15,1.983857041587978e-22,-2.126255985515635e-21,4.771526512552116e-19,7.992881971100966e-11,9.020900888258299e-19,1.0587911840678754e-22,5.415722071342227e-16,-4.163336342344337e-16,4.522000058355186e-12,-3.3730734255104586e-17,-4.5223470030503815e-12,1.4204640185121011e-15,-2.1674560829347246e-20,0.0,-1.942965202089378e-22,-1.1102230246251565e-16,-3.716567900815679e-16,1.9917174111059485e-24,1.2517764603900416e-16,6.259589588331022e-27,9.779503596797154e-19,-1.4398844250151963e-15,-1.5749675465612686e-15,1.924386576016938e-15,-1.692413147294446e-17,6.609013555069219e-24,-6.4703905693036835e-21,-4.334912165869449e-20,5.3204700214325e-17,3.0683533769476475e-26,-8.129992283034298e-17,-1.6502912319595275e-18,-1.3183898417423734e-15,-1.3183898417423734e-15,1.0491542603066532e-84,5.3340194483553206e-12,5.019787848960069e-28,8.96022681357147e-27,9.769429709649557e-15,1.983857041587978e-22,2.1872084764000544e-22,4.771526519445288e-19,7.993303559790851e-11,-5.275647178374735e-12,-9.71080993394935e-15,1.3626113143361523e-22,2.1873778829895054e-22,4.771005016534932e-19,-1.8503206729090883e-22,2.2990638247845723e-31,4.582666897355352e-18,5.293955920339377e-23,-1.1519648082658485e-21,6.234583391784008e-56,1.3732342471778575e-78,-5.109280735875169e-07,-2.5653277219036934e-23,5.065433651606039e-22,-2.4487962946295737e-10,-3.6012859361278516e-19,-2.7977620220553946e-19,-2.882312335854287e-14,-8.485976544519266e-06,5.054573994129896e-07,2.434710040688515e-10,-2.942091015256665e-19,-2.7977620220553946e-19,-2.881961162770619e-14,8.62378032508047e-18,1.8409646945142753e-26,-7.68090699501907e-15,6.938893903907228e-18,-2.220446049250313e-18,4.078489002507374e-50
1.3712408783810365e-05,3.551362029225161e-83,7.035729746955136e-12,7.003348987945664e-28,1.635805228028392e-26,1.546140993013978e-14,2.350887005545107e-22,-2.073282544994351e-21,6.959771749559257e-19,1.0287233938773474e-10,1.4947131610683541e-18,7.058607893785836e-23,5.415722071342227e-16,-4.163336342344337e-16,7.100261736583649e-12,-1.4456028966473393e-17,-7.100801428331731e-12,1.5980220208261138e-15,-6.502368248804174e-20,6.196593625814827e-16,-2.4912203317449143e-22,-2.220446049250313e-16,-3.716567900815679e-16,3.6091352817323746e-24,2.503552920780083e-16,1.1500882193286002e-26,9.779503596796776e-19,-1.8171951799324732e-15,-2.017120320903264e-15,1.7763568394002505e-15,-2.1155164341180572e-17,9.438294746080587e-24,-6.4703905693036835e-21,-8.669824331738898e-20,5.575446636996679e-17,3.067880060404515e-26,-7.936421038200148e-17,-1.589169334479545e-18,-1.3183898417423734e-15,-1.3183898417423734e-15,3.551362029225161e-83,7.035793222106198e-12,7.003348987945664e-28,1.6358052280078486e-26,1.5305268163956497e-14,2.350887005545107e-22,2.180771026000922e-22,6.959771763345601e-19,1.0287708297103866e-10,-6.9576036783776845e-12,-1.5214673965147084e-14,1.3544586222188296e-22,2.1809404325903724e-22,6.959020655776715e-19,-2.373665703267629e-22,2.76704975494298e-31,4.569670781063997e-18,1.0587911840678754e-22,-1.1689054672109344e-21,4.693754301282587e-55,3.759879416204004e-77,-6.680823629721999e-07,-3.9784687440729565e-23,5.944124440992949e-22,-3.831344656646252e-10,-3.851086116668512e-19,-2.7977620220553946e-19,-4.2192702601427195e-14,-1.0921079541246097e-05,6.608453346416354e-07,3.809691406786442e-10,-3.00454106039183e-19,-2.7977620220553946e-19,-4.218758046896365e-14,1.0185078729717117e-17,1.840728036242709e-26,-7.804792591712927e-15,4.625929269271485e-18,-2.220446049250313e-18,2.476387796134663e-49
1.683294707490212e-05,1.1965962334916864e-81,8.83665052242577e-12,9.437570236914574e-28,2.941066297793016e-26,2.3646862246096133e-14,2.908393503516047e-22,-2.040011090826202e-21,9.797426504169056e-19,1.2511348662277064e-10,2.40469124421549e-18,2.117582368135751e-22,4.06179155350667e-16,-5.551115123125783e-16,1.1027367290910523e-11,-9.637352644315595e-18,-1.1027791334426872e-11,2.3082540300821643e-15,-8.669824331738898e-20,1.2393187251629655e-15,-3.3713922022896203e-22,-1.1102230246251565e-16,-3.716567900815679e-16,6.426849606574354e-24,2.503552920780083e-16,2.0842673333274343e-26,9.779503596793306e-19,-2.3859356560945448e-15,-2.685190571186425e-15,1.6283271027835629e-15,-2.1155164341180572e-17,1.3045487452948499e-23,-7.64682521826799e-21,-4.334912165869449e-20,5.979501051277613e-17,3.0667756551372055e-26,-8.517134772702599e-17,-1.4669255395195801e-18,-1.286008336857473e-15,-1.286008336857473e-15,1.1965962334916864e-81,8.836713997576833e-12,9.437570236914574e-28,2.941066297793016e-26,2.3740476251532526e-14,2.9084993826344537e-22,2.1726395097072804e-22,9.797426531741742e-19,1.2512034099169494e-10,-8.736585499491412e-12,-2.3600321696903848e-14,1.343500133463727e-22,2.1726395097072804e-22,9.796390543169895e-19,-3.2124184283145853e-22,3.3410671563365195e-31,4.553839148490891e-18,1.0587911840678754e-22,-1.1745523535259632e-21,3.5419815196903224e-54,1.0246864067565516e-75,-8.297846652567387e-07,-5.961430569442999e-23,6.043212554127634e-22,-5.931826308369636e-10,-4.288236432614667e-19,-2.753353101070388e-19,-5.972087191094543e-14,-1.3281637523323297e-05,8.206601487472654e-07,5.898531526327133e-10,-3.1086244689504383e-19,-2.753353101070388e-19,-5.971366124369696e-14,1.2549482558994643e-17,1.839939175337488e-26,-7.99062098675371e-15,4.625929269271485e-18,-7.401486830834377e-19,1.5097002428363373e-48
2.0663627499275822e-05,3.9758622894052476e-80,1.0443181963637471e-11,1.1952395157707846e-27,5.158644633352423e-26,3.583409124985337e-14,3.7344623853258033e-22,-1.6149699578939941e-21,1.3183188034713673e-18,1.4153192751109601e-10,3.767496670268721e-18,2.117582368135751e-22,2.7078610356711135e-16,-5.551115123125783e-16,1.684778859632906e-11,-9.637352644315595e-18,-1.6848251189255987e-11,3.3736020439662402e-15,-1.5172192580543072e-19,2.0655312086049425e-15,-4.730619472647923e-22,-1.1102230246251565e-16,-3.716567900815679e-16,1.113082304566189e-23,2.503552920780083e-16,3.692176904173032e-26,-3.546854288447095e-30,-3.2459822298030435e-15,-3.6921370353813344e-15,1.4802973661668755e-15,-2.1155164341180572e-17,1.7261791219173763e-23,-8.235042542750143e-21,-8.669824331738898e-20,6.607014576108614e-17,3.0645668446025867e-26,-9.097848507205048e-17,-2.4448758991993e-18,-1.267504619780387e-15,-1.2582527612418441e-15,3.9758622894052476e-80,1.0443116593705782e-11,1.1952395157707846e-27,5.158644633352423e-26,3.625224564984819e-14,3.7343565062073968e-22,2.162305707750778e-22,1.3183188034713673e-18,1.4153449967579945e-10,-1.032182908033974e-11,-3.603695120091288e-14,1.3275123865843022e-22,2.162305707750778e-22,1.3181837303918749e-18,-4.50347543598138e-22,4.0451751069423405e-31,4.535880878706473e-18,1.0587911840678754e-22,-1.1858461261560204e-21,2.659917250699913e-53,2.754329036621466e-74,-9.662487621729572e-07,-8.573792404996988e-23,4.238090465481637e-22,-9.0388348326087e-10,-5.204170427930421e-19,-2.7755575615628914e-19,-8.103331807646218e-14,-1.5023598137001197e-05,9.554082450146477e-07,8.987844921648503e-10,-3.3306690738754697e-19,-2.7755575615628914e-19,-8.102361518981989e-14,1.6036894488806303e-17,1.8389925422512227e-26,-8.300334978488351e-15,2.3129646346357427e-18,-7.401486830834377e-19,9.166150058784886e-48
2.536605738311043e-05,1.3675164695221848e-78,1.2035404021541277e-11,1.4201596701876772e-27,9.167628707185569e-26,5.638867150992155e-14,5.055939662160919e-22,-1.7253383509212293e-21,1.75754706549652e-18,1.5354016795754432e-10,5.9874641459038355e-18,3.5293039468929182e-22,1.3539305178355567e-16,-6.938893903907228e-16,2.6400563833838143e-11,0.0,-2.6400640932659296e-11,4.6165080601643285e-15,-1.7339648663477797e-19,3.9245092963493904e-15,-7.084537441088249e-22,0.0,-4.955423867754239e-16,1.944703106604348e-23,6.258882301950208e-16,6.643024904518952e-26,9.779503596477265e-19,-4.6775436234597704e-15,-5.36392635734596e-15,1.6283271027835629e-15,-2.5386197209416687e-17,2.2655611881404326e-23,-1.176434648964306e-20,-1.3004736497608347e-19,7.691531923644259e-17,3.062673578430056e-26,-8.904277262370899e-17,-1.4669255395195801e-18,-1.2304971856262152e-15,-1.2119934685491292e-15,1.3675164695221848e-78,1.2035075987644935e-11,1.4201596701876772e-27,9.167628705870801e-26,5.681073389496305e-14,5.0557279039241055e-22,2.1497696201314145e-22,1.75754706549652e-18,1.5354081691990965e-10,-1.1890617438818177e-11,-5.6471094467269726e-14,1.3033719475875547e-22,2.1494308069525124e-22,1.7573754972084015e-18,-6.732023842831639e-22,4.908954687000016e-31,4.516977436828138e-18,1.4117215787571672e-22,-1.1745523535259632e-21,2.081974467337593e-52,7.675574353093037e-73,-1.091978419572115e-06,-1.229577536629868e-22,-1.2550979627658308e-22,-1.4130841009318828e-09,-6.980527267330671e-19,-2.7755575615628914e-19,-1.0950052496683238e-13,-1.6297928049849968e-05,1.0793921848138174e-06,1.4050863683223724e-09,-3.677613769070831e-19,-2.7755575615628914e-19,-1.0948758971211318e-13,2.1594218560419867e-17,1.8374148204407807e-26,-8.733934566916847e-15,2.3129646346357427e-18,-1.1102230246251566e-18,5.812791365453784e-47
3.11386210957298e-05,4.86090547213506e-77,1.3517395321590205e-11,1.425350565585417e-27,1.6556335878005099e-25,9.113136911764741e-14,7.205285765818706e-22,-1.1661949617797207e-21,2.3094082432810575e-18,1.5833841947217782e-10,9.682715964379659e-18,3.5293039468929182e-22,2.7078610356711135e-16,-8.326672684688674e-16,4.2643974771136884e-11,0.0,-4.264382057349457e-11,6.924762090246493e-15,-1.3004736497608347e-19,6.81625298839631e-15,-1.1337544270804936e-21,-1.1102230246251565e-16,-4.955423867754239e-16,3.4308659592001167e-23,3.755329381170125e-16,1.2182910906188691e-25,9.779503593944983e-19,-7.107868780132818e-15,-8.223396124258427e-15,1.4802973661668755e-15,-2.1155164341180572e-17,2.9400719719842275e-23,-1.2940781138607367e-20,-1.3004736497608347e-19,9.646877934719861e-17,3.0582559573608186e-26,-9.872133486541648e-17,-1.100194154639685e-18,-1.1934897514720433e-15,-1.1842378929335002e-15,4.86090547213506e-77,1.3517107314934644e-11,1.425350565585417e-27,1.6556335872746027e-25,9.183054316963534e-14,7.205285765818706e-22,2.1365559061542473e-22,2.3094082432810575e-18,1.583357705688589e-10,-1.3347571818182283e-11,-9.127276712206367e-14,1.2625026078825346e-22,2.1348618402597385e-22,2.3091999702318916e-18,-1.0740844070208908e-21,5.9670124501977535e-31,4.5037450275133034e-18,2.8234431575143343e-22,-1.2197274440461924e-21,1.70401376256089e-51,2.2143876664927056e-71,-1.1948017655716589e-06,-1.7474014578137896e-22,-1.4362892565402984e-21,-2.278294414281845e-09,-1.0644263248593689e-18,-2.731148640577885e-19,-1.4708064916454007e-13,-1.680723570752889e-05,1.180514790272961e-06,2.265267539769411e-09,-4.1217029789208938e-19,-2.731148640577885e-19,-1.470636517656813e-13,3.057828336469292e-17,1.8348904655440735e-26,-9.167534155345343e-15,2.3129646346357427e-18,3.7007434154171887e-19,3.863951803542767e-46
3.822484941585877e-05,1.774234223267345e-75,1.413706437839816e-11,6.068381670218658e-28,2.9332847684242577e-25,1.471562427468598e-13,1.0480762172851085e-21,-5.926520125348888e-22,2.8285452075325617e-18,1.4606436404089133e-10,1.5458492459548858e-17,6.352747104407253e-22,1.3539305178355567e-16,-9.71445146547012e-16,6.855442139889571e-11,9.637352644315595e-18,-6.855434430007455e-11,1.0831038141154771e-14,-1.3004736497608347e-19,1.1773527889048172e-14,-1.868514438344348e-21,-2.220446049250313e-16,-2.4777119338771194e-16,5.87829262803387e-23,1.2517764603900416e-16,2.2006530803964817e-25,-1.9559007218669854e-18,-1.1064083019191912e-14,-1.2832112633458206e-14,1.6283271027835629e-15,-1.692413147294446e-17,3.585883996096082e-23,-1.4117215787571673e-20,-4.334912165869449e-20,1.3041943574840167e-16,3.0557316024641113e-26,-1.0065704731375798e-16,-3.7895576437589154e-18,-1.1842378929335002e-15,-1.1472304587793285e-15,1.774234223267345e-75,1.4136598262363502e-11,6.068381670218658e-28,2.933284770527887e-25,1.4783942958729314e-13,1.0481185689324713e-21,2.1216481262825713e-22,2.8285451192999628e-18,1.460625459988781e-10,-1.3948917635768036e-11,-1.4692176364405895e-13,1.1909283238395463e-22,2.1196152472091613e-22,2.82832400840769e-18,-1.762279439906578e-21,7.26364478525646e-31,4.5084708879828876e-18,4.941025525650086e-22,-1.3100776250866512e-21,1.4348538197965024e-50,6.558827762562896e-70,-1.2055590884604801e-06,-2.305336857548803e-22,-4.130317856551119e-21,-3.658747300505638e-09,-1.845745778439323e-18,-2.6645352591003755e-19,-1.8673835047722243e-13,-1.55058700145067e-05,1.1903822771273553e-06,3.6375015042722224e-09,-4.773959005888173e-19,-2.6645352591003755e-19,-1.867175337955107e-13,4.416547977627725e-17,1.8320505662852778e-26,-9.53919094542691e-15,4.625929269271485e-18,3.7007434154171887e-19,2.6409214480280025e-45
4.692369351786901e-05,7.190584300778627e-74,1.5217059020263452e-11,-2.510930745501638e-27,5.609728808069323e-25,2.6011548470705745e-13,1.6274891048544127e-21,-1.3700249702069955e-21,3.4642696395287195e-18,1.3106619007885456e-10,2.6166188876185156e-17,9.176190261921586e-22,2.7078610356711135e-16,-8.326672684688674e-16,1.2073343867867614e-10,1.927470528863119e-17,-1.2073359287631844e-10,1.82884742383433e-14,-1.3004736497608347e-19,2.14815245694914e-14,-3.529656620797495e-21,-1.1102230246251565e-16,-1.2388559669385597e-16,1.070421444713463e-22,5.007105841560166e-16,4.310302495696167e-25,-9.77950381365376e-19,-1.9020900997888604e-14,-2.217864135239557e-14,1.7763568394002505e-15,-1.2693098604708344e-17,4.4655333251771695e-23,-1.8822954383428896e-20,-1.3004736497608347e-19,2.0393086444332e-16,3.043109827980575e-26,-1.0839989710712398e-16,-2.567119694159265e-18,-1.0732155904709846e-15,-1.0362081563168128e-15,7.190584300778627e-74,1.5216712512255982e-11,-2.510930692910911e-27,5.609728808069323e-25,2.6095037242157557e-13,1.6274891048544127e-21,2.108773225484306e-22,3.4642696395287195e-18,1.310607511110599e-10,-1.499884068797049e-11,-2.5927562319338906e-13,1.035074261544755e-22,2.1060627200530924e-22,3.464072174972891e-18,-3.3113194126003586e-21,8.845796234570574e-31,4.568961901993559e-18,4.235164736271502e-22,-1.3552527156068806e-21,1.3567581581276858e-49,2.1631500258375047e-68,-1.23902548608991e-06,-2.985388646771684e-22,-9.944465688693488e-21,-6.441259756684303e-09,-3.860800568133982e-18,-2.708944180085382e-19,-2.4406392416335504e-13,-1.3915000561974012e-05,1.2223169032949955e-06,6.403028964996338e-09,-5.662137425588299e-19,-2.753353101070388e-19,-2.4403842372825816e-13,6.810617658499787e-17,1.8263707677676865e-26,-1.0034733332202335e-14,4.625929269271485e-18,-1.1102230246251566e-18,2.034071518500289e-44
5.7602137013138975e-05,3.1294410670942034e-72,1.5860738737198213e-11,-1.2435035330052271e-26,1.0991724765082243e-24,4.763933247886599e-13,2.5566842479923803e-21,-6.957867441925724e-22,3.742612253999969e-18,1.0440126061439515e-10,4.45669914501797e-17,1.8352380523843173e-21,-2.7078610356711135e-16,-5.551115123125783e-16,2.2007584797743995e-10,1.927470528863119e-17,-2.200762720209563e-10,3.4091136444290425e-14,-2.1674560829347247e-19,3.9038539842633414e-14,-7.309487284996202e-21,-2.220446049250313e-16,-1.2388559669385597e-16,1.9453599533959335e-22,8.762435222730291e-16,8.694002000350263e-25,-1.8396890577048322e-25,-3.43796681980507e-14,-4.008421501698966e-14,1.1842378929335002e-15,-1.692413147294446e-17,5.1837375368393457e-23,-1.8822954383428896e-20,-8.669824331738898e-20,3.614679615058649e-16,3.0342745858421e-26,-1.0839989710712398e-16,-1.22243794959965e-18,-9.80697005085555e-16,-9.251858538542972e-16,3.1294410670942034e-72,1.5860809317776634e-11,-1.2435035119689363e-26,1.0991724748253212e-24,4.771671058279025e-13,2.5566842479923803e-21,2.1033522146218787e-22,3.742612253999969e-18,1.0439806790903579e-10,-1.561162813838261e-11,-4.739924008845264e-13,6.691560283308973e-23,2.0952206983282373e-22,3.7425670789094485e-18,-6.819334680162455e-21,1.0777503968790972e-30,4.805254925472746e-18,9.882051051300171e-22,-1.2874900798265365e-21,1.38340956446068e-48,7.661893254350408e-67,-1.2186513374520776e-06,-2.9998157106303743e-22,-2.1686305071795557e-20,-1.1749600525945424e-08,-9.145462165349727e-18,-2.6645352591003755e-19,-2.9979070152267677e-13,-1.1087021069639983e-05,1.2006620459336167e-06,1.1677807196974754e-08,-6.661338147750939e-19,-2.6645352591003755e-19,-2.9976315411387825e-13,1.0636527592163024e-16,1.8225842354226257e-26,-1.077804691236547e-14,-2.3129646346357427e-18,-2.590520390792032e-18,1.6890107219029412e-43
7.071067811865475e-05,1.4510870007741452e-70,1.572043402120471e-11,-4.034476165918706e-26,2.189693123773155e-24,8.883944246917963e-13,3.899400875979897e-21,-1.7176472917601603e-21,2.8404014629791548e-18,6.9705614199241e-11,7.490637048532892e-17,3.6704761047686346e-21,-1.3539305178355567e-16,-6.938893903907228e-16,4.0799969498585125e-10,-9.637352644315595e-18,-4.080004852487681e-10,6.250041681453245e-14,-3.684675340989032e-19,7.311980478461496e-14,-1.6657109125806204e-20,-1.1102230246251565e-16,4.955423867754239e-16,3.433553967679443e-22,6.258882301950208e-16,1.7901675514046806e-24,-1.5263365364881216e-24,-6.358795957870578e-14,-7.438494264988549e-14,8.881784197001252e-16,-2.1155164341180572e-17,5.145796482741836e-23,-2.1175823681357508e-20,-4.334912165869449e-20,7.149178697361394e-16,3.0292258760486853e-26,-1.1614274690048997e-16,-4.8897517983986e-19,-8.696747026230393e-16,-7.956598343146956e-16,1.4510870007741452e-70,1.572024785900794e-11,-4.034476081773543e-26,2.189693110309929e-24,8.883873192644387e-13,3.899400875979897e-21,2.1277467635028023e-22,2.8404007571183657e-18,6.970683159579494e-11,-1.544538340188713e-11,-8.822041763778543e-13,-2.422514229147299e-23,2.1250362580715886e-22,2.840796745021207e-18,-1.5468854557494563e-20,1.3150249660276046e-30,5.565173288981812e-18,2.3999266838871844e-21,-1.3552527156068806e-21,1.5103437930278046e-47,2.8904524492793013e-65,-1.1299896160683905e-06,7.050446378408646e-24,-4.412312059836483e-20,-2.1824828581884503e-08,-2.337574578348267e-17,-2.575717417130363e-19,-3.19269356322908e-13,-7.407266148948111e-06,1.1113316470679517e-06,2.1686393301934002e-08,-6.217248937900877e-19,-2.575717417130363e-19,-3.192484702522573e-13,1.6223320530964784e-16,1.8200598805259184e-26,-1.1893017282610173e-14,-1.1564823173178714e-17,-1.1102230246251566e-18,1.5004023743165076e-42
8.680233510884337e-05,7.227014093738951e-69,1.4826340096381805e-11,-1.138055389295438e-25,4.51778639448092e-24,1.685293682385236e-12,5.354095259594432e-21,-1.9474981523270873e-21,-5.323602073493278e-19,3.745468954245249e-11,1.2194549817814924e-16,7.199780051661553e-21,0.0,-6.938893903907228e-16,7.696052128913777e-10,-9.637352644315595e-18,-7.696053670890201e-10,1.178985135365044e-13,-8.453078723445426e-19,1.3942335658083362e-13,-4.272060838943053e-20,-1.1102230246251565e-16,6.194279834692799e-16,5.771239909437976e-22,7.51065876234025e-16,3.812557833368111e-24,-9.779627050910394e-19,-1.2071724682323936e-13,-1.4164380263008393e-13,1.0362081563168128e-15,-1.2693098604708344e-17,3.48764872529072e-23,-2.8234431575143347e-20,4.334912165869449e-20,1.5755726826575397e-15,3.0090310368750274e-26,-1.5872842076400297e-16,-1.22243794959965e-18,-9.62193288008469e-16,-8.511709855459534e-16,7.227014093738951e-69,1.4826329438240766e-11,-1.1380553724664055e-25,4.51778639448092e-24,1.6851480211244052e-12,5.3542646661838834e-21,2.260561529632277e-22,-5.323616190709065e-19,3.745248496519101e-11,-1.4534792569520506e-11,-1.6727526030990703e-12,-2.6783181792180975e-22,2.265982540494704e-22,-5.309795436453033e-19,-3.959117252779968e-20,1.5923588780193666e-30,7.931884212149348e-18,5.223369841401519e-21,-1.3552527156068806e-21,1.7819415086783027e-46,1.1712648685232437e-63,-9.975534208933824e-07,1.291133314116465e-21,-8.687299256029758e-20,-4.130483721382916e-08,-6.284972542403012e-17,-2.753353101070388e-19,-2.474939697627576e-13,-3.9858692878624425e-06,9.788435486067708e-07,4.103019600734115e-08,2.1649348980190552e-19,-2.753353101070388e-19,-2.474978555433438e-13,2.2768245622195593e-16,1.8175355256292112e-26,-1.598124197350742e-14,-2.544261098099317e-17,-3.7007434154171887e-19,1.439778350861099e-41
0.00010655597684559827,3.768595811060269e-67,1.2652041429343323e-11,-2.8716161288275697e-25,9.496725118813681e-24,3.1324816518463194e-12,4.990379312043436e-21,-2.246466901389965e-21,-7.851840131673702e-18,1.4744000509381296e-11,1.8165835634426203e-16,1.7787691892340307e-20,2.7078610356711135e-16,-6.938893903907228e-16,1.4204329360100065e-09,-1.4456028966473393e-17,-1.4204335238885177e-09,2.191065748554916e-13,-2.0590832787879882e-18,2.617028041302462e-13,-1.2028591153128087e-19,-1.1102230246251565e-16,1.1149703702447038e-15,8.263292048847058e-22,1.1265988143510375e-15,8.148818611609686e-24,-9.703032076593083e-23,-2.2554305243937457e-13,-2.6666007903089807e-13,1.1842378929335002e-15,-1.692413147294446e-17,-1.1131395352520236e-23,-4.705738595857224e-20,-1.7339648663477797e-19,3.764047374821536e-15,2.9686413585277116e-26,-3.4455681580478693e-16,4.8897517983986e-19,-1.7023419710919068e-15,-1.5173048003210472e-15,3.768595811060269e-67,1.265187610973347e-11,-2.8716160615114393e-25,9.496725118813681e-24,3.1329861371887092e-12,4.990379312043436e-21,2.7267684638010435e-22,-7.851842955116858e-18,1.4736343700860744e-11,-1.236958269146271e-11,-3.1083374096851914e-12,-9.192001543603667e-22,2.7376104855258986e-22,-7.848663758121498e-18,-1.1160359298082313e-19,1.916685480654177e-30,1.51529990096733e-17,1.2987838524565939e-20,-1.5811281682080273e-21,2.2157316678399093e-45,4.969018642649685e-62,-8.040771172090899e-07,5.08981436260619e-21,-1.6843982133790348e-19,-7.661654381081461e-08,-1.6870393970691566e-16,-3.552713678800501e-19,-3.610352757495623e-15,-1.576111957547255e-06,7.86754114960786e-07,7.60758703108877e-08,4.174438572590589e-18,-3.552713678800501e-19,-3.668176873361517e-15,2.4325210369892804e-16,1.8225842354226257e-26,-3.3201339913953405e-14,-6.938893903907228e-17,-1.4802973661668755e-18,1.4552191211938163e-40
0.00013080496264625176,2.3011494776670964e-65,1.0595249477773904e-11,-7.483461265766283e-25,2.263294799763265e-23,6.302070687524974e-12,-4.313091767418897e-21,-2.3093506273941244e-21,-2.1601135864832837e-17,4.398558909694354e-12,2.348530136369372e-16,5.1951354098263756e-20,2.7078610356711135e-16,-4.163336342344337e-16,2.8308666656959613e-09,-9.637352644315595e-18,-2.830867484870936e-09,4.3750291770172717e-13,-6.2856226405107016e-18,5.291890956445863e-13,-4.113734622348717e-19,-1.1102230246251565e-16,1.4866271603262717e-15,6.58719060821907e-22,1.2517764603900417e-15,1.892816245409379e-23,9.772115942200313e-19,-4.507309888741211e-13,-5.408851661133118e-13,4.440892098500626e-15,-2.1155164341180572e-17,-1.092752845106216e-22,-6.117460174614392e-20,-3.4679297326955594e-19,1.0862798064160348e-14,2.877764582246251e-26,-1.0839989710712398e-15,2.9338510790391602e-18,-5.736152293896642e-15,-5.5141076889716106e-15,2.3011494776670964e-65,1.0595136027783762e-11,-7.48346099650176e-25,2.263294799763265e-23,6.30316066008163e-12,-4.313091767418897e-21,4.5753331678888285e-22,-2.1601141511719153e-17,4.3954656803180116e-12,-1.0319497789623711e-11,-6.249233308608382e-12,-2.9849441061241544e-21,4.564491146163974e-22,-2.159453465473057e-17,-3.8304387282802077e-19,2.2279157596671544e-30,4.2101745751427615e-17,3.755179399494065e-20,-2.07805416393055e-21,3.250687289281507e-44,2.473528675839456e-60,-6.420222707674839e-07,1.5275232469780454e-20,-3.9259004429069057e-19,-1.5377611271105708e-07,-4.940103881523328e-16,-6.661338147750939e-19,4.873773606917098e-13,-4.789408063516021e-07,6.258382204881248e-07,1.5260656364262104e-07,2.1571633368466792e-17,-6.661338147750939e-19,4.872184137620176e-13,1.538054244688739e-17,1.8528764941831125e-26,-1.0728492673687927e-13,-1.989149585786739e-16,0.0,1.7380234877776942e-39
0.00016057229973762954,1.502835492401622e-63,7.67928819792966e-12,-1.8549264049915e-24,5.172652123789301e-23,1.2255986803211272e-11,-4.638962282886572e-20,-7.101524229780054e-22,-4.0937537151046595e-17,7.566995918750763e-13,1.702952681846877e-16,1.73924098502883e-19,4.06179155350667e-16,-1.3877787807814457e-16,5.437822313385706e-09,0.0,-5.437822877170836e-09,8.473067870424684e-13,-2.0872602078661398e-17,1.043919472828938e-12,-1.523315809848887e-18,-3.3306690738754696e-16,4.955423867754239e-15,-3.727983639710435e-21,1.50213175246805e-15,3.7532265204774735e-23,-5.433681821569023e-21,-8.697012900843231e-13,-1.0797306201581262e-12,2.338869838543663e-14,-8.46206573647223e-18,-2.9323512325326484e-22,-6.588034034200114e-20,-3.0344385161086144e-19,3.499945811205672e-14,2.726303288443817e-26,-4.1075818153806625e-15,3.91180143871888e-18,-2.475797344914099e-14,-2.4572936278370132e-14,1.502835492401622e-63,7.67917261631131e-12,-1.854926512697309e-24,5.1726522961185956e-23,1.2256973036528506e-11,-4.638962282886572e-20,1.1817803680091998e-21,-4.0937542797932905e-17,7.58977118190766e-13,-7.438402841823214e-12,-1.2140822036599274e-11,-9.304487518999038e-21,1.179611963664229e-21,-4.092526082019772e-17,-1.4248959368914847e-18,2.3665827156630354e-30,1.4357542175432967e-16,1.2790197503539935e-19,-4.1561083278611e-21,5.135267829212885e-43,1.3157160204525589e-58,-4.39750178338727e-07,3.603661616493624e-20,-1.087888403403092e-18,-2.982982201501727e-07,-1.402755689383639e-15,-1.9184653865522705e-18,1.236686864025671e-12,-9.284286643378436e-08,4.262049464159645e-07,2.9580490663647654e-07,8.957279362675763e-17,-1.9184653865522705e-18,1.2363856235116561e-12,-1.0603749386948348e-15,2.1406529524077376e-26,-4.0956578266988786e-13,-6.175615574477433e-16,2.960594732333751e-18,2.2329775897051798e-38
0.0001971138015058328,8.114867691826163e-62,3.4803330587844054e-12,-3.491886948871965e-24,5.650760622222714e-23,1.6325975593645127e-11,-1.5244018070417754e-19,1.6479873021779668e-22,-4.309460819518334e-17,-4.8506384094556176e-14,-1.4229701762967043e-16,4.774442379356739e-19,1.3539305178355567e-16,-4.163336342344337e-16,7.126388155079498e-09,2.4093381610788988e-17,-7.126388830898852e-09,1.1842230964333074e-12,-5.587701781805721e-17,1.5220899476209821e-12,-4.495910532636311e-18,-2.220446049250313e-16,1.325575884624259e-14,-2.6766865083261866e-20,1.50213175246805e-15,8.707684648369574e-24,-3.8521034596758517e-20,-1.2004696536450395e-12,-1.6170011066563792e-12,8.171241461241152e-14,-2.1155164341180572e-17,-4.300410222673756e-22,-8.470329472543003e-20,-3.4679297326955594e-19,9.403814936051017e-14,2.2416271482760271e-26,-1.2218216973931545e-14,3.91180143871888e-18,-8.274862276872834e-14,-8.289665250534502e-14,8.114867691826163e-62,3.4802923210008883e-12,-3.491886948871965e-24,5.650760966881303e-23,1.632652981697902e-11,-1.5244018070417754e-19,3.163701939312702e-21,-4.309461948895597e-17,-4.7960687273492416e-14,-3.3555390170173875e-12,-1.6151309978340577e-11,-2.062423582610551e-20,3.168038748002644e-21,-4.307736260437724e-17,-4.2295906931484005e-18,2.2186712959340957e-30,4.0677182371476293e-16,3.4982460721602604e-19,-9.848169733409999e-21,6.62976957652915e-42,5.748943919327894e-57,-1.7736807155112426e-07,3.920367411937204e-20,-2.6339240530752367e-18,-3.9635836146771907e-07,-2.7026048066147723e-15,-5.062616992290714e-18,1.448505389708051e-12,-6.805319571867585e-09,1.701737055554986e-07,3.926143632270396e-07,2.636224571972434e-16,-5.062616992290714e-18,1.4481882359973498e-12,-3.645440699952424e-15,2.908056841006738e-26,-1.2210164410146445e-12,-1.63526599668747e-15,9.62193288008469e-18,2.3275577503661765e-37
0.00024197106728599462,4.2368313432562625e-60,1.436759096880754e-12,-8.137446144657523e-24,-1.4211048398990978e-22,1.7652018868830055e-11,-3.3584517545454105e-19,5.707240235963695e-21,-3.3235539971185334e-17,-1.0089327891667683e-13,-8.683970945942641e-16,1.2694200436184448e-18,1.3539305178355567e-16,-4.163336342344337e-16,7.550644184692545e-09,6.746146851020917e-17,-7.550644677402198e-09,1.36266888875889e-12,-1.4105804187739188e-16,1.9310651269247606e-12,-1.2485333355918066e-17,2.220446049250313e-16,3.4687967074279675e-14,-1.2021515014756623e-19,1.3769541064290459e-15,-2.821843883569876e-22,-2.6282862516133086e-19,-1.3442916355193898e-12,-2.1796001696001502e-12,2.572016673714946e-13,-2.1155164341180572e-17,-4.8158632977422e-22,-1.2234920349228784e-19,-1.7339648663477797e-19,2.4783227795558703e-13,1.1713006720721583e-26,-3.393691064432317e-14,4.8897517983986e-18,-2.575717417130363e-13,-2.5845992013273644e-13,4.2368313432562625e-60,1.4368453093993593e-12,-8.137446144657523e-24,-1.421104564172227e-22,1.7652888573138627e-11,-3.3584653070725665e-19,8.929489092590615e-21,-3.323556255873059e-17,-1.0611813650029944e-13,-1.3955570921098114e-12,-1.7431639776077644e-11,-3.744021152135568e-20,8.935994305625527e-21,-3.320674085097869e-17,-1.180864882980743e-17,1.7009813268828067e-30,1.1198701423795681e-15,9.170543375606559e-19,-2.75568052173399e-20,8.307849526776987e-41,2.432018876452477e-55,-5.6747807684587315e-08,-1.800130654302995e-20,-6.311329677916496e-18,-4.278863139916211e-07,-4.122546748419608e-15,-1.3731238368563936e-17,1.0892597934741844e-12,-1.1322845239192247e-10,5.362283021289234e-08,4.2316491017118097e-07,6.798339668989684e-16,-1.3731238368563936e-17,1.0890151743344253e-12,-7.117106484259032e-15,5.371827220193002e-26,-3.3919876374777766e-12,-4.285923467980031e-15,2.7015426932545477e-17,2.353389140917199e-36
0.0002970365187837483,2.428341303098204e-58,7.986576141168674e-13,-2.617807435868006e-23,-1.5207929525839194e-21,1.7037200450431557e-11,-5.699108719670054e-19,2.474149357611921e-20,-3.069475735505608e-17,-9.50725128253301e-14,-2.4194883451153907e-15,3.703792734027304e-18,1.3539305178355567e-16,-8.326672684688674e-16,7.12904839418749e-09,1.3492293702041834e-16,-7.12904920282161e-09,1.3751867279220279e-12,-3.744930620094617e-16,2.4885520001272346e-12,-3.6654624412431475e-17,1.1102230246251565e-16,1.0232950286912503e-13,-5.192316873025633e-19,1.1265988143510375e-15,-1.850371451733035e-21,-7.469671461297629e-19,-1.319344736194271e-12,-3.2088543708479933e-12,8.658259294710054e-13,-1.692413147294446e-17,-4.95460184286523e-22,-1.5058363506743117e-19,-2.1674560829347247e-19,7.196080779063036e-13,-2.1810426307550534e-26,-1.0176427483420931e-13,-2.9338510790391602e-18,-8.647157064463803e-13,-8.670841822322473e-13,2.428341303098204e-58,7.98621139589765e-13,-2.6178075220326532e-23,-1.5207928422931711e-21,1.7038078681252956e-11,-5.699108719670054e-19,2.8761715231695463e-20,-3.069475735505608e-17,-1.0238068171020131e-13,-7.978267528111852e-13,-1.6778409417383955e-11,-5.2735593669694936e-20,2.8753041614315577e-20,-3.062125748277966e-17,-3.482410372619478e-17,3.106139814307734e-30,3.3985061491475667e-15,2.609990854806251e-18,-9.053088140253962e-20,1.1501272199574595e-39,1.132211194740755e-53,-2.145424926614699e-08,-1.333339832089254e-19,-1.5804725872943976e-17,-4.137709503993392e-07,-5.2328252841959964e-15,-4.2295056346119966e-17,6.310167203575172e-13,9.985718255241712e-11,2.0050957876568038e-08,4.0821260772645474e-07,1.7533086094090323e-15,-4.2295056346119966e-17,6.307909750091767e-13,-7.854565673581265e-15,1.4176777099907847e-25,-1.0174476285273004e-11,-1.2420620087993939e-14,8.733754460384564e-17,2.6331407581185106e-35
0.0003646332368608554,1.4080460965577038e-56,5.55640629803141e-13,-7.957383745624036e-23,-8.503346662419928e-21,1.2329655874054879e-11,-6.1360150901274e-19,9.026633607245315e-20,-5.921451480192519e-17,-8.343098064263662e-14,-5.079050109093805e-15,1.0731907441711985e-17,-5.415722071342227e-16,-5.551115123125783e-16,5.092865318107476e-09,2.4093381610788987e-16,-5.092866252177765e-09,1.1681540972238891e-12,-9.470482608774985e-16,3.581837668841831e-12,-1.0472307848361558e-16,3.3306690738754696e-16,3.031480551098656e-13,-2.0693273844325618e-18,1.2517764603900417e-15,-8.580798522313132e-21,-1.1135470204712279e-18,-1.3705258303612851e-12,-5.6780936541747714e-12,2.8703706078658797e-12,-1.692413147294446e-17,-4.624052715270797e-22,-2.0705249821771787e-19,-1.3004736497608347e-19,2.09618256215326e-12,-1.2440020930973268e-25,-3.029389981654447e-13,-2.93385107903916e-17,-2.866151760372304e-12,-2.8713328011538883e-12,1.4080460965577038e-56,5.554710469368729e-13,-7.957384434941214e-23,-8.503346772710677e-21,1.2330423260209499e-11,-6.1360150901274e-19,9.42865577280294e-20,-5.921451480192519e-17,-9.571200128751419e-14,-5.770587563347363e-13,-1.2089921597180365e-11,3.2854036331741997e-20,9.426921049326964e-20,-5.89936989594623e-17,-1.0005593925576977e-16,2.7511524069582787e-29,1.0253347856836902e-14,7.200344740293055e-18,-3.0339590793386032e-19,1.612424666472755e-38,5.318383544692327e-52,-1.0856021011325841e-08,-2.2774231321689523e-20,-3.462853195741282e-17,-3.03278403589502e-07,-3.4817260186059686e-15,-1.3173462320992258e-16,3.3500757723459174e-13,9.59475679943959e-11,1.0160303888066362e-08,2.980134799145162e-07,4.23787671621767e-15,-1.3173462320992258e-16,3.345716296602556e-13,5.964019652814681e-15,4.406513907692154e-25,-3.029300164596844e-11,-3.6165515027164474e-14,2.964295475749168e-16,2.9745377836359203e-34
0.00044761296680971997,7.499183839385219e-55,3.6452547647058963e-13,-1.574953264935319e-22,-3.54488851491271e-20,5.448600859381259e-12,3.8021343885807912e-19,2.816410299422145e-19,-1.6445341182586005e-16,-7.761021455128987e-14,-8.399822591185713e-15,2.7861737078351455e-17,-5.415722071342227e-16,-8.326672684688674e-16,2.354916056145083e-09,3.4212601887320363e-16,-2.3549168787834813e-09,1.4946832634793583e-12,-2.0145854054053383e-15,6.463770087647876e-12,-2.6638265289048114e-16,3.3306690738754696e-16,8.178927093728371e-13,-7.019988475547396e-18,1.2517764603900417e-15,-3.0757370028428356e-20,-7.500266590692164e-19,-3.668703443812129e-12,-1.2016331082619683e-11,8.621473905160807e-12,-1.692413147294446e-17,-5.117533805318302e-22,-2.635213613680046e-19,-4.334912165869449e-20,5.552806276802828e-12,-3.8935649926812435e-25,-8.176836524284163e-13,-1.075745395647692e-16,-8.613628329120123e-12,-8.622066024107275e-12,7.499183839385219e-55,3.643362352552989e-13,-1.5749533338670366e-22,-3.544888603145309e-20,5.4495188805958604e-12,3.8021343885807912e-19,2.8569160925862037e-19,-1.6445323112549795e-16,-8.80845618667081e-14,-4.0317236956373867e-13,-5.306034722707409e-12,6.4344146330497235e-19,2.8562222031958127e-19,-1.6382638156943927e-16,-2.5662916699505106e-16,1.8952383247934809e-28,2.794309803006174e-14,1.7187992565684262e-17,-9.466891969419264e-19,2.081175552420586e-37,2.2879210329302845e-50,-6.004362996729166e-09,1.5442034044695074e-18,-5.001792527612829e-17,-1.4062039845157413e-07,3.1566083080747378e-15,-3.7552183584921296e-16,4.062431872379572e-13,8.820788931866256e-11,5.621409218292683e-09,1.3714459782931953e-07,8.600498091482222e-15,-3.7552183584921296e-16,4.0503304414111575e-13,6.075072212082011e-14,1.2868151521454815e-24,-8.176845815703915e-11,-9.580993406051637e-14,9.270362255620057e-16,3.079735673337288e-33
0.0005494764267269912,3.8811403245397927e-53,2.0215035571406285e-13,-2.144939988261588e-23,-1.2724282105445396e-19,1.1797965271398424e-12,4.4699866637992746e-18,8.446368604531074e-19,-4.647794013083276e-16,-7.178944845994313e-14,-1.1826561930180528e-14,6.824600924891049e-17,-6.769652589177783e-16,-4.163336342344337e-16,6.991119387983951e-10,4.144061637055706e-16,-6.991128355239419e-10,5.635690993446761e-12,-3.415249712599831e-15,1.4639504079267744e-11,-6.234630329756704e-16,3.3306690738754696e-16,2.103949088651756e-12,-2.1430671452053945e-17,1.3769541064290459e-15,-9.470090461481361e-20,-8.23001379837015e-19,-1.6417101672954765e-11,-2.8478924644882365e-11,2.5014027886053707e-11,-8.46206573647223e-18,-9.334862459631629e-22,-2.635213613680046e-19,3.4679297326955594e-19,1.3839857877300193e-11,-1.080827792574171e-24,-2.103546460462501e-12,-3.657534345202153e-16,-2.5002666603768375e-11,-2.5014360952961095e-11,3.8811403245397927e-53,2.0206816960429326e-13,-2.144939988261588e-23,-1.272428245837579e-19,1.180669073619356e-12,4.469992084810137e-18,8.496502112986804e-19,-4.647790399076035e-16,-7.954857513444343e-14,-2.560090213895213e-13,-1.146491968029295e-12,3.051167174819569e-18,8.495808223596413e-19,-4.63056061955162e-16,-6.073483542694113e-16,1.0170389220561895e-27,7.306588600321033e-14,3.687529701440021e-17,-2.9024092157436953e-18,2.6173124416998175e-36,9.55744929348953e-49,-2.837142044616788e-09,7.237700700270591e-18,8.767812864629575e-18,-3.534163988661021e-08,1.1356315887667279e-14,-1.0446754572512872e-15,9.767179657652984e-13,7.959606591612101e-11,2.6323531831925114e-09,3.3762105158530175e-08,1.3784573482666928e-14,-1.0446399301144994e-15,9.732969985520868e-13,2.0717913415208658e-13,3.575294327304395e-24,-2.1035972535571455e-10,-2.3890843007616053e-13,2.844391389089651e-15,3.097031858009183e-32
0.0006745209945113374,2.05277626209673e-51,1.0113581083714961e-13,1.3367641811542111e-21,-4.2605161500385073e-19,3.9872247725725175e-13,1.657819931680238e-17,2.632217360742928e-18,-1.3341758253737624e-15,-6.014791627724966e-14,-1.468147638509186e-14,1.6687904313625324e-16,-9.477513624848896e-16,-1.3877787807814457e-16,1.314480532463206e-10,4.433182216385174e-16,-1.3144870994155314e-10,2.5520411672593036e-11,-3.3854797033007226e-15,3.802028459507139e-11,-1.3849578655904795e-15,7.771561172376096e-16,5.449231856175949e-12,-6.119012199538071e-17,2.0028423366240666e-15,-2.676492156311551e-19,-1.9255344376960708e-18,-6.651526958385575e-11,-7.183752301031302e-11,7.426696294980199e-11,-1.692413147294446e-17,-2.236586516418282e-21,-2.2587545260114677e-19,1.3871718930782238e-18,3.381867783230262e-11,-2.9629868035590874e-24,-5.448852456536074e-12,-1.25764416254812e-15,-7.425260406535017e-11,-7.426755506874845e-11,2.05277626209673e-51,1.0112704747674192e-13,1.3367641811542111e-21,-4.2605162559176255e-19,3.995012320956448e-13,1.657819931680238e-17,2.6364847804938308e-18,-1.3341758253737624e-15,-7.019688534152616e-14,-1.6766345349121063e-13,-4.527834107648232e-13,1.092052880416472e-17,2.6363980443200317e-18,-1.3293489573018569e-15,-1.3700116245134661e-15,4.987967503712458e-27,1.951002157042837e-13,7.303795697584381e-17,-9.273542581992681e-18,3.3862150690510986e-35,4.08008940062224e-47,-1.0098032362293453e-09,2.0430667339489905e-17,4.502417246902516e-16,1.3367709470912814e-09,1.0411760342776688e-14,-3.030216078059311e-15,2.6681457043764568e-12,7.035753997186589e-11,9.075083653442562e-10,-1.7367012333124877e-09,1.1948997347133172e-14,-3.0301094966489472e-15,2.6583254116493055e-12,5.461161642415101e-13,9.514192631493711e-24,-5.449172391089536e-10,-5.842201722394691e-13,9.089395902606157e-15,3.1964333250657334e-31
0.0008280220040497222,1.166760653168584e-49,5.614613958944877e-14,7.412156578410324e-21,-1.3849980139672572e-18,2.9933289624750613e-12,4.983759715679326e-17,8.970428566623667e-18,-4.068251811817358e-15,-5.432715018590291e-14,-1.6171815820950988e-14,4.27422989579887e-16,-1.3539305178355566e-15,1.3877787807814457e-16,1.5159109229030458e-11,4.481368979606752e-16,-1.5159324413044968e-11,1.0625408218674913e-10,6.414792185773196e-15,1.0963354255441013e-10,-2.930214352635959e-15,6.661338147750939e-16,1.4897738544822958e-11,-1.624152712727208e-16,5.5078164257161834e-15,-7.141675524920964e-19,-2.0677934196856552e-18,-2.437044839270622e-10,-1.9317054415994284e-10,2.358197341105021e-10,-8.46206573647223e-18,-6.0218748593860415e-21,-3.0116727013486233e-19,4.855101625773783e-18,8.353975134395415e-11,-8.3105802167437e-24,-1.4897227516736595e-11,-4.71567663437561e-15,-2.358035248543426e-10,-2.3581995615510703e-10,1.166760653168584e-49,5.5908344620547725e-14,7.412156578410324e-21,-1.384998028084473e-18,2.9941190859972265e-12,4.983759715679326e-17,8.974088833157978e-18,-4.068253257420255e-15,-6.020191752516742e-14,-1.3407467728635917e-13,-3.1378334597320644e-12,3.506103827405349e-17,8.973759235697543e-18,-4.0539331151260665e-15,-2.968748540696043e-15,2.4680302280744575e-26,5.607405695323502e-13,1.306271623710322e-16,-3.2407887137764216e-17,4.736672518322839e-34,1.8699793840210062e-45,-2.739679378767808e-10,4.300915318695165e-17,2.586305533162451e-15,4.0819577407091855e-09,-3.682578686436955e-14,-9.705587444841512e-15,7.964745899850337e-12,6.033709120482437e-11,2.1877688899015386e-10,-3.811006899923086e-09,-3.2072078326450535e-14,-9.705232173473633e-15,7.934802444727514e-12,1.3181145048185701e-12,2.3358158781819676e-23,-1.4898551234337269e-09,-1.4448211146008323e-12,3.176570118057498e-14,3.5534790971432955e-30
0.0010164552990485087,4.9961898599605967e-48,3.7471181713044644e-14,2.507204619855173e-20,-2.7261570754197155e-18,8.826827979646623e-12,9.485008264920047e-17,2.2208415662028357e-17,-8.60544997529263e-15,-4.268561800320943e-14,-9.11007524639581e-15,7.361190650090332e-16,-1.218537466052001e-15,4.163336342344337e-16,4.77254653139124e-13,4.577742506049908e-16,-4.770875053041993e-13,2.704618090332752e-10,4.031406541760224e-14,2.3057349311504242e-10,-4.278086259521753e-15,7.771561172376096e-16,2.95818983209457e-11,-2.1658936789268276e-16,1.3644363418251454e-14,-1.0849274076550736e-18,-1.90708563878982e-18,-5.489826206755789e-10,-3.88052897309017e-10,5.162217690350227e-10,-4.231032868236115e-18,-1.080239718857434e-20,-3.7645908766857794e-19,1.2137754064434457e-17,1.574835013687704e-10,-1.5587184667796115e-23,-2.958151117845604e-11,-1.2912856549211023e-14,-5.16212702213655e-10,-5.162226202060083e-10,4.9961898599605967e-48,3.728430897353974e-14,2.507204619855173e-20,-2.726157103654147e-18,8.826964403851888e-12,9.485008264920047e-17,2.2211572858754636e-17,-8.605451420895527e-15,-4.985641529250036e-14,-1.2847844269951261e-13,-9.021738378578447e-12,7.043662528238847e-17,2.2210740191486168e-17,-8.576260361603526e-15,-4.56362953637065e-15,8.322955866624807e-26,1.1117720893519316e-12,1.4216600986716177e-17,-8.178100846985743e-17,4.8902096846060654e-33,6.402842831235373e-44,-5.5380223784595726e-11,5.899757227172351e-17,7.681495485985697e-15,-6.883421156089753e-09,-1.8583130589888697e-13,-2.224119555194193e-14,1.679253773071802e-11,4.990433811376723e-11,2.3209819725404183e-11,7.622082193847745e-09,-1.7403785079750377e-13,-2.224027184638544e-14,1.6729201727609203e-11,2.2022330664488134e-12,2.1694104033910265e-23,-2.9584792288484475e-09,-2.7277809640698556e-12,8.017012979403641e-14,2.8754411996689507e-29
0.0012477704335279345,1.8543315408064886e-46,2.8861298536260925e-14,6.197550286739972e-20,-3.262197189173958e-18,1.797943696146831e-11,1.236263045059638e-16,4.855043450602281e-17,-1.5209004484058782e-14,-3.104408582051595e-14,-2.190533715992738e-15,9.998873835385484e-16,-1.624716621402668e-15,1.3877787807814457e-16,-1.3386885157494632e-14,4.481368979606752e-16,1.3569392523196358e-14,5.384361192331323e-10,1.0969661046122986e-13,4.1598443036447897e-10,-4.0698544375504445e-15,7.771561172376096e-16,4.99330808322322e-11,3.452549730792841e-17,3.179512209390706e-14,-7.718567219839947e-19,-2.9402857740314766e-18,-9.621829970425847e-10,-6.655587708866183e-10,9.486307572803554e-10,4.231032868236115e-18,-1.3144933909233301e-20,-6.023345402697247e-19,2.644296421180364e-17,2.4957841671888385e-10,-2.3768517913828405e-23,-4.99326162612446e-11,-3.132570592126079e-14,-9.486288791530721e-10,-9.48631987777541e-10,1.8543315408064886e-46,2.864955680100441e-14,6.197550286739972e-20,-3.2621974150494106e-18,1.7979505173570944e-11,1.2362628282192033e-16,4.8554632536834676e-17,-1.520900592966168e-14,-3.9545966501464135e-14,-1.371319058307563e-13,-1.8114661770596284e-11,9.49596738047953e-17,4.85527243410111e-17,-1.5160495833258885e-14,-4.9097673834376505e-15,2.2947648188517145e-25,1.8637581452117494e-12,-5.33203852164793e-16,-1.8049725487393845e-16,4.374735020804423e-32,1.8958223373487503e-42,-2.828261690031771e-11,4.125285002198424e-17,1.5955490632417005e-14,-2.1111959358677267e-08,-4.776078643686788e-13,-4.494566496759944e-14,3.0069982059899304e-11,3.951039010037978e-11,1.4177445943156877e-11,2.2231644834391774e-08,-4.555127608441012e-13,-4.4943675447939314e-14,2.9958041973069765e-11,3.4784027644663927e-12,-6.121136532892405e-23,-4.99382443839024e-09,-4.332666170281385e-12,1.7696307382427297e-13,1.9989676439450695e-28
0.0015317260446612003,5.140010357669723e-45,2.1949138802786668e-14,1.01512838264237e-19,4.420554272748419e-19,2.4340261006727814e-11,4.370392936436929e-17,7.912927257880397e-17,-1.8367156753851254e-14,-1.940255363782247e-14,1.3847753607691595e-15,7.57934116221252e-16,-1.3539305178355566e-15,1.3877787807814457e-16,-2.6305906960834756e-14,4.384995453163596e-16,2.683038976177462e-14,7.265095281444363e-10,1.8879586112465385e-13,5.453668524531823e-10,-1.0536095092591488e-15,8.881784197001252e-16,6.180094933871352e-11,8.767716139945293e-16,5.770689482398092e-14,1.0364536199580207e-18,-2.137655220507279e-18,-1.1362835011565379e-09,-8.649704208699214e-10,1.1966276950807024e-09,1.692413147294446e-17,2.90366244400255e-21,-3.7645908766857794e-19,4.24821392255206e-17,3.196043817196525e-10,-2.9907749022620407e-23,-6.180070156752013e-11,-5.723356684989593e-14,-1.1966290180964734e-09,-1.1966282779477904e-09,5.140010357669723e-45,2.157941973261283e-14,1.0151284002888897e-19,4.420554272748419e-19,2.4340164372915753e-11,4.3703907680325837e-17,7.913253385893881e-17,-1.8367159645057048e-14,-2.975374021237561e-14,-1.4818416123792606e-13,-2.4205843374147663e-11,2.3382077524169986e-17,7.912955013456013e-17,-1.831499940134022e-14,-2.5340836360999787e-15,4.253601109824113e-25,2.1022959902208722e-12,-1.856802381844149e-15,-2.915567816110428e-16,2.8796326568918813e-31,4.1698449668581195e-41,-2.0264511135792418e-11,-3.0786068862022805e-17,1.8840085972785894e-14,-3.0468410113826395e-08,-7.904457755003591e-13,-6.548603437295242e-14,3.757273011236369e-11,2.9824635324378807e-11,2.4948288531353075e-11,3.1539436895400284e-08,-7.612676933277385e-13,-6.548276587636792e-14,3.743754935688533e-11,5.988217835032365e-12,-3.173853236274754e-22,-6.180579078783232e-09,-5.564088541761454e-12,2.858920507738579e-13,1.00934015205903e-27
0.0018803015465431966,1.2120588684244774e-43,1.5643308870494366e-14,1.0937358459442069e-19,8.769635227781163e-18,2.586766640888527e-11,-1.8220381800548857e-16,1.1264295052271223e-16,-1.6953151845318832e-14,-5.820766091346741e-15,2.043772808261258e-15,-5.336307567702092e-17,-1.4893235696191124e-15,4.163336342344337e-16,-6.416263281678695e-14,4.433182216385174e-16,6.460881212749175e-14,7.714816409180322e-10,2.4927160302571487e-13,5.935253580603093e-10,4.855667586080925e-15,8.881784197001252e-16,6.346312238955498e-11,2.0332813821314082e-15,9.188039219262905e-14,3.697615988234884e-18,-1.6865822292564782e-18,-1.0386111523376295e-09,-9.572510226345998e-10,1.19739219002953e-09,2.1155164341180572e-17,5.1115625952714345e-20,-4.517509052022935e-19,5.756763356274629e-17,3.6372074280070746e-10,-6.11338171464972e-23,-6.346304496105706e-11,-9.157527168040899e-14,-1.197394183805045e-09,-1.1973919633589958e-09,1.2120588684244774e-43,1.551233215953592e-14,1.0937359165302856e-19,8.769635227781163e-18,2.586741629784228e-11,-1.8220386137357548e-16,1.1264600363602996e-16,-1.695315762773042e-14,-2.0972379388695117e-14,-1.5898725299242264e-13,-2.5351931753903046e-11,-1.8376702069777818e-16,1.1264177091074856e-16,-1.691626584180798e-14,3.135951958054213e-15,5.827536387921076e-25,1.7731745454791607e-12,-4.01142154794291e-15,-4.0013890638401773e-16,1.6076974307451366e-30,7.786234670058633e-40,-1.412481580587155e-11,-1.3640446555838552e-16,1.1396822374720728e-14,-3.2731717510614546e-08,-1.0049372223264185e-12,-7.979835459082096e-14,3.7289839364499734e-11,2.0923713820823292e-11,3.678530144194762e-11,3.3415568759664894e-08,-9.731439876148328e-13,-7.979366500876495e-14,3.716509174485812e-11,1.2632865118975958e-11,-7.576845164015022e-22,-6.34637665946578e-09,-6.35530748397765e-12,3.924469083038673e-13,4.2896186089377466e-27
0.002308202513273028,3.201755162574221e-42,1.0792670461038748e-14,2.5933664214948063e-20,2.3877404321688094e-17,2.764827513601631e-11,-5.253133865401604e-16,1.829647544582258e-16,-1.4542724663391126e-14,-1.940255363782247e-15,2.23136437011487e-15,-1.0853902773661865e-15,-1.4893235696191124e-15,2.7755575615628914e-16,-3.0268364733999136e-14,4.577742506049908e-16,3.068533081950086e-14,8.222449078134761e-10,2.955384240158911e-13,7.013941817527226e-10,1.6878194401898536e-14,1.1102230246251565e-15,6.925068581030186e-11,3.5544534010252196e-15,1.6974088802888963e-13,7.781678568118909e-18,-2.7350318772249164e-18,-9.125614835888957e-10,-1.096564079848894e-09,1.2592326556482014e-09,2.1155164341180572e-17,1.47542654897435e-19,-1.5058363506743117e-19,8.81287643321259e-17,3.9515293814851304e-10,-1.7639626562693315e-22,-6.925060838180392e-11,-1.697526234332058e-13,-1.259234494455086e-09,-1.2592310897711438e-09,3.201755162574221e-42,1.0701247295704282e-14,2.5933671273555957e-20,2.3877404321688094e-17,2.764740543170774e-11,-5.253134299082473e-16,1.8296711368215313e-16,-1.4542730445802714e-14,-1.363199923313611e-14,-1.7993594762325908e-13,-2.6696466193243396e-11,-4.932935136758854e-16,1.829603135661273e-16,-1.4533617365142248e-14,1.610486356424449e-14,6.596013127351177e-25,1.7402016196341114e-12,-7.100507790243349e-15,-6.21272420083437e-16,1.0221923887526897e-29,1.6298344435737478e-38,-9.30497966085871e-12,-2.857841278440058e-16,-6.3876348654900995e-15,-3.494762859190814e-08,-1.1499876606535508e-12,-1.173302877077731e-13,3.7759502191647697e-11,1.3720515804986158e-11,5.92199891495208e-11,3.515265416353941e-08,-1.1111208841896314e-12,-1.1732268490050047e-13,3.7652553667536875e-11,2.7554609111209195e-11,-1.6227991148583289e-21,-6.924380272654955e-09,-6.944680941423087e-12,6.095051315509655e-13,2.097492240407043e-26
0.002833481072264552,8.775242985918106e-41,7.761021455128988e-15,-3.2956122154266667e-19,4.583951490957916e-17,2.842698449967429e-11,-9.751752357012312e-16,3.052728902996904e-16,-7.176134686481817e-15,1.1641532182693482e-14,2.174493918497541e-15,-2.4866447876498166e-15,-1.3539305178355566e-15,2.7755575615628914e-16,-3.082341601285769e-14,4.384995453163596e-16,3.1302121388737054e-14,8.40910948046365e-10,3.0952126842004546e-13,8.273940544328969e-10,3.774293321732812e-14,7.771561172376096e-16,7.586952158486451e-11,4.400858319229996e-15,3.366026901988822e-13,1.3774030748200323e-17,-2.926915864046183e-18,-7.409601971365136e-10,-1.23735626396167e-09,1.220680562995698e-09,2.5386197209416687e-17,3.282914415100456e-19,-4.517509052022935e-19,1.3741671565806155e-16,4.099237196456577e-10,-5.065964264004449e-22,-7.586949061346533e-11,-3.365557485816176e-13,-1.2206820739398456e-09,-1.2206774850180106e-09,8.775242985918106e-41,7.494094234061776e-15,-3.2956120742545087e-19,4.583951490957916e-17,2.8425870368664618e-11,-9.75175322437405e-16,3.0527705363603276e-16,-7.176134686481817e-15,-7.992184691829607e-15,-2.1292218358818596e-13,-2.7091402898804516e-11,-8.986740605149147e-16,3.0526747796244534e-16,-7.225296749791e-15,4.12445831800299e-14,-1.30786827198402e-25,1.90973131585986e-12,-1.1208857012406462e-14,-9.891436628106653e-16,7.02549474202047e-29,3.532629141365678e-37,-6.1634670108408805e-12,-3.4084610134321734e-16,-4.1284597962487626e-14,-3.593571454985067e-08,-1.150688733186911e-12,-1.8626984399361391e-13,3.226768778101056e-11,8.064671415860167e-12,9.479748162751397e-11,3.562511083146091e-08,-1.102107394235219e-12,-1.862571252786438e-13,3.2215048406669665e-11,5.391498697751638e-11,-3.123123800270525e-21,-7.58520190277636e-09,-7.26085164215462e-12,9.708057968627059e-13,1.1492492929260562e-25
0.0034782974807080124,3.54253866335863e-39,8.24608529607455e-15,-1.721554485339255e-18,9.656886112522726e-17,4.19757270719856e-11,-1.4257278951185226e-15,6.981974720599026e-16,1.1232103210486363e-14,7.761021455128988e-15,2.7273552773081173e-15,-3.3690136907090404e-15,-1.3539305178355566e-15,1.3877787807814457e-16,-4.5757698604305246e-14,4.192248400277284e-16,4.6567687977332956e-14,1.2364839457814871e-09,3.220412967138271e-13,1.3925891705940258e-09,7.71835859959336e-14,6.661338147750939e-16,1.208687346431672e-10,3.100163522874839e-15,1.0300868492549652e-12,3.337248887354831e-17,-8.64394186836965e-18,-8.999426139224412e-10,-1.7981324956138473e-09,1.5261556026458882e-09,1.2693098604708344e-17,6.659258880388777e-19,-1.3552527156068805e-18,3.1081320229283954e-16,4.0546498974873527e-10,-1.1717013376813637e-21,-1.208688585287639e-10,-1.0302042032981268e-12,-1.5261575706896717e-09,-1.5261515014704703e-09,3.54253866335863e-39,7.407171172720458e-15,-1.721554485339255e-18,9.656886112522726e-17,4.19745049384801e-11,-1.4257279818546964e-15,6.982082967343928e-16,1.1232103210486363e-14,-3.989460613714376e-15,-3.26609021309802e-13,-4.017943524559087e-11,-1.2654241370035902e-15,6.981867861632907e-16,1.1002633989084151e-14,9.367516383113788e-14,-6.702616634639124e-24,4.898208079206161e-12,-1.6618678004912124e-14,-2.310616252730139e-15,7.983809211401225e-28,1.1317802621679362e-35,-5.624088809478659e-12,2.883436545086937e-16,-1.3358486169086822e-13,-5.1934954444732287e-08,-1.1718752412903655e-12,-4.90858198531896e-13,2.411439936622628e-11,3.99983644168896e-12,2.1698166771481435e-10,5.097659050079528e-08,-1.0774073078145818e-12,-4.90829208388277e-13,2.419742628489985e-11,1.0119901848040339e-10,-7.530083610011634e-21,-1.2082984447665306e-08,-7.286016697379457e-12,2.2692000130793605e-12,1.1262224885032434e-24
0.00426985501428828,1.0910063072907226e-37,1.0550138540565967e-14,-3.5590188791221356e-18,7.994825866145897e-17,4.8647416406311093e-11,-1.9693649488949917e-15,1.1455517090475098e-15,4.863059029543611e-14,1.1641532182693482e-14,1.9463556215137077e-15,-3.2682054762131485e-15,-1.3539305178355566e-15,4.163336342344337e-16,-5.319683134390648e-14,3.903127820947816e-16,5.381497716585828e-14,1.4373711983046771e-09,2.5891216591331777e-13,1.5541340517482482e-09,1.431614823836563e-13,7.771561172376096e-16,1.375417537886131e-10,-9.972435149148094e-15,2.4517293753199357e-12,5.855128595867227e-17,-2.5584762095206658e-17,-1.1195877221989511e-09,-1.9756382576408512e-09,1.0879836223204782e-09,2.5386197209416687e-17,1.2520702059970159e-18,-4.517509052022936e-18,4.66393199925894e-16,4.213599301513781e-10,-2.8747628213514786e-21,-1.375418931599094e-10,-2.4516589628940388e-12,-1.0879849613824415e-09,-1.0879797803416598e-09,1.0910063072907226e-37,9.420375590707409e-15,-3.5590187661844096e-18,7.994824420543e-17,4.8646143113728614e-11,-1.9693650356311652e-15,1.1455586479414137e-15,4.863059029543611e-14,-1.5120349416974931e-15,-4.269168130122125e-13,-4.6817609700156026e-11,-1.7038637861732653e-15,1.1455286719197488e-15,4.8114012773936566e-14,1.9029440301964813e-13,-3.409777425437095e-23,5.941487403214089e-12,-2.3190605613505426e-14,-3.68393105372918e-15,7.741800300559678e-27,2.7707848891108502e-34,-7.65191489430587e-12,2.7408855278003113e-15,-2.0180362566198557e-13,-5.948465352503263e-08,-8.469231094210272e-13,-8.050819388927266e-13,-1.7307151267687003e-11,1.4794447620684419e-12,3.2841441376755634e-10,5.857859614479821e-08,-7.217331288167372e-13,-8.050343680565674e-13,-1.694899628053766e-11,1.5913795394500092e-10,-9.922341640303274e-21,-1.3750853262700368e-08,-7.706034884276866e-12,3.6218470815067387e-12,9.556466728938505e-24
0.005241547608898503,3.195639594044624e-36,1.3339255626002947e-14,-2.5885823794087142e-18,-9.221526898565517e-17,4.847042873734608e-11,-2.4325583214412916e-15,1.6141366021571457e-15,9.174922395901083e-14,9.701276818911234e-15,9.544486861356666e-16,-3.55688785716457e-15,-1.624716621402668e-15,5.551115123125783e-16,-5.328928969583788e-14,3.5658204783967704e-16,5.381497716585828e-14,1.4419405321166877e-09,1.7365413213935642e-13,1.3571864158997926e-09,2.464801722628558e-13,9.992007221626409e-16,1.2735191568935007e-10,-3.1295555394793684e-14,5.44159745096155e-12,9.739055106731468e-17,-5.31177053976658e-17,-1.260672114793624e-09,-1.7939169529702054e-09,5.340482717511308e-10,2.96172300776528e-17,2.130469842079327e-18,-1.4154861696338532e-17,5.42037417220316e-16,4.364834204667471e-10,-6.660871882583255e-21,-1.2735183826085212e-10,-5.441480096918389e-12,-5.340482130596532e-10,-5.34043624137818e-10,3.195639594044624e-36,1.2470498707746932e-14,-2.5885823794087142e-18,-9.22152978977131e-17,4.846885985898552e-11,-2.432558408177465e-15,1.6141454839413428e-15,9.174922395901083e-14,-1.8000415972589204e-16,-4.88320968846286e-13,-4.6818325927233674e-11,-2.0723914771758613e-15,1.6141149528081656e-15,9.083456209424412e-14,3.565795239879144e-13,-1.206185237260735e-22,5.112487575812668e-12,-3.1344709452406825e-14,-4.895299299025509e-15,7.896064167301051e-26,6.533031510340716e-33,-1.101995620681843e-11,5.799471551141503e-15,-1.5864749514094e-13,-5.906055463356097e-08,-3.951339644370222e-13,-1.0818385831612432e-12,-6.493374726801448e-11,1.7462309237492591e-13,4.0076459602763255e-10,5.853190232301131e-08,-2.61146870794704e-13,-1.0817716145083978e-12,-6.425809810176967e-11,2.2356297853017307e-10,-6.088049308390284e-21,-1.2736442317919228e-08,-8.129654357110402e-12,4.823406257736806e-12,8.136804594901472e-23
0.006434368671632525,1.1950026591528091e-34,1.964508555829525e-14,1.1872813387818481e-17,-6.724774672302776e-16,5.2555697038769724e-11,-2.786392297449147e-15,2.415870836713907e-15,1.724812422517393e-13,9.701276818911234e-15,4.2049125423486426e-16,-5.3580909963509465e-15,-1.624716621402668e-15,5.551115123125783e-16,-5.767533923444695e-14,3.0839528461809903e-16,5.782411586589357e-14,1.5772948097941344e-09,1.0204068957324659e-13,1.2052898892123648e-09,3.998757509759024e-13,1.2212453270876722e-15,1.237701353177373e-10,-6.241065097204003e-14,1.4891132772799934e-11,1.9240194421309165e-16,-8.273645676778286e-17,-1.4872141085540171e-09,-1.6438544582400896e-09,2.360807234020231e-10,4.654136155059726e-17,3.204679672765191e-18,-6.053462129710734e-17,5.165914828066623e-16,4.381638398362927e-10,-1.1910987230457322e-20,-1.2376959331825176e-10,-1.4890616415010026e-11,-2.360807845510256e-10,-2.3607501139129755e-10,1.1950026591528091e-34,1.8808776758305612e-14,1.1872812936067577e-17,-6.724775250543935e-16,5.255433848105895e-11,-2.786392384185321e-15,2.415903033181621e-15,1.724811959924466e-13,5.684341886080802e-16,-5.800150878106555e-13,-5.1037721959801273e-11,-2.352223624213501e-15,2.4158927636186432e-15,1.7048154554721861e-13,6.314266310940351e-13,-4.517726887021488e-22,4.842680231913037e-12,-4.1541739304850243e-14,-7.097550990218619e-15,1.0414706363519824e-24,2.002015707822779e-31,-1.7717172025773682e-11,5.5692700451359656e-15,8.155461491317813e-14,-6.393603118226565e-08,1.621455747446987e-14,-1.6430406546419363e-12,-1.2628946185107755e-10,-4.287963479658134e-13,5.155908487116297e-10,6.36630267763394e-08,1.7080698522242698e-13,-1.642940326007647e-12,-1.2501456462625052e-10,3.0188838831869067e-10,3.192420856087155e-20,-1.2386379282883786e-08,-8.315466371033864e-12,7.030069674544374e-12,8.374356629990992e-22
0.00789864049545215,4.5046475514503895e-33,2.2070404763023058e-14,6.185841769368316e-17,-1.985742357583457e-15,4.099583748029545e-11,-3.11862801208318e-15,2.689480305129166e-15,2.837916938484379e-13,1.940255363782247e-14,1.0794343323860702e-16,-7.878129210913317e-15,-1.3539305178355566e-15,0.0,-4.493024152960971e-14,2.891205793294679e-16,4.564250212347866e-14,1.242342449114478e-09,2.854955812792956e-14,7.150613370155396e-10,6.368359268998489e-13,1.3322676295501878e-15,8.360815926794292e-11,-6.961555417780912e-14,3.750547595091435e-11,2.639460802430593e-16,1.0235195993399913e-16,-1.2138372854072523e-09,-1.1482343757977508e-09,6.169404360931625e-11,5.0772394418833374e-17,3.7794047623670345e-18,-2.541851759938238e-16,-3.409841909672909e-16,4.325352866571993e-10,-1.5257346398540595e-20,-8.360749338286068e-11,-3.750438064651151e-11,-6.169346515131717e-11,-6.168532351580325e-11,4.5046475514503895e-33,2.0817717919878002e-14,6.185841588667954e-17,-1.9857424732316888e-15,4.0993842276293434e-11,-3.1186280988193536e-15,2.6894994564763407e-15,2.837916938484379e-13,8.071765478234739e-16,-5.031968915621595e-13,-3.958544994020485e-11,-2.592915465671197e-15,2.6896301852374904e-15,2.796259982821662e-13,1.0869619712945604e-12,-1.3968681399126807e-21,1.808427740588356e-12,-5.416256635901173e-14,-7.59903063506558e-15,1.2320663652064743e-23,6.207989425335538e-30,-2.0638955196735274e-11,-1.661689119636378e-14,7.915062383290205e-13,-4.979994425511336e-08,5.517885093286878e-13,-1.8480784902408232e-12,-1.7829827688350027e-10,-8.653545111962184e-13,4.64424859577169e-10,4.9709921040630434e-08,6.722329581876352e-13,-1.8479660113257525e-12,-1.761830503710371e-10,3.775929004222822e-10,1.9792508863469766e-19,-8.376969617518396e-09,-8.391285351757224e-12,7.648931071857489e-12,7.192437954337318e-21
0.009696137237434288,1.7499096744839575e-31,1.721976635356744e-14,1.529393509983971e-16,-4.079611879796256e-15,2.2537824406754225e-11,-3.4229048415101992e-15,1.2902878765430615e-15,4.754285853891815e-13,1.5522042910257976e-14,2.0886535460090563e-17,-1.4130976120144134e-14,-8.12358310701334e-16,0.0,-2.4237791316818656e-14,2.9393925565162567e-16,2.5442610980993173e-14,6.892927350199213e-10,-5.5909529659301225e-14,2.772718440505776e-10,9.74015417991416e-13,1.3322676295501878e-15,3.857648818330642e-11,-4.757713525286409e-14,8.899279425380131e-11,-4.4947992874166193e-17,1.2451023849175045e-15,-6.812009207617049e-10,-6.977558582601104e-10,1.3050198074959773e-11,3.807929581412503e-17,8.401838917823613e-19,-1.0504714382303998e-15,-3.1246480382803577e-15,4.1950932714720606e-10,1.1477130999173259e-21,-3.857572938402668e-11,-8.899201189351357e-11,-1.3049265371970856e-11,-1.3035054517255654e-11,1.7499096744839575e-31,1.5786601655539318e-14,1.5293936545442605e-16,-4.0796121110927195e-15,2.253595994261559e-11,-3.4229049282463732e-15,1.29030675033448e-15,4.754285853891815e-13,6.849631972727366e-16,-2.626317533819626e-13,-2.1181455167607056e-11,-2.810889541959849e-15,1.2909390223470042e-15,4.668213963536042e-13,1.802566065363871e-12,-3.628330821735822e-21,-1.6160256660730043e-12,-6.991074747465335e-14,-5.727189555937429e-15,1.3033899441764116e-22,1.9574192326522262e-28,-1.69190001268286e-11,-7.577866297422038e-14,2.090488138151159e-12,-2.7342094759452706e-08,1.2488602985083475e-12,-1.4547245896778804e-12,-2.4842587838710036e-10,-7.04315524420925e-13,2.625262519965569e-10,2.7318153297528624e-08,1.3068379267622276e-12,-1.4546674620419254e-12,-2.448769305847994e-10,4.5624393152365883e-10,7.710816369999876e-19,-3.8738411613609166e-09,-8.276902311680582e-12,6.156725731084241e-12,5.2524969091019445e-20
0.011902691024017547,6.856124142533238e-30,7.882287415365378e-15,2.1779768382320282e-16,-5.8892922945770935e-15,8.234746928792447e-12,-3.5747466618774035e-15,-5.220408549888589e-15,7.994382470825437e-13,1.1641532182693482e-14,8.082469722127435e-18,-2.8410813198570528e-14,-8.12358310701334e-16,2.7755575615628914e-16,-9.116634434252418e-15,4.144061637055706e-16,1.310679959626921e-14,2.5388724530096555e-10,-1.594367039633461e-13,6.38512175948773e-11,1.436260702635925e-12,1.5543122344752192e-15,1.1376786001186876e-11,-2.116940501766772e-14,2.000706805982641e-10,-1.9686828361699412e-15,5.23440683731115e-15,-2.5139123618423924e-10,-4.680057891613784e-10,5.783294199437905e-12,-4.654136155059726e-17,-1.9577379865660038e-17,-4.4729362960429754e-15,-1.0327451394845717e-14,4.027176492799174e-10,1.002410553516261e-19,-1.1375655545117044e-11,-2.0006960094106704e-10,-5.782485601457665e-12,-5.753915862290644e-12,6.856124142533238e-30,6.05050824257584e-15,2.1779769827923178e-16,-5.8892922945770935e-15,8.23284267426061e-12,-3.5747467486135775e-15,-5.220406884554052e-15,7.994382470825437e-13,3.874826385678413e-16,4.430755022137115e-14,-6.9065777097421234e-12,-2.890498430885291e-15,-5.2183535270700075e-15,7.832551274233879e-13,2.8881945184142822e-12,-6.967799510693044e-21,-3.693927808019877e-12,-9.019627854207439e-14,-1.8361007159128918e-15,1.2456530325593704e-21,6.082095192715779e-27,-8.47056504937882e-12,-1.5701643688951588e-13,3.73837523900041e-12,-9.980539355647355e-09,2.1288490692494832e-12,1.7430991761102631e-13,-3.7848575829002586e-10,-5.229047861377011e-13,8.638501943399509e-12,9.97247680061264e-09,2.1347145495731466e-12,1.741003075039771e-13,-3.7273218585672417e-10,5.434948550640386e-10,2.434652277455902e-18,-1.1496662659971718e-09,-7.905710808220334e-12,3.248622944725573e-12,3.328176351614774e-19
0.014611391128650755,2.0057874783006726e-28,-2.4253192047278088e-16,5.728317126196814e-18,-2.518013112832544e-15,1.296757545787841e-12,-1.84986123641373e-15,-1.8085608566309474e-14,8.887714638324458e-13,1.1641532182693482e-14,6.464055974218274e-18,-5.340151064403553e-14,-5.415722071342227e-16,-2.7755575615628914e-16,-1.5493550212087995e-15,8.239936510889834e-16,1.5419764230904952e-14,4.030752568241057e-11,-1.6190426601552397e-13,3.0848821559252786e-12,1.962218075261877e-12,1.5543122344752192e-15,1.3686880722737207e-12,3.822052131047489e-14,3.0931258640827285e-10,-6.702793452813655e-15,1.132209350900617e-14,-3.971226768154744e-11,-3.8891164190899453e-10,4.739467354455036e-12,-3.173274651177086e-16,-8.866568838290605e-17,-1.4743342542182052e-14,-2.0427319900983288e-14,3.8386344167906133e-10,3.1815682464504593e-19,-1.367805387397277e-12,-3.0931144416225274e-10,-4.739320047519868e-12,-4.685881312601244e-12,2.0057874783006726e-28,-1.967729682898304e-15,5.728302670167847e-18,-2.518013112832544e-15,1.294785079153371e-12,-1.84986123641373e-15,-1.8085613007201574e-14,8.887714638324458e-13,9.379164112033322e-17,1.3795518801392367e-13,9.811174095375464e-15,-1.1176502431875513e-15,-1.8081551811377493e-14,8.709221307097911e-13,4.491604596130467e-12,-2.0568298295528523e-21,-4.457001140855683e-12,-1.1648129654105258e-13,2.701651113471796e-15,8.213409622235122e-21,1.3773175804451227e-25,-3.9538683438422595e-13,-1.3271597154584925e-13,3.268876014317357e-12,-1.5744250894789146e-09,2.4862049752272243e-12,4.216402302859024e-12,-4.1895892977095173e-10,-2.7552026586145453e-13,-1.4076940715312958e-10,1.566620085213799e-09,2.477653893162568e-12,4.215646072225354e-12,-4.1342364790845447e-10,6.388918076753446e-10,4.138772552310085e-18,-1.4544169051858692e-10,-7.218267650266341e-12,8.979021230241339e-14,1.3877858466271698e-18
0.017936511187564473,4.471186547043167e-27,-6.063298011819521e-16,-4.3822312676781533e-16,4.946128691803627e-15,7.821654435247182e-14,2.3122167375211333e-15,-2.851420211058553e-14,5.933134539226614e-13,1.3581787546475728e-14,5.596970376691027e-18,-8.889012211484489e-14,1.3539305178355567e-16,1.3877787807814457e-16,8.221866474681742e-17,1.8937397946080145e-15,3.854941057726238e-14,2.6157429860153663e-12,-6.215440412545275e-14,-2.6774593524204672e-12,2.444789566205078e-12,1.4432899320127035e-15,9.105591356998414e-14,1.884388847504145e-13,3.3730155699671796e-10,-1.3512582697225315e-14,1.360089906393565e-14,-2.4488799679148624e-12,-3.633827089362417e-10,4.111357088110168e-12,-1.0154478883766676e-15,-2.6329225072011875e-16,-4.021847958834979e-14,-2.846316332846378e-14,3.6361409684249316e-10,7.244679415310931e-19,-8.990997180056598e-14,-3.373004382215065e-10,-4.11137790479188e-12,-4.02241203308525e-12,4.471186547043167e-27,-2.1223911517154194e-15,-4.382231845919312e-16,4.946127766617773e-15,7.645439836778678e-14,2.3122165640487858e-15,-2.851419655947041e-14,5.933134539226614e-13,1.0421293457814803e-17,-1.472092966044632e-13,1.2014652384095824e-12,3.116096443378513e-15,-2.850929048392459e-14,5.863798335781212e-13,6.80188085482585e-12,2.969259159047712e-20,-4.5590209297330736e-12,-1.4984758225922157e-13,5.114038532927356e-15,4.017459171289337e-20,2.3382754594580922e-24,1.4079708066105924e-12,7.636535848121184e-15,6.257713162464522e-13,-1.0349757574301676e-10,2.2314405212497945e-12,8.885731048735579e-12,-3.1339915255538623e-10,8.707701226740028e-15,-1.043561496771872e-10,9.493996913079173e-11,2.249576036561507e-12,8.884495059646724e-12,-3.113706862715541e-10,7.394508067874954e-10,2.4189656243194465e-18,-1.8428230279404464e-11,-6.221854050488436e-12,-1.224825241230576e-12,4.033308074728951e-18
0.02201833013358902,9.044979361150996e-26,2.78911708543698e-15,-9.569931652686492e-16,1.2164802498659811e-14,-8.913048077374696e-15,8.170924006845048e-15,-2.8258447803963805e-14,1.2427938308097925e-13,1.5522042910257976e-14,4.748769726138673e-18,-1.450968793899332e-13,2.1662888285368908e-15,8.326672684688674e-16,1.691054221807252e-16,4.81385764583564e-15,1.0593378026631703e-13,7.496971038005281e-14,3.423386342735168e-14,-2.5966051014773807e-12,2.858973693990547e-12,1.3322676295501878e-15,1.3627415636324158e-15,5.378265734251077e-13,3.045254176908032e-10,-2.4575980401478993e-14,6.6078988418870375e-15,-2.965218638644011e-14,-3.426600605327918e-10,3.498586114101624e-12,-2.9151816462146828e-15,-7.255999216557597e-16,-1.1085003478399851e-13,-3.427849134809931e-14,3.4239652941080264e-10,1.9540801938972943e-18,-4.800566871886919e-16,-3.04524345857209e-10,-3.498830854672027e-12,-3.3536136830510563e-12,9.044979361150996e-26,1.1690796479039515e-15,-9.569933965651126e-16,1.2164801573473956e-14,-1.0248868420603684e-14,8.170923833372701e-15,-2.8258431150618436e-14,1.2427938308097925e-13,1.8000415972589204e-17,-8.209326551877894e-13,1.2555574357975275e-12,9.179802751280164e-15,-2.8255068285076846e-14,1.434289724026409e-13,1.0060223406910908e-11,1.2115158670090137e-19,-4.579895652775988e-12,-1.9341986056779317e-13,6.321661943919921e-15,1.7904349908682277e-19,3.5704235567813726e-23,6.933774443496077e-13,1.527827346118708e-13,-1.9237779961637594e-12,-4.7685416060261335e-12,1.936248827938414e-12,1.166670749341847e-11,-1.665538906792108e-10,3.8709598489579854e-14,8.580294282486042e-12,-3.2734533306211235e-12,1.9993388278294335e-12,1.1665413239825285e-11,-1.6872204966489336e-10,8.342887750154726e-10,-8.565863870209203e-18,-1.2200253562410937e-11,-4.6113992254367036e-12,-1.6377917078091997e-12,9.286707348935735e-18
0.027029050231788372,1.8834232914409174e-24,8.973681057492891e-15,-1.8458045277410425e-15,2.0172389684584383e-14,-1.837179297581315e-14,1.581613763568246e-14,-1.1166978453047705e-14,-5.601437832088626e-13,1.746229827404022e-14,3.938389289690033e-18,-2.5519105058269265e-13,8.12358310701334e-15,2.220446049250313e-15,3.4092134979266416e-16,1.421991382668766e-14,3.3599666259141893e-13,8.601901676739932e-16,9.150043734017833e-14,-2.3287444324314813e-12,3.1863531415282773e-12,1.3322676295501878e-15,-7.011924772872248e-14,1.4339578763912359e-12,2.4568704212427576e-10,-5.15625052963665e-14,-2.1788606039691312e-14,1.5092430196691075e-14,-3.2178353005430074e-10,2.929132992291842e-12,-9.01633104221116e-15,-2.155693556806274e-15,-3.506894090322183e-13,-3.954558302611732e-14,3.209249952348366e-10,7.232916907000427e-18,7.107936110309987e-14,-2.456858451130355e-10,-2.928768338961163e-12,-2.6735650730339935e-12,1.8834232914409174e-24,7.037688950125206e-15,-1.8458045277410425e-15,2.0172389684584383e-14,-1.978719410544727e-14,1.5816137288737765e-14,-1.1166938485018819e-14,-5.601437832088626e-13,3.600083194517841e-17,-2.536209346241473e-12,1.2276359484530986e-12,1.7293648457705757e-14,-1.1168406199857372e-14,-4.811863870320583e-13,1.4570180797495118e-11,3.4271731629660557e-19,-4.605942599480871e-12,-2.544249533276144e-13,7.301672287629567e-15,8.241343552004958e-19,5.582267935259628e-22,-3.148860727719693e-13,2.8496422999069183e-13,-3.6340954541932053e-12,-1.7991353185031755e-12,1.797964754857162e-12,1.0987400358430933e-11,-2.949510265655893e-11,-3.717079977150206e-14,2.0022125681862235e-10,-5.602487362921238e-12,1.920274261824062e-12,1.0986783038902104e-11,-3.5737749056371134e-11,9.119012070005787e-10,-4.7816399535934343e-17,-9.395483653262037e-12,-1.4149838708140312e-12,-1.8998808082315576e-12,1.2241801594893805e-17
0.03318006188480442,3.040478158097999e-23,1.746229827404022e-14,-3.067549917782723e-15,2.7097107890838857e-14,-2.8194335754960775e-14,2.611682294040296e-14,2.99264857339665e-14,-1.525288691646883e-12,1.5522042910257976e-14,3.211839886010885e-18,-3.47440320148477e-13,2.1121316078234683e-14,4.9960036108132044e-15,7.557792644034371e-16,3.592805065800854e-14,8.857112574231805e-13,-1.011551753905636e-16,1.0773908333720778e-13,-2.122517278214845e-12,3.2815370908730726e-12,1.2212453270876722e-15,-1.9202267487547676e-13,2.8308357290501538e-12,1.1201308853802021e-10,-9.036419476350343e-14,-8.298515436714913e-14,3.995055052065285e-14,-3.013510887856598e-10,2.4426176503898147e-12,-2.2107146736533697e-14,-4.966605214796376e-15,-9.22548230902456e-13,-2.972627003535482e-14,3.001903506134142e-10,2.336172455064524e-17,1.932460451428286e-13,-1.1201180546714831e-10,-2.442786713648578e-12,-2.095064862335979e-12,3.040478158097999e-23,1.5663440914674235e-14,-3.0675496864862593e-15,2.7097106040467147e-14,-2.976889845740516e-14,2.6116822593458268e-14,2.992654568600983e-14,-1.5252885991282975e-12,4.6422125402993215e-17,-5.524028286648293e-12,1.1949850886594505e-12,2.852673652853355e-14,2.991908054639225e-14,-1.3553843232945914e-12,2.0647278198379314e-11,4.117181897551532e-19,-4.648992844331986e-12,-3.195500143428805e-13,5.471651777499975e-15,2.8033901632721173e-18,6.701118225556218e-21,-1.3928654378029629e-12,3.6590141287244175e-13,-3.673015314120676e-12,-1.6294974369834847e-12,1.6708389227737542e-12,4.084555627059672e-12,1.0701981745242505e-10,8.321758097433e-15,4.889593886521955e-10,-5.240144673734903e-12,1.8729554573937433e-12,4.085765681338671e-12,9.704590908654609e-11,9.620809898101663e-10,-1.2649517242401817e-16,-4.965334715489748e-12,1.1480885686587783e-12,-1.4239594225973206e-12,-4.649223575293485e-17
0.04073086169282719,3.6876052960032626e-22,2.6193447411060333e-14,-4.45296947463684e-15,3.525828518036178e-14,-4.092726157978177e-14,3.92723714659482e-14,6.76063316440434e-14,-2.481870172340213e-12,1.1641532182693482e-14,2.6413918716296827e-18,-3.3745498077021135e-13,4.034712943149959e-14,8.604228440844963e-15,2.1337701089054996e-15,7.387512669500119e-14,1.8688754247856804e-12,5.282903270143025e-17,9.829859832062061e-14,-1.951010412657852e-12,3.2469102957403027e-12,1.3322676295501878e-15,-3.585249168320192e-13,4.050417081248409e-12,1.4183002829157289e-11,-1.1737707083644198e-13,-1.5243729413278097e-13,7.972354303899168e-14,-2.8144040070031244e-10,2.066035855128693e-12,-4.1764525442358684e-14,-8.461487507364853e-15,-1.9450297853810623e-12,-1.3611147360491825e-14,2.8014275815134275e-10,5.910839427912843e-17,3.600425153915189e-13,-1.4182032702400486e-11,-2.0656069447492578e-12,-1.7279511155265936e-12,3.6876052960032626e-22,2.4641858923738862e-14,-4.452969012043913e-15,3.525828147961837e-14,-4.263824848749209e-14,3.92723711190035e-14,6.760640713920907e-14,-2.481870079821628e-12,5.589602854646121e-17,-8.876744080528928e-12,1.159287421614863e-12,4.343598605793808e-14,6.760038306907745e-14,-2.2224010594780924e-12,2.8553293853993748e-11,-6.783615145728468e-19,-4.714156668192955e-12,-3.7312015456480996e-13,2.4301755630988058e-15,6.261453369471129e-18,5.981116899133142e-20,-2.243210772689963e-12,4.5011126677726074e-13,-3.4465120535287497e-12,-1.5440653422515993e-12,1.5777892770074687e-12,-1.6190921314773732e-12,2.0520574110320192e-10,-4.4954854653648604e-14,7.888811524026096e-10,-4.894172889180481e-12,1.8818255176356047e-12,-1.6161558846761182e-12,1.9071538274554693e-10,9.784377959006233e-10,-1.8719504234936392e-16,-1.6709689282067295e-12,4.637170277395816e-13,-6.326045243199019e-13,-3.4908024807333395e-16
0.05,2.952370843737369e-21,2.6435979331533115e-14,-4.304258801231716e-15,3.4763614209509795e-14,-5.6206772569566966e-14,5.4949857858366256e-14,8.00905919362549e-14,-2.5529670044655007e-12,1.746229827404022e-14,2.2667919642967746e-18,-2.0183757009489822e-13,5.036621526348271e-14,9.020562075079397e-15,2.896927971427241e-15,1.0816000872715392e-13,2.7282188853740134e-12,-2.110750013164945e-16,9.268865843940398e-14,-1.7692162334642529e-12,3.202373438898943e-12,1.2212453270876722e-15,-5.474504517901495e-13,3.59660913878734e-12,-1.5431775026042394e-11,-7.868298264969998e-14,-1.589104086853985e-13,5.095914666412163e-14,-2.604975666700252e-10,1.7504660192411519e-12,-5.208401460798657e-14,-8.76165586683928e-15,-2.8394230928676903e-12,-3.910784359560782e-15,2.590622709892683e-10,9.468637210221001e-17,5.493551928393176e-13,1.543246350309561e-11,-1.7498595165458635e-12,-1.5479469558007015e-12,2.952370843737369e-21,2.4703439294171404e-14,-4.304258801231716e-15,3.476361050876638e-14,-5.804281499877106e-14,5.4949857858366256e-14,8.009062746339169e-14,-2.552966911946915e-12,4.7369515717340015e-17,-9.083138744851264e-12,1.1186330084456132e-12,6.230639892912393e-14,8.010158758509078e-14,-2.2804034586580238e-12,3.8257259319475654e-11,-3.536035611649592e-18,-4.793381507278676e-12,-4.1616608885871226e-13,5.083318025770704e-16,4.883269922397061e-18,3.468601885229755e-19,-2.2797125372638525e-12,4.4396530896051445e-13,-3.0121880693438165e-12,-1.4569898287852822e-12,1.5031822564459674e-12,-2.744570508639299e-12,2.1350930431059586e-10,1.8987644049654288e-13,8.095977439855536e-10,-4.535104380920529e-12,1.9286602537249564e-12,-2.7410690961460206e-12,1.9846533305667436e-10,9.711743037672837e-10,-8.649290328941096e-17,8.027786665761867e-13,-4.045513923855992e-12,-1.3269306949522293e-13,-1.0250601806445231e-15
0.05352280527117856,5.715942277324252e-21,2.546585164964199e-14,-4.086032438325541e-15,3.387671624703141e-14,-6.184563972055912e-14,6.076692690704099e-14,8.180444321936875e-14,-2.4890265774383616e-12,1.5522042910257976e-14,2.19320680418467e-18,-1.643577309841382e-13,5.280329019558671e-14,8.465450562766819e-15,3.273387059095819e-15,1.2076084730959657e-13,3.0403149134075294e-12,1.0461768648305182e-16,9.37394844975324e-14,-1.709924191903494e-12,3.1764968612902438e-12,1.2212453270876722e-15,-6.280999752378498e-13,3.3067693487238785e-12,-1.7092256500749784e-11,-5.695503436307966e-14,-1.533553908743534e-13,3.4091136444290425e-14,-2.534596821829456e-10,1.6638712254056036e-12,-5.4461855079935266e-14,-8.313281093792584e-15,-3.1647415687292078e-12,-2.987664813838883e-15,2.5199149453138793e-10,1.0577732886932922e-16,6.299737448878444e-13,1.7092632033687903e-11,-1.6632621206251013e-12,-1.498949112980578e-12,5.715942277324252e-21,2.3803418495541942e-14,-4.086032438325541e-15,3.387671254628799e-14,-6.376126293616835e-14,6.076692690704099e-14,8.180448318739764e-14,-2.4890264849197764e-12,4.357995445995281e-17,-8.838075397458548e-12,1.1040128811146133e-12,6.962588283698778e-14,8.18235390553923e-14,-2.220856461695083e-12,4.191929507002018e-11,-4.815782660557173e-18,-4.827078389579404e-12,-4.3499839147420616e-13,2.6963096107686843e-16,1.2848382049571406e-18,6.010442601858042e-19,-2.2402954158451392e-12,4.357718334328335e-13,-2.897898217687119e-12,-1.4550719629191634e-12,1.4728224417837054e-12,-2.714618290156068e-12,2.0811212420035475e-10,-7.693898851357517e-14,7.890257014272113e-10,-4.386311047710478e-12,1.9433539222291074e-12,-2.711033602054158e-12,1.9338555497701766e-10,9.622101629681244e-10,-1.7083357526918755e-17,1.6907906236777464e-12,-5.344646022050388e-12,-7.06867897548591e-14,-1.3854175352688164e-15
0.05729381368192999,1.0865339957261785e-20,2.4253192047278088e-14,-3.758592511301136e-15,3.240266943649317e-14,-6.784830475226045e-14,6.686910816733338e-14,8.257929895449934e-14,-2.3761928535925846e-12,1.1641532182693482e-14,2.1431871925435882e-18,-1.3250540710959177e-13,5.4292613765205823e-14,7.632783294297951e-15,3.2604368664800198e-15,1.3335686721571705e-13,3.3482476050987015e-12,1.3400568164754302e-16,9.592976389302042e-14,-1.6515826174379447e-12,3.1426419928902796e-12,1.1102230246251565e-15,-7.194036600012217e-13,2.9562459412611346e-12,-1.7204165316308654e-11,-3.10278283538921e-14,-1.4383079615099647e-13,1.3671966178178974e-14,-2.4634062231936783e-10,1.5843964595169124e-12,-5.583270972924377e-14,-7.487934307570361e-15,-3.485236549592245e-12,-2.692413946221515e-15,2.448478403231614e-10,1.1450707541685865e-16,7.211070869557622e-13,1.720466602689281e-11,-1.5840662115351734e-12,-1.4514315675266214e-12,1.0865339957261785e-20,2.2364332608049153e-14,-3.758592511301136e-15,3.240266573574975e-14,-6.978098099352792e-14,6.686910816733338e-14,8.257933448163613e-14,-2.3761927610739994e-12,3.221127068779121e-17,-8.413326213485562e-12,1.0887788448599167e-12,7.751100178365888e-14,8.260771622303764e-14,-2.1167971079686747e-12,4.5798114977404854e-11,-6.161935562245358e-18,-4.865049324966071e-12,-4.567457523307894e-13,1.3355057800386779e-16,-5.548016394260411e-18,1.020014755035246e-18,-2.164905765766889e-12,4.2110404052664306e-13,-2.74859175419806e-12,-1.4107597978707531e-12,1.4379419210897027e-12,-2.5804273207086227e-12,1.9848433859455856e-10,8.801303389797492e-14,7.528438194034e-10,-4.278444976080209e-12,1.9557290009686313e-12,-2.5768019895622275e-12,1.8437628609054477e-10,9.504462849826913e-10,7.158442196857583e-17,2.6660180408517807e-12,-6.4855528355186225e-12,-3.5410679018651097e-14,-1.8224134766368916e-15
0.0613305126588225,2.040519204622809e-20,2.231293668349584e-14,-3.347525960132695e-15,3.052667378137623e-14,-7.403286872431636e-14,7.32515208212714e-14,8.279641861008713e-14,-2.23061467445144e-12,9.701276818911234e-15,2.1179739002923594e-18,-1.0719862859077482e-13,5.4563399868772935e-14,6.522560269672795e-15,3.594130201789447e-15,1.4631428784599938e-13,3.661114621343763e-12,4.939090548987504e-17,9.913179011346154e-14,-1.5950725882237756e-12,3.0992101397747145e-12,9.992007221626409e-16,-8.252019595777746e-13,2.5752055431221755e-12,-1.6516063796032248e-11,-1.7039256969982121e-15,-1.3150645179167147e-13,-8.877900115700632e-15,-2.3915030162909317e-10,1.5119952454419512e-12,-5.633197160769563e-14,-6.282189259900969e-15,-3.811784992584993e-12,-2.819990411263053e-15,2.376442663455303e-10,1.2016054388374827e-16,8.269828150302488e-13,1.651645497617612e-11,-1.511235581119763e-12,-1.4040620518092812e-12,2.040519204622809e-20,2.0541316795667323e-14,-3.347525960132695e-15,3.052667008063281e-14,-7.607354746141937e-14,7.325152012738201e-14,8.279646301900811e-14,-2.230614581932855e-12,2.2737367544323207e-17,-7.869524173050499e-12,1.0728399502113461e-12,8.599709000467471e-14,8.283532082487e-14,-1.9829797063645554e-12,4.989710800548083e-11,-7.504287569018861e-18,-4.908657055002309e-12,-4.815952324432882e-13,6.09032500357524e-17,-1.7288247650019078e-17,1.7047572298614073e-18,-1.9808081693402833e-12,4.0196711144820557e-13,-2.571832524722595e-12,-1.3762975425990475e-12,1.3976388268943652e-12,-2.388413093967756e-12,1.860424314603648e-10,-6.52723504875515e-14,7.061632156061629e-10,-4.158573574386537e-12,1.964844176249869e-12,-2.384773978292287e-12,1.727588042991594e-10,9.358234471583631e-10,1.7901898403409789e-16,3.7661221394932215e-12,-7.446541068952447e-12,-1.667955125868777e-14,-2.3461941776136615e-15
0.06565162172439418,3.793143626967578e-20,2.000888343900442e-14,-2.860907806952658e-15,2.8322958793107016e-14,-8.021743269637227e-14,7.989594125179522e-14,8.26374479956371e-14,-2.0590790184016327e-12,9.701276818911234e-15,2.115274258499857e-18,-8.812182031534925e-14,5.402182766163871e-14,4.85722573273506e-15,4.023895896271896e-15,1.5964756522941e-13,3.9798411479965685e-12,1.1586136491327571e-16,1.0328268525788983e-13,-1.5395937109176522e-12,3.0462091182847928e-12,1.1102230246251565e-15,-9.49583098658406e-13,2.17830488503773e-12,-1.53935958440005e-11,3.0468868601437655e-14,-1.1692961270546541e-13,-3.37360204396624e-14,-2.3187384828741967e-10,1.4456934636688141e-12,-5.581578559777082e-14,-4.647701545319868e-15,-4.1441423498841025e-12,-3.2146408148438075e-15,2.303652552952899e-10,1.2140828958950286e-16,9.511781257158395e-13,1.5394143496201918e-11,-1.4441781104324036e-12,-1.3561004171454745e-12,3.793143626967578e-20,1.8394530343357474e-14,-2.8609059565809503e-15,2.8322958793107016e-14,-8.263896233984269e-14,7.989594055790584e-14,8.263748796366599e-14,-2.0590789258830475e-12,8.526512829121201e-18,-7.232332184988385e-12,1.0563098840066231e-12,9.511179205334841e-14,8.268800311128644e-14,-1.825510853592505e-12,5.4214685470283355e-11,-8.718455532168085e-18,-4.959264321251748e-12,-5.095770449122424e-13,2.4158915608770332e-17,-3.636052350508345e-17,2.808771734679926e-18,-1.8733030534197798e-12,3.7915241316947385e-13,-2.3696410759536474e-12,-1.3308880109086374e-12,1.3519237507253478e-12,-2.15944936599044e-12,1.713742157442392e-10,6.45172804070171e-16,6.513262633234263e-10,-4.047251422889531e-12,1.97056728712397e-12,-2.155817497850876e-12,1.590790040436237e-10,9.185330015972615e-10,3.040846427758366e-16,5.022817632355697e-12,-8.239968892394719e-12,-7.341234102102116e-15,-2.953653466737591e-15
0.07027717930583655,6.976516971682697e-20,1.7583564234276613e-14,-2.3043419024778207e-15,2.585898162266176e-14,-8.731149137020111e-14,8.677636456622118e-14,8.223357106373897e-14,-1.8671056367658425e-12,1.1641532182693482e-14,2.1321346809255253e-18,-7.458642355360572e-14,5.2397111040236045e-14,2.6367796834847468e-15,4.5154008811319915e-15,1.7317358966570693e-13,4.2981050817224465e-12,-3.9041302693861725e-17,1.08375881934374e-13,-1.485137917038291e-12,2.9844665276741765e-12,9.992007221626409e-16,-1.09589198835385e-12,1.7771507408121101e-12,-1.40206474222447e-11,6.47808376288267e-14,-1.0057290396464225e-13,-6.03697207867643e-14,-2.2448544315423977e-10,1.3845869618657931e-12,-5.4068369023189305e-14,-2.522315886157537e-15,-4.476715342948628e-12,-3.756634882942465e-15,2.2298396010781715e-10,1.165359046139899e-16,1.0973786155141762e-12,1.4021022955182818e-11,-1.3839300076294119e-12,-1.3093230203746013e-12,6.976516971682697e-20,1.59703953765226e-14,-2.304338201734405e-15,2.585898162266176e-14,-8.945448826125358e-14,8.677636387233178e-14,8.223360659087575e-14,-1.867105544247257e-12,-5.684341886080802e-18,-6.522835368135323e-12,1.0390522220404818e-12,1.0488014762222165e-13,8.229696035755296e-14,-1.649370455029479e-12,5.874655534319362e-11,-9.613048883102347e-18,-5.018357750874718e-12,-5.406988514330043e-13,6.325958275728756e-18,-6.607253047072462e-17,4.555809522709736e-18,-1.7048883194092923e-12,3.5352112348618903e-13,-2.145849720136539e-12,-1.2672836779969999e-12,1.3012817712265702e-12,-1.906576017063344e-12,1.5495261166768396e-10,-2.3804318516340575e-13,5.899666575714946e-10,-3.952663973905146e-12,1.973179286629545e-12,-1.902967738942607e-12,1.4377594596363488e-10,8.988741404949533e-10,4.4340769243465773e-16,6.461872723551528e-12,-8.887714638324459e-12,-2.990108161071703e-15,-3.6203173886123946e-15
0.07522863565987976,1.2994953791639038e-19,1.5522042910257976e-14,-1.7705133655473068e-15,2.38158900008519e-14,-9.440555004402995e-14,9.392810418340502e-14,8.236929360805334e-14,-1.7026323869314316e-12,9.701276818911234e-15,2.1835749752686667e-18,-6.670120185348072e-14,5.050160831526626e-14,0.0,5.332467685007873e-15,1.9042445089903186e-13,4.72739131791084e-12,1.865908755396431e-16,1.143838751252216e-13,-1.434543698301267e-12,2.9079672142899164e-12,9.992007221626409e-16,-1.292870087097081e-12,1.4187818907962384e-12,-1.2818065776747987e-11,1.0277772361148892e-13,-8.520102179696531e-14,-8.771365314312224e-14,-2.1713504379529823e-10,1.3348379115004268e-12,-5.2181328363956e-14,1.5758200950719004e-16,-4.92430893515398e-12,-4.399393984336757e-15,2.1565964453516927e-10,1.0642585170446059e-16,1.2945270569528612e-12,1.2818269190422801e-11,-1.3343400458628214e-12,-1.267726664385312e-12,1.2994953791639038e-19,1.3744028137807617e-14,-1.770511515175599e-15,2.38158900008519e-14,-9.652580956753809e-14,9.392810348951564e-14,8.236934689875852e-14,-1.7026322944128462e-12,-2.1789977229976406e-17,-5.926661591123169e-12,1.0211124390480108e-12,1.153849515933558e-13,8.244652072164627e-14,-1.4991143511740764e-12,6.351607063301484e-11,-1.0168351771921445e-17,-5.096777333581929e-12,-5.739374542753269e-13,-2.402592014227878e-18,-1.1338420019051429e-16,7.438052031347748e-18,-1.5583628017642089e-12,3.329067392125277e-13,-1.957228808654084e-12,-1.223022205731894e-12,1.2424920425857522e-12,-1.697575839898491e-12,1.4092558398015597e-10,-2.2631259829116365e-14,5.378465478618939e-10,-3.837885742541403e-12,1.9697304010080074e-12,-1.6939671354521125e-12,1.307098814370041e-10,8.754449749105881e-10,6.058416919521776e-16,8.38061284514597e-12,-9.440545567507286e-12,-1.1345785422278708e-15,-4.373699572362647e-15
0.08052895234480373,2.447077562185804e-19,1.3460521586239339e-14,-1.2422988563779806e-15,2.210928477334543e-14,-1.0186340659856796e-13,1.0131989275352637e-13,8.294178677203945e-14,-1.5587163041767364e-12,7.761021455128988e-15,2.271125287799069e-18,-6.313916403599684e-14,4.779374727959515e-14,-3.469446951953614e-15,5.6393571332752975e-15,2.1180973641676815e-13,5.289904317054253e-12,1.9283314905849512e-16,1.21319951336221e-13,-1.387714232931177e-12,2.817575362905495e-12,9.992007221626409e-16,-1.5619496031161362e-12,1.0847156686052383e-12,-1.1754681673646647e-11,1.4628270106840597e-13,-7.010314909569113e-14,-1.1754339753187636e-13,-2.0981005047022252e-10,1.2965587081979295e-12,-4.9570781084254316e-14,3.716069064876176e-15,-5.508548141164921e-12,-4.970193543777617e-15,2.0837789342868496e-10,8.754784312054679e-17,1.5634362302764624e-12,1.1754759909675421e-11,-1.2962964035523328e-12,-1.2332357357536239e-12,2.447077562185804e-19,1.1618794815149158e-14,-1.2422951556345652e-15,2.210928477334543e-14,-1.038642949424684e-13,1.0131989275352637e-13,8.294179565382364e-14,-1.558716211658151e-12,-4.168517383125921e-17,-5.421376651308189e-12,1.0023995855590328e-12,1.266558150025965e-13,8.303392640129913e-14,-1.3681877852889103e-12,6.85176104322608e-11,-1.0004997663012636e-17,-5.202451747561788e-12,-6.086930727973913e-13,-7.702172233337024e-18,-1.8821655340760817e-16,1.2180584284893544e-17,-1.3813206578561222e-12,3.163012370540249e-13,-1.7953842264735916e-12,-1.1582860337533418e-12,1.176091601884366e-12,-1.5214807547181408e-12,1.28687932717438e-10,1.810519734135596e-13,4.927186334195236e-10,-3.743662091437727e-12,1.960511419873967e-12,-1.5178527235093496e-12,1.193147288377124e-10,8.484794585274656e-10,7.93407926638341e-16,1.096635301934013e-11,-9.961952559163953e-12,-3.6972739684652347e-16,-5.1021280299615165e-15
0.08620270870085896,4.641063040702624e-19,1.1641532182693482e-14,-6.96498414498592e-16,2.0630667544689156e-14,-1.0913936421275138e-13,1.089087958705548e-13,8.381394245304819e-14,-1.4263663398554154e-12,9.701276818911234e-15,2.3912484563540196e-18,-6.30088790749365e-14,4.373195572608848e-14,-8.18789480661053e-15,6.313369483837119e-15,2.3733426489523803e-13,5.997979890537408e-12,9.483162226860154e-17,1.2919668181265326e-13,-1.3434666815718428e-12,2.7150059040037406e-12,1.1102230246251565e-15,-1.9298898252968882e-12,7.545852337498285e-13,-1.0767155224044943e-11,1.9692231537436645e-13,-5.441914795853266e-14,-1.5198964998079483e-13,-2.0248175229521304e-10,1.2667309331101013e-12,-4.525935859152172e-14,8.595025427873045e-15,-6.24278069439383e-12,-5.118772658262792e-15,2.0110814338126188e-10,5.4413872987649084e-17,1.931237081160934e-12,1.076740557933702e-11,-1.2666904562289953e-12,-1.2036297884302864e-12,4.641063040702624e-19,9.468692496739095e-15,-6.96498414498592e-16,2.0630660143202325e-14,-1.113846792577533e-13,1.089087958705548e-13,8.381400462553756e-14,-1.42636624733683e-12,-5.968558980384841e-17,-4.9776948192932954e-12,9.829363989410923e-13,1.387170309175012e-13,8.392238015630938e-14,-1.2481364090414596e-12,7.374084022667936e-11,-8.439915695780654e-18,-5.345663497339885e-12,-6.444263525584581e-13,-1.2437967322753707e-17,-3.0470100218177397e-16,1.9877271240949082e-17,-1.285557023796476e-12,3.023047886093385e-13,-1.6499569710504148e-12,-1.0911974879235231e-12,1.1030892976826579e-12,-1.3648401875343552e-12,1.1745678448379e-10,-1.8883383745560422e-14,4.5185588533058764e-10,-3.6485289456322786e-12,1.946196048763227e-12,-1.3611816029879264e-12,1.0886034111183089e-10,8.184050723935616e-10,1.0012023668961212e-15,1.4475784202483683e-11,-1.0503903302705453e-11,-5.2920630840465797e-17,-5.5172693128567595e-15
0.09227621583288409,8.825680041746614e-19,9.580010858674845e-15,-1.1120733963328652e-16,1.9310797405580617e-14,-1.1641532182693482e-13,1.166447563538675e-13,8.488684422047754e-14,-1.2990585459190149e-12,5.820766091346741e-15,2.5340726317764403e-18,-6.581577007928423e-14,3.628533787799292e-14,-1.4988010832439613e-14,7.144741733044407e-15,2.668293826631659e-13,6.863337059175794e-12,8.916372461172724e-18,1.3801374143610592e-13,-1.3012120450895613e-12,2.6022574003986037e-12,1.2212453270876722e-15,-2.4341042038408822e-12,4.096528897300632e-13,-9.805165014235195e-12,2.5605915698989154e-13,-3.7400000092821454e-14,-1.9300554851533175e-13,-1.9512040562086589e-10,1.2445788757226017e-12,-3.796928895955089e-14,1.5350070830578728e-14,-7.138700317605501e-12,-4.164745188798244e-15,1.9381743303316024e-10,-5.560506600928465e-19,2.4354669454045147e-12,9.805180661440951e-12,-1.2440419065266421e-12,-1.1786127629420662e-12,8.825680041746614e-19,7.183587058534612e-15,-1.1120733963328652e-16,1.9310790004093786e-14,-1.1906990948773455e-13,1.166447563538675e-13,8.488688862939853e-14,-1.2990584534004295e-12,-7.958078640513122e-17,-4.577517150513207e-12,9.626774044591003e-13,1.5159150601462556e-13,8.501303661034854e-14,-1.1328238347374508e-12,7.917264469994404e-11,-4.367952040004639e-18,-5.540287769745933e-12,-6.805646902511656e-13,-1.831578870052179e-17,-4.815049167082543e-16,3.2050949565859084e-17,-1.178658237677155e-12,2.8997817480558297e-13,-1.5139060375683281e-12,-1.0019553076112687e-12,1.0246609782882388e-12,-1.2178017527730844e-12,1.0666412697535322e-10,1.0234657565888483e-13,4.131807751643161e-10,-3.5723132896237075e-12,1.9275689489006707e-12,-1.214106930547132e-12,9.881743016452541e-11,7.857153816459572e-10,1.2128271960205037e-15,1.926470582828138e-11,-1.1111681019748687e-11,9.686695889854491e-17,-5.010838568438961e-15
0.09877763862369399,1.673259642889552e-18,6.9121597334742546e-15,5.468477522659517e-16,1.8053425421271642e-14,-1.244188752025366e-13,1.2445972724650645e-13,8.603114665106659e-14,-1.1683407944810634e-12,7.761021455128988e-15,2.6711842978885694e-18,-7.123056484925616e-14,2.4506142372823576e-14,-2.4424906541753444e-14,7.999605029322215e-15,2.9918197549013336e-13,7.873331616300069e-12,1.6865788577346192e-16,1.477788246756734e-13,-1.2599240126650565e-12,2.4827094615457463e-12,1.1102230246251565e-15,-3.119810981541375e-12,2.8799529806424834e-14,-8.799612983603876e-12,3.239021405605679e-13,-1.82347401627931e-14,-2.444973691863954e-13,-1.876656969358898e-10,1.2259341400829478e-12,-2.6058931435466228e-14,2.4572387683364626e-14,-8.181799181063e-12,-8.619105859398226e-16,1.8644063844454749e-10,-8.754143743388318e-17,3.1209878947099667e-12,8.799738161249915e-12,-1.225538189449556e-12,-1.1543358861369295e-12,1.673259642889552e-18,4.6156856114976105e-15,5.468477522659517e-16,1.805341801978481e-14,-1.2682903616223483e-13,1.2445972724650645e-13,8.603120882355598e-14,-1.1683407019624782e-12,-9.758120237772043e-17,-4.196681402390823e-12,9.41486177907791e-13,1.6529103502582742e-13,8.617687008438679e-14,-1.0143365776945264e-12,8.479226526340835e-11,3.9343489259880174e-18,-5.802553577946826e-12,-7.167125689229911e-13,-2.6755218411148956e-17,-7.388488460866834e-16,5.0420461468923906e-17,-1.0404830182627241e-12,2.7790386288491693e-13,-1.3780872147132565e-12,-9.243798060332153e-13,9.427616687318619e-13,-1.0680176387722896e-12,9.557564425074124e-11,-7.222903756580005e-15,3.7409869643549126e-10,-3.4789991332218052e-12,1.9060554024008524e-12,-1.0642889947121148e-12,8.85025967326906e-11,7.512441960500713e-10,1.3893391213494065e-15,2.572756963660646e-11,-1.1819711875915573e-11,2.0002518160329905e-16,-2.405618383892009e-15
0.1057371263440564,3.1279979780566183e-18,4.0017766878008845e-15,1.3317495254720294e-15,1.6700352212239976e-14,-1.3169483281672002e-13,1.3225211203948817e-13,8.706902754340717e-14,-1.0226856398768783e-12,9.701276818911234e-15,2.7416591210340395e-18,-7.877191376034116e-14,6.363473433827116e-15,-3.622102617839573e-14,9.317513003432371e-15,3.310864314191401e-13,8.938220534086366e-12,-2.107986506659203e-16,1.5863944859236021e-13,-1.2161250688650914e-12,2.362806433874398e-12,1.4432899320127035e-15,-4.021202583085871e-12,-4.0620393407523076e-13,-7.657617318790041e-12,3.9690121459791184e-13,3.655089469302954e-15,-3.0824069201712594e-13,-1.799846060304506e-10,1.2051046647855908e-12,-8.022038318175673e-15,3.643646053820039e-14,-9.280218858037032e-12,6.726873349874553e-15,1.7883526378116997e-10,-2.1752896640410023e-16,4.022456924752397e-12,7.65774249643608e-12,-1.2039258479035198e-12,-1.1254700874966754e-12,3.1279979780566183e-18,1.5826155201163299e-15,1.331753226215445e-15,1.6700344810753148e-14,-1.3457679415296298e-13,1.3225211203948817e-13,8.706906307054396e-14,-1.022685547358293e-12,-1.1179205709292242e-16,-3.797534494272744e-12,9.193627192871645e-13,1.798025894839128e-13,8.72362715398367e-14,-8.819267538484609e-13,9.056469479390299e-11,1.8825803561094357e-17,-6.144477824821869e-12,-7.533389421536066e-13,-3.925100984976855e-17,-1.0846068509463847e-15,7.558260243720109e-17,-8.748832177237394e-13,2.6438122802119326e-13,-1.2293867257540115e-12,-8.117724159539819e-13,8.610429924615914e-13,-8.991297306693013e-13,8.319183619764913e-11,1.4951713941021202e-14,3.310095053166151e-10,-3.4138793125748635e-12,1.884517275563269e-12,-8.953819019552612e-13,7.698652715326659e-11,7.165612741409483e-10,1.4510426128206853e-15,3.416368322907128e-11,-1.262812539722565e-11,3.0748551852847564e-16,4.280232490776655e-15
0.11318695246493872,5.762218973220864e-18,3.637978807091713e-16,2.2665240055156725e-15,1.542272975996184e-14,-1.395164872519672e-13,1.3996262204774013e-13,8.8193257141711e-14,-8.728197794146316e-13,7.761021455128988e-15,2.6826327532931743e-18,-8.858661778669379e-14,-1.692413147294446e-14,-5.0237591864288333e-14,1.0519772745810742e-14,3.6198860267313806e-13,1.006956863570786e-11,-7.861363212804247e-17,1.7090367371923392e-13,-1.1702670486415482e-12,2.2436400585442433e-12,1.4432899320127035e-15,-5.222397328629499e-12,-9.109520853268548e-13,-6.4514055215581965e-12,4.74671372269697e-13,2.811766201012643e-14,-3.902724890861998e-13,-1.7208456881689926e-10,1.18051481495333e-12,1.5176714898362943e-14,5.0614648580758585e-14,-1.044373162410893e-11,2.1576548465276938e-14,1.7100889341543429e-10,-4.023021099466926e-16,5.223914927188998e-12,6.4514211687639515e-12,-1.1800930603082331e-12,-1.091571277811454e-12,5.762218973220864e-18,-1.9160969107664035e-15,2.2665314070025032e-15,1.542272235847501e-14,-1.4221654964785557e-13,1.3996262204774013e-13,8.819333707776877e-14,-8.728196868960462e-13,-1.1558161835030962e-16,-3.4357071854174138e-12,8.962160791270435e-13,1.9515361271427168e-13,8.83842865562201e-14,-7.455985828741518e-13,9.647392058347253e-11,4.333713049217599e-17,-6.596412481561056e-12,-7.897293929914895e-13,-5.837344496661956e-17,-1.5072394400461887e-15,1.0553576936645328e-16,-8.072781554346875e-13,2.524511562758865e-13,-1.0821724553503979e-12,-7.473731189477916e-13,7.802592905115091e-13,-7.2576114007461e-13,7.043663744858246e-11,5.862072309052262e-14,2.878795688350995e-10,-3.2947355066426097e-12,1.863248244582394e-12,-7.219983899631188e-13,6.512858104675464e-11,6.81935916004695e-10,1.302323638436209e-15,4.533122645744223e-11,-1.3576343752911649e-11,4.475355271556699e-16,1.8195056283402494e-14
0.1211616643203812,1.0806845852762615e-17,-3.5167128468553225e-15,3.3388995272313573e-15,1.4976064832694648e-14,-1.469743438065052e-13,1.476711239400963e-13,9.016257074279111e-14,-7.589931461104982e-13,3.880510727564494e-15,2.469016944550676e-18,-1.0376017175091808e-13,-4.088870163863381e-14,-6.716849298982197e-14,1.231126625220797e-14,4.026100440689283e-13,1.1752327506226519e-11,-1.5260245483912297e-16,1.8484015623777423e-13,-1.1304991180908762e-12,2.1090847192898616e-12,1.6653345369377348e-15,-7.098520804961254e-12,-1.5723405075388333e-12,-5.464880493124805e-12,5.79620481850111e-13,5.739627334098765e-14,-5.072832126111341e-13,-1.6443735262328119e-10,1.1723500497930657e-12,3.9293602247308794e-14,6.758484356471535e-14,-1.2168574404287154e-11,5.127015493746193e-14,1.6345657224388904e-10,-6.798974648932659e-16,7.0999300036236464e-12,5.4650056707708435e-12,-1.1718033950576985e-12,-1.0680345496894006e-12,1.0806845852762615e-17,-5.83876650731933e-15,3.3389217316918498e-15,1.4976064832694648e-14,-1.4988472685217858e-13,1.476711239400963e-13,9.016264179706468e-14,-7.589930535919128e-13,-9.284425080598643e-17,-3.3296601031906903e-12,8.722963684704154e-13,2.1149380302620812e-13,9.037935733147151e-14,-6.42797851983327e-13,1.025648590605747e-10,8.45092646235047e-17,-7.297233302058199e-12,-8.177842084067244e-13,-9.172639499806697e-17,-1.9940263045710333e-15,1.353310366709012e-16,-6.726073327930256e-13,2.5067722712416676e-13,-9.92144559101386e-13,-6.600551771818175e-13,6.919542050454197e-13,-6.043966749302853e-13,6.076558071536435e-11,4.607348576731359e-14,2.591633043872813e-10,-3.1934177968651057e-12,1.8343994767633375e-12,-6.005777208883955e-13,5.613927989145395e-11,6.435415959816705e-10,8.486302396345851e-16,6.270296036824149e-11,-1.4966847206032696e-11,6.670127413362555e-16,4.6679143478796835e-14
0.12969824331503332,2.0770792334198905e-17,-8.488617216547331e-15,4.735796939788391e-15,1.5600276626059896e-14,-1.5443220036104322e-13,1.5533479919005445e-13,9.320957339298274e-14,-6.822039229822015e-13,3.880510727564494e-15,1.9289719535838597e-18,-1.279099077812947e-13,-5.104318052240048e-14,-8.285039321265231e-14,1.471473165151924e-14,4.583091236767503e-13,1.4380780517026577e-11,1.0409749702314749e-16,2.0254081638642564e-13,-1.1003584994078113e-12,1.953512927769977e-12,2.220446049250313e-15,-1.0217216816132384e-11,-2.5646447799321365e-12,-4.659111985571735e-12,7.328936637723539e-13,9.783195359404992e-14,-6.912333030084512e-13,-1.5731870586594512e-10,1.190065407330465e-12,4.9604629347200206e-14,8.32859883761073e-14,-1.48548394842623e-11,1.1090846766903991e-13,1.5646314347498588e-10,-1.1216352054026321e-15,1.0218858300288578e-11,4.659331046452303e-12,-1.189122874241851e-12,-1.0613732115416497e-12,2.0770792334198905e-17,-1.0820618475311978e-14,4.7358191442488836e-15,1.5600276626059896e-14,-1.5749606063764078e-13,1.5533479919005445e-13,9.320966221082472e-14,-6.822038304636161e-13,1.8947806286936006e-18,-3.5835303909455736e-12,8.475581125821918e-13,2.2886976758229596e-13,9.345443530150987e-14,-5.743912752838772e-13,1.0883386569221369e-10,1.5635720648290522e-16,-8.455935287935834e-12,-8.280060664889177e-13,-1.5436147730400289e-16,-2.3604626734856127e-15,1.3663808844724898e-16,-5.734991740761567e-13,2.5793790806953134e-13,-9.723888657238906e-13,-5.497265531673179e-13,5.933227797960682e-13,-5.380069012517197e-13,5.42526888229015e-11,-4.664191995592167e-14,2.4761247914284466e-10,-3.107197699137032e-12,1.7948265096379146e-12,-5.340788078456172e-13,5.008463569803704e-11,5.999319193882638e-10,-2.1710809690843325e-16,9.143054361438637e-11,-1.7152145444695084e-11,1.0378966205000968e-15,1.0462393466049529e-13
0.13883627641928936,3.6305707905765325e-17,-1.4915713109076024e-14,6.9100281052669745e-15,1.5449471331881643e-14,-1.6116246115416288e-13,1.6238744238172843e-13,9.592861616170013e-14,-5.614571770469941e-13,1.940255363782247e-15,6.138860256150707e-19,-1.5163969617019527e-13,8.665155314147563e-15,-6.800116025829084e-14,1.708702623837155e-14,4.876548624786912e-13,1.6293756467512646e-11,-2.3405816375591358e-17,2.30016530072626e-13,-1.0536194010280976e-12,1.8336820877921126e-12,2.55351295663786e-15,-1.389835343629362e-11,-3.7346159997559036e-12,-3.402578774632211e-12,8.513109223405846e-13,1.433197254052176e-13,-9.144237119171652e-13,-1.4933294910723668e-10,1.165935765180352e-12,-1.030256503415494e-14,6.81500517097592e-14,-1.6799647610532542e-11,1.9554912325233812e-13,1.4855052265802463e-10,-1.6497636361474774e-15,1.3899716177857253e-11,3.4028291299242892e-12,-1.165438116383181e-12,-1.0137076363510762e-12,3.6305707905765325e-17,-1.7421086795366136e-14,6.910050309727467e-15,1.5449463930394812e-14,-1.644991698412923e-13,1.6238744238172843e-13,9.59286872159737e-14,-5.614570845284087e-13,1.6389852438199644e-16,-3.772038326133043e-12,8.21751200419385e-13,2.4685988808670345e-13,9.62053370301419e-14,-4.651531012219341e-13,1.1503682131552066e-10,2.540629863442808e-16,-9.809757088606291e-12,-8.447762165723441e-13,-2.4841240175987876e-16,-1.782865282454136e-15,-3.887210660147329e-20,-4.0273278045788175e-13,2.5712954728381496e-13,-9.095335447758165e-13,-4.896248073649189e-13,5.170352701533432e-13,-4.1677388651351065e-13,4.39813058195071e-11,3.290097083663568e-14,2.241227775812149e-10,-2.9673174140043556e-12,1.7728328138844063e-12,-4.127753783222943e-13,4.05420030880066e-11,5.650055939905617e-10,-2.3459581208250344e-15,1.2498669187727096e-10,-1.9271533443128892e-11,1.5330560894829167e-15,1.9054479782204537e-13
0.1486181397473029,5.963000210907316e-17,-2.3646862246096133e-14,1.0244679179057433e-14,1.495808662118255e-14,-1.673470251262188e-13,1.6886045894892733e-13,9.908452724971539e-14,-4.3427011986452156e-13,5.820766091346741e-15,-1.6910941102945684e-18,-1.771907635085094e-13,2.5332039988703265e-13,2.1649348980190553e-14,1.8606415116201932e-14,4.963718479454747e-13,1.779517891067586e-11,2.7697379419802113e-16,2.7552617195478986e-13,-9.98088885441759e-13,1.7380926720488119e-12,3.4416913763379853e-15,-1.8627438318888184e-11,-5.208928641413939e-12,-1.900447022164161e-12,9.456547714892468e-13,1.9796820272309517e-13,-1.2034881396843777e-12,-1.4102063186444782e-10,1.1163948093519578e-12,-2.5479703035804705e-13,-2.1433914620385894e-14,-1.8311115789158377e-11,3.0849868431467766e-13,1.402784590683597e-10,-2.2862022757368485e-15,1.8628847517550577e-11,1.9009477327483173e-12,-1.1158481546165906e-12,-9.386565598864156e-13,5.963000210907316e-17,-2.6063654937994823e-14,1.0244708785004756e-14,1.495808662118255e-14,-1.7088837012124713e-13,1.6886045894892733e-13,9.908458054042057e-14,-4.342700273459362e-13,4.585369121438513e-16,-4.124376573599875e-12,7.949893188197166e-13,2.6554541621148786e-13,9.939762790622807e-14,-3.501558302569189e-13,1.2118322172611825e-10,3.859280763386503e-16,-1.153176688265089e-11,-8.623726732714943e-13,-4.0136297063675387e-16,9.376647046339716e-16,-4.736251273127643e-16,-1.826781688881359e-13,2.530876249314436e-13,-8.548871240539787e-13,-4.488530991331174e-13,4.58431415051308e-13,-3.0192317979071957e-13,3.315742069798233e-11,-1.2141375312542854e-13,2.030389926706751e-10,-2.8125214157626033e-12,1.7639944838165888e-12,-2.978480750925883e-13,3.048972333867065e-11,5.360768676510805e-10,-5.891242050128694e-15,1.6767766849797375e-10,-2.1542439128848418e-11,2.2704986039438304e-15,3.1070993578944755e-13
0.15908919506919392,9.836066477420867e-17,-3.7228649792571864e-14,1.5986989509997328e-14,1.5651243264377022e-14,-1.735315890982747e-13,1.750404321487764e-13,1.0442464670745722e-13,-3.6147279613985007e-13,5.820766091346741e-15,-5.703962328748569e-18,-2.2312703623396843e-13,9.721221118059297e-13,2.89906987305244e-13,2.184516793923224e-14,5.20046004716236e-13,2.1092232898527956e-11,-2.2779692499633587e-16,3.586374488514085e-13,-9.651113887393758e-13,1.615611890677369e-12,4.440892098500626e-15,-2.7221382161540975e-11,-7.800081067613664e-12,-3.5300096182999174e-13,1.1272465842205303e-12,2.9395134116217055e-13,-1.7029588001936953e-12,-1.3444212151816194e-10,1.1102332884057227e-12,-9.737891387560147e-13,-2.8965213203207413e-13,-2.163495920802351e-11,4.82785843677616e-13,1.337893232892524e-10,-3.3210891312420235e-15,2.7222744903104608e-11,3.53345200356599e-13,-1.1094828759420732e-12,-8.862540331241083e-13,9.836066477420867e-17,-3.9703706988802876e-14,1.5987019115944652e-14,1.5651243264377022e-14,-1.7706156540953089e-13,1.750404321487764e-13,1.0442469999816239e-13,-3.6147270362126466e-13,1.1264470837583455e-15,-5.369899251187841e-12,7.681137503823266e-13,2.8516043970583383e-13,1.0477972267608493e-13,-2.862360348743209e-13,1.2737495651250409e-10,6.081765515061739e-16,-1.4649719580241856e-11,-8.330494858747409e-13,-7.152264891452376e-16,8.646419039009974e-15,-1.7956597024169177e-15,-2.998111388781884e-14,2.6358814390429567e-13,-9.329871393977858e-13,-3.541292037390065e-13,3.9393670547838155e-13,-2.9809079649112393e-13,2.693284724871366e-11,-8.16915720254959e-14,2.1602948739503822e-10,-2.7202986530028285e-12,1.7469154345306492e-12,-2.938308796274214e-13,2.470653755655879e-11,5.012377334895217e-10,-1.2155044342327141e-14,2.453024012167968e-10,-2.5679888771001913e-11,3.728186740807141e-15,5.018963138610684e-13
0.17029800016874014,1.180270003267453e-16,-5.093170329928398e-14,2.3641281525025685e-14,1.2410857526864068e-14,-1.7844286048784853e-13,1.802820032148489e-13,1.0788685500529028e-13,-2.493736698620334e-13,5.820766091346741e-15,-1.0234910584183653e-17,-2.398831639692974e-13,2.371815481144328e-12,8.432143872028064e-13,2.1189526792148646e-14,4.680187564658982e-13,2.0372592501871623e-11,-4.1524936432894557e-16,4.805615785707476e-13,-8.91768893871333e-13,1.5919067935221301e-12,4.9960036108132044e-15,-3.3277777327113514e-11,-9.662305644638214e-12,1.5718557013117752e-12,1.0840908572858139e-12,3.6776581187284625e-13,-2.0827553671433683e-12,-1.260428454114908e-10,9.889488678203422e-13,-2.373334421944025e-12,-8.429752189798197e-13,-2.0862330237190568e-11,5.397723389154059e-13,1.2534041311311698e-10,-3.878429398997065e-15,3.327924846857425e-11,-1.5715427571966777e-12,-9.883945513896226e-13,-7.488824375438222e-13,1.180270003267453e-16,-5.333760100256768e-14,2.364132593394667e-14,1.2410857526864068e-14,-1.8222863218397833e-13,1.802820032148489e-13,1.0788689053242706e-13,-2.49373577343448e-13,1.838884600147139e-15,-6.02740328758955e-12,7.403741619782523e-13,3.052845254369885e-13,1.0829202423678907e-13,-1.8649637389955841e-13,1.332657490497331e-10,7.639423767906629e-16,-1.67902149199183e-11,-8.850987072891078e-13,-1.0843525151867558e-15,2.2517888252088457e-14,-4.301830995192465e-15,2.2243161386844197e-13,2.315986809738509e-13,-8.925638894652365e-13,-3.6485435783717435e-13,3.9091929693313434e-13,-2.3062050047428783e-13,1.7588801341320942e-11,-2.1470517215978665e-13,2.063762318963806e-10,-2.575870894361287e-12,1.7840354749054655e-12,-2.2627837381605786e-13,1.60473478949541e-11,4.905585692182876e-10,-1.8629419872245954e-14,2.986049225079085e-10,-2.712188806874849e-11,5.4830677035747995e-15,5.846336088854987e-13
0.18229653402205231,9.017108836455819e-17,-6.439222488552332e-14,3.315013448930889e-14,6.256824687985348e-15,-1.8353603081777692e-13,1.8537353596581596e-13,1.0977727171734841e-13,-1.5615508885957752e-13,7.761021455128988e-15,-1.4334328640217174e-17,-2.3661281267628453e-13,4.576691329439532e-12,1.7216783554374615e-12,1.812213814582507e-14,3.933967349409626e-13,1.7561261087293032e-11,-2.566864052617521e-16,6.3282662552144e-13,-8.099916086694013e-13,1.6055724054861896e-12,5.10702591327572e-15,-3.72402581373665e-11,-1.0905603103789493e-11,3.431745166159299e-12,9.144503925344838e-13,4.3117342383099016e-13,-2.3501577186282714e-12,-1.1766463772314744e-10,8.303277770210782e-13,-4.57815949784481e-12,-1.7216119141730789e-12,-1.7973532577387888e-11,4.2724057668761277e-13,1.1686636154930184e-10,-3.984234613779204e-15,3.724186865012351e-11,-3.4312131611636333e-12,-8.298547034731504e-13,-5.935992438329171e-13,9.017108836455819e-17,-6.676970087937662e-14,3.315017889822987e-14,6.256824687985348e-15,-1.872365373856155e-13,1.8537353596581596e-13,1.097773250080536e-13,-1.5615499634099214e-13,2.617639438540209e-15,-6.394717881145577e-12,7.118615030776709e-13,3.2670908201026805e-13,1.1024081203458991e-13,-1.0508168409491721e-13,1.3913140342667486e-10,8.347183322808641e-16,-1.8126940508245008e-11,-9.949304112059447e-13,-1.5316798755253085e-15,4.232559317135856e-14,-8.180000109435167e-15,4.461208883791793e-13,1.7516181098168696e-13,-8.100424035243729e-13,-3.7507382755208597e-13,4.138897891081683e-13,-1.6745936193274248e-13,1.0066147175062194e-11,-3.4096198457215603e-13,1.9490883763258655e-10,-2.4851033231243493e-12,1.8459326067699065e-12,-1.630920820616666e-13,9.096527235167666e-12,4.894645089753698e-10,-2.4144674585000305e-14,3.3213926690577495e-10,-2.6732606868880755e-11,7.834751366194344e-15,5.006544571278804e-13
0.19514043784146168,-2.6317815891142756e-17,-8.694769348949194e-14,4.9315233378403416e-14,-2.469269233529303e-15,-1.888111000880599e-13,1.9094906766881082e-13,1.1009554157226375e-13,-1.0486565319804224e-13,7.761021455128988e-15,-2.0037083285271415e-17,-2.504062134150072e-13,8.557788624083202e-12,3.2900071555985733e-12,1.683916557505056e-14,3.3691702976895103e-13,1.6402620002982836e-11,-2.433321664707705e-16,8.515688510093904e-13,-7.622859062319107e-13,1.611094121080638e-12,5.329070518200751e-15,-4.559460723601337e-11,-1.3463690657802873e-11,5.943309456285879e-12,8.086373860550877e-13,5.695142817112834e-13,-2.8443016390681685e-12,-1.1263692820828215e-10,7.235293093821316e-13,-8.559206020094062e-12,-3.289966159203926e-12,-1.6757201095479735e-11,8.258957021745627e-14,1.1178519834593261e-10,-4.307223099643846e-15,4.559609386317369e-11,-5.9429182761420065e-12,-7.228292038992853e-13,-4.7236288954385e-13,-2.6317815891142756e-17,-8.953927969438762e-14,4.931524818137708e-14,-2.469269233529303e-15,-1.9280150809208862e-13,1.9094906766881082e-13,1.1009564815367412e-13,-1.0486556067945684e-13,4.199781263499365e-15,-7.711544943352541e-12,6.83303369442001e-13,3.497511946726206e-13,1.106306335429963e-13,-6.495581850174404e-14,1.4502379755743864e-10,9.421554883847871e-16,-2.100282074989618e-11,-1.066071999196912e-12,-2.3907727649448893e-15,7.516420139653627e-14,-1.5116139264556903e-14,7.872614560255897e-13,8.239204873916605e-14,-8.20893338489744e-13,-4.0817885738064773e-13,4.448390433786642e-13,-1.4673844361823284e-13,6.28251432358932e-12,3.9070376563662043e-14,2.1670324107011159e-10,-2.4274413590319455e-12,1.9194226208441022e-12,-1.4238452195058926e-13,5.628831474998227e-12,4.883209340765107e-10,-3.212323493957583e-14,4.0442007052561185e-10,-2.7971643519938045e-11,1.2746771231123925e-14,1.8774941959916653e-13
0.20888927310242156,-3.740686776939618e-16,-1.193257048726082e-13,7.420320654224118e-14,-1.7664366266008833e-14,-1.9590515876188875e-13,1.978852137707321e-13,1.0462363420060683e-13,-6.823402953770596e-14,9.701276818911234e-15,-2.6256995660923745e-17,-2.6455866577318465e-13,1.4492607655963582e-11,5.62314084184834e-12,1.6182771509791625e-14,2.8269728379203153e-13,1.5284995491526843e-11,-3.142811320255351e-19,1.0936755811599913e-12,-7.303024464236686e-13,1.6508956871126613e-12,5.440092820663267e-15,-5.609812366610525e-11,-1.6696111227098403e-11,9.294690573688137e-12,6.718693168407495e-13,7.819348793373154e-13,-3.4314859527206084e-12,-1.0995731457135894e-10,6.300438324992793e-13,-1.449414775192762e-11,-5.623297983400714e-12,-1.5584590668511602e-11,-7.449996520929465e-13,1.0903395595956601e-10,-4.458789057643162e-15,5.609954835046723e-11,-9.294189863103982e-12,-6.300145590406222e-13,-3.6504133049675147e-13,-3.740686776939618e-16,-1.2184434202329914e-13,7.420319173926752e-14,-1.7664366266008833e-14,-1.9977619558630977e-13,1.978852137707321e-13,1.046237230184488e-13,-6.823393701912058e-14,6.681943887087982e-15,-9.482937457505614e-12,6.540176400449127e-13,3.7526705631840683e-13,1.052451104044394e-13,-4.210095235398133e-14,1.510429443017755e-10,9.84028456253185e-16,-2.4562797256490826e-11,-1.1420609828209176e-12,-3.770242220276406e-15,1.1861388625495952e-13,-2.531594446562709e-14,1.162705132173869e-12,-5.6708297317224304e-14,-8.234636084125668e-13,-4.780706608364937e-13,4.951221210802714e-13,-8.902460990611871e-14,4.149725748211116e-12,1.2705640983767807e-13,2.545435563661158e-10,-2.400520315859467e-12,2.022626111042314e-12,-8.49011883019557e-14,3.7242786632418756e-12,4.975634955730199e-10,-4.069547009897005e-14,4.954967968758406e-10,-2.930972131665044e-11,2.1658172940271687e-14,-6.088714023707217e-13
0.22360679774997896,-1.0573650428119824e-15,-1.4394269480059544e-13,9.862766899478477e-14,-3.861964822012472e-14,-2.0481820683926345e-13,2.0694329028181358e-13,9.535501277468939e-14,-2.992226836677029e-14,1.1641532182693482e-14,-2.7209688247995636e-17,-2.3610811656499253e-13,1.8691146191771642e-11,7.283340597297183e-12,1.2125295462899693e-14,2.509807562395889e-13,1.1434526165427568e-11,-9.560919713835437e-17,1.1663058857474098e-12,-6.660676532285683e-13,1.711397647869906e-12,4.551914400963142e-15,-5.796569903626513e-11,-1.73673108078548e-11,1.2525525617954835e-11,3.800074277439321e-13,9.410532705593639e-13,-3.511387053761914e-12,-1.042768971945745e-10,5.066179680629501e-13,-1.8692914763510567e-11,-7.283627114661921e-12,-1.1698501687038936e-11,-1.654652966568059e-12,1.0322899189199145e-10,-3.5297770853800385e-15,5.796712372062711e-11,-1.2524931024136149e-11,-5.067057884389214e-13,-2.708944180085382e-13,-1.0573650428119824e-15,-1.4648170084304487e-13,9.862765419181111e-14,-3.861964822012472e-14,-2.0884272089460864e-13,2.0694329028181358e-13,9.535506606539456e-14,-2.9922175848184905e-14,8.681884840674077e-15,-9.721043170429766e-12,6.219579518074169e-13,4.0504749554415297e-13,9.60634416458106e-14,-1.8347175630613795e-14,1.5781281804605732e-10,7.238276640323077e-16,-2.4960222250684716e-11,-1.3361129332552697e-12,-5.095351224282396e-15,1.4456006776468928e-13,-3.219767612521341e-14,1.3938641056180738e-12,-3.269119493628144e-13,-6.245234847786681e-13,-5.01229846516793e-13,5.180681550420729e-13,2.8605406043880066e-13,2.316602280375927e-12,9.307162448142966e-15,2.5671518718202907e-10,-2.389606379438192e-12,2.1148383488878154e-12,2.8979364685710606e-13,2.130348490207249e-12,5.107234080092837e-10,-4.1152385081707436e-14,5.080806002456157e-10,-2.674267289097069e-11,3.17868648069819e-14,-1.6098884725312957e-12
0.23936126186567866,-1.7956628032633653e-15,-1.4479155652225018e-13,1.0803873351505899e-13,-5.4102751908165674e-14,-2.1373125491663812e-13,2.1626486157444448e-13,9.334490513879246e-14,-1.7617389029093527e-15,9.701276818911234e-15,-2.0924428603951617e-17,-1.7466406648560437e-13,1.5867388703773806e-11,6.189493362285248e-12,7.127725782281788e-15,2.902529682651749e-13,6.566044004803947e-12,1.8407662648343882e-16,1.0037557394937322e-12,-5.65863570471121e-13,1.6830914488346785e-12,2.886579864025407e-15,-4.7702768434952713e-11,-1.4358958633017041e-11,1.3402019495519943e-11,7.834610931173905e-14,9.372221500253186e-13,-2.9110634479382373e-12,-9.266220865546805e-11,3.9376220744661666e-13,-1.5869351903024667e-11,-6.1896911614190905e-12,-6.864217672273669e-12,-1.881185245963685e-12,9.154234540940523e-11,-1.8776598623094966e-15,4.770425506211304e-11,-1.3401362312878238e-11,-3.9331501019053877e-13,-2.1893598045608087e-13,-1.7956628032633653e-15,-1.4750109282128204e-13,1.0803876312100632e-13,-5.4102751908165674e-14,-2.180343017244013e-13,2.1626486157444448e-13,9.334497619306603e-14,-1.7616463843239671e-15,8.60704100584068e-15,-7.818683419221391e-12,5.862602847628295e-13,4.388151342293867e-13,9.412566726041404e-14,1.3146890983269562e-15,1.6560267046550337e-10,2.47129115081053e-16,-2.110217699844465e-11,-1.628174447117677e-12,-5.546211638100355e-15,1.332362580362447e-13,-2.667151529292764e-14,1.366041620561494e-12,-4.931675808469057e-13,-2.7737740992961334e-13,-4.685591359354646e-13,4.472830772428438e-13,5.439932948547721e-13,1.099074720123383e-12,-2.876731741707772e-13,2.0858569769188762e-10,-2.2702806745655834e-12,2.1153948814855996e-12,5.476362474610142e-13,1.0893619339924499e-12,4.976025212032925e-10,-3.108410847241141e-14,4.1344587955833943e-10,-2.0971682723747165e-11,3.668479871728655e-14,-1.924338055801315e-12
0.256225724166006,-2.6757001387268495e-15,-1.5133991837501525e-13,1.2076000939960826e-13,-7.063523839908234e-14,-2.2373569663614034e-13,2.261710013717888e-13,9.079482055085464e-14,2.0197177263980846e-14,9.701276818911234e-15,-1.524351318143e-17,-1.3460543443755135e-13,8.465585955818602e-12,3.283900928963135e-12,4.0014589346468486e-15,3.57039822090282e-13,3.763347658194663e-12,-7.676858513744428e-17,7.299857921792619e-13,-4.662000759596758e-13,1.6079503634184983e-12,1.7763568394002505e-15,-4.0216361826743e-11,-1.2186846817993724e-11,1.465767646293719e-11,-1.2013288910859633e-13,9.858360624049975e-13,-2.456514962014365e-12,-7.999946958111544e-11,3.227192095732005e-13,-8.46731644826171e-12,-3.2842110107844658e-12,-4.125476002481143e-12,-2.054137447450583e-12,7.88551733600296e-11,-5.910401088362639e-16,4.021809622509671e-11,-1.4656894102649448e-11,-3.227048258243788e-13,-1.877017060299598e-13,-2.6757001387268495e-15,-1.5387466116105012e-13,1.2075997979366093e-13,-7.06352309975955e-14,-2.278397914778907e-13,2.2617100414734637e-13,9.0794927132265e-14,2.0197269782566232e-14,8.86757334228605e-15,-6.438979956631859e-12,5.491983756655827e-13,4.758688776362873e-13,9.165045611325695e-14,1.3257173137048994e-14,1.7391275435267295e-10,-1.9136623624578302e-16,-1.824041971481658e-11,-1.875604995390153e-12,-6.2498328271913076e-15,1.0801107404312393e-13,-1.2996983995766307e-14,1.3616357819046242e-12,-6.615019051044631e-13,2.7299525603060223e-14,-3.238588397458386e-13,3.294722161761854e-13,7.610643848465771e-13,5.152391476433612e-13,-2.8298169733413183e-13,1.749057749596735e-10,-2.185697667300701e-12,2.073323734919086e-12,7.645935795608238e-13,6.447975486878476e-13,4.719377666440039e-10,-2.2187650276631922e-14,3.446209885438744e-10,-1.709337301332899e-11,4.376155109582965e-14,-2.184173443960565e-12
0.27427839080007704,-3.2729360225217353e-15,-1.508548545340697e-13,1.2683383232570122e-13,-8.177404679325187e-14,-2.3137545213103296e-13,2.340962312885608e-13,9.496780251083692e-14,3.631918839748967e-14,9.701276818911234e-15,-9.009304918977789e-18,-1.0266765736177685e-13,-5.565060607459488e-12,-2.2294666113253925e-12,2.1685549286060765e-15,4.488307873510659e-13,1.898943965035945e-12,8.847826662549912e-17,3.933374453839561e-13,-3.595234575165142e-13,1.4555940381881613e-12,8.881784197001252e-16,-3.1390751918272696e-11,-9.578249267281433e-12,1.5206955973756343e-11,-2.433961973185274e-13,9.873822019236512e-13,-1.9549136054772793e-12,-6.490436095550967e-11,2.709524589648386e-13,5.5633343460492484e-12,2.229201117318405e-12,-2.351068317653206e-12,-1.6756448437549644e-12,6.380601634903024e-11,4.565329708781755e-16,3.1391928831441287e-11,-1.5206189260674353e-11,-2.7059835853530484e-13,-1.6801375105994035e-13,-3.2729360225217353e-15,-1.5326548918892513e-13,1.2683377311380657e-13,-8.177406159622554e-14,-2.356159711780492e-13,2.340962340641184e-13,9.496790909224728e-14,3.631928091607506e-14,8.313350008393172e-15,-4.832205983499686e-12,5.114998202770949e-13,5.146972792413607e-13,9.5895202889551e-14,2.2312707237404083e-14,1.8244935601079118e-10,-5.745953876817953e-16,-1.4972813216419435e-11,-2.114603631087064e-12,-6.608943716364853e-15,6.673275502790583e-14,1.2125977215249097e-14,1.3109442420500272e-12,-7.944426746083385e-13,2.998220338668034e-13,-1.6204949604414765e-13,1.6393810753356774e-13,8.246237825915159e-13,1.3004504880361386e-13,-2.4813289201119913e-13,1.3579362227271e-10,-2.0227162167429926e-12,1.9682064866799463e-12,8.28303257094376e-13,3.618764547278867e-13,4.24736066730983e-10,-1.2734134086827067e-14,2.650289525495529e-10,-1.3816133422513607e-11,4.7760210138599507e-14,-1.864604524023002e-12
0.29360297801769475,-3.4651305002888377e-15,-1.5133991837501525e-13,1.3265900970319915e-13,-9.142643679164545e-14,-2.3683242034167053e-13,2.396894321909926e-13,1.020149298369688e-13,5.06435634169596e-14,7.761021455128988e-15,-3.87499926849108e-18,-8.332433412231814e-14,-2.465561630199262e-11,-9.733602812644904e-12,9.280469429205784e-16,5.460909502374989e-13,8.690579120538031e-13,1.6335845565068653e-16,4.9893451857264284e-14,-2.551866986456003e-13,1.2539449906798552e-12,0.0,-2.4225085119903374e-11,-7.463225967712714e-12,1.578928238312979e-11,-3.184146471657638e-13,1.0013140827476483e-12,-1.5836398226386789e-12,-4.895804691883779e-11,2.3338348036546403e-13,2.465405928189711e-11,9.733318345099898e-12,-1.4169811639628024e-12,-1.0463164923513809e-12,4.795697430901735e-11,1.2290668293226184e-15,2.4226231061672792e-11,-1.5788421786813272e-11,-2.332948649078996e-13,-1.4980609345608778e-13,-3.4651305002888377e-15,-1.5397366344889937e-13,1.3265892088535718e-13,-9.142645159461911e-14,-2.4106157070491464e-13,2.3968943496655015e-13,1.0201503641837917e-13,5.064365593554499e-14,7.652071568979105e-15,-3.5319923578451077e-12,4.74574335385114e-13,5.546942072331973e-13,1.0301796748990455e-13,2.921847948774333e-14,1.9089219384791254e-10,-8.930037546423962e-16,-1.2318192650463487e-11,-2.3325369413740304e-12,-7.014712884630588e-15,1.8719531133526425e-14,4.58453380690974e-14,1.2537521835535395e-12,-9.071503844400771e-13,5.291975450442503e-13,2.8543023500304796e-14,-2.21756724094746e-14,7.644721478072824e-13,-1.4780658178873787e-13,-2.540673449402675e-13,1.0423536878079176e-10,-1.8460923456586896e-12,1.8244441957193656e-12,7.684143099595531e-13,1.754041356605285e-13,3.6410317267658815e-10,-5.037719983465479e-15,2.0103163546705398e-10,-1.1616374528955475e-11,5.1545573365174846e-14,-1.2615666728869416e-12
0.31428910038958396,-3.574583854916927e-15,-1.7341032313803833e-13,1.5791684996694736e-13,-1.1661567267395867e-13,-2.421074896119535e-13,2.451219310861674e-13,1.091035173317323e-13,7.928407930180015e-14,7.761021455128988e-15,1.2787109362586403e-19,-7.766870190976476e-14,-5.2495406395830904e-11,-2.06705486061054e-11,8.61940727125976e-16,6.406526543835235e-13,4.536494636732237e-13,1.2118788823708779e-17,-4.631319588052671e-13,-1.2946039589182823e-13,1.00262400227325e-12,-8.881784197001252e-16,-2.1561049248598696e-11,-6.799775043887029e-12,1.883410344538253e-11,-4.2603123859599923e-13,1.2031102276661199e-12,-1.5250456818750545e-12,-2.956807925117975e-11,2.0396231723239047e-13,5.249364628615772e-11,2.0670413013071202e-11,-1.096191039175033e-12,-1.0225253673079262e-13,2.8692571574487412e-11,2.1181689384517245e-15,2.1562411990162326e-11,-1.8833258496271763e-11,-2.0383694732117874e-13,-1.2612133559741778e-13,-3.574583854916927e-15,-1.7617480807530228e-13,1.5791670193721073e-13,-1.166156800754455e-13,-2.463934833940584e-13,2.4512193386172496e-13,1.0910362391314265e-13,7.928417182038553e-14,8.776623872108758e-15,-3.0344381229951976e-12,4.4046828406862915e-13,5.979217121421243e-13,1.1018631340675711e-13,3.7910045473192134e-14,1.9980414932382573e-10,-1.3525684681970317e-15,-1.1085778734553008e-11,-2.5289157342308264e-12,-8.705599898369461e-15,-5.249268467816259e-14,9.4862600847484e-14,1.4575779990385247e-12,-1.1364433542363864e-12,8.393636600582491e-13,2.714997004993336e-13,-2.6592216206822175e-13,7.169339255597151e-13,-4.499413804500326e-13,-1.3413531026647736e-13,9.318367422868809e-11,-1.632179191801697e-12,1.6216394449486415e-12,7.211279040575391e-13,5.709136866964097e-14,2.887088049250574e-10,1.1096995582637534e-15,1.772198326977213e-10,-1.0547627586158606e-11,6.465364123705205e-14,-3.731958492236842e-13
0.33643268638011187,-2.8181476656409174e-15,-2.1342809001604716e-13,2.0135650184253488e-13,-1.5916802690677893e-13,-2.4410837795585396e-13,2.4697455192068673e-13,1.2028330331759208e-13,1.2674814901340406e-13,7.761021455128988e-15,4.945014742017558e-18,-7.893049639810339e-14,-9.216029023939316e-11,-3.6228936517446186e-11,3.7148982771135273e-16,7.457961717330067e-13,2.0107372557100057e-13,-7.201372835550622e-17,-1.0221681705454586e-12,6.485445255768175e-15,6.431761867687695e-13,-2.3314683517128287e-15,-2.011034891131364e-11,-6.612053522071767e-12,2.487505146557883e-11,-5.885174463691947e-13,1.598623180606569e-12,-1.669577895758661e-12,-6.752634627171278e-12,1.7951402806378378e-13,9.215866975380462e-11,3.622882769065312e-11,-9.484419904541113e-13,1.3375216731425864e-12,6.100305983872446e-12,3.395924492131941e-15,2.0111463881683886e-11,-2.4874331694114106e-11,-1.7926401104280862e-13,-1.0036416142611415e-13,-2.8181476656409174e-15,-2.1605567705288802e-13,2.0135638341874558e-13,-1.5916803430826577e-13,-2.482067884557182e-13,2.469745546962443e-13,1.2028344542613923e-13,1.2674824153198947e-13,1.1265418227897801e-14,-2.749705648360153e-12,4.133653419557959e-13,6.423417575618373e-13,1.2145058292389876e-13,5.15102775248503e-14,2.087590597803966e-10,-2.061781531636532e-15,-1.0066448044955961e-11,-2.7259120886450696e-12,-1.1831392347320483e-14,-1.4000614758970704e-13,1.6399300248210828e-13,1.8780283994601634e-12,-1.6484611009559557e-12,1.3037942873476518e-12,5.565004013163844e-13,-5.65096408555732e-13,3.0569538012059636e-13,-8.865617499391003e-13,-2.365444136861091e-13,8.819285236919919e-11,-1.388070813845843e-12,1.33564097559713e-12,3.1027845182052263e-13,-7.609468610780823e-14,1.8297911635491064e-10,8.56797204257069e-15,1.6454980495264727e-10,-9.796691236019228e-12,8.64154002984859e-14,1.1223492621392773e-12
0.36013642319964434,8.021708523487404e-16,-2.0954757928848266e-13,2.0067201234041931e-13,-1.6309655107941505e-13,-2.333763404749334e-13,2.363364726143402e-13,1.2749989508620274e-13,1.3955725464143143e-13,5.820766091346741e-15,8.520579040394375e-18,-7.395321334480176e-14,-1.0980999307684568e-10,-4.3131054283662706e-11,-2.9574625927243483e-16,8.502072502815218e-13,-3.435523470645623e-13,9.758700081403231e-17,-8.662855526941047e-13,3.320341417832445e-14,3.6974264291428233e-13,-2.55351295663786e-15,-1.3764309220670868e-11,-4.736241211516083e-12,2.564289114638208e-11,-6.097293119144428e-13,1.6110235911673077e-12,-1.5612675143471131e-12,2.009761865972609e-12,1.5544152336816053e-13,1.0980827527750118e-10,4.313106851381622e-11,-5.074813062062095e-13,1.8063381106437624e-12,-2.4153434420485e-12,3.84450636473424e-15,1.3765424191041113e-11,-2.5642453024620946e-11,-1.555792531841386e-13,-8.171241461241152e-14,8.021708523487404e-16,-2.1221874627978348e-13,2.0067189391663002e-13,-1.6309655848090188e-13,-2.3750885702611414e-13,2.363364726143402e-13,1.2750000166761312e-13,1.395573471600168e-13,9.329899815687288e-15,-1.632846154582997e-12,3.874447429552674e-13,6.771904814684149e-13,1.2877524824261856e-13,5.6737577599127085e-14,2.1395287027835888e-10,-2.293138416783677e-15,-7.717577131640452e-12,-2.938475851532729e-12,-1.2494374747780886e-14,-1.5095916270496668e-13,1.9235058966622643e-13,1.748799623631688e-12,-1.725880061087537e-12,1.4658108208701985e-12,6.472388180966959e-13,-6.459060120089788e-13,-6.983576383845502e-14,-1.117306247522265e-12,-2.12291221638831e-13,6.047678956141075e-11,-1.2825694284401833e-12,1.1719294867873487e-12,-6.499149662886338e-14,-2.2526869258854276e-13,1.0651366739515782e-10,1.378335379859097e-14,1.0944450045844658e-10,-8.88535541439713e-12,8.8808925491346e-14,1.701217292038315e-12
0.38551023299946646,5.700246680200259e-15,-1.9584452578177054e-13,1.880120059638557e-13,-1.547536321311327e-13,-2.1827872842550277e-13,2.2142804811942084e-13,1.2870383869767464e-13,1.4052037311529374e-13,1.940255363782247e-15,1.0393872915493549e-17,-6.953039128250922e-14,-1.073134805950087e-10,-4.2106457209811765e-11,-9.73372617075875e-16,9.418391992236745e-13,-9.564879752430341e-13,9.19543243185057e-17,-4.879135245803796e-13,1.8946407750180178e-14,2.2239291117644328e-13,-2.6645352591003757e-15,-8.433511994934246e-12,-3.108932277581696e-12,2.4934385669801316e-11,-5.888621738709819e-13,1.5210218416156234e-12,-1.4834971093335757e-12,3.404821644264387e-12,1.3425953780445607e-13,1.0731186010942017e-10,4.210637670780046e-11,1.459336124165489e-14,1.6949485544225542e-12,-3.64873667455678e-12,3.933239842222706e-15,8.434255308514409e-12,-2.4933916253628672e-11,-1.341149413747189e-13,-6.468899490149245e-14,5.700246680200259e-15,-1.984773234653403e-13,1.8801206517575036e-13,-1.5475363953261953e-13,-2.225363004981773e-13,2.2142804811942084e-13,1.287040163333586e-13,1.4052046563387915e-13,6.213933071800663e-15,-7.237152506907781e-13,3.624336386565119e-13,7.087541775696593e-13,1.3010499344545678e-13,5.755063092749424e-14,2.171413243011294e-10,-2.33454985757494e-15,-5.850373418270655e-12,-3.1535676847660454e-12,-1.255187504859793e-14,-1.324584336890681e-13,1.843604226168157e-13,1.5997893380396514e-12,-1.6518341065345037e-12,1.48725973758701e-12,5.992432550172566e-13,-6.057626678046546e-13,-1.8198100804056595e-13,-1.2227267346768638e-12,-2.742278108295674e-13,3.692402970045805e-11,-1.2110831448808311e-12,1.0963878693814877e-12,-1.770997215544412e-13,-3.2454409530184115e-13,6.671306917746469e-11,1.6419035727376075e-14,6.330058448669266e-11,-8.354844593938537e-12,8.777441158162406e-14,1.6343922742967365e-12
0.4126717826175424,1.1111726863430547e-14,-1.8493058936049541e-13,1.766808625329001e-13,-1.4667666340765586e-13,-2.0208972273394466e-13,2.0541985334965319e-13,1.269823002303383e-13,1.422510257735136e-13,-1.940255363782247e-15,1.1506819062811528e-17,-6.625190847320273e-14,-8.978630846942029e-11,-3.5151326294169394e-11,-1.590765520852343e-15,1.024758981375366e-12,-1.6169164772526932e-12,-1.9050855240954763e-16,-7.564928914165596e-14,-6.8969378012324406e-15,1.6487346452568614e-13,-2.886579864025407e-15,-4.830671071883526e-12,-2.0202290413328743e-12,2.452555547783793e-11,-5.734249829558476e-13,1.4541300370135306e-12,-1.4804786232942374e-12,1.5125885040613993e-12,1.1551964535413037e-13,8.978443835289253e-11,3.515110213537023e-11,5.927020063017312e-13,1.4045837180292633e-12,-1.6733223334085118e-12,3.992132348979403e-15,4.831445356862862e-12,-2.4524898295196226e-11,-1.153151648243996e-13,-4.9145872556740265e-14,1.1111726863430547e-14,-1.874203311065988e-13,1.7668071450316348e-13,-1.466766708091427e-13,-2.065178250632016e-13,2.054198589007683e-13,1.2698240681174866e-13,1.4225111829209897e-13,3.0610181056545117e-15,-1.4091104579468569e-13,3.396053216420114e-13,7.398791135315718e-13,1.285245332383056e-13,5.733672795808313e-14,2.193303968677565e-10,-2.3716833584660948e-15,-4.573360687550387e-12,-3.3752144597739195e-12,-1.2892759776450547e-14,-1.049049909440658e-13,1.495580655846984e-13,1.4774878801896799e-12,-1.5708799594449375e-12,1.481730767712482e-12,5.204779551792882e-13,-5.095487420891942e-13,-1.668532689791391e-13,-1.2972850571557616e-12,-9.081304597202688e-14,2.1246766361097494e-11,-1.1881638783961535e-12,1.0685238471808134e-12,-1.6205092379095732e-13,-3.8793560956188834e-13,5.203220283574463e-11,1.7974366095453893e-14,3.231233687207829e-11,-8.09600534760572e-12,8.951833487443513e-14,1.3510198052883263e-12
0.4417470292389771,2.056548652438576e-14,-2.358622926597794e-13,2.3106885294055244e-13,-2.064603377149865e-13,-1.8044374883174896e-13,1.83539911047248e-13,1.2036696972472783e-13,2.2693384208830974e-13,-1.940255363782247e-15,1.813829294642465e-17,-6.577767844295757e-14,-7.088719855010911e-11,-2.753519634524082e-11,-2.842567279167898e-15,1.1315119366164497e-12,-2.6108744795768266e-12,-1.297791422858203e-16,4.0522693902865126e-13,-4.4830095708010865e-14,5.23525173067514e-14,-4.884981308350689e-15,-2.998031439991315e-12,-1.9779777617948123e-12,3.4545525332676056e-11,-8.256657633273185e-13,2.1508883738738213e-12,-1.8890395866187804e-12,-6.175938313728778e-13,1.0387068809236677e-13,7.088516765433235e-11,2.7535242152782607e-11,1.4812008679772801e-12,1.4540074279669536e-12,6.075582543523199e-13,6.0308949132413525e-15,2.998991553365692e-12,-3.4544899444445864e-11,-1.0347278589506459e-13,-3.774758283725532e-14,2.056548652438576e-14,-2.3836387678481213e-13,2.3106870491081585e-13,-2.0646034511647335e-13,-1.84877535502892e-13,1.835399165983631e-13,1.2036707630613818e-13,2.2693393460689511e-13,4.165675212182881e-15,1.0271226832022269e-13,3.4515323932282627e-13,7.719566208486128e-13,1.2209838473609125e-13,7.894795928109488e-14,2.206941799852005e-10,-3.585224073865542e-15,-2.965821184850912e-12,-3.6081762577744314e-12,-2.007561362519598e-14,-7.26267512564845e-14,1.0919092453126611e-13,2.1186461178028064e-12,-2.1982883661545807e-12,2.157201587730621e-12,4.304131051569016e-13,-4.1154602503645777e-13,-2.7780252764841864e-13,-2.0423340796327237e-12,-8.565924266198029e-14,1.7394389336307844e-11,-1.279295247513801e-12,9.968259551129677e-13,-2.733681014888134e-13,-5.901627334973606e-13,2.2713478384938685e-11,2.8219559935344085e-14,1.8809797917221542e-11,-8.038588313515524e-12,1.383594887965911e-13,1.4230848791041416e-12
0.4728708045015879,3.187880352490541e-14,-2.738185382137696e-13,2.713661295672409e-13,-2.5739959053083794e-13,-1.5661498764529824e-13,1.5967010491557688e-13,1.0519329407543409e-13,3.1252842906207924e-13,-1.940255363782247e-15,2.4964677052134866e-17,-6.137899794903905e-14,-1.467416973840533e-11,-5.3108906161725145e-12,-3.644274552266902e-15,1.2274903316011887e-12,-3.950697793600158e-12,2.814170791680373e-16,9.599176180681667e-13,-1.0443358064631724e-13,1.1936213685729824e-13,-7.105427357601002e-15,-2.1964916293820665e-13,-1.6766478246020513e-12,4.480859017612193e-11,-1.073296607947054e-12,2.8478403449053287e-12,-2.1985231846521044e-12,-9.203800512422763e-12,9.577892587838328e-14,1.4672244618450282e-11,5.310789243269387e-12,2.7258854413650083e-12,9.524005227422955e-13,9.186432299611658e-12,8.088410786955512e-15,2.205473335142371e-13,-4.480796428789173e-11,-9.592326932761353e-14,-3.419486915845482e-14,3.187880352490541e-14,-2.7638928183174964e-13,2.713658927196623e-13,-2.5739959053083794e-13,-1.6121362023113761e-13,1.59670110466692e-13,1.0519340065684446e-13,3.1252852158066465e-13,2.9454364873042018e-15,4.4286328678329785e-13,3.587956598494202e-13,8.019740982412316e-13,1.071315125500405e-13,1.0072128316570191e-13,2.2016274462436655e-10,-4.846657302652168e-15,-9.76218501947585e-13,-3.858420527524942e-12,-2.8134381398666382e-14,-2.236907707675595e-14,1.9729790717848417e-15,2.5906317091539676e-12,-2.810713084500094e-12,2.7738148370796503e-12,1.9650727711706395e-13,-2.0066939776519633e-13,8.930527428674396e-15,-2.815792229012478e-12,-4.063622327521443e-13,1.0178579638401667e-11,-1.4155375538393855e-12,1.0229241453885152e-12,1.2646736990973296e-14,-8.153137424452932e-13,4.3626207297860504e-11,3.863261029439166e-14,-2.811707502563755e-12,-8.004226910903375e-12,1.9516430138644125e-13,8.167621787236179e-13
0.5061874397552807,4.7642442472320876e-14,-3.319049331670006e-13,3.325260363358969e-13,-3.399555970062806e-13,-1.2823875294998287e-13,1.3082291361321553e-13,8.314881227988735e-14,4.575597308450104e-13,-1.940255363782247e-15,3.633267756164026e-17,-5.567096263148219e-14,7.984886464766265e-11,3.172448415078577e-11,-6.0134068827827966e-15,1.3270008163300694e-12,-5.888036971571056e-12,-4.1031840174026904e-16,1.5681450258947516e-12,-1.7801167516784143e-13,2.767641877143587e-13,-1.0547118733938987e-14,3.4591336308858466e-12,-1.5012514678734918e-12,6.202840269818547e-11,-1.4992194162969238e-12,4.047414793046026e-12,-2.640287494409368e-12,-2.1558362330451506e-11,9.413437188308486e-14,-7.985091246757088e-11,-3.1724454335226027e-11,4.56595722843499e-12,5.091385766926871e-13,2.1457464358303667e-11,1.1600510082968116e-14,-3.4585451743015507e-12,-6.202787069318979e-11,-9.399888275159658e-14,-3.833970178372207e-14,4.7642442472320876e-14,-3.3445815006416523e-13,3.3252606594184425e-13,-3.399555970062806e-13,-1.327009613305563e-13,1.3082292471544577e-13,8.314888333416093e-14,4.575598233635958e-13,7.977026446800058e-16,8.136945931861798e-13,4.0508894016966225e-13,8.303600251835519e-13,8.533397988230718e-14,1.3811988589888338e-13,2.1770296160110417e-10,-7.0393426940891686e-15,2.0386613791940938e-12,-4.128396698573529e-12,-4.2382214635964627e-14,3.854375441499543e-14,-1.7554886508573213e-13,3.4501766776884326e-12,-3.7722577654146034e-12,3.775370771563757e-12,-6.03143479604995e-14,8.031593168311702e-14,3.77935052142675e-13,-4.1035876548652556e-12,-4.974329688896736e-13,3.0229178567727406e-12,-1.7689671949483455e-12,1.0808340000778572e-12,3.8057024198678844e-13,-1.1740808325555463e-12,8.975392134939721e-11,5.5916402286410385e-14,-3.076228028624477e-11,-7.997870884087396e-12,2.953883058293139e-13,2.1846693435782308e-13
0.5418514353747664,6.567264328559188e-14,-3.8186650878439347e-13,3.831155837019651e-13,-4.284202992366204e-13,-9.749783203005791e-14,9.972269676694623e-14,5.82864601028632e-14,6.438899413652166e-13,-5.820766091346741e-15,5.1111326819344034e-17,-4.5492183515608943e-14,2.1965329284443012e-10,8.608516677277578e-11,-8.183618231374615e-15,1.4131153808833515e-12,-8.281801170776742e-12,-8.387242244926284e-17,2.1838156946557426e-12,-2.62245006072505e-13,5.311182947335022e-13,-1.4988010832439613e-14,8.460023512626731e-12,-1.227559633018151e-12,8.517162143081466e-11,-2.0449709711935294e-12,5.637608041552156e-12,-3.0962564443517526e-12,-3.7359056416916734e-11,9.971421836378151e-14,-2.1965534489537123e-10,-8.608515864125948e-11,6.875622274459136e-12,2.381125312436884e-13,3.7088313686356325e-11,1.6235940238464638e-14,-8.459094370651527e-12,-8.517080777611541e-11,-9.917992353318066e-14,-5.3734794391857577e-14,6.567264328559188e-14,-3.8442446263312983e-13,3.8311579094359634e-13,-4.284202992366204e-13,-1.0189751264988445e-13,9.972270231806135e-14,5.828642457572641e-14,6.43890033883802e-13,-5.775291356258094e-15,1.2158125173300505e-12,4.878529580309987e-13,8.56314064101582e-13,6.074209579765011e-14,1.8643901237661945e-13,2.1340655018325292e-10,-1.001014304406007e-14,6.028768677509807e-12,-4.422869478067544e-12,-6.237920481081774e-14,1.0973028041760812e-13,-4.336444253451773e-13,4.391946835842949e-12,-4.820488778515634e-12,4.9126043677460986e-12,-3.9468719403856764e-13,4.169390388497618e-13,7.459513540197805e-13,-5.772253045914037e-12,-3.399691195227206e-13,-6.174377631396055e-12,-2.3059328668750823e-12,1.177366248938938e-12,7.47307353776705e-13,-1.6505197208971367e-12,1.6274794819297817e-10,7.832821644440137e-14,-6.963758052877677e-11,-8.024747533141863e-12,4.361635951137995e-13,-2.300934211681612e-13
0.5800281772294444,5.966656928373578e-14,-2.9819299622128405e-13,2.8802196183619346e-13,-3.4770920957309197e-13,-9.786162991076708e-14,1.000219240765432e-13,6.516366113373806e-14,5.8538220567191e-13,-1.940255363782247e-14,4.767563324801252e-17,-4.011201093501171e-14,2.6946696906358414e-10,1.0538736550103067e-10,-8.78128467895725e-15,1.4402927153403214e-12,-8.094451035371247e-12,-1.0658736219841875e-16,2.1747200519019502e-12,-2.626209973003214e-13,6.611782039987069e-13,-1.3877787807814457e-14,9.40167793309673e-12,-6.355181092680066e-13,7.938052799211222e-11,-1.8607331915203374e-12,5.044354014859648e-12,-2.697993845161422e-12,-4.046726777962545e-11,8.960909271549244e-14,-2.694688307180462e-10,-1.0538717956035809e-10,6.66129477966404e-12,8.591550990215877e-14,4.006655311145984e-11,1.52695620430081e-14,-9.400717819722353e-12,-7.93795265709439e-11,-8.896587170662921e-14,-4.884981308350689e-14,5.966656928373578e-14,-3.006798957964444e-13,2.8802210986593005e-13,-3.477092021716051e-13,-1.0182930054725148e-13,1.0002192962765833e-13,6.516373218801164e-14,5.853822981904954e-13,-1.8483585032906072e-14,1.0969718762983878e-12,4.730281943921e-13,8.947988794361095e-13,6.776318173251639e-14,1.6652494198391803e-13,2.1604721241993136e-10,-9.467980124412169e-15,5.7284699911239e-12,-4.732330268393999e-12,-6.076080032631677e-14,1.3189689502627703e-13,-5.159351938732737e-13,3.5217633846211054e-12,-3.904391239946866e-12,4.161107843477415e-12,-4.567853928438836e-13,4.779405871069287e-13,6.627161752703614e-13,-5.305136145198712e-12,-6.499855468670527e-14,-1.104829910521706e-11,-2.35741026699543e-12,1.2409722138784217e-12,6.643667660455322e-13,-1.5596701707920602e-12,1.982408294368455e-10,7.291050562233635e-14,-8.102415349210246e-11,-7.942739059056217e-12,4.25251259986853e-13,-3.3971706235128946e-13
0.6208947036329641,4.862576378876493e-14,-2.1864252630621195e-13,1.9722949199755627e-13,-2.672175591911241e-13,-1.0186340659856796e-13,1.0451685072965233e-13,7.258094569806417e-14,5.19588168786574e-13,-3.104408582051595e-14,4.437793766681948e-17,-3.7504649270473735e-14,2.823320168440576e-10,1.0997883159724609e-10,-7.511714051703738e-15,1.4774254350788693e-12,-7.237266341775239e-12,1.382945353716501e-16,2.075797052832958e-12,-2.5763790325956195e-13,7.144958125229944e-13,-1.2878587085651816e-14,9.188099164396522e-12,-3.1276177098455364e-13,7.243942751924944e-11,-1.658818470120755e-12,4.368478829979958e-12,-2.289787997841507e-12,-4.095989697287773e-11,8.00214206240583e-14,-2.823339927364071e-10,-1.0997828190674463e-10,5.765726919823886e-12,-9.413245512264887e-14,4.0500950461592025e-11,1.4452038029570246e-14,-9.187139051022145e-12,-7.243848868690415e-11,-7.934393882654452e-14,-4.204044519913926e-14,4.862576378876493e-14,-2.2104605553370978e-13,1.9722972884513487e-13,-2.6721755178963726e-13,-1.0595044841466005e-13,1.0451685628076745e-13,7.258130096943205e-14,5.195882613051594e-13,-3.0314595278468914e-14,8.16847508152326e-13,4.527464625425637e-13,9.373414044944183e-13,7.53341566905874e-14,1.433730911770681e-13,2.2008255682997747e-10,-8.82997034458476e-15,4.774055354194434e-12,-5.061354113600203e-12,-5.821028265888077e-14,1.4788225620917158e-13,-5.293554686027398e-13,2.6780637559416696e-12,-2.977406647156992e-12,3.3826109320974257e-12,-4.668928854645316e-13,4.715200729865643e-13,5.867227059752622e-13,-4.743062239261538e-12,-2.2885918345612783e-13,-1.1900071209917465e-11,-2.3632310330867766e-12,1.269331262321316e-12,5.887088150302588e-13,-1.4202705678201255e-12,2.1261031694886835e-10,6.775268483727968e-14,-8.32937376235339e-11,-7.887079878088343e-12,4.074589154215898e-13,-4.825335501538556e-13
0.6646405263290656,3.49050974755849e-14,-1.5024852473288776e-13,1.1876603404440782e-13,-1.9851015646092189e-13,-1.0732037480920553e-13,1.1001693445145122e-13,7.852463568269741e-14,4.67078412983805e-13,-3.880510727564494e-14,4.309103653958908e-17,-3.575402416263381e-14,2.7525678213700433e-10,1.0654102600149429e-10,-6.3722476851484855e-15,1.5287347005572057e-12,-6.003222610375916e-12,-2.691628243391451e-16,1.9409885671268567e-12,-2.5097172402304085e-13,7.37384530656356e-13,-1.2656542480726785e-14,8.557645362821489e-12,-1.5410061622813053e-13,6.694037352875598e-11,-1.4961831249177082e-12,3.804013705975701e-12,-1.9163835189751383e-12,-4.058954722717486e-11,7.34229300622391e-14,-2.7525882995691257e-10,-1.0654062593089264e-10,4.479159616513043e-12,-2.6314556527354296e-13,4.0101049096339794e-11,1.4337514939936728e-14,-8.55649942105207e-12,-6.693927822435315e-11,-7.238654120556021e-14,-3.6415315207705135e-14,3.49050974755849e-14,-1.5275721428527806e-13,1.1876621168009174e-13,-1.9851014905943505e-13,-1.1113456821476575e-13,1.1001694000256634e-13,7.852534622543317e-14,4.670785055023904e-13,-4.140569368852691e-14,4.787580110132694e-13,4.3746695155277847e-13,9.820802393534223e-13,8.145384811086842e-14,1.2319626800187205e-13,2.2457972819912756e-10,-8.356438269488137e-15,3.5570032522739928e-12,-5.41340583470884e-12,-5.673472108780331e-14,1.6222219169822102e-13,-5.055694115666902e-13,1.9915837867756637e-12,-2.1907354152972403e-12,2.7173707432363394e-12,-4.1528145922065105e-13,4.406933651335265e-13,5.336021047241957e-13,-4.280031699425517e-12,-3.083187039010227e-14,-1.0960987613846858e-11,-2.4239852791652084e-12,1.280855688179372e-12,5.358533172739044e-13,-1.2948383106466584e-12,2.1866194255776424e-10,6.572330231587563e-14,-8.256529031497403e-11,-7.839173754575768e-12,3.9713637182044646e-13,-6.291425540261297e-13
0.7114685093208841,1.8298674930629828e-14,-8.949427865445614e-14,4.8481396675015276e-14,-1.379096318624799e-13,-1.1386873666197062e-13,1.1670490684956292e-13,8.361460857031488e-14,4.2396725019600014e-13,-5.2386894822120665e-14,4.3824968530235266e-17,-3.426787210473551e-14,2.5324986010705343e-10,9.720835247861714e-11,-4.413154592921206e-15,1.5942108744226857e-12,-4.403884664346455e-12,-2.190404024212796e-16,1.772210105771501e-12,-2.417494499158711e-13,7.462362345465717e-13,-1.3433698597964394e-14,7.64968782465222e-12,-7.699005906411064e-14,6.245400669471807e-11,-1.36062099074065e-12,3.3194999356766998e-12,-1.5532774042429825e-12,-3.9631760405744755e-11,6.834929757587593e-14,-2.5325223794752536e-10,-9.72080901016914e-11,2.8123686346569355e-12,-4.2089205447157533e-13,3.912528085752102e-11,1.4886261846683638e-14,-7.648696739878668e-12,-6.245309915678429e-11,-6.809367884367627e-14,-3.345472047537138e-14,1.8298674930629828e-14,-9.188738658849616e-14,4.8481100615542046e-14,-1.3790962446099305e-13,-1.1754650586226489e-13,1.1670491240067805e-13,8.36154612215978e-14,4.239673427145855e-13,-5.214909985321962e-14,1.0938189613322416e-13,4.270987119525671e-13,1.0286447027496593e-12,8.673985973928211e-14,1.0538199942307832e-13,2.2948683651055044e-10,-7.898993891158716e-15,1.9118025281795856e-12,-5.7912933707863585e-12,-5.607459519866668e-14,1.7550264482431763e-13,-4.5342003300123205e-13,1.37309091504297e-12,-1.5177919957902e-12,2.132626756671622e-12,-3.896705791373023e-13,3.934737535793431e-13,4.905960082624005e-13,-3.892270764952836e-12,1.0025663262543579e-13,-9.223973999420802e-12,-2.4549080990254877e-12,1.2849826980243506e-12,4.930694785798551e-13,-1.1844880631883825e-12,2.208118700805958e-10,6.677570687152121e-14,-8.054248629215676e-11,-7.774688300562124e-12,3.9251382128654515e-13,-7.725119444597824e-13
0.7615958096191475,-2.76818932359868e-15,-2.7648638933897018e-14,-2.710779748819429e-14,-1.0567836235727176e-13,-1.1641532182693482e-13,1.1939771393798538e-13,7.577405369829648e-14,4.888436877514835e-13,-6.790893773237865e-14,5.730933159219977e-17,-2.862235911245866e-14,2.7032360090221873e-10,1.0341713596595525e-10,-2.9393925565162567e-15,1.6595183946168904e-12,-2.5017025488220197e-12,-2.231964994603069e-16,1.7650161022866326e-12,-2.7787688171137694e-13,8.62324660765056e-13,-1.8096635301390052e-14,8.467952190815138e-12,-4.912499444212266e-14,7.039177158534341e-11,-1.5361482888039696e-12,3.784088945347586e-12,-1.349263259584182e-12,-4.607353258602099e-11,7.709848384718221e-14,-2.70325581025601e-10,-1.0341678251604702e-10,8.433249758243999e-13,-6.822511211619604e-13,4.548720734701462e-11,1.9684212213769842e-14,-8.46708499163828e-12,-7.039095793064415e-11,-7.623531435759408e-14,-4.781360492719008e-14,-2.76818932359868e-15,-2.9992482571591e-14,-2.710738300493176e-14,-1.0567836975875859e-13,-1.2001919458271005e-13,1.193977194891005e-13,7.577462213248509e-14,4.888437802700689e-13,-7.098795625400574e-14,-3.0243730482955775e-13,5.031324690207839e-13,1.0657526638979674e-12,7.917016375813546e-14,1.1745789526192615e-13,2.31108201051885e-10,-9.132675355977976e-15,3.4291533164859336e-13,-6.213080975629263e-12,-6.965822594665974e-14,2.2692520894781095e-13,-4.663539115064749e-13,1.0599926270060678e-12,-1.2562215564078846e-12,2.0105635674857087e-12,-4.3377600400518193e-13,4.4349989791747645e-13,5.931259039471115e-13,-4.435449415159572e-12,1.497937773820013e-13,-8.703500498086214e-12,-3.0440787668339908e-12,1.355683210135794e-12,5.951107340251838e-13,-1.3152405090958534e-12,2.5451760208449786e-10,8.709331677072066e-14,-9.698160943104466e-11,-7.721619639985041e-12,4.875937173913376e-13,-1.1212975571199083e-12
0.8152548842718242,-3.876797320667702e-14,5.505474594732126e-14,-1.2591823879877969e-13,-4.99804049998905e-14,-1.304215402342379e-13,1.3351194594335425e-13,7.358735842899478e-14,5.215098723236148e-13,-9.313225746154786e-14,7.259808438423778e-17,-2.0903996126679185e-14,2.4305097230230176e-10,9.299186420896888e-11,1.0957971123856967e-15,1.7501336028550678e-12,1.049006560628464e-12,1.9604640270144585e-17,1.6025951364154978e-12,-2.9626979164550125e-13,9.545257177933035e-13,-2.3314683517128287e-14,7.793271231220398e-12,-2.614421625541238e-14,7.564247312609547e-11,-1.6232386801348873e-12,4.008151064055245e-12,-9.470943843429435e-13,-4.972683763468055e-11,8.499324652642508e-14,-2.430527747223036e-10,-9.299143486490857e-11,-2.801707313294161e-12,-9.668817411608795e-13,4.906677131783073e-11,2.499987928261324e-14,-7.792094318051807e-12,-7.564172206021924e-11,-8.496906881797865e-14,-6.380081648179232e-14,-3.876797320667702e-14,5.279900960886152e-14,-1.2591746904414928e-13,-4.998041240137733e-14,-1.3381509234022814e-13,1.3351195149446936e-13,7.358806897173054e-14,5.215100573607856e-13,-9.160127471356342e-14,-9.15315467864275e-13,5.70253178011626e-13,1.1070851568817375e-12,7.723954809080169e-14,1.2216228029160447e-13,2.352318662854541e-10,-9.009350746989539e-15,-4.554034534466146e-12,-6.6791202198620186e-12,-8.102567806515342e-14,2.7657460812309984e-13,-3.9108638202889347e-13,3.9653234769806053e-13,-4.666548628999104e-13,1.6266596958303125e-12,-4.147839627322014e-13,4.1979812681613993e-13,6.168630761749227e-13,-4.716680564638883e-12,4.43227084664007e-14,-6.831639135877291e-12,-3.5939592635259032e-12,1.4402509407318576e-12,6.186267142993529e-13,-1.390477362879968e-12,2.811312875001597e-10,1.0977733343664128e-13,-1.0669721346616362e-10,-7.567372654430452e-12,5.671582188991377e-13,-1.4591227069186512e-12
0.8726945683451613,-7.756753861905738e-14,1.1714291758835316e-13,-1.967167762018107e-13,1.7302559385257155e-14,-1.5243131201714277e-13,1.5570551514798582e-13,8.439059229203849e-14,4.511400512422862e-13,-1.0089327891667683e-13,7.749424142764802e-17,-2.096095288080709e-14,1.3674088961406097e-10,5.202102637547057e-11,5.498862601757384e-15,1.906557473624954e-12,5.170092748980121e-12,-5.0173898999835205e-17,1.1746035795442697e-12,-2.497469285641884e-13,8.975579787643174e-13,-2.4868995751603507e-14,4.444024124602002e-12,-8.027883451384284e-15,6.865993885239379e-11,-1.4180896324082539e-12,3.2727558643847285e-12,-3.776658709219049e-13,-4.274038487469519e-11,8.136322923272636e-14,-1.3674283588918036e-10,-5.202084856631428e-11,-7.083610800552433e-12,-1.1421768163701443e-12,4.209082856156541e-11,2.647026241047682e-14,-4.4426613830383695e-12,-6.865912519769453e-11,-8.112029566594477e-14,-6.010007306637514e-14,-7.756753861905738e-14,1.150193421987448e-13,-1.9671541432823384e-13,1.7302544582283492e-14,-1.5569980860163924e-13,1.5570552069910093e-13,8.439073440058564e-14,4.51140236279457e-13,-1.018094053506502e-13,-1.5526893548667431e-12,5.442416295409203e-13,1.166084828696512e-12,8.825708164295065e-14,9.936644100131768e-14,2.4496906441335896e-10,-5.43896287871163e-15,-1.3157641453661056e-11,-7.161687909373882e-12,-7.76636798853018e-14,2.782672703371958e-13,-1.7624496769415762e-13,-2.3495303480558503e-13,3.4797480452652964e-13,9.322751755765542e-13,-2.369109991517959e-13,2.469901755342008e-13,5.247648715567266e-13,-4.100826715240184e-12,1.889929990284145e-13,-3.89845808967948e-12,-3.544300852809101e-12,1.4371523082701286e-12,5.270309344496127e-13,-1.2264012028140315e-12,2.6380772889187024e-10,1.1652182650289007e-13,-9.578338793982169e-11,-7.257990504901575e-12,5.436182360021626e-13,-1.597955731856097e-12
0.934181228855066,-1.0460733552523452e-13,1.3642420526593923e-13,-2.1566854968568805e-13,6.460500282893614e-14,-1.6916601452976465e-13,1.7270020413739927e-13,1.0057412680453126e-13,3.3540494455882213e-13,-1.0283353428045908e-13,7.183181514617819e-17,-2.7482501228452232e-14,1.31940528963075e-12,-6.3352101342673e-13,8.551494051844349e-15,2.115066416761044e-12,8.236312866295571e-12,7.233884676794644e-19,6.764246795112596e-13,-1.6332381183915222e-13,7.282777366875579e-13,-2.2315482794965646e-14,1.1310754978149051e-13,6.7353114640042484e-15,5.589407215404406e-11,-1.0811143431223336e-12,2.0979264941950065e-12,9.996515530278912e-14,-2.9088462904541685e-11,6.947430189011931e-14,-1.3214869578019222e-12,6.33590402365769e-13,-1.0361361171057966e-11,-1.1412095538719734e-12,2.8522057132128303e-11,2.395987105415073e-14,-1.1155897982281731e-13,-5.5893133321698766e-11,-6.912988699999308e-14,-4.15963559892892e-14,-1.0460733552523452e-13,1.3423383885916944e-13,-2.156670693883219e-13,6.460499542744932e-14,-1.7250272321689408e-13,1.7270021523962952e-13,1.0057441102162557e-13,3.3540512959599294e-13,-1.0179045754436326e-13,-2.0775284307698407e-12,4.551111487671733e-13,1.238291247318557e-12,1.0466017386079329e-13,6.438257334669591e-14,2.5731608704247626e-10,5.754267505195254e-16,-2.366016679897939e-11,-7.646272504047147e-12,-6.494191758428987e-14,2.401414079163574e-13,8.035301590769706e-14,-7.258736426744387e-13,8.956275128942555e-13,2.9911291221651483e-13,-7.309639005192992e-15,1.8189916239919058e-14,3.818104943320577e-13,-3.0827707053759924e-12,2.4253192047278086e-13,-1.437729224562645e-12,-3.008790372405201e-12,1.3376554086619308e-12,3.8491350551339564e-13,-9.485486470358258e-13,2.135308338415532e-10,1.0718776736963649e-13,-7.416683794390415e-11,-6.891746432794814e-12,4.545627108950891e-13,-1.511365717183725e-12
1.0,-1.2851424207223813e-13,1.4224497135728599e-13,-2.2062026279930554e-13,9.386699565775795e-14,-1.8135324353352189e-13,1.8458739536875157e-13,1.1322882187414507e-13,2.537161221856839e-13,-1.0477378964424133e-13,6.507405614990034e-17,-3.447632804243206e-14,-1.2887414712628102e-10,-5.042355422091305e-11,1.1384574562003e-14,2.362490989874881e-12,1.0962989775246495e-11,-2.396664563705072e-16,2.362422225524436e-13,-8.017972590777638e-14,5.575791312431513e-13,-1.9206858326015208e-14,-4.13071745056324e-12,3.240189067278836e-14,4.661966035901424e-11,-8.36137411291179e-13,1.2202629879997223e-12,4.323537356346208e-13,-1.585997483215219e-11,6.082283837462639e-14,1.288720316098469e-10,5.042352820006091e-11,-1.3338434571744415e-11,-1.0991310816673385e-12,1.5380986213357988e-11,2.074071640888013e-14,4.132389906118607e-12,-4.6618596349022914e-11,-6.069219201284189e-14,-2.6349293117770383e-14,-1.2851424207223813e-13,1.3997123460285366e-13,-2.2061901934951797e-13,9.386698825627112e-14,-1.8423520486976485e-13,1.8458740647098182e-13,1.1322860871132435e-13,2.537163072228547e-13,-1.0231436438819704e-13,-2.755647680411736e-12,3.838067641481757e-13,1.3129728415606224e-12,1.1758693574392964e-13,4.1774731821912305e-14,2.6939298337300325e-10,8.209975261479555e-15,-4.0266783264597395e-11,-8.154662130740084e-12,-5.5546059650006066e-14,2.0227300158900027e-13,3.244077460366294e-13,-1.0153523059367823e-12,1.240217291827624e-12,-1.1816657282300488e-13,1.8985846506058833e-13,-1.8603639739822597e-13,2.791039577232368e-13,-2.351924581015889e-12,2.154289783599476e-13,-2.8327728311220805e-13,-2.5311237550340592e-12,1.2233937418670847e-12,2.828512180030884e-13,-7.399555042771529e-13,1.6285165722400522e-10,9.610039408127977e-14,-5.877826466498013e-11,-6.461109425259792e-12,3.8878756528393174e-13,-1.4120896466018884e-12
1.0444025524245693,-1.787001651977945e-13,1.9426806829869748e-13,-2.843891640698833e-13,1.3140026104233964e-13,-2.0463630789890886e-13,2.0825097202248344e-13,1.161390628112713e-13,2.7687990789004856e-13,-1.1835557719071705e-13,7.398960290371395e-17,-3.319841508179581e-14,-2.5118132506190425e-10,-9.440087600509628e-11,1.6834196315093334e-14,2.628722856674099e-12,1.62690848447432e-11,-5.537850291898221e-17,-1.3738593778168386e-13,-3.765560215062213e-14,5.223915514471664e-13,-2.098321516541546e-14,-8.233932298660444e-12,9.450535315292869e-14,4.9265540263340676e-11,-8.883064177158835e-13,1.3512340119694692e-12,7.624340619363703e-13,-9.72059642081572e-12,6.911550325117144e-14,2.5117926031786454e-10,9.440067000668351e-11,-1.8916096987398046e-11,-1.2815149059847645e-12,9.234241278609579e-12,2.252530132633001e-14,8.235542811417464e-12,-4.926453884217236e-11,-6.89818572633764e-14,-3.5823196261238386e-14,-1.787001651977945e-13,1.920502275728116e-13,-2.843876245606225e-13,1.3140024623936596e-13,-2.0762058738910127e-13,2.0825097757359855e-13,1.1613970229973348e-13,2.768800929272193e-13,-1.1692028086448166e-13,-4.128378350287676e-12,4.1873136069625614e-13,1.3604451787330164e-12,1.2072639776761206e-13,5.937250691090412e-14,2.788359853089525e-10,1.7175470030592055e-14,-7.437298357680272e-11,-8.551770402931425e-12,-6.381899638382057e-14,2.1701461808132372e-13,5.723403811071689e-13,-1.387831834639049e-12,1.6053005443457853e-12,-3.703476636474079e-13,3.4613777122327604e-13,-3.414875854312882e-13,3.1304232095408224e-13,-2.528062944170036e-12,4.626902712819477e-13,-9.342329576611518e-13,-2.8598151402547956e-12,1.2484969946768842e-12,3.168099738104502e-13,-7.702423883889272e-13,1.51744224421022e-10,1.0819640403883155e-13,-7.095473219282585e-11,-5.871747532637528e-12,4.466871047129814e-13,-1.6528505098154882e-12
1.0907766915109554,-2.3461264470521954e-13,2.399853353078167e-13,-3.4191878957775166e-13,1.6973985920524608e-13,-2.306478563696146e-13,2.344186733616027e-13,1.234135993399832e-13,2.869060544696822e-13,-1.2999710937341054e-13,7.523301638887373e-17,-3.660165342108298e-14,-4.175661171848194e-10,-1.5533838104708764e-10,2.3283693405031412e-14,2.993125616184638e-12,2.225025719226892e-11,-1.400881052802786e-16,-5.869963952100494e-13,3.22222868542371e-14,4.2426200129775605e-13,-1.9539925233402755e-14,-1.483393746252562e-11,2.0739997456510163e-13,5.0691939539955124e-11,-9.024612712218878e-13,1.3787026816721532e-12,1.0467044236411045e-12,8.198093366953016e-13,7.654250497313164e-14,4.1756401859251675e-10,1.553381620382488e-10,-2.526809057129542e-11,-1.412454317314301e-12,-1.278094232515753e-12,2.110878779984591e-14,1.4835114375694213e-11,-5.069103200202134e-11,-7.638334409421077e-14,-3.981999914988895e-14,-2.3461264470521954e-13,2.378352329894066e-13,-3.4191748691606944e-13,1.6973983700078557e-13,-2.335127646801993e-13,2.344186733616027e-13,1.2341423882844537e-13,2.86906239506853e-13,-1.3050585797221477e-13,-6.265084569652875e-12,4.325556801632047e-13,1.4203012543845262e-12,1.2823853978716215e-13,8.3304474429724e-14,2.9140134749638946e-10,3.130803179641345e-14,-1.3074786766592204e-10,-8.955530761411978e-12,-7.009549191083764e-14,2.179435567202977e-13,9.00977672098809e-13,-1.8426644506538046e-12,2.1415405152917326e-12,-6.59621453754274e-13,5.498076438570365e-13,-5.510210870918186e-13,2.8615716018975946e-13,-2.5990602262974487e-12,3.3751348382793366e-13,-1.4745940764745076e-12,-3.056265995837748e-12,1.2384143488475274e-12,2.9014465496857154e-13,-7.791989276029198e-13,1.2208806317336528e-10,1.0867259240925076e-13,-7.66316657757251e-11,-5.069111796984771e-12,4.906101192395082e-13,-1.8164543003421075e-12
1.139209960739269,-2.4454182891616345e-13,2.2058278166999419e-13,-3.2124205517902737e-13,1.738288994227825e-13,-2.310116542503238e-13,2.347517791267961e-13,1.33994433326734e-13,2.4061752590398555e-13,-1.2999710937341054e-13,5.356936349271681e-17,-4.6295288204841377e-14,-5.329663539767562e-10,-1.9915832871753025e-10,2.4596481535549275e-14,3.282525678740791e-12,2.3522850334245504e-11,-3.23040363920695e-16,-8.4350034401874e-13,1.0908102586567836e-13,2.4048088294605504e-13,-1.0547118733938987e-14,-2.078019833263732e-11,2.50225676772209e-13,4.5343974968230754e-11,-7.594758825958857e-13,8.545447596924555e-13,9.84026448824258e-13,1.3296030942910875e-11,7.030574039612603e-14,5.329640438328102e-10,1.9915786467900043e-10,-2.6831228211454672e-11,-1.2836099473599685e-12,-1.3647290661896713e-11,1.2238772278613808e-14,2.0781251360209217e-11,-4.534291095823942e-11,-7.031412489292659e-14,-2.3832787595286693e-14,-2.4454182891616345e-13,2.1854068184741967e-13,-3.2124027882218796e-13,1.73828877218322e-13,-2.3376856006507295e-13,2.347517791267961e-13,1.339950017609226e-13,2.406177109411563e-13,-1.2952246682592279e-13,-8.094260313858589e-12,3.716195351444185e-13,1.4853304364237374e-12,1.3905847140449624e-13,8.899103676185404e-14,3.0166845765586193e-10,4.411310997477075e-14,-1.826113338658379e-10,-9.280641070456378e-12,-6.311295236427483e-14,1.742772419432992e-13,1.1077683909066494e-12,-1.8625951743918754e-12,2.176731565365723e-12,-7.99073281617287e-13,7.086188857918785e-13,-6.949837066949626e-13,2.015801925381311e-13,-2.176527106693508e-12,4.284629540052265e-13,-1.6754105066259703e-12,-2.612796379253268e-12,1.0960808261017973e-12,2.0607636486147384e-13,-6.521886734371189e-13,6.782197542594437e-11,7.547257361174148e-14,-7.167624190797086e-11,-4.566994930380967e-12,4.4172880737238513e-13,-1.64529482630608e-12
1.1897937907435858,-2.2737079580226193e-13,1.7413791889945667e-13,-2.682306525040682e-13,1.6001204065455947e-13,-2.1555024432018398e-13,2.1907838876344954e-13,1.4342703025249647e-13,1.8530954548623412e-13,-1.241763432820638e-13,2.155177396104041e-17,-5.6135218001740483e-14,-5.951829814906465e-10,-2.2339130545390162e-10,2.2870793077676515e-14,3.4923115711022533e-12,2.1953426730824e-11,-1.6608132235487328e-17,-9.392230941812792e-13,1.7103889364254302e-13,5.537759265201002e-14,1.2212453270876722e-15,-2.5696846008626383e-11,2.6759482457117726e-13,3.855371355884497e-11,-5.880182027105783e-13,2.1877923086466953e-13,7.120075892791907e-13,2.3731714268145626e-11,6.084596802097275e-14,5.951806544225689e-10,2.2339089996228911e-10,-2.5469991904524754e-11,-1.0507121732125155e-12,-2.395998612692535e-11,3.69419867417807e-16,2.5698208750190013e-11,-3.85525243712076e-11,-6.098825148607527e-14,-5.1810407815840636e-15,-2.2737079580226193e-13,1.7203423870644959e-13,-2.682282248163877e-13,1.600120258515858e-13,-2.181479885621229e-13,2.1907838876344954e-13,1.4342745657813794e-13,1.853097305234049e-13,-1.236334886319431e-13,-9.905488695949316e-12,2.966771717183292e-13,1.5472541026184671e-12,1.4875453757667856e-13,9.238979951457319e-14,3.088368837153254e-10,5.455764285440187e-14,-2.3608233956845326e-10,-9.56396073448218e-12,-5.2210666345864356e-14,1.1827506566734295e-13,1.2020762741686101e-12,-1.7381076133915484e-12,1.9987048460734515e-12,-8.143925830002748e-13,7.478794306070568e-13,-7.640189453317347e-13,1.2782052749571448e-13,-1.6716222850376994e-12,3.480939388585587e-13,-2.8846746621032558e-12,-1.9190338207408785e-12,9.064254680168915e-13,1.3281805877340957e-13,-4.994804569946609e-13,1.3457297292022706e-11,2.761475808221378e-14,-6.683578387394853e-11,-4.2876443136682e-12,3.654138034436057e-13,-1.355157472060035e-12
1.242623671911505,-2.050494033826548e-13,1.2842065189033746e-13,-2.1789971308786942e-13,1.450657372004116e-13,-1.9554136088117957e-13,1.9912041460123932e-13,1.519872228072927e-13,1.4651705774563575e-13,-1.2223608791828155e-13,-1.4621059219030105e-17,-6.487417663255297e-14,-6.397998662031923e-10,-2.4097182582671905e-10,2.0774367710267737e-14,3.690036316629354e-12,1.9806841352239722e-11,2.4719023829839432e-16,-9.797312011047064e-13,2.219865118597893e-13,-1.0972262141174966e-13,1.432187701766452e-14,-3.137514233308927e-11,3.65745124264333e-13,3.3210630915316115e-11,-4.5388974376081055e-13,-2.8733746287965663e-13,3.318559063248896e-13,3.240570602556122e-11,5.2453231283907296e-14,6.397977676108897e-10,2.409714376823413e-10,-2.351897732315157e-11,-8.185528093580569e-13,-3.251980080569654e-11,-1.2747435892230749e-14,3.137638118905621e-11,-3.320912878356365e-11,-5.2994645708774137e-14,1.1842378929335004e-14,-2.050494033826548e-13,1.2644486938976723e-13,-2.1789669328124244e-13,1.4506572239743795e-13,-1.9823005459329578e-13,1.9912041460123932e-13,1.5198807545857561e-13,1.4651724278280654e-13,-1.19969930286364e-13,-1.2757179016868274e-11,2.390152076259255e-13,1.6082366993686036e-12,1.5761870031383297e-13,1.1198671619657337e-13,3.148055201531306e-10,6.525979233461092e-14,-3.1975169832116295e-10,-9.835780338344572e-12,-4.324059050634747e-14,6.62848190687478e-14,1.2618462062278606e-12,-1.5501764020579382e-12,1.7998753302587526e-12,-7.844960236980114e-13,7.912568100731931e-13,-8.003655627142336e-13,7.474881158486823e-14,-1.3049718713039245e-12,7.982331832560401e-14,-6.276726101835569e-12,-1.331864041276276e-12,7.169866034217875e-13,8.01738053723966e-14,-3.797961944940198e-13,-3.500462194007823e-11,-2.5923870255323278e-14,-7.426792859080633e-11,-4.035272116453825e-12,3.0262405398311577e-13,-1.0791226188096766e-12
1.2977993346475665,-1.7987119317145843e-13,8.573503388712803e-14,-1.730511437851116e-13,1.3177245220911498e-13,-1.7262209439650178e-13,1.76268977192251e-13,1.6113006040541223e-13,1.2533502014022702e-13,-1.1835557719071705e-13,-5.5242337384512794e-17,-7.180844460719094e-14,-6.745135615360817e-10,-2.551418798457661e-10,1.8405837714292114e-14,3.888108006851651e-12,1.7331814995537167e-11,1.8788863986930027e-16,-9.86685527295924e-13,2.6502540472283805e-13,-2.5886393420461096e-13,2.8976820942716586e-14,-3.8187859066477796e-11,5.134767626093079e-13,2.917527913995674e-11,-3.5373992557052473e-13,-6.745901581070709e-13,-1.7347416826079035e-13,3.975837746883223e-11,4.6510430055934915e-14,6.745114714058448e-10,2.551415675955404e-10,-2.123982774960657e-11,-5.994753258271785e-13,-3.976609577802814e-11,-2.7453015446869677e-14,3.818996512162159e-11,-2.917396477467333e-11,-4.648133729763989e-14,2.5017025488220195e-14,-1.7987119317145843e-13,8.358161570261776e-14,-1.7304753185953815e-13,1.3177245220911498e-13,-1.7541879060445353e-13,1.76268977192251e-13,1.6113105516524229e-13,1.2533520517739778e-13,-1.1939581175586984e-13,-1.7665054959555467e-11,1.9845174392685295e-13,1.6698946669890802e-12,1.6711140915504075e-13,1.580594914211512e-13,3.200359486465504e-10,7.681311167098866e-14,-4.639545328728113e-10,-1.0092056819862213e-11,-3.632838243191235e-14,1.8209114771572388e-14,1.3023893075114755e-12,-1.4021878769199247e-12,1.4633030787081224e-12,-7.3395938215981e-13,7.935191392860475e-13,-8.141957774654429e-13,4.136083475714258e-14,-1.0582029696948325e-12,2.1585340922077498e-13,-1.39509211294353e-11,-8.03811417426914e-13,5.28275334588102e-13,4.718785362456401e-14,-2.6797379130509093e-13,-7.877313788342658e-11,-8.637310159632927e-14,-1.6492542608182303e-10,-3.8141526973826485e-12,2.54238819938097e-13,-8.295519443532925e-13
1.3554249376408263,-1.8856115742889776e-13,6.85152675335606e-14,-1.7114683004137987e-13,1.4703328184613914e-13,-1.6261765267699956e-13,1.6637504152150483e-13,1.8273553337166958e-13,1.5690143628788179e-13,-1.3387762010097503e-13,-1.219789692144556e-16,-8.373972811466975e-14,-8.329556556691663e-10,-3.196566622509778e-10,1.885683570131907e-14,4.413560566401347e-12,1.8517749062536067e-11,-5.668710452905405e-17,-1.234618834563231e-12,3.581098595956252e-13,-4.871659993611403e-13,5.4067861299245124e-14,-5.891119391023264e-11,1.5657189191811692e-12,2.8672941246402216e-11,-3.338738419639909e-13,-7.45945328150742e-13,-9.969881829931809e-13,5.474256706853593e-11,4.9757001181297923e-14,8.329536670837182e-10,3.1965628061181306e-10,-2.295200222973384e-11,-4.451246049755405e-13,-5.461501890270832e-11,-5.2575700954307636e-14,5.891342385097313e-11,-2.8671626881118806e-11,-5.0182080713057076e-14,3.375077994860476e-14,-1.8856115742889776e-13,6.632869068804818e-14,-1.7114309969201713e-13,1.4703328924762598e-13,-1.6535182112420444e-13,1.6637504152150483e-13,1.827366702400468e-13,1.5690162132505254e-13,-1.3248116677762784e-13,-3.303187744071086e-11,1.7571437638252975e-13,1.7676867969385057e-12,1.8918143496193806e-13,3.2529164547175545e-13,3.3344505451356234e-10,1.0614773288315262e-13,-9.143490438738999e-10,-1.032072575550084e-11,-3.7539867048241857e-14,-3.395551779565113e-14,1.5846779791162114e-12,-1.6003625091798312e-12,1.6648366833275456e-12,-7.707522324077823e-13,9.470730616412127e-13,-9.514082299766357e-13,3.92371646285028e-14,-1.281216614283191e-12,1.7674513704453905e-13,-3.915677856033047e-11,-5.504261935129761e-13,3.1552160884018575e-13,4.5768686618430366e-14,-2.9294566772364304e-13,-1.4640118574802306e-10,-1.8445207655096857e-13,-2.786920472377249e-10,-2.881195282355975e-12,2.6271104106108664e-13,-6.98245961917865e-13
1.4156092644919915,-1.429362993706403e-13,6.790893773237864e-15,-1.178883953419548e-13,1.36322183171463e-13,-1.2569216778501867e-13,1.2947334315782654e-13,2.0320015892139054e-13,1.570408617960576e-13,-1.4357889691988626e-13,-1.890368824059439e-16,-9.46534517431985e-14,-8.428557310086317e-10,-3.2572208819026116e-10,1.4514003665974354e-14,4.602746617485585e-12,1.3872699285618259e-11,9.72618824015921e-17,-1.134034090264574e-12,3.883424589653233e-13,-6.308375121938124e-13,7.693845560652335e-14,-8.15928503237256e-11,2.1492636331393184e-12,2.578734614991109e-11,-2.602154765794791e-13,-1.0300672902477717e-12,-2.2841061417674585e-12,6.01013812361406e-11,4.503848104649618e-14,8.428537508852493e-10,3.257216024676879e-10,-1.849138367503938e-11,-1.845090624198454e-13,-5.986045477131566e-11,-7.538678442077767e-14,8.159470860767601e-11,-2.5785906606981645e-11,-4.4853010194856324e-14,4.958996176659033e-14,-1.429362993706403e-13,4.612369745397397e-15,-1.1788454656880277e-13,1.3632219797443668e-13,-1.2851728570240084e-13,1.2947335426005679e-13,2.032014378983149e-13,1.570410468332284e-13,-1.3865530945622595e-13,-5.0429177160064377e-11,1.535227056592703e-13,1.838665664166683e-12,2.1016418827457528e-13,4.857255338682383e-13,3.3699614158653603e-10,1.2005072500334557e-13,-1.4011282590815872e-09,-1.0455321793519564e-11,-3.168465489977734e-14,-8.696842436021571e-14,1.5665577400107248e-12,-1.4527586245094427e-12,1.618476138294985e-12,-6.964763580678361e-13,8.994994304956094e-13,-9.025169389609289e-13,2.4904238671297208e-14,-1.225658648647728e-12,-1.7765463174631198e-14,-4.761629194642107e-11,-1.4915713109076024e-14,8.30539192975266e-14,3.21956861171202e-14,-2.3850699193417315e-13,-1.884172662852808e-10,-2.8048768955244233e-13,-2.425204262574396e-10,-2.834695441341258e-12,2.2172674758970765e-13,-4.1393457671928814e-13
1.4784659290713034,-6.989272008373071e-14,-6.499855468670527e-14,-4.5553960603683664e-14,1.0890451503560901e-13,-7.98536348156631e-14,8.330618417318192e-14,2.1696820340366685e-13,1.3857174666990584e-13,-1.4551915228366852e-13,-2.2694636253264226e-16,-9.718094384769671e-14,-7.231157407278765e-10,-2.788291819655342e-10,6.357189321641742e-15,4.454596413960843e-12,6.169910261711999e-12,-4.987587378843168e-17,-8.179866549279338e-13,3.517147813302335e-13,-6.435163993248939e-13,8.79296635503124e-14,-9.522596469749768e-11,1.8245861002508867e-12,2.231329093939061e-11,-1.7674631318666035e-13,-1.3728271559111973e-12,-3.4682404591996088e-12,5.511828719538117e-11,3.64038588047492e-14,7.231136421355738e-10,2.788286658853001e-10,-1.0632287633264046e-11,5.2015877685415984e-14,-5.482817204125881e-11,-8.630782076708438e-14,9.522794686704478e-11,-2.231185139646116e-11,-3.656334494432182e-14,6.010007306637514e-14,-6.989272008373071e-14,-6.719886869177571e-14,-4.555011183053163e-14,1.089045372400695e-13,-8.259348760475405e-14,8.330619527541217e-14,2.1696976659768551e-13,1.385719317070766e-13,-1.4150411213146678e-13,-6.493792170658708e-11,1.6298145055770874e-13,1.8708099958075762e-12,2.2447466108133084e-13,6.027556231913423e-13,3.3146366788256794e-10,1.1500126344916525e-13,-1.797885262138104e-09,-1.0602296818262857e-11,-2.3111952166902464e-14,-1.188568803563624e-13,1.301052344563717e-12,-1.1669323877564845e-12,1.206796203708412e-12,-5.576509920501849e-13,7.144092123434475e-13,-7.192071271866496e-13,1.7082371073229296e-14,-9.500792745124424e-13,1.0440999176353216e-13,-4.867615643888712e-11,5.178662831895054e-13,-8.547491603394519e-14,2.4945876475612748e-14,-8.072801686391055e-14,-1.9149720568957174e-10,-3.333778226892979e-13,-3.6740999182690255e-10,-3.5019394791409772e-12,1.6172611611793064e-13,-1.3141722916773975e-13
1.5441135899948315,-6.6489869166019846e-15,-1.2611659864584604e-13,7.373834876034379e-15,9.439387789929773e-14,-3.765308065339923e-14,4.105374928897731e-14,2.4833781253619236e-13,1.7355857491925993e-13,-1.57160684466362e-13,-2.7605717840739895e-16,-1.0008067869808161e-13,-6.450299644005393e-10,-2.500726015153276e-10,-2.80085561225422e-17,4.41309797347442e-12,-4.760081218080359e-13,1.6620324175953835e-16,-6.098662647200135e-13,3.316759012142521e-13,-6.79280346038573e-13,1.0313971898767704e-13,-1.1487898992861595e-10,3.267690217960536e-12,2.0272770131308803e-11,-1.274837752309239e-13,-1.5762134481145082e-12,-4.800280592559332e-12,5.25217079130439e-11,3.215252138607146e-14,6.450282042908661e-10,2.500720897719022e-10,-3.938323432804857e-12,2.582588435115043e-13,-5.217597187634482e-11,-1.0141727748943542e-13,1.1488035267017959e-10,-2.0271393177202374e-11,-3.2270482582437886e-14,6.735353016059283e-14,-6.6489869166019846e-15,-1.2845428424649678e-13,7.37632177560954e-15,9.439391490673187e-14,-4.0478198570781385e-14,4.1053771493437806e-14,2.483392336216639e-13,1.735587599564307e-13,-1.5469557486843161e-13,-1.0097088913122812e-10,1.9281287677586078e-13,1.917956726771308e-12,2.565303702795063e-13,8.933039493304781e-13,3.2860458540275707e-10,1.14953958353127e-13,-2.855751309900355e-09,-1.0697183879434155e-11,-1.8162456492480197e-14,-1.5253682576303144e-13,1.116423758995566e-12,-1.0544520516001892e-12,9.64335337509207e-13,-2.476089851673654e-13,5.564973287741637e-13,-5.796519347844864e-13,6.011177333675732e-14,-1.3663374135812015e-12,7.955046991507212e-14,-1.1465793553118905e-10,9.478753781877458e-13,-2.673417043297377e-13,6.901856863805733e-14,-2.7895685761336607e-13,-2.0161071778454435e-10,-4.0210728220442873e-13,-7.30177742574493e-10,-3.994323390562234e-12,1.2708539531123175e-13,9.436783132988255e-14
1.612676174624067,6.009795670373445e-14,-1.965721215431889e-13,5.451627297740439e-14,9.436772844632438e-14,6.184563972055912e-15,-2.8218871683804992e-15,3.0429163189182873e-13,2.1848856057715693e-13,-1.7656323810418446e-13,-3.2932103652721283e-16,-1.0434968861217087e-13,-5.672886279969395e-10,-2.2240875807710836e-10,-7.873566526770775e-15,4.366756763284229e-12,-7.484907755323573e-12,-3.7606717698969306e-16,-4.2443749243379664e-13,3.091696795217418e-13,-7.090072029158126e-13,1.1945999744966684e-13,-1.4865769866596108e-10,6.5142303577823806e-12,1.8896817446048067e-11,-9.367444212746151e-14,-1.7137875929128124e-12,-6.79674277057809e-12,4.9433325649937783e-11,2.973554562302194e-14,5.672865801770312e-10,2.22408441490074e-10,3.1246152463255193e-12,4.5223185230537457e-13,-4.903502023028346e-11,-1.176587141246948e-13,1.4865949500711314e-10,-1.8895064959003522e-11,-2.960594732333751e-14,7.460698725481052e-14,6.009795670373445e-14,-1.9868527563933944e-13,5.4520299386240367e-14,9.436776545375855e-14,3.26281224261038e-15,-2.8218649639200068e-15,3.0429305297730025e-13,2.184887456143277e-13,-1.7691661469143583e-13,-1.737731508910656e-10,2.4629116524010895e-13,1.9699776920845124e-12,3.133827419787849e-13,1.3687377157604412e-12,3.2555398945119836e-10,1.13321034684883e-13,-4.947505100413568e-09,-1.0715798618813702e-11,-1.467082242726884e-14,-1.8600412298360364e-13,9.299855445917455e-13,-1.2411694190935426e-12,8.473174754423478e-13,1.2606449217855697e-14,4.2716077619520123e-13,-4.3690971951448886e-13,1.0960476970467425e-13,-1.9554354431979466e-12,-1.4654991294567783e-13,-2.0334167250742516e-10,1.2856617104262113e-12,-4.578597057047773e-13,1.2044338859595883e-13,-5.89509182210198e-13,-2.0998333562905442e-10,-4.762573189011181e-13,-1.4370937344289739e-09,-4.638733841488829e-12,1.026507433448414e-13,3.005337688780085e-13
1.6842831130116662,1.2563597153366264e-13,-2.6072181450823944e-13,9.99784551443857e-14,9.105504498544785e-14,4.329194780439139e-14,-4.0120451405556425e-14,3.6147540072306583e-13,1.9967333342307824e-13,-2.0178655783335367e-13,-3.4045711544529304e-16,-1.0278352243394313e-13,-4.2838578213199865e-10,-1.6819462489436887e-10,-1.4858388439373568e-14,4.113173921830675e-12,-1.4486560099650585e-11,8.117123030590543e-18,-1.950315997634158e-13,2.4920472662192957e-13,-6.420169729343505e-13,1.2034817586936697e-13,-1.8364237174432253e-10,8.791838985168422e-12,1.7570810641556898e-11,-6.21014370089967e-14,-1.8541586757398007e-12,-8.611740670231926e-12,4.0335693441637314e-11,2.588814579373988e-14,4.28384005098194e-10,1.6819426060243892e-10,1.0386827875420569e-11,5.674535867046457e-13,-3.994436080350829e-11,-1.1843841472890596e-13,1.836441680854746e-10,-1.7569120743335372e-11,-2.6349293117770383e-14,7.60872846209774e-14,1.2563597153366264e-13,-2.628449162026906e-13,9.998366579111462e-14,9.105506718990833e-14,4.0387249100604096e-14,-4.012042920109593e-14,3.614766796999902e-13,1.9967351846024902e-13,-1.993517647254824e-13,-2.6410464973499375e-10,3.3251126296818255e-13,1.98877438961631e-12,3.716222352068144e-13,1.790652071065324e-12,3.1769713474947693e-10,9.637061792024462e-14,-7.48198042361104e-09,-1.0823212696446186e-11,-1.069893595014489e-14,-1.9562226260168755e-13,6.37560652420414e-13,-1.3474301378361513e-12,8.108483958343034e-13,2.424310234043029e-13,2.4490543759636554e-13,-2.5402665804197256e-13,1.1416219081183954e-13,-2.2172125246910923e-12,-2.999513526447117e-13,-2.6114236485833925e-10,1.518492354080081e-12,-5.581682671618182e-13,1.272204031010915e-13,-9.743139628426434e-13,-1.8977381681610217e-10,-4.886323144064411e-13,-1.5931876040936854e-09,-5.647889563438942e-12,7.485569969822786e-14,4.3827746228249085e-13
1.7590695822349836,1.7711650433331153e-13,-2.96616538738211e-13,1.2660663628594194e-13,8.7493464325424e-14,6.893969839438797e-14,-6.587776990585325e-14,4.153082500124583e-13,9.549620353747438e-14,-2.2118911147117615e-13,-3.1589237029316025e-16,-9.694502145496386e-14,-2.7578860604441016e-10,-1.0692988161586925e-10,-2.0944376634258867e-14,3.7754569917922455e-12,-2.0071752901726667e-11,-2.691194752174864e-16,-1.888287739452732e-16,1.760897629260848e-13,-5.232433309306758e-13,1.0880185641326534e-13,-2.0709205691451905e-10,1.2197111901107279e-11,1.6522698211272315e-11,-3.797711304882745e-14,-1.9731322046969966e-12,-9.640866851643945e-12,2.899179604397897e-11,2.2169115501680103e-14,2.7578647360384455e-10,1.0692958671287833e-10,1.631587419183135e-11,6.061362986908464e-13,-2.864627462888204e-11,-1.0704337705124984e-13,2.070939771412678e-10,-1.652075795775871e-11,-2.2500519965736505e-14,7.416289804496046e-14,1.7711650433331153e-13,-2.9866148073172854e-13,1.2661303117056376e-13,8.749347912839766e-14,6.596110324608163e-14,-6.587774770139277e-14,4.153093868808355e-13,9.549648109323054e-14,-2.2119384842274789e-13,-3.7850744168584547e-10,4.409230314195156e-13,1.9854116573014835e-12,4.2672155586842565e-13,2.095494148572167e-12,3.083258842038866e-10,7.115784876480027e-14,-1.0644942245108043e-08,-1.104868048903048e-11,-7.27008730994072e-15,-1.8748976329807655e-13,3.322557506901802e-13,-1.4878575408753629e-12,7.626989410406774e-13,4.559041144602816e-13,7.903366849859594e-14,-8.349007318830814e-14,4.6884167659300143e-14,-2.0137438013397475e-12,-2.356197607393066e-13,-2.942081967679163e-10,1.5937985153868794e-12,-5.829427607295656e-13,6.240526317924377e-14,-1.4272782955515596e-12,-1.5435602408645268e-10,-4.501102588523251e-13,-1.5098344013837384e-09,-6.7124824217520045e-12,5.086065260809265e-14,5.013056795487766e-13
1.8371767615786376,2.0020063153565934e-13,-2.9588894297679263e-13,1.415158360866068e-13,6.603955160500164e-14,7.585185812786222e-14,-7.29633797824647e-14,4.3315395714671466e-13,-6.726267690974434e-14,-2.3477089901765187e-13,-2.503628530572834e-16,-8.670552701743144e-14,-1.3200876706117392e-10,-4.704930889332104e-11,-2.3622958334838333e-14,3.402987768118414e-12,-2.2726573709361573e-11,-3.129427278943229e-16,1.320345320620397e-13,1.0072853404088212e-13,-3.647577334652341e-13,8.415490526658687e-14,-1.9723670992632942e-10,8.763417887145648e-12,1.5715928282550932e-11,-2.033586651056498e-14,-2.0745300097900287e-12,-9.543387508373552e-12,1.7028652389980868e-11,1.838611728144368e-14,1.3200680386192304e-10,4.704911373692999e-11,1.9346154211797986e-11,5.512756943322884e-13,-1.67659361846014e-11,-8.238373057475792e-14,1.972382584962881e-10,-1.571386285139129e-11,-1.805962786723588e-14,6.824170858029295e-14,2.0020063153565934e-13,-2.9802104487923015e-13,1.4152080988575714e-13,6.60395664079753e-14,7.288463166332804e-14,-7.296335757800421e-14,4.3315466768945045e-13,-6.726249187257357e-14,-2.3713084829068973e-13,-4.614140683164199e-10,5.580659490078688e-13,1.9559313280126387e-12,4.4593633674594457e-13,2.074213393636152e-12,2.9894122061501035e-10,4.1926443599456936e-14,-1.2874143636356382e-08,-1.1506832523859126e-11,-4.434566140224898e-15,-1.5877013824031985e-13,6.463204971218772e-14,-1.000550753360585e-12,5.274953214969476e-13,3.871524730432914e-13,-4.219167237806687e-14,4.3243536529402605e-14,-7.870809781707067e-14,-1.048743129376343e-12,7.761021455128988e-15,-2.6594498194754125e-10,1.53868313645944e-12,-5.099778377370967e-13,-6.177899081194483e-14,-1.4762887208992956e-12,-1.0733962814198375e-10,-3.539845486503178e-13,-1.7324637562360125e-09,-7.535342720170016e-12,3.101369001000004e-14,4.732082357435744e-13
1.9187520990478337,2.065414159146961e-13,-1.4624674804508686e-13,7.273506241745053e-14,1.9029067210851734e-14,7.494236342608929e-14,-7.19390325087943e-14,4.224015981435514e-13,-4.601586704270725e-13,-2.405916651089986e-13,-1.8254744977130342e-16,-7.727614844318016e-14,-2.88243683664083e-11,-3.498867862106181e-12,-2.4702793581906882e-14,3.1139394689337785e-12,-2.3579595066615236e-11,-4.463306845582295e-16,1.9223046622007428e-13,4.395869972938066e-14,-2.333083560809792e-13,5.96189764223709e-14,-9.04579177947429e-11,8.980134445724618e-12,1.5210335770199395e-11,-1.1223814034249186e-14,-2.149973012337161e-12,-4.787141300388095e-12,7.928128437988351e-12,1.5538532555555335e-14,2.8822388243025967e-11,3.499015313601639e-12,2.0489199650191518e-11,4.770555900025607e-13,-7.74040715244381e-12,-5.790240147432197e-14,9.045903276511314e-11,-1.5208332927862773e-11,-1.554312234475219e-14,6.143234069592533e-14,2.065414159146961e-13,-1.4845843073392948e-13,7.274003621660085e-14,1.9029082013825396e-14,7.202061169664375e-14,-7.193901030433381e-14,4.224027350119286e-13,-4.601584853899017e-13,-2.429355087466926e-13,-5.884872128566106e-10,6.595655577257275e-13,1.92860900583014e-12,4.3679435179910797e-13,1.6070137813054922e-12,2.921367411545031e-10,1.7698204555528785e-14,-1.6442829795940994e-08,-1.2044661564421707e-11,-2.640185523909248e-15,-1.3027404964967755e-13,-1.1882076341359257e-13,-9.445377221103021e-13,8.793984799619162e-14,1.031379307884587e-12,-1.1673197408690327e-13,1.18948764726845e-13,-4.1156624774885133e-13,-7.355847412663745e-13,-2.9582830999667444e-13,-3.622236060133825e-10,1.251646608579904e-12,-4.252503238433292e-13,-3.931680225832679e-13,-3.5996546484303357e-12,-6.842074710417883e-11,-2.5579671979756094e-13,-1.8941255401585324e-09,-8.065844288770071e-12,1.8451049923678386e-14,4.189485641722367e-13
2.0039495897155577,1.955956345963313e-13,3.868384131540855e-14,-3.026225196360125e-14,-8.163484703042438e-15,6.639311322942376e-14,-6.279515796236979e-14,3.5247438745500405e-13,-9.102529840987472e-13,-2.3477089901765187e-13,-1.1443326884806926e-16,-6.823390232465106e-14,3.7778317060010185e-11,2.5510288326202613e-11,-2.3234753723634495e-14,2.90174905708756e-12,-2.2575922612825632e-11,-1.494515155585566e-16,2.0286335552612717e-13,4.081037833251484e-15,-1.2620047731320842e-13,3.597122599785507e-14,1.8837641205078483e-11,6.12539363579367e-12,1.487949125171831e-11,-6.46205148917367e-15,-2.213164252778226e-12,3.9719725117644626e-13,1.4671468174720906e-12,1.367529498206658e-14,-3.7780720286679345e-11,-2.5510279652585233e-11,1.9696240683955393e-11,3.841476448666048e-13,-1.346490748356941e-12,-3.426781563587236e-14,-1.8835318350140475e-11,-1.4877550998204704e-11,-1.3766765505351941e-14,5.417888360170764e-14,1.955956345963313e-13,3.622488975452143e-14,-3.0258462402343864e-14,-8.163469900068776e-15,6.31814600637881e-14,-6.279513575790929e-14,3.524748137806455e-13,-9.102527990615764e-13,-2.331906519733214e-13,-6.908221015085776e-10,7.297785487025976e-13,1.9007621254729656e-12,3.6860654972770133e-13,6.588877591677071e-13,2.877125927683622e-10,-1.368534192219828e-16,-1.9112320597839297e-08,-1.2697176643428065e-11,-1.4912608185350488e-15,-1.0080818124702517e-13,-2.2476384179774083e-13,-5.644404647379512e-13,-8.9596359960827e-14,8.729685418984445e-13,-1.550474110212363e-13,1.498222629292556e-13,-8.052708722061652e-13,1.3874388674987396e-12,4.8142586213847e-14,-2.5663878962708014e-10,8.527422323822975e-13,-3.233739498398336e-13,-7.871777540913172e-13,-4.240890601655186e-12,-3.677997183301428e-11,-1.5838575568270785e-13,-1.010451561110805e-09,-8.244960270076263e-12,1.04023512826029e-14,3.4253151191625774e-13
2.092930066429097,1.762891684483255e-13,5.695862152303258e-13,-3.0415622613115074e-13,-1.2414090496311776e-13,5.5842974688857797e-14,-5.111905343468948e-14,1.6392505131079815e-13,-2.068429131677855e-12,-1.8432425955931345e-13,-5.72947290971195e-17,-6.074741404349382e-14,7.365246623973645e-11,4.1817105334018834e-11,-2.1738253558334364e-14,2.7620652678608496e-12,-2.0645059735831715e-11,3.876522297529792e-16,1.8710581975582674e-13,-1.966288888816502e-14,-5.070732875901868e-14,1.6764367671839864e-14,3.617101703800141e-10,1.6641281204142906e-12,1.4664686411115377e-11,-7.635102945609494e-15,-2.282262313391756e-12,1.6759344722415026e-11,-2.4835947252265827e-12,1.2072265929974346e-14,-7.365485254227413e-11,-4.181723110147084e-11,1.7903917160561673e-11,2.9704550550611503e-13,2.5522833200902376e-12,-1.501780945152402e-14,-3.6170815723906784e-10,-1.466305910171687e-11,-1.2286468139185066e-14,4.825769413704014e-14,1.762891684483255e-13,5.669240484470113e-13,-3.041508970606325e-13,-1.2414086055419678e-13,5.24664756085258e-14,-5.1119031230228984e-14,1.6392647239626967e-13,-2.0684289466406843e-12,-1.8462363489864703e-13,-8.18834329644839e-10,7.26504367776215e-13,1.8787895683658464e-12,1.8204758589490667e-13,-1.845448238668723e-12,2.8540033385688945e-10,-1.1066275391706515e-14,-2.256905580357315e-08,-1.3396617148941914e-11,-8.181649802097013e-16,-7.556834787555052e-14,-2.705454725989339e-13,1.3211784259207585e-13,-1.0912986662485007e-12,1.825129440173138e-12,-1.4701872774747216e-13,1.509174701874727e-13,-1.8256621103773796e-12,3.6114383705765362e-12,2.6423852735509473e-13,-2.466886750577639e-10,3.1468516681343316e-14,-2.2909274477456164e-13,-1.8084421071762336e-12,-9.101174628748747e-12,-1.4524324895247911e-11,-7.745228612111854e-14,1.6794218902403447e-09,-8.170501312558068e-12,5.681356964562223e-15,2.676000515470546e-13
2.1858615034246722,1.5240210713788707e-13,1.4475517673417925e-12,-7.883631525373858e-13,-2.6345232662094986e-13,4.5474735088646414e-14,-3.8914715894122767e-14,-2.375216467953578e-13,-3.909951621731504e-12,-6.984919309616088e-14,-1.342563103265827e-17,-5.463627235820686e-14,8.692112070757669e-11,4.8638315597315795e-11,-1.900802167092677e-14,2.6774252182621477e-12,-1.8191775246694734e-11,8.166811961291823e-16,1.6167388710846882e-13,-3.1052357068113207e-14,-2.1295243507855985e-15,2.4424906541753444e-15,8.883009202558481e-10,-4.288710300596873e-12,1.4514348058222533e-11,-1.3477133906746222e-14,-2.37699832063465e-12,4.307894496342343e-11,-4.485094466364772e-12,1.0892581686165285e-14,-8.692327007227375e-11,-4.8638289576463656e-11,1.553235742184849e-11,2.2060632572984437e-13,4.5161323001665745e-12,-6.968302887835898e-16,-8.882992478002927e-10,-1.4513096281762143e-11,-1.0658141036401503e-14,4.366877230192282e-14,1.5240210713788707e-13,1.445083341877762e-12,-7.883591261285498e-13,-2.634522822120289e-13,4.199591785436496e-14,-3.8914693689662273e-14,-2.375205099269806e-13,-3.909951436694333e-12,-6.956308122122816e-14,-9.24119376577437e-10,5.951733328402042e-13,1.8628164788481172e-12,-2.1719984033552463e-13,-6.531071979528254e-12,2.8468235520877836e-10,-1.5711444732030566e-14,-2.5041183965836082e-08,-1.4127069884276958e-11,-4.3554280552508353e-16,-5.477061512659809e-14,-2.7340403089641066e-13,1.1725807288106202e-12,-2.161012465270081e-12,2.310032698460418e-12,-1.1085751205897055e-13,1.3328458337014126e-13,-3.455623556192222e-12,9.868275085977985e-12,1.1088559404015542e-12,7.746202754788101e-11,-1.3540557119995355e-12,-1.4552492544339656e-13,-3.442890772475948e-12,-1.399427536815286e-11,-2.4482999606995457e-13,-1.5917388934694188e-14,8.69321584899551e-09,-7.896979366724585e-12,2.9907736917990194e-15,2.0019070882702655e-13
2.282919333423334,1.2753325016416165e-13,2.5064461321259536e-12,-1.417046391338772e-12,-3.5922627835323813e-13,3.6561687011271715e-14,-2.785667252425128e-14,-8.91123761448398e-13,-5.6185992895289394e-12,1.241763432820638e-13,1.6628941997236556e-17,-4.981489757730865e-14,8.533201245879309e-11,4.9057286011233714e-11,-1.6114858290376215e-14,2.6291131694561936e-12,-1.5600792262975775e-11,2.0624997314387142e-15,1.3657912392937225e-13,-3.464605863183446e-14,2.501062785493573e-14,-6.8833827526759706e-15,1.4687703833330169e-09,-1.1361042851844515e-11,1.4397995436229278e-11,-2.183164158569511e-14,-2.5093502105122645e-12,7.426683051187744e-11,-5.1088848913634645e-12,9.985140607867335e-15,-8.533460185090845e-11,-4.9057112538886116e-11,1.2986624218132755e-11,1.579842654802993e-13,5.116578995115518e-12,8.736873800384987e-15,-1.4687678127068855e-09,-1.439661848212285e-11,-9.917992353318065e-15,3.9968028886505635e-14,1.2753325016416165e-13,2.503990970126324e-12,-1.4170412991158325e-12,-3.592262191413435e-13,3.3230662666028366e-14,-2.785665031979079e-14,-8.911217719287379e-13,-5.618599104491769e-12,1.324375868231679e-13,-9.323955358316501e-10,2.8740032576024533e-13,1.8529147993717745e-12,-8.690082609064121e-13,-1.2827583439900537e-11,2.8503434754586476e-10,-1.5321985759146617e-14,-2.4497478823405183e-08,-1.4867477619399477e-11,-2.267399231333419e-16,-3.8475438113305674e-14,-2.4976458979734477e-13,1.909587865611684e-12,-2.6398540834785914e-12,2.114502706263011e-12,-1.0900229607813116e-13,1.0676864947711806e-13,-4.956392132271503e-12,1.773692267133716e-11,2.0459992811083794e-12,7.394519343506544e-10,-3.089553501922637e-12,-7.630074350117866e-14,-4.957317543130557e-12,-1.6272617327691326e-11,7.69178002944373e-12,2.5768815792130695e-14,2.1509654565496667e-08,-7.49581878049336e-12,1.5149256090037089e-15,1.4411490819883198e-13
2.3842867788067266,1.0424506165692312e-13,3.474027228852113e-12,-2.0381693370078817e-12,-3.6521397757856753e-13,2.964952727779746e-14,-1.8891843645008066e-14,-1.7576078903402959e-12,-6.572461463960622e-12,4.190951585769653e-13,3.431496346612675e-17,-4.609507220365572e-14,7.546673313363609e-11,4.573910694638528e-11,-1.360447851016707e-14,2.6000613699099046e-12,-1.3148587157334962e-11,2.356154809515022e-15,1.1616394178245338e-13,-3.2509524787933724e-14,3.666403622887411e-14,-1.2212453270876722e-14,1.910922785586063e-09,-1.316427223665285e-11,1.4296789309406743e-11,-3.005131435880316e-14,-2.6826273670417563e-12,1.0317007724455705e-10,-4.880230586570897e-12,8.891614296698455e-15,-7.546920405683114e-11,-4.5738465098699166e-11,1.056070258249115e-11,1.0960377543854516e-13,4.874240546065943e-12,1.3951527108070627e-14,-1.9109207105023186e-09,-1.4295287177654275e-11,-9.177843670234628e-15,3.68594044175552e-14,1.0424506165692312e-13,3.4716431211260593e-12,-2.0381628236994704e-12,-3.6521388876072553e-13,2.6511770556680857e-14,-1.8891821440547573e-14,-1.7576053323864472e-12,-6.5724613714420365e-12,4.2709113283005234e-13,-7.591976706559459e-10,-2.2082531359046697e-13,1.8485431851900104e-12,-1.7351641190543887e-12,-1.9821816780544548e-11,2.859849050080647e-10,-1.1452400442910071e-14,-1.854694637791948e-08,-1.560148306841332e-11,-1.1775302954930566e-16,-2.628972271360534e-14,-2.1316449762739015e-13,1.591978104897862e-12,-2.1687171170015064e-12,1.4961429428694828e-12,-6.109837080714442e-14,7.891420850114628e-14,-5.781938341442583e-12,2.8442470415927326e-11,2.644689326795439e-12,1.8283113604411484e-09,-4.8352376325055955e-12,-2.362527951049742e-14,-5.8078572351405455e-12,-1.0955820695102147e-11,1.1058324798498657e-11,4.9915177243245457e-14,4.248052472446311e-08,-7.034299069156684e-12,7.363539980672837e-16,1.0036342473332549e-13
2.4901551974979,8.387981281776646e-14,3.2612054686372478e-12,-2.1465584865154596e-12,2.2618366439057052e-14,2.346496330574155e-14,-1.2010503702697406e-14,-2.4522734065612895e-12,-3.1124262426610962e-12,7.54759336511294e-13,4.2181102572741284e-17,-4.3237982638721917e-14,6.207487098867282e-11,4.0647069043942e-11,-1.1307475740848475e-14,2.5774232285484073e-12,-1.098303546874667e-11,2.517007144069815e-15,9.734448415291274e-14,-2.7298899574976414e-14,3.8545908632260816e-14,-1.4654943925052066e-14,1.6196983010440924e-09,2.1105860659233845e-11,1.4200277344310671e-11,-2.903852451755985e-14,-2.8631257090271227e-12,9.748502512646699e-11,-4.204595328236221e-12,8.562522797276687e-15,-6.207740960839376e-11,-4.064623203986484e-11,8.415377287765116e-12,7.38790560887398e-14,4.191437248958905e-12,1.5920248517924118e-14,-1.6196957768750598e-09,-1.4198587446089146e-11,-9.177843670234628e-15,3.44909286316882e-14,8.387981281776646e-14,3.258949258603631e-12,-2.1465519732070484e-12,2.261844045392536e-14,2.0020252122776584e-14,-1.2010481498236914e-14,-2.452270280173252e-12,-3.1124259651053402e-12,7.556726207743244e-13,-4.000864767779907e-10,-8.476490620523692e-13,1.8483259367485518e-12,-2.433858412587142e-12,-2.1089128961667332e-11,2.871833003961572e-10,-5.54543661424739e-15,-8.141170728195179e-09,-1.632035247685811e-11,-6.34041430469523e-17,-1.751036815544893e-14,-1.7295488536720842e-13,-3.974153154710317e-12,2.017543465626659e-12,4.2020265785443674e-13,-6.515533668149943e-14,5.64213648024392e-14,-2.796503366653269e-12,3.297610203419528e-11,2.750675776042044e-12,2.502140705473721e-09,-5.255969881545752e-12,9.259792932425625e-15,-2.867998887268186e-12,1.4580812113251795e-11,1.155370373017239e-11,6.029394648485176e-14,5.466922521166877e-08,-6.562935380334996e-12,3.4134966988424997e-16,6.784129415103185e-14
2.600724444200114,6.692886985367371e-14,1.9052095012739303e-12,-1.4761836789981922e-12,3.4425574983269294e-13,1.5279510989785193e-14,-6.638778415890556e-15,-2.410084505299892e-12,2.3127768219074103e-12,9.992315123478572e-13,4.3042438024240366e-17,-4.102881229206545e-14,4.8226734259198964e-11,3.508138224361801e-11,-9.33227019966898e-15,2.5531226438557653e-12,-9.161807115434486e-12,1.5343286145089732e-15,7.614125832336048e-14,-2.2043090866830872e-14,3.546052138940718e-14,-1.4654943925052066e-14,9.424521275699609e-10,2.7225341661354056e-11,1.4101825125700995e-11,-1.854291676988717e-14,-2.9929505751753247e-12,6.436965868389322e-11,-3.361652042004544e-12,7.859851369288832e-15,-4.8228951320421916e-11,-3.508047585060181e-11,6.616546141998322e-12,4.8468746482796145e-14,3.346137966192413e-12,1.56495808336949e-14,-9.424501376575639e-10,-1.4100010049833429e-11,-7.84557604068444e-15,3.2862601528904634e-14,6.692886985367371e-14,1.9027884453256166e-12,-1.4761770472659918e-12,3.4425579424161396e-13,1.21985976875294e-14,-6.638756211430063e-15,-2.410081663128949e-12,2.312777191981752e-12,9.996616275505706e-13,-9.794603101909161e-11,-1.352964318357408e-12,1.850225572752606e-12,-2.4025860057008685e-12,-1.5230184520949782e-11,2.8840952881728565e-10,1.2207167785285855e-15,-1.1841163727257994e-09,-1.7020681160791657e-11,-3.7666629075043074e-17,-1.1383434704118993e-14,-1.348620058220599e-13,-7.427132212948588e-12,4.870214809216122e-12,2.942404838298292e-13,-5.2174781162150906e-14,4.064299730099918e-14,1.9762890701713333e-12,3.4738032820650727e-12,1.7034835764206946e-12,1.6062108140128354e-09,-3.390232450328767e-12,2.1509016789877932e-14,1.8706847981775355e-12,1.7236507776630106e-11,1.0596562387244969e-11,6.096708695616654e-14,4.67427085791531e-08,-6.114886375030437e-12,1.475412583628923e-16,4.4602891913915766e-14
2.7162032476755686,5.3336802567175805e-14,1.0160874808207154e-12,-8.544490744573826e-13,3.074245154740159e-13,8.36735125631094e-15,-2.60842458743582e-15,-1.9697409925356625e-12,2.309401003763867e-12,1.1253481109937033e-12,3.9469988336596684e-17,-3.929235409261267e-14,3.565427086362977e-11,2.9803381984550015e-11,-7.963916707811233e-15,2.523001098165957e-12,-7.683976911544555e-12,1.1892289663042101e-15,5.900231609316244e-14,-1.6508112706272315e-14,3.020123314870808e-14,-1.3100631690576847e-14,5.67046944539214e-10,5.523943630081173e-11,1.3997176613612387e-11,-1.379826835610605e-14,-3.084846614573709e-12,4.873008350307151e-11,-2.5234594775526583e-12,7.047747802024773e-15,-3.565642022832683e-11,-2.980225007748194e-11,5.1675508972201835e-12,3.0970041425327274e-14,2.509229903960878e-12,1.4022508469050537e-14,-5.670450649624267e-10,-1.3995486715390861e-11,-7.549516567451064e-15,3.182639337258782e-14,5.3336802567175805e-14,1.0133343645672237e-12,-8.544414953348678e-13,3.0742456728442374e-13,5.900346877751872e-15,-2.6084023829753277e-15,-1.969736729279248e-12,2.3094014663567937e-12,1.125812332247733e-12,4.426692612469197e-12,-1.5708792489022017e-12,1.8527597234196946e-12,-1.975055852199148e-12,-1.219180460291606e-11,2.895469910347243e-10,7.987615560298145e-15,1.4490809047650713e-09,-1.7702728172253046e-11,-2.6697394295283062e-17,-7.227054602913323e-15,-1.0183568109149258e-13,-8.699259979039197e-12,3.947180952460864e-12,2.8324999827115487e-12,-4.3678233252464336e-14,2.7097799004671686e-14,1.960248710020096e-12,1.6740306178301506e-11,1.006931900822868e-12,1.5640699227030079e-09,-1.41571945277974e-12,2.602060789058669e-14,1.8700428938700497e-12,3.0608104939489066e-11,9.008672361059864e-12,5.5584727901188125e-14,4.559065305553809e-08,-5.7093959190031756e-12,5.356415000492646e-17,2.855011494958589e-14
2.836809604776269,4.275251449155822e-14,2.1197289849321048e-13,-4.88465090597856e-13,5.589501454276539e-13,4.911271389573813e-15,-2.4624746686185972e-17,-1.796128401565511e-12,4.224227356797172e-12,1.22624138991038e-12,3.355970124475153e-17,-3.787855445969157e-14,2.5156435200539994e-11,2.5191654318135193e-11,-6.714373704021689e-15,2.484678165375836e-12,-6.515775573411197e-12,7.677590030172419e-16,4.847047358969598e-14,-1.1115139816305347e-14,2.4035249323762956e-14,-1.0880185641326534e-14,2.53427825218453e-10,6.024072324556859e-11,1.3884078610416146e-11,-7.724707647315149e-15,-3.1860136233818563e-12,2.6023966167155575e-11,-1.7856517298389728e-12,6.474060292490276e-15,-2.51584322480538e-11,-2.5189854542528867e-11,4.0367762180810235e-12,1.9279736909987605e-14,1.7721450921702045e-12,1.1736173420899207e-14,-2.534264469911898e-10,-1.388238871219462e-11,-6.809367884367627e-15,3.108624468950438e-14,4.275251449155822e-14,2.0910420062136836e-13,-4.884579851704984e-13,5.589501898365749e-13,1.9497292669257147e-15,-2.4602542225693468e-17,-1.7961241383090965e-12,4.224227911908685e-12,1.220045457254552e-12,2.059348238011201e-10,-1.6691046766936778e-12,1.8560568193493053e-12,-1.811229140002979e-12,-9.026687545580596e-12,2.9052579463620195e-10,1.4192369068161126e-14,6.910937198786511e-09,-1.8368936001896447e-11,-2.3268424224435574e-17,-4.482155387582528e-15,-7.495766738789082e-14,-9.998953487411199e-12,6.379823958013731e-12,-8.82965404495432e-14,-3.745070920047056e-14,1.7953999398301334e-14,3.6163713446057955e-12,3.1953764634273794e-11,3.3178366720676423e-13,1.6606012650299818e-09,-4.891262506134808e-13,2.8820767994375275e-14,3.5162962319645886e-12,5.8077035403059084e-11,7.164243358766028e-12,4.7083078538387446e-14,2.567101933051242e-08,-5.3555308336209846e-12,1.0732878706158171e-17,1.7800614023695713e-14
2.962771191970869,3.469326677792613e-14,-9.635793200383583e-13,3.2872039904911314e-13,4.618982122709762e-13,3.637978807091713e-16,1.8482881891657143e-15,-1.226682968535897e-12,6.796781470974622e-12,1.2514647096395492e-12,2.6861100000068504e-17,-3.670906171630387e-14,1.692914101586045e-11,2.137193200191234e-11,-5.619480093446396e-15,2.4375852416793878e-12,-5.608785041349367e-12,-1.039837055787934e-17,3.5093021344066175e-14,-7.821585756334496e-15,1.857581231922223e-14,-8.43769498715119e-15,-4.635694741775936e-12,-4.4547878351440464e-12,1.3760152740837532e-11,2.9054905186084483e-15,-3.244174287172729e-12,-7.817878841885976e-13,-1.1821035106846086e-12,5.914322850908427e-15,-1.693127345642604e-11,-2.137018209960595e-11,3.1759943826105267e-12,1.1689785087876042e-14,1.1723083744063024e-12,9.290325128120946e-15,4.637657312234498e-12,-1.3758650609085065e-11,-6.661338147750939e-15,2.990200679657088e-14,3.469326677792613e-14,-9.667530775914202e-13,3.287262018147885e-13,4.618982492784103e-13,-2.9046987037872895e-15,1.8483103936262068e-15,-1.226678989496577e-12,6.7967820260861346e-12,1.2400960258673876e-12,3.63943399861455e-10,-1.6385456547141076e-12,1.8594686679307416e-12,-1.2544421679194784e-12,-2.4268779578543823e-12,2.913198106519298e-10,1.9521629321742062e-14,9.20307841966397e-09,-1.9024189631030215e-11,-2.3343595575061235e-17,-2.7164266206784287e-15,-5.415428522281829e-14,-3.0667453169523168e-12,4.692348435734554e-12,-3.890345823265307e-12,-3.8050745887474594e-14,1.3607648341462664e-14,6.420945339868922e-12,-3.087982351305622e-11,-6.029343542953333e-13,4.5019745205839473e-11,1.9757862901315094e-12,1.9906387649371028e-14,6.315313640925524e-12,1.2713943231545955e-11,5.535133075399202e-12,3.760566077287697e-14,-8.526131344734507e-10,-5.054401341908488e-12,-9.018393670734427e-18,1.0811172197639866e-14
3.0943257951443592,2.8647477908390804e-14,-1.2332748156040908e-12,7.742746295965238e-13,7.044514231206259e-14,-2.546585164964199e-15,3.2873703759150885e-15,-4.905024297841009e-13,3.171387411941377e-12,1.1563921968142192e-12,2.039962386431735e-17,-3.5690779035905486e-14,1.0816415513936478e-11,1.832103913024241e-11,-4.872585263511938e-15,2.3830667377704945e-12,-4.910886512258609e-12,7.984637277521159e-17,2.542330617214783e-14,-4.218202015072906e-15,1.4345205014175766e-14,-5.995204332975845e-15,4.429217981066666e-12,-1.4106165112700078e-12,1.362339616253992e-11,2.9505984789486753e-15,-3.2676372722021646e-12,3.890295830700017e-13,-7.227293698908694e-13,5.403591347522922e-15,-1.0818294092529976e-11,-1.8318911925579995e-11,2.53216381119254e-12,6.894485946085518e-15,7.129439157901034e-13,7.00345814327874e-15,-4.42692791225825e-12,-1.3621831441964433e-11,-6.217248937900877e-15,2.945791758672082e-14,2.8647477908390804e-14,-1.2363083593906292e-12,7.742812613287242e-13,7.044518672098358e-14,-5.934452929068357e-15,3.287403682605827e-15,-4.904970296593091e-13,3.1713879670528892e-12,1.139337276375348e-12,3.502985540156563e-10,-1.284934114664793e-12,1.861747378484324e-12,-5.296757876749326e-13,-1.0604731907430202e-12,2.919570012106443e-10,2.38569201286426e-14,8.712400276957133e-09,-1.9671819728728224e-11,-2.5309615514501615e-17,-1.6101992424596053e-15,-3.8716252426240774e-14,4.620620330797464e-13,8.820772260757319e-14,-5.286591904981227e-13,-1.4390333369362907e-14,7.934009005339249e-15,3.1456622906489428e-12,-2.009364138041055e-11,-1.1545125744305552e-12,-1.3111202861182392e-10,3.5759512684307992e-12,1.3854961622428163e-14,3.0970306141853144e-12,9.67833776085077e-13,4.276011069773737e-12,2.8549821469610326e-14,4.5223144017176633e-10,-4.80249173762104e-12,-2.085670684192261e-17,6.393270267393616e-15
3.231721758481954,2.4142933023145e-14,-9.51331458054483e-13,7.21455724791061e-13,-1.1124956511565643e-13,-3.637978807091713e-15,4.20882217966323e-15,2.725045078477706e-14,-1.0983902676287016e-12,9.875899801651638e-13,1.477056053422049e-17,-3.4801155013308716e-14,6.499814236973157e-12,1.5941276076958388e-11,-4.694745990497302e-15,2.3224429709614272e-12,-4.3730451358846446e-12,2.0178203336091186e-16,2.1636110158435985e-14,-2.669053608619199e-15,1.108357188328321e-14,-3.885780586188048e-15,7.468689363358349e-11,2.0725915980199923e-11,1.3471743444363667e-11,-5.073117490838548e-17,-3.28578803087782e-12,8.247036533478945e-12,-3.879067609760082e-13,5.140274779898609e-15,-6.50184513274991e-12,-1.5939415586030403e-11,2.055355789115026e-12,3.9538274127140155e-15,3.79612362216454e-13,5.050691446019731e-15,-7.468455585248777e-11,-1.3470241312611199e-11,-5.921189464667502e-15,2.9013828376870755e-14,2.4142933023145e-14,-9.544450563225837e-13,7.214611722853684e-13,-1.1124952070673544e-13,-6.679101716144941e-15,4.208855486353968e-15,2.725556669247453e-14,-1.0983896662578966e-12,9.70137155794267e-13,2.901991441225012e-10,-7.123162504285574e-13,1.8632601239687574e-12,-1.8780781374516664e-14,-1.8817066423556146e-12,2.92458615464654e-10,2.721344742433185e-14,7.823028551546262e-09,-2.031641521682559e-11,-2.851885394505871e-17,-9.368663252592077e-16,-2.7687638061898074e-14,4.8436750906451684e-14,-1.7905369039302362e-12,2.541375584049395e-12,1.276125871640943e-14,2.101052665182124e-15,-1.1552135248393825e-12,1.9044917957492893e-11,-9.620028625552854e-13,3.807353399073084e-10,3.5028278944082558e-12,1.546478500813464e-14,-1.1431428958985634e-12,1.1589256406393152e-11,3.2996861057463957e-12,2.0711676731316464e-14,8.340307245039644e-09,-4.59402886103059e-12,-2.779325164112279e-17,3.683148711511551e-15
3.3752184532845706,2.0765195118954693e-14,-6.843038136139512e-13,4.1968964599921793e-13,6.930363690334692e-14,-2.7284841053187848e-15,4.469924430594574e-15,1.5789396456966643e-14,-8.339525829163345e-13,8.265487849712372e-13,1.0202379500780039e-17,-3.3992195632344867e-14,3.5902175541445455e-12,1.4098722189714863e-11,-4.010945703656097e-15,2.2572510989989545e-12,-3.954398537015575e-12,5.5275548755042814e-17,2.2937667536238287e-14,-1.4039157433486719e-15,8.295659459754786e-15,-2.55351295663786e-15,5.5256519560517105e-11,1.6617848841633162e-11,1.3302691033387991e-11,8.34680631986641e-16,-3.319366934427783e-12,6.183634988587804e-12,-1.549148406453707e-13,4.556142789435835e-15,-3.5916899535826917e-12,-1.4097252011568973e-11,1.70118789811275e-12,2.1998311035135102e-15,1.4840841733826512e-13,3.487952927785226e-15,-5.5254214981426706e-11,-1.3301251490458543e-11,-5.0330110449673766e-15,2.916185811348745e-14,2.0765195118954693e-14,-6.877210504778001e-13,4.1969450137457897e-13,6.93036813122679e-14,-5.866240826435387e-15,4.469957737285313e-15,1.5793943930475506e-14,-8.339520278048222e-13,8.11850971634461e-13,2.9157963581383226e-10,-1.3242242857813836e-13,1.8650039734779967e-12,-2.9721718419750684e-14,-1.6901265572262977e-12,2.928570047965137e-10,2.9701474569751585e-14,7.982200730517622e-09,-2.09622689576842e-11,-3.26532782294701e-17,-5.380302684857933e-16,-2.003853101969118e-14,-1.4450129981469218e-12,4.598293893801989e-13,7.162689996675908e-13,9.35026500670233e-15,-1.3080536653831132e-15,-9.306151937948925e-13,1.9142288356273815e-11,-4.910058729971449e-13,4.147167298166702e-10,2.3817847250029443e-12,2.1258017568470677e-14,-9.210188522956742e-13,1.3413206841524546e-11,2.4670962946978508e-12,1.438041038245158e-14,6.1847951490545645e-09,-4.4213521732672234e-12,-3.02149075435502e-17,2.064833764039986e-15
3.5250867676009126,1.8186008254872377e-14,-5.060428520664573e-13,2.0567062127459698e-13,2.0386532462168816e-13,-2.0008883439004422e-15,4.3423042939139125e-15,-1.49563561535615e-13,5.121940834425705e-13,6.946114202340444e-13,6.7166889274108505e-18,-3.3258696722586e-14,1.7335726350366468e-12,1.2670697824290755e-11,-3.7903406782823105e-15,2.1882717474472654e-12,-3.6191728626357015e-12,5.979198536785805e-17,2.4394718213430325e-14,1.984846395768812e-16,6.041779641185502e-15,-1.5543122344752192e-15,3.290756333089124e-11,1.000393687304139e-11,1.3113860554338155e-11,2.1036934674660378e-15,-3.3541506728208716e-12,3.706789635308485e-12,-1.4458718460234597e-15,4.1775755308763136e-15,-1.7351296551321576e-12,-1.266917777284493e-11,1.4341609497203756e-12,1.1837998274814715e-15,-4.19561026747879e-15,2.3068332454748847e-15,-3.2905748880241865e-11,-1.3112483600231725e-11,-4.736951571734001e-15,2.842170943040401e-14,1.8186008254872377e-14,-5.092047672405897e-13,2.0567606876890446e-13,2.0386536532986572e-13,-4.973799150320701e-15,4.342337600604651e-15,-1.4956015093048336e-13,5.121946385540829e-13,6.766583737771725e-13,3.0311542407919963e-10,3.7980498746037486e-13,1.8670958112920744e-12,-1.921796410897514e-13,-1.4454156390305192e-12,2.9316099935214016e-10,3.146834464014259e-14,8.1957319271487e-09,-2.1612267531168072e-11,-3.720403614811592e-17,-3.0973487663565893e-16,-1.48743575327052e-14,-2.237241740014421e-12,2.1274333998159514e-12,-8.594508216219765e-13,-1.5443035739082234e-15,-2.891137329541493e-15,4.63951472795543e-13,6.959358506142266e-12,-4.1127350414171814e-13,2.6905860674257077e-10,1.5728801372461021e-12,2.4217960969963314e-14,4.532044073357611e-13,1.0520450251701638e-11,1.7981740127911402e-12,9.564506305015374e-15,3.6841450647663436e-09,-4.277985373353961e-12,-3.166051044019754e-17,1.127397735714228e-15
3.6816096176004676,1.614662107722135e-14,-3.855044875914852e-13,7.763573487788259e-14,2.708589963429375e-13,-9.094947017729283e-16,3.994116148930971e-15,-3.909528345502622e-13,2.1072985486222015e-12,5.762558430433274e-13,4.192521921333168e-18,-3.2591406425493595e-14,6.328271240363392e-13,1.1553952239395926e-11,-3.3286512531655662e-15,2.116406008778604e-12,-3.339920932414013e-12,-2.379053983031227e-17,2.545980613258445e-14,1.5007375187520284e-16,4.2760933682828295e-15,-3.3306690738754696e-16,1.7932771744516525e-11,5.463525875225294e-12,1.2898867947266164e-11,3.119906134968227e-15,-3.3872288657866782e-12,2.039963888585691e-12,9.522098871668785e-14,3.5173686879774735e-15,-6.342825993430124e-13,-1.155216113740698e-11,1.2260736407624744e-12,6.166117917388017e-16,-9.915195279806412e-14,1.4563206868732637e-15,-1.793107737987202e-11,-1.2897303226690677e-11,-3.848773152033876e-15,2.856973916702069e-14,1.614662107722135e-14,-3.887417202956082e-13,7.764070867703291e-14,2.7085903149999996e-13,-4.177991286269389e-15,3.9941605578519555e-15,-3.909499923793192e-13,2.107299057474421e-12,5.601388390156595e-13,3.1116942409425976e-10,8.36735125631094e-13,1.869273802412863e-12,-4.294295763429545e-13,-1.4693431656572404e-12,2.9338299231878496e-10,3.2684196061422144e-14,8.340442197104406e-09,-2.2268261308984922e-11,-4.1957178472292376e-17,-1.8479430948422268e-16,-1.1452413091935417e-14,-2.5100016879756973e-12,2.943794186194282e-12,-1.7351401500794357e-12,-3.3356206685652977e-15,-3.28046478870192e-15,2.1310946607400184e-12,-5.6311348639592755e-12,1.8311159995694955e-14,1.501420532198002e-10,1.0722942533902824e-12,2.4712321078368404e-14,2.0936367661761325e-12,9.035552121320714e-12,1.2687783640256935e-12,6.0836887827778185e-15,2.007727843523976e-09,-4.158599390772603e-12,-3.275185027698524e-17,6.043375435499376e-16
3.845082481652771,1.4447124052630046e-14,-3.7556067885210115e-13,9.101525459224529e-14,2.3901216561483805e-13,-3.637978807091713e-16,3.555711280966989e-15,-5.547209980250046e-13,3.2003114047718383e-12,4.889443516731262e-13,2.4017972149790374e-18,-3.1981362003108416e-14,3.2358939376269804e-14,1.0656198146108409e-11,-3.611296736187135e-15,2.042376684441294e-12,-3.094900878784933e-12,2.5943365584687185e-16,2.438721881538337e-14,9.472397026961728e-16,2.9158482798817136e-15,0.0,7.564704051998264e-12,2.306500080849632e-12,1.264300483876244e-11,4.05079263358836e-15,-3.4176626809799113e-12,8.855705365411381e-13,1.5160999071160278e-13,3.3481608689249023e-15,-3.396673186619953e-14,-1.0654521969549746e-11,1.0550684554417385e-12,3.0933222019117175e-16,-1.5524726207425554e-13,8.541852934609157e-16,-7.563215678159908e-12,-1.264169047347903e-11,-3.848773152033876e-15,2.7977620220553945e-14,1.4447124052630046e-14,-3.78775647883837e-13,9.10183336107669e-14,2.39012191520042e-13,-3.76303432858549e-15,3.5557334854274814e-15,-5.547184400711558e-13,3.200311913624058e-12,4.709780417518535e-13,3.1672049469004074e-10,1.210719347000122e-12,1.8715354599407873e-12,-5.904263389311381e-13,-1.473775175971544e-12,2.9353522196885913e-10,3.352182355483013e-14,8.440850977682389e-09,-2.2930842410081215e-11,-4.6398070570793e-17,-1.1922754450388596e-16,-9.157486690244039e-15,-2.0196360139834723e-12,2.5053575806547694e-12,-1.7210742460823287e-12,-6.241324124189873e-15,-2.7531865676166945e-15,3.2835420782362233e-12,-1.4446393248324085e-11,-4.2534035552913945e-13,6.129533479300637e-11,1.095759216696024e-12,2.1450752285545604e-14,3.227179377063294e-12,7.860314991485022e-12,8.662837888889129e-13,3.6172372605905445e-15,8.469135293424283e-10,-4.058457273951414e-12,-3.3639811856250865e-17,3.212273293138242e-16
4.015813958121152,1.2943743299409505e-14,-4.059984348714352e-13,1.6330344484079737e-13,1.6120455526014154e-13,-5.456968210637569e-16,3.1591396165708827e-15,-5.78765479986032e-13,3.449859911630604e-12,4.132743924856186e-13,1.1014339990062091e-18,-3.144012827860365e-14,-2.5778837059589e-13,9.909156828413757e-12,-2.5865750995532653e-15,1.96664154868594e-12,-2.8702349139406477e-12,9.544392861203059e-17,2.1481483841479422e-14,1.3732555144709423e-15,1.9494459341369594e-15,7.771561172376096e-16,2.5711277380084415e-12,7.842971457398878e-13,1.2301770575660115e-11,5.024708948034401e-15,-3.4397095938885306e-12,3.2945887329365044e-13,1.8362572444497938e-13,2.886182323228829e-15,2.561636539744873e-13,-9.9074567994073e-12,9.05301586010913e-13,1.473313032449296e-16,-1.8675306779050782e-13,4.160795243502574e-16,-2.569263389833879e-12,-1.2300456210376705e-11,-3.552713678800501e-15,2.827367969378732e-14,1.2943743299409505e-14,-4.0944077757861425e-13,1.6330723440205476e-13,1.6120458116534546e-13,-3.649347490863874e-15,3.1591618210313756e-15,-5.787634904663719e-13,3.44986044361247e-12,3.9776940260101884e-13,3.186956746503711e-10,1.5388650353997945e-12,1.8735192952590295e-12,-6.140311370472773e-13,-1.3816947586064999e-12,2.936269831928014e-10,3.4133665945818015e-14,8.489207985953483e-09,-2.3599788789852028e-11,-4.971717482149529e-17,-8.578207588705312e-17,-7.535774666315534e-15,-1.1753803856133042e-12,1.601842332850841e-12,-1.2185529622380879e-12,1.0454248577929092e-15,-2.148686784053666e-15,3.552000968909397e-12,-1.727079470178102e-11,-3.632825003781666e-13,1.6364841333900888e-11,1.3342287275008858e-12,1.6630608001833024e-14,3.4912030599798526e-12,6.798031767137521e-12,5.796396954147619e-13,1.82707039601826e-15,2.8784892577997017e-10,-3.976818874207311e-12,-3.4143333415189346e-17,1.719823827621425e-16
4.194126347923943,1.1523536754450466e-14,-4.1885262665649257e-13,2.1712137273273886e-13,9.409294639735795e-14,-3.637978807091713e-16,2.8553603925729478e-15,-5.22804555203038e-13,3.2135958940212226e-12,3.4536545475323993e-13,6.03510974918689e-20,-3.1008760374244084e-14,-3.6244719962457853e-13,9.273970480450089e-12,-2.7032774167305247e-15,1.889417441947039e-12,-2.6517368547887246e-12,6.920958204820942e-17,1.8290728392669556e-14,1.3151624492289283e-15,1.3173812815819218e-15,8.881784197001252e-16,7.610338631756826e-13,2.3228450326062553e-13,1.1752678831310022e-11,6.579772263720116e-15,-3.4368930968526534e-12,1.2473449662559387e-13,2.0056308035553992e-13,2.903457277843765e-15,3.6070401408286525e-13,-9.271988558878785e-12,7.643432568969921e-13,6.590692084183764e-17,-2.029610329930297e-13,6.560100769895105e-17,-7.591709365399494e-13,-1.1751051521911516e-11,-3.2566542055671257e-15,2.768156074732057e-14,1.1523536754450466e-14,-4.223901820902635e-13,2.1712457017504979e-13,9.409296860181845e-14,-3.54702933691442e-15,2.8553825970334402e-15,-5.228019972491893e-13,3.213596402873442e-12,3.3158661002138007e-13,3.1846769464512665e-10,1.8502760212868454e-12,1.874904143051026e-12,-5.589322427113074e-13,-1.2371496419897692e-12,2.936635947334739e-10,3.4666605523703264e-14,8.50675811512352e-09,-2.4271251675145322e-11,-5.0156638102076084e-17,-6.785081755703952e-17,-6.268307632210461e-15,-4.825745728946155e-13,8.049561017742235e-13,-7.2783249057314e-13,-8.272177387524949e-15,-1.7765067195085747e-15,3.315457881569728e-12,-1.6586798555022023e-11,-3.4163652647597093e-13,-6.579891002426545e-13,1.5203113434836268e-12,1.2667555893131066e-14,3.2587362852609657e-12,5.848705593910116e-12,3.9074686638784e-13,4.0480043362461915e-16,8.520558128560301e-11,-3.917310920087402e-12,-3.431066195047627e-17,9.688141492751139e-17
4.380356262962904,1.0100161447941976e-14,-4.1291059460490943e-13,2.4419654446698286e-13,4.840012094812588e-14,-7.275957614183426e-16,2.65996114023892e-15,-4.1307998799311464e-13,2.675184749649044e-12,2.852175384759903e-13,-9.312686092067671e-19,-3.070749673058278e-14,-3.740910020779643e-13,8.719414079649823e-12,-2.6127766520549985e-15,1.8104923424664165e-12,-2.4310800286444748e-12,1.157421548287143e-17,1.552522782733148e-14,1.3425952855932126e-15,9.465337105838566e-16,1.1102230246251565e-15,1.9829487091690368e-13,6.057485077540228e-14,1.0652336028215667e-11,9.704323662896822e-15,-3.359126484250922e-12,5.1846936675691693e-14,2.0882520518995968e-13,2.9387299885219598e-15,3.723308924047781e-13,-8.717714050643366e-12,6.225946648662371e-13,2.3941923091104745e-17,-2.1083264333332262e-13,-2.668526478347838e-16,-1.9648255635645558e-13,-1.0650865190874709e-11,-3.2566542055671257e-15,2.7385501274087194e-14,1.0100161447941976e-14,-4.1639841204717714e-13,2.441986760951901e-13,4.840014685332979e-14,-3.4333424991928042e-15,2.6599833446994125e-15,-4.130777142563602e-13,2.6751852353716167e-12,2.7341494993985787e-13,3.175169695168734e-10,2.1420419216156005e-12,1.8755994091179673e-12,-4.509138307184912e-13,-1.0323297772174555e-12,2.93649445844695e-10,3.524719578706925e-14,8.512244760429899e-09,-2.4941530322545684e-11,-4.46575646832296e-17,-5.327335794724775e-17,-5.118330527927503e-15,-9.88459684473734e-14,2.768156074732057e-13,-3.7906235187771624e-13,8.988199073911574e-16,-1.6857570894757145e-15,2.7625343790305123e-12,-1.3940833348824456e-11,-2.1876379226644833e-13,-6.092886906117201e-12,1.5803379938006401e-12,9.99857974193219e-15,2.715590099455767e-12,4.747158407110893e-12,2.800085744665075e-13,-9.339181988518575e-16,2.22042874630388e-11,-3.8889632255253064e-12,-3.592503898530719e-17,5.979266561040309e-17
4.5748552615674045,8.500075643347316e-15,-3.995713389789065e-13,2.518837286894874e-13,2.4976520851538454e-14,-7.275957614183426e-16,2.6307178657702934e-15,-3.266342218921636e-13,2.2513380974290933e-12,2.367111543814341e-13,-2.1818333464889363e-18,-3.0688993013505694e-14,-3.3970116692494116e-13,8.265332862578134e-12,-2.13904053613286e-15,1.7284158286711025e-12,-2.1869851608692496e-12,7.769517261289887e-17,1.413762244303667e-14,1.1231325946789375e-15,8.833978445395845e-16,1.6653345369377348e-15,5.1435063092045955e-14,1.5773088613608325e-14,7.677301503629674e-12,1.829965161791684e-14,-3.0152478433760225e-12,2.219475028925158e-15,2.1089073639856463e-13,2.954595480312664e-15,3.380426020405926e-13,-8.26379112708886e-12,4.604052478768889e-13,-1.602562841319862e-18,-2.1262707357079816e-13,-6.810314302514026e-16,-4.955423867754239e-14,-7.675642899819657e-12,-3.2566542055671257e-15,2.7533531010703882e-14,8.500075643347316e-15,-4.0307289358073223e-13,2.51884972139275e-13,2.497654860711407e-14,-3.4333424991928042e-15,2.630740070230786e-15,-3.266319481554092e-13,2.2513385600220205e-12,2.3001499963963093e-13,3.16665197412173e-10,2.3777829483151434e-12,1.8752430719359834e-12,-3.656612079794286e-13,-8.704059695219257e-13,2.9356801227679574e-10,3.616486450586098e-14,8.513707601555659e-09,-2.559419343128866e-11,-2.4505860303965695e-17,-2.88484514054943e-17,-3.8208585600996156e-15,1.20497152996298e-13,-1.4901975949517994e-14,-1.9993014651239113e-13,7.86004594743872e-15,-1.7621515358001716e-15,2.326071246727679e-12,-1.1758762065901726e-11,-3.244470766124626e-13,-7.406682319318255e-12,1.5214027371257544e-12,9.023182201417512e-15,2.2868779581131095e-12,3.978486799264639e-12,2.592241666799203e-13,-2.5875026947452806e-15,5.7650307599919506e-12,-3.92323210955207e-12,-4.4981199031716527e-17,4.56774375268143e-17
4.777990512153968,6.737110869181606e-15,-4.0078399858127036e-13,2.636178090635137e-13,1.0745628461113673e-14,-1.0913936421275138e-15,2.773514751197581e-15,-2.0204652173561044e-13,1.6494952394715176e-12,2.1342809001604716e-13,-3.76112627664458e-18,-3.1008182133085427e-14,-3.3726409199283716e-13,7.850387007124482e-12,-1.9755067084496298e-15,1.6414194463508656e-12,-1.9200690420322847e-12,-9.347154357656e-19,1.3618993551512049e-14,1.502351215008751e-15,1.044364046147665e-15,2.1094237467877974e-15,9.889301592455553e-15,3.1149053720236586e-15,6.274529507705083e-13,3.499411996421438e-14,-1.9798565913701544e-12,-9.117603418824549e-14,2.125431613654486e-13,3.659796713369652e-15,3.355462926483333e-13,-7.84898621791763e-12,2.799675036555291e-13,-5.707623062894343e-17,-2.1471842391951067e-13,-1.1972878472075316e-15,-8.424220575182207e-15,-6.257630525489818e-13,-3.9968028886505635e-15,2.694141206423713e-14,6.737110869181606e-15,-4.041837087243039e-13,2.6361893408951195e-13,1.0745654366317581e-14,-3.632294465205632e-15,2.7735369556580735e-15,-2.020448164330446e-13,1.6494956789347981e-12,2.041512440579633e-13,3.1634893578787646e-10,2.514570951461792e-12,1.8740056617616572e-12,-2.428180323477136e-13,-6.281256996013933e-13,2.934378321723734e-10,3.739082611239897e-14,8.514183322246965e-09,-2.6248188807661183e-11,1.4022348097479192e-17,1.8735013540549518e-17,-2.292049651927049e-15,2.9573244593924147e-13,-3.2106797220876617e-13,-9.493857551963932e-14,-9.081635443664027e-15,-1.9740875600859907e-15,1.7055365475471262e-12,-8.596451559853928e-12,-8.976712706498801e-14,-7.881074755763014e-12,1.3702447176910936e-12,9.00790553259867e-15,1.6779088696239341e-12,2.9420519724136323e-12,3.0977804301052623e-13,-4.650427720860606e-15,1.0991134977960022e-12,-4.021671884402167e-12,-7.59293886445911e-17,2.6721066042715662e-17
4.990145486353979,5.3295099814813326e-15,-3.979948814958334e-13,2.6863714216081764e-13,3.1245284137781935e-15,-1.0913936421275138e-15,2.8254731887500384e-15,-4.1969201447500384e-14,8.871479476961023e-13,1.8238400419553122e-13,-4.876801017076502e-18,-3.1355705069439445e-14,-3.811314407707092e-13,7.323863737696001e-12,-1.5559807011517663e-15,1.5532569443606667e-12,-1.6915481361302733e-12,6.817191244850442e-17,1.2823103677858418e-14,1.5814223315881592e-15,1.010980704836716e-15,2.220446049250313e-15,-2.6854607601200206e-16,7.017335694075503e-17,-1.047092232469364e-11,5.394838710414184e-14,-1.0198848711027864e-13,-2.416564411493712e-13,2.2059873307900785e-13,3.991092757208807e-15,3.7910900705969236e-13,-7.322068298898365e-12,1.390718173337962e-13,-1.6953435082699865e-16,-2.2250934944696744e-13,-1.552502972099884e-15,1.6105127570201277e-15,1.0472361867623088e-11,-4.588921835117314e-15,2.708944180085382e-14,5.3295099814813326e-15,-4.0151633129426047e-13,2.6863951063660354e-13,3.1245561693538093e-15,-3.706190909724682e-15,2.825495393210531e-15,-4.196834879621747e-14,8.871483640297365e-13,1.7428192222723736e-13,3.1619565561413764e-10,2.5713234208524227e-12,1.8732460915771297e-12,-8.480924407194835e-14,-3.0579390871328847e-13,2.9334529637422793e-10,3.8045196333602593e-14,8.514337931471638e-09,-2.6991298085476956e-11,4.492355561621272e-17,7.180020467068005e-17,-1.1009711660866135e-15,3.09565647190387e-13,-3.827066071456405e-13,-4.230891192946728e-14,1.2844325603111884e-14,-2.143740740478961e-15,9.176228132901088e-13,-4.569064802432502e-12,-4.1961053890796997e-13,-7.681956049054862e-12,1.0155417839996517e-12,8.51922976607966e-15,9.052165239609167e-13,1.6416954832602452e-12,2.996827592284696e-13,-6.085531926471044e-15,-4.321574826544815e-14,-4.077183035633425e-12,-1.2611114409699643e-16,-2.4974235642479433e-17
5.21172068291804,2.0513220751657476e-15,-5.547917680814862e-13,3.857368942779734e-13,2.9546790939842066e-15,-2.7284841053187848e-15,3.976130535932043e-15,1.6997034890664507e-14,8.299125275890162e-13,2.405916651089986e-13,-8.920306902511984e-18,-3.3430434346707706e-14,-5.794822616336182e-13,7.17287340634698e-12,-1.5577877047725756e-15,1.437873739826598e-12,-1.2217079200145995e-12,-1.7881241752201112e-16,1.6910925850273308e-14,1.320003537999096e-15,2.5980509733234042e-15,3.552713678800501e-15,-3.3959315003637375e-15,-7.819597767392038e-16,-7.216979486968142e-11,2.059823836768755e-13,9.819951623673553e-12,-9.82872321809217e-13,2.1646767066179797e-13,6.077567558012327e-15,5.774259796596555e-13,-7.1709001583930565e-12,-2.1540928762942002e-13,-5.53386081804557e-16,-2.196821536051894e-13,-2.852712098662391e-15,5.079309464448095e-15,7.217142217907993e-11,-6.069219201284189e-15,2.694141206423713e-14,2.0513220751657476e-15,-5.580839494238414e-13,3.8573914432996997e-13,2.954701298444699e-15,-5.3603343985741955e-15,3.976152740392536e-15,1.6995045371004382e-14,8.299129439226505e-13,2.2860149329062553e-13,3.2078629980484643e-10,1.7680577002465724e-12,1.8672700718980194e-12,-2.5399913283763454e-14,4.4453329905991265e-14,2.930021083639182e-10,4.197017082832599e-14,8.514635256903703e-09,-2.7695475542562537e-11,1.7273219891459728e-16,2.7027569996877315e-16,2.3613634196154957e-15,4.59714755152163e-13,-1.710847522910323e-12,-9.520692382617805e-14,1.5287704435706928e-14,-2.236816287748411e-15,8.577728394243422e-13,-3.984059147403111e-12,-4.4162031069087484e-13,-8.400093065574766e-12,-2.2355379769578575e-13,1.1578471514894772e-14,8.482190594349959e-13,1.831780097975392e-12,7.720955657765275e-13,-1.1266120957149905e-14,-4.4891542924788597e-13,-4.566421315151577e-12,-3.3905712439052937e-16,-1.57438985170603e-16
5.443134383763521,-3.651754824455603e-15,-9.920768206939101e-13,7.012816401659924e-13,-1.0999514262384953e-14,-7.639755494892597e-15,7.127387569028088e-15,1.8334731066715904e-13,8.10515682347912e-13,3.6282775302728015e-13,-1.6916915552783285e-17,-3.902838700368486e-14,-1.2338368809035427e-12,7.238931676312177e-12,-7.947804258859017e-16,1.2640062607705005e-12,-4.218847493575595e-13,-2.733595611797275e-16,2.6762794031401488e-14,1.2070448000285133e-15,6.533553575421718e-15,6.217248937900877e-15,-1.0050642468887141e-14,-2.2913164355799857e-15,-2.388167609046595e-10,4.1918320232423946e-13,4.333071159257394e-11,-3.4662873211741546e-12,2.3547055778096346e-13,1.15210214054103e-14,1.2317044403379517e-12,-7.2369432495278385e-12,-8.42150423470874e-13,-1.7520915725013732e-15,-2.426547335158925e-13,-5.3728384046512756e-15,1.139747489583475e-14,2.3881841950846953e-10,-1.1398289719484941e-14,2.708944180085382e-14,-3.651754824455603e-15,-9.954192137229257e-13,7.01281877013571e-13,-1.0999497609039585e-14,-9.907807907438838e-15,7.12740977348858e-15,1.8334674223297043e-13,8.105161218111926e-13,3.5001335163542534e-13,3.358737255136172e-10,-1.6625563148409129e-12,1.8532816170591102e-12,1.4182091945258436e-13,1.1778400477169272e-12,2.9250214653487536e-10,5.0272882645002737e-14,8.515237836446021e-09,-2.863872102428407e-11,3.7412781206391796e-16,7.141567430017185e-16,9.001870429625747e-15,9.312964621699392e-13,-2.8906723533358065e-12,-1.233525281918446e-13,1.1420492329605737e-14,-3.3062497184488392e-15,8.371589999001116e-13,-3.562524812187699e-12,-7.264740512861559e-13,-1.41941806456695e-11,-4.701905709225685e-12,1.8988544070452918e-14,8.34322904097462e-13,2.123617763120459e-12,1.9466340684096203e-12,-2.1322719523202138e-14,-1.2493286552121995e-12,-4.913699077254326e-12,-9.152336007123286e-16,-6.65868185242835e-16
5.684823443592556,-8.27393709101898e-15,-1.4256026285390058e-12,9.922105211520224e-13,-3.843023677063684e-14,-1.2732925824820996e-14,1.0641953984702469e-14,4.924243057757849e-13,5.830772901542029e-13,3.473057101170222e-13,-2.3196261958355032e-17,-4.752332786554329e-14,-1.9595436384634013e-12,6.889350201433331e-12,4.650022650882274e-16,1.0731577663551188e-12,2.7632217501781677e-13,-1.988451303685353e-16,3.5689071766873226e-14,2.230128226790649e-15,1.0244752397835588e-14,8.104628079763643e-15,-1.855346733608784e-14,-4.17195937704152e-15,-4.472791318324979e-10,2.773147552527866e-13,9.797543260311996e-11,-7.443142678002253e-12,3.069379375986945e-13,1.701543275491509e-14,1.957690446067114e-12,-6.887409479544582e-12,-1.3511182913224693e-12,-3.2301340618566354e-15,-3.186017341422855e-13,-7.255213275861663e-15,2.0193352261098523e-14,4.4728050878660434e-10,-1.7023419710919068e-14,3.0494125743037635e-14,-8.27393709101898e-15,-1.4291368681066768e-12,9.92210402728233e-13,-3.8430223818034885e-14,-1.489866008341778e-14,1.0641953984702469e-14,4.924265795125393e-13,5.830777064878371e-13,3.329489572934108e-13,3.5773458269735176e-10,-8.73114913702011e-12,1.839051577690043e-12,4.536502729024505e-13,3.0856413720433315e-12,2.9244978531873723e-10,5.724207999963093e-14,8.515685806763666e-09,-3.0044411403196136e-11,3.7441693264324747e-16,1.0685029250279144e-15,1.440891821367455e-14,1.5639413912064508e-12,-1.4023876578524626e-12,-2.4598338181173554e-14,5.481753939662326e-15,-5.7772453487814345e-15,6.024275478466734e-13,-2.565716944458174e-12,-1.3318943577663351e-12,-2.3963366402313112e-11,-1.2749660527333617e-11,2.6785329509948495e-14,6.147348585727741e-13,1.5292308160515706e-12,3.060678325770696e-12,-2.886220722055771e-14,-2.261899836939638e-12,-4.085398686015651e-12,-1.3810928673844518e-15,-1.5491937160189152e-15
5.9372441145710955,-1.0090354477891121e-14,-1.5432306099683047e-12,1.0162903999836696e-12,-6.800172647203339e-14,-1.509761204943061e-14,1.290656470587237e-14,8.205921631088131e-13,1.9990719727728627e-13,1.3387762010097503e-13,-2.4634718014509914e-17,-5.656412838117575e-14,-2.1825359947509172e-12,6.151745779447992e-12,6.902753831491045e-16,9.142378212503546e-13,6.35140088670975e-13,-1.4973599416944178e-16,4.033367005787239e-14,2.6932590524700384e-15,1.1919567400281568e-14,8.548717289613705e-15,-2.3110909480600742e-14,-5.29509981486604e-15,-5.488878769063114e-10,-5.950563892053983e-13,1.5306910324118488e-10,-1.1144694352242474e-11,4.056703293700107e-13,2.026749717128536e-14,2.180471250711218e-12,-6.1497183213854445e-12,-1.5512041882474274e-12,-3.709907916444522e-15,-4.194448406173949e-13,-7.616991212029342e-15,2.4901004935465052e-14,5.488893320964467e-10,-2.0280073916486192e-14,3.611925573447176e-14,-1.0090354477891121e-14,-1.5465938455842358e-12,1.0162917026453517e-12,-6.800171166905973e-14,-1.7627144188736565e-14,1.290656470587237e-14,8.205955737139448e-13,1.9990759048127416e-13,1.1955307854805143e-13,3.783323336392641e-10,-1.9537401385605335e-11,1.8304575633010243e-12,7.895283715697588e-13,4.965793702164471e-12,2.930546761331772e-10,5.99992603343702e-14,8.515658056390008e-09,-3.1488885573101775e-11,1.344699814461355e-16,1.0276617519918337e-15,1.597749854873968e-14,2.055480467314889e-12,-2.2526448854402286e-12,2.1885675494104361e-13,1.708764796326534e-14,-8.903638937240998e-15,2.1085050150304596e-13,-1.8684670940090818e-12,-1.2126596023639042e-12,-3.527165972627699e-11,-2.11801307159476e-11,3.603144449471074e-14,2.4121554531575385e-13,-4.65056326781621e-13,3.5592975595279294e-12,-3.0334770611227524e-14,-2.848951093997958e-12,-2.541226488498675e-12,-1.1196761833670577e-15,-2.266925977085129e-15
6.200872907625804,-9.493678991094138e-15,-1.236791528450946e-12,7.098790888449002e-13,-6.837100330336909e-14,-1.4006218407303095e-14,1.2777423563647972e-14,9.985001270251814e-13,-3.101369161484513e-13,-1.2611659864584604e-13,-2.2100616017821726e-17,-6.366146036255553e-14,-1.6726457617340466e-12,5.3550219814013644e-12,8.914551195991926e-16,8.090846665482272e-13,6.69526162905893e-13,-3.032948390051597e-16,4.015186384163582e-14,3.2080281583645514e-15,1.0800368190228393e-14,7.549516567451064e-15,-2.021492486897008e-14,-4.6462656372108226e-15,-4.5348781789838647e-10,-1.8410360488384382e-12,1.715813436641896e-10,-1.2083354731475502e-11,4.738328592539738e-13,2.110782613510646e-14,1.6706317900887663e-12,-5.353178837708139e-12,-1.4806587668910374e-12,-2.446070370455517e-15,-4.870070754938572e-13,-6.721640117331867e-15,2.2299407404894077e-14,4.534891948524929e-10,-2.102022259956963e-14,4.2336504672372634e-14,-9.493678991094138e-15,-1.2400794465368866e-12,7.098796809638467e-13,-6.837099220113884e-14,-1.6495960153406487e-14,1.2777423563647972e-14,9.985046744986903e-13,-3.101365229444634e-13,-1.4088830842714137e-13,3.8802972994744776e-10,-3.2132084015756845e-11,1.830767359933816e-12,9.809940593186183e-13,5.6745896870324945e-12,2.940557358334276e-10,5.883965190078833e-14,8.515241800785117e-09,-3.251147499364985e-11,-8.263066157236191e-17,6.241882011259747e-16,1.3913498536170336e-14,1.8881792721951268e-12,-1.3629082455205814e-12,4.1629538335049194e-13,1.2031187157646173e-14,-1.1900580521029269e-14,-3.1225461327721857e-13,-1.0763062200750776e-12,-9.353243513032794e-13,-4.344935102077822e-11,-2.4878318072296678e-11,4.4436099244649085e-14,-2.679308153119564e-13,-3.2677060131843423e-12,3.224371674052638e-12,-2.677023912874693e-14,-2.4484125063309107e-12,-1.6359506342193224e-12,-1.162243044861011e-16,-2.1438037976773126e-15
6.476207491984751,-7.786849868611038e-15,-7.302636125435432e-13,2.988505443113354e-13,-3.1979727199704655e-14,-9.64064383879304e-15,1.0288014884451968e-14,9.273469459003537e-13,-7.142160011556579e-13,-2.522331972916921e-13,-1.771655877129068e-17,-6.638960214910838e-14,-7.326118032008197e-13,4.68666772057702e-12,7.063878321013197e-16,7.487066522315899e-13,5.322902612508389e-13,-3.8161586456200597e-16,3.540964332866128e-14,3.0111572150443927e-15,7.549274513012557e-15,6.106226635438361e-15,-1.0561621406300412e-14,-2.404230474607656e-15,-2.3918979811345865e-10,-2.4748601628365675e-12,1.428715063066174e-10,-9.552442966491566e-12,4.6804937186988e-13,1.967917293242231e-14,7.306062936212758e-13,-4.6847031462404765e-12,-1.2829653427600305e-12,-1.3734288668523658e-16,-4.779251929610224e-13,-5.298285952765741e-15,1.2512445266079454e-14,2.391911985383737e-10,-1.983598470663613e-14,4.648133729763989e-14,-7.786849868611038e-15,-7.333018932816534e-13,2.9885249830385875e-13,-3.1979710546359284e-14,-1.2266809790162369e-14,1.0288014884451968e-14,9.273514933738624e-13,-7.142156310813164e-13,-2.6782345230458303e-13,3.8405802721778553e-10,-4.3160980567336085e-11,1.8394523237930117e-12,9.266710776500986e-13,4.767342076661407e-12,2.9499297061933207e-10,5.5484750908357805e-14,8.514817616502037e-09,-3.3253696093045924e-11,-1.7555401576885286e-17,1.9653260500499907e-16,1.0149005478613896e-14,1.1784626607891368e-12,-6.130469169344603e-13,2.9320836129424303e-13,1.5356460547621965e-14,-1.2349277156431526e-14,-7.309966321145112e-13,1.6585991839216756e-13,-4.2512814009872574e-13,-4.0810846257954836e-11,-2.1313826437108218e-11,4.568807554505838e-14,-6.838411792386978e-13,-4.8856780658172264e-12,2.2503704326349773e-12,-2.107687668059105e-14,-1.2405022903758743e-12,-2.302084448994416e-12,9.484756007214582e-16,-1.117198420002204e-15
6.763767634659993,-6.050299150572869e-15,-3.117747837677598e-13,1.8097730721441014e-14,-4.5170645002201585e-15,-4.365574568510055e-15,6.789679929397607e-15,6.805674956922303e-13,-8.065068867376309e-13,-2.192488561073939e-13,-1.3442254054248136e-17,-6.520420777385756e-14,9.734760423237652e-14,4.111433415943111e-12,8.929609559498668e-17,7.101235109200725e-13,3.671445863378469e-13,-3.9806414691137684e-16,2.7483429829855625e-14,2.7933082203868404e-15,3.697583260247773e-15,4.884981308350689e-15,-6.9753700531056e-18,1.6491362694659418e-17,-3.1870432095205276e-11,-2.3138584225874683e-12,8.866723849086536e-11,-5.353284990766324e-12,4.106276042706626e-13,1.6928190620102423e-14,-9.927695522029219e-14,-4.109392947454493e-12,-1.078569139864902e-12,1.772176439759893e-15,-4.162819959542186e-13,-3.953011285277516e-15,1.7343983537139836e-15,3.187173081328293e-11,-1.7023419710919068e-14,4.796163466380676e-14,-6.050299150572869e-15,-3.1486327619253035e-13,1.8101905160013607e-14,-4.517045996503081e-15,-7.338485374930314e-15,6.7897021338581e-15,6.805726115999277e-13,-8.065065050984662e-13,-2.357959753377751e-13,3.7250574678182604e-10,-5.0450034905225037e-11,1.851739739322511e-12,6.956020115467254e-13,2.964908318858761e-12,2.9557059642181843e-10,5.162916535267348e-14,8.51467093595555e-09,-3.420759971580386e-11,3.191081658175203e-16,5.168319476093567e-17,6.704138112711977e-15,5.467740926690112e-13,-9.912248799537338e-14,1.8429865041487877e-13,1.265006988049322e-14,-1.0155654095456157e-14,-8.303884868610111e-13,8.956782075279316e-13,-2.319817819322149e-13,-3.190822705316047e-11,-1.3588396541308612e-11,3.751559063402965e-14,-7.915966904192828e-13,-4.8210626231911155e-12,1.0991724326591202e-12,-1.5684597175734394e-14,3.1613571778201285e-14,-3.8187971303689965e-12,1.4195307256048562e-15,1.5788730276892574e-16
7.0640961816455885,-4.972735186588769e-15,1.370305350671212e-14,-1.751373860751452e-13,3.341624107052373e-14,1.0913936421275138e-15,2.8229196757934006e-15,3.061273901039385e-13,-7.685493329708434e-13,3.104408582051595e-14,-1.0455995282403764e-17,-6.082692220280943e-14,4.967571069938657e-13,3.5525749009224228e-12,-7.228014483236697e-17,6.664903968229336e-13,2.807939066447792e-13,1.0076503329563535e-16,1.7927376054926376e-14,1.9154574567297395e-15,-6.292406841057732e-16,3.885780586188048e-15,6.1375392635507884e-15,1.4264045751902723e-15,2.0216484002767364e-10,-1.7619301943410232e-12,9.885716829461295e-12,3.386031104128221e-13,3.4576992432046735e-13,1.522751109234166e-14,-4.986272235216261e-13,-3.550456369877386e-12,-9.488624199632195e-13,2.575437018755554e-15,-3.4598293222635477e-13,-3.03170710107617e-15,-4.5837670776726715e-15,-2.0216365084003627e-10,-1.554312234475219e-14,4.544512914132307e-14,-4.972735186588769e-15,1.0406608907942427e-14,-1.7513232345815292e-13,3.341626049942666e-14,-2.1373125491663814e-15,2.8229196757934006e-15,3.0613136914325876e-13,-7.685489860261481e-13,1.4320751991666233e-14,3.5673147067427633e-10,-5.44547219760716e-11,1.8647263289039982e-12,3.3528976928209887e-13,4.1243157037721783e-13,2.957144606704978e-10,4.885924564240751e-14,8.514825545180226e-09,-3.572786511085724e-11,7.46156608721904e-16,2.239007590443265e-16,4.749759613398297e-15,-1.5998387799716814e-13,3.985364334842719e-13,6.824789622328353e-14,1.0671280525897942e-14,-6.742412184124191e-15,-7.966003678916423e-13,1.5061329498392932e-12,1.7841254399778941e-13,-2.0187386932472388e-11,-2.3834218154661358e-12,2.417976929791621e-14,-7.731426165946686e-13,-3.954912508596919e-12,-1.983426343062896e-13,-1.1986505538130743e-14,7.874124972331398e-13,-5.545638022870965e-12,1.3008282963531773e-15,1.0241232775015653e-15
7.377760082683307,-4.176358333237336e-15,3.9047639196117716e-14,-8.901791896202364e-14,7.188894803518882e-14,4.547473508864641e-15,-7.211564678755166e-16,-1.2313591923884815e-13,-3.955083020349785e-13,4.2103541394074756e-13,-8.36606501069192e-18,-5.255518242819335e-14,4.3528866148413147e-13,2.9465319073551655e-12,3.6938165682040865e-16,6.093649890237529e-13,2.4270708899444397e-13,-3.956420147386973e-17,7.753423899874097e-15,1.5717401540478233e-15,-4.38784183406087e-15,3.3306690738754696e-15,7.287458317140158e-15,1.5828570215521237e-15,2.9340984222441304e-10,-2.362310606426415e-13,-6.772761574469528e-11,5.713195061456828e-12,2.7946637252424873e-13,1.3148661846817955e-14,-4.3708261942026357e-13,-2.9445196281230324e-12,-8.537489773783078e-13,2.1632891486152827e-15,-2.758323285541094e-13,-2.401040249868508e-15,-5.946508641305087e-15,-2.934085161237253e-10,-1.3618735768735254e-14,3.8931820730188825e-14,-4.176358333237336e-15,3.575545785376259e-14,-8.901208659040094e-14,7.188896700149882e-14,1.5631940186722204e-15,-7.211564678755166e-16,-1.2313137176533928e-13,-3.9550795509028327e-13,4.052083113492699e-13,3.4195448582371076e-10,-5.304318619892001e-11,1.8748998797946114e-12,-8.56084625411313e-14,-2.1738522093528445e-12,2.952513685735285e-10,4.678017955644931e-14,8.515134763629574e-09,-3.800781911422746e-11,1.0991150119673184e-15,5.945533417447043e-16,3.989266960750341e-15,-6.402764244721008e-13,8.172527543592878e-13,-1.9124701822192946e-13,-3.823735772456871e-15,-9.085621144322431e-16,-4.1607677303545643e-13,1.7871621081170612e-12,2.0496978928955892e-13,-2.0178655783335367e-12,9.324685379397123e-12,9.571010650688549e-16,-4.15157970223845e-13,-1.030162066761875e-12,-1.318067102491029e-12,-9.458633962872165e-15,8.963713313097224e-13,-7.121932673233762e-12,7.22659417839074e-16,1.2467591340113253e-15
7.705351461530547,-3.2647264521420046e-15,-2.403491331885258e-13,2.3275372740272357e-13,5.985702720516054e-14,4.547473508864641e-15,-1.752109568542437e-15,-3.49230617757712e-13,1.934163593175775e-13,6.51925802230835e-13,-6.739532347207115e-18,-4.367108526655746e-14,6.417630654540539e-14,2.3275825711266407e-12,1.520894714181055e-16,5.467848396278896e-13,2.0169051614023678e-13,3.8930762433632057e-16,1.605217975021457e-15,1.726654994693194e-15,-5.179964984079582e-15,2.7755575615628914e-15,3.705664395540256e-15,7.419033833990121e-16,1.7885386955804712e-10,1.3126500807224604e-12,-9.19764973303755e-11,7.230073075225438e-12,2.371229827478474e-13,1.1225576313408e-14,-6.589410588990925e-14,-2.325316588586146e-12,-7.498221758001695e-13,8.254587159350419e-16,-2.328499150600459e-13,-1.9213553274430306e-15,-2.1060551437955516e-15,-1.7885294441700687e-10,-1.1546319456101628e-14,3.167836363597113e-14,-3.2647264521420046e-15,-2.43679683838612e-13,2.3275973741003023e-13,5.985704663406347e-14,1.5859313862165437e-15,-1.752109568542437e-15,-3.4922493341582594e-13,1.9341669469744952e-13,6.346283498714911e-13,3.374996595084667e-10,-4.708126652985811e-11,1.8755812902782055e-12,-3.131896164632053e-13,-3.1298696967496654e-12,2.9437971440349725e-10,4.487339319569905e-14,8.515404338687979e-09,-4.0846733403062295e-11,1.2122363298357659e-15,9.587932299955545e-16,3.8178459236630025e-15,-5.007373626852996e-13,4.108341518834398e-13,-2.609949737812182e-13,-6.46732112308257e-15,4.570588352237337e-15,1.9457253586097067e-13,8.858910827136413e-13,-6.298705557128415e-13,1.0245760980372627e-11,1.392709236824885e-11,-2.0164137026768003e-14,1.7757948000962643e-13,2.2687693390643915e-12,-1.5459468330803692e-12,-7.548811836038949e-15,4.5007637278877877e-13,-7.529976642217662e-12,-5.539188899228442e-17,8.217074301079356e-16
8.04748873375089,-2.2333523919115806e-15,-5.415737784157197e-13,5.0569717302551e-13,2.1022529319199752e-14,2.0008883439004422e-15,-4.46354064820298e-16,-3.0365413294930477e-13,5.741194903744843e-13,6.247622271378835e-13,-5.446148329789267e-18,-3.724335654690473e-14,-3.0747762060045494e-13,1.8060553053089734e-12,1.0209570457571834e-16,4.895437835969772e-13,1.4556257433974274e-13,-3.4248515430472316e-17,1.3954949244366932e-15,1.610468864209166e-15,-3.3958220602406452e-15,2.3314683517128287e-15,-1.6515483486496171e-15,-5.23073359527031e-16,4.197280795915145e-12,1.9021183698898024e-12,-6.513449821817429e-11,5.222779859065525e-12,2.3071983600117206e-13,9.201045596725818e-15,3.0552288341532983e-13,-1.803691744572955e-12,-6.36576054214978e-13,-6.216318232258864e-16,-2.2832511075619573e-13,-1.5440021494412398e-15,3.2210255140402555e-15,-4.196455405811575e-12,-9.62193288008469e-15,2.768156074732057e-14,-2.2333523919115806e-15,-5.45186177684324e-13,5.057038343636577e-13,2.102254782291683e-14,-9.15179043659009e-16,-4.46354064820298e-16,-3.0364788017323007e-13,5.741198257543564e-13,6.104263169011878e-13,3.4143061687548953e-10,-3.990280674770475e-11,1.8676459490052367e-12,-2.760418738034787e-13,-2.4189302412954324e-12,2.9346633650305214e-10,4.3225297473303836e-14,8.515455875096203e-09,-4.376765616598277e-11,1.0443960511234232e-15,1.1142822775589423e-15,3.666187723775731e-15,8.655757592161232e-14,-2.2079108911536119e-13,-1.8791423232282039e-13,-1.1677325773007397e-15,6.419276221691916e-15,5.945614844904413e-13,-3.1592808230618277e-13,-5.492438504006714e-13,1.0713847586885094e-11,1.1110023478977382e-11,-2.744400262599811e-14,5.734135655188765e-13,3.797396702642786e-12,-1.0103545906891077e-12,-6.059158708625334e-15,-2.3981057594390753e-13,-6.582142238661011e-12,-6.139663430437814e-16,6.618656722227427e-17
8.404817774137397,-1.4366285938649525e-15,-9.15921797665457e-13,7.871166237312839e-13,-3.978944881910529e-14,-2.7284841053187848e-15,2.8880453584179123e-15,-1.4009629012434744e-14,8.101947122455636e-13,3.8223030666510265e-13,-4.555254957734955e-18,-3.3506762179650686e-14,-3.4755396392838737e-13,1.4847845175580687e-12,-4.984318320731972e-17,4.280767484315323e-13,1.24591694985712e-13,-2.9913603264602866e-17,6.268109595360589e-15,1.5798086353314365e-15,7.711450986813178e-16,1.7763568394002505e-15,-7.046046241600318e-15,-1.6678695803673716e-15,-2.578499261457549e-10,1.861799768631363e-12,1.1139245776895883e-11,-9.40169622252697e-14,2.4228681076935974e-13,7.878535786728e-15,3.454215233627964e-13,-1.4825619031044734e-12,-5.53822516396401e-13,-1.7015600432478537e-15,-2.439586000913244e-13,-1.283041462787557e-15,8.795877365263774e-15,2.578509295228239e-10,-8.289665250534503e-15,2.5017025488220195e-14,-1.4366285938649525e-15,-9.193485084324493e-13,7.871248837905872e-13,-3.978943239705638e-14,-5.752553988713771e-15,2.8880897673388972e-15,-1.4002239367982838e-14,8.10195041843024e-13,3.6727669794345274e-13,3.5341751451293625e-10,-3.1487434171140196e-11,1.8510419863559948e-12,-1.2454393072403035e-15,-1.6626107897839877e-13,2.9232657638214395e-10,4.252945651900264e-14,8.515182335698704e-09,-4.6764370154050994e-11,5.60662627435704e-16,9.128577523516886e-16,3.185698232988088e-15,9.844393744629088e-13,-1.0792653881708248e-12,-8.983162362123191e-14,-1.007711136757905e-14,6.204176061785915e-15,8.471326395920187e-13,-1.6553775826951463e-12,-1.184722956774446e-12,2.1752687947203715e-12,1.7158527043648065e-12,-2.5213964249815036e-14,8.337251600210039e-13,4.161660460688665e-12,2.373295358687079e-13,-5.034086212121758e-15,-8.786518195576043e-13,-4.333570539453528e-12,-8.10446544943777e-16,-7.283120865656892e-16
8.778013135972484,-8.143485885625523e-16,-7.801039222006997e-13,5.757832433062049e-13,-7.1780662432482e-14,-5.2750692702829834e-15,6.016032116917814e-15,3.90961076845997e-13,3.623684280880853e-13,-7.566995918750763e-14,-3.752973584527257e-18,-3.4640114850622204e-14,9.788917643951075e-14,1.4209466936421222e-12,-8.64350065287055e-17,4.050482942879402e-13,8.06453669276329e-14,-2.1442913960483598e-16,1.4700380740409842e-14,1.3942335658083362e-15,4.4806293688224205e-15,1.5543122344752192e-15,-7.100843538917235e-15,-1.6334275092650454e-15,-2.8757448773038185e-10,1.6386766961956375e-13,8.236520119544321e-11,-4.9352246743179814e-12,2.6769284463520056e-13,6.636654478290686e-15,-1.0022470658277708e-13,-1.418795636531911e-12,-4.865537949390782e-13,-1.3059383484099339e-15,-2.727211221711482e-13,-1.0526518892661763e-15,8.795877365263774e-15,2.8757511264066165e-10,-7.549516567451064e-15,2.7237471537470508e-14,-8.143485885625523e-16,-7.832899958278479e-13,5.757901118859839e-13,-7.178064520089549e-14,-8.50945980346296e-15,6.0160765258387985e-15,3.909667611878831e-13,3.6236874612072254e-13,-8.68984291931459e-14,3.6079824591676394e-10,-2.918823156505823e-11,1.8367344978287294e-12,3.9462690892833054e-13,2.1786987029296747e-12,2.9200084211054693e-10,4.186007009771009e-14,8.51467886463374e-09,-4.859993888809792e-11,8.573003418277381e-17,4.195833495460969e-16,2.0193872615759113e-15,1.382172657808193e-12,-1.2058110362052807e-12,1.1308919356523006e-13,9.96466242852989e-15,-8.540723683836404e-16,3.839648243797456e-13,-1.7101089178998367e-12,-6.12347624458683e-13,-1.524240360595286e-11,-8.775168680585921e-12,1.4587442365154858e-15,3.938962933602852e-13,8.958289203035245e-13,1.3373798192914852e-12,-4.1234241498697144e-15,-8.885917029798379e-13,-2.1212661257171326e-12,-2.8753836695908733e-16,-9.086206902616153e-16
9.16777932442606,-6.49572987991102e-16,-3.921741154044867e-13,1.9885894412633812e-13,-5.663994678365795e-14,-4.18367562815547e-15,6.401901231356533e-15,5.994110097162775e-13,-1.8051251465811547e-13,-4.2297566930452984e-13,-3.1689002510960806e-18,-3.7377508495713606e-14,8.189925702387282e-13,1.5040746426109308e-12,1.5058363506743117e-16,4.106283214689989e-13,5.057682667736825e-14,-2.9484988824202527e-16,1.8558625964520287e-14,1.9961422695658702e-15,4.926412959742042e-15,1.4432899320127035e-15,-2.3283142520242626e-15,-4.1927077948471804e-16,-1.9317311505258802e-10,-1.1853479292098984e-12,1.0494011341505534e-10,-6.396349475359991e-12,2.69138716481224e-13,5.341972524053329e-15,-8.213027141847851e-13,-1.5019886376310687e-12,-4.627182125115246e-13,1.474357814014273e-16,-2.755095893027649e-13,-8.96225232699041e-16,3.840453497509535e-15,1.931737678344531e-10,-6.217248937900877e-15,3.138230416273776e-14,-6.49572987991102e-16,-3.954767180402996e-13,1.9886649364290557e-13,-5.663992932077496e-14,-7.634071153006517e-15,6.401990049198503e-15,5.994172624923521e-13,-1.8051218506065503e-13,-4.364267169876257e-13,3.592266390721003e-10,-3.2274692784994844e-11,1.833909379911347e-12,6.050902356946608e-13,3.0638543554080873e-12,2.923011703482781e-10,4.122288448094036e-14,8.514266573367942e-09,-4.945969559836764e-11,-9.367506770274758e-17,-4.871103520542874e-17,7.060136618849041e-16,9.735045362428232e-13,-7.449360831894107e-13,1.3788286068461275e-13,1.1128759025424984e-14,-6.6202543447246854e-15,-1.8479088481626604e-13,-7.259979770135594e-13,-5.711626727133989e-14,-2.2569777987276515e-11,-1.3204044080339373e-11,2.35512942481364e-14,-1.5753911952742782e-13,-2.0268063153731454e-12,1.4715360712903762e-12,-3.4935297927099485e-15,-2.727583375271282e-13,-1.2313113491776069e-12,4.616699094776393e-16,-3.4668014986527495e-16
9.574852126495772,-1.0125233984581427e-15,-3.468206462760766e-14,-8.817936011003742e-14,-2.9353159139433596e-14,-1.6370904631912708e-15,4.6288306521091725e-15,5.885232212676783e-13,-4.587197664542482e-13,-5.878973752260208e-13,-2.9148785995184627e-18,-3.960836288581978e-14,1.4197315410023646e-12,1.5444590051316709e-12,-3.5236570605778894e-17,4.2493979014580755e-13,6.38378239159465e-14,-1.3259141655342812e-16,1.6178759185457958e-14,1.6556523593973992e-15,2.884078634827487e-15,1.4432899320127035e-15,3.803221278385967e-15,1.0039996050421262e-15,-8.68577413411266e-11,-1.6121812551860529e-12,8.991879589037484e-11,-5.289186551930966e-12,2.5013582936205855e-13,4.501011108964947e-15,-1.4224563261695089e-12,-1.5425399672863715e-12,-4.905966643733686e-13,1.5838075729022175e-15,-2.5403451951830035e-13,-8.471108742854477e-16,-2.4777119338771194e-15,8.685826503354421e-11,-5.1810407815840636e-15,3.4046839421838136e-14,-1.0125233984581427e-15,-3.777434661363562e-14,-8.817281719567896e-14,-2.935314185002295e-14,-4.7180037654470655e-15,4.628875061030157e-15,5.88529474043753e-13,-4.587194368567878e-13,-5.971780107453621e-13,3.5300229986508687e-10,-3.774475771933794e-11,1.839896413002862e-12,6.038004585207091e-13,2.7026766010370313e-12,2.9276674108269765e-10,4.066018355342038e-14,8.514131785838739e-09,-4.9954707037613844e-11,4.675658008916154e-17,-2.3850134830046464e-16,-4.165071065820314e-17,4.73786432308998e-13,-2.29056240641512e-13,9.153776625581145e-14,1.1995926474384078e-14,-8.387956995647983e-15,-4.787105822856574e-13,1.6466602387188445e-13,3.39787220582366e-13,-1.970862892145912e-11,-1.222779246745631e-11,3.005773407949164e-14,-4.4710102287126576e-13,-3.1426937441292326e-12,8.548200906811554e-13,-3.28109392953857e-15,4.784064923264808e-13,-1.5907275496829243e-12,9.385858699047696e-16,4.833633493461775e-16
10.0,-1.9061604146960082e-15,2.2482709027826786e-13,-2.608887032333011e-13,-6.399592487882355e-15,2.1827872842550276e-15,2.0667467737212065e-15,4.615958459908143e-13,-5.137291778321377e-13,-6.150609503189723e-13,-3.057400716153866e-18,-4.087702398791748e-14,1.6916007889837446e-12,1.4263590308871699e-12,-7.529181753371558e-18,4.383983531135943e-13,1.323015771011645e-13,-1.0474502452792423e-16,1.0356451957235384e-14,1.5330114438864808e-15,-1.3091110882662185e-16,1.4432899320127035e-15,8.168472129321837e-15,2.0008915159379984e-15,3.923795266417582e-12,-1.4786792804049806e-12,5.866969868848992e-11,-3.088799008254564e-12,2.2844775167170664e-13,3.549967033296871e-15,-1.6943171120851521e-12,-1.4246590018807126e-12,-5.72446700381541e-13,2.4368085596811264e-15,-2.296225225466007e-13,-9.22588286149384e-16,-6.813707818162078e-15,-3.9234429598005076e-12,-4.736951571734001e-15,3.626728547108845e-14,-1.9061604146960082e-15,2.2157422563395813e-13,-2.6088272283194175e-13,-6.3995751406475955e-15,-1.3358203432289884e-15,2.0668355915631763e-15,4.616032356352661e-13,-5.137288569082946e-13,-6.239853670801191e-13,3.459746949374676e-10,-4.385219654068351e-11,1.849141995080572e-12,4.895184702036204e-13,1.7679901986866752e-12,2.9315650682176143e-10,4.0323213518211887e-14,8.514274502046131e-09,-5.0464521450521715e-11,3.7659690181139164e-16,-1.295838436554675e-16,1.173020014455517e-16,4.3503027106576536e-14,1.3841633024943196e-13,5.588946712838568e-14,5.214995102420517e-16,-7.871892027111471e-15,-5.385327739304557e-13,6.498616980192088e-13,3.168376376076291e-13,-1.2540840543806553e-11,-8.673850970808417e-12,2.6266278041475743e-14,-5.109257017466007e-13,-3.055631766131957e-12,-4.740394123748343e-14,-3.5608994052027665e-15,9.969267537199425e-13,-2.6025107994579835e-12,1.0595806639498069e-15,1.1453576802267217e-15
10.444025524245694,-3.0409471237409965e-15,3.4621431647489467e-13,-3.0175823321580236e-13,1.1991419778441722e-14,5.4569682106375695e-15,-7.825295966767953e-16,2.6674342734622767e-13,-3.7875855519083533e-13,-5.25809203584989e-13,-3.484949419540341e-18,-4.14992114746345e-14,1.4627865314695354e-12,1.069422328470182e-12,3.8052484581539856e-16,4.4742855254131797e-13,2.2960028939817475e-13,-2.4117825698835416e-16,2.352296737687398e-15,1.3926198695516136e-15,-3.663090502760328e-15,1.3322676295501878e-15,9.040223254983133e-15,2.176084834578031e-15,5.885189683044421e-11,-8.849713854224973e-13,2.0443637618152045e-11,-4.477125028347829e-13,2.2173477524374059e-13,3.1011434739602883e-15,-1.4657144062143548e-12,-1.0679434767069118e-12,-6.788021148260468e-13,2.4162908785360456e-15,-2.1898503682228525e-13,-1.0836397426085276e-15,-7.557021398325215e-15,-5.885139404171553e-11,-4.144832625267251e-15,3.7451523364021945e-14,-3.0409471237409965e-15,3.4308934952302176e-13,-3.017543844426503e-13,1.1991437067852365e-14,1.8985701899509876e-15,-7.824407788348253e-16,2.667519538590568e-13,-3.7875823137578647e-13,-5.327251528797206e-13,3.3999094739556314e-10,-4.9560912884771826e-11,1.859416443039663e-12,3.0792818961344893e-13,5.587826497806721e-13,2.933537650521832e-10,3.999459183973153e-14,8.51465111426008e-09,-5.123782879460729e-11,8.105900210312692e-16,2.7125292752690675e-16,1.2571063981448028e-15,-2.73659195304532e-13,3.7216333718485354e-13,3.1431005946084647e-15,1.3383888441964586e-14,-5.00375574308265e-15,-3.9863923717575744e-13,7.774042463012017e-13,4.4456101022660733e-13,-2.8924356835583847e-12,-3.813147486653179e-12,1.3237411167210666e-14,-3.8110350430997643e-13,-1.9549142397471777e-12,-1.1061436004881618e-12,-4.1884491751645325e-15,1.1074704523636046e-12,-3.92234393113237e-12,8.209716182335421e-16,1.3755215138207729e-15
10.907766915109553,-4.926660931066825e-15,3.9981387089937924e-13,-2.8472827059052483e-13,2.6156434801647792e-14,8.549250196665526e-15,-3.6175507034386104e-15,3.687375738081755e-14,-1.7042259675229914e-13,-3.5700698693593344e-13,-4.412379910704862e-18,-4.1100225075159834e-14,8.581211622041758e-13,4.533873276812983e-13,2.5960618685625133e-16,4.600775778869822e-13,4.007596723612197e-13,-7.614815083370421e-17,-6.6854749386905e-15,1.9800053069986442e-15,-7.405655546164244e-15,1.7763568394002505e-15,7.251042726705733e-15,1.7178238158750596e-15,1.1344777453812931e-10,-1.594046709093704e-13,-2.2639034468795607e-11,2.5058760866576603e-12,2.318558781659048e-13,2.98209807542138e-15,-8.610151886860493e-13,-4.518239081485742e-13,-8.626635285742997e-13,1.7967100106286365e-15,-2.260336620716496e-13,-1.3974146275894106e-15,-5.946508641305087e-15,-1.1344712365104304e-10,-3.700743415417189e-15,3.759955310063864e-14,-4.926660931066825e-15,3.968589605089316e-13,-2.8472311915569055e-13,2.6156452119970494e-14,4.922640073345974e-15,-3.6175507034386104e-15,3.6883989196212494e-14,-1.7042227582845606e-13,-3.6200541823442714e-13,3.34717333316803e-10,-5.5662530940026044e-11,1.8702237980505743e-12,9.212783425027737e-14,-8.174586933288689e-13,2.93537597329749e-10,4.0161125293425304e-14,8.515214050411456e-09,-5.2035413015498e-11,1.3071141391485241e-15,8.714325557453625e-16,3.4568571963267126e-15,-5.660243644160327e-13,4.334810436527429e-13,-1.98665102886982e-14,-1.7220253001326568e-15,-1.765165791312029e-15,-1.8150799974137043e-13,6.875997225301116e-13,2.7081720569791894e-13,6.7205595163007575e-12,1.9019353203475477e-12,-3.609557097661309e-15,-1.7689345099825005e-13,-5.416497343239494e-13,-2.2166764547946092e-12,-5.4266080561429786e-15,8.880351856509398e-13,-5.483021444282106e-12,3.8868937004184663e-16,1.2543864962947609e-15
11.392099607392687,-8.415536785951379e-15,3.6040243382255235e-13,-1.7925122127356492e-13,4.276186291637026e-14,1.2005330063402653e-14,-6.995515278163111e-15,-2.747844973782776e-13,1.5836948072389666e-13,-4.656612873077393e-14,-6.2449886316487445e-18,-4.112451120382351e-14,-3.371286989410536e-13,-6.629419235792966e-13,8.504963708608512e-16,4.948395088750286e-13,7.125473051101178e-13,2.0742825645695681e-16,-1.7685574654314178e-14,1.6201510417495017e-15,-1.2067422319803778e-14,2.3314683517128287e-15,1.906601147848864e-15,3.6738083152868855e-16,1.686157932410699e-10,9.121934741102727e-13,-7.951390477396678e-11,6.35515601882314e-12,2.6438799470143264e-13,3.285204862775911e-15,3.3455623095716603e-13,6.644749854511911e-13,-1.209723872001393e-12,3.0135767513103675e-16,-2.534019505856651e-13,-1.9902868686905856e-15,-7.433135801631358e-16,-1.6861529063570693e-10,-3.9968028886505635e-15,3.7155463890788574e-14,-8.415536785951379e-15,3.572480977709347e-13,-1.7924666195767712e-13,4.2761880205780907e-14,8.242295734817162e-15,-6.995470869242126e-15,-2.747731286945054e-13,1.5836980164773974e-13,-4.8142586213847e-14,3.298977389931679e-10,-6.333575583994389e-11,1.885098299680976e-12,-2.0264906197553502e-13,-2.6365754024482157e-12,2.939742506272481e-10,4.1195454165976475e-14,8.516082240673087e-09,-5.2618058058821284e-11,1.9659505505013422e-15,1.8185684439823526e-15,7.534595054351871e-15,-7.910354075472507e-13,5.711067766848524e-13,-5.6782040180891616e-14,-1.9309781551513084e-14,3.8122338619217544e-15,1.6193329344105224e-13,4.5023235718348134e-13,3.431371927338963e-13,1.8424664934476217e-11,9.545328794047237e-12,-2.952980082682188e-14,1.479035205420587e-13,1.5925114236573872e-12,-3.6169000611078996e-12,-7.77675179027687e-15,2.327510326448061e-13,-7.666163999905015e-12,-3.8245448474860666e-16,6.784886599312904e-16
11.897937907435857,-8.19710040585638e-15,9.446618302414814e-14,4.42435421632581e-14,3.330284115606504e-14,1.1095835361629725e-14,-7.021982995070175e-15,-3.5410039345151745e-13,3.9523935050726303e-13,1.9208528101444244e-13,-6.17343199412549e-18,-3.981768618525431e-14,-1.6906530376212595e-12,-1.5729084701376905e-12,7.923710877248229e-16,4.93109604075374e-13,6.81861974290617e-13,4.54970706368828e-16,-2.1108421300484696e-14,2.059076423578052e-15,-1.2949307324102685e-14,2.55351295663786e-15,-6.430323332739192e-15,-1.7082397708427438e-15,1.2715072078911753e-10,1.4338121632615362e-12,-8.66704985644857e-11,6.823909144932134e-12,3.3306690738754696e-13,2.7401583606312396e-15,1.6879113283226425e-12,1.5746822248918768e-12,-1.1774050099086805e-12,-1.7290772528807618e-15,-3.2160320917978956e-13,-1.9537899130592923e-15,7.309250204937503e-15,-1.2715032056293283e-10,-3.552713678800501e-15,3.597122599785507e-14,-8.19710040585638e-15,9.134216346258958e-14,4.4248042267251244e-14,3.330285879242038e-14,7.469225238310173e-15,-7.021982995070175e-15,-3.540878878993681e-13,3.952396743223119e-13,1.885742525094732e-13,3.3402272189656893e-10,-6.426125764846802e-11,1.882207811831904e-12,-2.7886642328667223e-13,-2.939778790770712e-12,2.931707589871008e-10,3.972332445617566e-14,8.516510389295261e-09,-5.493324313950628e-11,2.1005419625907964e-15,2.411716659711516e-15,9.452407028394856e-15,-5.421963766849558e-13,3.0035316456178406e-13,-5.1227059631268426e-14,-2.344417160404788e-14,7.22744641912243e-15,4.106557582872483e-13,-7.906576435234846e-14,9.358700481243432e-14,1.8720796409373483e-11,1.1240990716032684e-11,-4.598028624513972e-14,3.888199273660575e-13,2.770470172719364e-12,-3.8771569933921225e-12,-7.680230691871348e-15,-8.178026987439893e-13,-7.867780501176943e-12,-1.0360223963445937e-15,-5.153856219112611e-16
12.42623671911505,-6.1796863922343924e-15,-1.2696546036750078e-13,1.9086613770961472e-13,2.1093468146928438e-14,8.73114913702011e-15,-5.202016595262649e-15,-2.8873273549834266e-13,4.2527949044302015e-13,2.890980492035548e-13,-4.984983006308637e-18,-3.8440315745328725e-14,-2.268375189581692e-12,-1.9283186158958188e-12,1.2046690805394493e-16,4.774970927915827e-13,4.849515850619608e-13,3.1330306746811076e-16,-1.755778144366435e-14,2.64484816476836e-15,-1.1161130159621942e-14,2.220446049250313e-15,-1.0885478953248423e-14,-2.7745942692647458e-15,8.000205346350891e-11,1.3651639063317984e-12,-7.012905500071905e-11,5.674842532957001e-12,3.738611487574946e-13,2.751813533985459e-15,2.2656165561516015e-12,1.9300771918195903e-12,-9.641593079479094e-13,-2.6779813980292735e-15,-3.648760880000631e-13,-1.555054235337014e-15,1.1893017282610173e-14,-8.000165947175775e-11,-3.2566542055671257e-15,3.493501784153826e-14,-6.1796863922343924e-15,-1.304466460775681e-13,1.9086924633408367e-13,2.1093485812195832e-14,5.007905201637186e-15,-5.201927777420678e-15,-2.887207983803819e-13,4.25279814258069e-13,2.903391305153491e-13,3.4019661446412406e-10,-6.270711310207843e-11,1.8690258229980825e-12,-2.1645405468007084e-13,-2.45307774093817e-12,2.918950869126664e-10,3.755698009533237e-14,8.516427138174283e-09,-5.7827520549835754e-11,1.8875410493871905e-15,2.4378531600828996e-15,8.967421712598641e-15,-2.2194420375617103e-13,5.534369999319703e-14,-3.3558840891364145e-14,-1.0101763869840852e-14,7.465209006518591e-15,4.4282302269493814e-13,-3.377087729831511e-13,-5.409522903695082e-13,1.3109335365394752e-11,9.610084816813469e-12,-4.6972559175628705e-14,4.228348160495443e-13,2.727079557544402e-12,-3.3349550511333252e-12,-6.144878442887469e-15,-1.3401469600791497e-12,-7.130888472299072e-12,-1.1712296352680192e-15,-1.2506994861068617e-15
12.977993346475664,-4.128318057775952e-15,-2.716357509295146e-13,2.694497662029486e-13,1.294890655927546e-14,6.002665031701326e-15,-3.0723423805056883e-15,-1.9821982277790084e-13,3.694700564012739e-13,3.3178366720676423e-13,-3.6449857070122004e-18,-3.744574095243536e-14,-2.2339853544286685e-12,-1.937061622214742e-12,3.109552064142454e-16,4.586464310193014e-13,2.8973736989870404e-13,-2.6318335487034895e-17,-1.133943663996794e-14,2.146216021441073e-15,-8.563079186298536e-15,1.887379141862766e-15,-1.147858578424631e-14,-2.8828807457206e-15,4.9102314358364176e-11,1.1187464918220214e-12,-5.177754267522839e-11,4.4044150264002406e-12,3.8160689078976313e-13,2.5987061171942974e-15,2.231091327946795e-12,1.9391259431511543e-12,-7.500004668240894e-13,-2.7588031260418056e-15,-3.748035473714206e-13,-1.1111988065803935e-15,1.2512445266079454e-14,-4.9101933079967694e-11,-3.4046839421838135e-15,3.3898809685221444e-14,-4.128318057775952e-15,-2.749227216251408e-13,2.694536741879953e-13,1.2948924166718742e-14,2.495426087989472e-15,-3.072253562663718e-15,-1.9820788565994007e-13,3.6947038021632277e-13,3.306638518552063e-13,3.452878445386887e-10,-6.119080353528261e-11,1.8538088397690444e-12,-1.2907207747048232e-13,-1.8803536505629383e-12,2.9063263423796706e-10,3.5763059180737855e-14,8.516145670098594e-09,-6.065429640026802e-11,1.6124601653899617e-15,2.201294702075529e-15,7.500999243033787e-15,4.224739077092939e-14,-8.329810915104947e-14,-2.0764998979553676e-14,-2.0324741889510277e-15,6.6616046012768494e-15,3.848299101605335e-13,-3.880636437192386e-13,-3.6437389402029416e-13,7.1100657805800435e-12,7.536073098890483e-12,-4.11333189731522e-14,3.6938729408575456e-13,2.273246220892607e-12,-2.564821740004972e-12,-4.409775496150292e-15,-1.4105101075763632e-12,-6.305770720397656e-12,-1.052394571950573e-15,-1.4493412257380693e-15
13.554249376408261,-2.6066648839417896e-15,-3.7083130640288194e-13,3.16634451991149e-13,8.124511827189984e-15,3.2741809263825416e-15,-1.0273115691461498e-15,-1.216835698869545e-13,2.9936598339164176e-13,3.5700698693593344e-13,-2.5454487088774464e-18,-3.669980985776533e-14,-1.9334127794691748e-12,-1.8236800958248978e-12,9.27595192015376e-17,4.2985965867073063e-13,1.6082814092833865e-13,2.146431758930258e-16,-4.347396712907153e-15,2.2575610631549334e-15,-5.842185585432124e-15,1.4432899320127035e-15,-1.0474450074422659e-14,-2.624943281290719e-15,3.0822887181738795e-11,8.758847290945844e-13,-3.7325439201498754e-11,3.399170396299458e-12,3.7003991602157546e-13,2.5805818708775816e-15,1.9306879943020308e-12,1.8256403333527516e-12,-5.916491255253398e-13,-2.4820352401716633e-15,-3.661024971551723e-13,-7.47493023424764e-16,1.0901932509059326e-14,-3.082236660653796e-11,-3.2566542055671257e-15,3.315866100213801e-14,-2.6066648839417896e-15,-3.7402732762833085e-13,3.166379750988805e-13,8.124529492457382e-15,1.5347723092418165e-16,-1.027178342383195e-15,-1.216699274664279e-13,2.993663072066906e-13,3.5637981454783584e-13,3.491761162877083e-10,-6.019545253366231e-11,1.838867547121481e-12,-5.435822458821349e-14,-1.4190693065074811e-12,2.894565207677874e-10,3.4539428608870715e-14,8.515856273344717e-09,-6.333896370354826e-11,1.3787235242368467e-15,1.9181531363265947e-15,5.979169705646233e-15,1.6752728833798376e-13,-1.7044143874045404e-13,-1.3038435146365639e-14,-1.2352627254408332e-14,5.502567845816486e-15,3.1167246561381033e-13,-3.567050705736522e-13,-3.17580391614077e-13,2.2196521361668904e-12,5.869333108421415e-12,-3.3509905961182085e-14,3.0055488764446637e-13,1.798495681086069e-12,-1.747232849358921e-12,-2.9751727340446288e-15,-1.2804941095586096e-12,-5.653255641391297e-12,-8.753139995228605e-16,-1.3785327046544892e-15
14.156092644919916,-1.6416960383717575e-15,-4.497754465167721e-13,3.5274695756963106e-13,5.227652859207677e-15,7.275957614183426e-16,1.0248246695709895e-15,-6.253117135202047e-14,2.3583559873493107e-13,3.861108173926671e-13,-1.7593139012267835e-18,-3.6274224364992356e-14,-1.5556661649930547e-12,-1.699057561310724e-12,4.433182216385174e-16,3.688744911375016e-13,1.2119934685491293e-13,3.3928002862208345e-16,3.3257446136550413e-15,2.213991264223423e-15,-3.025075345258625e-15,1.3322676295501878e-15,-8.885819941720893e-15,-2.2473432490826026e-15,1.982130246497943e-11,6.742131506031771e-13,-2.6557783266869652e-11,2.6460581294845733e-12,3.5114030546284024e-13,2.1817581017287888e-15,1.5528906074314918e-12,1.7009093786213292e-12,-4.914808914784845e-13,-2.114572863831221e-15,-3.5015917813875286e-13,-4.849941249388673e-16,9.910847735508478e-15,-1.9820753651461957e-11,-3.1086244689504383e-15,3.301063126552132e-14,-1.6416960383717575e-15,-4.5273840972489173e-13,3.5275051028330987e-13,5.2276704377389e-15,-2.0747847884194924e-15,1.0249134874129595e-15,-6.251809736568248e-14,2.358359341148031e-13,3.847011006049191e-13,3.523115689555804e-10,-5.96395693719387e-11,1.823738671191677e-12,4.1927705751731995e-15,-1.071374100547473e-12,2.882911480598925e-10,3.3827324621982235e-14,8.515614448659971e-09,-6.597152453953943e-11,1.1952591694175396e-15,1.6598528107536482e-15,4.720596020561333e-15,2.93045558189912e-13,-2.237046696033455e-13,-8.359498278783424e-15,-1.107712532810723e-14,4.306807688259084e-15,2.453177572192544e-13,-3.0219631773816445e-13,-3.926743374904618e-13,-1.7794567005087931e-12,4.636785888578743e-12,-2.496207684998808e-14,2.3775406532422493e-13,1.3946520790083146e-12,-9.028953295614355e-13,-1.9317772208260475e-15,-1.0970088944365431e-12,-5.1659417484491615e-12,-7.0760237946831945e-16,-1.2141893393491365e-15
14.784659290713032,-1.224853551917704e-15,-5.282345227897167e-13,3.920288094150237e-13,3.4838360784180307e-15,-1.8189894035458565e-15,3.2877256472829685e-15,-1.9356320990482345e-14,1.851600238874281e-13,4.249159246683121e-13,-1.2892812015795846e-18,-3.5990886197249474e-14,-1.180762804604389e-12,-1.6321666240770583e-12,-8.884434468978439e-17,2.2168320420086948e-13,2.260537436250666e-13,8.644085790754048e-17,1.2223411928832038e-14,2.4931607166364343e-15,6.575812246144641e-17,1.1102230246251565e-15,-7.573558129280382e-15,-1.8783480636175045e-15,1.3164318208755317e-11,5.20464149989527e-13,-1.8860985344869404e-11,2.1018428523921246e-12,3.3058826993722104e-13,2.6655110410556127e-15,1.1777841574651508e-12,1.634057472665873e-12,-4.486019002257634e-13,-1.7768466302885912e-15,-3.327828968463638e-13,-3.210390395365359e-16,9.043648558651486e-15,-1.3163806435107716e-11,-3.700743415417189e-15,3.241851231905457e-14,-1.224853551917704e-15,-5.311685905932488e-13,3.9203283582385967e-13,3.483853599125138e-15,-4.519051799434237e-15,3.2878588740459236e-15,-1.9344383872521576e-14,1.851603592673001e-13,4.2962066496935826e-13,3.551521028081576e-10,-5.945039447396994e-11,1.8071546037390362e-12,4.779394657816738e-14,-8.209344315446287e-13,2.870129973480077e-10,3.3602894772277736e-14,8.515416231705261e-09,-6.869053474171476e-11,1.0509417410394425e-15,1.444238247512904e-15,3.83605184654338e-15,3.5584322895706087e-13,-2.553823226965809e-13,-5.5226693588631784e-15,3.3831104584436387e-15,3.0967367559142646e-15,1.9238498794038607e-13,-2.4868781224133645e-13,-6.093008172077438e-13,-5.1615643315017226e-12,3.79932316718623e-12,-1.5474910242119223e-14,1.8751762809188222e-13,1.0827110735744937e-12,2.9950202524771664e-14,-1.2738291324532192e-15,-9.14841899491797e-13,-4.814223094247912e-12,-5.721985385509499e-16,-1.0436045835375089e-15
15.441135899948314,-1.294427528127547e-15,-6.075424607843161e-13,4.341735563665831e-13,2.359286030428898e-15,-4.729372449219227e-15,5.99631455600047e-15,1.4184138308337424e-14,1.4300837713106713e-13,4.811833302179972e-13,-1.1080249741270316e-18,-3.556877015142845e-14,-7.767499380822589e-13,-1.6187051699034782e-12,4.8713805944313985e-16,-1.2035607849853532e-13,5.762365893089181e-13,-1.9566709788693227e-16,2.3244145826365258e-14,1.9186848492431848e-15,3.758903718003233e-15,9.992007221626409e-16,-6.3729249218198155e-15,-1.5345662889297292e-15,8.83409532992049e-12,3.9669053505753554e-13,-1.2974037123712587e-11,1.6786333538766754e-12,3.0714449071955497e-13,3.1688699696682163e-15,7.739236081262771e-13,1.6202078741145431e-12,-4.572393775332313e-13,-1.4672160462210032e-15,-3.1228249960095976e-13,-2.453685041606257e-16,7.433135801631358e-15,-8.833911658618562e-12,-3.848773152033876e-15,3.1530333899354446e-14,-1.294427528127547e-15,-6.106143738785856e-13,4.3417861898357536e-13,2.3593032620154257e-15,-7.423750503221526e-15,5.996492191684411e-15,1.4194938557920977e-14,1.4300871540214496e-13,4.857194350430898e-13,3.578412967423598e-10,-5.948822945356369e-11,1.7878051039588172e-12,8.242409421654884e-14,-6.280576059225496e-13,2.8553738185258037e-10,3.390343561449072e-14,8.51524576512421e-09,-7.169849898976584e-11,9.11400584631868e-16,1.2381299689205131e-15,3.2473271756779573e-15,4.554265335225219e-13,-3.2567880244490274e-13,-3.68128120579551e-15,2.496609585733722e-14,1.3506668006257883e-15,1.4835535466772853e-13,-1.9847738614668191e-13,-5.269915466972937e-13,-8.258211892098188e-12,3.198874765075743e-12,-3.8905767496544284e-15,1.4566303718765995e-13,8.291297278380701e-13,1.1256112321292635e-12,-9.619312724834517e-16,-7.437587940262545e-13,-4.511946372076636e-12,-4.581158947562317e-16,-8.767292447586783e-16
16.126761746240668,-2.0031661514726314e-15,-6.969154734785358e-13,4.846427555567819e-13,1.6236822072042874e-15,-8.36735125631094e-15,9.403056111523256e-15,3.9940459828358146e-14,1.0885780413657138e-13,5.529727786779404e-13,-1.2477854104239912e-18,-3.426888402676317e-14,-2.9028270302394336e-13,-1.6925350010410511e-12,1.981680637487394e-15,-9.131728937831578e-13,1.4454486990050303e-12,8.967849543142423e-18,3.7419655401731624e-14,1.8702739615415064e-15,8.398683880144921e-15,9.992007221626409e-16,-5.0918008588412985e-15,-1.3237853506095432e-15,5.963149624207881e-12,2.986546253318321e-13,-8.468142576892593e-12,1.346333552546001e-12,2.755418632278993e-13,3.6800532239589234e-15,2.8720251109586744e-13,1.6941005889781202e-12,-5.345646764748974e-13,-1.199253450687783e-15,-2.8523695033828876e-13,-2.6577861005766534e-16,6.689822221468223e-15,-5.962837169067963e-12,-3.9968028886505635e-15,3.019806626980426e-14,-2.0031661514726314e-15,-6.99858067794897e-13,4.846384034825253e-13,1.6236993809666996e-15,-1.1033307600882835e-14,9.403233747207195e-15,3.994955477537587e-14,1.088581424076492e-13,5.593108198809204e-13,3.6064302548766137e-10,-5.970359779894352e-11,1.7641127669776325e-12,1.0978055797750131e-13,-4.801255689320291e-13,2.837354124261934e-10,3.494795598746325e-14,8.515067369864972e-09,-7.530095066006955e-11,7.348982533628145e-16,1.0038497810782586e-15,2.9663482318624072e-15,5.071818076629597e-13,-3.2623776273036733e-13,-2.4776384647632692e-15,1.872541011138651e-14,-6.043776590303196e-16,1.1274266853433801e-13,-1.5472500595562857e-13,-6.717224702394257e-13,-1.1211280555774768e-11,2.8339854907244445e-12,1.1295853141746193e-14,1.1177725411926076e-13,6.269116244646729e-13,2.5147842464765175e-12,-1.0264819593278074e-15,-6.43546960575615e-13,-4.1729582752244214e-12,-3.63205559378299e-16,-7.283460582337605e-16
16.84283113011666,-3.397606270401828e-15,-7.592461770400405e-13,5.181346907079387e-13,1.0705611744321607e-15,-1.255102688446641e-14,1.333235744027661e-14,6.30404883850133e-14,7.663254001274063e-14,6.014791627724965e-13,-1.7399291992984743e-18,-3.1127878052927827e-14,4.1308420099162834e-13,-1.7866264023780332e-12,3.18890963982299e-15,-2.464666202609915e-12,3.1460944960315373e-12,1.7120193735080656e-16,5.4008844071054104e-14,1.7508604385440333e-15,1.3861852557279321e-14,8.881784197001252e-16,-4.127679954785708e-15,-1.0390352442194323e-15,3.773990996664918e-12,2.079316985117815e-13,-4.429598771559221e-12,1.0433308215971383e-12,2.2700187982568318e-13,4.791396590828982e-15,-4.1609669639381244e-13,1.7879426238154306e-12,-6.845989824416026e-13,-9.092424081509096e-16,-2.419898906581228e-13,-3.9699756611451253e-16,5.574851851223519e-15,-3.773354962199742e-12,-5.625129991434126e-15,2.5461114698070258e-14,-3.397606270401828e-15,-7.620836110315091e-13,5.181302498158402e-13,1.0705782325463413e-15,-1.5131718100747093e-14,1.333262389380252e-14,6.305810984486015e-14,7.663287539261266e-14,6.088479646374859e-13,3.6275402332345643e-10,-5.990441422909498e-11,1.737981847327319e-12,1.3468593351717572e-13,-3.4746131897615364e-13,2.818656935761642e-10,3.691838501573841e-14,8.51480175914566e-09,-7.982710788686138e-11,4.485994908876024e-16,6.551125382910546e-16,2.8505178541656423e-15,6.294900008659473e-13,-3.8057450524320304e-13,-1.5808206595598525e-15,-1.3232470674751085e-16,-3.80508680120073e-15,7.91943222111513e-14,-1.1111598331262999e-13,-5.675853268864254e-13,-1.3600462504352132e-11,2.485649019945413e-12,3.07636582874693e-14,7.985086369899363e-14,4.386877666684441e-13,4.1550225792297025e-12,-1.524130756498654e-15,-5.014075954938987e-13,-3.5738819311366874e-12,-2.634972679863938e-16,-5.647421188100429e-16
17.590695822349833,-7.830310474095844e-15,-9.860135226820907e-13,6.636110327917776e-13,8.822132839073996e-16,-2.0736479200422765e-14,2.0680523959981655e-14,7.070298124745022e-14,6.442825150702417e-14,8.323695510625839e-13,-3.130898470847911e-18,-2.220446049250313e-14,1.7228765839457457e-12,-2.43458031512489e-12,8.599831398700995e-15,-6.983572670766275e-12,8.130841678956181e-12,5.974050828588835e-18,8.433380882563715e-14,1.0134012492218e-15,2.4122136781585865e-14,1.3322676295501878e-15,-4.30714923197862e-15,-1.0188652717352488e-15,2.9031654416283096e-12,1.7344285799355976e-13,-2.9354157996146478e-12,8.937382046475826e-13,1.3219399735071632e-13,6.8492845943513014e-15,-1.7260413965311864e-12,2.4359789359273964e-12,-1.1559137135118568e-12,-8.436443498008902e-16,-1.57135286694621e-13,-7.738459124797398e-16,5.327080657835807e-15,-2.9026192563524284e-12,-7.549516567451064e-15,1.4654943925052066e-14,-7.830310474095844e-15,-9.890503823347294e-13,6.636142302340886e-13,8.822299950768849e-16,-2.3044322006171568e-14,2.0680968049191507e-14,7.072344487824012e-14,6.4428589778102e-14,8.375404073982888e-13,3.686058335006237e-10,-6.081245373934508e-11,1.6896649412956323e-12,1.446744590793969e-13,-2.979098449410837e-13,2.779783638415697e-10,4.2207556893991693e-14,8.514326038454355e-09,-8.715043501676216e-11,-1.9851018976761263e-16,-5.5973744158184974e-18,3.6434628462404346e-15,8.252421634935559e-13,-5.193835287779317e-13,-1.2344384773636344e-15,1.6092233101616672e-14,-7.865630369252586e-15,6.664137686129834e-14,-9.474096854256153e-14,-7.436331846596052e-13,-1.8727829835067192e-11,2.8343492886051536e-12,5.982627726552892e-14,6.784119932490285e-14,3.6710817256461563e-13,7.220064339678576e-12,-2.9688572563899007e-15,-5.020599305889897e-13,-2.3601861206164663e-12,-2.4039870210231427e-16,-5.2868372295752e-16
18.371767615786375,-1.576118865050565e-14,-1.1861023570721348e-12,7.915379166926565e-13,7.262340034897008e-16,-2.9103830456733704e-14,2.8814106656227523e-14,7.79971287556691e-14,5.116189879158147e-14,1.0322158535321554e-12,-5.4920204578390074e-18,1.0107655453358195e-15,4.300895682956429e-12,-3.237965451319269e-12,1.8823255550699033e-14,-1.5921234238399272e-11,1.790065009801525e-11,-1.3634111557690518e-16,1.1889554333465436e-13,-3.259666438579675e-16,3.657563593081053e-14,2.1094237467877974e-15,-3.987945712421056e-15,-9.343479830972133e-16,2.1708582424622764e-12,1.3686325892942617e-13,-1.410501715567499e-12,7.328706545510872e-13,-7.146737981773101e-14,9.583823173721825e-15,-4.304043571410397e-12,3.2392664939262517e-12,-1.9980207688958312e-12,-6.337966704913575e-16,3.524312624682183e-14,-1.455805690841333e-15,4.831538271060383e-15,-2.170580382316332e-12,-1.0362081563168127e-14,-1.1250259982868252e-14,-1.576118865050565e-14,-1.189099900026728e-12,7.915488116812715e-13,7.262514085485765e-16,-3.16504156216979e-14,2.88144619275954e-14,7.800508683430962e-14,5.1162242845070874e-14,1.0403103563779343e-12,3.737940763433774e-10,-6.16069883108139e-11,1.638301228013006e-12,1.538319338578731e-13,-2.485863367004034e-13,2.73944794497406e-10,5.1577015228176926e-14,8.51325566689892e-09,-9.779673367423432e-11,-1.549131193693635e-15,-1.4019572539917627e-15,4.746333534533242e-15,9.998893342929213e-13,-6.524577618923407e-13,-9.0514077714469e-16,2.4672092147071112e-14,-1.23674182006539e-14,5.3281752343536935e-14,-7.572839924585572e-14,-1.0390370637954524e-12,-2.331338085544606e-11,3.1421222956851126e-12,9.502514330961276e-14,5.5056119663277057e-14,2.9068076649411506e-13,1.0955474253880185e-11,-5.578125309747828e-15,-4.63891552532592e-13,4.7665575190573385e-14,-1.5481901062079177e-16,-4.2383631326803337e-16
19.187520990478333,-2.76674054037566e-14,-1.17652234621346e-12,7.804926482890551e-13,4.754679289176167e-16,-3.5288394428789617e-14,3.496873901553954e-14,9.089717423194088e-14,2.881581836570538e-14,1.0186340659856797e-12,-9.238482476584247e-18,4.3384277651862625e-14,8.66583227940648e-12,-3.7451985956948874e-12,3.35041058843281e-14,-2.8971631228317623e-11,3.218844943672947e-11,2.0931394324911003e-16,1.4588297251449122e-13,-2.2398104043309844e-15,4.82511317722628e-14,3.1086244689504383e-15,-3.0665768325175076e-15,-7.500469861601988e-16,1.139711417261213e-12,7.584374826795983e-14,1.2079642842763902e-12,5.05063737582209e-13,-4.154816026108842e-13,1.102084280317032e-14,-8.668810926545718e-12,3.7465430063887695e-12,-3.249927333421394e-12,-1.437321408197126e-16,3.695235332194242e-13,-2.638765128713111e-15,4.459881480978815e-15,-1.1391165789549379e-12,-1.199040866595169e-14,-5.551115123125783e-14,-2.76674054037566e-14,-1.179330884800341e-12,7.805066222961917e-13,4.754855652729558e-16,-3.779518920055125e-14,3.496900546906545e-14,9.089717423194088e-14,2.881616820160637e-14,1.0270317337320496e-12,3.739182526866595e-10,-6.160989869385957e-11,1.6092315036075888e-12,1.6743456399126443e-13,-1.6852889454336643e-13,2.72940946330024e-10,6.475896208169019e-14,8.511241782639066e-09,-1.1029044344468275e-10,-3.989863994746656e-15,-3.936712067442727e-15,5.620665969689279e-15,9.509306231336724e-13,-5.345643927512356e-13,-5.4133364457698e-16,1.118329040483701e-14,-1.7459983459033878e-14,3.0914115711766496e-14,-4.3165962702410947e-14,-1.0095694354580095e-12,-2.3747998056933284e-11,2.8554495656862856e-12,1.328828602709109e-13,3.3761153872546855e-14,1.6297983795876547e-13,1.4454897227498678e-11,-1.0119712685018045e-14,-3.7860793348356224e-13,5.12538160061619e-12,6.938893903907228e-17,-2.0547582732510784e-16
20.03949589715557,-6.577779987360088e-14,-1.6534613678231836e-12,1.0921670678953888e-12,5.388222275766926e-16,-5.5661075748503206e-14,5.403233416245712e-14,8.543338481104002e-14,2.7640901720249467e-14,1.5114589283863703e-12,-1.8728004342910987e-17,1.7466583734915275e-13,2.149012675129309e-11,-6.014216902272551e-12,7.640493176413404e-14,-6.65189113282135e-11,7.371464549876805e-11,1.257747671725984e-16,2.253169434208028e-13,-9.12706602802309e-15,8.404412501856287e-14,6.106226635438361e-15,-3.355345810650952e-15,-7.638200339127536e-16,1.0682820452340013e-12,7.247715415476239e-14,1.2912387133038377e-12,3.6275099872752784e-13,-1.445562016342169e-12,1.7498137632141846e-14,-2.149319001908969e-11,6.0153791670014556e-12,-7.271160911025297e-12,4.1498656027888974e-16,1.3709059727211541e-12,-5.574655862795874e-15,4.7076526743665275e-15,-1.0673897877745885e-12,-1.805962786723588e-14,-1.9273471707492718e-13,-6.577779987360088e-14,-1.6563352763417545e-12,1.0921751207130607e-12,5.388394013391048e-16,-5.807123670820147e-14,5.403251179814106e-14,8.542883733753115e-14,2.764124866494466e-14,1.5234680480110303e-12,3.855753069122632e-10,-6.276823114603757e-11,1.517076952950447e-12,1.589057774253888e-13,-1.8148741768679126e-13,2.6809851496457055e-10,1.0648166376414636e-13,8.505354739084173e-09,-1.3635788794393497e-10,-1.1317752290906924e-14,-1.1373309701430874e-14,9.559581135946497e-15,1.4144120541459415e-12,-6.257905009003176e-13,-5.058268618777599e-16,3.274676640963037e-14,-2.5356822197508676e-14,3.231235723433201e-14,-4.151126202038095e-14,-1.5182801386496673e-12,-3.378202867073317e-11,4.119101504329592e-12,2.165577939194918e-13,3.493475730920181e-14,1.560244063577206e-13,2.517056330805983e-11,-2.125052521104176e-14,-4.0281982478741776e-13,1.9729995415218582e-11,3.1974278548914843e-16,4.808653475407709e-17
20.929300664290967,-1.0535928611036619e-13,-1.3379273392880957e-12,8.82938581507157e-13,3.5783135713766494e-16,-5.602487362921238e-14,5.510880640713367e-14,9.419068192073609e-14,1.1172923119103414e-14,1.1893765379985174e-12,-3.2167205549245063e-17,3.3350868363276237e-13,3.581714870492538e-11,-5.781070067101268e-12,1.0628117671241759e-13,-9.142955971794572e-11,1.0262284849065711e-10,-1.92147691072267e-16,2.318751453383034e-13,-1.7077747484895396e-14,9.915679388683429e-14,1.0436096431476471e-14,-4.26900208626814e-16,-2.0929890847692466e-17,4.821247598140985e-13,2.8037195032094033e-14,3.167025739198315e-12,1.726751572503773e-13,-2.6147559569729966e-12,1.7332670310584348e-14,-3.582031351751082e-11,5.782258352682312e-12,-1.12983310978581e-11,2.2611931398814443e-15,2.5330641976726713e-12,-1.0080803379552972e-14,1.6105127570201277e-15,-4.81182871373932e-13,-1.805962786723588e-14,-3.5127456499139953e-13,-1.0535928611036619e-13,-1.3408206693081108e-12,8.829488251649309e-13,3.5784893566888816e-16,-5.844071893079672e-14,5.510907286065958e-14,9.418158697371837e-14,1.1173258498975435e-14,1.200015731228632e-12,3.777211531996727e-10,-6.10511051490903e-11,1.584339770488441e-12,1.6211174624913838e-13,-1.4188058135763034e-13,2.8327355964794933e-10,1.3979117342854952e-13,8.497885924230694e-09,-1.3965954318943355e-10,-1.992177256493477e-14,-2.0347381187354094e-14,1.1232666995616055e-14,1.1377007484251559e-12,-5.980034245567367e-13,-2.723821168615359e-16,3.50063061871353e-14,-2.7561949944576725e-14,1.8379076038854693e-14,-1.6587327576293256e-14,-1.2163582141511142e-12,-2.7651064253101745e-11,3.21779225487262e-12,2.4738540105317953e-13,2.1805348637826684e-14,6.313618609402975e-14,2.970750260776058e-11,-3.855653318320107e-14,-2.7403881131170612e-14,3.7684522169456613e-11,1.165985710760431e-15,8.698958798662263e-16
21.858615034246718,-1.6095976403581365e-13,-1.0910298442468047e-12,7.208917907064461e-13,3.0032874335598574e-16,-5.493347998708487e-14,5.48246781306716e-14,9.964878699975088e-14,5.904703809234135e-15,9.313225746154785e-13,-4.9521975372939746e-17,5.500021734346679e-13,5.4779757965523054e-11,-5.02473063157538e-12,1.280076847472167e-13,-1.0649499222285345e-10,1.232248870842846e-10,2.434486672352283e-16,2.304512133900586e-13,-2.7445745934338173e-14,1.1737663489742512e-13,1.6209256159527285e-14,2.9635152673968254e-15,7.994946094255474e-16,3.6309304281050156e-13,1.3711490542158845e-14,3.7068230433300104e-12,5.90380357694092e-14,-4.185695717677486e-12,1.678344963007561e-14,-5.4782973550502916e-11,5.025905906730355e-12,-1.6855667132115788e-11,4.358442610969809e-15,4.096645503446505e-12,-1.5971727792326446e-14,-2.1060551437955516e-15,-3.6238928528291703e-13,-1.746750892076913e-14,-5.676940399249967e-13,-1.6095976403581365e-13,-1.094093230828245e-12,7.208880603570833e-13,3.0034637971132483e-16,-5.752553988713771e-14,5.482494458419751e-14,9.964651326299644e-14,5.905033406694571e-15,9.436651756307886e-13,3.710777188340823e-10,-5.899928510189057e-11,1.7196782664541388e-12,1.5814066500752232e-13,-1.5260089488341085e-13,3.125429630863648e-10,1.7521791309538237e-13,8.487519177499352e-09,-1.1482133762304632e-10,-3.165197270948994e-14,-3.2503374991499353e-14,1.4269019993351507e-14,8.823176041635368e-13,-5.136769232194638e-13,-2.0056734051365767e-16,4.408795550858713e-15,-2.3979676577745578e-14,1.7157688603219868e-14,-8.364102234888667e-15,-1.097032509278506e-12,-2.258602762594819e-11,2.5420376914553344e-12,2.6831656896320055e-13,2.0944739276274048e-14,3.3688769366750176e-14,3.5186324138585195e-11,-6.10072973042386e-14,3.687009571729505e-13,6.188116685734713e-11,2.041941557969403e-15,1.8909107497392756e-15
22.829193334233338,-2.1271956418544845e-13,-6.800595050056776e-13,4.515346319067248e-13,2.2765828574152397e-16,-4.747562343254686e-14,4.844986634111592e-14,1.1337988325976766e-13,2.373130627194205e-15,4.94765117764473e-13,-7.16047595825698e-17,7.46280352329857e-13,7.106700052287767e-11,-2.8421709430404007e-12,1.1682519342347418e-13,-9.047773140270622e-11,1.1207578075477108e-10,5.675483753164576e-17,2.031714377337555e-13,-3.6698680270385624e-14,1.2579367457249026e-13,2.375877272697835e-14,6.341514962794774e-15,1.6196090932519825e-15,3.374681762671987e-13,4.235334922554798e-15,4.030657613632914e-12,-6.924762090246493e-15,-5.563301757256552e-12,1.303838041583997e-14,-7.106999609414838e-11,2.8433071869171656e-12,-2.1712724211179573e-11,6.786928139292466e-15,5.474767925827723e-12,-2.3483791950981714e-14,-5.574851851223519e-15,-3.362271572607652e-13,-1.3322676295501878e-14,-7.599846677900738e-13,-2.1271956418544845e-13,-6.831489448207625e-13,4.5153682274682675e-13,2.276754016798203e-16,-5.014726411900483e-14,4.845013279464183e-14,1.1338443073327653e-13,2.3734660070662273e-15,5.089911307247045e-13,3.6011915653944015e-10,-5.635665729641914e-11,1.9699655240401625e-12,1.616285771888215e-13,-1.6920687073707085e-13,3.615852836785137e-10,1.7889986367314314e-13,8.477124680394351e-09,-3.783403220343947e-11,-4.254876543689316e-14,-4.391142542174246e-14,1.6903249633326566e-14,5.289492695699968e-13,-3.298753862660912e-13,-1.2030561732008967e-16,1.8794929501630973e-14,-1.6062268182182038e-14,1.727748610846902e-14,-2.545261455303797e-15,-6.602931534871459e-13,-1.4089891919866205e-11,1.262560545001179e-12,2.675726307188597e-13,2.1710349074055558e-14,1.4291484662365405e-14,3.772083420810389e-11,-8.999138240151083e-14,7.769523910904144e-13,8.35183773991351e-11,3.0214546142826038e-15,3.1102796842670995e-15
23.842867788067263,-5.133286388551521e-13,-9.533929793785016e-13,6.304557468676345e-13,4.450948868732022e-16,-8.312781574204564e-14,8.330136580525505e-14,1.501962287875358e-13,3.544707929958868e-15,7.528190811475118e-13,-1.4987365675678122e-16,1.8719586066436498e-12,1.6943397904213258e-10,1.4779844015322396e-13,5.005445204731933e-14,4.4967116450165024e-12,4.7880835099236823e-11,-4.448351398610045e-16,3.448453839316741e-13,-9.008136613902633e-14,2.6299698852813776e-13,5.007105841059456e-14,3.0052404565860364e-14,7.46205806770521e-15,8.273825551837361e-13,6.212956836231187e-15,3.5899384163410906e-12,-4.858874733322956e-13,-1.360709994292678e-11,2.0837444183324783e-14,-1.6943700846166624e-10,-1.465017343549313e-13,-5.2425694958064324e-11,1.904838705034032e-14,1.3434860459269234e-11,-4.9952243405017305e-14,-2.9113115223056154e-14,-8.266731744415835e-13,-2.102022259956963e-14,-1.893596390800667e-12,-5.133286388551521e-13,-9.566562653162692e-13,6.304375096040834e-13,4.451119449873827e-16,-8.58904058986809e-14,8.330163225878095e-14,1.5020532373455354e-13,3.5450404186250967e-15,7.667646665746967e-13,3.6347191780805586e-10,-4.967441782355309e-11,2.4836026568664238e-12,1.2960299500264226e-13,-3.2645885994497803e-13,5.259784339339307e-10,4.055935275137923e-13,8.425445555962316e-09,2.4345088907769724e-10,-1.0198587345004265e-13,-1.0579023768109152e-13,4.048893165187195e-14,7.316878510484533e-13,-1.0424964595282897e-13,-1.1513567876875186e-16,1.959251649807925e-14,-2.861155756761491e-15,4.0334811046705e-14,-1.889096518103983e-15,-7.51030408234025e-13,-1.957717662056287e-11,6.508344085887075e-13,5.026251415074512e-13,4.617447757482296e-14,2.3234307996074694e-14,7.916230978226787e-11,-1.8975966631362695e-13,3.695538320776897e-12,2.0553632869753832e-10,8.551682221154729e-15,8.662110380826723e-15
24.901551974978997,-1.0393535106641613e-12,-9.869836503639817e-13,6.527573740792529e-13,7.478654269939729e-16,-1.5534169506281615e-13,1.5505499106893695e-13,2.716137714742217e-13,5.543369582805546e-15,6.946114202340444e-13,-3.870576344784833e-16,3.7252238331101734e-12,3.303247919097746e-10,7.667755319573644e-12,-2.021753954451539e-13,2.9914298276133444e-10,-1.951187668226674e-10,-1.6050012294131635e-16,6.24308848233919e-13,-1.7738717471648978e-13,5.08596717712549e-13,1.291189377639057e-13,5.2464536975363327e-14,1.321426957200802e-14,1.7619989564756882e-12,1.0421436325080717e-14,3.3918447914843664e-12,-1.3180130511769157e-12,-2.6932151599318554e-11,2.6035055188111667e-14,-3.303279059499656e-10,-7.666389224836312e-12,-1.0382025100730274e-10,4.069489557933418e-14,2.660148587196101e-11,-1.2908492769700755e-13,-5.1660293821337944e-14,-1.7608739468306716e-12,-2.6349293117770383e-14,-3.752109734023179e-12,-1.0393535106641613e-12,-9.903184642704824e-13,6.527443474624306e-13,7.478831211734279e-16,-1.5809860087756533e-13,1.5505525752246284e-13,2.7162059268448504e-13,5.543713636294948e-15,7.114446513393583e-13,3.5700698693593346e-10,-3.8644066080451014e-11,3.910236046067439e-12,1.1837528290925547e-13,-6.013856079789548e-13,9.242888625014403e-10,6.512030498173615e-13,8.334012039093609e-09,1.0497132052478264e-09,-2.032895379810995e-13,-2.1160721323335943e-13,8.660228205855288e-14,7.318930424678646e-13,-3.6952722363518355e-13,-3.631780061870889e-16,1.3781392693701378e-15,1.1283199374823028e-14,7.831381765299738e-14,-1.7748129355066311e-15,-9.037952016418179e-13,-1.9953586161136627e-11,-2.65808921540156e-12,1.0336243860820104e-12,8.887013791536447e-14,3.74327883504814e-14,1.5285963709280878e-10,-4.928843791440762e-13,6.3940279379496066e-12,4.0870329343078993e-10,1.7397527284542432e-14,1.940887843961588e-14
26.007244442001138,-1.3952060802976025e-12,-6.541085895150899e-13,4.3479738328263316e-13,7.925157058386034e-16,-2.115484676323831e-13,2.116752106928743e-13,4.734135927719762e-13,6.8551963873971405e-15,1.3969838619232177e-13,-5.824129723893605e-16,4.734719560861578e-12,4.1401123721719034e-10,1.3792578190674476e-11,-5.573515944678414e-13,6.723749161607895e-10,-5.38273592365357e-10,-1.9973920600274588e-16,8.51845266683647e-13,-2.2388099126518164e-13,6.614924209166955e-13,1.9340085088970227e-13,4.621877928774745e-14,1.1809672007368595e-14,2.3663494191680976e-12,1.5117546312025547e-14,2.9493418127364867e-12,-1.8371926499430886e-12,-3.403355117106278e-11,2.00587882530819e-14,-4.140143343332499e-10,-1.3791320516154393e-11,-1.3354084427769702e-10,5.310799242726425e-14,3.359612329936047e-11,-1.93199670400334e-13,-4.534212838995129e-14,-2.365356799553023e-12,-2.0132044179869506e-14,-4.7553072590744705e-12,-1.3952060802976025e-12,-6.572742942504799e-13,4.347812184353946e-13,7.925321857116252e-16,-2.1423147700261325e-13,2.1167538832855825e-13,4.734101821668446e-13,6.8555548969155095e-15,1.5770638128742576e-13,3.400336330135663e-10,-3.5756966099143026e-11,6.239622507564491e-12,2.1416781237348914e-13,-7.979306104743955e-13,1.4431106439037968e-09,3.1517757154153614e-13,8.263518161320484e-09,2.264646544366163e-09,-2.687158366191748e-13,-2.7958764932852395e-13,1.2637953183958216e-13,3.988812687557205e-13,-2.5049023596087256e-13,-3.1704823951391364e-16,-1.604982535763355e-14,1.1595907567496511e-14,9.861381045084272e-14,-2.0834144594713185e-15,-7.045249124833693e-13,-1.280131982639432e-11,-6.934351404197514e-12,1.4819931948295562e-12,1.1705679980877903e-13,4.62425005694674e-14,1.9842845712800714e-10,-7.42212823319488e-13,5.6400621321832475e-12,5.176105470165263e-10,2.2614443593212593e-14,2.542707219545711e-14
27.162032476755684,-1.53508881532242e-12,-4.5438355300575494e-13,3.0394833316904623e-13,7.138643264477847e-16,-2.4247128749266267e-13,2.430120105145761e-13,6.863717771921074e-13,6.633539204048411e-15,-3.5700698693593344e-13,-6.748224669897917e-16,4.8942771132172896e-12,4.200071185154251e-10,1.3773843177133926e-11,-7.376071324907696e-13,8.513856961255161e-10,-7.120734557553021e-10,-7.938307903748429e-19,9.843201824726175e-13,-2.275811967818466e-13,7.039471557348107e-13,2.227107387398064e-13,2.4476418508124145e-14,6.7516364764103784e-15,2.4414430489492345e-12,1.591428552615149e-14,3.0962377803632582e-12,-1.9985928740465264e-12,-3.4609421272021833e-11,1.3718663068966e-14,-4.200101479349588e-10,-1.3772555144953014e-11,-1.3857115686392402e-10,5.4087436028621313e-14,3.413316141359775e-11,-2.2250641406413793e-13,-2.316660658175107e-14,-2.440964097760581e-12,-1.3914795241968628e-14,-4.908518036472742e-12,-1.53508881532242e-12,-4.575412049234728e-13,3.0393956980863853e-13,7.138801124314161e-16,-2.4510313778591806e-13,2.430120993324181e-13,6.863660928502214e-13,6.633891931155193e-15,-3.380099163526514e-13,3.2642080138127007e-10,-4.235189408063889e-11,8.95782932275324e-12,3.719242158695124e-13,-8.949048909319876e-13,1.943823500094072e-09,-4.944603754220012e-13,8.220362365940985e-09,3.495046030366211e-09,-2.9437297507003044e-13,-3.0542670244789366e-13,1.4501584539676019e-13,1.924926440466379e-13,-1.4067680353946344e-13,-3.0500417006843843e-16,-7.468264895393873e-15,-1.3349751859514925e-14,9.98228699700121e-14,-2.3506081340644395e-15,-4.592645079052697e-13,-8.560649196927747e-12,-8.899223757907749e-12,1.7061104529147996e-12,1.266005256184144e-13,4.419358397752167e-14,2.1131313753072434e-10,-8.586428009577096e-13,3.0193610554595895e-12,5.302724185677713e-10,2.2925320496136604e-14,2.5997835250331687e-14
28.368096047762684,-1.6074173473749435e-12,-3.5797711461782456e-13,2.4071085865292235e-13,7.099239598962192e-16,-2.5174813345074653e-13,2.5284796478786123e-13,9.210032203554873e-13,6.777975171864033e-15,-8.129669974247615e-13,-6.858382892875115e-16,4.695933456903371e-12,3.9970723208236125e-10,1.1796258414520366e-11,-8.689990338524917e-13,9.74987634994657e-10,-8.391620731629246e-10,-2.1138115448820902e-17,1.0286486474878251e-12,-2.1637891736767822e-13,6.940931195431341e-13,2.2615243011614439e-13,2.8141024627904657e-14,7.51051893130451e-15,2.4877122030977863e-12,1.648446878703069e-14,3.022101319496658e-12,-1.967697781643888e-12,-3.2930764058788597e-11,9.510982857767006e-15,-3.9970999071579135e-10,-1.179520023320002e-11,-1.3495302483537389e-10,5.516666659871659e-14,3.2453239062499244e-11,-2.2590617392145504e-13,-2.6883174482566746e-14,-2.4876553597331298e-12,-9.62193288008469e-15,-4.706309416254347e-12,-1.6074173473749435e-12,-3.609803419143039e-13,2.406980688836787e-13,7.099384159251858e-16,-2.5476651899225547e-13,2.528482312413871e-13,9.209918516717152e-13,6.778339463793988e-15,-7.934659151942469e-13,3.143989791472753e-10,-5.4249539971351626e-11,1.2123052783863385e-11,5.701963345927652e-13,-9.674157771163058e-13,2.483804583197377e-09,-1.5580518646085562e-12,8.182705108885147e-09,4.839866581581494e-09,-3.0724612668879086e-13,-3.185957747620094e-13,1.5494816078357825e-13,9.960089049817118e-14,-8.084389454173409e-14,-2.6612045900265e-16,1.4599815800764303e-14,-2.2084201134475733e-14,9.554767643749073e-14,-1.7672900180324783e-15,-2.457757849091043e-13,-6.414241700743636e-12,-9.935683920048178e-12,1.776826508148588e-12,1.314451480993739e-13,4.556808634130031e-14,2.0829859800832586e-10,-8.713363418375725e-13,3.4216814664353352e-12,5.052953611084376e-10,2.3257550399446992e-14,2.6650475807669474e-14
29.627711919708684,-1.6017360586021805e-12,-3.0874313476185006e-13,2.0835173586419842e-13,6.252426238787893e-16,-2.4519977159798146e-13,2.4613600047018737e-13,1.1583597370190546e-12,6.219356626924189e-15,-1.2631062418222428e-12,-6.521038257345697e-16,4.169072494638233e-12,3.5148956915763177e-10,6.5952798777857424e-12,-8.778919010050339e-13,9.704303140388604e-10,-8.473885173801124e-10,-4.4530385223893915e-17,1.0076524137141931e-12,-1.9025801606010933e-13,6.370679177990063e-13,2.1405099914773018e-13,1.7578900390050282e-14,4.7403783129463e-15,2.303416357621988e-12,1.5737849528838334e-14,3.0384057078932382e-12,-1.7768229291563245e-12,-2.8948523165158698e-11,6.123176329401551e-15,-3.514926324254284e-10,-6.594325779873955e-12,-1.221602150069328e-10,5.0266536072819834e-14,2.850130983935562e-11,-2.139236121687267e-13,-1.5857356376813564e-14,-2.3030183318255986e-12,-5.921189464667502e-15,-4.175918869956756e-12,-1.6017360586021805e-12,-3.1158341092426175e-13,2.0834249880863354e-13,6.252563281942496e-16,-2.4789983399386986e-13,2.4613600047018737e-13,1.158356326413923e-12,6.21973537488311e-15,-1.2438855871247748e-12,3.0328519642353057e-10,-7.046037353575229e-11,1.5552063814538998e-11,7.974290383572225e-13,-1.0066999086196423e-12,3.0235014492063783e-09,-2.82196184822614e-12,8.153670289359202e-09,6.184085539947167e-09,-3.067277681845226e-13,-3.170521021648535e-13,1.5653937058638748e-13,3.630962197576082e-14,-5.310335874734543e-14,-1.9458508878263576e-16,3.9614256319708827e-14,-3.411340654402295e-14,8.42116776311741e-14,-1.6163632932109095e-15,-1.9417711882852017e-13,-5.314601973320047e-12,-9.72122506937012e-12,1.7179800693156721e-12,1.2930158277413283e-13,4.153989652255774e-14,1.911269075821491e-10,-8.26366698594011e-13,2.0984671509980528e-12,4.4531104729609677e-10,2.126517278239204e-14,2.4209591218312307e-14
30.943257951443588,-1.5590379912981216e-12,-2.7939677238464353e-13,1.8915216060122474e-13,5.69457444162443e-16,-2.23008100874722e-13,2.2427180113027134e-13,1.3977705748402513e-12,5.855041567322713e-15,-1.7248870184024176e-12,-5.876300777162563e-16,3.479011060717833e-12,2.9110521581352844e-10,5.009881398621019e-13,-8.195118303584714e-13,8.969805897269318e-10,-7.912520947092914e-10,1.958106918524267e-16,9.242941335223631e-13,-1.5694809792884117e-13,5.496979647953382e-13,1.9195756095768957e-13,1.4229588558046892e-14,3.9729212568161555e-15,2.072052739285165e-12,1.4514273183898118e-14,3.0908864359950906e-12,-1.4771938002514282e-12,-2.392938560480912e-11,4.178171842071181e-15,-2.9110832985371946e-10,-4.999950106721052e-13,-1.049053109041736e-10,4.473266848147401e-14,2.353587609042977e-11,-1.9190733529204917e-13,-1.2388559669385598e-14,-2.071439686653441e-12,-4.144832625267251e-15,-3.4840278810103578e-12,-1.5590379912981216e-12,-2.8243363203728224e-13,1.8914618019986543e-13,5.694697606991225e-16,-2.2583890313399024e-13,2.2427180113027134e-13,1.3977751223137602e-12,5.8554232064874274e-15,-1.7030591455598673e-12,2.923654392361641e-10,-8.902279660105706e-11,1.9176093246642267e-11,1.04586888483027e-12,-1.032989989842766e-12,3.568890919226295e-09,-4.195654674382654e-12,8.127715761309453e-09,7.535907305585473e-09,-3.0008558138394647e-13,-3.093190055943514e-13,1.515746209101998e-13,4.2622002223898413e-14,-5.6223825595225206e-14,-2.253789747423222e-16,3.133935055910086e-14,-4.0380407351214844e-14,7.037826321720785e-14,-1.999875959279862e-15,-2.3007184305849175e-13,-4.653702490031719e-12,-8.771894499659538e-12,1.5523404783834849e-12,1.2466244925235514e-13,3.835152103300506e-14,1.649417553444225e-10,-7.423768360031308e-13,1.7525127508055634e-12,3.680632095400445e-10,1.8611502674662864e-14,2.1871565611860285e-14
32.31721758481953,-1.575283329705949e-12,-2.663000486791134e-13,1.8055826463599564e-13,6.531374399654233e-16,-2.0427251001819968e-13,2.057237935559897e-13,1.7586648937140125e-12,6.832436815392325e-15,-2.351589500904083e-12,-5.415662202296006e-16,2.577553911050264e-12,2.192782540909897e-10,-9.835882108788496e-12,-8.5468063832847e-13,9.136804835095812e-10,-8.246921664086434e-10,-5.935307551106377e-17,8.62466841868947e-13,-1.1657664497815487e-13,4.5321909984653497e-13,1.7574830479816228e-13,3.4761372919781625e-14,8.73684569696611e-15,2.15800663005434e-12,1.622076600059049e-14,2.6663151550422983e-12,-1.1329088337645576e-12,-1.7785256471692858e-11,2.9193227696344692e-15,-2.192813681311807e-10,9.836823196274214e-12,-8.812900737108374e-11,4.5838230933656836e-14,1.744870398039079e-11,-1.7575840820715713e-13,-3.357299670403497e-14,-2.158062617712432e-12,-2.812564995717063e-15,-2.5811945173851805e-12,-1.575283329705949e-12,-2.692360112632741e-13,1.8055394216768642e-13,6.531489469644806e-16,-2.0706920622615143e-13,2.057237935559897e-13,1.758671714924276e-12,6.83280978093966e-15,-2.328401175570131e-12,2.7698309471209844e-10,-1.165142748504877e-10,2.4387497887801147e-11,1.3967883205623366e-12,-1.0941144286865285e-12,4.385677970657166e-09,-6.0995310365019595e-12,8.08540437015702e-09,9.589489498769884e-09,-2.96151691133358e-13,-3.0581366143126824e-13,1.6631201624206505e-13,3.339502008259387e-14,-6.453196495688947e-14,-3.2365591688214103e-16,4.5630454970080333e-14,-4.76389816483902e-14,5.531944680114975e-14,-2.091619701512689e-15,-1.4078977983444929e-13,-4.1009722432742515e-12,-8.276583685074e-12,1.4089764022173768e-12,1.2337878274593095e-13,4.480168550961376e-14,1.3602328565834903e-10,-6.813102328400572e-13,4.264380330833669e-12,2.687041700255577e-10,1.8332403014612956e-14,2.319798722329643e-14
33.752184532845696,-1.5391630562670382e-12,-2.418043247113625e-13,1.6442627999898226e-13,5.247673823260967e-16,-1.6534613678231834e-13,1.6702248473166037e-13,2.1884557099838277e-12,6.523794814546531e-15,-3.1393331785996755e-12,-4.260594430000049e-16,1.2992107389919738e-12,1.1289086197018049e-10,-2.6694202404087264e-11,-7.933312089820128e-13,8.282526863430858e-10,-7.657473420784476e-10,1.9018343399710741e-16,7.107906927359878e-13,-5.957605210194209e-14,3.037714621189405e-13,1.3700152123874432e-13,1.7084174631964e-14,4.4639419402942816e-15,1.7003344187898784e-12,1.565357771268781e-14,2.7622638207311953e-12,-5.954407607600414e-13,-9.091951997476805e-12,1.4874531005052798e-15,-1.1289390831384563e-10,2.669519987008595e-11,-6.170802680566863e-11,3.196375391500906e-14,8.848193495721314e-12,-1.3712811539490916e-13,-1.5237928393344286e-14,-1.6997872555636376e-12,-1.6283271027835629e-15,-1.3011813848606835e-12,-1.5391630562670382e-12,-2.4472844491659393e-13,1.6440733219269532e-13,5.247769233052147e-16,-1.6813146430649796e-13,1.6702266236734432e-13,2.188478447351372e-12,6.5241533240649e-15,-3.116201696684584e-12,2.581548566619555e-10,-1.5136902220547198e-10,3.080945134570356e-11,1.83143129106611e-12,-1.1432366164854103e-12,5.3595709782394955e-09,-8.519371839932344e-12,8.040294155604079e-09,1.2012463912469684e-08,-2.8443557694342775e-13,-2.9135948283650256e-13,1.8020855062824321e-13,3.9231640158732264e-14,-8.056275646595168e-14,-4.556762374837338e-16,5.4943191662992774e-14,-5.822405058086843e-14,3.1178686299426775e-14,-3.8222550124977774e-15,-1.8926584743894637e-13,-3.4965826974560815e-12,-6.896698323544115e-12,1.118515058351477e-12,1.156183770945063e-13,4.052538397451381e-14,9.119495856143553e-11,-5.331219135856075e-13,2.0507924891078503e-12,1.3157386291595685e-10,1.1616405175736884e-14,1.7394628850734654e-14
35.250867676009115,-1.4444205091261134e-12,-1.8820477028687795e-13,1.2901117211564876e-13,4.983783062166106e-16,-9.804352885112167e-14,1.002232963287497e-13,2.7163537197338883e-12,6.505039562565429e-15,-4.156026989221573e-12,-2.625723433010315e-16,-5.280729557336864e-13,-3.437426495206803e-11,-4.701794509287538e-11,-6.573725577196007e-13,6.573379475769168e-10,-6.340357251567575e-10,2.4176076081064285e-16,4.550735304854025e-13,2.2281917912825817e-14,7.62051920274686e-14,8.237854842718662e-14,3.449869069144028e-14,8.321355605857059e-15,1.3610721925878472e-12,1.449637210817367e-14,2.6258201865486804e-12,2.1085012774789e-13,3.2865699825717542e-12,-1.4277135608013283e-16,3.4371184760139955e-11,4.7019050979091315e-11,-2.264012183746574e-11,2.3617319449484233e-14,-3.3849925446617798e-12,-8.236023896299877e-14,-3.3201339913953405e-14,-1.3606810124439753e-12,0.0,5.275779813018744e-13,-1.4444205091261134e-12,-1.9094557046628325e-13,1.2896925009423892e-13,4.983865750651795e-16,-1.0089138413604814e-13,1.0022382923580153e-13,2.7163559934706426e-12,6.505374942437451e-15,-4.134191537256508e-12,2.3415001730124157e-10,-1.947337295860052e-10,3.886973445332842e-11,2.381088961556088e-12,-1.1890547805630073e-12,6.553041520271299e-09,-1.1672648958516163e-11,7.988044166342478e-09,1.4993569645109044e-08,-2.603213015521059e-13,-2.6582143893468433e-13,1.85100048714452e-13,4.2386708957546184e-14,-2.850908250214464e-13,-5.301611002058356e-16,4.924345931023311e-14,-6.737120306077315e-14,-1.687467943156662e-15,-3.629232331325838e-15,-7.294147508218884e-14,-2.16289966677626e-12,-4.506728146225214e-12,6.326658308353217e-13,1.0273993211740162e-13,4.013632019332173e-14,2.368214151913911e-11,-3.2366600719035965e-13,4.173506374233829e-12,-6.582438298134245e-11,6.933435307369488e-15,1.4592385459699653e-14
36.81609617600466,-1.2305815625760868e-12,-8.694769348949194e-14,6.195068162166232e-14,1.2819976561810147e-16,8.36735125631094e-15,-5.571720862462826e-15,3.2615093914500903e-12,4.1539312498987495e-15,-5.302717909216881e-12,2.905075957805968e-17,-2.8558359381018286e-12,-2.2236602802996546e-10,-7.129297152630443e-11,-4.240281568191093e-13,3.7928883606405983e-10,-4.092607425793599e-10,-1.7002609242581447e-16,2.084433845133993e-14,1.2092555639002234e-13,-2.2308221161810395e-13,-1.27675647831893e-14,-2.8437279369021923e-15,-7.187995967353111e-16,1.470021974845916e-13,8.718488578442185e-15,3.0985848612264895e-12,1.293776383861053e-12,1.8297198381745593e-11,-2.275324749214288e-15,2.2236288014151148e-10,7.12940600652856e-11,3.0401361405159775e-11,-7.461356483378539e-15,-1.8195186959180617e-11,1.264973233583086e-14,4.459881480978815e-15,-1.4620749057355686e-13,1.6283271027835629e-15,2.857269976175303e-12,-1.2305815625760868e-12,-8.97496003441726e-14,6.194191826125461e-14,1.2820658886377363e-16,5.53086465515662e-15,-5.571187955411005e-15,3.2615093914500903e-12,4.154269520976565e-15,-5.28034054999201e-12,2.0808850725491843e-10,-2.404267434030771e-10,4.748869741888484e-11,2.9966440706630238e-12,-1.1986648710641626e-12,7.78507635618024e-09,-1.5201863205749344e-11,7.941871508912292e-09,1.8037657885846176e-08,-2.2371243746377445e-13,-2.2289956917257806e-13,1.7150688276975264e-13,6.983628490312791e-14,-2.705313306705648e-13,-5.835739299205519e-16,6.065747626404772e-14,-6.032194743710307e-14,-4.563844413496554e-14,-5.334089651457911e-15,-8.961554461469253e-14,-1.9232781293491522e-13,-1.2470991350710392e-12,-1.0889920076806448e-13,7.936705515021458e-14,2.1595850108191428e-14,-6.622774680086286e-11,4.2802133365382744e-14,-4.095773969445779e-13,-3.048391169121108e-10,-6.777953487820584e-15,2.1475876632592871e-16
38.4508248165277,-8.969293826173915e-13,6.572615044812362e-14,-3.930544778540934e-14,-3.6279428535420286e-17,1.546140993013978e-13,-1.509429026214093e-13,3.955140073230723e-12,3.0513785942432037e-15,-6.792834028601646e-12,3.9324161026815015e-16,-6.337689632355629e-12,-4.875620232750373e-10,-1.0242195980225688e-10,-1.4535446775607957e-13,3.427357741750095e-11,-1.4007036271597903e-10,1.9213685379185233e-16,-5.540752949084488e-13,2.6331165929819864e-13,-6.453703850398441e-13,-1.3167245072054357e-13,1.6618378701328326e-14,3.4807058758113183e-15,-7.8135581048059e-13,3.7680847571504784e-15,2.7638285413066827e-12,2.825302932820569e-12,3.998011224407598e-11,-5.265518200856893e-15,4.875589092348463e-10,1.0242310905655971e-10,1.0594625100063877e-10,-2.967441364857061e-14,-3.9598582810706535e-11,1.3152779104567969e-13,-1.5237928393344286e-14,7.8185957715962e-13,3.848773152033876e-15,6.341889976132127e-12,-8.969293826173915e-13,6.304361477305065e-14,-3.9320724454228184e-14,-3.627133315919906e-17,1.5180603440967388e-13,-1.5094236971435748e-13,3.9551082409161605e-12,3.0517024092920528e-15,-6.768990109170166e-12,1.7468507091204325e-10,-2.9611983336508274e-10,5.843128292326582e-11,3.79796347260708e-12,-1.1858247717100311e-12,9.329221219834222e-09,-1.9933782922920695e-11,7.891837585204351e-09,2.1921759222702047e-08,-1.5847180049692137e-13,-1.5352085343719088e-13,1.466739461368031e-13,7.203417122051785e-14,-2.2020950988614155e-13,-7.611318982488532e-16,4.8690437792764387e-14,-5.199270736166994e-14,-1.0524324522975803e-13,-5.413742371063179e-15,1.381825616893669e-13,3.095434900994102e-12,3.154127625748515e-12,-1.1196490845577501e-12,4.571560907606909e-14,1.3343839921908795e-14,-1.929641975922032e-10,4.986423058316036e-13,1.9644539067744743e-12,-6.609122138456769e-10,-1.8000277194711126e-14,-8.54392511601132e-15
40.1581395812115,-1.5987526117792566e-13,3.5288394428789617e-13,-2.2908868875977834e-13,-7.452941042096483e-16,4.569301381707191e-13,-4.5141081983501864e-13,5.284064172883518e-12,4.4243254893050474e-16,-9.62948737045129e-12,1.2102257107882094e-15,-1.386836478989295e-11,-1.0734879110291386e-09,-1.877011046591548e-10,2.328291037012906e-13,-4.880725453422959e-10,2.251300997476354e-10,4.039406622162336e-16,-1.7652664001150897e-12,5.748502449248093e-13,-1.5456285314937306e-12,-3.9734882051334353e-13,-3.454741620322588e-14,-8.81824391769422e-15,-3.6134586114665677e-12,-4.510990860070926e-15,3.2055804541783284e-12,6.107462605595093e-12,8.724318425313255e-11,-1.0817825946372409e-14,1.0734848985337363e-09,1.8770212380919693e-10,2.627133271728946e-10,-1.0824517078597252e-13,-8.627308170187113e-11,3.971632118776776e-13,3.580293744452438e-14,3.613503108207933e-12,8.881784197001252e-15,1.387852795649754e-11,-1.5987526117792566e-13,3.5009530089761633e-13,-2.291516902156824e-13,-7.452858931851954e-16,4.542243914329447e-13,-4.5141117510638653e-13,5.284061899146764e-12,4.4275058156776716e-16,-9.608315091706268e-12,1.112154374519984e-10,-3.958237357437611e-10,7.908222414698685e-11,5.2606765166274275e-12,-1.061758088856853e-12,1.2218810149724325e-08,-2.9339699073038794e-11,7.830604403555286e-09,2.9289149476123082e-08,6.61790067191248e-15,2.6621112721632774e-14,1.5417254278782266e-13,9.054438680304126e-14,-8.032074561015179e-13,-1.5116722688427822e-15,3.066494835834988e-14,-5.1269219425442715e-14,-2.377188934588048e-13,-1.290023065222042e-14,9.804352885112167e-14,8.943122035513322e-12,1.1109841580037028e-11,-3.2180480502574936e-12,-3.6880436482533695e-14,-1.3080786454011673e-14,-4.6136551943195525e-10,1.52055099197565e-12,-4.491325193989675e-12,-1.4314286052770815e-09,-5.731818520972783e-14,-4.002857796383171e-14
41.94126347923942,6.254931757728362e-13,6.765427921588222e-13,-4.4604201813550996e-13,-2.0764855113153403e-15,6.957634468562901e-13,-6.8840062539266e-13,5.918573151575401e-12,-1.2962015720023127e-14,-1.124377983311812e-11,1.8897385874303823e-15,-1.8207176507208562e-11,-1.4102411650375964e-09,-2.0257601152096072e-10,3.885250531792611e-13,-7.580288634444364e-10,3.7560525677370216e-10,1.6980121885721e-16,-2.799712385737062e-12,7.391342060367114e-13,-2.097819657005705e-12,-6.118439088709238e-13,-1.6221779953894807e-13,-3.98771509043014e-14,-7.354900730797856e-12,-3.5070671320689466e-14,4.599809075760757e-12,8.090252817435672e-12,1.1231625448814623e-10,-1.3973938470477712e-14,1.4102381186939312e-09,2.0257714776483748e-10,3.8204013640901696e-10,-1.86942119925843e-13,-1.1095806444192804e-10,6.117216921810303e-13,1.6315733084580833e-13,7.354061527145455e-12,1.1546319456101628e-14,1.822053619093822e-11,6.254931757728362e-13,6.740937881962357e-13,-4.4612290158359733e-13,-2.076479150662595e-15,6.926825335540343e-13,-6.884016912067637e-13,5.918552687944611e-12,-1.2961717925826418e-14,-1.1223721685382771e-11,7.795169949531555e-11,-4.4907210394740104e-10,8.938782229961362e-11,6.2295885072671806e-12,-9.60357719274422e-13,1.3611655678560479e-08,-3.443802187863554e-11,7.795278177886839e-09,3.2741060825477085e-08,8.801496568603776e-14,1.2457132547716298e-13,-2.4704156544504605e-14,2.6673300605276988e-14,-3.033022721865564e-14,-7.257601926842957e-16,-4.039037160286085e-14,3.560783889966501e-14,-3.2277327477459037e-13,-7.334509157426912e-15,7.595493419406314e-13,1.4676091571648915e-11,1.473581505706534e-11,-4.762823380133341e-12,-9.815934731705056e-14,-1.0026868224599639e-13,-6.289924653475642e-10,2.3498229729211617e-12,-2.0096313060350718e-11,-1.837812272735088e-09,-8.816777024902207e-14,-8.045689114943854e-14
43.80356262962903,8.422875360144152e-13,7.962322949121395e-13,-5.272892641035772e-13,-2.879033816904908e-15,7.159542292356491e-13,-7.084301145710015e-13,5.837543994857697e-12,-2.2507531139785247e-14,-1.1224377279480298e-11,2.0254011136215653e-15,-1.7163631627070686e-11,-1.350500470261672e-09,-1.4950582438721938e-10,2.964195187048213e-13,-6.854530831823524e-10,2.8706527895513056e-10,3.59881698690378e-16,-2.957908242767489e-12,6.936763824848355e-13,-2.0343255503924408e-12,-6.505906924303417e-13,-2.698489768400244e-13,-6.562487880838083e-14,-9.100708496631097e-12,-5.5454430658048605e-14,5.796444783070617e-12,7.771003529275077e-12,1.0548915746090474e-10,-1.3086482852225911e-14,1.3504974577662698e-09,1.495068912421571e-10,3.9809649596884217e-10,-2.1774274646442659e-13,-1.0414950555728378e-10,6.50396457611141e-13,2.713094567595446e-13,9.099413445867291e-12,1.021405182655144e-14,1.7175890339634254e-11,8.422875360144152e-13,7.935298640404653e-13,-5.274224908665322e-13,-2.879026878011004e-15,7.128392098820768e-13,-7.084311803851051e-13,5.83755081606796e-12,-2.2507250692823297e-14,-1.12055772660824e-11,8.187877635161082e-11,-4.5705819502472877e-10,8.841154794936301e-11,6.579139153473079e-12,-1.0469136668689316e-12,1.350045739283899e-08,-3.4061615507285925e-11,7.758366216580711e-09,3.228259970455838e-08,3.344565365400361e-14,7.755990294455728e-14,-2.1955827202620645e-13,-8.261280548538252e-14,-5.154016472867321e-14,1.0809131367750524e-16,-9.656745403319177e-14,8.711480148360096e-14,-3.1612024997684784e-13,-2.373159539252138e-15,6.989163618224362e-13,1.64021912496537e-11,1.3162571121938527e-11,-4.819760590635269e-12,-9.516170962342585e-14,-1.6041445949355193e-13,-6.097458455457834e-10,2.5050176234546473e-12,-3.32075903294491e-11,-1.7115393546873747e-09,-9.572683791481129e-14,-1.0103007550924896e-13
45.748552615674036,8.357492475852269e-13,8.107842101405064e-13,-5.378915091114322e-13,-2.77557282712948e-15,6.784830475226045e-13,-6.714024891607551e-13,5.695592335541732e-12,-2.2146477360318607e-14,-1.0962442805369695e-11,1.9994719527984535e-15,-1.5932352659397964e-11,-1.2518949291851745e-09,-1.0641043601822275e-10,2.3475777889923427e-13,-6.167912824002938e-10,2.2779710216901272e-10,1.1898792031290904e-16,-2.8205130282737702e-12,6.343504533026854e-13,-1.8804394411107307e-12,-6.388223283693151e-13,-2.530984857640968e-13,-6.115171954982668e-14,-8.926544094637786e-12,-5.693212511188044e-14,5.146616328070637e-12,7.1560313882604946e-12,9.649356249430935e-11,-1.204420316374318e-14,1.2518917474484576e-09,1.0641153756763e-10,3.887660255447795e-10,-2.1187121630856055e-13,-9.524822790950133e-11,6.386906113578852e-13,2.543371300124863e-13,8.92604240610327e-12,9.325873406851315e-15,1.5943838841773566e-11,8.357492475852269e-13,8.08013093471042e-13,-5.38039538848049e-13,-2.775563228326246e-15,6.75493083690526e-13,-6.714037326105427e-13,5.695587788068224e-12,-2.2146170892504516e-14,-1.094109999636809e-11,9.204571445782979e-11,-4.621513653546572e-10,8.631477612652816e-11,6.910049705766142e-12,-1.1522072185243814e-12,1.3238082051747222e-08,-3.316648171380887e-11,7.732970660343244e-09,3.1531783406535396e-08,-1.5760957354042186e-14,2.716424307713794e-14,-3.227759379220707e-13,-4.697659298595151e-14,-1.1269018311092319e-13,-1.8706147741909263e-16,-8.722573219266394e-14,9.783310828126446e-14,-2.91910424721209e-13,-3.557461038713091e-15,5.962040935022135e-13,1.6667278638730446e-11,1.1771226127166302e-11,-4.5254964220475816e-12,-7.761016718177416e-14,-1.5840174079813826e-13,-5.634019349245559e-10,2.462283686405914e-12,-3.12680180704856e-11,-1.5748066554503264e-09,-9.429827867631543e-14,-9.712868530298291e-14
47.77990512153967,7.754112167172404e-13,7.878649436558286e-13,-5.234684389658165e-13,-2.600432832030227e-15,6.344635039567947e-13,-6.275877595385282e-13,5.503827651409665e-12,-2.1766795541925768e-14,-1.0570511221885682e-11,1.9233078795586095e-15,-1.476902396676157e-11,-1.1527845074185762e-09,-7.618863873126713e-11,1.7914724246883193e-13,-5.452919076924061e-10,1.7351660232102342e-10,2.3894035858272404e-16,-2.6445696940433005e-12,5.774353863280789e-13,-1.7232952790866976e-12,-6.115108419635362e-13,-2.1587989224143418e-13,-5.1934098834880494e-14,-8.55653254200773e-12,-5.708201128497573e-14,3.982589397553937e-12,6.490632774588732e-12,8.786139774386801e-11,-1.144252516812235e-14,1.1527810887440186e-09,7.618966221811796e-11,3.71602237792596e-10,-1.9829938660141316e-13,-8.671531193363345e-11,6.115025071593352e-13,2.1704756540763568e-13,8.556267639704052e-12,8.733754460384565e-15,1.4779732993019934e-11,7.754112167172404e-13,7.849630871229843e-13,-5.236472588876495e-13,-2.600424621005774e-15,6.314394340733997e-13,-6.27588470081264e-13,5.503832198883174e-12,-2.1766491965317474e-14,-1.0549577685499875e-11,1.0606211920579275e-10,-4.6526547521352767e-10,8.341585271409713e-11,7.239636943268124e-12,-1.227000723247329e-12,1.2844517387684603e-08,-3.1966999360089066e-11,7.723047919590452e-09,3.049151094577004e-08,-5.4718081917333925e-14,-1.4869402005975493e-14,-3.815713254621637e-13,-1.2703501213925013e-13,-7.782432476233225e-14,-2.0778564054542887e-16,-1.1031618951662381e-13,1.0368245428882261e-13,-2.681964872408571e-13,-7.818803475038531e-16,5.296290813324352e-13,1.637890818528831e-11,1.0596886568237097e-11,-4.19508978666272e-12,-6.242260042199632e-14,-1.522478670912264e-13,-5.16356983011128e-10,2.3578295891245327e-12,-2.6730061563615383e-11,-1.4452457008928832e-09,-8.980147644018406e-14,-8.931017094852371e-14
49.90145486353978,7.109461167923806e-13,7.502724959825476e-13,-4.989524645300965e-13,-2.590622623828883e-15,5.895344656892121e-13,-5.830887772617643e-13,5.257256816548761e-12,-2.2983706951529292e-14,-1.0073805848757426e-11,1.8220778073619456e-15,-1.3591035704270856e-11,-1.059518868304422e-09,-5.522582391392916e-11,1.2473474943902607e-13,-4.727181994611406e-10,1.2145161419773054e-10,2.1533405251946122e-16,-2.470637065471848e-12,5.258535854819406e-13,-1.5775196071912755e-12,-5.775380174100064e-13,-2.0704460498054244e-13,-5.0035792517327845e-14,-8.29937316030225e-12,-5.723222980838857e-14,2.664374901528694e-12,5.800464819594165e-12,8.003437705854087e-11,-1.0350733580429447e-14,1.0595154157816015e-09,5.522687775844082e-11,3.5114704354120996e-10,-1.8775724597223265e-13,-7.898229873743794e-11,5.775508652057504e-13,2.082516880423719e-13,8.299027577093898e-12,7.549516567451064e-15,1.3600380081394784e-11,7.109461167923806e-13,7.471214757970301e-13,-4.99039861286595e-13,-2.5906133719703445e-15,5.867491381650325e-13,-5.83089843075868e-13,5.2572772801795506e-12,-2.2983417830949964e-14,-1.0052356932040614e-11,1.2343128522237142e-10,-4.671397618949413e-10,7.967487363202963e-11,7.564153747807722e-12,-1.2663914361610295e-12,1.231050651598665e-08,-3.0453395014062856e-11,7.729874511510672e-09,2.912321406256524e-08,-8.436538504833872e-14,-4.6635519520184703e-14,-4.108193935499956e-13,-1.0787898352404568e-13,-3.360436077552246e-13,3.5362823780360486e-16,-9.891720775812018e-14,1.001065980110738e-13,-2.4849363455814453e-13,4.974498822122679e-15,7.309912083049615e-13,1.5538535080850126e-11,9.55296854954213e-12,-3.8731386098334046e-12,-5.309345851856051e-14,-1.5385248630650494e-13,-4.722531409856328e-10,2.226795299802714e-12,-2.5525378664239844e-11,-1.3178832839836712e-09,-8.357001867141204e-14,-8.60819257310815e-14
52.11720682918039,1.2589938351107814e-12,8.560164133086801e-13,-5.70188992317829e-13,-3.269156588954954e-15,6.662958185188473e-13,-6.592260959337182e-13,5.073306965641677e-12,-2.8032616737153995e-14,-9.934107462565104e-12,2.102978249575666e-15,-1.557970881934286e-11,-1.1993784014732653e-09,-6.137326757915673e-11,1.0092807906940548e-13,-4.993544158418375e-10,9.857300161305224e-11,-2.7938508909028603e-17,-2.8157439313053673e-12,5.904111179283854e-13,-1.7663228760759493e-12,-6.624700787938309e-13,-3.093448150761328e-13,-7.454099718674432e-14,-9.94959789163732e-12,-6.519746358264322e-14,1.7931697795087346e-14,6.243738372371098e-12,8.989429355937699e-11,-1.1539651612740842e-14,1.1993750166469709e-09,6.137415228812948e-11,4.006852912735109e-10,-2.3216184288235347e-13,-8.871756042983476e-11,6.625923632463601e-13,3.104573053148031e-13,9.949369662472129e-12,8.43769498715119e-15,1.559049186046953e-11,1.2589938351107814e-12,8.531567156448243e-13,-5.702922578620928e-13,-3.2691469901517205e-15,6.63533228362212e-13,-6.592269841121379e-13,5.073284228274133e-12,-2.8032318942957285e-14,-9.916266208165326e-12,1.368423302968343e-10,-4.835077561438083e-10,7.707958502578549e-11,8.162505764630623e-12,-1.0452883003608805e-12,1.1786634923885496e-08,-3.043925181356322e-11,7.816808503507458e-09,2.794892376793238e-08,1.5352534058858206e-15,4.8751928420169104e-14,-4.835512430282722e-13,-1.4466264112537411e-13,-8.567392721185267e-14,4.4093617646012717e-16,-1.099729668441185e-13,1.1615331751979597e-13,-2.8282073571972433e-13,1.5912907565714582e-15,4.121223658633729e-13,1.6977476965015133e-11,1.06565494206734e-11,-4.354355098712404e-12,-9.512177712167613e-14,-1.9029752310976514e-13,-5.294074222933358e-10,2.555065263098316e-12,-3.810249221179349e-11,-1.4873056860172558e-09,-1.0112825507557766e-13,-1.0872981479291092e-13
54.4313438376352,1.2508059403041708e-12,8.087226888164878e-13,-5.395945616252599e-13,-3.139289407131744e-15,6.033587851561606e-13,-5.96693183751995e-13,4.556536623567809e-12,-2.843152507407224e-14,-8.962039525310199e-12,1.9637233507760593e-15,-1.37463882869208e-11,-1.0550230066268972e-09,-2.2362528495634137e-11,6.071215940285184e-14,-4.304155604459601e-10,5.951242585153535e-11,-1.0664967656080312e-16,-2.570383741201477e-12,5.11383571147909e-13,-1.5503094609104187e-12,-6.147304887349492e-13,-2.9461127588036304e-13,-7.076374167612244e-14,-9.527906674493784e-12,-6.6127819084779e-14,-3.1423344485171214e-12,5.146163581067028e-12,7.784470742429878e-11,-1.018830202495491e-14,1.0550196556488657e-09,2.2363352489285226e-11,3.7084603328000715e-10,-2.1655438177123544e-13,-7.680471246076618e-11,6.148637507344748e-13,2.9559103371154036e-13,9.527145462382567e-12,7.253457094217689e-15,1.3755811304842306e-11,1.2508059403041708e-12,8.057313038989378e-13,-5.397030378162526e-13,-3.1392756449921678e-15,6.007269348629051e-13,-5.966938942947308e-13,4.556504791253246e-12,-2.8431253300727674e-14,-8.94470607211891e-12,1.670637478431066e-10,-4.851724952459336e-10,6.937793841643725e-11,8.415399861405603e-12,-1.035465047038997e-12,1.0633268735799966e-08,-2.7366511834436835e-11,7.866053523735651e-09,2.5035300647383945e-08,-2.2229394251264504e-14,2.204310807959094e-14,-5.406949887820645e-13,-1.206673649889467e-13,2.8045595475608328e-14,4.507912561753832e-16,-1.114338260554959e-13,1.2318501219077405e-13,-2.503047369373235e-13,2.5077509513415917e-15,7.460888203543922e-13,1.5830543513099354e-11,9.30467649595812e-12,-3.899089051628835e-12,-8.271285878436175e-14,-1.9066433617117203e-13,-4.648692800211118e-10,2.3723307931815263e-12,-3.62969661041652e-11,-1.294698274515819e-09,-9.386817422888753e-14,-1.0190620049199684e-13
56.84823443592555,9.85008371164516e-13,6.840612816934784e-13,-4.565573400820237e-13,-2.750494161133747e-15,4.905814421363175e-13,-4.845363221761545e-13,3.940676833735779e-12,-2.595545017340199e-14,-7.704754049579302e-12,1.643110721742387e-15,-1.0800129309392522e-11,-8.308347235129769e-10,1.3057471770494544e-11,4.181436495279442e-14,-3.491877697486206e-10,4.1048954359092074e-11,2.702004939388501e-16,-2.107628746358154e-12,3.9513934759863894e-13,-1.2176435570426673e-12,-5.111466805374221e-13,-2.5729089110387393e-13,-6.16112773446425e-14,-8.226318801508635e-12,-5.831740325672254e-14,-7.136283717449098e-12,3.5721118905533063e-12,6.01591128334211e-11,-8.30947001021857e-15,8.308313725349453e-10,-1.3056604408756556e-11,3.0810224163624333e-10,-1.8213914832818388e-13,-5.933584373195139e-11,5.112643977882997e-13,2.584253547033836e-13,8.225673476515042e-12,6.069219201284189e-15,1.080750304064774e-11,9.85008371164516e-13,6.807946798896107e-13,-4.566279206604425e-13,-2.750479936401244e-15,4.878074832959101e-13,-4.845368550832063e-13,3.940640453947708e-12,-2.5955195747292178e-14,-7.690816043274633e-12,2.0309040943781534e-10,-4.843575879931449e-10,6.011955520079936e-11,8.56292899698019e-12,-1.079258164319678e-12,9.284281870434846e-09,-2.3283215633274068e-11,7.912876332777288e-09,2.1601598139871687e-08,-7.16970001886826e-14,-3.422142199246044e-14,-5.267657606407757e-13,-1.7431065109837126e-13,1.1125630787015932e-13,6.034950317257426e-16,-1.1864212945411623e-13,1.1343171124611474e-13,-1.9857523625432805e-13,4.670823912829765e-15,6.789681113635501e-13,1.3409104819099108e-11,7.536982593592257e-12,-3.132601023025927e-12,-5.467995833896566e-14,-1.704911674800987e-13,-3.65293738410443e-10,1.9733120844821206e-12,-3.162470212477925e-11,-1.0020363797972702e-09,-7.792924870223909e-14,-8.678528237484236e-14
59.372441145710944,5.308560998192509e-13,5.082256393507123e-13,-3.3899318907515406e-13,-2.1057958617583713e-15,3.45062289852649e-13,-3.3991742753869405e-13,3.2865909815882333e-12,-2.0244885050776002e-14,-6.3116506983836496e-12,1.2036548174068449e-15,-7.245680907116044e-12,-5.604925737626638e-10,4.02787525555226e-11,3.699960380514838e-14,-2.594451370562122e-10,3.6415777800632064e-11,2.0118327361800114e-16,-1.4979486661156645e-12,2.5848670749059806e-13,-8.156532619861126e-13,-3.7181369094696493e-13,-1.9918993754777773e-13,-4.7682140091809864e-14,-6.164346041068279e-12,-4.281688241556179e-14,-1.151656249646895e-11,1.7311017435604663e-12,3.938740806376679e-11,-5.4773713053605606e-15,5.60489358177684e-10,-4.0277746415906535e-11,2.229976041786171e-10,-1.348106829647053e-13,-3.883085067960819e-11,3.718952907129716e-13,2.0019912425727127e-13,6.163496935668487e-12,3.4046839421838135e-15,7.250496499485355e-12,5.308560998192509e-13,5.052148329317182e-13,-3.3908804653037805e-13,-2.1057812900811732e-15,3.42248540619039e-13,-3.399168946316422e-13,3.286527316959109e-12,-2.0244656645518333e-14,-6.296750143519603e-12,2.4155403176943463e-10,-4.832400009036064e-10,5.0213884605909695e-11,8.639744919491931e-12,-1.1545904972839102e-12,7.86495457907941e-09,-1.8656612713052745e-11,7.959128276989359e-09,1.797805756117062e-08,-1.3375652437493577e-13,-1.0582372940900106e-13,-4.5039409123555825e-13,-1.2151429122179517e-13,2.4890880467864917e-13,6.026105540494579e-16,-9.359641117701045e-14,9.31167504214514e-14,-1.3564246614805598e-13,4.92053157478504e-15,2.1639910604183872e-13,1.005925393352906e-11,5.518631951417774e-12,-2.1685622186851104e-12,-1.6755734577600377e-14,-1.3095385886785492e-13,-2.454633912150733e-10,1.4361093152344406e-12,-2.4496526205109405e-11,-6.58271067284962e-10,-5.676677299522777e-14,-6.519589411159895e-14
62.00872907625803,3.284117422452937e-13,3.714376362040639e-13,-2.4724258196329176e-13,-1.5466834988690319e-15,2.2373569663614034e-13,-2.1939570160611764e-13,2.4308974388986827e-12,-1.648426187217389e-14,-4.63721031943957e-12,8.332090519177549e-16,-3.964967243419437e-12,-3.194975449516954e-10,6.996597745612121e-11,3.8017097427299015e-14,-1.893929746828634e-10,3.6858016638774416e-11,-3.6360701383292205e-16,-9.942880529033043e-13,1.39857440873892e-13,-4.77174017353518e-13,-2.546851618490109e-13,-1.3882875237592625e-13,-3.3292363767285963e-14,-4.3796671933136685e-12,-3.1279662031865403e-14,-1.9003061973123673e-11,-1.7347416826079035e-13,2.134654210500907e-11,-3.273766529856189e-15,3.194943632149785e-10,-6.996500601097466e-11,1.5250389685651636e-10,-9.053176328623336e-14,-2.100841464616044e-11,2.548468841555643e-13,1.396190674739757e-13,4.379339946674561e-12,1.6283271027835629e-15,3.9673449710638425e-12,3.284117422452937e-13,3.687612585660342e-13,-2.4731162303244975e-13,-1.546668811543602e-15,2.2106405594968236e-13,-2.1939623451316948e-13,2.4308337742695585e-12,-1.648407105259153e-14,-4.628767176958111e-12,2.883840352296829e-10,-4.925183020532131e-10,3.74056526197819e-11,8.724882718524895e-12,-1.1014270976753929e-12,5.947057626715748e-09,-1.3090077632949004e-11,8.06886118311691e-09,1.3150649162222786e-08,-1.522888296949058e-13,-1.3313165384924257e-13,-4.128917809505713e-13,-1.5286331459899808e-13,2.7636938663514835e-13,7.860712081253496e-16,-4.2976133762806514e-14,7.864121576162119e-14,-8.010019314497185e-14,7.250103295497467e-15,2.0936568034812807e-13,7.414928404614329e-12,3.948662197217345e-12,-1.3658521424986247e-12,7.18614501238335e-15,-1.0247090213392577e-13,-1.4383429847680947e-10,9.858355993520862e-13,-1.701135264572928e-11,-3.505930360840163e-10,-3.605450862633382e-14,-4.595025170546959e-14
64.76207491984752,-8.651523941693995e-14,1.7425918485969304e-13,-1.144247363527029e-13,-7.979272335460289e-16,7.166818249970674e-14,-6.841744948360429e-14,1.570160748087801e-12,-9.152938823531188e-15,-2.87545844912529e-12,3.4948145299326964e-16,-3.1477135712757825e-13,-4.11349815998281e-11,8.452905042588554e-11,4.576643245513916e-14,-1.0248529455636479e-10,4.3904694694655674e-11,-1.580265136866671e-16,-3.525185252582363e-13,2.9046532621007005e-15,-7.057742633214849e-14,-1.0336176359260207e-13,-7.372278816985922e-14,-1.7505063546073505e-14,-2.081173471070923e-12,-1.1852513871728287e-14,-2.630301546276877e-11,-2.331602907386457e-12,5.588294684880672e-13,-3.548593710545056e-16,4.113186755963708e-11,-8.452798357094782e-11,5.854101925439892e-11,-3.8883037760005935e-14,-4.900472792415226e-13,1.0337908372230753e-13,7.495078599978286e-14,2.0809531877524054e-12,-7.401486830834377e-16,3.1426713083722763e-13,-8.651523941693995e-14,1.7153070075437426e-13,-1.1453617313842793e-13,-7.979109271453548e-16,6.902496352267917e-14,-6.841922584044368e-14,1.5700743460911327e-12,-9.15276535118359e-15,-2.865173579872741e-12,3.3583492040634153e-10,-5.052890628576278e-10,2.4412383936578407e-11,8.733331924304366e-12,-1.0761939487717125e-12,4.0375219446845185e-09,-7.1340208046555276e-12,8.177099533405943e-09,8.31162575802106e-09,-1.8139462154564968e-13,-1.7273118121015804e-13,-2.951198371329659e-13,-8.116058565950842e-14,8.791009994032113e-13,6.407430142019166e-16,-4.1489686686269066e-14,6.377801342605238e-14,-1.7379448991050593e-14,5.1946063191662025e-15,2.2513025517885883e-13,3.5841367207467555e-12,2.4470864445902406e-12,-3.7392737795016727e-13,3.853244834317593e-14,-5.5365735144678276e-14,-2.4137384597515637e-11,4.022340186621287e-13,-8.974835916825394e-12,-5.257424125678274e-12,-1.3512124000710409e-14,-2.181483292618136e-14
67.63767634659995,-1.742102758347149e-13,-4.1109160520136354e-14,3.1606717243448655e-14,2.0980254570683124e-16,-1.4224497135728599e-13,1.4411245530254747e-13,-3.221566657884978e-13,-3.995085512409347e-15,6.790893773237864e-13,-3.0880918962064417e-16,6.472498463120739e-12,4.1647972333730814e-10,1.573179086999943e-10,6.99834432303185e-14,-3.9107413295368255e-12,6.712840160282162e-11,-1.7050022344395645e-16,5.257554871253103e-13,-2.1434243269169428e-13,5.23170008607011e-13,9.980904991380157e-14,5.5324536995034394e-14,1.2782038592771515e-14,1.1354389966273624e-12,7.556572767703495e-15,-4.83134077931565e-11,-6.570356317627724e-12,-3.249648612217941e-11,4.0678542710207805e-15,-4.1648256659139556e-10,-1.5731659031015255e-10,-6.328159447072719e-11,4.888926403540042e-14,3.218670807916888e-11,-9.973371141534099e-14,-5.426189135190892e-14,-1.1352360719277287e-12,-4.440892098500626e-15,-6.477337185136396e-12,-1.742102758347149e-13,-4.4205232067421697e-14,3.1462950763246527e-14,2.0981815821811503e-16,-1.4483134691545273e-13,1.441103236743402e-13,-3.22215782944113e-13,-3.994923604884922e-15,6.88108533116368e-13,4.2895165582497916e-10,-5.586771294474602e-10,-3.690729499794543e-12,8.550850907340645e-12,-8.414483924449693e-13,-1.9306272343085365e-10,5.1182096755253426e-12,8.462151371635545e-09,-2.4357404981856234e-09,-1.7700896304262415e-13,-1.8530269911091561e-13,-2.929446442367922e-13,-1.0334343381046551e-13,5.327692065293376e-13,1.4411435008317615e-15,-3.2911709468841364e-14,4.160704558664463e-14,8.576236609769694e-14,1.3333061506711393e-14,-1.1750671546906234e-13,-7.843482308089734e-13,1.6261765267699956e-13,1.0198988320553327e-12,7.545423841293086e-14,-1.219487473965349e-14,1.5527713481936e-10,-3.764326632522963e-13,7.068439833514027e-12,5.946212411345186e-10,2.9976854332147695e-14,1.3779761475392801e-14
70.6409618164559,-6.681318461450777e-13,-3.534902740890781e-13,2.4521919309942556e-13,1.8995900917066305e-15,-3.481545718386769e-13,3.4871874277087047e-13,-1.6932426660787314e-12,1.5311461589358663e-14,3.4478337814410527e-12,-1.0493973063385095e-15,1.0499739966363109e-11,7.279083839749108e-10,1.2886219868946114e-10,7.796332180344688e-14,1.218352868438534e-10,7.416490261431048e-11,-5.6435137759412894e-18,1.4390458796058306e-12,-3.4894245116118404e-13,9.692892483480306e-13,3.2363001167823313e-13,2.264201792232307e-13,5.401057387282483e-14,5.692524477268586e-12,5.533265673767552e-14,-6.836223511570153e-11,-9.802267075747382e-12,-5.3027246676349957e-11,7.013360523120775e-15,-7.279114303185759e-10,-1.288609236677063e-10,-1.9607315385503396e-10,1.4080559555809236e-13,5.240464393179621e-11,-3.2352262145304844e-13,-2.2460458680596088e-13,-5.69295416420787e-12,-6.5133084111342514e-15,-1.0507446764525715e-11,-6.681318461450777e-13,-3.5662897820050904e-13,2.4512859890061617e-13,1.8996103301471834e-15,-3.509398993628565e-13,3.487157229642435e-13,-1.6933199731283822e-12,1.5311646626529433e-14,3.460885030411494e-12,4.996235171953837e-10,-6.173038855195045e-10,-2.4537894205423073e-11,8.36170329421293e-12,-5.782100724142462e-13,-3.300276021459573e-09,1.4520568775155951e-11,8.729252682446592e-09,-1.0230337466055062e-08,-1.176372887989885e-13,-1.4547011743341425e-13,1.5333937823195736e-14,8.511880089656643e-15,6.58998544622591e-13,4.188871471910716e-16,2.7828633841764372e-14,-2.1467319588630573e-14,1.6402751157329476e-13,3.675601489838698e-15,-2.9364552271241945e-13,-6.417394615709782e-12,-6.592017598450184e-13,2.2877870264892407e-12,1.0504237479835865e-13,1.0291531515882468e-13,2.8850658296494995e-10,-1.240571989753747e-12,2.8004455275393044e-11,9.36960731223735e-10,6.588759775040994e-14,6.114261874579085e-14
73.7776008268331,-5.460739268177879e-13,-4.399529037376245e-13,3.0635642171243187e-13,2.584037150921148e-15,-3.7307472666725517e-13,3.736461806624902e-13,-2.374340510868933e-12,2.2845024483242327e-14,4.6973582357168194e-12,-1.2327192706842185e-15,1.0070981086111411e-11,7.198623810865694e-10,6.796854745694247e-11,4.397072260696004e-14,1.825868545863369e-10,4.1530051003096306e-11,-3.5866792328393457e-16,1.5809584193693586e-12,-3.272737378259128e-13,9.504420829176389e-13,3.7470027081099033e-13,3.151620392977436e-13,7.520369892936149e-14,7.206973759004392e-12,7.422153872777376e-14,-8.051986363194773e-11,-1.0646821713753983e-11,-4.980295245971764e-11,6.893845303640456e-15,-7.198654951267605e-10,-6.796724641433549e-11,-2.2415458763827248e-10,1.7093233019797042e-13,4.9178800566757444e-11,-3.744529371903921e-13,-3.142977588123126e-13,-7.206226727173392e-12,-6.217248937900877e-15,-1.0078752647283787e-11,-5.460739268177879e-13,-4.4315887256137407e-13,3.062668933277261e-13,2.5840568111205424e-15,-3.761726929951692e-13,3.7364458194133476e-13,-2.3745360522298142e-12,2.2845215302824685e-14,4.7101745318893035e-12,5.319404105345409e-10,-6.669433787465096e-10,-3.493614713079296e-11,8.270671969512478e-12,-1.7852978354918983e-13,-4.932091944156551e-09,1.8739622700825187e-11,8.952108004627236e-09,-1.4238442721155783e-08,1.8213208718975694e-14,-1.6714962747244045e-14,2.0337626837248674e-13,4.5539631325179166e-14,2.0288932015925335e-13,-1.8079611881679133e-16,6.612413672169026e-14,-5.562561800065424e-14,1.6662511370668652e-13,5.652422974122828e-16,-5.562469596043229e-13,-7.9783300558726e-12,3.601599019020796e-14,2.395948683897586e-12,8.438718168690685e-14,1.4711817412453124e-13,2.841871441015153e-10,-1.4393203425985823e-12,3.8788278353704366e-11,8.747065294301137e-10,7.497618122418818e-14,7.949685036414318e-14
77.05351461530549,-8.291293577637286e-14,-4.076961583147446e-13,2.858904224467551e-13,2.166439828458581e-15,-3.1905074138194323e-13,3.196429787521993e-13,-2.7771966415457428e-12,1.897309277280416e-14,5.296897143125534e-12,-1.1161400791573199e-15,8.225429596701398e-12,5.97377702860058e-10,1.9537566009475427e-11,1.1404903352737103e-14,1.912675361457092e-10,1.0448278045218886e-11,-4.932533994336626e-16,1.345007416216218e-12,-2.6029888838689754e-13,7.753181172012025e-13,3.3639757646142243e-13,2.5356408509893694e-13,6.035735911521529e-14,6.153401798593103e-12,7.129458296279406e-14,-8.700378404706456e-11,-1.0590091932014656e-11,-3.9662330267632106e-11,6.125760344579308e-15,-5.973805799624083e-10,-1.9536412418363902e-11,-2.017215773278094e-10,1.4611303984973442e-13,3.914667040140388e-11,-3.3622011967084087e-13,-2.5285050285216006e-13,-6.151479881648743e-12,-5.625129991434126e-15,-8.23208168299061e-12,-8.291293577637286e-14,-4.1076286076228523e-13,2.8570426024998596e-13,2.1664620329190734e-15,-3.2225102586380673e-13,3.1964155766672777e-13,-2.7774376576417124e-12,1.8973335634090797e-14,5.309334483172279e-12,5.462206900119782e-10,-7.116119377315045e-10,-4.0949635149445384e-11,8.09803168522194e-12,2.5066171360776937e-13,-5.9203346101513005e-09,2.085098413373565e-11,9.1351455049457e-09,-1.67332245837315e-08,1.5632689587263827e-13,1.26505935356865e-13,2.660748935993477e-13,9.021769997730189e-14,1.1204216813590999e-13,3.9657166439610594e-17,5.81696135704135e-14,-5.821146342732675e-14,1.3450275559989678e-13,1.508284238245968e-15,-8.634136368830998e-14,-8.011314397056897e-12,1.1583324521780015e-12,2.021914724537055e-12,4.0621443986310625e-14,1.226306556301182e-13,2.3193973873297414e-10,-1.2933508973002328e-12,3.124533345630349e-11,7.07546021772032e-10,6.489602402913001e-14,6.71226876164388e-14
80.47488733750892,4.1769920855472267e-13,-3.5797711461782456e-13,2.53390552984456e-13,1.7870509470367205e-15,-2.746673999354243e-13,2.7553461734441953e-13,-3.195191311533563e-12,1.617688043705397e-14,5.906137327353159e-12,-9.870677163470519e-16,6.906253346983249e-12,5.056353709715206e-10,2.493838469064258e-13,-2.7617038671366876e-16,1.7796345030345823e-10,-7.406112760103649e-13,-1.8586477775185997e-16,1.1446984076838294e-12,-2.1291834574513658e-13,6.453534412291485e-13,2.957634137601417e-13,1.916509122261207e-13,4.5622171539313693e-14,5.252922099287516e-12,7.025578002399513e-14,-9.427306901343009e-11,-1.0759393487221067e-11,-3.24531099667987e-11,5.4062476428455115e-15,-5.056383157703969e-10,-2.4843842261201843e-13,-1.7721722045085622e-10,1.2155410432618054e-13,3.2018418923947795e-11,-2.953743071529638e-13,-1.9103159010192593e-13,-5.250951896044147e-12,-5.0330110449673766e-15,-6.9123965810528416e-12,4.1769920855472267e-13,-3.610220270881352e-13,2.532575630690796e-13,1.787071301125505e-15,-2.7753230824600903e-13,2.7553372916599985e-13,-3.1953641155268996e-12,1.6177100168694262e-14,5.917581802350469e-12,5.578311781088511e-10,-7.633003406226635e-10,-4.70548911835067e-11,7.716316758887843e-12,6.620067457182207e-13,-6.8745769800274465e-09,2.3106811603001987e-11,9.30190939328246e-09,-1.9285153030068614e-08,2.7319387492970766e-13,2.486112241998721e-13,2.676468942308663e-13,6.94058662394544e-14,9.541452072880929e-14,1.1983007179120855e-16,6.786492479093909e-14,-5.761806587400997e-14,1.1097654351033271e-13,-1.6556200854722647e-16,-3.268723958171904e-13,-7.541045003260175e-12,2.1274900063872337e-12,1.72563403566528e-12,5.376534772949526e-15,1.0268022543336031e-13,1.9302244557228584e-10,-1.1363034536741867e-12,2.367794051068006e-11,5.904243020419623e-10,5.51459977219763e-14,5.463038586321171e-14
84.04817774137396,9.58921090680557e-13,-2.850962725157539e-13,2.050986343723101e-13,1.5495651058590927e-15,-2.1700543584302068e-13,2.183142555622908e-13,-3.520526661304757e-12,1.4382719552378613e-14,6.3271727412939075e-12,-8.047728500359678e-16,5.212922686107883e-12,3.962075924798599e-10,-1.0668965710891598e-11,-7.935606984418556e-15,1.511864514753331e-10,-7.936861044931397e-12,-4.069263329704762e-16,8.970188661747126e-13,-1.5916370288932132e-13,4.921773583003965e-13,2.395861287141088e-13,1.6447245085866084e-13,3.9343037934717426e-14,4.43992054863046e-12,6.807571856574644e-14,-1.0039078222505982e-10,-1.0704883180510666e-11,-2.421453218815703e-11,4.341597249537162e-15,-3.9621063882352503e-10,1.0670067260298843e-11,-1.4323499947849822e-10,9.986343658881699e-14,2.3880174323764107e-11,-2.3918323918681317e-13,-1.6414841561935916e-13,-4.4377979073747755e-12,-3.848773152033876e-15,-5.217900186001619e-12,9.58921090680557e-13,-2.8842919164162593e-13,2.0494823615990755e-13,1.5495787523504372e-15,-2.201090865128208e-13,2.183121239340835e-13,-3.5207176551921293e-12,1.4382933501607316e-14,6.3369649675829955e-12,5.6258092323939e-10,-8.150585927069187e-10,-5.1723509386647496e-11,7.154194463510066e-12,1.0881547514903408e-12,-7.591094884467798e-09,2.473911006606322e-11,9.451864483859798e-09,-2.1300403811134554e-08,3.8882277027714927e-13,3.684660909719639e-13,2.3889313559751397e-13,7.185699442876133e-14,8.643468163427315e-14,-1.6340262476433054e-16,4.7926870805348186e-14,-5.013739978743104e-14,8.558657782486989e-14,-2.613973852187238e-15,-1.0877556633204222e-13,-6.500583064431945e-12,3.20469553116709e-12,1.3560878642238094e-12,-2.8375666261126754e-14,8.838404545278659e-14,1.4712324382027112e-10,-9.20154089641828e-13,2.0250922285024648e-11,4.426047676512705e-10,4.421520730564972e-14,4.602052535348141e-14
87.78013135972485,1.4777542152918007e-12,-2.0833491968611876e-13,1.5344170378739363e-13,1.2148281223571071e-15,-1.582520781084895e-13,1.59728585913399e-13,-3.790883056353778e-12,1.0518836958868979e-14,6.647314876317978e-12,-6.117692285170632e-16,3.714038336137075e-12,2.982110493502848e-10,-1.2590900544395822e-11,-9.649700502391125e-15,1.1827136492392754e-10,-9.664799824646606e-12,-3.4817201720232317e-16,6.382364008333977e-13,-1.1232536218981917e-13,3.5205043015163177e-13,1.8118839761882555e-13,1.3298574385959344e-13,3.202339083674684e-14,3.392755752244408e-12,6.14438169637131e-14,-1.0489448616307413e-10,-1.0602077097170851e-11,-1.7130586355125522e-11,3.557701008793934e-15,-2.9821402799742403e-10,1.2591889336777129e-11,-1.0859198378473009e-10,7.734317232639006e-14,1.6891552756009715e-11,-1.808105667142415e-13,-1.323098172690382e-13,-3.389935832382272e-12,-2.960594732333751e-15,-3.718506983811191e-12,1.4777542152918007e-12,-2.1157688934181352e-13,1.532676208171324e-13,1.2148387619944264e-15,-1.6153762771864422e-13,1.5972645428519173e-13,-3.791037670453079e-12,1.0519050908097682e-14,6.659941694427592e-12,5.626740554968516e-10,-8.640112355351448e-10,-5.5515010899398476e-11,6.3610241340938955e-12,1.5120645476448166e-12,-8.139660315274067e-09,2.608019009087137e-11,9.577744143118038e-09,-2.298766806537363e-08,4.859760741974621e-13,4.701245874076203e-13,1.8509289587131937e-13,5.1983454577945545e-15,1.0871540704708119e-13,-2.0097997340447667e-16,4.2708012126801975e-14,-3.639023526957885e-14,6.102865768298215e-14,-2.0655583724919306e-15,-1.179917793100079e-13,-5.320665271331866e-12,4.1867679101414976e-12,9.890314345284424e-13,-5.867093477718299e-14,6.473085956137937e-14,1.0511818805583929e-10,-6.95348780724997e-13,1.6369406519348447e-11,3.169677853520625e-10,3.373622995545e-14,3.6171463683084175e-14
91.67779324426061,1.9378113928307055e-12,-1.356966095045209e-13,1.044822302750011e-13,8.443286579155421e-16,-1.0295480024069547e-13,1.0465370792189788e-13,-3.9857150113675744e-12,6.583495322972273e-15,6.849101434151332e-12,-4.2614605211886166e-16,2.269434640211898e-12,2.0316648092874657e-10,-1.3049838987200246e-11,-9.433311818799227e-15,8.452524945400262e-11,-9.24399445878521e-12,-2.002350115817172e-16,3.9343524100241814e-13,-6.819883804973936e-14,2.2061164264906163e-13,1.254552017826427e-13,9.397834031611423e-14,2.2825830454321948e-14,2.3301881154496056e-12,5.489147506154641e-14,-1.07171123305997e-10,-1.0317185282458018e-11,-1.0418229586522039e-11,2.568059335785374e-15,-2.0316962881720052e-10,1.3050758390642514e-11,-7.52680518220947e-11,5.3857758835473033e-14,1.0267600723134524e-11,-1.250781569246337e-13,-9.316196871377969e-14,-2.3261761963428143e-12,-2.3684757858670005e-15,-2.272996605749237e-12,1.9378113928307055e-12,-1.3931374572469697e-13,1.042543829044007e-13,8.443425357033499e-16,-1.0598455446597655e-13,1.0465086575095484e-13,-3.985724106314592e-12,6.583726619435737e-15,6.8627590129229554e-12,5.579863985379537e-10,-9.047216735780239e-10,-5.818292265757918e-11,5.372767191147432e-12,1.9207450444961674e-12,-8.49478626975703e-09,2.6987922313592705e-11,9.679821910454682e-09,-2.422564193693688e-08,5.685434530574204e-13,5.574640749017589e-13,1.3436725690429973e-13,3.094882868500311e-14,6.492418454702905e-14,-1.4119076278499658e-16,2.308314650534271e-14,-2.584685243611773e-14,3.820971983259369e-14,-1.4048947190777502e-15,-1.9863364286720754e-13,-4.333560355007649e-12,4.836874722968787e-12,6.432983923332358e-13,-8.454321687167976e-14,4.1255795076485434e-14,6.585326599274278e-11,-4.809354412112221e-13,1.1579406701717022e-11,1.9866301196695227e-10,2.3349508090908523e-14,2.5336642506257334e-14
95.74852126495772,2.1710089281867794e-12,-1.6310271651794514e-13,1.2357214510908912e-13,9.81401996706192e-16,-1.3387762010097503e-13,1.3537793108753249e-13,-4.544981493381783e-12,6.940715363557004e-15,7.830870648225149e-12,-5.250408544799455e-16,3.3351192178325087e-12,2.73632471694757e-10,1.899591595133643e-12,3.49489558628001e-15,8.91485670007075e-11,3.366442926891169e-12,-1.9167356005412504e-16,5.088715244287087e-13,-9.820067885472615e-14,2.9997725879532146e-13,1.5432100042289676e-13,1.1529177443814135e-13,2.76773080758756e-14,2.8167593710615777e-12,6.369055477187525e-14,-1.2716937885954227e-10,-1.2458357232362697e-11,-1.4946700208267514e-11,3.4602944786142156e-15,-2.736353487971074e-10,-1.898845664038973e-12,-9.251209944710009e-11,6.83210090431294e-14,1.474639531931305e-11,-1.5402888925257485e-13,-1.1409863455504137e-13,-2.8109892194518774e-12,-3.552713678800501e-15,-3.3394028283358543e-12,2.1710089281867794e-12,-1.6647637342733408e-13,1.2326424325692641e-13,9.814237385737574e-16,-1.3685621524928137e-13,1.3537366783111793e-13,-4.544990588328801e-12,6.9409987017247466e-15,7.84527098100322e-12,5.625498791535695e-10,-1.019495539367199e-09,-6.628815754083917e-11,2.9986949812155216e-12,2.6975222056080382e-12,-9.380089470014778e-09,3.11219661153217e-11,9.829963324969447e-09,-2.7497890187078156e-08,6.256231643853028e-13,6.118414108691184e-13,1.2546969250607868e-13,5.3489945806006745e-14,2.023204122754881e-13,1.4959885182482442e-16,3.4135075321906074e-14,-2.6911840811383315e-14,4.87730744680448e-14,1.060887488968376e-15,1.2635913056631882e-13,-5.0499996480842435e-12,5.585025064647197e-12,8.374243520847813e-13,-8.780716598266736e-14,4.595222350782061e-14,8.930241559155124e-11,-5.915300801268009e-13,1.4226762538854343e-11,2.907973121561251e-10,3.1318888454867634e-14,3.036171430011632e-14
100.0,2.584083317695255e-12,-1.382431946694851e-13,1.0782083374275923e-13,8.59834425881445e-16,-1.0822986951097846e-13,1.1000231836533203e-13,-4.896392056252807e-12,6.507450828197037e-15,8.372201894720396e-12,-4.544146826492504e-16,2.31704470425124e-12,2.1694109923110196e-10,-8.728295863846824e-12,-2.1640374195540534e-15,8.130035032539852e-11,-2.356602567409204e-12,-1.8673446950513753e-16,3.870417657472206e-13,-6.843605139947758e-14,2.2337025639992894e-13,1.3222756223285614e-13,9.256112659436519e-14,2.241517964433375e-14,2.4626395117763173e-12,6.954860731038892e-14,-1.4352897059802577e-10,-1.3554156443643626e-11,-1.0424219627026993e-11,2.862510575796229e-15,-2.1694411172650413e-10,8.729154551967433e-12,-7.893366708712336e-11,5.610625610134869e-14,1.0271473594150658e-11,-1.319899457742288e-13,-9.167534155345342e-14,-2.456986836453574e-12,-2.5165055224836883e-15,-2.3208102106764272e-12,2.584083317695255e-12,-1.417618022969691e-13,1.074437723976492e-13,8.598686577580376e-16,-1.1114025255665183e-13,1.1000054200849263e-13,-4.896410246146843e-12,6.507763078422712e-15,8.384101117068591e-12,5.5475781361262e-10,-1.1249911040067673e-09,-7.13299414201174e-11,1.6487319953739643e-13,3.678698827040231e-12,-9.81992533800008e-09,3.3689360329214324e-11,9.990431842824612e-09,-2.9657750625725992e-08,7.298845787021928e-13,7.184800902374869e-13,1.3522458037577382e-13,-1.3677562786066725e-14,1.0171087675795813e-13,-2.48245868306185e-17,2.7203023167388098e-14,-2.98943605980817e-14,3.666201564556104e-14,-1.5939101890201831e-15,-1.4733814168721438e-13,-4.816926472509901e-12,6.6529537434689704e-12,6.687258746751468e-13,-1.0733060662460048e-13,4.059447222815038e-14,6.661131594630079e-11,-5.071740553572179e-13,1.137553165952035e-11,2.0876633755051444e-10,2.521430546992276e-14,2.546188520441417e-14
104.44025524245689,2.9602261382895754e-12,-1.4685307784626882e-13,1.1460035883222494e-13,1.0279055384643243e-15,-1.2096279533579946e-13,1.229295776283834e-13,-5.4280098993331195e-12,7.1503566956288e-15,9.272480383515358e-12,-5.01814116982009e-16,2.7809143876567077e-12,2.542085783067328e-10,1.8542112290020896e-12,5.111260325093816e-15,8.179346474815022e-11,4.79246272296526e-12,-5.0305030092852755e-16,4.2062935879432363e-13,-7.977630184359574e-14,2.527395282722805e-13,1.4521717162097048e-13,1.217193378683663e-13,2.955759563262982e-14,2.866553547281595e-12,8.143456441033524e-14,-1.7476576909618734e-10,-1.64238488770427e-11,-1.21451169534762e-11,3.4892336416014746e-15,-2.5421159080213497e-10,-1.8531790685338834e-12,-8.65841060114657e-11,6.767349779427327e-14,1.1975640117810165e-11,-1.4504989277828312e-13,-1.21283999163285e-13,-2.8623120543278693e-12,-3.2566542055671257e-15,-2.7853275241795927e-12,2.9602261382895754e-12,-1.502722094907464e-13,1.14627833151341e-13,1.027935375708111e-15,-1.2410623639880214e-13,1.2292709072880826e-13,-5.4280098993331195e-12,7.150651598619717e-15,9.288290433081177e-12,5.435508986314138e-10,-1.2943753972649575e-09,-7.895669114077464e-11,-4.92129402118735e-12,5.271907355108852e-12,-1.032345227390896e-08,3.818938568156405e-11,1.0181782562223621e-08,-3.2832531360327266e-08,8.21439768058004e-13,8.076930790856806e-13,1.2170705415703863e-13,2.2197362466632362e-14,6.621547754548374e-14,8.297066737365336e-18,4.0889829022727754e-14,-3.151400390644099e-14,4.308063239477633e-14,-9.064508403137475e-16,-3.915677856033047e-13,-5.120818968862295e-12,8.145434549078345e-12,7.507424015784636e-13,-1.1288591394986725e-13,4.502995198940596e-14,7.555878403573568e-11,-5.565937793126918e-13,1.5037514405005248e-11,2.4726531933083606e-10,3.0496168379930594e-14,3.062183174853036e-14
109.07766915109553,3.481942882170112e-12,-1.0974569401393335e-13,9.044759015826761e-14,8.080876245930568e-16,-8.458300726488233e-14,8.697291775661142e-14,-5.766687536379322e-12,4.9276092465670254e-15,9.767245501279831e-12,-4.024741635141036e-16,1.543607834146125e-12,1.89192428661114e-10,-8.008455010255489e-12,-2.752970016302777e-15,7.146493080953695e-11,-2.7107945517930907e-12,-2.8406408490932136e-16,2.4095869368715287e-13,-4.468566989303419e-14,1.5934040262943244e-13,1.1535217225855376e-13,9.27952873096005e-14,2.2872756358440725e-14,2.234745416828048e-12,8.730105559081973e-14,-1.997907833817209e-10,-1.8228903528566952e-11,-6.884415518280273e-12,3.129070714919894e-15,-1.8919544115651617e-10,8.009322371993477e-12,-6.874606015622793e-11,5.206224634433022e-14,6.775303832185717e-12,-1.1505812307684854e-13,-9.217088394022885e-14,-2.229539053600703e-12,-3.2566542055671257e-15,-1.5476508963274682e-12,3.481942882170112e-12,-1.1283134426776087e-13,9.055606634926031e-14,8.081234755448937e-16,-8.789129424258135e-14,8.697114139977202e-14,-5.766714821220375e-12,4.927933061615875e-15,9.785602136010615e-12,5.193365116914113e-10,-1.4477875083684922e-09,-8.371171134058386e-11,-1.0987023415509612e-11,7.15604168514498e-12,-1.0367419997427808e-08,4.135625175649693e-11,1.0375202666629804e-08,-3.497355767952589e-08,9.451323982704687e-13,9.344750899013359e-13,1.1753912657989454e-13,3.240869794751689e-14,-6.0031387268585e-15,-5.3372121537146693e-17,2.582108693527374e-14,-2.933911585900617e-14,2.871104243240552e-14,-1.7120795522037233e-15,-8.330971468240023e-14,-4.7895203654964765e-12,9.779068932402879e-12,5.266770131129306e-13,-1.3283624866744503e-13,3.1491614871370644e-14,4.7775323748790596e-11,-4.4161896362027164e-13,1.1447296262830164e-11,1.528709011229997e-10,2.310243720863673e-14,2.3933376981644106e-14
113.92099607392682,3.939183793969884e-12,-7.021299097687006e-14,6.372407786633024e-14,6.47242444825243e-16,-5.4751581046730277e-14,5.729035024160112e-14,-6.021964509272948e-12,3.1257577544815028e-15,1.0126192743579546e-11,-3.121629459892186e-16,6.231866874391775e-13,1.4415271144784816e-10,-6.2815030954510576e-12,-2.2039420828469226e-15,5.4626355522335857e-11,-1.9947007009098647e-12,-2.855244084451986e-16,9.39212473646473e-14,-2.1328223425102753e-14,9.110444956578847e-14,8.848477506262498e-14,7.575433350714713e-14,1.8913415334269966e-14,1.7795629449355358e-12,9.103013120696291e-14,-2.172819497459855e-10,-1.9508475272242883e-11,-3.2909075981098244e-12,3.0815103796201968e-15,-1.4415579163977623e-10,6.2821015750502696e-12,-5.262432079606367e-11,4.087942737159504e-14,3.2285285556099552e-12,-8.848867819044592e-14,-7.532244278986444e-14,-1.774267954956845e-12,-3.700743415417189e-15,-6.276460832547551e-13,3.939183793969884e-12,-7.284673605075417e-14,6.363147046310284e-14,6.472771392947626e-16,-5.790070645161904e-14,5.72889291561296e-14,-6.022228262736462e-12,3.1260989167651112e-15,1.0144079472714415e-11,4.890064398447673e-10,-1.5754019841551781e-09,-8.718780009076e-11,-1.7777492757886648e-11,9.088913325664786e-12,-1.0177985999224231e-08,4.407968434705367e-11,1.0533324295741201e-08,-3.6603296393877827e-08,1.043067114162947e-12,1.0346410765175545e-12,9.156787018442062e-14,2.951550855575154e-14,-2.759179551503621e-14,-8.412529931926353e-17,1.637203983495539e-14,-2.4588142633064082e-14,1.7781900396585115e-14,-1.9337309531408665e-15,1.5522042910257976e-14,-4.236305054898064e-12,1.1010524758603423e-11,3.500872480799444e-13,-1.4628085409640334e-13,2.1288110163553143e-14,2.737283268267442e-11,-3.3953254704316427e-13,9.316553042468464e-12,8.811085194793122e-11,1.790323820906788e-14,1.9040998523271274e-14
118.97937907435858,4.33482657176872e-12,-2.752737297366063e-14,3.498522952819864e-14,4.2982238139070243e-16,-2.4738255888223647e-14,2.6932056584882958e-14,-6.1751597968395796e-12,2.1685199932027405e-16,1.031051700313886e-11,-2.1644441130122004e-16,-2.6314136055323917e-13,1.0163793925729383e-10,-3.2736313659853522e-12,-1.2954710124851104e-15,3.7564511686423905e-11,-1.3119135407653934e-12,-7.53925214567911e-16,-5.206333549101189e-14,-4.2036787487624025e-16,2.7037480781387354e-14,6.106226635438361e-14,5.18692146609773e-14,1.3296265141499485e-14,1.2022816592238813e-12,8.985525946401776e-14,-2.2606491410266617e-10,-2.0073464835606072e-11,-9.387839343109463e-14,2.6086265670725397e-15,-1.0164085020790718e-10,3.274177803880285e-12,-3.6246960294361585e-11,2.805545942062355e-14,7.45140383504233e-14,-6.093733915905897e-14,-5.104086583786866e-14,-1.1966982961328797e-12,-3.1086244689504383e-15,2.5934809855243657e-13,4.33482657176872e-12,-3.0691656623578943e-14,3.466264312616355e-14,4.2985846363900276e-16,-2.759747985692229e-14,2.6930635499411438e-14,-6.175150701892562e-12,2.1715268472277672e-16,1.0328009617902959e-11,4.5355409383773803e-10,-1.6716541722416879e-09,-8.914430509321391e-11,-2.505457814550027e-11,1.101817896180061e-11,-9.759010344020871e-09,4.617315904620334e-11,1.0658914558245564e-08,-3.7628069549100474e-08,1.121969739337203e-12,1.1161873277506136e-12,5.925969206084976e-14,3.608811767937444e-14,-4.72255123895593e-14,-4.0967229608668276e-17,3.204336102013983e-14,-1.8099959031570022e-14,6.407105956895975e-15,-1.383268499743906e-15,4.777878833313783e-14,-3.6384638709326585e-12,1.1732481652870775e-11,1.7222703263541917e-13,-1.5661498764529824e-13,6.154290040546091e-15,8.293520908790564e-12,-2.3363293721531675e-13,6.369634089675607e-12,3.067294566487059e-11,1.2336551051539413e-14,1.3015870210334827e-14
124.26236719115043,4.6385732292246e-12,-1.4551915228366852e-14,2.6253843543599942e-14,3.5080989039630123e-16,-1.4915713109076024e-14,1.7475088043283904e-14,-6.280461093410849e-12,-1.1821909192318477e-15,1.0463797176877657e-11,-1.8948758775485193e-16,-6.786238238021269e-13,9.1945827645368e-11,-1.4432899320127035e-13,9.944543259853155e-16,3.051515444650753e-11,1.1066764788520485e-12,-2.691790802597671e-16,-1.0819802048820838e-13,7.974886900723146e-15,3.8599614460804865e-15,5.3179682879545e-14,4.318016442645637e-14,1.1304991696789183e-14,1.0105178180701841e-12,9.259143086625088e-14,-2.383682806933133e-10,-2.111937024823676e-11,1.1332536976011017e-12,2.7024552300830562e-15,-9.194887398903314e-11,1.4496216727000188e-13,-3.161929630161413e-11,2.4337868549695052e-14,-1.13877899358412e-12,-5.3097269961908944e-14,-4.2616645262686457e-14,-1.0063030965075544e-12,-3.848773152033876e-15,6.748675692354785e-13,4.6385732292246e-12,-1.7650828946595235e-14,2.591680943927107e-14,3.508411154188688e-16,-1.7968204701901413e-14,1.7470824786869344e-14,-6.28049747319892e-12,-1.1818671041829986e-15,1.0481047259721284e-11,4.0903687477111814e-10,-1.780339516699314e-09,-9.045161277754233e-11,-3.4618242352735254e-11,1.345380103619694e-11,-9.02253114598056e-09,4.863670577393009e-11,1.0781880428269564e-08,-3.8376280523759e-08,1.18996756892642e-12,1.1850013563001008e-12,4.5904241056475094e-14,6.266246780721e-15,-1.1756829583949488e-13,2.375877272697835e-17,6.105863037397796e-15,-1.9498774816995022e-14,2.723652414715616e-15,-1.4215249348007812e-15,-1.4467029056201378e-13,-3.4589902497828006e-12,1.2362397683318704e-11,1.1474980965431314e-13,-1.5802527286723488e-13,-9.448460532487009e-16,1.6825817225295862e-12,-2.033786008527605e-13,5.332316760008571e-12,1.208870041106517e-11,1.1024039031174808e-14,1.0954482402199724e-14
129.77993346475662,4.9192886801089726e-12,3.2741809263825416e-15,1.4415491023100912e-14,2.5540750070440767e-16,1.8189894035458566e-16,2.3497648271586513e-15,-6.291538738878444e-12,-2.2317217518441623e-15,1.0448275133967399e-11,-1.511812991621445e-16,-1.3098411244527597e-12,7.055697489680902e-11,-1.1454726056570053e-12,1.8853071110442383e-16,2.442880003222175e-11,5.208796357199693e-13,-7.950852055828413e-16,-1.8436624196524058e-13,2.0926413057178823e-14,-3.211901029380685e-14,4.218847493575595e-14,2.973393449984768e-14,8.212403728247088e-15,7.668911911981572e-13,9.392303252474977e-14,-2.448139906319767e-10,-2.1578180126216172e-11,3.1397107136399427e-12,2.7600805755506608e-15,-7.055988584742236e-11,1.1461404741952563e-12,-2.4946749912737844e-11,1.801429104385206e-14,-3.1237544850534696e-12,-4.195653698600699e-14,-2.89892296263623e-14,-7.613304432092233e-13,-3.2566542055671257e-15,1.3059183364324174e-12,4.9192886801089726e-12,2.2642628512888527e-16,1.4233828930324913e-14,2.5545907981576004e-16,-2.7000623958883807e-15,2.3437252139046903e-15,-6.291484169196337e-12,-2.2313979367953132e-15,1.0466677243433272e-11,3.584660589694977e-10,-1.8695369362831116e-09,-9.037303243530915e-11,-4.5050946937408296e-11,1.6007598209929106e-11,-8.048208507906841e-09,5.0653391203692166e-11,1.0891680728161716e-08,-3.8587813833146356e-08,1.25490321837655e-12,1.2512239392729421e-12,3.950119166947393e-14,3.707856984410303e-14,-1.7374854148026013e-13,6.076620688115024e-18,4.1275993734046776e-14,-1.863810633606633e-14,-2.269757715112064e-15,-2.245472326597072e-15,-1.5036979069312413e-13,-3.2411965851982435e-12,1.2606687960214913e-11,2.319211489520967e-14,-1.583219955136883e-13,-6.791326760217468e-15,-8.929291414799166e-12,-1.6067518409518255e-13,3.691972738447052e-12,-2.3351987010755693e-11,8.156817235538405e-15,8.111634917003692e-15
135.54249376408254,5.172884343096484e-12,1.1035202381511529e-14,9.298872782892431e-15,2.5259724867332524e-16,6.002665031701326e-15,-3.5058178582403344e-15,-6.20548235019669e-12,-2.4537663567691936e-15,1.0291114449501038e-11,-1.422070909651036e-16,-1.6829130681609665e-12,6.778859316699065e-11,1.1177170300413763e-12,2.1709642667671554e-15,2.1225421112072398e-11,1.8946264310512914e-12,-5.493309069393913e-16,-2.2209593028507517e-13,2.7806407047715678e-14,-4.864003257013295e-14,3.930189507173054e-14,3.128158197055722e-14,8.570533215320518e-15,7.583748327346812e-13,9.764387196520752e-14,-2.5513532566965375e-10,-2.2467213043802433e-11,4.172889424184135e-12,3.106627729949444e-15,-6.779163951065578e-11,-1.117144571294304e-12,-2.3120240290176577e-11,1.777898659284846e-14,-4.1456760505107645e-12,-3.913480596442337e-14,-3.0351971189994716e-14,-7.5169176446422e-13,-3.552713678800501e-15,1.67850918349662e-12,5.172884343096484e-12,7.642597665835637e-15,9.364953257318121e-15,2.526421201872372e-16,3.0297542252810672e-15,-3.5122127428621753e-15,-6.205118552315981e-12,-2.4534425417203445e-15,1.0308698013735314e-11,2.945773303508759e-10,-1.972331665456295e-09,-8.889019227353856e-11,-5.849680746905506e-11,1.921136435119782e-11,-6.607875590372376e-09,5.292982718785311e-11,1.100219064475173e-08,-3.825880412478e-08,1.314912068117735e-12,1.3112768278607709e-12,3.2796294615241217e-14,-2.6707628701198398e-14,-2.148198063878226e-13,1.3988810110276973e-18,1.744338007370061e-14,-1.9991577837608078e-14,-3.2875391298148314e-15,-2.52284304558259e-15,-5.105296925952037e-14,-2.9547663871198894e-12,1.2967029761057348e-11,-1.2249756764504127e-14,-1.5247280771291116e-13,-7.730205364708808e-15,-1.3726694199905005e-11,-1.4971151488657464e-13,3.8542802915280386e-12,-3.8302990409041136e-11,8.053716836949517e-15,8.002491898306819e-15
141.56092644919914,5.415695299622788e-12,2.9103830456733704e-14,-3.0830449304630748e-15,1.6842453357905165e-16,2.128217602148652e-14,-1.866702348252147e-14,-6.027712515788153e-12,-3.621223691278412e-15,9.963211293021838e-12,-1.0902902217938947e-16,-2.2764568008426522e-12,5.104331591545227e-11,4.719835633437697e-13,8.733850833911008e-16,1.6636634199892107e-11,8.576472865229334e-13,-5.379978209457464e-16,-2.9474489666936793e-13,3.9711451181686745e-14,-8.093654945217929e-14,2.9753977059954195e-14,2.1581605909889942e-14,6.293583395568068e-15,5.443327934123003e-13,9.690389016306963e-14,-2.56817900998887e-10,-2.2534507526679444e-11,6.0135875607324296e-12,3.3728445383851557e-15,-5.104622686606562e-11,-4.71437125448837e-13,-1.7491168621510924e-11,1.2814038292791543e-14,-5.966338534335591e-12,-2.9572576483970214e-14,-2.093666584126166e-14,-5.353847921088208e-13,-3.848773152033876e-15,2.2718123678563038e-12,5.415695299622788e-12,2.5364480886006882e-14,-2.580691216280684e-15,1.6846963638942707e-16,1.8610535335028545e-14,-1.8673063095775434e-14,-6.027275958331302e-12,-3.6208651817600434e-15,9.982371314739187e-12,2.2718062003453573e-10,-2.0466744899749756e-09,-8.60611180542037e-11,-7.225935405585915e-11,2.235002109311305e-11,-5.002379492547927e-09,5.468928088170344e-11,1.1096783739878517e-08,-3.7411382436403073e-08,1.3703499446293676e-12,1.3677294482169108e-12,2.5191723707074233e-14,5.3151631244456134e-15,-1.7259177790644268e-13,-2.886579864025407e-19,1.6186360585201954e-14,-1.628813195431178e-14,-8.89286866367911e-15,-1.871465945176472e-15,5.517601190755765e-14,-2.6106135919690133e-12,1.2967211659997702e-11,-9.907807907438838e-14,-1.487188683313434e-13,-1.2443009585657213e-14,-2.3596628527102864e-11,-1.1301755972054073e-13,2.653641095457085e-12,-6.945318394476392e-11,5.812170767819739e-15,5.759815367711862e-15
147.84659290713026,5.772591293862206e-12,-1.746229827404022e-14,2.9973534765304066e-14,4.876099524153688e-16,-9.64064383879304e-15,1.2374101743262145e-14,-5.094916559755802e-12,4.561050611269953e-16,8.475035429000855e-12,-2.295383054093901e-16,-2.480941378261529e-12,1.1386542115691853e-10,7.043116090343915e-12,6.9528981819685e-15,3.0247024021237384e-11,6.640675663681527e-12,-7.190643927940095e-16,-2.2040774209119897e-13,3.5290730286395145e-14,-5.319388340660416e-14,6.283862319378386e-14,6.376968746106429e-14,1.661387212078453e-14,1.339753852697189e-12,1.2936868095630106e-13,-3.3366621038927623e-10,-2.958631236758161e-11,5.299636698478131e-12,4.627004436425867e-15,-1.1386890752800196e-10,-7.042803840118239e-12,-3.688803699226146e-11,3.259336197662015e-14,-5.2771740465845524e-12,-6.268846119289462e-14,-6.305776871717269e-14,-1.3305131997485752e-12,-4.736951571734001e-15,2.474909166494399e-12,5.772591293862206e-12,-2.079711218054096e-14,3.033780634117041e-14,4.876335446546421e-16,-1.2022383089060895e-14,1.2371259572319105e-14,-5.0944254326168446e-12,4.56347922413632e-16,8.497469631644587e-12,4.5324365297953285e-11,-2.3738015443086623e-09,-7.250218914123252e-11,-1.1310905392747373e-10,3.190119575909497e-11,6.387613951986613e-10,6.026302373784986e-11,1.132443987670224e-08,-3.2572188501944765e-08,1.4744416798606608e-12,1.4677742354862744e-12,4.2594244104021683e-14,1.8881118890590186e-15,-8.576004499142679e-13,2.589040093425865e-17,3.482311106139946e-14,-5.2089178803615966e-14,1.390944248669257e-14,-6.869782520624312e-15,-1.6043486539274454e-13,-2.7828112555046877e-12,1.644366420805454e-11,6.130846941232448e-14,-1.0478117928869323e-13,1.2171745093307132e-15,-1.2586934078996798e-11,-2.3945737970612613e-13,7.886959713720127e-12,-3.731415176844166e-11,1.4867473571711364e-14,1.4563771195963414e-14
154.41135899948313,6.275074534064136e-12,2.267673456420501e-14,2.5660066664083083e-15,2.599631158487862e-16,2.7648638933897018e-14,-2.419326960989565e-14,-3.917502908734605e-12,-9.130890488151522e-16,6.4416478077570595e-12,-1.7486896375554518e-16,-4.214739668384482e-12,8.170226013352775e-11,6.855627177060342e-13,1.4858087272103435e-15,2.6600442527681248e-11,1.3424446739425853e-12,-5.708943856444881e-16,-4.283545190668763e-13,6.819157641658411e-14,-1.3899734076905884e-13,4.707345624410664e-14,3.0758894241244504e-14,9.062007581403725e-15,8.200179777563731e-13,1.4307580319284937e-13,-3.7861734660982504e-10,-3.3359064800749753e-11,1.0232228501187164e-11,5.5445376299460376e-15,-8.17055434150335e-11,-6.851550576891796e-13,-2.7939090084681973e-11,1.9916873156171746e-14,-1.0158798866721259e-11,-4.707748134467199e-14,-2.973254320652543e-14,-8.13529521607488e-13,-5.921189464667502e-15,4.208041322802576e-12,6.275074534064136e-12,1.892885848064907e-14,3.1313618364947614e-15,2.5998948364562104e-16,2.49599452217808e-14,-2.419362488126353e-14,-3.916684363503009e-12,-9.1275366894313e-16,6.464415491791442e-12,-1.4199564854303996e-10,-2.613593824207783e-09,-5.520596459973603e-11,-1.5358702512457967e-10,4.101538664258442e-11,6.6038833316523846e-09,6.41903474818406e-11,1.1532472535009659e-08,-2.640081220306456e-08,1.5944360646595139e-12,1.5904139116784676e-12,3.96588895982634e-14,9.431714668532247e-15,-1.0344213781839546e-12,3.6585549404814326e-17,5.400285774115332e-15,-5.235159805661027e-14,6.545235464727739e-15,-8.132846248306198e-15,3.2766062455872696e-13,-1.5575399932761986e-12,1.877870090538636e-11,-1.5062369129736907e-13,-8.444658305961639e-14,-8.351467665571969e-15,-3.761745437111321e-11,-1.797579554825568e-13,3.8261776182030165e-12,-1.1792996209199677e-10,9.34451590180648e-15,8.627787431251625e-15
161.2676174624066,6.641855954114817e-12,6.07542460784316e-14,-2.3846998450001896e-14,1.2784935147595413e-16,6.22094376012683e-14,-5.869296160199156e-14,-2.865344868041575e-12,-8.281222929618082e-16,4.61974802116553e-12,-1.2589690687709055e-16,-5.550171433554851e-12,5.3613482217459505e-11,-1.6572854200092024e-12,1.5419764230904951e-16,1.9476328343302918e-11,1.0346661798937223e-13,-6.968642238645507e-16,-5.919950257776351e-13,9.297230298294489e-14,-2.039453877096305e-13,3.3084646133829665e-14,1.4242533635045177e-14,5.281840940732576e-15,5.204687264916008e-13,1.4524521034034358e-13,-3.864608840273945e-10,-3.389866356978204e-11,1.4036833710877038e-11,6.183259199793456e-15,-5.361693474027999e-11,1.6577451217303363e-12,-1.95749473729122e-11,1.1609114235126782e-14,-1.3923229494403766e-11,-3.303970595378014e-14,-1.3131873249548734e-14,-5.132283487599171e-13,-6.217248937900877e-15,5.5423813686653984e-12,6.641855954114817e-12,5.660751867253566e-14,-2.3498121966743686e-14,1.2787710705156977e-16,5.928200152993668e-14,-5.869509323019884e-14,-2.864398993551731e-12,-8.2798351508373e-16,4.6430007690408575e-12,-2.9671937227249145e-10,-2.7409056201577187e-09,-3.9665610529482365e-11,-1.8681646906770766e-10,4.80940206178578e-11,1.1602085493884028e-08,6.685891423829915e-11,1.1678177854078009e-08,-2.0825837054871954e-08,1.6806996535242055e-12,1.6783345084074124e-12,3.391432967791985e-14,2.6904382425622468e-14,-7.091339663626665e-13,-3.2529534621517085e-17,1.503144692049929e-14,-3.610910875861961e-14,-1.1084182460763259e-14,-6.063760604746449e-15,4.850638409455617e-15,-4.0502830718954407e-13,1.9123399397358297e-11,-3.3828371215349763e-13,-7.591950179630658e-14,-6.813068627783044e-15,-5.842768129780801e-11,-1.2605400664250643e-13,1.785295976830675e-12,-1.8227671224243144e-10,5.292894305712152e-15,5.1889453382229315e-15
168.4283113011666,6.9072444060698975e-12,8.585629984736442e-14,-4.1592566428031814e-14,8.879378713781231e-17,8.403731044381857e-14,-8.048743893596111e-14,-1.8422360881231725e-12,-8.527900607901983e-17,2.869637683033943e-12,-9.609617021031612e-17,-6.430467269780138e-12,4.250380535335985e-11,1.570549246210362e-12,2.4909544912854464e-15,1.2184302563802677e-11,2.1772707094037794e-12,-7.874232483296671e-16,-6.787945326432188e-13,1.069888686688375e-13,-2.3558351651893405e-13,2.4424906541753444e-14,1.6397601622942875e-14,5.636393896602626e-15,4.437900836650132e-13,1.403914039478411e-13,-3.740189144881707e-10,-3.2775786763148225e-11,1.6225986962316988e-11,6.713921953116486e-15,-4.2508679503224053e-11,-1.570184954280407e-12,-1.435615708102035e-11,9.961918054419086e-15,-1.6097459282861543e-11,-2.4454315525682113e-14,-1.6229013166895132e-14,-4.368699846761245e-13,-7.253457094217689e-15,6.422270123114989e-12,6.9072444060698975e-12,8.18962083333948e-14,-4.1691331868302465e-14,8.882778771794146e-17,8.078018254309427e-14,-8.04909916496399e-14,-1.8416540115140377e-12,-8.502457996920991e-17,2.8939211915712805e-12,-4.341825842857361e-10,-2.8040725737810135e-09,-2.4581459001637995e-11,-2.1619940525852144e-10,5.394911776572068e-11,1.6151568351508402e-08,6.888065118282327e-11,1.1781908750816936e-08,-1.535060315897378e-08,1.7396800666702462e-12,1.7376267091862018e-12,1.98132309170429e-14,8.228203303891254e-15,-3.328182174300309e-15,-4.518607710224387e-17,1.611496075470953e-14,-1.2754436395923107e-14,-3.911310386683908e-14,-5.29853938502356e-16,-4.244308608273665e-14,5.40118586892883e-13,1.8295941117685287e-11,-4.461838898350834e-13,-7.583594197058119e-14,1.9811929874435917e-15,-7.071428713907365e-11,-9.298399723800532e-14,1.9880715343566887e-12,-2.1620039092340448e-10,4.419893270823927e-15,4.580440482922684e-15
175.90695822349824,7.1008036487777795e-12,1.0635024712731441e-13,-5.591923960916271e-14,-4.091634438670629e-18,9.877112461254001e-14,-9.510969789516821e-14,-9.692848834674805e-13,-3.781465881165976e-16,1.3853423297405244e-12,-6.374494675328007e-17,-7.142564317774713e-12,2.964390250885416e-11,2.3733792708924284e-12,2.183462708477752e-15,6.6836389817698854e-12,2.6171965829114977e-12,-5.313464400912404e-16,-7.175687613985413e-13,1.1666701196853135e-13,-2.6829313964270137e-13,1.5765166949677223e-14,5.2742720026044906e-15,2.9776701646753227e-15,2.2475573000026222e-13,1.2817527972812297e-13,-3.4421001739837607e-10,-3.015520820699571e-11,1.7700569692140056e-11,6.714784797345423e-15,-2.964887820350721e-11,-2.373110388753652e-12,-9.29314495727122e-12,5.090175784568572e-15,-1.754916625454931e-11,-1.5759014102348368e-14,-4.7076526743665275e-15,-2.1467966295689214e-13,-7.84557604068444e-15,7.134441185977873e-12,7.1008036487777795e-12,1.0263458231444626e-13,-5.62899060696509e-14,-4.081919987205159e-18,9.512177712167613e-14,-9.511360588021488e-14,-9.688847057987004e-13,-3.779615509458267e-16,1.404805516358465e-12,-5.448857943216959e-10,-2.8120120987296106e-09,-1.1697557056322693e-11,-2.397781645413488e-10,5.830770533066243e-11,1.986822902582326e-08,7.02161800925083e-11,1.1853536429571003e-08,-1.0660338981930787e-08,1.7812725368789491e-12,1.7802435451722924e-12,9.226415927561979e-15,-2.432143375585838e-15,-4.744767541827363e-13,-1.6342482922482304e-17,2.0012810852954034e-15,-2.0485550755733328e-14,-2.7106779043606366e-14,-2.88611727109848e-15,-1.2599533268560967e-13,1.3331979668388764e-12,1.6989179130177945e-11,-5.380258016884909e-13,-5.0468997869757e-14,-4.030109579389318e-15,-7.870210942899068e-11,-5.968489591445802e-14,6.761385510683408e-13,-2.412564962620915e-10,2.3363183494310806e-15,2.2588687286403026e-15
183.71767615786374,7.238221133576417e-12,1.1471759838362534e-13,-6.231128206006057e-14,-3.809152067842566e-17,1.0786607163026929e-13,-1.0445226905630989e-13,-5.3914845921099185e-14,3.747696597500294e-16,-1.57160684466362e-13,-5.188457966758854e-17,-7.69362351604741e-12,2.3849756857776897e-11,2.180061686729573e-12,2.9256894457251203e-15,4.860589168807926e-12,2.4827362388180063e-12,-7.585554426250803e-16,-7.276867931866538e-13,1.231242175398069e-13,-2.8028935761517723e-13,1.2101430968414206e-14,2.9107368576725142e-15,2.2512487001746667e-15,1.54924573348357e-13,1.1589315913960086e-13,-3.1148520092733734e-10,-2.7292262977684568e-11,1.859680368355374e-11,7.183810657162651e-15,-2.3854394069800483e-11,-2.179688721182238e-12,-7.338526006009063e-12,3.6697578244982335e-15,-1.8444160927237834e-11,-1.2347883674747318e-14,-2.6015975305709755e-15,-1.4495571411316683e-13,-7.84557604068444e-15,7.684963776455334e-12,7.238221133576417e-12,1.1218238190243331e-13,-6.27932668824845e-14,-3.810007864757381e-17,1.0402914085716475e-13,-1.0445830866956385e-13,-5.3823896450921896e-14,3.75000956213493e-16,-1.381219287092487e-13,-6.505598624547323e-10,-2.803211100399494e-09,1.7196725821122527e-12,-2.6182802685070785e-10,6.205876701415037e-11,2.351276465518357e-08,7.134046825507667e-11,1.1911146205287966e-08,-5.716477365543445e-09,1.8138290869273988e-12,1.8130974499541708e-12,6.439091158420377e-15,-3.007893193777515e-14,-1.5268047566981597e-13,-1.447730824111204e-17,8.311434873675694e-15,-1.127867660377646e-14,-4.122284735785797e-14,-3.9653465696195176e-16,3.941143707682689e-14,1.9021778522680204e-12,1.555654307594523e-11,-5.824063009640667e-13,-4.439471013029106e-14,8.232303727595536e-16,-8.343878559656354e-11,-4.658469790475017e-14,3.8157538066686976e-13,-2.5501852481587167e-10,1.720344063963856e-15,1.5906330072534836e-15
191.87520990478325,7.371132593192441e-12,1.2078089639544487e-13,-6.606176346698097e-14,-4.684909867454697e-17,1.1477823136374355e-13,-1.1123013621272548e-13,1.2521923054009676e-12,2.2371687835587297e-15,-2.3438284794489542e-12,-4.924684848375971e-17,-8.251122007862932e-12,2.1538326677728034e-11,1.6013579351437102e-12,2.331637005384104e-15,4.424662796647599e-12,2.4668538816601743e-12,-6.882919350565438e-16,-7.315583899402352e-13,1.3004213339237672e-13,-3.000555230637725e-13,1.1324274851176597e-14,2.2545000921777403e-15,1.9058223260434763e-15,1.3697698385992486e-13,1.0670737837444984e-13,-2.8563464006617653e-10,-2.5050948314474787e-11,1.9673668379159927e-11,7.442835591187543e-15,-2.154225307622976e-11,-1.6007507819271183e-12,-6.8874882649024495e-12,3.1603081094848413e-15,-1.9506463627823357e-11,-1.1537388340705779e-14,-1.3627415636324158e-15,-1.3018475188056432e-13,-7.401486830834377e-15,8.242443764553778e-12,7.371132593192441e-12,1.1799083191969354e-13,-6.602268361651417e-14,-4.6861588683574e-17,1.108219294110313e-13,-1.1123759691145097e-13,1.2522650649771095e-12,2.2374925986075784e-15,-2.3252444710427276e-12,-7.823109626770019e-10,-2.808752469718456e-09,2.06149707082659e-11,-2.8772585210390387e-10,6.610247756574002e-11,2.822093318722774e-08,7.258155881872952e-11,1.1972363529580655e-08,1.3631809755073239e-09,1.8473657788694217e-12,1.846732211596702e-12,7.375402372167273e-15,1.9366878471297847e-15,-5.287385344369492e-13,-1.674216321134736e-17,4.922832974596503e-15,-1.9220769420513762e-14,-2.8859830081273684e-14,-1.8660998672241173e-15,-1.622538547962904e-13,2.5929087617745e-12,1.4392207958735526e-11,-6.298165544649237e-13,-1.460875864722766e-14,3.2865377086466196e-15,-8.80242648796665e-11,-4.34784586805792e-14,2.6202190843240206e-13,-2.7100573637047393e-10,1.4579483453847076e-15,1.3945875704246546e-15
200.39495897155572,7.566797558903697e-12,1.1338367282102505e-13,-6.174379526176685e-14,4.530519478092761e-17,1.1641532182693482e-13,-1.1237339947456348e-13,4.595858626998961e-12,8.426985960892826e-15,-7.906540607412656e-12,-8.27205317680656e-17,-9.687325016235112e-12,3.861734780191288e-11,4.336392356307783e-12,5.2775046582082604e-15,6.958361356248746e-12,4.8428853520003185e-12,-6.991210875109064e-16,-7.397621245158998e-13,1.4659300904945218e-13,-3.1872114766528296e-13,1.9761969838327786e-14,1.6859783215491415e-14,5.380736187263273e-15,3.833841680921112e-13,1.1224485229085889e-13,-2.9635961042350636e-10,-2.612623957648845e-11,2.215777948718866e-11,8.004470386571242e-15,-3.862235734482887e-11,-4.335976022673549e-12,-1.1801439455301951e-11,9.512241359532826e-15,-2.198716660935789e-11,-2.0016296562938574e-14,-1.6476784360282846e-14,-3.7778613574571455e-13,-8.585724723767877e-15,9.677444031315948e-12,7.566797558903697e-12,1.0974190445267596e-13,-6.173692668198783e-14,4.5307970338489175e-17,1.1220890883123502e-13,-1.1237588637413865e-13,4.5960405259393155e-12,8.427009090539173e-15,-7.894232112448663e-12,-1.074187457561493e-09,-2.9198825359344484e-09,6.822156137786806e-11,-3.3788492146413773e-10,7.301526494529754e-11,3.885451257892148e-08,7.50115108916205e-11,1.2078528530523422e-08,1.9538371513287227e-08,1.8995101787785036e-12,1.8975939338380008e-12,9.940127424871529e-15,1.6718493256462353e-14,-5.93653718775992e-14,-3.3306690738754695e-17,1.5439308165277053e-14,-1.992973355791072e-14,-5.262052127363859e-14,2.51363744633674e-15,8.60988317678372e-15,3.960788793240984e-12,1.4657598512712865e-11,-6.375927341650822e-13,2.0220340957166626e-14,2.6457909937012876e-14,-9.535524824524717e-11,-7.558444972341483e-14,2.0737674601572154e-12,-2.9681501700906665e-10,4.477851827759209e-15,4.103917726483441e-15
209.29300664290955,7.907399179885033e-12,1.534014396990339e-13,-9.026900708401323e-14,-4.3872081893307304e-17,1.6025296645238995e-13,-1.561367923841317e-13,1.0146140994038432e-11,1.7704379629002175e-14,-1.7233348141113916e-11,-7.32963726108353e-17,-1.2559916070150242e-11,3.102951500080707e-11,1.6006640457533194e-12,3.3126893878484185e-15,6.959845508555971e-12,3.1778592103472018e-12,-5.58786434101194e-16,-9.496023911256288e-13,1.8780761829427604e-13,-4.2058249647838435e-13,1.6542323066914832e-14,7.571992924292855e-15,3.387232136411328e-15,2.511717583845459e-13,1.2213091045555665e-13,-3.2316136492250603e-10,-2.8450740163782346e-11,2.842955844899671e-11,1.0392425671470565e-14,-3.1034490695460116e-11,-1.6004645525535821e-12,-1.013765653213995e-11,6.0809389253187605e-15,-2.81956370396222e-11,-1.69328255843898e-14,-7.0614790115497905e-15,-2.4497265329833113e-13,-1.1102230246251565e-14,1.2548036683786753e-11,7.907399179885033e-12,1.487923858197367e-13,-8.989549845258201e-14,-4.392181063295197e-17,1.560920281917788e-13,-1.5613466075592442e-13,1.0146650311071425e-11,1.7704055813953326e-14,-1.722116091211016e-11,-1.5216569105784097e-09,-3.101350739598274e-09,1.4711440599057823e-10,-4.101412196177989e-10,8.191436270029347e-11,5.5582076615686424e-08,7.813371477594089e-11,1.2233696727009637e-08,4.970782659559821e-08,1.9846528124626654e-12,1.983437858399384e-12,1.2086633777164125e-14,-1.4561344722589336e-14,-3.399065917619737e-13,-3.669657170727684e-17,8.428165110263564e-15,-2.1500214109071436e-14,-5.619654075417202e-14,1.9242940574315525e-15,9.980188527454933e-14,7.290024465570847e-12,1.6136254998855294e-11,-8.903668913262664e-13,9.34949184738798e-14,4.6834295700885304e-14,-1.2489069210333097e-10,-6.371384539752278e-14,9.492462846923946e-13,-3.8887411809203815e-10,2.8632752997285552e-15,2.62283828914948e-15
218.5861503424672,8.159597442158883e-12,1.825052701557676e-13,-1.1118241142564026e-13,-9.439486229704622e-17,1.9190338207408785e-13,-1.8720172079156327e-13,1.5024306776467712e-11,2.7074916382948308e-14,-2.5421225776274997e-11,-6.464322519384325e-17,-1.4479269635122213e-11,2.5788991538472766e-11,1.1650402864660236e-12,3.88415428292932e-15,4.930768370763832e-12,3.693187730944045e-12,-4.956917875269642e-16,-1.0722367095051023e-12,2.1829518167253633e-13,-4.992905314000298e-13,1.4099832412739488e-14,2.8182007289896887e-15,2.2970479591574966e-15,1.7708871805634322e-13,1.2026197091583686e-13,-3.1738892295306335e-10,-2.7923836791915512e-11,3.299851348243084e-11,1.1830389460310934e-14,-2.579471189491062e-11,-1.1645458902753703e-12,-8.624823463445865e-12,4.032308203490725e-15,-3.2713780005324646e-11,-1.429081462542281e-14,-2.6015975305709755e-15,-1.7211926330363074e-13,-1.1842378929335004e-14,1.4465613891919324e-11,8.159597442158883e-12,1.7731736079440453e-13,-1.1103414484144499e-13,-9.444574751900821e-17,1.876003352663247e-13,-1.872013655201954e-13,1.5025289030745625e-11,2.7074546308606766e-14,-2.5407522722768286e-11,-1.881768306096395e-09,-3.200117498636246e-09,2.1640043996740132e-10,-4.671116766985506e-10,8.773311558722222e-11,6.979954103075596e-08,8.0412232428273e-11,1.234679932136726e-08,7.625355162114526e-08,2.0466302726636816e-12,2.0458249908964867e-12,1.1218693798017061e-14,1.988211077256589e-14,-1.077070995355219e-12,-4.4068452590787883e-17,1.2638946833565256e-14,-3.41086298094595e-14,-3.315705043860362e-14,1.4953778955847004e-15,3.1517023065437876e-13,1.0079626614848772e-11,1.591924956301227e-11,-1.0851692877622553e-12,1.6622607290628366e-13,6.30523411260242e-14,-1.4578147474716135e-10,-5.3555738403071595e-14,3.8103338118133414e-13,-4.5572434714813426e-10,1.8563391564659543e-15,1.7835053457241717e-15
228.29193334233327,8.346018690967108e-12,2.026354195550084e-13,-1.2591243603310432e-13,-1.219524481399503e-16,2.1336745703592897e-13,-2.087755746060793e-13,1.9291073840577156e-11,3.718571746820961e-14,-3.257106679181258e-11,-5.686943914825903e-17,-1.6069164517536667e-11,2.2686053577697238e-11,2.0951296253457485e-12,5.411674677053342e-15,2.2088619513718458e-12,5.012348560897964e-12,-6.1586639004528e-16,-1.1311887406171407e-12,2.3696968160345873e-13,-5.436946112962658e-13,1.176836406102666e-14,3.544470965955318e-15,2.223521131627525e-15,1.5567172742315232e-13,1.1090290384115221e-13,-2.9111466705447204e-10,-2.5609457010753515e-11,3.588829491982959e-11,1.2992604496615823e-14,-2.2692315506342227e-11,-2.094661250007235e-12,-7.22402461924195e-12,3.486488575405688e-15,-3.557805213229712e-11,-1.1926644025682387e-14,-2.9732543206525433e-15,-1.50338352892844e-13,-1.2878587085651816e-14,1.6054269025289614e-11,8.346018690967108e-12,1.9648401424395463e-13,-1.2551121623497844e-13,-1.219836731625179e-16,2.0919515009154566e-13,-2.087709560782969e-13,1.9292274373583496e-11,3.7185023578819214e-14,-3.2558818929828703e-11,-2.1627172827720642e-09,-3.2456591725349425e-09,2.7694441087078304e-10,-5.111205973662436e-10,9.112355314755405e-11,8.183411240637259e-08,8.206371693297854e-11,1.2428444885012377e-08,9.949311182329741e-08,2.0912912142752778e-12,2.0905910336210808e-12,7.604755945337752e-15,8.725805263528249e-15,-1.061926013790071e-12,-4.1640764910274204e-17,7.317479955304407e-16,-3.07454971204546e-14,-4.214541604596889e-14,2.4023375881180677e-15,3.3760443329811094e-13,1.254059801188608e-11,1.502121449448168e-11,-1.2059501841577002e-12,2.0346078599686735e-13,8.422540442865056e-14,-1.5924625958981525e-10,-4.4405180487511187e-14,4.044787303556464e-13,-4.973159661858517e-10,1.561937789755034e-15,1.5872358404463622e-15
238.42867788067264,8.632955091532798e-12,2.3792381398379803e-13,-1.5225201840015265e-13,-9.322912812118981e-17,2.610249794088304e-13,-2.5572965967057825e-13,2.887121809180826e-11,5.891615898849049e-14,-4.861503839492798e-11,-7.812989553826304e-17,-1.992602379393323e-11,3.2806007233259107e-11,3.633343625963903e-12,7.277707082808949e-15,3.0809941789191855e-12,7.050687194581289e-12,-6.846831206784575e-16,-1.3260988761416687e-12,2.922823481951397e-13,-6.692595444243656e-13,1.6653345369377348e-14,1.3671211130467884e-14,4.723743284093366e-15,3.150982952522949e-13,1.178558787706479e-13,-3.0544819600299127e-10,-2.69118449577268e-11,4.423469342756044e-11,1.4752056817143404e-14,-3.2813183065003636e-11,-3.6327798408342105e-12,-1.0134919523988966e-11,7.441757261748602e-15,-4.385515206797928e-11,-1.6875932075388622e-14,-1.2884102056161022e-14,-3.091887857163403e-13,-1.554312234475219e-14,1.9909407455998007e-11,8.632955091532798e-12,2.3165493227376525e-13,-1.517413750207197e-13,-9.32749248209556e-17,2.569436219346244e-13,-2.5572255424322066e-13,2.8872600523754955e-11,5.89154650991001e-14,-4.860624661281084e-11,-2.804398536682129e-09,-3.451714292168617e-09,4.11911605624482e-10,-5.905184661969543e-10,9.404023633881782e-11,1.0704170986279022e-07,8.515024796373893e-11,1.2571307772950186e-08,1.5168901275804578e-07,2.165148060839783e-12,2.163617803437508e-12,9.219904932115478e-15,4.594398935372131e-15,-1.5592519275742234e-12,-6.74127420552395e-17,1.0755500656767225e-14,-4.5351140551264104e-14,-3.727990360857802e-14,7.465232136164937e-15,1.7535057850182056e-13,1.783434224004547e-11,1.6455123841296882e-11,-1.4811519122304162e-12,3.0585511012759524e-13,1.2922200346802507e-13,-1.951266022144917e-10,-6.294102608897512e-14,1.6726975194230983e-12,-6.09804355159819e-10,3.2948181220386155e-15,3.4293820676730332e-15
249.01551974978983,8.91242931307564e-12,2.871577938397725e-13,-1.901381570708812e-13,-2.112409784131112e-16,3.192326403222978e-13,-3.1369822295346237e-13,3.8153229979798197e-11,8.247032686388897e-14,-6.418946820000807e-11,-6.433349347946393e-17,-2.4775255920890988e-11,2.5627467627694984e-11,3.171629625597916e-12,7.639559557875986e-15,1.8579852162976037e-13,7.418602769130683e-12,-7.537274342003431e-16,-1.543138564876474e-12,3.4143553617491043e-13,-7.745499977830025e-13,1.2212453270876722e-14,6.723092279174092e-15,3.0709699924100327e-15,1.8436650238928474e-13,1.1319908353419778e-13,-2.933943710497229e-10,-2.5797402156202897e-11,5.165841914440746e-11,1.8492423304455885e-14,-2.5635252728172538e-11,-3.1710484932334637e-12,-7.60984639500448e-12,4.548086890266287e-15,-5.122455431403999e-11,-1.2310072123981886e-14,-5.8226230446112306e-15,-1.7787743502142492e-13,-1.865174681370263e-14,2.4754568765198808e-11,8.91242931307564e-12,2.8035174182150515e-13,-1.8962490836808381e-13,-2.1130620401580793e-16,3.155378180963453e-13,-3.1369040698336905e-13,3.81549762096256e-11,8.246967923379126e-14,-6.418061578491082e-11,-3.3602118492126466e-09,-3.605242818593979e-09,5.42541965842247e-10,-6.560789188370109e-10,9.400198545487607e-11,1.3072035154584947e-07,8.757596037245463e-11,1.2692941625038535e-08,2.022694995199951e-07,2.2320911785556063e-12,2.2311833861958045e-12,5.192952549452438e-15,-2.4334460372680647e-15,-3.9654632170519716e-13,-4.9960036108132046e-17,9.208048212805409e-15,-1.2320364867202116e-14,-1.1227569984839647e-13,7.078596967839227e-15,2.2616101584086816e-13,2.3427370858068267e-11,1.6966987459454686e-11,-1.7754530290403637e-12,3.42969315170194e-13,1.7687980709742608e-13,-2.3087061977940023e-10,-4.520429169874163e-14,8.430511640639317e-13,-7.159748349749862e-10,2.0539010307333664e-15,2.0534283185861627e-15
260.0724444200114,9.137483362546087e-12,3.272968266780178e-13,-2.2012471845300752e-13,-2.789079152816972e-16,3.6561687011271717e-13,-3.6003733328016095e-13,4.712248482974246e-11,1.0650818190368246e-13,-7.922256675859292e-11,-5.748756144151786e-17,-2.7762051916605895e-11,2.1551595196802823e-11,2.7380875344817923e-12,8.57076875713298e-15,-1.8070710822776844e-12,8.146569838471705e-12,-6.411849864140613e-16,-1.6974364688873508e-12,3.910784809685965e-13,-8.968359001174421e-13,9.880984919163893e-15,1.683691761219538e-15,1.7762732581628713e-15,1.0264090224397998e-13,1.0395325814500987e-13,-2.6804971564502876e-10,-2.3516048163471307e-11,5.916667672596665e-11,2.147079217615482e-14,-2.1559549538595106e-11,-2.737653853612798e-12,-6.346514748919082e-12,2.6076637040586637e-15,-5.866087977125951e-11,-9.959304973598815e-15,-1.4866271603262717e-15,-9.65119650960722e-14,-2.3092638912203256e-14,2.773840416618138e-11,9.137483362546087e-12,3.198181275365641e-13,-2.1977015762786323e-13,-2.789555623531707e-16,3.618026767071569e-13,-3.6003697800879306e-13,4.712412192020565e-11,1.0650758053287746e-13,-7.921395687541614e-11,-3.832702835400899e-09,-3.73106449842453e-09,6.685098924208432e-10,-7.091645966283977e-10,9.151231476304626e-11,1.529570211058071e-07,8.96087926083311e-11,1.2793838019325105e-08,2.511557492349918e-07,2.2870890366751458e-12,2.2865920268344554e-12,3.902908089307526e-15,-1.4071795580624288e-14,-1.546938695658658e-12,-3.9153865335113856e-17,1.5967359379143176e-14,-3.556179031805051e-14,-7.410875468849554e-14,1.4187354994514104e-14,1.4297256711870432e-13,2.8556435912226638e-11,1.6359626897610724e-11,-2.0655136268032948e-12,4.3039563024649397e-13,2.1171231434635728e-13,-2.6359359139860317e-10,-3.6096776609428893e-14,2.300342602235588e-13,-8.230690203466414e-10,1.1932252061419568e-15,1.160800333170157e-15
271.62032476755695,9.327435120572621e-12,3.7446928520997366e-13,-2.539001305497853e-13,-3.015976357545469e-16,4.1636667447164653e-13,-4.105931594722279e-13,5.698533641407266e-11,1.318869550607597e-13,-9.575742296874523e-11,-6.13103623046344e-17,-2.92916616887832e-11,2.3313600372714018e-11,3.0005165019275637e-12,9.984447923146024e-15,-3.140186798860572e-12,1.0060779370096246e-11,-6.421251204900342e-16,-1.86161797263641e-12,4.561499756728074e-13,-1.0715362705664888e-12,1.0769163338864018e-14,-1.5939382191812036e-16,1.1875520256807587e-15,8.826222034940401e-14,9.417555764418833e-14,-2.400458176222935e-10,-2.1008929170797448e-11,6.904606085844386e-11,2.3297763186973935e-14,-2.3320505418354977e-11,-3.000186904467128e-12,-6.928880694509785e-12,2.3193893357082414e-15,-6.843249481292777e-11,-1.0765910732346562e-14,8.671991768569918e-16,-8.161582521743071e-14,-2.5461114698070258e-14,2.926607104806559e-11,9.327435120572621e-12,3.6839461851438196e-13,-2.5351051628301015e-13,-3.0166887506529366e-16,4.1296175368188414e-13,-4.105849882307666e-13,5.6986900744959715e-11,1.3188598361561315e-13,-9.574614523444325e-11,-4.308546582857768e-09,-3.879982978105545e-09,8.06670868769288e-10,-7.541266677435487e-10,8.562139441892213e-11,1.7646714188104367e-07,9.149966895272144e-11,1.2884209093316565e-08,3.049214380250002e-07,2.3347301869591776e-12,2.3343068219124536e-12,4.487035742961609e-15,-7.356929880112754e-16,-5.001490421818744e-12,-6.748675692354785e-17,2.3560402240274668e-14,-1.145412032582671e-13,6.658666507064481e-14,4.317564824181848e-14,3.0995579436421394e-13,3.4228529936323564e-11,1.5675141185056418e-11,-2.42950193296565e-12,5.679612513631583e-13,2.442779312161747e-13,-3.042543994524749e-10,-3.9138993695314594e-14,-2.1099265686922345e-15,-9.597656003279553e-10,1.1184991012084626e-15,9.721506007605758e-16
283.68096047762685,9.6551714771446e-12,4.903995431959629e-13,-3.424034389354347e-13,-4.294053538670776e-16,5.611582309938967e-13,-5.551108017698425e-13,7.754260877845809e-11,1.95989613427372e-13,-1.302648646136125e-10,-8.027542999365818e-17,-4.2678582889976724e-11,2.670086374223501e-11,2.5242308243633715e-12,1.3227417087958222e-14,-4.295637919445502e-12,1.2821688155639777e-11,-6.213690191758305e-16,-2.4195870590487296e-12,5.986522647114677e-13,-1.3762602169009597e-12,1.3322676295501878e-14,4.165123892458314e-15,2.1493893939574467e-15,1.664723334392501e-13,9.837251565536288e-14,-2.4410701858155995e-10,-2.126621071615045e-11,9.064707640835306e-11,3.243014490486353e-14,-2.670648255388403e-11,-2.524109393720053e-12,-8.538270399347268e-12,3.760677188537138e-15,-8.986992029111545e-11,-1.3209377168477143e-14,-4.212110287591103e-15,-1.622302292665494e-13,-3.44909286316882e-14,4.264470258400858e-11,9.6551714771446e-12,4.840956080442993e-13,-3.4253702096975757e-13,-4.294944030055111e-16,5.568438155023613e-13,-5.550973014578631e-13,7.754410034976899e-11,1.9598933587161583e-13,-1.3025728549109773e-10,-5.4416557153066e-09,-4.319241270422935e-09,1.0937430488411337e-09,-8.271083061117679e-10,6.797939988700819e-11,2.2337306206260787e-07,9.483110130492634e-11,1.3043722205450027e-08,4.1698846568275866e-07,2.4194043065269474e-12,2.4186782206688425e-12,9.143085594187639e-15,-3.892071849994257e-15,-3.111354847836386e-12,-9.599728419592187e-17,-1.1287318302244386e-15,-6.596873255992896e-14,-8.101551429717802e-14,3.7491861467249994e-14,4.845787771046162e-13,4.66563506051898e-11,1.8299033399671317e-11,-3.2035302410804435e-12,6.244829364732141e-13,3.5046613759230164e-13,-4.023530862489912e-10,-4.7570617150299865e-14,4.814987929627063e-13,-1.2610013773913427e-09,1.6369862641344804e-15,1.7613731653765007e-15
296.27711919708696,9.9062387922307e-12,5.789236941685279e-13,-4.113528480805447e-13,-5.800915303666443e-16,6.726622814312578e-13,-6.662602913820592e-13,9.407682227902114e-11,2.5793228664028333e-13,-1.5801827733715375e-10,-8.108533466339117e-17,-5.516668603415079e-11,2.4525909758383974e-11,3.3181790648484366e-12,1.5874526808808596e-14,-7.941872468306441e-12,1.5356388999915933e-11,-5.12524793331056e-16,-2.811766909487912e-12,7.014576258347519e-13,-1.5797360189998839e-12,1.1213252548714081e-14,4.627592817323403e-15,2.1402325667115813e-15,1.4975231613980592e-13,8.938343470659893e-14,-2.1655144429811336e-10,-1.8731215117113294e-11,1.0612590909423743e-10,4.05823446136995e-14,-2.4531156239140587e-11,-3.3181096759093975e-12,-7.433039523391867e-12,3.4381299208753107e-15,-1.0524862635166269e-10,-1.1097988305251716e-14,-4.5837670776726715e-15,-1.4595713528147886e-13,-4.292862361883939e-14,5.512420149974181e-11,9.9062387922307e-12,5.725155460822861e-13,-4.1147316665046674e-13,-5.802247571295994e-16,6.68740085529862e-13,-6.662531859547016e-13,9.40782410907559e-11,2.5793228664028333e-13,-1.58008151629474e-10,-6.168087323506673e-09,-4.63780015707016e-09,1.3243770808912813e-09,-8.681863255333155e-10,5.0298917623573897e-11,2.603450792416562e-07,9.71301372665323e-11,1.3156479902306454e-08,5.071406121714972e-07,2.4803992193511704e-12,2.479764911929768e-12,5.875034255383345e-15,-2.189211774824192e-15,-2.14659697424698e-14,-5.876780543682495e-17,-1.8335397089508377e-14,9.08407238320308e-15,-2.7266281676929793e-13,9.86303631359912e-15,3.77985998056829e-13,5.674422330533465e-11,1.9097569747827948e-11,-3.7674226405215446e-12,6.053573997633066e-13,4.322266618691136e-13,-4.736915769193052e-10,-3.864389277324909e-14,5.546048449992198e-13,-1.4787258824829526e-09,1.5137543996068814e-15,1.5926799809551361e-15
309.4325795144359,1.012410155709631e-11,6.726622814312578e-13,-4.813889139162105e-13,-7.028421826020074e-16,7.87986209616065e-13,-7.815074809514044e-13,1.1030548193957657e-10,3.18317409468231e-13,-1.8526334315538406e-10,-8.002569644637604e-17,-6.395238042837074e-11,2.2683616502765132e-11,3.924083280537616e-12,1.845297039206822e-14,-1.1615130153982042e-11,1.8055464530893538e-11,-4.920423333473229e-16,-3.2125708075863613e-12,8.248198635724254e-13,-1.864493701549926e-12,9.103828801926284e-15,1.8786542993759336e-15,1.2975776187894195e-15,9.342946556236174e-14,7.771166019577825e-14,-1.8260364222527356e-10,-1.560326456934849e-11,1.2478999745691147e-10,4.8530867909415965e-14,-2.2689133769625313e-11,-3.9238837873378785e-12,-6.454906054109699e-12,2.1849041044023492e-15,-1.2375372044955438e-10,-9.128724794311982e-15,-1.6105127570201277e-15,-9.175521454659005e-14,-5.10702591327572e-14,6.390192079190153e-11,1.012410155709631e-11,6.672716305426244e-13,-4.817053422812023e-13,-7.029687017675219e-16,7.832625215087318e-13,-7.815010860667826e-13,1.1030660971300676e-10,3.1831759450540177e-13,-1.8525533960200847e-10,-6.753827134768168e-09,-4.955939948558807e-09,1.550414162920788e-09,-8.92862444743514e-10,2.9947386792628096e-11,2.9585344448203744e-07,9.91223630952831e-11,1.3254010572702046e-08,5.956229263877807e-07,2.5328905639554478e-12,2.532536032736251e-12,2.761188268770217e-15,-1.1891006697813584e-14,-1.3654206062104397e-12,-4.0560147832972387e-17,-3.999674202948001e-15,-1.824362102359478e-14,-2.591301040411054e-13,2.6500653523460944e-14,6.294915995871028e-13,6.666305125690997e-11,1.983989932341501e-11,-4.440968837116088e-12,6.686741471639834e-13,5.007368593841951e-13,-5.549318110974297e-10,-3.06005763263395e-14,2.0543329071758667e-13,-1.741513007876468e-09,9.75978557230898e-16,9.974775635098372e-16
323.1721758481955,1.0348559046728194e-11,8.666878178094824e-13,-6.236265429985603e-13,-8.813107651069648e-16,1.0048097465187311e-12,-9.973561532206076e-13,1.3290540664456786e-10,3.9207072773569013e-13,-2.2331175083915391e-10,-9.78985151499154e-17,-7.812867020007275e-11,2.966042046117176e-11,5.3684834355749445e-12,2.4610636397245614e-14,-1.564993312410914e-11,2.3867173669521614e-11,-5.233295619044856e-16,-4.00990611435258e-12,1.0476309742194e-12,-2.3966891133207868e-12,1.1546319456101628e-14,2.9054438939465802e-15,1.4963964590889953e-15,1.249045534010636e-13,7.057865835749243e-14,-1.5690504702640412e-10,-1.3113635039902561e-11,1.5858317243357285e-10,5.831439208829152e-14,-2.966651314850202e-11,-5.368639560687782e-12,-8.234896175456858e-12,3.2515390453356676e-15,-1.5724186810498502e-10,-1.155889620130246e-14,-1.9821695471016956e-15,-1.2380069193257513e-13,-6.084022174945858e-14,7.806836658611853e-11,1.0348559046728194e-11,8.609958968008869e-13,-6.239891566413766e-13,-8.8147174744553545e-16,1.0009273410105379e-12,-9.973486925218822e-13,1.3290693459566683e-10,3.9207137536578786e-13,-2.233024133602157e-10,-7.661680380503337e-09,-5.479762330651283e-09,1.864497608039528e-09,-9.047769708558917e-10,-3.0265094134544294e-12,3.4345502235526005e-07,1.0148008822152832e-10,1.3363319294546515e-08,7.188233818548421e-07,2.589035282459425e-12,2.588502375407605e-12,2.2771368124452352e-15,-3.6883518461650055e-14,-4.50626297758087e-12,-1.1000089727986051e-16,-7.853757921783e-15,-7.585671413928852e-14,-2.130104803654831e-13,9.211020834953842e-14,8.187877635161082e-13,8.199810205648342e-11,2.2618769435212015e-11,-5.6979018836500474e-12,7.588391781609972e-13,5.964806426561608e-13,-7.050467703202442e-10,-3.895332407327645e-14,3.913662142305811e-13,-2.208230635384704e-09,1.569381199069871e-15,1.3612620868482435e-15
337.52184532845695,1.0660352600666556e-11,1.1511777605240544e-12,-8.352266434030753e-13,-1.2630896328857942e-15,1.3540557119995355e-12,-1.3450168978579313e-12,1.6680176486261188e-10,5.299717146615516e-13,-2.803979441523552e-10,-1.1908266798858758e-16,-1.0956028676882094e-10,2.9547231869880705e-11,4.944378240168135e-12,3.076077322066964e-14,-2.171176047591514e-11,3.012266362271514e-11,-2.9379867204180194e-17,-5.310021873765e-12,1.4097218224803598e-12,-3.1937404917075293e-12,1.099120794378905e-14,-1.335535730081116e-15,3.907190208716809e-16,6.580994701669716e-14,6.697370030447885e-14,-1.3695598628775218e-10,-1.1022268109646963e-11,2.1333730647687696e-10,8.344969951602083e-14,-2.955400152246988e-11,-4.944291503994336e-12,-8.434052067851638e-12,1.7136937333321327e-15,-2.1156544216785544e-10,-1.0955266641771155e-14,2.4777119338771194e-15,-6.571826417047719e-14,-8.659739592076221e-14,1.0947494762566141e-10,1.0660352600666556e-11,1.1455919472306656e-12,-8.354732017323841e-13,-1.2632395129941187e-15,1.3501676221494564e-12,-1.3450019764604804e-12,1.6680329281371088e-10,5.299724548102347e-13,-2.803928509820253e-10,-9.13788874944051e-09,-6.342260167002678e-09,2.3347347450908275e-09,-9.00306913536042e-10,-5.753221898885385e-11,4.1310275179945843e-07,1.0451768617247836e-10,1.350972630163454e-08,9.036057235789485e-07,2.6670506543998347e-12,2.666885601243507e-12,3.6078663205133905e-15,-8.417351260447958e-14,-3.872017373396375e-12,-5.0951835343463854e-17,-2.8516324024341345e-14,-5.790390285309588e-14,-3.930495040549431e-13,8.325877024854359e-14,8.623222432409724e-13,1.052035562073191e-10,2.8405520424712448e-11,-7.632689857928199e-12,7.720973371760919e-13,7.439067880217938e-13,-9.466755028465424e-10,-3.466530448109628e-14,-1.3324670209403546e-13,-2.9789954207141514e-09,8.524084216254835e-16,6.910964855944002e-16
352.5086767600913,1.0839911190885232e-11,1.2569216778501867e-12,-9.177225498054515e-13,-1.4543218481340621e-15,1.5021214494481682e-12,-1.4923294600066584e-12,1.852500281529501e-10,6.373600721272983e-13,-3.1139934435486794e-10,-1.231558376736967e-16,-1.2644026566495844e-10,2.5148582403536547e-11,4.562322741819003e-12,3.3244198530201714e-14,-2.530207910473376e-11,3.242298405068154e-11,-7.028247280926211e-17,-5.816703053774539e-12,1.5619458246176455e-12,-3.5054033319459074e-12,8.326672684688674e-15,-4.0259643147267635e-15,-4.597846361183655e-16,8.292041099724346e-15,5.3733717449895656e-14,-9.717734687359254e-11,-7.346639903744587e-12,2.3627255191098454e-10,9.786536905662345e-14,-2.5153930429082e-11,-4.562383457140662e-12,-7.142357692934019e-12,1.4493507894574136e-16,-2.3434112531609827e-10,-8.415197792072115e-15,5.079309464448095e-15,-4.381217611365145e-15,-1.0006810195288078e-13,1.2634086369682032e-10,1.0839911190885232e-11,1.249622982868459e-12,-9.179061066788562e-13,-1.4545119738270292e-15,1.4983982055127853e-12,-1.49233088109213e-12,1.8525148334447295e-10,6.373609973131522e-13,-3.1139073447169113e-10,-9.338061014811198e-09,-6.747385486960411e-09,2.5904089852701873e-09,-8.74436809681356e-10,-9.13588849016378e-11,4.512087819653802e-07,1.0611034273466657e-10,1.3589576019669986e-08,1.0042203939519823e-06,2.7109940218631815e-12,2.7111698071754137e-12,2.776257233364869e-15,-2.595621495515843e-14,-1.6934402916983042e-12,-2.9753977059954196e-18,-1.7554543929598766e-14,-1.571749813633616e-14,-5.462823082780233e-13,3.5188148691152794e-14,1.0544075242554148e-12,1.1721980020714303e-10,3.0094452085904775e-11,-8.415165098085708e-12,7.041728622425581e-13,8.129931912866558e-13,-1.046782712190306e-09,-2.391690361383536e-14,-4.803528511932882e-13,-3.304667946698222e-09,6.81558397682321e-17,6.263508230593592e-17
368.1609617600467,1.0925484221028607e-11,1.2707459973171353e-12,-9.30651822272921e-13,-1.491081795072328e-15,1.5257683116942644e-12,-1.5157098687268445e-12,1.9336031982675195e-10,7.031934294114232e-13,-3.249656098584334e-10,-1.2313487360825215e-16,-1.3000546935278598e-10,2.4096442998126537e-11,4.658357033449079e-12,3.3947574689601685e-14,-2.6342913190319846e-11,3.3109009361314494e-11,-2.0208818653262638e-16,-5.854954318726171e-12,1.5817418434469901e-12,-3.5411870464387315e-12,7.66053886991358e-15,-3.0156585214740245e-15,-5.31088418883445e-16,9.169507059946975e-15,3.9429510677339755e-14,-5.8029321145765885e-11,-3.829837330912096e-12,2.3922739758145433e-10,1.0021873377471142e-13,-2.4101621782357257e-11,-4.6586779572921344e-12,-6.781217177293581e-12,1.716002074060458e-16,-2.372831646930747e-10,-7.755460770114686e-15,4.088224690897247e-15,-5.632994071755187e-15,-1.0288066694859784e-13,1.2990364339771077e-10,1.0925484221028607e-11,1.2627234961352467e-12,-9.313943394317903e-13,-1.4913001389338377e-15,1.5226532923406921e-12,-1.515714131983259e-12,1.933616294991225e-10,7.031942620786916e-13,-3.24958212634859e-10,-8.697807788848877e-09,-6.861239671707154e-09,2.7026908355765044e-09,-8.414569310843945e-10,-1.0951879403364728e-10,4.6852915676386467e-07,1.0689014950937548e-10,1.3628327434315824e-08,1.0484909580554813e-06,2.7321197156500905e-12,2.7322973513340308e-12,2.2561640056206754e-15,-3.444400320518071e-14,-1.1380620890122373e-12,-1.021405182655144e-17,-2.027184392572323e-14,-2.6030734859294746e-15,-5.823335413879249e-13,2.8961647894713376e-14,1.0140259594966968e-12,1.219353483368953e-10,2.915730874519795e-11,-8.526922101737e-12,6.374864369718125e-13,8.323327212641137e-13,-1.0592593469027634e-09,-2.116227115420144e-14,-4.119602589684863e-13,-3.3457006054504745e-09,8.719732112287086e-17,6.705718156678013e-17
384.5082481652772,1.1091385587747028e-11,1.6866882409279545e-12,-1.2334200031697644e-12,-1.9266509683942465e-15,1.9892468117177485e-12,-1.9765828085382965e-12,2.2533131414093078e-10,8.545969487627758e-13,-3.7906186965604624e-10,-1.6422423012132144e-16,-1.665874475402044e-10,3.469609423615754e-11,6.551009734678814e-12,4.499710066357965e-14,-3.4636568304849097e-11,4.455679652398064e-11,5.890061905375114e-17,-7.577963301462418e-12,2.0572069564646388e-12,-4.625071320761662e-12,1.176836406102666e-14,2.336495661669206e-15,6.643047544884471e-16,1.1097401725881087e-13,3.478574395534934e-14,-2.9574001237002474e-11,-8.490823670656085e-13,3.111784215316802e-10,1.2619161335636285e-13,-3.470039296555167e-11,-6.551642908747546e-12,-9.94812835503684e-12,2.4812549559818066e-15,-3.086281617866959e-10,-1.20340884609757e-14,-1.2388559669385597e-15,-1.0765277559354358e-13,-1.2908193032975154e-13,1.6645943882546513e-10,1.1091385587747028e-11,1.6782166767370653e-12,-1.234025859275789e-12,-1.92694702786748e-15,1.9849494492518717e-12,-1.9765916903224933e-12,2.2533291485160589e-10,8.545975038742881e-13,-3.7906162712412576e-10,-9.566172957420349e-09,-7.795123383402824e-09,3.144685615552589e-09,-7.510630530305207e-10,-1.7306840997359056e-10,5.303801899995157e-07,1.0885810308725041e-10,1.371536449912906e-08,1.222759237862192e-06,2.775390658034856e-12,2.775128275326703e-12,4.573187893190204e-15,-6.33268252651457e-14,-4.215263516016421e-12,-2.3788378674301687e-17,-2.280700905910038e-14,-4.66494865306033e-14,-7.230116239043127e-13,8.749963716544092e-14,1.395164872519672e-12,1.4772667782381177e-10,3.620298230089247e-11,-1.1131706401101838e-11,5.58072770218132e-13,9.727378162220172e-13,-1.3769430040611041e-09,-3.510055744324059e-14,2.9002005328521353e-13,-4.349976971222229e-09,1.0586077732003632e-15,1.1852989654596394e-15
401.58139581211503,1.1259704280064397e-11,2.0330238233630854e-12,-1.490663237291301e-12,-2.397174588460634e-15,2.3996108211576937e-12,-2.3854990871541304e-12,2.544213930377737e-10,1.0333354542405952e-12,-4.282531638940175e-10,-1.891157049979678e-16,-2.055857706295683e-10,3.68733499018889e-11,8.232164949717458e-12,5.435436774666982e-14,-4.3495145756682833e-11,5.3381990186254474e-11,1.8345077353949142e-16,-9.096014862652572e-12,2.47400452837288e-12,-5.5383362624687964e-12,1.0880185641326534e-14,2.9711673806691753e-16,1.2279675844166388e-17,6.549908104611397e-14,2.804894189676597e-14,1.648589598333685e-13,2.1681607662564085e-12,3.7421197923327613e-10,1.5637418908762772e-13,-3.6879104106589705e-11,-8.232858839107848e-12,-9.925702235433518e-12,1.5377477764798027e-15,-3.711674895083529e-10,-1.1026769775046574e-14,2.4777119338771194e-16,-6.359024418781412e-14,-1.591319668629391e-13,2.0542767487086167e-10,1.1259704280064397e-11,2.0244082558444156e-12,-1.4912904096793986e-12,-2.3974896142438712e-15,2.3958023120940196e-12,-2.385503350410545e-12,2.5442262995056807e-10,1.0333365644636199e-12,-4.282572869366656e-10,-9.949381152788798e-09,-8.646771311759949e-09,3.546309017110616e-09,-6.376989767886698e-10,-2.371751387878855e-10,5.862946552021408e-07,1.105056046668551e-10,1.3791939673072693e-08,1.3813587429467589e-06,2.8151680986354676e-12,2.8151755001222987e-12,7.93809462606987e-16,-5.022116056352388e-14,-2.403107638807948e-12,-1.4210854715202004e-17,-3.644606560992969e-14,-8.106267653656961e-15,-9.661417266215722e-13,3.250510971497533e-14,1.6829289961606265e-12,1.7116617527790367e-10,4.2650935938581827e-11,-1.3375085927691543e-11,4.191576863377122e-13,1.0608998864588177e-12,-1.6558211132971423e-09,-2.871352244512848e-14,3.5965537290185064e-14,-5.232327756251228e-09,6.705270019780052e-16,7.193594678267523e-16
419.41263479239444,1.14076896077601e-11,2.4094333639368415e-12,-1.7716118350108445e-12,-2.9150085123497148e-15,2.8418071451596916e-12,-2.8248845040934613e-12,2.8382855816744265e-10,1.2406993950738373e-12,-4.780478775501251e-10,-2.2061982492167063e-16,-2.47780906903472e-10,3.997385078773233e-11,9.030137748666789e-12,6.378316205641703e-14,-5.1582214579928537e-11,6.220625866267446e-11,2.6434565319482266e-16,-1.0731177023743963e-11,2.920059220263631e-12,-6.51577790430579e-12,1.099120794378905e-14,-1.924128419158456e-15,-6.544900874652156e-16,3.189487303059439e-14,2.236380702634176e-14,2.8421521944332874e-11,5.09245228536704e-12,4.416926256269985e-10,1.8814479235280032e-13,-3.997933420632956e-11,-9.030580103153163e-12,-1.0668549377257364e-11,8.014737823872915e-16,-4.381230262305677e-10,-1.1202817102803908e-14,2.7254831272648316e-15,-2.6913193898385894e-14,-1.8977412234259342e-13,2.475909847513928e-10,1.14076896077601e-11,2.401662868578569e-12,-1.7730111305051347e-12,-2.915331864805637e-15,2.837833790181321e-12,-2.82491150471742e-12,2.838289219653234e-10,1.2407014304827158e-12,-4.780466648905228e-10,-1.0095412532488506e-08,-9.536929428577423e-09,3.951892722398043e-09,-4.938148777000606e-10,-3.069881415740383e-10,6.421803549909423e-07,1.1204340233383903e-10,1.386254058800136e-08,1.5417020525395249e-06,2.8515168004616953e-12,2.8517566086350144e-12,2.4712870638765595e-16,-1.45555271539403e-14,-9.954893206061873e-14,2.2056430755886445e-18,-3.39366104662453e-14,3.489581340901382e-14,-1.2166344731667777e-12,-5.479690775208231e-14,2.0367830681304135e-12,1.966334821190685e-10,4.9634400056675076e-11,-1.577749344505719e-11,2.562751433288213e-13,1.1301204416724885e-12,-1.9543738204013842e-09,-2.663982315992408e-14,-2.2945935362640135e-13,-6.177296304106979e-09,3.6491643040648116e-16,3.586916643335177e-16
438.0356262962902,1.1510895940129255e-11,2.66918505076319e-12,-1.9649249338726802e-12,-3.2524973455257584e-15,3.149398253299296e-12,-3.1305631864597672e-12,3.0484945455100387e-10,1.3767788760906304e-12,-5.136185791343451e-10,-2.417070630739611e-16,-2.74157955596858e-10,4.2617129337702683e-11,9.689887781050288e-12,7.01647459269397e-14,-5.728749843330543e-11,6.860176007508459e-11,2.7219455353515004e-16,-1.1863056575963857e-11,3.2375902669395812e-12,-7.225170074634847e-12,1.1324274851176597e-14,-3.675993553168021e-15,-1.1368378718095617e-15,1.3878949260779626e-14,1.6544219261935965e-14,5.311018389495963e-11,7.588296344893958e-12,4.896897357893131e-10,2.0919612590783397e-13,-4.2621495763622705e-11,-9.689939822754567e-12,-1.1366312983411102e-11,3.502121352403855e-16,-4.8573073212178e-10,-1.1623487545728284e-14,4.335995884284959e-15,-9.763856391042324e-15,-2.0975813678584623e-13,2.7394723526678416e-10,1.1510895940129255e-11,2.6635840792247714e-12,-1.9669139798376515e-12,-3.2528479909643694e-15,3.145112259517191e-12,-3.1305891212696224e-12,3.0484952731058004e-10,1.3767794312021427e-12,-5.136122733044128e-10,-9.381150205930074e-09,-1.0153651237487793e-08,4.241039277985692e-09,-3.4172233426943423e-10,-3.6613902428446937e-10,6.820941645094345e-07,1.1313419645553324e-10,1.3912400080789156e-08,1.6563102083940369e-06,2.877051930028074e-12,2.8774301460051295e-12,1.7129816084112312e-16,-1.6989358068523567e-14,-1.7965514113408668e-12,5.832371622697489e-18,-3.4855356101370916e-14,1.2200673891321622e-14,-1.2649110203710734e-12,4.0170089476987413e-14,2.0461205470686158e-12,2.1436887133556107e-10,5.4280826589092613e-11,-1.74854420720294e-11,1.3678345567313954e-13,1.2086187606286103e-12,-2.164040109899488e-09,-2.6565230050457078e-14,-4.126590511623376e-13,-6.849727895996693e-09,1.6375066811772734e-16,1.5222632182565476e-16
457.48552615674055,1.1595900536084022e-11,2.907836460508406e-12,-2.143930070512094e-12,-3.579401589940782e-15,3.4297045203857123e-12,-3.408803550541961e-12,3.2342737540602686e-10,1.5439766132274713e-12,-5.450856406241655e-10,-2.6248421658147763e-16,-2.9955423327029013e-10,4.517186083180659e-11,1.0273726314125042e-11,7.57065248646913e-14,-6.240251371192329e-11,7.443382330249745e-11,4.021335457070868e-16,-1.2894679666783414e-11,3.521650832706719e-12,-7.853774155567342e-12,1.2101430968414206e-14,-4.011990890490298e-15,-1.4349602729844066e-15,5.5657599845272064e-15,1.1986901823693805e-14,7.379582119731657e-11,9.694045473336991e-12,5.32638171294995e-10,2.287380196458061e-13,-4.5176802678196694e-11,-1.0273787029446702e-11,-1.2095359436248287e-11,1.3586427523865954e-16,-5.283364443616742e-10,-1.2180889435130238e-14,4.5837670776726715e-15,-3.755329381170125e-16,-2.297421512290991e-13,2.9932367695550965e-10,1.1595900536084022e-11,2.9023681236139963e-12,-2.146609764016224e-12,-3.579793868742816e-15,3.4247705116285944e-12,-3.408822024653091e-12,3.2342737540602686e-10,1.543975873078788e-12,-5.450760606133068e-10,-8.253256479899088e-09,-1.0709557682275772e-08,4.49615326942876e-09,-1.6948382835835217e-10,-4.244960412809936e-10,7.171253622969786e-07,1.1405182354096155e-10,1.3954029605617387e-08,1.7576439859112725e-06,2.8982830950023224e-12,2.8987479083752986e-12,4.3832992790981963e-16,-3.227268822551347e-14,-2.0536380892129576e-12,1.0184445879228103e-17,-3.552482613633501e-14,1.2380968125724757e-14,-1.4184081464918563e-12,2.0398867780121086e-14,2.3863928314919274e-12,2.3128741304390133e-10,5.860656528966501e-11,-1.9015570273950287e-11,-2.910610419348814e-14,1.247825916668906e-12,-2.352542966634225e-09,-2.7052199456228943e-14,-5.095782377383481e-13,-7.451024686133678e-09,6.658157821378315e-17,5.585665032355654e-17
477.7990512153967,1.164199995666119e-11,2.8285285225138067e-12,-2.0923584050554687e-12,-3.5389011165953834e-15,3.3503965823911132e-12,-3.329011732944309e-12,3.255183401051909e-10,1.650276397017573e-12,-5.484636252125105e-10,-2.5588138299939355e-16,-2.949287850976627e-10,4.264556187857723e-11,9.910960940828772e-12,7.424285193183587e-14,-6.118548954529383e-11,7.248291473200337e-11,7.34773030755079e-16,-1.2576615023419508e-11,3.4365356167977567e-12,-7.650717914495167e-12,1.1102230246251565e-14,-4.402596490710709e-15,-1.5253565320466044e-15,-5.652919810333662e-15,7.823635348445796e-15,8.236557672838133e-11,1.0388119704382467e-11,5.19731699538027e-10,2.2528633666882235e-13,-4.2650706814545005e-11,-9.910891551889733e-12,-1.1358593463943006e-11,-1.5333668058721709e-16,-5.155437833743003e-10,-1.115288959276095e-14,4.955423867754239e-15,1.2893297542017428e-14,-2.255973186038318e-13,2.947015964593902e-10,1.164199995666119e-11,2.8222965890260334e-12,-2.0963658660851554e-12,-3.5392753542732673e-15,3.3454909953434254e-12,-3.3290167067434595e-12,3.2551899494137616e-10,1.6502751017573776e-12,-5.484558641910553e-10,-5.7096282641092935e-09,-1.0667648166418075e-08,4.523263487499207e-09,-4.0781451389193536e-11,-4.5471068688129887e-10,7.223845682875795e-07,1.1440470792933866e-10,1.3973407295109853e-08,1.769178804048958e-06,2.9095222527549444e-12,2.9100373962383704e-12,2.21119419071177e-17,-4.996443259130956e-14,-5.845511926357479e-13,4.0456527017340705e-17,-4.479528414869094e-14,2.973396051944577e-14,-1.3555600730796869e-12,6.79086416729054e-16,2.1474988898262383e-12,2.322376531083137e-10,5.666588549502194e-11,-1.8543457258601847e-11,-8.924189387471415e-14,1.2059349815037497e-12,-2.29422641091544e-09,-2.3422832683833716e-14,-5.365291621566068e-13,-7.271920547206416e-09,-7.130725408292331e-17,-6.689671964525227e-17
499.0145486353981,1.16532265318862e-11,2.4675197588900726e-12,-1.8336147415235852e-12,-3.1256955357328308e-15,2.9483999242074788e-12,-2.929257192363366e-12,3.129342076135799e-10,1.668774562979536e-12,-5.268317181617022e-10,-2.248474369474958e-16,-2.602173291658498e-10,3.7166069679844945e-11,8.72343863811409e-12,6.484086150913066e-14,-5.3947722061181085e-11,6.375193582918036e-11,5.964026344205262e-16,-1.1057962816799652e-11,3.022004481282082e-12,-6.72404638428718e-12,9.658940314238862e-15,-4.072799482324526e-15,-1.4062648482130942e-15,-9.04726326498701e-15,4.600244110866071e-15,7.851210807271663e-11,9.679574496148399e-12,4.570342037640711e-10,1.9864124948147538e-13,-3.717131616060156e-11,-8.72337792279243e-12,-9.862384828560364e-12,-2.0830607617054538e-16,-4.53357971318996e-10,-9.592302538212472e-15,4.212110287591103e-15,1.5271672816758507e-14,-1.9909999574944473e-13,2.60017192961944e-10,1.16532265318862e-11,2.4609448701085056e-12,-1.8375307793879377e-12,-3.1260674604460803e-15,2.9433238069032085e-12,-2.929239428794972e-12,3.129342803731561e-10,1.6687727126078282e-12,-5.26819834097599e-10,-1.9904226064682007e-09,-1.0087061673402786e-08,4.347659705672413e-09,2.5565968826413155e-11,-4.5536429145916676e-10,7.01354724168236e-07,1.1430981161630882e-10,1.3974683812298187e-08,1.7007399340703462e-06,2.9122978103165073e-12,2.9127715054736807e-12,-2.1844216250658614e-16,-3.516933411162881e-14,-4.4376804453349904e-13,2.8096044009847294e-17,-3.7242291195394016e-14,2.7926381823348278e-14,-1.2007370742139756e-12,-1.195340123179752e-15,2.0046475886677704e-12,2.1808227756991982e-10,4.9471782403998074e-11,-1.6309007833115173e-11,-8.229676495830063e-14,1.1206846561861993e-12,-2.0165496146303264e-09,-1.9716053876323025e-14,-4.884150935406306e-13,-6.394489086384662e-09,-8.57603918436034e-17,-1.0269129296913703e-16
521.1720682918038,1.166858905795228e-11,2.300900329525272e-12,-1.7149602626886916e-12,-2.9429139680736683e-15,2.764318196568638e-12,-2.7463411100825396e-12,3.0839015380479394e-10,1.7270555356200626e-12,-5.189639826615652e-10,-2.1090718045982133e-16,-2.442586318392633e-10,3.475431324842447e-11,8.134326545672366e-12,6.06397286743844e-14,-5.055624129211999e-11,5.973508724702962e-11,5.065101027009121e-16,-1.036142496847207e-11,2.8311768304433495e-12,-6.297874043975509e-12,9.103828801926284e-15,-3.57049722473341e-15,-1.2891920519721901e-15,-5.367480549102143e-15,2.7843889391076402e-15,7.770152022579106e-11,9.450879789167951e-12,4.2818864732966135e-10,1.8611397213414045e-13,-3.476040593575473e-11,-8.13399694821193e-12,-9.23709411429188e-12,-1.3792335851744754e-16,-4.2474044953001625e-10,-8.979592785486601e-15,3.840453497509535e-15,1.20170540197444e-14,-1.8725761682010974e-13,2.440705415551747e-10,1.166858905795228e-11,2.2923453949867206e-12,-1.7190468308096267e-12,-2.9432160412549515e-15,2.7588839657255447e-12,-2.7463386231829647e-12,3.0839153623674066e-10,1.7270525750253303e-12,-5.189626487360025e-10,1.2000401814778646e-09,-9.845197200775146e-09,4.283284943085164e-09,1.3348937500268221e-10,-4.675145722406644e-10,6.942181519048592e-07,1.1437006897097035e-10,1.3980317138151049e-08,1.6761005099397153e-06,2.916267227703884e-12,2.916697994237438e-12,-1.131271002800342e-16,-3.1776670184058274e-14,-6.395813064348961e-13,2.290020025460156e-17,-3.143332399924148e-14,2.4424090527830344e-14,-1.1516141285028424e-12,-5.1329311171836405e-15,2.1261560808246335e-12,2.1255206471929947e-10,4.6129389374982565e-11,-1.5282148524420337e-11,-1.285434336750768e-13,1.0701077061507174e-12,-1.888592434894701e-09,-1.8411108141519472e-14,-4.3123995495396763e-13,-5.990699492031126e-09,-5.68570075280365e-17,-6.787972961497247e-17
544.3134383763522,1.168340683458761e-11,2.229110881065329e-12,-1.6661639771579455e-12,-2.87808434492239e-15,2.6862835511565206e-12,-2.669426990564716e-12,3.0741197406314313e-10,1.8036760973672017e-12,-5.172293943663438e-10,-2.0508411129176377e-16,-2.375444655792573e-10,3.380899896087168e-11,7.906175714111896e-12,5.927845261337482e-14,-4.913700619230749e-11,5.807962135919967e-11,6.055845202518584e-16,-1.0067252973794543e-11,2.7482514003547596e-12,-6.11300254602034e-12,8.881784197001252e-15,-3.215127640174215e-15,-1.2109091184656294e-15,-2.959155544595873e-15,1.7032915573118573e-15,7.818536312214332e-11,9.430549397902996e-12,4.1564777459661645e-10,1.8090089317835943e-13,-3.3817427178345213e-11,-7.905941526442639e-12,-8.994656871171477e-12,-5.164235049602348e-17,-4.1229686331689663e-10,-8.76047552642728e-15,3.2210255140402555e-15,7.886191700457263e-15,-1.8340884366807586e-13,2.373613898024966e-10,1.168340683458761e-11,2.2197487699789537e-12,-1.6700923310963845e-12,-2.878370689944158e-15,2.6799853003467433e-12,-2.6694358723489132e-12,3.0741342925466597e-10,1.803674246995494e-12,-5.172229672704513e-10,4.224106669425964e-09,-9.755603969097137e-09,4.268153861630708e-09,2.696563024073839e-10,-4.843370978354263e-10,6.931157597221521e-07,1.1447714998169545e-10,1.3986648187684492e-08,1.6708751597131293e-06,2.920048647325757e-12,2.9204505480606715e-12,-5.537815576476627e-17,-5.827989942493635e-15,-7.717450974572178e-13,1.295260195396016e-17,-3.178944746329293e-14,2.332953344397204e-14,-1.1492687690406456e-12,-9.508320057231382e-15,1.807347871363163e-12,2.1177377978650233e-10,4.470512067200616e-11,-1.4840492212897517e-11,-1.9848926058330107e-13,1.030621514056899e-12,-1.83313581368735e-09,-1.800583336944439e-14,-3.891807948764035e-13,-5.814925430058793e-09,-1.6224001309073087e-17,-3.071183353927272e-17
568.4823443592555,1.170494812186007e-11,2.3643224267289044e-12,-1.7690841976521672e-12,-3.0847778035673438e-15,2.839442458935082e-12,-2.8215868752567985e-12,3.149654367007315e-10,1.9561396946699006e-12,-5.301165704925855e-10,-2.16517714944197e-16,-2.5135304948520343e-10,3.542207177982097e-11,8.340272916740332e-12,6.256253111056043e-14,-5.198773510449605e-11,6.133565877419755e-11,2.8156880109384274e-16,-1.0637655281884522e-11,2.900210756305943e-12,-6.450045600984451e-12,9.325873406851315e-15,-3.424456794158145e-15,-1.2801637681310974e-15,-3.4560765711081304e-15,1.0741466760167312e-15,8.446458679157486e-11,1.0135809783094255e-11,4.386367238421477e-10,1.9133871303953927e-13,-3.543175238302349e-11,-8.340333632061991e-12,-9.407887277854441e-12,-8.605884377292324e-17,-4.351056982410376e-10,-9.104655506082804e-15,3.2210255140402555e-15,6.0085270098722e-15,-1.9436304417771075e-13,2.5115938958227463e-10,1.170494812186007e-11,2.3560820257747158e-12,-1.7733412960296847e-12,-3.085010025216661e-15,2.834082124536508e-12,-2.821600730840146e-12,3.1496674637310206e-10,1.9561371041495097e-12,-5.301027461731186e-10,6.7894657452901205e-09,-1.0021496564149857e-08,4.370800161268562e-09,4.820607136934995e-10,-5.176773735608245e-10,7.067427399898555e-07,1.1474257655130771e-10,1.3997704729418226e-08,1.7121486356093858e-06,2.925326647584825e-12,2.9257574141183796e-12,-1.603809677656424e-16,-1.964791292626463e-14,-3.785042205587767e-13,2.4380497620768436e-17,-2.1327455079767078e-14,2.840426440060828e-14,-1.179254809358099e-12,-1.574703330694168e-14,1.91697229941686e-12,2.2139647626318037e-10,4.705307219410315e-11,-1.5664386410207954e-11,-3.072875642828876e-13,1.0115401109326664e-12,-1.9346546070590745e-09,-1.8420269649876975e-14,-4.0690611376586665e-13,-6.136909055006375e-09,-3.475229363540204e-17,-4.3057282276641e-17
593.7244114571097,1.171428583764585e-11,2.237235700401167e-12,-1.680526414323443e-12,-2.9539209041769727e-15,2.69974407274276e-12,-2.683783861812117e-12,3.1113362638279794e-10,2.038335056298024e-12,-5.235216425110897e-10,-2.0556826120719853e-16,-2.390408796829983e-10,3.3494074722423136e-11,7.931433287922118e-12,5.996089764750043e-14,-4.9498484015290486e-11,5.832232844819411e-11,3.221354510060698e-16,-1.0116170203432054e-11,2.755300025604124e-12,-6.1272950537661314e-12,8.659739592076221e-15,-3.0757260983866216e-15,-1.2348030689998448e-15,-4.2693645389767776e-15,6.027555020581437e-16,8.134644292315478e-11,9.741098343950204e-12,4.1667305265028773e-10,1.821027380628232e-13,-3.3504703076988144e-11,-7.931676149208755e-12,-8.87795816800146e-12,-1.1814261244056451e-16,-4.1332147007292513e-10,-8.547619534914064e-15,2.7254831272648316e-15,5.257461133638175e-15,-1.8562928971732617e-13,2.388563421125885e-10,1.171428583764585e-11,2.2301454312885957e-12,-1.6831795808987712e-12,-2.954156363976779e-15,2.694741851883009e-12,-2.6837874145257956e-12,3.1113522709347305e-10,2.0383346862236827e-12,-5.235036951489746e-10,1.0420133670171102e-08,-9.828899055719375e-09,4.315869591664523e-09,6.416125688701868e-10,-5.318589539153133e-10,7.004888006079899e-07,1.1476045114200417e-10,1.4000658162043407e-08,1.6913963918341324e-06,2.9276396122194606e-12,2.92805705607672e-12,-2.6429090397665314e-16,-3.1776507351347997e-14,-5.217098456948103e-13,2.5327887935115237e-17,-3.232441952993881e-14,2.5861867443584263e-14,-1.1573294500522024e-12,-4.0553856569166174e-14,1.842151201951007e-12,2.1759357575016717e-10,4.4780608732253315e-11,-1.4884594179420674e-11,-3.490379185677739e-13,9.651727565322215e-13,-1.8377667346570424e-09,-1.7094073552492706e-14,-3.928605842407007e-13,-5.829744983050962e-09,-5.040528180029943e-17,-5.633514488234681e-17
620.0872907625803,1.1718350734213346e-11,2.0435739619036515e-12,-1.5391800426793148e-12,-2.722969997629813e-15,2.4849214241839947e-12,-2.470856586000991e-12,3.04148270515725e-10,2.078390792803475e-12,-5.115269838521877e-10,-1.8894665133891165e-16,-2.1980804213820684e-10,3.077280977462545e-11,7.297495940861154e-12,5.43887008154652e-14,-4.557899196955262e-11,5.368051682176479e-11,2.748767804377818e-16,-9.31228050947104e-12,2.533380482138989e-12,-5.635208062456112e-12,8.104628079763643e-15,-3.0923157589790484e-15,-1.1318549245304327e-15,-4.719955167199209e-15,3.1750724675625036e-16,7.542967112782917e-11,9.030866334694155e-12,3.8310104442778773e-10,1.673736877899045e-13,-3.0781068750784245e-11,-7.297626045121852e-12,-8.152371524763582e-12,-1.0867082935813976e-16,-3.8002706924486166e-10,-7.838198948402486e-15,2.6015975305709755e-15,4.756750549482158e-15,-1.699381376359573e-13,2.1963838155632706e-10,1.1718350734213346e-11,2.0345756486979857e-12,-1.541764523456853e-12,-2.723288261563539e-15,2.4808173293422442e-12,-2.4708580070864627e-12,3.0414899811148645e-10,2.0783904227291334e-12,-5.115155848519256e-10,1.4397750298182169e-08,-9.511969983577728e-09,4.217325476929546e-09,7.855083094909787e-10,-5.37895251303174e-10,6.886666385473164e-07,1.1469916683104486e-10,1.4000697805434349e-08,1.6534304450033233e-06,2.9287194891480796e-12,2.9291006657198673e-12,-2.661123636264288e-16,-3.71220091703132e-14,-1.2648740721488138e-12,2.017645310085451e-17,-9.267919764965881e-15,1.877397363004435e-14,-1.211011806390161e-12,-9.915586870098044e-14,1.8569456490998465e-12,2.0955825069298347e-10,4.15471731685102e-11,-1.3690268474420008e-11,-3.9193423617689407e-13,9.186470103135965e-13,-1.6898209963095047e-09,-1.563679741245494e-14,-3.575648034576418e-13,-5.360144920511327e-09,-4.621303340002214e-17,-5.198243456054167e-17
647.6207491984753,1.1726436118427349e-11,2.086865909708043e-12,-1.5752325073966252e-12,-2.8156120953267324e-15,2.5360350264236333e-12,-2.5218088950396122e-12,3.0661423807032407e-10,2.211445471189677e-12,-5.157586808005969e-10,-1.925677171884238e-16,-2.242266187539125e-10,3.126685902058364e-11,7.419481695691843e-12,5.578069593802853e-14,-4.651468253778922e-11,5.4751111052316524e-11,4.0323623898927986e-16,-9.503344017336062e-12,2.579344199467347e-12,-5.739285016229693e-12,8.104628079763643e-15,-2.908740654210162e-15,-1.1504559113387142e-15,-4.424736402370893e-15,1.6445228528848542e-16,7.725807841469788e-11,9.254500638608652e-12,3.9010846232954045e-10,1.7028714118590312e-13,-3.1277487375148655e-11,-7.419429653987564e-12,-8.283478070136852e-12,-1.141626212082756e-16,-3.869699392963454e-10,-7.945385885679834e-15,2.6015975305709755e-15,5.257461133638175e-15,-1.723066134218243e-13,2.24053664510393e-10,1.1726436118427349e-11,2.0759027089904217e-12,-1.57761140447595e-12,-2.8160228778458436e-15,2.5317092422483256e-12,-2.5218160004669697e-12,3.06616275338456e-10,2.211444360966652e-12,-5.157506772472212e-10,1.7751256624857585e-08,-9.575579315423966e-09,4.2494968511164185e-09,1.0260555427521468e-09,-5.571960552212356e-10,6.93072400091021e-07,1.1479539541170425e-10,1.4004808825075038e-08,1.6669982869643718e-06,2.9307230716331863e-12,2.9311138701378544e-12,-2.7003283868213637e-16,2.182124111034985e-14,-6.201635945520441e-13,2.3536728122053318e-17,-2.961119405231472e-14,2.4153798037183925e-14,-1.1406922340029269e-12,-6.964725092946841e-14,1.7043930711224676e-12,2.1425172841797273e-10,4.243847797624767e-11,-1.3949301091997767e-11,-4.355820237833541e-13,8.781153582049228e-13,-1.7214802193562761e-09,-1.5756655962623212e-14,-3.6117684288624707e-13,-5.4580873154463916e-09,-4.850865079989812e-17,-5.465969112513254e-17
676.3767634659991,1.1728686170423922e-11,1.917942427098751e-12,-1.4544549268672806e-12,-2.6256251802377525e-15,2.345586835872382e-12,-2.3317536346212363e-12,3.0028983019292356e-10,2.2864158714478816e-12,-5.049281753599644e-10,-1.7805190181309003e-16,-2.0743777066437966e-10,2.8845083503331184e-11,6.851047507083763e-12,5.170891444580519e-14,-4.298775841466491e-11,5.059594718501457e-11,2.669032513726857e-16,-8.786400870461299e-12,2.3839739936659407e-12,-5.302823748585158e-12,7.66053886991358e-15,-2.656674598827692e-15,-1.0681427640236925e-15,-4.626316420259876e-15,7.165205438020573e-17,7.163725786901999e-11,8.577205638781851e-12,3.6055091728752456e-10,1.5775634469901664e-13,-2.8856524216206893e-11,-6.850821993031886e-12,-7.641032868161486e-12,-1.1316830073022932e-16,-3.57651582768286e-10,-7.319570839194045e-15,2.2299407404894077e-15,0.0,-1.6120438317557273e-13,2.0727730642988718e-10,1.1728686170423922e-11,1.905395189775542e-12,-1.4569437212230697e-12,-2.6260493779517446e-15,2.3409825189446565e-12,-2.3317376474096817e-12,3.002920129802078e-10,2.2864158714478816e-12,-5.049264776365211e-10,2.2003799676895142e-08,-9.29180532693863e-09,4.159996751695871e-09,1.2136675650253893e-09,-5.619114062938024e-10,6.822912921982839e-07,1.1472847671889497e-10,1.4004222102889096e-08,1.6326697126108531e-06,2.9313470169730255e-12,2.9317082095303703e-12,-2.547961841514734e-16,-1.673655288432959e-14,-2.383056122804798e-13,2.4883798725265174e-17,-2.5655544355629444e-14,2.4365536172889224e-14,-9.958742452909063e-13,-4.4359701097581214e-14,1.5754873553911844e-12,2.0789011614397167e-10,3.882560122292489e-11,-1.2893681855530303e-11,-4.0830286707205234e-13,8.170697451959086e-13,-1.5907106123270138e-09,-1.4458486491397693e-14,-3.354550958726852e-13,-5.044597628511838e-09,-4.894522287468561e-17,-5.3274803550144393e-17
706.409618164559,1.1728085169693258e-11,1.656978080670039e-12,-1.2652061324539925e-12,-2.304662941969108e-15,2.0545485313050448e-12,-2.0426078606305963e-12,2.902436244767159e-10,2.330344806011908e-12,-4.877181102832158e-10,-1.5591829562662472e-16,-1.8170071003353883e-10,2.5234963170574454e-11,5.995759444488158e-12,4.520641191632338e-14,-3.7651228585517456e-11,4.430360399530918e-11,1.051595505037855e-16,-7.696390327490186e-12,2.0872935163231037e-12,-4.642315278961e-12,6.772360450213455e-15,-2.3593915104722453e-15,-9.377165764399327e-16,-4.6871938301499384e-15,2.2338143469637356e-17,6.284418541742166e-11,7.527038834095624e-12,3.156917621373226e-10,1.3841754461549628e-13,-2.524596385603187e-11,-5.995542604053661e-12,-6.685267694366775e-12,-1.0217387974954292e-16,-3.1315694223812264e-10,-6.399327140242661e-15,1.8582839504078395e-15,4.756750549482158e-15,-1.4181248767878665e-13,1.8155995225773344e-10,1.1728085169693258e-11,1.6483303018806812e-12,-1.2673936566898192e-12,-2.3050672481872425e-15,2.051115188805852e-12,-2.0425630964382434e-12,2.902458072640002e-10,2.3303433257145417e-12,-4.877188378789772e-10,2.667456865310669e-08,-8.85799527168274e-09,4.019105108454824e-09,1.3688812032341957e-09,-5.577066986006685e-10,6.65077518639263e-07,1.1459039273020721e-10,1.4001510494948661e-08,1.5780563747587923e-06,2.9312989073086254e-12,2.931615690944985e-12,-2.2218338280310947e-16,-3.177529350750774e-14,-3.481668879127634e-13,2.1952809940254763e-17,-2.8135253848926567e-14,2.0691283473921184e-14,-9.30224643980182e-13,-8.867055238207891e-14,1.4709560976674159e-12,1.9645764647672573e-10,3.395944077055901e-11,-1.1291052715023397e-11,-3.7601239455398174e-13,7.575754838266372e-13,-1.3925604855293662e-09,-1.2618595404689792e-14,-2.9440831340560373e-13,-4.417017862579087e-09,-4.437711772128002e-17,-4.789860637751294e-17
737.7760082683305,1.1727806873788419e-11,1.468773310383161e-12,-1.1283518119853397e-12,-2.0765056341076613e-15,1.8437276594340802e-12,-1.8337061646889195e-12,2.829282311722636e-10,2.3743436846264863e-12,-4.751918216546376e-10,-1.3978478849419312e-16,-1.6295050494126903e-10,2.2607119428507424e-11,5.371675326770742e-12,4.059328225603262e-14,-3.379320357494504e-11,3.975246058255759e-11,4.469484095418659e-16,-6.908995494509766e-12,1.8711542328495488e-12,-4.161929199208475e-12,5.995204332975845e-15,-2.0536245574018018e-15,-8.38700347881214e-16,-3.854346855087697e-15,-1.2033373566371555e-18,5.639756794082445e-11,6.7640720981523114e-12,2.8298237138581626e-10,1.2377584489760748e-13,-2.2619643285797402e-11,-5.371519201657904e-12,-5.9901736348955126e-12,-9.256121202172741e-17,-2.8071168128991666e-10,-5.728300863164226e-15,1.2388559669385597e-15,4.756750549482158e-15,-1.2774966270020135e-13,1.628238284941593e-10,1.1727806873788419e-11,1.4611297653270108e-12,-1.1294806275448839e-12,-2.0768433269443183e-15,1.8417381397739517e-12,-1.8336525187123698e-12,2.8293070499785244e-10,2.3743473853699017e-12,-4.751893963354329e-10,3.1219422817230224e-08,-8.539855480194093e-09,3.916163404937833e-09,1.55398971401155e-09,-5.523531854123576e-10,6.525372787849805e-07,1.1449141634756188e-10,1.3999611576522538e-08,1.538302967674099e-06,2.93130482849809e-12,2.9315875652950278e-12,-1.9661355876721132e-16,-2.886218671468062e-14,-1.3534512769789822e-13,2.067975420535125e-17,-2.202217852520505e-14,1.9524629417573547e-14,-7.775670951559732e-13,-3.499793047960035e-14,1.3084597109506528e-12,1.8843566067516803e-10,3.059358277823776e-11,-1.012615200579603e-11,-3.2960997486952693e-13,7.00154008844341e-13,-1.248490096835413e-09,-1.1275919434283743e-14,-2.6257552219262773e-13,-3.959382155471758e-09,-4.011692598486031e-17,-4.348084392535867e-17
770.5351461530549,1.1727149621757841e-11,1.2946353914837042e-12,-1.0006128074261748e-12,-1.860458083887314e-15,1.6510966815985738e-12,-1.6414976045098229e-12,2.762394433375448e-10,2.4349596413249705e-12,-4.6373655398686727e-10,-1.2515900000787417e-16,-1.4590743428281408e-10,2.0230429797498887e-11,4.806433029358459e-12,3.666666338801429e-14,-3.022788423888577e-11,3.5554429770693715e-11,4.1053243802845885e-16,-6.184513068396123e-12,1.6748601859411685e-12,-3.724470667277285e-12,5.329070518200751e-15,-1.8350554010277417e-15,-7.527501783488006e-16,-3.534679331267388e-15,-9.477714227989787e-18,5.051678471873505e-11,6.055970784924029e-12,2.533067812352286e-10,1.1093233965787641e-13,-2.0243664468310732e-11,-4.806285577863001e-12,-5.361712231607049e-12,-8.232540067006818e-17,-2.5129407598728377e-10,-5.128059435421939e-15,1.3627415636324158e-15,-7.51065876234025e-16,-1.1546319456101628e-13,1.4579359941535586e-10,1.1727149621757841e-11,1.2848924294909618e-12,-1.0024104805476478e-12,-1.8609114249557025e-15,1.6488058918184834e-12,-1.6414212211657287e-12,2.7624264475889506e-10,2.434963342068386e-12,-4.637353413272649e-10,3.579954306284587e-08,-8.248258382081986e-09,3.822142025455832e-09,1.7503346316516398e-09,-5.425963915210256e-10,6.410736268451221e-07,1.1439793556888844e-10,1.3997712658096413e-08,1.5019789619448904e-06,2.931210089466655e-12,2.931465440762319e-12,-1.7274376373777045e-16,-6.548554291422685e-15,-7.741410475622009e-14,1.84297022087776e-17,-3.0972308051602226e-14,1.768970857383284e-14,-6.912787853252666e-13,-3.128608483393691e-14,1.0148748212183514e-12,1.8013621835658948e-10,2.725391823332757e-11,-9.064922323887004e-12,-3.0062210498726925e-13,6.501088556376544e-13,-1.117277639915026e-09,-1.0092783813558937e-14,-2.3581623330675485e-13,-3.5444524352593967e-09,-3.576855247174512e-17,-3.8577358899930895e-17
804.7488733750887,1.1726069004680539e-11,1.1145554405326645e-12,-8.710889195147804e-13,-1.6373069566810728e-15,1.4533725334331394e-12,-1.4454723640255907e-12,2.69271113211289e-10,2.502739497127019e-12,-4.518214457978805e-10,-1.0999068691883885e-16,-1.2825540629535226e-10,1.7771691977109516e-11,4.223427163552174e-12,3.186138900937749e-14,-2.6617057323640048e-11,3.129471990190622e-11,1.5833266685838162e-16,-5.4457497076432395e-12,1.4717999106283504e-12,-3.2744398278099703e-12,4.551914400963142e-15,-1.719305845718321e-15,-6.611667831366434e-16,-3.315740694494091e-15,-1.2684703786392618e-17,4.441036878966035e-11,5.341033488606657e-12,2.226134005816009e-10,9.743710016347357e-14,-1.778780375027176e-11,-4.223331753760995e-12,-4.711402949873921e-12,-7.388315922703743e-17,-2.2085382618327057e-10,-4.500902688747699e-15,1.1149703702447038e-15,-2.0028423366240666e-15,-1.033247561584479e-13,1.281546720595846e-10,1.1726069004680539e-11,1.1043804685565797e-12,-8.728918032829825e-13,-1.6377871281392231e-15,1.4509112133964663e-12,-1.4453597430019727e-12,2.69274169113487e-10,2.5027513395059485e-12,-4.518221733936419e-10,4.053761561711629e-08,-7.943436503410339e-09,3.7243415135890245e-09,1.9535236060619352e-09,-5.28028181179252e-10,6.291275196925326e-07,1.1429746038515987e-10,1.3995544164611884e-08,1.464134887404119e-06,2.9310095091735398e-12,2.931233034075831e-12,-1.5129101675152394e-16,-7.032818771790516e-15,-1.5925631184169713e-14,1.6845784026979042e-17,-1.675384969646032e-14,1.6180215587496825e-14,-5.919216050642717e-13,-2.500074221719236e-14,1.0445849814762672e-12,1.7249743298937878e-10,2.4258588382508605e-11,-7.97229517957021e-12,-2.63053152593784e-13,6.020465607529483e-13,-9.822972409639015e-10,-8.846601836504098e-15,-2.0665085384759348e-13,-3.115106987176356e-09,-3.2124187569297175e-17,-3.460195093415071e-17
840.4817774137397,1.1725950580891245e-11,1.0346411727368831e-12,-8.127438870057328e-13,-1.5421303123375197e-15,1.3655153452418745e-12,-1.3585431446472284e-12,2.6617475668899715e-10,2.577569269135438e-12,-4.465342499315739e-10,-1.0319367103359672e-16,-1.2035393052537793e-10,1.6673383541041313e-11,3.962385974887184e-12,2.994506166950936e-14,-2.500459330330903e-11,2.940518199305113e-11,1.895846742541967e-16,-5.11778759282222e-12,1.3813820888197973e-12,-3.0734442768576287e-12,4.218847493575595e-15,-1.6210835617184927e-15,-6.218400626529554e-16,-2.6909526584537096e-15,-1.3038064756198767e-17,4.168246623276686e-11,5.0242700124784585e-12,2.0888866863634407e-10,9.16667322560169e-14,-1.6688750652418748e-11,-3.9630711906601945e-12,-4.419757384151643e-12,-6.99925755581696e-17,-2.0724156241232227e-10,-4.219281174444589e-15,9.910847735508478e-16,3.8805070272091294e-15,-9.784765590363047e-14,1.2025906196792371e-10,1.1725950580891245e-11,1.0233975444862152e-12,-8.129077855301148e-13,-1.5425794900695659e-15,1.3628550732391886e-12,-1.3584248392817244e-12,2.661770849954337e-10,2.577578891068318e-12,-4.465410408253471e-10,4.5051425695419315e-08,-7.797591388225556e-09,3.6803161492571235e-09,2.234892453998327e-09,-5.082298078680954e-10,6.238236850084261e-07,1.1425616008864381e-10,1.3994755261132138e-08,1.447360167124619e-06,2.931010989470906e-12,2.9312211916969016e-12,-1.4220106573740546e-16,-7.766113678068602e-15,-4.0085884241610377e-13,1.435888445181869e-17,-2.1324252086341033e-14,1.292499354071941e-14,-7.787585332152958e-13,-2.0732008702376939e-13,8.913048077374697e-13,1.6934451802323263e-10,2.3018583306111396e-11,-7.483140507247299e-12,-3.157515493512619e-13,5.689678358085833e-13,-9.21901108424293e-10,-8.2854187920256e-15,-1.9416744426823914e-13,-2.9231029448813692e-09,-3.041837615125331e-17,-3.279205610754824e-17
877.801313597248,1.1725038717713687e-11,9.040377335622907e-13,-7.169906742395445e-13,-1.3756940031584008e-15,1.2232703738845885e-12,-1.2170950469680974e-12,2.611016680020839e-10,2.656030950731747e-12,-4.3786324871083103e-10,-9.221252414715515e-17,-1.0757209937632221e-10,1.4900276134883867e-11,3.5414726706761712e-12,2.7061987392508326e-14,-2.2390962540875928e-11,2.6324467297358625e-11,4.6180361167027976e-17,-4.584555942779165e-12,1.2342291271692624e-12,-2.747995629498069e-12,3.774758283725532e-15,-1.507390700885435e-15,-5.527063950155088e-16,-2.6971870919966678e-15,-1.0150055100269594e-17,3.724980060887968e-11,4.500917800657906e-12,1.8668761627033513e-10,8.186292446149777e-14,-1.4917335659408595e-11,-3.542470136674858e-12,-3.950447222431406e-12,-6.186732456726804e-17,-1.8520368701179312e-10,-3.767792284767313e-15,4.955423867754239e-16,-1.7524870445460582e-15,-8.940996091647928e-14,1.0748676023316268e-10,1.1725038717713687e-11,8.91259333002381e-13,-7.200611662483425e-13,-1.3759572185338224e-15,1.2208943189762068e-12,-1.2169593333055674e-12,2.6110472390428183e-10,2.6560390923672607e-12,-4.378664016257972e-10,4.989554484685262e-08,-7.54818320274353e-09,3.6088924389332535e-09,2.5046186055988075e-09,-4.798668366371809e-10,6.151136869109821e-07,1.1418233025750624e-10,1.3993137810781703e-08,1.4198461334065844e-06,2.930836314381698e-12,2.9310198712551026e-12,-1.272419669628988e-16,-1.2374723468155935e-14,-4.1700426815320194e-13,1.1383486745823272e-17,-7.099244803132621e-15,1.1297496445294985e-14,-7.786863420733426e-13,-2.745137450688162e-13,7.711302411432067e-13,1.6345729818567633e-10,2.1044797904323786e-11,-6.6915333718498e-12,-3.0189539756975136e-13,5.304475377461888e-13,-8.243229354923452e-10,-7.392849353526909e-15,-1.7186222972600003e-13,-2.612262998506291e-09,-2.6836172173361207e-17,-2.903493417916181e-17
916.7779324426061,1.1724126854536128e-11,7.769510072345535e-13,-6.246655933258201e-13,-1.2153398657825202e-15,1.088301360141486e-12,-1.0830390806404467e-12,2.5628178264014425e-10,2.7633806354288026e-12,-4.296326854576667e-10,-8.180813611171484e-17,-9.5461064978745e-11,1.3219371396991025e-11,3.1426250490795837e-12,2.3945357897517705e-14,-1.9928464742610983e-11,2.341815013511766e-11,2.355482898129312e-17,-4.0795906944013645e-12,1.0952495370590274e-12,-2.439787712945334e-12,3.3306690738754696e-15,-1.0913939975340445e-15,-4.92419538177123e-16,-2.704643963489226e-15,-6.593524690653112e-18,3.3052468959545836e-11,4.003932952180985e-12,1.656467727841996e-10,7.261971243528037e-14,-1.3237954093348317e-11,-3.143735272104209e-12,-3.505799046127973e-12,-5.4427531562594606e-17,-1.6433583176437827e-10,-3.338827695223423e-15,0.0,-6.258882301950208e-16,-8.038014698286133e-14,9.538488517553863e-11,1.1724126854536128e-11,7.629940531235964e-13,-6.276200300211106e-13,-1.215621584875019e-15,1.08661311060132e-12,-1.0829385388433367e-12,2.562854206189513e-10,2.7633887770643166e-12,-4.296423867344856e-10,5.48665722211202e-08,-7.290765643119812e-09,3.5410106647759676e-09,2.811815356835723e-09,-4.4209931123380857e-10,6.068347470000993e-07,1.1411199762889623e-10,1.3991583789856776e-08,1.3937375721676897e-06,2.9306571984003918e-12,2.9308215114080363e-12,-1.11918576258437e-16,-1.1884656222112729e-14,-7.442793048539898e-14,1.3145040611561854e-17,-7.768269361108082e-15,1.1585448030614065e-14,-5.096845256957749e-13,-9.82880443700651e-14,9.079182442898551e-13,1.5719560906291009e-10,1.9198159861844032e-11,-5.9431016552480285e-12,-2.296360435138922e-13,4.905261382267175e-13,-7.318933056509661e-10,-6.543105900841395e-15,-1.5299871191691213e-13,-2.3179265914071343e-09,-2.363416175728735e-17,-2.552501034610207e-17
957.4852126495767,1.1723878164578613e-11,7.221387932077051e-13,-5.847349863567312e-13,-1.1497053309383887e-15,1.0293661034666001e-12,-1.0250705173575625e-12,2.541403227951378e-10,2.8369084859036773e-12,-4.2598888588448364e-10,-7.717006603686603e-17,-9.007313413652203e-11,1.2472407930301148e-11,2.966099588164184e-12,2.297830979311466e-14,-1.886213022192804e-11,2.214632798135262e-11,3.732088442803229e-17,-3.8609446606143745e-12,1.0336345797367164e-12,-2.3038773731153855e-12,3.1086244689504383e-15,-1.1595824930775743e-15,-4.623479428370677e-16,-1.5136226691942867e-15,-7.309796926746658e-18,3.118491236387842e-11,3.796101310472434e-12,1.5629270487635083e-10,6.847909690471318e-14,-1.249092293013255e-11,-2.9671924639540492e-12,-3.30813694339306e-12,-5.123053384026588e-17,-1.5506015076589604e-10,-3.146164969172749e-15,2.4777119338771194e-16,-2.0028423366240666e-15,-7.519910620127727e-14,9.000074759531647e-11,1.1723878164578613e-11,7.081553121679463e-13,-5.852138921606335e-13,-1.149868163648667e-15,1.027171947498573e-12,-1.02497708098781e-12,2.5414439733140173e-10,2.8369188479852406e-12,-4.2599276639521123e-10,5.970944960912069e-08,-7.1387737989425655e-09,3.510367241688073e-09,3.2242503948509695e-09,-3.853301677736454e-10,6.031531970514808e-07,1.1408229916298751e-10,1.3990977245975362e-08,1.3821639489227284e-06,2.930615750074139e-12,2.9307771024870515e-12,-1.062749425499258e-16,1.2058650374531984e-15,-4.714545790799699e-13,1.1561122429763296e-17,-8.71722277695497e-15,9.081275510226805e-15,-9.04593377981655e-13,-5.162248406520575e-13,8.728723817815383e-13,1.552825172742208e-10,1.8535502022132277e-11,-5.612665177068266e-12,-3.154423211526591e-13,4.588573965236265e-13,-6.910370983447603e-10,-6.158159919500417e-15,-1.428284787133259e-13,-2.1870967259474128e-09,-2.2227590138849487e-17,-2.404037617124525e-17
1000.0,1.1722267601044223e-11,5.53457842518886e-13,-4.607718058953954e-13,-9.212112554261391e-16,8.352799341082573e-13,-8.314255950381266e-13,2.4759996449574827e-10,2.9155759288338836e-12,-4.148013734569152e-10,-6.31422122252297e-17,-7.365641430112646e-11,1.019008725638575e-11,2.423894418512873e-12,1.805949535363702e-14,-1.52684577943892e-11,1.7935190369892478e-11,1.0966514983618606e-16,-3.1314406722477886e-12,8.449587928563236e-13,-1.877466205757719e-12,2.55351295663786e-15,-1.1704859983529978e-15,-3.795433060332093e-16,-1.7241264841153464e-15,-3.7055150347239395e-18,2.5497904137857405e-11,3.088443892249936e-12,1.2779245362173962e-10,5.5998613045516364e-14,-1.0213273316503683e-11,-2.4248918845115597e-12,-2.705368722254341e-12,-4.4096894007306973e-17,-1.2679511187766473e-10,-2.5826102324419398e-15,-2.4777119338771194e-16,-6.0085270098722e-15,-6.439293542825908e-14,7.359579612398193e-11,1.1722267601044223e-11,5.375113687478006e-13,-4.621682592187426e-13,-9.21255664347124e-16,8.332222023454961e-13,-8.313264743264881e-13,2.4760491214692594e-10,2.9155907318075455e-12,-4.148023435845971e-10,6.520897150039673e-08,-6.826035678386688e-09,3.418856067582965e-09,3.547343658283353e-09,-3.2632859377675533e-10,5.919613359701755e-07,1.1398315624688848e-10,1.39886937866571e-08,1.3466718276807417e-06,2.930275281679921e-12,2.930408508442876e-12,-8.954064341833619e-17,-2.30397922962311e-14,6.420464160328265e-15,1.447730824111204e-17,-7.688659431348554e-15,9.452982862624693e-15,-3.2835941965458914e-13,-2.9369099744750807e-15,4.771815535301963e-13,1.4726829249411822e-10,1.3980388757772744e-11,-4.580880386129138e-12,-1.6410922398790716e-13,4.246188585928697e-13,-5.632129388189686e-10,-5.073361435820045e-15,-1.18121045022695e-13,-1.7884254077671358e-09,-1.919037845299343e-17,-2.0641763761227356e-17
