time,NORM_ERROR_Pept0003,NORM_ERROR_ATP,NORM_ERROR_ADP,NORM_ERROR_AMP,NORM_ERROR_GTP,NORM_ERROR_GDP,NORM_ERROR_PO4,NORM_ERROR_PPi,NORM_ERROR_CP,NORM_ERROR_RS30S,NORM_ERROR_RS50S,NORM_ERROR_RF1,NORM_ERROR_RF2,NORM_ERROR_RF3,NORM_ERROR_RF3_GDP,NORM_ERROR_RF3_GTP,NORM_ERROR_EFTu,NORM_ERROR_EFTu_GDP,NORM_ERROR_EFG,NORM_ERROR_EFG_GDP,NORM_ERROR_RRF,NORM_ERROR_tRNAGlyGCC,NORM_ERROR_GlytRNAGlyGCC,NORM_ERROR_tRNAfMetCAU,NORM_ERROR_MettRNAfMetCAU,NORM_ERROR_fMettRNAfMetCAU,NORM_ERROR_EFTu_GTP,NORM_ERROR_EFG_GTP,NORM_ERROR_RS70S,NORM_ERROR_BOUND_RF1,NORM_ERROR_BOUND_RF2,NORM_ERROR_BOUND_RF3,NORM_ERROR_BOUND_EFTu,NORM_ERROR_BOUND_EFG,NORM_ERROR_BOUND_RRF,NORM_ERROR_BOUND_tRNAGlyGCC,NORM_ERROR_BOUND_tRNAfMetCAU,NORM_ERROR_OCCUPIED_30S,NORM_ERROR_OCCUPIED_50S,NORM_CUM_ERROR_NET_Pept0003,NORM_CUM_ERROR_NET_ATP,NORM_CUM_ERROR_NET_ADP,NORM_CUM_ERROR_NET_AMP,NORM_CUM_ERROR_NET_GTP,NORM_CUM_ERROR_NET_GDP,NORM_CUM_ERROR_NET_PO4,NORM_CUM_ERROR_NET_PPi,NORM_CUM_ERROR_NET_CP,NORM_CUM_ERROR_CONSUMED_ATP,NORM_CUM_ERROR_CONSUMED_GTP,NORM_CUM_ERROR_RELEASED_GDP,NORM_CUM_ERROR_RELEASED_PO4,NORM_CUM_ERROR_RELEASED_PPi,NORM_CUM_ERROR_RELEASED_EFG_GDP,NORM_CUM_ERROR_RELEASED_RRF,NORM_CUM_ERROR_RELEASED_tRNAGlyGCC,NORM_CUM_ERROR_RELEASED_RS50S,NORM_CUM_ERROR_RESIDUE_re0000000018,NORM_CUM_ERROR_RESIDUE_re0000000079,NORM_CURRENT_ERROR_NET_Pept0003,NORM_CURRENT_ERROR_NET_ATP,NORM_CURRENT_ERROR_NET_ADP,NORM_CURRENT_ERROR_NET_AMP,NORM_CURRENT_ERROR_NET_GTP,NORM_CURRENT_ERROR_NET_GDP,NORM_CURRENT_ERROR_NET_PO4,NORM_CURRENT_ERROR_NET_PPi,NORM_CURRENT_ERROR_NET_CP,NORM_CURRENT_ERROR_CONSUMED_ATP,NORM_CURRENT_ERROR_CONSUMED_GTP,NORM_CURRENT_ERROR_RELEASED_GDP,NORM_CURRENT_ERROR_RELEASED_PO4,NORM_CURRENT_ERROR_RELEASED_PPi,NORM_CURRENT_ERROR_RELEASED_EFG_GDP,NORM_CURRENT_ERROR_RELEASED_RRF,NORM_CURRENT_ERROR_RELEASED_tRNAGlyGCC,NORM_CURRENT_ERROR_RELEASED_RS50S,NORM_CURRENT_ERROR_RESIDUE_re0000000018,NORM_CURRENT_ERROR_RESIDUE_re0000000079
0.0,0.0,0.0,0.0,0.0,0.0,0.0,0.0,0.0,0.0,0.0,0.0,0.0,0.0,0.0,0.0,0.0,0.0,0.0,0.0,0.0,0.0,0.0,0.0,0.0,0.0,0.0,0.0,0.0,0.0,0.0,0.0,0.0,0.0,0.0,0.0,0.0,0.0,0.0,0.0,0.0,0.0,0.0,0.0,0.0,0.0,0.0,0.0,0.0,0.0,0.0,0.0,0.0,0.0,0.0,0.0,0.0,0.0,0.0,0.0,0.0,0.0,0.0,0.0,0.0,0.0,0.0,0.0,0.0,0.0,0.0,0.0,0.0,0.0,0.0,0.0,0.0,0.0,0.0,0.0
1e-07,0.0,7.654913739922146e-14,1.1808088934231354e-53,8.330586572454764e-36,5.911715561524033e-15,7.689007300695013e-36,1.9767808689162547e-27,1.9883675322213186e-21,2.0372681319713593e-13,-5.414140713849963e-18,-2.6221625417930977e-22,0.0,0.0,3.389352290891371e-13,4.191913647511412e-40,-3.392024462031486e-13,9.769962616701378e-15,1.4408610653452734e-40,1.9364355080671334e-15,1.6346094718072714e-28,0.0,1.0890455205393361e-14,3.839038461642006e-34,1.2517764603900416e-16,1.1348985809068403e-36,8.997444211391308e-54,-4.903822031603056e-15,-2.669337660133139e-15,2.113864638886298e-13,0.0,0.0,0.0,6.106782676049924e-182,6.532711965385798e-16,0.0,-1.0854548000683169e-14,-4.162988561620405e-16,-2.1123875941266487e-13,-2.1124414428345487e-13,0.0,7.641904932927565e-14,1.1808088934231358e-53,8.330586572454764e-36,6.10213095331158e-15,7.689007300695013e-36,1.976780873611414e-27,1.988367532221316e-21,2.0305770953576996e-13,-6.92928376714678e-14,-5.328640306778709e-15,7.689081346776772e-36,1.976780879459741e-27,1.988368573502776e-21,1.6346318237879304e-28,0.0,6.963989108875018e-16,-1.6902057183166866e-22,8.899537262153947e-204,2.932618e-317,0.0,-1.0112416930496693e-09,3.907732520520141e-46,2.222430265069421e-28,-1.5235855244100093e-11,1.6868972190647727e-28,1.804663756611047e-21,1.7793681080391355e-15,-2.4549663066864015e-09,9.128901486595472e-10,1.3242242857813836e-11,1.6869169750128443e-28,1.8046638388451127e-21,1.7793827424241822e-15,2.2984189543908255e-21,0.0,-1.0854547313061821e-12,0.0,3.1968860291155684e-196,1.04402187749863e-309
1.2275703955658056e-07,0.0,8.018711620631318e-14,3.1307841085292494e-53,1.7835140161780226e-35,6.252776074688882e-15,1.4904648195445047e-35,2.8270142407527955e-27,2.842854210382099e-21,2.1464074961841105e-13,-5.6784848901550654e-18,-2.790355933012213e-22,0.0,0.0,3.562229876154431e-13,8.974939421753575e-40,-3.5654247876277087e-13,1.0302869668521452e-14,3.0849651345032417e-40,2.0655312086049425e-15,2.7752606079542725e-28,0.0,1.1641521081627387e-14,8.219021245755068e-34,2.503552920780083e-16,2.4297430201093667e-36,2.386259811319522e-53,-5.1565983471071884e-15,-2.8072129556614417e-15,2.2219263466164799e-13,0.0,0.0,0.0,1.9041573204009124e-181,6.862130297482199e-16,0.0,-1.1414273686915405e-14,-4.380305558051187e-16,-2.2209556242713813e-13,-2.221012725585799e-13,0.0,7.994589249863774e-14,3.1307841085292494e-53,1.7835140161780226e-35,6.4143534234117895e-15,1.4904648195445047e-35,2.8270142457495455e-27,2.8428542103820963e-21,2.1254594380811415e-13,-7.249246110803871e-14,-5.601269448263224e-15,1.4904806732579236e-35,2.8270142556789848e-27,2.842855978077503e-21,2.7753039358808183e-28,0.0,7.323763496811319e-16,-1.7867101231145398e-22,2.7821813725126964e-203,-2.919171765e-315,0.0,-1.0578466268877188e-09,1.0074086876974695e-45,4.3075953558274215e-28,-1.599255483597517e-11,2.8640306522412502e-28,1.938984107689427e-21,1.8981742366687535e-15,-2.5699070344368616e-09,9.550130926072598e-10,1.3882527127861976e-11,2.864068947639484e-28,1.9389842252933038e-21,1.898195160075772e-15,3.2869483474327717e-21,0.0,-1.141427720142451e-12,2.3129646346357427e-18,9.992935824642752e-196,-2.5140975071526755e-307
1.5069290760695855e-07,0.0,7.927762150454025e-14,3.497845878127745e-53,2.761040075414978e-35,6.1390892369672655e-15,2.1461716674415466e-35,3.092861226852505e-27,3.1092775037271143e-21,2.1221543041368326e-13,-5.5877699224644706e-18,-2.6938515282143603e-22,0.0,0.0,3.4940304617846e-13,1.389518190684695e-39,-3.4975525699849314e-13,1.0125233984581428e-14,4.776018361229577e-40,2.0655312086049425e-15,3.583544613078315e-28,0.0,1.1265988143510374e-14,1.272373319772076e-33,3.755329381170125e-16,3.7614680951424736e-36,2.663154745194712e-53,-5.055913912359322e-15,-2.752140055337405e-15,2.1789977229976407e-13,0.0,0.0,0.0,6.016688781880558e-178,6.738607750247185e-16,0.0,-1.1190789109017034e-14,-4.2912394930670746e-16,-2.1779080998142927e-13,-2.1779637555258136e-13,0.0,7.909809381552908e-14,3.49784587812774e-53,2.761040075414978e-35,6.292003376651145e-15,2.1461716674415466e-35,3.092861253564098e-27,3.1092775037271042e-21,2.1000564250546935e-13,-7.171950070864834e-14,-5.4944590544003804e-15,2.1461962115610743e-35,3.092861266385544e-27,3.1092797860109826e-21,3.583607002503062e-28,0.0,7.179424640940226e-16,-1.7398365550698683e-22,-5.222418944412934e-200,4.273973555221867e-304,0.0,-1.0467677687605223e-09,1.331905520154642e-45,6.202158389262322e-28,-1.5686964616179467e-11,3.698162898617426e-28,1.8481107421987626e-21,1.8015018988331416e-15,-2.5390957792599995e-09,9.448655570546786e-10,1.3620592653751374e-11,3.6982180410539477e-28,1.848110870861779e-21,1.801524783115488e-15,3.5959919476962595e-21,0.0,-1.1190793540354601e-12,-4.625929269271485e-18,-1.5351266969503171e-193,1.537905582263818e-296
1.8498615220003515e-07,0.0,7.685230229981244e-14,-6.632998878252832e-53,2.411832370866098e-35,6.0254023992456494e-15,1.7751609209795133e-35,2.0323815178742518e-27,2.0425956429036704e-21,2.0615213240186372e-13,-5.3935297166635435e-18,-2.5284154057037547e-22,0.0,0.0,3.3592176659372594e-13,1.2141389270713547e-39,-3.362754488309932e-13,9.769962616701378e-15,4.172082420284958e-40,2.0655312086049425e-15,2.698406933233914e-28,0.0,1.1015632851432367e-14,1.111452367456585e-33,3.755329381170125e-16,3.2857038256517087e-36,-5.075773634542277e-53,-4.857767833821303e-15,-2.6438537874851645e-15,2.0931404757599617e-13,0.0,0.0,0.0,3.3102030468100095e-177,6.488260815878421e-16,0.0,-1.0751353227084699e-14,-4.1182501977540024e-16,-2.0929720630225024e-13,-2.0930262731311267e-13,0.0,7.673594167497318e-14,-6.632998878252822e-53,2.411832370866098e-35,6.049050149670165e-15,1.7751609209795133e-35,2.032381535776631e-27,2.04259564290366e-21,2.0350425048813274e-13,-6.957442955091153e-14,-5.282337067757936e-15,1.7751823615143577e-35,2.0323815454312602e-27,2.0425973612853583e-21,2.698458537372328e-28,0.0,6.89627019779175e-16,-1.6516039563975452e-22,-3.2773344108355316e-199,2.414380673513929e-303,0.0,-1.0156072676181793e-09,-7.857740400591405e-46,5.129696814515532e-28,-1.5133991837501526e-11,2.7847103459324735e-28,1.7059734958455008e-21,1.6789147230747828e-15,-2.4606318523486455e-09,9.166154389580091e-10,1.3140379451215268e-11,2.7847559554094e-28,1.7059735803924572e-21,1.6789297565788697e-15,2.3629645081116443e-21,0.0,-1.075134665648072e-12,0.0,-1.7987341060243544e-192,8.688044598840878e-296
2.270835240303935e-07,0.0,7.275957614183426e-14,-6.890964980028287e-52,1.7036549436124466e-35,5.570655048359186e-15,1.396970306119311e-35,1.0165271126073018e-27,1.0207530632883998e-21,1.940255363782247e-13,-5.064787737446528e-18,-2.2830184906463564e-22,0.0,0.0,3.137173061012228e-13,8.581143044766147e-40,-3.140812882591287e-13,9.059419880941277e-15,2.94569429580238e-40,1.9364355080671334e-15,1.8785310314820433e-28,0.0,1.0139389329159337e-14,7.851675213583008e-34,2.503552920780083e-16,2.320747852731061e-36,-5.271452268873289e-52,-4.53297338900982e-15,-2.4665599424045226e-15,1.9539925233402755e-13,0.0,0.0,0.0,-1.0964227367369034e-173,6.071984794220595e-16,0.0,-1.0031413677142356e-14,-3.8367838598586827e-16,-1.9535646248828678e-13,-1.9536152209842506e-13,0.0,7.258989243030812e-14,-6.890964980028283e-52,1.7036549436124466e-35,5.64926577739655e-15,1.396970306119311e-35,1.0165271210500548e-27,1.0207530632883998e-21,1.9218626690076234e-13,-6.581069948256394e-14,-4.933265601581027e-15,1.3969854440930824e-35,1.016527127771367e-27,1.0207542593827645e-21,1.8785716415240065e-28,0.0,6.432909478531319e-16,-1.5109832522635305e-22,-5.135549684584774e-195,-6.554762504514156e-297,0.0,-9.609114689131578e-10,-1.1642461956227024e-44,4.0374591886878497e-28,-1.414446160197258e-11,1.9386081325604931e-28,1.503252125200283e-21,1.4944386109467105e-15,-2.3237274338801704e-09,8.67119524627924e-10,1.2267264537513256e-11,1.9386440247098585e-28,1.5032521674879606e-21,1.4944461236891683e-15,1.1818204301097333e-21,0.0,-1.00314089401953e-12,-2.3129646346357427e-18,-1.4090561666499064e-187,-1.8311193200979485e-289
2.7876101142046726e-07,0.0,6.821210263296962e-14,3.301846310759202e-49,3.200693544260825e-33,4.6611603465862574e-15,1.0070944112379463e-33,2.2226007022118375e-26,2.2274242265062702e-20,1.7826096154749394e-13,-4.3906680739865705e-18,-1.6874484496081765e-22,0.0,0.0,2.6375726999309077e-13,1.6118963187943397e-37,-2.6410467934636007e-13,7.638334409421077e-15,5.544211736053562e-38,1.5491484064537068e-15,6.76283700171057e-27,0.0,8.38690228461328e-15,1.4747217488990516e-31,1.2517764603900416e-16,4.360979510683331e-34,2.5317691389296232e-49,-3.795396072078794e-15,-2.064688115345815e-15,1.6372088869805643e-13,4.447e-321,1.73e-321,0.0,9.242573596823271e-168,5.146726255316555e-16,0.0,-8.396949196511551e-15,-3.1935045397713107e-16,-1.637802306969638e-13,-1.6378456750565373e-13,0.0,6.802408636374935e-14,3.301846310759202e-49,3.200693544260825e-33,4.750776161355219e-15,1.0070944112379463e-33,2.2226007075689415e-26,2.227424226506295e-20,1.7636927103955222e-13,-6.161480122409321e-14,-4.148910381918114e-15,1.0071229041944043e-33,2.222600731768176e-26,2.227428526941411e-20,6.763129769996531e-27,0.0,5.378925748447207e-16,-1.1690819324082792e-22,9.159411252060178e-188,1.3556110994928396e-288,0.0,-9.019665109614531e-10,3.982217459009049e-42,2.905337135469216e-26,-1.1918018572032451e-11,6.978989042356436e-27,9.320362253055235e-22,5.090594756504663e-16,-2.133039136727651e-09,8.121132850646973e-10,1.0331859812140464e-11,6.979247789909767e-27,9.320371499080912e-22,5.092234140742453e-16,2.583743126213431e-20,0.0,-8.396950724558988e-13,0.0,1.14580506569555e-180,1.6956527329570066e-281
3.4219876505774637e-07,0.0,6.502887117676436e-14,1.420621960756276e-48,1.2138086283819245e-32,3.4106051316484808e-15,3.580554945463337e-33,6.860079633696336e-26,6.872530238519102e-20,1.6370904631912708e-13,-3.488705922428816e-18,-8.216660751360075e-23,0.0,0.0,1.9333740957400942e-13,6.113550661686182e-37,-1.9381941488269155e-13,5.5067062021407766e-15,2.102814392630592e-37,1.1618613048402802e-15,2.2340313074872696e-26,0.0,6.133704655911204e-15,5.59254711019387e-31,1.2517764603900416e-16,1.6538453009648875e-33,1.0893709830246353e-48,-2.7538409920480068e-15,-1.4977433557756877e-15,1.1916393797643346e-13,1.9886e-320,7.535e-321,0.0,4.091294410574358e-167,3.8542510086171697e-16,0.0,-6.089139152411112e-15,-2.2820910956764405e-16,-1.1924387981661807e-13,-1.1924763838414934e-13,0.0,6.494417041184401e-14,1.420621960756276e-48,1.2138086283819244e-32,3.4883970712051848e-15,3.580554945463337e-33,6.860079629531436e-26,6.872530238519085e-20,1.6089427938107785e-13,-5.871117481071053e-14,-3.0470001521898384e-15,3.5806630142518624e-33,6.860079709472275e-26,6.872544441740594e-20,2.2341353965283353e-26,0.0,3.889284538460869e-16,-6.672590274594424e-23,4.06998240584997e-187,6.0183021521318175e-288,5e-324,-8.641509339213371e-10,1.6742403158326475e-41,1.0327437130469136e-25,-8.833012543618679e-12,2.3054283191727624e-26,4.921026255244842e-23,-1.2762873274916988e-15,-1.9471626728773116e-09,7.74433525900046e-10,7.668859325349331e-12,2.3055203108987708e-26,4.921311634512548e-23,-1.2757815092671683e-15,7.97460267395619e-20,0.0,-6.089129678517002e-13,-4.625929269271485e-18,5.090422097093525e-180,7.517968633483658e-281
4.200730733840671e-07,2.96e-322,6.790893773237865e-14,5.239035225234347e-48,3.012350832283865e-32,2.9558577807620166e-15,7.720706085023041e-33,1.0620686714713004e-25,1.0629270662027261e-19,1.64921705921491e-13,-3.2250261100190287e-18,-4.963083675318166e-23,0.0,0.0,1.6907110632148813e-13,1.5176038419123524e-36,-1.6930498421869573e-13,4.7961634663806766e-15,5.220295192501357e-37,1.0327656043024713e-15,4.1023100597912793e-26,0.0,5.382638779677179e-15,1.3878684019674979e-30,2.503552920780083e-16,4.1045173412110186e-33,4.018915232028778e-48,-2.3865349800533677e-15,-1.2986709147302933e-15,1.0362081563168128e-13,1.290620312961e-311,4.94737786098e-312,0.0,2.966606198459365e-163,3.412898170491956e-16,0.0,-5.2753927703113644e-15,-1.9584984000023394e-16,-1.035817843534718e-13,-1.0358510924013409e-13,2.96e-322,6.787391019595172e-14,5.239035225234347e-48,3.012350832283868e-32,3.0498104042209207e-15,7.720706085023041e-33,1.06206867867842e-25,1.0629270662027195e-19,1.6353829401793973e-13,-6.128930696291945e-14,-2.664299336707643e-15,7.720974371278735e-33,1.0620686933583245e-25,1.0629296730459743e-19,4.1025345067205496e-26,0.0,3.3625707756740994e-16,-4.632211430296955e-23,2.9713018224799187e-183,3.760824681709637e-279,3.69977792e-315,-9.0493510166804e-10,5.688694935182214e-41,2.2258527535864923e-25,-7.785274647176266e-12,4.23338562927605e-26,-3.346182444938931e-22,-2.3875798394259105e-15,-1.9797589629888535e-09,8.087178381780783e-10,6.7520886659622196e-12,4.233583985606791e-26,-3.346138262890668e-22,-2.3867975251035685e-15,1.2345533280068213e-19,0.0,-5.275416302241894e-13,0.0,3.711344558300833e-176,4.704159891683446e-272
5.15669268860623e-07,3.785e-321,8.534091951635977e-14,2.5688024612391864e-47,9.410506717588307e-32,2.3874235921539368e-15,2.1151393573596137e-32,2.2236362865530172e-25,2.2234055914507607e-19,1.952381959805886e-13,-3.070454729127436e-18,5.514537417020185e-24,0.0,0.0,1.3703324189659077e-13,4.7419474734235585e-36,-1.374872128348129e-13,3.730349362740526e-15,1.6314001147160568e-36,7.745742032268534e-16,9.811189204989018e-26,0.0,4.381217611365145e-15,4.3354709617407456e-30,1.2517764603900416e-16,1.2822816254678426e-32,1.971377918739922e-47,-1.892626680377596e-15,-1.0331595731151477e-15,8.274862276872834e-14,1.6378334599192e-310,6.278361589671e-311,0.0,3.6427647893186307e-162,2.877074021693227e-16,0.0,-4.181731018464853e-15,-1.5114681223081173e-16,-8.272881800904426e-14,-8.273185377512722e-14,3.785e-321,8.527017055411553e-14,2.5688024612391864e-47,9.410506717588312e-32,2.4855326130612807e-15,2.1151393573596137e-32,2.2236362884522625e-25,2.2234055914507477e-19,1.9451773525247517e-13,-7.683014409861262e-14,-2.172373392284044e-15,2.115223200629195e-32,2.223636323562304e-25,2.223411823073791e-19,9.811804095453867e-26,0.0,2.64885527938949e-16,-1.3234889800848443e-23,3.798393944959656e-182,4.8702284742710663e-278,4.695122191e-314,-1.1411999973158042e-09,2.548868621767998e-40,6.094822654249805e-25,-6.4319465309381486e-12,1.0124603875637405e-25,-1.1570777737271775e-21,-5.454580255201572e-15,-2.3567117750644684e-09,1.0144237118462722e-09,5.573383532464504e-12,1.0125147271742637e-25,-1.1570685233990524e-21,-5.452943828685926e-15,2.5846424031737246e-19,0.0,-4.181715737990483e-13,-2.3129646346357427e-18,4.718225463481688e-175,6.08922865725483e-271
6.330203283563647e-07,2.68632870057e-313,1.103520238151153e-13,1.2491018107014938e-46,2.5702722288590468e-31,2.842170943040401e-15,4.8262665051757376e-32,3.2921006775467573e-25,3.285558984530534e-19,2.498078780869643e-13,-3.681871344887165e-18,-2.2058149668080737e-24,0.0,0.0,1.5939630567832605e-13,1.295578418379733e-35,-1.597435601455707e-13,4.440892098500626e-15,4.458230053453296e-36,1.0327656043024713e-15,1.8265442117742616e-25,0.0,5.007105841560167e-15,1.1840592200821074e-29,1.2517764603900416e-16,3.502435387251288e-32,9.591033642867388e-47,-2.193612045481297e-15,-1.201273944860429e-15,9.607129906423022e-14,1.1722406426238522e-302,4.493589125316421e-303,9.6634186e-317,7.424016907768428e-159,3.3508469932139735e-16,0.0,-4.8492738217924814e-15,-1.755325392660285e-16,-9.593743623600066e-14,-9.594119480353196e-14,2.68632870057e-313,1.1027292042461075e-13,1.2491018107014938e-46,2.5702722288590476e-31,2.8944069363490143e-15,4.8262665051757376e-32,3.292100649342341e-25,3.285558984530534e-19,2.4802108515113256e-13,-9.930352836325559e-14,-2.530101128606077e-15,4.8264956324198143e-32,3.2921007147105397e-25,3.285570576096536e-19,1.8266845168797136e-25,0.0,3.069656201737882e-16,-1.2131982317444405e-23,7.452593437691586e-179,2.1973704440726027e-272,3.360422895621259e-306,-1.477077603340149e-09,1.1048706805681515e-39,1.3895859125429038e-24,-7.479684427380562e-12,1.8848696432956417e-25,-1.4240113603251549e-21,-7.772029232415418e-15,-3.005688389142354e-09,1.3111857697367668e-09,6.504706107079983e-12,1.8849936298830461e-25,-1.4239976651823475e-21,-7.769611061005807e-15,3.8261972695427397e-19,0.0,-4.849235314997069e-13,0.0,9.303819867013823e-172,2.7483477348794763e-265
7.770770148816172e-07,2.631820610086476e-308,1.305124897044152e-13,5.702551669145621e-46,6.44202902958859e-31,3.4106051316484808e-15,9.891666651667693e-32,4.022635806704725e-25,4.002621242448156e-19,2.9346362377206484e-13,-4.3496288865291065e-18,-2.6469779601696886e-23,0.0,0.0,1.9175137668168777e-13,3.248792363562042e-35,-1.9199733568881733e-13,5.151434834260726e-15,1.1181871617196e-35,1.0327656043024713e-15,2.958256181832033e-25,0.0,5.8833493638331956e-15,2.9674241549900175e-29,2.503552920780083e-16,8.778899225912015e-32,4.380829762292897e-46,-2.649096220164182e-15,-1.4524842185754207e-15,1.1561122429763296e-13,1.1484677314865165e-297,4.402459632719509e-298,9.46729406904e-312,1.6502422808112899e-156,3.995632241602665e-16,7.7e-322,-5.8586866782000225e-15,-2.1383495833371878e-16,-1.1567454170450611e-13,-1.156791676337754e-13,2.631820610086476e-308,1.3030402682782476e-13,5.702551669145621e-46,6.4420290295886e-31,3.480771226804791e-15,9.891666651667693e-32,4.0226357743726343e-25,4.002621242448156e-19,2.9282213690843644e-13,-1.1733891636112048e-13,-3.0425523211974337e-15,9.89224134679869e-32,4.022635880251837e-25,4.002639993158693e-19,2.9585437469870495e-25,0.0,3.713252919959873e-16,-2.426396463488881e-23,1.687849010611953e-176,4.0428184691492975e-268,3.2922738893736676e-301,-1.7453955175975959e-09,4.449788175709167e-39,2.8449348751800374e-24,-8.993083611130714e-12,3.052666281644109e-25,-1.4478529695213786e-21,-9.17848273453518e-15,-3.5484942297140756e-09,1.549196895211935e-09,7.799826562404633e-12,3.052920388007036e-25,-1.44783623537082e-21,-9.175536805296002e-15,4.67452470402468e-19,4.64e-322,-5.85866589675488e-13,-2.3129646346357427e-18,2.0975535162939515e-169,5.056919743970844e-261
9.539167385433204e-07,1.3499402314915837e-300,1.5612992380435268e-13,8.908436725626982e-45,2.624319246343318e-30,4.092726157978177e-15,2.92308194987761e-31,5.027064380310781e-25,4.963528460308103e-19,3.5045862508316837e-13,-5.135079891540059e-18,-4.852792926977762e-23,0.0,0.0,2.2664410031276411e-13,1.3242684510575794e-34,-2.2697617594959395e-13,6.217248937900877e-15,4.5621100858915864e-35,1.4200527059158979e-15,6.031988948586848e-25,0.0,7.135125824223237e-15,1.2086209688441086e-28,1.2517764603900416e-16,3.5767978752856457e-31,6.853677992628189e-45,-3.1373124584344046e-15,-1.722478925278824e-15,1.3692750637043596e-13,3.0441001855471506e-290,1.166905068743607e-290,9.397285278152734e-304,6.427627242648836e-152,4.708469499519596e-16,1.4812194965e-313,-6.9404678612238634e-15,-2.5441989826042717e-16,-1.3690061815655832e-13,-1.3690553320640694e-13,1.3499402314915837e-300,1.5609247228098865e-13,8.908436725626982e-45,2.62431924634332e-30,4.118122509666478e-15,2.92308194987761e-31,5.0270642729927885e-25,4.963528460308208e-19,3.497927133129982e-13,-1.4054785113515324e-13,-3.599731623893376e-15,2.92331643003415e-31,5.027064488924925e-25,4.963566593931141e-19,6.032838749872281e-25,1.375e-320,4.40084984060725e-16,-3.0881409535313035e-23,8.931004139768375e-171,4.559430339192412e-261,8.726419125339516e-294,-2.0910132055481274e-09,5.037651561922352e-38,8.388005410529002e-24,-1.0622898116707802e-11,6.224261757245128e-25,-1.5852728866378434e-21,-1.1167919286349422e-14,-4.238992308576902e-09,1.8554273992776871e-09,9.225914254784584e-12,6.225012629021681e-25,-1.5852519740740854e-21,-1.116426612937733e-14,5.839389619785263e-19,8.887316979e-314,-6.940435466618199e-13,0.0,5.773258604903485e-164,2.947351269243347e-254
1.1709999480704671e-06,-1.157467742132041e-297,1.6704386022562783e-13,-2.5086329350185026e-44,3.6776372804371714e-30,4.7748471843078735e-15,4.483105362444553e-31,5.279327477271567e-25,5.173200876391536e-19,3.7834979593753813e-13,-5.725766258241726e-18,-8.602678370551488e-23,0.0,0.0,2.623298403900013e-13,1.8564949884798584e-34,-2.625739407648352e-13,7.283063041541026e-15,6.384001231786315e-35,1.5491484064537068e-15,8.71750044876116e-25,0.0,8.261724638574276e-15,1.6940617766632328e-28,2.503552920780083e-16,5.0116591010157295e-31,-1.9363444391543942e-44,-3.652980695711961e-15,-2.004891528957788e-15,1.5898393712632242e-13,-2.0447040722155686e-287,-7.838032256395691e-288,-1.0278824659471771e-300,-3.297811460136892e-149,5.394928164878984e-16,-2.06582196665637e-310,-8.081995699034386e-15,-2.98584289308307e-16,-1.5907240802359723e-13,-1.590779013146045e-13,-1.157467742132041e-297,1.6705505497445945e-13,-2.508632935018504e-44,3.6776372804371714e-30,4.760997152075674e-15,4.483105362444553e-31,5.27932730428502e-25,5.173200876391957e-19,3.7683530370221283e-13,-1.5046038489193355e-13,-4.161240796385357e-15,4.4834334724951956e-31,5.279327616364635e-25,5.173255958704166e-19,8.718803772442399e-25,-2.443916e-317,5.133135974669413e-16,-5.514537417020185e-23,-1.2154864293285756e-167,-4.254898192482435e-258,-5.861483801001238e-291,-2.2366875782608987e-09,-6.042218253777179e-38,1.2873975971057266e-23,-1.2223608791828155e-11,8.995308974571513e-25,-1.374474677995896e-21,-1.1357455546823239e-14,-4.566352193554242e-09,1.9858901699384054e-09,1.0622898116707802e-11,8.99646051084813e-25,-1.3744527160073205e-21,-1.1353648070991953e-14,6.130032327171566e-19,-1.2394931799938e-310,-8.081996921472336e-13,-2.3129646346357427e-18,-6.161976864917159e-161,-2.15521861942042e-251
1.4374848694604012e-06,4.665177674422406e-293,1.5658467115523914e-13,-4.951239779535036e-44,8.239236252353942e-30,4.6611603465862574e-15,7.996445584751105e-31,4.838512371888778e-25,4.671627034238349e-19,3.5530926349262396e-13,-5.513990374908416e-18,-8.823259867232296e-23,0.0,0.0,2.5630291539917903e-13,4.160252356578796e-34,-2.565587871118856e-13,7.105427357601002e-15,1.4322354075535018e-34,1.6782441069915157e-15,1.2224478944424117e-24,0.0,8.13654699253527e-15,3.794645086941842e-28,2.503552920780083e-16,1.1229286096492703e-30,-3.826946827499219e-44,-3.576414338291034e-15,-1.9617125470884525e-15,1.555792531841386e-13,1.0520292258568775e-282,4.0327786908834483e-283,3.24740673596486e-296,3.105167949111396e-148,5.26416672264978e-16,5.118338533315669e-306,-7.910365410910595e-15,-2.926172640668237e-16,-1.5562262127103801e-13,-1.5562782544146595e-13,4.665177674422406e-293,1.5651620740205393e-13,-4.951239779535047e-44,8.239236252353942e-30,4.649225449071537e-15,7.996445584751105e-31,4.838512495657221e-25,4.671627034239191e-19,3.5492934517359723e-13,-1.41003875242518e-13,-4.063444025703689e-15,7.997181717621505e-31,4.8385129333604315e-25,4.671704087973279e-19,1.2226803706543636e-24,4.7503677922e-313,5.026119325373115e-16,-6.396863403743414e-23,-6.19492902288725e-168,8.715581744080389e-254,3.015816628037592e-286,-2.094680288185676e-09,-3.4244184781577837e-38,2.2919026126162142e-23,-1.1932570487260818e-11,1.2613608551770668e-24,-1.2262680874683682e-21,-1.023708250045075e-14,-4.30022676785787e-09,1.860801906635364e-09,1.0360963642597198e-11,1.2615662377667215e-24,-1.2262479592721638e-21,-1.0233644183018399e-14,5.613946732816098e-19,3.0710031199894016e-306,-7.910366633348545e-13,-4.625929269271485e-18,7.063265914419849e-161,5.63440180131005e-247
1.7646138698233616e-06,9.028196026688297e-288,1.4491282248248656e-13,-1.3703488989395502e-42,-1.907025846760454e-29,4.206412995699793e-15,-7.245036040949373e-31,4.425582023863566e-25,4.480640918168712e-19,3.2741809263825415e-13,-4.925055425290395e-18,-6.176281907062607e-23,0.0,0.0,2.2474086084197813e-13,-9.643684674019555e-34,-2.2489760549891461e-13,6.217248937900877e-15,-3.3413046877937807e-34,1.290957005378089e-15,-1.504852644651938e-25,0.0,7.135125824223237e-15,-8.773685184754372e-28,1.2517764603900416e-16,-2.6011536472259928e-30,-1.0572204434126155e-42,-3.125407918580514e-15,-1.7145837902727885e-15,1.3603932795073584e-13,2.124116210283056e-277,8.142445456815898e-278,5.9379343386769134e-291,-1.6633617642947828e-145,4.649353498102819e-16,8.663666765045147e-301,-6.909494339675882e-15,-2.5438933731168717e-16,-1.360850090022699e-13,-1.3609021317269784e-13,9.028196026688297e-288,1.4481664016111986e-13,-1.370348898939552e-42,-1.907025846760454e-29,4.076433635091803e-15,-7.245036040949373e-31,4.425579331244022e-25,4.480640918170395e-19,3.258944225592586e-13,-1.30435144167033e-13,-3.56306650850513e-15,-7.246753724463237e-31,4.425579277080131e-25,4.4806321149682105e-19,-1.5069592590653648e-25,7.219353428766139e-308,4.3855644884979383e-16,-5.735118913700991e-23,-1.0467151814337756e-163,-5.136806500367284e-249,6.089132195457157e-281,-1.9386643543839453e-09,-4.142908413659657e-36,-2.0454981636739353e-23,-1.0477378964424133e-11,-1.5511475145991938e-25,-1.2910325563284934e-21,-9.946631485412238e-15,-3.9490405470132824e-09,1.7208900923530261e-09,9.10949893295765e-12,-1.5530081782824769e-25,-1.2910141459053091e-21,-9.943333733803345e-15,5.147539386108228e-19,5.198200059027088e-301,-6.909453999223545e-13,-2.3129646346357427e-18,-4.935456981823424e-157,-2.467542302959358e-242
2.1661877461999666e-06,-5.558150798795335e-282,1.4915713109076024e-13,-9.570947512450137e-42,-1.0501675673527025e-28,3.865352482534945e-15,-4.404219662858335e-30,4.578530772254099e-25,5.020300483646692e-19,3.3105607144534587e-13,-4.733312753485636e-18,-4.411629933616148e-23,0.0,0.0,2.0951494507569028e-13,-5.319104968683812e-33,-2.09791881287748e-13,5.861977570020826e-15,-1.840797430533791e-33,1.1618613048402802e-15,-2.522772415898731e-24,0.0,6.634415240067221e-15,-4.8313991407644904e-27,1.2517764603900416e-16,-1.4324224652399432e-29,-7.388667750094196e-42,-2.9033633136554825e-15,-1.5944075436539738e-15,1.2641739507065117e-13,-9.809156677102066e-272,-3.7601767164116745e-272,-4.939621912701431e-285,-1.6303063675198948e-142,4.3744996554719573e-16,-9.933465772216648e-295,-6.416760163141003e-15,-2.3514357984267767e-16,-1.265365127493349e-13,-1.2654171691976282e-13,-5.558150798795335e-282,1.491936574282704e-13,-9.570947512450137e-42,-1.0501675673527025e-28,3.806260862049271e-15,-4.404219662858335e-30,4.578523836231183e-25,5.020300483646692e-19,3.3080678936888337e-13,-1.343108587311311e-13,-3.3273661603772098e-15,-4.405165992291919e-30,4.578522931698926e-25,5.020144461937479e-19,-2.5240529873843823e-24,-1.175699323545735e-301,4.067347229426491e-16,-5.293955920339377e-23,-6.956866830529034e-161,-1.3093101989099412e-244,-2.8119576683076638e-275,-1.9985600374639035e-09,-2.601754330268195e-35,-1.2464279116107379e-22,-9.837094694375992e-12,-2.60237030827633e-24,-1.4556851271570967e-21,-1.1174149880450225e-14,-4.00965412457784e-09,1.7714143420259157e-09,8.541974239051342e-12,-2.6035012704537617e-24,-1.4556660801925817e-21,-1.1170454939563428e-14,5.34915952231814e-19,-5.960079463329989e-295,-6.416762608016902e-13,-2.3129646346357427e-18,-3.440734509009196e-154,-6.597044584359595e-238
2.6591479484724944e-06,3.3112659645161117e-273,1.5643308870494364e-13,1.6684024043201101e-40,1.8617413739635985e-28,4.320099833421409e-15,3.3373336317581065e-30,4.999053505212042e-25,4.938527714823062e-19,3.5167128468553224e-13,-5.226828559269474e-18,-6.176281907062607e-23,0.0,0.0,2.367947108236227e-13,9.461103854867854e-33,-2.3690622876136406e-13,6.572520305780927e-15,3.306005688588209e-33,1.290957005378089e-15,6.360869418764191e-25,0.0,7.385481116301246e-15,8.551020592922809e-27,1.2517764603900416e-16,2.5422919528669146e-29,1.2929887892423404e-40,-3.2925485254908794e-15,-1.8083483676897765e-15,1.4329278504495355e-13,2.671050245871989e-263,1.0239025884061531e-263,6.443568119258427e-276,4.467122811428489e-137,4.910941979907476e-16,2.839172703851921e-285,-7.276867504479317e-15,-2.681876056677932e-16,-1.432974109742228e-13,-1.433031933858094e-13,3.3112659645161117e-273,1.563243608633987e-13,1.6684024043201101e-40,1.8617413739635985e-28,4.2970627056604375e-15,3.3373336317581065e-30,4.999040916347849e-25,4.938527714829793e-19,3.509068591256437e-13,-1.4080129654795807e-13,-3.756051025760598e-15,3.3390337748511715e-30,4.9990411454179565e-25,4.938564700365075e-19,6.370575911468179e-25,7.36660227715413e-292,4.617661911743893e-16,-6.176281907062607e-23,3.79103486085445e-154,1.8329880433809034e-236,7.657007254679069e-267,-2.0923519817491374e-09,2.8113335667588836e-34,9.163177830521302e-23,-1.1059455573558808e-11,6.555850903317853e-25,-1.3664795275355285e-21,-1.0904314545146261e-14,-4.25210843483607e-09,1.8569796035687128e-09,9.604264050722123e-12,6.564419695078452e-25,-1.3664587308901475e-21,-1.0900679789126739e-14,5.806369650895496e-19,1.7035036223111527e-285,-7.276967744391184e-13,-4.625929269271485e-18,8.766152405675305e-148,4.238514710375666e-230
3.2642912989743803e-06,-1.8088892073475914e-270,8.655357911872367e-14,2.8362254814939187e-39,5.072930240240736e-27,6.934897101018578e-15,1.357587900276377e-28,5.033598442091982e-25,-3.2119669652406335e-19,2.6557245291769503e-13,-7.14669490867035e-18,-2.0734660687995893e-22,0.0,0.0,3.749381757448386e-13,2.580287340672449e-31,-3.7524546961772594e-13,1.0480505352461478e-14,8.964577670367231e-32,2.1946269091427513e-15,5.1927238502617996e-23,0.0,1.1766698727666391e-14,2.3315134492347674e-25,3.755329381170125e-16,6.9242556057886075e-28,2.197307319508608e-39,-5.31944280290908e-15,-2.9116501482138334e-15,2.3018624043894914e-13,-2.0985240162271743e-260,-8.044342030275134e-261,-2.43754445431357e-273,5.0946163459529705e-136,7.534147077060525e-16,-7.3926675183723015e-283,-1.1752335081758596e-14,-4.425836596525533e-16,-2.3021630897919937e-13,-2.30222091390786e-13,-1.8088892073475914e-270,8.653833205585215e-14,2.8362254814939187e-39,5.072930240240736e-27,6.776301741950874e-15,1.357587900276377e-28,5.033617231865113e-25,-3.2119669652540967e-19,2.647211339024125e-13,-7.9004876714824e-14,-5.9198757007550285e-15,1.3580488599802158e-28,5.03363587067615e-25,-3.20880342486249e-19,5.1966716665353537e-23,-1.3084685970319373e-289,7.501227546118254e-16,-1.2793726807486827e-22,6.011664422305022e-153,-2.696326539127721e-234,-6.015766961756435e-264,-1.1353210235635439e-09,4.843976157321293e-33,3.793543249986542e-21,-1.714215613901615e-11,5.355406579574996e-23,-5.1675199096822265e-23,6.497215200182564e-15,-3.1893141567707063e-09,1.0478155066569647e-09,1.4901161193847657e-11,5.35889168074741e-23,-5.165425785639275e-23,6.494851193342527e-15,5.330725187808152e-19,-4.435600511023378e-283,-1.175238153440068e-12,0.0,1.3377356207934894e-146,-9.195432724190892e-228
4.00714736112399e-06,1.3734038034113337e-264,-1.861432489628593e-13,2.0427801247775486e-38,2.1965873497495856e-26,9.208633855450899e-15,5.210099933389491e-28,1.745184139074243e-25,-2.6308468688543174e-18,-1.8068628075222174e-13,-7.884641482556123e-18,-3.8822343415822097e-22,0.0,0.0,5.053100794936784e-13,1.1200124548475815e-30,-5.054637264301221e-13,1.4566126083082053e-14,3.8940929454177003e-31,2.969201112369605e-15,1.7699990409206903e-22,0.0,1.6147916339031537e-14,1.0091579453962496e-24,5.007105841560166e-16,2.999025734628571e-27,1.584454891552274e-38,-7.308043059595093e-15,-3.977761272821237e-15,3.1426713083722763e-13,1.0698641809762716e-254,4.1011460028335208e-255,2.7369427047388956e-267,6.009916519858881e-133,9.863883805339471e-16,1.2258666469272453e-276,-1.6117233146496586e-14,-6.172242012272333e-16,-3.1448108006593145e-13,-3.1448917544215266e-13,1.3734038034113337e-264,-1.8611319892632613e-13,2.0427801247775486e-38,2.1965873497495856e-26,9.066414285996415e-15,5.210099933389491e-28,1.7452452039957294e-25,-2.6308468688543174e-18,-1.8081299420676564e-13,1.640693506980521e-13,-7.915168520611359e-15,5.212102466328036e-28,1.7453087628270118e-25,-2.629774658743533e-18,1.7715141868973728e-22,3.2169405272582808e-283,1.0346190285221882e-15,-2.470512762825043e-22,5.660235756061273e-150,6.267373616199467e-228,3.0669425544553596e-258,2.56635636712114e-09,3.033970204983218e-32,1.4492396642899595e-20,-2.2497260943055153e-11,1.825302074777254e-22,2.8113419887517657e-21,5.469918903943955e-14,2.252015595634778e-09,-2.1418090909719467e-09,1.9499566406011583e-11,1.8266392999938645e-22,2.8113492492003453e-21,5.4679826007437475e-14,2.4632801850557924e-20,7.355199881563471e-277,-1.6117326051780756e-12,-9.25185853854297e-18,1.2899444604055606e-143,1.4413840220535275e-221
4.91905547118544e-06,1.0456123198324073e-258,-6.739355740137398e-13,1.1839472556243416e-37,6.721895909349278e-26,9.663381206337363e-15,1.3267569591348042e-27,-5.403129361366391e-25,-6.346034062954294e-18,-1.028335342804591e-12,-5.9402597056141425e-18,-5.2057233216670545e-22,0.0,0.0,5.349688945800933e-13,3.441149390025353e-30,-5.350358053427382e-13,1.5987211554602254e-14,1.1978226815852954e-30,3.3564882139830314e-15,3.700657743722744e-22,0.0,1.752487044546058e-14,3.0862465444565414e-24,5.007105841560166e-16,9.181457558813557e-27,9.196523245246057e-38,-7.917711625227142e-15,-4.273899749933847e-15,3.38247948169131e-13,8.429606532749247e-249,3.2313491524309266e-249,2.0355549289644397e-261,2.420362667239091e-130,1.0134989596431063e-15,8.971728780133158e-271,-1.740250440670566e-14,-6.770778193345061e-16,-3.3838672604720915e-13,-3.3839250845879576e-13,1.0456123198324073e-258,-6.740970744563886e-13,1.1839472556243416e-37,6.721895909349278e-26,9.498901665239145e-15,1.3267569591348042e-27,-5.40306788962687e-25,-6.346034062948909e-18,-1.0301119957034644e-12,5.999606737342826e-13,-8.284761765509075e-15,1.327373030511217e-27,-5.402934894888932e-25,-6.34381708351568e-18,3.7045163859251207e-22,2.3283182154513315e-277,1.1245303992012583e-15,-3.5293039468929182e-22,2.2481522656419293e-147,7.540674907256615e-224,2.416486116585222e-252,9.17116024841865e-09,1.4963053185674367e-31,3.6605330903891225e-20,-2.3006577976047992e-11,3.8156752800476633e-22,6.85483359993639e-21,1.3127634912329312e-13,1.2605062996347746e-08,-7.861914734045664e-09,1.993612386286259e-11,3.81907968238696e-22,6.854811123888184e-21,1.3122964230921304e-13,-1.0022522807292232e-18,5.383037268079886e-271,-1.7402509296457457e-12,-4.625929269271485e-18,5.122636412093379e-141,1.7402632855946145e-217
6.0384868705732515e-06,8.86648956726963e-255,-1.2643492179146658e-12,6.744744172651669e-37,1.7911658163769254e-25,8.071765478234737e-15,2.7925168161353146e-27,-1.4594456297451258e-24,-1.0589864125649461e-17,-2.0869871756682793e-12,-1.7852189921969776e-18,-5.735118913700992e-22,0.0,0.0,4.569360762778681e-13,9.221618395391432e-30,-4.568815563971945e-13,1.4388490399142028e-14,3.2165021572672226e-30,2.969201112369605e-15,5.933398923785808e-22,0.0,1.539685046279751e-14,8.216128203704405e-24,5.007105841560166e-16,2.448131450205408e-26,5.249226527731912e-37,-7.0013439490423934e-15,-3.727764423049289e-15,2.9605947323337506e-13,7.140262761344888e-245,2.7371007095318142e-245,1.7276422657830017e-257,5.362442980698043e-128,8.293202017728091e-16,7.62039093528304e-267,-1.52942879188261e-14,-6.073377343098461e-16,-2.9614273996022195e-13,-2.961450529248566e-13,8.86648956726963e-255,-1.264489254045505e-12,6.744744172651669e-37,1.7911658163769254e-25,7.969291893061837e-15,2.7925168161353146e-27,-1.4594472142092319e-24,-1.058986412563869e-17,-2.0879893369851745e-12,1.1279523981500005e-12,-6.939337993117078e-15,2.794171514486895e-27,-1.459425860348499e-24,-1.058637803757057e-17,5.941521514297626e-22,1.9789323310277043e-273,9.978519837595792e-16,-4.058699538926856e-22,5.326970978101819e-145,3.1361413761593757e-220,2.0468744010802412e-248,1.71458232216537e-08,7.12475821533525e-31,7.604473259268579e-20,-1.853914000093937e-11,6.116106802412717e-22,1.1570970296969185e-20,2.1800453760372652e-13,2.5489677985509237e-08,-1.4786317478865384e-08,1.6007106751203538e-11,6.123270079485518e-22,1.1570909576742343e-20,2.1792659620690034e-13,-2.3006504534730542e-18,4.572234561169797e-267,-1.5294204793045528e-12,-4.625929269271485e-18,1.196617453386156e-138,7.221375895671389e-214
7.412667716328531e-06,3.4227755153205177e-248,-1.7003003449644893e-12,3.846803589625574e-36,4.145074826198484e-25,7.16227077646181e-15,4.942900464712688e-27,-2.147058309514647e-24,-1.365365832750982e-17,-2.8740032576024534e-12,1.1822815291696587e-18,-6.176281907062606e-22,0.0,0.0,4.1125832897900446e-13,2.1523141663511632e-29,-4.11302936154101e-13,1.3322676295501878e-14,7.528354936698115e-30,2.8401054118317957e-15,7.704047585327059e-22,0.0,1.4270251648446473e-14,1.8987437928120134e-23,2.503552920780083e-16,5.670667611166641e-26,3.0026129973880867e-36,-6.5112845670789454e-15,-3.4250703048937426e-15,2.7252274511132174e-13,1.9576301851192954e-238,7.504248982541292e-239,9.394414765387349e-251,1.0275116494113398e-124,7.159381012226666e-16,5.8387043531806245e-260,-1.414605195276715e-14,-5.721315213613762e-16,-2.7276791936259315e-13,-2.7276791936259315e-13,3.4227755153205177e-248,-1.7003814652601552e-12,3.846803589625574e-36,4.145074826198585e-25,7.05591141070272e-15,4.942900464712688e-27,-2.146995847902602e-24,-1.3653658327552902e-17,-2.8736556837808773e-12,1.5182362034238395e-12,-6.13442630026384e-15,4.9467746257425896e-27,-2.1469680610660766e-24,-1.364926430312465e-17,7.718427740797725e-22,2.1369036272959282e-266,9.307113103690556e-16,-4.411629933616148e-22,3.4109855010035154e-141,2.173567856492988e-214,5.611869631001471e-242,2.3021401527027288e-08,3.266541698198151e-30,1.3200476867832664e-19,-1.5730620361864566e-11,7.9379080960337855e-22,1.6527240201238415e-20,2.8064967967951985e-13,3.5056378692388535e-08,-1.9893826295932133e-08,1.354783307760954e-11,7.950582695567251e-22,1.6527150891581654e-20,2.805491887522722e-13,-3.290364834448216e-18,3.5032226119083454e-260,-1.4146169306810311e-12,-6.938893903907228e-18,5.611003546569569e-135,3.5646959336398663e-208
9.099571440731274e-06,1.2291224326034164e-243,-1.7395601995910208e-12,2.8231769295997926e-35,1.0216183517022747e-24,9.322320693172515e-15,8.61104355813771e-27,-2.2250177553792706e-24,-1.3887267046809025e-17,-2.9419121953348318e-12,-1.2876665450238812e-19,-7.764468683164419e-22,0.0,0.0,5.341758781339325e-13,5.3621239932794e-29,-5.34260136131337e-13,1.7053025658242404e-14,1.888865940672674e-29,3.48558391452084e-15,8.364355849241884e-22,0.0,1.840111396773361e-14,4.669415858693954e-23,5.007105841560166e-16,1.3996767216734472e-25,2.213474367681238e-35,-8.35321395387112e-15,-4.423797003780971e-15,3.5083047578154947e-13,7.026586475383237e-234,2.6935247938681224e-234,3.374911494923076e-246,4.398033211878909e-122,9.455292132267858e-16,2.098290783525477e-255,-1.820503492061783e-14,-7.324236975026304e-16,-3.5103632963403203e-13,-3.5103632963403203e-13,1.2291224326034164e-243,-1.7396725541611127e-12,2.8231769295997926e-35,1.0216183517022667e-24,9.252154598016204e-15,8.61104355813771e-27,-2.2249911932493004e-24,-1.3887267046809025e-17,-2.9431562372413586e-12,1.554190702061457e-12,-8.050338173859472e-15,8.620768719093915e-27,-2.224960874465092e-24,-1.388281283465145e-17,8.389416212085653e-22,7.682043566712902e-262,1.1927845177827893e-15,-5.293955920339377e-22,1.6714594335422607e-138,3.675183926329355e-210,2.0142868422664166e-237,2.3533939383924008e-08,1.8931762454922973e-29,2.219472048828606e-19,-2.1056621335446835e-11,8.609958929497177e-22,2.241759192151185e-20,2.862213036838781e-13,3.5901165877779325e-08,-2.0347244571894407e-08,1.8146238289773466e-11,8.632029214027837e-22,2.2417499380680818e-20,2.8611909337009774e-13,-3.480763434829393e-18,1.2589744701152687e-255,-1.8204898007567474e-12,-4.625929269271485e-18,2.6747463232973283e-132,6.020173478713748e-204
1.1170364512977775e-05,7.896992823654566e-240,-1.426239274830247e-12,1.65931561562134e-34,2.2378605427068843e-24,1.1368683772161604e-14,1.3674439994001718e-26,-1.850572974980365e-24,-1.1293443228987501e-17,-2.4156179279088975e-12,-2.5646216525689424e-18,-8.646794669887649e-22,0.0,0.0,6.432949411256622e-13,1.1925446075645406e-28,-6.433692864174898e-13,2.007283228522283e-14,4.2307162540811183e-29,4.131062417209885e-15,7.760425067201559e-22,0.0,2.190608805682573e-14,1.0200324978261703e-22,6.258882301950208e-16,3.0714361488750784e-25,1.3068826517542942e-34,-9.90665882660835e-15,-5.28989804156881e-15,4.1744385725905886e-13,4.506326362218467e-230,1.7274250915779605e-230,2.1720616244004568e-242,9.533012288592754e-120,1.1689411706345834e-15,1.3526610320256293e-251,-2.165524378956788e-14,-8.644469960593925e-16,-4.177029092981381e-13,-4.177029092981381e-13,7.896992823654566e-240,-1.4263118094011892e-12,1.65931561562134e-34,2.2378605427068843e-24,1.1264544852451764e-14,1.3674439994001718e-26,-1.8507254663292947e-24,-1.1293443228987501e-17,-2.4172432944169487e-12,1.275480165929821e-12,-9.811262913217433e-15,1.3696236472372526e-26,-1.8506970681255674e-24,-1.1289842138171149e-17,7.800239674409624e-22,4.960141405091406e-258,1.4110616771460543e-15,-5.823351512373315e-22,4.355691853643262e-136,1.0062252821734467e-206,1.2918127343468433e-233,1.9272265490144493e-08,8.821234221625013e-29,3.358831113514825e-19,-2.62516550719738e-11,7.973761771926865e-22,2.808597672959249e-20,2.339688033068382e-13,2.9483499626318614e-08,-1.6679424637307725e-08,2.270098775625229e-11,8.0087898840754375e-22,2.8085899750096735e-20,2.338856835345608e-13,-3.052580350916122e-18,8.115966192153245e-252,-2.1655106876517526e-12,-6.938893903907228e-18,6.7317667247863546e-130,1.6397755555253422e-200
1.3712408783810365e-05,2.6816724305076692e-235,-1.2913308940672626e-12,8.659920985195584e-34,4.263316345413494e-24,1.0345502232667058e-14,1.9754013133419418e-26,-1.8060038038776747e-24,-9.707946238993521e-18,-2.247058243180315e-12,-1.3479117633973432e-18,-8.823259867232296e-22,0.0,0.0,5.822326747712786e-13,2.3216778221506553e-28,-5.823318018270486e-13,1.8474111129762605e-14,8.298630197151025e-29,3.743775315596458e-15,7.613270716250524e-22,0.0,2.0028423366240667e-14,1.93629105873914e-22,6.258882301950208e-16,5.864364733785975e-25,6.860672122213545e-34,-9.068440443016357e-15,-4.836802389485915e-15,3.7984430415842024e-13,1.513038617953848e-225,5.799981321488421e-226,7.45955680918254e-238,4.416621904856122e-117,1.0571291281393969e-15,4.6978785317257794e-247,-1.9780757437651777e-14,-7.944013015473325e-16,-3.803485304487708e-13,-3.803485304487708e-13,2.6816724305076692e-235,-1.2915769194895195e-12,8.659920985195584e-34,4.263316345413494e-24,1.0174971976084634e-14,1.9754013133419418e-26,-1.8056945368762396e-24,-9.707946238993521e-18,-2.247801944577077e-12,1.156891767569353e-12,-8.861134048743224e-15,1.9796803644335806e-26,-1.805666363497871e-24,-9.704955305892967e-18,7.670819476699737e-22,1.7420083777490276e-253,1.2900153699861317e-15,-5.999816709717961e-22,2.523826345954481e-133,1.4949898939717746e-202,4.337374577315129e-229,1.7412918775031963e-08,3.5693756868104393e-28,4.572177068817513e-19,-2.35741026699543e-11,7.806389896552214e-22,3.44661178328396e-20,2.0171409265857855e-13,2.739380579441786e-08,-1.511594746261835e-08,2.037268131971359e-11,7.856956415834782e-22,3.4466042766199013e-20,2.016426421091085e-13,-3.098540344513157e-18,2.818727119034684e-247,-1.9780884571198537e-12,-6.938893903907228e-18,3.7049646469987655e-127,2.401253205396814e-196
1.683294707490212e-05,5.374258400025813e-230,-9.043408984628816e-13,4.9312998604614313e-33,8.558983461520415e-24,1.1141310096718371e-14,3.040413127634083e-26,-1.3827719331213277e-24,-6.195392360016093e-18,-1.645579080407818e-12,-2.3494223444071468e-18,-8.823259867232296e-22,0.0,0.0,6.214076872116234e-13,4.763154931751051e-28,-6.214473380339314e-13,1.9539925233402755e-14,1.7288354991185434e-28,4.001966716672076e-15,6.996598359169203e-22,0.0,2.1155022180591704e-14,3.8692561790686217e-22,5.007105841560166e-16,1.1805522911748654e-24,3.93971396278798e-33,-9.633960296184797e-15,-5.1623151812716784e-15,4.036770917537069e-13,2.3173406703338752e-220,8.883139141417867e-221,1.9560152281487626e-232,3.82851284030925e-114,1.1457918094322248e-15,1.611766277336662e-241,-2.1040113013329335e-14,-8.430543319413987e-16,-4.039407697220554e-13,-4.0394539565132465e-13,5.374258400025813e-230,-9.046624190508131e-13,4.9312998604614313e-33,8.558983461519388e-24,1.0926815008360791e-14,3.040413127634083e-26,-1.381953054480941e-24,-6.1953923586374585e-18,-1.6459769843398438e-12,8.130790855413276e-13,-9.521494703790268e-15,3.049337005204534e-26,-1.3819265321884466e-24,-6.193636606438086e-18,7.085241637898127e-22,7.819701360358354e-248,1.3675270087724067e-15,-6.352747104407253e-22,5.1266033366587735e-130,9.228935107825364e-198,6.643037655280937e-224,1.2151470097402732e-08,1.5855374421655972e-27,6.488546415174931e-19,-2.5713234208524226e-11,7.142852594531798e-22,4.462748758000564e-20,1.3072081250208498e-13,2.003286499530077e-08,-1.0614671433965365e-08,2.223532646894455e-11,7.220615875661671e-22,4.462743009095307e-20,1.3067521439201711e-13,-2.786459177548041e-18,9.670597664018014e-242,-2.103985874623582e-12,-6.938893903907228e-18,6.117495699839814e-124,1.1387169994698951e-191
2.0663627499275822e-05,4.422268336922195e-225,1.444580751316001e-13,3.157875538546869e-32,2.1229702465135985e-23,1.2050804798491299e-14,5.846574112177446e-26,-2.3193675603282576e-25,3.1057348452779287e-18,-2.546585164964199e-14,-4.10274525218408e-18,-8.823259867232296e-22,0.0,0.0,6.659752114858618e-13,1.2046038646947707e-27,-6.661040766583629e-13,2.0605739337042905e-14,4.471339978162933e-28,4.260158117747694e-15,5.131039161961991e-22,0.0,2.253197628702075e-14,9.545944661376534e-22,6.258882301950208e-16,2.9370019836911837e-24,2.548129220396116e-32,-1.021474571594183e-14,-5.520354038232008e-15,4.283980577686937e-13,1.8815832893709752e-215,7.212735864530492e-216,1.6312477756161264e-227,2.1321144417837244e-111,1.2614024499731358e-15,1.3623235216645115e-236,-2.239310733594623e-14,-8.91096143360665e-16,-4.286293542321573e-13,-4.286293542321573e-13,4.422268336922195e-225,1.441581668852147e-13,3.157875538546869e-32,2.1229702465135985e-23,1.1855405546157272e-14,5.846574112177446e-26,-2.277555486882738e-25,3.1057348452779287e-18,-2.4070819411766327e-14,-1.2150665658812918e-13,-1.0342837697407958e-14,5.869681319540365e-26,-2.277341674022987e-25,3.1041994091881236e-18,5.301668648725008e-22,6.698752517313148e-243,1.4451040670895782e-15,-6.705677499096544e-22,4.309755256130015e-127,2.850209680338916e-193,5.393867488440947e-219,-2.040935214608908e-09,8.154298229912878e-27,1.1151242434581536e-18,-2.8783688321709633e-11,5.146174716807211e-22,6.900660499301201e-20,-5.761822731894147e-14,1.885152111450831e-10,1.5363330021500587e-09,2.4956534616649152e-11,5.295556358693317e-22,6.900659548043496e-20,-5.759536908453896e-14,-1.9796251585224655e-18,8.173941129980655e-237,-2.2393967932262746e-12,-4.625929269271485e-18,4.662322428850514e-121,3.445531412569185e-187
2.536605738311043e-05,2.091439381710641e-220,1.0683531096825998e-12,1.5728255474950942e-31,4.086208792655575e-23,1.170974428532645e-14,8.978334930517592e-26,1.1298582620022687e-24,1.1208482279736642e-17,1.3957712023208538e-12,-4.3467260340327866e-18,-9.176190261921586e-22,0.0,0.0,6.463084036210733e-13,2.4164013251450505e-27,-6.462588400931882e-13,1.9895196601282804e-14,9.11132049479177e-28,4.131062417209885e-15,3.4831754711820617e-22,0.0,2.190608805682573e-14,1.8242224882626252e-21,5.007105841560166e-16,5.6736517811515646e-24,1.2835993430587374e-31,-9.903883269046787e-15,-5.3867198169721666e-15,4.1389114358025836e-13,8.581089156829507e-211,3.289417473201599e-211,7.995685948685025e-223,1.0601554438506803e-108,1.2506352823226893e-15,6.917019911744752e-232,-2.1743748297118895e-14,-8.645081179568725e-16,-4.1421495862910735e-13,-4.1421495862910735e-13,2.091439381710641e-220,1.067946323966377e-12,1.5728255474950942e-31,4.0862087926572185e-23,1.1602718785752585e-14,8.978334930517592e-26,1.1265889825973176e-24,1.1208482279736642e-17,1.3966155639385154e-12,-9.465062807597253e-13,-1.0131895322729179e-14,9.025499418300577e-26,1.1266064700658646e-24,1.1204028662115132e-17,3.7455425915169507e-22,3.5213726051183166e-238,1.3958345650576476e-15,-6.352747104407253e-22,3.4098735915491212e-124,5.722907058764491e-189,2.4599100457951426e-214,-1.4495609017709891e-08,3.13855597202718e-26,1.4780104147641503e-18,-2.8812792152166366e-11,3.3661811027358317e-22,9.114887134690044e-20,-2.2027900047997632e-13,-1.7199704113105934e-08,1.2207931528488796e-08,2.5043846108019353e-11,3.5952931445143073e-22,9.114891766901474e-20,-2.201965064278777e-13,-1.3875416296628134e-18,4.150211947037591e-232,-2.1745234781665608e-12,-1.1564823173178714e-17,3.322065143001811e-118,6.621236703407265e-183
3.11386210957298e-05,8.927961320299962e-216,2.263277565361932e-12,6.97934809702582e-31,7.237785977768473e-23,1.1937117960769683e-14,1.314173042953767e-25,3.37218402549596e-24,2.1139187896143835e-17,3.297221458827456e-12,-5.7263662399126974e-18,-9.176190261921586e-22,0.0,0.0,6.578864437350214e-13,4.4963106675770985e-27,-6.578467929127133e-13,2.007283228522283e-14,1.7292204454764324e-27,4.260158117747694e-15,1.0342903853203496e-22,0.0,2.228162099494274e-14,3.2029915125210778e-21,5.007105841560166e-16,1.008891097922031e-23,5.772804306357574e-31,-1.0005191120043833e-14,-5.495644314300943e-15,4.1759188699567556e-13,3.4438821639561085e-206,1.3201548137576024e-206,3.627372136331687e-218,5.304435633153339e-106,1.31267059648875e-15,3.3322575254122884e-227,-2.2021975174447774e-14,-8.719649894494304e-16,-4.1776767230790785e-13,-4.1776767230790785e-13,8.927961320299962e-216,2.262847687006797e-12,6.97934809702582e-31,7.237785977768473e-23,1.1960654688891736e-14,1.314173042953767e-25,3.381901239370021e-24,2.1139187896143835e-17,3.2973185663346763e-12,-2.0161744866224277e-12,-1.0457412713549274e-14,1.3231425525655773e-25,3.381913166946908e-24,2.1131204070191295e-17,1.4189199182508747e-22,1.8000490218692238e-233,1.4033778667333606e-15,-7.0586078937858365e-22,3.0923373441248408e-121,1.1421559537951742e-184,9.872452900905529e-210,-3.0537931403766074e-08,1.0796173140269374e-25,1.796215982719926e-18,-3.0573573894798755e-11,7.337788159549091e-23,1.144319177864021e-19,-4.179545280471227e-13,-4.042867415895065e-08,2.6002021816869578e-08,2.667366061359644e-11,1.0686234403676445e-22,1.1443205840710621e-19,-4.1779894358976813e-13,-4.197397869706576e-19,1.999354515239396e-227,-2.2021877379411807e-12,-4.625929269271485e-18,2.6326258509855947e-115,1.2307634725268673e-178
3.822484941585877e-05,4.169286814392256e-211,3.415304187607641e-12,2.759040835668472e-30,1.1651528192106546e-22,1.2164491636212915e-14,1.7841846717319892e-25,6.445625567904057e-24,3.0020138956832123e-17,5.1913957577198746e-12,-7.214603128238503e-18,-8.470329472543003e-22,0.0,0.0,6.616929226765933e-13,7.71771117193186e-27,-6.615739702096692e-13,1.9895196601282804e-14,3.0331817935656008e-27,4.131062417209885e-15,-1.7438337991646187e-22,0.0,2.228162099494274e-14,5.099777333712897e-21,3.755329381170125e-16,1.6308190098134287e-23,2.3181198249698584e-30,-9.992701111016799e-15,-5.551115123125783e-15,4.1596355989289197e-13,1.5045175244880318e-201,5.767317103611287e-202,1.8076674365184677e-213,2.4064583508676767e-103,1.3670639006109196e-15,1.7694384195304472e-222,-2.2015618497109857e-14,-8.700090887300709e-16,-4.160190710441232e-13,-4.160283229026618e-13,4.169286814392256e-211,3.4148281239746818e-12,2.759040835668472e-30,1.1651528192106546e-22,1.2184475650656169e-14,1.7841846717319892e-25,6.4804599994043855e-24,3.0020138956832123e-17,5.192783684530393e-12,-3.052149940193279e-12,-1.0667910999018203e-14,1.7999580351107369e-25,6.480466688944861e-24,3.000902773744872e-17,-1.2206010961780205e-22,1.017140637182964e-228,1.3930024246361337e-15,-6.352747104407253e-22,2.7978986387274778e-118,2.4808339743092173e-180,4.312945892702572e-205,-4.589591602173944e-08,3.3199769817833578e-25,1.8844990640268546e-18,-3.204331733286381e-11,-2.2512477333787393e-22,1.3083572327905138e-19,-5.913614678961418e-13,-6.357044912874699e-08,3.927135063956181e-08,2.7997884899377822e-11,-1.797486275090124e-22,1.3083599128556984e-19,-5.911405190582124e-13,6.789532432736857e-19,1.0616630517112436e-222,-2.201499260887966e-12,-6.938893903907228e-18,2.0324310865385636e-112,2.4620089346814474e-174
4.692369351786901e-05,4.6281236706344197e-206,5.063460169670482e-12,1.1141802869086723e-29,1.9138628341515136e-22,1.261923898709938e-14,2.5210518789662914e-25,1.1789886403484683e-23,4.2226333999775764e-17,7.984150821963946e-12,-1.0044399032857245e-17,-7.764468683164419e-22,0.0,0.0,6.723193430551484e-13,1.35698917242162e-26,-6.722796922328404e-13,1.971756091734278e-14,5.5319730737448595e-27,4.3892538182855025e-15,-6.250603564608848e-22,0.0,2.228162099494274e-14,8.262048479601674e-21,3.755329381170125e-16,2.6893142139282566e-23,9.545765421941716e-30,-9.99339500040719e-15,-5.646928338368688e-15,4.156675004196586e-13,1.50076252335484e-196,5.752922924501699e-197,2.2287454090576598e-208,1.3363368588468663e-100,1.4582735902777006e-15,2.418873302553546e-217,-2.206940576689224e-14,-8.66341774881272e-16,-4.155194706830419e-13,-4.155194706830419e-13,4.6281236706344197e-206,5.0629846981564695e-12,1.1141802869086723e-29,1.9138628341515136e-22,1.2617462630259979e-14,2.5210518789662914e-25,1.1869002765660463e-23,4.2226333999775764e-17,7.985022421053144e-12,-4.536630626716942e-12,-1.106936764472266e-14,2.549909222481562e-25,1.1869002614199169e-23,4.221097945414071e-17,-5.509375846609317e-22,1.539153531682337e-223,1.3814637564274908e-15,-4.941025525650086e-22,3.344563969425698e-115,1.0577873724142995e-175,4.302181078038603e-200,-6.779807154089212e-08,1.0531796443026223e-24,1.8053803626780075e-18,-3.4502591006457806e-11,-7.086482076356574e-22,1.4722367668244169e-19,-8.270878224201731e-13,-9.76084265857935e-08,5.8248037627587716e-08,3.0238879844546316e-11,-6.446751980497356e-22,1.4722416637336432e-19,-8.267770380358345e-13,2.456457224894192e-18,1.4513239815162033e-217,-2.2068818996676433e-12,-2.3129646346357427e-18,2.0256262630820608e-109,9.262451694571535e-170
5.7602137013138975e-05,6.568987222131902e-201,7.071018141383926e-12,4.38560606731115e-29,3.0689436956152666e-22,1.318767317570746e-14,3.560225705233723e-25,2.0514606882462694e-23,5.600230469744481e-17,1.1537243456890185e-11,-1.4835923243316947e-17,-4.235164736271502e-22,0.0,0.0,6.934135805230264e-13,2.3562109997598385e-26,-6.935523584011045e-13,1.9895196601282804e-14,1.0090781616798242e-26,4.260158117747694e-15,-1.2886318144204343e-21,0.0,2.253197628702075e-14,1.3019241294143827e-20,3.755329381170125e-16,4.325775000963269e-23,3.845656622717841e-29,-1.0033640585049852e-14,-5.808297964040949e-15,4.178879464689089e-13,1.8738721995488985e-191,7.183176648987036e-192,3.585657327659406e-203,7.063373414082404e-98,1.6000137198583593e-15,4.3991826220512633e-212,-2.222489987408132e-14,-8.62552217237513e-16,-4.1759188699567556e-13,-4.1761039071275263e-13,6.568987222131902e-201,7.070564578270932e-12,4.38560606731115e-29,3.0689436956152666e-22,1.332800536602008e-14,3.560225705233723e-25,2.0565361259093302e-23,5.600230478567741e-17,1.1537098979867248e-11,-6.35089728954578e-12,-1.1719514247943153e-14,3.6130663845929957e-25,2.056535520064155e-23,5.598230633779274e-17,-1.1836065004249126e-21,3.156474612707289e-218,1.3717320043130997e-15,-2.8234431575143343e-22,4.005808690616438e-112,5.215246971263346e-171,5.3717601275241906e-195,-9.432771670011182e-08,3.2516079261403207e-24,1.2725489243200518e-18,-3.808236215263605e-11,-1.4192719374471801e-21,1.5221312425824315e-19,-1.087192997665613e-12,-1.4083068041751782e-07,8.134833963898321e-08,3.3498508855700494e-11,-1.3291735478156549e-21,1.522139779086353e-19,-1.0867808215853092e-12,5.093388908202788e-18,2.6395095731836196e-212,-2.222278750130441e-12,0.0,2.0007357874789445e-106,3.932162506095565e-165
7.071067811865475e-05,1.1509471353611953e-195,9.544085817954813e-12,1.7050221926813748e-28,4.837599668901339e-22,1.4210854715202004e-14,5.0714599325260005e-25,3.506709179958315e-23,7.143081889633837e-17,1.6136861328656476e-11,-2.31463752470657e-17,-2.8234431575143343e-22,0.0,0.0,7.325885929633712e-13,4.0821450977501977e-26,-7.327075454302953e-13,1.9539925233402755e-14,1.8666341338491364e-26,4.3892538182855025e-15,-2.306894608307068e-21,0.0,2.2782331579098756e-14,2.006576432889831e-20,3.755329381170125e-16,6.826074330122503e-23,1.5361643022791292e-28,-1.0136336214827679e-14,-6.0735492862397284e-15,4.2454928461665986e-13,2.8384228880995625e-186,1.088062086789248e-186,7.245265564025537e-198,3.5782102345107415e-95,1.8261321198939897e-15,1.0223023709788422e-206,-2.2537843989178827e-14,-8.586404157987942e-16,-4.242162177092723e-13,-4.242347214263494e-13,1.1509471353611953e-195,9.543470014250488e-12,1.7050221926813748e-28,4.837599668901339e-22,1.4493295452666645e-14,5.0714599325260005e-25,3.4878502495908335e-23,7.143081924926876e-17,1.6136764221149255e-11,-8.594154129089777e-12,-1.2782663816324202e-14,5.16967251026831e-25,3.487849583161141e-23,7.140592318629699e-17,-2.156626516156907e-21,8.413896368752639e-213,1.364680065391347e-15,-4.235164736271502e-22,4.764064502227669e-109,2.8955175342270675e-166,8.136800286996144e-190,-1.268118794541806e-07,9.872581259737596e-24,-5.377409290013865e-20,-4.349567461758852e-11,-2.5073817903101546e-21,1.33153182261682e-19,-1.3700159062768336e-12,-1.966919711170097e-07,1.0980000176156561e-07,3.8387952372431754e-11,-2.3794565637447245e-21,1.3315463809956007e-19,-1.369490169415381e-12,9.166755673902034e-18,6.133814225691575e-207,-2.2538235169322698e-12,-4.625929269271485e-18,1.9404538619904285e-103,1.8481841675163982e-160
8.680233510884337e-05,2.3979381543187685e-190,1.267699190066196e-11,6.62048422864442e-28,7.53715376598762e-22,1.625721779419109e-14,7.361807451769296e-25,5.953220726469344e-23,8.888793429932821e-17,2.2298384768267472e-11,-3.8218408924429785e-17,2.8234431575143343e-22,0.0,0.0,8.06339122456328e-13,7.10501444465054e-26,-8.061805191670958e-13,1.971756091734278e-14,3.5523705689720207e-26,4.131062417209885e-15,-3.959559863187549e-21,0.0,2.3283042163254775e-14,3.034636345783367e-20,6.258882301950208e-16,1.0601877990448794e-22,6.151246341570479e-28,-1.0366707492437399e-14,-6.533452719405672e-15,4.403884664346454e-13,5.021604837558429e-181,1.9249484787375962e-181,1.7728662056457976e-192,1.7722421351451976e-92,2.206225350987945e-15,2.9302502488905613e-201,-2.3179379425128726e-14,-8.547286143600753e-16,-4.399073697906412e-13,-4.3994437722479535e-13,2.3979381543187685e-190,1.2676607023346757e-11,6.62048422864442e-28,7.53715376598762e-22,1.6504131394867728e-14,7.361807451769296e-25,5.919118590129711e-23,8.88879346522586e-17,2.229859319413663e-11,-1.1446774787297424e-11,-1.461053500406706e-14,7.549815186279965e-25,5.919119721040706e-23,8.885812756284472e-17,-3.7401194385181414e-21,2.8178349156338797e-207,1.3651499399782242e-15,0.0,5.663728751645785e-106,1.746114435881065e-161,1.4395242215833824e-184,-1.6773948057865102e-07,2.978099989233608e-23,-2.7536100643968056e-18,-5.199399311095476e-11,-4.2689024737019105e-21,6.575511475579213e-20,-1.6791379398028994e-12,-2.713662300569316e-07,1.4588122333710392e-07,4.608591552823782e-11,-4.083930115806301e-21,6.575760291507469e-20,-1.6784837177559927e-12,1.582016874386297e-17,1.7581501492463988e-201,-2.318039649350279e-12,0.0,1.868716453823497e-100,9.291506609825257e-156
0.00010655597684559827,5.947580580905745e-185,1.655962478253059e-11,2.5631696479450044e-27,1.146064267769921e-21,1.9781509763561188e-14,1.0836630407090694e-24,1.0065168267109907e-22,1.0731132830081721e-16,3.0448669955755276e-11,-6.584325912186578e-17,8.470329472543003e-22,0.0,0.0,9.427379511959902e-13,1.23290254067748e-25,-9.423017921506016e-13,1.9184653865522706e-14,6.96285072627796e-26,4.7765409198989295e-15,-6.714908393749361e-21,0.0,2.465999626968382e-14,4.427581541744041e-20,5.007105841560166e-16,1.5935455645159386e-22,2.4629355171103174e-27,-1.0841327835464654e-14,-7.340300847766977e-15,4.738431869100168e-13,1.0406511555440562e-175,3.989162657936956e-176,5.251908927882365e-187,8.88954867951399e-90,2.863239260512155e-15,1.034672919438619e-195,-2.4452670793431718e-14,-8.498388625616767e-16,-4.732510679635501e-13,-4.733620902660126e-13,5.947580580905745e-185,1.6559091875478772e-11,2.5631696479490168e-27,1.1460642683084501e-21,2.000888343900442e-14,1.0836630407090694e-24,1.0078279079818871e-22,1.0731133041839958e-16,3.04516826569549e-11,-1.4997029988232194e-11,-1.7772450178199507e-14,1.1207808506099431e-24,1.0078286996195827e-22,1.0727773426826832e-16,-6.3891753243563516e-21,1.1835416862454421e-201,1.3825467600484642e-15,2.8234431575143343e-22,6.781253146620399e-103,1.154206620149967e-156,2.9831937821823016e-179,-2.1814432208581516e-07,8.895888039209198e-23,-7.766760233747358e-18,-6.57164491713047e-11,-7.196350896884032e-21,-9.870792571709582e-20,-1.9907170356603387e-12,-3.69950954336673e-07,1.9067196020235619e-07,5.835318006575107e-11,-6.925343263756931e-21,-9.870374349191875e-20,-1.98992722762655e-12,2.7021493680863012e-17,6.208037516089982e-196,-2.445220137725907e-12,-2.3129646346357427e-18,1.8066453459760956e-97,5.0662761428127785e-151
0.00013080496264625176,1.6066597808839948e-179,2.193837644881569e-11,1.0164959052449109e-26,1.7183198322712075e-21,2.6716406864579765e-14,1.6542085000570828e-24,1.7750856828804982e-22,1.2902578023333373e-16,4.2446724061543745e-11,-1.2163788404613804e-16,2.2587545260114674e-21,0.0,0.0,1.2179146580137967e-12,2.141361262324783e-25,-1.2175578006130245e-12,1.9539925233402755e-14,1.448561177436683e-25,5.034732320974547e-15,-1.1832625684445096e-20,0.0,2.7413904482541913e-14,6.237083714802137e-20,1.2517764603900416e-16,2.321848686259183e-22,1.0115008671786935e-26,-1.187383524836605e-14,-8.895500615183395e-15,5.478580552183606e-13,2.3242195589267983e-170,8.909508025624571e-171,1.7131762670382114e-181,4.547426113937595e-87,4.117509890053816e-15,4.069188206139161e-190,-2.721440260916725e-14,-8.425042348640788e-16,-5.474139660085106e-13,-5.474879808768188e-13,1.6066597808839948e-179,2.1937800909199723e-11,1.016495905241701e-26,1.7183198311941493e-21,2.6787461138155777e-14,1.6542085000570828e-24,1.7764193177477839e-22,1.2902578023333373e-16,4.2448884111460456e-11,-1.9924360827872078e-11,-2.3874235921539365e-14,1.7321061589089947e-24,1.776422322739853e-22,1.2899043637188796e-16,-1.1329301019242702e-20,5.602981403528841e-196,1.4439589865414767e-15,8.470329472543003e-22,8.17506750154649e-100,7.92636293496801e-152,6.662745995101813e-174,-2.877873145431901e-07,2.707424396193046e-22,-1.6995101317203026e-17,-9.057112038135529e-11,-1.2613750573100484e-20,-4.656417514347115e-19,-2.3531328737410224e-12,-5.146676655082653e-07,2.529606281314045e-07,8.048664312809705e-11,-1.2202362738602468e-20,-4.65634339896423e-19,-2.3521832167213337e-12,4.802631027446816e-17,2.441512923305535e-190,-2.7208613143037947e-12,-1.1564823173178714e-17,1.7613158869666628e-94,2.8512827028980937e-146
0.00016057229973762954,4.313466157903126e-174,2.8235566181441147e-11,4.001190297042409e-26,2.3344769872712062e-21,3.9335645851679143e-14,2.475825795716062e-24,3.1249775249479534e-22,1.4563291854371677e-16,5.777716675462822e-11,-2.26021706956706e-16,5.364541999277235e-21,0.0,0.0,1.7408297026122457e-12,3.553016987565485e-25,-1.740393543566857e-12,1.971756091734278e-14,3.091389913428297e-25,5.551115123125783e-15,-2.095724789226967e-20,0.0,3.279654326221909e-14,7.553552860778502e-20,2.503552920780083e-16,2.94274528710941e-22,4.1161689720687545e-26,-1.3977707880030721e-14,-1.1828393561776741e-14,6.969239999913649e-13,5.117251883125415e-165,1.9616131457268244e-165,5.600573149531626e-176,2.050754472423958e-84,6.462695920648988e-15,1.6176159930103778e-184,-3.271830723344471e-14,-8.351696071664809e-16,-6.961468438741273e-13,-6.963688884790523e-13,4.313466157903126e-174,2.8235286701298416e-11,4.001190297068088e-26,2.33447698511709e-21,3.923084079815453e-14,2.475825795716062e-24,3.114174029160128e-22,1.4563292136715992e-16,5.777757413246339e-11,-2.5727302954692276e-11,-3.504219137084874e-14,2.6438070422532875e-24,3.114183399565505e-22,1.4560393307626173e-16,-2.0189217494008864e-20,2.704718918210029e-190,1.589872236300565e-15,3.1057874732657678e-21,9.344806982147994e-97,5.179199579517397e-147,1.4669410454415162e-168,-3.687012504087761e-07,8.114059052224748e-22,-3.243289395029384e-17,-1.33280991576612e-10,-2.2221244731594384e-20,-1.2236773704374762e-18,-2.6205094575774504e-12,-6.991730867108951e-07,3.261287977996593e-07,1.1833617463707923e-10,-2.1609599262531848e-20,-1.2236644531850304e-18,-2.61943762976576e-12,8.63318556101278e-17,9.705695955361012e-185,-3.271392601583335e-12,-1.3877787807814457e-17,1.616911119955944e-91,1.5105945163814375e-141
0.0001971138015058328,1.2425620757940188e-168,3.721849376840207e-11,1.656697325681673e-25,2.6636575143845435e-21,6.571099220309406e-14,3.687917007382246e-24,5.773216483187388e-22,1.5886734812333054e-16,8.106265643921991e-11,-4.494609516293915e-16,1.0446739682803038e-20,0.0,0.0,2.8802357324561206e-12,5.345137385880207e-25,-2.879759922588424e-12,2.078337502098293e-14,7.133595863479182e-25,7.10026352957949e-15,-3.980622830945481e-20,0.0,4.568984080423652e-14,6.089207261387454e-20,1.2517764603900416e-16,2.6899579944797604e-22,1.7533524830562468e-25,-1.8829382497642654e-14,-1.815004864748757e-14,1.0363561860534294e-12,1.2032549535663744e-159,4.6124771026769796e-160,1.9747485015277215e-170,1.0277940974717362e-81,1.1489328242834907e-14,6.975879751360047e-179,-4.537689668913901e-14,-8.263680539293634e-16,-1.0353569853312668e-12,-1.0358010745411168e-12,1.2425620757940188e-168,3.72181029698974e-11,1.656697325702216e-25,2.663657497151614e-21,6.579625733138528e-14,3.687917007382246e-24,5.712060694055869e-22,1.5886735377021687e-16,8.106620915289871e-11,-3.400682876038748e-11,-5.88293858072575e-14,4.080129056909526e-24,5.712090550106105e-22,1.5886020481214204e-16,-3.862164929580226e-20,1.4253774589628967e-184,1.963449273698218e-15,7.340952209537269e-21,1.1050327939779194e-93,3.560153839015918e-142,3.4493179200983044e-163,-4.840115604262488e-07,2.543244480282572e-21,-5.959866937214912e-17,-2.1986488718539476e-10,-4.1943614882974245e-20,-2.8753477836283413e-18,-2.8952821621667607e-12,-9.789161413209512e-07,4.309949290473014e-07,1.9451545085757972e-10,-4.1039647094157924e-20,-2.8753240667058184e-18,-2.8941129122846593e-12,1.6757044855328003e-16,4.185527848689465e-179,-4.537439313621823e-12,-3.23815048849004e-17,1.5425260816926585e-88,8.440409962781688e-137
0.00024197106728599462,3.4993192336665936e-163,4.7069988795556126e-11,6.919265589695999e-25,7.8049729604924335e-22,1.198259269585833e-13,4.543110083301447e-24,1.0617308547179181e-21,1.4556281527355885e-16,1.0958804826562604e-10,-8.794946379248741e-16,2.0893479365606076e-20,0.0,0.0,5.246200299576946e-12,5.493056982557425e-25,-5.245724489709249e-12,2.3625545964023332e-14,1.6877069314701666e-24,9.682177540335667e-15,-7.653038883274965e-20,0.0,7.322892293281743e-14,-7.659776668118807e-20,1.2517764603900416e-16,-1.6739783606225175e-22,7.469739608747392e-25,-2.9554136915521666e-14,-3.143480308095647e-14,1.7668089213884741e-12,2.7545200392253284e-154,1.0558992866023785e-154,6.836712596097515e-165,4.818283412253467e-79,2.206316751752486e-14,2.9670698359963917e-173,-7.291989061915865e-14,-8.165885503325662e-16,-1.765254609153999e-12,-1.7662168024420073e-12,3.4993192336665936e-163,4.7069627602998785e-11,6.919265589695999e-25,7.804972615833845e-22,1.198863230911229e-13,4.543110083301447e-24,1.023785934520397e-21,1.4556284915487674e-16,1.0959619582232941e-10,-4.31386884732395e-11,-1.0717471354837472e-13,5.482603890021989e-24,1.023794852561376e-21,1.4561454075220452e-16,-7.494115831221576e-20,7.443009019253048e-179,2.818330692801993e-15,1.637597031358314e-20,1.2523548356257552e-90,2.3387648792311946e-137,7.896254318198547e-158,-6.093629672250244e-07,7.973961720874906e-21,-1.0006429933963624e-16,-3.8860889617353675e-10,-7.99910353728951e-20,-6.235078557924106e-18,-2.8765101411920568e-12,-1.321057352470234e-06,5.462999300410351e-07,3.4224649425595996e-10,-7.888763599275346e-20,-6.2350345122108485e-18,-2.8754389610104645e-12,3.3410429744701873e-16,1.780241899933476e-173,-7.28934468414329e-12,-6.707597440443654e-17,1.4034229471501483e-85,4.4839144440313017e-132
0.0002970365187837483,9.360470448362853e-158,5.7222071821646145e-11,2.9713551620521587e-24,-9.182344623542416e-21,2.3658230929868295e-13,1.7432245759219023e-24,1.858128173419332e-21,8.106060130133133e-17,1.4304290137564142e-10,-1.7009870007206156e-15,4.348102462572075e-20,0.0,0.0,1.042967299826257e-11,-4.717994738085051e-25,-1.0429276490039489e-11,3.179678742526448e-14,4.124498032272196e-24,1.5620579765074878e-14,-1.5025062540480646e-19,0.0,1.3631845653647554e-13,-6.120457437447031e-19,3.755329381170125e-16,-1.886085013558649e-21,3.2414213902604238e-24,-5.4689586193035214e-14,-6.107033483566722e-14,3.4203010793968738e-12,5.969966110299972e-149,2.288486843724226e-149,2.2554193428972532e-159,2.0814885498436475e-76,4.576448887566328e-14,1.206445352574383e-167,-1.360407186343265e-13,-8.107208481744879e-16,-3.4183026779525485e-12,-3.4200050199236407e-12,9.360470448362853e-158,5.722192023919585e-11,2.9713551621836352e-24,-9.182345174996158e-21,2.364828333156765e-13,1.7432245759219023e-24,1.763970514485151e-21,8.106064647642186e-17,1.430528110783295e-10,-5.259221561952169e-11,-2.1122659177308378e-13,4.064290749416605e-24,1.7639975012526353e-21,8.124480273292758e-17,-1.4908373566132778e-19,3.727736843575205e-173,4.8429324249289334e-15,3.444600652167488e-20,1.3503647698211094e-87,1.4376085165271175e-132,1.7113805318778474e-152,-7.372576801571995e-07,2.543314850438289e-20,-1.517647882546003e-16,-7.415219442918897e-10,-1.5526223111012181e-19,-1.30995356299431e-17,-2.4092979463337847e-12,-1.7217892018379643e-06,6.65089387136201e-07,6.498448783531784e-10,-1.5484247334519812e-19,-1.30994585499449e-17,-2.408701386495219e-12,6.955832716123505e-16,7.238672102950201e-168,-1.3602804439766505e-11,-1.5496863052059476e-16,1.2115635404393494e-82,2.2202255937124697e-127
0.0003646332368608554,2.383747753448777e-152,6.545724318129942e-11,1.3166642412608268e-23,-4.56210092506594e-20,4.974936018697918e-13,-1.8943085493492157e-23,2.985392438016158e-21,-8.246233918508353e-17,1.7649290384724737e-10,-3.191350365260503e-15,9.430300146097877e-20,0.0,0.0,2.2222461965830983e-11,-5.635248760130084e-24,-2.2221986155963287e-11,5.364597654988756e-14,1.0277301921881642e-23,2.8917436920469194e-14,-2.9560944834151385e-19,0.0,2.867819870753585e-13,-2.3595279207369856e-18,6.258882301950208e-16,-7.230489656807928e-21,1.4423345025118944e-23,-1.1625700402362328e-13,-1.3024142488008196e-13,7.30659976966308e-12,1.2286686925214303e-143,4.709896233903414e-144,7.102117385097353e-154,8.450979921857223e-74,1.0151605563516877e-13,4.69506284429391e-162,-2.8620304046242813e-13,-8.146326496132068e-16,-7.303269100589205e-12,-7.306377725058155e-12,2.383747753448777e-152,6.545720528568684e-11,1.3166642410504638e-23,-4.5621010353566886e-20,4.971312250745541e-13,-1.8943085493492157e-23,2.675141805665894e-21,-8.246229400999302e-17,1.7650436253309938e-10,-6.031028950322555e-11,-4.4355985551192134e-13,-1.3134023849318124e-23,2.675226591678681e-21,-8.20004238845142e-17,-2.9947713388261777e-19,1.7918753270829272e-167,9.78451559239056e-15,7.566827662138416e-20,1.388686732653405e-84,8.309173624268202e-128,3.522158747947756e-147,-8.389620888920036e-07,8.201991964646881e-20,-1.8688443443234024e-16,-1.5158875612542034e-09,-3.000650876293107e-19,-2.7044755730688473e-17,-1.1634215812961202e-12,-2.122055414171579e-06,7.606674820029487e-07,1.322303432971239e-09,-3.045479830328745e-19,-2.704463036981228e-17,-1.1640285032162486e-12,1.5075476390249023e-15,2.8170376975601606e-162,-2.8618614148021287e-11,-3.492576598299972e-16,9.955004280416722e-80,1.0315675002233244e-122
0.00044761296680971997,5.768217116279135e-147,6.96710837170637e-11,6.109912025868068e-23,-1.6718036187234914e-19,1.1173142411280423e-12,-1.1533939243327473e-22,2.7543786773132674e-21,-4.312432211097302e-16,2.0368194479184847e-10,-5.775733437661046e-15,2.1909918902311237e-19,0.0,0.0,5.088984789125561e-11,-2.4513262533612234e-23,-5.08892927797433e-11,1.1546319456101628e-13,2.58778170373555e-23,6.119136205492141e-14,-5.68082306283673e-19,0.0,6.676975639720483e-13,-7.771815660309361e-18,6.258882301950208e-16,-2.2643649846813053e-20,6.72114622864022e-23,-2.787159392170224e-13,-3.032296636007459e-13,1.708411190293191e-11,2.3987099331561478e-138,9.195053725599224e-139,2.1288071466162867e-148,3.3396248083673898e-71,2.423179248503097e-13,1.7425152202542527e-156,-6.673455018425635e-13,-8.566845150794348e-16,-1.7078486772940476e-11,-1.708411190293191e-11,5.768217116279135e-147,6.967131109073913e-11,6.109912026288794e-23,-1.671803640781641e-19,1.1172218705723936e-12,-1.1533939243327473e-22,2.355807903009185e-21,-4.312430404093681e-16,2.036905376219996e-10,-6.431507415527448e-11,-9.95548532500834e-13,-1.0092585750124345e-22,2.3560821133822466e-21,-4.302027484248683e-16,-5.976029155428601e-19,8.230373613423865e-162,2.27000615050907e-14,1.8182973934392313e-19,1.3813192596152086e-81,4.532448004406294e-123,6.87624170690034e-142,-8.876768527746511e-07,2.6700021602888266e-19,-8.975072565929147e-17,-3.340683178976178e-09,-5.5814656371148845e-19,-5.606205468388845e-17,1.3594236847325192e-12,-2.4469911634999636e-06,8.075118748820387e-07,2.90307798422873e-09,-5.8500679903209e-19,-5.606193948740761e-17,1.3562499271794575e-12,3.4327155159342364e-15,1.0455091259355586e-156,-6.67347066563139e-11,-8.349802331035031e-16,7.91011966413035e-77,4.518610479857709e-118
0.0005494764267269912,1.3560187202493614e-141,6.73392908841682e-11,2.9858714361080275e-22,-5.655040727681666e-19,2.6833504307433033e-12,-5.250905305359054e-22,-7.122695090377736e-21,-1.1355575767896253e-15,2.1454009887141485e-10,-9.874172515513443e-15,5.43230463505758e-19,0.0,0.0,1.25570189167336e-10,-7.959432364461578e-23,-1.2556923754760063e-10,3.0819791163594346e-13,6.290188162703819e-23,1.4290894049535445e-13,-9.568361239216264e-19,0.0,1.7055454272814317e-12,-2.4168189654502928e-17,1.1265988143510375e-15,-6.657164488622129e-20,3.3197510032787535e-22,-7.419842518174846e-13,-7.673287070341689e-13,4.356004446037787e-11,4.5430890480435806e-133,1.7415172290611065e-133,6.209103300157273e-143,1.3390562277523625e-68,6.248287376838776e-13,6.304517621164082e-151,-1.705529780075677e-12,-1.0464068848573003e-15,-4.3549830408551315e-11,-4.355967438603633e-11,1.3560187202493614e-141,6.733968878810023e-11,2.9858714357714473e-22,-5.655040815914265e-19,2.683677280401753e-12,-5.250905305359054e-22,-7.758763894206513e-21,-1.1355573960892632e-15,2.1454762588746235e-10,-6.225809083086158e-11,-2.3879920263425446e-12,-4.925053077303761e-22,-7.757838279101065e-21,-1.1332594295846802e-15,-1.1007224481439929e-18,3.692681315179173e-156,5.922614070774337e-14,4.415865098352419e-19,1.3506558429729034e-78,2.391606791958258e-118,1.3023380648499379e-136,-8.515007017801205e-07,8.579457486183566e-19,6.068901891448375e-16,-7.938040653243662e-09,-8.649409178251508e-19,-1.1691460245679546e-16,5.996568426998768e-12,-2.5762204895727337e-06,7.75544472465602e-07,6.879534339532256e-09,-9.847534105769163e-19,-1.1691489383612933e-16,5.98821066806939e-12,8.190166430784422e-15,3.782710530725602e-151,-1.7056405622924214e-10,-2.146431180941969e-15,6.186992788530781e-74,1.9165163021942708e-113
0.0006745209945113374,2.7308333016547507e-136,5.1957310157983256e-11,1.3961579175765697e-21,-1.696233275355427e-18,6.270511221373454e-12,-2.0394211673268204e-21,-6.7054013310627e-20,-2.3330071959963098e-15,1.8055773883437116e-10,-1.391893666839207e-14,1.2874900798265365e-18,0.0,0.0,3.0569408115965757e-10,-1.7674078778012513e-22,-3.056929312858107e-10,8.951062113737862e-13,1.1205953562789677e-22,3.306140890773286e-13,-6.058612258800533e-19,0.0,4.366321471486504e-12,-6.510849340860471e-17,2.0028423366240666e-15,-1.7587695742716072e-19,1.5875632813456593e-21,-1.9960366692828303e-12,-1.9523304161958513e-12,1.1078652809951943e-10,7.349614567917156e-128,2.8173517690047166e-128,1.5556727599951087e-137,4.5065755555335617e-66,1.6222891892896593e-12,1.9645850045021778e-145,-4.366360589500892e-12,-1.7211926330363073e-15,-1.1077213220763345e-10,-1.107858989731388e-10,2.7308333016547507e-136,5.195764411306906e-11,1.3961579175765697e-21,-1.696233275355427e-18,6.270752805903612e-12,-2.0394211931762142e-21,-6.729630112948869e-20,-2.3330068345955855e-15,1.8056300632451894e-10,-4.8231226420133073e-11,-5.5743427651577804e-12,-1.9981885402365247e-21,-6.729326372227939e-20,-2.328161535086748e-15,-1.1894660031738616e-18,1.4305434864269332e-150,1.5590949160434946e-13,1.0299920638612292e-18,1.1516447310444015e-75,1.0652754463820483e-113,2.106861055800126e-131,-6.488463453706572e-07,2.314402076017013e-18,3.4522854771660653e-15,-1.8489248759578914e-08,-1.6968907493876937e-19,-2.1257161883590086e-16,1.274046645960425e-11,-2.168488213404392e-06,5.902200597726429e-07,1.599980896571651e-08,-6.229537691899642e-19,-2.1257439710396786e-16,1.2723295010156713e-11,1.8357836663591398e-14,1.1787509782847915e-145,-4.3668772602349173e-10,-5.578870698741412e-15,4.191634559711496e-71,6.834376790463976e-109
0.0008280220040497222,4.4163485126001243e-131,2.726392267504707e-11,5.529848510771496e-21,-4.001473710666039e-18,1.2616283129318618e-11,-6.34905353617705e-21,-2.9911729084855765e-19,-3.885979356586337e-15,1.0170939882906775e-10,-1.3567694339780578e-14,2.4936649967166602e-18,0.0,0.0,6.54719770462212e-10,-1.2936306398999951e-22,-6.547189774457658e-10,2.4426682898592843e-12,-3.411611116834063e-23,6.652301448713293e-13,4.4291145439671476e-18,0.0,1.0023600006573259e-11,-1.2655249702092465e-16,4.130862319287138e-15,-3.733494783261242e-19,6.556490084495483e-21,-4.852906965169268e-12,-4.524739755999933e-12,2.5121941564047273e-10,9.529765915294004e-123,3.65307615464629e-123,3.136177499793076e-132,1.2650907701175118e-63,3.860127858506961e-12,4.935842695738321e-140,-1.0023733007822175e-11,-3.786623792679876e-15,-2.512051307708892e-10,-2.512186014769213e-10,4.4163485126001243e-131,2.7264372685446386e-11,5.529848510771496e-21,-4.001473781252118e-18,1.2616325761882762e-11,-6.34905353617705e-21,-2.9936339362440445e-19,-3.885979356586337e-15,1.0171331628801757e-10,-2.5781368151456265e-11,-1.121577497542603e-11,-6.4751952708689366e-21,-2.993549431472666e-19,-3.876770143333245e-15,2.5380363498206115e-18,4.477126136109106e-145,3.657294747364031e-13,1.8917069155346042e-18,7.95135290634431e-73,3.7803522442069304e-109,2.7318202133445648e-126,-3.310000041286306e-07,3.5041491859418336e-18,1.1487681465804922e-14,-3.731068136403337e-08,5.9139751438835785e-18,-2.290461657145082e-16,1.8581099621902315e-11,-1.2235809457100307e-06,2.997588211049636e-07,3.226962871849537e-08,4.551372723393373e-18,-2.2905857982938317e-16,1.8552498796490607e-11,3.332415340637658e-14,2.9615055026537995e-140,-1.0025287401241865e-09,-1.3285668861347707e-14,2.2906210531288035e-68,1.9416484070201394e-104
0.0010164552990485087,4.8884181523112785e-126,8.37508196127601e-12,1.5495916635084916e-20,-5.855167481593765e-18,1.8539594748290255e-11,-1.3481723597561563e-20,-8.606564928290405e-19,-5.064483265630286e-15,3.022675324852268e-11,-6.9528415366401516e-15,2.8234431575143346e-18,0.0,0.0,1.0575687944428378e-09,5.863092106952262e-22,-1.0575680014263916e-09,5.3949733569425005e-12,-1.1631315163141477e-21,9.933914156384394e-13,2.1402322084319195e-17,0.0,1.7905160134127078e-11,-1.0488137834056485e-16,8.512079930652283e-15,-5.080185025002744e-19,1.9871744918957735e-20,-9.300749059804047e-12,-8.529288386682765e-12,4.37436586953055e-10,8.437312420907194e-118,3.2343022318005116e-118,4.33637437596324e-127,2.4041628356491624e-61,7.536507906361519e-12,8.521501268910596e-135,-1.7905457431036422e-11,-8.265636440012993e-15,-4.374287598807314e-10,-4.37435865308089e-10,4.8884181523112785e-126,8.375214595920019e-12,1.5495916609235523e-20,-5.855167481593765e-18,1.853960895914497e-11,-1.348172339076641e-20,-8.60953920507535e-19,-5.064483265630286e-15,3.023047649245806e-11,-8.767689981444467e-12,-1.652340131386154e-11,-1.4433388068063767e-20,-8.609375886535208e-19,-5.050483324377704e-15,1.7187792618817125e-17,9.644436336796788e-140,6.472672030079792e-13,1.5946806953640962e-18,3.8336391328388174e-70,9.073109364882965e-105,2.418645292987189e-121,-9.198757835330677e-08,-4.793484385871806e-18,2.4263269634191195e-14,-5.5302385590039195e-08,2.472961732716576e-17,2.315733325583547e-16,1.8994947836858955e-11,-3.668262070265863e-07,8.252975627935181e-08,4.783719487022609e-08,2.197269194934362e-17,2.315375538866626e-16,1.895767098858414e-11,4.0940325005688026e-14,5.112900391448831e-135,-1.7908394724500725e-09,-2.5949150235978397e-14,8.691633131612195e-66,3.7123188252813777e-100
0.0012477704335279345,4.2557281364238125e-121,2.307084893497328e-12,3.198968269808969e-20,-3.809331909877927e-18,2.157821654691361e-11,-2.0047605574116832e-20,-1.920564198670295e-18,-6.212357017698622e-15,4.694205320750674e-12,-1.147973006683235e-15,-4.517509052022935e-21,0.0,0.0,1.4138141252966515e-09,2.83531358781471e-21,-1.4138135107089056e-09,1.050386444489959e-11,-4.919534393213096e-21,1.2089812355365805e-12,5.908191772818777e-17,0.0,2.7307753838700837e-11,1.626132115553005e-16,1.7650048091499588e-14,-3.444096070184124e-19,4.806365846362022e-20,-1.5466872227420937e-11,-1.4179710377447257e-11,6.446810122776961e-10,5.880442772080249e-113,2.2541689780922902e-113,4.711804500237777e-122,4.053599690704335e-59,1.2971332513026668e-11,1.1553372563627906e-129,-2.7308176313256217e-11,-1.7317544969208483e-14,-6.446791248985543e-10,-6.446804571661838e-10,4.2557281364238125e-121,2.307044629408968e-12,3.198968269808969e-20,-3.809331909877927e-18,2.157821654691361e-11,-2.0047605574116832e-20,-1.919757823304509e-18,-6.212357017698622e-15,4.699676499816026e-12,-3.4373546971740626e-12,-1.9322470734550735e-11,-2.3271819117047462e-20,-1.9197371239368605e-18,-6.193783911682497e-15,5.2292515444144675e-17,1.6305878275271907e-134,9.659303718088967e-13,-2.4281611154623275e-18,1.5469160136193914e-67,1.7266405425835314e-100,1.685682585955283e-116,-1.6717340869831788e-08,-4.4246796620147263e-17,3.6885952625631546e-14,-6.535363354487345e-08,6.444065726450739e-17,1.723298153483155e-15,1.813060516534885e-11,-6.01744589706262e-08,1.4841243682894856e-08,5.653178959619254e-08,6.062230727718435e-17,1.7232181393628254e-15,1.8084881740302686e-11,4.3085824003890034e-14,6.932022604669588e-130,-2.731189972233765e-09,-4.467491191798937e-14,2.79177533745233e-63,5.631088169450284e-96
0.0015317260446612003,3.323298217155915e-116,1.293907795722286e-12,4.516163656542961e-20,8.494588496152366e-18,2.225999651273014e-11,-1.567595272805163e-20,-3.901203573849891e-18,-8.18237549475113e-15,2.194913880278667e-13,1.5147118030647453e-15,-9.376090037473602e-18,0.0,0.0,1.7901964880733576e-09,8.718480122212056e-21,-1.790196245212071e-09,2.0292567626256643e-11,-1.5421280348134106e-20,1.3933298959045715e-12,1.4142559319089734e-16,0.0,4.070388998485694e-11,9.318590172486895e-16,3.880507027209129e-14,4.712222605507447e-19,1.019892605131822e-19,-2.5374435885794356e-11,-2.2734527438911376e-11,9.279526036465313e-10,3.683020558035627e-108,1.4118239606269266e-108,4.584379884722498e-117,7.331165757800779e-57,2.1341795114901872e-11,1.4004443737671674e-124,-4.070437504823535e-11,-3.8605568398716626e-14,-9.279535658398194e-10,-9.279519375127165e-10,3.323298217155915e-116,1.2934577853229713e-12,4.516163684115648e-20,8.494587366775103e-18,2.2259769139054698e-11,-1.567595272805163e-20,-3.902156909432026e-18,-8.18237549475113e-15,2.2486782806178476e-13,-2.6532139448439316e-12,-2.003639565373305e-11,-2.3960063992374245e-20,-3.9021559565199604e-18,-8.159046355205035e-15,1.3446475676306473e-16,2.461283906915393e-129,1.4632728949261762e-12,-1.432727995849074e-17,6.314122648120499e-65,2.9977494694651565e-96,1.0557645999879244e-111,-4.545475036366042e-09,-1.6331473414109344e-16,4.324701245265554e-14,-6.910424417583272e-08,1.4774793666077687e-16,5.473217365437044e-15,2.05105769405615e-11,-5.636262358166278e-09,4.238580004312098e-09,5.968804180156439e-08,1.4517398649318767e-16,5.47305516879204e-15,2.0450358443705834e-11,7.414606517588252e-14,8.402664148785647e-125,-4.070722972445327e-09,-7.352914573507026e-14,9.189634416008742e-61,7.818110420073109e-92
0.0018803015465431966,2.467975306592678e-111,1.1882548278663307e-12,-2.877796313239207e-20,4.920035145715313e-17,2.0242055143171454e-11,4.5843990674024096e-20,-7.354809103865718e-18,-1.125077461749946e-14,-1.661343655238549e-13,2.723408284099286e-15,-3.2684177991385934e-17,0.0,0.0,2.244284351614136e-09,2.628134098037208e-20,-2.24428364781204e-09,4.0936853906714535e-11,-4.287752226726678e-20,1.74163009595558e-12,3.2882965523214453e-16,0.0,6.329870545018927e-11,2.738989933482147e-15,9.663714274211122e-14,2.933745690025256e-18,1.6565553096892146e-19,-4.366933481492197e-11,-3.6340988358120494e-11,1.3779977020567102e-09,2.1963941260910345e-103,8.419506460238653e-104,4.236907987507769e-112,1.4214747651616737e-54,3.459969814693898e-11,1.6110187936824755e-119,-6.329901839430438e-11,-9.628899241406523e-14,-1.378000084410284e-09,-1.3779974198750249e-09,2.467975306592678e-111,1.187785869660729e-12,-2.877796313239207e-20,4.9200346939644084e-17,2.0241643028384714e-11,4.58440039089139e-20,-7.350732334290583e-18,-1.125077461749946e-14,-1.6313113822737553e-13,-2.6599641008336525e-12,-1.8296631765224447e-11,2.826979740650618e-20,-7.350875482858669e-18,-1.1225979636616165e-14,3.3721318845064477e-16,3.5230493755806722e-124,2.474613413736441e-12,-4.353523473434503e-17,2.775855263948858e-62,5.033877284585802e-92,6.296072681312689e-107,-3.445521227736966e-09,-4.565341544655472e-16,2.2879050505982453e-14,-6.482716707978398e-08,3.3009810434126567e-16,1.4686058792678924e-14,2.758311505128101e-11,-1.1741455333928268e-10,3.503827125920604e-09,5.564073217101395e-08,3.382184126949489e-16,1.4685752613985415e-14,2.7500324980186028e-11,2.296238399783103e-13,9.66610833795182e-120,-6.329662750126503e-09,-1.1928652510206916e-13,3.271280262818897e-58,1.0524259843268543e-87
0.002308202513273028,1.7154806721452005e-106,1.1045813153032213e-12,-6.248467510665496e-19,1.5917232628880987e-16,1.4561351235897746e-11,3.4502484208085035e-19,-1.0231348239334373e-17,-1.363591531355901e-14,-1.2369127944111825e-13,3.793186914861148e-15,-8.52092557392566e-17,0.0,0.0,2.6855256708900404e-09,9.614532622862637e-20,-2.6855246597940714e-09,8.620135716341793e-11,-9.84077865922522e-20,2.904136879298549e-12,7.396250759602608e-16,0.0,1.0249345373439999e-10,6.057646094734551e-15,2.6274787903586975e-13,9.370163340331147e-18,-5.259985065520656e-20,-8.011413754616115e-11,-5.846273078050402e-11,2.0396868846694893e-09,1.2261934058429854e-98,4.700405027550556e-99,3.664192305262663e-107,2.7735159232282393e-52,5.555863222649157e-11,1.7339207975949033e-114,-1.0249398573939565e-10,-2.6286523307903133e-13,-2.039690490581355e-09,-2.039686789837939e-09,1.7154806721452005e-106,1.1041455157586218e-12,-6.248467510665496e-19,1.5917232628880987e-16,1.4561152283931734e-11,3.4502484208085035e-19,-1.0216900398353056e-17,-1.3635921095970598e-14,-1.206217348226346e-13,-2.649234905523675e-12,-1.3184120462028659e-11,3.1701534186950236e-19,-1.021774489020147e-17,-1.36307458376006e-14,8.324898039860448e-16,4.717432852347441e-119,4.540879742987176e-12,-1.1110361762545207e-16,1.2601799875290694e-59,7.997075914968827e-88,3.5149090220141927e-102,-3.2718259532771297e-09,-9.009251497315665e-16,-8.635536730139393e-14,-4.344911212683655e-08,7.125972988769602e-16,3.539866490209764e-14,3.8780901453113375e-11,1.1793842258356335e-10,3.513278594861428e-09,3.617342008510604e-08,7.635457207905844e-16,3.539823989484603e-14,3.8680614267150304e-11,8.322497245624404e-13,1.040351611481418e-114,-1.0247651970244383e-08,-1.9175402006984163e-13,1.194167003318708e-55,1.3397094710426161e-83
0.002833481072264552,1.0628197029938107e-101,8.496196339062105e-13,-3.1966554914278344e-18,3.8279015374120817e-16,1.1250904208282009e-11,1.4441125068836058e-18,4.551043651093364e-18,-7.86354777589556e-15,-6.790893773237865e-14,4.923849530512005e-15,-1.9128488578980715e-16,0.0,0.0,2.8176370116063586e-09,3.7189373910691394e-19,-2.8176362830224987e-09,1.8208785590445587e-10,-1.1004958727939975e-19,6.849043296332913e-12,1.639857571055508e-15,0.0,1.6316868607890382e-10,8.96491058091439e-15,7.371711575236955e-13,2.366653934728725e-17,-2.208572628906726e-18,-1.528583482013346e-10,-9.336188153324286e-11,2.74662011421715e-09,6.10104225513051e-94,2.3387309883424797e-94,2.8246453074984825e-102,5.1544473373688755e-50,8.651236017939389e-11,1.6638352585586836e-109,-1.631688581981671e-10,-7.371476867150632e-13,-2.7466250015114233e-09,-2.7466198204706416e-09,1.0628197029938107e-101,8.493519961424075e-13,-3.1966555090743543e-18,3.8279015374120817e-16,1.1250705256315996e-11,1.4441125333533855e-18,4.577945417498161e-18,-7.863559340718733e-15,-6.617995040869573e-14,-2.4218138605647253e-12,-1.0070635880765622e-11,1.428883225068888e-18,4.574360774065381e-18,-7.948861476444099e-15,2.0573546936859784e-15,5.632889740155599e-114,8.152511054206683e-12,-2.571998603678738e-16,5.391367946302715e-57,1.1434021168986206e-83,1.7488547082164577e-97,-2.622361989779165e-09,-3.444504519574861e-16,-3.9265973805768797e-13,1.7799247871153057e-09,1.5174473548366929e-15,7.0893246134629e-14,4.581066785173486e-11,6.945629419755998e-11,2.9470781252409022e-09,-4.943030944559723e-09,1.7003799627005044e-15,7.08934404236583e-14,4.5752995466349e-11,2.9388994266289157e-12,9.982996522390802e-110,-1.631236972329174e-08,-2.9923054774746066e-13,4.072595883158362e-53,1.5378982740106065e-79
0.0034782974807080124,4.74900529124845e-97,3.518228671358277e-13,-8.382436322324292e-18,5.346603512932739e-16,3.388868208276108e-11,4.421593193951266e-18,8.740789803106733e-17,1.708804394281079e-14,-2.6678511252005894e-14,4.404136898736455e-15,-3.669934003682392e-16,0.0,0.0,1.9581007698213757e-09,1.1551080969015316e-18,-1.9580995555149425e-09,3.22167181820987e-10,4.073753674621579e-19,1.450506381672767e-11,4.2394375742754855e-15,0.0,1.967159196844188e-10,2.497686173651653e-15,1.6753776145860317e-12,4.1729968246626046e-17,-1.0052249257264467e-17,-2.5515869417347405e-10,-1.412855620610915e-10,2.483887317760817e-09,2.178958139151283e-89,8.352664483494386e-90,1.5766291673925045e-97,6.152893898440344e-48,1.2677704190869398e-10,1.1600961249108587e-104,-1.967164047477972e-10,-1.6753776145860317e-12,-2.4838913148528263e-09,-2.483886429871518e-09,4.74900529124845e-97,3.513302241723674e-13,-8.382436392910372e-18,5.346604235734187e-16,3.388845470908564e-11,4.421593088072148e-18,8.740867052511523e-17,1.7088020813164444e-14,-2.570269922822869e-14,-1.881896120418484e-12,-3.050311647712078e-11,4.562477960606587e-18,8.73987432989734e-17,1.6818791729692842e-14,5.569970962961492e-15,4.901537642540528e-109,1.0045834685950936e-11,-5.289822399556776e-16,1.654260737265499e-54,1.1497724841910207e-79,6.2458518548091645e-93,-1.2202512825372954e-09,4.756051889126534e-15,-7.645435025812238e-13,4.4978172809351233e-08,3.893817451632031e-15,8.28800500451976e-14,2.251044387927929e-11,2.704716073331781e-11,1.4603744299771885e-09,-4.3881984311155975e-08,4.405304788492048e-15,8.288368602560326e-14,2.2636476397034736e-11,9.229499684299238e-12,6.960558023151231e-105,-1.966617528134248e-08,-4.400970328906813e-13,9.735754065958792e-51,1.227684464706125e-75
0.00426985501428828,1.6774943166001213e-92,3.319655661471188e-14,-1.1940455462576e-17,3.5732911132328275e-16,1.0060443855763879e-10,1.2392455395464786e-17,2.975991306684855e-16,5.125676503607105e-14,1.2126596023639043e-15,2.81694951990705e-15,-6.0237369201484225e-16,0.0,0.0,9.455116030399058e-10,2.5002173740760653e-18,-9.45510653898347e-10,4.89741935894017e-10,2.6521875436675475e-18,2.4504816780386347e-11,1.2768092652152186e-14,0.0,1.8867175379466032e-10,-1.5105211149090368e-14,3.3561378679517405e-12,6.26038498141218e-17,-2.721685670147561e-17,-3.673465087672412e-10,-1.8840471818318854e-10,1.5909984112857471e-09,6.151282754874789e-85,2.3579887614101642e-85,6.958636817402496e-93,6.326435906976692e-46,1.6388772505598505e-10,6.400891313910015e-100,-1.8867164426422005e-10,-3.356192633171883e-12,-1.591000664546982e-09,-1.59099725986304e-09,1.6774943166001213e-92,3.2954972084553446e-14,-1.1940456027264631e-17,3.573291836034276e-16,1.0060412591883506e-10,1.2392455183706549e-17,2.9765094197980317e-16,5.125671877677836e-14,-2.4632148173016805e-16,-1.5102064783908038e-12,-9.045348292602284e-11,1.3297133169944478e-17,2.9763083002950356e-16,5.0762472928826223e-14,1.6637889972856054e-14,3.3784241884720166e-104,9.174582622313712e-12,-9.667830772053243e-16,4.1075486416637725e-52,9.227714608759682e-76,1.7631929415340157e-88,-2.859507072609328e-10,1.5407545031487223e-14,-8.902922103241432e-13,3.6682449717773124e-08,1.1821345551749075e-14,2.433127310741412e-14,-2.0630797810857378e-11,3.4924774183764386e-13,4.221510607749224e-10,-3.608242332120426e-08,1.3274820262129672e-14,2.4343624338563075e-14,-2.02534936969793e-11,2.2637298583413255e-11,3.840516503348377e-100,-1.8865108446174637e-08,-5.726900435358099e-13,1.8969429815698462e-48,7.818084238110193e-72
0.005241547608898503,5.252412859371656e-88,-6.214880462115009e-14,-1.6620604722522813e-18,-3.834927167489788e-16,2.034505541814724e-10,3.526071358587448e-17,7.485232052240054e-16,8.619623533453099e-14,1.4551915228366852e-14,1.4300276859703635e-15,-8.358295248052835e-16,0.0,0.0,3.531360794062355e-10,4.242769443389632e-18,-3.531352987806713e-10,6.76938327615062e-10,9.77925196747691e-18,3.6015247631738466e-11,3.512701551211933e-14,0.0,1.6255706810035724e-10,-3.829145150721122e-14,6.8697492146205484e-12,9.979868816973767e-17,-5.644494102299511e-17,-4.5530543779648267e-10,-2.2408567249838434e-10,8.075227363237939e-10,1.5357954390449474e-80,5.887206577262236e-81,2.7278070155119487e-88,6.639218157908098e-44,1.8803595681888236e-10,3.1432819850770416e-95,-1.6255684903947667e-10,-6.869616213371632e-12,-8.075235295261033e-10,-8.07521309080054e-10,5.252412859371656e-88,-6.245433799752694e-14,-1.6620610369409127e-18,-3.8349257218868913e-16,2.0345012785583095e-10,3.526071316235801e-17,7.484985396245814e-16,8.619621220488463e-14,1.4210854715202004e-14,-1.3672358060527283e-12,-1.8195169104728847e-10,3.9390569680429175e-17,7.484666098706017e-16,8.540039046304552e-14,4.65514996893843e-14,2.0763039785337123e-99,7.128061110824911e-12,-1.5956203372469169e-15,9.574699177145696e-50,6.611046811036406e-72,4.40206633558367e-84,4.505686727422168e-11,2.6670139476510832e-14,-6.273222682059062e-13,-2.1839194232597947e-08,3.230324861769329e-14,-1.6402523783654032e-13,-6.180564208572529e-11,-1.4411243365319848e-11,2.95137094023327e-11,1.6918191249715164e-08,3.6624092647485893e-14,-1.6399423485857768e-13,-6.117115110744938e-11,4.522126601838207e-11,1.8859534950552018e-95,-1.6260462058453452e-08,-6.653959790566452e-13,3.4936951522186094e-46,4.465390324727426e-68
0.006434368671632525,1.3957270551405019e-83,-4.032093177859982e-14,5.214525688054921e-17,-2.1547023424754266e-15,3.0251260341174203e-10,9.736156515336922e-17,1.5393882999911735e-15,1.1750253547937462e-13,1.5764574830730755e-14,5.13951710892729e-16,-9.076488837143441e-16,0.0,0.0,9.13616949950656e-11,6.7785069730966e-18,-9.13610457128503e-11,8.177226007433092e-10,3.0791435666305913e-17,4.835382740204063e-11,8.275382180442941e-14,0.0,1.1611052842581493e-10,-5.261398147859604e-14,1.4237705460476334e-11,1.6054681092118537e-16,-7.457044591681587e-17,-5.253631307766682e-10,-2.4826239255585386e-10,2.901106698621758e-10,3.233220251545447e-76,1.2393986323568775e-76,9.122875674702313e-84,5.539490754393593e-42,1.9982661358941556e-10,1.3234025138115145e-90,-1.1611027807052285e-10,-1.4237799343710864e-11,-2.9011060220796026e-10,-2.901089738808575e-10,1.3957270551405019e-83,-4.106937012693379e-14,5.214525688054921e-17,-2.1547020533548473e-15,3.025122339295194e-10,9.736156430633627e-17,1.539393395741384e-15,1.1750251234972827e-13,1.9767298908845987e-14,-1.3121924287891792e-12,-2.6953327392220673e-10,1.128319892013574e-16,1.5393757232459727e-15,1.162345220073746e-13,1.1528302297074344e-13,1.0987709482016923e-94,3.6044355524729827e-12,-2.4199211789514377e-15,1.9849816321313951e-47,3.876136366778754e-68,9.267110504197896e-80,1.01495049401971e-10,1.859537755259192e-14,2.86671723396618e-13,-9.515015335637144e-08,7.48245931360414e-14,-5.900576693917969e-13,-8.615783049966316e-11,-1.996522724923011e-11,-1.0480774411310753e-10,8.415759293711744e-08,8.670180589101517e-14,-5.899939981013347e-13,-8.528991439031112e-11,7.709178700771681e-11,7.940302042552305e-91,-1.162335930731888e-08,-7.243788902044912e-13,5.595300830032491e-44,2.0520923214038722e-64
0.00789864049545215,2.534212704560644e-79,2.864908310584724e-14,1.5883454761948107e-16,-4.6275870866733606e-15,3.131028734060237e-10,2.527980215704393e-16,2.135195882949081e-15,1.3446919503815972e-13,1.2126596023639044e-14,1.0247996098952218e-16,-6.188987401271421e-16,0.0,0.0,9.089428118899283e-12,1.2018489875454776e-17,-9.088285679581531e-12,7.998640416673197e-10,8.85039772201299e-17,5.7875603534458066e-11,1.6742973126522928e-13,0.0,5.4619388184428884e-11,-3.11110916587342e-14,2.5280501861099164e-11,1.9636090024068667e-16,2.928942375871181e-17,-6.001275920652915e-10,-2.5844003939485365e-10,5.791781746040947e-11,4.623363041060648e-72,1.7722846914792634e-72,2.0972668188575687e-79,3.5670729877357865e-40,2.003976416939003e-10,3.85598266169859e-86,-5.4619263006782844e-11,-2.5280282800218596e-11,-5.7917226570225466e-11,-5.791648642154238e-11,2.534212704560644e-79,2.830802259268239e-14,1.5883455213699013e-16,-4.627586508432202e-15,3.1310230497183514e-10,2.5279802326450517e-16,2.135245756249016e-15,1.3446919503815972e-13,1.5684046654011277e-14,-1.3017900831376513e-12,-2.773193159555376e-10,2.998629939325462e-16,2.1353680542540722e-15,1.3260462172759446e-13,2.5324598936385326e-13,4.051238455407493e-90,-1.0622418570812345e-12,-3.4521719973386786e-15,2.94547111666823e-45,1.5469268747933535e-64,1.3251000331135914e-75,4.4097383522512244e-11,-3.493126621290088e-14,1.812303936551037e-12,-1.0901386303885374e-07,1.4859989627691306e-13,-1.1422824908180473e-12,-8.228935755028033e-11,-1.562877284070711e-11,-1.6047609581922492e-10,9.940962991095148e-08,1.7647490760386296e-13,-1.142194117065287e-12,-8.12879600668263e-11,1.1615428973548248e-10,2.3135345162563725e-86,-5.476598122215224e-09,-7.583632795811942e-13,6.377610745011694e-42,6.419245096097138e-61
0.009696137237434288,3.8051812855234074e-75,6.624153077912827e-14,3.01753450062762e-16,-7.698412509323422e-15,2.701021912798751e-10,5.985167195838789e-16,1.4608427315043749e-15,1.7664184929581477e-13,1.2126596023639043e-15,1.2898914954355263e-17,6.508465641430483e-16,0.0,0.0,-3.981388631478313e-12,2.6577521944433452e-17,3.9823699893304365e-12,7.230533949353912e-10,2.3284367678550465e-16,9.174160139579282e-11,2.949009609917499e-13,0.0,1.8997585451109468e-11,6.241722329232703e-15,4.580375246213201e-11,1.3596852603316545e-16,4.809415301291878e-16,-6.448191314234464e-10,-2.86408881107771e-10,7.401722247266096e-12,5.474099440423724e-68,2.09839806673804e-68,3.98073946799677e-75,2.2156404218566319e-38,1.9437278317080678e-10,9.268235035109279e-82,-1.8997632392726732e-11,-4.580360381367734e-11,-7.400598652414677e-12,-7.40133880109776e-12,3.8051812855234074e-75,6.588152245967649e-14,3.017534681327982e-16,-7.698412509323422e-15,2.701015375805582e-10,5.985167229720107e-16,1.4608700533991214e-15,1.7664180303652207e-13,9.824437559776319e-15,-1.27403154692729e-12,-2.358201527385972e-10,7.235731687481404e-16,1.4614971559356872e-15,1.7351000266193258e-13,5.003281061816285e-13,1.2313712338608805e-85,-3.781960925364923e-12,-4.697613102908986e-15,4.112006387321597e-43,5.234282459474555e-61,1.5688453840832597e-71,-7.808272547057035e-12,-1.2950923666821268e-13,3.842181979981282e-12,-7.672829815419391e-08,2.5660868568921915e-13,-1.736932042639694e-12,-8.718608649852892e-11,-9.647975113269424e-12,-2.093147486448288e-10,7.20416683179792e-08,3.1352183436222925e-13,-1.7368705362841297e-12,-8.586627113042292e-11,1.6122423617805115e-10,5.560730713890413e-82,-1.9134614916675444e-09,-7.98914175555628e-13,6.912672051885684e-40,1.6967441078891718e-57
0.011902691024017547,5.595007706610817e-71,6.063298011819522e-14,4.873676693698906e-16,-1.265829917736679e-14,2.526900289012701e-10,1.2729065644958605e-15,-5.9111691236291005e-15,3.2704658425863895e-13,-1.2126596023639043e-15,1.800948382998415e-18,5.912931458120403e-15,0.0,0.0,-4.924845253828636e-12,6.737875898335701e-17,4.925742353683356e-12,7.273471602786685e-10,5.400224488613445e-16,2.4547424816348853e-10,4.681340257215194e-13,0.0,5.802609782138038e-12,3.09519455181707e-14,1.0597864975541795e-10,-4.515977069863785e-16,2.291075895227292e-15,-7.031721871442187e-10,-4.31981195000921e-10,1.1374208143631141e-12,6.337655613287466e-64,2.4294247716021202e-64,7.403859599778156e-71,1.6375679248078216e-36,1.8603863402964867e-10,2.185627015355254e-77,-5.802625429343793e-12,-1.0597839940012587e-10,-1.136128228533077e-12,-1.1420494179977443e-12,5.595007706610817e-71,5.983954072992977e-14,4.873676693698906e-16,-1.2658300333849108e-14,2.526894604670815e-10,1.2729065644958605e-15,-5.911130959712629e-15,3.270464917400536e-13,6.04908715710432e-15,-1.0542369939988324e-12,-2.1848978803973297e-10,1.5725807225972118e-15,-5.9086546419506726e-15,3.202522969036892e-13,9.099145497665593e-13,3.6754637217763583e-81,-4.807478790539464e-12,-6.0906321941907775e-15,6.487688500619615e-41,1.7606747340315726e-57,1.8162116837657354e-67,-1.9305648635281613e-11,-2.9744568845006353e-13,7.617919628444269e-12,-4.987818010704359e-08,3.98943498895743e-13,-1.90362747787276e-12,-1.4437929074517797e-10,-5.913082875193728e-12,-3.461973392404616e-10,4.8280477130902e-08,5.037921295414361e-13,-1.9038646215108203e-12,-1.420013854650885e-10,2.108524812073986e-10,1.311303210129099e-77,-5.938347414396893e-10,-9.38082944657026e-13,8.441721488233003e-38,4.44864176929581e-54
0.014611391128650755,5.3322746581344446e-67,3.365130396559834e-14,1.7984449288595736e-16,-8.58894899646856e-15,2.8428326004359404e-10,2.495247559193992e-15,-3.2497553259513976e-14,4.699559260264626e-13,-3.637978807091713e-15,6.893583982947153e-19,2.041382832449849e-14,0.0,0.0,-5.356925220872151e-12,1.705005978495074e-16,5.3579363168410055e-12,8.686442010130691e-10,1.1079488735106768e-15,5.835949940356897e-10,6.787381358229691e-13,0.0,6.00351990403064e-13,6.04403883230807e-14,1.9320393564714852e-10,-2.6898390938839962e-15,6.335789645726632e-15,-8.592249578498468e-10,-7.609411808672586e-10,4.990087480958675e-13,4.713712894792621e-60,1.8069138585555744e-60,8.991843432928341e-67,8.136496446333689e-35,1.7666758267469e-10,3.3919132747926527e-73,-6.00351990403064e-13,-1.9320318458127227e-10,-4.981200637151536e-13,-5.185481673682565e-13,5.3322746581344446e-67,3.320366204206948e-14,1.7984449288595736e-16,-8.588951309433195e-15,2.8428286213966204e-10,2.4952475659702556e-15,-3.2497497748362746e-14,4.699558335078772e-13,1.9847827085565464e-15,-9.254487546665283e-13,-2.484231345079024e-10,3.151382637917727e-15,-3.2491556320457526e-14,4.597067171374647e-13,1.5524411111169175e-12,7.270344199661478e-77,-5.2248367096392596e-12,-7.957248864450447e-15,7.077665241350197e-39,3.7372170394552526e-54,1.3507088226143504e-63,4.2558715070602674e-12,-3.3232520439222905e-13,8.713921436272662e-12,-3.545863182807807e-08,5.64049803392086e-13,3.511318791282747e-12,-2.0302509599427292e-10,-1.9888492334511435e-12,-4.828276966388027e-10,3.5506192944012584e-08,7.437020808215289e-13,3.5099834150287278e-12,-1.9994855252984205e-10,2.626154325696361e-10,2.0350021889988708e-73,-7.378871736590386e-11,-1.3032144807745283e-12,6.928698861667956e-36,7.28716386739614e-51
0.017936511187564473,2.716027292011139e-63,4.805163674366971e-14,-7.742388905921752e-16,9.064883103408287e-15,3.2766308777354427e-10,4.5643190426216184e-15,-5.7558013910608e-14,3.5308459859588007e-13,-2.4253192047278086e-15,5.717709519075459e-19,4.397271031094293e-14,0.0,0.0,-6.3997344130444544e-12,4.079620193145062e-16,6.40059434025326e-12,1.0154995733202554e-09,2.1645830617085895e-15,9.138398371355549e-10,8.943868087521916e-13,0.0,-2.2018747938260832e-13,1.8256383426690763e-13,2.033040191954516e-10,-5.78949287013409e-15,8.337634692640645e-15,-1.008912242639326e-09,-1.08127021548274e-09,4.1839426888345965e-13,1.860753403197844e-56,7.132840063485658e-57,5.869358564140057e-63,2.334299488154771e-33,1.665359700513738e-10,2.848504584513947e-69,2.2023442099987294e-13,-2.0330309601031206e-10,-4.171477977858255e-13,-4.614086890342151e-13,2.716027292011139e-63,4.794031838173396e-14,-7.742391797127545e-16,9.064878477479018e-15,3.2766308777354427e-10,4.5643190290690914e-15,-5.755795493000982e-14,3.5308450607729467e-13,2.984279490192421e-16,-1.5077527374766458e-12,-2.88952719529334e-10,5.943537803305803e-15,-5.755221646475128e-14,3.4567626538972716e-13,2.5162029990853513e-12,7.8310666301145e-73,-5.29582808214913e-12,-1.1964532374101703e-14,4.366327182838982e-37,4.198731402426704e-51,5.33133015298644e-60,1.2868019538814224e-11,-2.5995983143900504e-14,2.54238704163375e-12,-3.366697865203605e-08,7.179941970830716e-13,1.3388167907635306e-11,-1.6024802225918696e-10,-1.842724491514976e-13,-3.8265231220672526e-10,3.42529147019377e-08,1.0081961203389777e-12,1.3385736963300587e-11,-1.5859369521346405e-10,3.1457244048806597e-10,1.7089920602884142e-69,5.852305307615523e-12,-1.8500710223060915e-12,3.162977022743061e-34,6.262614049174193e-48
0.02201833013358902,9.469670436032561e-60,8.958522812463344e-14,-1.705804190029377e-15,2.390705226377558e-14,3.7944425912428414e-10,7.736195473291573e-15,-5.671669731088791e-14,1.5200266971030866e-13,-1.2126596023639043e-15,4.837055815823941e-19,7.777560424397183e-14,0.0,0.0,-7.729005927333991e-12,9.208883000050627e-16,7.72937269744034e-12,1.1771778551938894e-09,4.045112406945588e-15,1.2372610687920933e-09,1.0993233692026951e-12,0.0,-2.5085600266216434e-13,5.900852841614538e-13,1.654835962871031e-10,-9.98074362413145e-15,5.812361055058437e-15,-1.1710909575413097e-09,-1.39421768703717e-09,3.5475564904667117e-13,5.037952027808386e-53,1.9311982084106318e-53,2.615558643079784e-59,6.139865747125875e-32,1.5585723572933614e-10,1.6323770451661907e-65,2.5105941633697775e-13,-1.6548268874916932e-10,-3.537910705138832e-13,-4.3150668223764416e-13,9.469670436032561e-60,8.868757580178984e-14,-1.705805057391115e-15,2.390704301191704e-14,3.7944454334137845e-10,7.736195446186519e-15,-5.671639199955614e-14,1.5200257719172328e-13,2.984279490192421e-16,-2.579402765453172e-12,-3.3727752679624243e-10,1.0519984975374333e-14,-5.671775549220826e-14,1.526336464626373e-13,3.909244557095301e-12,5.75442546500307e-69,-5.3049973447214865e-12,-2.040215508110806e-14,2.1933095260699464e-35,3.3868931470641156e-48,1.4432263831689276e-56,5.156589821808666e-12,2.704475902485607e-13,-3.3037389120712155e-12,-3.665343092507101e-08,8.489469769529246e-13,1.8525251999079728e-11,-8.98377757370857e-11,-4.8301214879605445e-14,-2.0103713419909278e-10,3.746295624296181e-08,1.2884782095434755e-12,1.8522725575564892e-11,-8.996608791278504e-11,3.635378950795702e-10,9.79446318024448e-66,4.967048994827685e-12,-2.5537257493842467e-12,1.2026356559182811e-32,3.870664144557299e-45
0.027029050231788372,4.67982540951591e-56,2.423803380224854e-13,-6.074565040795991e-15,6.768857696570762e-14,7.898348712842563e-10,1.2267928318175636e-14,-4.365467015654545e-14,-1.0254584218808797e-13,-2.4253192047278086e-15,4.1297254022237217e-19,1.720183602042328e-13,0.0,0.0,-1.6099676155726226e-11,1.9557405486367817e-15,1.6098709666932466e-11,2.4453540192759247e-09,7.0552536786077486e-15,3.0921976381246173e-09,1.3084625013495974e-12,0.0,-3.335984266939461e-13,2.8992365260582965e-12,2.3892231695468193e-10,-4.0319315620616156e-14,-9.639108508344976e-15,-2.4333243864305134e-09,-3.238657404274152e-09,3.0510750176349077e-13,1.9525829262044983e-49,7.48481846753159e-50,1.6343492626656023e-55,3.492848065132295e-30,1.451510317584883e-10,1.3005897511927761e-61,3.3369230992847535e-13,-2.389212842391021e-10,-3.043491384839096e-13,-4.763596924325005e-13,4.67982540951591e-56,2.412008370811236e-13,-6.074566197278308e-15,6.768856771384909e-14,7.898350986579316e-10,1.2267928263965528e-14,-4.3654364845213675e-14,-1.0254593470667335e-13,9.142316533446623e-16,-6.751027588810151e-12,-7.437878366545192e-10,1.7583326342249932e-14,-4.3683737183108916e-14,-5.852864489360362e-14,5.875927438362608e-12,5.832035940528641e-65,-5.334257619483104e-12,-4.38824324100473e-14,2.1184004563330045e-33,4.232504478431615e-45,5.592529251048829e-53,-2.6566008652177213e-14,8.955772419957005e-13,-1.2411323524474937e-11,-7.40702537314064e-08,9.329002223501525e-13,3.115324531677288e-11,-7.107684515024933e-11,-2.350682611525675e-14,4.431058187037706e-12,7.577284304716159e-08,1.6056790758112171e-12,3.115082414240078e-11,-7.385972722318002e-11,4.0571324965619886e-10,7.805849768148025e-62,7.92925281069468e-12,-4.361122574181309e-12,9.117915438518866e-31,3.7481194417102176e-42
0.03318006188480442,1.3727006125075088e-52,6.227007058138648e-13,-1.7120372249509093e-14,1.3970288814668664e-13,1.5654107983209542e-09,1.8055467819640124e-14,1.4703459283449406e-13,-1.0394847020182377e-12,-2.4253192047278086e-15,3.643639608428706e-19,3.3569815763995203e-13,0.0,0.0,-3.3152768724731274e-11,3.848919839359402e-15,3.3149673482414856e-11,4.849214119140299e-09,1.3707830943409413e-14,6.310080090872246e-09,1.4402971912637764e-12,0.0,-3.9556136148325317e-13,8.780091749742924e-12,1.8786861401767407e-10,-1.1299810709504642e-13,-9.388311992569534e-14,-4.828028998815626e-09,-6.446341135309668e-09,2.7251703497988e-13,4.422041841671874e-46,1.6950917464390433e-46,6.131802163449401e-52,1.1830221727813818e-28,1.3482022446924225e-10,6.304348491282488e-58,3.9556136148325317e-13,-1.8786731529959642e-10,-2.7193062616485503e-13,-6.075140390748857e-13,1.3727006125075088e-52,6.211588280772654e-13,-1.712037340599141e-14,1.397028788948281e-13,1.565410912007792e-09,1.8055467711219908e-14,1.4703480100131117e-13,-1.0394847945368231e-12,2.4347931078712767e-15,-2.12678514799336e-11,-1.5157007737798268e-09,2.844350178565075e-14,1.469289967470644e-13,-8.733723004065534e-13,8.60259638564157e-12,3.637495048217979e-61,-5.360357158682236e-12,-1.2122023581676947e-13,1.252116899826784e-31,2.95375843318567e-42,1.2662220891415778e-49,-2.946724109165188e-11,1.7606666495121695e-12,-1.9413922913713576e-11,-1.4216445958936674e-07,8.3730045466468e-13,1.1398828103637016e-11,2.912459902878102e-11,-1.2552921665095103e-14,9.370002468737464e-10,1.4581604227714707e-07,1.8802451852428792e-12,1.1404307276308146e-11,2.1431249367746355e-11,4.366735090447003e-10,3.786506591603543e-58,5.277489557004415e-12,-6.4848011220123664e-12,4.0129382716048943e-29,2.0006343732853193e-39
0.04073086169282719,2.018551882580565e-49,1.0303059146584322e-12,-3.3144343751049614e-14,2.2334160446983258e-13,2.0687231199190138e-09,2.3804699639425053e-14,4.1136610784420213e-13,-2.4249716124025155e-12,0.0,3.1573759708019916e-19,5.419764029929164e-13,0.0,0.0,-4.64835759169827e-11,6.957975608789369e-15,4.647726647988293e-11,6.420563009035263e-09,2.892901508079991e-14,7.813620470926502e-09,1.4736790748901186e-12,0.0,-5.015868276782897e-13,1.40555012063323e-11,4.228450812139145e-11,-1.6042292352020098e-13,-2.2089865558049948e-13,-6.39555857162577e-09,-7.939389972329066e-09,2.3973863981970506e-13,4.9897934003884745e-43,1.912718366525499e-43,1.1565066202434504e-48,2.115614965946395e-27,1.242952350580638e-10,1.5460852298016808e-54,5.018684773818775e-13,-4.228331893375408e-11,-2.3951211384580045e-13,-7.815970093361102e-13,2.018551882580565e-49,1.028775879300762e-12,-3.3144343751049614e-14,2.233415859661155e-13,2.068723745196621e-09,2.380469947679473e-14,4.11366260499868e-13,-2.424971704921101e-12,4.116410915836847e-15,-4.4985502730317723e-11,-2.009751483456057e-09,4.418118724602155e-14,4.111937318418413e-13,-2.0892737540023633e-12,1.221977447211645e-11,1.1549488098948761e-57,-5.405671466548356e-12,-2.790411854127391e-13,4.021230510031858e-30,1.0170601763661268e-39,1.4283049357026182e-46,-7.234931705587163e-11,2.5740446811065947e-12,-1.9437962942940128e-11,-1.8284466398199583e-07,6.157351087332508e-13,-2.2075751449079918e-11,1.5530913018609502e-10,-2.9215385666248037e-13,2.517636554936568e-09,1.8810223082255106e-07,2.0706287795491106e-12,-2.2058344484321425e-11,1.4086640668746022e-10,4.514165809565726e-10,9.302022557256606e-55,4.3261394471079837e-13,-7.842701025643587e-12,9.312723301912021e-28,5.165083665138259e-37
0.05,1.4759764150502603e-46,1.058197085512802e-12,-4.0899663285761296e-14,2.643336475631012e-13,1.729003201944579e-09,2.9122960987226774e-14,5.067563035865419e-13,-3.074567267447037e-12,1.2126596023639043e-15,2.503423522129819e-19,7.212584117917883e-13,0.0,0.0,-3.9960351496036244e-11,1.1718772785249792e-14,3.994963090495471e-11,5.378025637325923e-09,5.2613072047940496e-14,5.646046905199341e-09,1.4729649748996376e-12,0.0,-6.973646660832922e-13,1.2846224634917015e-11,-1.9569772471153754e-11,-6.870235744924489e-14,-2.206279543367978e-13,-5.357986054832509e-09,-5.760298181597633e-09,1.9105109566134684e-13,2.782319361958271e-40,1.0665295438494214e-40,1.086889258795908e-45,2.2596356146007714e-26,1.1277825965983053e-10,1.902453787278266e-51,6.973490188775374e-13,1.9570961658791125e-11,-1.9095836023552692e-13,-9.121592370320286e-13,1.4759764150502603e-46,1.0570507432324425e-12,-4.0899663285761296e-14,2.643336475631012e-13,1.7290037703787674e-09,2.912296087880656e-14,5.067567754313273e-13,-3.0745673599656224e-12,4.405364961712621e-15,-5.815187857175867e-11,-1.648833062972699e-09,6.507903330815746e-14,5.066272401599292e-13,-2.6562322711735457e-12,1.666092643244592e-11,1.852998682222838e-54,-5.4816542976940315e-12,-4.650643296392568e-13,7.123273092911032e-29,1.7602826116594015e-37,7.960610156888067e-44,-8.009906042142726e-11,2.954666733501199e-12,-1.8837306825503218e-11,-1.5062571776525146e-07,5.289924123741407e-13,-2.741974780562373e-11,2.0687323946481465e-10,-3.4467954416565285e-13,3.419755861007919e-09,1.55202087626094e-07,2.233249897509726e-12,-2.739767790416181e-11,1.8853415643486453e-10,4.4853321638233875e-10,1.1488641087386219e-51,1.20170540197444e-13,-8.645177166736554e-12,1.191278534941088e-26,6.738520846541943e-35
0.05352280527117856,1.1852498238331654e-45,1.0046884805584947e-12,-4.1103130158740935e-14,2.6570995403929485e-13,1.527499193798576e-09,3.1039937330515356e-14,5.094228650026622e-13,-3.0997993986462784e-12,0.0,2.290005409553721e-19,7.525962636654541e-13,0.0,0.0,-3.547352887624454e-11,1.3787747411427938e-14,3.54609992163952e-11,4.754949686769372e-09,6.153775761668723e-14,4.675070133990843e-09,1.4652230780029807e-12,0.0,-7.769776489640988e-13,1.1539330158792654e-11,-2.4238397957824453e-11,-1.5533778793627044e-14,-1.8807655572489657e-13,-4.73734811379245e-09,-4.7854873810419e-09,1.7511216724349263e-13,2.0434083607574385e-39,7.8328546954865e-40,9.473770594784963e-45,4.724474580819888e-26,1.0895206480792197e-10,1.8139018800928646e-50,7.771184738158927e-13,2.4239493262227295e-11,-1.7497114868092467e-13,-9.27554329640164e-13,1.1852498238331654e-45,1.0036581935916425e-12,-4.1103134784670205e-14,2.6570995403929485e-13,1.527499648545927e-09,3.103993722209514e-14,5.094232813362964e-13,-3.0997994911648636e-12,4.2443086082736655e-15,-5.927783301255355e-11,-1.4394655636351673e-09,7.330096512409013e-14,5.093298560687743e-13,-2.6763808761801994e-12,1.8310428497432368e-11,1.9309329172081843e-53,-5.512135054504529e-12,-5.25561076140472e-13,1.7304279174705037e-28,8.875076409380634e-37,5.8454269991370915e-43,-7.650654569128317e-11,2.962685504333725e-12,-1.8597055747212228e-11,-1.3268758689832792e-07,5.269596529966503e-13,-2.641938356973128e-11,2.0892020761535215e-10,-3.0585312060793514e-13,3.5036161231497925e-09,1.3676379967364483e-07,2.2854435288710562e-12,-2.639702501028296e-11,1.90333832398674e-10,4.440540554771099e-10,1.0975097991110737e-50,6.549294440760698e-13,-8.482952766157107e-12,2.616089264660166e-26,3.0935878861869744e-34
0.05729381368192999,9.172683382007847e-45,9.446618302414814e-13,-4.07959545774735e-14,2.6456466647080864e-13,1.3303770174388775e-09,3.311866124226792e-14,5.070667219442271e-13,-3.0857733960646766e-12,0.0,2.1009753387043946e-19,7.624774654250525e-13,0.0,0.0,-3.100704465012047e-11,1.6162179701882433e-14,3.099203433570048e-11,4.144575176112664e-09,7.076565158850773e-14,3.789192312633039e-09,1.4513709690823766e-12,0.0,-8.687328635106889e-13,1.0093613673211038e-11,-2.6055977378310794e-11,4.154585255746555e-14,-1.4690519703329087e-13,-4.129323372126237e-09,-3.895877806405613e-09,1.6029553263445054e-13,1.4476960855453949e-38,5.549338429936631e-39,7.947298715651623e-44,9.882124032456422e-26,1.052339114589217e-10,1.6634417278322174e-49,8.687328635106889e-13,2.6057010093890616e-11,-1.6016817501925593e-13,-9.225213185951968e-13,9.172683382007847e-45,9.436528595567021e-13,-4.079596382933204e-14,2.645646849745257e-13,1.3303773584993905e-09,3.3118661133847705e-14,5.070670272555588e-13,-3.0857734885832618e-12,4.073778351691241e-15,-5.966209452405261e-11,-1.2350717497611186e-09,8.226037667875829e-14,5.070162623077579e-13,-2.662768154119514e-12,2.00500480917431e-11,1.9348389246957013e-52,-5.546684084811294e-12,-5.846550095907806e-13,4.165316973197095e-28,4.345284537087603e-36,4.140509769840848e-42,-7.190614444615069e-11,2.946463665646585e-12,-1.834493090768774e-11,-1.1530526479930358e-07,5.243625464390611e-13,-2.5415408888562752e-11,2.0807237470036692e-10,-3.592480387245208e-13,3.5378034226596357e-09,1.18879919682513e-07,2.335944500331255e-12,-2.5392954405845102e-11,1.8949209904898604e-10,4.3800105257845893e-10,1.0088857918564335e-49,1.3659384735776135e-12,-7.944260989785809e-12,5.716625046429999e-26,1.3799628289783647e-33
0.0613305126588225,6.856914368385377e-44,8.74630738204966e-13,-3.965771692519363e-14,2.586752293846454e-13,1.1370082120265578e-09,3.539456683472608e-14,4.972588452112347e-13,-3.012228614688676e-12,-1.2126596023639043e-15,1.9295407781184252e-19,7.546617410841838e-13,0.0,0.0,-2.656454917149276e-11,1.889898096843194e-14,2.654670134510135e-11,3.5450202565123767e-09,8.011666306976107e-14,2.984913511451687e-09,1.4324259780440468e-12,0.0,-9.697512238641652e-13,8.615749025455671e-12,-2.621244943585955e-11,1.0110688014150175e-13,-9.714751058606906e-14,-3.532037062825566e-09,-3.087932622781137e-09,1.4689399870093656e-13,9.910626288090352e-38,3.7989512334629636e-38,6.433566748064117e-43,2.044211939784992e-25,1.0158658122150867e-10,1.4718244555983208e-48,9.69923343127469e-13,2.6213403915410597e-11,-1.4654943925052066e-13,-9.013530662590105e-13,6.856914368385377e-44,8.733043917648805e-13,-3.965773080298144e-14,2.586752293846454e-13,1.13700860993049e-09,3.5394566726305863e-14,4.972590672558397e-13,-3.0122287072072615e-12,3.822719918389339e-15,-5.892540381561655e-11,-1.0349301646783716e-09,9.200954386411053e-14,4.972578737660882e-13,-2.5966897151027034e-12,2.1875976734624718e-11,1.870849285339237e-51,-5.584738089207151e-12,-6.397308897898579e-13,9.884428517879323e-28,2.0624718378436242e-35,2.833905832643195e-41,-6.633655639613304e-11,2.8789767606933007e-12,-1.783751280015622e-11,-9.837712013904821e-08,5.227953348008186e-13,-2.4187662095442875e-11,2.0304336508421746e-10,-2.187003171153871e-13,3.4953967163649697e-09,1.0145001579076051e-07,2.38627982651618e-12,-2.4165426548705682e-11,1.8484154725347443e-10,4.306566610106811e-10,8.953038036785109e-49,2.1790924622469845e-12,-7.191273040015507e-12,1.2317197388963136e-25,5.963213140903271e-33
0.06565162172439418,4.93557496038151e-43,7.927762150454025e-13,-3.751253937108364e-14,2.468513356686704e-13,9.497426844973233e-10,3.7870820411914366e-14,4.789414698169736e-13,-2.8685085788164125e-12,-1.2126596023639043e-15,1.7694427278274953e-19,7.334317615043107e-13,0.0,0.0,-2.2232064899358712e-11,2.2063756370749402e-14,2.2211121830650882e-11,2.96365796660647e-09,8.950977657776758e-14,2.2692504206472308e-09,1.4095877753797843e-12,0.0,-1.0781550653339429e-12,7.224810717858385e-12,-2.5269986938831886e-11,1.6096965125292225e-13,-3.993371667000791e-14,-2.9528443690196584e-09,-2.3686378440030757e-09,1.3463196125070484e-13,6.533748705907868e-37,2.504515598273519e-37,5.010753867188832e-42,4.136160519443064e-25,9.797796204445418e-11,1.252860761061988e-47,1.0781550653339429e-12,2.527092577117718e-11,-1.342629711113356e-13,-8.676022863104057e-13,4.93557496038151e-43,7.91501975072606e-13,-3.7512548622942175e-14,2.4685131716495333e-13,9.497429687144177e-10,3.787082019507393e-14,4.789416918615785e-13,-2.868508671334998e-12,3.524291969370097e-15,-5.686312457934643e-11,-8.413437626586528e-10,1.0261629870486622e-13,4.789971752572342e-13,-2.4679663868099056e-12,2.3785978511236513e-11,1.7408143112065436e-50,-5.6249827024086915e-12,-6.890752436243078e-13,2.3009256826407974e-27,9.447940624600521e-35,1.867868634775183e-40,-6.001290486778999e-11,2.7467503826983373e-12,-1.6947067157010073e-11,-8.206314123526681e-08,5.234313885105202e-13,-2.2590826542767673e-11,1.9311188870219098e-10,-3.1110639990098815e-13,3.3611844022137425e-09,8.464372513117268e-08,2.4375674187449016e-12,-2.2569199842337184e-11,1.7572274154294594e-10,4.2228244278290847e-10,7.648580449016325e-48,3.0523317210150776e-12,-6.36866948067194e-12,2.597430525907761e-25,2.4839386407633517e-32
0.07027717930583655,3.4933272623621254e-42,7.148628355935216e-13,-3.511361571876629e-14,2.3384438829765485e-13,7.860101050027879e-10,4.055157251658947e-14,4.585947177560002e-13,-2.7094950357427667e-12,2.4253192047278086e-15,1.6325388219125523e-19,6.975799423057186e-13,0.0,0.0,-1.8424227917122697e-11,2.5718713521040013e-14,1.839972618711272e-11,2.4548486601133625e-09,9.894505123542695e-14,1.6874008973045876e-09,1.3821017217082835e-12,0.0,-1.2059614419397662e-12,5.977203993314428e-12,-2.4006944490298335e-11,2.1869402693958243e-13,1.8623230943175868e-14,-2.4459188452397028e-09,-1.7832310563581883e-09,1.2397150724966868e-13,4.2375860257676944e-36,1.6243455339383853e-36,3.833377119861919e-41,8.438694269950533e-25,9.444810687741022e-11,1.047360751328051e-46,1.2057580282649527e-12,2.4007648614557305e-11,-1.2360483007493409e-13,-8.211209490127658e-13,3.4933272623621254e-42,7.136028064754404e-13,-3.511362497062483e-14,2.338443512902207e-13,7.860103323764633e-10,4.055157229974904e-14,4.585949953117563e-13,-2.7094951282613524e-12,3.2211270687791207e-15,-5.445372153189965e-11,-6.721720637870021e-10,1.1417563552593158e-13,4.587110136178296e-13,-2.3263446724541835e-12,2.5784051354054518e-11,1.5911982294467128e-49,-5.672174674965396e-12,-7.330999233593852e-13,5.377682013540227e-27,4.281753714053384e-34,1.2111373340136908e-39,-5.393358648575486e-11,2.6009994158471274e-12,-1.5987062340627743e-11,-6.784569099238524e-08,5.171379678647892e-13,-2.1055132304326207e-11,1.821381926762437e-10,-5.914557732467074e-14,3.2020713357875745e-09,6.999154902587179e-08,2.4891455494002735e-12,-2.1034207264847282e-11,1.6566538289334668e-10,4.1290427956597836e-10,6.421961074718027e-47,4.081792682039848e-12,-5.425551212005312e-12,5.506071292554591e-25,1.024540335156984e-31
0.07522863565987976,2.420618968382109e-41,6.414969296505054e-13,-3.249078783795767e-14,2.198885888186434e-13,6.452297611758695e-10,4.3421398204443464e-14,4.3661624316015945e-13,-2.5384863655553147e-12,1.2126596023639043e-15,1.517737181965026e-19,6.507914143925412e-13,0.0,0.0,-1.5141630508942937e-11,2.99434980197988e-14,1.511299022435456e-11,2.016936754591081e-09,1.0840246462382212e-13,1.2257352916893399e-09,1.35075166919831e-12,0.0,-1.3576767489390392e-12,4.903263405055525e-12,-2.2570030291416606e-11,2.7390983770986916e-13,7.702236181706632e-14,-2.0096276642789236e-09,-1.3180562584521838e-09,1.146789549895851e-13,2.691781779577174e-35,1.0318063289009917e-35,2.868025077861645e-40,1.724436988301666e-24,9.097038771502059e-11,8.561821281278827e-46,1.357551571293e-12,2.257103171258492e-11,-1.1398289719484941e-13,-7.647216193618078e-13,2.420618968382109e-41,6.400758441789852e-13,-3.249079708981621e-14,2.1988855181120925e-13,6.452298748627073e-10,4.3421397987603026e-14,4.3661640969361313e-13,-2.5384864580739e-12,2.946383877618549e-15,-5.1765406775909163e-11,-5.267728511171299e-10,1.267787762791739e-13,4.367960715345731e-13,-2.1745992044112464e-12,2.7869133375299796e-11,1.4228144461572727e-48,-5.7276283721606744e-12,-7.710014629051335e-13,1.2565109461915482e-26,1.90987063828849e-33,7.691238713176593e-39,-4.824051558216524e-11,2.446370809631541e-12,-1.4966644812375307e-11,-5.564844661876123e-08,5.035590694424385e-13,-1.9549284413500344e-11,1.7035475271172847e-10,-3.0195697794018393e-13,3.0223745852708816e-09,5.7417963034822606e-08,2.5414389065447906e-12,-1.9529145856012064e-11,1.54879447785324e-10,4.0269122217974513e-10,5.277323668801524e-46,5.291509453360784e-12,-4.462960094079686e-12,1.1668300422617992e-24,4.161328905752377e-31
0.08052895234480373,1.6622460242430455e-40,5.775291356258094e-13,-2.996837037786785e-14,2.0715825351421322e-13,5.300104248817661e-10,4.646663349233693e-14,4.1578424037069795e-13,-2.380088811223165e-12,-1.2126596023639043e-15,1.4155789976803729e-19,5.951734331072212e-13,0.0,0.0,-1.2445097036239972e-11,3.48200512293196e-14,1.241150039886309e-11,1.6582266334358442e-09,1.1788257409063237e-13,8.755459535675488e-10,1.315556181660317e-12,0.0,-1.5507006791311836e-12,3.999304280613993e-12,-2.1219989378885946e-11,3.277976530136084e-13,1.3267045720728025e-13,-1.6522447410238783e-09,-9.64402846986974e-10,1.071597238028188e-13,1.6954556791056429e-34,6.498948387584053e-35,2.1239546696199327e-39,3.586392499456336e-24,8.754159985737542e-11,6.926839567067376e-45,1.5504972654563701e-12,2.122067785593916e-11,-1.0658141036401503e-13,-7.018089812997156e-13,1.6622460242430455e-40,5.762430532740837e-13,-2.9968398133443467e-14,2.0715821650677905e-13,5.300107659422793e-10,4.646663327549649e-14,4.157843513930004e-13,-2.3800889037417507e-12,2.7047993474601146e-15,-4.926096153212711e-11,-4.078068513990729e-10,1.4053129103117067e-13,4.1602915556993027e-13,-2.0350319577625932e-12,3.004210580441254e-11,1.2597388953540894e-47,-5.797227143358361e-12,-8.027247847911904e-13,2.969673105247122e-26,8.49977298956551e-33,4.843000930350723e-38,-4.3338824677145264e-11,2.3041435426307545e-12,-1.4035279605195683e-11,-4.568367975821275e-08,4.792742487602641e-13,-1.8226232523232965e-11,1.5949558507255545e-10,-2.1006485440011602e-13,2.8536936345820625e-09,4.71430739708012e-08,2.5941956083297414e-12,-1.8206829821565406e-11,1.44947497338066e-10,3.916827315490466e-10,4.29633359604802e-45,6.817675313868323e-12,-3.5242318322895963e-12,2.504336542296483e-24,1.6884147040490208e-30
0.08620270870085896,1.123487017480676e-39,5.178056502093872e-13,-2.7257233507308836e-14,1.9400651455706945e-13,4.329704097472131e-10,4.963379121765421e-14,3.9413122765452614e-13,-2.216005989819081e-12,2.4253192047278086e-15,1.3295315344595441e-19,5.352918629186743e-13,0.0,0.0,-1.0169365349810278e-11,4.044643173381192e-14,1.0130785099704553e-11,1.3558155762156964e-09,1.274402339977417e-13,6.078885941130336e-10,1.277673803181742e-12,0.0,-1.7900403383577595e-12,3.2632411408478144e-12,-1.9802728070432342e-11,3.8108604586876133e-13,1.8654537579065116e-13,-1.350953660050891e-09,-6.932818660239919e-10,9.993351632320291e-14,1.0513398498874953e-33,4.029933892738762e-34,1.546588738488879e-38,7.470718427864675e-24,8.411586440705587e-11,5.511006461231108e-44,1.7899308079174754e-12,1.9803447841897065e-11,-9.903189379656396e-14,-6.346034808757395e-13,1.123487017480676e-39,5.164793037693016e-13,-2.7257252011025913e-14,1.9400647754963528e-13,4.3297058027746973e-10,4.9633791000813774e-14,3.9413144969913106e-13,-2.2160060823376665e-12,2.4868995751603505e-15,-4.6625549051289755e-11,-3.076381744904211e-10,1.5553947713131676e-13,3.9444342236905073e-13,-1.8907101810109832e-12,3.2299645057454004e-11,1.0977302201572611e-46,-5.8833493638331954e-12,-8.279521455008728e-13,7.023001382627015e-26,3.7380912558945637e-32,3.0021453642894424e-37,-3.873520881825243e-11,2.156848329567159e-12,-1.3077245360667196e-11,-3.7302330824218186e-08,4.4865912721125944e-13,-1.6907070410354665e-11,1.4826227430949265e-10,-1.6672648447032164e-13,2.6737470761872826e-09,3.8498952562804336e-08,2.6474889364136443e-12,-1.6888459519748267e-11,1.3468114845593959e-10,3.8006416086017054e-10,3.4436308363878086e-44,8.704352794968194e-12,-2.7162300186844845e-12,5.370156323966719e-24,6.767865410951227e-30
0.09227621583288409,7.486039073572392e-39,4.606590664479881e-13,-2.426738439827621e-14,1.8014726747376622e-13,3.5065829706582005e-10,5.2860620828459883e-14,3.7140912567679154e-13,-2.0431747034995358e-12,-1.2126596023639043e-15,1.2542801568668866e-19,4.735881825590482e-13,0.0,0.0,-8.236942873805578e-12,4.692257232913692e-14,8.192018492130566e-12,1.09902899567485e-09,1.3717249246745534e-13,4.0601793568067133e-10,1.2377080073104666e-12,0.0,-2.0885890241607844e-12,2.6684622450569753e-12,-1.8292209415679678e-11,4.3462916423166213e-13,2.3883191962420975e-13,-1.095119372962472e-09,-4.87924945924681e-10,9.383502366326162e-14,6.427723036573409e-33,2.463825362723636e-33,1.1091857731408896e-37,1.5544636281750573e-23,8.066986345315227e-11,4.3197366042091145e-43,2.0883230216629517e-12,1.829291353993865e-11,-9.311070433189646e-14,-5.668058615052966e-13,7.486039073572392e-39,4.590958724293159e-13,-2.4267402901993288e-14,1.8014723046633208e-13,3.5065818337898236e-10,5.2860620611619445e-14,3.714094587436989e-13,-2.0431747960181214e-12,2.2879476091475227e-15,-4.382036422612145e-11,-2.226893229817506e-10,1.7192057716677865e-13,3.7179082035265763e-13,-1.7386664330487633e-12,3.463934666396666e-11,9.434137511886208e-46,-5.990000718258427e-12,-8.471406446701005e-13,1.660235386611902e-25,1.6256527839081253e-31,1.8348215890112105e-36,-3.442828007867623e-11,2.0004327083711358e-12,-1.2072874255864008e-11,-3.020033906864228e-08,4.140843050393084e-13,-1.555162931765608e-11,1.364288813402818e-10,-1.2826717465941328e-13,2.479537215549499e-09,3.117275082331617e-08,2.7007017039393234e-12,-1.553388884190099e-11,1.2387334380470348e-10,3.6794452336373983e-10,2.7229867198931217e-43,1.104166980180848e-11,-2.0738064043790416e-12,1.1483182926881325e-23,2.680675448927797e-29
0.09877763862369399,4.915983479281102e-38,4.0351248268658915e-13,-2.0850210447065364e-14,1.6504505169952684e-13,2.7973828764515927e-10,5.607176073278708e-14,3.470689846629682e-13,-1.855908482450985e-12,-2.4253192047278086e-15,1.1813807294825883e-19,4.1161764390470107e-13,0.0,0.0,-6.572227880966405e-12,5.435256202032092e-14,6.519864013755848e-12,8.775241070249628e-10,1.47204719862736e-13,2.5618141329216924e-10,1.1962683583522163e-12,0.0,-2.4576127246837686e-12,2.1733765868822466e-12,-1.663548327035346e-11,4.881727104478454e-13,2.9012358233248667e-13,-8.744384771830482e-10,-3.345604155470689e-10,8.816999503188001e-14,3.8726258176372175e-32,1.4844175142824023e-32,7.833200840224806e-37,3.2125460500397766e-23,7.718321500338207e-11,3.3359444310871814e-42,2.4574249582147103e-12,1.6636343866669975e-11,-8.822572302354577e-14,-4.996003610813204e-13,4.915983479281102e-38,4.0197060494998974e-13,-2.0850191943348286e-14,1.6504505169952684e-13,2.7973828764515927e-10,5.607176051594664e-14,3.4706926221872434e-13,-1.8559085749695707e-12,2.0842586915629606e-15,-4.075551866359698e-11,-1.4950683180359192e-10,1.8979648842148978e-13,3.475221777016202e-13,-1.5735792298817348e-12,3.7057697178561554e-11,7.998997447698996e-45,-6.1211868913073035e-12,-8.610777021966776e-13,3.9110928097173086e-25,6.979648523234593e-31,1.105036064603463e-35,-3.0234622509321225e-11,1.830198215202472e-12,-1.0986688891989616e-11,-2.4086084437158206e-08,3.786438836084205e-13,-1.4106968482252568e-11,1.2358471912499169e-10,-1.189069583536669e-13,2.2645059895391266e-09,2.4864184524631127e-08,2.7529687279814754e-12,-1.4090215216810976e-11,1.1214913109292012e-10,3.554449773918296e-10,2.1245649114983846e-42,1.392776560888376e-11,-1.6014689574461727e-12,2.4382496792900608e-23,1.0469297899787205e-28
0.1057371263440564,3.1862778946683575e-37,3.477301409778496e-13,-1.7023530733221528e-14,1.4944982288748559e-13,2.1972016384097516e-10,5.920211261327413e-14,3.2211588951724935e-13,-1.662960139962403e-12,-3.637978807091713e-15,1.1140633925986687e-19,3.495187357131317e-13,0.0,0.0,-5.1640016667559815e-12,6.283875309233656e-14,5.1032194343341486e-12,6.898497822462046e-10,1.5764374872227587e-13,1.4977920389746326e-10,1.1535128693183791e-12,0.0,-2.9233987455949033e-12,1.7279986785644983e-12,-1.4908031755015202e-11,5.424006691110606e-13,3.402228179428266e-13,-6.874696367731303e-10,-2.2458727384282399e-10,8.298107571450923e-14,2.302653767731522e-31,8.826259965702936e-32,5.455015525400424e-36,6.606149110403357e-23,7.365536485393711e-11,2.5419530440677995e-41,2.9230232126567863e-12,1.490906447059502e-11,-8.260059303211165e-14,-4.3224683092072763e-13,3.1862778946683575e-37,3.464156369166934e-13,-1.7023530733221528e-14,1.4944982288748559e-13,2.197199364672997e-10,5.920211239643369e-14,3.221162225841567e-13,-1.6629602324809885e-12,1.9421501444109404e-15,-3.7612304974269745e-11,-8.757933755987324e-11,2.0929485922138724e-13,3.2264263483128273e-13,-1.4033842606527476e-12,3.9551563256960206e-11,6.702206021900709e-44,-6.286045851140672e-12,-8.707635307247941e-13,9.199268895759012e-25,2.9632392918142154e-30,6.567780561818144e-35,-2.6222579663226497e-11,1.6573205030567807e-12,-9.874445557519115e-12,-1.891478373750033e-08,3.4286191941124145e-13,-1.263395521533539e-11,1.103421974161615e-10,-2.229209409658021e-14,2.040539887578537e-09,1.9527540644048715e-08,2.8031720694654537e-12,-1.2618259326302451e-11,1.0006785955418707e-10,3.42608273792521e-10,1.6384033275257198e-41,1.7566930134529688e-11,-1.270610931284703e-12,5.152236834022541e-23,4.0387941146030053e-28
0.11318695246493872,2.0606982177473052e-36,2.992237568832934e-13,-1.2990775122290187e-14,1.3596875477380385e-13,1.7251943518203917e-10,6.221366000494499e-14,2.997517789538051e-13,-1.4932473776004448e-12,-2.4253192047278086e-15,1.0573270743836566e-19,2.8605127525930624e-13,0.0,0.0,-4.055684359778005e-12,7.248208041127281e-14,3.985224848536616e-12,5.42113914999906e-10,1.6853314195055222e-13,7.951773929238107e-11,1.108902653908224e-12,0.0,-3.5645586486066825e-12,1.2903416883364215e-12,-1.336196264878746e-11,6.047541728252647e-13,3.883719594140677e-13,-5.40306110963229e-10,-1.5074053116848063e-10,7.850830807213753e-14,1.3665957682398117e-30,5.238240621992901e-31,3.785887919325449e-35,1.3807920784203964e-22,7.011467674220975e-11,1.931066933320087e-40,3.563870171553468e-12,1.336315183642483e-11,-7.815970093361102e-14,-3.6430118181366805e-13,2.0606982177473052e-36,2.980253081356447e-13,-1.2990793626007265e-14,1.3596882878867214e-13,1.7251977624255233e-10,6.221365957126412e-14,2.9975205650956127e-13,-1.4932474701190302e-12,1.8853067255501323e-15,-3.497340609707559e-11,-3.8886582842678764e-11,2.3055192390625257e-13,3.003519100097662e-13,-1.25447837303246e-12,4.211879174929007e-11,5.606318118359849e-43,-6.51124043636484e-12,-8.769813579038536e-13,2.1947527535092357e-24,1.2616583941851699e-29,3.8961307442359165e-34,-2.276717007513677e-11,1.5097529152778104e-12,-8.921494062027099e-12,-1.4849728898980174e-08,3.0350773630449803e-13,-1.134736438146433e-11,9.873964127808202e-11,-1.488444922870258e-13,1.8461384267235796e-09,1.5331917893490754e-08,2.849997723930464e-12,-1.13326201756081e-11,8.948886927780582e-11,3.293181013738702e-10,1.2619765877170308e-40,2.257203313375323e-11,-1.0503866295271298e-12,1.1041498171877965e-22,1.5637128532535537e-27
0.1211616643203812,1.3540550222214628e-35,2.605702320579439e-13,-8.583763329757707e-15,1.263169198869226e-13,1.3768499229627195e-10,6.506048824683752e-14,2.8206520452656035e-13,-1.3654357274480352e-12,-1.2126596023639043e-15,1.0030874629842002e-19,2.1898397447224957e-13,0.0,0.0,-3.2362431187252637e-12,8.339386891236375e-14,3.155095232695463e-12,4.33000716228496e-10,1.7990415370806607e-13,3.550925703348052e-11,1.0620488806623916e-12,0.0,-4.526674036062468e-12,8.176420473575312e-13,-1.2147989837501198e-11,6.881937532197032e-13,4.3604728393604396e-13,-4.316447643759602e-10,-1.0316360169227654e-10,7.434381524747587e-14,8.243562552477524e-30,3.159783629827386e-30,2.665941432128044e-34,3.0043572337198573e-22,6.659304487043404e-11,1.4891827089357097e-39,4.526095089449538e-12,1.2149398086019137e-11,-7.386683857172709e-14,-2.929508487644246e-13,1.3540550222214628e-35,2.5938599416501044e-13,-8.583781833474783e-15,1.263169939017909e-13,1.3768561757387942e-10,6.506048781315666e-14,2.8206553759346775e-13,-1.3654358199666206e-12,1.9800457569848126e-15,-3.3281139621976766e-11,-2.9644979804288596e-12,2.5370851426675943e-13,2.82737222523366e-13,-1.1438596366393956e-12,4.4754463781578596e-11,4.7679255902691363e-42,-6.847467593625606e-12,-8.800547096621258e-13,5.407994842827671e-24,5.495367919201659e-29,2.3490658469134176e-33,-2.0238016891956552e-11,1.3998636324193589e-12,-8.255134057814454e-12,-1.1850643446109643e-08,2.591406152163689e-13,-1.038418107057737e-11,9.009308780486928e-11,-2.463120078270246e-13,1.7080650043984255e-09,1.2236263501108625e-08,2.8920761341311164e-12,-1.0370154512884255e-11,8.161082032387413e-11,3.154764986874924e-10,9.88718966145193e-40,3.008269189609348e-11,-9.342480492928e-13,2.449635075501815e-22,6.209110970201193e-27
0.12969824331503332,8.797926189000288e-35,2.2131037743141255e-13,-2.6423307986078726e-15,1.1651864658309326e-13,1.0868052413570695e-10,6.763199202064474e-14,2.645956231894786e-13,-1.2390760639746645e-12,0.0,9.566729801794957e-20,1.476191853940397e-13,0.0,0.0,-2.552861196246172e-12,9.568929995084764e-14,2.459302602833954e-12,3.420519981405662e-10,1.918823315570726e-13,7.99533243229582e-12,1.0146306840573905e-12,0.0,-5.855434748766498e-12,2.461902014961324e-13,-1.0877812263143423e-11,7.830829319376818e-13,4.873578944325397e-13,-3.41105277357201e-10,-7.206612567682537e-11,7.057830882228888e-14,4.9156969060371584e-29,1.8841879283636487e-29,1.8546254572405826e-33,6.517069439727803e-22,6.305693209187458e-11,1.1358323177698093e-38,5.855059215828381e-12,1.087937698371891e-11,-7.046215462954326e-14,-2.1789977229976407e-13,8.797926189000288e-35,2.20322723028706e-13,-2.642367806042027e-15,1.1651868359052742e-13,1.0868103572647669e-10,6.7631991153283e-14,2.6459590074523476e-13,-1.2390761564932499e-12,2.2311041902867146e-15,-3.182321961503476e-11,2.6937414077110587e-11,2.788807995299236e-13,2.653405828390021e-13,-1.0345085899032824e-12,4.7445023674919226e-11,4.019168751842075e-41,-7.310124173385765e-12,-8.804961967867619e-13,1.3316375412221222e-23,2.368681864621972e-28,1.400013506105369e-32,-1.7817945045332334e-11,1.2887833023000894e-12,-7.626664929224111e-12,-9.35438664839694e-09,2.1849910075699697e-13,-9.429058867027606e-12,8.156158970429317e-11,-1.1607426131376996e-13,1.5754776541143657e-09,9.659310308052226e-09,2.928796552503776e-12,-9.415770385601263e-12,7.384286626610504e-11,3.014761425804986e-10,7.678643635046734e-39,4.044940383045965e-11,-9.14842276008206e-13,5.406685868040217e-22,2.4362435214542864e-26
0.13883627641928936,5.577176602076582e-34,1.737134880386293e-13,6.064963346356459e-15,1.0294106308113744e-13,8.179722499335184e-11,6.983183085604305e-14,2.4372537321681874e-13,-1.0821318841003348e-12,2.4253192047278086e-15,8.996071683538165e-20,7.16089514074536e-14,0.0,0.0,-1.921404503755854e-12,1.0946207503395565e-13,1.814263025526738e-12,2.57651074737561e-10,2.0456484474558854e-13,-7.934108796315764e-12,9.684175277390988e-13,0.0,-7.531563429228763e-12,-4.687587455169709e-13,-9.236983678864156e-12,8.674005283894202e-13,5.441832892510643e-13,-2.571132640127871e-10,-5.250631970553979e-11,6.64756155214589e-14,2.8573907354747313e-28,1.0952293554456335e-28,1.25803319610034e-32,1.3675845934107372e-21,5.947293287689687e-11,8.462126463792088e-38,7.53136001555395e-12,9.238235455324546e-12,-6.587323279442596e-14,-1.376676550535194e-13,5.577176602076582e-34,1.7313321147109188e-13,6.064963346356459e-15,1.029411000885716e-13,8.179785027095931e-11,6.983183042236219e-14,2.4372559526142366e-13,-1.08213197661892e-12,2.6432189770275727e-15,-2.9993013110167034e-11,5.465108188218437e-11,3.061696139672332e-13,2.4454693825504137e-13,-8.971943558459353e-13,5.01761395372919e-11,3.318470022390521e-40,-7.892450582759213e-12,-8.78921935232313e-13,3.2071686254159437e-23,9.925627082966469e-28,8.133172738609711e-32,-1.5011356898260904e-11,1.1355491362034324e-12,-6.830688903392001e-12,-7.041515218020322e-09,1.887245637544055e-13,-8.233634218868246e-12,7.090109073922454e-11,-6.840158069583898e-14,1.4071241215181847e-09,7.271215508808382e-09,2.959796546742055e-12,-8.221330283220141e-12,6.414133742656721e-11,2.8774500547137476e-10,5.839586435790177e-38,5.352596144627818e-11,-9.705800977736583e-13,1.1552197956568985e-21,9.248790366151703e-26
0.1486181397473029,3.550685237471973e-33,1.2247861983875433e-13,1.8964459632305382e-14,8.734572324679372e-14,5.939102720731171e-11,7.160722188814805e-14,2.2261392729205908e-13,-9.241282739047564e-13,3.637978807091713e-15,8.40425152794356e-20,-1.5772828645029453e-14,0.0,0.0,-1.3968142119148907e-12,1.2481334744127242e-13,1.2740602224019833e-12,1.8724322136190463e-10,2.179514788048717e-13,-1.535540105920765e-11,9.230784463873635e-13,0.0,-9.837085313975141e-12,-1.376895429407465e-12,-7.436178062947042e-12,9.51187281161545e-13,6.095296877972732e-13,-1.8710082372308533e-10,-4.147238108487272e-11,6.21928723798515e-14,1.6671703674752583e-27,6.3901538955954505e-28,8.56276066111458e-32,2.8735866198021467e-21,5.590539538085805e-11,6.337479944404693e-37,9.837054019563633e-12,7.437555017053472e-12,-6.202445964239207e-14,-4.63333075610232e-14,3.550685237471973e-33,1.217207075872769e-13,1.896453364717369e-14,8.734576025422788e-14,5.939159564150032e-11,7.160722145446718e-14,2.2261414933666403e-13,-9.24128458941927e-13,3.453237695794087e-15,-2.850629243766889e-11,7.774178811814635e-11,3.357028439954224e-13,2.2351459572078626e-13,-7.59039682958947e-13,5.2935997599257156e-11,2.761964949899042e-39,-8.692085385656371e-12,-8.746348552820157e-13,7.791077832268487e-23,4.179841274212086e-27,4.74229310467427e-31,-1.226413696523802e-11,9.607840449158781e-13,-6.0618520573522495e-12,-5.114206359735362e-09,1.669383277447256e-13,-7.0306085397930925e-12,6.01814514888943e-11,-9.398111918320258e-14,1.2454305154581865e-09,5.281013727653772e-09,2.9834711923193424e-12,-7.019348657877344e-12,5.439310853579589e-11,2.7422606336864896e-10,4.476130094593608e-37,7.149245862696438e-11,-1.1075076041440941e-12,2.4739595385421685e-21,3.521918866864163e-25
0.15908919506919392,2.263713257053472e-32,6.942476223533352e-14,3.954825356089486e-14,7.133575212018665e-14,4.355365490482654e-11,7.287236916328487e-14,2.0522838983794144e-13,-8.025347978761015e-13,7.275957614183426e-15,7.948709378267064e-20,-1.2975167815176825e-13,0.0,0.0,-1.0237966228755978e-12,1.418742505785271e-13,8.842133374693211e-13,1.3744583366413765e-10,2.3203992031853653e-13,-1.766063070978617e-11,8.781014460126065e-13,0.0,-1.342743055766586e-11,-2.6136865119485443e-12,-5.6774321360990335e-12,1.0659938247580432e-12,6.93884140753192e-13,-1.376999847479965e-10,-3.5688377317976734e-11,5.815992941878474e-14,9.748100317849631e-27,3.736343460691838e-27,5.825510370408539e-31,6.189371221208276e-21,5.247174424611918e-11,4.747583514167241e-36,1.342752444090039e-11,5.678699559765179e-12,-5.802765675374151e-14,7.179442225909345e-14,2.263713257053472e-32,6.848921429991605e-14,3.9548327575763174e-14,7.13357891276208e-14,4.3554393869271734e-11,7.287236872960401e-14,2.0522861188254638e-13,-8.025349829132722e-13,5.101696842757519e-15,-2.8452935415164877e-11,9.404698175785597e-11,3.6761847212185563e-13,2.062082726794756e-13,-6.545027482947792e-13,5.570532704968922e-11,2.302836118227805e-38,-9.93409798965537e-12,-8.652777568525968e-13,1.9399535432901717e-22,1.77632776154332e-26,2.77091584791327e-30,-1.0056750691470977e-11,7.932854373393638e-13,-5.582409793684443e-12,-3.752165653736483e-09,1.4983848536931353e-13,-6.1126481654127925e-12,5.204527309121687e-11,-2.5143738942764076e-13,1.1487257628080746e-09,3.874598405673169e-09,2.997502995816248e-12,-6.1022298325497104e-12,4.700559497194945e-11,2.608472385118944e-10,3.440334249620923e-36,9.946115043675115e-11,-1.3704269200924084e-12,5.434018025292719e-21,1.3562801379812705e-24
0.17029800016874014,1.4834164669945213e-31,5.6085506609330575e-15,7.658200000075037e-14,5.116843985556822e-14,3.36042376147816e-11,7.345516946435926e-14,1.9214563273806106e-13,-7.275757774038993e-13,9.701276818911234e-15,7.53565673938871e-20,-2.9924543745729615e-13,0.0,0.0,-7.933460436212617e-13,1.6082720327631103e-13,6.342545536394287e-13,1.0614566747259302e-10,2.4684370487308013e-13,-1.7663406267347732e-11,8.349457792176052e-13,0.0,-1.9474637460164113e-11,-4.495735109508461e-12,-3.8245526194296945e-12,1.2428593256447895e-12,8.22983123246922e-13,-1.0686083129485269e-10,-3.248512570053208e-11,5.4718599443170923e-14,5.858360346159818e-26,2.2454212413969597e-26,4.0683088209396006e-30,1.4008827351008846e-20,4.931460803345102e-11,3.6577445472456844e-35,1.9474653107369865e-11,3.825616629421026e-12,-5.491903228479108e-14,2.4439709515415114e-13,1.4834164669945213e-31,4.360363921781148e-15,7.658196299331621e-14,5.116847686300237e-14,3.360503342264565e-11,7.345516903067839e-14,1.9214574376036352e-13,-7.275759624410702e-13,8.34650866939531e-15,-3.0725459509994836e-11,1.0427015695313457e-10,4.0203934278948417e-13,1.9320534061506578e-13,-5.934837806383561e-13,5.844453685948955e-11,1.979685440586543e-37,-1.2022561836170115e-11,-8.460269521985234e-13,5.032580895333528e-22,7.797627434132435e-26,1.6639739572201313e-29,-8.347955808100475e-12,5.828108366282928e-13,-5.511201569182352e-12,-2.89662044394845e-09,1.403212268602516e-13,-5.555632842657588e-12,4.7301669433193655e-11,-1.4370016288012266e-13,1.1481097317300736e-09,2.991408109664917e-09,2.9992366090692003e-12,-5.545782943983113e-12,4.27211902890671e-11,2.4804462424600913e-10,2.726857254964573e-35,1.4659003345985206e-10,-1.8507464079794054e-12,1.2437723824562814e-20,5.4183384125470566e-24
0.18229653402205231,9.115693073009847e-31,-9.019155792581538e-14,1.3206202797988453e-13,7.671419055554907e-15,2.170634161302587e-11,7.356437421029982e-14,1.6834855731673314e-13,-5.684510269906203e-13,1.3339255626002947e-14,6.865447434411162e-20,-4.845121699681432e-13,0.0,0.0,-5.135227560642315e-13,1.813966348606821e-13,3.3370132054447563e-13,6.868195547883593e-11,2.619061339873864e-13,-1.4523960199893892e-11,7.994561072878105e-13,0.0,-2.5841047360061825e-11,-6.562343965872674e-12,-7.132622271302457e-13,1.2650683949474236e-12,9.7239315676084e-13,-6.992664225435873e-11,-3.235745005270019e-11,5.0170805010463226e-14,3.2917035582642963e-25,1.2616433660149182e-25,2.6655018932693167e-29,2.7998675132729695e-20,4.60829261136434e-11,2.656511632707499e-34,2.584093782962154e-11,7.142792955043126e-13,-4.958996176659033e-14,4.347633364432113e-13,9.115693073009847e-31,-9.132605782724568e-14,1.3206199097245037e-13,7.67145606298906e-15,2.170708057747106e-11,7.356437334293809e-14,1.6834855731673314e-13,-5.684512120277911e-13,1.2699767163818858e-14,-3.154036676278338e-11,1.165219600807177e-10,4.3877958211258064e-13,1.695014129055039e-13,-4.569195022341432e-13,6.114933182307484e-11,1.6123738019200095e-36,-1.422068130061503e-11,-8.238334782880349e-13,1.1950750480986233e-21,3.1511703090361583e-25,9.341463339262254e-29,-5.378272049938459e-12,1.570696165723954e-13,-4.815777998601334e-12,-1.8736531188778826e-09,1.5266336805819237e-13,-4.330860559065286e-12,3.6863672114861857e-11,-1.3000089893466793e-13,1.0442042063611249e-09,1.9346425688127054e-09,2.998227860429026e-12,-4.322311841775672e-12,3.3276396453156094e-11,2.37195586976678e-10,2.0444799215869613e-34,1.9614535997377302e-10,-2.4123480990567714e-12,2.5226697243506368e-20,1.9607042529050308e-23
0.19514043784146168,5.864006726397832e-30,-2.376812820633252e-13,2.4350580810998204e-13,-6.682931985579899e-14,1.4600686881749425e-11,7.250150393239841e-14,1.4664636172057044e-13,-4.636832584559159e-13,2.304053244491418e-14,6.352719531720168e-20,-8.16020428312525e-13,0.0,0.0,-3.478343605208981e-13,2.041347285300496e-13,1.454392162258955e-13,4.630075259824673e-11,2.7774348034144416e-13,-1.20445159014396e-11,7.72071035702375e-13,0.0,-3.7944473955573135e-11,-1.0184091684587887e-11,3.688985228769453e-12,1.3706839776979593e-12,1.2551315635865129e-12,-4.834799227637632e-11,-3.223132355327475e-11,4.613728380823782e-14,1.9399467160009357e-24,7.435313054931516e-25,1.8229903276940144e-28,6.086450773526154e-20,4.35045854315357e-11,2.014983328972868e-33,3.794419230586955e-11,-3.68804639642416e-12,-4.618527782440651e-14,7.699026601433919e-13,5.864006726397832e-30,-2.3892236337511953e-13,2.4350573409511377e-13,-6.682928284836483e-14,1.4601539533032337e-11,7.250150306503667e-14,1.4664658376517536e-13,-4.63683536011672e-13,2.19841922444175e-14,-3.6713875791368386e-11,1.2383634384605103e-10,4.780784483571221e-13,1.4790502156358798e-13,-3.743263106888624e-13,6.369859622003679e-11,1.3719081221419334e-35,-1.839485508543166e-11,-7.760447377306671e-13,3.0797646833313327e-21,1.3578303706366773e-24,5.500240574155651e-28,-2.5908650040188758e-12,-6.021156906399483e-13,-4.579851757095336e-12,-1.2627617991256557e-09,1.8671742624265519e-13,-3.555278738076595e-12,3.063928925387908e-11,-2.678651374784143e-13,1.0988709012356898e-09,1.3037497410550714e-09,2.9802782464116716e-12,-3.5478078252992875e-12,2.770830120901735e-11,2.2874839135281535e-10,1.604300667271748e-33,2.9033002227468806e-10,-3.4841018958786663e-12,5.583709883873074e-20,7.61371298371836e-23
0.20888927310242156,3.386430224907118e-29,-4.257951028800259e-13,3.980310155545415e-13,-1.8793163321835967e-13,8.784240890236105e-12,7.140648489167845e-14,1.1741807526277625e-13,-3.243444401945794e-13,3.2741809263825414e-14,5.71900267809975e-20,-1.1650532968920935e-12,0.0,0.0,-2.1106876167488663e-13,2.281813973493949e-13,-1.570172563398436e-14,2.797224838910206e-11,2.925760585951835e-13,-9.004683303913246e-12,7.519997114667321e-13,0.0,-4.977263490744468e-11,-1.3726498535109874e-11,9.346764474440363e-12,1.2530357548438217e-12,1.5927339635405775e-12,-3.082458732706073e-11,-3.268728956757429e-11,4.179541550815754e-14,1.0224134309580419e-23,3.91857742476503e-24,1.1201372338308698e-27,1.1366416725338868e-19,4.094088097447648e-11,1.3822636275319266e-32,4.9772494082592884e-11,-9.3459195253296e-12,-4.144832625267251e-14,1.1235457009206584e-12,3.386430224907118e-29,-4.2662170092929347e-13,3.980310155545415e-13,-1.879315962109255e-13,8.785377758613322e-12,7.14064840243167e-14,1.1741829730738117e-13,-3.243447177503356e-13,3.3954468866189324e-14,-4.087784570098544e-11,1.2984673958271742e-10,5.195448307682149e-13,1.1880030292843457e-13,-2.641381557921818e-13,6.618941203430018e-11,1.062024584593861e-34,-2.247514563571904e-11,-7.249692744274819e-13,6.961242702480142e-21,5.127546017332184e-24,2.8957350032606145e-27,8.490879110922834e-13,-1.7554799095857258e-12,-3.708603202312588e-12,-7.628525651171003e-10,2.2497586432690396e-13,-2.512110075514329e-12,2.2514885881600813e-11,-3.907416612491943e-13,1.1101825900065403e-09,7.867110980441794e-10,2.9656122835231002e-12,-2.5061894781686078e-12,2.0463624128552738e-11,2.2218913563026467e-10,1.1428634725961755e-32,3.8230855374181173e-10,-4.65365246338223e-12,1.0528755493567677e-19,2.573999255657175e-22
0.22360679774997896,1.730852244219119e-28,-6.102709448896349e-13,5.638665090401673e-13,-3.4382315513189117e-13,3.908553480869159e-12,7.12657276941142e-14,8.350431457415652e-14,-1.5742666429711487e-13,4.486840528746446e-14,4.891022457621255e-20,-1.399739120907147e-12,0.0,0.0,-9.701317130580582e-14,2.5293611916005607e-13,-1.5447960371212894e-13,1.2607453796220635e-11,3.0532004469162667e-13,-5.879034339454385e-12,7.298858007661345e-13,0.0,-5.5912848800949914e-11,-1.5628450133902403e-11,1.5513140495967747e-11,8.431565277539852e-13,1.8947206338330564e-12,-1.596109910906307e-11,-3.280218474105294e-11,3.580064485605069e-14,4.7513457432099286e-23,1.8209984296721756e-23,6.093895214373192e-27,1.7611613910505396e-19,3.795214001755828e-11,8.454306805870525e-32,5.591277056492114e-11,-1.5512029544359152e-11,-3.523107731477163e-14,1.3643900823960091e-12,1.730852244219119e-28,-6.111141222694035e-13,5.638665090401673e-13,-3.4382315513189117e-13,3.909804036084097e-12,7.126572682675248e-14,8.350453661876145e-14,-1.5742694185287103e-13,4.546999813707468e-14,-4.091452865395695e-11,1.3490534911397846e-10,5.631427199559446e-13,8.501943593586248e-14,-1.305044960986379e-13,6.876070641084688e-11,7.369928664967393e-34,-2.4598909578416785e-11,-6.940819446965563e-13,1.360473889259522e-20,1.6840852384023374e-23,1.3440749010165215e-26,4.4924123680326985e-12,-3.225803624218315e-12,-1.917810502997478e-12,-3.438728413129866e-10,2.402446297455896e-13,-1.2334697707672149e-12,1.2766579830329286e-11,-4.759309983152586e-13,1.0069901084837814e-09,3.5236371331848204e-10,2.9641867849150572e-12,-1.229471191521725e-12,1.1773850783214357e-11,2.1487607397531117e-10,7.285706727715334e-32,4.296847877934857e-10,-5.462764500011967e-12,1.6511889925190875e-19,7.4707418991044985e-22
0.23936126186567866,9.564889044976624e-28,-9.801321236106258e-13,9.250666899163207e-13,-6.48298636996003e-13,1.9513208826538177e-12,6.961096542940082e-14,3.7066794078555176e-14,-3.648609192552499e-14,7.033425693710645e-14,4.328208768840175e-20,-1.975902225402152e-12,0.0,0.0,-5.1246209656749136e-14,2.797287925614346e-13,-2.271199101804606e-13,6.444049460707646e-12,3.173572488785956e-13,-4.49194944806333e-12,7.299895406338885e-13,0.0,-7.389148821330188e-11,-2.082443681895593e-11,2.6722297988176414e-11,5.186673419290708e-13,2.6309661613413153e-12,-1.0971668018555647e-11,-3.26289383109312e-11,3.133243086280343e-14,2.3952991083534106e-22,9.180003117530052e-23,3.570843657681133e-26,3.16294319978559e-19,3.6391859124053514e-11,5.574413915388337e-31,7.389148821330188e-11,-2.6721077506127535e-11,-3.09382149528877e-14,1.9449627094066577e-12,9.564889044976624e-28,-9.811150410617605e-13,9.250668379460574e-13,-6.482986740034372e-13,1.9524577510310336e-12,6.961096369467734e-14,3.70670161231601e-14,-3.648636948128114e-14,7.186429229477654e-14,-4.8445751114437977e-11,1.3701946954824963e-10,6.086925997961234e-13,3.8781866606996115e-14,-5.834518053878431e-14,7.091636154682962e-11,5.506565632086378e-33,-3.079820732085243e-11,-6.035594477908172e-13,3.0313151259998865e-20,6.196460488916181e-23,6.76720898842262e-26,9.252604608415519e-12,-6.486359893642657e-12,5.452231259065835e-14,-1.7586650358225596e-10,2.937333154484634e-13,-4.005276110774503e-13,8.172252504342245e-12,-8.239643041936991e-13,1.1619170739625891e-09,1.7738238966558128e-10,2.9488907982155865e-12,-3.9878633728562816e-13,7.955212784812222e-12,2.1408793262080593e-10,5.013525228716959e-31,5.692368332824408e-10,-7.415397000147076e-12,2.9985111701178423e-19,2.4757625811757265e-21
0.256225724166006,4.6516225298126534e-27,-1.3222537139275421e-12,1.2884247742780038e-12,-9.96483525324739e-13,7.742073648842051e-13,6.986025560123954e-14,-1.2746914634931272e-14,8.931420418060535e-14,9.337478938202064e-14,3.6931546398961303e-20,-2.3228628222293768e-12,0.0,0.0,-2.4130003550837387e-14,3.0669291269161974e-13,-2.810450285193968e-13,2.7458227965654335e-12,3.2608721766639455e-13,-3.427749040679902e-12,7.16875453490071e-13,0.0,-8.166965160522749e-11,-2.3070495899007525e-11,3.765781714614382e-11,-2.9644242521586475e-14,3.3213086548669273e-12,-7.88151766073497e-12,-3.1409500323651055e-11,2.7172419407121378e-14,1.0572190167827243e-21,4.051689106511231e-22,1.8433571258209008e-25,4.495760424481269e-19,3.412135117411886e-11,3.271917309304654e-30,8.166941689714116e-11,-3.765673748894673e-11,-2.6349293117770383e-14,2.2965333338712903e-12,4.6516225298126534e-27,-1.3229310980023002e-12,1.2884249963226088e-12,-9.964835623321733e-13,7.753442332614214e-13,6.986025386651606e-14,-1.274680361262881e-14,8.93139266248492e-14,9.590432152132659e-14,-4.953957007577022e-11,1.38347786560189e-10,6.564059851221771e-13,-1.0818568263459837e-14,1.485163843758149e-14,7.327986227351848e-11,3.688250449226856e-32,-3.349052813185933e-11,-5.539006753263465e-13,5.698905236750576e-20,1.9405256281850838e-22,2.982412675612551e-25,1.3671507777720156e-11,-9.629606741630899e-12,3.297522255252261e-12,-7.501051868530339e-11,2.9434224502189467e-13,4.518820873045115e-13,3.68753573972332e-12,-9.055156624526717e-13,1.1706821775684754e-09,7.11588654667139e-11,2.954490874174098e-12,4.511582218924559e-13,4.281489237219679e-12,2.0951493931248934e-10,3.083543675590755e-30,6.29046712559877e-10,-8.590193371441993e-12,4.2841134954012086e-19,6.807629548062875e-21
0.27427839080007704,2.090378583593601e-26,-1.6831715280810992e-12,1.6961543281013292e-12,-1.4115244898841676e-12,1.7325874068774283e-13,7.110860771736282e-14,-6.96006585698683e-14,2.1117080306609636e-13,1.188406410316626e-13,3.149572900356908e-20,-2.5602659460092583e-12,0.0,0.0,-1.0244781213840173e-14,3.344702231726752e-13,-3.229162968766884e-13,8.69350598453611e-13,3.3236584328927984e-13,-2.732068447444217e-12,6.964064886524175e-13,0.0,-8.445247585432059e-11,-2.3860595930385395e-11,5.059830666071795e-11,-6.299067504667397e-13,4.1039090294240045e-12,-6.339462288451614e-12,-2.9605387908635176e-11,2.2690399906211134e-14,4.306796494705129e-21,1.6504849023477783e-21,8.779403491803698e-25,5.671289863160752e-19,3.164191090990521e-11,1.7836393634883034e-29,8.445211596858823e-11,-5.059711747308058e-11,-2.2056430755886442e-14,2.5381178640297244e-12,2.090378583593601e-26,-1.6841591824838058e-12,1.6961546241608025e-12,-1.4115245268916017e-12,1.743387656460982e-13,7.110860511527761e-14,-6.960032550296091e-14,2.111706180289256e-13,1.2108595607666455e-13,-4.7488962688172856e-11,1.3911358109908178e-10,7.06507415071389e-13,-6.743061664593597e-14,7.623087346549558e-14,7.572197572619381e-11,2.299387697698743e-31,-3.4466413060379405e-11,-5.241860186651811e-13,9.981140023792579e-20,5.60199686607634e-22,1.2129264488616854e-24,1.8085252406763176e-11,-1.4819760233801085e-11,7.538771977048479e-12,-2.3779449520588968e-11,2.6494109683916633e-13,1.2951000272209967e-12,3.7399796222932954e-13,-1.3260811707975033e-12,1.126553494638453e-09,1.6052581486292182e-11,2.9691560876621282e-12,1.2915659652890099e-12,1.755075714389894e-12,2.02944056908409e-10,1.7652537200744226e-29,6.494987370803137e-10,-9.373636126556542e-12,5.410008223768871e-19,1.7176137693882868e-20
0.29360297801769475,8.996182970262188e-26,-2.0824397021594148e-12,2.1608672629014337e-12,-1.9020506281108852e-12,-2.6489033189136536e-14,7.289389057640871e-14,-1.37699962543536e-13,3.3311039112267814e-13,1.4551915228366852e-13,2.6678366979495675e-20,-2.7310685541774107e-12,0.0,0.0,-5.83610540846483e-15,3.634534665612073e-13,-3.562229876154431e-13,2.616403187855054e-13,3.367164403203504e-13,-2.340569598600744e-12,6.708443737982458e-13,0.0,-8.446424255304826e-11,-2.383969908709976e-11,6.481398085549142e-11,-1.2069384143490861e-12,5.032333049038464e-12,-5.920419710037095e-12,-2.746072103560056e-11,1.9540792595140744e-14,1.6755595030283926e-20,6.42096643927401e-21,4.00129981875067e-24,6.37061391160154e-19,2.913145338651703e-11,9.394951972492683e-29,8.446424255304826e-11,-6.481260390138499e-11,-1.865174681370263e-14,2.712348864027566e-12,8.996182970262188e-26,-2.083446304368408e-12,2.1608672629014337e-12,-1.9020506651183194e-12,-2.546585164964199e-14,7.289388884168524e-14,-1.376994074320237e-13,3.3311020608550733e-13,1.4800131490725714e-13,-4.363513047186037e-11,1.395123945258092e-10,7.592318371218987e-13,-1.3523882014254696e-13,1.248799212187161e-13,7.819520729405973e-11,1.3904914604763984e-30,-3.449395214250799e-11,-5.067867422011337e-13,1.6668521507642368e-19,1.5390209152877643e-21,4.709973765541002e-24,2.2701135785988904e-11,-1.9381615127637513e-11,1.2739898617534588e-11,-7.0917707262196926e-12,2.17449593054031e-13,2.050958958221827e-12,-1.7664838110794297e-12,-1.7769252735888586e-12,1.0624838372071584e-09,-3.356035449542105e-12,2.9869619555533687e-12,2.0441497383671957e-12,4.100020323249964e-13,1.950477166729818e-10,9.789680254047507e-29,6.484692761192888e-10,-9.923908916853463e-12,5.985579609610236e-19,4.1357022139150785e-20
0.31428910038958396,3.473793368441981e-25,-2.3078428057488055e-12,2.456989204683661e-12,-2.270146367185551e-12,-9.401901479577645e-14,7.541887774020761e-14,-1.911204527971222e-13,4.2670709558360425e-13,1.5885840790967146e-13,2.269762921330194e-20,-2.566786771555455e-12,0.0,0.0,-4.388850394221322e-15,3.944338006710811e-13,-3.8873666190803697e-13,6.598662588563897e-14,3.4117041060755665e-13,-1.9980302941862357e-12,6.189278412901051e-13,0.0,-7.409377528930091e-11,-2.0838404639455645e-11,7.538185326704226e-11,-1.6475588386545824e-12,5.663531060711366e-12,-5.274358727547223e-12,-2.4314142430692005e-11,1.6467585397158164e-14,5.826837936176346e-20,2.232817522259111e-20,1.635423101508343e-23,5.454012451118024e-19,2.5694211777606956e-11,4.489756354746044e-28,7.409368140606639e-11,-7.538053890175886e-11,-1.569115208136888e-14,2.551144480851993e-12,3.473793368441981e-25,-2.3088659872883e-12,2.456988982639056e-12,-2.2701464041929853e-12,-9.305267667514272e-14,7.541887600548413e-14,-1.9111934257409758e-13,4.2670691054643344e-13,1.6083845366665627e-13,-3.463295191371192e-11,1.3972612578072586e-10,8.162107240083926e-13,-1.8842483129333232e-13,1.60403912374818e-13,8.10153069065488e-11,7.659566333609551e-30,-3.095142475960417e-11,-5.490989607448427e-13,2.467206543565536e-19,3.7381748752036555e-21,1.634353190613722e-23,2.547392104664444e-11,-2.3337298908169638e-11,1.752806610966218e-11,-1.626474954719015e-12,1.3296976714149977e-13,2.652221109400443e-12,-3.2537304332317755e-12,-1.938739539279292e-12,8.689579165851077e-10,-1.0617441148497164e-11,2.9963651559938853e-12,2.6427553478924893e-12,-4.661267668145305e-13,1.7979627799511353e-10,4.937930683245997e-28,5.663577474235436e-10,-9.325942795790354e-12,4.812950063267546e-19,8.655106742603982e-20
0.33643268638011187,1.2937018655799975e-24,-2.5496168139701087e-12,2.770855100919789e-12,-2.6664629023305983e-12,-1.1618794815149158e-13,7.75119100848709e-14,-2.553706135444145e-13,5.293413855393207e-13,1.7341032313803833e-13,1.894284961777061e-20,-2.3868158606961862e-12,-1.734723475976807e-16,-1.734723475976807e-16,-4.755620500570704e-15,4.27582091408511e-13,-4.2172614606832736e-13,1.3356286562848929e-14,3.4518900324936875e-13,-1.7119219478693166e-12,5.664460580882889e-13,0.0,-6.411999598585118e-11,-1.7951439434510612e-11,8.750217884476885e-11,-2.0435696905719034e-12,6.408286223274378e-12,-4.802203079634637e-12,-2.125057236122926e-11,1.399838722946726e-14,1.9520251518207789e-19,7.479653857913082e-20,6.434118166778918e-23,3.0777638262669254e-19,2.2396811069184145e-11,2.085628229282179e-27,6.41200585746742e-11,-8.750083318507392e-11,-1.3174646558885191e-14,2.3738048563852012e-12,1.2937018655799975e-24,-2.55067078569482e-12,2.770855100919789e-12,-2.6664629393380325e-12,-1.1527845344971866e-13,7.751190835014742e-14,-2.553697253659948e-13,5.2934120050215e-13,1.7286083675571717e-13,-2.588725086146345e-11,1.3994667824590578e-10,8.765537878874242e-13,-2.5239854650749294e-13,1.932946395536798e-13,8.379925568864665e-11,4.1071211406680217e-29,-2.7551599893184818e-11,-5.946828677642438e-13,3.568394495436719e-19,8.793317121426393e-21,5.461786987292773e-23,2.849196908035386e-11,-2.8045829954711127e-11,2.2608563909898293e-11,-5.522338142327499e-14,5.49312678677083e-14,3.2965701279863426e-12,-4.497665943385225e-12,-2.0345017522534666e-12,6.858438913089534e-10,-1.391163095831871e-11,2.995630798974247e-12,3.2839166941300846e-12,-1.0380185599956348e-12,1.6445488381941423e-10,2.4239534770124158e-27,4.874087067773279e-10,-8.676069122396749e-12,1.8499713247194315e-19,1.7530422745497097e-19
0.36013642319964434,4.526643951691477e-24,-2.687556843739003e-12,2.966628424398247e-12,-2.9629016277491852e-12,-1.2346390576567502e-13,7.893323147878384e-14,-3.131310766235629e-13,6.173847544310718e-13,1.7462298274040223e-13,1.5862704743493985e-20,-2.0973408195364604e-12,-3.469446951953614e-16,-3.469446951953614e-16,-5.1446941944683594e-15,4.635786877372022e-13,-4.574118861455645e-13,5.605758912619052e-16,3.501768699228774e-13,-1.4355119160553005e-12,5.058193951707053e-13,0.0,-5.2320751070214645e-11,-1.4543768227867957e-11,9.728030548745962e-11,-2.3316664096620563e-12,6.988567249470555e-12,-4.2353676121820175e-12,-1.8014530435848007e-11,1.1863990692639881e-14,6.127251464610881e-19,2.3476441376951054e-19,2.374973336375764e-22,-1.473827789796044e-19,1.8945201512228278e-11,9.204669073966034e-27,5.23205945981571e-11,-9.727892853335319e-11,-1.0658141036401503e-14,2.0864791376122107e-12,4.526643951691477e-24,-2.6882200169590456e-12,2.9666285724279835e-12,-2.9629016277491852e-12,-1.2283862815820612e-13,7.893323147878384e-14,-3.1313018844514317e-13,6.17384569393901e-13,1.751629952195799e-13,-1.6960257198661565e-11,1.4014585758559407e-10,9.412451235091268e-13,-3.099100975845204e-13,2.1825689403935183e-13,8.665262064090791e-11,2.0977487038794373e-28,-2.3529391770659535e-11,-6.600911946671081e-13,4.847456762443375e-19,1.9293975849830557e-20,1.7096169349617305e-22,3.038675326176114e-11,-3.1280038115255595e-11,2.6882744919021205e-11,3.998223974122084e-13,-1.7295803678152312e-14,3.8321257278539635e-12,-5.499691442996853e-12,-2.258426926952476e-12,4.878335554773608e-10,-1.5832483768463136e-11,2.9752060815013694e-12,3.816554183799781e-12,-1.4612526004024554e-12,1.4687317092506308e-10,1.1320641294322569e-26,3.9440472003385277e-10,-7.659502661757264e-12,-3.7712145024635584e-19,3.278330766388405e-19
0.38551023299946646,1.493896187470712e-23,-2.6992286924117557e-12,3.014340925015328e-12,-3.1231339736592643e-12,-1.2471446098061278e-13,7.938543225560757e-14,-3.589923913693838e-13,6.834804019047643e-13,1.661343655238549e-13,1.321676075908999e-20,-1.7347888172277355e-12,-5.204170427930421e-16,-3.469446951953614e-16,-5.922841582263671e-15,5.026945869582053e-13,-4.957938821397485e-13,-1.3550792432592828e-15,3.56419548822734e-13,-1.1678642549152882e-12,4.4026500186167013e-13,0.0,-4.005597048895906e-11,-1.100527024493361e-11,1.0430552533846061e-10,-2.509687603386354e-12,7.350280771054934e-12,-3.6131098113401094e-12,-1.4747634638038213e-11,9.618174312553407e-15,1.8092227046438218e-18,6.931421723377297e-19,8.25503290450801e-22,-8.375495903650789e-19,1.5476355662130293e-11,3.8753769902769257e-26,4.005575142807849e-11,-1.0430424226758871e-10,-8.43769498715119e-15,1.7263227884238101e-12,1.493896187470712e-23,-2.700147661016672e-12,3.014341221074801e-12,-3.1231340106666985e-12,-1.2425971362972632e-13,7.938543225560757e-14,-3.58991725235569e-13,6.834802168675936e-13,1.6652753250430882e-13,-8.922749354193608e-12,1.403191163262818e-10,1.0104719283532405e-12,-3.5557712330103185e-13,2.3387218088070464e-13,8.952228291680189e-11,1.024228260866304e-27,-1.9353465498798356e-11,-7.389366896148886e-13,6.200012982990667e-19,3.9669491180750374e-20,5.031900165494069e-22,3.1070739462772206e-11,-3.2914504307276125e-11,2.984211870208734e-11,5.220499588176608e-13,-7.5801961929578e-14,4.243736029252432e-12,-6.251500798507929e-12,-2.233643196329164e-12,2.957773782933752e-10,-1.716944098006934e-11,2.9318313332638013e-12,4.225760186216121e-12,-1.777879325241353e-12,1.2795306642386746e-10,5.0484734143295767e-26,2.9789375635894884e-10,-6.397160579041383e-12,-1.2422829415721082e-18,5.660346843437045e-19
0.4126717826175424,4.7836277718221296e-23,-2.6939233066514136e-12,3.0311337143965983e-12,-3.258755783737873e-12,-1.248281478183344e-13,7.901597605386445e-14,-4.1227221636574997e-13,7.553796477210994e-13,1.5279510989785195e-13,1.0668286223531823e-20,-1.4163577718070048e-12,-1.734723475976807e-16,0.0,-6.490343976547511e-15,5.443647551732539e-13,-5.368721340508793e-13,-1.594124138248887e-15,3.6242903209832143e-13,-9.278914845780687e-13,3.800179672919816e-13,0.0,-3.023590933484522e-11,-8.171136363294372e-12,1.1194837169501805e-10,-2.6832434757683544e-12,7.750033627779774e-12,-3.134736914489622e-12,-1.180489814427886e-11,7.99678610367375e-15,5.1755059952319846e-18,1.982616512159144e-18,2.777651450881582e-21,-1.8583838704563088e-18,1.2353986535313221e-11,1.5980422396945525e-25,3.023590933484522e-11,-1.119472450962037e-10,-6.661338147750939e-15,1.4096871818007155e-12,4.7836277718221296e-23,-2.6946906928060345e-12,3.031134898634491e-12,-3.258755783737873e-12,-1.2425971362972632e-13,7.901597778858793e-14,-4.122711061427253e-13,7.553794626839287e-13,1.5374250021219875e-13,-2.7460676695530614e-12,1.4055012798053212e-10,1.0833993147052468e-12,-4.086375682277321e-13,2.4740801999693456e-13,9.226929620870368e-11,4.90142521572941e-27,-1.602674437766578e-11,-8.106686618288469e-13,7.723564057313103e-19,7.92277362237601e-20,1.4342021719071008e-21,3.167451841553278e-11,-3.4487650661200557e-11,3.242842675869421e-11,5.977511818855419e-13,-1.1616915762679981e-13,4.686851795554503e-12,-6.9938084952999206e-12,-2.2886676257864262e-12,1.4216736114273467e-10,-1.8764694686979057e-11,2.875304216942709e-12,4.6660852959234945e-12,-2.0465910447834782e-12,1.1056649781784178e-10,2.2053379095917345e-25,2.20642124593022e-10,-5.2883808443482394e-12,-2.5472692148431214e-18,9.415007048802473e-19
0.4417470292389771,1.4536637180948346e-22,-2.588573503696049e-12,2.923338164132853e-12,-3.2735458047975877e-12,-1.225544110639021e-13,7.772270327333076e-14,-4.56201965093328e-13,8.089854712049298e-13,1.3217989665766558e-13,8.222244220494808e-21,-1.1084553414031362e-12,0.0,0.0,-7.0429773124658376e-15,5.889034609665326e-13,-5.806466418789569e-13,-1.4638464052030287e-15,3.687420974032157e-13,-7.103329552467263e-13,3.225102451530897e-13,0.0,-2.193613069187509e-11,-5.7763126969662505e-12,1.1721659810621557e-10,-2.7868089078336166e-12,7.964942131120831e-12,-2.7107205369247822e-12,-9.10692709873919e-12,6.213562650514426e-15,1.4014498892825026e-17,5.367948258107756e-18,8.851992009274509e-21,-3.2517632275015307e-18,9.496017505919506e-12,6.322672398008446e-25,2.193619328069811e-11,-1.1721528374093218e-10,-5.0330110449673766e-15,1.1034136567407888e-12,1.4536637180948346e-22,-2.58927220405288e-12,2.923339644430219e-12,-3.2735458047975877e-12,-1.220428202941548e-13,7.772270327333076e-14,-4.562004107810935e-13,8.08985286167759e-13,1.3189567956336152e-13,1.4642864698544146e-12,1.407734089298174e-10,1.1605079536236572e-12,-4.523945662526785e-13,2.5257425780485695e-13,9.492059915849893e-11,2.253878842149776e-26,-1.3230275765154429e-11,-8.811747627864482e-13,9.058389213374154e-19,1.4953474008673351e-19,3.867386423504512e-21,3.123334006242355e-11,-3.4804469824697055e-11,3.371436226492127e-11,6.065334900995367e-13,-1.390265610967667e-13,5.012191550690659e-12,-7.534123417733222e-12,-1.9866395935726664e-12,2.1430120492974916e-11,-2.023261913564056e-11,2.801471499225272e-12,4.98905494694668e-12,-2.2328605631116715e-12,9.399280449569627e-11,9.245243410899816e-25,1.5539653121398808e-10,-4.2192453234927525e-12,-4.33582299946595e-18,1.4595733008655034e-18
0.4728708045015879,4.1865219543628024e-22,-2.3557428600421797e-12,2.6595630882771578e-12,-3.1291913874890535e-12,-1.1755219020415098e-13,7.555952738491633e-14,-4.811000486881766e-13,8.31084830584435e-13,9.943808739384016e-14,6.415337104090432e-21,-8.181820383238817e-13,-3.469446951953614e-16,1.734723475976807e-16,-7.987162518676071e-15,6.362770650295647e-13,-6.269588023347492e-13,-1.0188898336149777e-15,3.7511597560796474e-13,-5.176898961191809e-13,2.6878534851850675e-13,0.0,-1.512033304269735e-11,-3.809639120932168e-12,1.1883126456247268e-10,-2.789805592223265e-12,7.894006501781463e-12,-2.3224089318318876e-12,-6.695806699794534e-12,4.633952365347878e-15,3.585090248134444e-17,1.3729712515955876e-17,2.6684535288896687e-20,-5.001772132658674e-18,6.945846917653382e-12,2.3987062059223462e-24,1.512033304269735e-11,-1.1882988760836625e-10,-3.4046839421838135e-15,8.146076406016315e-13,4.1865219543628024e-22,-2.356484192963156e-12,2.6595659008421537e-12,-3.1291913504816193e-12,-1.170405994344037e-13,7.555952738491633e-14,-4.810976061975225e-13,8.310846455472642e-13,1.0066495785091926e-13,3.511862208445867e-12,1.4094985090196133e-10,1.2418138184422388e-12,-4.772156003696182e-13,2.4651910142855135e-13,9.745354353922455e-11,9.957958429846562e-26,-1.0956549002501956e-11,-9.49168984150835e-13,9.767110183069207e-19,2.6579569900919932e-19,9.845443150707022e-21,2.945003411506756e-11,-3.334645981567519e-11,3.3267308907625196e-11,5.900773203393328e-13,-1.45443442012283e-13,5.146849613169024e-12,-7.764210570767224e-12,-1.7847317697790761e-12,-6.408663466572761e-11,-2.133492671418935e-11,2.711585289638663e-12,5.122242185962022e-12,-2.3158493641280604e-12,7.852886622626146e-11,3.717072103557683e-24,1.0184853850200703e-10,-3.2118474546649622e-12,-6.5615452367970445e-18,2.085102471228511e-18
0.5061874397552807,1.177502371024339e-21,-2.10275175049901e-12,2.3625707316436244e-12,-2.9581193420706123e-12,-1.1232259566895664e-13,7.304686022724383e-14,-5.115321499715719e-13,8.571396370449236e-13,6.548361852765083e-14,4.566381639881277e-21,-5.945903491788584e-13,-3.469446951953614e-16,-1.734723475976807e-16,-8.606706617239216e-15,6.857043996970744e-13,-6.761258219967203e-13,-7.137086061037579e-16,3.799667178117083e-13,-3.5494862862870557e-13,2.2313265223312855e-13,0.0,-1.0398131523521958e-11,-2.445783437133083e-12,1.208955691233019e-10,-2.8005344411317217e-12,7.845869829177308e-12,-2.0536461420306294e-12,-4.673006168067606e-12,3.5358724050545596e-15,8.940108452028977e-17,3.423081340902416e-17,7.836120135880809e-20,-7.340028359083797e-18,4.805968688260587e-12,8.959795418486363e-24,1.0398256701167998e-11,-1.208939418139034e-10,-2.5165055224836883e-15,5.919709167301335e-13,1.177502371024339e-21,-2.10357124312092e-12,2.3625733961788836e-12,-2.958119305063178e-12,-1.1192469173693099e-13,7.304686022724383e-14,-5.115288193024981e-13,8.571394520077528e-13,6.526098180377934e-14,3.916890515635411e-12,1.4118450053501875e-10,1.3264942755331078e-12,-5.075615483463025e-13,2.385969199991678e-13,9.983135119606948e-11,4.334727859451825e-25,-9.41636324563805e-12,-1.006134990137279e-12,9.68037494674173e-19,4.619879896742111e-19,2.4415311187736622e-20,2.761584028121433e-11,-3.155569790654529e-11,3.2443721191081445e-11,5.634746003124747e-13,-1.421717049643334e-13,5.3057616078433515e-12,-7.989561882452516e-12,-1.515900294180028e-12,-1.1655113970239958e-10,-2.27410055231303e-11,2.618356642614117e-12,5.279397807811393e-12,-2.368617524339811e-12,6.53718116460683e-11,1.4705181422505076e-23,6.470783021165034e-11,-2.43051874922647e-12,-9.47196682173895e-18,2.843293361880871e-18
0.5418514353747664,3.216574106084555e-21,-1.8147450949375829e-12,2.0166912584329568e-12,-2.745593937388454e-12,-1.0652456694515423e-13,7.030872758995166e-14,-5.444136252918952e-13,8.830377170217692e-13,2.7891170854369798e-14,3.164172638168469e-21,-4.2477393130679886e-13,-5.204170427930421e-16,-3.469446951953614e-16,-9.843316637971255e-15,7.371059987580443e-13,-7.264030646833167e-13,-7.499643267516731e-16,3.831639215981508e-13,-2.1862356886077937e-13,1.8455065605762657e-13,0.0,-7.211233833014952e-12,-1.5239256207211024e-12,1.2285109430972322e-10,-2.8067938124088516e-12,7.778762875496086e-12,-1.866595766841783e-12,-2.9903728072578054e-12,2.410542830159438e-15,2.160886452363784e-16,8.271737623531394e-17,2.2293244228818616e-19,-1.0369770540591322e-17,3.0256764471142545e-12,3.27419409525078e-23,7.211327716249481e-12,-1.2284946700032472e-10,-1.3322676295501878e-15,4.2380913593357644e-13,3.216574106084555e-21,-1.8155148495679896e-12,2.0166952552358454e-12,-2.7455939003810197e-12,-1.0612666301312856e-13,7.030872758995166e-14,-5.444100725782163e-13,8.830375319845984e-13,2.48121523327427e-14,2.9212969820946457e-12,1.4147099136607722e-10,1.414573430613686e-12,-5.403641978318774e-13,2.2796172357194185e-13,1.0207296087172671e-10,1.8479696018062062e-24,-8.424956289009136e-12,-1.054290913830395e-12,7.996128513284745e-19,7.802462829009441e-19,5.863660287089944e-20,2.551974039495993e-11,-2.931079497633012e-11,3.113771995799652e-11,5.423146098859632e-13,-1.3257031583613355e-13,5.462579721893235e-12,-8.17923071864494e-12,-1.1553614361522098e-12,-1.4282704796642064e-10,-2.4385371943935753e-11,2.523275810517589e-12,5.434318772756796e-12,-2.3871612094457834e-12,5.423610527097102e-11,5.687484020517341e-23,3.9614218576087415e-11,-1.832117790812049e-12,-1.306899958926877e-17,3.634504495266687e-18
0.5800281772294444,8.522533924685747e-21,-1.4783836377318948e-12,1.60811689890276e-12,-2.4770105596279753e-12,-1.0004441719502211e-13,6.743442262924227e-14,-5.757956333951597e-13,9.036490074739352e-13,-1.8189894035458565e-14,1.908512468312973e-21,-2.971549511084544e-13,-6.938893903907228e-16,-5.204170427930421e-16,-9.967225457683884e-15,7.904142835038486e-13,-7.795351665760921e-13,-8.024397118999715e-16,3.84644432190745e-13,-1.0563255696506213e-13,1.5208308737236762e-13,0.0,-5.106872425453253e-12,-9.138853205922815e-13,1.2396154520773523e-10,-2.79385186183644e-12,7.639116453885619e-12,-1.7285728404203838e-12,-1.6041431748828135e-12,1.6335312732114933e-15,5.054518890854002e-16,1.9342176770369964e-16,6.136298508876705e-19,-1.4175136490560425e-17,1.5590887753951182e-12,1.1676375737198514e-22,5.107404430448919e-12,-1.2395988660392521e-10,-8.881784197001252e-16,2.9635553270660847e-13,8.522533924685747e-21,-1.479129707604443e-12,1.608121043735385e-12,-2.477010522620541e-12,-9.993073035730049e-14,6.743442262924227e-14,-5.757905263692465e-13,9.036488224367645e-13,-2.106048668792937e-14,7.154691653947035e-13,1.4179477147990838e-10,1.5060656610721423e-12,-5.716915829623304e-13,2.1367204302199145e-13,1.041958751192207e-10,7.697794228225406e-24,-7.833116378536724e-12,-1.0955588288415659e-12,3.495937769515557e-19,1.2762433012011594e-18,1.3614356014653251e-19,2.2926322174043888e-11,-2.64499249169603e-11,2.9236448521411753e-11,4.970104328094748e-13,-1.1907993341386813e-13,5.582953210847563e-12,-8.299425128625397e-12,-9.037345686616997e-13,-1.4823793511216838e-10,-2.6138877728953956e-11,2.427463563492438e-12,5.5528510678470864e-12,-2.371208044730603e-12,4.485176764873865e-11,2.144813361535996e-22,2.3013659868978836e-11,-1.3778792921452048e-12,-1.719518599298882e-17,4.225513840842379e-18
0.6208947036329641,2.0975978414756136e-20,-1.0228783745939533e-12,1.0622021780667032e-12,-2.0305536511481628e-12,-9.117684385273606e-14,6.427901960703864e-14,-5.642182276943686e-13,8.627640268876746e-13,-6.548361852765083e-14,8.462746983594601e-22,-1.925199004844854e-13,-1.0408340855860843e-15,-8.673617379884035e-16,-1.1159228303319375e-14,8.458641579516079e-13,-8.339360947827247e-13,-4.579236295709777e-16,3.8444656529426637e-13,-2.1026462225095624e-14,1.2544086762136228e-13,0.0,-3.645173052655801e-12,-4.890015844995714e-13,1.1864850519925575e-10,-2.6138202466602304e-12,6.993148946905655e-12,-1.5413448295475974e-12,-5.513677369969818e-13,7.940335310559673e-16,1.094081486971172e-15,4.1849953043818707e-16,1.5656495206079555e-18,-1.779793991566729e-17,4.4848653214963173e-13,3.8971144795200412e-22,3.64529823030184e-12,-1.186467527122112e-10,4.440892098500626e-16,1.9288274681154385e-13,2.0975978414756136e-20,-1.0235865488539274e-12,1.0622073591074848e-12,-2.0305536141407286e-12,-9.112000043387525e-14,6.427902307648559e-14,-5.642124545346405e-13,8.627638418505039e-13,-6.73878730594879e-14,-2.8546007039646306e-12,1.4192210073815658e-10,1.6012545178689663e-12,-5.60295587703763e-13,1.8377780778659295e-13,1.0615795629504781e-10,3.009216281786947e-23,-7.48662465430076e-12,-1.1329733447714336e-12,-5.225459189338079e-19,1.9209923607281058e-18,2.921347853712947e-19,1.8787970882764663e-11,-2.1623549173455104e-11,2.5270074625420118e-11,4.2922468357353695e-13,-1.0071439515701997e-13,5.329141572474327e-12,-7.877279569375636e-12,-3.9138588666295013e-13,-1.3006744363034766e-10,-2.6459019863978027e-11,2.3270172455625015e-12,5.299372940470448e-12,-2.2171849541526475e-12,3.7154420367209224e-11,7.565691806676678e-22,1.1404184264737435e-11,-1.0059360751787001e-12,-2.0274239518252464e-17,3.946895010085084e-18
0.6646405263290656,4.7928569839497803e-20,-5.37662951198096e-13,4.872209302675401e-13,-1.4999364343163772e-12,-8.128608897095546e-14,6.113456268996842e-14,-5.186326923478646e-13,7.744104431791262e-13,-1.0307606620093186e-13,3.978738746380063e-22,-1.1900781286359555e-13,-1.908195823574488e-15,-1.214306433183765e-15,-1.2579223377226104e-14,9.029989987399282e-13,-8.897644525924469e-13,-4.391018798566293e-16,3.8166934890337955e-13,3.474288040723782e-14,1.0555546514779762e-13,0.0,-2.7768157220832293e-12,-2.349278806664708e-13,1.0800127016011617e-10,-2.3108799525232687e-12,5.938945841780988e-12,-1.3219647598816665e-12,1.612405299717233e-13,5.837344496661956e-16,2.1916913440967027e-15,8.378980862145823e-16,3.699587585151564e-18,-2.094007952288561e-17,-3.000103395685843e-13,1.2124643000566938e-21,2.7768157220832293e-12,-1.0799951767307162e-10,1.4802973661668753e-16,1.1916393797643346e-13,4.7928569839497803e-20,-5.383616515549269e-13,4.872256672191118e-13,-1.499936397308943e-12,-8.122924555209466e-14,6.113456615941537e-14,-5.186269191881365e-13,7.744102581419554e-13,-1.052550639239295e-13,-6.893969839438796e-12,1.4185297914082184e-10,1.6997002694196795e-12,-5.150724291524966e-13,1.4279059416348144e-13,1.0795213640960356e-10,1.098849629975402e-22,-7.380474010459686e-12,-1.1651698124855632e-12,-1.8405896241915897e-18,2.66408725539228e-18,5.792605025420167e-19,1.386463684601343e-11,-1.61975227304841e-11,2.0155071685697598e-11,3.460201014604536e-13,-8.18533713031755e-14,4.779496354245793e-12,-7.038534199921287e-12,6.601415710368504e-14,-9.69036288248996e-11,-2.5327608454972505e-11,2.228307316443079e-12,4.751861570895244e-12,-1.958280944810061e-12,3.140356192142632e-11,2.484853384796789e-21,4.425280142770875e-12,-7.459681021041812e-13,-2.1589125996431956e-17,2.340281088739762e-18
0.7114685093208841,1.2108975280643085e-19,-1.4794447148839632e-13,1.5753324570747888e-15,-1.1866897834759508e-12,-7.537437340943143e-14,5.852493489832966e-14,-5.659868129725965e-13,8.105085121575447e-13,-1.5764574830730757e-13,-4.964462309672421e-22,-8.463137598132182e-14,-4.5102810375396984e-15,-2.42861286636753e-15,-1.3439150586031751e-14,9.610391289815208e-13,-9.468616367160265e-13,-5.682086745562032e-16,3.7729411608844465e-13,9.853229343548264e-14,8.728035504041404e-14,0.0,-2.4185572991195993e-12,-1.2400557253292803e-13,1.1036950604552809e-10,-2.32499801064699e-12,5.886639188843158e-12,-1.2896350654045818e-12,9.12706602802309e-13,-6.989490005289885e-17,4.8566308535998595e-15,1.85546150591506e-15,9.634647725526671e-18,-2.789990440501288e-17,-1.0969584413948968e-12,4.142161510913492e-21,2.418713771177148e-12,-1.1036775355848354e-10,8.881784197001252e-16,8.526512829121202e-14,1.2108975280643085e-19,-1.481907929701265e-13,1.580957587066223e-15,-1.1866897834759508e-12,-7.531752999057062e-14,5.852492795943576e-14,-5.659814839020783e-13,8.105083271203739e-13,-1.626384952639152e-13,-1.0915149080877503e-11,1.423950379830785e-10,1.8006952595683856e-12,-5.623488341655048e-13,1.2709537126435558e-13,1.0984505859810817e-10,4.393262068796301e-22,-7.601788088656644e-12,-1.1906679346177877e-12,-4.3205781269510464e-18,4.081120567904443e-18,1.268673723901269e-18,1.1079997364049633e-11,-1.237195590420015e-11,1.7839481595653222e-11,3.1684518897456824e-13,-7.092888776316642e-14,4.996335789542172e-12,-7.236527210796595e-12,4.0214824063392976e-13,-7.273774826899171e-11,-2.7923306333832444e-11,2.1418682383256283e-12,4.966014710561239e-12,-1.9200781705327095e-12,2.6074217074861925e-11,8.933264721587735e-21,1.3429057867064367e-12,-6.125563019783916e-13,-2.4431256994810286e-17,-1.2886518880840918e-18
0.7615958096191475,2.725424758817594e-19,2.85126589005813e-13,-5.180892751847448e-13,-7.321683629749979e-13,-6.718892109347507e-14,5.5810300825243076e-14,-5.440701222880761e-13,7.530185734220633e-13,-1.976635151853164e-13,-5.639993143257394e-22,-5.797561504946221e-14,-9.367506770274758e-15,-3.816391647148976e-15,-1.465593519560977e-14,1.0208205266336312e-12,-1.0052276471534633e-12,-4.1663721084272966e-16,3.7041717349667324e-13,1.31742162398834e-13,7.475536158281536e-14,0.0,-2.2063811890834875e-12,-5.35897238097293e-14,1.0316428073952301e-10,-2.1029162414176824e-12,5.075973105888812e-12,-1.1429079904701211e-12,1.3238764090152302e-12,-5.2692225582795515e-17,9.534948756495397e-15,3.639519847747127e-15,2.2311070415310668e-17,-3.329513237861937e-17,-1.5289449293195397e-12,1.265770656393204e-20,2.2062247170259387e-12,-1.0316221530836337e-10,5.921189464667501e-16,5.861977570020827e-14,2.725424758817594e-19,2.8472394812221563e-13,-5.180836500547533e-13,-7.321683999824321e-13,-6.696154741803184e-14,5.581029388634917e-14,-5.440661254851875e-13,7.530183883848925e-13,-2.014246547332732e-13,-1.5028490452095867e-11,1.4252145774662495e-10,1.905008650826545e-12,-5.407518877120765e-13,9.186318372655932e-14,1.1154674567746923e-10,1.576659355379688e-21,-7.957292603407417e-12,-1.2145007222130744e-12,-7.604209961311307e-18,5.414101534440249e-18,2.4560269539994242e-18,6.905350365589887e-12,-7.256813224406263e-12,1.354274322314571e-11,2.549710997890031e-13,-5.868799890507148e-14,4.63801885786097e-12,-6.649422771657735e-12,9.360974217997864e-13,-3.649135275433461e-11,-2.750675776042044e-11,2.053849534888741e-12,4.608648573878327e-12,-1.7111012606818576e-12,2.2422261076272982e-11,2.869877038546071e-20,-6.889777637986789e-13,-5.175397147875552e-13,-2.2203262646743554e-17,-8.490552262838877e-18
0.8152548842718242,5.976926285868064e-19,6.78937794873491e-13,-9.89586190769387e-13,-3.085726489141886e-13,-5.945821612840519e-14,5.324608115531149e-14,-5.21525045371618e-13,6.947546242012473e-13,-2.3040532444914184e-13,-8.754328149519542e-22,-4.301362506916225e-14,-1.8041124150158794e-14,-7.112366251504909e-15,-1.5302739234509693e-14,1.0818408575968434e-12,-1.065496897061686e-12,-3.8658312662143145e-16,3.616513772480845e-13,1.542532251801144e-13,6.509701127627037e-14,-2.7755575615628914e-16,-2.135405463779372e-12,-1.9298872397919595e-14,9.563822512671995e-11,-1.8801439169906455e-12,4.24572454493224e-12,-1.0016876217378012e-12,1.6036267920806622e-12,-1.1066090173835382e-16,1.816886123190896e-14,6.926887866838923e-15,5.0224012346953587e-17,-3.947708223752994e-17,-1.8216492590858124e-12,3.757547579515216e-20,2.1352176973103133e-12,-9.563628487320636e-11,5.921189464667501e-16,4.366877230192282e-14,5.976926285868064e-19,6.785185746593924e-13,-9.89579973520449e-13,-3.0857268592162277e-13,-5.923084245296195e-14,5.3246074216417584e-14,-5.215206044795195e-13,6.947544391640766e-13,-2.344317332851157e-13,-1.8833816284313797e-11,1.426542439730838e-10,2.012117361616106e-12,-5.185460949519438e-13,5.660472091051361e-14,1.1320065524490937e-10,5.499032873171861e-21,-8.582179412434126e-12,-1.2355255707419133e-12,-1.2217528498184953e-17,6.748188548299202e-18,4.602179569975087e-18,3.0812981795709976e-12,-2.6940796260532808e-12,9.476349778954803e-12,2.0074247819579228e-13,-4.907452222369102e-14,4.274350651201075e-12,-6.049703978513084e-12,1.2607112391075741e-12,-1.2975457745293777e-12,-2.6815541787073018e-11,1.9693877639781478e-12,4.2460084337392346e-12,-1.4947191632567562e-12,1.9594677947393355e-11,8.934680084331474e-20,-1.771514046743987e-12,-4.665342186645679e-13,-1.5852407955112628e-17,-2.0589529070196608e-17
0.8726945683451613,1.3037876758433678e-18,1.041068268629412e-12,-1.4246473630426712e-12,7.644740396273164e-14,-5.240963218966499e-14,5.0806817086801457e-14,-5.077951392706836e-13,6.483913406185593e-13,-2.619344741106033e-13,-9.556004026518852e-22,-3.532533062363304e-14,-3.41740524767431e-14,-1.3530843112619095e-14,-1.6517045667693458e-14,1.1439215770062526e-12,-1.1264005601268375e-12,-7.24247051220317e-16,3.515275093582404e-13,1.71422953351643e-13,5.702355022686507e-14,-2.7755575615628914e-16,-2.1581877953584707e-12,-3.046315370402328e-15,8.909518956826122e-11,-1.6861547497934972e-12,3.5005439739627674e-12,-8.78941364135244e-13,1.8167637936685847e-12,-2.002160011856565e-16,3.424296683163322e-14,1.3034417614696954e-14,1.1222228588901536e-16,-4.694769511837564e-17,-2.043871370599083e-12,1.1060455130864277e-19,2.1580939121239414e-12,-8.909337449239365e-11,1.0362081563168128e-15,3.626728547108845e-14,1.3037876758433678e-18,1.0407911569624654e-12,-1.4246402576153135e-12,7.644740396273164e-14,-5.218225851422176e-14,5.0806817086801457e-14,-5.077906983785851e-13,6.483909705442177e-13,-2.661645718641618e-13,-2.2465731793393692e-11,1.428725227015093e-10,2.121737674443125e-12,-5.051310481007931e-13,2.3884598003102534e-14,1.1484544742849902e-10,1.9028487297207428e-20,-9.671725643557618e-12,-1.2532058724090689e-12,-1.8860698583310674e-17,7.791577473575658e-18,8.498825520321723e-18,-3.9723128490246986e-13,1.0137976384309393e-12,5.817016794177713e-12,1.6314052886379214e-13,-4.198454084392011e-14,3.9840317711536955e-12,-5.549329236872088e-12,1.6258733618694048e-12,3.155825349191825e-11,-2.634442353155464e-11,1.8877033269859565e-12,3.9562770837164865e-12,-1.2997595592404801e-12,1.7221301903893437e-11,2.7512816486855303e-19,-2.4705060222257863e-12,-4.4716082688485887e-13,-3.535209884117649e-18,-3.9875095563790146e-17
0.934181228855066,2.7845241276924386e-18,1.3580271721972774e-12,-1.803178051318355e-12,4.2472155422264754e-13,-4.5474735088646414e-14,4.8452818146582645e-14,-4.919789020618737e-13,6.001851793335789e-13,-2.861876661578814e-13,-3.3218194765775335e-22,-3.165870343657673e-14,-6.262351748276274e-14,-2.411265631607762e-14,-1.7495925343423227e-14,1.20684596059188e-12,-1.1884144462166141e-12,-2.314988478691049e-16,3.400789198859666e-13,1.816215136941299e-13,5.0628018109401166e-14,-2.7755575615628914e-16,-2.2618348862787662e-12,5.367969524281983e-15,8.248443290329536e-11,-1.489331849185382e-12,2.7497988654467174e-12,-7.581490990560269e-13,1.9465049727090828e-12,-5.583641188300348e-17,6.270743350317029e-14,2.3817553030614062e-14,2.450311443916054e-16,-5.421516567566813e-17,-2.1772151265327143e-12,3.176401436055252e-19,2.262241713628393e-12,-8.248268041625082e-11,1.0362081563168128e-15,3.2566542055671256e-14,2.7845241276924386e-18,1.357695585587256e-12,-1.8031721301288903e-12,4.2472155422264754e-13,-4.5474735088646414e-14,4.8452818146582645e-14,-4.919762375266146e-13,6.001848092592373e-13,-2.914693671603648e-13,-2.5737487400571504e-11,1.4309534890344367e-10,2.2335139293616637e-12,-4.896794081332701e-13,-8.371821754356764e-15,1.1646159650353185e-10,6.428918079500461e-20,-1.1520349120261631e-11,-1.2667089599460724e-12,-2.7912827282286676e-17,7.56761925192648e-18,1.5174526174620446e-17,-3.602007581093858e-12,4.481156186860365e-12,2.4189835320006144e-12,9.32655896956902e-14,-3.6564043459641483e-14,3.682719462716477e-12,-5.0370610460426235e-12,1.954200949209432e-12,6.124901119619607e-11,-2.5449480745010077e-11,1.8080221764193994e-12,3.655696634297101e-12,-1.1050541962968433e-12,1.5332906133388936e-11,8.245184796647204e-19,-3.099398515925743e-12,-4.552191956719298e-13,1.7649816104350987e-17,-6.788522615293936e-17
1.0,5.8896918079884465e-18,1.6433053436533858e-12,-2.145554252782252e-12,7.349095406302316e-13,-3.9335645851679143e-14,4.616788201738942e-14,-4.841749223771786e-13,5.632970016359688e-13,-3.128661774098873e-13,5.817836974956294e-23,-3.0439192832965034e-14,-1.1275702593849246e-13,-4.2847669856627135e-14,-1.8816793361559855e-14,1.2701714215383148e-12,-1.250586935595623e-12,-2.832803436270126e-16,3.2787448971116627e-13,1.8938339268896566e-13,4.488861741132107e-14,-4.163336342344337e-16,-2.4842755632900765e-12,1.1391654764729219e-14,7.694494653313131e-11,-1.3189918443173935e-12,2.0855143482299516e-12,-6.551204023708124e-13,2.049523341738254e-12,1.0625542691082106e-15,1.1270931966668135e-13,4.2680824992542094e-14,5.288180269914165e-16,-5.979659531388275e-17,-2.2822788555672817e-12,8.982922771582195e-19,2.4843381521130963e-12,-7.694325663490978e-11,-4.440892098500626e-16,2.990200679657088e-14,5.8896918079884465e-18,1.6430850754053001e-12,-2.1455474434143676e-12,7.349095406302316e-13,-3.950617610826157e-14,4.616788201738942e-14,-4.841718137527096e-13,5.632966315616273e-13,-3.1615835875224245e-13,-2.894375938922167e-11,1.4341458154376597e-10,2.34668906529123e-12,-4.822240384783072e-13,-3.7820857556880585e-14,1.1807899619316364e-10,2.1388311787034758e-19,-1.4901146984483056e-11,-1.2727781791473565e-12,-4.0533392320923147e-17,4.531342103697408e-18,2.6414142765748223e-17,-6.393554722687137e-12,8.560997836563425e-12,-5.924315852704846e-13,7.059897111361124e-14,-3.208477927785225e-14,3.4506002499767872e-12,-4.616403648238787e-12,2.1553508607515443e-12,8.768256520852447e-11,-2.4734617909416558e-11,1.730589005433103e-12,3.4238842872014175e-12,-9.278133816792433e-13,1.363228005931668e-11,2.426381765887405e-18,-3.675215687705162e-12,-4.882205750789126e-13,5.1403226372601285e-17,-1.0706920269758819e-16
1.0444025524245693,9.470655983538522e-18,1.8182314912943791e-12,-2.3566739670854985e-12,9.17737367582087e-13,-3.558398020686582e-14,4.4742209936998735e-14,-4.864624258971162e-13,5.496656833396211e-13,-3.3105607144534587e-13,9.813119333587418e-22,-3.056351468207671e-14,-1.6254358969902682e-13,-6.158268339717665e-14,-1.9156303527572456e-14,1.310476327528414e-12,-1.290872171060593e-12,5.772292366312825e-17,3.199591633307186e-13,1.9567680809018384e-13,4.120144753472996e-14,-4.163336342344337e-16,-2.7238655778087306e-12,1.581296834084123e-14,7.41168079761721e-11,-1.2313000135152727e-12,1.7250066394390582e-12,-6.052047751836653e-13,2.121946029739965e-12,7.445939119906283e-16,1.6235438270630752e-13,6.13242285348679e-14,8.604908333991531e-16,-5.96111850956847e-17,-2.357239080932689e-12,1.7337932972652696e-18,2.723677811339672e-12,-7.411527455000812e-11,-1.4802973661668753e-16,3.0494125743037635e-14,9.470655983538522e-18,1.8178643775475697e-12,-2.3566715986097126e-12,9.17737367582087e-13,-3.586819730116986e-14,4.474220299810483e-14,-4.864575409158078e-13,5.496654057838649e-13,-3.3393140104938844e-13,-3.116777709995707e-11,1.4369652490131558e-10,2.4190430769621685e-12,-4.846913981282342e-13,-5.44534787631316e-14,1.19119297758985e-10,4.580905565168748e-19,-1.8590382568544585e-11,-1.2698175844150228e-12,-5.11935956002069e-17,-2.2002699891445117e-19,3.709599111793508e-17,-8.083376930774951e-12,1.0497217317606556e-11,-2.3124115955397427e-12,4.280223397934435e-14,-2.99615887655591e-14,3.3633229534757446e-12,-4.423015287358112e-12,2.2358411418584487e-12,1.0342531216641267e-10,-2.453998604323715e-11,1.6821117831966603e-12,3.336392939701227e-12,-8.2491939205435e-13,1.2538436051697256e-11,4.796664884768137e-18,-4.425280142770875e-12,-5.171048774362438e-13,8.244961110332947e-17,-1.3849883683795703e-16
1.0907766915109554,1.4491457649776437e-17,1.87765181181021e-12,-2.417413824673531e-12,1.0331137797100116e-12,-3.2400748750660566e-14,4.335434095059654e-14,-4.606852677113693e-13,5.031254117030907e-13,-3.2499277343352636e-13,2.1856179735182374e-21,-3.073698702967439e-14,-2.2048335379665218e-13,-8.344019919448442e-14,-2.010792326296545e-14,1.3508472149650104e-12,-1.3308401999470985e-12,4.562322741819003e-17,3.107457000051106e-13,1.8889928381194887e-13,3.9908095198970795e-14,-2.7755575615628914e-16,-3.041065732871567e-12,2.0112038121993282e-14,6.853751511456764e-11,-1.0779740222736072e-12,1.141788339337583e-12,-5.229594535194337e-13,2.054299882658153e-12,1.5104743266343885e-15,2.2045070660121667e-13,8.29920067289428e-14,1.3317889162042428e-15,-5.2486595099959733e-17,-2.2816212743426673e-12,3.189987775805061e-18,3.041316088163645e-12,-6.853595039399215e-11,-8.881784197001252e-16,2.990200679657088e-14,1.4491457649776437e-17,1.8772894350149726e-12,-2.417411456197745e-12,1.0331137797100116e-12,-3.279865268268622e-14,4.335432707280873e-14,-4.606821590869004e-13,5.031251341473345e-13,-3.279391573111449e-13,-3.218156052753329e-11,1.4374563761521132e-10,2.4918926921912996e-12,-4.592894953248106e-13,-7.38261303941575e-14,1.2006298732991638e-10,9.372518889776028e-19,-2.330507342895764e-11,-1.265339684882368e-12,-6.103859248936864e-17,-8.510161196887637e-18,4.8803705832125295e-17,-9.143620379366742e-12,1.1840195194660434e-11,-3.769488425101978e-12,1.733593824049251e-14,-2.8057611789478186e-14,3.0748892321241782e-12,-3.980943722818135e-12,2.281315876947095e-12,1.11940607894212e-10,-2.2522726794704794e-11,1.6335959251989607e-12,3.0493367830786156e-12,-6.887290737722652e-13,1.2145920574212049e-11,9.034118160302333e-18,-5.127276381757611e-12,-5.605701088503187e-13,1.168453010444943e-16,-1.667738042335824e-16
1.139209960739269,2.2461343832278544e-17,1.964205390928934e-12,-2.517064778828626e-12,1.1499522445390653e-12,-2.944489096989855e-14,4.1994005495205046e-14,-4.527804797760382e-13,4.804303251522887e-13,-3.3105607144534587e-13,4.118394406466099e-21,-3.151703435270529e-14,-3.013214677771714e-13,-1.1362438767648086e-13,-2.0442477076189548e-14,1.3905658773518444e-12,-1.3708082288336042e-12,-2.0426368929626904e-16,3.0207234283374796e-13,1.883506270846632e-13,3.759559282107526e-14,-2.7755575615628914e-16,-3.5392727641068037e-12,2.7927817396553605e-14,6.489309312778807e-11,-9.742934365534928e-13,7.261046712535598e-13,-4.753530902235071e-13,2.0524925428506236e-12,2.3020864728384716e-15,3.0113048116223285e-13,1.1288190296055666e-13,2.086101007739482e-15,-3.1362464251186376e-17,-2.276856836144694e-12,5.922821462276938e-18,3.5394605305758624e-12,-6.489137193515504e-11,-1.924386576016938e-15,2.9753977059954195e-14,2.2461343832278544e-17,1.9639495955440605e-12,-2.517064482769153e-12,1.1499522445390653e-12,-2.984279490192421e-14,4.1993991617417235e-14,-4.527787034191988e-13,4.804300475965325e-13,-3.3309769757276325e-13,-3.3973871419827143e-11,1.439784682588652e-10,2.563748324746484e-12,-4.516325091685758e-13,-8.846331075081555e-14,1.2104345303853847e-10,1.9346362484650417e-18,-3.107810453739564e-11,-1.2493987326204585e-12,-7.408112957822511e-17,-2.1556643959324127e-17,6.412134814418183e-17,-1.0175316589311479e-11,1.3083791827739334e-11,-5.044672235499093e-12,7.373435195745515e-15,-2.650005215265594e-14,2.932491582896546e-12,-3.721004430505085e-12,2.48473952524364e-12,1.2086820788681506e-10,-2.1473169908858835e-11,1.586457631930216e-12,2.9072899643267648e-12,-5.78576075938031e-13,1.1453822386666287e-11,1.7147117983462102e-17,-6.5633143371170666e-12,-6.081616691725836e-13,1.5806708268853732e-16,-1.902970487910788e-16
1.1897937907435858,3.315254328103386e-17,1.9255518661035847e-12,-2.45568365642157e-12,1.1820218877763485e-12,-2.717115421546623e-14,4.0679154489353666e-14,-4.2100456454363667e-13,4.3217327864534617e-13,-3.128661774098873e-13,7.147323014482149e-21,-3.2182589926321725e-14,-3.8632291810003494e-13,-1.4432899320127035e-13,-2.112645376100326e-14,1.4301179598191771e-12,-1.4104590511416454e-12,-2.4446590585203156e-16,2.9227536189890823e-13,1.7665132922342426e-13,3.739167456363395e-14,-2.7755575615628914e-16,-4.207721393955086e-12,3.622817107433523e-14,5.933157549192116e-11,-8.263245351383577e-13,1.559752587660379e-13,-4.119371510569181e-13,1.9275279047300247e-12,3.3694473715780346e-15,3.8596211994937666e-13,1.438380551384294e-13,3.1102112236110205e-15,-1.2296917278794553e-17,-2.139987153890124e-12,1.0494486126638405e-17,4.208096926893203e-12,-5.932985429928812e-11,-2.5165055224836883e-15,2.960594732333751e-14,3.315254328103386e-17,1.9251847523567753e-12,-2.45568365642157e-12,1.1820218507689144e-12,-2.745537130977027e-14,4.0679154489353666e-14,-4.2100545272205635e-13,4.3217300108959006e-13,-3.155236072416301e-13,-3.46675127123793e-11,1.440148480469361e-10,2.6356972160357373e-12,-4.2026915281212494e-13,-1.0291989482880126e-13,1.2193377767426003e-10,3.820467348733994e-18,-4.12525436074459e-11,-1.2308580081092184e-12,-8.493590408996185e-17,-4.014997218120405e-17,7.804998930654945e-17,-1.0553314666594816e-11,1.350256676839005e-11,-5.844421243258088e-12,-7.83306752794033e-15,-2.517097641430155e-14,2.6342426018288735e-12,-3.2773287787316955e-12,2.289956076613938e-12,1.214284566231072e-10,-1.8831997294910252e-11,1.5390408947268952e-12,2.610756943965953e-12,-4.517852758567642e-13,1.1380302385210006e-11,3.104249048054345e-17,-8.017377873506139e-12,-6.705191957223633e-13,2.2125995877778543e-16,-2.335259473543718e-16
1.242623671911505,4.9522431405883255e-17,1.92100439259472e-12,-2.442259135667276e-12,1.2240702155589625e-12,-2.489741746103391e-14,3.940628379162092e-14,-4.048663626576854e-13,4.0688693155506904e-13,-3.080155390004317e-13,1.1851430226353504e-20,-3.349519735647751e-14,-4.940492459581947e-13,-1.8318679906315083e-13,-2.1966555558654883e-14,1.46831502189994e-12,-1.4491582537142936e-12,1.313619352183437e-16,2.832668127839e-13,1.71422953351643e-13,3.612946152282873e-14,-1.3877787807814457e-16,-5.265848035922788e-12,5.3123241488162074e-14,5.555571697680063e-11,-7.237897405084029e-13,-2.5404803263615896e-13,-3.9115377603593513e-13,1.871887657798229e-12,4.1599391755372155e-15,4.938787160161129e-13,1.8259073548480017e-13,4.6888737278117205e-15,3.410340463498617e-17,-2.0779203616159304e-12,1.875869049818516e-17,5.2656602694537295e-12,-5.555408966740213e-11,-3.2566542055671257e-15,3.0346096006420943e-14,4.9522431405883255e-17,1.9206585951299834e-12,-2.4422612080835886e-12,1.2240701415440942e-12,-2.5352164811920375e-14,3.940628379162092e-14,-4.048681390145248e-13,4.068866539993129e-13,-3.1111350532834574e-13,-3.6668401056279736e-11,1.4424040273297578e-10,2.7052733386767615e-12,-4.043947399168246e-13,-1.1106745153218374e-13,1.2284714589252762e-10,7.612402702615867e-18,-5.837083705857179e-11,-1.192990151110962e-12,-9.886637734709553e-17,-6.834610833801085e-17,9.31926408265869e-17,-1.0942684980363993e-11,1.3944050654875658e-11,-6.541075237009863e-12,-1.7256335249626887e-14,-2.4025892386703163e-14,2.4765371975377094e-12,-3.006655387623643e-12,2.3756001610308886e-12,1.2251257430762053e-10,-1.7162165022455157e-11,1.4937238113077456e-12,2.4538189258294096e-12,-3.477148199001097e-13,1.0995661745457605e-11,5.662023103656291e-17,-1.1291023672718175e-11,-7.405557648591336e-13,2.5425122009386894e-16,-2.2536408398781275e-16
1.2977993346475665,7.071297675423188e-17,1.8053469830192626e-12,-2.2882241286955228e-12,1.1856297055246045e-12,-2.3533175408374517e-14,3.8187814022094815e-14,-3.6916514289941913e-13,3.642487237757545e-13,-2.8497500655551753e-13,1.8915897316144925e-20,-3.4669026908555147e-14,-5.88418203051333e-13,-2.1527918336872176e-13,-2.248945077784218e-14,1.505923517087068e-12,-1.4884918694438708e-12,-4.401860820291148e-17,2.734895643285995e-13,1.5749675465612687e-13,3.6519585199893426e-14,-2.7755575615628914e-16,-6.748702430900832e-12,7.303871158785974e-14,5.068668207882149e-11,-5.97200667612791e-13,-7.502835159462812e-13,-3.7569947153315297e-13,1.720716592468455e-12,5.764016289729519e-15,5.880695795930844e-13,2.148410764217059e-13,6.753520269839725e-15,1.0743419678256356e-16,-1.9133314119115077e-12,3.214524738575717e-17,6.748702430900832e-12,-5.068492959177694e-11,-4.440892098500626e-15,3.0494125743037635e-14,7.071297675423188e-17,1.8049822377482391e-12,-2.2882288656470943e-12,1.1856296315097362e-12,-2.4101609596982598e-14,3.8187814022094815e-14,-3.691682515238881e-13,3.642484462199983e-13,-2.894419518876627e-13,-3.824970917776227e-11,1.4433499018196017e-10,2.7741182684337673e-12,-3.6906833145167183e-13,-1.153640146374831e-13,1.2368028113291092e-10,1.4584529561624774e-17,-8.176203270800428e-11,-1.1487940228723421e-12,-1.0973706831377197e-16,-1.0429617176472088e-16,9.999282032474166e-17,-1.0561723939872536e-11,1.3573227874985605e-11,-6.718347359916758e-12,-2.058342385424794e-14,-2.3067422971756457e-14,2.2135022703650973e-12,-2.61995129295182e-12,2.219167072325945e-12,1.1578958947211504e-10,-1.43118086270988e-11,1.448311248708478e-12,2.1926451765352795e-12,-2.4088212905818786e-13,1.1097001870379784e-11,9.89580924311911e-17,-1.4369392344109367e-11,-8.294846291316086e-13,3.1544498548987064e-16,-2.2282649539175543e-16
1.3554249376408263,1.2791194282923567e-16,2.199612936237827e-12,-2.797434284218525e-12,1.5016532461942234e-12,-2.000888343900442e-14,3.722214203527585e-14,-4.287521448986809e-13,4.5104531221085156e-13,-3.844130939493577e-13,3.7519327155897944e-20,-4.0854472582729784e-14,-8.697903508547711e-13,-3.127706427186183e-13,-2.3178383815444397e-14,1.5320986357072622e-12,-1.5195781141333751e-12,-5.102689104585778e-16,2.7108272224185546e-13,1.9214281328796134e-13,2.850354904462386e-14,-1.3877787807814457e-16,-1.0927632966266946e-11,1.8218530635581409e-13,5.340779374841736e-11,-6.51853790194877e-13,-5.622158381769936e-13,-5.917044632042235e-13,2.1100692252904867e-12,8.465450562766819e-15,8.694246834227189e-13,3.1222511081806694e-13,1.230665558308832e-14,2.830939646148811e-16,-2.329322135691388e-12,6.901778519065751e-17,1.0927445199797888e-11,-5.3406041261372816e-11,-7.253457094217689e-15,3.3602750211988073e-14,1.2791194282923567e-16,2.199357140852953e-12,-2.7974369487537842e-12,1.5016532461942234e-12,-2.0406787371030077e-14,3.722214203527585e-14,-4.2876013850445814e-13,4.510450346550954e-13,-3.86454720076775e-13,-5.240629737575849e-11,1.455664460081607e-10,2.82072987189963e-12,-4.2797410060302354e-13,-9.219514041092224e-14,1.2466174733321218e-10,3.4849110243064144e-17,-1.6169346752033414e-10,-9.467241805320252e-13,-1.552185306510232e-16,-1.9446042942618766e-16,1.261616259371638e-16,-1.3383120981795097e-11,1.4596949426959328e-11,-8.827726105664624e-12,-3.711561613606307e-14,-2.2861476600688492e-14,2.737119864093529e-12,-3.109334919167613e-12,2.525818369273717e-12,1.3369329584141572e-10,-1.82390067493543e-11,1.422075346368956e-12,2.712077673550084e-12,-1.6512643104723186e-13,8.727062999906688e-12,2.1613731984705494e-16,-5.227718924939307e-11,-1.0531020500081922e-12,5.092804117153594e-16,-2.605018983164105e-16
1.4156092644919915,2.2400547082890925e-16,2.5781143146256606e-12,-3.299185813432359e-12,1.8272425054514466e-12,-1.659827830735594e-14,3.661737579818691e-14,-4.670379638582744e-13,5.42484853334931e-13,-5.008284157762925e-13,7.557735568572105e-20,-4.8655524054197485e-14,-1.186030440525343e-12,-4.1425196606326153e-13,-2.368145362347767e-14,1.548237914360857e-12,-1.5446374338320571e-12,-7.524363077049401e-17,2.710275580353194e-13,2.2583679112832945e-13,2.1153666875332587e-14,-1.3877787807814457e-16,-1.983039233020696e-11,3.9893626817450785e-13,5.6015494470701894e-11,-6.874865117439623e-13,-3.7652262388100835e-13,-9.878320383904793e-13,2.4863831923581993e-12,1.3006378381715441e-14,1.1857070628675438e-12,4.137987457819918e-13,2.1694732918650474e-14,6.099317281808489e-16,-2.7318344614869924e-12,1.4332371849966332e-16,1.9829766441976765e-11,-5.601380457248037e-11,-1.199040866595169e-14,3.656334494432182e-14,2.2400547082890925e-16,2.5779224680870054e-12,-3.2991872937297256e-12,1.8272424314365783e-12,-1.6939338820520788e-14,3.661736192039911e-14,-4.670450692856321e-13,5.424845757791748e-13,-5.036469019614742e-13,-7.505392810950677e-11,1.4691249816678465e-10,2.8485720449111794e-12,-4.653371021845487e-13,-4.0670429986751816e-14,1.2542328287068472e-10,8.05538845458009e-17,-3.0960137123768486e-10,-6.175430537306662e-13,-2.112774778533725e-16,-3.4466537153301705e-16,1.2638368930033932e-16,-1.6348901491862003e-11,2.0664160160777102e-11,-1.1103135004001767e-11,-7.84203535442174e-14,-2.0276030854304848e-14,3.2848737063773113e-12,-3.620583370148959e-12,2.9305435115626704e-12,1.511434675194323e-10,-2.180968294851482e-11,1.4128405112501242e-12,3.2562557095161536e-12,-8.170390290255606e-14,6.573230332133885e-12,4.5640542705417e-16,-5.6507192264343105e-11,-1.5599743719008075e-12,7.498440819544809e-16,-2.0660524693976093e-16
1.4784659290713034,3.232369225802176e-16,2.387272009703641e-12,-3.0783965006738375e-12,1.755267042824471e-12,-1.659827830735594e-14,3.614693266928981e-14,-3.8606895458315195e-13,5.237873098214626e-13,-5.214436290164789e-13,1.2887184430361778e-19,-5.788772239334605e-14,-1.1608769501236793e-12,-3.7886360715333467e-13,-2.3490634041120222e-14,1.5664458507595538e-12,-1.5728688193153827e-12,-4.994268887337227e-16,2.659266903903834e-13,2.1192672939538053e-13,2.2799763127209706e-14,-1.3877787807814457e-16,-3.041115803929983e-11,5.068970981313506e-13,5.1845701903496626e-11,-5.77460372871271e-13,-8.013364365230013e-13,-1.3987033753437572e-12,2.3368903711354166e-12,1.7539572225167e-14,1.1604256807478843e-12,3.7867652520311865e-13,3.1507166207741775e-14,1.0041129415094764e-15,-2.5700533432692668e-12,2.5063302987324597e-16,3.0410657328715675e-11,-5.18440120052751e-11,-1.6135241291218943e-14,4.15963559892892e-14,3.232369225802176e-16,2.3873525378803607e-12,-3.0784006455064628e-12,1.755267042824471e-12,-1.7109869077103212e-14,3.6146918791502e-14,-3.8608050090260803e-13,5.237870322657064e-13,-5.241626392186542e-13,-9.553089815502366e-11,1.4735815057065337e-10,2.8808151419923434e-12,-3.8410874481087377e-13,2.980504731908695e-14,1.258406815444486e-10,1.590357548992943e-16,-4.918419982894452e-10,-3.3154960258722593e-13,-2.3083472039303756e-16,-4.971436196624962e-16,2.843014789026191e-17,-1.5703519077684784e-11,1.918065114144459e-11,-1.0915870281754299e-11,-7.96931687307989e-14,-1.9915250004665098e-14,3.1656153254289167e-12,-3.3620067840800515e-12,2.764560728489111e-12,1.311006296115617e-10,-1.8932041712105273e-11,1.3947132337932543e-12,3.140113058464067e-12,5.247839200232344e-14,7.047915223011408e-12,8.128315184965384e-16,-1.0157414910188954e-10,-1.9024781749976682e-12,9.11888983829255e-16,-1.3030766154332787e-17
1.5441135899948315,3.978554661415497e-16,1.8988733548515786e-12,-2.4826321739131646e-12,1.4593429797926661e-12,-1.8530954548623414e-14,3.556034633422911e-14,-2.454250136452174e-13,4.4810914238505955e-13,-4.874891601502896e-13,1.9135734350274435e-19,-6.299706127125641e-14,-7.230327447871332e-13,-1.844011054963346e-13,-2.4491817304398265e-14,1.5918751931711027e-12,-1.6045894771618156e-12,-7.921181072179095e-16,2.5691731728172407e-13,1.7440829142657983e-13,2.862495447393822e-14,-2.7755575615628914e-16,-4.1400503585064e-11,5.578008812782195e-13,4.565128608925651e-11,-4.2539165906076867e-13,-1.4260667734921614e-12,-1.793409865058493e-12,1.916554770184311e-12,2.0367749732167855e-14,7.229147861848052e-13,1.8447194094265445e-13,3.898170961806607e-14,1.3428039782602025e-15,-2.118000542392278e-12,3.7569434963585037e-16,4.1400190640948905e-11,-4.564978395750404e-11,-1.9391895496786067e-14,4.366877230192282e-14,3.978554661415497e-16,1.8987667734412146e-12,-2.482639871459469e-12,1.4593429797926661e-12,-1.9156232156092302e-14,3.55603324564413e-14,-2.454383363215129e-13,4.481088648293034e-13,-4.895971035997112e-13,-1.1277491770063837e-10,1.4735996956005693e-10,2.926712205919557e-12,-2.4356960892646386e-13,1.0785076535550312e-13,1.2621593047198687e-10,2.7044026154339183e-16,-6.740265457557803e-10,-1.4704903961160198e-13,-2.1582968984524443e-16,-6.094537298421936e-16,-1.6129547923970932e-16,-1.308303983667732e-11,1.626978018975933e-11,-9.218729483488157e-12,-5.2996523836057465e-14,-1.9660897909723475e-14,2.7030782057124726e-12,-2.770851881273018e-12,2.258578509402772e-12,9.533929793785016e-11,-1.310127117903903e-11,1.3645000684903153e-12,2.684215516524091e-12,1.479664539042839e-13,8.752268935436695e-12,1.2401795050237302e-15,-1.1945953116794244e-10,-2.0659400116566453e-12,9.382036773451958e-16,2.7097502448724206e-16
1.612676174624067,4.607311715819082e-16,1.389253156958148e-12,-1.8745733854075296e-12,1.152522003759297e-12,-2.0804691303055733e-14,3.502202694516399e-14,-8.382716742971752e-14,3.787437955852605e-13,-4.620233085006476e-13,2.717493039438303e-19,-6.672902970924118e-14,6.626643678231403e-14,1.491862189340054e-13,-2.4685115063149965e-14,1.6181565636042008e-12,-1.636785944875945e-12,-8.232130255247938e-16,2.48006129521805e-13,1.3705122308345138e-13,3.4470695233935936e-14,-4.163336342344337e-16,-5.4931017934242984e-11,7.029883696266304e-13,4.032447653971272e-11,-2.978910141861403e-13,-1.969830644282718e-12,-2.317079861313687e-12,1.4986719875434236e-12,2.336672522140759e-14,-6.6619720989724e-14,-1.4953508831305006e-13,4.5311074027003454e-14,1.6681104544883004e-15,-1.6685457924886128e-12,5.355341218850173e-16,5.4930517223658825e-11,-4.0322911819137234e-11,-2.235249022911982e-14,4.4260891248389576e-14,4.607311715819082e-16,1.3890707843226362e-12,-1.8745804908348874e-12,1.152522040766731e-12,-2.1429968910524622e-14,3.5022013067376177e-14,-8.384315464127212e-14,3.787435180295044e-13,-4.640886193859236e-13,-1.3630778994411231e-10,1.4746547094546257e-10,2.9733167039580623e-12,-8.177547528021023e-14,2.1560753182825465e-13,1.266116733419855e-10,4.3984767139495207e-16,-9.131899548567333e-10,3.191891195797325e-14,-1.8711611149594145e-16,-7.060755115248518e-16,-4.369524458733032e-16,-1.0352985431912505e-11,1.2861685642443868e-11,-7.30371733463168e-12,-4.7757103827095195e-14,-1.9591245292716054e-14,2.2799273580176303e-12,-2.2430724870107593e-12,1.7591143356791386e-12,5.050242180004716e-11,-7.552444003522396e-12,1.3343308680191513e-12,2.268499610380559e-12,2.2168489266505276e-13,1.0462496502236454e-11,1.7983526302494734e-15,-1.5556677281260112e-10,-2.136716729476499e-12,9.030026482418838e-16,6.046071541370487e-16
1.6842831130116662,5.615074901257288e-16,1.000747336850812e-12,-1.4811870248839416e-12,9.998941674638217e-13,-2.3078428057488056e-14,3.518903224364323e-14,1.2814105332381587e-13,3.806139662702416e-13,-5.226562886188428e-13,4.1183192708937924e-19,-7.471916603959035e-14,1.3329615189405786e-12,6.883382752675971e-13,-2.4950279937334992e-14,1.6283632428559793e-12,-1.656769959319198e-12,-1.4368714551515892e-15,2.451255344537717e-13,1.1681547202414983e-13,3.836373745327924e-14,-8.326672684688674e-16,-8.131652546575145e-11,1.3555629092365915e-12,3.7280281365690184e-11,-2.2352999146819866e-13,-2.269048248131764e-12,-3.47561979197053e-12,1.268623449185048e-12,2.8356874140489374e-14,-1.333292581768013e-12,-6.885864440097417e-13,5.53104485563893e-14,2.204149558861614e-15,-1.4220778947180848e-12,8.115375125356966e-16,8.131640028810542e-11,-3.7278904411583754e-11,-2.7237471537470508e-14,4.75175454539567e-14,5.615074901257288e-16,1.00042759261972e-12,-1.481193834251826e-12,9.998942044712558e-13,-2.3817392502678557e-14,3.518900448806761e-14,1.2812595429068097e-13,3.8061368871448546e-13,-5.247168625525471e-13,-1.9566262684141595e-10,1.4818942872807384e-10,2.986871194821106e-12,1.3172396506888617e-13,4.523907174795265e-13,1.2679782934216104e-10,7.63108492235886e-16,-1.4543259087351702e-09,4.4521793659176484e-13,-1.643162884854722e-16,-8.712995249858314e-16,-8.770757475850195e-16,-9.042958974229502e-12,1.0349812858597336e-11,-6.101013620233668e-12,-2.8480606761860374e-14,-1.9658802363764494e-14,2.2841457614219963e-12,-2.137723701759834e-12,1.2510099622886627e-12,-3.192690201103687e-11,-4.305547918193042e-12,1.3336691750964746e-12,2.2806436739131186e-12,3.367136199490991e-13,1.1601604689856945e-11,2.7691781368174418e-15,-3.345798194388919e-10,-2.418546844277595e-12,9.359778215788557e-16,1.061624577039077e-15
1.7590695822349836,6.096044404733814e-16,4.980999316709737e-13,-9.842781404737859e-13,8.089283687340299e-13,-2.637534635141492e-14,3.5375966045414486e-14,4.1239278658622424e-13,3.699202980970521e-13,-5.917778859535853e-13,5.778206062491702e-19,-8.059525269388246e-14,3.2184324649797702e-12,1.4682699500667695e-12,-2.533191910204989e-14,1.6434897217944477e-12,-1.6762781638947543e-12,-1.8045460958848736e-15,2.411996817552886e-13,8.88662528577142e-14,4.354496313755938e-14,-1.3877787807814457e-15,-1.1708647594315802e-10,1.8729079400355804e-12,3.4320330747451886e-11,-1.5291476311542023e-13,-2.5791367481790095e-12,-5.042011252953671e-12,9.560827581830127e-13,3.241890985985115e-14,-3.2187880335291598e-12,-1.4684830496596644e-12,5.995389375642246e-14,2.646965762895248e-15,-1.086695333202141e-12,1.130108438311437e-15,1.170860378213969e-10,-3.431901638216848e-11,-3.123427442612107e-14,4.929390229335695e-14,6.096044404733814e-16,4.978488732376718e-13,-9.842825813658844e-13,8.089284427488982e-13,-2.7000623958883806e-14,3.537593828983887e-14,4.1237857573150907e-13,3.6992002054129593e-13,-5.920905247573198e-13,-2.737676065104703e-10,1.4891702448949217e-10,3.0077496049329968e-12,4.1810199746805664e-13,7.563298135930078e-13,1.2704882365793167e-10,1.230620481359845e-15,-2.155987673051689e-09,8.086124362686556e-13,-1.1931648296334766e-16,-9.828256892321861e-16,-1.4368441143397735e-15,-7.326895238672175e-12,8.2216094673034e-12,-4.686472247309818e-12,-3.332842335446173e-14,-1.9868801048872343e-14,2.213728755862121e-12,-1.9640997162007066e-12,6.377073683931182e-13,-1.035853832339247e-10,-4.4656189857050776e-13,1.3300818224593058e-12,2.221243633471204e-12,4.3793709399627307e-13,1.3128871375069492e-11,3.921371704886684e-15,-4.767455741771414e-10,-2.6192751671298233e-12,8.754968457017412e-16,1.5285368920118856e-15
1.8371767615786376,5.999322319527124e-16,-3.865352482534945e-14,-5.035657816658082e-13,6.605004321258434e-13,-2.989963832078502e-14,3.5746128279612324e-14,7.812532842876863e-13,3.797231048115653e-13,-7.009172501663367e-13,7.70898209699154e-19,-8.570806101874477e-14,5.661096591502712e-12,2.4653890040582382e-12,-2.5203053929548756e-14,1.659853740069796e-12,-1.69134547637181e-12,-2.725944470149955e-15,2.3805662302534e-13,6.317620845069024e-14,4.8592050320499464e-14,-1.6653345369377348e-15,-1.653352607765469e-10,2.7195004963783e-12,3.2117454532457497e-11,-1.0072742012147164e-13,-2.8251734114686723e-12,-7.170086746555171e-12,6.685866330853123e-13,3.646471868669806e-14,-5.6610999002251625e-12,-2.46571570995995e-12,5.855419523683968e-14,3.0129593820414116e-15,-7.787859504568994e-13,1.489690586374896e-15,1.65335573720662e-10,-3.2116014989528044e-11,-3.5083047578154947e-14,5.062616992290714e-14,5.999322319527124e-16,-3.899221686272843e-14,-5.035779201042109e-13,6.605005061407117e-13,-3.0581759347114714e-14,3.57461005240367e-14,7.812408497898105e-13,3.797229197743945e-13,-7.005240831858828e-13,-3.859580222827693e-10,1.498701749369502e-10,3.028225670220763e-12,7.902976051354927e-13,1.175072631790878e-12,1.2737088515684837e-10,1.897990374506621e-15,-3.1537476455723738e-09,1.185033552767815e-12,-6.418299548883894e-17,-1.0548415597850097e-15,-2.0925312889584357e-15,-5.991510694987786e-12,6.547575518804175e-12,-3.369412600780682e-12,-1.8133577972534454e-14,-2.020281164583082e-14,2.2666788446201735e-12,-1.928059656375325e-12,3.113503529069324e-13,-2.0127966611956557e-10,2.9767761589027942e-12,1.3321121983267404e-12,2.288008893458482e-12,5.341993514207389e-13,1.4620055811981724e-11,5.256989584856427e-15,-6.635266448060286e-10,-2.7600884540864476e-12,7.722136686966081e-16,1.969296974388037e-15
1.9187520990478337,5.02012474275271e-16,-6.377073683931182e-13,-1.2975990652345597e-14,5.489085112368267e-13,-3.376499080331996e-14,3.6178532392128206e-14,1.252312920030363e-12,4.02997080151124e-13,-8.500743812570969e-13,9.687456812197072e-19,-8.876348730109858e-14,8.51402282009417e-12,3.615163723935666e-12,-2.550291327325332e-14,1.681640937611917e-12,-1.7022891033288293e-12,-3.665167128130697e-15,2.3463826367975393e-13,3.88093949741788e-14,5.35005865513975e-14,-2.220446049250313e-15,-2.2778732721775135e-10,3.664805406126372e-12,3.043444108146308e-11,-6.131161984976037e-14,-3.0354953276228317e-12,-9.965361869035405e-12,3.9503284364569523e-13,3.94208320500522e-14,-8.51408022775217e-12,-3.6153778009251727e-12,4.791933288929022e-14,3.225188103305539e-15,-4.857387102360732e-13,1.8410884816648132e-15,2.277877027506895e-10,-3.043306412735665e-11,-3.80436423104887e-14,5.0922229396140515e-14,5.02012474275271e-16,-6.380673767125699e-13,-1.2986352733908765e-14,5.489086222591292e-13,-3.4219738154206424e-14,3.6178476880976976e-14,1.252295156461969e-12,4.0299680259536785e-13,-8.489659345893112e-13,-5.402980605140328e-10,1.5103250916581602e-10,3.0561286834540624e-12,1.266180049697141e-12,1.7208678926294852e-12,1.2785928646590803e-10,2.7886236258363575e-15,-4.512578031697309e-09,1.5284810454356072e-12,-1.3912798502967634e-18,-1.0647794726591813e-15,-2.774432344643378e-15,-4.927092807823404e-12,5.104970076293587e-12,-2.2259598608798115e-12,-8.685857588730527e-15,-2.0497437080990723e-14,2.398849119344959e-12,-1.950942925728801e-12,-1.8174735790429016e-13,-3.1496892916038633e-10,6.229129212442786e-12,1.3346408422876266e-12,2.4375883533878097e-12,6.581535316740883e-13,1.607112375995183e-11,6.613814135365039e-15,-9.408081492576108e-10,-2.802387951324666e-12,6.228861194919101e-16,2.3168510363794254e-15
2.0039495897155577,3.0470339504985e-16,-1.3028511602897198e-12,4.753622680671773e-13,4.910462036988861e-13,-3.7971403799019756e-14,3.669506365433506e-14,1.8510721844222643e-12,4.515364008620774e-13,-1.053801194454233e-12,1.1457986593212896e-18,-8.935444976524802e-14,1.1531574306555825e-11,4.8155923693116165e-12,-2.5416177099454478e-14,1.709267028510946e-12,-1.7091090447658126e-12,-4.689434604521203e-15,2.3094139448009975e-13,1.842841125177222e-14,5.787244270691521e-14,-2.4980018054066022e-15,-3.0659291428160644e-10,5.025768068273934e-12,2.928568582376314e-11,-3.4357352036267926e-14,-3.2023101881755594e-12,-1.355306977757209e-11,1.6278967837817702e-13,4.2013412424971954e-14,-1.1531707444253266e-11,-4.815643029822796e-12,2.678982858072279e-14,3.272396425829573e-15,-2.374876781018667e-13,2.131528862676768e-15,3.065928516927834e-10,-2.928443404730275e-11,-4.0708177569589075e-14,4.87017833468902e-14,3.0470339504985e-16,-1.30316616756924e-12,4.753504256882479e-13,4.910463147211886e-13,-3.8539837987627837e-14,3.669500814318383e-14,1.8510544208538703e-12,4.5153612330632124e-13,-1.0515037729419418e-12,-7.553462637588381e-10,1.524640538264066e-10,3.0922215898954165e-12,1.8717960514891274e-12,2.4341180922723045e-12,1.285554673049833e-10,3.918495107695389e-15,-6.397811463472473e-09,1.8459678230442478e-12,6.151108087870208e-17,-1.0167715623267114e-15,-3.403608631033831e-15,-4.3429947046054926e-12,4.038000156469934e-12,-1.2441271716549334e-12,-5.922790036194669e-15,-2.0814225343279703e-14,2.6786159956770918e-12,-2.0952964363551983e-12,-6.890938190432887e-13,-4.762938867012659e-10,9.191353456117213e-12,1.338543498263789e-12,2.73898326241806e-12,8.231230512005065e-13,1.736485632289148e-11,7.806738731399987e-15,-1.420463853349867e-09,-2.7657320877949587e-12,4.548141377402892e-16,2.532767233699573e-15
2.092930066429097,2.991817778491123e-18,-2.0803175478552778e-12,9.877817082800297e-13,4.910619318584016e-13,-4.297362465877086e-14,3.7347319681302336e-14,2.6306823386335056e-12,5.342586558339709e-13,-1.3254369453837475e-12,1.2723646687356981e-18,-8.780245049540743e-14,1.4480257271021202e-11,5.969356953183791e-12,-2.503453793473958e-14,1.7431263525856192e-12,-1.7108536809473664e-12,-6.387815623676296e-15,2.267784918186244e-13,1.9525724706343598e-15,6.17663674163989e-14,-2.7755575615628914e-15,-4.0746519232215527e-10,7.140790112706502e-12,2.8533743704006844e-11,-1.6371744727603233e-14,-3.3329174146115054e-12,-1.8191848027981906e-11,-2.478637450325931e-14,4.37640736728843e-14,-1.4480325743047076e-11,-5.969221417324318e-12,-5.425328385992326e-15,3.1649274265807893e-15,-3.722797264259064e-14,2.3023669124760815e-15,4.0746506714450925e-10,-2.8532116394608338e-11,-4.263256414560601e-14,4.529709940470639e-14,2.991817778491123e-18,-2.080793611488237e-12,9.877674974253144e-13,4.910620428807041e-13,-4.3428372009657324e-14,3.7347264170151107e-14,2.630670792314049e-12,5.342583782782148e-13,-1.3228032003098634e-12,-1.0657774206871787e-09,1.5421028365381063e-10,3.1371438780070094e-12,2.661010078952586e-12,3.3829146891169633e-12,1.2948347174829935e-10,5.294343172245598e-15,-9.113128910188493e-09,2.145950084297965e-12,1.2069223387627808e-16,-9.191122436342144e-16,-3.911004369030561e-15,-4.3808062362889664e-12,3.4987692743015942e-12,-2.7568939723702593e-13,-1.656577652831004e-14,-2.1174603737073027e-14,3.158695527361033e-12,-2.4369042894711866e-12,-1.2886024099619439e-12,-7.238195394165814e-10,1.2048985809087753e-11,1.3447412072764565e-12,3.246617197305568e-12,1.0097892892228325e-12,1.8518390955047073e-11,8.623473917591764e-15,-2.1687728171075288e-09,-2.6636470806806756e-12,2.8719982483072874e-16,2.6067290551578734e-15
2.1858615034246722,-3.823780562599151e-16,-2.7634996513370424e-12,1.4611509039733998e-12,4.792978606597369e-13,-4.7066350816749034e-14,3.712433138680638e-14,3.3382479003307707e-12,5.334124808520357e-13,-1.5922220579038063e-12,1.245267196912509e-18,-7.932427862715012e-14,1.6234583122276547e-11,6.61640880972314e-12,-2.5188184871183242e-14,1.7960614394550514e-12,-1.7229075309290109e-12,-8.308154511582621e-15,2.1812326250758574e-13,-1.0811764920041495e-14,6.355719205130083e-14,-2.6367796834847468e-15,-5.041288727252268e-10,6.77426360842696e-12,2.7982962061435225e-11,-4.166068532235607e-15,-3.4525011845931415e-12,-2.256488329521744e-11,-1.70922707512059e-13,4.326288314861667e-14,-1.623462455277558e-11,-6.616567151944717e-12,-4.6227936188449664e-14,2.7601706998562486e-15,1.198169470616539e-13,2.166784235744105e-15,5.041286849587577e-10,-2.798139734085974e-11,-4.2336504672372634e-14,3.700743415417188e-14,-3.823780562599151e-16,-2.7640704540014363e-12,1.461137285237631e-12,4.792979346746051e-13,-4.718003765447065e-14,3.712427587565514e-14,3.3382336894760554e-12,5.334122032962796e-13,-1.5888825070457338e-12,-1.354676593715946e-09,1.5596378943882883e-10,3.2205100808369027e-12,3.3800819920770664e-12,4.165843966082624e-12,1.3089897383077128e-10,6.545569737575976e-15,-1.1533263447648183e-08,2.2180405660302918e-12,1.5880580270938304e-16,-7.442137918383321e-16,-4.013230508209827e-15,-3.767148371025541e-12,3.3821597374602182e-12,-2.9264413115015486e-13,-2.7294555504653317e-15,-1.8820028868660188e-14,3.144295046553225e-12,-2.2161287619818875e-12,-1.8969027829977372e-12,-7.482837342346708e-10,1.4587385521735997e-11,1.3200835979887415e-12,3.2590645737684556e-12,1.2171375018965591e-12,1.9052008033220107e-11,8.356597030573297e-15,-2.4205721585102433e-09,-2.3485842900091334e-12,1.2126801299250367e-16,2.4065096206653373e-15
2.282919333423334,-8.032344447978976e-16,-3.4204579909176875e-12,1.8907873785186288e-12,4.887410106254227e-13,-5.03632691106759e-14,3.681582816383866e-14,4.112636453612595e-12,5.434214189747877e-13,-1.9063008949160577e-12,1.0999214303244382e-18,-6.82578993327354e-14,1.717671144207955e-11,6.920158890366679e-12,-2.519809757676025e-14,1.8549447692147886e-12,-1.7376576368276023e-12,-9.631054634362535e-15,2.0812448986440303e-13,-1.897706797905791e-14,6.444384250235787e-14,-2.3592239273284576e-15,-6.011734061163719e-10,8.640657910091893e-12,2.7626894247277278e-11,3.2777228742615416e-15,-3.539992535571528e-12,-2.6965274457779743e-11,-2.6774448291541567e-13,4.2159562877823e-14,-1.7176848830823595e-11,-6.920184407234215e-12,-9.074050057864962e-14,2.287128972132792e-15,2.2404558828336735e-13,1.802130407550141e-15,6.011729054057877e-10,-2.7625141760232732e-11,-4.1004237042822446e-14,2.7533531010703882e-14,-8.032344447978976e-16,-3.421163796701876e-12,1.8907731676639135e-12,4.88741084640291e-13,-5.0590642786119134e-14,3.681577265268743e-14,4.1126204664010405e-12,5.434211414190316e-13,-1.9029376593001264e-12,-1.7141865100711584e-09,1.5796103980392218e-10,3.315802743486529e-12,4.169071310400341e-12,5.034010245689539e-12,1.3254042566310951e-10,7.756913205540426e-15,-1.4556553954782213e-08,2.2562692455115516e-12,1.82653461944469e-16,-5.614818099396526e-16,-3.860498301603311e-15,-3.787029356772109e-12,3.2318420532343833e-12,1.336969053985134e-13,-2.2102292218662e-14,-1.6913748179803177e-14,3.199677856002836e-12,-2.126027687232579e-12,-2.3134513564097385e-12,-8.777133189141751e-10,1.6772901290096343e-11,1.291183160390119e-12,3.3434330859449802e-12,1.3621585341165125e-12,1.9315363262317238e-11,7.257002617659897e-15,-2.962317977880182e-09,-2.0011770018868447e-12,-3.883070080756834e-18,2.101486573733574e-15
2.3842867788067266,-1.2132250092793465e-15,-3.914465196430683e-12,2.2264382929885564e-12,4.639663838309124e-13,-5.2864379540551457e-14,3.614952781560987e-14,4.816397947138285e-12,5.217166513619513e-13,-2.2349316471566755e-12,8.193549325045344e-19,-5.422861234135231e-14,1.704660718138129e-11,6.778258510031776e-12,-2.608032837311417e-14,1.920507403901135e-12,-1.7587518742954802e-12,-1.12192373447062e-14,1.9610806034631168e-13,-2.381815674922574e-14,6.417241374917634e-14,-1.8041124150158794e-15,-6.771572386832157e-10,9.492805224477594e-12,2.7362832002957997e-11,7.78900788346409e-15,-3.6048423798226096e-12,-3.049578367608774e-11,-3.277739836654968e-13,4.007294351672982e-14,-1.7046978901790193e-11,-6.778493656965846e-12,-1.338752093303011e-13,1.772269736023159e-15,2.891420952795575e-13,1.1906602289161511e-15,6.771568631502776e-10,-2.736120469355949e-11,-3.863576125695545e-14,1.554312234475219e-14,-1.2132250092793465e-15,-3.915400744366101e-12,2.2264228978959484e-12,4.639664578457806e-13,-5.2921222959412265e-14,3.614947230445864e-14,4.816385512640409e-12,5.217162812876098e-13,-2.2313552487200163e-12,-2.0900382272278267e-09,1.6006742953322829e-10,3.427081729512338e-12,4.890258864520547e-12,5.7912548830548376e-12,1.3440282478691821e-10,8.711986141223574e-15,-1.7692207922685523e-08,2.223628688587572e-12,1.900306445766035e-16,-3.826757297544295e-16,-3.4296176444763237e-15,-3.7044654751146785e-12,2.879332328120654e-12,1.0770418631030527e-12,-1.2046919017905111e-14,-1.5060536151523253e-14,3.0569160536231266e-12,-1.9578607253952404e-12,-2.631016589778786e-12,-1.0683846388322612e-09,1.8367245502304286e-11,1.2502932023039647e-12,3.227783818005037e-12,1.3808236036065105e-12,1.923203198762008e-11,5.22349907872179e-15,-3.5394590284441098e-09,-1.6098974005747853e-12,-8.78977157262965e-17,1.7161427353703842e-15
2.4901551974979,-1.5775206774732165e-15,-4.210808886758362e-12,2.4377744267667368e-12,4.2692523590422603e-13,-5.400124791776761e-14,3.517983127032665e-14,5.416930903834327e-12,4.493278897103418e-13,-2.570838357011477e-12,4.2939352294762173e-19,-3.866120386793644e-14,1.604289617818111e-11,6.27605606373649e-12,-2.6181933605278525e-14,1.988872236545282e-12,-1.789203705828056e-12,-1.1967380211808099e-14,1.8309104232727691e-13,-2.6868042674431477e-14,6.300563571355384e-14,-1.3877787807814457e-15,-7.26716821237102e-10,9.764010907199154e-12,2.7144271832973898e-11,1.048106073607244e-14,-3.649131795711785e-12,-3.310809404410975e-11,-3.626298228107052e-13,3.793092142462262e-14,-1.6043501679683454e-11,-6.276199169952929e-12,-1.71851668940234e-13,1.2872286854590138e-15,3.2824195557994633e-13,3.9129561018127143e-16,7.267164457041639e-10,-2.7142644523575388e-11,-3.656334494432182e-14,2.220446049250313e-15,-1.5775206774732165e-15,-4.211820225918927e-12,2.437753110484664e-12,4.269253099190943e-13,-5.383071766118519e-14,3.5179748003599796e-14,5.416913140265933e-12,4.4932761215458565e-13,-2.567261958574818e-12,-2.489303975986938e-09,1.6226476873271168e-10,3.5475293813647113e-12,5.51131584813902e-12,6.3819172169132795e-12,1.3639367413276204e-10,9.333681138700411e-15,-2.0951677603838936e-08,2.162751459403959e-12,1.8576195992316599e-16,-2.269662503368482e-16,-2.8100402276705235e-15,-3.3975998311082852e-12,2.2902071350472396e-12,1.5790971493364244e-12,-9.82652847980603e-15,-1.2839493357397202e-14,2.614668925815522e-12,-1.4587105597504055e-12,-2.936000479773308e-12,-1.22116277149568e-09,1.923854142660275e-11,1.2016299066885949e-12,2.810250254725588e-12,1.4057806770514011e-12,1.8882763569815038e-11,2.4461434808652464e-15,-4.5934998720450985e-09,-1.212585587495596e-12,-1.3388026581448443e-16,1.3189051088248472e-15
2.600724444200114,-1.873443479117109e-15,-4.226573461589093e-12,2.473962368298999e-12,3.694532457743094e-13,-5.343281372915953e-14,3.3913871710922194e-14,5.8571902883386426e-12,3.0715023117503887e-13,-2.8970437900473674e-12,-3.689942421850716e-20,-2.2478546801707466e-14,1.4408960136158555e-11,5.5153798195206605e-12,-2.7133553340671517e-14,2.0571521916479263e-12,-1.825841065640686e-12,-1.2359080772683661e-14,1.699206747529658e-13,-2.8869026032767515e-14,6.112479708433161e-14,-8.326672684688674e-16,-7.478911207751837e-10,1.0169668139220561e-11,2.6941296279921653e-11,1.1889553741601156e-14,-3.677515826951129e-12,-3.425046912752805e-11,-3.8367242199836806e-13,3.5181529275489045e-14,-1.4409579994869356e-11,-5.515091150692236e-12,-2.0215894613254307e-13,8.704962681130128e-16,3.5328652148428127e-13,-5.249257106629512e-16,7.478904948869536e-10,-2.6939731559346163e-11,-3.419486915845482e-14,-1.1694349192718315e-14,-1.873443479117109e-15,-4.227445060678292e-12,2.4739404598979795e-12,3.6945328278174355e-13,-5.309175321599469e-14,3.3913760688619734e-14,5.8571796301976064e-12,3.071498611006973e-13,-2.893524235029569e-12,-2.919662316950659e-09,1.6445846995338799e-10,3.672322890224677e-12,5.975353545295547e-12,6.723187932304123e-12,1.384442302401046e-10,9.559004560084391e-15,-2.4379590331187105e-08,2.101763207917884e-12,1.7443051126761478e-16,-1.0257521557404531e-16,-2.0912145938884487e-15,-3.1973144132280142e-12,1.7659450198455792e-12,2.4145627719462937e-12,-3.704814233174147e-15,-1.05869202293718e-14,1.7722063816449918e-12,-7.24860356922837e-13,-2.8997722741526863e-12,-1.3380195014178752e-09,1.9155777408741416e-11,1.1480540962338637e-12,1.988736730851315e-12,1.2216020787529184e-12,1.8320874533224225e-11,-8.309810442465658e-16,-5.171627322459814e-09,-8.275232351214375e-13,-1.514179587558858e-16,9.549343737633165e-16
2.7162032476755686,-2.0993849946412553e-15,-3.364978814109539e-12,1.9618428363325316e-12,1.8532864132225767e-13,-4.740741132991388e-14,3.179412289000538e-14,6.0110174615601864e-12,-1.3214577580337542e-13,-3.1371503913154203e-12,-5.442404510336852e-19,-6.627800160548721e-15,1.2444732744310016e-11,4.616619586617077e-12,-2.751023615259791e-14,2.121531497106017e-12,-1.8675537307087456e-12,-1.0533110841870475e-14,1.5956333476729867e-13,-3.0982968129074134e-14,5.772494078344915e-14,5.551115123125783e-16,-6.452358436388669e-10,1.3380660570689357e-11,2.6742451589188694e-11,1.117907280529384e-14,-3.703576248135874e-12,-2.979785307388738e-11,-3.973565662553758e-13,3.26742756115439e-14,-1.2445524720115699e-11,-4.616526540047821e-12,-2.2454308348898251e-13,5.378896384290038e-16,3.7236041123874255e-13,-1.4904582797928653e-15,6.452356871668093e-10,-2.6741074635082264e-11,-3.1530333899354446e-14,-2.5017025488220195e-14,-2.0993849946412553e-15,-3.365829096916665e-12,1.9618132303852083e-12,1.85328715337126e-13,-4.666844688472338e-14,3.179401186770292e-14,6.011019237917025e-12,-1.3214614587771696e-13,-3.134914550173562e-12,-3.603156073950231e-09,1.6644480638206006e-10,3.795795677774549e-12,6.157192089517593e-12,6.4412652989176424e-12,1.4047690659292268e-10,9.387743226972985e-15,-2.9808490763155624e-08,2.075302892497651e-12,1.6094701164986088e-16,-9.886952548621615e-18,-1.3568202912479326e-15,-3.4071436042874363e-12,2.980110972809295e-13,6.058967253845064e-12,-1.0507789083291642e-14,-9.829081992762667e-15,-7.708695903829721e-13,1.4809061384587115e-13,-2.252515211390952e-12,-1.829578347193698e-09,1.6437297745142132e-11,1.0855245591301355e-12,-5.334399588718952e-13,-7.053801986955932e-13,1.730134123822688e-11,-4.361112025616795e-15,-5.8247802453832985e-09,-4.690322204699745e-13,-1.522458374647595e-16,6.506639664271655e-16
2.836809604776269,-2.2361022448466373e-15,-1.4098683701983343e-12,8.225402581274465e-13,-9.702053975028472e-14,-3.410605131648481e-14,2.8430341414420466e-14,5.3402242627953456e-12,-9.658993975018386e-13,-3.180806137000521e-12,-1.0514097689400408e-18,9.190564975725124e-15,1.0256552551712872e-11,3.6306027628718596e-12,-2.8526288474241465e-14,2.17817455540535e-12,-1.9108524286691267e-12,-7.20651836816355e-15,1.5240725348419915e-13,-3.408126494198155e-14,5.22661089150047e-14,1.5265566588595902e-15,-4.1416917503900867e-10,1.0830111267424506e-11,2.652764674858576e-11,8.587382108347621e-15,-3.739948177913082e-12,-1.94393834362927e-11,-4.0974975350700543e-13,3.014775928900093e-14,-1.025753426289874e-11,-3.6302866501759443e-12,-2.3687474757183226e-13,2.8086291159554885e-16,3.93265846244584e-13,-2.42404673839637e-15,4.141691437445972e-10,-2.6526269794479335e-11,-2.9013828376870755e-14,-3.8191672047105385e-14,-2.2361022448466373e-15,-1.410299432791362e-12,8.225053231096051e-13,-9.702053975028472e-14,-3.376499080331996e-14,2.843020263654239e-14,5.340218933724827e-12,-9.6589976757618e-13,-3.179626636059159e-12,-4.32188001771768e-09,1.6771446098573506e-10,3.916461821518169e-12,5.518312917729418e-12,4.839548021588295e-12,1.4238261732426181e-10,8.715672329968737e-15,-3.5007837423554315e-08,2.0655329298809497e-12,1.4484579623682178e-16,5.3840440858548185e-17,-6.549972288725017e-16,-1.4062540761491012e-12,-1.5495515981456266e-12,6.744474016310657e-12,1.7057133483433518e-14,-9.921924393196946e-15,-5.578140616080418e-12,2.8721786060614818e-12,-9.849827620200812e-13,-1.6635021893307566e-09,1.0599251254461706e-11,1.0084875157190253e-12,-5.335149211305179e-12,-3.2429903207287223e-12,1.566279405915074e-11,-7.85131572673803e-15,-5.112323160872375e-09,-1.2723155862204294e-13,-1.44361699966807e-16,4.067974436761564e-16
2.962771191970869,-2.2883620770505185e-15,2.977079323803385e-12,-1.6134507063725323e-12,-8.309209246585661e-13,-6.366462912410498e-15,2.2243040742608855e-14,3.029496653539354e-12,-2.681901275132977e-12,-2.8170082562913497e-12,-1.5173160781015188e-18,2.4646951146678475e-14,8.056576239479085e-12,2.6451063561694355e-12,-2.9715813143482706e-14,2.2186357413943117e-12,-1.9473311851925246e-12,1.849388697738874e-15,1.538245225640722e-13,-3.932577777633004e-14,4.2214041935823397e-14,2.4980018054066022e-15,1.1161521139008524e-10,2.5529408808694486e-12,2.6292500540501493e-11,1.7189922447270278e-15,-3.814820057450162e-12,5.928946222866216e-12,-4.20851983753257e-13,2.7811556587801583e-14,-8.057483750578773e-12,-2.644806591209402e-12,-2.3966598552831947e-13,8.687847533397908e-17,4.196094376355806e-13,-3.2523691579797412e-15,-1.1161577468949241e-10,-2.6291060997572043e-11,-2.6793382327620446e-14,-5.10702591327572e-14,-2.2883620770505185e-15,2.9767311578628625e-12,-1.613482088676695e-12,-8.309209246585661e-13,-5.968558980384841e-15,2.2242874209155162e-14,3.0294842190414785e-12,-2.681901737725904e-12,-2.8154403253211058e-12,-5.015176914942761e-09,1.6753983800299465e-10,4.026977862281456e-12,3.2432367902401892e-12,5.1292007678209e-13,1.4396649247416018e-10,7.556603831087084e-15,-3.916730433709312e-08,2.0851468699826605e-12,1.273761369817439e-16,9.280449853333224e-17,-3.7883650209902255e-17,3.3928107730692623e-12,-7.117193945305189e-12,1.0107925163538312e-11,6.793407503202787e-14,-1.7512824523890913e-14,-1.5358419869215822e-11,8.091942116372763e-12,2.176117656442026e-12,-8.843950733232001e-10,-1.1950760381296278e-12,8.918661364987202e-13,-1.5134679287598372e-11,-8.748692881255238e-12,1.2634531663785089e-11,-1.1020576650639333e-14,8.449190681282287e-10,1.9551027463649007e-13,-1.3724228640118092e-16,2.214585936508029e-16
3.0943257951443592,-2.262856830806519e-15,8.792540029389784e-12,-5.028526336066837e-12,-1.333039160537434e-12,3.2400748750660566e-14,1.367400637164451e-14,-1.4506724710372509e-12,-4.319977431332944e-12,-1.889323660482963e-12,-1.9044981608002533e-18,3.966503051936835e-14,5.9901736348955126e-12,1.7229273563401648e-12,-3.0818601638925105e-14,2.2351342007390483e-12,-1.968584025949635e-12,1.3814990817984097e-14,1.6147656128895348e-13,-4.60387542042961e-14,2.832490782620386e-14,3.191891195797325e-15,7.276482993956898e-10,-5.430155920728477e-12,2.6031192204395072e-11,-7.480831276370019e-15,-3.947117182107634e-12,3.8387781842175175e-11,-4.341488409086513e-13,2.5496821089617445e-14,-5.990895306966573e-12,-1.722941501790384e-12,-2.3369140112340214e-13,-4.7988821033281834e-17,4.5367456561499496e-13,-3.911525863106628e-15,-7.276487688118624e-10,-2.6029690072642602e-11,-2.4868995751603507e-14,-6.439293542825908e-14,-2.262856830806519e-15,8.79239318389106e-12,-5.028561271084679e-12,-1.3330390865225658e-12,3.234390533179976e-14,1.3673895349342047e-14,-1.4506955636761631e-12,-4.319977801407286e-12,-1.8884425874906206e-12,-5.226014764048159e-09,1.6518242773599923e-10,4.1227234959251294e-12,-1.2036238672408218e-12,-6.137161889796516e-12,1.4504366699944765e-10,5.939364329474622e-15,-3.8487812034600694e-08,2.137105307535118e-12,1.089234677569458e-16,1.119920309556229e-16,4.628631643186405e-16,6.400265798826392e-12,-9.4607817876143e-12,7.98961015865037e-12,9.350845098232696e-14,-2.5788260415993136e-14,-2.4630516293200343e-11,1.562308634313799e-11,5.897466811196258e-12,1.7036533487650256e-09,-1.7793354345485568e-11,7.537046542438475e-13,-2.4504603679531556e-11,-1.1256011678284494e-11,8.455768385226482e-12,-1.3617139987338221e-14,1.4058970808934834e-08,4.99711383383783e-13,-1.2906342661267446e-16,8.922116517817713e-17
3.231721758481954,-2.1735089494994325e-15,1.321617067636301e-11,-7.892701603395835e-12,-1.0311765885617775e-12,6.514255801448598e-14,5.035027950128779e-15,-7.275462010625233e-12,-4.4032538726312965e-12,-4.4383341446518897e-13,-2.1869857166610938e-18,5.416731877853446e-14,4.165938427558302e-12,9.112502419306168e-13,-3.184208848975142e-14,2.2246837308844852e-12,-1.9701700588419564e-12,2.2484574965786486e-14,1.6678360081900933e-13,-5.302605899590501e-14,1.4404256211570208e-14,3.608224830031759e-15,1.0681174454310133e-09,-5.3561368139050386e-12,2.5740654887938543e-11,-1.418199162848538e-14,-4.13051808076053e-12,6.196501090016681e-11,-4.557078228984654e-13,2.3132103871281728e-14,-4.166274530231773e-12,-9.111302173619908e-13,-2.2054375692616796e-13,-1.2735648581736758e-16,4.960502293165307e-13,-4.360696193651059e-15,-1.0681176957863053e-09,-2.5739277933832113e-11,-2.1908401019269757e-14,-7.593925488436071e-14,-2.1735089494994325e-15,1.3216014356961144e-11,-7.892736538413677e-12,-1.0311765145469092e-12,6.497202775790356e-14,5.034972438977547e-15,-7.275486879620985e-12,-4.403254242705638e-12,-4.4571872119073914e-13,-4.46854392066598e-09,1.6047124518081546e-10,4.20337187279074e-12,-7.01216507081881e-12,-1.2677411712995005e-11,1.4554378374333114e-10,3.934023910181733e-15,-2.988562022153902e-08,2.2278475360811476e-12,9.091559247340989e-17,1.1695532780089946e-16,8.331722356307026e-16,1.7125264169711348e-13,-4.136372429760134e-12,2.32863091772136e-12,4.934419539637247e-14,-2.0418111645881254e-14,-2.5060927555387026e-11,2.4025360589874366e-11,8.986717148218304e-12,5.908628130176415e-09,-3.178229235345498e-11,6.172786726210689e-13,-2.5143097381885583e-11,-3.066563299588173e-12,4.288752815416818e-12,-1.5469236719554383e-14,3.374086940404098e-08,7.844095743318272e-13,-1.1616684177095938e-16,3.0314292742694705e-18
3.3752184532845706,-2.0354140736148633e-15,9.091612203822782e-12,-6.452239631471457e-12,9.075665404386275e-13,4.9681148084346205e-14,5.1467718975573e-15,-9.729768990496267e-12,6.859860827527579e-13,8.440110832452774e-13,-2.3492409161261267e-18,6.824633450956223e-14,2.6402491304367004e-12,2.348815586472597e-13,-3.120271898003426e-14,2.207355082447674e-12,-1.9722319016019745e-12,1.4627361821784036e-14,1.4127206349190403e-13,-5.6011397070841836e-14,1.4994011765394302e-14,4.163336342344337e-15,6.039745141253896e-10,3.7314869514011334e-12,2.5418572804680186e-11,-7.361032357309252e-15,-4.281810913204422e-12,3.962066230656092e-11,-5.041187106001438e-13,2.1017909634934995e-14,-2.64023388384365e-12,-2.346987689372422e-13,-2.0197853477003678e-13,-1.466837447946373e-16,5.468009765904568e-13,-4.580001361675772e-15,-6.039745063017867e-10,-2.5417571383511875e-11,-1.9539925233402755e-14,-8.77816338136957e-14,-2.0354140736148633e-15,9.091545886500778e-12,-6.452268645299834e-12,9.075665774460617e-13,4.9396930990042165e-14,5.14671638640607e-15,-9.729792083135181e-12,6.85985620159831e-13,8.421163026165839e-13,-3.0251637023563185e-09,1.5552359400317073e-10,4.2851304726809755e-12,-9.500208619783734e-12,-1.0162612973374507e-11,1.4592681068682682e-10,1.631209548182717e-15,-2.0191835272485824e-08,2.360556194958008e-12,7.625862470430252e-17,1.138461973709352e-16,1.074397822589899e-15,-1.770313436585032e-11,1.4164792598118462e-11,-5.818021027910921e-12,-1.0221617996464261e-13,7.866707285586472e-15,3.5488012528617217e-12,8.552746103932899e-12,6.6556822275742885e-12,5.399648216553032e-09,-2.5016561266966164e-11,5.872724528899198e-13,3.149739136176777e-12,1.279529667404707e-11,4.517381301069278e-12,-1.6482074182476896e-14,2.8214207734068918e-08,1.0490867434024647e-12,-9.074736043631256e-17,-4.0145476642069094e-17
3.5250867676009126,-1.8637356740368318e-15,4.580215318128466e-12,-3.3442404401284877e-12,4.520375555353932e-13,2.3874235921539365e-14,8.288592034944031e-15,-6.788127393519972e-12,1.6433721975831854e-12,1.39455854271849e-12,-2.3879100243334735e-18,8.183268877341258e-14,1.4276774207289122e-12,-2.983724378680108e-13,-3.118537174527449e-14,2.21332005302864e-12,-2.000304683796068e-12,9.794639058147148e-15,1.1173423297705654e-13,-5.693120393717373e-14,2.100679530196682e-14,4.3021142204224816e-15,3.127603699603309e-10,1.9104765387704104e-11,2.506087768112373e-11,-2.3743412295074e-15,-4.351597450871166e-12,2.5990676277842796e-11,-5.667301253609811e-13,1.903703612573156e-14,-1.4275466388418562e-12,2.983221241109439e-13,-1.7978335775863555e-13,-1.7599853865957193e-16,6.042162894046474e-13,-4.5709312435410665e-15,-3.1276060466841723e-10,-2.50598136711324e-11,-1.7319479184152442e-14,-9.888386405994727e-14,-1.8637356740368318e-15,4.57929634952355e-12,-3.344273006670543e-12,4.520376295502615e-13,2.3533175408374517e-14,8.288592034944031e-15,-6.788146933445205e-12,1.6433719200274292e-12,1.3956480415799887e-12,-2.636491747883459e-09,1.536063791718334e-10,4.374385298433481e-12,-6.631669435819276e-12,-5.916650872942834e-12,1.4688805727303134e-10,-8.614153020008823e-16,-1.9755103483930927e-08,2.5366375666635577e-12,6.401744007585494e-17,1.0616128202217689e-16,1.1993372151889817e-15,-1.3805101654421985e-11,7.018381135518818e-12,8.399595685659733e-12,-4.5903392198454186e-14,-1.852221154230449e-14,9.378454457475981e-12,-8.213973390347463e-12,3.48184888328736e-12,1.7270552537714441e-09,-7.788003131281585e-12,5.03943553553654e-13,9.038753745471695e-12,1.84201246848185e-12,6.274438333239126e-12,-1.664190089546876e-14,2.41894978111099e-08,1.2979247306551163e-12,-8.963569180879076e-17,-6.881214348330999e-17
3.6816096176004676,-1.6726903969271437e-15,3.4798783114335188e-12,-2.9498661291427196e-12,1.4358606896062536e-12,2.148681232938543e-14,5.761391363989787e-15,-6.469671021136492e-12,1.14165473371249e-12,1.8868983412782353e-12,-2.310181585464808e-18,9.463494802612142e-14,5.127842594987442e-13,-6.933689733479298e-13,-3.109120104229289e-14,2.2163991871984988e-12,-2.027267242965536e-12,7.0329592843920706e-15,1.0559331187209864e-13,-6.215957980895499e-14,1.722217329987207e-14,4.579669976578771e-15,1.6053839470331066e-10,4.1208744878149696e-11,2.4659620736745702e-11,-5.076784804687346e-16,-4.445261624519851e-12,1.7048229494776022e-11,-6.179811184744912e-13,1.6870727904960692e-14,-5.120930806137847e-13,6.9305116658612e-13,-1.5565211995978932e-13,-1.7249521038972814e-16,6.637778182402789e-13,-4.354865513318458e-15,-1.6053870373562434e-10,-2.465886967086947e-11,-1.509903313490213e-14,-1.0983806456958216e-13,-1.6726903969271437e-15,3.479089608996825e-12,-2.949890406019525e-12,1.4358607636211219e-12,2.1543655748246238e-14,5.761557897443481e-15,-6.469692337418564e-12,1.1416545486753194e-12,1.8905268461821832e-12,-2.2420426830649376e-09,1.5279147191904486e-10,4.444721923846373e-12,-6.3516907289340455e-12,-6.083169523662946e-12,1.478261957288396e-10,-3.426299953888317e-15,-1.5563402825826496e-08,2.7588302013252055e-12,4.9792707572845114e-17,9.427174029833877e-17,1.2280660429547785e-15,-3.235469966019385e-11,1.6791725935642413e-11,2.8653263465609293e-12,-1.855744446999097e-13,3.448312468901094e-14,5.7280384879732085e-12,2.717969960208677e-11,2.6378378000420828e-12,5.2094546845182774e-09,-6.44467945676297e-12,4.487432647692913e-13,5.4248934233669386e-12,3.4427518613711074e-11,5.227020366925614e-12,-1.6012471109410782e-14,1.6768963887065406e-08,1.5344392423344289e-12,-8.096279723035504e-17,-7.563159444788174e-17
3.845082481652771,-1.4748288311092206e-15,-1.6749860757651427e-12,2.4803152124756404e-13,1.1758549689488973e-12,-1.1368683772161604e-14,1.2128464899063829e-14,-4.409393739024381e-12,4.2054318823610735e-12,2.156108773003022e-12,-2.1347757307579718e-18,1.069931180689802e-13,-1.3895135042574225e-13,-9.62771529167128e-13,-3.119032809806299e-14,2.219083052233474e-12,-2.054388405424236e-12,-1.6518904299989146e-15,7.173775462554488e-14,-6.348281073946753e-14,2.8517794956890235e-14,4.0245584642661925e-15,-3.855822997809356e-11,-1.4036443337576144e-11,2.4208543089244153e-11,8.225907206651005e-15,-4.4952700941124335e-12,-4.034728107171759e-12,-6.893710408718995e-13,1.5128740274428232e-14,1.3901708018244918e-13,9.623632592865514e-13,-1.3108554110737224e-13,-1.6770168153462662e-16,7.254048782845154e-13,-3.969466581108936e-15,3.855759406587218e-11,-2.4207979789836978e-11,-1.2730557349035129e-14,-1.199040866595169e-13,-1.4748288311092206e-15,-1.6761513658517894e-12,2.4800073106234776e-13,1.1758550244600485e-12,-1.0459189070388675e-14,1.2128464899063829e-14,-4.409418608020133e-12,4.205431604805317e-12,2.161073098250199e-12,-1.5554542187601328e-09,1.5235855244100095e-10,4.517687557381578e-12,-4.348841287082905e-12,-6.375670362028056e-13,1.4879815725818877e-10,-5.9458625197461346e-15,-1.383668034509877e-08,3.0283923517041935e-12,3.7510142561481e-17,8.190966712765905e-17,1.1831688695914297e-15,-4.3345220746005e-12,1.1765934004870359e-11,-1.3500933704335694e-11,-6.109490691130759e-14,1.0818859697003802e-14,2.5480356047324904e-11,-2.318060743355943e-11,-7.827717733259003e-13,-3.8510188460350035e-10,1.0133589967153966e-11,4.4505554797069637e-13,2.506120289069713e-11,4.3678653286841984e-12,8.579764805593049e-12,-1.472304145648393e-14,-4.496863449074453e-09,1.7541523789077473e-12,-7.284898957219769e-17,-7.729060447214664e-17
4.015813958121152,-1.280546307012853e-15,-1.931615164115404e-12,1.4577222392138842e-12,-3.142769563109956e-13,-1.6711965145077555e-14,1.2330414467243145e-14,-8.06906541583885e-13,7.222997200351244e-13,1.9184274909396966e-12,-1.8857422540009196e-18,1.1869671912023705e-13,-5.696831895107834e-13,-1.124621229475764e-12,-3.207008071802266e-14,2.244090330227877e-12,-2.101969392193886e-12,7.607196123027293e-16,6.584004175191893e-14,-6.756546226897574e-14,2.969201112369605e-14,3.747002708109903e-15,1.3632647481259644e-11,1.5297901292600375e-12,2.3699320425157482e-11,6.895772473691626e-15,-4.5031875802244006e-12,1.766053969731729e-12,-7.47851393215527e-13,1.3431530193619423e-14,5.690895888213476e-13,1.124352550624895e-12,-1.0732271423869892e-13,-1.8904352367364597e-16,7.869512535159159e-13,-3.462907328205219e-15,-1.363347296304606e-11,-2.3699007481042386e-11,-1.0954200509634878e-14,-1.2982207901283496e-13,-1.280546307012853e-15,-1.9327070314526886e-12,1.4576920411476143e-12,-3.1427690079984435e-13,-1.5859313862165438e-14,1.2330469978394376e-14,-8.069367396501548e-13,7.222994424793683e-13,1.9247560582395333e-12,-1.7060180349896351e-09,1.5481055015698076e-10,4.58746285403322e-12,-8.018012920274487e-13,-2.3434587603787806e-13,1.503293613622677e-10,-8.313087732052593e-15,-1.4799242366395622e-08,3.346212196220222e-12,2.4521761935828817e-17,6.81502380570076e-17,1.0874768244471348e-15,4.649674423262695e-12,-4.366711436887271e-12,3.5080910028758202e-12,3.190761543869769e-14,-1.624098078245595e-14,4.759362681738821e-12,-8.373434908411545e-12,-1.4218433837716777e-12,-6.955378921702504e-10,1.771968527464196e-11,3.372999657358378e-13,4.680242859933514e-12,-3.489492398737563e-12,8.883914276060127e-12,-1.2947458434620557e-14,1.5194323084836102e-09,1.963725478522823e-12,-8.610480673372962e-17,-8.469425970732598e-17
4.194126347923943,-1.0979026932381175e-15,-1.3915268937125802e-13,3.118299692535705e-13,-1.0306531554131008e-13,-4.6611603465862574e-15,9.085787677776125e-15,4.690807742235848e-13,-1.8863948366328505e-12,1.5133991837501525e-12,-1.5919690594527119e-18,1.2958153069083286e-13,-8.27463098040937e-13,-1.2014694794615366e-12,-3.252606517456513e-14,2.272621575054907e-12,-2.152246634880482e-12,2.692464307063602e-15,7.613354391367011e-14,-7.408479514613508e-14,2.487764919778018e-14,3.469446951953614e-15,5.6210763690877255e-11,1.666924437827981e-11,2.3118151909009896e-11,5.780053357092025e-15,-4.512466373237042e-12,6.543476871456733e-12,-7.945840368102138e-13,1.1803853612139351e-14,8.271934027505312e-13,1.2006204136352089e-12,-8.530280044455528e-14,-1.8124201141625495e-16,8.448506752071232e-13,-2.8880092585936782e-15,-5.621102195381482e-11,-2.311755731519121e-11,-1.0066022089934753e-14,-1.3959204162953634e-13,-1.0979026932381175e-15,-1.394984868359946e-13,3.117891130462643e-13,-1.0306524152644177e-13,-4.206412995699793e-15,9.08600972238105e-15,4.690559052278331e-13,-1.886395206707192e-12,1.519803542275137e-12,-1.9757135305553676e-09,1.5868135960772634e-10,4.645968942895706e-12,4.593001534658469e-13,-1.5158807542547948e-12,1.519962450476119e-10,-1.0444829182343986e-14,-1.5347067813678384e-08,3.715472374210549e-12,9.818534874028728e-18,5.3305161210973985e-17,9.624780717791085e-16,-6.805577138872347e-12,-1.1779282734399507e-12,7.089241194080387e-12,-2.6931984420386357e-14,7.650990951901804e-15,-1.2421024875308716e-11,2.2557729341861806e-11,-2.8194335754960775e-13,1.8051832739729434e-09,1.1064003047067671e-11,3.2583180598066973e-13,-1.2275699123875939e-11,9.558635734781736e-12,7.479223958508227e-12,-1.0882069442601228e-14,6.2983151483856635e-09,2.162714451969805e-12,-8.595554823465079e-17,-7.84510621974303e-17
4.380356262962904,-9.32222325953728e-16,3.8608050090260803e-13,-6.737674122329432e-13,7.506831822823301e-13,4.547473508864641e-16,8.75366445995951e-15,-1.070002753067456e-12,-1.730416504530652e-13,1.2611659864584605e-12,-1.2808476816443002e-18,1.3980483437592284e-13,-9.58434720477186e-13,-1.2129186544029835e-12,-3.3338907031879984e-14,2.293470473059754e-12,-2.1920560604777554e-12,1.275932484667841e-15,7.559890213837406e-14,-7.981341685750036e-14,2.4873614957138377e-14,2.7755575615628914e-15,2.880245960151503e-11,8.7849078993164e-12,2.244544723919629e-11,7.940345701624526e-15,-4.523262945207906e-12,3.538858095453179e-12,-8.432531159129678e-13,1.0717121634584714e-14,9.584645360369293e-13,1.2117267096396073e-12,-6.562437612791874e-14,-1.6524460836123133e-16,8.993290608340785e-13,-2.293761780093297e-15,-2.8803626708866937e-11,-2.244510300066968e-11,-8.43769498715119e-15,-1.4832579608992091e-13,-9.32222325953728e-16,3.858886543639528e-13,-6.738053078455171e-13,7.506832748009155e-13,1.1368683772161603e-15,8.753886504564434e-15,-1.0700347274905652e-12,-1.7304202052740673e-13,1.2654008211635908e-12,-1.9261982136716445e-09,1.6182457329705357e-10,4.704489242612908e-12,-1.0567973163233546e-12,-1.4532345697186126e-12,1.5354668441107097e-10,-1.2286520214064802e-14,-1.5090531750149556e-08,4.138763406065967e-12,-4.500884618711491e-18,4.004753704582124e-17,8.253362547792446e-16,-1.1590312709586214e-11,8.360657943740079e-12,-2.3571763800115757e-12,-7.154518644192364e-14,1.5464823865940502e-14,-1.4932493019870208e-12,1.190381372177344e-11,4.946135353141774e-13,1.5875969741803904e-09,4.542926035355777e-12,4.0039083160081646e-13,-1.5213341697517534e-12,1.0709810630930387e-11,7.491552597909588e-12,-8.712821770452109e-15,3.2259293914844255e-09,2.347233518662506e-12,-7.391439890702678e-17,-7.508353024969031e-17
4.5748552615674045,-7.869789889203283e-16,5.916263035032898e-13,-1.16111712837134e-12,1.1588428827646878e-12,2.3874235921539368e-15,8.99602614623518e-15,-3.0822597807400596e-12,1.9452892537537756e-12,1.063502471273144e-12,-9.766168562018908e-19,1.4927873751939083e-13,-1.0172418463127997e-12,-1.1837753000065732e-12,-3.3946060248471867e-14,2.313652741614547e-12,-2.22901062686885e-12,7.200403467910732e-16,7.212910824172525e-14,-8.471905347793709e-14,2.5844101971532957e-14,2.220446049250313e-15,1.3557219518519411e-11,4.147443693022504e-12,2.1610199396001033e-11,1.0006754811627775e-14,-4.509587287378145e-12,1.852384912126581e-12,-8.90373046609268e-13,9.190022874638881e-15,1.0173638190572043e-12,1.1828076495676298e-12,-4.8567262253055934e-14,-1.6722327732601738e-16,9.50531643059887e-13,-1.7225026434324997e-15,-1.3558491553068698e-11,-2.1609792568651406e-11,-6.957397620984314e-15,-1.5617137213060536e-13,-7.869789889203283e-16,5.910839225483263e-13,-1.1611573924596996e-12,1.1588429567795562e-12,2.9558577807620166e-15,8.996192679688875e-15,-3.0822988605905267e-12,1.945288883679434e-12,1.0675004583996876e-12,-1.8690770957618953e-09,1.645821612328291e-10,4.768118344600225e-12,-3.0387603544568266e-12,-1.4956095621225056e-12,1.5515366769136563e-10,-1.3850075007362664e-14,-1.494305846321925e-08,4.6208962582265185e-12,-1.5074747006238453e-17,3.084338340286763e-17,6.924408962882822e-16,-1.2574037810964e-11,1.3181761460145935e-11,-7.151270982793297e-12,-9.363254616090444e-14,1.0369483049998963e-14,1.230886992331648e-11,-3.995179650069976e-12,7.624597249863049e-13,9.368911075095335e-10,1.1195879778824747e-12,4.4929393538950536e-13,1.2053006814838341e-11,9.591917815576778e-12,7.774013990686314e-12,-6.603994017221823e-15,1.5183374798536187e-09,2.5087709687454662e-12,-6.689166003511401e-17,-8.37112497376058e-17
4.777990512153968,-6.600785456417623e-16,2.291926648467779e-13,-8.353720678163275e-13,9.739632803965985e-13,-5.684341886080802e-16,9.450273896760564e-15,-4.1378598325536585e-12,3.164399529446508e-12,9.652770434816678e-13,-6.949486227377841e-19,1.5791766042975533e-13,-1.1020698242880655e-12,-1.1544584732625651e-12,-3.455816981785225e-14,2.3331336862497665e-12,-2.2627931274753013e-12,2.336238841271765e-16,6.646974637369851e-14,-8.78173502908445e-14,2.7097742250974338e-14,1.8041124150158794e-15,4.379602533986372e-12,1.3408141800941973e-12,2.043490647734082e-11,1.2606146867656471e-14,-4.442085241751612e-12,8.308020937874971e-13,-9.332328191878205e-13,8.37036603223984e-15,1.1021050608586713e-12,1.1531980882370507e-12,-3.375597637473146e-14,-1.8393354330945022e-16,9.956505903978512e-13,-1.1999471071454364e-15,-4.380842078427029e-12,-2.0434750005283273e-11,-6.217248937900877e-15,-1.641649779079065e-13,-6.600785456417623e-16,2.2874739139903493e-13,-8.354084831315352e-13,9.739633174040327e-13,-5.684341886080802e-17,9.450384919063026e-15,-4.137904241474644e-12,3.1643991593721664e-12,9.690097613201943e-13,-1.8228311091661453e-09,1.6662670532241464e-10,4.839264988731884e-12,-4.08140365948384e-12,-1.4062292071533496e-12,1.5682674797033562e-10,-1.5214430150778976e-14,-1.4853927973554806e-08,5.1597244995112606e-12,-1.8445170159771725e-17,2.866341423472344e-17,5.855588005217645e-16,-9.0048756599496e-12,1.076229712756079e-11,-6.8035574211459485e-12,-6.967543209057681e-14,4.4841769186732e-15,2.0378242204799336e-11,-1.4430882091150584e-11,5.576718346371005e-13,3.498353180475533e-10,2.5775079848244787e-12,4.3572612185016624e-13,1.9989686794730233e-11,7.705542870439786e-12,8.140000301711003e-12,-4.659570594493269e-15,4.90468523730396e-10,2.637482824733676e-12,-7.024329035099086e-17,-9.588178052447975e-17
4.990145486353979,-5.367248890701207e-16,-2.255546860396862e-13,-2.689845383467097e-13,5.788825807595543e-13,-4.888534022029489e-15,9.765077635393027e-15,-3.894742306442822e-12,3.114460703224076e-12,9.046440633634726e-13,-4.400711149530448e-19,1.6559901598138063e-13,-1.375635716449608e-12,-1.181173214792608e-12,-3.480598745727751e-14,2.3534696017410034e-12,-2.2973686445279134e-12,1.4493614641786223e-16,6.198201674134651e-14,-9.025403163849564e-14,2.7992082973254822e-14,1.3877787807814457e-15,1.0601802689608949e-12,3.2474134803308664e-13,1.8472433931564335e-11,1.6547775792345584e-14,-4.2378266178274664e-12,4.4293457790445244e-13,-9.67314084129802e-13,6.9445678952765694e-15,1.3759501350796288e-12,1.1800307367533514e-12,-1.941922255440019e-14,-2.1855753968777481e-16,1.0313778255216898e-12,-7.292778975314155e-16,-1.0623826819330283e-12,-1.8471964515391687e-11,-4.736951571734001e-15,-1.7038222684580737e-13,-5.367248890701207e-16,-2.2607575071257695e-13,-2.6902065760244416e-13,5.788825900114129e-13,-4.206412995699793e-15,9.765299679997952e-15,-3.894783162650129e-12,3.1144603562793803e-12,9.061125183507102e-13,-1.8054367198298376e-09,1.6832200344651938e-10,4.9131614332509344e-12,-3.847549834290476e-12,-1.1887379969266477e-12,1.586020720441316e-10,-1.6542883802725915e-14,-1.4821678206250486e-08,5.7416293941514596e-12,-1.2397490441647581e-17,3.968179951296946e-17,5.301560695077553e-16,-4.811552045680401e-12,6.116830301531688e-12,-4.213644544392991e-12,-4.486599980424444e-14,1.0795808691455022e-15,2.0140402234858358e-11,-1.5796469919152993e-11,5.0022208597511053e-14,8.862965235797067e-11,5.368747224565595e-12,3.9322145539699705e-13,1.975996233305466e-11,6.016499705848351e-12,8.401548191000603e-12,-2.902995786059669e-15,1.187077024904279e-10,2.728336075582168e-12,-9.182614159793564e-17,-1.0582752845341344e-16
5.21172068291804,-3.7292001084376913e-16,-5.108328574957947e-13,1.232998888175037e-13,2.911108853975719e-13,-8.412825991399586e-15,1.000355354108251e-14,-3.1482318973985457e-12,2.563019333804798e-12,8.379477852334579e-13,-1.915187815856276e-19,1.720221187717641e-13,-2.138914045879403e-12,-1.3548190347378863e-12,-3.5594047550649834e-14,2.3769528012529406e-12,-2.339081309595973e-12,9.493274222283077e-17,5.990034857017434e-14,-9.186772789521827e-14,2.8589654868322416e-14,9.71445146547012e-16,2.143784007644505e-13,6.57696447655463e-14,1.4540478891833176e-11,2.3501980800028072e-14,-3.653215716413807e-12,2.974509527575719e-13,-9.88356683317465e-13,6.6189819828791725e-15,2.1390549921618263e-12,1.353737543070832e-12,-5.002044165774195e-16,-3.2160146941351275e-16,1.053372505500819e-12,-2.6505196166803956e-16,-2.1580626177124318e-13,-1.4540259830952606e-11,-4.884981308350689e-15,-1.7674750552032492e-13,-3.7292001084376913e-16,-5.114983991916233e-13,1.2326554591860866e-13,2.911108668938548e-13,-7.617018127348274e-15,1.0003886607989898e-14,-3.148263871821655e-12,2.563018963730457e-12,8.379288374271709e-13,-1.8026330508291722e-09,1.6977719496935606e-10,4.986510759863449e-12,-3.1183411408619577e-12,-9.3163402918132e-13,1.6050236075604813e-10,-1.8219128124024285e-14,-1.4813430501508268e-08,6.3224980806353415e-12,4.128641872824801e-18,7.939540228966516e-17,5.553652156209399e-16,-2.0517090248972634e-12,2.745769241604042e-12,-2.1570961313462552e-12,-1.0173140108094003e-14,-8.593126210598712e-17,1.6609716713134047e-11,-1.3328147150752183e-11,-2.105480234604329e-13,5.34540352722009e-12,6.511982064694166e-12,3.61684016070285e-13,1.6294859239707193e-11,4.642406459254289e-12,8.5773765351331e-12,-1.1890140293787516e-15,2.3999875865098572e-11,2.797688007187086e-12,-1.5239112055587256e-16,-1.3827480827011128e-16
5.443134383763521,-2.8344658796012705e-17,-6.834852683823555e-13,3.4687926605177684e-13,1.460247200935072e-13,-1.1823431123048067e-14,1.0396905558707204e-14,-2.5276492010561925e-12,2.1145072729803853e-12,7.688261878987154e-13,1.5429620547448305e-19,1.7682845928253718e-13,-4.227868055650674e-12,-1.9002160955849945e-12,-3.65258418748888e-14,2.413619899182302e-12,-2.413942062113555e-12,8.686627805953862e-17,6.01879657224913e-14,-9.057677088984017e-14,2.910049058959117e-14,2.7755575615628914e-16,4.290109310981484e-14,1.3298657966104672e-14,4.712171660286518e-12,3.665168470197403e-14,-1.7963305150712194e-12,1.3491430195244903e-13,-9.82934663894877e-13,5.7085051384982615e-15,4.228355946628293e-12,1.899158998466821e-12,3.883031359250674e-14,-6.472605654575525e-16,1.0462883789338067e-12,3.9842841652066186e-16,-4.5189130220080505e-14,-4.711686596908117e-12,-3.700743415417189e-15,-1.804482489357421e-13,-2.8344658796012705e-17,-6.841484416023983e-13,3.4684344285551563e-13,1.460247200935072e-13,-1.1254996934439987e-14,1.0397238625614592e-14,-2.5276758464087833e-12,2.11450692603569e-12,7.688261878987154e-13,-1.8016047154863676e-09,1.7001730157062412e-10,5.059867191903323e-12,-2.5112854018516374e-12,-7.079403729903789e-13,1.625908709993488e-10,-2.1338854230297912e-14,-1.4811716068468118e-08,6.764662903909387e-12,2.6565844431688154e-17,1.8464685798876464e-16,7.259875571078804e-16,-7.23408592288403e-13,4.432081368577201e-13,-1.1181361022257381e-12,-1.3412548849345285e-14,-9.08093045204339e-16,1.3718557845265877e-11,-1.1042923658832749e-11,-5.928389631056538e-13,-1.9149107780928412e-11,4.738467396236956e-12,3.4856384445447473e-13,1.3458281156175644e-11,3.800714372855414e-12,8.728031217660722e-12,1.191157022735305e-15,4.771994839688846e-12,2.889318414152816e-12,-3.1206807971084773e-16,-2.7313510249834155e-16
5.684823443592556,8.635034238572518e-16,-9.198023083930215e-13,5.691308165485982e-13,5.86613350487634e-14,-1.8985701899509878e-14,1.1113332476497816e-14,-1.8045227534457808e-12,1.6561518591714137e-12,7.045552289734284e-13,9.156784604751092e-19,1.7603279944822248e-13,-9.184493443559205e-12,-3.140369908560814e-12,-3.9284052201691924e-14,2.4972633088411153e-12,-2.5941153986812944e-12,-1.530893467549532e-17,6.197299617927143e-14,-8.199190680407588e-14,2.920588512635836e-14,-8.326672684688674e-16,3.046536937280693e-15,1.3037644543153593e-15,-1.7226665998184167e-11,3.958736943793759e-14,3.365526191404666e-12,-2.477129612543649e-13,-9.012170854544439e-13,5.533984728800512e-15,9.184943387460787e-12,3.1395567569314498e-12,1.3797409705327121e-13,-1.4641066137244252e-15,9.560020733701767e-13,1.8806725467446434e-15,-5.257461133638175e-15,1.7226947647887754e-11,-3.848773152033876e-15,-1.7985612998927536e-13,8.635034238572518e-16,-9.2029021440491e-13,5.690929209360244e-13,5.86613350487634e-14,-1.8246737454319373e-14,1.111344349880028e-14,-1.8045405170141748e-12,1.656151535356365e-12,7.038352123345248e-13,-1.7933392276366553e-09,1.661173882894218e-10,5.1369042353144326e-12,-1.8000925194883166e-12,-3.80649585925615e-13,1.6503026335671125e-10,-2.7799248634389345e-14,-1.4811227374937982e-08,6.743346621836584e-12,-4.329580675458781e-18,3.81157778950314e-16,1.0695148470555674e-15,1.903345629254242e-13,-1.6516329045164943e-13,-5.29130221120037e-13,-1.3861939374137932e-14,-2.766453732760965e-15,1.07598749909954e-11,-8.639340169184587e-12,-7.100121971840659e-13,-3.497067761297027e-11,-2.1991581888869406e-12,3.391420477782958e-13,1.0560357255329222e-11,3.0026144533697638e-12,8.753204879265594e-12,6.412750918390747e-15,2.7729195678502656e-13,3.4128995925660397e-12,-6.372752441493231e-16,-6.893039380025575e-16
5.9372441145710955,2.327232735225652e-15,-1.0944252911334237e-12,6.983015647203198e-13,-1.0119423817419223e-14,-2.6716406864579765e-14,1.1389666987327018e-14,-5.877289765976457e-13,8.429342640559057e-13,5.796512899299462e-13,2.2917049899856467e-18,1.7129816084112312e-13,-1.480048722468652e-11,-4.180163160061312e-12,-4.3340826959083404e-14,2.644100216553369e-12,-2.892289582437765e-12,-3.226151984447867e-16,6.104214356206228e-14,-6.356349555230366e-14,2.7187756245294644e-14,-3.469446951953614e-15,-8.532273077532232e-15,-1.918135026953996e-15,-3.5681888003418134e-11,-4.553972542402568e-14,1.0678341684180269e-11,-7.520206679600961e-13,-7.189339562950578e-13,5.49668817406701e-15,1.4801029325772763e-11,4.179233456698406e-12,2.9333740297898814e-13,-2.2471662117912184e-15,7.571946945419509e-13,4.536193892978576e-15,5.8833493638331956e-15,3.5682138358710213e-11,-3.848773152033876e-15,-1.7511917841754135e-13,2.327232735225652e-15,-1.095024515507248e-12,6.982716627135232e-13,-1.0119423817419223e-14,-2.6147972675971688e-14,1.1389889031931943e-14,-5.877325293113244e-13,8.429339402408568e-13,5.808828973385971e-13,-1.781649189069867e-09,1.560183591209352e-10,5.220563537022827e-12,-5.987956797071092e-13,1.2758090880045833e-13,1.6774127306800522e-10,-3.451538981382764e-14,-1.4811175301037229e-08,6.50442662693725e-12,-2.1708907819532422e-16,4.407354111298408e-16,1.0713464259256196e-15,9.215810337082075e-13,-7.602238838444464e-13,-1.2095213719476306e-14,2.3245017022333057e-15,-4.653832874623731e-15,5.490468080182609e-12,-4.500278529458631e-12,-8.283980908648422e-13,-4.853063728660345e-11,-1.2596501619555056e-11,3.184510433129617e-13,5.400769609309463e-12,1.4344088879643853e-12,8.145035034031977e-12,1.580004014314863e-14,-1.0451247919357603e-12,4.669153952363558e-12,-7.497489319200727e-16,-1.294887229848681e-15
6.200872907625804,7.626619243546647e-15,-1.3428689271677285e-12,6.313713996064507e-13,-1.5472167991248397e-13,-4.1609382606111466e-14,1.1037282199310994e-14,2.92285307068596e-13,5.392029646852e-13,5.408461826543013e-13,7.234651780471822e-18,1.2888070240653823e-13,-3.364756390178414e-11,-7.376044219853384e-12,-6.054184931159057e-14,3.2562543931088533e-12,-4.048031751072553e-12,-8.749077851089027e-16,5.5384863362206717e-14,-3.630816577625876e-15,1.8889323245098617e-14,-1.2906342661267445e-14,-2.1804816712938584e-14,-5.176528101137493e-15,-4.1250102643348136e-12,-7.986409608441341e-13,2.840706392621537e-11,-1.866684584683753e-12,-1.0340565613078493e-13,7.383633635060782e-15,3.364821442308763e-11,7.374930202121155e-12,8.540537758652426e-13,-4.692489344142181e-15,9.025403163849564e-14,1.3960525986102257e-14,1.9152179843967637e-14,4.125354502861421e-12,-5.477100254817439e-15,-1.344110008479523e-13,7.626619243546647e-15,-1.343451572211052e-12,6.313521557406906e-13,-1.5472164290504983e-13,-4.1325165511807426e-14,1.1037615266218382e-14,2.922924124959536e-13,5.392026408701511e-13,5.434894016313289e-13,-1.721646791944901e-09,1.111984602175653e-10,5.320714535628212e-12,2.996074499606038e-13,7.909761734481435e-13,1.7188059761004953e-10,-5.715474243243954e-14,-1.4811383596640238e-08,3.4662643126163553e-12,-9.970699034929827e-16,4.983296761351674e-16,7.348910253483313e-16,2.8050693619737406e-12,-4.601687919603137e-12,1.508521899988106e-12,4.297456834834179e-14,-1.7192677836952442e-14,3.552556915309424e-12,-4.032678589209008e-12,-6.71813419709603e-13,-9.608508359330395e-11,-3.886543709086254e-11,2.7137048164149746e-13,3.5208407300757472e-12,-2.3019567733465846e-13,5.630767170357611e-12,4.937430435477622e-14,-2.6519060344427775e-12,9.024040773889889e-12,-1.0280520647739285e-15,-3.258278340421509e-15
6.476207491984751,1.3390911643429426e-14,-4.356479621492326e-13,-4.2158928200327256e-13,-8.863301759198805e-14,-1.7053025658242404e-14,4.698130773306275e-15,8.390586003770295e-13,-2.1205595150212512e-13,8.318844872216383e-13,1.3788911111171825e-17,1.2595711510835864e-13,-4.21098919622942e-11,-5.686770498947169e-12,-8.150474343057316e-14,4.0269028191351555e-12,-5.371576199714972e-12,-2.7712207528729493e-16,2.86763668366774e-14,3.419422367995213e-14,2.0771296504501362e-15,-2.5118795932144167e-14,-2.3697631993861494e-14,-5.877733789502222e-15,1.6283047172651218e-10,-1.6825666499238324e-12,1.4936134136550956e-11,-7.399414414521744e-13,3.492038699547731e-13,8.482074996078262e-15,4.211067258785839e-11,5.685794716991932e-12,1.4277876995784566e-12,-3.876955180504016e-15,-3.8330127185932186e-13,2.6274398746918472e-14,2.10298445345527e-14,-1.6283020572401434e-10,-6.3652786745175644e-15,-1.3263464400855204e-13,1.3390911643429426e-14,-4.364840341016437e-13,-4.2159786772799636e-13,-8.863295282897828e-14,-1.682565198279917e-14,4.698685884818588e-15,8.390763639454235e-13,-2.1205625218752764e-13,8.340161154289187e-13,-1.682211101676027e-09,5.2234099712222817e-11,5.42151212812314e-12,8.843485943543783e-13,6.243479807229354e-13,1.7480280788742338e-10,-6.400102175389399e-14,-1.4812401040547243e-08,1.728691264209677e-12,-1.9809038668642625e-15,-4.60197562927404e-16,-2.351935197523562e-15,2.0651711452046583e-12,-2.470774992010168e-12,2.0664027526133093e-12,8.869369128028382e-14,-1.7811335739637002e-14,-1.3092642525691645e-12,-1.4482400232755192e-12,5.567623399353275e-13,-9.861226620463033e-11,-2.6250745577272027e-11,1.8539481061452533e-13,-1.2588246001143944e-12,-2.948677043275912e-12,6.163028743674997e-13,9.370919466019246e-14,-2.8623306353847032e-12,1.1096975190601674e-11,4.54360218430742e-16,-4.037268204933516e-15
6.763767634659993,1.556447389953567e-14,6.234586180653423e-13,-1.2331025089906688e-12,1.2916452629685437e-13,3.5015546018257737e-14,-3.2959190932047024e-15,-3.849365270980343e-14,-5.53907325099671e-13,1.634665143986543e-12,1.7759892006313625e-17,1.8872634936310342e-13,-3.160353923004067e-11,1.5107706752282013e-12,-9.201964587138687e-14,4.480067110940971e-12,-5.98235746654804e-12,9.35623106768091e-16,-1.7229273563401649e-15,-2.4092485112868586e-14,-4.38118533700189e-15,-3.219646771412954e-14,-8.391937200918192e-15,-2.410639996373325e-15,3.172462986726077e-10,-1.5536417425941254e-12,-3.0552514896089376e-11,2.5264235148370062e-12,-1.870596700792851e-13,8.14488812043527e-15,3.160412469921381e-11,-1.511844035378962e-12,1.5963009064391886e-12,-3.676881932604403e-16,2.1742943363080464e-13,3.3328785593183825e-14,5.758171717794192e-15,-3.1724634561422495e-10,-5.921189464667502e-15,-1.946591036509441e-13,1.556447389953567e-14,6.226083352582161e-13,-1.2331162757561743e-12,1.2916458643393489e-13,3.54702933691442e-14,-3.295697048599777e-15,-3.846878371405182e-14,-5.539076142202504e-13,1.6346367222771126e-12,-1.682647659132878e-09,2.461456460878253e-11,5.495408572642191e-12,4.7990056373237163e-14,-6.99399057187596e-13,1.7521281583233145e-10,-4.295021166522174e-14,-1.4813330359391437e-08,2.2041627782224773e-12,-2.146416724913003e-15,-1.6604397255296868e-15,-6.700788650800445e-15,-5.908275350445062e-13,1.5327354200659708e-12,1.1654694986873437e-12,6.630021531783825e-14,-5.3285154066884385e-15,-3.5560689948255233e-12,5.59949748605663e-13,1.3957712023208538e-12,-4.305184120312333e-11,3.303830453660339e-11,8.083134162006899e-14,-3.512032886732186e-12,-3.3657950500772433e-12,-1.2816621149393668e-12,1.202603063654847e-13,-9.610728923723674e-13,7.731297084016356e-12,1.9545490804554847e-15,-2.348105795450343e-15
7.0640961816455885,1.5484552297791626e-14,1.210082700708881e-12,-1.4553093545070321e-12,3.062134296127894e-13,9.310952009400352e-14,-1.0463296895579788e-14,-1.7383214867550122e-12,-5.25587386113191e-13,2.9722286853939293e-12,1.9289057791348554e-17,3.015735809223467e-13,-1.3961054534661343e-11,1.0396718208571798e-11,-9.599216263137375e-14,4.776992293794739e-12,-6.197264923457624e-12,2.1731314664430455e-15,-2.6794538809937762e-14,-1.3003164436670802e-13,-2.625786377735824e-15,-3.4555691641458e-14,8.479509599532638e-15,1.5636127410957273e-15,4.4653476296032697e-10,-8.725484590827743e-13,-9.007739596790625e-11,6.590905599068719e-12,-1.2178888388736892e-12,7.855080879729895e-15,1.3961921896399332e-11,-1.0397189836516829e-11,1.5179800001311315e-12,1.953984391823982e-15,1.3524549697217878e-12,3.564024533261661e-14,-1.1641521081627387e-14,-4.465344500162119e-10,-5.625129991434126e-15,-3.0701367374300997e-13,1.5484552297791626e-14,1.2094195274888383e-12,-1.4553204567372784e-12,3.06213508253587e-13,9.36779542826116e-14,-1.0463074850974862e-14,-1.7382966177592606e-12,-5.255876636689471e-13,2.9723518461347944e-12,-1.6902922652661801e-09,3.13448254019022e-11,5.546652914745209e-12,-1.6223680177063216e-12,-2.5534389417695516e-12,1.7438866888009808e-10,-7.607389246539267e-15,-1.4813670842588663e-08,2.157977500398071e-12,-1.91723662409012e-15,-2.3721360524013118e-15,-1.0691066087975542e-14,-2.952767067891197e-12,3.3956884711490905e-12,3.8270705123485035e-13,2.270850174568295e-14,1.080147082888061e-14,-3.4070342103120765e-12,1.4115501822953292e-12,1.5468231140403077e-12,1.3027602108195424e-11,1.1314841685816646e-10,-3.7637448713212505e-14,-3.432838902028834e-12,-2.322298187085181e-12,-7.321017177499143e-13,1.301907427621752e-13,1.0948594354276322e-12,3.248734614658133e-12,1.8283045794912728e-15,-7.966862123713152e-17
7.377760082683307,1.561945017769517e-14,1.3293780890914301e-12,-1.1197062536420313e-12,6.506344953545925e-13,1.8951595848193393e-13,-2.31289432051085e-14,-4.922753760183696e-12,-2.833662818280125e-13,5.999027052894235e-12,2.066294523179503e-17,5.137834602209068e-13,5.722158857857096e-12,2.0418562673985008e-11,-1.0436096431476473e-13,5.287526369127501e-12,-6.6167706234767015e-12,5.118344983956469e-15,-7.327957685099307e-14,-2.7182713444492385e-13,-5.083143208676225e-15,-3.677613769070831e-14,1.734915263044282e-14,3.5554722367663595e-15,6.21755462828433e-10,6.22087731731613e-13,-1.952100638969811e-10,1.3507150953273595e-11,-2.5797193838470354e-12,7.599859688326808e-15,-5.721399916336356e-12,-2.0418952986767103e-11,1.4354080919907833e-12,1.790795701832326e-15,2.858598370933837e-12,3.757230630947999e-14,-2.0403956304357678e-14,-6.217553650333971e-10,-5.625129991434126e-15,-5.194363457879566e-13,1.561945017769517e-14,1.3285372801874473e-12,-1.1197198723778002e-12,6.506345693694608e-13,1.8985701899509876e-13,-2.3128832182806035e-14,-4.922732443901623e-12,-2.83366582513415e-13,6.002721875120187e-12,-1.690631809954842e-09,8.834467735141515e-11,5.580062634180649e-12,-4.78868855680048e-12,-5.831151857667767e-12,1.706335331428543e-10,4.048136473385963e-14,-1.4813835075660267e-08,-1.2582527612418441e-12,-2.1765777837486528e-15,-2.9169028303854816e-15,-1.4944712134479234e-14,-6.770948394555868e-12,7.035635481618859e-12,-1.2172341653145697e-12,-9.659435751263601e-14,3.863452613384055e-14,-1.8831536330310426e-12,2.316200726585708e-12,1.0186340659856797e-12,8.991507153647642e-11,2.555925675551407e-10,-3.516333890729584e-13,-2.0574455472655018e-12,2.9937941015134586e-13,-1.430122170557847e-12,1.3901435273635902e-13,2.1123101880851758e-12,-1.6538622323499415e-12,3.223896843929097e-16,1.3271415216786763e-15
7.705351461530547,1.2236993825650207e-14,-8.973681057492892e-13,1.2316571466423434e-12,5.477079946987947e-13,1.7746515368344262e-13,-1.7794765660994472e-14,-6.1245764015893654e-12,4.177826603187403e-13,7.334165275096893e-12,1.6698822215385036e-17,7.09483397957437e-13,2.0840620895690165e-11,2.593463638289606e-11,-9.808869986091144e-14,5.293473992473707e-12,-6.200436989242268e-12,5.156639004688657e-15,-5.749428710899451e-14,-3.67825924757352e-13,1.6923639492378386e-14,-2.914335439641036e-14,9.655028852579216e-15,1.95635913359054e-15,4.2730704231877626e-10,2.3961901380291337e-12,-2.0788911989780277e-10,1.3996981351738214e-11,-3.6244908882995227e-12,6.71984892499274e-15,-2.0839948690343224e-11,-2.593497248556953e-11,1.007030520480282e-12,-1.3729794211270185e-15,3.977373985719623e-12,2.97524642591104e-14,-1.2267409311822408e-14,-4.2730666287403667e-10,-4.884981308350689e-15,-7.145395386487507e-13,1.2236993825650207e-14,-8.982325994111307e-13,1.2316346461223778e-12,5.477080664006984e-13,1.7814727470977231e-13,-1.779432157178462e-14,-6.124555085307293e-12,4.1778238276298415e-13,7.337755884388267e-12,-1.6565512244900068e-09,1.9748404156416654e-10,5.454822371575574e-12,-6.05620442684085e-12,-6.440252775519184e-12,1.682085995039521e-10,9.025383386615168e-14,-1.4813562689102485e-08,-4.405364961712621e-12,-2.823042725511963e-15,-2.8811386147224262e-15,-1.503131531281158e-14,-5.237054789830609e-12,4.189968668318518e-12,-1.6124290051304038e-12,-1.8536060186757907e-13,5.250680445989531e-14,2.6667438257632625e-12,1.2193161526748615e-12,-1.649444432890353e-12,6.866806264345845e-11,2.83936969935894e-10,-4.670859254929383e-13,2.3824044959042114e-12,4.207048320825635e-12,5.1688627538333305e-12,1.1205405635490717e-13,1.1471338160035923e-12,-2.5194661172160218e-12,-2.0500846390862174e-15,8.6563424252691e-16
8.04748873375089,8.228701285177091e-15,-3.162767825415358e-12,3.2014496239204013e-12,2.949231854102822e-13,1.1220890883123502e-13,-3.848033003350792e-15,-5.372267963821287e-12,8.539808675026942e-13,7.2080486764510475e-12,1.0499295430202207e-17,8.312563600417396e-13,2.9642607812796484e-11,2.7508030575607023e-11,-8.82652086340942e-14,5.196379041346892e-12,-5.642946427591207e-12,3.698517186956352e-15,-5.331846075762314e-15,-3.9151498580603994e-13,4.3553157688863055e-14,-1.734723475976807e-14,-7.445716746267769e-15,-1.8936098655901528e-15,1.7706247182459013e-10,3.007510575178775e-12,-1.6201060508657396e-10,1.0533884875485456e-11,-3.988411668115606e-12,5.773918669571554e-15,-2.9641697082971596e-11,-2.7508464256476017e-11,5.371713738504853e-13,-5.060714217478002e-15,4.338164194797665e-12,1.811925446921353e-14,4.130862319287138e-15,-1.7706227819041893e-10,-3.552713678800501e-15,-8.350357442547344e-13,8.228701285177091e-15,-3.163445209490116e-12,3.2014336367088467e-12,2.9492327330293834e-13,1.1266365618212148e-13,-3.847699936443405e-15,-5.3722395421118565e-12,8.539805899469381e-13,7.209583448760289e-12,-1.6222475096583367e-09,3.1307718018069866e-10,5.266471703180287e-12,-5.413376413798687e-12,-5.1579570244560575e-12,1.683759075318491e-10,1.3165416158514645e-13,-1.4813758967651475e-08,-6.668739634581773e-12,-4.218593067465785e-15,-3.185553672698423e-15,-1.3061669801306408e-14,-1.796654750899999e-12,4.1396456632962025e-13,-1.2337054341079086e-12,-1.940645422138232e-13,5.152278603759442e-14,5.5369175910868765e-12,-2.091677409980323e-13,-3.822378857876174e-12,-1.063138673392435e-11,2.3257052816916257e-10,-3.4429348261255653e-13,5.242731582200122e-12,5.910863604130512e-12,1.3136907582427972e-11,7.0361400625156e-14,-9.470373488102441e-13,1.8363828975983174e-12,-3.53332380714777e-15,-9.982726451029933e-16
8.404817774137397,4.671141945467028e-15,-5.676914346016322e-12,5.09456817473127e-12,-5.2933830929635664e-14,5.229594535194337e-15,1.6240564448821716e-14,-3.1135023448314316e-12,1.1032231204965991e-12,6.03176886215806e-12,4.340735040582936e-18,8.998542651757665e-13,4.0531987488545695e-11,2.8817399855274317e-11,-7.966593654603774e-14,5.192513086171857e-12,-5.222489107836736e-12,1.4913851403841605e-15,6.577446920452701e-14,-3.7287679404089377e-13,7.422700212875876e-14,-6.106226635438361e-15,-2.395793487475437e-14,-5.67778878237083e-15,-1.4119632232620258e-10,2.921296274565387e-12,-6.830049124179278e-11,3.957012495447998e-12,-3.964399867815574e-12,5.319312698648382e-15,-4.05314670715029e-11,-2.881800700849091e-11,1.1207242970958019e-13,-7.160317803088511e-15,4.264934658667593e-12,6.77775435602157e-15,2.0529133950396682e-14,1.411968797579076e-10,-2.960594732333751e-15,-9.031294230984107e-13,4.671141945467028e-15,-5.678112794763971e-12,5.094559885066019e-12,-5.293374766290881e-14,5.3432813729159534e-15,1.6240897515729102e-14,-3.1134597122672858e-12,1.1032228660704894e-12,6.032934152244706e-12,-1.5822976517180602e-09,4.3184263631701467e-10,4.9706727622833565e-12,-3.296900530358471e-12,-2.3983807532583038e-12,1.6888402820916592e-10,1.7414814436431808e-13,-1.4815080843593646e-08,-8.12624042130968e-12,-6.546152508946079e-15,-4.65128514407868e-15,-1.1792011233210017e-14,3.0742024851685795e-12,-4.437791763696926e-12,-8.053936776756625e-13,-1.7108170435875537e-13,4.681696696984261e-14,7.2085589719605995e-12,-1.643009628811883e-12,-6.0184296065320575e-12,-1.3462825639483828e-10,1.2129839888075367e-10,-9.654499422140362e-14,6.98125846021469e-12,6.280211397221199e-12,2.2320259335885545e-11,2.9250588767532754e-14,-2.9575624634599544e-12,1.0505744422554622e-11,-3.391686526540057e-15,-3.0802790873529774e-15
8.778013135972484,5.935761141865707e-16,-5.7492191748072705e-12,4.512483720020554e-12,-3.055780906091599e-13,-8.71978045324795e-14,3.569466944242095e-14,7.862155371185508e-14,6.638936160078638e-13,3.6137256150444347e-12,-2.087799454453908e-18,8.772334710490289e-13,5.429528354694568e-11,3.063937992209276e-11,-7.164407955784213e-14,5.22738598439178e-12,-4.819795356476269e-12,-9.856265109631223e-16,1.5081547122264282e-13,-3.342771795800889e-13,1.002387772269668e-13,5.412337245047638e-15,-2.6304114189997868e-14,-6.154203412278553e-15,-2.3827490257014483e-10,1.0934942320059936e-12,2.768050157419348e-11,-2.5925039892626956e-12,-3.697559054803922e-12,4.576345089916482e-15,-5.429484986607669e-11,-3.0639575078483805e-11,-3.3352598956458227e-13,-5.156855845123154e-15,3.933545995387037e-12,-4.9036431382445955e-15,2.3533397455332782e-14,2.382755240575984e-10,-2.5165055224836883e-15,-8.795926949763574e-13,5.935761141865707e-16,-5.7506828928429364e-12,4.512476170503987e-12,-3.055780084989153e-13,-8.668621376273222e-14,3.5695557620840645e-14,7.86783971307159e-14,6.63893361581754e-13,3.618652044679038e-12,-1.6024569049477578e-09,4.907051334157586e-10,4.7723744955874284e-12,-2.1327650756575166e-13,6.83228288759589e-13,1.7425647488274737e-10,2.0364833680074773e-13,-1.4817031612029519e-08,-4.853599004187951e-12,-8.499138892670288e-15,-6.837695918730328e-15,-1.1440090772844395e-14,6.2810932381178e-12,-6.2670721945323745e-12,4.01889299617153e-13,-3.162370365572542e-14,1.7828752363335808e-14,4.3821843931368674e-12,-1.9623021841700765e-12,-5.128034293496361e-12,-2.256286582754304e-10,-6.656591722276062e-12,4.943956355418777e-13,4.323177149601065e-12,2.814236806554978e-12,3.0085365723234754e-11,-1.3489372379521525e-14,-3.1984022985382793e-12,1.8601490718121266e-11,-1.1652441164744509e-15,-3.5395485732207337e-15
9.16777932442606,-4.356561407921807e-15,-4.0216339887895935e-12,2.6034207382489663e-12,-2.8192431144232386e-13,-1.213038558489643e-13,4.5809800397478284e-14,2.1123796045685594e-12,3.838139297126138e-14,1.4006218407303095e-12,-8.061794894170414e-18,8.145521294504002e-13,7.252991610084969e-11,3.458709013637318e-11,-6.472996741787744e-14,5.312090053547333e-12,-4.418053224851195e-12,-1.943323973963018e-15,2.0984811111013357e-13,-3.2504683699163557e-13,1.144140902821145e-13,1.6514567491299204e-14,-1.1890424728640246e-14,-2.748858016078808e-15,-1.7959370856415203e-10,-5.780579769434071e-13,7.278379122350273e-11,-5.606448638673101e-12,-3.653666516621068e-12,3.957952310803166e-15,-7.25295691561545e-11,-3.458743708106837e-11,-8.268683357063164e-13,-1.7705021476688287e-16,3.866577600733049e-12,-1.577937677440036e-14,8.512079930652283e-15,1.7959424643684986e-10,-2.0724163126336257e-15,-8.169761163874986e-13,-4.356561407921807e-15,-4.023085864446329e-12,2.603413632821609e-12,-2.819242322232851e-13,-1.204512045660522e-13,4.581046653129306e-14,2.1124400007010992e-12,3.8381138545151574e-14,1.4037861243802279e-12,-1.6716270086665948e-09,4.880130290985108e-10,4.8487436288269235e-12,1.7886918612930457e-12,2.2866331050863664e-12,1.8427120294766842e-10,2.1554887865912753e-13,-1.4818709993907608e-08,2.6035470076143006e-12,-9.203598531441296e-15,-8.806977138305546e-15,-1.2381253429912438e-14,5.752171109800012e-12,-4.664109098939661e-12,6.888887608506403e-13,7.030682980246893e-14,-5.48522338661428e-15,2.955041766838917e-13,-1.0279716776880517e-12,-2.901591263556232e-12,-2.1801315597258508e-10,-7.660673873033375e-11,1.0756053825389244e-12,3.773723555866582e-13,-7.518716205190401e-13,3.431763916966628e-11,-5.322287478359139e-14,-1.4092362478020733e-12,2.2083668227423914e-11,1.5013511267536473e-15,-1.7161937380475816e-15
9.574852126495772,-1.051649508217641e-14,-2.014530764427036e-12,8.585255469502802e-13,-1.5695093662226877e-13,-1.1198153515579179e-13,4.790279284350163e-14,2.573809609884847e-12,-3.3798403890431907e-13,1.3339255626002947e-14,-1.3894252010726712e-17,7.549655345329143e-13,9.245920001843544e-11,3.9763851933383165e-11,-5.774398816247941e-14,5.405229835148922e-12,-3.937802465056198e-12,-2.0884335927284782e-15,2.374600516219516e-13,-3.4901022640396635e-13,1.20049420178638e-13,2.7200464103316335e-14,8.378941157466511e-15,2.0716732334237118e-15,-8.558174642905427e-11,-1.295138259802112e-12,7.186207692130604e-11,-5.489919630008444e-12,-3.89507547662677e-12,3.2257002335426646e-15,-9.245876633756644e-11,-3.976430729829561e-11,-1.4073923078537578e-12,4.766347906637325e-15,4.126124506664314e-12,-2.6601882860150666e-14,-1.1265988143510374e-14,8.558245446511467e-11,-1.924386576016938e-15,-7.5657998384789e-13,-1.051649508217641e-14,-2.0159139542859825e-12,8.585190336418691e-13,-1.5695085740323004e-13,-1.1129941412946209e-13,4.790368102192133e-14,2.573862900590029e-12,-3.379842933304289e-13,1.5347723092418165e-14,-1.748984990020593e-09,4.528701538220048e-10,5.18753040523734e-12,2.277595001487498e-12,2.4025403888572327e-12,1.973408516701162e-10,2.1161688395533729e-13,-1.4819402977356081e-08,1.2022383089060895e-11,-8.687524079749782e-15,-9.751510941328572e-15,-1.3382963718703659e-14,3.5650206305544904e-12,-2.2155527782767118e-12,5.055372602017864e-13,1.0337848632691049e-13,-1.5157847199631647e-14,-2.1808114203381024e-12,-4.2858725827580693e-14,-9.378406199781844e-13,-1.5219241807547708e-10,-8.66739355842583e-11,1.4504522027891654e-12,-2.043745839230837e-12,-2.4809322651808686e-12,3.599575418095726e-11,-9.217127928951019e-14,1.0493563831420945e-12,2.1049088398209886e-11,3.132622922637681e-15,1.1418369143719371e-15
10.0,-1.8071539635104253e-14,-3.918406340138366e-13,-3.1354607799016776e-13,-4.037783880398808e-14,-8.458300726488233e-14,4.633782246799001e-14,2.0717010329462935e-12,-4.483250634161144e-13,-6.487728872646888e-13,-2.0860621545860502e-17,7.052969319687463e-13,1.0953842000116509e-10,4.358475386156968e-11,-4.7281127425945005e-14,5.377543648472332e-12,-3.223294647065294e-12,-1.4648438712017153e-15,2.4810015153420295e-13,-3.7865382663996073e-13,1.2090972199550324e-13,4.0245584642661925e-14,2.318859355117383e-14,5.707142573635591e-15,-2.358744877171228e-12,-1.3078432407779934e-12,4.79462617573241e-11,-3.821387650759789e-12,-4.175987720997042e-12,2.6551749803445843e-15,-1.09538029688383e-10,-4.358473217752623e-11,-2.1045727164960483e-12,7.831967496416125e-15,4.435728270479114e-12,-3.967895348226669e-14,-2.6662838606307887e-14,2.3593482725431506e-12,-5.921189464667501e-16,-7.059538139249829e-13,-1.8071539635104253e-14,-3.9323566625171227e-13,-3.1355421962568167e-13,-4.0377757850225865e-14,-8.384404281969183e-14,4.633826655719986e-14,2.0717507709377968e-12,-4.483253178422242e-13,-6.466696807668389e-13,-1.8122373148798943e-09,4.0658051148056986e-10,5.701423333448474e-12,1.8306565152670373e-12,1.7233799572598702e-12,2.1248016266358613e-10,1.9696890602924344e-13,-1.4819034454366143e-08,2.1910769495055622e-11,-7.421025599585463e-15,-9.504717614812937e-15,-1.2668431118948813e-14,1.3316270493686962e-12,-1.977689123577875e-13,2.833350036072583e-13,7.441036675714941e-14,-2.1060500565717177e-14,-2.9165254655794114e-12,5.248765947337327e-13,4.775984052685089e-13,-7.41759625573953e-11,-6.397203833330422e-11,1.651670800129068e-12,-2.7883007014395388e-12,-2.7107674438475727e-12,3.6244134308792e-11,-1.3878167278574827e-13,2.8803787092725924e-12,1.7514804421618162e-11,3.4940612324748286e-15,3.5847771510481385e-15
10.444025524245694,-2.7352032675824015e-14,7.829233557761957e-13,-9.918491213530463e-13,6.580756252427822e-14,-5.013589543523267e-14,4.329403502367768e-14,1.0518128590319976e-12,-3.8867214134652437e-13,-7.579122514774402e-13,-3.085557503042178e-17,6.577331272220969e-13,1.205780267299339e-10,4.338977094286989e-11,-2.9106181750496575e-14,4.958275853387103e-12,-1.9709630752881174e-12,-7.297114301696439e-16,2.532918319531063e-13,-3.94371228180439e-13,1.1785479326949524e-13,5.911937606128959e-14,2.907803982428065e-14,7.110111687679554e-15,6.429619648049335e-11,-8.975766995043006e-13,1.2535571124049464e-11,-1.4075851595407584e-12,-4.298241349406348e-12,2.306531701745662e-15,-1.205776364171518e-10,-4.338972757478299e-11,-2.955977476681859e-12,8.631501546493836e-15,4.576700775466401e-12,-5.834615356505903e-14,-3.217065503202407e-14,-6.429587057853598e-11,-5.921189464667501e-16,-6.587323279442595e-13,-2.7352032675824015e-14,7.81547271344607e-13,-9.918554866317209e-13,6.58076452127639e-14,-4.96243046654854e-14,4.329447911288753e-14,1.0518625970235006e-12,-3.8867239866384e-13,-7.574575041265537e-13,-1.8563781244059404e-09,3.547174856066704e-10,6.355094228638336e-12,8.787921501607343e-13,6.438967877405352e-13,2.3000516220299475e-10,1.766947319795792e-13,-1.4817740618216683e-08,3.202652957649358e-11,-5.7114498315987325e-15,-8.195186427621218e-15,-8.81443066684066e-15,-6.763850220655361e-13,1.4006360515850248e-12,4.3524295278984935e-14,6.259132101504861e-14,-1.946555416854068e-14,-2.5366431177786807e-12,7.921662400119563e-13,1.1263712925331978e-12,1.4636801400532325e-12,-2.4610017135273666e-11,1.74801328967078e-12,-2.454934699969158e-12,-2.0135982927345827e-12,3.531593622192515e-11,-2.0548721144791893e-13,3.5523303573092473e-12,1.2709611141303867e-11,2.8539236945901435e-15,4.980188715123882e-15
10.907766915109553,-3.65218734884228e-14,1.2152365040189277e-12,-1.0106571875686163e-12,1.227546640725219e-13,-1.77351466845721e-14,3.896638567368882e-14,-1.950830608166143e-13,-1.7598128683460333e-13,-3.262054330358903e-13,-4.3135470476280465e-17,6.040630958400092e-13,1.1451655596017574e-10,3.457217151447978e-11,-3.1249804331525056e-15,3.973845062534208e-12,-2.2791292662662145e-13,3.7062367064244485e-16,2.4720434033120854e-13,-3.657119826610454e-13,1.071242174423701e-13,8.118505867571457e-14,2.0317377136577285e-14,4.991855928138911e-15,9.837454588030957e-11,-1.932653846079019e-13,-2.4136033937776057e-11,1.0794032334615622e-12,-3.947230139644045e-12,2.3868530126906298e-15,-1.1451629575165434e-10,-3.457180288574113e-11,-3.74031658819821e-12,6.4162976147474905e-15,4.2079711808052846e-12,-8.068324247644323e-14,-2.3283042163254775e-14,-9.837435811384051e-11,-8.881784197001252e-16,-6.049975335524019e-13,-3.65218734884228e-14,1.2139504216672018e-12,-1.0106678457096526e-12,1.227547450262841e-13,-1.7053025658242404e-14,3.8967495896713444e-14,-1.950262173977535e-13,-1.7598155571674213e-13,-3.2573173787871686e-13,-1.8713374932607014e-09,3.1119270715862515e-10,7.184183914432651e-12,-3.0475888479486456e-13,-5.306362756603752e-13,2.501936642358995e-10,1.2849937043243886e-13,-1.4815777832726791e-08,4.1419904543242105e-11,-3.917398812743518e-15,-5.893202592588409e-15,-6.890610767159207e-16,-1.9213459342045288e-12,1.6807438404005855e-12,-1.1090458181447123e-13,8.710726584482131e-15,-1.905230140319958e-14,-1.1508709540919426e-12,6.554458364949056e-13,1.1525571608217433e-12,5.333761995037397e-11,2.0534571376629173e-11,1.6750476561355753e-12,-1.1407148559072767e-12,-6.149016712475586e-13,3.2097580407517576e-11,-2.8700193534670487e-13,2.4375138888916312e-12,7.714125634568822e-12,1.359324978966736e-15,4.488310764716452e-15
11.392099607392687,-5.329701957546007e-14,1.6370904631912709e-12,-9.138846716420326e-13,2.322896684031628e-13,3.2969182939268646e-14,3.477107490823528e-14,-2.232898310694509e-12,1.2300733637689762e-13,8.48861721654733e-13,-6.889471296086913e-17,5.320790104808756e-13,9.914777332475921e-11,1.4199405540260557e-11,8.882527649919529e-14,-6.846705742041033e-13,5.8722867838209175e-12,1.772280239231705e-15,2.5987961782547585e-13,-3.0723163031741795e-13,9.282535576756708e-14,1.2739809207573671e-13,7.835827256933757e-17,7.99550821410021e-17,1.763274048495091e-10,8.419228128143005e-13,-8.722322046057093e-11,5.279421344539515e-12,-3.2574718116705322e-12,2.6677155854729997e-15,-9.914742638006402e-11,-1.4198776703000515e-11,-5.274045089542767e-12,1.9791622767745264e-15,3.4743203146489165e-12,-1.26918908596816e-13,-3.254618797014108e-15,-1.7632748540816996e-10,-1.1842378929335002e-15,-5.334991707665419e-13,-5.329701957546007e-14,1.635553322406243e-12,-9.13895773872279e-13,2.322897464657192e-13,3.3935521059902383e-14,3.4771963086654975e-14,-2.232841467275648e-12,1.2300706171234724e-13,8.500080639350927e-13,-1.8709882472952205e-09,2.3146276362240315e-10,8.491014114042627e-12,-2.239112006918731e-12,-2.5001541577770087e-12,2.8337022650851206e-10,9.479071173823517e-14,-1.4812244818844987e-08,5.572372193303939e-11,-1.0535206966070614e-15,-1.9577395260483853e-15,1.610640440463662e-14,-3.741772169885138e-12,3.0120084204554585e-12,-2.8959492211673893e-13,-4.5270717730083734e-14,-2.03489308736593e-14,7.950305969117721e-13,5.2057076242266e-13,9.43903917990004e-13,1.1977681424468756e-10,9.739414963405579e-11,1.639953950416384e-12,6.918201567174265e-13,1.4087544788117985e-12,2.7789398689169818e-11,-4.570852702411032e-13,-5.56825375794439e-14,-5.584421813864537e-13,-1.1605141037966207e-15,3.0156114873743552e-15
11.897937907435857,-5.685560818443254e-14,5.300838286833217e-13,1.4700788734482254e-13,1.999283828768572e-13,4.6497916628140953e-14,2.7512880862445854e-14,-3.023718164740785e-12,4.0549959223756816e-13,2.0372681319713594e-12,-7.735733090428818e-17,4.0037880418471633e-13,4.646422135934358e-11,-2.0848947568374854e-11,1.4882192700405028e-13,-4.714086264203031e-12,9.813419917950992e-12,2.2141143085629976e-15,2.2199325711014238e-13,-1.5275248766136237e-13,6.154133243059813e-14,1.404432126150823e-13,-3.235535012573421e-14,-7.850595835412358e-15,1.4617765355257062e-10,1.5198981155304539e-12,-1.0374576219978569e-10,6.426148502214346e-12,-1.5921372747327972e-12,2.679208128501346e-15,-4.646387441464839e-11,2.08493161971135e-11,-5.2457096206508835e-12,-4.642678385832766e-15,1.6857316576227087e-12,-1.3991530780103553e-13,2.891603623500996e-14,-1.461774479385075e-10,-1.3322676295501878e-15,-4.0175270517768996e-13,-5.685560818443254e-14,5.282908925134204e-13,1.4699708117404952e-13,1.999284615176548e-13,4.7293724492192266e-14,2.751443517468033e-14,-3.023647110467209e-12,4.0549932046422357e-13,2.0373533970996507e-12,-1.818814780563116e-09,2.1477171685546637e-10,9.937309641827596e-12,-3.007180282565969e-12,-3.100169010394893e-12,3.150451475924688e-10,-8.790575689240909e-14,-1.4810462289165392e-08,6.458774256164664e-11,8.830898975039266e-17,1.1480168667551045e-15,3.09032024507309e-14,-2.9550191923040832e-12,1.8457318636440808e-12,-3.011596527713323e-13,-7.279557512340773e-14,-1.2801953941377064e-14,2.6418773835246158e-12,-2.4386736842870366e-14,-2.8035174182150515e-13,9.591652390857537e-11,1.2410055205691605e-10,1.1881837735927548e-12,2.4763768813329535e-12,2.9023567345761353e-12,1.842608752916254e-11,-5.111750324242326e-13,-4.019706525505221e-12,-3.3857361358968774e-12,-3.1193089199595586e-15,-1.044020194370295e-15
12.42623671911505,-4.9280741524585874e-14,-6.959150293065856e-13,1.0224985302897949e-12,1.331642920932019e-13,3.922195901395753e-14,1.9178436616584804e-14,-2.724917180785269e-12,4.720078436900217e-13,2.672701763610045e-12,-6.392333542127577e-17,2.6739721548096895e-13,-7.821868153179423e-12,-5.147705178787376e-11,1.7987347722403513e-13,-8.043446860942336e-12,1.188699932137232e-11,1.9306604925883875e-15,1.610725441913985e-13,-1.6298332192898372e-14,3.0519030455266386e-14,1.1338152638984411e-13,-4.822045544512586e-14,-1.1848151296295652e-14,9.68873261594135e-11,1.5402844381673887e-12,-8.956153888857952e-11,5.551115123125783e-12,-1.3116123174641383e-13,2.558030465689883e-15,7.822475306396015e-12,5.1477680625133804e-11,-4.0213690512467895e-12,-8.16730580735503e-15,1.1934897514720433e-13,-1.1297064764779e-13,4.49387749280025e-14,-9.68871225012511e-11,-7.401486830834377e-16,-2.685259422226712e-13,-4.9280741524585874e-14,-6.977316502343456e-13,1.0224909807732275e-12,1.3316437246872295e-13,4.0188297134591264e-14,1.9180212973424203e-14,-2.7248496792253717e-12,4.72007574807883e-13,2.6749565525581903e-12,-1.7648174737890561e-09,2.2997846826910973e-10,1.127631321651279e-11,-2.7339019936789554e-12,-2.710009994189022e-12,3.422729799842992e-10,-3.436704046344552e-13,-1.48109549883802e-08,7.064689574084089e-11,-1.6075104210718414e-17,2.1898108326645625e-15,3.609272603011249e-14,-1.5201605714961392e-12,4.700311251326638e-13,-2.082480299314682e-13,-6.545722297524036e-14,-5.9408727937082514e-15,3.0778269932696388e-12,-3.480390744122393e-13,-1.2450982467271388e-12,3.7704012356698516e-11,1.1272641131654382e-10,6.551914566443883e-13,2.9163360615314105e-12,3.057694560511711e-12,9.168634843596264e-12,-4.1994118143810766e-13,-5.948095545346151e-12,-3.724428173275858e-12,-3.4833941287004677e-15,-3.903369236631556e-15
12.977993346475664,-3.7050293388851687e-14,-1.5990432681671033e-12,1.5514793894055856e-12,8.335624725186453e-14,3.0240698833949866e-14,1.0198508704206688e-14,-2.1092567692448937e-12,4.2093785054819754e-13,2.9625274085750183e-12,-3.69712940817557e-17,1.5185075419310579e-13,-4.7636113803539715e-11,-6.979070099610851e-11,2.0609258347522746e-13,-1.1455261342671212e-11,1.3608955232565937e-11,1.6870619484743443e-15,9.266615252911947e-14,6.42735219052616e-14,5.98177031163863e-15,6.25888230132432e-14,-4.7245484777948295e-14,-1.16101426275086e-14,6.065439540067772e-11,1.289540999119671e-12,-6.904836508805281e-11,4.2659209498197015e-12,7.284870381348556e-13,2.4466467625032054e-15,4.7636894429103904e-11,6.979141656954235e-11,-2.3577494123738774e-12,-8.895710773906828e-15,-7.963913766177431e-13,-6.224530033115475e-14,4.381217611365146e-14,-6.065432767761531e-11,-4.440892098500626e-16,-1.5261865845180486e-13,-3.7050293388851687e-14,-1.6010943681976642e-12,1.5514762807811167e-12,8.335633051859137e-14,3.1150193535722795e-14,1.0200951194860864e-14,-2.109199925826033e-12,4.2093758455726457e-13,2.9649053582640286e-12,-1.7244407596687476e-09,2.4985638447105887e-10,1.2597070053743665e-11,-2.1521771031984826e-12,-2.088030489251954e-12,3.6871177945444247e-10,-6.040762508263686e-13,-1.4812485159925382e-08,7.671966765580389e-11,-4.3989117903819876e-16,2.0565609400631975e-15,3.291640108630626e-14,-2.389483425938958e-13,-3.9264591578103135e-13,-1.3114690814812016e-13,-6.783500150486788e-14,1.4155482341848825e-15,2.744261706766338e-12,-4.279429010230669e-13,-1.876287569757551e-12,-1.6410922398790718e-11,9.178256732411682e-11,1.5160850352913257e-13,2.6122646268333936e-12,2.6082797495903995e-12,1.8440029864820625e-12,-2.39724825277024e-13,-5.779708140615058e-12,-3.6150341979161262e-12,-3.165161998238316e-15,-4.899725012293595e-15
13.554249376408261,-2.3881359852614043e-14,-2.2379632961625853e-12,1.874423875373547e-12,5.215972908219809e-14,2.546585164964199e-14,1.334488075599438e-16,-1.5236842898502801e-12,3.388830015216282e-13,3.117747837677598e-12,-3.797213409501559e-18,5.551115123125783e-14,-7.401813537089019e-11,-7.669195140058704e-11,2.328742357679151e-13,-1.4976472443147976e-11,1.539942776470785e-11,1.3419387129287586e-15,1.857680675954043e-14,1.0313132776714208e-13,-1.4574702878686534e-14,1.6653345369377348e-15,-3.737937145242196e-14,-9.229169672124623e-15,3.7863403826656405e-11,1.0013482116871538e-12,-5.1154408353246224e-11,3.1649349807594263e-12,1.15243731870102e-12,2.5807264311672462e-15,7.401874252410678e-11,7.669264528997743e-11,-6.535273314575311e-13,-8.370783450076247e-15,-1.2385118770346042e-12,-1.1936049479528699e-15,3.3797964430531125e-14,-3.7862983308001744e-11,-8.881784197001252e-16,-5.669538912419133e-14,-2.3881359852614043e-14,-2.2397443899535575e-12,1.8744031512104205e-12,5.2159812348924933e-14,2.6432189770275728e-14,1.3589129821411916e-16,-1.5236238937177405e-12,3.3888273553069524e-13,3.122769006343636e-12,-1.695007085800171e-09,2.663437044247985e-10,1.4045383522898192e-11,-1.5950085696658788e-12,-1.5322913308561208e-12,3.9825920339353615e-10,-8.463504419867207e-13,-1.4814203598650205e-08,8.43662917304755e-11,-8.111798270131014e-16,1.571717293350853e-15,2.503286929596745e-14,7.301132291341143e-13,-9.17708575798315e-13,-8.136015935041504e-14,-5.0382989447150804e-14,1.046646103119997e-14,2.207849902902126e-12,-3.9559365042999656e-13,-2.1661890059476717e-12,-5.917172529734671e-11,7.289236236829311e-11,-3.445208562879998e-13,2.1078092604653874e-12,2.0478693509481023e-12,-4.288300980464936e-12,-1.9152837952771118e-14,-4.549704767032926e-12,-3.7842321868690005e-12,-2.733649533589085e-15,-4.8628722576493646e-15
14.156092644919916,-1.1060781919998893e-14,-2.745309757301584e-12,2.1198710934792566e-12,3.3537471411104747e-14,2.6602720026858152e-14,-1.226707624368828e-14,-1.05823261264959e-12,2.62220606917866e-13,3.2741809263825417e-12,3.1104496837796137e-17,-3.6253407683280635e-14,-9.437598272321601e-11,-7.551979874786952e-11,2.483033619985317e-13,-1.762592056436014e-11,1.6391808545433507e-11,7.866537282685826e-16,-6.818989817247712e-14,1.23964146441431e-13,-3.5892638990152684e-14,-6.175615574477433e-14,-2.4565685181872207e-14,-6.158925078858882e-15,2.4072569360209463e-11,7.567888188181592e-13,-3.762126527350043e-11,2.369393570234024e-12,1.3921680345997313e-12,2.346068940968967e-15,9.437632966791121e-11,7.552040590108611e-11,9.883314404974492e-13,-7.551701234828622e-15,-1.4776939362060296e-12,6.222541199755321e-14,2.0779489242474693e-14,-2.4071911688592577e-11,-1.0362081563168128e-15,3.523107731477163e-14,-1.1060781919998893e-14,-2.7470292707221234e-12,2.1198438560077193e-12,3.3537557569037386e-14,2.7625901566352695e-14,-1.2262635351589779e-14,-1.058179321944408e-12,2.622203496005504e-13,3.278254704734233e-12,-1.670734491199255e-09,2.787128323689103e-10,1.5780813100718662e-11,-1.15004894496451e-12,-1.107656188992223e-12,4.3491618575264807e-10,-1.0787312883231426e-12,-1.4815781838411465e-08,9.514048808038449e-11,-9.946326170092353e-16,1.1651096754050627e-15,1.541392014026144e-14,1.4255195172433825e-12,-1.2734867974965405e-12,-5.1322372277932495e-14,-5.364046706812786e-14,2.1789361981383592e-14,1.7064745172490348e-12,-3.305167308823946e-13,-2.492394438983562e-12,-9.343420970253646e-11,5.886522558284923e-11,-9.022116387313872e-13,1.633260415800919e-12,1.559431958564339e-12,-1.0650395294369235e-11,2.1209854077046397e-13,-2.9859738773093698e-12,-4.5064692718218185e-12,-2.3865313660461257e-15,-4.468805244831989e-15
14.784659290713032,1.929567616798522e-15,-3.2591742638032883e-12,2.3913354259737693e-12,2.2674113743977503e-14,3.5697667044587433e-14,-2.9739766205238995e-14,-7.138183377719542e-13,2.0215086838267413e-13,3.534902740890781e-12,6.652695588245788e-17,-1.5375663705204565e-13,-1.2084335268558455e-10,-6.817775510814528e-11,2.0693764162566759e-13,-1.6597120503344548e-11,1.3687939670603557e-11,5.939259500875593e-16,-1.8503393262037094e-13,1.5165517420679102e-13,-6.515096924485452e-14,-1.2587153541687712e-13,-1.1865441153045302e-14,-3.101050029595652e-15,1.5832739441019082e-11,5.735870171060671e-13,-2.8089957654387062e-11,1.8729906514636243e-12,1.713874520339951e-12,2.700440421045854e-15,1.2084387310262734e-10,6.817831889327497e-11,2.7045925023370745e-12,-6.908753083512131e-15,-1.7979158213900645e-12,1.2619096848194566e-13,8.13654699253527e-15,-1.583209313807513e-11,-1.3322676295501878e-15,1.5261865845180486e-13,1.929567616798522e-15,-3.2605811384200935e-12,2.391316922256692e-12,2.2674201636633622e-14,3.672084858408198e-14,-2.973554735774542e-14,-7.137614943530935e-13,2.021506168477701e-13,3.5382943982161426e-12,-1.644735069324573e-09,2.878077793866396e-10,1.8033915694104506e-11,-8.190710332200979e-13,-8.072564838812468e-13,4.845323109145474e-10,-1.3430836304229032e-12,-1.4817159793939062e-08,1.1189627002750058e-10,-8.478981405879437e-16,1.1216259402739108e-15,5.5342536109392885e-15,2.0209176554430997e-12,-1.5253505125656375e-12,-3.36368895699953e-14,-4.945890919039186e-14,3.895966882438984e-14,1.3129106690712432e-12,-2.6742468771841684e-13,-2.699152901186608e-12,-1.251780001136164e-10,4.977118805982172e-11,-1.6444445805063879e-12,1.2600214205349402e-12,1.188948708004863e-12,-1.9346539873997118e-11,4.4634570562154807e-13,-1.4359831901393137e-12,-6.2376770415539795e-12,-2.201111110507655e-15,-4.069340350798534e-15
15.441135899948314,1.6511514377981484e-14,-3.813814449434479e-12,2.705846213757468e-12,1.6019054716968443e-14,5.3319126891437915e-14,-5.428169025378793e-14,-4.3993608755954484e-13,1.5436213360771797e-13,3.884148706371586e-12,1.0158021444123515e-16,-3.451590864974226e-13,-1.7029910467925014e-10,-4.9389919237752267e-11,1.1763903343517005e-14,-5.5889420076076546e-12,8.47575977656691e-13,7.303619514731352e-16,-3.4671848725409405e-13,2.029545782080028e-13,-1.0664918560679738e-13,-1.890154699424329e-13,5.920572599398505e-16,-9.998014380288138e-17,1.0579895577760341e-11,4.320898473606191e-13,-2.1048276942931942e-11,1.5917045459445943e-12,2.297128895369772e-12,2.9139740389168742e-15,1.7029953836011913e-10,4.939022281436056e-11,4.73171353289535e-12,-6.482043634487012e-15,-2.3912073871366997e-12,1.8934757462039237e-13,-3.755329381170125e-15,-1.0579263577340397e-11,-1.4802973661668755e-15,3.4372504842394846e-13,1.6511514377981484e-14,-3.8151218480682775e-12,2.705825637624078e-12,1.6019143766106876e-14,5.428546501207165e-14,-5.427680527247958e-14,-4.398579278586112e-13,1.5436187629040237e-13,3.89033516512427e-12,-1.6161357052624226e-09,2.9604416340589525e-10,2.090985162794823e-11,-5.540385927815805e-13,-5.84205276747222e-13,5.518789559711115e-10,-1.6929036297796962e-12,-1.481840155618777e-08,1.3861267689208034e-10,-1.4465280825011936e-16,1.6762054707205228e-15,-4.476951217154598e-15,2.622533819736835e-12,-1.893669813550029e-12,-2.268094971095517e-14,-6.38390590390614e-14,6.039424516046665e-14,9.98356286530111e-13,-2.1104581045724065e-13,-3.217185925071438e-12,-1.5693998041873177e-10,4.35165929957293e-11,-2.6547368747742438e-12,9.617520113636146e-13,9.005261351428354e-13,-3.1796529233863407e-11,6.779426737872629e-13,7.02070563214071e-14,-9.625041504553641e-12,-2.179052655907713e-15,-3.6991908379061895e-15
16.126761746240668,3.6980418727239336e-14,-4.579608988327284e-12,3.1787719123599343e-12,1.2303305943484055e-14,8.571987564209849e-14,-9.35926891543204e-14,-2.2049917447475308e-13,1.2055717535375265e-13,4.4807772307346265e-12,1.378120840530773e-16,-7.540079671741751e-13,-2.90483479284398e-10,-4.857485941256456e-12,-5.717846830931097e-13,3.027647577091841e-11,-3.7554404030970545e-11,7.642757954284818e-16,-6.030953514368775e-13,3.3448696009346284e-13,-1.7822367451356835e-13,-2.5451862839531714e-13,1.208856663979598e-14,2.7617241754983442e-15,7.362502338943647e-12,3.3347898686603304e-13,-1.6254630282279787e-11,1.5701218103458813e-12,3.753199301735718e-12,3.622662788962024e-15,2.904838695971801e-10,4.857659413604054e-12,7.851893738372188e-12,-6.510552730612518e-15,-3.907210472477324e-12,2.548945754986265e-13,-1.5522028108836518e-14,-7.361822541199874e-12,-2.220446049250313e-15,7.51843032276156e-13,3.6980418727239336e-14,-4.580994546662017e-12,3.178751928345491e-12,1.2303396727345965e-14,8.679990060045383e-14,-9.358847030682682e-14,-2.204387783422135e-13,1.2055692092764284e-13,4.4870963241313194e-12,-1.5755261604984602e-09,3.042223397642374e-10,2.4823577859933722e-11,-3.3927705089809025e-13,-4.309915387542181e-13,6.503159767795972e-10,-2.316944379410213e-12,-1.4819547182004318e-08,1.8586969000959167e-10,1.9767752249914375e-15,3.738190312851941e-15,-1.5172753100219555e-14,3.2917451542324728e-12,-2.375614371885604e-12,-1.62923378492034e-14,-9.642772691442759e-14,9.63363139261375e-14,7.716687289160972e-13,-1.6871597868783894e-13,-3.698914952110499e-12,-1.965854607988149e-10,3.9855876821093264e-11,-4.240646944708715e-12,7.476597119193684e-13,6.98991767245083e-13,-5.327960295176126e-11,9.178018046084035e-13,1.5127679405799267e-12,-1.7409481264015387e-11,-2.443016853629724e-15,-3.4498691519243192e-15
16.84283113011666,7.328725589358006e-14,-5.726784972163538e-12,3.921135416362631e-12,1.0548669576726511e-14,1.4506440493278206e-13,-1.6110046630046782e-13,-1.517364012215694e-14,9.833419668814347e-14,5.4703074662635725e-12,1.7380876084989853e-16,-1.7162660181924139e-12,-5.995256808360994e-10,1.0777073677914473e-10,-2.088225425911361e-12,1.2566775001562495e-10,-1.3747257300776386e-10,9.234800424362533e-16,-1.0391229543493807e-12,6.862566070964249e-13,-3.1731622336177384e-13,-3.2057689836051395e-13,2.2852224468867117e-14,5.309850240015705e-15,5.4305649484664135e-12,2.690671344920558e-13,-1.315335410166346e-11,1.8819612535025954e-12,7.600122082061885e-12,4.699799577290165e-15,5.995259844127077e-10,-1.0777065004297093e-10,1.3895486943622209e-11,-7.126222355269274e-15,-7.966818419439532e-12,3.211800535815948e-13,-2.6662838606307887e-14,-5.429705574587845e-12,-3.552713678800501e-15,1.7131481418649248e-12,7.328725589358006e-14,-5.728405009601071e-12,3.9211426698197256e-12,1.0548758047623785e-14,1.4586021279683336e-13,-1.61096913586789e-13,-1.509903313490213e-14,9.833394226203366e-14,5.4746275660969936e-12,-1.5132827684283257e-09,3.13884811475873e-10,3.013178684341255e-11,-1.3439915846902294e-13,-3.273529595541428e-13,7.96326312384672e-10,-3.653544480841653e-12,-1.4820600677073382e-08,2.7425883786236227e-10,7.753196233177087e-15,9.554671868509483e-15,-2.7659396763709174e-14,4.3141035188654084e-12,-2.639048091168661e-12,-1.2791268044765047e-14,-1.6135945357653726e-13,1.6684703618707885e-13,6.114089234898757e-13,-1.3990432076727012e-13,-4.594691442131686e-12,-2.525509141075114e-10,3.7093741411808875e-11,-6.913488448390126e-12,5.981282136247046e-13,5.674701680780104e-13,-9.445080376727928e-11,1.158397650805748e-12,2.815519085517914e-12,-3.646756970473083e-11,-3.1100830822731556e-15,-3.3197995856955782e-15
17.590695822349833,1.3056407806762612e-13,-6.5092535805888474e-12,4.415670347886665e-12,8.632400350094826e-15,2.0702373149106278e-13,-2.3165003248948324e-13,2.5084645471906697e-13,7.195801535649545e-14,6.091189182673891e-12,1.8371862281630022e-16,-3.5251246366385658e-12,-1.1716397383537691e-09,3.2368083907607925e-10,-4.823879391173998e-12,2.985211681024883e-10,-3.1764543376563587e-10,9.777335191474279e-16,-1.4952844518134612e-12,1.3545689118180943e-12,-4.970487038753779e-13,-3.382016888764383e-13,2.3384993488251385e-14,5.487753162868379e-15,3.5433162221126943e-12,1.9487680231306416e-13,-9.626755574218106e-12,2.2534862864631576e-12,1.4822251952949067e-11,5.367487415179155e-15,1.1716399551942036e-09,-3.2368083907607925e-10,2.3950298589608162e-11,-9.45004708166608e-15,-1.5677252777610975e-11,3.388387931780451e-13,-2.7038371544424898e-14,-3.542402205257779e-12,-3.9968028886505635e-15,3.5211833449011465e-12,1.3056407806762612e-13,-6.510691245390868e-12,4.415676565135603e-12,8.632487664509784e-15,2.0799006961169652e-13,-2.316453695527798e-13,2.50935272561037e-13,7.195775803917985e-14,6.094855583190414e-12,-1.4720717445015907e-09,3.280292730778456e-10,3.451907559792744e-11,1.3593393077826477e-13,-2.029369265225493e-13,9.496300386873309e-10,-6.002222373638344e-12,-1.482072084761358e-08,4.0254969727963424e-10,1.9281035101847977e-14,2.1471158184738216e-14,-3.804934376831308e-14,5.028457243187272e-12,-3.0971373613889833e-12,-9.531597733314356e-15,-2.2105928199067648e-13,2.397307768964296e-13,4.0933678668864105e-13,-1.0422436062344313e-13,-5.121516248133655e-12,-2.9207270320815346e-10,2.7916939870920033e-11,-9.627846964122e-12,4.099138806168412e-13,4.1309652458002923e-13,-1.480771577706851e-10,1.2280234880195084e-12,2.8449984211600996e-12,-7.198686091669515e-11,-4.9913184118251704e-15,-3.5049740887416192e-15
18.371767615786375,2.1557589047205282e-13,-6.373284122673795e-12,4.291918228223797e-12,5.9908548029804126e-15,2.290789780090563e-13,-2.59749555198141e-13,5.548628223550623e-13,4.180601466859576e-14,5.830467368165652e-12,1.798152832371156e-16,-6.580338126245995e-12,-1.9234792578148863e-09,5.900606392383878e-10,-8.397067763343813e-12,5.2208804739757e-10,-5.529808357250334e-10,1.256026532781007e-15,-1.7013723763170674e-12,2.3100546023861197e-12,-6.432132765686701e-13,-3.3362201889985954e-13,2.0732547625210064e-15,5.888636407965214e-16,1.4250130319796064e-12,1.120319685420547e-13,-5.451392601764102e-12,2.435118773291833e-12,2.5041080320420406e-11,5.4301181606764004e-15,1.92347934455106e-09,-5.900605091341271e-10,3.929229461637921e-11,-1.9191224130687966e-14,-2.670531754390357e-11,3.3424807789183414e-13,-4.50639525740415e-15,-1.4237705460476333e-12,-4.440892098500626e-15,6.576221049196344e-12,2.1557589047205282e-13,-6.37457020502552e-12,4.291947242052174e-12,5.990939226189577e-15,2.29761099035386e-13,-2.5974378203841296e-13,5.549090076328867e-13,4.1805757351280153e-14,5.8336979691375744e-12,-1.482316292822361e-09,3.4164986573159697e-10,3.547927462932421e-11,4.547047183223185e-13,-5.5792407730829536e-14,1.0525988349674959e-09,-9.768918530009274e-12,-1.4819763488976674e-08,5.454670789125279e-10,3.753962418695522e-14,4.1821800652227145e-14,-4.592805302738867e-14,5.034771747662129e-12,-3.38052548916797e-12,-8.13582534675561e-15,-2.5452742691278727e-13,2.5820015570054976e-13,1.6568146854467614e-13,-6.357370648431744e-14,-5.053834684076719e-12,-2.8960857889615e-10,1.0652001947164535e-11,-1.0642196457411047e-11,1.8234258547522586e-13,2.3675667907655885e-13,-1.923817694296568e-10,1.2090602499216507e-12,1.3986646044139357e-13,-1.2750526560504719e-10,-1.1561804754330514e-14,-5.66127873746769e-15
19.187520990478333,4.574261340077138e-13,-7.393130848261838e-12,4.96385066384164e-12,4.576124201793874e-15,3.30715010932181e-13,-3.7290703858161577e-13,9.260929800802843e-13,2.8873428532342577e-14,6.753301325564583e-12,2.5125852422455583e-16,-1.4597480631669175e-11,-3.855794156182313e-09,1.106363785308151e-09,-1.638616821596019e-11,1.0135366157459913e-09,-1.0790390803094851e-09,1.7702853072343316e-15,-2.4421145661257525e-12,5.009687755070212e-12,-1.1207483584596297e-12,-4.807265696626928e-13,-3.7099799893348516e-14,-8.818568045328471e-15,-6.251682142427067e-14,7.785681324193743e-14,-3.0013218302541832e-12,3.6628478028433165e-12,5.405624268619672e-11,6.0567508763006055e-15,3.855794416390834e-09,-1.1063635250996295e-09,8.189104156690925e-11,-4.116467366629961e-14,-5.794247510733665e-11,4.812736851839833e-13,3.404831972260913e-14,6.359024418781412e-14,-4.736951571734001e-15,1.4592919465409675e-11,4.574261340077138e-13,-7.394660883619508e-12,4.963897441238411e-12,4.576212672691149e-15,3.313402885396499e-13,-3.729030417787271e-13,9.261214017897146e-13,2.887318277985015e-14,6.756588769955367e-12,-1.4225176225105921e-09,3.431050572544336e-10,3.51562903233571e-11,8.696474651515018e-13,6.18764299057754e-14,1.1430773640292267e-09,-1.9891655596987468e-11,-1.4818818147393786e-08,8.18463519181023e-10,8.584299937552942e-14,9.498055120182869e-14,-6.178697021611927e-14,5.8689996196292786e-12,-3.4582849176937694e-12,-8.300526932458751e-15,-3.260297032348092e-13,3.5867127323729877e-13,-4.438338585543988e-14,-4.8639130917349503e-14,-5.7486886362312364e-12,-3.392148452500502e-10,-1.1052179615944623e-11,-1.4919322666173685e-11,-1.1142198275138071e-14,1.5859508151194745e-13,-3.348517845431827e-10,1.7096141668136722e-12,-4.676382588923679e-12,-2.7708753809937054e-10,-2.4401058430767454e-14,-1.2540136753077154e-14
20.03949589715557,6.996903056943893e-13,-5.835772753925994e-12,3.90205482740195e-12,-6.958264982722303e-16,2.9888269637012854e-13,-3.3626634809991176e-13,1.0765326408090914e-12,8.105602416115983e-15,5.2799199086924395e-12,4.423169698731303e-16,-2.137580853063999e-11,-4.8121101287740276e-09,1.0323210168639019e-09,-2.026242764844152e-11,1.2311867993362672e-09,-1.3340292362836896e-09,1.712519015484304e-15,-2.2036802937996924e-12,7.192615366351725e-12,-1.3239520510272642e-12,-8.532063944244328e-13,-1.517472126297576e-13,-3.614864384547659e-14,-2.728252907609844e-12,2.470353034116394e-14,9.216517133736778e-13,3.771649659256582e-12,7.744341343917699e-11,3.994923604884922e-15,4.8121101721421145e-09,-1.0323208000234674e-09,1.2310711478003e-10,-8.741235816775438e-14,-8.330932842806422e-11,8.537585921434068e-13,1.4846068820225895e-13,2.729373394234447e-12,-2.812564995717063e-15,2.1373421551137046e-11,6.996903056943893e-13,-5.8368361995538486e-12,3.9021073779584485e-12,-6.957374491337968e-16,2.9973534765304064e-13,-3.3626301743083786e-13,1.076575273373237e-12,8.105345098800379e-15,5.284183165107e-12,-1.5058321878314019e-09,3.196473699063063e-10,2.464480530761648e-11,1.0872014399865292e-12,1.8779052387192981e-13,9.011995284391708e-10,-2.9436399064802776e-11,-1.48229039457605e-08,8.505741296479149e-10,1.193025539469872e-13,1.4111945408531074e-13,-7.310557252152942e-14,4.754610446096781e-12,-3.0765624122371566e-12,-7.311059165478657e-15,-2.467212822931941e-13,2.631776879757908e-13,-2.9459723549507545e-13,-2.8380752609136194e-14,-4.510411599767394e-12,-2.713362240077307e-10,-3.203240339644253e-11,-1.3300152090778283e-11,-2.524416231608484e-13,2.966904499857037e-14,-3.964923996359757e-10,2.9816264474763488e-12,-1.8842138285537655e-11,-3.9536048509110816e-10,-4.5789545477052197e-14,-3.291084418877155e-14
20.929300664290967,9.880983068792185e-13,-4.034670079515005e-12,2.681718550926841e-12,-6.109799587557714e-15,2.752358341240324e-13,-3.0141356077706403e-13,9.681535573236034e-13,-7.336567695951737e-15,3.70831306402882e-12,8.772274483624296e-16,-2.7128586414330396e-11,-5.171031441583707e-09,4.809896404778247e-10,-2.1403290846005215e-11,1.2620754441527993e-09,-1.408684597541716e-09,1.5352736443263737e-15,-1.9527865435797765e-12,8.944234242136417e-12,-1.482190097401323e-12,-1.6840695504782843e-12,-2.40242582457099e-13,-5.737743251608944e-14,-5.471112604035659e-12,-1.5204828381626962e-14,4.550113550283272e-12,3.847944185508822e-12,9.637213507838349e-11,1.2065182475780774e-15,5.1710314849517935e-09,-4.809894236373902e-10,1.6801511075272201e-10,-1.4106282331463603e-13,-1.0383115555975755e-10,1.6847309815661363e-12,2.375871721820299e-13,5.472015618949028e-12,-1.1842378929335002e-15,2.7128521651320625e-11,9.880983068792185e-13,-4.035539310128419e-12,2.681754522152839e-12,-6.109707068972329e-15,2.7637270250124857e-13,-3.0141178442022467e-13,9.68196189887749e-13,-7.336810557238375e-15,3.713902666883466e-12,-1.5977226818601291e-09,2.705492079257965e-10,8.886900104698725e-12,1.068187316377589e-12,2.662255601156479e-13,3.9190562939586736e-10,-3.880219279564501e-11,-1.4837056029711086e-08,6.783267281207372e-10,1.397416441821046e-13,1.7676073567803503e-13,-1.1163902557028335e-13,3.437665837176714e-12,-2.2782629116591124e-12,-5.089706434091568e-15,-1.28549393352273e-13,1.4984874452395047e-13,-4.929305852385824e-13,-1.4634769091026457e-14,-3.0699993658345194e-12,-1.9131524216694136e-10,-4.2387910070829095e-11,-1.1672113942040596e-11,-4.528915020785007e-13,-6.7346128673762e-14,-4.441728638640111e-10,5.846391621690261e-12,-2.966387487505704e-11,-4.90848398963332e-10,-6.859687875597024e-14,-5.862092929131979e-14
21.858615034246718,1.2267175238574643e-12,-2.3934868901657563e-12,1.571670201390892e-12,-1.0149339123762442e-14,2.7398527890909465e-13,-2.8558866382866197e-13,5.6191851172116e-13,-1.7235475199828266e-14,2.4386584603538116e-12,1.4729241561192636e-15,-2.859943763292942e-11,-4.618488274113486e-09,-4.0306803034129146e-10,-1.8793969356968786e-11,1.0559775276419714e-09,-1.2362891662779216e-09,1.6194511009981482e-15,-1.8196069651033042e-12,9.276639534058709e-12,-1.5001515452988061e-12,-2.8044233602031454e-12,-2.6047148564707403e-13,-6.269877367283138e-14,-7.57874611125705e-12,-4.316254966652265e-14,7.247723116835322e-12,3.781863711083133e-12,1.0023538846482769e-10,-1.3463441877562914e-15,4.6184884042177465e-09,4.0306811707746526e-10,1.991080366057853e-10,-1.8202201356419534e-13,-1.080092088119632e-10,2.8049832828625984e-12,2.5761559554827056e-13,7.57975682295378e-12,1.0362081563168128e-15,2.8601861619866515e-11,1.2267175238574643e-12,-2.394240065465662e-12,1.5717119457766178e-12,-1.0149246605177057e-14,2.748947736108676e-13,-2.855879976948472e-13,5.619611442853056e-13,-1.7235718061114902e-14,2.444153324177023e-12,-1.6755269219477972e-09,2.086162567138672e-10,-1.0012058737629558e-11,7.537295232395991e-13,2.7334579044691053e-13,-3.2921262615229015e-10,-4.360415674364848e-11,-1.4860437211148835e-08,2.77843525964272e-10,1.3028839581282388e-13,1.7988913599461162e-13,-1.856236345187945e-13,2.151505085201677e-12,-1.4073530489137434e-12,-1.2050915820793761e-15,-4.700079214714492e-14,7.135123047952163e-14,-5.861646723559488e-13,-4.972602191122278e-15,-1.7989047288817044e-12,-1.1709804918306569e-10,-3.8748112274333834e-11,-1.0735533351180493e-11,-5.608984388061344e-13,-1.285249453160849e-13,-4.5005394759771156e-10,9.740917924702663e-12,-3.203051865728341e-11,-5.06696314535778e-10,-8.233247995407626e-14,-8.204485557374482e-14
22.829193334233338,1.4477431290830605e-12,-1.2631365583123019e-12,8.053602229551871e-13,-1.2138629800391895e-14,2.9228885978227483e-13,-2.908047136429559e-13,-7.013056801952188e-14,-2.2680370313314196e-14,1.8323286591718596e-12,2.1681465293176883e-15,-2.7079190741593113e-11,-3.571891740716815e-09,-1.3398355341864843e-09,-1.4093708838869292e-11,7.19810481061448e-10,-9.262244939277155e-10,1.772497079666202e-15,-1.842423436038132e-12,8.510827701505859e-12,-1.4091068024945164e-12,-4.0917269572560144e-12,-2.0147351298262342e-13,-4.912039898314676e-14,-9.017106698720746e-12,-6.355931650768924e-14,9.14100371876375e-12,3.678835014397919e-12,9.241264084718835e-11,-2.7027533856804897e-15,3.5718919141891625e-09,1.3398357510269188e-09,2.2051024201052985e-10,-2.0764760895984612e-13,-9.951129068051112e-11,4.092332416406712e-12,1.9903245720201662e-13,9.018548686526094e-12,1.924386576016938e-15,2.708352061138915e-11,1.4477431290830605e-12,-1.2638376271449185e-12,8.053813912075232e-13,-1.2138539594771143e-14,2.929709808086045e-13,-2.9080249319690663e-13,-7.010214631009148e-14,-2.2680616065806626e-14,1.8369329760995848e-12,-1.715534987548987e-09,1.4182296581566334e-10,-3.4372646950942e-11,2.1732660115958423e-13,2.4356516803436536e-13,-1.2932538760820578e-09,-4.439455530622083e-11,-1.4883966602919495e-08,-3.013909122273617e-10,1.0442940493830358e-13,1.6241193575202337e-13,-3.0153763166951284e-13,1.3009046617717956e-12,-6.224709636626358e-13,2.5490905682564364e-15,-3.1766811403599604e-14,5.903211253155405e-14,-5.961062754522572e-13,2.142504923474675e-15,-9.493608862006416e-13,-6.492458245096108e-11,-2.57241481449455e-11,-1.062986143551825e-11,-5.952371928685807e-13,-1.6021762620314444e-13,-4.263372600691085e-10,1.4265365960979687e-11,-2.4659159144175934e-11,-4.688079554190002e-10,-8.852105102171344e-14,-9.919214032326021e-14
23.842867788067263,2.0542352078637787e-12,-7.059194710260878e-13,4.193489999693156e-13,-1.564770188422493e-14,3.935838321922347e-13,-3.740350251746349e-13,-1.1873524385919153e-12,-3.1053478654248976e-14,2.2773747332394123e-12,3.5514289062847136e-15,-2.7705189994028007e-11,-2.4906412219097285e-09,-2.868143916812116e-09,-8.404415556352772e-12,2.7525271744417116e-10,-5.505180438498363e-10,1.8233678455992218e-15,-2.3190560582975196e-12,8.574713936309506e-12,-1.5483102929603716e-12,-6.6717464886068e-12,-1.255029978992901e-13,-3.1650118032372984e-14,-1.235430044576754e-11,-9.783202999642176e-14,1.269708158185129e-11,4.178701829005149e-12,9.385631806630267e-11,-4.94112491084923e-15,2.4906413736980326e-09,2.868143786707855e-09,2.8367236635081944e-10,-2.7396812574652376e-13,-1.0087951146266109e-10,6.672391453374157e-12,1.2267409311822408e-13,1.2356035085218023e-11,3.1086244689504383e-15,2.7711610783853757e-11,2.0542352078637787e-12,-7.067484375511412e-13,4.193603982590351e-13,-1.56476197739804e-14,3.941522663808428e-13,-3.7403236063937583e-13,-1.1873311223098426e-12,-3.1053709950712436e-14,2.2827653841280456e-12,-1.6897295912106832e-09,4.0890881791710854e-11,-8.593383427069056e-11,-7.150049441406736e-13,2.7278623804249946e-13,-3.28993679844178e-09,-4.8320444867577805e-11,-1.4899977324558467e-08,-1.373472002796916e-09,9.292266030710058e-14,1.719122529516189e-13,-5.377341454060325e-13,9.873546980010416e-13,-6.111828080671937e-13,6.4167930228601715e-15,2.7953556136495196e-14,-1.2764289625266656e-14,-6.715283884517476e-13,7.433746905075959e-15,-3.629641772325461e-13,-4.0211792414387065e-11,-1.5270416042767466e-12,-1.3514252827917517e-11,-7.138631907821491e-13,-2.1454921173003071e-13,-4.654395731878076e-10,2.3236825332818845e-11,-1.5297643266510163e-11,-4.681865265846833e-10,-1.1050730932179083e-13,-1.3741514003073884e-13
24.901551974978997,2.1662531953422124e-12,-1.2369127944111825e-13,2.0890992639503262e-14,-1.2794809771861833e-14,4.072262527188286e-13,-3.8109071454073273e-13,-2.540794241667754e-12,-3.054091412639052e-14,2.9370615569253763e-12,4.152826992809516e-15,-1.4653454375827362e-11,-3.853260375705214e-10,-3.3885867202487763e-09,7.251639764861905e-13,-3.148858158346408e-10,5.089072020934639e-11,1.4703949863248411e-15,-2.3916604807716622e-12,4.621642216216126e-12,-1.0985499493280894e-12,-7.756156827909422e-12,9.655282508453758e-14,2.0674084530270463e-14,-1.1419789663114434e-11,-1.0837025498711236e-13,1.1858015820451845e-11,3.3274716315645493e-12,5.187781728747147e-11,-4.75211233211259e-15,3.8532649293543386e-10,3.388586460040255e-09,2.632722165274437e-10,-2.3838152589036876e-13,-5.5397611562634825e-11,7.756774823147738e-12,-9.939105095496931e-14,1.1421458779890817e-11,2.0724163126336257e-15,1.4659532846887185e-11,2.1662531953422124e-12,-1.2409392032471563e-13,2.0899874423700264e-14,-1.2794730552823097e-14,4.077946869074367e-13,-3.8108494138100466e-13,-2.5407373982488934e-12,-3.0541136749236604e-14,2.9436838152226606e-12,-1.6574437419573467e-09,-1.9063008949160577e-11,-1.417270141246263e-10,-1.9605650436460565e-12,1.6711076966657857e-13,-5.280505748424032e-09,-3.26932491495624e-11,-1.4907708295977836e-08,-2.5628186980005316e-09,1.4159090566678856e-14,8.639750951703698e-14,-7.449620550067e-13,4.835453334036307e-13,-1.806318058091468e-13,1.1853610685600794e-14,-5.3997945004269354e-14,6.90447976570141e-14,-4.712255030625556e-13,1.7945795312742282e-14,-3.3878677641041575e-14,-1.0564690455794334e-11,2.3504071577917784e-11,-1.3592497793979418e-11,-5.675104830515921e-13,-2.0001324670578432e-13,-3.3278005674095194e-10,2.7048964739047332e-11,1.216682124962719e-11,-2.266607642316861e-10,-8.394875072870179e-14,-1.3217479194471693e-13
26.007244442001138,1.7804942705386869e-12,1.4142642612569034e-13,-1.527663921289483e-13,-3.9303161419868e-15,2.6648194761946796e-13,-2.46590303731864e-13,-3.6270151326789346e-12,-1.77464958237931e-14,3.818665087843935e-12,3.588016812078718e-15,3.8714494573118446e-12,1.5911387441988611e-09,-2.5567437056395192e-09,8.642821081832658e-12,-7.560570027185878e-10,5.71512361245498e-10,8.52963533137796e-16,-1.6151718851276086e-12,-7.61487126584833e-13,-2.979145515551658e-13,-6.645656247528109e-12,3.7427067925120465e-13,8.720038018543302e-14,-6.4697560265948166e-12,-8.318036242722583e-14,6.702198935397342e-12,1.291944329295802e-12,-6.132368514797267e-12,-3.0439337393254698e-15,-1.5911378117849928e-09,2.556743358694824e-09,1.7590385497407674e-10,-1.161921904177521e-13,7.195277965175317e-12,6.6463051425283415e-12,-3.770350698694805e-13,6.471809477862554e-12,1.1842378929335002e-15,-3.866832779901112e-12,1.7804942705386869e-12,1.4073009424464545e-13,-1.52767280307368e-13,-3.9302328752599536e-15,2.674482857401017e-13,-2.4658586283976544e-13,-3.626922762123286e-12,-1.7746721337844977e-14,3.8238757345728425e-12,-1.6117701306939126e-09,-3.314926289021969e-11,-1.9139565665682313e-10,-3.0427642627728346e-12,2.4410103568091776e-14,-6.826725231623937e-09,-5.842123659838272e-12,-1.4884287057693355e-08,-3.4369923203788253e-09,-6.842632941742958e-14,-2.946166458942893e-14,-8.179235876556076e-13,6.87508198519519e-14,7.591675436439497e-14,1.253325221384216e-14,-1.2693701645360988e-13,1.2922510284063548e-13,-9.627987296312312e-14,2.2319397487609767e-14,1.3202831420737008e-13,7.5657832591484e-12,3.845070750685409e-11,-8.719396760170639e-12,-2.379070274116657e-13,-1.0396678888173009e-13,-9.17312737397498e-11,2.3244448629344133e-11,4.6324749648549224e-11,9.338574358253027e-11,-2.671411992079727e-14,-7.912014648771744e-14
27.162032476755684,1.2159482680000149e-12,5.2295945351943376e-14,-8.253190723432151e-14,5.440332212502952e-15,5.115907697472721e-15,4.9191761775091436e-15,-4.559332467124477e-12,-1.99926013244589e-15,5.060428520664573e-12,2.4199813182906927e-15,2.2213619832456288e-11,3.4102875471481164e-09,-1.2774300714446518e-09,1.5341656516605036e-11,-1.0940159492608563e-09,1.011517853604411e-09,-6.519524503589835e-16,-9.73915392776803e-14,-5.713969349354229e-12,5.990867524285903e-13,-4.410777298957669e-12,5.693132823514205e-13,1.3445238208570012e-13,-5.818354782928882e-13,-4.3810716828349126e-14,9.022178838261226e-14,-1.4687806526580971e-12,-5.995991816749126e-11,2.1141942363467336e-18,-3.4102866364182916e-09,1.2774297244999566e-09,6.715889749082343e-11,2.1499962183854637e-14,6.50779172153127e-11,4.411314250083592e-12,-5.721870200442881e-13,5.839537187719544e-13,-1.0362081563168128e-15,-2.2212306068543814e-11,1.2159482680000149e-12,5.2059097773356677e-14,-8.251443972540074e-14,5.440422418123703e-15,6.1959326558280736e-15,4.923617069607644e-15,-4.55920456943204e-12,-1.9994769728803872e-15,5.066804457480127e-12,-1.5409120048085848e-09,-2.9744114726781846e-11,-2.444235178700183e-10,-4.015021204395452e-12,-7.444711513926449e-14,-8.327106446242482e-09,2.3815823445294537e-11,-1.483087125257559e-08,-4.18270692155905e-09,-1.3069869260936193e-13,-1.304733635946557e-13,-7.848607469958709e-13,-1.2669284140306067e-13,1.7398823122978988e-13,1.0751640318792019e-14,-8.526634953653911e-14,9.343563422969936e-14,2.850388813868676e-13,2.086565295544851e-14,7.571543392259628e-14,8.574716048315168e-12,4.8258698370773345e-11,1.7340084923489485e-13,1.0361533853142646e-13,7.1032300411980975e-15,1.7846344557187348e-10,1.5553462109820643e-11,7.021929634810885e-11,4.038448094452936e-10,3.390196109953614e-14,-1.534876826331244e-14
28.368096047762684,4.898640752296994e-13,-2.817917750993123e-13,1.5988306974653219e-13,1.5382852977530172e-14,-3.0263436201494186e-13,3.004525517269485e-13,-5.0717972044367345e-12,1.6710284776270494e-14,6.2512602501859265e-12,7.040520916918799e-16,3.52296525285567e-11,4.423352417855242e-09,3.4382384092590534e-10,1.8659109475769957e-11,-1.196953528356407e-09,1.2286383022086511e-09,-1.7046260236686095e-15,1.7247564487732348e-12,-9.236297127640643e-12,1.3931715519593805e-12,-1.1762812945903534e-12,7.032825187582529e-13,1.6740744498903354e-13,6.0767586064670536e-12,1.0178125331687276e-14,-7.545458147939093e-12,-4.1795900074248495e-12,-9.876059918188376e-11,2.6867252635639125e-15,-4.423351615545634e-09,-3.4382436134294814e-10,-5.0341477018735405e-11,1.6945666874920716e-13,1.0660690676487125e-10,1.1767312384919348e-12,-7.066278118901785e-13,-6.074996339918911e-12,-1.7763568394002505e-15,-3.52307812552984e-11,4.898640752296994e-13,-2.819599368801088e-13,1.5991652446700756e-13,1.5382936822498175e-14,-3.015543370565865e-13,3.004587689758864e-13,-5.0716693067442975e-12,1.6710076609453376e-14,6.258147777771228e-12,-1.468540479739507e-09,-4.540197551250458e-12,-2.874126039387193e-10,-4.638806672119245e-12,-9.756047821459409e-14,-9.406404337612405e-09,5.0475240306879776e-11,-1.4749379603583031e-08,-4.559261412850901e-09,-1.4517544573896165e-13,-1.8934973959143045e-13,-5.997282762996529e-13,-2.2410658514123346e-13,3.2018950453978807e-13,6.4681963489003164e-15,-1.5455525748109268e-14,3.9851885680342034e-14,6.202682811817795e-13,1.6303145176458736e-14,-1.1323209037072957e-13,-2.154896113400658e-12,4.9320078687742354e-11,1.0568143693490129e-11,4.1506886816478074e-13,1.358591480056977e-13,4.1476899434391547e-10,4.380463006214974e-12,8.661021770431504e-11,6.113474171343114e-10,9.187273627050037e-14,6.060678290250217e-14
29.627711919708684,-2.4525289206896633e-13,-7.73676826308171e-13,5.105246595841588e-13,2.2885444118473744e-14,-6.129994289949537e-13,6.004698960282439e-13,-5.369962252643745e-12,3.2512054391290825e-14,7.443304639309644e-12,-1.1404682418310027e-15,4.338984727070283e-11,4.968662026955117e-09,1.7949884634216318e-09,1.9950482238462186e-11,-1.17239507784512e-09,1.3123316719035725e-09,-3.1612733264463343e-15,3.6212477461106118e-12,-1.1120319781289426e-11,1.989979966985511e-12,2.2871982086059006e-12,7.15179834980834e-13,1.7085494157378293e-13,1.1913706670609345e-11,6.337594317501211e-14,-1.4736162847003647e-11,-6.657163709178349e-12,-1.2006894186910368e-10,5.614287969709271e-15,-4.96866072591251e-09,-1.794988810366327e-09,-1.598846005986968e-10,2.9374069908209843e-13,1.2920252723000395e-10,-2.2865143480856054e-12,-7.178938000336889e-13,-1.1912405507655792e-11,-3.552713678800501e-15,-4.3394473199972104e-11,-2.4525289206896633e-13,-7.73212605054141e-13,5.105527852341159e-13,2.288552796344175e-14,-6.121467777120415e-13,6.004770014556016e-13,-5.369813038669236e-12,3.2511834659650534e-14,7.449917423703786e-12,-1.391939197977384e-09,2.7968781068921088e-11,-3.2728257792769e-10,-5.0854822575274736e-12,-4.2280253372458293e-14,-1.034492388392865e-08,7.265609554968355e-11,-1.4650186834019386e-08,-4.7865190329806256e-09,-1.2447991711480218e-13,-2.0680674765275833e-13,-3.186056858154688e-13,-1.2972700691449291e-13,3.1437726496127046e-13,2.4780547983975036e-15,1.1695022728019922e-13,-8.327578904232525e-14,8.547742513798085e-13,9.414806897053059e-15,-5.831376862867425e-13,-2.2454817856972417e-11,4.677440301747993e-11,2.1020341023358923e-11,6.346825287550928e-13,2.4124618969167953e-13,5.932959550004536e-10,-7.550035358190599e-12,8.800254127859681e-11,7.335578070903163e-10,1.397504695877886e-13,1.2527735793188554e-13
30.943257951443588,-7.18526164493009e-13,-1.134291475561137e-12,7.709237692665738e-13,2.412756510787132e-14,-7.140670277294702e-13,6.990044099097759e-13,-5.005013292702643e-12,4.071251437827902e-14,7.717365709443887e-12,-2.474028090728306e-15,3.634100427992356e-11,3.9817176031992085e-09,2.5155636254603486e-09,1.5563852290290114e-11,-8.284593646022489e-10,1.0226946273966015e-09,-3.2689996543044942e-15,4.319200552771463e-12,-9.228293194207298e-12,1.9023512174446706e-12,4.755362770225702e-12,5.497222167225978e-13,1.3235964471835736e-13,1.3834433693869775e-11,9.917584075394229e-14,-1.824047975345406e-11,-6.9460881491068e-12,-1.0052198092002162e-10,6.823968473623765e-15,-3.981716865941731e-09,-2.5155640591412176e-09,-2.0979659973560264e-10,3.203499477407584e-13,1.0785145386590599e-10,-4.7548942593619165e-12,-5.531600178463594e-13,-1.3833256486124312e-11,-2.812564995717063e-15,-3.634618532070514e-11,-7.18526164493009e-13,-1.1331617126112784e-12,7.709033411629207e-13,2.412765184404512e-14,-7.136691237974446e-13,6.990110712479236e-13,-5.004807235309272e-12,4.0712294646638726e-14,7.725181679537247e-12,-1.362408511340618e-09,7.03730620443821e-11,-3.376119366294006e-10,-4.939167297379754e-12,1.825798771430224e-13,-1.0524798603698803e-08,7.618993543706543e-11,-1.4540599312728664e-08,-4.538615409425499e-09,-2.1006483589639895e-14,-1.155265697920053e-13,4.2178344150656244e-14,4.682239781080474e-14,6.771945966950928e-14,-4.981163629717381e-15,2.2122451093231633e-13,-2.0458338495510376e-13,8.207639012880463e-13,-4.2690966502630564e-15,-8.823614431700358e-13,-4.0364587524284916e-11,3.588866093195975e-11,2.4346235250050085e-11,6.134821539660607e-13,2.8545665831103406e-13,5.684662043418136e-10,-1.6068014432012168e-11,6.745128217926274e-11,5.891559832586305e-10,1.3720084385733985e-13,1.5234203366391401e-13
32.31721758481953,-7.804012991385889e-13,-1.209173206007108e-12,8.284137820169235e-13,1.774605231282441e-14,-6.180016498547047e-13,6.070224323195817e-13,-4.484547844185727e-12,3.459537633217676e-14,7.379033680384358e-12,-2.838737254996037e-15,2.1862493297201507e-11,2.472385685937939e-09,2.2265728323589418e-09,9.375697143257764e-12,-4.2701937224316165e-10,6.15185997381624e-10,-2.6463206626026192e-15,3.828479200329582e-12,-5.5868423582496215e-12,1.3882568382974998e-12,5.3868021154812595e-12,2.384822718096755e-13,5.855583977879195e-14,1.1254263007672995e-11,9.833274058057778e-14,-1.7027790013039697e-11,-5.619860132810572e-12,-6.163848501373412e-11,5.449796430107012e-15,-2.4723847968921575e-09,-2.2265734395121584e-09,-1.975394005117513e-10,2.4690824471790275e-13,6.584048551838953e-11,-5.386157557289717e-12,-2.41592856855278e-13,-1.1252844490676279e-11,-1.1842378929335002e-15,-2.1866508603807233e-11,-7.804012991385889e-13,-1.2077686998660889e-12,8.283821036532876e-13,1.7746131531863145e-14,-6.177742761792615e-13,6.0702731730089e-13,-4.484377313929144e-12,3.459516527415385e-14,7.386214898967106e-12,-1.3693546255429585e-09,1.0788789950311183e-10,-3.341801857459359e-10,-4.657209728975431e-12,4.696184182269766e-13,-1.0428181315885098e-08,6.674025047892496e-11,-1.445694459401255e-08,-4.25800787221912e-09,9.594579760315487e-14,2.0112476499060487e-14,3.245708563026639e-13,3.2683148779947637e-13,-4.925008549131841e-14,-8.747040129245912e-15,2.829983192231822e-13,-2.6501164457348737e-13,5.731615182469341e-13,-1.37074957865894e-14,-9.117684385273605e-13,-4.979301593266427e-11,2.3759639589115976e-11,2.1024064267294305e-11,3.8788083855934017e-13,2.3215452708373144e-13,4.1408840181068013e-10,-1.8302060984364682e-11,2.911053100254306e-11,3.3700701488707335e-10,9.611896492854137e-14,1.2735624331748168e-13
33.752184532845696,-5.805406155801052e-13,-1.0847240143145125e-12,7.419827715201184e-13,9.430143009063012e-15,-4.4565240386873483e-13,4.4004444532674827e-13,-4.195392477868154e-12,2.1806913913513526e-14,6.993407926832636e-12,-2.536330752130649e-15,8.923232523253924e-12,1.2196532846175945e-09,1.4589487604133033e-09,4.2706859873905706e-12,-1.264689543565924e-10,2.794012640297946e-10,-1.7596167578570743e-15,2.8365892967840976e-12,-2.354463523371126e-12,8.229064232360165e-13,4.774652895278564e-12,-3.61943706650288e-14,-7.155586379404662e-15,7.1670272984187595e-12,7.562815605507355e-14,-1.3802963495782872e-11,-3.910205492729801e-12,-2.6746692715925936e-11,4.348969824310063e-15,-1.2196523305196827e-09,-1.4589494543026937e-09,-1.572001953212673e-10,1.4769061082615941e-13,2.8281317856069142e-11,-4.773869017107857e-12,3.279654326221909e-14,-7.166670591025066e-12,-5.921189464667501e-16,-8.926193117986259e-12,-5.805406155801052e-13,-1.0829239727172534e-12,7.41893361559202e-13,9.430203146143512e-15,-4.454250301932916e-13,4.400493303080566e-13,-4.195221947611571e-12,2.1806705746696407e-14,7.000551249802811e-12,-1.3854199399550755e-09,1.3696262612938882e-10,-3.344011929584667e-10,-4.606604875334597e-12,7.051248473999294e-13,-1.0439888746775471e-08,5.503380737237329e-11,-1.4408828309717495e-08,-4.189833665198724e-09,1.803429627855735e-13,1.3294448875100784e-13,4.673622484389443e-13,4.2953092934302125e-13,-2.2177459868544247e-13,-8.117580681717602e-15,2.864715964445708e-13,-2.7584066281116647e-13,2.9591618044833015e-13,-1.4948858123586817e-14,-8.908500603865832e-13,-5.053031297090153e-11,1.404805516358465e-11,1.5122111562959617e-11,1.2513812208680974e-13,1.3993725160125573e-13,2.4547599095544576e-10,-1.6256497829738453e-11,-4.5869940142475135e-12,1.2510289100949498e-10,5.1023022612506353e-14,8.285948750047512e-14
35.250867676009115,-2.2818247291667147e-13,-8.31126574970161e-13,5.634571328035539e-13,1.8798169039898246e-15,-2.595470505184494e-13,2.581819202873703e-13,-4.165862321769964e-12,8.298867958574559e-15,6.716921537493666e-12,-1.8436621479751562e-15,-5.580536033278349e-13,3.210603224251818e-10,6.011378894665853e-10,5.474489909015493e-13,7.050070844576746e-11,3.4822145167368035e-11,-1.1501650326595225e-15,1.7093243487309451e-12,-8.822077435502516e-14,3.501922589120157e-13,3.443495488753001e-12,-2.179849823678659e-13,-5.0969191217409715e-14,2.979298388154196e-12,4.4646421252118555e-14,-1.007992994729081e-11,-2.2814639066837115e-12,-2.02738342909602e-12,2.9343389697233935e-15,-3.210598453762259e-10,-6.011385833559757e-10,-1.0586702645484384e-10,5.237215825945607e-14,1.7686110973679819e-12,-3.4426587557263855e-12,2.1455448531085312e-13,-2.9787272651441432e-12,7.401486830834377e-16,5.567398394153619e-13,-2.2818247291667147e-13,-8.295752233304181e-13,5.634073948120507e-13,1.879889184134657e-15,-2.588649294921197e-13,2.581863611794688e-13,-4.165691791513382e-12,8.298688703815374e-15,6.721469011002531e-12,-1.4010972032944362e-09,1.5995465219020845e-10,-3.420336724957451e-10,-4.827938937523868e-12,8.741067129373429e-13,-1.0589631497274494e-08,4.482317295106952e-11,-1.4385831674008377e-08,-4.3271389434570056e-09,2.3173967374686317e-13,2.1313488011524364e-13,4.801077070626381e-13,4.4564552048598216e-13,-2.6157446579115154e-13,-5.788443798356487e-15,2.489083106294032e-13,-2.3441745072849683e-13,6.336864366573991e-14,-1.2145041916600264e-14,-6.452864909078926e-13,-4.4041371438652277e-11,6.741174729540944e-12,8.77327011039597e-12,-1.0269873840229593e-13,4.698170093705064e-14,1.0397006253353623e-10,-1.1749855103639073e-11,-2.6883976653440104e-11,-2.1530333071950736e-11,1.1389743315159961e-14,3.6294977440176625e-14
36.81609617600466,2.2588024043794046e-13,-4.756657290272415e-13,3.142239061541356e-13,-3.696349939093698e-15,-7.79891706770286e-14,7.964562342976933e-14,-4.362100014532188e-12,-3.3992716049387657e-15,6.555637810379267e-12,-9.436298551086016e-16,-6.108188029448532e-12,-2.619330533720765e-10,-1.4275820109377335e-10,-1.893765402430755e-12,1.7744421011909953e-10,-1.253008807822198e-10,-3.303780859997829e-16,5.670242053668062e-13,1.1947322975897197e-12,-1.022074866601684e-14,1.7368051441479793e-12,-2.881473280212664e-13,-6.827887438255483e-14,-5.340890078822452e-13,1.2440231476947059e-14,-6.60302694532294e-12,-8.634870596324618e-13,1.2272289128075996e-11,1.5849409458479347e-15,2.619340508380752e-10,1.4275733373203536e-10,-5.024670164071361e-11,-2.263639579599963e-14,-1.3453643883697486e-11,-1.7359647519390314e-12,2.8477914473873446e-13,5.348840815246648e-13,1.1842378929335002e-15,6.108299051750994e-12,2.2588024043794046e-13,-4.742706967893658e-13,3.1415966124844393e-13,-3.696293849701308e-15,-7.736389306955971e-14,7.964873205423828e-14,-4.361915273420891e-12,-3.399430621257397e-15,6.5619663776791036e-12,-1.4156103134155274e-09,1.77707988768816e-10,-3.56072632712312e-10,-5.303746775098262e-12,9.705007168273976e-13,-1.0833926004378619e-08,3.728481932918637e-11,-1.4383940990842604e-08,-4.618641469278373e-09,2.5266293686894887e-13,2.5788459330951717e-13,3.766415362464285e-13,3.624001469286024e-13,-2.09477472405221e-13,-2.363183722782954e-15,1.5146783827191256e-13,-1.440538105468292e-13,-1.0005241080079941e-13,-6.221377579773702e-15,-3.7440865222985547e-13,-3.0917969221870105e-11,1.2396412785165012e-12,2.6152235932386248e-12,-2.704148016619001e-13,-2.9734733194194024e-14,-3.940000780413928e-12,-5.967191259344251e-12,-3.5428602772062526e-11,-9.986855786792148e-11,-1.6577825628453595e-14,-3.668953162117017e-15
38.4508248165277,4.485872784343314e-13,-5.672215290057163e-13,3.737185375977485e-13,-9.791426928510797e-15,-1.3005774235352873e-13,1.2767298329663391e-13,-5.294573668379598e-12,-1.532845898821744e-14,8.123606676235795e-12,-8.278786382876442e-16,-1.0439205055945422e-11,-4.63830232902418e-10,-7.225783339726011e-10,-4.613692860295465e-12,3.553905582519081e-10,-3.044033279410639e-10,-5.361596583375316e-16,8.301304088575989e-13,2.0063085559832225e-12,-3.126334785367969e-14,1.4992174168781958e-12,-4.913189295596787e-13,-1.1723020255703478e-13,-3.21696501880295e-12,-7.751203989872722e-15,-6.894534388536271e-12,-1.234656821225144e-12,2.090298218753121e-11,1.77901313472284e-15,4.6383192425780706e-10,7.225772931385155e-10,-4.637070985128286e-11,-8.154847240190999e-14,-2.2874983561096512e-11,-1.4982883911416472e-12,4.881928195521163e-13,3.217441036140524e-12,8.881784197001252e-16,1.0439057026208806e-11,4.485872784343314e-13,-5.663475614407313e-13,3.7367679321202256e-13,-9.791361587259869e-15,-1.296598384215031e-13,1.2768452961609e-13,-5.2943605055588706e-12,-1.5328597766095518e-14,8.129253122509302e-12,-1.3144065936406453e-09,2.2730091586709021e-10,-4.465705387701746e-10,-6.677112196484814e-12,1.3083578664918604e-12,-1.199206935304341e-08,4.586832649811079e-11,-1.425104439043825e-08,-5.730759274532223e-09,3.3288279540262996e-13,3.5682336714989066e-13,4.808948147102162e-13,4.7974269001827e-13,-2.2944846023165156e-13,1.444511177339791e-15,2.335166227052099e-13,-2.1189732607451716e-13,-2.4084112482114507e-13,-1.48269706697531e-15,-4.2427927837707105e-13,-4.161605223392447e-11,-8.629285730421543e-12,4.245151785653434e-12,-4.438751588509149e-13,-1.0887744409752524e-13,-1.1754938108170727e-11,-5.195815565989248e-12,-6.031025344666848e-11,-1.4555023852835802e-10,-3.891307848863379e-14,-3.471804007476598e-14
40.1581395812115,1.1411288580731593e-12,-1.8508217181079088e-13,1.0667348486019061e-13,-1.1104494638628874e-14,-5.798028723802418e-14,5.2562842967063263e-14,-6.540290087286849e-12,-2.227059971623054e-14,9.37385872627298e-12,1.3503286307401755e-16,-8.682628690100577e-12,-5.415474926134811e-10,-1.0921229198768145e-09,-5.922469855804532e-12,3.9335824280379537e-10,-3.900218243606852e-10,-4.683319704268385e-16,2.5369428779953294e-13,1.7285591562761268e-12,-1.0776465314425689e-13,-3.0753177782116836e-13,-3.8888018799161374e-13,-9.353219619155121e-14,-4.738592945153985e-12,-3.424312285011502e-14,-6.6966285301486055e-12,-9.817036072945484e-13,1.8429895852328404e-11,4.0659388471827224e-16,5.415490972326964e-10,1.0921216188342076e-09,2.5891689585983665e-12,-1.0522807126524259e-13,-2.004752952791742e-11,3.0851880837394485e-13,3.8617303803032783e-13,4.739225679036697e-12,1.0362081563168128e-15,8.684016468881358e-12,1.1411288580731593e-12,-1.8503717077085943e-13,1.0681855400207496e-13,-1.1104434501548373e-14,-5.809397407574579e-14,5.257394519730951e-14,-6.540126662457624e-12,-2.2270724038079652e-14,9.377288279210917e-12,-1.2511542687813441e-09,2.5064218789339066e-10,-5.330221028998494e-10,-8.529653428013262e-12,1.457903427611503e-12,-1.2893888540845162e-08,5.3539638000810186e-11,-1.4191964547192513e-08,-6.982910842149674e-09,3.4976591067881203e-13,3.839666547674388e-13,2.333772642730085e-13,2.583418664177846e-13,-9.756225457143349e-14,6.198597191087174e-15,1.1151002343723349e-13,-9.77156619508257e-14,-2.705389245960532e-13,8.458974261789838e-15,-1.2990615990323326e-13,-2.498442578750352e-11,-1.5863406588323414e-11,1.7801653484639246e-12,-5.193268037828603e-13,-1.47382939186258e-13,-3.3996061779626593e-11,9.017032997007957e-13,-4.759098412705677e-11,-9.670782693168196e-11,-3.9879234174181966e-14,-5.5412454139092126e-14
41.94126347923942,1.5771151051779952e-12,-1.534014396990339e-13,8.58513260482141e-14,-6.303183669453816e-15,-2.1805135475005954e-13,2.0518697851912294e-13,-7.980673899510294e-12,-1.6660845157205155e-14,1.1369896431763967e-11,3.056770382468951e-16,-1.4551323109420384e-12,-7.330321245835325e-11,-6.62884417496068e-10,-5.344545490694662e-12,3.507311108208455e-10,-3.520014438659506e-10,-1.239590027846127e-15,1.0991096921486587e-12,2.2559473668982105e-13,2.065309325369643e-13,-5.902223154663488e-13,-1.7936773968673059e-13,-4.364772764848156e-14,-2.7506912451499252e-12,-2.8821060446563255e-14,-1.070991774539361e-11,-2.489297656893541e-12,2.3000980964821414e-12,4.665683348929287e-16,7.330386297965674e-11,6.628832031896348e-10,6.617568596275651e-12,-5.192150962646247e-14,-2.729276752920087e-12,5.912250669506264e-13,1.7625012562291787e-13,2.7514046599373117e-12,1.1842378929335002e-15,1.4567606380448221e-12,1.5771151051779952e-12,-1.5450988636681966e-13,8.600113214167019e-14,-6.3031235323733156e-15,-2.1873347577638923e-13,2.052007452846283e-13,-7.980517580108425e-12,-1.666096369664268e-14,1.1372321750968694e-11,-1.1479326834281286e-09,2.568704076111317e-10,-6.382997526088729e-10,-1.0856794574465312e-11,1.592720029937785e-12,-1.3589179394160923e-08,7.282591196755561e-11,-1.4095980331052141e-08,-8.341406972552553e-09,3.6733930712055477e-13,3.8665505982156865e-13,3.2807246502786214e-14,6.775380256840436e-14,6.059508450562135e-14,7.358299155176458e-15,1.0818507201193483e-13,-8.709164639464361e-14,-1.3067547044443017e-13,1.2341614998486369e-14,-1.358178754647573e-13,-2.0759519732867678e-11,-2.017623046413064e-11,7.178527994256001e-12,-4.360183325502476e-13,-1.0365259576576118e-13,6.03889031803784e-11,1.9291778461175135e-12,-2.1834196969984953e-11,3.371998976338849e-11,-1.1789092560961685e-14,-3.546944277639981e-14
43.80356262962903,1.7561552212441712e-12,-3.3514879760332405e-13,2.1835925660222224e-13,1.3420861644242165e-15,-3.9176484278868886e-13,3.7540637265465195e-13,-8.987896649159665e-12,-2.4687572588074265e-15,1.2969394447281956e-11,-4.573632043386426e-17,4.661548924644876e-12,3.5665684815222587e-10,9.850297660873863e-11,-3.861151230093769e-12,2.695344344541947e-10,-2.5455764480446826e-10,-1.710133770704836e-15,2.1262352989381838e-12,-9.392034953376943e-13,5.033764103220514e-13,1.1463052729254741e-13,4.821169973331186e-14,1.1362812869355852e-14,7.646909251326728e-13,-1.6897912582059663e-16,-1.621419790260919e-11,-3.97166743937305e-12,-1.0420669495262203e-11,1.0099885337788717e-15,-3.566560241585748e-10,-9.850419091517182e-11,-1.1112618761696273e-11,2.6955803041073256e-14,1.0859917616342098e-11,-1.1361368118002757e-13,-5.1197657229952706e-14,-7.642095290681205e-13,7.401486830834377e-16,-4.660420197903174e-12,1.7561552212441712e-12,-3.3615303133653167e-13,2.184368241842094e-13,1.3421301107522747e-15,-3.9187852962641046e-13,3.754250244014656e-13,-8.98779717317666e-12,-2.468858451010192e-15,1.2971137645460354e-11,-1.0717194527387618e-09,2.318411134183407e-10,-7.131884558475576e-10,-1.2976926200281013e-11,1.7180568079311342e-12,-1.3534384982259051e-08,9.130296345361e-11,-1.3993338666984832e-08,-9.261938771487621e-09,4.0418159559981366e-13,3.974405064314605e-13,-6.265145231313755e-14,4.068071805344668e-14,5.054327327040179e-14,3.550641262487867e-15,1.4227569122837735e-13,-1.2956657968743456e-13,5.2306159403769926e-14,8.1352170370567e-15,-2.487468009348959e-13,-2.4519977159798146e-11,-1.7313141142949463e-11,1.3080949656796293e-11,-2.952686983803687e-13,-8.153015299920223e-15,1.5075486079124032e-10,-3.22667240149066e-13,6.042720066248041e-12,1.1122539926115375e-10,1.8287525718289435e-14,5.856315143474659e-15
45.748552615674036,1.9456199614372356e-12,-7.582154163780312e-13,5.150866400072119e-13,4.186036933750969e-15,-6.849631972727366e-13,6.623732673460836e-13,-1.007975924949278e-11,3.0137784629014065e-15,1.5148543752729892e-11,-6.467664770222033e-16,7.208493061720371e-12,6.743043406629012e-10,6.142046073132068e-10,-3.671461696172099e-12,2.852378650735383e-10,-2.4246160634788794e-10,-2.814935784467565e-15,3.864436548539629e-12,-1.6704096116651275e-12,8.751175656222766e-13,1.2763401446846956e-12,5.770255516925984e-14,1.3945067873378598e-14,2.6478844580761843e-12,1.902642918013976e-14,-2.2251202826955264e-11,-6.256950513261472e-12,-1.8732367078688492e-11,1.9193811759872967e-15,-6.743036684575543e-10,-6.142054746749448e-10,-3.91019756256534e-11,6.756990258115214e-14,1.9531146725766184e-11,-1.2753253314512492e-12,-6.033562539080001e-14,-2.647757569017016e-12,2.9605947323337506e-16,-7.208604084022833e-12,1.9456199614372356e-12,-7.593901803678212e-13,5.152095046886037e-13,4.1860959143491525e-15,-6.850768841104582e-13,6.623963599849958e-13,-1.007967398436449e-11,3.013665705875468e-15,1.51486763873739e-11,-9.61202507217725e-10,1.7881393432617188e-10,-8.145611900545191e-10,-1.5853856893954798e-11,2.0689139290652746e-12,-1.253323026757307e-08,1.1569491892293726e-10,-1.3800024324653876e-08,-1.0449658323826346e-08,4.94670785814814e-13,4.742650716593744e-13,-2.174522714670779e-14,1.0244990041504327e-13,-5.999822860758287e-14,2.2654470891817863e-15,3.0183500143721177e-13,-3.082732680237399e-13,1.3776446650126673e-13,5.741281292973947e-15,-7.698872650507838e-13,-4.4426997192204e-11,-1.956141204573214e-11,2.290150291628379e-11,-2.524673803350197e-13,2.7895556235317068e-14,2.649038611207817e-10,-4.119489038084678e-12,7.158835252743312e-12,1.6450278176686575e-10,3.401060972204236e-14,2.6872083840519718e-14
47.77990512153967,2.1594733408865826e-12,-9.580010858674843e-13,6.588756207293045e-13,4.72578457847798e-15,-6.998561730142682e-13,6.808873465047327e-13,-1.0566793662292184e-11,6.351178263863666e-15,1.6013170049215356e-11,-9.201544781476066e-16,4.418021504193348e-12,5.223074577009879e-10,6.789281810359871e-10,-3.761690859598639e-12,2.986133959151768e-10,-2.484594276351361e-10,-2.904924564783862e-15,4.0058872885495586e-12,-1.230782271964903e-12,8.368104336080027e-13,1.789401959939596e-12,2.6151828982426492e-14,6.941193683756438e-15,2.848450096954589e-12,3.063311460032215e-14,-2.602274271328744e-11,-6.490274984116695e-12,-1.408969840024727e-11,2.061845341451892e-15,-5.223065036030761e-10,-6.789292218700727e-10,-4.638981163492976e-11,6.594915585855787e-14,1.4487313157903722e-11,-1.7884969221761138e-12,-2.9667102111243984e-14,-2.84841733561754e-12,4.440892098500626e-16,-4.418095519061656e-12,2.1594733408865826e-12,-9.598058644163151e-13,6.590064790164736e-13,4.725852810934702e-15,-7.00254076946294e-13,6.809104391436449e-13,-1.0566566288616742e-11,6.351094418895661e-15,1.6018437539363124e-11,-9.340389321247737e-10,8.952338248491287e-11,-8.624647307442501e-10,-1.8386828060101833e-11,2.432910169621512e-12,-1.0524542477828935e-08,1.3004130758331733e-10,-1.3627900054244404e-08,-1.1119870653904703e-08,6.030516826645756e-13,5.807678412258117e-13,5.762030898711264e-14,2.5873107360278407e-13,-2.720999721835445e-13,-1.2344939885148657e-15,3.5140618193096885e-13,-3.63959799798419e-13,1.290771933781798e-13,-5.0238170105447e-16,-7.459372379040967e-13,-5.4304109653458e-11,-1.4097167877480388e-11,2.3424192363563633e-11,-2.7959590198634035e-13,4.4892631279047635e-14,2.5541687627965923e-10,-5.797744012311923e-12,3.209468784808415e-12,9.865649038450404e-11,2.6438408753937104e-14,3.318100568611149e-14
49.90145486353978,2.657332872265291e-12,-1.3410499377641826e-12,9.216301795807644e-13,2.2721465912460084e-15,-9.844143278314733e-13,9.59562207469844e-13,-1.1145772305098944e-11,-3.0145735444945625e-16,1.752656923296551e-11,-1.1563036639520797e-15,4.873879078104437e-12,5.938754262663215e-10,7.107832551700444e-10,-4.5185407994617424e-12,3.593083370516987e-10,-2.9848068461291177e-10,-3.994374275784196e-15,5.6614907206764545e-12,-1.2703904465861594e-12,1.1068887247347034e-12,2.2422341761085818e-12,-1.0867403081758787e-13,-2.5770978439228722e-14,2.300180564369398e-12,2.5384886693322042e-14,-3.229351689161135e-11,-8.898215497765705e-12,-1.4873761137463652e-11,2.6638485977244683e-15,-5.938740818556276e-10,-7.107840357956086e-10,-5.630571901584146e-11,5.614324651882774e-14,1.5041133713210923e-11,-2.24136044468283e-12,1.0564993325691952e-13,-2.3008903118429355e-12,1.4802973661668753e-16,-4.874767256524137e-12,2.657332872265291e-12,-1.3418599564829492e-12,9.21674292442276e-13,2.272205571844192e-15,-9.853238225332461e-13,9.595844119303365e-13,-1.114548808800464e-11,-3.015296345942886e-16,1.7528255587725048e-11,-8.89956330259641e-10,-1.0896474123001099e-10,-9.376399248139932e-10,-2.2642353769697366e-11,3.0069487640579005e-12,-5.588699528997558e-09,1.5960949575899441e-10,-1.335510491662686e-08,-1.207405375680537e-08,7.348233133086523e-13,7.174653463929796e-13,1.058675600888274e-13,3.876515775047551e-13,-6.030944632584578e-13,2.47039425952759e-15,5.675925285331118e-13,-6.073648389781639e-13,9.129585976097588e-14,4.058981160441159e-15,-1.1013980838470162e-12,-7.624961047743758e-11,-1.9177605281583963e-11,3.2883548328754844e-11,-3.3549341083016773e-13,3.1986450525304616e-15,3.42101540893985e-10,-7.257175004167504e-12,-1.3240939335876376e-11,1.4413596242472218e-10,2.8466390124733586e-14,2.209757116872213e-14
52.11720682918039,3.1997397324327418e-12,-1.3207378894245872e-12,9.136987462928422e-13,3.3909252720546826e-15,-8.603819878771901e-13,8.425278252843782e-13,-1.097521362680709e-11,2.8749167398552562e-15,1.715428273503979e-11,-1.0172140071632665e-15,2.8076430069745584e-12,3.7131886107544254e-10,5.888517104479796e-10,-4.804692110441497e-12,3.688622819884659e-10,-3.1716510370419625e-10,-3.95373837835944e-15,4.959382904345944e-12,-6.319315226138582e-13,9.34495536508706e-13,1.974531649295841e-12,-5.2871083100108406e-14,-1.1928916243578266e-14,2.19406757161717e-12,3.067991487319885e-14,-3.808964873056687e-11,-8.498801662426558e-12,-7.824877696698212e-12,2.371276641479255e-15,-3.7131756003283556e-10,-5.888529247544128e-10,-4.6887469105717985e-11,5.1384894603212494e-14,7.526408437054796e-12,-1.9736282378356174e-12,4.9695525477484654e-14,-2.19473966800186e-12,2.9605947323337506e-16,-2.8081241036185625e-12,3.1997397324327418e-12,-1.3218202828587284e-12,9.135711446598786e-13,3.390955340594933e-15,-8.607798918092158e-13,8.425424802283033e-13,-1.0974943620567501e-11,2.874873371768357e-15,1.715193320706021e-11,-9.704381227493286e-10,-3.7153949961066246e-10,-9.362934179080185e-10,-2.6585240675558452e-11,3.5291118175943363e-12,8.665151283842766e-10,1.808200984776409e-10,-1.3114467415566152e-08,-1.2290200857023592e-08,8.79451234059303e-13,8.616229026555308e-13,1.0624489713932188e-13,4.2101337231296534e-13,-3.791219190437308e-13,-9.426903702092204e-16,4.893840332975686e-13,-4.79830931932046e-13,7.569500581894317e-14,2.9206960923862843e-16,-1.0622898116707801e-12,-7.428025128319859e-11,-1.148873707279563e-11,2.8867589207948185e-11,-3.439382112446765e-13,2.1414490551189638e-14,2.820100742076457e-10,-6.342120296813636e-12,-6.465495830340462e-12,7.317169092857512e-11,2.045587657595327e-14,2.5986004436225526e-14
54.4313438376352,3.745733353118415e-12,-1.1377778719179331e-12,7.899648342875783e-13,1.8830215164911125e-15,-7.436256055370905e-13,7.323674999781815e-13,-1.0175583042837388e-11,-1.1152132458243832e-15,1.574395961749057e-11,-8.08559581412747e-16,1.5200063430143018e-12,2.670510947794247e-10,4.3057155063586094e-10,-4.241647955490916e-12,3.1967500075629525e-10,-2.798951546724636e-10,-3.812661991675625e-15,4.273345566296882e-12,-5.213771920657921e-13,7.677260797373868e-13,1.5711043577226746e-12,-7.340629867930434e-14,-1.732278617191739e-14,1.5408576087610071e-12,2.3702097712496128e-14,-4.2298434134513287e-11,-8.254552597009023e-12,-6.409020601049792e-12,2.323698236143349e-15,-2.670490564793404e-10,-4.3057259146994653e-10,-3.553361474109959e-11,3.810135800613734e-14,6.1672889017927446e-12,-1.5701924081703428e-12,7.097572530411536e-14,-1.5411871780322194e-12,2.9605947323337506e-16,-1.5204134247899976e-12,3.745733353118415e-12,-1.1386257862492736e-12,7.898123636588632e-13,1.8830388637258722e-15,-7.435687621182296e-13,7.323848194573657e-13,-1.0175170928050648e-11,-1.1152595051170758e-15,1.5739620569850862e-11,-1.1258913824955622e-09,-6.791669875383377e-10,-8.866381904226728e-10,-3.036365114894579e-11,3.985081894105254e-12,8.640563200335533e-09,2.011392788436872e-10,-1.290734547816651e-08,-1.1939941183906436e-08,9.888436366030835e-13,9.763248542959956e-13,8.590610283317386e-14,4.120369230993977e-13,-6.551061915160971e-13,1.601829779929176e-15,4.364092420772181e-13,-4.756845889408723e-13,4.092237659847342e-14,4.913621592939066e-15,-9.073725474687914e-13,-6.595534311297039e-11,-3.661625669337809e-12,2.5035376438609093e-11,-3.4480063249020533e-13,-1.6554581779478401e-15,2.4011180640669874e-10,-5.0296393569113085e-12,-8.901562352699767e-12,7.331261523783421e-11,1.8749845426269117e-14,1.561189690256019e-14
56.84823443592555,4.1771745321976065e-12,-8.863025868777186e-13,6.220505592106444e-13,1.2850565519103204e-15,-5.626361598842777e-13,5.594733565317255e-13,-8.709804433237878e-12,-3.5154460361249326e-16,1.328104796508948e-11,-6.23852400560922e-16,5.723569766284223e-13,1.976543928527974e-10,3.775542378736674e-10,-3.296006820649059e-12,2.4786934409754783e-10,-2.174616042793787e-10,-3.0542842560654648e-15,3.228720069081703e-12,-3.6426772451127865e-13,5.516682879247965e-13,1.22291066162461e-12,-7.13873507226943e-14,-1.6621916653988803e-14,1.0733841345042454e-12,2.432148028072812e-14,-4.5799652894224233e-11,-7.480149832872484e-12,-4.4906584910579515e-12,1.7690204046997653e-15,-1.9765231118462623e-10,-3.7755493176305777e-10,-2.7106119927987142e-11,2.5671652303937976e-14,4.307794431246145e-12,-1.2220628155257263e-12,6.822181709125727e-14,-1.0733983147844607e-12,7.401486830834377e-16,-5.721349320234973e-13,4.1771745321976065e-12,-8.866365419635258e-13,6.217284465037665e-13,1.285062334321907e-15,-5.628635335597209e-13,5.59487123297231e-13,-8.709392318451137e-12,-3.5160821013994573e-16,1.3276500491580616e-11,-1.3468476633230845e-09,-1.0003568604588509e-09,-7.849639587220736e-10,-3.351584609845304e-11,4.365405814610313e-12,1.694910465207507e-08,2.1738727137843306e-10,-1.2732970012970673e-08,-1.0939790702953664e-08,1.084975720377912e-12,1.076720472041141e-12,5.858585029142975e-14,3.1884217488453714e-13,-8.061438923808358e-13,5.21693799271361e-16,3.4030961382214286e-13,-4.161810757130624e-13,3.12141423819412e-14,9.299389961784736e-16,-7.456340730035056e-13,-5.2611236848557986e-11,6.54745235806331e-12,1.9084183122686228e-11,-2.9753977059954195e-13,-5.207639874882375e-16,1.797172230154967e-10,-3.873654326989884e-12,-8.678945644623715e-12,5.336323975294969e-11,1.2950896142542116e-14,1.0189083373320547e-14
59.372441145710944,4.682490321409698e-12,-8.975196881995847e-13,6.324603063490031e-13,2.0147645126330122e-15,-6.288018994382582e-13,6.268123797781299e-13,-5.5718487601552625e-12,1.1752751549742869e-17,9.130114146197835e-12,-6.75952408941429e-16,2.4990750209970733e-12,3.177097907675064e-10,5.358401222732567e-10,-2.514481678428382e-12,2.0014367147729624e-10,-1.6605827823923391e-10,-3.576566126595182e-15,3.599834319523154e-12,-8.62786909100595e-13,5.605113434116363e-13,1.3244960683778118e-12,-5.469043750049756e-14,-1.2324191554581312e-14,1.3199193079897548e-12,2.6353378439366734e-14,-5.2664614063883795e-11,-8.608669332943464e-12,-9.724069095160187e-12,2.1569660120512868e-15,-3.177081861482911e-10,-5.358409028988209e-10,-3.156444847559773e-11,3.411022549484888e-14,1.0031510505990978e-11,-1.3236026857876837e-12,5.194872310618673e-14,-1.320373810419416e-12,2.9605947323337506e-16,-2.499186043299536e-12,4.682490321409698e-12,-8.971502059769894e-13,6.32399318097517e-13,2.0147425394689834e-15,-6.28006091574207e-13,6.268252583652156e-13,-5.571422434513806e-12,1.164288572959767e-17,9.127764618218256e-12,-1.7034665991862616e-09,-1.54407462105155e-09,-5.852825779584236e-10,-3.731329911715875e-11,4.850626567076688e-12,3.065172302021258e-08,2.4416269353566555e-10,-1.2499959335527829e-08,-8.556099828638253e-09,1.1950885651460889e-12,1.1839431287204624e-12,3.0660456812325875e-14,3.257621579895916e-13,-2.0720563043141737e-12,-3.8336001040306654e-16,4.440490197765712e-13,-7.044719044224656e-13,6.549116804421829e-14,1.620931398364315e-15,-7.400255223425726e-13,-4.944013198837638e-11,1.1583324521780015e-11,2.114489916493767e-11,-1.4386181135250808e-13,2.318400101527137e-15,2.132769413273055e-10,-4.20006423303837e-12,-6.6369461755980715e-12,1.0665512917285014e-10,1.6428308366456256e-14,1.427169146750451e-14
62.00872907625803,5.234867724486965e-12,-8.656873736375322e-13,6.152974426261911e-13,4.359333496036418e-15,-5.363745003705844e-13,5.412204018284683e-13,-3.7898928439972224e-13,3.8098864341140626e-15,2.077285898849368e-12,-8.214253060207505e-16,2.3550790947031905e-12,3.031891144394949e-10,6.436553547095603e-10,-2.3846401044279122e-12,1.9657283737270096e-10,-1.5752637289827883e-10,-3.7022034743428026e-15,3.1029540048521652e-12,-4.834230561076763e-13,4.948197859207797e-13,1.6257828416854636e-12,2.8711614048888163e-14,7.186193169567762e-15,2.5381432694895447e-12,3.792975503863624e-14,-6.267813726995091e-11,-8.829026398871065e-12,-5.717842220370363e-12,2.000154237837467e-15,-3.0318837718201763e-10,-6.436564822798196e-10,-3.665492512691263e-11,6.11310752452604e-14,5.711710174594817e-12,-1.6250088568595805e-12,-3.154476680182905e-14,-2.5393537275472383e-12,7.401486830834377e-16,-2.3553011393081156e-12,5.234867724486965e-12,-8.66315019720787e-13,6.152423755641697e-13,4.359299958049216e-15,-5.348965714802034e-13,5.41230171791085e-13,-3.786624347412726e-13,3.809770785882331e-15,2.0777785418128285e-12,-2.2574483106533685e-09,-2.3205066099762916e-09,-2.4564360501244666e-10,-4.1033757725017497e-11,5.465281560645962e-12,4.9740701480152705e-08,2.734752528599227e-10,-1.2213392654003657e-08,-4.420826371642761e-09,1.3548763037422399e-12,1.3325729408819598e-12,5.171887224042493e-14,3.0264527920801735e-13,-1.2709856870666652e-12,2.4646951146678476e-17,3.4278968552570175e-13,-4.817013767033363e-13,8.167511111878411e-14,5.122337739157009e-15,-7.988395130572219e-13,-4.064713721163571e-11,1.9910658011212944e-11,1.838029106693284e-11,6.566391874684996e-14,3.118854711529432e-14,1.7347002387507103e-10,-5.067253582881348e-12,3.5645351777980504e-12,8.076413611964502e-11,2.6317549123762902e-14,2.89059271310621e-14
64.76207491984752,5.869448630827871e-12,-7.268378491668652e-13,5.194698005084319e-13,8.25345578917928e-16,-4.596358849084936e-13,4.70389061035803e-13,7.2168120368587555e-12,-1.4834198684236336e-15,-8.287315722554922e-12,-8.142541839171376e-16,2.9829472225628706e-12,3.222461577093161e-10,6.634819429973682e-10,-1.943253345935782e-12,1.676054136748714e-10,-1.2842100398963958e-10,-3.879448845500732e-15,2.6516039364210543e-12,-3.544241773452707e-13,3.48163035869187e-13,1.6150969450734465e-12,-1.1317782839434912e-13,-2.695280852819011e-14,1.416489216644638e-12,3.344294170913724e-14,-7.231662824848518e-11,-9.390266342279574e-12,-4.059252933785729e-12,2.6272567744030826e-15,-3.2224466151031805e-10,-6.634835042484966e-10,-3.7233158024983586e-11,3.568085497202e-14,4.0711620121603415e-12,-1.6143436956141122e-12,1.1053186145244068e-13,-1.4185130849139953e-12,2.9605947323337506e-16,-2.983687371245954e-12,5.869448630827871e-12,-7.271575933979572e-13,5.193570018491301e-13,8.252761899788889e-16,-4.583853296935558e-13,4.704006073552591e-13,7.216954145405907e-12,-1.4835528638901253e-15,-8.286917818622896e-12,-3.032929574449857e-09,-3.33273783326149e-09,2.5472763809375467e-10,-4.420911636771052e-11,6.135489153772748e-12,7.394525715257218e-08,3.0410342646836064e-10,-1.1914023804263785e-08,1.7070078683900647e-09,1.5004754846022669e-12,1.4901110900744642e-12,5.0509076088278704e-14,3.1176557631814226e-13,-1.9960566532972736e-12,1.9214259812846044e-15,3.687297689403124e-13,-6.144661619800207e-13,3.593569886106707e-14,3.158520898531118e-15,-4.0366406513688467e-13,-2.8683037574713428e-11,2.8174326871521772e-11,1.5838082845220926e-11,3.045670382562093e-13,-7.750119990213023e-15,1.469429229457599e-10,-5.012862412494268e-12,-1.3748041803583259e-11,1.1683543021945297e-10,2.2589877017586967e-14,9.42228355523452e-15
67.63767634659995,6.915731320944474e-12,-7.759505630626032e-13,5.570222801528265e-13,7.70614475009701e-15,-4.411049303598702e-13,4.600533287657527e-13,2.4235262685579073e-11,1.0068121105340685e-14,-3.09349464563032e-11,-1.2520127401055006e-15,6.717774484836052e-12,5.165080385963194e-10,1.156544131297732e-09,-1.9758376482556122e-12,1.907042381153547e-10,-1.30734788074603e-10,-4.6954627686002226e-15,2.552458244764466e-12,-4.937345751881338e-13,2.3998890729978675e-13,2.5104918144336352e-12,9.963614976386403e-14,2.4404010122800468e-14,4.595761828197222e-12,6.27730176776766e-14,-9.878900906634471e-11,-1.156044149297486e-11,-5.554407063489497e-12,3.786720647695289e-15,-5.16507149550538e-10,-1.1565455190765128e-09,-5.7984073891554595e-11,1.1189364322247707e-13,5.814212160821837e-12,-2.509959471166945e-12,-1.0302120269010043e-13,-4.597649761366584e-12,-8.881784197001252e-16,-6.719661863977914e-12,6.915731320944474e-12,-7.772319084627573e-13,5.569530022360899e-13,7.706063796334797e-15,-4.397975317260716e-13,4.600826386536027e-13,2.4235163209596065e-11,1.006801123952054e-14,-3.0935552786104384e-11,-4.694641878207525e-09,-5.54660800844431e-09,1.3738153938902543e-09,-4.879376547251013e-11,7.317092117394471e-12,1.2415554475981397e-07,3.653095013989027e-10,-1.136349451982658e-08,1.582616467506644e-08,1.788421633008852e-12,1.7477920037182551e-12,4.597897294382018e-14,2.789881659026605e-13,-3.4301403199303118e-12,-6.337153024560394e-16,3.495003730868973e-13,-7.834019648267354e-13,1.5078072124197207e-13,5.305050380470059e-15,-4.864280829982212e-13,-6.3070425918946664e-12,4.3158252083230766e-11,1.5337803915826952e-11,1.0395266869522857e-12,7.079723381616295e-14,1.4553732895830425e-10,-7.685786143803164e-12,1.2371694026377215e-11,1.416354441137931e-10,4.968270297482184e-14,5.1372141494458273e-14
70.6409618164559,7.758023112813816e-12,-3.245380260826399e-13,2.439159985101469e-13,9.448553051072395e-16,-1.1027623258996755e-13,1.4316903218514198e-13,3.954288274599094e-11,1.700422210445159e-15,-5.213344896522661e-11,-1.0114555242574372e-15,9.083104638799947e-13,2.525674547976253e-10,7.233154179775436e-10,-1.9412361103508605e-12,1.727108932060771e-10,-1.2816113250023267e-10,-4.208178944198337e-15,6.161599008791541e-13,2.4758134818766663e-13,-2.858259494719925e-14,2.027406020843614e-12,-1.0478456943239792e-13,-2.4500987653389647e-14,1.7258513440622315e-12,5.263166862767931e-14,-1.1196642857045917e-10,-1.0732481570130404e-11,2.544798996851558e-12,3.2068712558138332e-15,-2.5256619712310524e-10,-7.233168924924982e-10,-4.259967874485428e-11,4.257927560882835e-14,-2.7572259720865225e-12,-2.0269055260157404e-12,1.0176942622971038e-13,-1.7279522259224134e-12,-7.401486830834377e-16,-9.097907612461615e-13,7.758023112813816e-12,-3.2526514814890107e-13,2.439749143453203e-13,9.447546911456329e-16,-1.0840039976756089e-13,1.4320100660825118e-13,3.9542612739751346e-11,1.7003181270366004e-15,-5.2136139553719356e-11,-6.14983340104421e-09,-7.3305564001202585e-09,2.3955344659043477e-09,-4.9025629778043365e-11,8.266098916465125e-12,1.645489739297942e-07,3.9672409454794e-10,-1.0978219756584229e-08,2.8499698601081036e-08,2.0039372013632337e-12,1.9893182471678964e-12,9.89104168939529e-14,1.9501056325310629e-13,-2.045676221011187e-12,7.546555972718731e-16,1.5197298974811703e-13,-4.1137471207264296e-13,2.000000165480742e-14,2.6397518430402538e-15,-3.9866184427713356e-14,2.7493418504794438e-11,5.830315785715357e-11,4.856474333791994e-12,1.4683667615145168e-12,9.64110735690582e-15,3.457802519765104e-11,-6.166095195200838e-12,-1.2763249703187219e-11,7.492732360484904e-11,2.130695793411963e-14,1.7039202803344664e-14
73.7776008268331,8.325786726715024e-12,-1.2732925824820996e-14,2.928205825962019e-14,1.7129862343405004e-15,7.810285751475022e-14,-3.643041424084004e-14,4.977289336238755e-11,6.886250828822919e-15,-6.634218152612448e-11,-5.05913015292891e-16,-1.5602334239398867e-12,1.2509667780824518e-10,4.117122441582577e-10,-1.3107483848306956e-12,1.0953047992399791e-10,-8.638891189706654e-11,-3.4628983708318016e-15,-4.822531263215524e-13,4.370292887269012e-13,-1.9691330284689756e-13,1.0187684029716593e-12,-2.242348491899378e-15,7.960057513561821e-16,9.954458916143903e-13,5.5118665154479504e-14,-1.1612201347483901e-10,-9.825829039300515e-12,4.812009963621692e-12,2.1918050418604875e-15,-1.250952466613775e-10,-4.1171441256260266e-10,-2.1821602065002262e-11,2.2213356371328373e-14,-5.04635093402295e-12,-1.0181555576936618e-12,-5.007105841560166e-16,-9.977910165769021e-13,2.9605947323337506e-16,1.55964130499342e-12,8.325786726715024e-12,-1.4336383931852954e-14,2.917014777873798e-14,1.7129006546490188e-15,8.01492205937393e-14,-3.640465706666873e-14,4.977258072358382e-11,6.886140963002774e-15,-6.633914987711857e-11,-7.041419545809428e-09,-8.402741514146328e-09,3.0851342671667226e-09,-4.599939984473167e-11,8.771229668506445e-12,1.899901713989303e-07,4.120928945305913e-10,-1.0781043934228262e-08,3.711104075894885e-08,2.1249820421805527e-12,2.1146153346881153e-12,3.699443529292523e-14,-5.733672795808313e-15,-1.7202381741299178e-12,-3.701446556666118e-15,3.032296636007459e-14,-2.7053867132642574e-13,2.1506796343828683e-14,-4.672708979006993e-15,1.6962076188065112e-13,5.601274703318874e-11,6.80884113535285e-11,-1.1213501238671597e-12,1.8291101966383394e-12,3.592887561539489e-14,-2.1831115726547788e-11,-3.071107279074836e-12,-3.5283666616956553e-13,-3.055333763768431e-12,3.863412772568224e-15,1.62817748288376e-14
77.05351461530549,8.736555183001352e-12,2.241904439870268e-13,-1.4032922971788746e-13,1.6336665816426196e-15,2.1088908397359773e-13,-1.6510526279489568e-13,5.922811396885663e-11,4.128907863757784e-15,-7.936735831511517e-11,-2.9157641018787383e-16,-2.1507610507380073e-12,7.478893806339704e-11,2.2551101611090196e-10,-5.195298556438997e-13,4.6627146588207324e-11,-3.4170285648623835e-11,-3.3126713178122102e-15,-1.2678996741399829e-12,4.986805542149885e-13,-2.9331955146414815e-13,5.816180870255039e-13,4.337588800943934e-14,1.0818530012533792e-14,1.1916498718886231e-12,4.8451431275584126e-14,-1.1829581718154084e-10,-9.272671519511278e-12,5.56276601009932e-12,1.7985468438637873e-15,-7.478878627509289e-11,-2.2551387840463732e-10,-1.1929242316188748e-11,2.8590839548300885e-14,-5.762444784906176e-12,-5.809262305141866e-13,-4.7066794910665565e-14,-1.1929429667517096e-12,1.4802973661668753e-16,2.1505760135672367e-12,8.736555183001352e-12,2.2568258373212302e-13,-1.4059805171958335e-13,1.633606444562119e-15,2.1367441149777732e-13,-1.650874992265017e-13,5.92278865951812e-11,4.128780650702879e-15,-7.936550143009905e-11,-7.806501040856043e-09,-9.327777661383152e-09,3.7234276533126833e-09,-4.1197438349627194e-11,9.139444756556259e-12,2.1207423620834624e-07,4.2602206484776417e-10,-1.0645495570570219e-08,4.514602854518065e-08,2.194844306302457e-12,2.183031718357616e-12,1.619334296284099e-14,-3.982936203072995e-14,-1.3163419983660182e-12,3.350653088318722e-16,-6.023676002442357e-14,-1.1817013687021038e-13,8.00959298885573e-15,5.66527149266823e-15,3.581893300482382e-13,7.864582585170865e-11,7.282687874976545e-11,-5.349761522666086e-12,2.1454553689181923e-12,2.6509095844377365e-14,-5.8612029958176e-11,-1.7599664130577009e-12,5.375808774365176e-12,1.2904640319296353e-11,1.1542400426648817e-14,1.4303986236215612e-14
80.47488733750892,9.392617054497048e-12,8.794813766144216e-13,-5.958652830410453e-13,-5.333291678658962e-16,7.60906004870776e-13,-6.938067897976908e-13,8.602884804531641e-11,2.9843257494851133e-15,-1.163486255488048e-10,-7.337920537446889e-16,3.667362709810125e-12,3.0703816225607916e-10,7.706483021174826e-10,6.869728000743639e-13,-1.044949840941659e-11,4.5264030618901485e-11,-2.217106706559058e-15,-4.451150559248163e-12,1.0447150250835022e-12,-9.521634933994976e-13,1.5162870958818075e-12,-7.162410639258301e-14,-1.748429314577106e-14,1.912514685115019e-12,5.968133839898836e-14,-1.4414196553067878e-10,-8.568790121898929e-12,1.1913596724131695e-11,3.0513424541707876e-15,-3.0703876940929575e-10,-7.706511644112179e-10,-3.5494568593831746e-11,4.8776266229136336e-14,-1.2000736321994715e-11,-1.515468523241581e-12,6.822181709125727e-14,-1.9132151420601395e-12,-2.9605947323337506e-16,-3.668768992307984e-12,9.392617054497048e-12,8.793890060587728e-13,-5.961660794658504e-13,-5.333823660524928e-16,7.638618626515381e-13,-6.937908025861361e-13,8.602876278018812e-11,2.984244795722901e-15,-1.1634358543233248e-10,-1.0252930223941803e-08,-1.224048901349306e-08,5.529986083274707e-09,-3.635034317994723e-11,1.0067632653469143e-11,2.71006749857787e-07,4.691557212166408e-10,-1.0265027628935766e-08,6.797210971853929e-08,2.369043109832584e-12,2.3548749987038303e-12,3.0879355785347804e-14,-1.591975440362603e-13,-3.172298571977687e-12,4.29615602352366e-15,-3.3769276264195016e-13,-1.1886178499787014e-13,1.0680345496894005e-15,5.572590999758376e-15,1.178401968597124e-12,1.387234078720212e-10,9.821178537094966e-11,-2.3433955220752978e-11,3.0831106556661324e-12,1.553882023053177e-14,-2.1588002703294987e-10,-4.449082703812668e-12,-8.579245561355086e-12,1.0574474629265751e-10,3.3107942024509134e-14,1.0652250204597665e-14
84.04817774137396,1.0214633583416344e-11,1.1250449460931123e-12,-7.739805833277084e-13,2.8786938111036164e-15,8.673168849782086e-13,-7.867608786682467e-13,1.1785260767283034e-10,1.655843864800666e-14,-1.591361069586128e-10,-6.555913603692511e-16,2.575310335354667e-12,2.496387211531337e-10,7.147408533081379e-10,4.872912589310679e-13,-8.857993703616428e-13,3.22277918637529e-11,-2.7341844066608447e-15,-5.053052420933568e-12,1.3902558045355149e-12,-1.108254315191955e-12,1.3462841952360804e-12,8.570604147489367e-14,2.2047684572575293e-14,2.1204909873314867e-12,8.410590457993506e-14,-1.7150338928511883e-10,-1.0105161152296204e-11,1.5729342892777982e-11,3.1891445502936952e-15,-2.4963919820208957e-10,-7.147434553933518e-10,-3.1822382031064327e-11,5.0911174147988404e-14,-1.6005414048378085e-11,-1.3453126145642619e-12,-8.862577339561495e-14,-2.1198834356705354e-12,-5.921189464667501e-16,-2.57675362528668e-12,1.0214633583416344e-11,1.1272002590582511e-12,-7.739983468961024e-13,2.8786174832706736e-15,8.698179954080842e-13,-7.867466678135315e-13,1.1785235187744546e-10,1.6558288305305405e-14,-1.5912920995712435e-10,-1.2993657340606053e-08,-1.5611061826348306e-08,7.642694981768727e-09,-2.7244141165283508e-11,1.112565447177379e-11,3.3757809364413886e-07,5.048924819894829e-10,-9.865096065473998e-09,9.516291280912507e-08,2.6027219268698332e-12,2.5798953714091986e-12,1.7308504166961097e-14,-4.135033426777568e-13,-3.82526366138336e-12,-5.921300486969964e-15,-3.558084382682125e-13,-2.0112070515942992e-13,4.5229153755599325e-14,-8.422475679855286e-15,1.3954680374202629e-12,1.920064581402888e-10,1.1632710084086285e-10,-2.6474765491002473e-11,4.224510519179603e-12,8.74870546378285e-14,-2.4770986295755203e-10,-3.945146618243578e-12,1.0324765687538787e-11,-3.592385648213773e-12,1.3256181453461894e-14,3.2844050106931956e-14
87.78013135972485,1.0800338401395493e-11,9.742204080491016e-13,-6.894111947985948e-13,1.6619737993236091e-15,7.353264663834125e-13,-6.541496233580801e-13,1.4060483977118565e-10,1.0592169502610105e-14,-1.8915913339393834e-10,-4.584817819315709e-16,-2.663314013773288e-12,8.060982437108066e-11,3.2632967508772204e-10,3.6037641125221044e-13,-6.18033402233209e-12,2.3941721621107654e-11,-3.60887535133525e-15,-4.33892644036149e-12,1.293627672682965e-12,-8.670551356996263e-13,9.278688928304746e-13,7.492890626742819e-14,1.8650529510637866e-14,1.7797503446732095e-12,7.596563679189069e-14,-1.8248459828389046e-10,-1.1800782573345714e-11,1.4371998423398324e-11,2.7947117999434687e-15,-8.060982437108066e-11,-3.26332277172936e-10,-1.8116128636907244e-11,4.193080886845391e-14,-1.479191446332268e-11,-9.268463546565492e-13,-7.823602877437761e-14,-1.7790247055063272e-12,-1.0362081563168128e-15,2.662018753577892e-12,1.0800338401395493e-11,9.771999505877224e-13,-6.894017208954513e-13,1.6619402613364068e-15,7.37543359718984e-13,-6.541416297523029e-13,1.4060438502383477e-10,1.0592048071966786e-14,-1.8914981107324518e-10,-1.4677643775939941e-08,-1.7856829799711705e-08,9.144294381258078e-09,-1.2853035968873883e-11,1.184156180518888e-11,3.8291584270303057e-07,5.24334534124371e-10,-9.639748262811078e-09,1.1463786601476993e-07,2.7289648318884476e-12,2.709921361384223e-12,4.46382051692377e-14,-3.8123252702841153e-13,-2.5919888457792696e-12,-2.0354088784794535e-17,-2.918619235181552e-13,-7.276037931880363e-14,6.412648190234904e-16,7.03927656905042e-15,1.4013797529817869e-12,2.1071779580476383e-10,1.1855809134431183e-10,-2.1701026753362386e-11,4.95022511870502e-12,6.036513881350439e-14,-2.0269883962523743e-10,-2.7314467961753186e-12,9.206612452493942e-12,-2.2221335882477433e-11,1.4317307466908217e-14,2.3659046365550238e-14
91.67779324426061,1.1137533858137279e-11,7.177429021491359e-13,-5.270207973732492e-13,-1.9011725064614165e-15,6.523350748466328e-13,-5.742508690786962e-13,1.5630942584721198e-10,4.1483309842771375e-15,-2.097416048248609e-10,-2.92952909313241e-16,-4.747683727638711e-12,4.805767329224553e-11,2.039441532319941e-10,4.873792341930638e-13,-2.0615850296731458e-11,3.228076536235644e-11,-3.814700291759898e-15,-3.875558207688812e-12,1.2837921939982406e-12,-7.351173126296647e-13,6.096512183972891e-13,-6.220244094458237e-14,-1.472581607107634e-14,5.075875310852845e-13,6.48639443088065e-14,-1.8346617879530533e-10,-1.2440981578265564e-11,1.421698676097755e-11,2.5206616308115493e-15,-4.805687098263789e-11,-2.0394692878955567e-10,-1.2147396184174805e-11,1.2076949683359483e-14,-1.475964053818823e-11,-6.085820595299468e-13,5.908384893040997e-14,-5.065939335198499e-13,-4.440892098500626e-16,4.747091608692244e-12,1.1137533858137279e-11,7.192634636036625e-13,-5.270699432458059e-13,-1.9011840712845897e-15,6.552340892085339e-13,-5.742482045434372e-13,1.563087153044762e-10,4.1482673777496855e-15,-2.0973046351476416e-10,-1.556395242611567e-08,-1.9261613488197325e-08,1.0181476682191715e-08,5.439801498141605e-12,1.2366771310704886e-11,4.1276554474131635e-07,5.362756419491355e-10,-9.499268901320266e-09,1.2807479758218202e-07,2.796046172370836e-12,2.7932019660189174e-12,4.173608796527913e-14,-2.1299032907743746e-13,-1.742601322500074e-12,4.274358644806853e-15,-2.6887514437134995e-13,9.239537954175425e-15,-5.903721955746732e-14,8.908348595830044e-15,9.69672934540237e-13,2.1405382237086694e-10,1.1617157724685967e-10,-1.8940056634164648e-11,5.399403590899965e-12,1.773426313208167e-14,-1.825082720611241e-10,-1.7457422226557773e-12,-7.483612567192947e-12,2.657133772269541e-12,1.2056917964020642e-14,-1.2606741460937283e-15
95.74852126495772,1.1561629431611208e-11,1.2575280076513688e-12,-9.049460440261706e-13,-1.3942839938163587e-15,1.166540641861502e-12,-1.0683551820989124e-12,1.8226091924589127e-10,1.378324537837372e-14,-2.4543866553964713e-10,-2.337022487920133e-16,2.4335348551100347e-12,1.9076565414138935e-10,4.714451919130003e-10,1.238285267974553e-12,-6.637710222737578e-11,8.19119375502656e-11,-2.7282863468425234e-15,-6.7794825309164254e-12,2.4667687143577362e-12,-1.4416137050260329e-12,5.064004771071495e-13,-2.5808354479537733e-14,-5.041731396482577e-15,4.410485220754461e-13,8.073836689744527e-14,-2.0083423294469054e-10,-1.1039613667662707e-11,2.762622172369003e-11,2.878918168673176e-15,-1.907656324573459e-10,-4.71447880734388e-10,-1.6769467758859236e-11,1.2928948276563768e-14,-2.864607775793872e-11,-5.054985564249131e-13,2.253197628702075e-14,-4.391231823048266e-13,-8.881784197001252e-16,-2.43464507813466e-12,1.1561629431611208e-11,1.2597638487932272e-12,-9.05047888484963e-13,-1.3942874632633106e-15,1.1700080904120113e-12,-1.0683782747378245e-12,1.8226023712486496e-10,1.3783233813550547e-14,-2.454285474110899e-10,-1.7451743284861247e-08,-2.1855812519788743e-08,1.193070966110099e-08,2.544106791901868e-11,1.3072819863661304e-11,4.6053635736994734e-07,5.575841871552356e-10,-9.291025372212115e-09,1.504214803086749e-07,2.8982579299470977e-12,2.894808467009587e-12,-2.5797304107714562e-14,-3.4833917232172477e-13,-3.997167633921587e-12,-1.7178110785683506e-15,-5.055347251925469e-13,-7.435716799231163e-14,-5.1301629611089084e-14,-8.152807133103106e-15,1.8805318783658247e-12,2.7168668263281385e-10,1.3717999536311253e-10,-3.583727448130958e-11,6.2454734717221074e-12,5.985429744429875e-14,-3.4909749509752994e-10,-1.4100347408771419e-12,-3.1576882691640932e-12,-7.838470613326839e-12,7.851818153992163e-15,3.6973737150651036e-15
100.0,1.2176027593587453e-11,1.7341032313803832e-12,-1.2573604379895187e-12,1.4436160600261871e-15,1.2925056580570526e-12,-1.1887495432461037e-12,2.244206598334131e-10,2.1028034637623112e-14,-3.022602565276126e-10,-4.566943306546275e-16,-7.758460540685519e-12,1.3612375115990005e-10,4.4478119104462976e-10,1.4089510808057426e-12,-7.419184314524533e-11,9.311051929472569e-11,-3.683078148020158e-15,-7.691380865537667e-12,4.3970802451306075e-13,-1.0776969594505914e-12,9.518774657379936e-13,1.188327346663509e-13,2.957632081301184e-14,2.089283613403747e-12,1.0189895117070765e-13,-2.3935211440235686e-10,-1.3258638631441499e-11,5.71332387085154e-12,3.5439948863300965e-15,-1.3612600630041882e-10,-4.4478370639366993e-10,-2.0321968314489832e-11,4.9940412048810057e-14,-5.07049183002352e-12,-9.510629588559139e-13,-1.2242373782614608e-13,-2.0869617147622776e-12,-1.1842378929335002e-15,7.756240094636269e-12,1.2176027593587453e-11,1.7382149053446483e-12,-1.2576967615511119e-12,1.44364497208412e-15,1.2960867934452835e-12,-1.1887655304576584e-12,2.2441960823016416e-10,2.1028011507976767e-14,-3.022547616637894e-10,-2.0711061855157216e-08,-2.6236753910779955e-08,1.4730618204339408e-08,4.9361119636159856e-11,1.4145413729238498e-11,5.358534246815272e-07,5.868173308387625e-10,-8.983717255449864e-09,1.8679499665571106e-07,3.0753107467991945e-12,3.051772168305433e-12,2.3054989630362973e-14,-7.892949997293878e-13,5.420114727409479e-13,-2.150650028435545e-15,-8.261062944825426e-13,7.626719741860022e-13,4.615241522287761e-14,1.0638827781702294e-15,1.640880024448658e-12,3.4811091609299184e-10,1.5310342860175297e-10,-3.8916880384931576e-11,7.720954542378423e-12,1.1009887446178368e-13,-3.2067526928432374e-10,-2.6803472635839043e-12,1.4540917013594311e-11,2.3367974222310295e-11,1.5401077404127624e-14,2.982075379455903e-14
104.44025524245689,1.267244679562888e-11,1.3742464943788945e-12,-1.0364207270185943e-12,-1.484709346207443e-15,1.1626752893789672e-12,-1.0529968008654577e-12,2.583524292276707e-10,1.4124743041854514e-14,-3.469516135131319e-10,-3.5082947063578538e-16,-8.313498038129788e-12,6.288144917959704e-11,2.663747694642282e-10,1.2278484280901583e-12,-6.76775302466126e-11,8.120504269015782e-11,-4.765415492768987e-15,-6.940675811861752e-12,1.3483561812297122e-12,-1.0963714593815139e-12,7.394085344003543e-13,-4.6205404009480174e-15,-4.709442200832652e-16,1.1331217432501011e-12,9.601848599641179e-14,-2.595372288870268e-10,-1.5972911882045083e-11,1.52683744200826e-11,3.7493698828531636e-15,-6.288632808937322e-11,-2.66377024604747e-10,-1.474866359992991e-11,2.6370518182300407e-14,-1.5514850386334413e-11,-7.385480844512154e-13,8.762435222730291e-16,-1.1303541437322076e-12,-2.220446049250313e-15,8.31120357721223e-12,1.267244679562888e-11,1.3768281329854896e-12,-1.0366954702097549e-12,-1.4847590749470878e-15,1.1659153642540331e-12,-1.0530296634669867e-12,2.5835137762442174e-10,1.4124691000150236e-14,-3.469426701485645e-10,-2.2861175239086152e-08,-2.9600108973681927e-08,1.6968593627098017e-08,8.063284440140706e-11,1.509284549191155e-11,5.940771141171734e-07,6.055496382106895e-10,-8.766569089313083e-09,2.1601531822549683e-07,3.1844867483717584e-12,3.1743813133644494e-12,4.506728902102057e-14,-5.618934946956719e-13,-1.0473636772682464e-12,3.2765271977079162e-15,-6.057978008122689e-13,4.0514964820548285e-13,-4.016342813883966e-14,9.790548001949636e-15,1.6570993466302753e-12,3.691893653012812e-10,1.615280780242756e-10,-3.453004637776757e-11,8.710172139103633e-12,6.924308348921215e-14,-3.0135170844502237e-10,-2.0562935035273178e-12,-4.104262069503849e-13,4.881428594671888e-12,1.5448789527731468e-14,8.32072402876897e-15
109.07766915109553,1.2946431334389293e-11,6.358883789895724e-13,-5.454605656041167e-13,-2.704247705394754e-15,7.54425855120644e-13,-6.551559295076004e-13,2.776480698685191e-10,1.463382655793784e-14,-3.714873552477608e-10,-1.5288147075248124e-16,-9.79934651941979e-12,4.8227827981195404e-11,1.7607859614798826e-10,7.731662532428629e-13,-4.328489947421791e-11,5.116066300761954e-11,-6.091134541197363e-15,-4.571401590602875e-12,1.3371490607267738e-12,-7.423849971458791e-13,3.46528361561127e-13,-7.664878477966868e-14,-1.7291239632580535e-14,-1.2869997874698058e-13,9.120959273820133e-14,-2.5665485711492123e-10,-1.8145129843105677e-11,1.4860690197784198e-11,3.1141267949758022e-15,-4.823207805371155e-11,-1.7608093802468083e-10,-8.642154452382605e-12,-2.2611253147619693e-15,-1.544952796186228e-11,-3.4568037993697176e-13,7.335410057885644e-14,1.3093581775679835e-13,-1.6283271027835629e-15,9.797718192317006e-12,1.2946431334389293e-11,6.372668318969469e-13,-5.457702438131188e-13,-2.7042951211697642e-15,7.577796168334316e-13,-6.55189680287549e-13,2.7764701826527014e-10,1.4633791863468324e-14,-3.714854983627447e-10,-2.3333355784416197e-08,-3.122829366475344e-08,1.8224269297206773e-08,1.1892473139596406e-10,1.581356083117195e-11,6.259994527914218e-07,6.140345176763873e-10,-8.648565624523866e-09,2.3263737602974288e-07,3.246043249009271e-12,3.2495791243055313e-12,2.004838424903473e-14,-3.1570202008168734e-13,-1.1947018189554607e-12,2.6922538272818504e-15,-3.140128712608714e-13,1.4834131319141354e-13,-6.103606509100246e-14,1.875872142805453e-15,1.033640728564933e-12,3.572264783239613e-10,1.5133446140680463e-10,-2.1278680151226582e-11,9.240581633207511e-12,6.120576268031641e-14,-1.9742398930126254e-10,-9.027614810211415e-13,-9.343725004722478e-12,-1.4045949588611014e-11,4.701352154801164e-15,-6.856652109514064e-15
113.92099607392682,1.3168870438562408e-11,4.4671348102080323e-13,-4.2732040128612426e-13,-6.689741353464266e-16,6.165237209643237e-13,-5.24824628200804e-13,2.9567232218141726e-10,2.2671419140178153e-14,-3.951899998355657e-10,-6.86607024626704e-17,-1.1623368934010614e-11,7.409912527317486e-11,1.9257425515339932e-10,6.937989369523326e-13,-4.0257123031953566e-11,4.590145723832556e-11,-6.0739607787851925e-15,-3.800526560127082e-12,7.16634439129228e-13,-5.282515381194304e-13,1.712519015484304e-13,3.4698901199386065e-15,2.4894796038853175e-15,1.1626802928714208e-13,9.7213545156059e-14,-2.542469086213034e-10,-1.8603873996880792e-11,8.141839915443667e-12,3.279702536750547e-15,-7.410339702973445e-11,-1.925765970300919e-10,-6.330660202407452e-12,4.225244286393259e-15,-8.325639919084372e-12,-1.7045880765925725e-13,-6.634415240067221e-15,-1.1541378964796184e-13,-1.924386576016938e-15,1.1621518562302905e-11,1.3168870438562408e-11,4.497261822204261e-13,-4.2785863740846253e-13,-6.689926390635037e-16,6.2118488131091e-13,-5.248148582381873e-13,2.9567155479526264e-10,2.2671343968827528e-14,-3.9518450497174246e-10,-2.3578604062398275e-08,-3.273028414696455e-08,1.9413077097851782e-08,1.6128478819155133e-10,1.6517910002752008e-11,6.551645551659276e-07,6.22340755318529e-10,-8.555024876034176e-09,2.482462377884076e-07,3.300192526663655e-12,3.298674666751822e-12,-1.3892301660896796e-14,-2.8635183113578933e-13,-1.6123635759868194e-13,-7.994716000325752e-16,-3.236579892984537e-13,2.4946199880110376e-13,-1.0097256364360873e-14,-5.08654461143602e-15,7.73070496506989e-13,3.728855517692864e-10,1.4455326891038566e-10,-1.6774208688730143e-11,9.77620651099187e-12,1.0168345332406403e-13,-1.5113750044763438e-10,-4.04887169798418e-13,3.8220255957002817e-13,-1.1438257748371447e-11,1.2476290255543827e-15,2.554799543215876e-15
118.97937907435858,1.338754292608731e-11,4.218539591723432e-13,-4.2404598351216313e-13,2.743176056677991e-16,6.057234713807702e-13,-5.157057003657428e-13,3.1511225984104385e-10,2.5836566682387503e-14,-4.2105724181359013e-10,-5.186220388056524e-17,-1.2758534969255683e-11,4.186464543087798e-11,1.1609376654453385e-10,6.298483560104477e-13,-3.8670535028119604e-11,4.171726456344719e-11,-6.228524640494726e-15,-3.761063682716781e-12,6.491012507853867e-13,-5.021439498059795e-13,1.164346397075633e-13,4.4690253292848886e-14,1.238238724121944e-14,4.172860397483583e-13,9.82442647239162e-14,-2.543784703272904e-10,-1.8643397936557447e-11,7.402992947340652e-12,3.4005910789826807e-15,-4.186841845443823e-11,-1.1609558800418363e-10,-3.669738124489896e-12,1.0721810808980714e-14,-7.544352739429552e-12,-1.1543256584964356e-13,-4.731715020274357e-14,-4.1584014014157185e-13,-1.4802973661668755e-15,1.2756758612416283e-11,1.338754292608731e-11,4.2579983983159765e-13,-4.243752016463986e-13,2.742782852690103e-16,6.106688488216605e-13,-5.157252402909762e-13,3.151116629851458e-10,2.5836416339686253e-14,-4.2105750708287815e-10,-2.3816246539354326e-08,-3.4411903470754624e-08,2.0700848835986108e-08,2.0745687834278214e-10,1.7299021474552016e-11,6.858380571472036e-07,6.302689273263162e-10,-8.466727568781768e-09,2.6508136367435026e-07,3.3494934603695015e-12,3.343860558816895e-12,-1.1722873829074961e-14,-3.147581454735852e-13,-5.4560208203232225e-14,-1.2122525205882085e-15,-3.254221891957343e-13,2.6870975410042687e-13,9.183764859699295e-16,-2.6961650504790195e-15,6.96976106458654e-13,3.9662457614516216e-10,1.4198030839907006e-10,-1.643920199967397e-11,1.0304017195039705e-11,1.1984302439316253e-13,-1.45143845263065e-10,-2.92450525601895e-13,5.4643445763277e-12,-1.477810466591715e-11,1.7736709092182798e-15,7.947168675452124e-15
124.26236719115043,1.357850202647152e-11,6.075424607843161e-13,-5.665246050057249e-13,-2.724660774777732e-16,8.535607776138932e-13,-7.56516627120618e-13,3.368374450474221e-10,2.52464542327413e-14,-4.504436219576746e-10,-1.5163245008567583e-16,-1.1835717591187253e-11,1.4292733663268109e-11,8.551718361227145e-11,7.470499913120321e-13,-4.5127631790161824e-11,4.951769153446354e-11,-5.8754216769596465e-15,-5.181799433984224e-12,1.2999130196028995e-12,-8.013030645991425e-13,3.104461132608094e-13,2.4541664276162576e-14,7.115987030074818e-15,6.022827089006617e-13,9.731108615414058e-14,-2.607073582277879e-10,-1.779856262373869e-11,1.4603692931938557e-11,3.61957281277044e-15,-1.4294641859091684e-11,-8.551839791870464e-11,-5.13046946196535e-12,1.4163762393840095e-14,-1.5095676646688145e-11,-3.096618285142877e-13,-2.7413904482541913e-14,-6.01854122155532e-13,-2.0724163126336257e-15,1.1833719189742927e-11,1.357850202647152e-11,6.116825564580116e-13,-5.666092780150696e-13,-2.725470312399854e-16,8.579377208661754e-13,-7.565130744069393e-13,3.3683659239613917e-10,2.5246332802097982e-14,-4.5044225771562197e-10,-2.413801848888397e-08,-3.6387937143445014e-08,2.2150910808704794e-08,2.570493506937055e-10,1.818784530390379e-11,7.192503543655919e-07,6.390580772897003e-10,-8.373302985147602e-09,2.8388762984832283e-07,3.396792106850436e-12,3.3899572038365023e-12,1.7917392107028956e-14,-3.2799137480073645e-13,-7.373444077529712e-13,3.68594044175552e-17,-4.55911752794691e-13,3.1749809292075383e-13,-3.587485863931761e-14,4.1802094193540044e-15,1.2376707066626598e-12,4.3272181452872853e-10,1.4836041373200714e-10,-2.4589439817646052e-11,1.0840928155175788e-11,1.183307155964523e-13,-2.2332523427436637e-10,-8.557027699265807e-13,3.0504540563244926e-12,-1.3620512125574654e-11,5.066093667257151e-15,7.73517245626169e-15
129.77993346475662,1.3835406894221099e-11,6.498339644167572e-13,-6.17026429949874e-13,-9.951935109331346e-16,8.172946763806976e-13,-7.158895698466949e-13,3.698162913678971e-10,2.845128068325782e-14,-4.944013198837638e-10,-2.0325261430156316e-16,-1.498897302572762e-11,4.980397604742448e-11,1.804282417916525e-10,9.247761286904473e-13,-5.305708253696854e-11,6.113918894966121e-11,-6.722703990713619e-15,-5.038114370137237e-12,9.3937293344465e-13,-6.94115307866664e-13,4.5199954890051686e-13,-2.1766730130571367e-15,9.375869866313766e-16,5.047052668877184e-13,1.0724905018021393e-13,-2.8749600036836504e-10,-2.0337243000767558e-11,1.0633064196572034e-11,3.948212561287005e-15,-4.9807380442246085e-11,-1.804291958895643e-10,-9.00112325944288e-12,1.158080250619753e-14,-1.0871407133689963e-11,-4.510936979854052e-13,-8.762435222730291e-16,-5.014616500322507e-13,-2.220446049250313e-15,1.4986604549941756e-11,1.3835406894221099e-11,6.554330411745468e-13,-6.172774883831759e-13,-9.952143276148462e-16,8.21330559119815e-13,-7.158673653862024e-13,3.6981549556003303e-10,2.845121129431879e-14,-4.943980608610824e-10,-2.5326386094093322e-08,-3.967364318668842e-08,2.432728433632292e-08,3.095683496212587e-10,1.936561133675241e-11,7.688074383834244e-07,6.515929809602916e-10,-8.228333251138079e-09,3.1244235287886113e-07,3.473388798802546e-12,3.4682466158268234e-12,2.2969467762997315e-14,-4.1982495257997245e-13,-2.0714689223192787e-13,8.087974734394266e-16,-4.191215152715699e-13,3.5284658788520273e-13,-2.815614408291367e-14,2.7520578408749923e-15,1.1556646010528008e-12,4.751054802909494e-10,1.5807017916813494e-10,-2.302468260495516e-11,1.17569278756946e-11,1.303481859486292e-13,-1.9933254013801353e-10,-1.1624289855335923e-12,-2.325722427375923e-13,-1.1000977906405751e-11,5.469098842784496e-15,4.986458294886642e-15
135.54249376408254,1.406840940039918e-11,3.901732270605862e-13,-4.570234561166823e-13,-6.67800305794349e-16,6.874643077026121e-13,-5.887876852739283e-13,3.944118702747801e-10,3.2107430140519235e-14,-5.267781186072777e-10,-5.731024921122596e-17,-1.5673388512974878e-11,5.170150332162171e-11,1.4044217178099672e-10,7.822859423737125e-13,-4.7550455636472375e-11,5.175748718500018e-11,-7.246070063415821e-15,-4.32196500810278e-12,9.33829886802808e-13,-5.822397635084063e-13,1.5029644195863057e-13,9.257797640856809e-15,3.834436396983592e-15,3.4123328515196567e-13,1.0956313285904325e-13,-2.953915803922752e-10,-2.1804869021480043e-11,1.046275469363753e-11,4.070564776451994e-15,-5.1705688342007505e-11,-1.404437330321251e-10,-4.981982088774524e-12,8.036919654091923e-15,-1.0807246570522672e-11,-1.4922131997933963e-13,-1.2517764603900417e-14,-3.3948177605777927e-13,-2.3684757858670005e-15,1.5670649962847467e-11,1.406840940039918e-11,3.9704654379117226e-13,-4.561927132347895e-13,-6.678280613699646e-16,6.905338523210957e-13,-5.888276533028147e-13,3.944115860576858e-10,3.2107383881226545e-14,-5.267734953425436e-10,-2.5366122523943585e-08,-4.1887862607836726e-08,2.5947094400180505e-08,3.704973323692684e-10,2.0495901272473322e-11,8.048782890825329e-07,6.590887557944569e-10,-8.139118642095497e-09,3.33763182425173e-07,3.519224541411366e-12,3.5163631266025655e-12,-4.239935948631886e-15,-4.040443535302529e-13,-2.9008144034984677e-13,8.796297024105115e-16,-3.3895364293101694e-13,2.677893948255239e-13,-2.2884805161993425e-14,1.2568418528147162e-15,9.798289587100346e-13,4.943273476480196e-10,1.5717978385509923e-10,-1.8795446976582754e-11,1.2372025182116886e-11,1.4550624594100725e-13,-1.6587196732421775e-10,-3.3028592881512164e-13,1.1690575071668922e-12,-1.118068600665841e-11,5.02504577300685e-15,2.2063470841993115e-15
141.56092644919914,1.4235660058166862e-11,1.0292448375063638e-13,-2.761672372268246e-13,-8.956631732578065e-16,5.704805516870692e-13,-4.755831284342093e-13,4.146884862166189e-10,3.4319034882453657e-14,-5.533741690063228e-10,-1.068200308390292e-17,-1.5559479630648337e-11,1.8819668046177185e-11,6.271823338455107e-11,5.045666265754026e-13,-3.17702213743181e-11,3.3465135424697634e-11,-7.613657967975308e-15,-3.645594937040641e-12,1.1683322268297379e-12,-5.175930743437776e-13,3.8163916471489756e-14,-1.0160476383789931e-14,-7.769433595796126e-16,-4.635362461086913e-14,1.0731326064357594e-13,-2.935934348013364e-10,-2.2367530050360073e-11,1.2885945540582472e-11,4.445942673620788e-15,-1.8824178327214725e-11,-6.272057526124364e-11,-2.1912333059148636e-12,-4.3384892033093705e-16,-1.3530262181966676e-11,-3.7052744769963675e-14,7.135125824223237e-15,4.919481489332864e-14,-3.1086244689504383e-15,1.555659305078431e-11,1.4235660058166862e-11,1.1038518247611743e-13,-2.7622704124041776e-13,-8.956527649169507e-16,5.746301212639082e-13,-4.756195437494171e-13,4.146878040955926e-10,3.4319034882453657e-14,-5.533766701167527e-10,-2.4702089528242747e-08,-4.3540261685848234e-08,2.7281319489702583e-08,4.383084615255939e-10,2.1689624910929222e-11,8.33949665912917e-07,6.644261529853424e-10,-8.066892141752159e-09,3.5133234632667154e-07,3.5578466099176846e-12,3.5588643143569245e-12,-3.1674431596092254e-15,-2.254405921201889e-13,-6.72097636803907e-13,6.225390573414794e-16,-2.443093505277716e-13,1.471322542967446e-13,-3.658051639376936e-14,1.6560826783991919e-16,1.0277290130034088e-12,5.065388298438241e-10,1.526050255051814e-10,-1.5111965012692964e-11,1.2808120786189648e-11,1.5220796845127893e-13,-1.4275454203751124e-10,-5.5991452793668905e-14,-1.256822684245989e-12,-2.7405633318267064e-11,9.242086262961635e-16,-1.344170723801182e-15
147.84659290713026,1.4417627092200292e-11,6.27702926673616e-13,-6.548042108533992e-13,-9.084145472885534e-16,1.0928715710178948e-12,-9.758842622886732e-13,4.4526677811518313e-10,4.047065923125833e-14,-5.951951607130468e-10,-1.4167261317538614e-16,-1.0034195696562165e-11,5.1214219497219826e-11,1.614600814159317e-10,9.282901828174975e-13,-5.563196728683043e-11,6.152070916190919e-11,-7.111325417419322e-15,-6.620326509221286e-12,2.5961710171843222e-12,-1.1250044823367357e-12,3.066991105526995e-13,1.0544077412374302e-14,4.283880989628273e-15,3.1562663293411187e-13,1.2124249030527005e-13,-3.215836258718304e-10,-2.1782042836093753e-11,2.861151238411972e-11,4.33138767907959e-15,-5.122274132629556e-11,-1.6146242329262428e-10,-6.809141544256952e-12,8.852554106431042e-15,-3.00763290241971e-11,-3.05330169784665e-13,-1.3894718710329462e-14,-3.1194269392919837e-13,-2.960594732333751e-15,1.0031383131566448e-11,1.4417627092200292e-11,6.365231305001847e-13,-6.557131134362256e-13,-9.084376769348997e-16,1.0948042472591625e-12,-9.759135721765233e-13,4.4526615283757564e-10,4.0470595624730875e-14,-5.951924322289415e-10,-2.4962859849135082e-08,-4.64592594653368e-08,2.9327191441552713e-08,5.065585355623625e-10,2.3138593263638542e-11,8.771102789809405e-07,6.742432306916513e-10,-7.964715137106946e-09,3.7787261438400793e-07,3.6117731028184607e-12,3.6071394019880167e-12,4.601805048132235e-15,-2.562936159596537e-13,-2.253235228029856e-12,-4.929390229335695e-16,-4.884622706313734e-13,2.201269236334902e-13,-5.594458230007149e-14,-3.057276654061525e-16,2.370143192820251e-12,5.718211468774826e-10,1.7574802768649533e-10,-3.188043251611816e-11,1.3522644337626844e-11,1.8109449125465934e-13,-3.014942300984161e-10,-7.914605386002971e-13,1.3075587489061728e-12,-6.10009820434243e-11,2.393750706911983e-15,5.603853608001271e-15
154.41135899948313,1.4743871309027175e-11,5.881399071464935e-13,-6.646582543604988e-13,-6.676649973632228e-16,9.378027243656107e-13,-8.141327612065651e-13,4.935070592182456e-10,4.6866740812297653e-14,-6.592999852728099e-10,-1.1464633292734318e-16,-1.466863667568911e-11,4.6786467929049724e-11,1.461045694151064e-10,1.046649126495198e-12,-6.432073128083613e-11,6.92509541774403e-11,-9.340792028744716e-15,-5.917388801179868e-12,1.2464512626176795e-12,-7.957963261230766e-13,2.6173507805538065e-13,2.63377617945606e-14,8.563804336394718e-15,5.110093793938038e-13,1.4489335258720358e-13,-3.854122708865258e-10,-2.816751276668583e-11,1.4008335834983316e-11,4.148681542979575e-15,-4.6792431040998395e-11,-1.4610665108327758e-10,-5.966715217147518e-12,1.2085222145935548e-14,-1.4450585431100716e-11,-2.601543112878968e-13,-2.9541924465204983e-14,-5.08972308794591e-13,-3.552713678800501e-15,1.4666120170166625e-11,1.4743871309027175e-11,5.993001650494989e-13,-6.655748544896293e-13,-6.676846575626172e-16,9.404175216332078e-13,-8.141496365965395e-13,4.935057518196117e-10,4.686675237712083e-14,-6.592975599536052e-10,-2.656939129034678e-08,-5.132472142577171e-08,3.250085865147412e-08,5.760496151197003e-10,2.5033527843258222e-11,9.438279945708589e-07,6.871107155470568e-10,-7.815503383028453e-09,4.197428324914654e-07,3.6915289343871416e-12,3.685415676339213e-12,3.898582845440757e-15,-4.88021697127768e-13,-5.535885823822658e-13,2.0550228185811647e-16,-4.787668594907757e-13,3.6562016391891717e-13,-2.072386706686302e-14,1.1950856970699419e-15,1.6755924055663248e-12,6.324989954009653e-10,1.951675585587509e-10,-2.6021666599262973e-11,1.4796111003079203e-11,2.1002010316036508e-13,-2.25714021117118e-10,-6.41348411010989e-13,3.2881977005640713e-12,-2.2873554902010557e-11,4.2972859067476795e-15,6.628314795179927e-15
161.2676174624066,1.4972751927189165e-11,2.1509549696929752e-13,-4.3708088999968215e-13,-8.33797151692887e-16,7.494236342608928e-13,-6.297513621689177e-13,5.292449145599676e-10,5.056565698565348e-14,-7.063426892273128e-10,-7.820281095780584e-17,-1.4355405753008199e-11,2.135477124992624e-11,8.703333193027518e-11,7.326889591073384e-13,-4.5211374326876403e-11,4.853268580668718e-11,-1.036744474991469e-14,-4.934724850969019e-12,7.57025256434995e-13,-5.782680535965478e-13,1.837419105754634e-13,2.843512914563746e-15,2.9810753850796315e-15,2.4575012383427655e-13,1.5123067338421356e-13,-4.094612124770702e-10,-3.1339997264012706e-11,8.597418642641594e-12,3.631869472410047e-15,-2.1359823632050023e-11,-8.703619422401054e-11,-4.044706038351466e-12,5.555094145098804e-15,-8.766889023522603e-12,-1.822499128608518e-13,-6.0085270098722e-15,-2.4234392273151205e-13,-2.220446049250313e-15,1.4353185306958949e-11,1.4972751927189165e-11,2.2648312854774606e-13,-4.3813308536755356e-13,-8.338075600337428e-16,7.509584065701347e-13,-6.297229404594873e-13,5.29243493474496e-10,5.056570902735776e-14,-7.063432197658888e-10,-2.6363879442214966e-08,-5.444791167974472e-08,3.484941044007428e-08,6.606217084481614e-10,2.6974819415196786e-11,9.92233206192776e-07,6.953990161484569e-10,-7.711515808910932e-09,4.507564502394719e-07,3.746164119651969e-12,3.743753085316826e-12,7.543734155864476e-15,-3.5786873464616064e-13,-1.178458812015985e-13,7.117639810871878e-16,-4.0726139127755803e-13,3.2842143588007744e-13,-2.1227908320042844e-14,1.971732962087932e-15,1.1308050792043408e-12,6.608073211585482e-10,1.9652634364319965e-10,-1.9850773469443084e-11,1.561202189748201e-11,2.2280122191631336e-13,-1.6779084581701173e-10,-4.3620109694414433e-13,3.455724508978646e-13,-1.2167156171472016e-11,2.72754186135075e-15,2.2841378672736984e-15
168.4283113011666,1.5128982511214418e-11,-2.2100721253082156e-13,-1.570660638587166e-13,-3.599817203584858e-16,5.537685865419917e-13,-4.4236703189426405e-13,5.565423180087237e-10,5.533607715565066e-14,-7.420676411129535e-10,-7.298318217858803e-17,-1.0402789740737717e-11,2.2310582201146012e-11,7.864412246427754e-11,4.845999593669096e-13,-2.898506831375666e-11,3.2126999473445854e-11,-1.111020997424106e-14,-3.8216485531705756e-12,7.039346495888211e-13,-4.252432546918634e-13,1.7319479184152442e-13,-5.5648431560650065e-15,1.1395719370911637e-15,1.2771542722237303e-13,1.5026417956019274e-13,-4.0775094159365083e-10,-3.232072387504559e-11,7.893556609384325e-12,2.4408191758260958e-15,-2.2312533765056486e-11,-7.864637760479631e-11,-3.6150943349966273e-12,3.042152033755352e-15,-8.161817475101892e-12,-1.7142415416858403e-13,2.378375274741079e-15,-1.2417622487069214e-13,-1.3322676295501878e-15,1.0401901562318017e-11,1.5128982511214418e-11,-2.1429495215367448e-13,-1.5789562250271653e-13,-3.600094759341014e-16,5.549054549192079e-13,-4.423572619316474e-13,5.565416927311162e-10,5.533613497976653e-14,-7.420709759268599e-10,-2.4818504850069682e-08,-5.643139593303204e-08,3.664349060272798e-08,7.577184533147375e-10,2.9004490661084976e-11,1.0285685770805834e-06,7.0154028419811e-10,-7.637206352537505e-09,4.744608759210678e-07,3.7856347686234434e-12,3.784406121809525e-12,6.1945124955424074e-15,-2.0496730238998378e-13,-2.954531434321931e-13,4.485301019485632e-16,-2.6436702826870826e-13,2.0697989329410139e-13,-1.972022545260188e-14,1.3201708245110429e-15,8.591693282748262e-13,6.76535516201208e-10,1.8860191630665213e-10,-1.3725667713515576e-11,1.6139484415589322e-11,2.405829702123441e-13,-1.216215758594719e-10,-4.098349264125556e-13,-6.563807224098345e-13,-1.4653463627685898e-11,1.6465012224002132e-15,1.0957120627486105e-15
175.90695822349824,1.5245936365223164e-11,-4.979483492206782e-13,1.782455664548858e-14,1.4028940046687904e-16,3.901732270605862e-13,-2.886251238010118e-13,5.777039291388065e-10,6.036227073735745e-14,-7.698157181342443e-10,-4.593847896394229e-17,-4.7196320925498485e-12,2.4367400458524813e-11,6.864439572318304e-11,3.5559353081130294e-13,-2.1255061203159392e-11,2.3586767459806067e-11,-1.1035660232860955e-14,-2.8541113916702442e-12,7.535961518894595e-13,-3.106466150207072e-13,1.1296519275560968e-13,-1.0115062813962304e-15,2.1996319257980553e-15,1.085779166338006e-13,1.4359710803633754e-13,-3.890557853353716e-10,-3.164393191923409e-11,8.312052596602767e-12,1.3436336823250776e-15,-2.4369221918174588e-11,-6.864578350196382e-11,-2.6737739006981494e-12,2.618852400562699e-15,-8.744426371629025e-12,-1.1130988708876743e-13,-1.1265988143510375e-15,-1.0590028854899752e-13,1.4802973661668753e-16,4.7199281520230824e-12,1.5245936365223164e-11,-4.957835623523958e-13,1.714302773810535e-14,1.402096031869841e-16,3.9398173612426035e-13,-2.8859492573474197e-13,5.777037586085498e-10,6.036231699665014e-14,-7.698182192446742e-10,-2.2215768694877624e-08,-5.7640252634882924e-08,3.803682920988649e-08,8.653958047943888e-10,3.1150714600395686e-11,1.056287741512067e-06,7.058654355462934e-10,-7.586290094655848e-09,4.928499871918272e-07,3.812826721016904e-12,3.8116783803351005e-12,4.1070156534909566e-16,-1.0558002620323729e-13,-5.764396367643106e-13,2.7015426932545474e-16,-1.4898937639173938e-13,8.052738033684226e-14,-1.2796430581829555e-14,7.300178979837331e-16,9.23137122299522e-13,6.930725551986446e-10,1.7401634977431968e-10,-8.730097533771186e-12,1.6461225271768853e-11,2.596722374163344e-13,-8.515513875435381e-11,-2.6299437887872257e-13,-1.0415953690876763e-13,-1.9812596008250694e-11,1.3569946670973407e-15,1.005976262939227e-15
183.71767615786374,1.5321705385910414e-11,-6.671143637504429e-13,1.240234581700861e-13,3.8503575328086015e-16,2.645492713782005e-13,-1.793498682900463e-13,5.922925652157573e-10,6.476316011250205e-14,-7.889502739999444e-10,-1.7146346779110925e-17,-1.3798591898724528e-12,1.6319888149207706e-11,4.2923217064005925e-11,2.3144928434121987e-13,-1.4159546551135398e-11,1.536382132627523e-11,-1.0001157887962186e-14,-2.1335155864221633e-12,8.333934317843926e-14,-1.5135058903833462e-13,4.884981308350689e-14,1.6650216092522033e-15,2.5937917621720926e-15,7.794704444309224e-14,1.3056924108672146e-13,-3.5406641136425273e-10,-2.9266544743222764e-11,1.082693366485469e-12,2.0711875501714752e-16,-1.6322013185465778e-11,-4.292425789809151e-11,-1.4217149283243406e-12,1.864551265121084e-15,-1.0047518372857667e-12,-4.7076329379863724e-14,-5.1322834875991705e-15,-7.460587703924649e-14,1.3322676295501878e-15,1.3814875169752365e-12,1.5321705385910414e-11,-6.67147522411445e-13,1.239719438217435e-13,3.8502881438695626e-16,2.670503818080761e-13,-1.7931167661799918e-13,5.922913146605424e-10,6.476316589491363e-14,-7.889579289136843e-10,-1.851872851451238e-08,-5.8101490139961245e-08,3.900029696524143e-08,9.834948286879808e-10,3.341442085987486e-11,1.0750831501523905e-06,7.083774539173859e-10,-7.555838879769816e-09,5.055338003027524e-07,3.829265793342529e-12,3.828503070124611e-12,-2.4223562970308404e-15,-1.5162623009009242e-13,4.479261406231672e-14,2.433978944319885e-16,-1.4381695834231322e-13,1.1542881060699895e-13,-2.0832224834066437e-15,7.068882516373757e-16,2.0251415359477203e-13,7.064227247610688e-10,1.5226123650791125e-10,-5.166839400772005e-12,1.65780242866731e-11,2.7574553751463784e-13,-4.473837321277875e-11,-1.0580132690091171e-13,1.9390408551585617e-13,2.1286676125479667e-12,1.0773731444017425e-15,6.021326377318263e-16
191.87520990478325,1.538777697855191e-11,-6.704491776569436e-13,1.1288925350072532e-13,2.5512115568263973e-16,2.900151230278425e-13,-2.1320989418427416e-13,6.077981993257708e-10,6.909700820771173e-14,-8.096321835182608e-10,-1.1463461563823949e-17,7.487788167281906e-12,1.101143915632763e-11,3.339759024889588e-11,2.1716755378114224e-13,-1.347426138918552e-11,1.4439719261564019e-11,-9.431604802712101e-15,-2.2524482279351332e-12,3.1768838206098047e-13,-2.0798729340865646e-13,3.191891195797325e-14,-2.6820899833191123e-15,1.3663952986393788e-15,3.252125023596925e-14,1.2035289737857552e-13,-3.2789880682008663e-10,-2.6787461138155777e-11,3.6039323979888765e-12,-1.8220153033890463e-15,-1.1011851153153174e-11,-3.339759024889588e-11,-1.171017647928961e-12,8.141165692976404e-16,-3.7058211796383425e-12,-3.0111953512254597e-14,-5.007105841560166e-16,-2.916639152708797e-14,4.144832625267251e-15,-7.483939394129871e-12,1.538777697855191e-11,-6.732487160358384e-13,1.1283714703343625e-13,2.550147593094465e-16,2.934825715783518e-13,-2.1318768972378165e-13,6.077971193008125e-10,6.909706024941601e-14,-8.096547693033547e-10,-1.4571162561575572e-08,-5.872501060366631e-08,4.0031005482887846e-08,1.1063464171456871e-09,3.5901344119793066e-11,1.0947967122013135e-06,7.111287253502852e-10,-7.525195392019468e-09,5.190146718329439e-07,3.845366617719984e-12,3.845123478877592e-12,-1.2737496242939035e-15,-1.2127254755966988e-13,-4.0858102086834457e-13,3.22963877863458e-16,-1.1013073786259043e-13,8.043636069710036e-14,-3.108624468950438e-16,8.97869741519249e-16,7.824686084253092e-13,7.292025353914747e-10,1.377220542053692e-10,-6.4406435740238525e-12,1.668482241257152e-11,2.9030625126047483e-13,-5.721728000956551e-11,-8.165126560988334e-14,-3.317285856062385e-13,-5.829411027965155e-12,7.670846018566676e-16,-3.9397015742329937e-17
200.39495897155572,1.5435928091278585e-11,-8.440110832452774e-13,2.2075793045435906e-13,4.163717981509052e-16,1.7462298274040223e-13,-1.1246292785926926e-13,6.211494678609597e-10,7.377802072975707e-14,-8.271308615803719e-10,-1.709573656051248e-17,1.3700522198215973e-11,5.62835368589365e-12,2.3136961097014463e-11,1.158126174326059e-13,-6.768038510581879e-12,7.70954728628632e-12,-8.734376069630123e-15,-1.5895118554709597e-12,-2.670667304875922e-13,-7.08231115872345e-14,4.1217029789208937e-14,-6.821692733945887e-15,2.350671774708277e-16,-2.0218879198788292e-14,1.0902495073161341e-13,-2.9781965119249377e-10,-2.474713767242065e-11,-2.7122683943742308e-12,-3.576810072083991e-15,-5.62761642841636e-12,-2.3136267207624073e-11,-1.0503601956455913e-12,-3.5754819244226967e-16,3.058922624243382e-12,-3.9457640713808084e-14,3.755329381170125e-15,2.378375274741079e-14,5.329070518200751e-15,-1.369489706822454e-11,1.5435928091278585e-11,-8.476206403429387e-13,2.1969152423177243e-13,4.1627349715393315e-16,1.7752199710230344e-13,-1.1243095343616005e-13,6.211492973307031e-10,7.377806698904977e-14,-8.27159131707352e-10,-9.942178924878438e-09,-5.916273221373558e-08,4.091253504157066e-08,1.2369366686471038e-09,3.859560375000607e-11,1.111485675590852e-06,7.13312811595479e-10,-7.500848840575466e-09,5.306274791413065e-07,3.85895907821047e-12,3.8590841633379115e-12,1.5304019625646722e-15,-1.0178687522473713e-13,6.185511362370259e-14,2.024676722574744e-16,-1.0343026435322144e-13,9.479988235389092e-14,6.361133841892297e-15,6.783462680459707e-16,1.433969979795317e-13,7.418226838732759e-10,1.176213118014857e-10,-3.210544718967867e-12,1.6719290840683243e-11,3.0573349407703174e-13,-2.107151662458332e-11,-1.1762563579403862e-13,-8.401649776037249e-13,1.0749327354157382e-11,9.685539407537173e-20,-3.266339744974663e-16
209.29300664290955,1.5486329256001834e-11,-8.659905385381232e-13,2.2262665784940813e-13,4.883743872271158e-16,1.814441930036992e-13,-1.249462755481545e-13,6.377596264428575e-10,7.942062516900587e-14,-8.492473474082848e-10,-2.931101045110356e-17,2.6700419653025165e-11,1.1401296573509967e-11,3.7957484377848516e-11,1.4325470373436186e-13,-7.965136486883954e-12,9.517148973665306e-12,-8.360326320122623e-15,-1.6097123634040145e-12,-1.1917953704024845e-13,-1.0409349416021295e-13,6.619704784327496e-14,-6.0445278074879096e-15,3.901869130378383e-16,-3.9819693770259e-15,1.0352846859776117e-13,-2.828590135317307e-10,-2.3298696305573685e-11,-1.128102779149643e-12,-6.663890540365332e-15,-1.1399041432991197e-11,-3.7957657850196114e-11,-1.6900667373523757e-12,1.3557948166931233e-16,1.359894109465279e-12,-6.448997152269653e-14,3.254618797014108e-15,9.0127905148083e-15,7.993605777301127e-15,-2.6691833928301396e-11,1.5486329256001834e-11,-8.710780245261655e-13,2.2184446872112554e-13,4.882090102557394e-16,1.8383161659585312e-13,-1.248832148803558e-13,6.377608769980725e-10,7.942060203935952e-14,-8.492752385791391e-10,-5.273148417472839e-09,-6.005587056279182e-08,4.2013893107650804e-08,1.3703752301807981e-09,4.156230914986736e-11,1.1320107765895108e-06,7.162862664111813e-10,-7.47382248608506e-09,5.450785162490016e-07,3.8736761946249016e-12,3.873184735899334e-12,2.2171732042923033e-15,-4.606008167466295e-14,-3.5821775175766866e-13,6.465198746733829e-17,-7.283090797116643e-14,5.609726268576698e-14,1.5297096922495256e-14,4.185309506373377e-16,7.127406812893847e-13,7.659352074066798e-10,1.0571056918706745e-10,-3.7599363622575765e-12,1.6815551617810343e-11,3.244610598714578e-13,-2.7307871726163794e-11,-1.9942001609069004e-13,-7.195015504250023e-13,4.51668332364837e-12,-1.3975510563627817e-16,2.6468121675874796e-16
218.5861503424672,1.5534218356094697e-11,-7.85197092530628e-13,1.5241970648579202e-13,6.737249647059684e-16,2.9763214115519075e-13,-2.4301716194941036e-13,6.55509325042658e-10,8.590916172890318e-14,-8.731039997655899e-10,-2.4566990671769037e-17,4.427695247481248e-11,2.7017472460644232e-11,6.628213602977162e-11,2.6100277693087905e-13,-1.5293718672434614e-11,1.7312738544360075e-11,-7.61951265970673e-15,-2.2499391238994805e-12,5.739110737033967e-13,-2.784069809317103e-13,5.842548667089886e-14,6.150177007282059e-15,3.1674284102589134e-15,1.3029037051940974e-13,1.0079774850475955e-13,-2.7431207162665654e-10,-2.1755308665660777e-11,6.3568336641073826e-12,-1.136289503606234e-14,-2.7015889525472403e-11,-6.628317686385721e-11,-2.2723341065931737e-12,3.2546665015842358e-15,-6.645330280884251e-12,-5.6838350215651645e-14,-9.63867874500332e-15,-1.264294224993942e-13,1.2730557349035129e-14,-4.4263555783648677e-11,1.5534218356094697e-11,-7.955710164727255e-13,1.5278978082733375e-13,6.735549618053227e-16,2.984279490192421e-13,-2.4297719392052385e-13,6.555126219609519e-10,8.590908077514096e-14,-8.731381058169063e-10,-2.849847078323364e-10,-6.120535545051098e-08,4.319523941376246e-08,1.5085370250744745e-09,4.4781505910881e-11,1.153656486103712e-06,7.195192358588898e-10,-7.452015538723897e-09,5.605297701549716e-07,3.884973083974804e-12,3.8826305133928444e-12,-3.233611295394567e-15,-8.390569720499267e-14,-1.4273856171106065e-12,-7.94919685631612e-17,-9.790884769600439e-14,7.462863877219506e-15,3.133493464702042e-14,7.395473122784324e-16,2.227352524641901e-12,7.973503670655191e-10,9.816903911996633e-11,-7.845784466553595e-12,1.6917674372507463e-11,3.4652623363366314e-13,-7.056990650759216e-11,-2.0053294962074641e-13,7.588660083028304e-13,-1.3958612044007168e-11,1.087544406382553e-15,1.856217725822636e-15
228.29193334233327,1.5644747719534278e-11,-7.518489534656207e-13,9.418954505235888e-14,3.3951198334195944e-16,2.97859514830634e-13,-2.440048163521169e-13,6.963737178011798e-10,9.477033741100982e-14,-9.276227501686663e-10,7.408220742765049e-18,7.927406879086145e-11,1.5522457451344618e-11,4.4386196107470965e-11,3.3071263981300704e-13,-2.0758038145528095e-11,2.191278904360518e-11,-9.149365293170675e-15,-2.4732937919935694e-12,-3.3613293027531995e-13,-2.0347499525079585e-13,-1.8457457784393227e-14,1.2701741515315164e-15,2.330524469251438e-15,7.441933300813757e-14,1.2077845667972061e-13,-3.340583293654934e-10,-2.6547919418362653e-11,-3.3295072125706295e-12,-2.0671344410500003e-14,-1.552299955243086e-11,-4.438827777564214e-11,-1.4815529755399635e-12,1.6516681685535551e-15,3.8772602699525525e-12,1.993725822456438e-14,-4.756750549482158e-15,-7.060019236599835e-14,2.1168252336186317e-14,-7.92514202411591e-11,1.5644747719534278e-11,-7.640181820534053e-13,9.474199202941236e-14,3.393847702870545e-16,2.9888269637012854e-13,-2.439266566511833e-13,6.963759915379342e-10,9.477026802207077e-14,-9.27659584704088e-10,2.6340906818707782e-09,-6.513064727187156e-08,4.588636511471122e-08,1.6322042029059958e-09,4.848594414852414e-11,1.2028540685457492e-06,7.263983858862844e-10,-7.403755049780604e-09,5.960774463649917e-07,3.9102225161495125e-12,3.908535347226423e-12,-2.493456829899543e-15,-1.3350924069991757e-13,-1.0874146028072573e-12,2.965035624432251e-16,-1.530868209975722e-13,7.838350715022591e-14,5.599920527288305e-14,1.5049073098793997e-15,2.1336745703592897e-12,8.581531195280453e-10,1.0333951649954543e-10,-7.7897936989757e-12,1.7594317114344448e-11,3.75983688627457e-13,-5.1087816148030343e-11,-7.142615492117255e-14,1.6998733151952895e-13,1.718329182646509e-11,8.226868260704142e-16,6.65703025111893e-16
238.42867788067264,1.5688816172125068e-11,-9.695213520899416e-13,2.1898038937706589e-13,3.944414239676064e-16,1.8053469830192626e-13,-1.3706547008496273e-13,7.262121926032705e-10,1.0293219980065753e-13,-9.670463138415167e-10,-5.93325403727956e-18,9.659414009396035e-11,7.502505561252093e-12,3.346056071107384e-11,1.7230512651598777e-13,-1.0034592204785246e-11,1.1427604894111353e-11,-9.447954571473183e-15,-1.8910151222684135e-12,-1.1419805669574575e-12,-4.4699386311216335e-14,4.440892098500626e-15,-9.508519664319698e-15,-2.2261359085928126e-16,-2.807915521471404e-14,1.2146545152692125e-13,-3.389178820567851e-10,-2.7426327875446076e-11,-1.2001139746058896e-11,-2.4674033613445352e-14,-7.503025978294886e-12,-3.3460820919595236e-11,-1.5638135627707837e-12,-6.05993120267323e-16,1.3196420700375902e-11,-3.025601687592361e-15,5.8833493638331956e-15,3.166994444786805e-14,2.5609144434686943e-14,-9.656742072650104e-11,1.5688816172125068e-11,-9.867733297141968e-13,2.1858189332609376e-13,3.9426910810232603e-16,1.802504812076222e-13,-1.3701306755820042e-13,7.262150347742135e-10,1.0293210728207214e-13,-9.670898180047515e-10,7.681238154570262e-09,-6.797770038247108e-08,4.784558404935524e-08,1.778858404577477e-09,5.248459444828768e-11,1.238194943991487e-06,7.310664573711989e-10,-7.379596765516244e-09,6.220357893956437e-07,3.923626608800153e-12,3.92280726420798e-12,2.651958513899544e-15,-1.3697443179694347e-13,-6.116067652328638e-13,2.6571337722695415e-16,-1.4851014862315992e-13,9.37369617690087e-14,6.62878640866893e-14,1.2508512744110098e-15,1.483689023492237e-12,8.923816494643688e-10,9.382074495078996e-11,-4.282696863810997e-12,1.79338854877642e-11,4.005372885214816e-13,-7.984310886862406e-12,-1.603269383573802e-13,-1.1798110493219304e-12,3.861829374803468e-11,-3.0425459605446887e-16,-2.4403222498303736e-16
249.01551974978983,1.5702850871453696e-11,-1.2422181801715244e-12,3.83321226612073e-13,9.034393603594518e-16,3.89945853385143e-14,-6.4952487832670156e-15,7.502320613639313e-10,1.1174173854729593e-13,-9.9862760786588e-10,-1.6067720906861513e-17,1.0060685617929721e-10,1.3083457928164677e-11,4.178966200862888e-11,5.6485074554199093e-14,-1.9531598560718066e-12,3.721467578543525e-12,-9.327304553718995e-15,-1.0805745187525418e-12,-1.7953581128231593e-12,1.1858045230494018e-13,2.4841240175987878e-14,-7.157221390162251e-15,3.031493310263432e-16,-3.2617089371217863e-15,1.1405855291573115e-13,-3.178986776221457e-10,-2.6340973846572523e-11,-1.9066773353969118e-11,-2.5090073609591406e-14,-1.3087447792159423e-11,-4.178957527245508e-11,-1.8263961771529986e-12,8.196026322904171e-17,2.0755877636768378e-11,-2.353558970977221e-14,3.755329381170125e-15,6.509237594028216e-15,2.531308496145357e-14,-1.0057961870775974e-10,1.5702850871453696e-11,-1.2496551941391469e-12,3.830820105577004e-13,9.032439148478251e-16,3.916511559509672e-14,-6.4632743601578114e-15,7.502344487875234e-10,1.1174163446388737e-13,-9.98686573439045e-10,1.4198943972587586e-08,-7.042381912469864e-08,4.942023224430159e-08,1.9421481738390865e-09,5.682738427973769e-11,1.2663007097682229e-06,7.347201319563013e-10,-7.371208861810462e-09,6.42939767203643e-07,3.928759539917337e-12,3.92734400556094e-12,1.9072475080742872e-15,-1.175768001478635e-13,5.4853899200679736e-15,3.83026943495679e-17,-1.1648654263396452e-13,9.799742939874123e-14,6.712186362278772e-14,6.343536806951988e-16,1.6370904631912708e-13,9.167730847063164e-10,7.967992132762447e-11,-5.013589543523267e-14,1.808420790894161e-11,4.270254520359155e-13,3.61710661422876e-11,-2.1386646793797315e-13,-8.832417350468972e-13,5.787548218449956e-11,-2.730628223535092e-16,3.515330387893201e-16
260.0724444200114,1.569836557043421e-11,-1.2952720377749452e-12,3.979649202771422e-13,1.2103050043658452e-15,7.014477887423709e-14,-4.0131453715730456e-14,7.733545999144553e-10,1.208934688468055e-13,-1.0294182478295019e-09,-7.769833225163697e-18,9.657245373754601e-11,2.2374918758061302e-11,5.4438831914582764e-11,1.0686020520836845e-13,-5.265589551685578e-12,7.055863829715951e-12,-8.6239175522973e-15,-1.1875500582902987e-12,-1.35799801636363e-12,5.1888403134915565e-14,1.5265566588595902e-14,2.4467095561236996e-15,2.426569890904045e-15,9.408835961719594e-14,1.0597478659172915e-13,-2.934726696673203e-10,-2.4127544406837843e-11,-1.4375548555163113e-11,-2.5425760672229125e-14,-2.2378626729491202e-11,-5.444056663805874e-11,-1.897648704840549e-12,2.2618679932501217e-15,1.5693131548777126e-11,-1.3916276984937692e-14,-5.8833493638331956e-15,-9.163003690055105e-14,2.5757174171303632e-14,-9.654492020653531e-11,1.569836557043421e-11,-1.3104113349982072e-12,3.9931199088035403e-13,1.2100378569505448e-15,6.895106707816013e-14,-4.0123460109953155e-14,7.73357555772236e-10,1.2089329537445793e-13,-1.029470089027503e-09,2.1542112032572428e-08,-7.329019717872143e-08,5.0941562221851197e-08,2.1153068701096346e-09,6.150159492790408e-11,1.2930944501212527e-06,7.38152594603747e-10,-7.375218552168384e-09,6.630655965030504e-07,3.926533912827305e-12,3.924045162880437e-12,-2.4738428897978318e-15,-9.348999352454257e-14,-3.9197326865784516e-13,-5.799064931958734e-17,-1.0401968175699495e-13,7.354941417188343e-14,7.259348677735034e-14,9.835188219398106e-16,8.012648322619498e-13,9.526969127667447e-10,7.351354724960401e-11,-1.245950898010051e-12,1.8176024241256526e-11,4.5380162590665425e-13,1.8474111129762605e-11,-1.755339580286619e-13,2.90811142557239e-13,4.630074101896753e-11,6.915272752576011e-16,1.3562747568548102e-15
271.62032476755695,1.568094395073179e-11,-1.3931943006658306e-12,4.4105223177363466e-13,1.3525615812544819e-15,5.525180313270539e-14,-2.3796076220605757e-14,7.978761686899816e-10,1.3022571447122526e-13,-1.0619684568761538e-09,2.0531302194575923e-17,7.784506372843225e-11,1.5981009918175637e-11,3.291282177353416e-11,9.884082639656709e-14,-5.8721678313539935e-12,6.535724342679065e-12,-8.16543013759663e-15,-1.0093481606077148e-12,-8.919625374221397e-13,3.136622099004576e-14,-4.3853809472693683e-14,4.939199413459906e-15,2.891837414758857e-15,9.485140538533605e-14,9.77044342153137e-14,-2.6976702777103786e-10,-2.2403678912041868e-11,-9.427713777613079e-12,-2.096414675970687e-14,-1.5977323630789186e-11,-3.29172453183979e-11,-7.624307931029608e-13,2.0127888071541645e-15,1.0302353285719301e-11,4.5075163219998604e-14,-8.76243522273029e-15,-9.363287923717511e-14,2.1316282072803006e-14,-7.782197108952005e-11,1.568094395073179e-11,-1.409375727234874e-12,4.435343943972233e-13,1.3522713041928351e-15,5.2580162446247416e-14,-2.377298358169355e-14,7.978795792951132e-10,1.3022563351746303e-13,-1.062021965481108e-09,2.9549002647399904e-08,-7.69651960581541e-08,5.254688585409894e-08,2.2966401047597173e-09,6.653348094687316e-11,1.3211893759902057e-06,7.413791802690639e-10,-7.38964302267675e-09,6.844015842943918e-07,3.918366742183821e-12,3.916513039807038e-12,-5.518057076085251e-15,-3.2874887997043816e-14,-5.740522131721567e-13,9.00390872971002e-17,-4.99629781991473e-14,3.186323156278287e-14,6.284484044272177e-14,1.4691026173352384e-15,1.3787939678877592e-12,9.883418291186293e-10,7.194557838374749e-11,-7.335643203987274e-13,1.8254404210438226e-11,4.789262967689704e-13,1.2878587085651816e-11,-3.454268121538817e-15,6.159561663421136e-13,3.244930250427084e-11,1.0379009573087868e-15,7.781926145145058e-16
283.68096047762685,1.564266642143745e-11,-1.4586779191934815e-12,4.670119106246299e-13,1.208584158677676e-15,4.922640073345974e-14,-1.7629453452627786e-14,8.169855618689326e-10,1.389203220051686e-13,-1.0873457843748232e-09,2.3303146928386684e-17,4.3796966053832875e-11,2.2392027468343123e-12,5.1318324589821884e-12,5.0143421161306736e-14,-3.431659718294051e-12,3.332968821569336e-12,-7.124075634967753e-15,-8.598899370326762e-13,-6.395723743894398e-13,2.6791392102237153e-14,-4.926614671774132e-14,-1.997738658184488e-15,9.64113890137689e-16,7.314579715224466e-15,8.418606021830217e-14,-2.3162665079941366e-10,-1.9491075420319248e-11,-6.753431793122099e-12,-1.2583923522715515e-14,-2.231374807148967e-12,-5.13547537828174e-12,4.5752092590691166e-14,-7.975933281889613e-17,7.381950348152989e-12,5.060188379424346e-14,-1.0014211683120333e-15,-6.2588823019502085e-15,1.258252761241844e-14,-4.378201505043459e-11,1.564266642143745e-11,-1.4735424732255827e-12,4.704035679499915e-13,1.208168981525759e-15,4.837374945054762e-14,-1.757616274744578e-14,8.169895409082528e-10,1.389202873106991e-13,-1.0873968676605727e-09,3.910809755325317e-08,-8.022785186767579e-08,5.379635695135221e-08,2.4937903617683334e-09,7.202687631509737e-11,1.3428635072138372e-06,7.435946303147034e-10,-7.409443122016616e-09,7.010226757605172e-07,3.907598689067981e-12,3.9074277147221895e-12,-2.635287821295407e-15,-5.697971724079783e-14,-1.2193860735957667e-13,2.4461913975907614e-16,-5.616584974887928e-14,4.9124896750289695e-14,2.970113044398204e-14,1.4523567533804757e-15,4.1018211049959065e-13,1.0204603313468397e-09,7.0537680585403e-11,-5.401545877248281e-13,1.8161390613613548e-11,4.992363004478288e-13,8.953561406500274e-12,5.627930847046381e-14,-2.4384996628541885e-13,2.4113451975911932e-11,4.121370490254665e-16,-4.913372949240843e-16
296.27711919708696,1.5590432648574885e-11,-1.4983925211708992e-12,4.792403511070613e-13,1.0982939095220227e-15,9.129053069045768e-14,-5.408296033238003e-14,8.331907110914472e-10,1.4773346897663704e-13,-1.1089105100836605e-09,1.1747076428996264e-17,7.579122514774402e-14,-6.9880949984946206e-12,-1.1483435730097469e-11,2.6629244444441116e-14,-2.207638833644816e-12,1.8119632778328716e-12,-5.724413998375866e-15,-9.26869692108312e-13,2.240052458769493e-13,-6.305921547207784e-14,-1.7208456881689926e-14,-7.923262131278872e-15,-6.657855487750794e-16,-6.177223446916952e-14,7.012738201798265e-14,-1.900606936606976e-10,-1.6158452353920438e-11,2.455045211052646e-12,-2.816454571010855e-15,6.993537693400498e-12,1.1478665240538533e-11,3.5989068867893693e-13,-1.6270079901403722e-15,-2.6041184712486813e-12,1.8437806620016928e-14,4.381217611365145e-15,6.409095477197013e-14,3.9968028886505635e-15,-7.06841992344683e-14,1.5590432648574885e-11,-1.5195856425028371e-12,4.828250392089709e-13,1.0978833582993748e-15,8.856204658513889e-14,-5.409361847341643e-14,8.331976459885482e-10,1.477332261153504e-13,-1.1089670503376206e-09,4.991888999938965e-08,-8.34362581372261e-08,5.485600559040904e-08,2.7030123419535812e-09,7.797664144012135e-11,1.3611003301183552e-06,7.4543551886741e-10,-7.433477230056105e-09,7.151167361977665e-07,3.894623882653529e-12,3.895834025750371e-12,8.635916056339473e-16,-5.932765390070926e-14,-2.8279600883251985e-13,2.708944180085382e-16,-2.3900603718374214e-14,2.3605507197370368e-14,1.588063014423824e-15,1.6017742687779446e-15,8.631104719825089e-13,1.0492585715837777e-09,7.496601028833538e-11,-1.7311947431153385e-12,1.7976990562829088e-11,5.183008651895212e-13,-1.7532228898638752e-11,4.302385270965603e-14,-9.463156214448004e-13,-5.091926880140818e-12,-2.2806409538667083e-16,-1.2498277875601834e-15
309.4325795144359,1.5509395249561447e-11,-1.4642864698544146e-12,4.3519558327413204e-13,8.912535061818734e-16,2.0656898414017632e-13,-1.5276757636684124e-13,8.51285335556895e-10,1.578284609486206e-13,-1.1331455122369032e-09,-2.97552086458595e-17,-6.818464311682722e-11,-9.894125449494418e-12,-9.62389890002413e-12,7.109020713372669e-14,-4.608813330975181e-12,4.776893166738968e-12,-4.60144075620228e-15,-1.3788470365483362e-12,1.4181485443329652e-12,-2.2134466417367788e-13,9.06219543850284e-14,-1.2421803224856844e-14,-1.977560791778909e-15,-1.0421968085588792e-13,6.039091778730783e-14,-1.5606426007237164e-10,-1.3356871164660333e-11,1.522643445437038e-11,1.1529405902210854e-14,9.895903541057294e-12,9.62094987011497e-12,-2.4930950161459823e-13,-2.3533909196404857e-15,-1.6411420026569494e-11,-8.92043600445036e-14,8.637257576691287e-15,1.0665135442523155e-13,-1.0362081563168127e-14,6.817531724342037e-11,1.5509395249561447e-11,-1.4837884994752434e-12,4.383355900472452e-13,8.908926836988703e-16,1.9952040020143612e-13,-1.5272938469479413e-13,8.512912472724566e-10,1.5782848407826696e-13,-1.1331970502700036e-09,6.136919061342875e-08,-8.780555799603463e-08,5.603547469945625e-08,2.918462087109219e-09,8.423742296296647e-11,1.381302348987489e-06,7.477020391721823e-10,-7.46613958288177e-09,7.308458407351281e-07,3.877269616481271e-12,3.879466377772663e-12,6.537848965907737e-15,-2.4111416567033454e-14,-3.1872104955255055e-13,1.841489923511593e-16,-3.7554959142482856e-14,2.8132947902693993e-14,-4.259215202750966e-14,1.3127462080338622e-15,1.0489505560447772e-12,1.086884973725925e-09,9.312861948274076e-11,-4.896008931609686e-12,1.779169167548389e-11,5.400173826627016e-13,-6.502292244688358e-11,-1.1122775877420166e-13,-1.523642748579565e-12,-4.63599529136142e-11,-9.072285746721439e-16,-1.2214318098613396e-15
323.1721758481955,1.5427594017107064e-11,-1.4753519887259852e-12,4.2359834158863425e-13,9.441035916009828e-16,3.055902197957039e-13,-2.333075954652486e-13,8.668135933476151e-10,1.6842351587461242e-13,-1.1538868420757353e-09,-6.388548363644535e-17,-1.436357699446944e-10,-7.790231133786296e-12,-3.351138810891996e-12,1.1525254956750482e-13,-7.173587121148525e-12,7.736430543811172e-12,-3.6001583658684664e-15,-1.709293817597768e-12,2.769869282257944e-12,-3.782040088083993e-13,1.8304802118507268e-13,-1.016038470094371e-14,-1.6246811569154148e-15,-8.849570599777755e-14,5.0564774362614815e-14,-1.1999673103591885e-10,-1.056150722433813e-11,2.966138316874345e-11,2.868949381448077e-14,7.794112577563794e-12,3.3463683213330597e-12,-6.902662965023256e-13,-1.7764435755740492e-15,-3.2038841863772876e-11,-1.8151441721209194e-13,7.009948178184233e-15,9.150485925451204e-14,-2.7977620220553945e-14,1.4360919860697172e-10,1.5427594017107064e-11,-1.4896433716179065e-12,4.2753830105842403e-13,9.437057616838255e-16,2.994511305587366e-13,-2.332969373242122e-13,8.668197324368521e-10,1.6842358526355147e-13,-1.1539395927684381e-09,7.416245838006337e-08,-9.199092164635659e-08,5.704544309992343e-08,3.145476512145251e-09,9.099291986558455e-11,1.3985367448100967e-06,7.49619533113588e-10,-7.501393613691027e-09,7.443459253408946e-07,3.8584431945783615e-12,3.8610159514007594e-12,8.663856669125872e-15,-1.567368457244811e-14,-4.853006885241484e-13,1.9465910365094412e-17,-2.0843271553161457e-14,9.770162435161766e-15,-8.477707424958681e-14,1.1170231406509856e-15,1.534014396990339e-12,1.118576619774103e-09,1.1434258340159431e-10,-7.431793846990331e-12,1.7530194185155777e-11,5.619351280590953e-13,-1.1176899199442635e-10,-2.1294869079896417e-13,-1.249378526108107e-12,-9.138763819767821e-11,-1.0165219360702693e-15,-5.854518259074126e-16
337.52184532845695,1.531579011763521e-11,-1.4286645940349747e-12,3.718382638832433e-13,1.1900052702499646e-15,4.74301486974582e-13,-3.6981528950263964e-13,8.856325166561873e-10,1.8124765577276492e-13,-1.1791392656353612e-09,-1.0274043782073673e-16,-2.587035770792075e-10,4.585264459788796e-12,1.8480616342797518e-11,2.5348151157432245e-13,-1.584236710071098e-11,1.690814155352882e-11,-2.793902262321346e-15,-2.3735680088066148e-12,4.685286396581266e-12,-6.149090442257556e-13,2.974009927214638e-13,4.3121193062640254e-15,1.697584300134664e-15,4.611989447490568e-14,4.530245021800839e-14,-8.93509587935304e-11,-8.314859911706663e-12,5.0144868877377053e-11,5.4533801700379823e-14,-4.577935253102794e-12,-1.8489116487829804e-11,-1.3304684734879605e-12,1.4978686693756238e-15,-5.419915162669208e-11,-2.9591644889678803e-13,-7.385481116301246e-15,-4.368699846761245e-14,-5.417888360170764e-14,2.586513225821818e-10,1.531579011763521e-11,-1.4432686157306308e-12,3.749563622553372e-13,1.1897520006224719e-15,4.714024726126808e-13,-3.6986236295888375e-13,8.856387694322621e-10,1.8124781768028933e-13,-1.1791812539740931e-09,8.756791551907857e-08,-9.788572788238525e-08,5.826391134178266e-08,3.378590918146074e-09,9.793206838063876e-11,1.4192910702001618e-06,7.52125306480167e-10,-7.551957371321438e-09,7.607059918276112e-07,3.831279737909199e-12,3.8331537943747666e-12,6.616842490592134e-15,-1.345664320713998e-14,-4.786784302268643e-13,-2.3359092438113295e-16,-2.4106272533686023e-14,7.86704588192494e-15,-1.5080026116720546e-13,6.37082978964069e-16,1.6149594254481296e-12,1.1610754881985485e-09,1.5694422472734005e-10,-1.163084561994765e-11,1.7287771214569147e-11,5.899103427964291e-13,-1.8301535997283662e-10,-2.9948970820675713e-13,5.183762794532711e-13,-1.52847216365141e-10,-6.590069924946226e-17,1.4299817117461682e-15
352.5086767600913,1.5228997322462117e-11,-1.3931943006658306e-12,3.2787994541649825e-13,1.385011318596104e-15,6.120899342931807e-13,-4.804112663236992e-13,8.996189535537269e-10,1.9342747311264692e-13,-1.197902747662738e-09,-1.1304819351411113e-16,-3.572960446026248e-10,9.622315964852302e-12,2.091590789454756e-11,3.64139522106883e-13,-2.3597750737585396e-11,2.4267016967322825e-11,-1.6677631498041023e-15,-2.8934854512385756e-12,6.170669595450579e-12,-7.98624328812983e-13,3.404221349256886e-13,1.7415890102253774e-14,4.667008323507174e-15,1.6275807797318651e-13,3.805103807377019e-14,-5.678805960764312e-11,-5.864908558805837e-12,6.603290266004113e-11,7.665531620917876e-14,-9.61938861898659e-12,-2.092406109488465e-11,-1.049611786374527e-12,4.082097073559998e-15,-7.139082606731209e-11,-3.3896415405423874e-13,-2.0529133950396682e-14,-1.6072809751408134e-13,-7.667940356744414e-14,3.5722165965997493e-10,1.5228997322462117e-11,-1.4063061826163902e-12,3.322403093382794e-13,1.3848956703643722e-15,6.120899342931807e-13,-4.805613684766285e-13,8.996266842586919e-10,1.934277969276958e-13,-1.1979486771451775e-09,1.0276647905508677e-07,-1.0248459875583649e-07,5.916962982155383e-08,3.6248356991563923e-09,1.0553385720868391e-10,1.4346861187436314e-06,7.537803714541269e-10,-7.595759533223407e-09,7.728681339358445e-07,3.80735517187721e-12,3.8090116246299504e-12,2.8236325314937953e-15,-2.3308466268190385e-14,-1.6976287042780313e-13,-2.879918525877656e-16,-3.0584423882373814e-14,2.310988780982598e-14,-2.170628121689333e-13,2.880103563048427e-16,8.394636097364128e-13,1.1958812441055974e-09,1.9114759197691456e-10,-1.501544488746731e-11,1.693489082299493e-11,6.132253038693136e-13,-2.391022780284931e-10,-2.443688697575941e-13,2.136559445203794e-12,-1.9815526997035704e-10,1.090557042819166e-15,2.6082333630846516e-15
368.1609617600467,1.5130655247238185e-11,-1.337715123857682e-12,2.6778756989642717e-13,1.5632564687173555e-15,7.885319064371288e-13,-6.234728289200575e-13,9.141358532360754e-10,2.0624321694917568e-13,-1.2174362685376158e-09,-1.2045436726058697e-16,-4.769412272527992e-10,1.3220219190201998e-11,1.8617746233573484e-11,4.935945005898493e-13,-3.285149929865838e-11,3.286958007363085e-11,-8.964617242979144e-16,-3.5953184873704913e-12,8.24455168218406e-12,-1.0518173057334026e-12,3.833044992518353e-13,3.187198287998813e-14,7.955381688404603e-15,2.849615324808147e-13,3.250117169264707e-14,-2.6454543003298986e-11,-3.655298286275865e-12,8.820336257241512e-11,1.0402468997595023e-13,-1.3212347882429754e-11,-1.8627634157386552e-11,-5.246448117216371e-13,6.7227798848656925e-15,-9.537771089714075e-11,-3.819075047525877e-13,-3.4799385598843155e-14,-2.854050329689295e-13,-1.0450899405138141e-13,4.768393827940068e-10,1.5130655247238185e-11,-1.3497754025593167e-12,2.704479603229023e-13,1.5632310261063746e-15,7.888161235314329e-13,-6.235989502556549e-13,9.141426744463388e-10,2.06243170689883e-13,-1.217479924283301e-09,1.190677285194397e-07,-1.077502965927124e-07,6.010608922224492e-08,3.880289114022162e-09,1.134178025570994e-10,1.4505932868328379e-06,7.554594450009944e-10,-7.646403404547282e-09,7.854854023510901e-07,3.779447865781549e-12,3.781163530428937e-12,-1.5628065970959189e-15,1.89344836106405e-14,-4.312520710906635e-13,-3.1478523491538604e-16,-1.657485260153635e-14,7.678172767727753e-15,-2.785429664697858e-13,7.243280049825292e-16,1.7383475399886568e-12,1.2348391464911402e-09,2.359938662266359e-10,-1.941097593771701e-11,1.6570975702734357e-11,6.364166601121232e-13,-3.1459641093739944e-10,-1.554653758159552e-13,3.913460042528897e-12,-2.6216332808341275e-10,2.3510100116697076e-15,3.732337066723416e-15
384.5082481652772,1.5051539274206033e-11,-1.2826906944004199e-12,2.1200700454452696e-13,1.4996788533228055e-15,9.31208887777757e-13,-7.405782653790993e-13,9.254100632460905e-10,2.1840240264451674e-13,-1.2326248300572236e-09,-1.2093421142520653e-16,-5.780347311912237e-10,6.489925784280981e-12,-1.3797123166181535e-12,5.730200540256446e-13,-3.91601433819793e-11,3.8174146383645235e-11,-9.089951014118469e-17,-4.169864453729133e-12,9.80681137072364e-12,-1.2459207599732817e-12,4.0120684552391594e-13,3.726715164864871e-14,9.086106230835539e-15,3.185477706584752e-13,2.6454164628192634e-14,8.907954236250633e-13,-1.6441958905488719e-12,1.0491712472964416e-10,1.2682460785410957e-13,-6.484569825548903e-12,1.372339741845252e-12,3.99804197684769e-13,7.260685108700926e-15,-1.1345937109726841e-10,-3.9980822472140964e-13,-4.030720202455934e-14,-3.182015762311486e-13,-1.2715754375373459e-13,5.779101641678608e-10,1.5051539274206033e-11,-1.3001700457001182e-12,2.1434291378833829e-13,1.4994602781648325e-15,9.368932296638377e-13,-7.406715241131679e-13,9.25418021324731e-10,2.1840212508876058e-13,-1.2326812187287336e-09,1.3707516094048818e-07,-1.1197291314601899e-07,6.083322659833356e-08,4.1464836613158695e-09,1.2190386181979799e-10,1.4629571270170557e-06,7.56554541236909e-10,-7.688423036769656e-09,7.95285056180243e-07,3.7560569469500634e-12,3.758895417149688e-12,-2.9591144349675838e-15,9.201306383488372e-15,-1.2869350030086933e-13,-1.929567616798522e-16,-2.009131749858284e-14,2.0453596281944097e-14,-3.5024472211375725e-13,5.544638822148803e-16,1.140809520923843e-12,1.2714275120136638e-09,2.7222358767176046e-10,-2.3005497951089636e-11,1.6131480151670986e-11,6.540587516035146e-13,-3.7351104121763604e-10,-4.279942285995153e-14,4.588245790707904e-12,-3.097383090751767e-10,2.9356725383955506e-15,3.628190051637355e-15
401.58139581211503,1.4986418032473616e-11,-1.2419150152709335e-12,1.7288392939462938e-13,1.56008539420327e-15,1.0481926437932999e-12,-8.373195470312567e-13,9.343581268694833e-10,2.306517477013159e-13,-1.2446683588981009e-09,-1.1916017150326134e-16,-6.612468350652989e-10,4.367925292292352e-12,-1.2739635735226074e-11,6.489340315107839e-13,-4.500963094297309e-11,4.324199728448061e-11,7.255480938272996e-16,-4.636641071087411e-12,1.1216254023751585e-11,-1.4167143717848031e-12,4.1369685455094896e-13,4.507452666230554e-14,1.0804678262517391e-14,3.7719594270364786e-13,2.1382596195443346e-14,2.4370303902338055e-11,8.588685318500211e-14,1.1998039835549733e-10,1.4579137864404595e-13,-4.368554129552393e-12,1.273243663280077e-11,1.1042506195150078e-12,8.414362956399302e-15,-1.297622216396856e-10,-4.1209250638621353e-13,-4.8568926663133617e-14,-3.7841202397590957e-13,-1.4654943925052066e-13,6.611031722059124e-10,1.4986418032473616e-11,-1.2522605175036006e-12,1.7410132594856502e-13,1.5598217162349216e-15,1.0530811778153293e-12,-8.373195470312567e-13,9.343655165139352e-10,2.306512388490963e-13,-1.244715652622593e-09,1.5672855079174042e-07,-1.1539692059159278e-07,6.141065387055278e-08,4.422607162268832e-09,1.3091882541023856e-10,1.4728066373716628e-06,7.574457727699269e-10,-7.723440732183191e-09,8.030660865188111e-07,3.73658659569287e-12,3.739943169970653e-12,-5.5887817522008254e-15,-1.7576680851523936e-14,-3.2354326625257575e-13,-1.389999226830696e-16,-2.8793967210560823e-14,1.0866527946559734e-14,-3.9080783054146193e-13,1.3084903531061323e-15,1.6774113949698707e-12,1.3037157865862051e-09,3.013255991390906e-10,-2.6005722020272515e-11,1.5663189856240934e-11,6.702056502364921e-13,-4.2446356507150274e-10,5.844825491652106e-14,5.547525122120619e-12,-3.525784109115193e-10,3.679631830714551e-15,3.922873310913122e-15
419.41263479239444,1.4726021883385937e-11,-8.130882633849979e-13,-1.6137846614583395e-13,3.2712605772348506e-16,1.7261072571272962e-12,-1.3871712667423708e-12,9.623329333408038e-10,2.4620321984839916e-13,-1.2828798692983886e-09,-1.4565416213003392e-16,-1.0617730398602514e-09,-4.1321199933941344e-11,-1.1334388289041541e-10,9.217168199317426e-13,-6.695604388389549e-11,6.154965426219405e-11,2.32314167902814e-15,-7.601530516154753e-12,1.8045150322319317e-11,-2.3085397450251214e-12,5.490052856771399e-13,4.051758359568544e-14,9.396765915014735e-15,2.6627950227226314e-13,1.9994475882368426e-14,6.821928224392497e-11,2.879918525877656e-12,1.930725605232346e-10,2.331447119420284e-13,4.132874598106184e-11,1.1333555621773073e-10,4.464300952720736e-12,5.2247485851641965e-15,-2.0880106429395912e-10,-5.47412186109944e-13,-4.406253140572947e-14,-2.686312283997029e-13,-2.341830433275997e-13,1.0615418914265244e-09,1.4726021883385937e-11,-8.266738404927309e-13,-1.5950500179921316e-13,3.2623209689219835e-16,1.7309389477304649e-12,-1.3871543913523965e-12,9.623406640457688e-10,2.462019477178501e-13,-1.2829435339275126e-09,1.7499923706054687e-07,-1.2969132512807846e-07,6.31927396170795e-08,4.724330210592598e-09,1.369314380402405e-10,1.5028879102448078e-06,7.597794615676889e-10,-7.858432305671652e-09,8.273126089382762e-07,3.659880546772835e-12,3.670711142452395e-12,6.905702861400205e-16,-8.994138767093318e-15,-1.0307227663967447e-12,4.86795788863977e-16,-4.033168243822161e-14,1.619040665423732e-14,-6.405032060285976e-13,4.792925315892186e-15,3.85443854611367e-12,1.3861669382701317e-09,4.700004865298979e-10,-4.2891201701422685e-11,1.5294315147684755e-11,6.931868042533059e-13,-6.911969704603063e-10,3.4260083919129825e-13,5.008983506250751e-12,-5.658087331994466e-10,3.721821751253203e-15,9.75158900388499e-16
438.0356262962902,1.4545398959360986e-11,-6.449833260073016e-13,-3.071889409511641e-13,-4.062190398871716e-16,2.0961579139111562e-12,-1.683555517217883e-12,9.798848168429685e-10,2.6168183360949135e-13,-1.3067049925060321e-09,-2.3475856946331836e-16,-1.3042516696278501e-09,-5.988245923432833e-11,-1.4005827747576305e-10,1.032148077324229e-12,-7.444350691443447e-11,6.900258142650273e-11,3.4110301389000953e-15,-9.158301894629516e-12,2.194333216424028e-11,-2.7973222898254375e-12,7.86176679312689e-13,2.9858046918971455e-14,6.6484045143529515e-15,1.4095931996833564e-13,1.683588340641396e-14,1.0218971017628634e-10,5.027178673344679e-12,2.3476892264854046e-10,2.8828683237633557e-13,5.988941981227569e-11,1.4005220594359713e-10,4.387720345785543e-12,2.6913258947824924e-15,-2.539096839758803e-10,-7.845873744530968e-13,-3.30468985542971e-14,-1.4658302351167387e-13,-2.888060161391574e-13,1.3039653801172335e-09,1.4545398959360986e-11,-6.584267945678827e-13,-3.0701722645668874e-13,-4.069429978178126e-16,2.1034338715253397e-12,-1.6835501881473647e-12,9.7989072855853e-10,2.6168000636742997e-13,-1.30673470266629e-09,1.966065416733424e-07,-1.3834750279784202e-07,6.430498615372926e-08,5.0433063734089955e-09,1.440199071112147e-10,1.5218524611047416e-06,7.615222341605943e-10,-7.937184066347711e-09,8.425304258707911e-07,3.6163731268838243e-12,3.6313167287952788e-12,1.2594971362152782e-14,-2.4572270144555357e-14,-4.240519047016278e-13,4.699944137579829e-16,-4.3597070398249116e-14,3.0248437977477284e-14,-8.151346264639869e-13,3.066343475429297e-15,2.8048816602677108e-12,1.4431910434116919e-09,5.698202585335821e-10,-5.1892328656322206e-11,1.4811522675017842e-11,7.101308430179642e-13,-8.387079144884325e-10,1.41905259244679e-13,3.678020449336724e-12,-6.9438173729471e-10,2.3668769490633086e-15,4.389139514800651e-17
457.48552615674055,1.4324893863696768e-11,-4.0866628599663573e-13,-5.033899223387076e-13,-1.0247474165521927e-15,2.574211066530552e-12,-2.0655681609582644e-12,9.997795586969005e-10,2.7963818760579074e-13,-1.3338073282890642e-09,-3.5231890748745314e-16,-1.604930928896427e-09,-6.65450767406428e-11,-1.4317557556209337e-10,1.2406432528136844e-12,-8.77482213874308e-11,8.297045590260106e-11,4.352898250181703e-15,-1.1180173453695375e-11,2.6906109769127565e-11,-3.4251247671424068e-12,1.1053657988924215e-12,2.8908854412056065e-14,6.240209562270073e-15,1.15132384431964e-13,1.576153426411183e-14,1.3994244327253924e-10,7.386180556068212e-12,2.878501539194628e-10,3.554404898664307e-13,6.655058448767903e-11,1.4316959076610125e-10,3.5272082873508535e-12,2.6144234346880956e-15,-3.1132680412987836e-10,-1.1035810665912388e-12,-3.229583267806307e-14,-1.1866840844497594e-13,-3.554193976166668e-13,1.6045775079002549e-09,1.4324893863696768e-11,-4.291393906896701e-13,-5.036563758646177e-13,-1.025741991345086e-15,2.5819986149144826e-12,-2.065548621033031e-12,9.997877441492165e-10,2.7963615219691225e-13,-1.3338591694870653e-09,2.1963814894358317e-07,-1.487424597144127e-07,6.556182052008807e-08,5.39283428224735e-09,1.49813767317634e-10,1.5432953850270066e-06,7.637461496567965e-10,-8.031814361068525e-09,8.597826308687218e-07,3.564388784127459e-12,3.582526127606419e-12,2.3167312975432472e-14,-3.955354562397891e-15,-2.814886101987213e-13,2.4854192777941837e-16,-3.5173641776964357e-14,3.314510070486637e-14,-1.0195941868573755e-12,1.96037630573187e-15,2.9373647218259672e-12,1.5103020511257151e-09,6.95195012667682e-10,-6.353437242978543e-11,1.4313116025732598e-11,7.322359385497635e-13,-1.0272630291627477e-09,-1.565430727754058e-13,3.5344338657271084e-12,-8.578044941032203e-10,1.6436981983836141e-15,7.075590113814201e-16
477.7990512153967,1.4245985132295876e-11,-3.815330273937434e-13,-5.418610745285453e-13,-1.0100959420740925e-15,2.710407898121048e-12,-2.1745361067360136e-12,1.0076535090774997e-09,2.953447671612726e-13,-1.344433258054778e-09,-3.9608792331524034e-16,-1.6970280736217092e-09,-6.05090630378946e-11,-1.2879272301424827e-10,1.3244551784673067e-12,-9.268970511757046e-11,8.853100792143616e-11,4.9281759229025114e-15,-1.1728840121350004e-11,2.8394333073408708e-11,-3.6059011074220784e-12,1.2212453270876722e-12,3.391617418025741e-14,7.426425147375649e-15,1.6403185831666936e-13,1.3512722131553942e-14,1.581922800550347e-10,8.648903815355879e-12,3.0375971441019155e-10,3.7681905935404297e-13,6.051929790640287e-11,1.2878743210764654e-10,2.8228907306931157e-12,4.005498190073897e-15,-3.285470087203172e-10,-1.2194924432253063e-12,-3.7302938519623244e-14,-1.6949053273681163e-13,-3.7629159047961974e-13,1.6966534103583324e-09,1.4245985132295876e-11,-4.034745870740153e-13,-5.444510028003909e-13,-1.0108985408023112e-15,2.717456482059788e-12,-2.1744588352134997e-12,1.0076616945298157e-09,2.9534254671522337e-13,-1.3444854024176797e-09,2.4639939268430077e-07,-1.5219254419207574e-07,6.605396629311145e-08,5.752897777711041e-09,1.571997169473131e-10,1.552042133055714e-06,7.647431299329099e-10,-8.064885293730862e-09,8.666349155343293e-07,3.54665482168078e-12,3.5648291725938938e-12,2.4776650638565674e-14,1.1728322017271846e-14,-2.8191493584017736e-13,5.617728504603292e-17,-4.0053682592855467e-14,2.9929554819750625e-14,-1.076957190093708e-12,1.6561751969845773e-15,3.0237667184943956e-12,1.549723189479361e-09,7.301914592972026e-10,-6.686968845315278e-11,1.375889269183972e-11,7.461577652042214e-13,-1.0815415746452705e-09,-2.8784104006557287e-13,4.1708800480052315e-12,-9.071878063574937e-10,1.788770231473761e-15,1.8265308247370864e-15
499.0145486353981,1.4140120185857086e-11,-2.986174270821114e-13,-6.238464559752781e-13,-8.89592797574205e-16,2.937440513051115e-12,-2.3534969528782314e-12,1.0172982456424506e-09,3.134668450736437e-13,-1.3575609045801684e-09,-4.445898769079689e-16,-1.8386450880332934e-09,-4.8036162721143416e-11,-1.0625623644844318e-10,1.4885513456773328e-12,-1.0303809393010154e-10,9.942792620977669e-11,5.770557642836849e-15,-1.266085014606233e-11,3.0715457632115946e-11,-3.896620590792582e-12,1.36127220606852e-12,4.8965730021573664e-14,1.095276133963702e-14,3.050926406348218e-13,1.3056059424828734e-14,1.790103240124894e-10,1.0019807206163022e-11,3.2858833548145187e-10,4.086307843747389e-13,4.8046636114129626e-11,1.0625172616740564e-10,2.1106876167488665e-12,7.437767849532984e-15,-3.5540859660972176e-10,-1.3593534392737638e-12,-5.194872310618673e-14,-3.138203586197834e-13,-4.087101027986743e-13,1.8382385983765441e-09,1.4140120185857086e-11,-3.201421350240707e-13,-6.259899265614877e-13,-8.899050477998807e-16,2.950230282294797e-12,-2.3533575088663383e-12,1.0173073405894684e-09,3.134643470718383e-13,-1.3576342704861115e-09,2.748928964138031e-07,-1.5706522390246392e-07,6.665647379122674e-08,6.151902198325842e-09,1.6288017453310508e-10,1.5626713236066958e-06,7.6601475162974e-10,-8.11212833876715e-09,8.750239430810325e-07,3.5210168114474527e-12,3.5386708378363588e-12,2.3222910862837527e-14,5.389940345897533e-14,-3.713580554176588e-13,-2.067975420535125e-16,-4.075501047751118e-14,2.785926188093174e-14,-1.1764558216498244e-12,4.923839114212569e-16,3.3238999700794616e-12,1.600092218723148e-09,7.888656909926794e-10,-7.229414222820196e-11,1.3188838465794106e-11,7.637599811853116e-13,-1.1687828999203153e-09,-3.946111016076004e-13,6.0071226731557e-12,-9.81857854280103e-10,2.7718640461619575e-15,3.952795845270825e-15
521.1720682918038,1.414286465717396e-11,-3.853225886511306e-13,-5.716772240778786e-13,-4.744885040430802e-16,2.8875319912913256e-12,-2.3116335512440856e-12,1.0180503977608168e-09,3.2904715988972083e-13,-1.3584346258236716e-09,-4.484921576959694e-16,-1.8109139373242063e-09,-3.336567133693791e-11,-7.859745840277377e-11,1.5069679135512207e-12,-1.0350510131524565e-10,1.0061404090829943e-10,5.706849923181601e-15,-1.2412265659733634e-11,3.0243524093356136e-11,-3.828883673296329e-12,1.367933544216271e-12,5.798613021261822e-14,1.318473438943917e-14,4.037910582475479e-13,1.1907195049261317e-14,1.815752139798286e-10,1.0291500984749292e-11,3.235287038272361e-10,4.025731074090826e-13,3.337295717553701e-11,7.85873102704393e-11,1.3655049313499035e-12,9.838251090535378e-15,-3.499501721995822e-10,-1.3660639730950913e-12,-6.158740185119004e-14,-4.0782877079507556e-13,-4.0204876465092337e-13,1.81051344287179e-09,1.414286465717396e-11,-3.9931554359403285e-13,-5.71936572176431e-13,-4.746134041333505e-16,2.9013449420745017e-12,-2.3115269698337213e-12,1.01805721897108e-09,3.2904517074013504e-13,-1.3585222404799424e-09,3.068471948305766e-07,-1.5651620924472808e-07,6.669471622444689e-08,6.558462700922973e-09,1.6996452245621186e-10,1.5639509615010506e-06,7.66330887636002e-10,-8.109132086631561e-09,8.757153106368302e-07,3.5233549411373134e-12,3.5391082657080613e-12,1.9731502311678047e-14,1.1793366283541217e-13,-1.2581911808714116e-12,-4.1929422896676747e-16,-3.3615943362264035e-14,1.3306820055569712e-14,-1.165471275044183e-12,8.32574749883482e-16,4.255828874496122e-12,1.6243866411969065e-09,7.739963621133939e-10,-7.104904398147482e-11,1.2604971288965316e-11,7.729981469732176e-13,-1.1481053833737734e-09,-4.4678778905737904e-13,7.140821407118012e-12,-9.67059617570006e-10,3.434649844628416e-15,5.46531570000397e-15
544.3134383763522,1.4115076515016275e-11,-3.9638810752270124e-13,-5.826533329885327e-13,-1.8905941627049097e-16,2.9601778805954382e-12,-2.3681625549443196e-12,1.0216833743470488e-09,3.4748666906854927e-13,-1.3633101237549757e-09,-4.275995253633106e-16,-1.85531071987081e-09,-2.752995314353468e-11,-7.86925212492573e-11,1.5935677876483773e-12,-1.1002100024677069e-10,1.063499288633807e-10,6.263652790883256e-15,-1.270013538778869e-11,3.094081031436726e-11,-3.914151383501552e-12,1.3319900737940316e-12,7.304085085427153e-14,1.671053576509759e-14,5.376793081402194e-13,1.1348074851825992e-14,1.898687337404968e-10,1.0873346667494842e-11,3.309942113675622e-10,4.126956932298577e-13,2.7549837411378064e-11,7.868289353396563e-11,2.055563061035112e-12,1.26002561249422e-14,-3.580251082682221e-10,-1.3302468122259464e-12,-7.673389702190955e-14,-5.40767430888498e-13,-4.109305488479246e-13,1.8549003814409086e-09,1.4115076515016275e-11,-4.053125242838481e-13,-5.818610778381602e-13,-1.8904900792963511e-16,2.98001623377786e-12,-2.3679733729409237e-12,1.0216913324256893e-09,3.4748504999330504e-13,-1.3633656029317838e-09,3.4058963259061177e-07,-1.580757088959217e-07,6.691730231977999e-08,7.023421858320944e-09,1.741516560590147e-10,1.568309133205709e-06,7.667066981298376e-10,-8.128759941530476e-09,8.789043022261467e-07,3.5123289462054192e-12,3.5272688473734583e-12,1.2641641206068144e-14,1.6370009052006179e-13,-1.1314682524243836e-12,-4.024188389924651e-16,-4.688910371086763e-14,1.8238940414395943e-14,-1.2038374741507596e-12,-4.468925229872411e-15,4.629631196924796e-12,1.6588965081609787e-09,7.925928002805449e-10,-7.271842150657904e-11,1.2026447393509442e-11,7.820806965005052e-13,-1.1738888930679866e-09,-2.873710384238004e-13,8.980193473419455e-12,-9.85409975839957e-10,4.917958401629008e-15,6.473643958856042e-15
568.4823443592555,1.4177465127810743e-11,-5.432715018590292e-13,-4.788572501486973e-13,2.606907745228426e-16,2.7946498448727653e-12,-2.234838092363134e-12,1.0182236565015045e-09,3.6318147563404087e-13,-1.358422499227648e-09,-3.72734377926492e-16,-1.7544570981205727e-09,-2.3862595927015562e-11,-7.987343425552851e-11,1.536668857636338e-12,-1.0682573873107718e-10,1.0255011125995648e-10,5.716390902299473e-15,-1.1975792579832501e-11,2.925166568916158e-11,-3.6937003036300345e-12,1.1905754160324022e-12,7.852104018232676e-14,1.801803247527782e-14,5.912296694479715e-13,1.003499694838212e-14,1.8209848783468315e-10,1.0477929635044348e-11,3.1292442797188396e-10,3.902060604609366e-13,2.3880376842644324e-11,7.986207181676086e-11,2.7270398241162144e-12,1.3490223478226927e-14,-3.384819556423059e-10,-1.1886691175626296e-12,-8.224171344762574e-14,-5.952197069154648e-13,-3.8783790993572137e-13,1.7540690381660322e-09,1.4177465127810743e-11,-5.672120551025728e-13,-4.785167817544788e-13,2.610157460540089e-16,2.8167050913907587e-12,-2.2346915429238836e-12,1.018233660943224e-09,3.631795790030405e-13,-1.3584437207706893e-09,3.7771960099538166e-07,-1.5511503443121911e-07,6.66923588141799e-08,7.49459104554262e-09,1.7963984078051e-10,1.5652583601348491e-06,7.662798173768692e-10,-8.105759300136686e-09,8.759564783152504e-07,3.5250321180531805e-12,3.5385353906273548e-12,6.011262089951804e-15,1.8166668169783406e-13,-2.3766896598923873e-12,-3.21446573063137e-16,-3.560490791088e-14,8.121622948817353e-15,-1.1627325768870378e-12,-7.375211552584916e-15,5.002220859751105e-12,1.6774502000771463e-09,7.479256964870728e-10,-6.867435331514571e-11,1.1440434377618658e-11,7.83307492942716e-13,-1.1075011708750175e-09,-1.0371694822430833e-13,9.649811731897915e-12,-9.280449001873118e-10,5.711535122169635e-15,6.4782872353600735e-15
593.7244114571097,1.4188377879994125e-11,-6.089067028369754e-13,-4.4387841550512047e-13,1.6417191680181039e-16,2.7735040930565448e-12,-2.2172486069393927e-12,1.0182577625528211e-09,3.7633266873153086e-13,-1.3583576219389215e-09,-3.4772678894999287e-16,-1.7368645040723625e-09,-3.4349476388251254e-11,-1.0307388623176372e-10,1.497895309771862e-12,-1.0508923096809652e-10,9.996392602573678e-11,5.682303585996529e-15,-1.1877893113521054e-11,2.8937858246598018e-11,-3.6536927391852395e-12,1.1275702593849246e-12,7.333976749389739e-14,1.6724670203889837e-14,5.323157393925559e-13,8.494387051391124e-15,1.821477452383995e-10,1.055928677828888e-11,3.095717158071417e-10,3.865219324438128e-13,3.4371984425352053e-11,1.0306243705682228e-10,3.6132158772897836e-12,1.1905933053682483e-14,-3.348630158691295e-10,-1.125671956906174e-12,-7.648354172983155e-14,-5.335071274182357e-13,-3.850253449400043e-13,1.736480070846369e-09,1.4188377879994125e-11,-6.408716520430365e-13,-4.404097827167182e-13,1.6467383012752634e-16,2.7841906558023764e-12,-2.217134920101671e-12,1.0182668574998389e-09,3.763310959155793e-13,-1.3583339750766753e-09,4.170462489128113e-07,-1.545911654829979e-07,6.669422145932913e-08,8.055978469201363e-09,1.8047974966369414e-10,1.5659523786209405e-06,7.660078127358361e-10,-8.104669753905562e-09,8.760157470533159e-07,3.5252911700922596e-12,3.5397477541702452e-12,6.167005563625002e-15,-2.132378718044947e-13,-1.6886379701948802e-12,-9.518312064453008e-17,-3.664324399466068e-14,1.9304431642629126e-14,-1.0952296847221987e-12,1.0006810195288078e-15,-3.1977833714336157e-12,1.710225963809838e-09,7.406106306007131e-10,-6.810194008721737e-11,1.0910902403793444e-11,7.81377555251576e-13,-1.0956305630191649e-09,1.3710278572165446e-14,9.011421384304748e-12,-9.164917713633258e-10,5.491904674082004e-15,5.258970342536529e-15
620.0872907625803,1.4271694936951462e-11,-8.149072527885437e-13,-3.0102143000476646e-13,3.3987858823654924e-16,2.5497683964204044e-12,-2.035770663155745e-12,1.012604116112925e-09,3.8986346558485725e-13,-1.350428647128865e-09,-3.0148210757561817e-16,-1.5971374593230319e-09,-4.332229019965439e-11,-1.1958038725889963e-10,1.34257188699749e-12,-9.521609691174961e-11,8.965653616347222e-11,5.475394443399395e-15,-1.0904654956789272e-11,2.6607229016938687e-11,-3.3531902222583546e-12,9.928169397710462e-13,6.096450859397155e-14,1.3878330401567643e-14,4.2102058768438524e-13,6.5361140383857426e-15,1.6871527628048058e-10,9.79518688382086e-12,2.846479027936973e-10,3.5542252825043985e-13,4.334605591127527e-11,1.1956945850100098e-10,4.1851492509665486e-12,9.180926418411728e-15,-3.079191940184823e-10,-9.909389660830298e-13,-6.409095477197013e-14,-4.227249106737171e-13,-3.526068326209497e-13,1.5967841863565961e-09,1.4271694936951462e-11,-8.550481804074176e-13,-2.9898927778049256e-13,3.409541167916548e-16,2.561648670962313e-12,-2.0356534236043444e-12,1.0126145753019955e-09,3.89860643768003e-13,-1.3503761996010629e-09,4.599541425704956e-07,-1.5031825751066207e-07,6.6341322963126e-08,8.626024282420986e-09,1.823926728169075e-10,1.5607653505528932e-06,7.651612676795594e-10,-8.067945636821223e-09,8.71159348510749e-07,3.5455608819271826e-12,3.5601062838471382e-12,6.730542049619241e-15,-1.8176075459545397e-13,-2.8978206501051317e-12,3.648933007601348e-17,-3.4432290352270914e-14,1.2165871608738055e-14,-1.0566725272553867e-12,-3.3195668436292183e-16,-2.7675923774950208e-12,1.7243194937085111e-09,6.798136382712982e-10,-6.261274165808572e-11,1.0338972344925423e-11,7.727529727219462e-13,-1.0054391427954299e-09,1.1200025282209758e-13,7.541761495579504e-12,-8.415428354169308e-10,4.726697910388081e-15,3.555377924939022e-15
647.6207491984753,1.4286770285328506e-11,-9.194991434924304e-13,-2.354703099172184e-13,3.1915211214557834e-16,2.4916744223446587e-12,-1.9870469714078353e-12,1.0112642030435382e-09,4.0462263169634603e-13,-1.348472627190252e-09,-3.0538622360167113e-16,-1.5581641902665904e-09,-4.822284065120197e-11,-1.2343390198843451e-10,1.2769547324304704e-12,-9.058091578393958e-11,8.530366889049545e-11,5.29706487006898e-15,-1.0641609815564835e-11,2.5949316984591594e-11,-3.26599817926699e-12,9.912903831121866e-13,5.172972334751595e-14,1.1636608409117433e-14,3.3555897267751403e-13,5.594269529583026e-15,1.6542588939227912e-10,9.627409980339507e-12,2.776067489580016e-10,3.4687846851265875e-13,4.823797611352987e-11,1.234191568388887e-10,3.972016168355249e-12,7.330952251499712e-15,-3.003114552900887e-10,-9.892896235281362e-13,-5.532851954923984e-14,-3.392314207657013e-13,-3.444651971070319e-13,1.5578193549951418e-09,1.4286770285328506e-11,-9.716340324909348e-13,-2.29253653098264e-13,3.197141625517948e-16,2.50304310611682e-12,-1.9869279554995954e-12,1.011275344353635e-09,4.046191622493941e-13,-1.3484435233597954e-09,5.05845993757248e-07,-1.4901533722877502e-07,6.627956463489682e-08,9.351977496407926e-09,1.761551970957953e-10,1.5603301679136146e-06,7.648556787920313e-10,-8.058163754849151e-09,8.700320298279015e-07,3.551187492215983e-12,3.566240636132534e-12,1.0457977076920126e-14,-2.470882017509742e-13,-2.662621530665395e-12,3.8413716652030413e-17,-3.653505276091096e-14,1.8387303615460816e-14,-1.0593321775331788e-12,3.6496731562844314e-15,-5.026170886897793e-12,1.7572771563815575e-09,6.620302883675322e-10,-6.115391215644194e-11,9.785459553768306e-12,7.684386460482528e-13,-9.794568257223885e-10,5.089678678515952e-14,6.38449415794891e-12,-8.223673593950783e-10,3.860618422169004e-15,2.7506339220217945e-15
676.3767634659991,1.4370359717001216e-11,-1.187345333164558e-12,-5.50664699024613e-14,7.851566619088147e-16,2.241677066194825e-12,-1.7878729607900822e-12,1.0047710929939057e-09,4.1895838650181837e-13,-1.3393576712890838e-09,-2.8224500113836786e-16,-1.4047431366274548e-09,-4.852652567971516e-11,-1.17773152341627e-10,1.1221418139933144e-12,-7.969712191778302e-11,7.498969699172775e-11,4.841873429972665e-15,-9.572981296557259e-12,2.3394714782980446e-11,-2.937794548973141e-12,9.073297668749092e-13,4.0462787814594635e-14,9.021049611205283e-15,2.435710059453202e-13,4.462265247423602e-15,1.4964924995139928e-10,8.702549791905768e-12,2.502739940355591e-10,3.127123126417386e-13,4.854311397295419e-11,1.1775892760912399e-10,3.557987238167471e-12,5.323427245892964e-15,-2.70753703694952e-10,-9.054558589450395e-13,-4.381217611365146e-14,-2.4472229800625315e-13,-3.114545658415106e-13,1.4044324962251646e-09,1.4370359717001216e-11,-1.238949683587028e-12,-4.640436183459921e-14,7.857464678906467e-16,2.2541826183442026e-12,-1.7877548330602622e-12,1.0047872365248622e-09,4.18952419053061e-13,-1.3393291737884283e-09,5.558704336484273e-07,-1.442236825823784e-07,6.590555130969733e-08,1.0089621355291457e-08,1.709060389506097e-10,1.554692358314601e-06,7.640460486513234e-10,-8.01620821358155e-09,8.644550083166299e-07,3.574890013643047e-12,3.589163040847628e-12,1.2290145752954137e-14,-4.0271112370741473e-13,-6.295740225444509e-12,-1.6016817501925593e-16,-3.841282847361072e-14,4.686092226063865e-15,-1.0800698113655472e-12,4.4993638444642174e-15,-1.4039263381467512e-11,1.774327150390794e-09,5.987340045976453e-10,-5.508024969458347e-11,9.211241547291138e-12,7.618030280672391e-13,-8.808530132688079e-10,9.852145141375779e-15,5.004567082426438e-12,-7.425204155235102e-10,2.9187560932989836e-15,1.8796610679975658e-15
706.409618164559,1.4385233744936462e-11,-1.330287583793203e-12,3.059537808288345e-14,1.0554543350416168e-15,2.175625013478566e-12,-1.7347367986531027e-12,1.0030323664977913e-09,4.372548619476409e-13,-1.3368504975611965e-09,-2.8729938790679217e-16,-1.3619734229308733e-09,-4.639023540309317e-11,-1.0923319540556697e-10,1.0789137440601695e-12,-7.627267864914903e-11,7.209486975666226e-11,4.3876360877881385e-15,-9.285644475554022e-12,2.2677249290279004e-11,-2.8435909957463168e-12,9.096889908022376e-13,3.674773776386382e-14,8.12034204946589e-15,2.1482195473422554e-13,4.220938805638965e-15,1.454100463794654e-10,8.469491774576454e-12,2.4259447809766646e-10,3.0334004441692303e-13,4.640818979106953e-11,1.0921532775376441e-10,3.063596003866869e-12,4.809108840320153e-15,-2.6245246286326926e-10,-9.079508791944718e-13,-4.043237967059835e-14,-2.2031265702864733e-13,-3.016846032248092e-13,1.3616722564317267e-09,1.4385233744936462e-11,-1.3895657957618823e-12,4.056666114138352e-14,1.0556833185404456e-15,2.1894379642617425e-12,-1.7348726899513166e-12,1.0030510111391778e-09,4.372500509812009e-13,-1.3367847107777683e-09,6.104086836179098e-07,-1.4248862862586976e-07,6.587893585674465e-08,1.1102547432528808e-08,1.5132807599608592e-10,1.554614628244159e-06,7.636802301647094e-10,-8.006258092853201e-09,8.629919345063778e-07,3.5808126834050806e-12,3.594717116565486e-12,1.3919305523006168e-14,-4.283028006331809e-13,-7.202421177983827e-12,-3.492021486787659e-16,-2.866873405338311e-14,7.815340171898887e-15,-1.0369896052964122e-12,1.7739513561802293e-15,-1.6950252756942064e-11,1.8146771859998504e-09,5.815791155328043e-10,-5.3448843573278284e-11,8.710074439477467e-12,7.548376738479116e-13,-8.527488792617268e-10,-6.318676051136896e-14,4.524182218546005e-12,-7.21201172855975e-10,2.4856794863155805e-15,1.851286774342172e-15
737.7760082683305,1.4495717219157693e-11,-1.685596847285827e-12,2.7617315841628927e-13,2.04578021190116e-15,1.8446826288709416e-12,-1.4674936821279516e-12,9.94268248177832e-10,4.527015799264215e-13,-1.3245510975442206e-09,-2.5253687340715994e-16,-1.158960631168308e-09,-3.5983694322838655e-11,-8.490213740386388e-11,9.192064272443648e-13,-6.465859593772296e-11,6.142102699462677e-11,4.040604656418978e-15,-7.852346550762945e-12,1.929377200640229e-11,-2.408929806276156e-12,7.932543510946743e-13,3.2292532095599155e-14,7.214080035293005e-15,1.9817895102560614e-13,3.7813730396744864e-15,1.2389200902536057e-10,7.170708471448961e-12,2.0639362312247978e-10,2.579195628049878e-13,3.5996379488256736e-11,8.488730551814427e-11,2.2850372387901127e-12,4.526294703627309e-15,-2.2330561172788462e-10,-7.913846444482231e-13,-3.630151735131121e-14,-2.0378920775149877e-13,-2.5564735513701936e-13,1.158704761768566e-09,1.4495717219157693e-11,-1.7358559034619248e-12,2.8689406406101626e-13,2.0456252432706395e-15,1.8494574760552496e-12,-1.4675949344677974e-12,9.942843917087884e-10,4.526963988856399e-13,-1.324506229138933e-09,6.695340077082316e-07,-1.3582315295934677e-07,6.542431947309524e-08,1.2035183317493648e-08,1.3809075956790668e-10,1.5474386092919727e-06,7.626568820917612e-10,-7.951844872251799e-09,8.554561645723879e-07,3.611750898357968e-12,3.6232276438378602e-12,1.1924506521099332e-14,-8.194879589732788e-13,-1.1852516005698513e-11,-7.300826609935029e-16,-2.3420987371736147e-14,-8.316794518695159e-16,-9.902936248806783e-13,1.654602381033025e-15,-3.325021680211648e-11,1.8276308158723017e-09,4.983530743629672e-10,-4.531398190010805e-11,8.205269352856703e-12,7.458759535931373e-13,-7.223684183121656e-10,-9.74957961585865e-14,3.9955491957204125e-12,-6.142757413840627e-10,2.1367355223141555e-15,1.9485657300662616e-15
770.5351461530549,1.4602150599785092e-11,-2.017259248532355e-12,5.084217491457821e-13,2.9042856083035437e-15,1.5198793335002847e-12,-1.2096483814616476e-12,9.858131306828e-10,4.681059243930956e-13,-1.3126997752503183e-09,-2.101588974370011e-16,-9.641770345088692e-10,-2.976349635502862e-11,-7.040271143843313e-11,7.579837055634745e-13,-5.334621633323878e-11,5.065226016398583e-11,3.3505750257623033e-15,-6.471273517050236e-12,1.6050750844710708e-11,-1.991494824346509e-12,6.6044392177389e-13,2.727405758110771e-14,6.037032734809427e-15,1.650601731198726e-13,3.1268492005100937e-15,1.0318014700615845e-10,5.908074030003263e-12,1.716880997835851e-10,2.146204944088644e-13,2.9769763043585584e-11,7.038926733149431e-11,1.899209955968928e-12,3.800692399691385e-15,-1.8576006366197099e-10,-6.585326088690696e-13,-3.1044056217673035e-14,-1.7362139505609877e-13,-2.1286676125479667e-13,9.63964537821956e-10,1.4602150599785092e-11,-2.0901135637056237e-12,5.193771338933099e-13,2.90440356949991e-15,1.520675141364336e-12,-1.2096315060716733e-12,9.858326848188881e-10,4.680985229062648e-13,-1.3126379296105975e-09,7.332464059193929e-07,-1.291586086153984e-07,6.504602788481861e-08,1.305781552218832e-08,1.2142085855278614e-10,1.5412863006552702e-06,7.614583963366783e-10,-7.901188983873904e-09,8.481935462138305e-07,3.640403534177494e-12,3.649923326539314e-12,9.832649740711592e-15,-8.754315050651939e-13,-1.2827968021156266e-11,-9.226693483318134e-16,-2.0069057526939104e-14,-9.379966421640962e-16,-8.185940814087189e-13,1.6880941089425505e-15,-3.8518919609487054e-11,1.8487044144421816e-09,4.1751263779588044e-10,-3.7491815874091116e-11,7.79301956299605e-12,7.307519404401812e-13,-5.972659059833922e-10,-8.173800178368218e-14,3.3393875341911464e-12,-5.109871044813493e-10,1.7891215129776465e-15,1.641382342543185e-15
804.7488733750887,1.468755191543399e-11,-2.5796301391286153e-12,9.438494430469291e-13,6.298718491226651e-15,1.2222471923450939e-12,-9.697780356532349e-13,9.783880159375258e-10,4.852425868525263e-13,-1.3019234756939113e-09,-1.8163195715073925e-16,-7.940648139026507e-10,-2.0126847237456058e-11,-4.8375019268132036e-11,6.201797508082712e-13,-4.32769693097563e-11,4.141361856621221e-11,2.7234724891966876e-15,-5.185873952484598e-12,1.3218213668322941e-11,-1.6183900957093532e-12,5.645484080218921e-13,2.4432897859596944e-14,5.456848403455063e-15,1.59727654296129e-13,2.875932350998988e-15,8.501471125150478e-11,4.716937951343425e-12,1.413717334412005e-10,1.7694022697399328e-13,2.0113771759255883e-11,4.836851405509712e-11,1.2084083733654438e-12,3.7418744318340466e-15,-1.5298989465465143e-10,-5.625877639182236e-13,-2.8290148004814942e-14,-1.6398271631109545e-13,-1.7423099999784122e-13,7.938897687391014e-10,1.468755191543399e-11,-2.6586140696357083e-12,9.522415448752024e-13,6.300247360850145e-15,1.2281020644877572e-12,-9.69632374392404e-13,9.784080248209647e-10,4.852355554400371e-13,-1.3019107427680864e-09,8.016861975193023e-07,-1.2275949120521547e-07,6.484088953584433e-08,1.4215092960512265e-08,9.936371725416394e-11,1.5375420378743087e-06,7.60214668993342e-10,-7.858937021940482e-09,8.418237484875135e-07,3.664582711356464e-12,3.671966434618904e-12,7.890967971639165e-15,-4.3920593088368304e-12,-6.617833984516134e-11,-4.372058270973867e-15,-2.7584434736382944e-14,-6.559490776068822e-14,-1.4205632226094167e-12,3.776608655433241e-16,-1.9651846135578428e-10,1.860489040457954e-09,3.5004813980776817e-10,-3.0353220381584835e-11,7.002533664035582e-12,7.414483841709322e-13,-4.850161616001631e-10,-1.138162914610108e-13,2.9833392790403925e-12,-4.2147174639239893e-10,1.5509916846216202e-15,1.830032074952766e-15
840.4817774137397,1.464289430449147e-11,-2.674520753013591e-12,9.78701564235962e-13,5.830343152712913e-15,1.267267180082854e-12,-1.0066623090665417e-12,9.793075150810182e-10,5.078424717789669e-13,-1.3030609504009286e-09,-1.7591568472011468e-16,-8.197254726856803e-10,-2.2125725730737233e-11,-5.5549488620076914e-11,6.413966580076647e-13,-4.512438042273256e-11,4.284715439593713e-11,2.7296741256233047e-15,-5.378258949306769e-12,1.3645149286964041e-11,-1.669647140183826e-12,5.566380689714379e-13,2.6594657129668965e-14,5.9753989414380495e-15,1.7518000344183834e-13,2.874339361545916e-15,8.784263074758342e-11,4.914113560516853e-12,1.4593376571769328e-10,1.8236472535340895e-13,2.2115122233490325e-11,5.554532528373457e-11,1.6039401949465214e-12,3.988703898422097e-15,-1.5791915578828657e-10,-5.54760230808693e-13,-3.041816798747801e-14,-1.7912921148181495e-13,-1.7911598130619191e-13,8.195453945110861e-10,1.464289430449147e-11,-2.7668060435341127e-12,9.86859779080381e-13,5.832589041373145e-15,1.2674377103394363e-12,-1.0066454336765674e-12,9.793288882065099e-10,5.078361805151606e-13,-1.3030385161982848e-09,8.808796604474385e-07,-1.2033525854349137e-07,6.566534284502268e-08,1.6543159290449694e-08,1.8837340576283167e-11,1.549001142340658e-06,7.585143624311286e-10,-7.88237828864833e-09,8.42695044411812e-07,3.651761855868093e-12,3.659426835630105e-12,6.7038735673818905e-15,-2.1366849770979948e-12,-3.472513299129787e-11,-3.666400516522117e-15,-1.2351675238164717e-14,-2.6561660640064822e-14,-8.403171491977446e-13,-1.184793004445813e-15,-9.873898913307736e-11,1.911983417812735e-09,3.643872332759202e-10,-3.1365118502435504e-11,6.863267287826602e-12,7.15165149323127e-13,-5.007617060033586e-10,-5.596922664913295e-14,3.263737206167762e-12,-4.338849279861279e-10,1.8313345631626456e-15,1.7700323267274183e-15
877.801313597248,1.4694242859529064e-11,-2.9672264645341785e-12,1.1735258690729704e-12,5.92593335513314e-15,1.0110170478583314e-12,-8.007781104879541e-13,9.724385563458782e-10,5.263837514017192e-13,-1.2934190939025332e-09,-1.4337550232976196e-16,-6.662091619110319e-10,-1.7606467499209355e-11,-4.455793373159267e-11,5.091041675532791e-13,-3.582511271764994e-11,3.400724146729317e-11,2.1113753106982713e-15,-4.274025577899465e-12,1.1089683757855547e-11,-1.3407233979354143e-12,4.536648834374546e-13,2.1807987411370357e-14,4.925668553405275e-15,1.4534713874462863e-13,2.354109881441526e-15,7.144495371029257e-11,3.89999144090325e-12,1.1859489488643786e-10,1.4840956877778164e-13,1.7601024804303478e-11,4.455272956116474e-11,1.2931818314600362e-12,3.311500379465926e-15,-1.2835636946082886e-10,-4.5187296829687917e-13,-2.5411062145917846e-14,-1.50463530538883e-13,-1.4802973661668753e-13,6.660630565609912e-10,1.4694242859529064e-11,-3.063377107537235e-12,1.1802339846174922e-12,5.928676531189817e-15,1.006924321700353e-12,-8.008669283299241e-13,9.724622032081243e-10,5.263771825821569e-13,-1.293398478689293e-09,9.60687796274821e-07,-1.118658110499382e-07,6.615396705456078e-08,1.857724419096485e-08,-4.3517142482111615e-11,1.5545279089818968e-06,7.557751646736222e-10,-7.85763918010635e-09,8.368427491708038e-07,3.666299856301217e-12,3.6724800978049645e-12,5.304246625259523e-15,-3.4376138972428784e-13,-8.459882868313192e-12,-2.592222732763124e-15,-1.3199330517466023e-14,-4.9147907965618746e-15,-4.709197476415738e-13,-1.569115208136888e-16,-2.247755522451674e-11,1.945920909444491e-09,3.022205419256352e-10,-2.508804186618363e-11,6.618719794460048e-12,6.925919097492776e-13,-4.021909420491157e-10,-4.798353554769097e-14,2.6832102254561254e-12,-3.5267166964558783e-10,1.5074342237427393e-15,1.4827303158419328e-15
916.7779324426061,1.477919416477865e-11,-3.353761712787673e-12,1.4431478234655514e-12,7.039450041398017e-15,6.797336027375423e-13,-5.282112525151205e-13,9.63450929702958e-10,5.440471221677494e-13,-1.2807746922286848e-09,-9.822497576500299e-17,-4.631862301115082e-10,-1.2423807642381046e-11,-3.1858023163966465e-11,3.386477606274038e-13,-2.395555975809316e-11,2.2636813058950016e-11,1.1919718684305636e-15,-2.8184565792344076e-12,7.710684481091235e-12,-9.088922282754809e-13,3.1280533718813786e-13,1.5338112319319248e-14,3.4855908073537773e-15,1.0201073548096136e-13,1.6273208588628316e-15,4.971342588086823e-11,2.55360177447983e-12,8.244837306421501e-11,1.0338117081148956e-13,1.2399976878629815e-11,3.1849783227455575e-11,9.566999970012091e-13,2.3285247428145304e-15,-8.926786958208733e-11,-3.1092126486290117e-13,-1.9152179843967637e-14,-1.0802830853166059e-13,-1.0258460747536446e-13,4.630847557270575e-10,1.477919416477865e-11,-3.444228013904649e-12,1.4512468264153237e-12,7.0420729432936946e-15,6.752998160663993e-13,-5.281961534819857e-13,9.63471393333748e-10,5.440393506065769e-13,-1.2807461947280293e-09,1.0372561713059743e-06,-1.0215211659669876e-07,6.641863728873432e-08,1.9960902136517688e-08,-7.178509046449713e-11,1.5566266208838368e-06,7.530248646858695e-10,-7.817245855861315e-09,8.291502429832084e-07,3.689534603760573e-12,3.693830426717189e-12,3.417532460729215e-15,-2.1598293524031456e-13,-6.047268167700773e-12,-2.218743707279221e-15,3.2565616869817404e-15,-4.64430523119258e-15,-3.1160185542944417e-13,1.7023419710919068e-16,-1.5084272793804607e-11,1.9762592273764313e-09,2.186334313591942e-10,-1.688025008661498e-11,6.2804517142467374e-12,6.744823218459336e-13,-2.7265218506706103e-10,-2.5788290773653966e-14,1.8914107608407205e-12,-2.4511119060359004e-10,1.0827262119280276e-15,1.0195186708750192e-15
957.4852126495767,1.482285109470164e-11,-4.019663416935752e-12,1.968122849878758e-12,1.1652583990310697e-14,3.951754479203373e-13,-2.9684610325375615e-13,9.564946594764478e-10,5.63542360924411e-13,-1.2705004337476567e-09,-6.657587203516182e-17,-3.087757457128267e-10,-8.910515554572118e-12,-2.229804882403208e-11,1.9134991210581884e-13,-1.3683934937550444e-11,1.2802854015043457e-11,8.378714388967978e-16,-1.5812795517433642e-12,5.142188354709706e-12,-5.63728650323477e-13,2.1135870831301418e-13,9.498067819850621e-15,2.172478522842573e-15,6.261498319162352e-14,1.0327385005333394e-15,3.320271342920415e-11,1.4080292487506085e-12,5.495760500431427e-11,6.855248609801783e-14,8.884733226910413e-12,2.2291803819518563e-11,6.564391887207778e-13,1.4122329607818561e-15,-5.955688139041222e-11,-2.0956963920314153e-13,-1.3394008126173445e-14,-7.761014054418258e-14,-6.824170858029295e-14,3.087092063462175e-10,1.482285109470164e-11,-4.114231918113849e-12,1.9820222500281186e-12,1.1655486760927167e-14,3.856825969705824e-13,-2.9681412883064694e-13,9.565160326019394e-10,5.635356070676778e-13,-1.2704998274178554e-09,1.1080404122670492e-06,-9.278859943151474e-08,6.712164031341672e-08,2.1258980268612503e-08,-9.408002673202039e-11,1.5648147170797403e-06,7.498041076914319e-10,-7.795943624768981e-09,8.232288261448654e-07,3.7022444369464816e-12,3.705182827218323e-12,2.476063335847082e-15,-3.028036192157894e-12,-6.070447966521897e-11,-7.231178618856878e-15,1.0247913628802507e-15,-6.373522000967246e-14,-3.796216674345487e-13,-2.449707103835408e-15,-1.4775469026062637e-10,1.994412741623819e-09,1.5616660675732418e-10,-1.0157179985981202e-11,5.864137619937537e-12,6.630699693014701e-13,-1.6910194175167372e-10,-2.3094048375027487e-14,1.1719952700473701e-12,-1.6365901226815063e-10,6.596965450763234e-16,6.152081159320014e-16
1000.0,1.483173880008811e-11,-3.662838328940173e-12,1.6604542925809558e-12,7.504177834682934e-15,2.42494024860207e-13,-1.7532464369196532e-13,9.511977623333224e-10,5.85003157027586e-13,-1.263676798165155e-09,-4.219607564473598e-17,-1.9421686481280176e-10,-5.8351327242300854e-12,-1.4414337778934083e-11,1.1121312204487312e-13,-8.020052875780591e-12,7.448962082077873e-12,4.209740195326717e-16,-9.393819055958375e-13,3.2338795723972476e-12,-3.452200573209891e-13,1.341982081015658e-13,5.802760142005839e-15,1.306045065115081e-15,3.629296028566401e-14,6.229581992345742e-16,2.0934772112386077e-11,8.282263763703668e-13,3.4565018805821856e-11,4.328188379168948e-14,5.8049051676611896e-12,1.4403842701904424e-11,4.187870288647438e-13,8.333069477506338e-16,-3.748061292854313e-11,-1.3244776369408795e-13,-1.051492226727635e-14,-5.6580296009629885e-14,-4.2336504672372634e-14,1.9417549050141739e-10,1.483173880008811e-11,-3.737151625197536e-12,1.6756208272757552e-12,7.506893255163997e-15,2.299316292919684e-13,-1.752971101609546e-13,9.512164069747086e-10,5.849974208752921e-13,-1.2636695222075407e-09,1.1697113513946534e-06,-8.366629481315613e-08,6.8219582317397e-08,2.240379762952216e-08,-1.0758109662371377e-10,1.5784455045345673e-06,7.461231632532872e-10,-7.791264985070628e-09,8.187550217068443e-07,3.705770505272691e-12,3.707650482927723e-12,1.6380242070142733e-15,-8.83439987831025e-14,1.2249756764504126e-13,3.2468842429504246e-15,-7.495892795361669e-15,4.233233013260784e-15,-1.2005152427718712e-13,4.777659749303591e-16,4.019966581836343e-13,2.0962349177959064e-09,1.0384064808022231e-10,-6.2914295995142315e-12,5.619732235118136e-12,6.432214020672214e-13,-1.0355695629181525e-10,-1.627766931661112e-14,7.039756105147271e-13,-1.0303935482625093e-10,3.9134060575429786e-16,3.608933175451116e-16
