condition,sample_index,time_s,species,actual_lag_uM,predicted_lag_uM,h0_uM,q_full_uM,scale_uM
R3_GLYRS_HIGH,0,0.0,MetRS_AMP,-2.2290257944647068e-06,-1.376067345242369e-06,2.2290257944647068e-06,0.0,4.1789592717096665e-06
R3_GLYRS_HIGH,0,0.0,MetRS_AMP_MettRNAfMetCAU,-0.0013228639729760871,-0.0006494847207656617,0.0013228639729760871,0.0,0.0024810126999107018
R3_GLYRS_HIGH,0,0.0,MetRS_ATP,-0.04565134885537772,-0.010762427309126205,0.04565134885537772,0.0,0.34328914655111564
R3_GLYRS_HIGH,0,0.0,MetRS_ATP_tRNAfMetCAU,-0.022506096314738735,0.005929225509849294,0.022506096314738735,0.0,0.023123649604484205
R3_GLYRS_HIGH,0,0.0,MetRS_Met,-0.009703256483177857,0.0002652843159239415,0.009703256483177857,0.0,0.01588100179364712
R3_GLYRS_HIGH,0,0.0,MetRS_MetAMP_PPi,-0.008416742469402733,0.0017156133117380615,0.008416742469402733,0.0,0.010584951240033133
R3_GLYRS_HIGH,0,0.0,MetRS_MetAMP_PPi_tRNAfMetCAU,-0.01583341050355762,0.006446751417451372,0.01583341050355762,0.0,0.016716388946591373
R3_GLYRS_HIGH,0,0.0,MetRS_MetAMP_tRNAfMetCAU,-0.09672211669858044,-0.03528515537163515,0.09672211669858044,0.0,0.18139623472764435
R3_GLYRS_HIGH,0,0.0,MetRS_Met_ATP,-0.14502436479684797,0.004977987559347804,0.14502436479684797,0.0,0.23721658513976285
R3_GLYRS_HIGH,0,0.0,MetRS_Met_ATP_tRNAfMetCAU,-0.08405601227779942,0.02663192316293341,0.08405601227779942,0.0,0.09002882283952873
R3_GLYRS_HIGH,0,0.0,MetRS_Met_tRNAfMetCAU,-0.005632273337145193,0.0017600845339080184,0.005632273337145193,0.0,0.006048956951277485
R3_GLYRS_HIGH,0,0.0,MetRS_tRNAfMetCAU,-0.0015031304669005055,0.00038625820937462696,0.0015031304669005055,0.0,0.0015462384879236899
R3_GLYRS_HIGH,1,0.0001,MetRS_AMP,-2.2289007176818843e-06,-1.4456529217240916e-06,2.2289007189059024e-06,1.2240181129941725e-15,4.1789592717096665e-06
R3_GLYRS_HIGH,1,0.0001,MetRS_AMP_MettRNAfMetCAU,-0.0013227896976548594,-0.0006838240959243142,0.0013227897441578057,4.650294630304122e-11,0.0024810126999107018
R3_GLYRS_HIGH,1,0.0001,MetRS_ATP,0.29764849317916486,-0.010954933241322887,0.04564065337195077,0.34328914655111564,0.34328914655111564
R3_GLYRS_HIGH,1,0.0001,MetRS_ATP_tRNAfMetCAU,-0.016412937582348335,0.006283224538950095,0.02250338946663973,0.006090451884291394,0.023123649604484205
R3_GLYRS_HIGH,1,0.0001,MetRS_Met,-0.004998725782899597,0.0003102930329908694,0.009727451480406124,0.004728725697506528,0.01588100179364712
R3_GLYRS_HIGH,1,0.0001,MetRS_MetAMP_PPi,-0.008269210968959988,0.0016812307884392238,0.008415390316100141,0.00014617934714015343,0.010584951240033133
R3_GLYRS_HIGH,1,0.0001,MetRS_MetAMP_PPi_tRNAfMetCAU,-0.015824941332932618,0.006627597508145413,0.015831773043403247,6.831710470628192e-06,0.016716388946591373
R3_GLYRS_HIGH,1,0.0001,MetRS_MetAMP_tRNAfMetCAU,-0.09671650783674739,-0.03728804107493487,0.09671668940705924,1.8157031185907696e-07,0.18139623472764435
R3_GLYRS_HIGH,1,0.0001,MetRS_Met_ATP,-0.09067807416725918,0.005025333193215013,0.1449987997522249,0.05432072558496572,0.23721658513976285
R3_GLYRS_HIGH,1,0.0001,MetRS_Met_ATP_tRNAfMetCAU,-0.0830881499691475,0.028119436281072687,0.08404771960892457,0.0009595696397770734,0.09002882283952873
R3_GLYRS_HIGH,1,0.0001,MetRS_Met_tRNAfMetCAU,-0.005563024216460806,0.0018888988488463085,0.005646779176465667,8.375496000486122e-05,0.006048956951277485
R3_GLYRS_HIGH,1,0.0001,MetRS_tRNAfMetCAU,-0.0009775411587548265,0.00041732732225623867,0.0015069567416835091,0.0005294155829286826,0.0015462384879236899
R3_GLYRS_HIGH,2,0.00010843659686896097,MetRS_AMP,-2.228917871755365e-06,-1.4457272986572742e-06,2.228917873791603e-06,2.036237970040791e-15,4.1789592717096665e-06
R3_GLYRS_HIGH,2,0.00010843659686896097,MetRS_AMP_MettRNAfMetCAU,-0.001322799854060175,-0.0006838609858910268,0.001322799925098874,7.103869909482222e-11,0.0024810126999107018
R3_GLYRS_HIGH,2,0.00010843659686896097,MetRS_ATP,0.2948212093761161,-0.010955100298515524,0.04564035213508807,0.34046156151120416,0.34328914655111564
R3_GLYRS_HIGH,2,0.00010843659686896097,MetRS_ATP_tRNAfMetCAU,-0.015953329390874994,0.006283613842914997,0.02250324631266602,0.006549916921791026,0.023123649604484205
R3_GLYRS_HIGH,2,0.00010843659686896097,MetRS_Met,-0.004961494094511501,0.0003103455383502641,0.009727440888414918,0.004765946793903417,0.01588100179364712
R3_GLYRS_HIGH,2,0.00010843659686896097,MetRS_MetAMP_PPi,-0.008242327466198365,0.0016811762915322995,0.00841533601276916,0.00017300854657079423,0.010584951240033133
R3_GLYRS_HIGH,2,0.00010843659686896097,MetRS_MetAMP_PPi_tRNAfMetCAU,-0.01582292250868208,0.006627773103469995,0.015831672842575483,8.7503338934052e-06,0.016716388946591373
R3_GLYRS_HIGH,2,0.00010843659686896097,MetRS_MetAMP_tRNAfMetCAU,-0.09671717929435582,-0.03729020906565392,0.09671743379362523,2.54499269403233e-07,0.18139623472764435
R3_GLYRS_HIGH,2,0.00010843659686896097,MetRS_Met_ATP,-0.08632477192648635,0.005025337938571131,0.1449978593831304,0.058673087456644034,0.23721658513976285
R3_GLYRS_HIGH,2,0.00010843659686896097,MetRS_Met_ATP_tRNAfMetCAU,-0.08292373475120127,0.028121062064672023,0.08404718847136096,0.0011234537201596955,0.09002882283952873
R3_GLYRS_HIGH,2,0.00010843659686896097,MetRS_Met_tRNAfMetCAU,-0.005555272115947369,0.001889047900614984,0.005646774011967993,9.150189602062393e-05,0.006048956951277485
R3_GLYRS_HIGH,2,0.00010843659686896097,MetRS_tRNAfMetCAU,-0.0009756793075612612,0.00041736341755105994,0.0015069552750010572,0.000531275967439796,0.0015462384879236899
R3_GLYRS_HIGH,3,0.0001175849554052157,MetRS_AMP,-2.2289400291393985e-06,-1.4457742897292443e-06,2.2289400325169954e-06,3.377596957418903e-15,4.1789592717096665e-06
R3_GLYRS_HIGH,3,0.0001175849554052157,MetRS_AMP_MettRNAfMetCAU,-0.0013228129674690708,-0.0006838844110679517,0.001322813075677742,1.0820867129333056e-10,0.0024810126999107018
R3_GLYRS_HIGH,3,0.0001175849554052157,MetRS_ATP,0.2912131009996451,-0.010955181922008762,0.04563997607435173,0.3368530770739968,0.34328914655111564
R3_GLYRS_HIGH,3,0.0001175849554052157,MetRS_ATP_tRNAfMetCAU,-0.015475806881212306,0.006283867190917881,0.022503065197497178,0.007027258316284871,0.023123649604484205
R3_GLYRS_HIGH,3,0.0001175849554052157,MetRS_Met,-0.004868924450253953,0.00031038128903815,0.009727402805832746,0.004858478355578792,0.01588100179364712
R3_GLYRS_HIGH,3,0.0001175849554052157,MetRS_MetAMP_PPi,-0.008211065689526138,0.001681130388680373,0.008415267638577667,0.00020420194905153006,0.010584951240033133
R3_GLYRS_HIGH,3,0.0001175849554052157,MetRS_MetAMP_PPi_tRNAfMetCAU,-0.015820368145451378,0.006627872804531098,0.015831545810579415,1.1177665128038694e-05,0.016716388946591373
R3_GLYRS_HIGH,3,0.0001175849554052157,MetRS_MetAMP_tRNAfMetCAU,-0.09671803957235062,-0.0372915960687636,0.09671839530731817,3.5573496755661117e-07,0.18139623472764435
R3_GLYRS_HIGH,3,0.0001175849554052157,MetRS_Met_ATP,-0.08175185858289448,0.005025311433830222,0.1449966775242762,0.06324481894138172,0.23721658513976285
R3_GLYRS_HIGH,3,0.0001175849554052157,MetRS_Met_ATP_tRNAfMetCAU,-0.08273391851603391,0.02812211375590435,0.08404651471743581,0.0013125962014018965,0.09002882283952873
R3_GLYRS_HIGH,3,0.0001175849554052157,MetRS_Met_tRNAfMetCAU,-0.005545647005700551,0.0018891477516391442,0.005646752701726787,0.00010110569602623558,0.006048956951277485
R3_GLYRS_HIGH,3,0.0001175849554052157,MetRS_tRNAfMetCAU,-0.0009678805860899692,0.0004173877214037027,0.0015069495199023857,0.0005390689338124166,0.0015462384879236899
R3_GLYRS_HIGH,4,0.00012750512407130128,MetRS_AMP,-2.2289684745766257e-06,-1.4457992504342793e-06,2.228968480162797e-06,5.586171177946445e-15,4.1789592717096665e-06
R3_GLYRS_HIGH,4,0.00012750512407130128,MetRS_AMP_MettRNAfMetCAU,-0.0013228297941983473,-0.0006838970277446728,0.001322829958553589,1.6435524162416268e-10,0.0024810126999107018
R3_GLYRS_HIGH,4,0.00012750512407130128,MetRS_ATP,0.2868952649467365,-0.010955190229798692,0.04563950323781585,0.33253476818455235,0.34328914655111564
R3_GLYRS_HIGH,4,0.00012750512407130128,MetRS_ATP_tRNAfMetCAU,-0.014980384233255166,0.006284012673148908,0.02250283557600132,0.007522451342746152,0.023123649604484205
R3_GLYRS_HIGH,4,0.00012750512407130128,MetRS_Met,-0.004721179068678127,0.0003104040448503256,0.00972733529068496,0.005006156222006833,0.01588100179364712
R3_GLYRS_HIGH,4,0.00012750512407130128,MetRS_MetAMP_PPi,-0.00817480369263242,0.0016810891261022367,0.008415181208880912,0.00024037751624849223,0.010584951240033133
R3_GLYRS_HIGH,4,0.00012750512407130128,MetRS_MetAMP_PPi_tRNAfMetCAU,-0.015817143314022074,0.0066279092507470225,0.01583138455408946,1.4241240067382853e-05,0.016716388946591373
R3_GLYRS_HIGH,4,0.00012750512407130128,MetRS_MetAMP_tRNAfMetCAU,-0.09671913382174063,-0.037292358196611274,0.09671962971049283,4.958887521954748e-07,0.18139623472764435
R3_GLYRS_HIGH,4,0.00012750512407130128,MetRS_Met_ATP,-0.07695056045879807,0.005025253953874994,0.14499518527606364,0.06804462481726557,0.23721658513976285
R3_GLYRS_HIGH,4,0.00012750512407130128,MetRS_Met_ATP_tRNAfMetCAU,-0.08251501810130335,0.028122708650081447,0.08404565913869345,0.0015306410373901,0.09002882283952873
R3_GLYRS_HIGH,4,0.00012750512407130128,MetRS_Met_tRNAfMetCAU,-0.005533798162001588,0.001889208944815207,0.005646714169809079,0.00011291600780749078,0.006048956951277485
R3_GLYRS_HIGH,4,0.00012750512407130128,MetRS_tRNAfMetCAU,-0.0009542722417824444,0.0004174027923165947,0.0015069391848033103,0.000552666943020866,0.0015462384879236899
R3_GLYRS_HIGH,5,0.00013826221737646565,MetRS_AMP,-2.2290048213085726e-06,-1.4458061178142662e-06,2.229004830520295e-06,9.211722595043235e-15,4.1789592717096665e-06
R3_GLYRS_HIGH,5,0.00013826221737646565,MetRS_AMP_MettRNAfMetCAU,-0.0013228512825423987,-0.0006839007955983981,0.0013228515314660507,2.489236521013873e-10,0.0024810126999107018
R3_GLYRS_HIGH,5,0.00013826221737646565,MetRS_ATP,0.2819354886234782,-0.010955132756054023,0.04563890662261796,0.32757439524609616,0.34328914655111564
R3_GLYRS_HIGH,5,0.00013826221737646565,MetRS_ATP_tRNAfMetCAU,-0.01446713160871969,0.006284071382086724,0.022502544369843773,0.008035412761124083,0.023123649604484205
R3_GLYRS_HIGH,5,0.00013826221737646565,MetRS_Met,-0.004520250016784954,0.00031041671574686785,0.00972723484880719,0.005206984832022237,0.01588100179364712
R3_GLYRS_HIGH,5,0.00013826221737646565,MetRS_MetAMP_PPi,-0.008132842561862112,0.0016810489233516272,0.008415071796302628,0.00028222923444051626,0.010584951240033133
R3_GLYRS_HIGH,5,0.00013826221737646565,MetRS_MetAMP_PPi_tRNAfMetCAU,-0.01581308087045084,0.00662789107892698,0.015831179892275213,1.8099021824373794e-05,0.016716388946591373
R3_GLYRS_HIGH,5,0.00013826221737646565,MetRS_MetAMP_tRNAfMetCAU,-0.09672051760989225,-0.037292611223073015,0.09672120702894679,6.894190545454529e-07,0.18139623472764435
R3_GLYRS_HIGH,5,0.00013826221737646565,MetRS_Met_ATP,-0.07191157170878476,0.005025163969817991,0.144993297533902,0.07308172582511724,0.23721658513976285
R3_GLYRS_HIGH,5,0.00013826221737646565,MetRS_Met_ATP_tRNAfMetCAU,-0.08226283569056467,0.02812293445195181,0.08404457302994559,0.0017817373393809142,0.09002882283952873
R3_GLYRS_HIGH,5,0.00013826221737646565,MetRS_Met_tRNAfMetCAU,-0.005519366057942508,0.0018892395232992432,0.005646656431856497,0.00012729037391398903,0.006048956951277485
R3_GLYRS_HIGH,5,0.00013826221737646565,MetRS_tRNAfMetCAU,-0.0009351957681569003,0.00041741059028409315,0.0015069237365476743,0.000571727968390774,0.0015462384879236899
R3_GLYRS_HIGH,6,0.00014992684327860457,MetRS_AMP,-2.229051087389057e-06,-1.4457974606662163e-06,2.229051102534606e-06,1.5145548953325066e-14,4.1789592717096665e-06
R3_GLYRS_HIGH,6,0.00014992684327860457,MetRS_AMP_MettRNAfMetCAU,-0.001322878616660268,-0.0006838970031878381,0.00132287899260214,3.759418721235398e-10,0.0024810126999107018
R3_GLYRS_HIGH,6,0.00014992684327860457,MetRS_ATP,0.2763952331749809,-0.010955012436557044,0.045638152936196,0.3220333861111769,0.34328914655111564
R3_GLYRS_HIGH,6,0.00014992684327860457,MetRS_ATP_tRNAfMetCAU,-0.013936260839858189,0.006284057718369663,0.022502175359713685,0.008565914519855496,0.023123649604484205
R3_GLYRS_HIGH,6,0.00014992684327860457,MetRS_Met,-0.004269595438433199,0.00031042141027242884,0.009727096192860376,0.0054575007544271775,0.01588100179364712
R3_GLYRS_HIGH,6,0.00014992684327860457,MetRS_MetAMP_PPi,-0.008084398851586056,0.0016810064719328423,0.008414933302799915,0.0003305344512138587,0.010584951240033133
R3_GLYRS_HIGH,6,0.00014992684327860457,MetRS_MetAMP_PPi_tRNAfMetCAU,-0.015807974137186234,0.006627822979445179,0.015830920429323558,2.294629213732411e-05,0.016716388946591373
R3_GLYRS_HIGH,6,0.00014992684327860457,MetRS_MetAMP_tRNAfMetCAU,-0.0967222588855744,-0.03729243213886556,0.09672321486895435,9.55983379961315e-07,0.18139623472764435
R3_GLYRS_HIGH,6,0.00014992684327860457,MetRS_Met_ATP,-0.06662575568616445,0.005025037986392063,0.14499090905833667,0.07836515337217222,0.23721658513976285
R3_GLYRS_HIGH,6,0.00014992684327860457,MetRS_Met_ATP_tRNAfMetCAU,-0.08197260785191463,0.028122850517576518,0.0840431959202163,0.0020705880683016716,0.09002882283952873
R3_GLYRS_HIGH,6,0.00014992684327860457,MetRS_Met_tRNAfMetCAU,-0.005501984602504779,0.0018892451521839947,0.0056465764558091495,0.00014459185330437045,0.006048956951277485
R3_GLYRS_HIGH,6,0.00014992684327860457,MetRS_tRNAfMetCAU,-0.0009111621769734985,0.0004174125072158406,0.0015069023632115846,0.000595740186238086,0.0015462384879236899
R3_GLYRS_HIGH,7,0.00016257556664437935,MetRS_AMP,-2.22910978860738e-06,-1.4457745690766755e-06,2.229109813435733e-06,2.4828353157445728e-14,4.1789592717096665e-06
R3_GLYRS_HIGH,7,0.00016257556664437935,MetRS_AMP_MettRNAfMetCAU,-0.0013229132696781257,-0.0006838863130673426,0.001322913835866904,5.661887780864063e-10,0.0024810126999107018
R3_GLYRS_HIGH,7,0.00016257556664437935,MetRS_ATP,0.27032766353011906,-0.010954827668131302,0.04563720107765663,0.3159648646077757,0.34328914655111564
R3_GLYRS_HIGH,7,0.00016257556664437935,MetRS_ATP_tRNAfMetCAU,-0.01338822254099182,0.006283979908073098,0.022501708442122553,0.009113485901130732,0.023123649604484205
R3_GLYRS_HIGH,7,0.00016257556664437935,MetRS_Met,-0.003973678252257133,0.00031041951329451316,0.009726911966395187,0.005753233714138054,0.01588100179364712
R3_GLYRS_HIGH,7,0.00016257556664437935,MetRS_MetAMP_PPi,-0.00802859726332787,0.0016809585975075354,0.00841475818068833,0.00038616091736046047,0.010584951240033133
R3_GLYRS_HIGH,7,0.00016257556664437935,MetRS_MetAMP_PPi_tRNAfMetCAU,-0.015801568080178612,0.00662770583825101,0.015830592031905042,2.902395172643071e-05,0.016716388946591373
R3_GLYRS_HIGH,7,0.00016257556664437935,MetRS_MetAMP_tRNAfMetCAU,-0.09672444020770923,-0.03729186186653896,0.09672576245841896,1.3222507097296573e-06,0.18139623472764435
R3_GLYRS_HIGH,7,0.00016257556664437935,MetRS_Met_ATP,-0.061084983494847755,0.005024870362527682,0.14498788966351958,0.08390290616867183,0.23721658513976285
R3_GLYRS_HIGH,7,0.00016257556664437935,MetRS_Met_ATP_tRNAfMetCAU,-0.081638958956415,0.028122489974943304,0.08404145279942724,0.002402493843012241,0.09002882283952873
R3_GLYRS_HIGH,7,0.00016257556664437935,MetRS_Met_tRNAfMetCAU,-0.005481279641682514,0.0018892293213316877,0.005646470002818925,0.00016519036113641082,0.006048956951277485
R3_GLYRS_HIGH,7,0.00016257556664437935,MetRS_tRNAfMetCAU,-0.0008827969490664886,0.00041740941713415495,0.0015068739315813862,0.0006240769825148976,0.0015462384879236899
R3_GLYRS_HIGH,8,0.0001762914118095948,MetRS_AMP,-2.229184051316753e-06,-1.4457375555271558e-06,2.2291840918987894e-06,4.058203640687851e-14,4.1789592717096665e-06
R3_GLYRS_HIGH,8,0.0001762914118095948,MetRS_AMP_MettRNAfMetCAU,-0.001322957067678275,-0.0006838688129469498,0.001322957918040825,8.503625500308954e-10,0.0024810126999107018
R3_GLYRS_HIGH,8,0.0001762914118095948,MetRS_ATP,0.2637768458360046,-0.010954572359200554,0.04563600029056828,0.3094128461265729,0.34328914655111564
R3_GLYRS_HIGH,8,0.0001762914118095948,MetRS_ATP_tRNAfMetCAU,-0.012823805327610469,0.006283840593341949,0.02250111872579037,0.0096773133981799,0.023123649604484205
R3_GLYRS_HIGH,8,0.0001762914118095948,MetRS_Met,-0.003637476023501322,0.0003104117758640209,0.00972667241224403,0.006089196388742707,0.01588100179364712
R3_GLYRS_HIGH,8,0.0001762914118095948,MetRS_MetAMP_PPi,-0.007964464019098385,0.0016809020960199769,0.008414537093401798,0.0004500730743034129,0.010584951240033133
R3_GLYRS_HIGH,8,0.0001762914118095948,MetRS_MetAMP_PPi_tRNAfMetCAU,-0.015793548747521115,0.006627536889887495,0.01583017719389781,3.6628446376692224e-05,0.016716388946591373
R3_GLYRS_HIGH,8,0.0001762914118095948,MetRS_MetAMP_tRNAfMetCAU,-0.09672716123227919,-0.03729090834633349,0.09672898555713313,1.8243248539433318e-06,0.18139623472764435
R3_GLYRS_HIGH,8,0.0001762914118095948,MetRS_Met_ATP,-0.05528304051942147,0.005024653087943695,0.14498407836593064,0.08970103784650917,0.23721658513976285
R3_GLYRS_HIGH,8,0.0001762914118095948,MetRS_Met_ATP_tRNAfMetCAU,-0.08125586083519172,0.028121862141347962,0.08403925074677018,0.0027833899115784597,0.09002882283952873
R3_GLYRS_HIGH,8,0.0001762914118095948,MetRS_Met_tRNAfMetCAU,-0.005456863611344006,0.0018891935794087395,0.0056463314361516505,0.00018946782480764495,0.006048956951277485
R3_GLYRS_HIGH,8,0.0001762914118095948,MetRS_tRNAfMetCAU,-0.0008507827536928476,0.0004174017341436328,0.0015068369360675107,0.0006560541823746631,0.0015462384879236899
R3_GLYRS_HIGH,9,0.00019116440753857018,MetRS_AMP,-2.2292777488795253e-06,-1.445685443186805e-06,2.229277815017264e-06,6.613773870726939e-14,4.1789592717096665e-06
R3_GLYRS_HIGH,9,0.00019116440753857018,MetRS_AMP_MettRNAfMetCAU,-0.001323012266371332,-0.0006838440605852593,0.001323013540069593,1.2736982609743317e-09,0.0024810126999107018
R3_GLYRS_HIGH,9,0.00019116440753857018,MetRS_ATP,0.25677807370080424,-0.010954235894837766,0.04563448793107503,0.3024125616318793,0.34328914655111564
R3_GLYRS_HIGH,9,0.00019116440753857018,MetRS_ATP_tRNAfMetCAU,-0.012244227432635509,0.0062836373715871655,0.022500375439050122,0.010256148006414613,0.023123649604484205
R3_GLYRS_HIGH,9,0.00019116440753857018,MetRS_Met,-0.0032660332073384596,0.0003103984017384268,0.00972636496354543,0.006460331756206971,0.01588100179364712
R3_GLYRS_HIGH,9,0.00019116440753857018,MetRS_MetAMP_PPi,-0.007890921465835437,0.0016808335523690598,0.008414258505411274,0.0005233370395758374,0.010584951240033133
R3_GLYRS_HIGH,9,0.00019116440753857018,MetRS_MetAMP_PPi_tRNAfMetCAU,-0.01578353072460253,0.006627309812889858,0.01582965426816565,4.612354356311955e-05,0.016716388946591373
R3_GLYRS_HIGH,9,0.00019116440753857018,MetRS_MetAMP_tRNAfMetCAU,-0.09673054142492978,-0.037289549278035225,0.09673305240033654,2.5109754067628054e-06,0.18139623472764435
R3_GLYRS_HIGH,9,0.00019116440753857018,MetRS_Met_ATP,-0.04921652768821527,0.005024375489179864,0.14497927631193036,0.09576274862371509,0.23721658513976285
R3_GLYRS_HIGH,9,0.00019116440753857018,MetRS_Met_ATP_tRNAfMetCAU,-0.08081660022677514,0.02812095471104229,0.08403647485336396,0.0032198746265888183,0.09002882283952873
R3_GLYRS_HIGH,9,0.00019116440753857018,MetRS_Met_tRNAfMetCAU,-0.005428327031477898,0.0018891377539979137,0.005646153485324537,0.0002178264538466388,0.006048956951277485
R3_GLYRS_HIGH,9,0.00019116440753857018,MetRS_tRNAfMetCAU,-0.0008158080221410668,0.00041738946734375945,0.0015067894356677958,0.000690981413526729,0.0015462384879236899
R3_GLYRS_HIGH,10,0.0002072921779595372,MetRS_AMP,-2.2293956658265547e-06,-1.4456162213258475e-06,2.2293957733002562e-06,1.0747370145993952e-13,4.1789592717096665e-06
R3_GLYRS_HIGH,10,0.0002072921779595372,MetRS_AMP_MettRNAfMetCAU,-0.0013230816423067772,-0.0006838111128262179,0.0013230835449853158,1.9026785385046597e-09,0.0024810126999107018
R3_GLYRS_HIGH,10,0.0002072921779595372,MetRS_ATP,0.2493591406411008,-0.010953802954065213,0.04563258678743589,0.2949917274285367,0.34328914655111564
R3_GLYRS_HIGH,10,0.0002072921779595372,MetRS_ATP_tRNAfMetCAU,-0.011651212195589495,0.006283363186783046,0.02249944061605122,0.010848228420461724,0.023123649604484205
R3_GLYRS_HIGH,10,0.0002072921779595372,MetRS_Met,-0.0028641152270546515,0.00031037911876897204,0.009725973735976738,0.006861858508922087,0.01588100179364712
R3_GLYRS_HIGH,10,0.0002072921779595372,MetRS_MetAMP_PPi,-0.007806784526033977,0.001680749147097578,0.008413908189334835,0.0006071236633008589,0.010584951240033133
R3_GLYRS_HIGH,10,0.0002072921779595372,MetRS_MetAMP_PPi_tRNAfMetCAU,-0.015771042358449363,0.00662701471284025,0.01582899654263762,5.795418418825824e-05,0.016716388946591373
R3_GLYRS_HIGH,10,0.0002072921779595372,MetRS_MetAMP_tRNAfMetCAU,-0.09673472292657592,-0.03728773396324381,0.09673817085829316,3.44793171723961e-06,0.18139623472764435
R3_GLYRS_HIGH,10,0.0002072921779595372,MetRS_Met_ATP,-0.04288569400267758,0.00502402384112416,0.1449732382785839,0.10208754427590633,0.23721658513976285
R3_GLYRS_HIGH,10,0.0002072921779595372,MetRS_Met_ATP_tRNAfMetCAU,-0.08031375541545922,0.028119735305440062,0.08403298331828822,0.003719227902829001,0.09002882283952873
R3_GLYRS_HIGH,10,0.0002072921779595372,MetRS_Met_tRNAfMetCAU,-0.005395228243500795,0.001889060123027333,0.005645926952917355,0.0002506987094165599,0.006048956951277485
R3_GLYRS_HIGH,10,0.0002072921779595372,MetRS_tRNAfMetCAU,-0.000778527820237711,0.0004173722643618352,0.001506728975641882,0.0007282011554041711,0.0015462384879236899
R3_GLYRS_HIGH,11,0.00022478058335487252,MetRS_AMP,-2.2295436941532866e-06,-1.4455268550480368e-06,2.2295438682939737e-06,1.7414068690123824e-13,4.1789592717096665e-06
R3_GLYRS_HIGH,11,0.00022478058335487252,MetRS_AMP_MettRNAfMetCAU,-0.0013231686004323952,-0.0006837685324789752,0.0013231714351893032,2.834756907912689e-09,0.0024810126999107018
R3_GLYRS_HIGH,11,0.00022478058335487252,MetRS_ATP,0.24154227522404464,-0.01095325313476088,0.04563020187959142,0.2871724771036361,0.34328914655111564
R3_GLYRS_HIGH,11,0.00022478058335487252,MetRS_ATP_tRNAfMetCAU,-0.011047041304861168,0.006283006510514822,0.022498267526097616,0.011451226221236448,0.023123649604484205
R3_GLYRS_HIGH,11,0.00022478058335487252,MetRS_Met,-0.0024360004347026088,0.0003103532277543334,0.009725478900764578,0.00728947846606197,0.01588100179364712
R3_GLYRS_HIGH,11,0.00022478058335487252,MetRS_MetAMP_PPi,-0.007710759683646075,0.0016806444528788126,0.008413468636948444,0.0007027089533023694,0.010584951240033133
R3_GLYRS_HIGH,11,0.00022478058335487252,MetRS_MetAMP_PPi_tRNAfMetCAU,-0.01575550851422498,0.006626637955254307,0.01582817113553863,7.266262131365111e-05,0.016716388946591373
R3_GLYRS_HIGH,11,0.00022478058335487252,MetRS_MetAMP_tRNAfMetCAU,-0.09673987344196495,-0.03728538388461055,0.09674459701150345,4.72356953850353e-06,0.18139623472764435
R3_GLYRS_HIGH,11,0.00022478058335487252,MetRS_Met_ATP,-0.03629515786152597,0.00502358086357718,0.14496566251917062,0.10867050465764465,0.23721658513976285
R3_GLYRS_HIGH,11,0.00022478058335487252,MetRS_Met_ATP_tRNAfMetCAU,-0.079739183653659,0.02811815212128757,0.08402860158439554,0.004289417930736552,0.09002882283952873
R3_GLYRS_HIGH,11,0.00022478058335487252,MetRS_Met_tRNAfMetCAU,-0.005357083221233338,0.0018889575152678157,0.005645640352118785,0.0002885571308854466,0.006048956951277485
R3_GLYRS_HIGH,11,0.00022478058335487252,MetRS_tRNAfMetCAU,-0.0007395405581265216,0.00041734943820676977,0.0015066524907202104,0.0007671119325936888,0.0015462384879236899
R3_GLYRS_HIGH,12,0.00024374441501222218,MetRS_AMP,-2.2297290663934563e-06,-1.4454132429050887e-06,2.229729347745519e-06,2.813520624172976e-13,4.1789592717096665e-06
R3_GLYRS_HIGH,12,0.00024374441501222218,MetRS_AMP_MettRNAfMetCAU,-0.0013232772996138193,-0.0006837143697814486,0.0013232815120151468,4.2124013275969245e-09,0.0024810126999107018
R3_GLYRS_HIGH,12,0.00024374441501222218,MetRS_ATP,0.2333464149800967,-0.010952560357858385,0.04562721666098903,0.27897363164108574,0.34328914655111564
R3_GLYRS_HIGH,12,0.00024374441501222218,MetRS_ATP_tRNAfMetCAU,-0.010434582570187359,0.006282551281954931,0.022496798807572042,0.012062216237384684,0.023123649604484205
R3_GLYRS_HIGH,12,0.00024374441501222218,MetRS_Met,-0.0019854168490066057,0.00031031962543065636,0.00972485591930129,0.007739439070294685,0.01588100179364712
R3_GLYRS_HIGH,12,0.00024374441501222218,MetRS_MetAMP_PPi,-0.0076014472711722035,0.0016805142192033195,0.008412918359693357,0.0008114710885211534,0.010584951240033133
R3_GLYRS_HIGH,12,0.00024374441501222218,MetRS_MetAMP_PPi_tRNAfMetCAU,-0.015736230656094228,0.006626161826143686,0.015827137682617266,9.090702652303997e-05,0.016716388946591373
R3_GLYRS_HIGH,12,0.00024374441501222218,MetRS_MetAMP_tRNAfMetCAU,-0.09674618894200417,-0.03728239183630872,0.09675264535495566,6.456412951488669e-06,0.18139623472764435
R3_GLYRS_HIGH,12,0.00024374441501222218,MetRS_Met_ATP,-0.029454500930404998,0.00502302508570063,0.14495617870538433,0.11550167777497933,0.23721658513976285
R3_GLYRS_HIGH,12,0.00024374441501222218,MetRS_Met_ATP_tRNAfMetCAU,-0.07908402159965074,0.028116133544505352,0.08402311536970783,0.004939093770057088,0.09002882283952873
R3_GLYRS_HIGH,12,0.00024374441501222218,MetRS_Met_tRNAfMetCAU,-0.005313357310500779,0.001888825329250235,0.005645279463846564,0.00033192215334578535,0.006048956951277485
R3_GLYRS_HIGH,12,0.00024374441501222218,MetRS_tRNAfMetCAU,-0.0006993806471961101,0.0004173199749456856,0.001506556186874124,0.000807175539678014,0.0015462384879236899
R3_GLYRS_HIGH,13,0.00026430814869741055,MetRS_AMP,-2.229960630154099e-06,-1.4452701201112448e-06,2.229961083422968e-06,4.532688686921096e-13,4.1789592717096665e-06
R3_GLYRS_HIGH,13,0.00026430814869741055,MetRS_AMP_MettRNAfMetCAU,-0.001323412797299321,-0.0006836461174790526,0.0013234190406071055,6.243307784681291e-09,0.0024810126999107018
R3_GLYRS_HIGH,13,0.00026430814869741055,MetRS_ATP,0.2247895165399785,-0.01095169203486941,0.045623488540687575,0.27041300508066607,0.34328914655111564
R3_GLYRS_HIGH,13,0.00026430814869741055,MetRS_ATP_tRNAfMetCAU,-0.009817291530069206,0.006281976599658172,0.022494964266033025,0.012677672735963819,0.023123649604484205
R3_GLYRS_HIGH,13,0.00026430814869741055,MetRS_Met,-0.0015156032773440877,0.00031027680133017155,0.00972407462147997,0.008208471344135881,0.01588100179364712
R3_GLYRS_HIGH,13,0.00026430814869741055,MetRS_MetAMP_PPi,-0.007477347910005658,0.0016803521411653387,0.008412231063550542,0.0009348831535448848,0.010584951240033133
R3_GLYRS_HIGH,13,0.00026430814869741055,MetRS_MetAMP_PPi_tRNAfMetCAU,-0.01571236410161525,0.006625564009930887,0.015825846787926767,0.00011348268631151781,0.016716388946591373
R3_GLYRS_HIGH,13,0.00026430814869741055,MetRS_MetAMP_tRNAfMetCAU,-0.09675389586410861,-0.037278619553814604,0.09676270085332327,8.804989214653593e-06,0.18139623472764435
R3_GLYRS_HIGH,13,0.00026430814869741055,MetRS_Met_ATP,-0.022378742132046187,0.005022330063813553,0.14494433370554055,0.12256559157349436,0.23721658513976285
R3_GLYRS_HIGH,13,0.00026430814869741055,MetRS_Met_ATP_tRNAfMetCAU,-0.07833870204935488,0.028113586696923768,0.0840162624433873,0.0056775603940324194,0.09002882283952873
R3_GLYRS_HIGH,13,0.00026430814869741055,MetRS_Met_tRNAfMetCAU,-0.00526346037869446,0.001888657468713575,0.005644826803063664,0.0003813664243692042,0.006048956951277485
R3_GLYRS_HIGH,13,0.00026430814869741055,MetRS_tRNAfMetCAU,-0.000658524153122672,0.0004172825218191319,0.0015064353988790355,0.0008479112457563634,0.0015462384879236899
R3_GLYRS_HIGH,14,0.000286606761694825,MetRS_AMP,-2.2302491685638354e-06,-1.4450909081562515e-06,2.2302498967090682e-06,7.281452326821457e-13,4.1789592717096665e-06
R3_GLYRS_HIGH,14,0.000286606761694825,MetRS_AMP_MettRNAfMetCAU,-0.0013235812137638008,-0.000683560639958151,0.001323590443150787,9.229386986184651e-09,0.0024810126999107018
R3_GLYRS_HIGH,14,0.000286606761694825,MetRS_ATP,0.21589066813255964,-0.010950607990560999,0.04561884364294688,0.2615095117755065,0.34328914655111564
R3_GLYRS_HIGH,14,0.000286606761694825,MetRS_ATP_tRNAfMetCAU,-0.009199187660204087,0.006281256172576518,0.0224926782958171,0.013293490635613012,0.023123649604484205
R3_GLYRS_HIGH,14,0.000286606761694825,MetRS_Met,-0.0010294557353694618,0.0003102228101041856,0.009723098111219044,0.008693642375849582,0.01588100179364712
R3_GLYRS_HIGH,14,0.000286606761694825,MetRS_MetAMP_PPi,-0.007336874052886161,0.0016801506068192245,0.008411374683038311,0.0010745006301521496,0.010584951240033133
R3_GLYRS_HIGH,14,0.000286606761694825,MetRS_MetAMP_PPi_tRNAfMetCAU,-0.01568289239468786,0.006624816881779679,0.01582423820955225,0.00014134581486439202,0.016716388946591373
R3_GLYRS_HIGH,14,0.000286606761694825,MetRS_MetAMP_tRNAfMetCAU,-0.09676325235434172,-0.03727389387323225,0.09677523306916032,1.1980714818598907e-05,0.18139623472764435
R3_GLYRS_HIGH,14,0.000286606761694825,MetRS_Met_ATP,-0.015088714042729101,0.005021463439869019,0.14492957493600978,0.12984086089328067,0.23721658513976285
R3_GLYRS_HIGH,14,0.000286606761694825,MetRS_Met_ATP_tRNAfMetCAU,-0.07749299151011264,0.028110394944101346,0.08400772299442862,0.00651473148431597,0.09002882283952873
R3_GLYRS_HIGH,14,0.000286606761694825,MetRS_Met_tRNAfMetCAU,-0.0052067462248133085,0.0018884461980771105,0.00564426098472778,0.0004375147599144716,0.006048956951277485
R3_GLYRS_HIGH,14,0.000286606761694825,MetRS_tRNAfMetCAU,-0.0006174025392181209,0.00041723535670726823,0.0015062844211174622,0.0008888818818993413,0.0015462384879236899
R3_GLYRS_HIGH,15,0.0003107866187782014,MetRS_AMP,-2.230607770443599e-06,-1.4448675129887039e-06,2.2306089368017053e-06,1.1663581061412308e-12,4.1789592717096665e-06
R3_GLYRS_HIGH,15,0.0003107866187782014,MetRS_AMP_MettRNAfMetCAU,-0.0013237899151592512,-0.0006834540775466833,0.0013238035233244622,1.3608165211032515e-08,0.0024810126999107018
R3_GLYRS_HIGH,15,0.0003107866187782014,MetRS_ATP,0.20667186172197471,-0.010949259136898967,0.04561307072561681,0.25228493244759154,0.34328914655111564
R3_GLYRS_HIGH,15,0.0003107866187782014,MetRS_ATP_tRNAfMetCAU,-0.008584806062600278,0.006280357544459005,0.022489836886582,0.013905030823981724,0.023123649604484205
R3_GLYRS_HIGH,15,0.0003107866187782014,MetRS_Met,-0.0005297135535228068,0.00031015522174677383,0.009721881484385101,0.009192167930862295,0.01588100179364712
R3_GLYRS_HIGH,15,0.0003107866187782014,MetRS_MetAMP_PPi,-0.007178367677159101,0.0016799004171736086,0.00841031025986753,0.001231942582708428,0.010584951240033133
R3_GLYRS_HIGH,15,0.0003107866187782014,MetRS_MetAMP_PPi_tRNAfMetCAU,-0.01564659889008425,0.006623886615213336,0.01582223875316612,0.00017563986308186843,0.016716388946591373
R3_GLYRS_HIGH,15,0.0003107866187782014,MetRS_MetAMP_tRNAfMetCAU,-0.09677454791352005,-0.03726800148940847,0.09679081257381489,1.626466029483968e-05,0.18139623472764435
R3_GLYRS_HIGH,15,0.0003107866187782014,MetRS_Met_ATP,-0.007611366073871584,0.005020385829591897,0.14491123103643366,0.13729986496256208,0.23721658513976285
R3_GLYRS_HIGH,15,0.0003107866187782014,MetRS_Met_ATP_tRNAfMetCAU,-0.07653605436894327,0.02810641442099372,0.08399710844913881,0.00746105408019554,0.09002882283952873
R3_GLYRS_HIGH,15,0.0003107866187782014,MetRS_Met_tRNAfMetCAU,-0.005142516435210271,0.0018881819239299701,0.0056435559808334515,0.0005010395456231806,0.006048956951277485
R3_GLYRS_HIGH,15,0.0003107866187782014,MetRS_tRNAfMetCAU,-0.0005764190851433816,0.00041717634045700954,0.0015060963093399863,0.0009296772241966047,0.0015462384879236899
R3_GLYRS_HIGH,16,0.00033700643292719284,MetRS_AMP,-2.2310522527745097e-06,-1.4445900745533002e-06,2.23105411566373e-06,1.862889220469176e-12,4.1789592717096665e-06
R3_GLYRS_HIGH,16,0.00033700643292719284,MetRS_AMP_MettRNAfMetCAU,-0.0013240477127705597,-0.0006833217273039882,0.0013240677244295257,2.0011658965888863e-08,0.0024810126999107018
R3_GLYRS_HIGH,16,0.00033700643292719284,MetRS_ATP,0.19715936917517812,-0.010947585896932692,0.04560591418952997,0.2427652833647081,0.34328914655111564
R3_GLYRS_HIGH,16,0.00033700643292719284,MetRS_ATP_tRNAfMetCAU,-0.007979124504382113,0.006279241107574603,0.022486314181612642,0.014507189677230529,0.023123649604484205
R3_GLYRS_HIGH,16,0.00033700643292719284,MetRS_Met,-1.914458590151699e-05,0.00031007105230081036,0.0097203703469287,0.009701225761027183,0.01588100179364712
R3_GLYRS_HIGH,16,0.00033700643292719284,MetRS_MetAMP_PPi,-0.007000125262123425,0.0016795904733565728,0.0084089906538042,0.0014088653916807753,0.010584951240033133
R3_GLYRS_HIGH,16,0.00033700643292719284,MetRS_MetAMP_PPi_tRNAfMetCAU,-0.0156020358570956,0.006622732107689471,0.01581975985008751,0.00021772399299190963,0.016716388946591373
R3_GLYRS_HIGH,16,0.00033700643292719284,MetRS_MetAMP_tRNAfMetCAU,-0.09678810057949062,-0.03726068239370049,0.09681012982081677,2.202924132614118e-05,0.18139623472764435
R3_GLYRS_HIGH,16,0.00033700643292719284,MetRS_Met_ATP,1.999094555069081e-05,0.005019049531299345,0.1448884896539899,0.1449084805995406,0.23721658513976285
R3_GLYRS_HIGH,16,0.00033700643292719284,MetRS_Met_ATP_tRNAfMetCAU,-0.07545655025053577,0.028101469640078137,0.08398394861361475,0.008527398363078968,0.09002882283952873
R3_GLYRS_HIGH,16,0.00033700643292719284,MetRS_Met_tRNAfMetCAU,-0.005070028383550702,0.0018878529091162855,0.005642680261520964,0.0005726518779702622,0.006048956951277485
R3_GLYRS_HIGH,16,0.00033700643292719284,MetRS_tRNAfMetCAU,-0.0005359633554131218,0.0004171028537109031,0.001505862651505792,0.0009698992960926702,0.0015462384879236899
R3_GLYRS_HIGH,17,0.00036543830709572547,MetRS_AMP,-2.2316016359798384e-06,-1.444246669938441e-06,2.231604602626518e-06,2.9666466796255392e-12,4.1789592717096665e-06
R3_GLYRS_HIGH,17,0.00036543830709572547,MetRS_AMP_MettRNAfMetCAU,-0.0013243650732204103,-0.0006831579016489403,0.0013243944229237691,2.934970335886216e-08,0.0024810126999107018
R3_GLYRS_HIGH,17,0.00036543830709572547,MetRS_ATP,0.18738473031506558,-0.010945516380001217,0.045597066130961324,0.2329817964460269,0.34328914655111564
R3_GLYRS_HIGH,17,0.00036543830709572547,MetRS_ATP_tRNAfMetCAU,-0.0073874641559865725,0.0062778589212830445,0.022481958564470533,0.01509449440848396,0.023123649604484205
R3_GLYRS_HIGH,17,0.00036543830709572547,MetRS_Met,0.0004992985938956137,0.0003099666774204605,0.009718499125132982,0.010217797719028596,0.01588100179364712
R3_GLYRS_HIGH,17,0.00036543830709572547,MetRS_MetAMP_PPi,-0.006800431225169674,0.0016792074266804343,0.008407359076948976,0.0016069278517793029,0.010584951240033133
R3_GLYRS_HIGH,17,0.00036543830709572547,MetRS_MetAMP_PPi_tRNAfMetCAU,-0.015547491705192882,0.006621303728200945,0.01581669480338867,0.0002692030981957891,0.016716388946591373
R3_GLYRS_HIGH,17,0.00036543830709572547,MetRS_MetAMP_tRNAfMetCAU,-0.09680425049311622,-0.03725162207273688,0.09683401660776611,2.9766114649883123e-05,0.18139623472764435
R3_GLYRS_HIGH,17,0.00036543830709572547,MetRS_Met_ATP,0.007765501448532275,0.00501739704966145,0.14486037218505737,0.15262587363358965,0.23721658513976285
R3_GLYRS_HIGH,17,0.00036543830709572547,MetRS_Met_ATP_tRNAfMetCAU,-0.074242771420665,0.02809534824550636,0.08396767705388276,0.00972490563321776,0.09002882283952873
R3_GLYRS_HIGH,17,0.00036543830709572547,MetRS_Met_tRNAfMetCAU,-0.004988506881224168,0.0018874449256567427,0.005641595815589811,0.0006530889343656433,0.006048956951277485
R3_GLYRS_HIGH,17,0.00036543830709572547,MetRS_tRNAfMetCAU,-0.0004964206600911614,0.0004170117197802544,0.001505573306455201,0.0010091526463640395,0.0015462384879236899
R3_GLYRS_HIGH,18,0.0003962688638701478,MetRS_AMP,-2.2322786693685e-06,-1.4438229733427077e-06,2.232283379608011e-06,4.710239511214746e-12,4.1789592717096665e-06
R3_GLYRS_HIGH,18,0.0003962688638701478,MetRS_AMP_MettRNAfMetCAU,-0.0013247543306420051,-0.0006829557662522632,0.0013247972579276336,4.2927285628488004e-08,0.0024810126999107018
R3_GLYRS_HIGH,18,0.0003962688638701478,MetRS_ATP,0.17738539258492658,-0.010942964314112687,0.04558615742048444,0.22297155000541102,0.34328914655111564
R3_GLYRS_HIGH,18,0.0003962688638701478,MetRS_ATP_tRNAfMetCAU,-0.006815361103468753,0.00627615335068934,0.02247658826591554,0.015661227162446785,0.023123649604484205
R3_GLYRS_HIGH,18,0.0003962688638701478,MetRS_Met,0.0010223652566525802,0.00030983773087749365,0.009716189166115467,0.010738554422768047,0.01588100179364712
R3_GLYRS_HIGH,18,0.0003962688638701478,MetRS_MetAMP_PPi,-0.0065776009553746686,0.0016787352891807254,0.008405347448400474,0.001827746493025805,0.010584951240033133
R3_GLYRS_HIGH,18,0.0003962688638701478,MetRS_MetAMP_PPi_tRNAfMetCAU,-0.01548095732363646,0.006619541893360273,0.01581291569638832,0.00033195837275185893,0.016716388946591373
R3_GLYRS_HIGH,18,0.0003962688638701478,MetRS_MetAMP_tRNAfMetCAU,-0.09682334835214455,-0.0372404425522495,0.0968634701684118,4.012181626725113e-05,0.18139623472764435
R3_GLYRS_HIGH,18,0.0003962688638701478,MetRS_Met_ATP,0.015578664647620977,0.005015359433799166,0.14482570542188442,0.1604043700695054,0.23721658513976285
R3_GLYRS_HIGH,18,0.0003962688638701478,MetRS_Met_ATP_tRNAfMetCAU,-0.07288282666436569,0.028087794976744615,0.08394761468367899,0.0110647880193133,0.09002882283952873
R3_GLYRS_HIGH,18,0.0003962688638701478,MetRS_Met_tRNAfMetCAU,-0.0048971590667138375,0.0018869408523062897,0.005640257049362269,0.0007430979826484316,0.006048956951277485
R3_GLYRS_HIGH,18,0.0003962688638701478,MetRS_tRNAfMetCAU,-0.00045817515750016147,0.00041689911497305406,0.0015052161101297911,0.0010470409526296296,0.0015462384879236899
R3_GLYRS_HIGH,19,0.00042970047043208395,MetRS_AMP,-2.2331103994559595e-06,-1.4433018765268541e-06,2.2331178550935585e-06,7.455637599090248e-12,4.1789592717096665e-06
R3_GLYRS_HIGH,19,0.00042970047043208395,MetRS_AMP_MettRNAfMetCAU,-0.0013252298867677326,-0.0006827071589243591,0.001325292495604534,6.260883680129292e-08,0.0024810126999107018
R3_GLYRS_HIGH,19,0.00042970047043208395,MetRS_ATP,0.16720504574098752,-0.010939826748931611,0.04557274783675352,0.21277779357774104,0.34328914655111564
R3_GLYRS_HIGH,19,0.00042970047043208395,MetRS_ATP_tRNAfMetCAU,-0.006268405302928187,0.006274055542210553,0.022469986505221362,0.016201581202293175,0.023123649604484205
R3_GLYRS_HIGH,19,0.00042970047043208395,MetRS_Met,0.0015464379648102052,0.0003096789899358998,0.009713346635817804,0.01125978460062801,0.01588100179364712
R3_GLYRS_HIGH,19,0.00042970047043208395,MetRS_MetAMP_PPi,-0.006330034432988314,0.0016781550046792422,0.008402874574593655,0.002072840141605341,0.010584951240033133
R3_GLYRS_HIGH,19,0.00042970047043208395,MetRS_MetAMP_PPi_tRNAfMetCAU,-0.01540009301901956,0.006617375482910123,0.015808269973485955,0.0004081769544663951,0.016716388946591373
R3_GLYRS_HIGH,19,0.00042970047043208395,MetRS_MetAMP_tRNAfMetCAU,-0.09684573685557653,-0.03722669238535212,0.09689967981457136,5.394295899483456e-05,0.18139623472764435
R3_GLYRS_HIGH,19,0.00042970047043208395,MetRS_Met_ATP,0.02340635391747864,0.005012854436795073,0.1447830901953713,0.16818944411284995,0.23721658513976285
R3_GLYRS_HIGH,19,0.00042970047043208395,MetRS_Met_ATP_tRNAfMetCAU,-0.07136487694280155,0.028078504913453484,0.0839229516127319,0.012558074669930346,0.09002882283952873
R3_GLYRS_HIGH,19,0.00042970047043208395,MetRS_Met_tRNAfMetCAU,-0.004795192351505605,0.0018863202226288866,0.005638609568101199,0.0008434172165955937,0.006048956951277485
R3_GLYRS_HIGH,19,0.00042970047043208395,MetRS_tRNAfMetCAU,-0.00042160659914088354,0.0004167604677700181,0.001504776550459371,0.0010831699513184875,0.0015462384879236899
R3_GLYRS_HIGH,20,0.0004659525668664682,MetRS_AMP,-2.234128767369243e-06,-1.4426630740039555e-06,2.2341405311940464e-06,1.176382480344225e-11,4.1789592717096665e-06
R3_GLYRS_HIGH,20,0.0004659525668664682,MetRS_AMP_MettRNAfMetCAU,-0.0013258083781704853,-0.0006824023918979965,0.0013258994250410524,9.104687056722654e-08,0.0024810126999107018
R3_GLYRS_HIGH,20,0.0004659525668664682,MetRS_ATP,0.15689368093330625,-0.010935981554526299,0.045556315345209736,0.20244999627851598,0.34328914655111564
R3_GLYRS_HIGH,20,0.0004659525668664682,MetRS_ATP_tRNAfMetCAU,-0.005752044445220816,0.006271483757640921,0.02246189621021197,0.016709851764991155,0.023123649604484205
R3_GLYRS_HIGH,20,0.0004659525668664682,MetRS_Met,0.0020675044050932415,0.0003094842496309344,0.009709860234303931,0.011777364639397173,0.01588100179364712
R3_GLYRS_HIGH,20,0.0004659525668664682,MetRS_MetAMP_PPi,-0.006056281122822192,0.0016774439835425124,0.008399844171931167,0.002343563049108975,0.010584951240033133
R3_GLYRS_HIGH,20,0.0004659525668664682,MetRS_MetAMP_PPi_tRNAfMetCAU,-0.015302198132969866,0.0066147201130312425,0.015802576724544267,0.0005003785915744023,0.016716388946591373
R3_GLYRS_HIGH,20,0.0004659525668664682,MetRS_MetAMP_tRNAfMetCAU,-0.09687172278910272,-0.03720983572017687,0.09694405588118588,7.233309208315202e-05,0.18139623472764435
R3_GLYRS_HIGH,20,0.0004659525668664682,MetRS_Met_ATP,0.031189002229359747,0.00500978451453779,0.14473086730031673,0.17591986952967648,0.23721658513976285
R3_GLYRS_HIGH,20,0.0004659525668664682,MetRS_Met_ATP_tRNAfMetCAU,-0.06967742632324728,0.02806711609552296,0.08389272742123054,0.01421530109798326,0.09002882283952873
R3_GLYRS_HIGH,20,0.0004659525668664682,MetRS_Met_tRNAfMetCAU,-0.004681835454254062,0.0018855587305290984,0.0056365888514684544,0.0009547533972143922,0.006048956951277485
R3_GLYRS_HIGH,20,0.0004659525668664682,MetRS_tRNAfMetCAU,-0.0003870815037688279,0.00041659034844736514,0.0015042374139786143,0.0011171559102097863,0.0015462384879236899
R3_GLYRS_HIGH,21,0.0005052631065335679,MetRS_AMP,-2.2353712126747685e-06,-1.4418826213786354e-06,2.2353897131235796e-06,1.850044881138442e-11,4.1789592717096665e-06
R3_GLYRS_HIGH,21,0.0005052631065335679,MetRS_AMP_MettRNAfMetCAU,-0.0013265087812529676,-0.0006820300410202403,0.0013266407793019455,1.3199804897788842e-07,0.0024810126999107018
R3_GLYRS_HIGH,21,0.0005052631065335679,MetRS_ATP,0.14650738356339765,-0.01093128475761159,0.04553624469123567,0.1920436282546333,0.34328914655111564
R3_GLYRS_HIGH,21,0.0005052631065335679,MetRS_ATP_tRNAfMetCAU,-0.005271352257846428,0.006268341597042969,0.022452014399445643,0.017180662141599214,0.023123649604484205
R3_GLYRS_HIGH,21,0.0005052631065335679,MetRS_Met,0.002581163243173897,0.0003092461884616083,0.00970559876474492,0.012286762007918816,0.01588100179364712
R3_GLYRS_HIGH,21,0.0005052631065335679,MetRS_MetAMP_PPi,-0.005755116345835599,0.001676575608097375,0.008396142762984535,0.0026410264171489364,0.010584951240033133
R3_GLYRS_HIGH,21,0.0005052631065335679,MetRS_MetAMP_PPi_tRNAfMetCAU,-0.015184186119839878,0.006611476296760326,0.015795622731540393,0.000611436611700515,0.016716388946591373
R3_GLYRS_HIGH,21,0.0005052631065335679,MetRS_MetAMP_tRNAfMetCAU,-0.09690153691815052,-0.03718924064237417,0.09699826051204885,9.672359389832192e-05,0.18139623472764435
R3_GLYRS_HIGH,21,0.0005052631065335679,MetRS_Met_ATP,0.038861002250039606,0.005006034696170468,0.14466708124213912,0.18352808349217872,0.23721658513976285
R3_GLYRS_HIGH,21,0.0005052631065335679,MetRS_Met_ATP_tRNAfMetCAU,-0.06780966916595825,0.028053201651731457,0.0838558101722213,0.016046141006263046,0.09002882283952873
R3_GLYRS_HIGH,21,0.0005052631065335679,MetRS_Met_tRNAfMetCAU,-0.004556362632456916,0.001884627702509431,0.005634118844095246,0.0010777562116383304,0.006048956951277485
R3_GLYRS_HIGH,21,0.0005052631065335679,MetRS_tRNAfMetCAU,-0.00035493984044751375,0.00041638235124133303,0.0015035784097938158,0.001148638569346302,0.0015462384879236899
R3_GLYRS_HIGH,22,0.0005478901179593945,MetRS_AMP,-2.236881249200494e-06,-1.4409324766730146e-06,2.2369102442814657e-06,2.899508097172769e-11,4.1789592717096665e-06
R3_GLYRS_HIGH,22,0.0005478901179593945,MetRS_AMP_MettRNAfMetCAU,-0.0013273524147678877,-0.0006815767269603591,0.0013275431716805778,1.9075691269006804e-07,0.0024810126999107018
R3_GLYRS_HIGH,22,0.0005478901179593945,MetRS_ATP,0.13610785247280077,-0.010925567778686666,0.04551181557549859,0.18161966804829935,0.34328914655111564
R3_GLYRS_HIGH,22,0.0005478901179593945,MetRS_ATP_tRNAfMetCAU,-0.004830763957605608,0.006264516153790519,0.022439986358290514,0.017609222400684906,0.023123649604484205
R3_GLYRS_HIGH,22,0.0005478901179593945,MetRS_Met,0.003082658759442417,0.00030895622887569725,0.0097004086131808,0.012783067372623217,0.01588100179364712
R3_GLYRS_HIGH,22,0.0005478901179593945,MetRS_MetAMP_PPi,-0.00542562863809025,0.0016755187201400604,0.008391637495654003,0.0029660088575637527,0.010584951240033133
R3_GLYRS_HIGH,22,0.0005478901179593945,MetRS_MetAMP_PPi_tRNAfMetCAU,-0.015042568639235422,0.006607527535472786,0.015787158370209928,0.0007445897309745051,0.016716388946591373
R3_GLYRS_HIGH,22,0.0005478901179593945,MetRS_MetAMP_tRNAfMetCAU,-0.09693527837264652,-0.03716416707537661,0.09706423955655907,0.0001289611839125541,0.18139623472764435
R3_GLYRS_HIGH,22,0.0005478901179593945,MetRS_Met_ATP,0.04635136639464735,0.005001470376495184,0.1445894426562361,0.19094080905088345,0.23721658513976285
R3_GLYRS_HIGH,22,0.0005478901179593945,MetRS_Met_ATP_tRNAfMetCAU,-0.0657518912777734,0.028036261628593906,0.08381087465418932,0.018058983376415927,0.09002882283952873
R3_GLYRS_HIGH,22,0.0005478901179593945,MetRS_Met_tRNAfMetCAU,-0.004418121116353833,0.001883493549619044,0.0056311104943304385,0.0012129893779766051,0.006048956951277485
R3_GLYRS_HIGH,22,0.0005478901179593945,MetRS_tRNAfMetCAU,-0.0003254783185055513,0.00041612897195998763,0.0015027757797203614,0.0011772974612148102,0.0015462384879236899
R3_GLYRS_HIGH,23,0.0005941133984965033,MetRS_AMP,-2.238708963172878e-06,-1.4397800397494326e-06,2.2387542428487324e-06,4.527967585444442e-11,4.1789592717096665e-06
R3_GLYRS_HIGH,23,0.0005941133984965033,MetRS_AMP_MettRNAfMetCAU,-0.0013283627865410363,-0.0006810268955721053,0.0013286375328481956,2.747463071593594e-07,0.0024810126999107018
R3_GLYRS_HIGH,23,0.0005941133984965033,MetRS_ATP,0.12576162909987854,-0.010918634659874677,0.04548219079494053,0.17124381989481907,0.34328914655111564
R3_GLYRS_HIGH,23,0.0005941133984965033,MetRS_ATP_tRNAfMetCAU,-0.004433785684598977,0.006259876162008456,0.02242539979757363,0.017991614112974653,0.023123649604484205
R3_GLYRS_HIGH,23,0.0005941133984965033,MetRS_Met,0.0035669411145714154,0.0003086043971553478,0.009694111220749958,0.013261052335321374,0.01588100179364712
R3_GLYRS_HIGH,23,0.0005941133984965033,MetRS_MetAMP_PPi,-0.005067316680139065,0.0016742371070930728,0.008386173956018417,0.003318857275879352,0.010584951240033133
R3_GLYRS_HIGH,23,0.0005941133984965033,MetRS_MetAMP_PPi_tRNAfMetCAU,-0.0148734530273274,0.0066027384034629604,0.015776893499479194,0.0009034404721517939,0.016716388946591373
R3_GLYRS_HIGH,23,0.0005941133984965033,MetRS_MetAMP_tRNAfMetCAU,-0.09697283978016455,-0.03713375463336124,0.09714425453219301,0.00017141475202845933,0.18139623472764435
R3_GLYRS_HIGH,23,0.0005941133984965033,MetRS_Met_ATP,0.05358468424082452,0.004995935102177922,0.1444952906189628,0.19807997485978732,0.23721658513976285
R3_GLYRS_HIGH,23,0.0005941133984965033,MetRS_Met_ATP_tRNAfMetCAU,-0.06349591863887545,0.028015714786163822,0.08375638055881303,0.020260461919937574,0.09002882283952873
R3_GLYRS_HIGH,23,0.0005941133984965033,MetRS_Met_tRNAfMetCAU,-0.004266561484021882,0.0018821172170153185,0.00562746028848154,0.0013608988044596577,0.006048956951277485
R3_GLYRS_HIGH,23,0.0005941133984965033,MetRS_tRNAfMetCAU,-0.00029893134872471675,0.00041582148504715975,0.001501801907212791,0.0012028705584880743,0.0015462384879236899
R3_GLYRS_HIGH,24,0.0006442363508721371,MetRS_AMP,-2.240911364656972e-06,-1.4383877103608472e-06,2.2409818076574064e-06,7.044300043419056e-11,4.1789592717096665e-06
R3_GLYRS_HIGH,24,0.0006442363508721371,MetRS_AMP_MettRNAfMetCAU,-0.0013295652157412573,-0.0006803626069136677,0.0013299595297674432,3.9431402618588464e-07,0.0024810126999107018
R3_GLYRS_HIGH,24,0.0006442363508721371,MetRS_ATP,0.11553902048171497,-0.01091025940327373,0.04544640486209198,0.16098542534380694,0.34328914655111564
R3_GLYRS_HIGH,24,0.0006442363508721371,MetRS_ATP_tRNAfMetCAU,-0.0040826895822706905,0.006254270216523612,0.02240777924707539,0.0183250896648047,0.023123649604484205
R3_GLYRS_HIGH,24,0.0006442363508721371,MetRS_Met,0.004028750738274857,0.00030817918881311635,0.009686500657668885,0.013715251395943743,0.01588100179364712
R3_GLYRS_HIGH,24,0.0006442363508721371,MetRS_MetAMP_PPi,-0.004680193218110045,0.0016726890089896144,0.008379574069443571,0.003699380851333526,0.010584951240033133
R3_GLYRS_HIGH,24,0.0006442363508721371,MetRS_MetAMP_PPi_tRNAfMetCAU,-0.014672558282693768,0.006596952708341267,0.01576449351623612,0.0010919352335423522,0.016716388946591373
R3_GLYRS_HIGH,24,0.0006442363508721371,MetRS_MetAMP_tRNAfMetCAU,-0.09701380910973575,-0.037097010952566754,0.09724091325365697,0.00022710414392121522,0.18139623472764435
R3_GLYRS_HIGH,24,0.0006442363508721371,MetRS_Met_ATP,0.06048240288455611,0.004989248447795427,0.1443815564800102,0.2048639593645663,0.23721658513976285
R3_GLYRS_HIGH,24,0.0006442363508721371,MetRS_Met_ATP_tRNAfMetCAU,-0.06103560237937881,0.027990890715626566,0.08369055153647809,0.02265494915709928,0.09002882283952873
R3_GLYRS_HIGH,24,0.0006442363508721371,MetRS_Met_tRNAfMetCAU,-0.004101270342375089,0.00188045365495812,0.0056230488438455475,0.0015217785014704586,0.006048956951277485
R3_GLYRS_HIGH,24,0.0006442363508721371,MetRS_tRNAfMetCAU,-0.0002754507925482768,0.00041544982541862047,0.0015006249419727894,0.0012251741494245126,0.0015462384879236899
R3_GLYRS_HIGH,25,0.0006985879746785249,MetRS_AMP,-2.243552499317279e-06,-1.436712489011832e-06,2.243661652534291e-06,1.0915321701244267e-10,4.1789592717096665e-06
R3_GLYRS_HIGH,25,0.0006985879746785249,MetRS_AMP_MettRNAfMetCAU,-0.0013309861449159609,-0.000679563344943694,0.0013315499421575198,5.63797241558841e-07,0.0024810126999107018
R3_GLYRS_HIGH,25,0.0006985879746785249,MetRS_ATP,0.10551270869344559,-0.010900183571211754,0.045403353750332005,0.1509160624437776,0.34328914655111564
R3_GLYRS_HIGH,25,0.0006985879746785249,MetRS_ATP_tRNAfMetCAU,-0.003778211484199736,0.006247525166656863,0.022386581002541987,0.01860836951834225,0.023123649604484205
R3_GLYRS_HIGH,25,0.0006985879746785249,MetRS_Met,0.004462725942147099,0.0003076674472359948,0.00967734143711073,0.01414006737925783,0.01588100179364712
R3_GLYRS_HIGH,25,0.0006985879746785249,MetRS_MetAMP_PPi,-0.004264892019578384,0.0016708266742962155,0.008371634209411062,0.004106742189832678,0.010584951240033133
R3_GLYRS_HIGH,25,0.0006985879746785249,MetRS_MetAMP_PPi_tRNAfMetCAU,-0.014435255331693648,0.006589991831810824,0.015749575799723477,0.0013143204680298292,0.016716388946591373
R3_GLYRS_HIGH,25,0.0006985879746785249,MetRS_MetAMP_tRNAfMetCAU,-0.09705734413376589,-0.037052801165784126,0.09735719735839812,0.0002998532246322257,0.18139623472764435
R3_GLYRS_HIGH,25,0.0006985879746785249,MetRS_Met_ATP,0.06696443999103327,0.004981204103100219,0.14424473127497883,0.2112091712660121,0.23721658513976285
R3_GLYRS_HIGH,25,0.0006985879746785249,MetRS_Met_ATP_tRNAfMetCAU,-0.05836732307272842,0.027961022727451476,0.08361135632023732,0.025244033247508905,0.09002882283952873
R3_GLYRS_HIGH,25,0.0006985879746785249,MetRS_Met_tRNAfMetCAU,-0.003922004250224912,0.001878451341388836,0.005617739640544716,0.001695735390319805,0.006048956951277485
R3_GLYRS_HIGH,25,0.0006985879746785249,MetRS_tRNAfMetCAU,-0.00025508579175138294,0.0004150024818057304,0.0014992084615800974,0.0012441226698287145,0.0015462384879236899
R3_GLYRS_HIGH,26,0.0007575250258771912,MetRS_AMP,-2.2467031984774708e-06,-1.4347056517057568e-06,2.2468716201295003e-06,1.684216520295855e-10,4.1789592717096665e-06
R3_GLYRS_HIGH,26,0.0007575250258771912,MetRS_AMP_MettRNAfMetCAU,-0.0013326520380128285,-0.0006786058623135816,0.001333454967436931,8.029294241026884e-07,0.0024810126999107018
R3_GLYRS_HIGH,26,0.0007575250258771912,MetRS_ATP,0.09575605523603548,-0.010888114329821695,0.04535178654075444,0.14110784177678992,0.34328914655111564
R3_GLYRS_HIGH,26,0.0007575250258771912,MetRS_ATP_tRNAfMetCAU,-0.00351927355718688,0.006239444805460098,0.02236118900787537,0.01884191545068849,0.023123649604484205
R3_GLYRS_HIGH,26,0.0007575250258771912,MetRS_Met,0.004863532422142942,0.0003070542648819506,0.00966636673452916,0.014529899156672103,0.01588100179364712
R3_GLYRS_HIGH,26,0.0007575250258771912,MetRS_MetAMP_PPi,-0.0038227723673451086,0.0016685959981073079,0.008362123657150692,0.004539351289805584,0.010584951240033133
R3_GLYRS_HIGH,26,0.0007575250258771912,MetRS_MetAMP_PPi_tRNAfMetCAU,-0.014156637682580799,0.006581653376184386,0.015731706814169508,0.0015750691315887086,0.016716388946591373
R3_GLYRS_HIGH,26,0.0007575250258771912,MetRS_MetAMP_tRNAfMetCAU,-0.0971020157367974,-0.03699983931778439,0.09749648460270516,0.0003944688659077605,0.18139623472764435
R3_GLYRS_HIGH,26,0.0007575250258771912,MetRS_Met_ATP,0.07295111913509808,0.004971568317009287,0.14408083918403225,0.21703195831913033,0.23721658513976285
R3_GLYRS_HIGH,26,0.0007575250258771912,MetRS_Met_ATP_tRNAfMetCAU,-0.055490491466572214,0.027925242048593465,0.08351649334425436,0.028026001877682147,0.09002882283952873
R3_GLYRS_HIGH,26,0.0007575250258771912,MetRS_Met_tRNAfMetCAU,-0.003728723381755129,0.001876051892305843,0.005611377988045649,0.0018826546062905196,0.006048956951277485
R3_GLYRS_HIGH,26,0.0007575250258771912,MetRS_tRNAfMetCAU,-0.0002377642363169158,0.00041446640969695724,0.0014975111957229294,0.0012597469594060136,0.0015462384879236899
R3_GLYRS_HIGH,27,0.0008214343584919422,MetRS_AMP,-2.250440311178207e-06,-1.4323125326807839e-06,2.2506990195265125e-06,2.5870834830539687e-10,4.1789592717096665e-06
R3_GLYRS_HIGH,27,0.0008214343584919422,MetRS_AMP_MettRNAfMetCAU,-0.0013345877433653239,-0.0006774640766086311,0.001335726421085547,1.1386777202231988e-06,0.0024810126999107018
R3_GLYRS_HIGH,27,0.0008214343584919422,MetRS_ATP,0.08634113070902091,-0.010873723141455077,0.04529029984919459,0.1316314305582155,0.34328914655111564
R3_GLYRS_HIGH,27,0.0008214343584919422,MetRS_ATP_tRNAfMetCAU,-0.0033027591813518976,0.0062298089922989295,0.02233091210474483,0.01902815292339293,0.023123649604484205
R3_GLYRS_HIGH,27,0.0008214343584919422,MetRS_Met,0.005226012084562101,0.000306322917597561,0.009653277199985292,0.014879289284547393,0.01588100179364712
R3_GLYRS_HIGH,27,0.0008214343584919422,MetRS_MetAMP_PPi,-0.003356013993363071,0.0016659362806892303,0.008350783574141448,0.004994769580778377,0.010584951240033133
R3_GLYRS_HIGH,27,0.0008214343584919422,MetRS_MetAMP_PPi_tRNAfMetCAU,-0.013831628458583203,0.0065717102587181195,0.01571040017387415,0.001878771715290948,0.016716388946591373
R3_GLYRS_HIGH,27,0.0008214343584919422,MetRS_MetAMP_tRNAfMetCAU,-0.09714561716107385,-0.03693668262642434,0.09766256351131924,0.0005169463502453872,0.18139623472764435
R3_GLYRS_HIGH,27,0.0008214343584919422,MetRS_Met_ATP,0.0783653924489239,0.0049600788632963785,0.14388541982967892,0.22225081227860283,0.23721658513976285
R3_GLYRS_HIGH,27,0.0008214343584919422,MetRS_Met_ATP_tRNAfMetCAU,-0.052408017054910085,0.02788257393934871,0.0834033804717804,0.03099536341687032,0.09002882283952873
R3_GLYRS_HIGH,27,0.0008214343584919422,MetRS_Met_tRNAfMetCAU,-0.003521623023122309,0.0018731898010164974,0.005603790334975622,0.002082167311853313,0.006048956951277485
R3_GLYRS_HIGH,27,0.0008214343584919422,MetRS_tRNAfMetCAU,-0.0002232777160748702,0.0004138269730565959,0.0014954868420016278,0.0012722091259267576,0.0015462384879236899
R3_GLYRS_HIGH,28,0.000890735463861044,MetRS_AMP,-2.254845222709275e-06,-1.4294724507208297e-06,2.2552407281711226e-06,3.9550546184799527e-10,4.1789592717096665e-06
R3_GLYRS_HIGH,28,0.000890735463861044,MetRS_AMP_MettRNAfMetCAU,-0.0013368141866794173,-0.0006761090354001702,0.00133842179713657,1.6076104571528143e-06,0.0024810126999107018
R3_GLYRS_HIGH,28,0.000890735463861044,MetRS_ATP,0.07733652645172782,-0.010856645323924807,0.045217335965533734,0.12255386241726156,0.34328914655111564
R3_GLYRS_HIGH,28,0.000890735463861044,MetRS_ATP_tRNAfMetCAU,-0.0031233710549868655,0.006218373355156746,0.022294983108139987,0.019171612053153122,0.023123649604484205
R3_GLYRS_HIGH,28,0.000890735463861044,MetRS_Met,0.005545346883458525,0.00030545484329368557,0.009637740562494564,0.015183087445953088,0.01588100179364712
R3_GLYRS_HIGH,28,0.000890735463861044,MetRS_MetAMP_PPi,-0.00286769384994394,0.00166278014667926,0.008337326659429307,0.005469632809485367,0.010584951240033133
R3_GLYRS_HIGH,28,0.000890735463861044,MetRS_MetAMP_PPi_tRNAfMetCAU,-0.013455129013027374,0.006559910404535058,0.015685115993462548,0.0022299869804351742,0.016716388946591373
R3_GLYRS_HIGH,28,0.000890735463861044,MetRS_MetAMP_tRNAfMetCAU,-0.09718493786189192,-0.036861729550085064,0.0978596378003461,0.0006746999384541752,0.18139623472764435
R3_GLYRS_HIGH,28,0.000890735463861044,MetRS_Met_ATP,0.08313528718858068,0.004946444703311844,0.14365352237711373,0.22678880956569442,0.23721658513976285
R3_GLYRS_HIGH,28,0.000890735463861044,MetRS_Met_ATP_tRNAfMetCAU,-0.04912671119826601,0.027831936377949527,0.08326915154589713,0.03414244034763112,0.09002882283952873
R3_GLYRS_HIGH,28,0.000890735463861044,MetRS_Met_tRNAfMetCAU,-0.003301160669540339,0.0018697923498734125,0.005594784037463331,0.0022936233679229923,0.006048956951277485
R3_GLYRS_HIGH,28,0.000890735463861044,MetRS_tRNAfMetCAU,-0.0002112720341047945,0.0004130679245656281,0.0014930840040433494,0.001281811969938555,0.0015462384879236899
R3_GLYRS_HIGH,29,0.0009658832241158709,MetRS_AMP,-2.2600014209773206e-06,-1.426118815924946e-06,2.26060299963999e-06,6.01578662669555e-10,4.1789592717096665e-06
R3_GLYRS_HIGH,29,0.0009658832241158709,MetRS_AMP_MettRNAfMetCAU,-0.001339345252085651,-0.0006745089670155891,0.0013416041540926008,2.2589020069497153e-06,0.0024810126999107018
R3_GLYRS_HIGH,29,0.0009658832241158709,MetRS_ATP,0.06880503392732305,-0.010836480688562898,0.045131185612324834,0.11393621953964789,0.34328914655111564
R3_GLYRS_HIGH,29,0.0009658832241158709,MetRS_ATP_tRNAfMetCAU,-0.002973605042297961,0.006204869715119732,0.02225256015391052,0.01927895511161256,0.023123649604484205
R3_GLYRS_HIGH,29,0.0009658832241158709,MetRS_Met,0.0058172313481026396,0.00030442967594169833,0.009619392220071429,0.015436623568174069,0.01588100179364712
R3_GLYRS_HIGH,29,0.0009658832241158709,MetRS_MetAMP_PPi,-0.0023618349206110615,0.0016590536641901197,0.0083214376590876,0.005959602738476538,0.010584951240033133
R3_GLYRS_HIGH,29,0.0009658832241158709,MetRS_MetAMP_PPi_tRNAfMetCAU,-0.013022212663537584,0.006545977184865022,0.015655261837241186,0.002633049173703602,0.016716388946591373
R3_GLYRS_HIGH,29,0.0009658832241158709,MetRS_MetAMP_tRNAfMetCAU,-0.09721550313112676,-0.03677322259698897,0.09809231803592998,0.0008768149048032286,0.18139623472764435
R3_GLYRS_HIGH,29,0.0009658832241158709,MetRS_Met_ATP,0.08719648209199884,0.004930346516795751,0.1433797143209779,0.23057619641297675,0.23721658513976285
R3_GLYRS_HIGH,29,0.0009658832241158709,MetRS_Met_ATP_tRNAfMetCAU,-0.045657588790722986,0.02777214194359641,0.08311066142966625,0.03745307263894326,0.09002882283952873
R3_GLYRS_HIGH,29,0.0009658832241158709,MetRS_Met_tRNAfMetCAU,-0.003068076304581323,0.001865779736932057,0.005584147698100415,0.0025160713935190922,0.006048956951277485
R3_GLYRS_HIGH,29,0.0009658832241158709,MetRS_tRNAfMetCAU,-0.00020124545751051262,0.00041217143386873724,0.0014902462818300564,0.0012890008243195438,0.0015462384879236899
R3_GLYRS_HIGH,30,0.0010473708979594498,MetRS_AMP,-2.2659908273163684e-06,-1.4221794457412656e-06,2.2669009264866637e-06,9.100991702954775e-10,4.1789592717096665e-06
R3_GLYRS_HIGH,30,0.0010473708979594498,MetRS_AMP_MettRNAfMetCAU,-0.001342183714239646,-0.0006726294314134055,0.0013453417961399143,3.1580819002683594e-06,0.0024810126999107018
R3_GLYRS_HIGH,30,0.0010473708979594498,MetRS_ATP,0.06080130693963107,-0.010812795436973348,0.04502999609340985,0.10583130303304092,0.34328914655111564
R3_GLYRS_HIGH,30,0.0010473708979594498,MetRS_ATP_tRNAfMetCAU,-0.0028438705636164158,0.006189007354137123,0.022202730697038677,0.01935886013342226,0.023123649604484205
R3_GLYRS_HIGH,30,0.0010473708979594498,MetRS_Met,0.006038045448587156,0.0003032253442542538,0.009597836980058044,0.0156358824286452,0.01588100179364712
R3_GLYRS_HIGH,30,0.0010473708979594498,MetRS_MetAMP_PPi,-0.001843416658439713,0.0016546766972179178,0.008302774869994178,0.006459358211554465,0.010584951240033133
R3_GLYRS_HIGH,30,0.0010473708979594498,MetRS_MetAMP_PPi_tRNAfMetCAU,-0.012528364351914989,0.00652961072529313,0.01562019553422854,0.0030918311823135507,0.016716388946591373
R3_GLYRS_HIGH,30,0.0010473708979594498,MetRS_MetAMP_tRNAfMetCAU,-0.09723128418552233,-0.036669256672638616,0.09836559832601467,0.0011343141404923413,0.18139623472764435
R3_GLYRS_HIGH,30,0.0010473708979594498,MetRS_Met_ATP,0.09049488888743126,0.004911438246919137,0.14305810740907393,0.2335529962965052,0.23721658513976285
R3_GLYRS_HIGH,30,0.0010473708979594498,MetRS_Met_ATP_tRNAfMetCAU,-0.042016032834081445,0.027701903433946875,0.08292450095088703,0.04090846811680559,0.09002882283952873
R3_GLYRS_HIGH,30,0.0010473708979594498,MetRS_Met_tRNAfMetCAU,-0.002823403466510977,0.0018610654535962832,0.005571652170714614,0.0027482487042036373,0.006048956951277485
R3_GLYRS_HIGH,30,0.0010473708979594498,MetRS_tRNAfMetCAU,-0.0001925567651177994,0.00041111817188909907,0.0014869125396320183,0.0012943557745142189,0.0015462384879236899
R3_GLYRS_HIGH,31,0.001135733358343105,MetRS_AMP,-2.2728885659795595e-06,-1.417577110248533e-06,2.2742575237824845e-06,1.3689578029248398e-09,4.1789592717096665e-06
R3_GLYRS_HIGH,31,0.001135733358343105,MetRS_AMP_MettRNAfMetCAU,-0.0013453161074253959,-0.0006704335803837947,0.0013497077292558485,4.39162183045257e-06,0.0024810126999107018
R3_GLYRS_HIGH,31,0.001135733358343105,MetRS_ATP,0.05336964796954136,-0.010785125430738412,0.044911785323831686,0.09828143329337305,0.34328914655111564
R3_GLYRS_HIGH,31,0.001135733358343105,MetRS_ATP_tRNAfMetCAU,-0.0027227823411447895,0.006170475203418436,0.022144518401649615,0.019421736060504825,0.023123649604484205
R3_GLYRS_HIGH,31,0.001135733358343105,MetRS_Met,0.006205017658947732,0.0003018182411254189,0.009572652054726917,0.01577766971367465,0.01588100179364712
R3_GLYRS_HIGH,31,0.001135733358343105,MetRS_MetAMP_PPi,-0.0013183369081257819,0.0016495635127318443,0.008280972728572469,0.006962635820446687,0.010584951240033133
R3_GLYRS_HIGH,31,0.001135733358343105,MetRS_MetAMP_PPi_tRNAfMetCAU,-0.01196976313245244,0.006510490163587369,0.015579230028494928,0.003609466896042488,0.016716388946591373
R3_GLYRS_HIGH,31,0.001135733358343105,MetRS_MetAMP_tRNAfMetCAU,-0.09722438808272328,-0.036547793475948435,0.09868481655325775,0.0014604284705344655,0.18139623472764435
R3_GLYRS_HIGH,31,0.001135733358343105,MetRS_Met_ATP,0.09298908755897242,0.0048893497542523085,0.14268240226574747,0.2356714898247199,0.23721658513976285
R3_GLYRS_HIGH,31,0.001135733358343105,MetRS_Met_ATP_tRNAfMetCAU,-0.03822179072755188,0.027619843559317618,0.08270702265204209,0.044485231924490214,0.09002882283952873
R3_GLYRS_HIGH,31,0.001135733358343105,MetRS_Met_tRNAfMetCAU,-0.0025684690050131152,0.0018555569362880553,0.00555705229154993,0.0029885832865368146,0.006048956951277485
R3_GLYRS_HIGH,31,0.001135733358343105,MetRS_tRNAfMetCAU,-0.00018444475120898626,0.00040988745636291306,0.0014830173677096439,0.0012985726165006576,0.0015462384879236899
R3_GLYRS_HIGH,32,0.0012315506032928262,MetRS_AMP,-2.2807558131332967e-06,-1.412230308510193e-06,2.282802425499477e-06,2.0466123661801236e-09,4.1789592717096665e-06
R3_GLYRS_HIGH,32,0.0012315506032928262,MetRS_AMP_MettRNAfMetCAU,-0.0013487064657593504,-0.0006678825280263625,0.0013547788875488368,6.072421789486314e-06,0.0024810126999107018
R3_GLYRS_HIGH,32,0.0012315506032928262,MetRS_ATP,0.046542078922394266,-0.010752980843453747,0.044774461785387874,0.09131654070778214,0.34328914655111564
R3_GLYRS_HIGH,32,0.0012315506032928262,MetRS_ATP_tRNAfMetCAU,-0.0025976373131105165,0.006148944959899595,0.02207689294341171,0.019479255630301194,0.023123649604484205
R3_GLYRS_HIGH,32,0.0012315506032928262,MetRS_Met,0.00631636682663784,0.00030018346463190796,0.00954339132181222,0.01585975814845006,0.01588100179364712
R3_GLYRS_HIGH,32,0.0012315506032928262,MetRS_MetAMP_PPi,-0.0007933166189823945,0.0016436236445671465,0.008255645492707023,0.007462328873724629,0.010584951240033133
R3_GLYRS_HIGH,32,0.0012315506032928262,MetRS_MetAMP_PPi_tRNAfMetCAU,-0.011343599341411683,0.0064882768645016155,0.015531640279367183,0.0041880409379555,0.016716388946591373
R3_GLYRS_HIGH,32,0.0012315506032928262,MetRS_MetAMP_tRNAfMetCAU,-0.09718474256900816,-0.036406681997424785,0.09905559780834572,0.0018708552393375561,0.18139623472764435
R3_GLYRS_HIGH,32,0.0012315506032928262,MetRS_Met_ATP,0.09465244529121541,0.00486369059177145,0.14224595185725267,0.23689839714846808,0.23721658513976285
R3_GLYRS_HIGH,32,0.0012315506032928262,MetRS_Met_ATP_tRNAfMetCAU,-0.03429878035079184,0.027524508746045596,0.08245437742272552,0.048155597071933676,0.09002882283952873
R3_GLYRS_HIGH,32,0.0012315506032928262,MetRS_Met_tRNAfMetCAU,-0.0023048800544484905,0.0018491564943505087,0.005540089342109537,0.003235209287661046,0.006048956951277485
R3_GLYRS_HIGH,32,0.0012315506032928262,MetRS_tRNAfMetCAU,-0.0001760601089774883,0.0004084574590947958,0.001478491739183246,0.0013024316302057577,0.0015462384879236899
R3_GLYRS_HIGH,33,0.0013354515629298987,MetRS_AMP,-2.289630351820382e-06,-1.4060542538536688e-06,2.2926702231792912e-06,3.0398713589090266e-09,4.1789592717096665e-06
R3_GLYRS_HIGH,33,0.0013354515629298987,MetRS_AMP_MettRNAfMetCAU,-0.0013522889493920896,-0.0006649358209061866,0.0013606351473053097,8.34619791322018e-06,0.0024810126999107018
R3_GLYRS_HIGH,33,0.0013354515629298987,MetRS_ATP,0.0403368638099546,-0.010715852058036691,0.044615849827185326,0.08495271363713992,0.34328914655111564
R3_GLYRS_HIGH,33,0.0013354515629298987,MetRS_ATP_tRNAfMetCAU,-0.002455074282129488,0.006124075040552662,0.021998782437456045,0.019543708155326557,0.023123649604484205
R3_GLYRS_HIGH,33,0.0013354515629298987,MetRS_Met,0.006371411067379351,0.00029829512402963044,0.009509590726267768,0.01588100179364712,0.01588100179364712
R3_GLYRS_HIGH,33,0.0013354515629298987,MetRS_MetAMP_PPi,-0.0002757415388210758,0.0016367629893311155,0.008226391909756822,0.007950650370935746,0.010584951240033133
R3_GLYRS_HIGH,33,0.0013354515629298987,MetRS_MetAMP_PPi_tRNAfMetCAU,-0.0106484123295071,0.0064626184981425305,0.015476672009635112,0.004828259680128013,0.016716388946591373
R3_GLYRS_HIGH,33,0.0013354515629298987,MetRS_MetAMP_tRNAfMetCAU,-0.0970997975395557,-0.03624368453403753,0.09948378230134956,0.002383984761793869,0.18139623472764435
R3_GLYRS_HIGH,33,0.0013354515629298987,MetRS_Met_ATP,0.0954747431853146,0.0048340547975308824,0.14174184195444825,0.23721658513976285,0.23721658513976285
R3_GLYRS_HIGH,33,0.0013354515629298987,MetRS_Met_ATP_tRNAfMetCAU,-0.03027469832496449,0.02741438664881352,0.0821625609429428,0.051887862617978314,0.09002882283952873
R3_GLYRS_HIGH,33,0.0013354515629298987,MetRS_Met_tRNAfMetCAU,-0.0020344977112324715,0.001841762487313668,0.0055204941716937555,0.003485996460461284,0.006048956951277485
R3_GLYRS_HIGH,33,0.0013354515629298987,MetRS_tRNAfMetCAU,-0.00016650953117881492,0.0004068054689414136,0.0014732638428677748,0.0013067543116889598,0.0015462384879236899
R3_GLYRS_HIGH,34,0.001448118227674533,MetRS_AMP,-2.2995144784485628e-06,-1.398962015157377e-06,2.30399852326426e-06,4.484044815697287e-09,4.1789592717096665e-06
R3_GLYRS_HIGH,34,0.001448118227674533,MetRS_AMP_MettRNAfMetCAU,-0.0013559594915628318,-0.0006615519827404571,0.0013673581740705162,1.1398682507684471e-05,0.0024810126999107018
R3_GLYRS_HIGH,34,0.001448118227674533,MetRS_ATP,0.034757642066881166,-0.010673216487765811,0.04443371894561781,0.07919136101249898,0.34328914655111564
R3_GLYRS_HIGH,34,0.001448118227674533,MetRS_ATP_tRNAfMetCAU,-0.0022818930163474097,0.006095515161306527,0.021909087816724352,0.019627194800376942,0.023123649604484205
R3_GLYRS_HIGH,34,0.001448118227674533,MetRS_Met,0.006370632667709842,0.0002961266949017353,0.009470774532247086,0.015841407199956928,0.01588100179364712
R3_GLYRS_HIGH,34,0.001448118227674533,MetRS_MetAMP_PPi,0.00022656049115419782,0.0016288850756213183,0.008192800618848658,0.008419361110002856,0.010584951240033133
R3_GLYRS_HIGH,34,0.001448118227674533,MetRS_MetAMP_PPi_tRNAfMetCAU,-0.009884428237028637,0.0064331537615029515,0.015413551826663487,0.00552912358963485,0.016716388946591373
R3_GLYRS_HIGH,34,0.001448118227674533,MetRS_MetAMP_tRNAfMetCAU,-0.09695427171052354,-0.036056506830941124,0.09997534106523946,0.003021069354715921,0.18139623472764435
R3_GLYRS_HIGH,34,0.001448118227674533,MetRS_Met_ATP,0.09546314622349386,0.00480002645613694,0.1411629842554384,0.23662613047893227,0.23721658513976285
R3_GLYRS_HIGH,34,0.001448118227674533,MetRS_Met_ATP_tRNAfMetCAU,-0.026180441501671856,0.027287926426819365,0.0818274674150657,0.05564702591339385,0.09002882283952873
R3_GLYRS_HIGH,34,0.001448118227674533,MetRS_Met_tRNAfMetCAU,-0.0017593981573479195,0.0018332706880274628,0.00549799081016333,0.0037385926528154105,0.006048956951277485
R3_GLYRS_HIGH,34,0.001448118227674533,MetRS_tRNAfMetCAU,-0.0001549104716626901,0.0004049081963519514,0.0014672600468609433,0.0013123495751982532,0.0015462384879236899
R3_GLYRS_HIGH,35,0.0015702901247293774,MetRS_AMP,-2.3103599790282394e-06,-1.3908657268492853e-06,2.3169258532304326e-06,6.565874202193286e-09,4.1789592717096665e-06
R3_GLYRS_HIGH,35,0.0015702901247293774,MetRS_AMP_MettRNAfMetCAU,-0.0013595667646436555,-0.000657689091879755,0.0013750301799976077,1.5463415353952263e-05,0.0024810126999107018
R3_GLYRS_HIGH,35,0.0015702901247293774,MetRS_ATP,0.029793303044360703,-0.01062454578937097,0.0442258147786931,0.0740191178230538,0.34328914655111564
R3_GLYRS_HIGH,35,0.0015702901247293774,MetRS_ATP_tRNAfMetCAU,-0.002065985803116545,0.006062911187117538,0.02180669804493283,0.019740712241816286,0.023123649604484205
R3_GLYRS_HIGH,35,0.0015702901247293774,MetRS_Met,0.006315690109618209,0.0002936513970353344,0.009426461942204017,0.015742152051822226,0.01588100179364712
R3_GLYRS_HIGH,35,0.0015702901247293774,MetRS_MetAMP_PPi,0.0007056021329694424,0.0016198924092045545,0.008154455869667869,0.008860058002637311,0.010584951240033133
R3_GLYRS_HIGH,35,0.0015702901247293774,MetRS_MetAMP_PPi_tRNAfMetCAU,-0.009053871238730846,0.006399517378007778,0.015341497931187498,0.006287626692456652,0.016716388946591373
R3_GLYRS_HIGH,35,0.0015702901247293774,MetRS_MetAMP_tRNAfMetCAU,-0.0967299796082735,-0.03584283004289951,0.10053628509860134,0.0038063054903278454,0.18139623472764435
R3_GLYRS_HIGH,35,0.0015702901247293774,MetRS_Met_ATP,0.09464238377759704,0.004761185614250812,0.14050221496863866,0.2351445987462357,0.23721658513976285
R3_GLYRS_HIGH,35,0.0015702901247293774,MetRS_Met_ATP_tRNAfMetCAU,-0.022049374021709228,0.027143560217489985,0.08144494641593615,0.05939557239422692,0.09002882283952873
R3_GLYRS_HIGH,35,0.0015702901247293774,MetRS_Met_tRNAfMetCAU,-0.0014818234030853214,0.0018235757264168293,0.005472300290800252,0.003990476887714931,0.006048956951277485
R3_GLYRS_HIGH,35,0.0015702901247293774,MetRS_tRNAfMetCAU,-0.0001404534256474047,0.0004027420959701864,0.0014604059181459999,0.0013199524924985952,0.0015462384879236899
R3_GLYRS_HIGH,36,0.0017027691722258996,MetRS_AMP,-2.322050044373042e-06,-1.3816777443687706e-06,2.3315896010090765e-06,9.539556636034407e-09,4.1789592717096665e-06
R3_GLYRS_HIGH,36,0.0017027691722258996,MetRS_AMP_MettRNAfMetCAU,-0.0013629029685904225,-0.0006533053329256274,0.0013837327009525286,2.0829732362105964e-05,0.0024810126999107018
R3_GLYRS_HIGH,36,0.0017027691722258996,MetRS_ATP,0.025418683454574563,-0.010569312721839969,0.04398988863766382,0.06940857209223839,0.34328914655111564
R3_GLYRS_HIGH,36,0.0017027691722258996,MetRS_ATP_tRNAfMetCAU,-0.0017973107827903324,0.006025909756597461,0.021690504596384757,0.019893193813594424,0.023123649604484205
R3_GLYRS_HIGH,36,0.0017027691722258996,MetRS_Met,0.006209371892699003,0.0002908425578277001,0.009376173405705004,0.015585545298404007,0.01588100179364712
R3_GLYRS_HIGH,36,0.0017027691722258996,MetRS_MetAMP_PPi,0.0011535675547986839,0.0016096877573634773,0.008110942971825177,0.009264510526623861,0.010584951240033133
R3_GLYRS_HIGH,36,0.0017027691722258996,MetRS_MetAMP_PPi_tRNAfMetCAU,-0.008161217026186005,0.00636134486216605,0.01525973031048188,0.007098513284295876,0.016716388946591373
R3_GLYRS_HIGH,36,0.0017027691722258996,MetRS_MetAMP_tRNAfMetCAU,-0.09640577900823133,-0.03560034127253021,0.10117257595281298,0.0047667969445816544,0.18139623472764435
R3_GLYRS_HIGH,36,0.0017027691722258996,MetRS_Met_ATP,0.09305406110926193,0.004717113966323008,0.13975238876191168,0.2328064498711736,0.23721658513976285
R3_GLYRS_HIGH,36,0.0017027691722258996,MetRS_Met_ATP_tRNAfMetCAU,-0.017916493274338197,0.02697972360743135,0.08101085701183067,0.06309436373749247,0.09002882283952873
R3_GLYRS_HIGH,36,0.0017027691722258996,MetRS_Met_tRNAfMetCAU,-0.001204125232894866,0.0018125724659996984,0.005443144289617903,0.004239019056723037,0.006048956951277485
R3_GLYRS_HIGH,36,0.0017027691722258996,MetRS_tRNAfMetCAU,-0.00012246700384413206,0.0004002836742856844,0.0014526271931894633,0.0013301601893453312,0.0015462384879236899
R3_GLYRS_HIGH,37,0.0018464249428955426,MetRS_AMP,-2.3343782527656974e-06,-1.371311591757815e-06,2.3481242191078102e-06,1.374596634211281e-08,4.1789592717096665e-06
R3_GLYRS_HIGH,37,0.0018464249428955426,MetRS_AMP_MettRNAfMetCAU,-0.0013656951839380138,-0.0006483594491883062,0.0013935455307107253,2.785034677271152e-05,0.0024810126999107018
R3_GLYRS_HIGH,37,0.0018464249428955426,MetRS_ATP,0.02159610200585175,-0.01050699671903488,0.043723721605711315,0.06531982361156306,0.34328914655111564
R3_GLYRS_HIGH,37,0.0018464249428955426,MetRS_ATP_tRNAfMetCAU,-0.0014688167795656702,0.005984162060762615,0.0215594132456233,0.02009059646605763,0.023123649604484205
R3_GLYRS_HIGH,37,0.0018464249428955426,MetRS_Met,0.006055491657395443,0.0002876739147137006,0.009319435771182792,0.015374927428578235,0.01588100179364712
R3_GLYRS_HIGH,37,0.0018464249428955426,MetRS_MetAMP_PPi,0.0015631729875497866,0.0015981752015221565,0.00806185274254901,0.009625025730098796,0.010584951240033133
R3_GLYRS_HIGH,37,0.0018464249428955426,MetRS_MetAMP_PPi_tRNAfMetCAU,-0.007213355250072849,0.006318276408601554,0.01516747903870667,0.00795412378863382,0.016716388946591373
R3_GLYRS_HIGH,37,0.0018464249428955426,MetRS_MetAMP_tRNAfMetCAU,-0.09595768127226656,-0.03532675863304675,0.1018900478050973,0.0059323665328307445,0.18139623472764435
R3_GLYRS_HIGH,37,0.0018464249428955426,MetRS_Met_ATP,0.0907550943799077,0.004667399580760787,0.1389064554604616,0.2296615498403693,0.23721658513976285
R3_GLYRS_HIGH,37,0.0018464249428955426,MetRS_Met_ATP_tRNAfMetCAU,-0.013817564864437151,0.0267948723518094,0.08052111182505167,0.06670354696061452,0.09002882283952873
R3_GLYRS_HIGH,37,0.0018464249428955426,MetRS_Met_tRNAfMetCAU,-0.0009287070660402418,0.001800157128438282,0.0054102480897265225,0.004481541023686281,0.006048956951277485
R3_GLYRS_HIGH,37,0.0018464249428955426,MetRS_tRNAfMetCAU,-0.0001004797642894645,0.0003975097410859902,0.0014438505684317034,0.0013433708041422389,0.0015462384879236899
R3_GLYRS_HIGH,38,0.0020022003718155844,MetRS_AMP,-2.3470251459927876e-06,-1.359682528351665e-06,2.366659953172867e-06,1.9634807180079424e-08,4.1789592717096665e-06
R3_GLYRS_HIGH,38,0.0020022003718155844,MetRS_AMP_MettRNAfMetCAU,-0.0013675982839719038,-0.0006428110136185012,0.0014045459663949607,3.694768242305688e-05,0.0024810126999107018
R3_GLYRS_HIGH,38,0.0020022003718155844,MetRS_ATP,0.018277664566247118,-0.010437087128924537,0.04342513874322589,0.06170280330947301,0.34328914655111564
R3_GLYRS_HIGH,38,0.0020022003718155844,MetRS_ATP_tRNAfMetCAU,-0.001077218336259126,0.005937326078581547,0.021412350967812285,0.02033513263155316,0.023123649604484205
R3_GLYRS_HIGH,38,0.0020022003718155844,MetRS_Met,0.005858729785905188,0.00028411980437370707,0.009255785329313988,0.015114515115219176,0.01588100179364712
R3_GLYRS_HIGH,38,0.0020022003718155844,MetRS_MetAMP_PPi,0.0019280312294889263,0.0015852607661434963,0.00800678413006853,0.009934815359557456,0.010584951240033133
R3_GLYRS_HIGH,38,0.0020022003718155844,MetRS_MetAMP_PPi_tRNAfMetCAU,-0.00621962940001046,0.006269959185402209,0.015063989136882597,0.008844359736872138,0.016716388946591373
R3_GLYRS_HIGH,38,0.0020022003718155844,MetRS_MetAMP_tRNAfMetCAU,-0.09535916530909747,-0.035019846281669806,0.10269435228818494,0.007335186979087474,0.18139623472764435
R3_GLYRS_HIGH,38,0.0020022003718155844,MetRS_Met_ATP,0.08781534637671515,0.004611639846820521,0.13795750531925863,0.22577285169597378,0.23721658513976285
R3_GLYRS_HIGH,38,0.0020022003718155844,MetRS_Met_ATP_tRNAfMetCAU,-0.009788304908411788,0.02658749225293136,0.07997170283652945,0.07018339792811766,0.09002882283952873
R3_GLYRS_HIGH,38,0.0020022003718155844,MetRS_Met_tRNAfMetCAU,-0.0006579689961118381,0.0017862279585034008,0.005373342318541199,0.004715373322429361,0.006048956951277485
R3_GLYRS_HIGH,38,0.0020022003718155844,MetRS_tRNAfMetCAU,-7.42720294921134e-05,0.0003943975583471156,0.0014340041633403298,0.0013597321338482164,0.0015462384879236899
R3_GLYRS_HIGH,39,0.002171117945694505,MetRS_AMP,-2.359533484108721e-06,-1.346707562719395e-06,2.3873223526155657e-06,2.778886850684476e-08,4.1789592717096665e-06
R3_GLYRS_HIGH,39,0.002171117945694505,MetRS_AMP_MettRNAfMetCAU,-0.0013681906348645995,-0.0006366204360510868,0.0014168085180462722,4.861788318167278e-05,0.0024810126999107018
R3_GLYRS_HIGH,39,0.002171117945694505,MetRS_ATP,0.015408188247545224,-0.010359083074315215,0.04309200894896795,0.05850019719651317,0.34328914655111564
R3_GLYRS_HIGH,39,0.002171117945694505,MetRS_ATP_tRNAfMetCAU,-0.0006235215393308804,0.005885066573425529,0.021248265755685718,0.020624744216354837,0.023123649604484205
R3_GLYRS_HIGH,39,0.002171117945694505,MetRS_Met,0.005624432481190638,0.00028015518668171845,0.009184767798718171,0.01480920027990881,0.01588100179364712
R3_GLYRS_HIGH,39,0.002171117945694505,MetRS_MetAMP_PPi,0.00224298958937306,0.001570852432391825,0.007945344191868516,0.010188333781241576,0.010584951240033133
R3_GLYRS_HIGH,39,0.002171117945694505,MetRS_MetAMP_PPi_tRNAfMetCAU,-0.005191729041774815,0.0062160473132602,0.014948520448487889,0.009756791406713074,0.016716388946591373
R3_GLYRS_HIGH,39,0.002171117945694505,MetRS_MetAMP_tRNAfMetCAU,-0.0945817289745923,-0.034677414881196786,0.10359093725539327,0.00900920828080097,0.18139623472764435
R3_GLYRS_HIGH,39,0.002171117945694505,MetRS_Met_ATP,0.08431462710807924,0.004549441825673102,0.13689876872693288,0.22121339583501212,0.23721658513976285
R3_GLYRS_HIGH,39,0.002171117945694505,MetRS_Met_ATP_tRNAfMetCAU,-0.005863683732482278,0.02635609911535733,0.07935870072760355,0.07349501699512127,0.09002882283952873
R3_GLYRS_HIGH,39,0.002171117945694505,MetRS_Met_tRNAfMetCAU,-0.0003942609883898114,0.001770685222255968,0.005332162906837474,0.004937901918447662,0.006048956951277485
R3_GLYRS_HIGH,39,0.002171117945694505,MetRS_tRNAfMetCAU,-4.391104201804572e-05,0.0003909248402907117,0.001423017509016307,0.0013791064669982612,0.0015462384879236899
R3_GLYRS_HIGH,40,0.0023542864143224177,MetRS_AMP,-2.371283991814598e-06,-1.332304768091994e-06,2.410232777151599e-06,3.8948785337001e-08,4.1789592717096665e-06
R3_GLYRS_HIGH,40,0.0023542864143224177,MetRS_AMP_MettRNAfMetCAU,-0.0013669739831432322,-0.0006297486375584148,0.0014304052092412472,6.343122609801494e-05,0.0024810126999107018
R3_GLYRS_HIGH,40,0.0023542864143224177,MetRS_ATP,0.0129285160295129,-0.010272489053421152,0.04272222672460047,0.05565074275411337,0.34328914655111564
R3_GLYRS_HIGH,40,0.0023542864143224177,MetRS_ATP_tRNAfMetCAU,-0.0001132187994051792,0.0058270522637040075,0.02106611750321212,0.02095289870380694,0.023123649604484205
R3_GLYRS_HIGH,40,0.0023542864143224177,MetRS_Met,0.0053583844113844065,0.0002757554597036304,0.009105934453521576,0.014464318864905982,0.01588100179364712
R3_GLYRS_HIGH,40,0.0023542864143224177,MetRS_MetAMP_PPi,0.002504408966794585,0.0015548593752759546,0.007877144735797788,0.010381553702592373,0.010584951240033133
R3_GLYRS_HIGH,40,0.0023542864143224177,MetRS_MetAMP_PPi_tRNAfMetCAU,-0.0041434207077982385,0.006156198924655587,0.014820341229034827,0.010676920521236588,0.016716388946591373
R3_GLYRS_HIGH,40,0.0023542864143224177,MetRS_MetAMP_tRNAfMetCAU,-0.09359569894240215,-0.034297303663936976,0.10458506876046707,0.010989369818064924,0.18139623472764435
R3_GLYRS_HIGH,40,0.0023542864143224177,MetRS_Met_ATP,0.08033929937604117,0.00448041932008105,0.13572355841730102,0.2160628577933422,0.23721658513976285
R3_GLYRS_HIGH,40,0.0023542864143224177,MetRS_Met_ATP_tRNAfMetCAU,-0.0020774061372205443,0.026099226178795648,0.07867822085082112,0.07660081471360057,0.09002882283952873
R3_GLYRS_HIGH,40,0.0023542864143224177,MetRS_Met_tRNAfMetCAU,-0.00013984794351596958,0.0017534303637517766,0.005286448805084943,0.005146600861568974,0.006048956951277485
R3_GLYRS_HIGH,40,0.0023542864143224177,MetRS_tRNAfMetCAU,-9.763986834806018e-06,0.0003870695655903674,0.0014108209383940629,0.0014010569515592569,0.0015462384879236899
R3_GLYRS_HIGH,41,0.0025529080682395165,MetRS_AMP,-2.381474277381532e-06,-1.3163918142132128e-06,2.4355100199600897e-06,5.403574257855747e-08,4.1789592717096665e-06
R3_GLYRS_HIGH,41,0.0025529080682395165,MetRS_AMP_MettRNAfMetCAU,-0.0013633789812064145,-0.0006221563509121743,0.0014454065403918107,8.202755918539625e-05,0.0024810126999107018
R3_GLYRS_HIGH,41,0.0025529080682395165,MetRS_ATP,0.010778938393005054,-0.010176805754977833,0.042313673610488586,0.05309261200349364,0.34328914655111564
R3_GLYRS_HIGH,41,0.0025529080682395165,MetRS_ATP_tRNAfMetCAU,0.00044389580286803565,0.005762949818963581,0.020864858855962082,0.021308754658830118,0.023123649604484205
R3_GLYRS_HIGH,41,0.0025529080682395165,MetRS_Met,0.005066574404682268,0.00027089604011951667,0.009018833916505176,0.014085408321187444,0.01588100179364712
R3_GLYRS_HIGH,41,0.0025529080682395165,MetRS_MetAMP_PPi,0.002710354118082333,0.0015371903287065107,0.007801795212451705,0.010512149330534038,0.010584951240033133
R3_GLYRS_HIGH,41,0.0025529080682395165,MetRS_MetAMP_PPi_tRNAfMetCAU,-0.0030901193604441716,0.0060900699431108065,0.014678714675742879,0.011588595315298707,0.016716388946591373
R3_GLYRS_HIGH,41,0.0025529080682395165,MetRS_MetAMP_tRNAfMetCAU,-0.09237130146354312,-0.03387734183174266,0.10568190148991029,0.013310600026367159,0.18139623472764435
R3_GLYRS_HIGH,41,0.0025529080682395165,MetRS_Met_ATP,0.07597878018289753,0.004404186260494365,0.13442514709656955,0.21040392727946708,0.23721658513976285
R3_GLYRS_HIGH,41,0.0025529080682395165,MetRS_Met_ATP_tRNAfMetCAU,0.0015384095031816258,0.025815397484617968,0.07792635172134084,0.07946476122452246,0.09002882283952873
R3_GLYRS_HIGH,41,0.0025529080682395165,MetRS_Met_tRNAfMetCAU,0.00010311187463794141,0.0017343642164261452,0.005235937180739082,0.0053390490553770235,0.006048956951277485
R3_GLYRS_HIGH,41,0.0025529080682395165,MetRS_tRNAfMetCAU,2.751435524977813e-05,0.0003828095785273119,0.0013973443042941635,0.0014248586595439416,0.0015462384879236899
R3_GLYRS_HIGH,42,0.0027682866303920667,MetRS_AMP,-2.3891045338550556e-06,-1.2988837211822617e-06,2.4632730243024833e-06,7.416849044742787e-08,4.1789592717096665e-06
R3_GLYRS_HIGH,42,0.0027682866303920667,MetRS_AMP_MettRNAfMetCAU,-0.0013567776742747996,-0.0006138030501946131,0.0014618831009828215,0.00010510542670802177,0.0024810126999107018
R3_GLYRS_HIGH,42,0.0027682866303920667,MetRS_ATP,0.008902416876102041,-0.010071516119550412,0.041864159435164465,0.050766576311266506,0.34328914655111564
R3_GLYRS_HIGH,42,0.0027682866303920667,MetRS_ATP_tRNAfMetCAU,0.0010342930602162057,0.005692414704714027,0.020643406099551724,0.02167769915976793,0.023123649604484205
R3_GLYRS_HIGH,42,0.0027682866303920667,MetRS_Met,0.004754974573059446,0.0002655517115694736,0.008922999647848467,0.013677974220907912,0.01588100179364712
R3_GLYRS_HIGH,42,0.0027682866303920667,MetRS_MetAMP_PPi,0.002860672128306798,0.0015177510854897127,0.0077188918851961935,0.010579564013502992,0.010584951240033133
R3_GLYRS_HIGH,42,0.0027682866303920667,MetRS_MetAMP_PPi_tRNAfMetCAU,-0.0020483204388529602,0.006017304606640536,0.014522878447817944,0.012474558008964983,0.016716388946591373
R3_GLYRS_HIGH,42,0.0027682866303920667,MetRS_MetAMP_tRNAfMetCAU,-0.09087997301676291,-0.03341528946130419,0.10688659664285576,0.01600662362609284,0.18139623472764435
R3_GLYRS_HIGH,42,0.0027682866303920667,MetRS_Met_ATP,0.07132224219986949,0.004320346446594985,0.13299658093974448,0.20431882313961397,0.23721658513976285
R3_GLYRS_HIGH,42,0.0027682866303920667,MetRS_Met_ATP_tRNAfMetCAU,0.004953373528128829,0.02550308727991324,0.07709904629704449,0.08205241982517332,0.09002882283952873
R3_GLYRS_HIGH,42,0.0027682866303920667,MetRS_Met_tRNAfMetCAU,0.00033257640455220446,0.001713384276050839,0.005180356114262254,0.005512932518814458,0.006048956951277485
R3_GLYRS_HIGH,42,0.0027682866303920667,MetRS_tRNAfMetCAU,6.70194874933239e-05,0.0003781219806216232,0.0013825150300439447,0.0014495345175372686,0.0015462384879236899
R3_GLYRS_HIGH,43,0.003001835813575589,MetRS_AMP,-2.392974472947714e-06,-1.279689963272319e-06,2.493644483297545e-06,1.0067001034983085e-07,4.1789592717096665e-06
R3_GLYRS_HIGH,43,0.003001835813575589,MetRS_AMP_MettRNAfMetCAU,-0.001346503913927585,-0.0006046455704340743,0.0014799077059382037,0.0001334037920106185,0.0024810126999107018
R3_GLYRS_HIGH,43,0.003001835813575589,MetRS_ATP,0.007247323907679286,-0.009956067410407355,0.04137134663831259,0.04861867054599187,0.34328914655111564
R3_GLYRS_HIGH,43,0.003001835813575589,MetRS_ATP_tRNAfMetCAU,0.0016416081377368871,0.005615079388026552,0.02040060169602306,0.022042209833759947,0.023123649604484205
R3_GLYRS_HIGH,43,0.003001835813575589,MetRS_Met,0.00442935117844878,0.0002596957802636309,0.008817933824157452,0.013247285002606232,0.01588100179364712
R3_GLYRS_HIGH,43,0.003001835813575589,MetRS_MetAMP_PPi,0.0029569473608936072,0.0014964412739385915,0.0076280038791395255,0.010584951240033133,0.010584951240033133
R3_GLYRS_HIGH,43,0.003001835813575589,MetRS_MetAMP_PPi_tRNAfMetCAU,-0.0010349302865849223,0.0059375232641871185,0.014352018310537486,0.013317088023952563,0.016716388946591373
R3_GLYRS_HIGH,43,0.003001835813575589,MetRS_MetAMP_tRNAfMetCAU,-0.08909586366679456,-0.03290876128191069,0.10820447813295629,0.019108614466161727,0.18139623472764435
R3_GLYRS_HIGH,43,0.003001835813575589,MetRS_Met_ATP,0.06645578874664695,0.004228480261297867,0.13143043931511345,0.1978862280617604,0.23721658513976285
R3_GLYRS_HIGH,43,0.003001835813575589,MetRS_Met_ATP_tRNAfMetCAU,0.008138852889776699,0.025160667728366552,0.07619198206320565,0.08433083495298235,0.09002882283952873
R3_GLYRS_HIGH,43,0.003001835813575589,MetRS_Met_tRNAfMetCAU,0.0005466216612489451,0.0016903811876570665,0.0051194151979036834,0.0056660368591526285,0.006048956951277485
R3_GLYRS_HIGH,43,0.003001835813575589,MetRS_tRNAfMetCAU,0.00010765733902960619,0.00037298234675634873,0.0013662556004327552,0.0014739129394623614,0.0015462384879236899
R3_GLYRS_HIGH,44,0.0032550885998350564,MetRS_AMP,-2.391696468858305e-06,-1.2587111896774315e-06,2.5267548995488435e-06,1.3505843069053857e-07,4.1789592717096665e-06
R3_GLYRS_HIGH,44,0.0032550885998350564,MetRS_AMP_MettRNAfMetCAU,-0.0013318820440542203,-0.000594636544671706,0.0014995578048969357,0.0001676757608427155,0.0024810126999107018
R3_GLYRS_HIGH,44,0.0032550885998350564,MetRS_ATP,0.00576947394273384,-0.009829850899539623,0.040832664512152644,0.046602138454886484,0.34328914655111564
R3_GLYRS_HIGH,44,0.0032550885998350564,MetRS_ATP_tRNAfMetCAU,0.0022477769542628596,0.005530539978631154,0.020135171848230604,0.022382948802493464,0.023123649604484205
R3_GLYRS_HIGH,44,0.0032550885998350564,MetRS_Met,0.004095120622851169,0.0002532991194521269,0.008703089066769096,0.012798209689620265,0.01588100179364712
R3_GLYRS_HIGH,44,0.0032550885998350564,MetRS_MetAMP_PPi,0.0030023353788744458,0.0014731507076144357,0.007528657371478462,0.010530992750352908,0.010584951240033133
R3_GLYRS_HIGH,44,0.0032550885998350564,MetRS_MetAMP_PPi_tRNAfMetCAU,-6.654690515931795e-05,0.0058503085547752035,0.014165238282023197,0.014098691376863879,0.016716388946591373
R3_GLYRS_HIGH,44,0.0032550885998350564,MetRS_MetAMP_tRNAfMetCAU,-0.0869974598593504,-0.03235514037171486,0.10964120874426896,0.022643748884918553,0.18139623472764435
R3_GLYRS_HIGH,44,0.0032550885998350564,MetRS_Met_ATP,0.06146030214754064,0.004128129637196619,0.12971856248511995,0.1911788646326606,0.23721658513976285
R3_GLYRS_HIGH,44,0.0032550885998350564,MetRS_Met_ATP_tRNAfMetCAU,0.011067983882594487,0.02478634968981115,0.07520040255058115,0.08626838643317564,0.09002882283952873
R3_GLYRS_HIGH,44,0.0032550885998350564,MetRS_Met_tRNAfMetCAU,0.0007434425863329895,0.0016652347663134934,0.005052794885696377,0.005796237472029366,0.006048956951277485
R3_GLYRS_HIGH,44,0.0032550885998350564,MetRS_tRNAfMetCAU,0.00014822024525274792,0.00036736383721747205,0.0013484807193466686,0.0014967009645994165,0.0015462384879236899
R3_GLYRS_HIGH,45,0.00352970730273065,MetRS_AMP,-2.38372981187719e-06,-1.2358359703373117e-06,2.562746469005222e-06,1.7901665712803188e-07,4.1789592717096665e-06
R3_GLYRS_HIGH,45,0.00352970730273065,MetRS_AMP_MettRNAfMetCAU,-0.0013122633326759121,-0.0005837228531610511,0.0015209177871767542,0.00020865445450084206,0.0024810126999107018
R3_GLYRS_HIGH,45,0.00352970730273065,MetRS_ATP,0.004433314528852338,-0.009692181626791778,0.04024522383005153,0.04467853835890387,0.34328914655111564
R3_GLYRS_HIGH,45,0.00352970730273065,MetRS_ATP_tRNAfMetCAU,0.002834280714263532,0.005438342949873652,0.019845684263205703,0.022679964977469234,0.023123649604484205
R3_GLYRS_HIGH,45,0.00352970730273065,MetRS_Met,0.003757256864241311,0.00024632922692395434,0.00857785025081977,0.01233510711506108,0.01588100179364712
R3_GLYRS_HIGH,45,0.00352970730273065,MetRS_MetAMP_PPi,0.003001293339334715,0.001447755761209469,0.007420319853875869,0.010421613193210584,0.010584951240033133
R3_GLYRS_HIGH,45,0.00352970730273065,MetRS_MetAMP_PPi_tRNAfMetCAU,0.000841249658506231,0.005755191667220697,0.013961530921724129,0.01480278058023036,0.016716388946591373
R3_GLYRS_HIGH,45,0.00352970730273065,MetRS_MetAMP_tRNAfMetCAU,-0.08456923063415035,-0.0317514925393614,0.11120295866027442,0.026633728026124074,0.18139623472764435
R3_GLYRS_HIGH,45,0.00352970730273065,MetRS_Met_ATP,0.056410059685216896,0.00401878322350173,0.1278517805428772,0.1842618402280941,0.23721658513976285
R3_GLYRS_HIGH,45,0.00352970730273065,MetRS_Met_ATP_tRNAfMetCAU,0.013715784368667536,0.02437812385342929,0.07411895960554372,0.08783474397421126,0.09002882283952873
R3_GLYRS_HIGH,45,0.00352970730273065,MetRS_Met_tRNAfMetCAU,0.0009213605797399101,0.0016378100412051543,0.004980135892736725,0.005901496472476635,0.006048956951277485
R3_GLYRS_HIGH,45,0.00352970730273065,MetRS_tRNAfMetCAU,0.00018747015967449554,0.00036123631494212833,0.001329094480397979,0.0015165646400724746,0.0015462384879236899
R3_GLYRS_HIGH,46,0.003827494478516315,MetRS_AMP,-2.36743997758757e-06,-1.2109380970727253e-06,2.6017759742525315e-06,2.3433599666496165e-07,4.1789592717096665e-06
R3_GLYRS_HIGH,46,0.003827494478516315,MetRS_AMP_MettRNAfMetCAU,-0.0012870685575363514,-0.0005718443375876149,0.0015440806988638604,0.00025701214132750887,0.0024810126999107018
R3_GLYRS_HIGH,46,0.003827494478516315,MetRS_ATP,0.0032122565323647184,-0.009542281427822817,0.039605745461329146,0.042818001993693865,0.34328914655111564
R3_GLYRS_HIGH,46,0.003827494478516315,MetRS_ATP_tRNAfMetCAU,0.0033833595537413642,0.00533797407713428,0.01953051283449508,0.022913872388236445,0.023123649604484205
R3_GLYRS_HIGH,46,0.003827494478516315,MetRS_Met,0.003420248599548377,0.00023874945627122497,0.008441519293629109,0.011861767893177486,0.01588100179364712
R3_GLYRS_HIGH,46,0.003827494478516315,MetRS_MetAMP_PPi,0.0029592374507264986,0.0014201163607370658,0.007302386974602123,0.010261624425328622,0.010584951240033133
R3_GLYRS_HIGH,46,0.003827494478516315,MetRS_MetAMP_PPi_tRNAfMetCAU,0.0016745394540798753,0.005651640887439133,0.013739752489434607,0.015414291943514482,0.016716388946591373
R3_GLYRS_HIGH,46,0.003827494478516315,MetRS_MetAMP_tRNAfMetCAU,-0.08180318483201231,-0.03109449537467691,0.11289653101008125,0.031093346178068946,0.18139623472764435
R3_GLYRS_HIGH,46,0.003827494478516315,MetRS_Met_ATP,0.051372092565536875,0.003899864275483954,0.1258196867827761,0.17719177934831298,0.23721658513976285
R3_GLYRS_HIGH,46,0.003827494478516315,MetRS_Met_ATP_tRNAfMetCAU,0.01605946871054427,0.02393371169402943,0.07294158151630241,0.08900105022684668,0.09002882283952873
R3_GLYRS_HIGH,46,0.003827494478516315,MetRS_Met_tRNAfMetCAU,0.0010788446498840448,0.0016079539592659508,0.004901030330667977,0.005979874980552022,0.006048956951277485
R3_GLYRS_HIGH,46,0.003827494478516315,MetRS_tRNAfMetCAU,0.00022421980092365043,0.0003545656100603911,0.0013079880006392351,0.0015322078015628856,0.0015462384879236899
R3_GLYRS_HIGH,47,0.004150404757850472,MetRS_AMP,-2.341184651471161e-06,-1.1838750513863047e-06,2.644015759555579e-06,3.0283110808441844e-07,4.1789592717096665e-06
R3_GLYRS_HIGH,47,0.004150404757850472,MetRS_AMP_MettRNAfMetCAU,-0.0012558340122104882,-0.0005589330719859471,0.0015691488214762505,0.00031331480926576245,0.0024810126999107018
R3_GLYRS_HIGH,47,0.004150404757850472,MetRS_ATP,0.002088229919735028,-0.009379268919456528,0.03891051865272835,0.04099874857246338,0.34328914655111564
R3_GLYRS_HIGH,47,0.004150404757850472,MetRS_ATP_tRNAfMetCAU,0.0038790710900532405,0.005228852061203308,0.019187816996794824,0.023066888086848064,0.023123649604484205
R3_GLYRS_HIGH,47,0.004150404757850472,MetRS_Met,0.0030880972758329274,0.00023051860667400566,0.008293306264281465,0.011381403540114392,0.01588100179364712
R3_GLYRS_HIGH,47,0.004150404757850472,MetRS_MetAMP_PPi,0.002882166623786664,0.0013900742660559683,0.007174174851770022,0.010056341475556686,0.010584951240033133
R3_GLYRS_HIGH,47,0.004150404757850472,MetRS_MetAMP_PPi_tRNAfMetCAU,0.0024215899242528826,0.00553905498092439,0.01349860843043245,0.015920198354685333,0.016716388946591373
R3_GLYRS_HIGH,47,0.004150404757850472,MetRS_MetAMP_tRNAfMetCAU,-0.07870021894259313,-0.030380398096265044,0.11472940417779608,0.03602918523520295,0.18139623472764435
R3_GLYRS_HIGH,47,0.004150404757850472,MetRS_Met_ATP,0.04640615463975292,0.00377072416564517,0.12361050530826964,0.17001665994802256,0.23721658513976285
R3_GLYRS_HIGH,47,0.004150404757850472,MetRS_Met_ATP_tRNAfMetCAU,0.01807902903262784,0.023450537181338327,0.07166139595735899,0.08974042498998683,0.09002882283952873
R3_GLYRS_HIGH,47,0.004150404757850472,MetRS_Met_tRNAfMetCAU,0.001214550458766785,0.0015754934827843323,0.004815016525639489,0.006029566984406274,0.006048956951277485
R3_GLYRS_HIGH,47,0.004150404757850472,MetRS_tRNAfMetCAU,0.00025740342959028697,0.00034731309575168336,0.0012850380366873635,0.0015424414662776505,0.0015462384879236899
R3_GLYRS_HIGH,48,0.004500557675700498,MetRS_AMP,-2.303424823601952e-06,-1.1544882725005397e-06,2.689651841266718e-06,3.8622701766476566e-07,4.1789592717096665e-06
R3_GLYRS_HIGH,48,0.004500557675700498,MetRS_AMP_MettRNAfMetCAU,-0.0012182571512957747,-0.0005449134925238092,0.0015962325505489267,0.000377975399253152,0.0024810126999107018
R3_GLYRS_HIGH,48,0.004500557675700498,MetRS_ATP,0.0010506352716657744,-0.009202160266041254,0.03815540521031167,0.03920604048197744,0.34328914655111564
R3_GLYRS_HIGH,48,0.004500557675700498,MetRS_ATP_tRNAfMetCAU,0.00430810581787542,0.005110329395302465,0.018815543786608786,0.023123649604484205,0.023123649604484205
R3_GLYRS_HIGH,48,0.004500557675700498,MetRS_Met,0.0027643418677034907,0.0002215910617985551,0.0081323302736587,0.01089667214136219,0.01588100179364712
R3_GLYRS_HIGH,48,0.004500557675700498,MetRS_MetAMP_PPi,0.0027762935843856197,0.0013574533476075287,0.007034920850679816,0.009811214435065435,0.010584951240033133
R3_GLYRS_HIGH,48,0.004500557675700498,MetRS_MetAMP_PPi_tRNAfMetCAU,0.0030732383467620868,0.005416764051979514,0.01323665483911923,0.016309893185881316,0.016716388946591373
R3_GLYRS_HIGH,48,0.004500557675700498,MetRS_MetAMP_tRNAfMetCAU,-0.07527113665624607,-0.029605028903078746,0.1167096498095032,0.04143851315325712,0.18139623472764435
R3_GLYRS_HIGH,48,0.004500557675700498,MetRS_Met_ATP,0.04156509114353121,0.003630644507914007,0.12121110442678015,0.16277619557031137,0.23721658513976285
R3_GLYRS_HIGH,48,0.004500557675700498,MetRS_Met_ATP_tRNAfMetCAU,0.019758085080557694,0.022925730574951845,0.07027073775897104,0.09002882283952873,0.09002882283952873
R3_GLYRS_HIGH,48,0.004500557675700498,MetRS_Met_tRNAfMetCAU,0.0013273774159782365,0.001540235842491684,0.0047215795352992486,0.006048956951277485,0.006048956951277485
R3_GLYRS_HIGH,48,0.004500557675700498,MetRS_tRNAfMetCAU,0.000286131366534829,0.00033943574550574483,0.0012601071213888609,0.0015462384879236899,0.0015462384879236899
R3_GLYRS_HIGH,49,0.004880251583654433,MetRS_AMP,-2.2528547850202456e-06,-1.1226058094047304e-06,2.7388783000968644e-06,4.860235150766186e-07,4.1789592717096665e-06
R3_GLYRS_HIGH,49,0.004880251583654433,MetRS_AMP_MettRNAfMetCAU,-0.0011742373355270823,-0.0005297036645960974,0.0016254470676105577,0.00045120973208347543,0.0024810126999107018
R3_GLYRS_HIGH,49,0.004880251583654433,MetRS_ATP,9.490741297145389e-05,-0.009009884252386295,0.03733590452261571,0.037430811935587165,0.34328914655111564
R3_GLYRS_HIGH,49,0.004880251583654433,MetRS_ATP_tRNAfMetCAU,0.004660319034556777,0.004981702836668659,0.01841146001204996,0.023071779046606736,0.023123649604484205
R3_GLYRS_HIGH,49,0.004880251583654433,MetRS_Met,0.0024520943884446273,0.00021191765237641688,0.007957633327858014,0.010409727716302641,0.01588100179364712
R3_GLYRS_HIGH,49,0.004880251583654433,MetRS_MetAMP_PPi,0.0026477199456407955,0.0013220625033515787,0.006883795579449413,0.009531515525090208,0.010584951240033133
R3_GLYRS_HIGH,49,0.004880251583654433,MetRS_MetAMP_PPi_tRNAfMetCAU,0.0036231197011345907,0.005284040316819579,0.012952321109146984,0.016575440810281575,0.016716388946591373
R3_GLYRS_HIGH,49,0.004880251583654433,MetRS_MetAMP_tRNAfMetCAU,-0.0715372315826172,-0.028763865224184233,0.11884568948252953,0.04730845789991234,0.18139623472764435
R3_GLYRS_HIGH,49,0.004880251583654433,MetRS_Met_ATP,0.03689536826586566,0.0034788506352794618,0.1186072032616632,0.15550257152752886,0.23721658513976285
R3_GLYRS_HIGH,49,0.004880251583654433,MetRS_Met_ATP_tRNAfMetCAU,0.021084934944770872,0.02235617475970776,0.06876126914907009,0.08984620409384096,0.09002882283952873
R3_GLYRS_HIGH,49,0.004880251583654433,MetRS_Met_tRNAfMetCAU,0.0014165392713448915,0.0015019716486828446,0.004620159222907801,0.006036698494252693,0.006048956951277485
R3_GLYRS_HIGH,49,0.004880251583654433,MetRS_tRNAfMetCAU,0.00030972555611125693,0.00033088682873816757,0.0012330457169394508,0.0015427712730507078,0.0015462384879236899
R3_GLYRS_HIGH,50,0.005291978735958442,MetRS_AMP,-2.1885398937290663e-06,-1.0880478148678458e-06,2.7918873104143345e-06,6.033474166852681e-07,4.1789592717096665e-06
R3_GLYRS_HIGH,50,0.005291978735958442,MetRS_AMP_MettRNAfMetCAU,-0.0011239068609760676,-0.0005132179056981646,0.001656906422860748,0.0005329995618846804,0.0024810126999107018
R3_GLYRS_HIGH,50,0.005291978735958442,MetRS_ATP,-0.000779088406054125,-0.008801314431655646,0.03644729111995862,0.035668202713904494,0.34328914655111564
R3_GLYRS_HIGH,50,0.005291978735958442,MetRS_ATP_tRNAfMetCAU,0.004928985557870184,0.0048422353394587695,0.017973220338844423,0.022902205896714607,0.023123649604484205
R3_GLYRS_HIGH,50,0.005291978735958442,MetRS_Met,0.0021540715171452325,0.00020144737797173355,0.007768209635269907,0.00992228115241514,0.01588100179364712
R3_GLYRS_HIGH,50,0.005291978735958442,MetRS_MetAMP_PPi,0.002502181150127781,0.0012837017216058906,0.006719928258091687,0.009222109408219468,0.010584951240033133
R3_GLYRS_HIGH,50,0.005291978735958442,MetRS_MetAMP_PPi_tRNAfMetCAU,0.004067748633093645,0.0051401207066776484,0.012643957854171389,0.016711706487265034,0.016716388946591373
R3_GLYRS_HIGH,50,0.005291978735958442,MetRS_MetAMP_tRNAfMetCAU,-0.06753034288375337,-0.027852178944161,0.12114586205628923,0.053615519172535854,0.18139623472764435
R3_GLYRS_HIGH,50,0.005291978735958442,MetRS_Met_ATP,0.0324375454349035,0.0033145385589684923,0.11578380868705136,0.14822135412195486,0.23721658513976285
R3_GLYRS_HIGH,50,0.005291978735958442,MetRS_Met_ATP_tRNAfMetCAU,0.022053676740578523,0.021738602340517374,0.06712423414876874,0.08917791088934726,0.09002882283952873
R3_GLYRS_HIGH,50,0.005291978735958442,MetRS_Met_tRNAfMetCAU,0.001481639477810737,0.0014604814127133353,0.004510167345781856,0.005991806823592593,0.006048956951277485
R3_GLYRS_HIGH,50,0.005291978735958442,MetRS_tRNAfMetCAU,0.0003277365920746644,0.00032161736820319635,0.001203696773482299,0.0015314333655569634,0.0015462384879236899
R3_GLYRS_HIGH,51,0.005738441648302393,MetRS_AMP,-2.110046489719122e-06,-1.0506351418380212e-06,2.848854477669463e-06,7.388079879503407e-07,4.1789592717096665e-06
R3_GLYRS_HIGH,51,0.005738441648302393,MetRS_AMP_MettRNAfMetCAU,-0.0010676478014721362,-0.0004953708881938529,0.0016907148333541898,0.0006230670318820535,0.0024810126999107018
R3_GLYRS_HIGH,51,0.005738441648302393,MetRS_ATP,-0.001568639500338545,-0.008575319923728933,0.03548483137070194,0.0339161918703634,0.34328914655111564
R3_GLYRS_HIGH,51,0.005738441648302393,MetRS_ATP_tRNAfMetCAU,0.005110817443336441,0.004691190510629837,0.017498474587695937,0.022609292031032378,0.023123649604484205
R3_GLYRS_HIGH,51,0.005738441648302393,MetRS_Met,0.0018726119388713346,0.00019013006267847444,0.007563051771105488,0.009435663709976823,0.01588100179364712
R3_GLYRS_HIGH,51,0.005738441648302393,MetRS_MetAMP_PPi,0.002344873262571305,0.0012421715752874147,0.006542446676415135,0.00888731993898644,0.010584951240033133
R3_GLYRS_HIGH,51,0.005738441648302393,MetRS_MetAMP_PPi_tRNAfMetCAU,0.004406476531531986,0.004984242395416265,0.012309912415059387,0.016716388946591373,0.016716388946591373
R3_GLYRS_HIGH,51,0.005738441648302393,MetRS_MetAMP_tRNAfMetCAU,-0.06329231871295068,-0.026865263464265078,0.12361778743298242,0.060325468720031736,0.18139623472764435
R3_GLYRS_HIGH,51,0.005738441648302393,MetRS_Met_ATP,0.028226535068227088,0.0031369165843076717,0.11272590349886608,0.14095243856709316,0.23721658513976285
R3_GLYRS_HIGH,51,0.005738441648302393,MetRS_Met_ATP_tRNAfMetCAU,0.02266523200743374,0.021069748190488916,0.06535085941502414,0.08801609142245788,0.09002882283952873
R3_GLYRS_HIGH,51,0.005738441648302393,MetRS_Met_tRNAfMetCAU,0.001522739953022408,0.0014155457943599882,0.0043910144844611955,0.005913754437483603,0.006048956951277485
R3_GLYRS_HIGH,51,0.005738441648302393,MetRS_tRNAfMetCAU,0.00033994489361218014,0.000311578429797708,0.0011719029139687328,0.001511847807580913,0.0015462384879236899
R3_GLYRS_HIGH,52,0.006222570836730231,MetRS_AMP,-2.0175455281503015e-06,-1.0102010430421428e-06,2.9099195600331123e-06,8.923740318828106e-07,4.1789592717096665e-06
R3_GLYRS_HIGH,52,0.006222570836730231,MetRS_AMP_MettRNAfMetCAU,-0.0010060912113277723,-0.0004760832223433812,0.0017269552418482455,0.0007208640305204731,0.0024810126999107018
R3_GLYRS_HIGH,52,0.006222570836730231,MetRS_ATP,-0.00226961402291416,-0.008330834874499383,0.03444407924840884,0.03217446522549468,0.34328914655111564
R3_GLYRS_HIGH,52,0.006222570836730231,MetRS_ATP_tRNAfMetCAU,0.005205799979381715,0.004527879606241586,0.016985014244148326,0.02219081422353004,0.023123649604484205
R3_GLYRS_HIGH,52,0.006222570836730231,MetRS_Met,0.0016096748038495834,0.00017791994033144052,0.007341213681759548,0.008950888485609132,0.01588100179364712
R3_GLYRS_HIGH,52,0.006222570836730231,MetRS_MetAMP_PPi,0.0021803595087378355,0.0011972861446926423,0.006350531726435461,0.008530891235173296,0.010584951240033133
R3_GLYRS_HIGH,52,0.006222570836730231,MetRS_MetAMP_PPi_tRNAfMetCAU,0.004641348914997182,0.0048156912671003605,0.011948631950805123,0.016589980865802306,0.016716388946591373
R3_GLYRS_HIGH,52,0.006222570836730231,MetRS_MetAMP_tRNAfMetCAU,-0.0588738541159565,-0.02579874261740891,0.12626753002980137,0.06739367591384487,0.18139623472764435
R3_GLYRS_HIGH,52,0.006222570836730231,MetRS_Met_ATP,0.024291581188902303,0.002945261516685453,0.10941938555224069,0.133710966741143,0.23721658513976285
R3_GLYRS_HIGH,52,0.006222570836730231,MetRS_Met_ATP_tRNAfMetCAU,0.022928094167529847,0.020346557517064715,0.06343290151535731,0.08636099568288716,0.09002882283952873
R3_GLYRS_HIGH,52,0.006222570836730231,MetRS_Met_tRNAfMetCAU,0.0015404113690679448,0.001366959579490792,0.004262146811854559,0.005802558180922504,0.006048956951277485
R3_GLYRS_HIGH,52,0.006222570836730231,MetRS_tRNAfMetCAU,0.00034634972692097776,0.0003007242459416421,0.0011375162454314396,0.0014838659723524173,0.0015462384879236899
R3_GLYRS_HIGH,53,0.006747544053110693,MetRS_AMP,-1.9118715416686684e-06,-9.666056681072157e-07,2.975163120200593e-06,1.0632915785319244e-06,4.1789592717096665e-06
R3_GLYRS_HIGH,53,0.006747544053110693,MetRS_AMP_MettRNAfMetCAU,-0.000940096864710713,-0.0004552883739347323,0.0017656754603212017,0.0008255785956104887,0.0024810126999107018
R3_GLYRS_HIGH,53,0.006747544053110693,MetRS_ATP,-0.002877660195629298,-0.008066944740680286,0.03332124325730288,0.030443583061673583,0.34328914655111564
R3_GLYRS_HIGH,53,0.006747544053110693,MetRS_ATP_tRNAfMetCAU,0.0052168983093570966,0.004351719852275057,0.016430954298104372,0.02164785260746147,0.023123649604484205
R3_GLYRS_HIGH,53,0.006747544053110693,MetRS_Met,0.001366820671414905,0.0001647800719269328,0.007101888839081773,0.008468709510496678,0.01588100179364712
R3_GLYRS_HIGH,53,0.006747544053110693,MetRS_MetAMP_PPi,0.0020125432294354493,0.0011488890262424335,0.006143485047974723,0.008156028277410172,0.010584951240033133
R3_GLYRS_HIGH,53,0.006747544053110693,MetRS_MetAMP_PPi_tRNAfMetCAU,0.00477688500479043,0.0046338620645701946,0.011558791376933143,0.016335676381723573,0.016716388946591373
R3_GLYRS_HIGH,53,0.006747544053110693,MetRS_MetAMP_tRNAfMetCAU,-0.054332709187682696,-0.024648953382011632,0.1290985856526571,0.07476587646497442,0.18139623472764435
R3_GLYRS_HIGH,53,0.006747544053110693,MetRS_Met_ATP,0.020655977215496293,0.0027389879336394674,0.10585223267374967,0.12650820988924596,0.23721658513976285
R3_GLYRS_HIGH,53,0.006747544053110693,MetRS_Met_ATP_tRNAfMetCAU,0.022858650700415747,0.01956644404403821,0.06136332610839548,0.08422197680881123,0.09002882283952873
R3_GLYRS_HIGH,53,0.006747544053110693,MetRS_Met_tRNAfMetCAU,0.0015357548007992518,0.0013145490251533743,0.004123091726460732,0.005658846527259983,0.006048956951277485
R3_GLYRS_HIGH,53,0.006747544053110693,MetRS_tRNAfMetCAU,0.0003471495723872894,0.0002890160917377371,0.0011004105366658249,0.0014475601090531143,0.0015462384879236899
R3_GLYRS_HIGH,54,0.007316807143427192,MetRS_AMP,-1.7945222049300523e-06,-9.197527190186263e-07,3.0445801598441947e-06,1.2500579549141424e-06,4.1789592717096665e-06
R3_GLYRS_HIGH,54,0.007316807143427192,MetRS_AMP_MettRNAfMetCAU,-0.0008707137747335934,-0.0004329406113177735,0.0018068725227806824,0.000936158748047089,0.0024810126999107018
R3_GLYRS_HIGH,54,0.007316807143427192,MetRS_ATP,-0.0033891523118630452,-0.007782985550649086,0.03211360805951082,0.028724455747647776,0.34328914655111564
R3_GLYRS_HIGH,54,0.007316807143427192,MetRS_ATP_tRNAfMetCAU,0.005149672999678438,0.0041623015253197245,0.015834942293286365,0.020984615292964803,0.023123649604484205
R3_GLYRS_HIGH,54,0.007316807143427192,MetRS_Met,0.001145181153089387,0.00015068739698836331,0.006844500034414173,0.00798968118750356,0.01588100179364712
R3_GLYRS_HIGH,54,0.007316807143427192,MetRS_MetAMP_PPi,0.0018446875581228424,0.0010968717141725507,0.005920806750833505,0.007765494308956348,0.010584951240033133
R3_GLYRS_HIGH,54,0.007316807143427192,MetRS_MetAMP_PPi_tRNAfMetCAU,0.004819793672692384,0.004438327566725023,0.011139440433789158,0.01595923410648154,0.016716388946591373
R3_GLYRS_HIGH,54,0.007316807143427192,MetRS_MetAMP_tRNAfMetCAU,-0.04973136088183691,-0.023413385519138442,0.13211073744091437,0.08237937655907746,0.18139623472764435
R3_GLYRS_HIGH,54,0.007316807143427192,MetRS_Met_ATP,0.017336615558167567,0.002517727414781311,0.10201584103090577,0.11935245658907334,0.23721658513976285
R3_GLYRS_HIGH,54,0.007316807143427192,MetRS_Met_ATP_tRNAfMetCAU,0.022480979133414743,0.018727586930493593,0.059137088676966716,0.08161806781038146,0.09002882283952873
R3_GLYRS_HIGH,54,0.007316807143427192,MetRS_Met_tRNAfMetCAU,0.0015103880197760398,0.0012581918075905234,0.003973510310174429,0.005483898329950469,0.006048956951277485
R3_GLYRS_HIGH,54,0.007316807143427192,MetRS_tRNAfMetCAU,0.0003427163999661356,0.0002764267434609353,0.0010604952185237083,0.0014032116184898439,0.0015462384879236899
R3_GLYRS_HIGH,55,0.007934096665797492,MetRS_AMP,-1.6675910542897531e-06,-8.696072832589916e-07,3.1180522987333927e-06,1.4504612444436396e-06,4.1789592717096665e-06
R3_GLYRS_HIGH,55,0.007934096665797492,MetRS_AMP_MettRNAfMetCAU,-0.0007991239796926637,-0.00040902351439103064,0.001850476174376782,0.0010513521946841184,0.0024810126999107018
R3_GLYRS_HIGH,55,0.007934096665797492,MetRS_ATP,-0.003801891824235522,-0.00747865024898886,0.03081998569962154,0.027018093875386017,0.34328914655111564
R3_GLYRS_HIGH,55,0.007934096665797492,MetRS_ATP_tRNAfMetCAU,0.005011827180592881,0.0039594598556180445,0.015196382170321394,0.020208209350914275,0.023123649604484205
R3_GLYRS_HIGH,55,0.007934096665797492,MetRS_Met,0.000945426426192629,0.00013563811851821035,0.006568795460755549,0.007514221886948178,0.01588100179364712
R3_GLYRS_HIGH,55,0.007934096665797492,MetRS_MetAMP_PPi,0.0016794611787523256,0.0010411932664139978,0.0056822785828603475,0.007361739761612673,0.010584951240033133
R3_GLYRS_HIGH,55,0.007934096665797492,MetRS_MetAMP_PPi_tRNAfMetCAU,0.004778632280373193,0.004228912724686113,0.010690161144339346,0.01546879342471254,0.016716388946591373
R3_GLYRS_HIGH,55,0.007934096665797492,MetRS_MetAMP_tRNAfMetCAU,-0.04513419794737182,-0.0220911522865229,0.1352988486624464,0.09016465071507458,0.18139623472764435
R3_GLYRS_HIGH,55,0.007934096665797492,MetRS_Met_ATP,0.014343505745795238,0.0022814130189440056,0.09790645719783206,0.1122499629436273,0.23721658513976285
R3_GLYRS_HIGH,55,0.007934096665797492,MetRS_Met_ATP_tRNAfMetCAU,0.021826083667361038,0.017829248966696857,0.05675197041379411,0.07857805408115515,0.09002882283952873
R3_GLYRS_HIGH,55,0.007934096665797492,MetRS_Met_tRNAfMetCAU,0.0014663942039882679,0.0011978384000972482,0.0038132534928606667,0.005279647696848935,0.006048956951277485
R3_GLYRS_HIGH,55,0.007934096665797492,MetRS_tRNAfMetCAU,0.00033356536675306896,0.0002629452576726719,0.0010177303752364553,0.0013512957419895243,0.0015462384879236899
R3_GLYRS_HIGH,56,0.00860346441668451,MetRS_AMP,-1.533635837828284e-06,-8.16213548975434e-07,3.1953205296139235e-06,1.6616846917856395e-06,4.1789592717096665e-06
R3_GLYRS_HIGH,56,0.00860346441668451,MetRS_AMP_MettRNAfMetCAU,-0.0007265742041132192,-0.0003835584272756936,0.001896332702215392,0.001169758498102173,0.0024810126999107018
R3_GLYRS_HIGH,56,0.00860346441668451,MetRS_ATP,-0.0041155859364912645,-0.007154094341879941,0.02944116333863594,0.025325577402144677,0.34328914655111564
R3_GLYRS_HIGH,56,0.00860346441668451,MetRS_ATP_tRNAfMetCAU,0.004812698363468926,0.00374334653736078,0.014515656512115099,0.019328354875584024,0.023123649604484205
R3_GLYRS_HIGH,56,0.00860346441668451,MetRS_Met,0.0007677406434667064,0.00011965302694341491,0.006274944032478732,0.007042684675945438,0.01588100179364712
R3_GLYRS_HIGH,56,0.00860346441668451,MetRS_MetAMP_PPi,0.0015189930891596447,0.0009818998179777201,0.0054280464421999925,0.006947039531359637,0.010584951240033133
R3_GLYRS_HIGH,56,0.00860346441668451,MetRS_MetAMP_PPi_tRNAfMetCAU,0.0046634112589183045,0.00400576836907129,0.01021122412543632,0.014874635384354625,0.016716388946591373
R3_GLYRS_HIGH,56,0.00860346441668451,MetRS_MetAMP_tRNAfMetCAU,-0.040604430142523365,-0.02068345804293842,0.13865168049233623,0.09804725034981286,0.18139623472764435
R3_GLYRS_HIGH,56,0.00860346441668451,MetRS_Met_ATP,0.011679410516888034,0.0020303628187640223,0.09352659883624041,0.10520600935312845,0.23721658513976285
R3_GLYRS_HIGH,56,0.00860346441668451,MetRS_Met_ATP_tRNAfMetCAU,0.020930609957084192,0.016872092932342618,0.05420940801895943,0.07514001797604362,0.09002882283952873
R3_GLYRS_HIGH,56,0.00860346441668451,MetRS_Met_tRNAfMetCAU,0.0014062355840506742,0.0011335333277027587,0.0036424178086192026,0.005048653392669877,0.006048956951277485
R3_GLYRS_HIGH,56,0.00860346441668451,MetRS_tRNAfMetCAU,0.00032032081462954245,0.0002485817243335555,0.0009721416289458929,0.0012924624435754354,0.0015462384879236899
R3_GLYRS_HIGH,57,0.009329304026284686,MetRS_AMP,-1.3954956766263112e-06,-7.597108528309374e-07,3.275960950853371e-06,1.8804652742270597e-06,4.1789592717096665e-06
R3_GLYRS_HIGH,57,0.009329304026284686,MetRS_AMP_MettRNAfMetCAU,-0.0006543017026301007,-0.0003566121157321945,0.0019441905333953617,0.001289888830765261,0.0024810126999107018
R3_GLYRS_HIGH,57,0.009329304026284686,MetRS_ATP,-0.004332126812600687,-0.0068100315600796565,0.027980308096512696,0.02364818128391201,0.34328914655111564
R3_GLYRS_HIGH,57,0.009329304026284686,MetRS_ATP_tRNAfMetCAU,0.004562708064132724,0.003514494606812955,0.01379432764713946,0.018357035711272184,0.023123649604484205
R3_GLYRS_HIGH,57,0.009329304026284686,MetRS_Met,0.0006118142600579487,0.00010278229391291223,0.005963621549959776,0.006575435810017725,0.01588100179364712
R3_GLYRS_HIGH,57,0.009329304026284686,MetRS_MetAMP_PPi,0.001364925534159401,0.0009191422285914838,0.0051586949695109595,0.006523620503670361,0.010584951240033133
R3_GLYRS_HIGH,57,0.009329304026284686,MetRS_MetAMP_PPi_tRNAfMetCAU,0.004485149744755513,0.0037694380459253668,0.009703730000207498,0.014188879744963011,0.016716388946591373
R3_GLYRS_HIGH,57,0.009329304026284686,MetRS_MetAMP_tRNAfMetCAU,-0.03620094301873056,-0.019194021880250267,0.14215083900337339,0.10594989598464283,0.18139623472764435
R3_GLYRS_HIGH,57,0.009329304026284686,MetRS_Met_ATP,0.009339734285122608,0.0017653551325504863,0.08888633890865438,0.09822607319377699,0.23721658513976285
R3_GLYRS_HIGH,57,0.009329304026284686,MetRS_Met_ATP_tRNAfMetCAU,0.019835140974287027,0.015858468475768654,0.0515152444031292,0.07135038537741623,0.09002882283952873
R3_GLYRS_HIGH,57,0.009329304026284686,MetRS_Met_tRNAfMetCAU,0.0013326389415026529,0.0010654344415225922,0.0034613958381168202,0.004794034779619473,0.006048956951277485
R3_GLYRS_HIGH,57,0.009329304026284686,MetRS_tRNAfMetCAU,0.0003036794480421128,0.00023337157920202004,0.0009238336084475584,0.0012275130564896712,0.0015462384879236899
R3_GLYRS_HIGH,58,0.01011637979766207,MetRS_AMP,-1.2560793806294186e-06,-7.00346370683372e-07,3.359366079641225e-06,2.1032866990118063e-06,4.1789592717096665e-06
R3_GLYRS_HIGH,58,0.01011637979766207,MetRS_AMP_MettRNAfMetCAU,-0.0005834616239776989,-0.0003283028229984507,0.001993689144950205,0.001410227520972506,0.0024810126999107018
R3_GLYRS_HIGH,58,0.01011637979766207,MetRS_ATP,-0.004455689239847148,-0.006447809437980274,0.02644328619429014,0.02198759695444299,0.34328914655111564
R3_GLYRS_HIGH,58,0.01011637979766207,MetRS_ATP_tRNAfMetCAU,0.004272790371550409,0.003273869873754098,0.013035296349857601,0.01730808672140801,0.023123649604484205
R3_GLYRS_HIGH,58,0.01011637979766207,MetRS_Met,0.00047685992043781066,8.510922650469891e-05,0.00563607859395884,0.00611293851439665,0.01588100179364712
R3_GLYRS_HIGH,58,0.01011637979766207,MetRS_MetAMP_PPi,0.001218461049766105,0.0008531899998011882,0.004875306329477632,0.006093767379243737,0.010584951240033133
R3_GLYRS_HIGH,58,0.01011637979766207,MetRS_MetAMP_PPi_tRNAfMetCAU,0.004255395771972134,0.0035209109499413547,0.009169720954759904,0.013425116726732038,0.016716388946591373
R3_GLYRS_HIGH,58,0.01011637979766207,MetRS_MetAMP_tRNAfMetCAU,-0.0319753766200403,-0.01762941268889756,0.1457699643087479,0.1137945876887076,0.18139623472764435
R3_GLYRS_HIGH,58,0.01011637979766207,MetRS_Met_ATP,0.007312762862239211,0.001487687460346074,0.08400431757136723,0.09131708043360644,0.23721658513976285
R3_GLYRS_HIGH,58,0.01011637979766207,MetRS_Met_ATP_tRNAfMetCAU,0.018582230122122706,0.014792639342313132,0.04868032089688573,0.06726255101900844,0.09002882283952873
R3_GLYRS_HIGH,58,0.01011637979766207,MetRS_Met_tRNAfMetCAU,0.001248463452275912,0.0009938281856307991,0.0032709160017968695,0.0045193794540727816,0.006048956951277485
R3_GLYRS_HIGH,58,0.01011637979766207,MetRS_tRNAfMetCAU,0.00028437210779773143,0.00021737902257821265,0.0008730005782061697,0.001157372686003901,0.0015462384879236899
R3_GLYRS_HIGH,59,0.01096985797892384,MetRS_AMP,-1.1181527240496986e-06,-6.384827835096755e-07,3.4447343013075416e-06,2.326581577257843e-06,4.1789592717096665e-06
R3_GLYRS_HIGH,59,0.01096985797892384,MetRS_AMP_MettRNAfMetCAU,-0.0005150634068395632,-0.0002988039286118874,0.0020443528023485176,0.0015292893955089544,0.0024810126999107018
R3_GLYRS_HIGH,59,0.01096985797892384,MetRS_ATP,-0.004492660031903666,-0.006069454882988215,0.02483885439845944,0.020346194366555773,0.34328914655111564
R3_GLYRS_HIGH,59,0.01096985797892384,MetRS_ATP_tRNAfMetCAU,0.003953831697020238,0.0030229021772121487,0.012242897253639518,0.016196728950659756,0.023123649604484205
R3_GLYRS_HIGH,59,0.01096985797892384,MetRS_Met,0.00036165531698399353,6.675248191323118e-05,0.005294181211373025,0.005655836528357019,0.01588100179364712
R3_GLYRS_HIGH,59,0.01096985797892384,MetRS_MetAMP_PPi,0.001080405076554383,0.000784439627711227,0.004579495442818317,0.0056599005193727,0.010584951240033133
R3_GLYRS_HIGH,59,0.01096985797892384,MetRS_MetAMP_PPi_tRNAfMetCAU,0.003985735661807717,0.0032616540184735344,0.008612247751018624,0.012597983412826341,0.016716388946591373
R3_GLYRS_HIGH,59,0.01096985797892384,MetRS_MetAMP_tRNAfMetCAU,-0.02796972605782612,-0.01599925165572348,0.14947427274816244,0.12150454669033632,0.18139623472764435
R3_GLYRS_HIGH,59,0.01096985797892384,MetRS_Met_ATP,0.005580305093010787,0.0011992112799400813,0.07890834852798974,0.08448865362100053,0.23721658513976285
R3_GLYRS_HIGH,59,0.01096985797892384,MetRS_Met_ATP_tRNAfMetCAU,0.01721436329682665,0.013680921181258862,0.04572083299290152,0.06293519628972817,0.09002882283952873
R3_GLYRS_HIGH,59,0.01096985797892384,MetRS_Met_tRNAfMetCAU,0.0011565637554946748,0.0009191388562835822,0.003072066464683645,0.00422863022017832,0.006048956951277485
R3_GLYRS_HIGH,59,0.01096985797892384,MetRS_tRNAfMetCAU,0.000263126298667286,0.0002006990971292062,0.0008199328289099565,0.0010830591275772425,0.0015462384879236899
R3_GLYRS_HIGH,60,0.011895340673703195,MetRS_AMP,-9.841528939981063e-07,-5.745994831926824e-07,3.531069649624199e-06,2.546916755626093e-06,4.1789592717096665e-06
R3_GLYRS_HIGH,60,0.011895340673703195,MetRS_AMP_MettRNAfMetCAU,-0.00044992293645797644,-0.00026834452494288485,0.0020955904291413033,0.0016456674926833268,0.0024810126999107018
R3_GLYRS_HIGH,60,0.011895340673703195,MetRS_ATP,-0.004451412624601921,-0.005677681238350925,0.023178687891028185,0.018727275266426265,0.34328914655111564
R3_GLYRS_HIGH,60,0.011895340673703195,MetRS_ATP_tRNAfMetCAU,0.0036161623859593314,0.002763490661131396,0.011422913104618336,0.015039075490577668,0.023123649604484205
R3_GLYRS_HIGH,60,0.011895340673703195,MetRS_Met,0.0002646128075898344,4.7866314943133075e-05,0.004940416761420002,0.0052050295690098366,0.01588100179364712
R3_GLYRS_HIGH,60,0.011895340673703195,MetRS_MetAMP_PPi,0.0009512087640891134,0.0007134158189354822,0.004273415060663318,0.005224623824752432,0.010584951240033133
R3_GLYRS_HIGH,60,0.011895340673703195,MetRS_MetAMP_PPi_tRNAfMetCAU,0.0036873272353791786,0.00299361721199131,0.00803537963177651,0.011722706867155689,0.016716388946591373
R3_GLYRS_HIGH,60,0.011895340673703195,MetRS_MetAMP_tRNAfMetCAU,-0.0242147404142789,-0.014316244274603885,0.153220547357002,0.1290058069427231,0.18139623472764435
R3_GLYRS_HIGH,60,0.011895340673703195,MetRS_Met_ATP,0.004118732982009127,0.0009023359922080524,0.07363550610958591,0.07775423909159504,0.23721658513976285
R3_GLYRS_HIGH,60,0.011895340673703195,MetRS_Met_ATP_tRNAfMetCAU,0.01577205424761497,0.012531704281790885,0.042658382924820853,0.058430437172435824,0.09002882283952873
R3_GLYRS_HIGH,60,0.011895340673703195,MetRS_Met_tRNAfMetCAU,0.0010596619782235173,0.0008419301302158748,0.0028662986713010497,0.003925960649524567,0.006048956951277485
R3_GLYRS_HIGH,60,0.011895340673703195,MetRS_tRNAfMetCAU,0.00024063219307972567,0.0001834580389814007,0.000765017632643379,0.0010056498257231046,0.0015462384879236899
R3_GLYRS_HIGH,61,0.01289890261253308,MetRS_AMP,-8.560535274057481e-07,-5.09286340146541e-07,3.617193410893875e-06,2.761139883488127e-06,4.1789592717096665e-06
R3_GLYRS_HIGH,61,0.01289890261253308,MetRS_AMP_MettRNAfMetCAU,-0.00038863544596098496,-0.00023720644477687034,0.0021467024936915324,0.0017580670477305475,0.0024810126999107018
R3_GLYRS_HIGH,61,0.01289890261253308,MetRS_ATP,-0.004341946047981059,-0.005275851131488012,0.02147722056084454,0.01713527451286348,0.34328914655111564
R3_GLYRS_HIGH,61,0.01289890261253308,MetRS_ATP_tRNAfMetCAU,0.0032691422459832364,0.0024979791081702974,0.010582495858577467,0.013851638104560703,0.023123649604484205
R3_GLYRS_HIGH,61,0.01289890261253308,MetRS_Met,0.00018387195702228992,2.863857092457055e-05,0.004577859822908072,0.0047617317799303616,0.01588100179364712
R3_GLYRS_HIGH,61,0.01289890261253308,MetRS_MetAMP_PPi,0.0008310170995751319,0.0006407645092265815,0.003959726263830895,0.004790743363406027,0.010584951240033133
R3_GLYRS_HIGH,61,0.01289890261253308,MetRS_MetAMP_PPi_tRNAfMetCAU,0.003370496210054476,0.0027192079158570785,0.007444148690226233,0.01081464490028071,0.016716388946591373
R3_GLYRS_HIGH,61,0.01289890261253308,MetRS_MetAMP_tRNAfMetCAU,-0.02072932545836942,-0.012596016028814355,0.15695764139433768,0.13622831593596826,0.18139623472764435
R3_GLYRS_HIGH,61,0.01289890261253308,MetRS_Met_ATP,0.0029003628741239157,0.0005999975066371434,0.06823161707853835,0.07113197995266227,0.23721658513976285
R3_GLYRS_HIGH,61,0.01289890261253308,MetRS_Met_ATP_tRNAfMetCAU,0.014292263042301911,0.011355343772839496,0.03951968434459731,0.05381194738689922,0.09002882283952873
R3_GLYRS_HIGH,61,0.01289890261253308,MetRS_Met_tRNAfMetCAU,0.0009602414696740207,0.0007628976886171409,0.002655407504665743,0.0036156489743397638,0.006048956951277485
R3_GLYRS_HIGH,61,0.01289890261253308,MetRS_tRNAfMetCAU,0.00021751492427836633,0.00016581163872178426,0.0007087339591437888,0.0009262488834221552,0.0015462384879236899
R3_GLYRS_HIGH,62,0.013987131026472387,MetRS_AMP,-7.352947941340603e-07,-4.4322971935293673e-07,3.701768035750883e-06,2.9664732416168226e-06,4.1789592717096665e-06
R3_GLYRS_HIGH,62,0.013987131026472387,MetRS_AMP_MettRNAfMetCAU,-0.0003315715618307203,-0.00020571758976738498,0.0021968952001781483,0.001865323638347428,0.0024810126999107018
R3_GLYRS_HIGH,62,0.013987131026472387,MetRS_ATP,-0.004175417106402101,-0.004867893405827589,0.019751290716679262,0.015575873610277161,0.34328914655111564
R3_GLYRS_HIGH,62,0.013987131026472387,MetRS_ATP_tRNAfMetCAU,0.002920874394169647,0.002229100042405718,0.009729991054404495,0.012650865448574142,0.023123649604484205
R3_GLYRS_HIGH,62,0.013987131026472387,MetRS_Met,0.00011740792988855324,9.286337760968678e-06,0.004210096686310415,0.004327504616198968,0.01588100179364712
R3_GLYRS_HIGH,62,0.013987131026472387,MetRS_MetAMP_PPi,0.0007197257240133706,0.0005672373607895902,0.003641533105359643,0.004361258829373014,0.010584951240033133
R3_GLYRS_HIGH,62,0.013987131026472387,MetRS_MetAMP_PPi_tRNAfMetCAU,0.0030444318791916216,0.002441233162057911,0.006844426210851454,0.009888858090043076,0.016716388946591373
R3_GLYRS_HIGH,62,0.013987131026472387,MetRS_MetAMP_tRNAfMetCAU,-0.017521036843286875,-0.010856743397699653,0.16062751592802188,0.143106479084735,0.18139623472764435
R3_GLYRS_HIGH,62,0.013987131026472387,MetRS_Met_ATP,0.0018950720234455903,0.00029559011383170056,0.06275013515302393,0.06464520717646952,0.23721658513976285
R3_GLYRS_HIGH,62,0.013987131026472387,MetRS_Met_ATP_tRNAfMetCAU,0.012807284118817257,0.0101639116742195,0.03633590586416804,0.049143189982985294,0.09002882283952873
R3_GLYRS_HIGH,62,0.013987131026472387,MetRS_Met_tRNAfMetCAU,0.0008604720872749773,0.0006828525597049531,0.002441487180150634,0.0033019592674256113,0.006048956951277485
R3_GLYRS_HIGH,62,0.013987131026472387,MetRS_tRNAfMetCAU,0.00019431546983670884,0.00014794152657348155,0.0006516407142877879,0.0008459561841244967,0.0015462384879236899
R3_GLYRS_HIGH,63,0.015167168884709226,MetRS_AMP,-6.227817762638234e-07,-3.7719122631808533e-07,3.7833326373775497e-06,3.1605508611137263e-06,4.1789592717096665e-06
R3_GLYRS_HIGH,63,0.015167168884709226,MetRS_AMP_MettRNAfMetCAU,-0.0002788957541009964,-0.00017424178906635813,0.002245301555801677,0.0019664058017006807,0.0024810126999107018
R3_GLYRS_HIGH,63,0.015167168884709226,MetRS_ATP,-0.003963605114583534,-0.004458177208410687,0.01801960545048961,0.014056000335906075,0.34328914655111564
R3_GLYRS_HIGH,63,0.015167168884709226,MetRS_ATP_tRNAfMetCAU,0.002578065924370711,0.001959889520642808,0.00887467194170214,0.011452737866072852,0.023123649604484205
R3_GLYRS_HIGH,63,0.015167168884709226,MetRS_Met,6.314621814385805e-05,-9.950589760228339e-06,0.0038411112617883587,0.0039042574799322168,0.01588100179364712
R3_GLYRS_HIGH,63,0.015167168884709226,MetRS_MetAMP_PPi,0.000617046574984635,0.0004936682933837417,0.003322283843596503,0.003939330418581138,0.010584951240033133
R3_GLYRS_HIGH,63,0.015167168884709226,MetRS_MetAMP_PPi_tRNAfMetCAU,0.0027170064571256716,0.0021628116827927973,0.006242735554836032,0.008959742011961704,0.016716388946591373
R3_GLYRS_HIGH,63,0.015167168884709226,MetRS_MetAMP_tRNAfMetCAU,-0.014587598233418125,-0.009118592823006245,0.1641667801780332,0.14957918194461509,0.18139623472764435
R3_GLYRS_HIGH,63,0.015167168884709226,MetRS_Met_ATP,0.0010720085033747925,-7.13595069701999e-06,0.057250440449618564,0.05832244895299336,0.23721658513976285
R3_GLYRS_HIGH,63,0.015167168884709226,MetRS_Met_ATP_tRNAfMetCAU,0.011344181851991271,0.008970819400471489,0.033141677739974486,0.04448585959196576,0.09002882283952873
R3_GLYRS_HIGH,63,0.015167168884709226,MetRS_Met_tRNAfMetCAU,0.0007621722710736772,0.0006026957577705942,0.0022268645055390944,0.0029890367766127715,0.006048956951277485
R3_GLYRS_HIGH,63,0.015167168884709226,MetRS_tRNAfMetCAU,0.00017148136205386716,0.00013004950928666002,0.0005943589346257988,0.0007658402966796659,0.0015462384879236899
R3_GLYRS_HIGH,64,0.016446761779946643,MetRS_AMP,-5.189431857944251e-07,-3.1198047232846867e-07,3.860348133094342e-06,3.3414049472999167e-06,4.1789592717096665e-06
R3_GLYRS_HIGH,64,0.016446761779946643,MetRS_AMP_MettRNAfMetCAU,-0.0002306032214812177,-0.00014316580269783358,0.002291008161046551,0.002060404939565333,0.0024810126999107018
R3_GLYRS_HIGH,64,0.016446761779946643,MetRS_ATP,-0.0037183565263103034,-0.004051351121132209,0.016302057243243274,0.012583700716932971,0.34328914655111564
R3_GLYRS_HIGH,64,0.016446761779946643,MetRS_ATP_tRNAfMetCAU,0.0022460328443036186,0.0016935777938174362,0.008026399967022192,0.01027243281132581,0.023123649604484205
R3_GLYRS_HIGH,64,0.016446761779946643,MetRS_Met,1.9072936560054522e-05,-2.881803883170466e-05,0.0034751395680145893,0.003494212504574644,0.01588100179364712
R3_GLYRS_HIGH,64,0.016446761779946643,MetRS_MetAMP_PPi,0.0005225788717707195,0.00042094349260527635,0.003005644965314506,0.0035282238370852254,0.010584951240033133
R3_GLYRS_HIGH,64,0.016446761779946643,MetRS_MetAMP_PPi_tRNAfMetCAU,0.0023947243750536635,0.001887261170365678,0.005646013285322999,0.008040737660376662,0.016716388946591373
R3_GLYRS_HIGH,64,0.016446761779946643,MetRS_MetAMP_tRNAfMetCAU,-0.01191921993516959,-0.007403001579811149,0.1675086503050836,0.15558943036991402,0.18139623472764435
R3_GLYRS_HIGH,64,0.016446761779946643,MetRS_Met_ATP,0.00040123388253357484,-0.00030420505810753885,0.051795670634206176,0.05219690451673975,0.23721658513976285
R3_GLYRS_HIGH,64,0.016446761779946643,MetRS_Met_ATP_tRNAfMetCAU,0.009924767818784434,0.007790333749335715,0.02997382378691155,0.039898591605695984,0.09002882283952873
R3_GLYRS_HIGH,64,0.016446761779946643,MetRS_Met_tRNAfMetCAU,0.0006668075159494183,0.0005233857660697234,0.0020140136789480005,0.002680821194897419,0.006048956951277485
R3_GLYRS_HIGH,64,0.016446761779946643,MetRS_tRNAfMetCAU,0.0001493670530510568,0.00011235030308266313,0.0005375490499986163,0.000686916103049673,0.0015462384879236899
R3_GLYRS_HIGH,65,0.017834308769319095,MetRS_AMP,-4.2383336156968034e-07,-2.48423822065725e-07,3.931249063858659e-06,3.5074157022889785e-06,4.1789592717096665e-06
R3_GLYRS_HIGH,65,0.017834308769319095,MetRS_AMP_MettRNAfMetCAU,-0.00018656851680810653,-0.00011288440590022162,0.0023330859630755294,0.002146517446267423,0.0024810126999107018
R3_GLYRS_HIGH,65,0.017834308769319095,MetRS_ATP,-0.0034510593891218452,-0.0036521592053330274,0.014618943200340214,0.011167883811218368,0.34328914655111564
R3_GLYRS_HIGH,65,0.017834308769319095,MetRS_ATP_tRNAfMetCAU,0.0019288251757806846,0.001433463747041057,0.007195236593981485,0.00912406176976217,0.023123649604484205
R3_GLYRS_HIGH,65,0.017834308769319095,MetRS_Met,-1.666982553355685e-05,-4.705698622884927e-05,0.003116503537934105,0.003099833712400548,0.01588100179364712
R3_GLYRS_HIGH,65,0.017834308769319095,MetRS_MetAMP_PPi,0.00043587899619051875,0.00034996707548315436,0.002695357291246898,0.0031312362874374167,0.010584951240033133
R3_GLYRS_HIGH,65,0.017834308769319095,MetRS_MetAMP_PPi_tRNAfMetCAU,0.0020827874688204486,0.0016179689231010253,0.005061336111395072,0.00714412358021552,0.016716388946591373
R3_GLYRS_HIGH,65,0.017834308769319095,MetRS_MetAMP_tRNAfMetCAU,-0.009501362317814704,-0.005731852297390722,0.1705851979663787,0.161083835648564,0.18139623472764435
R3_GLYRS_HIGH,65,0.017834308769319095,MetRS_Met_ATP,-0.00014485799160630225,-0.0005915655232277614,0.046450243800366366,0.04630538580876006,0.23721658513976285
R3_GLYRS_HIGH,65,0.017834308769319095,MetRS_Met_ATP_tRNAfMetCAU,0.008566030640230534,0.0066370214517849765,0.026869911841535112,0.035435942481765646,0.09002882283952873
R3_GLYRS_HIGH,65,0.017834308769319095,MetRS_Met_tRNAfMetCAU,0.0005755192537208009,0.00044590122016178015,0.0018054588948819969,0.0023809781486027978,0.006048956951277485
R3_GLYRS_HIGH,65,0.017834308769319095,MetRS_tRNAfMetCAU,0.0001282423200810587,9.506318825507197e-05,0.00048188488687640865,0.0006101272069574674,0.0015462384879236899
R3_GLYRS_HIGH,66,0.0193389175045523,MetRS_AMP,-3.3725509630698876e-07,-1.8733149302111257e-07,3.994498500740264e-06,3.6572434044332754e-06,4.1789592717096665e-06
R3_GLYRS_HIGH,66,0.0193389175045523,MetRS_AMP_MettRNAfMetCAU,-0.00014659760934091935,-8.378468459231442e-05,0.0023706228411345346,0.0022240252317936153,0.0024810126999107018
R3_GLYRS_HIGH,66,0.0193389175045523,MetRS_ATP,-0.0031721931089433754,-0.0032652481746384934,0.012990147136317355,0.00981795402737398,0.34328914655111564
R3_GLYRS_HIGH,66,0.0193389175045523,MetRS_ATP_tRNAfMetCAU,0.0016294311167684237,0.0011827826746497903,0.006391036361291746,0.00802046747806017,0.023123649604484205
R3_GLYRS_HIGH,66,0.0193389175045523,MetRS_Met,-4.5712250872969803e-05,-6.441357172376625e-05,0.0027694369644138813,0.0027237247135409115,0.01588100179364712
R3_GLYRS_HIGH,66,0.0193389175045523,MetRS_MetAMP_PPi,0.00035652137407532133,0.0002816250310418857,0.0023950852647390947,0.002751606638814416,0.010584951240033133
R3_GLYRS_HIGH,66,0.0193389175045523,MetRS_MetAMP_PPi_tRNAfMetCAU,0.0017852444373281364,0.0013582557442616975,0.00449563468992944,0.0062808791272575765,0.016716388946591373
R3_GLYRS_HIGH,66,0.0193389175045523,MetRS_MetAMP_tRNAfMetCAU,-0.007317517707445376,-0.004126603619178337,0.17332973282009306,0.1660122151126477,0.18139623472764435
R3_GLYRS_HIGH,66,0.0193389175045523,MetRS_Met_ATP,-0.0005904749577387083,-0.0008652465382007424,0.041277264197509426,0.04068678923977072,0.23721658513976285
R3_GLYRS_HIGH,66,0.0193389175045523,MetRS_Met_ATP_tRNAfMetCAU,0.007280864291176251,0.0055251646132855785,0.023866734462644167,0.031147598753820418,0.09002882283952873
R3_GLYRS_HIGH,66,0.0193389175045523,MetRS_Met_tRNAfMetCAU,0.0004891737905583756,0.00037120163557343984,0.0016036722628601295,0.002092846053418505,0.006048956951277485
R3_GLYRS_HIGH,66,0.0193389175045523,MetRS_tRNAfMetCAU,0.00010830595963025162,7.840322057338944e-05,0.0004280264151508127,0.0005363323747810643,0.0015462384879236899
R3_GLYRS_HIGH,67,0.02097046401323233,MetRS_AMP,-2.5888002855626744e-07,-1.294654328296848e-07,4.04864233647042e-06,3.7897623079141526e-06,4.1789592717096665e-06
R3_GLYRS_HIGH,67,0.02097046401323233,MetRS_AMP_MettRNAfMetCAU,-0.00011047502885705484,-5.6230699516133855e-05,0.0024027558269884676,0.002292280798131413,0.0024810126999107018
R3_GLYRS_HIGH,67,0.02097046401323233,MetRS_ATP,-0.0028909875415165515,-0.0028949801410919507,0.011434345581853184,0.008543358040336633,0.34328914655111564
R3_GLYRS_HIGH,67,0.02097046401323233,MetRS_ATP_tRNAfMetCAU,0.0013500108787715698,0.0009445771840807977,0.005623051569585029,0.006973062448356599,0.023123649604484205
R3_GLYRS_HIGH,67,0.02097046401323233,MetRS_Met,-6.941404198193427e-05,-8.064887085357095e-05,0.0024379165822676118,0.0023685025402856775,0.01588100179364712
R3_GLYRS_HIGH,67,0.02097046401323233,MetRS_MetAMP_PPi,0.0002841429779492765,0.0002167501035542842,0.0021082706770472097,0.0023924136549964862,0.010584951240033133
R3_GLYRS_HIGH,67,0.02097046401323233,MetRS_MetAMP_PPi_tRNAfMetCAU,0.0015051826114582494,0.0011112431909068594,0.003955415658717834,0.005460598270176083,0.016716388946591373
R3_GLYRS_HIGH,67,0.02097046401323233,MetRS_MetAMP_tRNAfMetCAU,-0.005351596160180966,-0.0026074410294569914,0.175679158344886,0.17032756218470504,0.18139623472764435
R3_GLYRS_HIGH,67,0.02097046401323233,MetRS_Met_ATP,-0.0009557935338251472,-0.0011215113031445754,0.03633600451699706,0.035380210983171914,0.23721658513976285
R3_GLYRS_HIGH,67,0.02097046401323233,MetRS_Met_ATP_tRNAfMetCAU,0.0060789091740660675,0.004468190378546503,0.02099883333151151,0.027077742505577578,0.09002882283952873
R3_GLYRS_HIGH,67,0.02097046401323233,MetRS_Met_tRNAfMetCAU,0.00040841882207224276,0.0003001890910252818,0.0014109746622619633,0.001819393484334206,0.006048956951277485
R3_GLYRS_HIGH,67,0.02097046401323233,MetRS_tRNAfMetCAU,8.970146479760175e-05,6.257265044273958e-05,0.0003765932737186144,0.00046629473851621614,0.0015462384879236899
R3_GLYRS_HIGH,68,0.022739657523579274,MetRS_AMP,-1.883470397710054e-07,-7.551011294704501e-08,4.092359653309482e-06,3.904012613538477e-06,4.1789592717096665e-06
R3_GLYRS_HIGH,68,0.022739657523579274,MetRS_AMP_MettRNAfMetCAU,-7.799933359981318e-05,-3.054953959251215e-05,0.002428700996731534,0.0023507016631317207,0.0024810126999107018
R3_GLYRS_HIGH,68,0.022739657523579274,MetRS_ATP,-0.002615208830326881,-0.002545263535097989,0.009968290860096983,0.007353082029770102,0.34328914655111564
R3_GLYRS_HIGH,68,0.022739657523579274,MetRS_ATP_tRNAfMetCAU,0.0010921132210163949,0.0007215798647078105,0.00489957511734672,0.005991688338363115,0.023123649604484205
R3_GLYRS_HIGH,68,0.022739657523579274,MetRS_Met,-8.885196700453898e-05,-9.554778974951326e-05,0.002125509587564107,0.002036657620559568,0.01588100179364712
R3_GLYRS_HIGH,68,0.022739657523579274,MetRS_MetAMP_PPi,0.0002184664696569759,0.00015608995574893547,0.0018380006173566432,0.002056467087013619,0.010584951240033133
R3_GLYRS_HIGH,68,0.022739657523579274,MetRS_MetAMP_PPi_tRNAfMetCAU,0.0012449194370647274,0.0008797330608029131,0.003446510544624298,0.004691429981689026,0.016716388946591373
R3_GLYRS_HIGH,68,0.022739657523579274,MetRS_MetAMP_tRNAfMetCAU,-0.003589596131600453,-0.0011925043210409662,0.17757615740035354,0.1739865612687531,0.18139623472764435
R3_GLYRS_HIGH,68,0.022739657523579274,MetRS_Met_ATP,-0.0012567779450280009,-0.0013569963558293938,0.031679633171949155,0.030422855226921154,0.23721658513976285
R3_GLYRS_HIGH,68,0.022739657523579274,MetRS_Met_ATP_tRNAfMetCAU,0.0049673293367231384,0.003478152981263467,0.01829716632133744,0.023264495658060578,0.09002882283952873
R3_GLYRS_HIGH,68,0.022739657523579274,MetRS_Met_tRNAfMetCAU,0.00033373565862350636,0.00023367343107214223,0.0012294461832538929,0.0015631818418773992,0.006048956951277485
R3_GLYRS_HIGH,68,0.022739657523579274,MetRS_tRNAfMetCAU,7.25315418182363e-05,4.775312385082978e-05,0.0003281408509784492,0.0004006723927966855,0.0015462384879236899
R3_GLYRS_HIGH,69,0.024658110758226038,MetRS_AMP,-1.2532630757437317e-07,-2.604783806116873e-08,4.124506616891048e-06,3.9991803093166745e-06,4.1789592717096665e-06
R3_GLYRS_HIGH,69,0.024658110758226038,MetRS_AMP_MettRNAfMetCAU,-4.900305026601026e-05,-7.019528095124206e-06,0.002447779520414051,0.0023987764701480408,0.0024810126999107018
R3_GLYRS_HIGH,69,0.024658110758226038,MetRS_ATP,-0.002351070881190678,-0.0022194114567074606,0.00860621011729869,0.0062551392361080115,0.34328914655111564
R3_GLYRS_HIGH,69,0.024658110758226038,MetRS_ATP_tRNAfMetCAU,0.0008568398430499006,0.0005161141801597967,0.004227640996784694,0.005084480839834595,0.023123649604484205
R3_GLYRS_HIGH,69,0.024658110758226038,MetRS_Met,-0.00010483478008720105,-0.00010892660790447672,0.0018352458512011429,0.0017304110711139418,0.01588100179364712
R3_GLYRS_HIGH,69,0.024658110758226038,MetRS_MetAMP_PPi,0.0001593007007266189,0.00010028034332695176,0.0015868968035630574,0.0017461975042896763,0.010584951240033133
R3_GLYRS_HIGH,69,0.024658110758226038,MetRS_MetAMP_PPi_tRNAfMetCAU,0.001006159792637528,0.0006661057475885982,0.0029738652538689797,0.003980025046506508,0.016716388946591373
R3_GLYRS_HIGH,69,0.024658110758226038,MetRS_MetAMP_tRNAfMetCAU,-0.0020203998014379776,0.00010276600979872588,0.17897109686357243,0.17695069706213445,0.18139623472764435
R3_GLYRS_HIGH,69,0.024658110758226038,MetRS_Met_ATP,-0.0015054072463162108,-0.001568829666096703,0.02735330963751049,0.02584790239119428,0.23721658513976285
R3_GLYRS_HIGH,69,0.024658110758226038,MetRS_Met_ATP_tRNAfMetCAU,0.003951395286798585,0.0025652966657521235,0.01578798999857933,0.019739385285377914,0.09002882283952873
R3_GLYRS_HIGH,69,0.024658110758226038,MetRS_Met_tRNAfMetCAU,0.0002654783889372205,0.00017234290202314425,0.0010608510427608203,0.0013263294316980408,0.006048956951277485
R3_GLYRS_HIGH,69,0.024658110758226038,MetRS_tRNAfMetCAU,5.686913408165439e-05,3.409909441587069e-05,0.0002831402269207864,0.0003400093610024408,0.0015462384879236899
R3_GLYRS_HIGH,70,0.026738416158399468,MetRS_AMP,-6.9545535025641e-08,1.846045280757225e-08,4.144152223413018e-06,4.074606688387377e-06,4.1789592717096665e-06
R3_GLYRS_HIGH,70,0.026738416158399468,MetRS_AMP_MettRNAfMetCAU,-2.335671663816546e-05,1.4138951971199665e-05,0.002459438876827507,0.0024360821601893414,0.0024810126999107018
R3_GLYRS_HIGH,70,0.026738416158399468,MetRS_ATP,-0.002103255177078386,-0.0019200328921443212,0.007359342942881098,0.0052560877658027125,0.34328914655111564
R3_GLYRS_HIGH,70,0.026738416158399468,MetRS_ATP_tRNAfMetCAU,0.0006449411406757727,0.00033001751948121276,0.003612793943378402,0.0042577350840541745,0.023123649604484205
R3_GLYRS_HIGH,70,0.026738416158399468,MetRS_Met,-0.00011793916474040823,-0.00012063888150888435,0.0015695196191731471,0.001451580454432739,0.01588100179364712
R3_GLYRS_HIGH,70,0.026738416158399468,MetRS_MetAMP_PPi,0.00010652129468532025,4.982433683729912e-05,0.0013570304526467254,0.0014635517473320456,0.010584951240033133
R3_GLYRS_HIGH,70,0.026738416158399468,MetRS_MetAMP_PPi_tRNAfMetCAU,0.0007901005078731161,0.0004722414845684425,0.0025413782095174554,0.0033314787173905716,0.016716388946591373
R3_GLYRS_HIGH,70,0.026738416158399468,MetRS_MetAMP_tRNAfMetCAU,-0.0006357145103877138,0.0012661375767657205,0.17982357876284086,0.17918786425245314,0.18139623472764435
R3_GLYRS_HIGH,70,0.026738416158399468,MetRS_Met_ATP,-0.0017102155035250768,-0.001754722994765209,0.023392719280957902,0.021682503777432825,0.23721658513976285
R3_GLYRS_HIGH,70,0.026738416158399468,MetRS_Met_ATP_tRNAfMetCAU,0.0030348115386833446,0.00173771677867349,0.013492000366018579,0.016526811904701923,0.09002882283952873
R3_GLYRS_HIGH,70,0.026738416158399468,MetRS_Met_tRNAfMetCAU,0.0002038958920766845,0.0001167413832889382,0.0009065798518375943,0.0011104757439142788,0.006048956951277485
R3_GLYRS_HIGH,70,0.026738416158399468,MetRS_tRNAfMetCAU,4.2763849383904706e-05,2.173270815424728e-05,0.00024196274656202018,0.0002847265959459249,0.0015462384879236899
R3_GLYRS_HIGH,71,0.028994228538828753,MetRS_AMP,-2.078319363722902e-08,5.7688462221369376e-08,4.1506049905411586e-06,4.1298217969039295e-06,4.1789592717096665e-06
R3_GLYRS_HIGH,71,0.028994228538828753,MetRS_AMP_MettRNAfMetCAU,-9.598416036856426e-07,3.2769806667280354e-05,0.0024632686936088277,0.002462308852005142,0.0024810126999107018
R3_GLYRS_HIGH,71,0.028994228538828753,MetRS_ATP,-0.0018750108586363043,-0.0016489589184545564,0.006235626192144298,0.004360615333507994,0.34328914655111564
R3_GLYRS_HIGH,71,0.028994228538828753,MetRS_ATP_tRNAfMetCAU,0.0004568460487275631,0.0001645881343166923,0.0030589327931226686,0.0035157788418502317,0.023123649604484205
R3_GLYRS_HIGH,71,0.028994228538828753,MetRS_Met,-0.00012855828655783798,-0.00013057958157057452,0.0013300225050740884,0.0012014642185162504,0.01588100179364712
R3_GLYRS_HIGH,71,0.028994228538828753,MetRS_MetAMP_PPi,6.003736227522044e-05,5.078023458674952e-06,0.0011498642648094593,0.0012099016270846797,0.010584951240033133
R3_GLYRS_HIGH,71,0.028994228538828753,MetRS_MetAMP_PPi_tRNAfMetCAU,0.0005974804430530049,0.0002994662174681841,0.0021517903196267302,0.002749270762679735,0.016716388946591373
R3_GLYRS_HIGH,71,0.028994228538828753,MetRS_MetAMP_tRNAfMetCAU,0.0005706581875809247,0.0022889386186403485,0.18010359843791016,0.18067425662549108,0.18139623472764435
R3_GLYRS_HIGH,71,0.028994228538828753,MetRS_Met_ATP,-0.001877019288605293,-0.0019130365553831556,0.019823074594036483,0.01794605530543119,0.23721658513976285
R3_GLYRS_HIGH,71,0.028994228538828753,MetRS_Met_ATP_tRNAfMetCAU,0.0022198010852912536,0.0010011265506851,0.0114237487425771,0.013643549827868353,0.09002882283952873
R3_GLYRS_HIGH,71,0.028994228538828753,MetRS_Met_tRNAfMetCAU,0.0001491375165508927,6.725271932499655e-05,0.0007676103694728004,0.0009167478860236931,0.006048956951277485
R3_GLYRS_HIGH,71,0.028994228538828753,MetRS_tRNAfMetCAU,3.0243971972931287e-05,1.0740275817590881e-05,0.00020486952968797327,0.00023511350166090456,0.0015462384879236899
R3_GLYRS_HIGH,72,0.031440354715915,MetRS_AMP,2.1160533595175946e-08,9.145180045167831e-08,4.143430160618966e-06,4.164590694214142e-06,4.1789592717096665e-06
R3_GLYRS_HIGH,72,0.031440354715915,MetRS_AMP_MettRNAfMetCAU,1.8276277464547228e-05,4.878471179064023e-05,0.0024590109566434266,0.002477287234107974,0.0024810126999107018
R3_GLYRS_HIGH,72,0.031440354715915,MetRS_ATP,-0.0016683037483198274,-0.0014072039633119253,0.005239525997776327,0.0035712222494564995,0.34328914655111564
R3_GLYRS_HIGH,72,0.031440354715915,MetRS_ATP_tRNAfMetCAU,0.0002926439293275823,2.0556290662454433e-05,0.002568227789368774,0.0028608717186963564,0.023123649604484205
R3_GLYRS_HIGH,72,0.031440354715915,MetRS_Met,-0.0001369542250388349,-0.00013868744140819393,0.001117707746630843,0.000980753521592008,0.01588100179364712
R3_GLYRS_HIGH,72,0.031440354715915,MetRS_MetAMP_PPi,1.9752237003661756e-05,-3.37572554219176e-05,0.0009662215071096099,0.0009859737441132717,0.010584951240033133
R3_GLYRS_HIGH,72,0.031440354715915,MetRS_MetAMP_PPi_tRNAfMetCAU,0.00042858876196323376,0.00014852240562697976,0.0018066269288882087,0.0022352156908514425,0.016716388946591373
R3_GLYRS_HIGH,72,0.031440354715915,MetRS_MetAMP_tRNAfMetCAU,0.0016039437200497664,0.0031662517960961813,0.17979229100759458,0.18139623472764435,0.18139623472764435
R3_GLYRS_HIGH,72,0.031440354715915,MetRS_Met_ATP,-0.002009702072319137,-0.002042815594039223,0.016658582410906283,0.014648880338587146,0.23721658513976285
R3_GLYRS_HIGH,72,0.031440354715915,MetRS_Met_ATP_tRNAfMetCAU,0.0015070169300526667,0.0003587309058833641,0.009591333587049417,0.011098350517102083,0.09002882283952873
R3_GLYRS_HIGH,72,0.031440354715915,MetRS_Met_tRNAfMetCAU,0.00010124713859954108,2.4092241977475935e-05,0.0006444867968146165,0.0007457339354141575,0.006048956951277485
R3_GLYRS_HIGH,72,0.031440354715915,MetRS_tRNAfMetCAU,1.9315260145529224e-05,1.1703546784822076e-06,0.0001720059330577043,0.00019132119320323352,0.0015462384879236899
R3_GLYRS_HIGH,73,0.03409285069746811,MetRS_AMP,5.6502105486637073e-08,1.1970928252224035e-07,4.1224571662230295e-06,4.1789592717096665e-06,4.1789592717096665e-06
R3_GLYRS_HIGH,73,0.03409285069746811,MetRS_AMP_MettRNAfMetCAU,3.444825947752179e-05,6.216374402889802e-05,0.00244656444043318,0.0024810126999107018,0.0024810126999107018
R3_GLYRS_HIGH,73,0.03409285069746811,MetRS_ATP,-0.0014839868220613045,-0.001194961495560965,0.0043720141936397575,0.002888027371578453,0.34328914655111564
R3_GLYRS_HIGH,73,0.03409285069746811,MetRS_ATP_tRNAfMetCAU,0.00015204443222662694,-0.00010192055432856341,0.002141110617986783,0.00229315505021341,0.023123649604484205
R3_GLYRS_HIGH,73,0.03409285069746811,MetRS_Met,-0.000143306820967571,-0.00014494552285827258,0.00093278511789541,0.000789478296927839,0.01588100179364712
R3_GLYRS_HIGH,73,0.03409285069746811,MetRS_MetAMP_PPi,-1.447383195244355e-05,-6.663620603600895e-05,0.0008062816766107744,0.0007918078446583309,0.010584951240033133
R3_GLYRS_HIGH,73,0.03409285069746811,MetRS_MetAMP_PPi_tRNAfMetCAU,0.0002832523040433915,1.956452165311582e-05,0.0015061908820275306,0.001789443186070922,0.016716388946591373
R3_GLYRS_HIGH,73,0.03409285069746811,MetRS_MetAMP_tRNAfMetCAU,0.00246959962332427,0.003896950225334703,0.1788822552992265,0.18135185492255076,0.18139623472764435
R3_GLYRS_HIGH,73,0.03409285069746811,MetRS_Met_ATP,-0.002110944037481296,-0.0021437990477104294,0.013902368050473938,0.011791424012992642,0.23721658513976285
R3_GLYRS_HIGH,73,0.03409285069746811,MetRS_Met_ATP_tRNAfMetCAU,0.0008953810698253718,-0.00018879363817173823,0.007996363635507426,0.008891744705332797,0.09002882283952873
R3_GLYRS_HIGH,73,0.03409285069746811,MetRS_Met_tRNAfMetCAU,6.0152344670813106e-05,-1.2694579836149085e-05,0.0005373173004005911,0.0005974696450714042,0.006048956951277485
R3_GLYRS_HIGH,73,0.03409285069746811,MetRS_tRNAfMetCAU,9.958263128922475e-06,-6.9665728007798445e-06,0.00014340088320379202,0.0001533591463327145,0.0015462384879236899
R3_GLYRS_HIGH,74,0.036969127071950283,MetRS_AMP,8.551037480742146e-08,1.4255829144631563e-07,4.087777128891774e-06,4.173287503699196e-06,4.1789592717096665e-06
R3_GLYRS_HIGH,74,0.036969127071950283,MetRS_AMP_MettRNAfMetCAU,4.767792456185707e-05,7.295317877057524e-05,0.002425983223436454,0.002473661147998311,0.0024810126999107018
R3_GLYRS_HIGH,74,0.036969127071950283,MetRS_ATP,-0.0013219731624371173,-0.0010116336925910156,0.0036306873389463875,0.00230871417650927,0.34328914655111564
R3_GLYRS_HIGH,74,0.036969127071950283,MetRS_ATP_tRNAfMetCAU,3.4341370368573716e-05,-0.00020323871439398666,0.0017763362745231923,0.001810677644891766,0.023123649604484205
R3_GLYRS_HIGH,74,0.036969127071950283,MetRS_Met,-0.00014775380377721724,-0.00014938000547151954,0.0007747461069039694,0.0006269923031267522,0.01588100179364712
R3_GLYRS_HIGH,74,0.036969127071950283,MetRS_MetAMP_PPi,-4.285260094471577e-05,-9.366447734726973e-05,0.000669602405918875,0.0006267498049741592,0.010584951240033133
R3_GLYRS_HIGH,74,0.036969127071950283,MetRS_MetAMP_PPi_tRNAfMetCAU,0.00016082433028319788,-8.78209468142008e-05,0.0012496060618962122,0.00141043039217941,0.016716388946591373
R3_GLYRS_HIGH,74,0.036969127071950283,MetRS_MetAMP_tRNAfMetCAU,0.0031743436004044168,0.004483576582783203,0.17737744529674054,0.18055178889714496,0.18139623472764435
R3_GLYRS_HIGH,74,0.036969127071950283,MetRS_Met_ATP,-0.002182820604889401,-0.0022164003600188553,0.011546850575696415,0.009364029970807014,0.23721658513976285
R3_GLYRS_HIGH,74,0.036969127071950283,MetRS_Met_ATP_tRNAfMetCAU,0.00038195153489860474,-0.0006432137796494235,0.006634188970805668,0.007016140505704272,0.09002882283952873
R3_GLYRS_HIGH,74,0.036969127071950283,MetRS_Met_tRNAfMetCAU,2.565549770393419e-05,-4.3226416952909776e-05,0.0004457895368651862,0.0004714450345691204,0.006048956951277485
R3_GLYRS_HIGH,74,0.036969127071950283,MetRS_tRNAfMetCAU,2.125898771363646e-06,-1.3696834290324658e-05,0.00011897101971517423,0.00012109691848653788,0.0015462384879236899
R3_GLYRS_HIGH,75,0.04008806328898465,MetRS_AMP,1.0853132054055695e-07,1.6022424809032806e-07,4.039730242553472e-06,4.148261563094029e-06,4.1789592717096665e-06
R3_GLYRS_HIGH,75,0.04008806328898465,MetRS_AMP_MettRNAfMetCAU,5.8123802348548914e-05,8.126047342989536e-05,0.002397469200281719,0.002455593002630268,0.0024810126999107018
R3_GLYRS_HIGH,75,0.04008806328898465,MetRS_ATP,-0.0011814022661597475,-0.0008558947926155762,0.0030100275029862184,0.001828625236826471,0.34328914655111564
R3_GLYRS_HIGH,75,0.04008806328898465,MetRS_ATP_tRNAfMetCAU,-6.159933996645437e-05,-0.00028430554897100325,0.0014711161518843254,0.001409516811917871,0.023123649604484205
R3_GLYRS_HIGH,75,0.04008806328898465,MetRS_Met,-0.0001504197500909099,-0.0001520572017536535,0.0006424191917157755,0.0004919994416248656,0.01588100179364712
R3_GLYRS_HIGH,75,0.04008806328898465,MetRS_MetAMP_PPi,-6.568440109945735e-05,-0.00011508718946402932,0.0005551674592595527,0.0004894830581600953,0.010584951240033133
R3_GLYRS_HIGH,75,0.04008806328898465,MetRS_MetAMP_PPi_tRNAfMetCAU,6.019260461640418e-05,-0.00017457119074392726,0.0010349109725050643,0.0010951035771214685,0.016716388946591373
R3_GLYRS_HIGH,75,0.04008806328898465,MetRS_MetAMP_tRNAfMetCAU,0.003726833316518713,0.004932066284120826,0.17529262266600526,0.17901945598252397,0.18139623472764435
R3_GLYRS_HIGH,75,0.04008806328898465,MetRS_Met_ATP,-0.002227233094762241,-0.0022616605099958576,0.009574566688017424,0.007347333593255183,0.23721658513976285
R3_GLYRS_HIGH,75,0.04008806328898465,MetRS_Met_ATP_tRNAfMetCAU,-3.810524317540958e-05,-0.0010085497661721176,0.005494397746862522,0.005456292503687113,0.09002882283952873
R3_GLYRS_HIGH,75,0.04008806328898465,MetRS_Met_tRNAfMetCAU,-2.568120962005054e-06,-6.777333815395333e-05,0.0003692040258704104,0.00036663590490840534,0.006048956951277485
R3_GLYRS_HIGH,75,0.04008806328898465,MetRS_tRNAfMetCAU,-4.257367220330692e-06,-1.908072845042481e-05,9.852960797256123e-05,9.427224075223054e-05,0.0015462384879236899
R3_GLYRS_HIGH,76,0.04347013158125022,MetRS_AMP,1.2599770941000057e-07,1.730443799172246e-07,3.978883235839984e-06,4.104880945249985e-06,4.1789592717096665e-06
R3_GLYRS_HIGH,76,0.04347013158125022,MetRS_AMP_MettRNAfMetCAU,6.598539070720158e-05,8.724652785274145e-05,0.0023613587061165216,0.002427344096823723,0.0024810126999107018
R3_GLYRS_HIGH,76,0.04347013158125022,MetRS_ATP,-0.0010607984818949972,-0.0007257871533093186,0.0025018013349996813,0.0014410028531046842,0.34328914655111564
R3_GLYRS_HIGH,76,0.04347013158125022,MetRS_ATP_tRNAfMetCAU,-0.00013731672665747894,-0.0003464738217433987,0.0012213202245586177,0.0010840034979011388,0.023123649604484205
R3_GLYRS_HIGH,76,0.04347013158125022,MetRS_Met,-0.00015143380346006137,-0.00015307884555736448,0.0005340545034142199,0.0003826206999541585,0.01588100179364712
R3_GLYRS_HIGH,76,0.04347013158125022,MetRS_MetAMP_PPi,-8.336107079695847e-05,-0.00013127128188152384,0.0004614601877777953,0.0003780991169808368,0.010584951240033133
R3_GLYRS_HIGH,76,0.04347013158125022,MetRS_MetAMP_PPi_tRNAfMetCAU,-2.018275393886413e-05,-0.00024207927108640812,0.0008592008803668495,0.0008390181264279853,0.016716388946591373
R3_GLYRS_HIGH,76,0.04347013158125022,MetRS_MetAMP_tRNAfMetCAU,0.0041379290267686,0.005251319789170869,0.1726523787848439,0.1767903078116125,0.18139623472764435
R3_GLYRS_HIGH,76,0.04347013158125022,MetRS_Met_ATP,-0.0022461705040583407,-0.0022811739950650096,0.007959432659877336,0.005713262155818995,0.23721658513976285
R3_GLYRS_HIGH,76,0.04347013158125022,MetRS_Met_ATP_tRNAfMetCAU,-0.00037139500434244053,-0.0012907846782350479,0.00456157068359337,0.00419017567925093,0.09002882283952873
R3_GLYRS_HIGH,76,0.04347013158125022,MetRS_Met_tRNAfMetCAU,-2.496228998987495e-05,-8.673727985399762e-05,0.0003065248414491152,0.00028156255145924026,0.006048956951277485
R3_GLYRS_HIGH,76,0.04347013158125022,MetRS_tRNAfMetCAU,-9.294008170380208e-06,-2.3208162554267978e-05,8.180007904185814e-05,7.250607087147793e-05,0.0015462384879236899
R3_GLYRS_HIGH,77,0.047137531341167244,MetRS_AMP,1.3842360584731521e-07,1.8144634440725715e-07,3.9059978002257445e-06,4.04442140607306e-06,4.1789592717096665e-06
R3_GLYRS_HIGH,77,0.047137531341167244,MetRS_AMP_MettRNAfMetCAU,7.150036322932851e-05,9.111548718853375e-05,0.0023181037794818807,0.002389604142711209,0.0024810126999107018
R3_GLYRS_HIGH,77,0.047137531341167244,MetRS_ATP,-0.0009582244193270639,-0.0006188470761541132,0.0020955858208604743,0.0011373614015334104,0.34328914655111564
R3_GLYRS_HIGH,77,0.047137531341167244,MetRS_ATP_tRNAfMetCAU,-0.0001946951464364355,-0.0003914553644953058,0.0010217420117798596,0.0008270468653434241,0.023123649604484205
R3_GLYRS_HIGH,77,0.047137531341167244,MetRS_Met,-0.0001509377493584449,-0.00015257581019982824,0.0004474354490699188,0.00029649769971147393,0.01588100179364712
R3_GLYRS_HIGH,77,0.047137531341167244,MetRS_MetAMP_PPi,-9.635628413926184e-05,-0.0001426822507109265,0.0003865603209087915,0.00029020403676952966,0.010584951240033133
R3_GLYRS_HIGH,77,0.047137531341167244,MetRS_MetAMP_PPi_tRNAfMetCAU,-8.219939863546495e-05,-0.0002921050939102218,0.0007188140838539841,0.0006366146852185192,0.016716388946591373
R3_GLYRS_HIGH,77,0.047137531341167244,MetRS_MetAMP_tRNAfMetCAU,0.004420558786598361,0.005452638728660647,0.1694897647651173,0.17391032355171565,0.18139623472764435
R3_GLYRS_HIGH,77,0.047137531341167244,MetRS_Met_ATP,-0.002241826299136323,-0.0022769902208077284,0.006668408133240431,0.004426581834104108,0.23721658513976285
R3_GLYRS_HIGH,77,0.047137531341167244,MetRS_Met_ATP_tRNAfMetCAU,-0.000626024076659681,-0.0014974824722812957,0.003816269824523342,0.003190245747863661,0.09002882283952873
R3_GLYRS_HIGH,77,0.047137531341167244,MetRS_Met_tRNAfMetCAU,-4.2071604067179494e-05,-0.00010062638629180682,0.0002564460424198305,0.00021437443835265103,0.006048956951277485
R3_GLYRS_HIGH,77,0.047137531341167244,MetRS_tRNAfMetCAU,-1.310947835458275e-05,-2.6192914516155254e-05,6.843377363339349e-05,5.5324295278810735e-05,0.0015462384879236899
R3_GLYRS_HIGH,78,0.051114334834401656,MetRS_AMP,1.46386460970967e-07,1.859228044106867e-07,3.821991843882432e-06,3.968378304853399e-06,4.1789592717096665e-06
R3_GLYRS_HIGH,78,0.051114334834401656,MetRS_AMP_MettRNAfMetCAU,7.49360890283002e-05,9.310261123920657e-05,0.0022682491675183472,0.0023431852565466474,0.0024810126999107018
R3_GLYRS_HIGH,78,0.051114334834401656,MetRS_ATP,-0.0008714321186544554,-0.0005322543796799475,0.0017793961345240043,0.0009079640158695489,0.34328914655111564
R3_GLYRS_HIGH,78,0.051114334834401656,MetRS_ATP_tRNAfMetCAU,-0.00023587385828378947,-0.0004212184381861993,0.0008664134824633975,0.000630539624179608,0.023123649604484205
R3_GLYRS_HIGH,78,0.051114334834401656,MetRS_Met,-0.0001490868702531029,-0.0001507005779199755,0.0003800121083706907,0.0002309252381175878,0.01588100179364712
R3_GLYRS_HIGH,78,0.051114334834401656,MetRS_MetAMP_PPi,-0.00010520593885823137,-0.00014985642932735318,0.0003282595788654846,0.00022305364000725322,0.010584951240033133
R3_GLYRS_HIGH,78,0.051114334834401656,MetRS_MetAMP_PPi_tRNAfMetCAU,-0.00012801559024921679,-0.0003266696809648294,0.0006095532985321201,0.00048153770828290334,0.016716388946591373
R3_GLYRS_HIGH,78,0.051114334834401656,MetRS_MetAMP_tRNAfMetCAU,0.004589266567720407,0.005549054884556377,0.16584461017242552,0.17043387674014593,0.18139623472764435
R3_GLYRS_HIGH,78,0.051114334834401656,MetRS_Met_ATP,-0.0022166066285939125,-0.0022514953336481404,0.005663484478766067,0.003446877850172154,0.23721658513976285
R3_GLYRS_HIGH,78,0.051114334834401656,MetRS_Met_ATP_tRNAfMetCAU,-0.0008112005392742669,-0.001637334164142246,0.003236213727507317,0.00242501318823305,0.09002882283952873
R3_GLYRS_HIGH,78,0.051114334834401656,MetRS_Met_tRNAfMetCAU,-5.451468038580138e-05,-0.00011002452212000567,0.00021747062862906508,0.0001629559482432637,0.006048956951277485
R3_GLYRS_HIGH,78,0.051114334834401656,MetRS_tRNAfMetCAU,-1.584619979789633e-05,-2.8165811214048594e-05,5.8031030480270665e-05,4.2184830682374335e-05,0.0015462384879236899
R3_GLYRS_HIGH,79,0.05542664520663107,MetRS_AMP,1.50501009577761e-07,1.8700364675502218e-07,3.7278964700413937e-06,3.878397479619155e-06,4.1789592717096665e-06
R3_GLYRS_HIGH,79,0.05542664520663107,MetRS_AMP_MettRNAfMetCAU,7.657743905211453e-05,9.346101801981969e-05,0.002212406793864788,0.0022889842329169023,0.0024810126999107018
R3_GLYRS_HIGH,79,0.05542664520663107,MetRS_ATP,-0.0007980118254514841,-0.0004629962245460846,0.0015403760963466561,0.000742364270895172,0.34328914655111564
R3_GLYRS_HIGH,79,0.05542664520663107,MetRS_ATP_tRNAfMetCAU,-0.00026313653021144747,-0.000437875571954564,0.0007489497257423026,0.0004858131955308551,0.023123649604484205
R3_GLYRS_HIGH,79,0.05542664520663107,MetRS_Met,-0.00014604614916961448,-0.0001476189653071379,0.00032904804396502354,0.00018300189479540906,0.01588100179364712
R3_GLYRS_HIGH,79,0.05542664520663107,MetRS_MetAMP_PPi,-0.00011048216528867762,-0.00015337062018293949,0.00028418884570788404,0.00017370668041920642,0.010584951240033133
R3_GLYRS_HIGH,79,0.05542664520663107,MetRS_MetAMP_PPi_tRNAfMetCAU,-0.0001599353285595061,-0.0003479396996291042,0.0005269279853326804,0.0003669926567731743,0.016716388946591373
R3_GLYRS_HIGH,79,0.05542664520663107,MetRS_MetAMP_tRNAfMetCAU,0.004659554385725767,0.005554596775117022,0.1617616562288197,0.16642121061454546,0.18139623472764435
R3_GLYRS_HIGH,79,0.05542664520663107,MetRS_Met_ATP,-0.002173068613617652,-0.002207282399521682,0.004903873100190941,0.002730804486573289,0.23721658513976285
R3_GLYRS_HIGH,79,0.05542664520663107,MetRS_Met_ATP_tRNAfMetCAU,-0.0009367530430797108,-0.0017196620764472524,0.0027975638594264526,0.0018608108163467418,0.09002882283952873
R3_GLYRS_HIGH,79,0.05542664520663107,MetRS_Met_tRNAfMetCAU,-6.295183269594516e-05,-0.00011555796751374581,0.00018799696903622234,0.00012504513634027718,0.006048956951277485
R3_GLYRS_HIGH,79,0.05542664520663107,MetRS_tRNAfMetCAU,-1.7656210222053397e-05,-2.9267273765434848e-05,5.016426805740831e-05,3.2508057835354915e-05,0.0015462384879236899
R3_GLYRS_HIGH,80,0.06010276782070382,MetRS_AMP,1.5138961848308383e-07,1.852280135089354e-07,3.6248123990081254e-06,3.776202017491209e-06,4.1789592717096665e-06
R3_GLYRS_HIGH,80,0.06010276782070382,MetRS_AMP_MettRNAfMetCAU,7.671300941271449e-05,9.244833756064543e-05,0.0021512298964625255,0.00222794290587524,0.0024810126999107018
R3_GLYRS_HIGH,80,0.06010276782070382,MetRS_ATP,-0.0007355342860142109,-0.00040803279417088006,0.0013654991332083541,0.0006299648471941432,0.34328914655111564
R3_GLYRS_HIGH,80,0.06010276782070382,MetRS_ATP_tRNAfMetCAU,-0.00027879373240484115,-0.000443570589873044,0.0006628971322450863,0.0003841033998402451,0.023123649604484205
R3_GLYRS_HIGH,80,0.06010276782070382,MetRS_Met,-0.000141984104545772,-0.00014350175897653064,0.0002917694669902764,0.0001497853624445044,0.01588100179364712
R3_GLYRS_HIGH,80,0.06010276782070382,MetRS_MetAMP_PPi,-0.00011276479270777974,-0.0001538114222724562,0.00025194731335455534,0.0001391825206467756,0.010584951240033133
R3_GLYRS_HIGH,80,0.06010276782070382,MetRS_MetAMP_PPi_tRNAfMetCAU,-0.0001802879288476841,-0.0003581111979081331,0.0004663991704310428,0.0002861112415833587,0.016716388946591373
R3_GLYRS_HIGH,80,0.06010276782070382,MetRS_MetAMP_tRNAfMetCAU,0.004647136336107499,0.005483551239694429,0.1572886648804039,0.1619358012165114,0.18139623472764435
R3_GLYRS_HIGH,80,0.06010276782070382,MetRS_Met_ATP,-0.0021138231959759567,-0.002147020177124601,0.004348228840553841,0.002234405644577884,0.23721658513976285
R3_GLYRS_HIGH,80,0.06010276782070382,MetRS_Met_ATP_tRNAfMetCAU,-0.0010126220060037723,-0.0017539205929108048,0.002476224251777755,0.0014636022457739826,0.09002882283952873
R3_GLYRS_HIGH,80,0.06010276782070382,MetRS_Met_tRNAfMetCAU,-6.8050888824627e-05,-0.00011786187822589953,0.0001664061216435712,9.835523281894421e-05,0.006048956951277485
R3_GLYRS_HIGH,80,0.06010276782070382,MetRS_tRNAfMetCAU,-1.8693342143098143e-05,-2.9639808638322253e-05,4.440130151872982e-05,2.5707959375631678e-05,0.0015462384879236899
R3_GLYRS_HIGH,81,0.0651733960488242,MetRS_AMP,1.4965340244380818e-07,1.811185211019169e-07,3.513869889426263e-06,3.663523291870071e-06,4.1789592717096665e-06
R3_GLYRS_HIGH,81,0.0651733960488242,MetRS_AMP_MettRNAfMetCAU,7.562173485363205e-05,9.031441015708301e-05,0.00208538924214881,0.002161010977002442,0.0024810126999107018
R3_GLYRS_HIGH,81,0.0651733960488242,MetRS_ATP,-0.0006816793672332819,-0.0003644510502456114,0.0012422213134938465,0.0005605419462605646,0.34328914655111564
R3_GLYRS_HIGH,81,0.0651733960488242,MetRS_ATP_tRNAfMetCAU,-0.0002850715676607727,-0.0004403743747616046,0.0006020559778853214,0.00031698441022454875,0.023123649604484205
R3_GLYRS_HIGH,81,0.0651733960488242,MetRS_Met,-0.0001370660661300386,-0.00013851698365598548,0.00026550433274212,0.0001284382666120814,0.01588100179364712
R3_GLYRS_HIGH,81,0.0651733960488242,MetRS_MetAMP_PPi,-0.00011261390342841843,-0.00015174684516681175,0.00022922283510722153,0.0001166089316788031,0.010584951240033133
R3_GLYRS_HIGH,81,0.0651733960488242,MetRS_MetAMP_PPi_tRNAfMetCAU,-0.00019131462366878027,-0.00035930235346051794,0.0004236062933300933,0.00023229166966131306,0.016716388946591373
R3_GLYRS_HIGH,81,0.0651733960488242,MetRS_MetAMP_tRNAfMetCAU,0.004567212838836432,0.005349782850663526,0.15247467971082018,0.15704189254965661,0.18139623472764435
R3_GLYRS_HIGH,81,0.0651733960488242,MetRS_Met_ATP,-0.0020414300004716213,-0.0020733318001473922,0.003956723276193176,0.0019152932757215545,0.23721658513976285
R3_GLYRS_HIGH,81,0.0651733960488242,MetRS_Met_ATP_tRNAfMetCAU,-0.0010483786571292074,-0.00174923557450861,0.0022490457856590377,0.0012006671285298303,0.09002882283952873
R3_GLYRS_HIGH,81,0.0651733960488242,MetRS_Met_tRNAfMetCAU,-7.045487843703049e-05,-0.00011754934242193774,0.00015114274709920623,8.068786866217574e-05,0.006048956951277485
R3_GLYRS_HIGH,81,0.0651733960488242,MetRS_tRNAfMetCAU,-1.910580939897174e-05,-2.9421079286781688e-05,4.032694565255705e-05,2.1221136253585307e-05,0.0015462384879236899
R3_GLYRS_HIGH,82,0.07067181273927492,MetRS_AMP,1.4584763469235175e-07,1.7515987962616135e-07,3.3961959004246605e-06,3.5420435351170123e-06,4.1789592717096665e-06
R3_GLYRS_HIGH,82,0.07067181273927492,MetRS_AMP_MettRNAfMetCAU,7.356150651108544e-05,8.729108542078328e-05,0.0020155536385914603,0.0020891151451025458,0.0024810126999107018
R3_GLYRS_HIGH,82,0.07067181273927492,MetRS_ATP,-0.0006343426759438158,-0.00032959351074827065,0.0011590306440401818,0.000524687968096366,0.34328914655111564
R3_GLYRS_HIGH,82,0.07067181273927492,MetRS_ATP_tRNAfMetCAU,-0.0002840178833154022,-0.0004301982800883197,0.0005607499230379211,0.0002767320397225189,0.023123649604484205
R3_GLYRS_HIGH,82,0.07067181273927492,MetRS_Met,-0.00013144819653116308,-0.000132823480257199,0.0002477994736222478,0.00011635127709108473,0.01588100179364712
R3_GLYRS_HIGH,82,0.07067181273927492,MetRS_MetAMP_PPi,-0.00011054652960736337,-0.00014770264680187347,0.000213893200921809,0.00010334667131444563,0.010584951240033133
R3_GLYRS_HIGH,82,0.07067181273927492,MetRS_MetAMP_PPi_tRNAfMetCAU,-0.0001950733437067912,-0.00035346439141158354,0.0003945567527054171,0.0001994834089986259,0.016716388946591373
R3_GLYRS_HIGH,82,0.07067181273927492,MetRS_MetAMP_tRNAfMetCAU,0.0044338533151881965,0.005166169658478229,0.14736860105780183,0.15180245437299003,0.18139623472764435
R3_GLYRS_HIGH,82,0.07067181273927492,MetRS_Met_ATP,-0.0019583041007456637,-0.0019886939873090524,0.0036927906182055085,0.0017344865174598449,0.23721658513976285
R3_GLYRS_HIGH,82,0.07067181273927492,MetRS_Met_ATP_tRNAfMetCAU,-0.0010528204937219616,-0.0017140217815770872,0.0020948324833658344,0.0010420119896438727,0.09002882283952873
R3_GLYRS_HIGH,82,0.07067181273927492,MetRS_Met_tRNAfMetCAU,-7.075485363578502e-05,-0.00011518567736320421,0.0001407827213167633,7.00278676809783e-05,0.006048956951277485
R3_GLYRS_HIGH,82,0.07067181273927492,MetRS_tRNAfMetCAU,-1.902996347249755e-05,-2.8738150595753737e-05,3.7561063189286406e-05,1.8531099716788855e-05,0.0015462384879236899
R3_GLYRS_HIGH,83,0.07663410868007454,MetRS_AMP,1.40463904644704e-07,1.677835857250617e-07,3.272891255724842e-06,3.413355160369546e-06,4.1789592717096665e-06
R3_GLYRS_HIGH,83,0.07663410868007454,MetRS_AMP_MettRNAfMetCAU,7.076091879630922e-05,8.358492100720714e-05,0.0019423763821808874,0.0020131373009771966,0.0024810126999107018
R3_GLYRS_HIGH,83,0.07663410868007454,MetRS_ATP,-0.0005917130314872823,-0.00030115192818466307,0.0011058488590899274,0.0005141358276026451,0.34328914655111564
R3_GLYRS_HIGH,83,0.07663410868007454,MetRS_ATP_tRNAfMetCAU,-0.0002774343842735136,-0.0004147319526156131,0.0005340212108970976,0.00025658682662358404,0.023123649604484205
R3_GLYRS_HIGH,83,0.07663410868007454,MetRS_Met,-0.00012527308850378814,-0.00012656631042512253,0.00023650641743118463,0.00011123332892739651,0.01588100179364712
R3_GLYRS_HIGH,83,0.07663410868007454,MetRS_MetAMP_PPi,-0.00010701968245422063,-0.0001421452644387543,0.0002041002583715426,9.708057591732198e-05,0.010584951240033133
R3_GLYRS_HIGH,83,0.07663410868007454,MetRS_MetAMP_PPi_tRNAfMetCAU,-0.0001933698809342092,-0.0003423176205111476,0.00037576322312105726,0.00018239334218684807,0.016716388946591373
R3_GLYRS_HIGH,83,0.07663410868007454,MetRS_MetAMP_tRNAfMetCAU,0.004259548641515287,0.004944199502052809,0.14201819514135855,0.14627774378287384,0.18139623472764435
R3_GLYRS_HIGH,83,0.07663410868007454,MetRS_Met_ATP,-0.0018666473991197396,-0.001895364878973383,0.0035244068200927614,0.0016577594209730218,0.23721658513976285
R3_GLYRS_HIGH,83,0.07663410868007454,MetRS_Met_ATP_tRNAfMetCAU,-0.001033678611263255,-0.0016557081672943551,0.001995070555213828,0.0009613919439505728,0.09002882283952873
R3_GLYRS_HIGH,83,0.07663410868007454,MetRS_Met_tRNAfMetCAU,-6.947022474366014e-05,-0.00011126997235647989,0.00013408212239474784,6.46118976510877e-05,0.006048956951277485
R3_GLYRS_HIGH,83,0.07663410868007454,MetRS_tRNAfMetCAU,-1.8585773746297975e-05,-2.7703355651163005e-05,3.57716376815921e-05,1.7185863935294126e-05,0.0015462384879236899
R3_GLYRS_HIGH,84,0.08309941949353396,MetRS_AMP,1.3392024177797027e-07,1.5935953197668006e-07,3.145019066686249e-06,3.2789393084642193e-06,4.1789592717096665e-06
R3_GLYRS_HIGH,84,0.08309941949353396,MetRS_AMP_MettRNAfMetCAU,6.741470482888256e-05,7.937318315466548e-05,0.0018664883878514362,0.0019339030926803188,0.0024810126999107018
R3_GLYRS_HIGH,84,0.08309941949353396,MetRS_ATP,-0.0005523167488217181,-0.0002772204275887424,0.0010742616137509777,0.0005219448649292596,0.34328914655111564
R3_GLYRS_HIGH,84,0.08309941949353396,MetRS_ATP_tRNAfMetCAU,-0.00026683887388869994,-0.00039540900744959915,0.0005177403009957749,0.00025090142710707496,0.023123649604484205
R3_GLYRS_HIGH,84,0.08309941949353396,MetRS_Met,-0.00011866733945782034,-0.0001198742507956967,0.0002298307140801576,0.00011116337462233725,0.01588100179364712
R3_GLYRS_HIGH,84,0.08309941949353396,MetRS_MetAMP_PPi,-0.00010242083980333452,-0.00013547231369225314,0.00019829242532068598,9.587158551735146e-05,0.010584951240033133
R3_GLYRS_HIGH,84,0.08309941949353396,MetRS_MetAMP_PPi_tRNAfMetCAU,-0.00018771962069776766,-0.0003273161277359993,0.00036432081015755975,0.0001766011894597921,0.016716388946591373
R3_GLYRS_HIGH,84,0.08309941949353396,MetRS_MetAMP_tRNAfMetCAU,0.004054963860740307,0.0046937491265421774,0.13646959174584838,0.1405245556065887,0.18139623472764435
R3_GLYRS_HIGH,84,0.08309941949353396,MetRS_Met_ATP,-0.0017684107848173582,-0.001795344635189196,0.003424824729363896,0.0016564139445465378,0.23721658513976285
R3_GLYRS_HIGH,84,0.08309941949353396,MetRS_Met_ATP_tRNAfMetCAU,-0.0009974549600949454,-0.0015805862509482723,0.0019343380775725743,0.000936883117477629,0.09002882283952873
R3_GLYRS_HIGH,84,0.08309941949353396,MetRS_Met_tRNAfMetCAU,-6.703782434568423e-05,-0.00010622489986646993,0.00013000476121431082,6.296693686862659e-05,0.006048956951277485
R3_GLYRS_HIGH,84,0.08309941949353396,MetRS_tRNAfMetCAU,-1.787431323403501e-05,-2.6412013642989042e-05,3.468211656490573e-05,1.680780333087072e-05,0.0015462384879236899
R3_GLYRS_HIGH,85,0.09011018251665019,MetRS_AMP,1.2655916927239033e-07,1.501944120585795e-07,3.013603921504794e-06,3.1401630907771842e-06,4.1789592717096665e-06
R3_GLYRS_HIGH,85,0.09011018251665019,MetRS_AMP_MettRNAfMetCAU,6.36828414639413e-05,7.480309088731849e-05,0.001788497708365077,0.0018521805498290184,0.0024810126999107018
R3_GLYRS_HIGH,85,0.09011018251665019,MetRS_ATP,-0.0005150288405904964,-0.00025630820370009457,0.0010575765735728324,0.0005425477329823361,0.34328914655111564
R3_GLYRS_HIGH,85,0.09011018251665019,MetRS_ATP_tRNAfMetCAU,-0.0002534574104454271,-0.0003734001382530378,0.0005086304120290074,0.0002551730015835803,0.023123649604484205
R3_GLYRS_HIGH,85,0.09011018251665019,MetRS_Met,-0.00011174112381396831,-0.00011285934250972632,0.00022634460903418895,0.00011460348522022064,0.01588100179364712
R3_GLYRS_HIGH,85,0.09011018251665019,MetRS_MetAMP_PPi,-9.70658864267952e-05,-0.0001280105794449585,0.00019523548400622617,9.816959757943097e-05,0.010584951240033133
R3_GLYRS_HIGH,85,0.09011018251665019,MetRS_MetAMP_PPi_tRNAfMetCAU,-0.00017933960096228922,-0.00030964070984197467,0.00035792436500661404,0.00017858476404432482,0.016716388946591373
R3_GLYRS_HIGH,85,0.09011018251665019,MetRS_MetAMP_tRNAfMetCAU,0.003828890125025769,0.0044230428391308875,0.13076724907201326,0.13459613919703903,0.18139623472764435
R3_GLYRS_HIGH,85,0.09011018251665019,MetRS_Met_ATP,-0.001665287374820246,-0.0016903682701207069,0.003372762885201719,0.001707475510381473,0.23721658513976285
R3_GLYRS_HIGH,85,0.09011018251665019,MetRS_Met_ATP_tRNAfMetCAU,-0.0009493885764730864,-0.0014937797462715307,0.0019003969925083552,0.0009510084160352688,0.09002882283952873
R3_GLYRS_HIGH,85,0.09011018251665019,MetRS_Met_tRNAfMetCAU,-6.380963594423701e-05,-0.00010039467252588579,0.0001277283684978582,6.391873255362119e-05,0.006048956951277485
R3_GLYRS_HIGH,85,0.09011018251665019,MetRS_tRNAfMetCAU,-1.6977235767354445e-05,-2.4941971241212872e-05,3.40730559920092e-05,1.7095820224654752e-05,0.0015462384879236899
R3_GLYRS_HIGH,86,0.09771241535346502,MetRS_AMP,1.1865254258283726e-07,1.405358990926991e-07,2.879639698899108e-06,2.998292241481945e-06,4.1789592717096665e-06
R3_GLYRS_HIGH,86,0.09771241535346502,MetRS_AMP_MettRNAfMetCAU,5.969279269337044e-05,6.999381481414418e-05,0.0017089941720200715,0.001768686964713442,0.0024810126999107018
R3_GLYRS_HIGH,86,0.09771241535346502,MetRS_ATP,-0.00047905539418217533,-0.00023731715052077742,0.001050731595824748,0.0005716762016425728,0.34328914655111564
R3_GLYRS_HIGH,86,0.09771241535346502,MetRS_ATP_tRNAfMetCAU,-0.0002382421216148581,-0.0003496296283121734,0.0005042185909252767,0.00026597646931041856,0.023123649604484205
R3_GLYRS_HIGH,86,0.09771241535346502,MetRS_Met,-0.0001045894697989407,-0.00010561817929469113,0.0002249677427846969,0.00012037827298575621,0.01588100179364712
R3_GLYRS_HIGH,86,0.09771241535346502,MetRS_MetAMP_PPi,-9.120347456283613e-05,-0.00012002042729986733,0.00019399573253357333,0.0001027922579707372,0.010584951240033133
R3_GLYRS_HIGH,86,0.09771241535346502,MetRS_MetAMP_PPi_tRNAfMetCAU,-0.00016916659310050342,-0.0002902159076347169,0.00035483411753244444,0.00018566752443194103,0.016716388946591373
R3_GLYRS_HIGH,86,0.09771241535346502,MetRS_MetAMP_tRNAfMetCAU,0.003588366954923816,0.004138763548023841,0.12495429282620224,0.12854265978112606,0.18139623472764435
R3_GLYRS_HIGH,86,0.09771241535346502,MetRS_Met_ATP,-0.001558732287804434,-0.0015819257794975892,0.003352117730019084,0.00179338544221465,0.23721658513976285
R3_GLYRS_HIGH,86,0.09771241535346502,MetRS_Met_ATP_tRNAfMetCAU,-0.0008935324610873129,-0.001399317654095908,0.0018840107307245436,0.0009904782696372307,0.09002882283952873
R3_GLYRS_HIGH,86,0.09771241535346502,MetRS_Met_tRNAfMetCAU,-6.0057956385926425e-05,-9.404995124961832e-05,0.00012663234661726652,6.65743902313401e-05,0.006048956951277485
R3_GLYRS_HIGH,86,0.09771241535346502,MetRS_tRNAfMetCAU,-1.5957961287273472e-05,-2.3354699375454695e-05,3.377884517355221e-05,1.782088388627874e-05,0.0015462384879236899
R3_GLYRS_HIGH,87,0.10595601792776159,MetRS_AMP,1.1041123692723969e-07,1.305809154072334e-07,2.744102647876293e-06,2.8545138848035326e-06,4.1789592717096665e-06
R3_GLYRS_HIGH,87,0.10595601792776159,MetRS_AMP_MettRNAfMetCAU,5.554399385118269e-05,6.504042663921032e-05,0.0016285571456378714,0.0016841011394890541,0.0024810126999107018
R3_GLYRS_HIGH,87,0.10595601792776159,MetRS_ATP,-0.00044389454959154395,-0.00021949373304886452,0.001050092394646175,0.000606197845054631,0.34328914655111564
R3_GLYRS_HIGH,87,0.10595601792776159,MetRS_ATP_tRNAfMetCAU,-0.0002219074872440572,-0.000324808581428318,0.0005027332145670125,0.0002808257273229553,0.023123649604484205
R3_GLYRS_HIGH,87,0.10595601792776159,MetRS_Met,-9.729472749899878e-05,-9.823440767848154e-05,0.00022492423344009992,0.00012762950594110114,0.01588100179364712
R3_GLYRS_HIGH,87,0.10595601792776159,MetRS_MetAMP_PPi,-8.50240223908145e-05,-0.000111704826349544,0.00019390274413636532,0.00010887872174555083,0.010584951240033133
R3_GLYRS_HIGH,87,0.10595601792776159,MetRS_MetAMP_PPi_tRNAfMetCAU,-0.00015789394470654884,-0.00026974429294150855,0.00035380362047336016,0.00019590967576681132,0.016716388946591373
R3_GLYRS_HIGH,87,0.10595601792776159,MetRS_MetAMP_tRNAfMetCAU,0.0033389259510332447,0.0038462715772786048,0.11907308381647795,0.1224120097675112,0.18139623472764435
R3_GLYRS_HIGH,87,0.10595601792776159,MetRS_Met_ATP,-0.001450000996738446,-0.001471301334049944,0.003351323826690888,0.0019013228299524418,0.23721658513976285
R3_GLYRS_HIGH,87,0.10595601792776159,MetRS_Met_ATP_tRNAfMetCAU,-0.0008329101663746093,-0.0013002813466002345,0.0018785617331436352,0.001045651566769026,0.09002882283952873
R3_GLYRS_HIGH,87,0.10595601792776159,MetRS_Met_tRNAfMetCAU,-5.5985913930137475e-05,-8.73977248549679e-05,0.00012627207542894233,7.028616149880486e-05,0.006048956951277485
R3_GLYRS_HIGH,87,0.10595601792776159,MetRS_tRNAfMetCAU,-1.4864090679890814e-05,-2.1697501417448997e-05,3.3680843054887595e-05,1.881675237499678e-05,0.0015462384879236899
R3_GLYRS_HIGH,88,0.11489510001873086,MetRS_AMP,1.019973918686992e-07,1.2048601609680307e-07,2.6079658169412513e-06,2.7099632088099505e-06,4.1789592717096665e-06
R3_GLYRS_HIGH,88,0.11489510001873086,MetRS_AMP_MettRNAfMetCAU,5.1313513988526316e-05,6.0018853994444585e-05,0.001547764098382677,0.0015990776123712034,0.0024810126999107018
R3_GLYRS_HIGH,88,0.11489510001873086,MetRS_ATP,-0.0004092850488013074,-0.00020236628202559466,0.0010531875532244033,0.0006439025044230959,0.34328914655111564
R3_GLYRS_HIGH,88,0.11489510001873086,MetRS_ATP_tRNAfMetCAU,-0.00020497656567651545,-0.00029947699634617913,0.0005029717365065082,0.00029799517082999274,0.023123649604484205
R3_GLYRS_HIGH,88,0.11489510001873086,MetRS_Met,-8.992961425468584e-05,-9.078181445086769e-05,0.00022568632427183254,0.0001357567100171467,0.01588100179364712
R3_GLYRS_HIGH,88,0.11489510001873086,MetRS_MetAMP_PPi,-7.867121758544506e-05,-0.00010322082934685655,0.00019450055230898103,0.00011582933472353598,0.010584951240033133
R3_GLYRS_HIGH,88,0.11489510001873086,MetRS_MetAMP_PPi_tRNAfMetCAU,-0.00014601857946418395,-0.0002487499330029702,0.00035398674932281916,0.0002079681698586352,0.016716388946591373
R3_GLYRS_HIGH,88,0.11489510001873086,MetRS_MetAMP_tRNAfMetCAU,0.0030848980944595955,0.0035498788018595243,0.11316584410216193,0.11625074219662153,0.18139623472764435
R3_GLYRS_HIGH,88,0.11489510001873086,MetRS_Met_ATP,-0.0013401967426247587,-0.0013596217704171108,0.0033625138718876564,0.0020223171292628977,0.23721658513976285
R3_GLYRS_HIGH,88,0.11489510001873086,MetRS_Met_ATP_tRNAfMetCAU,-0.0007697154068908873,-0.0011989908963807123,0.00187955776082444,0.0011098423539335526,0.09002882283952873
R3_GLYRS_HIGH,88,0.11489510001873086,MetRS_Met_tRNAfMetCAU,-5.1740877635853466e-05,-8.059382719200355e-05,0.00012634574346792485,7.460486583207138e-05,0.006048956951277485
R3_GLYRS_HIGH,88,0.11489510001873086,MetRS_tRNAfMetCAU,-1.3730482683496182e-05,-2.0006309291798933e-05,3.369852175380355e-05,1.9968039070307366e-05,0.0015462384879236899
R3_GLYRS_HIGH,89,0.12458833642950082,MetRS_AMP,9.353702139696323e-08,1.1037800061331646e-07,2.472211077934761e-06,2.5657480993317243e-06,4.1789592717096665e-06
R3_GLYRS_HIGH,89,0.12458833642950082,MetRS_AMP_MettRNAfMetCAU,4.7061879919924835e-05,5.499093912611981e-05,0.0014671977380002615,0.0015142596179201864,0.0024810126999107018
R3_GLYRS_HIGH,89,0.12458833642950082,MetRS_ATP,-0.0003751510611764385,-0.00018567851390871053,0.0010584275628961414,0.0006832765017197029,0.34328914655111564
R3_GLYRS_HIGH,89,0.12458833642950082,MetRS_ATP_tRNAfMetCAU,-0.00018782900210536653,-0.00027404716712709957,0.0005041616385728102,0.0003163326364674437,0.023123649604484205
R3_GLYRS_HIGH,89,0.12458833642950082,MetRS_Met,-8.256024426324797e-05,-8.332739934291785e-05,0.0002269145456721414,0.00014435430140889344,0.01588100179364712
R3_GLYRS_HIGH,89,0.12458833642950082,MetRS_MetAMP_PPi,-7.225396845045431e-05,-9.469143797033887e-05,0.00019549586792711864,0.00012324189947666433,0.010584951240033133
R3_GLYRS_HIGH,89,0.12458833642950082,MetRS_MetAMP_PPi_tRNAfMetCAU,-0.00013388991735639188,-0.00022762332660656196,0.0003548399074146754,0.0002209499900582835,0.016716388946591373
R3_GLYRS_HIGH,89,0.12458833642950082,MetRS_MetAMP_tRNAfMetCAU,0.002829729263121472,0.003253128076978777,0.10727517876483185,0.11010490802795332,0.18139623472764435
R3_GLYRS_HIGH,89,0.12458833642950082,MetRS_Met_ATP,-0.0012303178133655167,-0.0012479049679335673,0.0033806268278479563,0.0021503090144824395,0.23721658513976285
R3_GLYRS_HIGH,89,0.12458833642950082,MetRS_Met_ATP_tRNAfMetCAU,-0.0007055195690504024,-0.0010971974887083724,0.0018841127292999222,0.0011785931602495197,0.09002882283952873
R3_GLYRS_HIGH,89,0.12458833642950082,MetRS_Met_tRNAfMetCAU,-4.7428398534092304e-05,-7.375586414216816e-05,0.00012665946424722632,7.923106571313402e-05,0.006048956951277485
R3_GLYRS_HIGH,89,0.12458833642950082,MetRS_tRNAfMetCAU,-1.2582449545414209e-05,-1.8308567846770173e-05,3.3780154156702416e-05,2.1197704611288207e-05,0.0015462384879236899
R3_GLYRS_HIGH,90,0.13509935211980265,MetRS_AMP,8.513126686889144e-08,1.0036327397909477e-07,2.337835756452502e-06,2.4229670233213934e-06,4.1789592717096665e-06
R3_GLYRS_HIGH,90,0.13509935211980265,MetRS_AMP_MettRNAfMetCAU,4.2838262574411336e-05,5.000889449541238e-05,0.001387449946117235,0.0014302882086916463,0.0024810126999107018
R3_GLYRS_HIGH,90,0.13509935211980265,MetRS_ATP,-0.0003415502208468685,-0.00016932784498735362,0.0010648453092102234,0.0007232950883633549,0.34328914655111564
R3_GLYRS_HIGH,90,0.13509935211980265,MetRS_ATP_tRNAfMetCAU,-0.00017074439668028586,-0.0002488425126489832,0.000505832778985078,0.0003350883823047922,0.023123649604484205
R3_GLYRS_HIGH,90,0.13509935211980265,MetRS_Met,-7.524867066519456e-05,-7.593395438863948e-05,0.0002284023828837739,0.00015315371221857934,0.01588100179364712
R3_GLYRS_HIGH,90,0.13509935211980265,MetRS_MetAMP_PPi,-6.585717090696643e-05,-8.621621317649228e-05,0.0001967102320872996,0.00013085306118033318,0.010584951240033133
R3_GLYRS_HIGH,90,0.13509935211980265,MetRS_MetAMP_PPi_tRNAfMetCAU,-0.00012175423573253683,-0.00020666176997826178,0.00035603223520290446,0.00023427799947036763,0.016716388946591373
R3_GLYRS_HIGH,90,0.13509935211980265,MetRS_MetAMP_tRNAfMetCAU,0.002576260394925242,0.002959038717289993,0.10144436364041515,0.10402062403534039,0.18139623472764435
R3_GLYRS_HIGH,90,0.13509935211980265,MetRS_Met_ATP,-0.0011212973735779848,-0.0011371006309013065,0.0034025833021965467,0.002281285928618562,0.23721658513976285
R3_GLYRS_HIGH,90,0.13509935211980265,MetRS_Met_ATP_tRNAfMetCAU,-0.0006414594820090104,-0.0009962559091301866,0.001890470019857531,0.0012490105378485205,0.09002882283952873
R3_GLYRS_HIGH,90,0.13509935211980265,MetRS_Met_tRNAfMetCAU,-4.3124825786580354e-05,-6.697480330225783e-05,0.00012709524290543527,8.397041711885492e-05,0.006048956951277485
R3_GLYRS_HIGH,90,0.13509935211980265,MetRS_tRNAfMetCAU,-1.1438643859503105e-05,-1.662581551653669e-05,3.389426382323202e-05,2.2455619963728918e-05,0.0015462384879236899
R3_GLYRS_HIGH,91,0.14649713983072862,MetRS_AMP,7.686524061423586e-08,9.053505860691428e-08,2.205852009252926e-06,2.282717249867162e-06,4.1789592717096665e-06
R3_GLYRS_HIGH,91,0.14649713983072862,MetRS_AMP_MettRNAfMetCAU,3.868453702083187e-05,4.5118725237452995e-05,0.00130912140895323,0.0013478059459740618,0.0024810126999107018
R3_GLYRS_HIGH,91,0.14649713983072862,MetRS_ATP,-0.00030862919584970336,-0.00015331380088131783,0.001071881525126876,0.0007632523292771727,0.34328914655111564
R3_GLYRS_HIGH,91,0.14649713983072862,MetRS_ATP_tRNAfMetCAU,-0.00015393710432074365,-0.00022412824768619646,0.0005077123823147716,0.000353775277994028,0.023123649604484205
R3_GLYRS_HIGH,91,0.14649713983072862,MetRS_Met,-6.805464645046153e-05,-6.866185249935549e-05,0.00023003048602881354,0.000161975839578352,0.01588100179364712
R3_GLYRS_HIGH,91,0.14649713983072862,MetRS_MetAMP_PPi,-5.955028107718706e-05,-7.787961888781566e-05,0.00019804044814833023,0.00013849016707114317,0.010584951240033133
R3_GLYRS_HIGH,91,0.14649713983072862,MetRS_MetAMP_PPi_tRNAfMetCAU,-0.00010979050929980276,-0.00018610147835453525,0.0003573717384509873,0.00024758122915118455,0.016716388946591373
R3_GLYRS_HIGH,91,0.14649713983072862,MetRS_MetAMP_tRNAfMetCAU,0.002326945639840275,0.002670294135735477,0.0957173183184294,0.09804426395826968,0.18139623472764435
R3_GLYRS_HIGH,91,0.14649713983072862,MetRS_Met_ATP,-0.0010140312911733076,-0.001028118826518649,0.003426603256072328,0.0024125719648990206,0.23721658513976285
R3_GLYRS_HIGH,91,0.14649713983072862,MetRS_Met_ATP_tRNAfMetCAU,-0.0005783885450980351,-0.0008972612868008573,0.0018976102922861368,0.0013192217471881017,0.09002882283952873
R3_GLYRS_HIGH,91,0.14649713983072862,MetRS_Met_tRNAfMetCAU,-3.888746203218361e-05,-6.03241635358367e-05,0.00012758461667311367,8.869715464093006e-05,0.006048956951277485
R3_GLYRS_HIGH,91,0.14649713983072862,MetRS_tRNAfMetCAU,-1.0313375046730743e-05,-1.4975722787228694e-05,3.4022590236780194e-05,2.370921519004945e-05,0.0015462384879236899
R3_GLYRS_HIGH,92,0.15885651294280528,MetRS_AMP,6.881409007492489e-08,8.097814663286196e-08,2.077278294420437e-06,2.146092384495362e-06,4.1789592717096665e-06
R3_GLYRS_HIGH,92,0.15885651294280528,MetRS_AMP_MettRNAfMetCAU,3.463804394647691e-05,4.0362469953535144e-05,0.0012328165551537258,0.0012674545991002027,0.0024810126999107018
R3_GLYRS_HIGH,92,0.15885651294280528,MetRS_ATP,-0.000276588420360854,-0.00013769847580793245,0.0010792242774940136,0.0008026358571331596,0.34328914655111564
R3_GLYRS_HIGH,92,0.15885651294280528,MetRS_ATP_tRNAfMetCAU,-0.00013758107525952963,-0.00020013265199042012,0.0005096468058730376,0.00037206573061350794,0.023123649604484205
R3_GLYRS_HIGH,92,0.15885651294280528,MetRS_Met,-6.103649591891728e-05,-6.156993624126855e-05,0.00023173237812644642,0.00017069588220752915,0.01588100179364712
R3_GLYRS_HIGH,92,0.15885651294280528,MetRS_MetAMP_PPi,-5.339332215800575e-05,-6.975673234471517e-05,0.0001994289715993483,0.00014603564944134254,0.010584951240033133
R3_GLYRS_HIGH,92,0.15885651294280528,MetRS_MetAMP_PPi_tRNAfMetCAU,-9.813632485790574e-05,-0.0001661401895045791,0.00035875024833532964,0.0002606139234774239,0.016716388946591373
R3_GLYRS_HIGH,92,0.15885651294280528,MetRS_MetAMP_tRNAfMetCAU,0.0020839990814727483,0.0023893633750194676,0.09013823601811287,0.09222223509958562,0.18139623472764435
R3_GLYRS_HIGH,92,0.15885651294280528,MetRS_Met_ATP,-0.0009093922787308758,-0.0009218445725135266,0.003451695194231236,0.00254230291550036,0.23721658513976285
R3_GLYRS_HIGH,92,0.15885651294280528,MetRS_Met_ATP_tRNAfMetCAU,-0.0005169852211793413,-0.0008011446090295088,0.0019049592701035302,0.0013879740489241889,0.09002882283952873
R3_GLYRS_HIGH,92,0.15885651294280528,MetRS_Met_tRNAfMetCAU,-3.4761855317727846e-05,-5.386643588093651e-05,0.00012808900874668817,9.332715342896033e-05,0.006048956951277485
R3_GLYRS_HIGH,92,0.15885651294280528,MetRS_tRNAfMetCAU,-9.218262846726493e-06,-1.3373505789570141e-05,3.415484629556817e-05,2.4936583448841676e-05,0.0015462384879236899
R3_GLYRS_HIGH,93,0.17225859653987857,MetRS_AMP,6.104645395110342e-08,7.17713508700466e-08,1.9531233291487638e-06,2.014169783099867e-06,4.1789592717096665e-06
R3_GLYRS_HIGH,93,0.17225859653987857,MetRS_AMP_MettRNAfMetCAU,3.073313198642875e-05,3.577933534196481e-05,0.0011591340350733106,0.0011898671670597394,0.0024810126999107018
R3_GLYRS_HIGH,93,0.17225859653987857,MetRS_ATP,-0.000245655498725143,-0.00012257834914475768,0.0010866999334663155,0.0008410444347411725,0.34328914655111564
R3_GLYRS_HIGH,93,0.17225859653987857,MetRS_ATP_tRNAfMetCAU,-0.00012182535261679242,-0.00017705954895815874,0.0005115485777234011,0.0003897232251066087,0.023123649604484205
R3_GLYRS_HIGH,93,0.17225859653987857,MetRS_Met,-5.425114123009043e-05,-5.471555271427389e-05,0.00023347113479268994,0.0001792199935625995,0.01588100179364712
R3_GLYRS_HIGH,93,0.17225859653987857,MetRS_MetAMP_PPi,-4.7440465957635045e-05,-6.191647098077647e-05,0.00020084379242266538,0.00015340332646503034,0.010584951240033133
R3_GLYRS_HIGH,93,0.17225859653987857,MetRS_MetAMP_PPi_tRNAfMetCAU,-8.690448603359879e-05,-0.00014695087088256462,0.0003601061585262507,0.0002732016724926519,0.016716388946591373
R3_GLYRS_HIGH,93,0.17225859653987857,MetRS_MetAMP_tRNAfMetCAU,0.001849474342680582,0.0021185607140960044,0.08475088747463208,0.08660036181731266,0.18139623472764435
R3_GLYRS_HIGH,93,0.17225859653987857,MetRS_Met_ATP,-0.0008082310318995012,-0.0008191391847805046,0.0034773089887448726,0.0026690779568453713,0.23721658513976285
R3_GLYRS_HIGH,93,0.17225859653987857,MetRS_Met_ATP_tRNAfMetCAU,-0.000457821533297347,-0.0007087296933914563,0.0019121899024381176,0.0014543683691407706,0.09002882283952873
R3_GLYRS_HIGH,93,0.17225859653987857,MetRS_Met_tRNAfMetCAU,-3.0786404695876514e-05,-4.7656916268876967e-05,0.0001285864199380937,9.780001524221718e-05,0.006048956951277485
R3_GLYRS_HIGH,93,0.17225859653987857,MetRS_tRNAfMetCAU,-8.163268841458338e-06,-1.1832755678015446e-05,3.428516734428131e-05,2.6121898502822972e-05,0.0015462384879236899
R3_GLYRS_HIGH,94,0.1867913599020783,MetRS_AMP,5.3625807016023026e-08,6.298809545699468e-08,1.8343637006133942e-06,1.8879895076294172e-06,4.1789592717096665e-06
R3_GLYRS_HIGH,94,0.1867913599020783,MetRS_AMP_MettRNAfMetCAU,2.700171186795176e-05,3.1405935833662925e-05,0.001088653433183902,0.0011156551450518537,0.0024810126999107018
R3_GLYRS_HIGH,94,0.1867913599020783,MetRS_ATP,-0.00021606556240070097,-0.00010806522037308347,0.00109420605824803,0.000878140495847329,0.34328914655111564
R3_GLYRS_HIGH,94,0.1867913599020783,MetRS_ATP_tRNAfMetCAU,-0.00010680203550267515,-0.00015509371136576756,0.0005133638694429766,0.0004065618339403014,0.023123649604484205
R3_GLYRS_HIGH,94,0.1867913599020783,MetRS_Met,-4.7753427421809224e-05,-4.815388060958089e-05,0.0002352250112293304,0.0001874715838075212,0.01588100179364712
R3_GLYRS_HIGH,94,0.1867913599020783,MetRS_MetAMP_PPi,-4.1741639260422055e-05,-5.442279951887315e-05,0.00020226605252051421,0.00016052441326009216,0.010584951240033133
R3_GLYRS_HIGH,94,0.1867913599020783,MetRS_MetAMP_PPi_tRNAfMetCAU,-7.619211630141836e-05,-0.00012868827576618388,0.00036140153889861396,0.0002852094225971956,0.016716388946591373
R3_GLYRS_HIGH,94,0.1867913599020783,MetRS_MetAMP_tRNAfMetCAU,0.0016252896976292341,0.001860055096556768,0.07959764940762885,0.08122293910525809,0.18139623472764435
R3_GLYRS_HIGH,94,0.1867913599020783,MetRS_Met_ATP,-0.0007113665727178963,-0.0007208306533502726,0.0035031221444572457,0.0027917555717393494,0.23721658513976285
R3_GLYRS_HIGH,94,0.1867913599020783,MetRS_Met_ATP_tRNAfMetCAU,-0.0004013993154107665,-0.000620759161674221,0.001919100853148853,0.0015177015377380865,0.09002882283952873
R3_GLYRS_HIGH,94,0.1867913599020783,MetRS_Met_tRNAfMetCAU,-2.699480014903837e-05,-4.1745456888503275e-05,0.00012906324620462633,0.00010206844605558796,0.006048956951277485
R3_GLYRS_HIGH,94,0.1867913599020783,MetRS_tRNAfMetCAU,-7.15722642591451e-06,-1.0365797987587169e-05,3.4409928035317866e-05,2.7252701609403356e-05,0.0015462384879236899
R3_GLYRS_HIGH,95,0.20255019392306664,MetRS_AMP,4.661030481081531e-08,5.469569007875733e-08,1.7219167841569422e-06,1.7685270889677575e-06,4.1789592717096665e-06
R3_GLYRS_HIGH,95,0.20255019392306664,MetRS_AMP_MettRNAfMetCAU,2.3473107459940886e-05,2.7275899140044617e-05,0.0010219191953578237,0.0010453923028177646,0.0024810126999107018
R3_GLYRS_HIGH,95,0.20255019392306664,MetRS_ATP,-0.00018804652156819833,-9.42735622635297e-05,0.0011016743328049155,0.0009136278112367172,0.34328914655111564
R3_GLYRS_HIGH,95,0.20255019392306664,MetRS_ATP_tRNAfMetCAU,-9.262891305278175e-05,-0.0001344012889068671,0.0005150545031154472,0.0004224255900626655,0.023123649604484205
R3_GLYRS_HIGH,95,0.20255019392306664,MetRS_Met,-4.1594934764317676e-05,-4.1936741281738e-05,0.0002369794832977607,0.00019538454853344303,0.01588100179364712
R3_GLYRS_HIGH,95,0.20255019392306664,MetRS_MetAMP_PPi,-3.6342716122494744e-05,-4.733449533741661e-05,0.0002036832030433307,0.00016734048692083596,0.010584951240033133
R3_GLYRS_HIGH,95,0.20255019392306664,MetRS_MetAMP_PPi_tRNAfMetCAU,-6.608445623528897e-05,-0.00011149046782399373,0.00036260947593168096,0.000296525019696392,0.016716388946591373
R3_GLYRS_HIGH,95,0.20255019392306664,MetRS_MetAMP_tRNAfMetCAU,0.0014132143327762053,0.001615843941087318,0.07471832935342923,0.07613154368620544,0.18139623472764435
R3_GLYRS_HIGH,95,0.20255019392306664,MetRS_Met_ATP,-0.0006195687035900664,-0.0006276960214809974,0.003528921702478061,0.0029093529988879945,0.23721658513976285
R3_GLYRS_HIGH,95,0.20255019392306664,MetRS_Met_ATP_tRNAfMetCAU,-0.0003481636533962341,-0.0005378985979349485,0.001925549286414138,0.0015773856330179039,0.09002882283952873
R3_GLYRS_HIGH,95,0.20255019392306664,MetRS_Met_tRNAfMetCAU,-2.341693069374273e-05,-3.617675296099974e-05,0.00012950974364443307,0.00010609281295069034,0.006048956951277485
R3_GLYRS_HIGH,95,0.20255019392306664,MetRS_tRNAfMetCAU,-6.208016068775402e-06,-8.983721227320274e-06,3.452653234612829e-05,2.8318516277352885e-05,0.0015462384879236899
R3_GLYRS_HIGH,96,0.2196385372416547,MetRS_AMP,4.005170479403111e-08,4.695380710342758e-08,1.6166109049324933e-06,1.6566626097265245e-06,4.1789592717096665e-06
R3_GLYRS_HIGH,96,0.2196385372416547,MetRS_AMP_MettRNAfMetCAU,2.0173473885353008e-05,2.341908759665744e-05,0.0009594229201004002,0.0009795963939857532,0.0024810126999107018
R3_GLYRS_HIGH,96,0.2196385372416547,MetRS_ATP,-0.00016180745119044495,-8.13119072571341e-05,0.0011090525738673748,0.0009472451226769298,0.34328914655111564
R3_GLYRS_HIGH,96,0.2196385372416547,MetRS_ATP_tRNAfMetCAU,-7.940880802347153e-05,-0.00011512721410074588,0.0005165891460104194,0.00043718033798694785,0.023123649604484205
R3_GLYRS_HIGH,96,0.2196385372416547,MetRS_Met,-3.582247413557853e-05,-3.611109212391112e-05,0.00023872337979413745,0.00020290090565855892,0.01588100179364712
R3_GLYRS_HIGH,96,0.2196385372416547,MetRS_MetAMP_PPi,-3.128482581743659e-05,-4.0704022022194305e-05,0.0002050856883174982,0.0001738008625000616,0.010584951240033133
R3_GLYRS_HIGH,96,0.2196385372416547,MetRS_MetAMP_PPi_tRNAfMetCAU,-5.6655368480480034e-05,-9.547727811791193e-05,0.00036370787862427485,0.0003070525101437948,0.016716388946591373
R3_GLYRS_HIGH,96,0.2196385372416547,MetRS_MetAMP_tRNAfMetCAU,0.0012148306692487398,0.0013877053462304392,0.07014887087630166,0.0713637015455504,0.18139623472764435
R3_GLYRS_HIGH,96,0.2196385372416547,MetRS_Met_ATP,-0.0005335355781048699,-0.0005404388366839419,0.0035545470673307715,0.0030210114892259016,0.23721658513976285
R3_GLYRS_HIGH,96,0.2196385372416547,MetRS_Met_ATP_tRNAfMetCAU,-0.0002985022093763836,-0.00046072743478023137,0.0019314179807477575,0.0016329157713713739,0.09002882283952873
R3_GLYRS_HIGH,96,0.2196385372416547,MetRS_Met_tRNAfMetCAU,-2.007884439323027e-05,-3.098973846226916e-05,0.00012991780274746486,0.0001098389583542346,0.006048956951277485
R3_GLYRS_HIGH,96,0.2196385372416547,MetRS_tRNAfMetCAU,-5.322521564485212e-06,-7.696204717195861e-06,3.463281961074215e-05,2.931029804625694e-05,0.0015462384879236899
R3_GLYRS_HIGH,97,0.23816855519761582,MetRS_AMP,3.399383360284053e-08,3.981259444759068e-08,1.5191548454524575e-06,1.553148679055298e-06,4.1789592717096665e-06
R3_GLYRS_HIGH,97,0.23816855519761582,MetRS_AMP_MettRNAfMetCAU,1.712500440644699e-05,1.986064455240159e-05,0.0009015852615141597,0.0009187102659206067,0.0024810126999107018
R3_GLYRS_HIGH,97,0.23816855519761582,MetRS_ATP,-0.00013752896051591685,-6.927657547266767e-05,0.0011162976064648575,0.0009787686459489407,0.34328914655111564
R3_GLYRS_HIGH,97,0.23816855519761582,MetRS_ATP_tRNAfMetCAU,-6.722722909670406e-05,-9.739115501799813e-05,0.000517939687074012,0.0004507124579773079,0.023123649604484205
R3_GLYRS_HIGH,97,0.23816855519761582,MetRS_Met,-3.0476448158475212e-05,-3.071738683635828e-05,0.00024044735367282765,0.00020997090551435244,0.01588100179364712
R3_GLYRS_HIGH,97,0.23816855519761582,MetRS_MetAMP_PPi,-2.6603204784096326e-05,-3.457596269079364e-05,0.00020646563443338874,0.00017986242964929241,0.010584951240033133
R3_GLYRS_HIGH,97,0.23816855519761582,MetRS_MetAMP_PPi_tRNAfMetCAU,-4.796610663513663e-05,-8.074724737484174e-05,0.00036467693143278385,0.0003167108247976472,0.016716388946591373
R3_GLYRS_HIGH,97,0.23816855519761582,MetRS_MetAMP_tRNAfMetCAU,0.001031485105428706,0.0011771405135653312,0.06592003039121257,0.06695151549664127,0.18139623472764435
R3_GLYRS_HIGH,97,0.23816855519761582,MetRS_Met_ATP,-0.00045386919321700227,-0.00045966452591306026,0.0035798674921283732,0.003125998298911371,0.23721658513976285
R3_GLYRS_HIGH,97,0.23816855519761582,MetRS_Met_ATP_tRNAfMetCAU,-0.00025273720605684027,-0.0003897233721960787,0.0019366018075173926,0.0016838646014605523,0.09002882283952873
R3_GLYRS_HIGH,97,0.23816855519761582,MetRS_Met_tRNAfMetCAU,-1.70022148560042e-05,-2.6216546807211057e-05,0.0001302800318783882,0.000113277817022384,0.006048956951277485
R3_GLYRS_HIGH,97,0.23816855519761582,MetRS_tRNAfMetCAU,-4.506473628371925e-06,-6.511249736810828e-06,3.472681973065464e-05,3.0220346102282713e-05,0.0015462384879236899
R3_GLYRS_HIGH,98,0.2582618760682675,MetRS_AMP,2.8470954207542457e-08,3.3310762084913236e-08,1.430108913392723e-06,1.4585798676002654e-06,4.1789592717096665e-06
R3_GLYRS_HIGH,98,0.2582618760682675,MetRS_AMP_MettRNAfMetCAU,1.4345095048682818e-05,1.6620030361578137e-05,0.0008487387581972876,0.0008630838532459705,0.0024810126999107018
R3_GLYRS_HIGH,98,0.2582618760682675,MetRS_ATP,-0.00011535502925138857,-5.824678142965091e-05,0.0011233736204592974,0.0010080185912079089,0.34328914655111564
R3_GLYRS_HIGH,98,0.2582618760682675,MetRS_ATP_tRNAfMetCAU,-5.614946117215154e-05,-8.128316549952511e-05,0.000519080208729053,0.0004629307475569015,0.023123649604484205
R3_GLYRS_HIGH,98,0.2582618760682675,MetRS_Met,-2.558924330171508e-05,-2.5787968882001683e-05,0.00024214355695197114,0.00021655431365025606,0.01588100179364712
R3_GLYRS_HIGH,98,0.2582618760682675,MetRS_MetAMP_PPi,-2.2325910250005918e-05,-2.8985356638357522e-05,0.00020781655178800902,0.0001854906415380031,0.010584951240033133
R3_GLYRS_HIGH,98,0.2582618760682675,MetRS_MetAMP_PPi_tRNAfMetCAU,-4.0063418660700304e-05,-6.73741670564387e-05,0.0003654983741316582,0.0003254349554709579,0.016716388946591373
R3_GLYRS_HIGH,98,0.2582618760682675,MetRS_MetAMP_tRNAfMetCAU,0.0008642367413175117,0.0009853157936188773,0.06205612168691098,0.06292035842822849,0.18139623472764435
R3_GLYRS_HIGH,98,0.2582618760682675,MetRS_Met_ATP,-0.0003810513387324673,-0.00038585626323649056,0.003604777110154369,0.003223725771421902,0.23721658513976285
R3_GLYRS_HIGH,98,0.2582618760682675,MetRS_Met_ATP_tRNAfMetCAU,-0.00021111480482844964,-0.00032524526742009344,0.001941003910393032,0.0017298891055645823,0.09002882283952873
R3_GLYRS_HIGH,98,0.2582618760682675,MetRS_Met_tRNAfMetCAU,-1.4203631023921876e-05,-2.1881366358321182e-05,0.00013058950744917688,0.000116385876425255,0.006048956951277485
R3_GLYRS_HIGH,98,0.2582618760682675,MetRS_tRNAfMetCAU,-3.764255779201401e-06,-5.43489010163955e-06,3.4806686143968464e-05,3.104243036476706e-05,0.0015462384879236899
R3_GLYRS_HIGH,99,0.2800503894183631,MetRS_AMP,2.3506293778033355e-08,2.7473903148758332e-08,1.34985984631033e-06,1.3733661400883634e-06,4.1789592717096665e-06
R3_GLYRS_HIGH,99,0.2800503894183631,MetRS_AMP_MettRNAfMetCAU,1.1845593524106293e-05,1.371017622703878e-05,0.0008011129392629636,0.0008129585327870699,0.0024810126999107018
R3_GLYRS_HIGH,99,0.2800503894183631,MetRS_ATP,-9.538629132391729e-05,-4.828073199578144e-05,0.0011302529424950193,0.001034866651171102,0.34328914655111564
R3_GLYRS_HIGH,99,0.2800503894183631,MetRS_ATP_tRNAfMetCAU,-4.621784801454274e-05,-6.685984745404595e-05,0.0005199870884372314,0.0004737692404226886,0.023123649604484205
R3_GLYRS_HIGH,99,0.2800503894183631,MetRS_Met,-2.1183802939337743e-05,-2.1345648572038238e-05,0.00024380587380974864,0.0002226220708704109,0.01588100179364712
R3_GLYRS_HIGH,99,0.2800503894183631,MetRS_MetAMP_PPi,-1.847262435783359e-05,-2.3956195606662743e-05,0.00020913348510279096,0.00019066086074495737,0.010584951240033133
R3_GLYRS_HIGH,99,0.2800503894183631,MetRS_MetAMP_PPi_tRNAfMetCAU,-3.2977669885290366e-05,-5.540398120930322e-05,0.0003661555771034401,0.0003331779072181497,0.016716388946591373
R3_GLYRS_HIGH,99,0.2800503894183631,MetRS_MetAMP_tRNAfMetCAU,0.0007138113911289087,0.0008130117881914695,0.05857392694228277,0.05928773833341168,0.18139623472764435
R3_GLYRS_HIGH,99,0.2800503894183631,MetRS_Met_ATP,-0.00031542230747687,-0.0003193536528068667,0.0036291977196934526,0.0033137754122165826,0.23721658513976285
R3_GLYRS_HIGH,99,0.2800503894183631,MetRS_Met_ATP_tRNAfMetCAU,-0.00017379498482180127,-0.0002675179372627359,0.001944536108950213,0.0017707411241284117,0.09002882283952873
R3_GLYRS_HIGH,99,0.2800503894183631,MetRS_Met_tRNAfMetCAU,-1.1693917381620428e-05,-1.7999419461391932e-05,0.0001308398286131806,0.00011914591123156016,0.006048956951277485
R3_GLYRS_HIGH,99,0.2800503894183631,MetRS_tRNAfMetCAU,-3.0987223985000855e-06,-4.470935807912573e-06,3.487070995134359e-05,3.17719875528435e-05,0.0015462384879236899
R3_GLYRS_HIGH,100,0.30367711180354573,MetRS_AMP,1.9110928740126373e-08,2.2313255481481944e-08,1.2786018025578998e-06,1.2977127312980262e-06,4.1789592717096665e-06
R3_GLYRS_HIGH,100,0.30367711180354573,MetRS_AMP_MettRNAfMetCAU,9.632229443127995e-06,1.1136858004474006e-05,0.0007588230424186098,0.0007684552718617378,0.0024810126999107018
R3_GLYRS_HIGH,100,0.30367711180354573,MetRS_ATP,-7.767505132600001e-05,-3.941269141923657e-05,0.0011369176446342818,0.0010592425933082818,0.34328914655111564
R3_GLYRS_HIGH,100,0.30367711180354573,MetRS_ATP_tRNAfMetCAU,-3.744976950245438e-05,-5.414160775643646e-05,0.0005206394845790135,0.0004831897150765591,0.023123649604484205
R3_GLYRS_HIGH,100,0.30367711180354573,MetRS_Met,-1.727251852622156e-05,-1.7402600944329723e-05,0.00024543037599347316,0.0002281578574672516,0.01588100179364712
R3_GLYRS_HIGH,100,0.30367711180354573,MetRS_MetAMP_PPi,-1.5053717026988056e-05,-1.9500275269365383e-05,0.00021041331917134116,0.0001953596021443531,0.010584951240033133
R3_GLYRS_HIGH,100,0.30367711180354573,MetRS_MetAMP_PPi_tRNAfMetCAU,-2.672141514095108e-05,-4.485257196330037e-05,0.00036663388716292954,0.00033991247202197846,0.016716388946591373
R3_GLYRS_HIGH,100,0.30367711180354573,MetRS_MetAMP_tRNAfMetCAU,0.0005805666015393299,0.0006605855109991946,0.05548187184096115,0.05606243844250048,0.18139623472764435
R3_GLYRS_HIGH,100,0.30367711180354573,MetRS_Met_ATP,-0.0002571644646592931,-0.0002603363359817023,0.0036530842727932585,0.0033959198081339654,0.23721658513976285
R3_GLYRS_HIGH,100,0.30367711180354573,MetRS_Met_ATP_tRNAfMetCAU,-0.0001408439432696979,-0.0002166212882335822,0.0019471207392118817,0.0018062767959421838,0.09002882283952873
R3_GLYRS_HIGH,100,0.30367711180354573,MetRS_Met_tRNAfMetCAU,-9.477618842250411e-06,-1.457622502293634e-05,0.0001310252900757163,0.00012154767123346588,0.006048956951277485
R3_GLYRS_HIGH,100,0.30367711180354573,MetRS_tRNAfMetCAU,-2.511062109411903e-06,-3.6207880228640842e-06,3.4917365506317945e-05,3.240630339690604e-05,0.0015462384879236899
R3_GLYRS_HIGH,101,0.3292971255097151,MetRS_AMP,1.5283177582461517e-08,1.7825066572645012e-08,1.2163255056636412e-06,1.2316086832461027e-06,4.1789592717096665e-06
R3_GLYRS_HIGH,101,0.3292971255097151,MetRS_AMP_MettRNAfMetCAU,7.704301189727218e-06,8.8983714069642e-06,0.0007218635710129231,0.0007295678722026504,0.0024810126999107018
R3_GLYRS_HIGH,101,0.3292971255097151,MetRS_ATP,-6.222244058762521e-05,-3.165116483279293e-05,0.001143361226520954,0.0010811387859333288,0.34328914655111564
R3_GLYRS_HIGH,101,0.3292971255097151,MetRS_ATP_tRNAfMetCAU,-2.9836654473116425e-05,-4.3111431875675305e-05,0.0005210198518792102,0.0004911831974060938,0.023123649604484205
R3_GLYRS_HIGH,101,0.3292971255097151,MetRS_Met,-1.3856561302007827e-05,-1.3959706641443437e-05,0.0002470158223524929,0.00023315926105048508,0.01588100179364712
R3_GLYRS_HIGH,101,0.3292971255097151,MetRS_MetAMP_PPi,-1.206969447652221e-05,-1.5616553708522054e-05,0.00021165509877533556,0.00019958540429881335,0.010584951240033133
R3_GLYRS_HIGH,101,0.3292971255097151,MetRS_MetAMP_PPi_tRNAfMetCAU,-2.1288693630279302e-05,-3.5704793362974826e-05,0.00036692099379094175,0.00034563230016066245,0.016716388946591373
R3_GLYRS_HIGH,101,0.3292971255097151,MetRS_MetAMP_tRNAfMetCAU,0.00046447219359402325,0.0005279504460202095,0.0527795544904078,0.05324402668400182,0.18139623472764435
R3_GLYRS_HIGH,101,0.3292971255097151,MetRS_Met_ATP,-0.0002062925229705955,-0.0002088143742049161,0.0036764306145011297,0.0034701380915305342,0.23721658513976285
R3_GLYRS_HIGH,101,0.3292971255097151,MetRS_Met_ATP_tRNAfMetCAU,-0.00011223035635458023,-0.0001724854955723798,0.001948692602562549,0.0018364622462079688,0.09002882283952873
R3_GLYRS_HIGH,101,0.3292971255097151,MetRS_Met_tRNAfMetCAU,-7.552739832667973e-06,-1.1607259607874925e-05,0.0001311410756540262,0.00012358833582135824,0.006048956951277485
R3_GLYRS_HIGH,101,0.3292971255097151,MetRS_tRNAfMetCAU,-2.0007291467895717e-06,-2.883353422136877e-06,3.494536155756204e-05,3.294463241077247e-05,0.0015462384879236899
R3_GLYRS_HIGH,102,0.35707859649004625,MetRS_AMP,1.2008610845479224e-08,1.3990681719481633e-08,1.1628172146590711e-06,1.1748258255045504e-06,4.1789592717096665e-06
R3_GLYRS_HIGH,102,0.35707859649004625,MetRS_AMP_MettRNAfMetCAU,6.054674758890818e-06,6.9855688157139596e-06,0.0006901076826449969,0.0006961623574038877,0.0024810126999107018
R3_GLYRS_HIGH,102,0.35707859649004625,MetRS_ATP,-4.8978095726016175e-05,-2.4978390576941497e-05,0.0011495899959680785,0.0011006119002420624,0.34328914655111564
R3_GLYRS_HIGH,102,0.35707859649004625,MetRS_ATP_tRNAfMetCAU,-2.3344253061484215e-05,-3.371546231354036e-05,0.0005211143150595781,0.0004977700619980939,0.023123649604484205
R3_GLYRS_HIGH,102,0.35707859649004625,MetRS_Met,-1.0925755058142049e-05,-1.100643597240325e-05,0.00024856408933856183,0.00023763833428041978,0.01588100179364712
R3_GLYRS_HIGH,102,0.35707859649004625,MetRS_MetAMP_PPi,-9.511125753949081e-06,-1.2291128506873647e-05,0.00021286029248805083,0.00020334916673410175,0.010584951240033133
R3_GLYRS_HIGH,102,0.35707859649004625,MetRS_MetAMP_PPi_tRNAfMetCAU,-1.665521771437807e-05,-2.791499565942914e-05,0.0003670071946313198,0.0003503519769169417,0.016716388946591373
R3_GLYRS_HIGH,102,0.35707859649004625,MetRS_MetAMP_tRNAfMetCAU,0.00036510967955068196,0.00041457810927570413,0.05045770071968292,0.0508228103992336,0.18139623472764435
R3_GLYRS_HIGH,102,0.35707859649004625,MetRS_Met_ATP,-0.00016265199192925205,-0.00016462687679564032,0.003699274253045583,0.003536622261116331,0.23721658513976285
R3_GLYRS_HIGH,102,0.35707859649004625,MetRS_Met_ATP_tRNAfMetCAU,-8.782636515138878e-05,-0.0001348933922732626,0.0019492003790492162,0.0018613740138978274,0.09002882283952873
R3_GLYRS_HIGH,102,0.35707859649004625,MetRS_Met_tRNAfMetCAU,-5.910797070151556e-06,-9.07809725495578e-06,0.0001311834119569935,0.00012527261488684194,0.006048956951277485
R3_GLYRS_HIGH,102,0.35707859649004625,MetRS_tRNAfMetCAU,-1.565458063793157e-06,-2.2550776452176035e-06,3.495368185792874e-05,3.338822379413558e-05,0.0015462384879236899
R3_GLYRS_HIGH,103,0.3872038781812553,MetRS_AMP,9.260740668222336e-09,1.077742249668334e-08,1.1176685514868564e-06,1.1269292921550787e-06,4.1789592717096665e-06
R3_GLYRS_HIGH,103,0.3872038781812553,MetRS_AMP_MettRNAfMetCAU,4.670126304705431e-06,5.382291620036868e-06,0.0006633130212870139,0.0006679831475917194,0.0024810126999107018
R3_GLYRS_HIGH,103,0.3872038781812553,MetRS_ATP,-3.7842607215906416e-05,-1.9351280254876816e-05,0.0011556239433489718,0.0011177813361330654,0.34328914655111564
R3_GLYRS_HIGH,103,0.3872038781812553,MetRS_ATP_tRNAfMetCAU,-1.7914282017553467e-05,-2.58655272335666e-05,0.0005209128085353229,0.0005029985265177694,0.023123649604484205
R3_GLYRS_HIGH,103,0.3872038781812553,MetRS_Met,-8.459056493609265e-06,-8.5213423386926e-06,0.0002500804498806074,0.00024162139338699813,0.01588100179364712
R3_GLYRS_HIGH,103,0.3872038781812553,MetRS_MetAMP_PPi,-7.3591017940331045e-06,-9.497897494941098e-06,0.00021403296150635686,0.00020667385971232376,0.010584951240033133
R3_GLYRS_HIGH,103,0.3872038781812553,MetRS_MetAMP_PPi_tRNAfMetCAU,-1.277954060637101e-05,-2.1409159789492213e-05,0.0003668854948169019,0.0003541059542105309,0.016716388946591373
R3_GLYRS_HIGH,103,0.3872038781812553,MetRS_MetAMP_tRNAfMetCAU,0.0002816924959493372,0.00031952316399983145,0.048498590499160645,0.04878028299510998,0.18139623472764435
R3_GLYRS_HIGH,103,0.3872038781812553,MetRS_Met_ATP,-0.0001259267103422704,-0.00012744978045013992,0.003721699486325427,0.0035957727759831568,0.23721658513976285
R3_GLYRS_HIGH,103,0.3872038781812553,MetRS_Met_ATP_tRNAfMetCAU,-6.74137227856897e-05,-0.00010349064975632572,0.0019486071568484335,0.0018811934340627438,0.09002882283952873
R3_GLYRS_HIGH,103,0.3872038781812553,MetRS_Met_tRNAfMetCAU,-4.537218598910499e-06,-6.965072112763802e-06,0.00013114963889144802,0.00012661242029253752,0.006048956951277485
R3_GLYRS_HIGH,103,0.3872038781812553,MetRS_tRNAfMetCAU,-1.2013702294341166e-06,-1.7301088182131325e-06,3.49416037839447e-05,3.374023355451058e-05,0.0015462384879236899
R3_GLYRS_HIGH,104,0.419870708444391,MetRS_AMP,7.0023949125919196e-09,8.140256755707416e-09,1.0802973392235642e-06,1.0872997341361561e-06,4.1789592717096665e-06
R3_GLYRS_HIGH,104,0.419870708444391,MetRS_AMP_MettRNAfMetCAU,3.532031171045338e-06,4.066199031440206e-06,0.000641134084150426,0.0006446661153214714,0.0024810126999107018
R3_GLYRS_HIGH,104,0.419870708444391,MetRS_ATP,-2.867277058322265e-05,-1.4703837758484674e-05,0.0011614969903630916,0.001132824219779869,0.34328914655111564
R3_GLYRS_HIGH,104,0.419870708444391,MetRS_ATP_tRNAfMetCAU,-1.3467434430436474e-05,-1.9443597335580694e-05,0.0005204089290601167,0.0005069414946296802,0.023123649604484205
R3_GLYRS_HIGH,104,0.419870708444391,MetRS_Met,-6.4256611533240445e-06,-6.473182640771762e-06,0.00025157365236594214,0.0002451479912126181,0.01588100179364712
R3_GLYRS_HIGH,104,0.419870708444391,MetRS_MetAMP_PPi,-5.586236144530251e-06,-7.199910909861529e-06,0.0002151798108483528,0.00020959357470382256,0.010584951240033133
R3_GLYRS_HIGH,104,0.419870708444391,MetRS_MetAMP_PPi_tRNAfMetCAU,-9.605198344257943e-06,-1.6088622230929005e-05,0.00036655150244626424,0.0003569463041020063,0.016716388946591373
R3_GLYRS_HIGH,104,0.419870708444391,MetRS_MetAMP_tRNAfMetCAU,0.00021310724053354851,0.00024147217427801396,0.04687696215252917,0.04709006939306272,0.18139623472764435
R3_GLYRS_HIGH,104,0.419870708444391,MetRS_Met_ATP,-9.56556264815789e-05,-9.681293913461816e-05,0.0037438384909066016,0.0036481828644250227,0.23721658513976285
R3_GLYRS_HIGH,104,0.419870708444391,MetRS_Met_ATP_tRNAfMetCAU,-5.0695075396094006e-05,-7.780366040750734e-05,0.0019468898773373692,0.0018961948019412752,0.09002882283952873
R3_GLYRS_HIGH,104,0.419870708444391,MetRS_Met_tRNAfMetCAU,-3.412091137431695e-06,-5.2364638084241185e-06,0.00013103817265456766,0.00012762608151713596,0.006048956951277485
R3_GLYRS_HIGH,104,0.419870708444391,MetRS_tRNAfMetCAU,-9.031725674743158e-07,-1.300591149557026e-06,3.490868852881622e-05,3.4005515961341906e-05,0.0015462384879236899
R3_GLYRS_HIGH,105,0.4552935074866948,MetRS_AMP,5.18771457739703e-09,6.024184817643371e-09,1.0499785540319116e-06,1.0551662686093086e-06,4.1789592717096665e-06
R3_GLYRS_HIGH,105,0.4552935074866948,MetRS_AMP_MettRNAfMetCAU,2.617368599090275e-06,3.009955944987966e-06,0.0006231405908949721,0.0006257579594940623,0.0024810126999107018
R3_GLYRS_HIGH,105,0.4552935074866948,MetRS_ATP,-2.1289408433524705e-05,-1.0950949811713055e-05,0.0011672565595739022,0.0011459671511403775,0.34328914655111564
R3_GLYRS_HIGH,105,0.4552935074866948,MetRS_ATP_tRNAfMetCAU,-9.907609892927582e-06,-1.4307959734766423e-05,0.0005195994780284179,0.0005096918681354903,0.023123649604484205
R3_GLYRS_HIGH,105,0.4552935074866948,MetRS_Met,-4.786691676020229e-06,-4.8226209546404e-06,0.00025305579664951493,0.0002482691049734947,0.01588100179364712
R3_GLYRS_HIGH,105,0.4552935074866948,MetRS_MetAMP_PPi,-4.158164187655316e-06,-5.3513562648139655e-06,0.0002163101132280237,0.0002121519490403684,0.010584951240033133
R3_GLYRS_HIGH,105,0.4552935074866948,MetRS_MetAMP_PPi_tRNAfMetCAU,-7.063723993169964e-06,-1.1835213888086896e-05,0.0003660031039028681,0.0003589393799096981,0.016716388946591373
R3_GLYRS_HIGH,105,0.4552935074866948,MetRS_MetAMP_tRNAfMetCAU,0.00015797406325022967,0.0001788137923430784,0.04556135543423387,0.0457193294974841,0.18139623472764435
R3_GLYRS_HIGH,105,0.4552935074866948,MetRS_Met_ATP,-7.125810751222508e-05,-7.212579523740822e-05,0.003765870204671336,0.003694612097159111,0.23721658513976285
R3_GLYRS_HIGH,105,0.4552935074866948,MetRS_Met_ATP_tRNAfMetCAU,-3.730983853225873e-05,-5.7264275006139334e-05,0.0019440376091740762,0.0019067277706418175,0.09002882283952873
R3_GLYRS_HIGH,105,0.4552935074866948,MetRS_Met_tRNAfMetCAU,-2.511222178624799e-06,-3.854152596844566e-06,0.00013084836090136503,0.00012833713872274023,0.006048956951277485
R3_GLYRS_HIGH,105,0.4552935074866948,MetRS_tRNAfMetCAU,-6.644395847176448e-07,-9.570754718264943e-07,3.4854742777301e-05,3.4190303192583354e-05,0.0015462384879236899
R3_GLYRS_HIGH,106,0.4937047852839004,MetRS_AMP,3.7646442564488995e-09,4.367186914346965e-09,1.0258833848981407e-06,1.0296480291545896e-06,4.1789592717096665e-06
R3_GLYRS_HIGH,106,0.4937047852839004,MetRS_AMP_MettRNAfMetCAU,1.8999763836973936e-06,2.1827025192704388e-06,0.0006088406647070606,0.000610740641090758,0.0024810126999107018
R3_GLYRS_HIGH,106,0.4937047852839004,MetRS_ATP,-1.5487252374779287e-05,-7.993293026108951e-06,0.0011729624830095012,0.0011574752306347219,0.34328914655111564
R3_GLYRS_HIGH,106,0.4937047852839004,MetRS_ATP_tRNAfMetCAU,-7.127083529412446e-06,-1.0300703862683185e-05,0.0005184837008935035,0.0005113566173640911,0.023123649604484205
R3_GLYRS_HIGH,106,0.4937047852839004,MetRS_Met,-3.497358550008352e-06,-3.524405127001468e-06,0.0002545420430982236,0.0002510446845482152,0.01588100179364712
R3_GLYRS_HIGH,106,0.4937047852839004,MetRS_MetAMP_PPi,-3.0354431387536655e-06,-3.900047798522123e-06,0.00021743550985607344,0.00021440006671731977,0.010584951240033133
R3_GLYRS_HIGH,106,0.4937047852839004,MetRS_MetAMP_PPi_tRNAfMetCAU,-5.078333467070791e-06,-8.517476764568452e-06,0.00036523992467098714,0.00036016159120391634,0.016716388946591373
R3_GLYRS_HIGH,106,0.4937047852839004,MetRS_MetAMP_tRNAfMetCAU,0.00011472224273031267,0.00012972579353538762,0.044515806430069985,0.0446305286728003,0.18139623472764435
R3_GLYRS_HIGH,106,0.4937047852839004,MetRS_Met_ATP,-5.206613134334974e-05,-5.270996875695371e-05,0.0037880170774249344,0.0037359509460815846,0.23721658513976285
R3_GLYRS_HIGH,106,0.4937047852839004,MetRS_Met_ATP_tRNAfMetCAU,-2.6853611891689303e-05,-4.123977356346865e-05,0.0019400486817998778,0.0019131950699081885,0.09002882283952873
R3_GLYRS_HIGH,106,0.4937047852839004,MetRS_Met_tRNAfMetCAU,-1.8074459926810643e-06,-2.7756355607508417e-06,0.00013058024941390916,0.0001287728034212281,0.006048956951277485
R3_GLYRS_HIGH,106,0.4937047852839004,MetRS_tRNAfMetCAU,-4.779598794543046e-07,-6.890197397867324e-07,3.4779756955720205e-05,3.43017970762659e-05,0.0015462384879236899
R3_GLYRS_HIGH,107,0.5353566677410724,MetRS_AMP,2.677723575504433e-09,3.1035057582138895e-09,1.0071233877434843e-06,1.0098011113189888e-06,4.1789592717096665e-06
R3_GLYRS_HIGH,107,0.5353566677410724,MetRS_AMP_MettRNAfMetCAU,1.3519584613182548e-06,1.551692485108136e-06,0.0005977070368610259,0.0005990589953223442,0.0024810126999107018
R3_GLYRS_HIGH,107,0.5353566677410724,MetRS_ATP,-1.1046121005084874e-05,-5.7229685789456626e-06,0.0011786853470284432,0.0011676392260233583,0.34328914655111564
R3_GLYRS_HIGH,107,0.5353566677410724,MetRS_ATP_tRNAfMetCAU,-5.012211835060004e-06,-7.2559441887505085e-06,0.0005170622623639011,0.0005120500505288411,0.023123649604484205
R3_GLYRS_HIGH,107,0.5353566677410724,MetRS_Met,-2.5094233677076306e-06,-2.5298455692641446e-06,0.0002560502078698697,0.0002535407845021621,0.01588100179364712
R3_GLYRS_HIGH,107,0.5353566677410724,MetRS_MetAMP_PPi,-2.175705769094763e-06,-2.7902295998102928e-06,0.00021856970713317504,0.00021639400136408028,0.010584951240033133
R3_GLYRS_HIGH,107,0.5353566677410724,MetRS_MetAMP_PPi_tRNAfMetCAU,-3.567996133637492e-06,-5.99748179168148e-06,0.0003642626033588446,0.00036069460722520713,0.016716388946591373
R3_GLYRS_HIGH,107,0.5353566677410724,MetRS_MetAMP_tRNAfMetCAU,8.167508278913993e-05,9.227224566327215e-05,0.04370176352180799,0.04378343860459713,0.18139623472764435
R3_GLYRS_HIGH,107,0.5353566677410724,MetRS_Met_ATP,-3.736087102216602e-05,-3.783625211498948e-05,0.003810540022886665,0.003773179151864499,0.23721658513976285
R3_GLYRS_HIGH,107,0.5353566677410724,MetRS_Met_ATP_tRNAfMetCAU,-1.8899621253919575e-05,-2.9065767932858024e-05,0.0019349268259439803,0.0019160272046900607,0.09002882283952873
R3_GLYRS_HIGH,107,0.5353566677410724,MetRS_Met_tRNAfMetCAU,-1.2720701656227396e-06,-1.956246373461775e-06,0.00013023428669515992,0.00012896221652953718,0.006048956951277485
R3_GLYRS_HIGH,107,0.5353566677410724,MetRS_tRNAfMetCAU,-3.361197247847244e-07,-4.85340370512008e-07,3.468382703067018e-05,3.434770730588545e-05,0.0015462384879236899
R3_GLYRS_HIGH,108,0.5805225516094895,MetRS_AMP,1.870943940336256e-09,2.1669883764215894e-09,9.92795992672491e-07,9.946669366128272e-07,4.1789592717096665e-06
R3_GLYRS_HIGH,108,0.5805225516094895,MetRS_AMP_MettRNAfMetCAU,9.451263587923787e-07,1.0839622663769015e-06,0.0005892040544075563,0.0005901491807663487,0.0024810126999107018
R3_GLYRS_HIGH,108,0.5805225516094895,MetRS_ATP,-7.742447898044427e-06,-4.029378479579689e-06,0.0011845044448562617,0.0011767619969582173,0.34328914655111564
R3_GLYRS_HIGH,108,0.5805225516094895,MetRS_ATP_tRNAfMetCAU,-3.449192096766215e-06,-5.008089703392337e-06,0.0005153360234535473,0.0005118868313567811,0.023123649604484205
R3_GLYRS_HIGH,108,0.5805225516094895,MetRS_Met,-1.7737523160232783e-06,-1.789383131895183e-06,0.00025760029684984416,0.0002558265445338209,0.01588100179364712
R3_GLYRS_HIGH,108,0.5805225516094895,MetRS_MetAMP_PPi,-1.535885259434488e-06,-1.965456487720416e-06,0.00021972810167122475,0.00021819221641179026,0.010584951240033133
R3_GLYRS_HIGH,108,0.5805225516094895,MetRS_MetAMP_PPi_tRNAfMetCAU,-2.4515452645215165e-06,-4.137676629365765e-06,0.0003630719258505445,0.000360620380586023,0.016716388946591373
R3_GLYRS_HIGH,108,0.5805225516094895,MetRS_MetAMP_tRNAfMetCAU,5.7136927874179566e-05,6.45026127183561e-05,0.0430800620730094,0.04313719900088358,0.18139623472764435
R3_GLYRS_HIGH,108,0.5805225516094895,MetRS_Met_ATP,-2.6410570568340553e-05,-2.6762882064693312e-05,0.0038337321444605345,0.003807321573892194,0.23721658513976285
R3_GLYRS_HIGH,108,0.5805225516094895,MetRS_Met_ATP_tRNAfMetCAU,-1.3020370550533922e-05,-2.0079276156355984e-05,0.0019286765705241044,0.0019156561999735704,0.09002882283952873
R3_GLYRS_HIGH,108,0.5805225516094895,MetRS_Met_tRNAfMetCAU,-8.763381275386057e-07,-1.3513894064556379e-06,0.00012981099036858882,0.00012893465224105021,0.006048956951277485
R3_GLYRS_HIGH,108,0.5805225516094895,MetRS_tRNAfMetCAU,-2.3129072290450903e-07,-3.349674102615584e-07,3.4567066171676363e-05,3.4335775448771854e-05,0.0015462384879236899
R3_GLYRS_HIGH,109,0.6294988990221888,MetRS_AMP,1.2904195619137873e-09,1.4941946769306838e-09,9.820273379256919e-07,9.833177574876056e-07,4.1789592717096665e-06
R3_GLYRS_HIGH,109,0.6294988990221888,MetRS_AMP_MettRNAfMetCAU,6.52347665510279e-07,7.478846278396333e-07,0.0005828131013558619,0.0005834654490213722,0.0024810126999107018
R3_GLYRS_HIGH,109,0.6294988990221888,MetRS_ATP,-5.360143158904479e-06,-2.804818057072995e-06,0.0011905055641978188,0.0011851454210389143,0.34328914655111564
R3_GLYRS_HIGH,109,0.6294988990221888,MetRS_ATP_tRNAfMetCAU,-2.3293699160891043e-06,-3.3994389249073173e-06,0.0005133047060113536,0.0005109753360952645,0.023123649604484205
R3_GLYRS_HIGH,109,0.6294988990221888,MetRS_Met,-1.2427320267232407e-06,-1.255017242547346e-06,0.0002592140268172541,0.00025797129479053087,0.01588100179364712
R3_GLYRS_HIGH,109,0.6294988990221888,MetRS_MetAMP_PPi,-1.074314762203847e-06,-1.3712997005026728e-06,0.00022092737618894604,0.0002198530614267422,0.010584951240033133
R3_GLYRS_HIGH,109,0.6294988990221888,MetRS_MetAMP_PPi_tRNAfMetCAU,-1.651467414161441e-06,-2.807166991094207e-06,0.00036166788015675995,0.0003600164127425985,0.016716388946591373
R3_GLYRS_HIGH,109,0.6294988990221888,MetRS_MetAMP_tRNAfMetCAU,3.9474626484542474e-05,4.454409210381325e-05,0.04261278311633487,0.04265225774281941,0.18139623472764435
R3_GLYRS_HIGH,109,0.6294988990221888,MetRS_Met_ATP,-1.8506367151825166e-05,-1.8771713871217792e-05,0.003857911987548897,0.003839405620397072,0.23721658513976285
R3_GLYRS_HIGH,109,0.6294988990221888,MetRS_Met_ATP_tRNAfMetCAU,-8.80760289506807e-06,-1.364908501726071e-05,0.00192129821760557,0.0019124906147105019,0.09002882283952873
R3_GLYRS_HIGH,109,0.6294988990221888,MetRS_Met_tRNAfMetCAU,-5.927779575710544e-07,-9.185914263663096e-07,0.00012931059561217587,0.0001287178176546048,0.006048956951277485
R3_GLYRS_HIGH,109,0.6294988990221888,MetRS_tRNAfMetCAU,-1.5618716606737016e-07,-2.273546178322331e-07,3.4429511642293364e-05,3.4273324476225994e-05,0.0015462384879236899
R3_GLYRS_HIGH,110,0.6826071834272386,MetRS_AMP,8.866407811262576e-10,1.0270038389595737e-09,9.74008666314671e-07,9.748953070957973e-07,4.1789592717096665e-06
R3_GLYRS_HIGH,110,0.6826071834272386,MetRS_AMP_MettRNAfMetCAU,4.486843169313609e-07,5.144723392591651e-07,0.0005780541993281572,0.0005785028836450886,0.0024810126999107018
R3_GLYRS_HIGH,110,0.6826071834272386,MetRS_ATP,-3.699840292956981e-06,-1.9492912745145188e-06,0.0011967788653978212,0.0011930790251048643,0.34328914655111564
R3_GLYRS_HIGH,110,0.6826071834272386,MetRS_ATP_tRNAfMetCAU,-1.5536373642804436e-06,-2.286448468657151e-06,0.0005109655388179282,0.0005094119014536477,0.023123649604484205
R3_GLYRS_HIGH,110,0.6826071834272386,MetRS_Met,-8.723354186048523e-07,-8.823810470030098e-07,0.0002609143827368819,0.00026004204731827705,0.01588100179364712
R3_GLYRS_HIGH,110,0.6826071834272386,MetRS_MetAMP_PPi,-7.525181624792551e-07,-9.576419606899584e-07,0.00022218511397220224,0.000221432595809723,0.010584951240033133
R3_GLYRS_HIGH,110,0.6826071834272386,MetRS_MetAMP_PPi_tRNAfMetCAU,-1.0970439922453187e-06,-1.8868929470851813e-06,0.00036004869841820247,0.00035895165442595715,0.016716388946591373
R3_GLYRS_HIGH,110,0.6826071834272386,MetRS_MetAMP_tRNAfMetCAU,2.718635353395754e-05,3.067918142982686e-05,0.04226483270032642,0.042292019053860375,0.18139623472764435
R3_GLYRS_HIGH,110,0.6826071834272386,MetRS_Met_ATP,-1.2992924891709091e-05,-1.3199135186441723e-05,0.003883417164003514,0.003870424239111805,0.23721658513976285
R3_GLYRS_HIGH,110,0.6826071834272386,MetRS_Met_ATP_tRNAfMetCAU,-5.888849447265032e-06,-9.20079554362576e-06,0.0019127827482301213,0.0019068938987828563,0.09002882283952873
R3_GLYRS_HIGH,110,0.6826071834272386,MetRS_Met_tRNAfMetCAU,-3.9632066401040105e-07,-6.191940773467773e-07,0.00012873270499269427,0.00012833638432868387,0.006048956951277485
R3_GLYRS_HIGH,110,0.6826071834272386,MetRS_tRNAfMetCAU,-1.0416217050250186e-07,-1.5290048996078352e-07,3.427103206669512e-05,3.416686989619262e-05,0.0015462384879236899
R3_GLYRS_HIGH,111,0.7401959996915645,MetRS_AMP,6.161313078833563e-10,7.145135516844984e-10,9.680233380309254e-07,9.686394693388088e-07,4.1789592717096665e-06
R3_GLYRS_HIGH,111,0.7401959996915645,MetRS_AMP_MettRNAfMetCAU,3.122305327561128e-07,3.5832925706374607e-07,0.0005745020392096033,0.0005748142697423594,0.0024810126999107018
R3_GLYRS_HIGH,111,0.7401959996915645,MetRS_ATP,-2.5857887872482357e-06,-1.3741595267434743e-06,0.0012034171005304364,0.0012008313117431882,0.34328914655111564
R3_GLYRS_HIGH,111,0.7401959996915645,MetRS_ATP_tRNAfMetCAU,-1.0355811847267884e-06,-1.5441914065671946e-06,0.0005083119743334018,0.000507276393148675,0.023123649604484205
R3_GLYRS_HIGH,111,0.7401959996915645,MetRS_Met,-6.236714293265228e-07,-6.322967781083211e-07,0.0002627252608847768,0.00026210158945545026,0.01588100179364712
R3_GLYRS_HIGH,111,0.7401959996915645,MetRS_MetAMP_PPi,-5.365485242702587e-07,-6.803789899206336e-07,0.00022351947873222602,0.00022298293020795576,0.010584951240033133
R3_GLYRS_HIGH,111,0.7401959996915645,MetRS_MetAMP_PPi_tRNAfMetCAU,-7.266016224467321e-07,-1.2733014206986078e-06,0.0003582099489320682,0.00035748334730962146,0.016716388946591373
R3_GLYRS_HIGH,111,0.7401959996915645,MetRS_MetAMP_tRNAfMetCAU,1.8952337040280265e-05,2.1402363970438606e-05,0.042005114054571836,0.04202406639161212,0.18139623472764435
R3_GLYRS_HIGH,111,0.7401959996915645,MetRS_Met_ATP,-9.29141792464349e-06,-9.45923607457896e-06,0.0039105991817033415,0.003901307763778698,0.23721658513976285
R3_GLYRS_HIGH,111,0.7401959996915645,MetRS_Met_ATP_tRNAfMetCAU,-3.939283912916293e-06,-6.234619913927596e-06,0.001903106992859638,0.0018991677089467216,0.09002882283952873
R3_GLYRS_HIGH,111,0.7401959996915645,MetRS_Met_tRNAfMetCAU,-2.6510129401242856e-07,-4.1955662998884747e-07,0.00012807595881963993,0.0001278108575256275,0.006048956951277485
R3_GLYRS_HIGH,111,0.7401959996915645,MetRS_tRNAfMetCAU,-6.941965199107e-08,-1.0324773771501753e-07,3.40912401593951e-05,3.402182050740403e-05,0.0015462384879236899
R3_GLYRS_HIGH,112,0.8026433522257174,MetRS_AMP,4.424118950205734e-10,5.141227153909733e-10,9.634627789326407e-07,9.639051908276613e-07,4.1789592717096665e-06
R3_GLYRS_HIGH,112,0.8026433522257174,MetRS_AMP_MettRNAfMetCAU,2.2460107978626229e-07,2.581939483934125e-07,0.0005717954462101457,0.000572020047289932,0.0024810126999107018
R3_GLYRS_HIGH,112,0.8026433522257174,MetRS_ATP,-1.8699739858785407e-06,-1.004396425859141e-06,0.0012105143847248056,0.001208644410738927,0.34328914655111564
R3_GLYRS_HIGH,112,0.8026433522257174,MetRS_ATP_tRNAfMetCAU,-7.032098443374461e-07,-1.0687654074869218e-06,0.0005053325459154423,0.0005046293360711049,0.023123649604484205
R3_GLYRS_HIGH,112,0.8026433522257174,MetRS_Met,-4.6392342007442683e-07,-4.7171584969559195e-07,0.0002646712428606745,0.0002642073194406001,0.01588100179364712
R3_GLYRS_HIGH,112,0.8026433522257174,MetRS_MetAMP_PPi,-3.97792458024565e-07,-5.024250790358143e-07,0.00022494899955603965,0.0002245512070980151,0.010584951240033133
R3_GLYRS_HIGH,112,0.8026433522257174,MetRS_MetAMP_PPi_tRNAfMetCAU,-4.887486853677567e-07,-8.803183228177741e-07,0.0003561437274140216,0.00035565497872865385,0.016716388946591373
R3_GLYRS_HIGH,112,0.8026433522257174,MetRS_MetAMP_tRNAfMetCAU,1.366449940375103e-05,1.5452633625487437e-05,0.0418072196342393,0.04182088413364305,0.18139623472764435
R3_GLYRS_HIGH,112,0.8026433522257174,MetRS_Met_ATP,-6.9134456346080925e-06,-7.05780780723322e-06,0.003939820189744612,0.0039329067441100036,0.23721658513976285
R3_GLYRS_HIGH,112,0.8026433522257174,MetRS_Met_ATP_tRNAfMetCAU,-2.6882368390360525e-06,-4.334973885174623e-06,0.0018922293275939522,0.0018895410907549162,0.09002882283952873
R3_GLYRS_HIGH,112,0.8026433522257174,MetRS_Met_tRNAfMetCAU,-1.80899421242252e-07,-2.917046994578316e-07,0.0001273377422026924,0.00012715684278145014,0.006048956951277485
R3_GLYRS_HIGH,112,0.8026433522257174,MetRS_tRNAfMetCAU,-4.713066884498801e-08,-7.144516591018422e-08,3.3889415231997244e-05,3.3842284563152256e-05,0.0015462384879236899
R3_GLYRS_HIGH,113,0.8703591361485166,MetRS_AMP,3.3626725241706194e-10,3.917989213171739e-10,9.598311784294028e-07,9.6016744568182e-07,4.1789592717096665e-06
R3_GLYRS_HIGH,113,0.8703591361485166,MetRS_AMP_MettRNAfMetCAU,1.7106809568510559e-07,1.9707625677361524e-07,0.0005696401680262961,0.0005698112361219812,0.0024810126999107018
R3_GLYRS_HIGH,113,0.8703591361485166,MetRS_ATP,-1.4334243999356705e-06,-7.794130337148103e-07,0.0012181656626732114,0.0012167322382732758,0.34328914655111564
R3_GLYRS_HIGH,113,0.8703591361485166,MetRS_ATP_tRNAfMetCAU,-4.992804589671902e-07,-7.77687199546355e-07,0.0005020099036183756,0.0005015106231594084,0.023123649604484205
R3_GLYRS_HIGH,113,0.8703591361485166,MetRS_Met,-3.666646917857325e-07,-3.740323158145955e-07,0.0002667775333193527,0.000266410868627567,0.01588100179364712
R3_GLYRS_HIGH,113,0.8703591361485166,MetRS_MetAMP_PPi,-3.1323159685068755e-07,-3.9401506704346997e-07,0.00022649248803145665,0.00022617925643460596,0.010584951240033133
R3_GLYRS_HIGH,113,0.8703591361485166,MetRS_MetAMP_PPi_tRNAfMetCAU,-3.426125913390558e-07,-6.396529421340315e-07,0.00035383797424422953,0.00035349536165289047,0.016716388946591373
R3_GLYRS_HIGH,113,0.8703591361485166,MetRS_MetAMP_tRNAfMetCAU,1.043489428943778e-05,1.1821860683784736e-05,0.04164963497844712,0.04166006987273656,0.18139623472764435
R3_GLYRS_HIGH,113,0.8703591361485166,MetRS_Met_ATP,-5.465702794933865e-06,-5.596996203351558e-06,0.00397145213166669,0.003965986428871756,0.23721658513976285
R3_GLYRS_HIGH,113,0.8703591361485166,MetRS_Met_ATP_tRNAfMetCAU,-1.9204463085533557e-06,-3.1720152228518113e-06,0.0018800860379020162,0.0018781655915934628,0.09002882283952873
R3_GLYRS_HIGH,113,0.8703591361485166,MetRS_Met_tRNAfMetCAU,-1.2922437426086844e-07,-2.1343538570828448e-07,0.00012651393822520518,0.00012638471385094431,0.006048956951277485
R3_GLYRS_HIGH,113,0.8703591361485166,MetRS_tRNAfMetCAU,-3.345560044015777e-08,-5.197447802987796e-08,3.366443800070464e-05,3.3630982400264485e-05,0.0015462384879236899
R3_GLYRS_HIGH,114,0.9437878277775381,MetRS_AMP,2.7540282824125323e-10,3.2163676154583986e-10,9.567401931292819e-07,9.570155959575231e-07,4.1789592717096665e-06
R3_GLYRS_HIGH,114,0.9437878277775381,MetRS_AMP_MettRNAfMetCAU,1.4039002319465779e-07,1.620395219868053e-07,0.0005678057316177593,0.000567946121640954,0.0024810126999107018
R3_GLYRS_HIGH,114,0.9437878277775381,MetRS_ATP,-1.185031331305507e-06,-6.526044670424226e-07,0.0012264669262728918,0.0012252818949415863,0.34328914655111564
R3_GLYRS_HIGH,114,0.9437878277775381,MetRS_ATP_tRNAfMetCAU,-3.804249163180803e-07,-6.085660183118413e-07,0.0004983200271647054,0.0004979396022483873,0.023123649604484205
R3_GLYRS_HIGH,114,0.9437878277775381,MetRS_Met,-3.1162048176342633e-07,-3.188397449100828e-07,0.0002690700763340696,0.00026875845585230617,0.01588100179364712
R3_GLYRS_HIGH,114,0.9437878277775381,MetRS_MetAMP_PPi,-2.6522283460634266e-07,-3.323861542235878e-07,0.00022816909851941926,0.00022790387568481291,0.010584951240033133
R3_GLYRS_HIGH,114,0.9437878277775381,MetRS_MetAMP_PPi_tRNAfMetCAU,-2.572196067892772e-07,-4.996791593782063e-07,0.00035127591645278217,0.0003510186968459929,0.016716388946591373
R3_GLYRS_HIGH,114,0.9437878277775381,MetRS_MetAMP_tRNAfMetCAU,8.585554820396413e-06,9.742105934254738e-06,0.04151550889130574,0.041524094446126134,0.18139623472764435
R3_GLYRS_HIGH,114,0.9437878277775381,MetRS_Met_ATP,-4.646429586213467e-06,-4.771650381805934e-06,0.004005878519997535,0.004001232090411321,0.23721658513976285
R3_GLYRS_HIGH,114,0.9437878277775381,MetRS_Met_ATP_tRNAfMetCAU,-1.4727920873344996e-06,-2.496302669789517e-06,0.001866588342751311,0.0018651155506639765,0.09002882283952873
R3_GLYRS_HIGH,114,0.9437878277775381,MetRS_Met_tRNAfMetCAU,-9.909577353015226e-08,-1.679583306783564e-07,0.00012559872702260524,0.0001254996312490751,0.006048956951277485
R3_GLYRS_HIGH,114,0.9437878277775381,MetRS_tRNAfMetCAU,-2.548560833629188e-08,-4.06616915098784e-08,3.3414737672827786e-05,3.3389252064491494e-05,0.0015462384879236899
R3_GLYRS_HIGH,115,1.0234114021054528,MetRS_AMP,2.436461303360814e-10,2.848915008437918e-10,9.53896022512045e-07,9.541396686423811e-07,4.1789592717096665e-06
R3_GLYRS_HIGH,115,1.0234114021054528,MetRS_AMP_MettRNAfMetCAU,1.2441054512209605e-07,1.4372039829657658e-07,0.0005661177729331956,0.0005662421834783177,0.0024810126999107018
R3_GLYRS_HIGH,115,1.0234114021054528,MetRS_ATP,-1.0584867245742348e-06,-5.899146808658718e-07,0.0012355161487234679,0.0012344576619988936,0.34328914655111564
R3_GLYRS_HIGH,115,1.0234114021054528,MetRS_ATP_tRNAfMetCAU,-3.1540439976473263e-07,-5.165344653443811e-07,0.0004942315739457485,0.0004939161695459838,0.023123649604484205
R3_GLYRS_HIGH,115,1.0234114021054528,MetRS_Met,-2.8400862252465e-07,-2.912647244154188e-07,0.00027157584553029517,0.0002712918369077705,0.01588100179364712
R3_GLYRS_HIGH,115,1.0234114021054528,MetRS_MetAMP_PPi,-2.4091347112947825e-07,-3.009928174004713e-07,0.00022999852574418677,0.0002297576122730573,0.010584951240033133
R3_GLYRS_HIGH,115,1.0234114021054528,MetRS_MetAMP_PPi_tRNAfMetCAU,-2.102518528924362e-07,-4.2329139175691557e-07,0.0003484356043460993,0.00034822535249320684,0.016716388946591373
R3_GLYRS_HIGH,115,1.0234114021054528,MetRS_MetAMP_tRNAfMetCAU,7.624442315959379e-06,8.657323019626198e-06,0.04139209262450422,0.04139971706682018,0.18139623472764435
R3_GLYRS_HIGH,115,1.0234114021054528,MetRS_Met_ATP,-4.235601139042193e-06,-4.359352060370499e-06,0.00404349875408301,0.004039263152943968,0.23721658513976285
R3_GLYRS_HIGH,115,1.0234114021054528,MetRS_Met_ATP_tRNAfMetCAU,-1.2277490787785186e-06,-2.1284919932778595e-06,0.0018516199185346673,0.0018503921694558887,0.09002882283952873
R3_GLYRS_HIGH,115,1.0234114021054528,MetRS_Met_tRNAfMetCAU,-8.26028461030782e-08,-1.43202126557226e-07,0.00012458442007838688,0.0001245018172322838,0.006048956951277485
R3_GLYRS_HIGH,115,1.0234114021054528,MetRS_tRNAfMetCAU,-2.1125537432884964e-08,-3.450527464618705e-08,3.313824852008044e-05,3.311712298264755e-05,0.0015462384879236899
R3_GLYRS_HIGH,116,1.1097524964120722,MetRS_AMP,2.298814931245704e-10,2.687109732408143e-10,9.51081801231501e-07,9.513116827246256e-07,4.1789592717096665e-06
R3_GLYRS_HIGH,116,1.1097524964120722,MetRS_AMP_MettRNAfMetCAU,1.175227145150089e-07,1.3569743073384317e-07,0.0005644475871484476,0.0005645651098629626,0.0024810126999107018
R3_GLYRS_HIGH,116,1.1097524964120722,MetRS_ATP,-1.0080927455805716e-06,-5.677960757531534e-07,0.0012454148219667024,0.0012444067292211218,0.34328914655111564
R3_GLYRS_HIGH,116,1.1097524964120722,MetRS_ATP_tRNAfMetCAU,-2.8288036390644415e-07,-4.7099801230894935e-07,0.0004897052849125786,0.0004894224045486721,0.023123649604484205
R3_GLYRS_HIGH,116,1.1097524964120722,MetRS_Met,-2.7362463829596435e-07,-2.810439483755121e-07,0.00027432328559127446,0.0002740496609529785,0.01588100179364712
R3_GLYRS_HIGH,116,1.1097524964120722,MetRS_MetAMP_PPi,-2.3143627319934814e-07,-2.884442815251946e-07,0.00023200131933441478,0.00023176988306121543,0.010584951240033133
R3_GLYRS_HIGH,116,1.1097524964120722,MetRS_MetAMP_PPi_tRNAfMetCAU,-1.864582488709252e-07,-3.852009811660301e-07,0.00034528948787613514,0.0003451030296272642,0.016716388946591373
R3_GLYRS_HIGH,116,1.1097524964120722,MetRS_MetAMP_tRNAfMetCAU,7.21323196281598e-06,8.186035974325145e-06,0.04126997583574301,0.041277189067705826,0.18139623472764435
R3_GLYRS_HIGH,116,1.1097524964120722,MetRS_Met_ATP,-4.081317566776224e-06,-4.206616119254657e-06,0.0040847346512268585,0.004080653333660082,0.23721658513976285
R3_GLYRS_HIGH,116,1.1097524964120722,MetRS_Met_ATP_tRNAfMetCAU,-1.1050179881167983e-06,-1.9463154091260586e-06,0.0018350346301855033,0.0018339296121973865,0.09002882283952873
R3_GLYRS_HIGH,116,1.1097524964120722,MetRS_Met_tRNAfMetCAU,-7.434088008606652e-08,-1.3093762106152525e-07,0.00012346130982940812,0.00012338696894932205,0.006048956951277485
R3_GLYRS_HIGH,116,1.1097524964120722,MetRS_tRNAfMetCAU,-1.8944346432986803e-08,-3.145863615704866e-08,3.2832370710656135e-05,3.281342636422315e-05,0.0015462384879236899
R3_GLYRS_HIGH,117,1.2033778407775906,MetRS_AMP,2.269042266257712e-10,2.647831789323273e-10,9.481382339039507e-07,9.483651381305764e-07,4.1789592717096665e-06
R3_GLYRS_HIGH,117,1.2033778407775906,MetRS_AMP_MettRNAfMetCAU,1.1609203147487212e-07,1.338169538587074e-07,0.0005627006358523211,0.0005628167278837959,0.0024810126999107018
R3_GLYRS_HIGH,117,1.2033778407775906,MetRS_ATP,-1.0041949182306234e-06,-5.709454667810109e-07,0.0012562699302244107,0.00125526573530618,0.34328914655111564
R3_GLYRS_HIGH,117,1.2033778407775906,MetRS_ATP_tRNAfMetCAU,-2.6907347336861806e-07,-4.522382805099103e-07,0.0004846933473671232,0.0004844242738937546,0.023123649604484205
R3_GLYRS_HIGH,117,1.2033778407775906,MetRS_Met,-2.738377251076149e-07,-2.8151242595287357e-07,0.0002773428705186209,0.0002770690327935133,0.01588100179364712
R3_GLYRS_HIGH,117,1.2033778407775906,MetRS_MetAMP_PPi,-2.310295513777887e-07,-2.8735270724731325e-07,0.00023419928493337874,0.00023396825538200095,0.010584951240033133
R3_GLYRS_HIGH,117,1.2033778407775906,MetRS_MetAMP_PPi_tRNAfMetCAU,-1.7598454077138266e-07,-3.6911624644509697e-07,0.0003418039609201289,0.0003416279763793575,0.016716388946591373
R3_GLYRS_HIGH,117,1.2033778407775906,MetRS_MetAMP_tRNAfMetCAU,7.132589223877994e-06,8.08143310042605e-06,0.04114224628366606,0.04114937887288994,0.18139623472764435
R3_GLYRS_HIGH,117,1.2033778407775906,MetRS_Met_ATP,-4.084867555377916e-06,-4.213763703475843e-06,0.00413003868793338,0.004125953820378002,0.23721658513976285
R3_GLYRS_HIGH,117,1.2033778407775906,MetRS_Met_ATP_tRNAfMetCAU,-1.0527298308182602e-06,-1.870984666738798e-06,0.0018166540865875583,0.00181560135675674,0.09002882283952873
R3_GLYRS_HIGH,117,1.2033778407775906,MetRS_Met_tRNAfMetCAU,-7.08189787312582e-08,-1.258624088263147e-07,0.00012221750830323938,0.00012214668932450812,0.006048956951277485
R3_GLYRS_HIGH,117,1.2033778407775906,MetRS_tRNAfMetCAU,-1.80180256465802e-08,-3.020282287516052e-08,3.249392849572464e-05,3.247591047007806e-05,0.0015462384879236899
R3_GLYRS_HIGH,118,1.3049019780144016,MetRS_AMP,2.3034584847626844e-10,2.680753604199906e-10,9.449448652055987e-07,9.451752110540749e-07,4.1789592717096665e-06
R3_GLYRS_HIGH,118,1.3049019780144016,MetRS_AMP_MettRNAfMetCAU,1.1791500944679113e-07,1.355641499224749e-07,0.0005608054312688059,0.0005609233462782527,0.0024810126999107018
R3_GLYRS_HIGH,118,1.3049019780144016,MetRS_ATP,-1.0288612617376323e-06,-5.901375341421461e-07,0.0012681961666904632,0.0012671673054287255,0.34328914655111564
R3_GLYRS_HIGH,118,1.3049019780144016,MetRS_ATP_tRNAfMetCAU,-2.656045595093317e-07,-4.4829158068616e-07,0.0004791386032119843,0.000478872998652475,0.023123649604484205
R3_GLYRS_HIGH,118,1.3049019780144016,MetRS_Met,-2.806363252653922e-07,-2.88642351177052e-07,0.00028066773822815245,0.00028038710190288706,0.01588100179364712
R3_GLYRS_HIGH,118,1.3049019780144016,MetRS_MetAMP_PPi,-2.362027233424014e-07,-2.9324706728638847e-07,0.00023661593676520425,0.00023637973404186185,0.010584951240033133
R3_GLYRS_HIGH,118,1.3049019780144016,MetRS_MetAMP_PPi_tRNAfMetCAU,-1.728324236815776e-07,-3.6515454370216715e-07,0.00033793879415037754,0.00033776596172669596,0.016716388946591373
R3_GLYRS_HIGH,118,1.3049019780144016,MetRS_MetAMP_tRNAfMetCAU,7.249557412727925e-06,8.194096173280196e-06,0.04100367709007383,0.04101092664748656,0.18139623472764435
R3_GLYRS_HIGH,118,1.3049019780144016,MetRS_Met_ATP,-4.1865279566608016e-06,-4.320552329626608e-06,0.004179903366482974,0.004175716838526313,0.23721658513976285
R3_GLYRS_HIGH,118,1.3049019780144016,MetRS_Met_ATP_tRNAfMetCAU,-1.0393305072149e-06,-1.8547021801979182e-06,0.0017962645972069199,0.001795225266699705,0.09002882283952873
R3_GLYRS_HIGH,118,1.3049019780144016,MetRS_Met_tRNAfMetCAU,-6.991364921558494e-08,-1.2475999412588365e-07,0.00012083874566910323,0.00012076883201988764,0.006048956951277485
R3_GLYRS_HIGH,118,1.3049019780144016,MetRS_tRNAfMetCAU,-1.7784743630574833e-08,-2.9937650009894384e-08,3.211911811001141e-05,3.2101333366380836e-05,0.0015462384879236899
R3_GLYRS_HIGH,119,1.414991297434576,MetRS_AMP,2.3776946235368967e-10,2.7577774443759374e-10,9.414035264334081e-07,9.416412958957618e-07,4.1789592717096665e-06
R3_GLYRS_HIGH,119,1.414991297434576,MetRS_AMP_MettRNAfMetCAU,1.2176327345426834e-07,1.3953591753173235e-07,0.0005587037121569709,0.0005588254754304252,0.0024810126999107018
R3_GLYRS_HIGH,119,1.414991297434576,MetRS_ATP,-1.0722228403023826e-06,-6.203753861332301e-07,0.0012813181968066472,0.0012802459739663448,0.34328914655111564
R3_GLYRS_HIGH,119,1.414991297434576,MetRS_ATP_tRNAfMetCAU,-2.6770090539023506e-07,-4.5236331054952697e-07,0.0004729734926776457,0.0004727057917722555,0.023123649604484205
R3_GLYRS_HIGH,119,1.414991297434576,MetRS_Met,-2.918167485175876e-07,-3.0022656832363263e-07,0.0002843343602511057,0.0002840425435025881,0.01588100179364712
R3_GLYRS_HIGH,119,1.414991297434576,MetRS_MetAMP_PPi,-2.4502806770395854e-07,-3.036553142922082e-07,0.00023927696588754143,0.00023903193781983748,0.010584951240033133
R3_GLYRS_HIGH,119,1.414991297434576,MetRS_MetAMP_PPi_tRNAfMetCAU,-1.7357881744738167e-07,-3.6770096745934306e-07,0.00033364637806158697,0.0003334727992441396,0.016716388946591373
R3_GLYRS_HIGH,119,1.414991297434576,MetRS_MetAMP_tRNAfMetCAU,7.490082024115552e-06,8.44073895533433e-06,0.04085000844404411,0.04085749852606822,0.18139623472764435
R3_GLYRS_HIGH,119,1.414991297434576,MetRS_Met_ATP,-4.353489912313317e-06,-4.4939669286280495e-06,0.004234871110197785,0.004230517620285472,0.23721658513976285
R3_GLYRS_HIGH,119,1.414991297434576,MetRS_Met_ATP_tRNAfMetCAU,-1.0468358032970047e-06,-1.870320287137965e-06,0.0017736131111019628,0.0017725662752986658,0.09002882283952873
R3_GLYRS_HIGH,119,1.414991297434576,MetRS_Met_tRNAfMetCAU,-7.041471151280211e-08,-1.2580365533917716e-07,0.00011930809990249045,0.00011923768519097764,0.006048956951277485
R3_GLYRS_HIGH,119,1.414991297434576,MetRS_tRNAfMetCAU,-1.7924520505158885e-08,-3.020870424745029e-08,3.1703437854850783e-05,3.1685513334345625e-05,0.0015462384879236899
R3_GLYRS_HIGH,120,1.5343684089300131,MetRS_AMP,2.4797861816325813e-10,2.864996983444664e-10,9.374245682946282e-07,9.376725469127915e-07,4.1789592717096665e-06
R3_GLYRS_HIGH,120,1.5343684089300131,MetRS_AMP_MettRNAfMetCAU,1.2703515188828424e-07,1.450395577252307e-07,0.0005563422732702555,0.0005564693084221438,0.0024810126999107018
R3_GLYRS_HIGH,120,1.5343684089300131,MetRS_ATP,-1.1296676663858241e-06,-6.594658113097052e-07,0.0012957727727316336,0.0012946431050652478,0.34328914655111564
R3_GLYRS_HIGH,120,1.5343684089300131,MetRS_ATP_tRNAfMetCAU,-2.7283834202074947e-07,-4.6087589384361e-07,0.000466118632327709,0.00046584579398568823,0.023123649604484205
R3_GLYRS_HIGH,120,1.5343684089300131,MetRS_Met,-3.0635897045128493e-07,-3.152509201007004e-07,0.00028838320545899424,0.00028807684648854295,0.01588100179364712
R3_GLYRS_HIGH,120,1.5343684089300131,MetRS_MetAMP_PPi,-2.565962471702272e-07,-3.174012920000058e-07,0.00024221068850883442,0.0002419540922616642,0.010584951240033133
R3_GLYRS_HIGH,120,1.5343684089300131,MetRS_MetAMP_PPi_tRNAfMetCAU,-1.764058513665178e-07,-3.7379329484067205e-07,0.0003288707037260833,0.0003286942978747168,0.016716388946591373
R3_GLYRS_HIGH,120,1.5343684089300131,MetRS_MetAMP_tRNAfMetCAU,7.818005436130426e-06,8.780394161100329e-06,0.04067735020719345,0.04068516821262958,0.18139623472764435
R3_GLYRS_HIGH,120,1.5343684089300131,MetRS_Met_ATP,-4.5705689255869444e-06,-4.718834197501614e-06,0.004295544089375334,0.004290973520449747,0.23721658513976285
R3_GLYRS_HIGH,120,1.5343684089300131,MetRS_Met_ATP_tRNAfMetCAU,-1.0657231088988944e-06,-1.9035369630620176e-06,0.001748401750743614,0.0017473360276347152,0.09002882283952873
R3_GLYRS_HIGH,120,1.5343684089300131,MetRS_Met_tRNAfMetCAU,-7.168143618737776e-08,-1.280311245509095e-07,0.00011760563102916506,0.00011753394959297768,0.006048956951277485
R3_GLYRS_HIGH,120,1.5343684089300131,MetRS_tRNAfMetCAU,-1.8268149637428583e-08,-3.077674962881134e-08,3.1241593465925255e-05,3.1223325316287827e-05,0.0015462384879236899
R3_GLYRS_HIGH,121,1.6638168860761273,MetRS_AMP,2.605370284792787e-10,2.997126797205127e-10,9.329156816045687e-07,9.33176218633048e-07,4.1789592717096665e-06
R3_GLYRS_HIGH,121,1.6638168860761273,MetRS_AMP_MettRNAfMetCAU,1.3351354514188393e-07,1.5181462930935201e-07,0.0005536663306756957,0.0005537998442208376,0.0024810126999107018
R3_GLYRS_HIGH,121,1.6638168860761273,MetRS_ATP,-1.1998926572182305e-06,-7.07031160391075e-07,0.0013117104830340349,0.0013105105903768166,0.34328914655111564
R3_GLYRS_HIGH,121,1.6638168860761273,MetRS_ATP_tRNAfMetCAU,-2.7979965183249104e-07,-4.721188074624321e-07,0.0004584809365366,0.0004582011368847675,0.023123649604484205
R3_GLYRS_HIGH,121,1.6638168860761273,MetRS_Met,-3.2399206226056427e-07,-3.334578608863493e-07,0.0002928593515091915,0.00029253535944693095,0.01588100179364712
R3_GLYRS_HIGH,121,1.6638168860761273,MetRS_MetAMP_PPi,-2.7063688046077275e-07,-3.341160411019765e-07,0.00024544843464320917,0.0002451777977627484,0.010584951240033133
R3_GLYRS_HIGH,121,1.6638168860761273,MetRS_MetAMP_PPi_tRNAfMetCAU,-1.8042785149296504e-07,-3.820060241030761e-07,0.0003235460159109265,0.00032336558805943355,0.016716388946591373
R3_GLYRS_HIGH,121,1.6638168860761273,MetRS_MetAMP_tRNAfMetCAU,8.220467442331125e-06,9.197905472195153e-06,0.04048169681440149,0.04048991728184382,0.18139623472764435
R3_GLYRS_HIGH,121,1.6638168860761273,MetRS_Met_ATP,-4.8337363246333045e-06,-4.9912963178775796e-06,0.004362593296409909,0.004357759560085276,0.23721658513976285
R3_GLYRS_HIGH,121,1.6638168860761273,MetRS_Met_ATP_tRNAfMetCAU,-1.091387622888804e-06,-1.947500198450737e-06,0.0017202805898301127,0.001719189202207224,0.09002882283952873
R3_GLYRS_HIGH,121,1.6638168860761273,MetRS_Met_tRNAfMetCAU,-7.340402356965665e-08,-1.3098144150429916e-07,0.00011570789610590051,0.00011563449208233085,0.006048956951277485
R3_GLYRS_HIGH,121,1.6638168860761273,MetRS_tRNAfMetCAU,-1.87340513805036e-08,-3.152742338884385e-08,3.072737262556382e-05,3.0708638574183316e-05,0.0015462384879236899
R3_GLYRS_HIGH,122,1.8041864093920719,MetRS_AMP,2.754674807356345e-10,3.1540113018267434e-10,9.277725352248202e-07,9.280480027055558e-07,4.1789592717096665e-06
R3_GLYRS_HIGH,122,1.8041864093920719,MetRS_AMP_MettRNAfMetCAU,1.4121419561637354e-07,1.598587048430226e-07,0.0005506139655579564,0.0005507551797535728,0.0024810126999107018
R3_GLYRS_HIGH,122,1.8041864093920719,MetRS_ATP,-1.283697951559538e-06,-7.639070367759104e-07,0.0013292968441990865,0.001328013146247527,0.34328914655111564
R3_GLYRS_HIGH,122,1.8041864093920719,MetRS_ATP_tRNAfMetCAU,-2.880752303747536e-07,-4.853916939752747e-07,0.0004499511992771602,0.0004496631240467854,0.023123649604484205
R3_GLYRS_HIGH,122,1.8041864093920719,MetRS_Met,-3.4492460385755676e-07,-3.550765237276917e-07,0.0002978129785512786,0.000297468053947421,0.01588100179364712
R3_GLYRS_HIGH,122,1.8041864093920719,MetRS_MetAMP_PPi,-2.8728193060973675e-07,-3.539332216055176e-07,0.0002490248222715648,0.00024873754034095505,0.010584951240033133
R3_GLYRS_HIGH,122,1.8041864093920719,MetRS_MetAMP_PPi_tRNAfMetCAU,-1.852626277547612e-07,-3.9174250521629163e-07,0.0003175950782148208,0.00031740981558706603,0.016716388946591373
R3_GLYRS_HIGH,122,1.8041864093920719,MetRS_MetAMP_tRNAfMetCAU,8.698761485577411e-06,9.693592211907399e-06,0.04025852102869936,0.04026721979018494,0.18139623472764435
R3_GLYRS_HIGH,122,1.8041864093920719,MetRS_Met_ATP,-5.1461060766909775e-06,-5.314773426191549e-06,0.004436765897153896,0.004431619791077205,0.23721658513976285
R3_GLYRS_HIGH,122,1.8041864093920719,MetRS_Met_ATP_tRNAfMetCAU,-1.1218853581311874e-06,-1.99938374560917e-06,0.0016888383499894326,0.0016877164646313014,0.09002882283952873
R3_GLYRS_HIGH,122,1.8041864093920719,MetRS_Met_tRNAfMetCAU,-7.545171075861617e-08,-1.3446451483092626e-07,0.00011358732303578,0.00011351187132502139,0.006048956951277485
R3_GLYRS_HIGH,122,1.8041864093920719,MetRS_tRNAfMetCAU,-1.9288085538369745e-08,-3.241392221852801e-08,3.0153483051076567e-05,3.0134194965538197e-05,0.0015462384879236899
R3_GLYRS_HIGH,123,1.9563983435170649,MetRS_AMP,2.930869284703301e-10,3.338699099065518e-10,9.218701294584555e-07,9.221632163869258e-07,4.1789592717096665e-06
R3_GLYRS_HIGH,123,1.9563983435170649,MetRS_AMP_MettRNAfMetCAU,1.5030273592972574e-07,1.693314557707467e-07,0.000547110992622932,0.0005472612953588618,0.0024810126999107018
R3_GLYRS_HIGH,123,1.9563983435170649,MetRS_ATP,-1.3833593720158528e-06,-8.318487856982769e-07,0.0013487122599277108,0.001347328900555695,0.34328914655111564
R3_GLYRS_HIGH,123,1.9563983435170649,MetRS_ATP_tRNAfMetCAU,-2.975124543319672e-07,-5.005045610489485e-07,0.0004404010575312031,0.00044010354507687113,0.023123649604484205
R3_GLYRS_HIGH,123,1.9563983435170649,MetRS_Met,-3.6970419276151226e-07,-3.8068322521874895e-07,0.00030329963500474067,0.00030292993081197916,0.01588100179364712
R3_GLYRS_HIGH,123,1.9563983435170649,MetRS_MetAMP_PPi,-3.069399743820152e-07,-3.77326372266134e-07,0.0002529778270643299,0.00025267088708994786,0.010584951240033133
R3_GLYRS_HIGH,123,1.9563983435170649,MetRS_MetAMP_PPi_tRNAfMetCAU,-1.9078037511328092e-07,-4.0282219919967826e-07,0.00031092699255637005,0.00031073621218125676,0.016716388946591373
R3_GLYRS_HIGH,123,1.9563983435170649,MetRS_MetAMP_tRNAfMetCAU,9.263348039120767e-06,1.0277577270205672e-05,0.0400023987410504,0.040011662089089524,0.18139623472764435
R3_GLYRS_HIGH,123,1.9563983435170649,MetRS_Met_ATP,-5.515843345545515e-06,-5.697876487896317e-06,0.004518889213849024,0.004513373370503479,0.23721658513976285
R3_GLYRS_HIGH,123,1.9563983435170649,MetRS_Met_ATP_tRNAfMetCAU,-1.156611521117368e-06,-2.0583896504873785e-06,0.00165359070424704,0.0016524340927259226,0.09002882283952873
R3_GLYRS_HIGH,123,1.9563983435170649,MetRS_Met_tRNAfMetCAU,-7.778383824891201e-08,-1.3842671528685742e-07,0.0001112114223481948,0.00011113363850994589,0.006048956951277485
R3_GLYRS_HIGH,123,1.9563983435170649,MetRS_tRNAfMetCAU,-1.992004394214922e-08,-3.342357645510382e-08,2.951134893664693e-05,2.949142889270478e-05,0.0015462384879236899
R3_GLYRS_HIGH,124,2.1214517849106276,MetRS_AMP,3.1393704245209535e-10,3.5566003044295886e-10,9.15053592969464e-07,9.153675300119161e-07,4.1789592717096665e-06
R3_GLYRS_HIGH,124,2.1214517849106276,MetRS_AMP_MettRNAfMetCAU,1.6106003633835526e-07,1.805130519163677e-07,0.0005430654982353561,0.0005432265582716944,0.0024810126999107018
R3_GLYRS_HIGH,124,2.1214517849106276,MetRS_ATP,-1.5024235137852532e-06,-9.134737381365507e-07,0.0013701500224115042,0.001368647598897719,0.34328914655111564
R3_GLYRS_HIGH,124,2.1214517849106276,MetRS_ATP_tRNAfMetCAU,-3.0812622551639217e-07,-5.175086049430826e-07,0.0004296792648824115,0.0004293711386568951,0.023123649604484205
R3_GLYRS_HIGH,124,2.1214517849106276,MetRS_Met,-3.9917166832375596e-07,-4.1115804627880464e-07,0.0003093800774008939,0.00030898090573257015,0.01588100179364712
R3_GLYRS_HIGH,124,2.1214517849106276,MetRS_MetAMP_PPi,-3.3025071438929103e-07,-4.0504782539803814e-07,0.0002573484892257898,0.0002570182385114005,0.010584951240033133
R3_GLYRS_HIGH,124,2.1214517849106276,MetRS_MetAMP_PPi_tRNAfMetCAU,-1.9696776947588117e-07,-4.152583235334681e-07,0.00030343451985807103,0.00030323755208859515,0.016716388946591373
R3_GLYRS_HIGH,124,2.1214517849106276,MetRS_MetAMP_tRNAfMetCAU,9.93179438964209e-06,1.0967359357485826e-05,0.03970660962250552,0.039716541416895165,0.18139623472764435
R3_GLYRS_HIGH,124,2.1214517849106276,MetRS_Met_ATP,-5.955483344928514e-06,-6.153756757612003e-06,0.004609868382250387,0.004603912898905459,0.23721658513976285
R3_GLYRS_HIGH,124,2.1214517849106276,MetRS_Met_ATP_tRNAfMetCAU,-1.1955851571955438e-06,-2.1246716395191227e-06,0.00161396589766353,0.0016127703125063345,0.09002882283952873
R3_GLYRS_HIGH,124,2.1214517849106276,MetRS_Met_tRNAfMetCAU,-8.040171833730524e-08,-1.4287844006157757e-07,0.00010854181767998251,0.0001084614159616452,0.006048956951277485
R3_GLYRS_HIGH,124,2.1214517849106276,MetRS_tRNAfMetCAU,-2.0630950959759584e-08,-3.455985044889619e-08,2.8790861040616513e-05,2.8770230089656753e-05,0.0015462384879236899
R3_GLYRS_HIGH,125,2.300430119772917,MetRS_AMP,3.387795368665083e-10,3.8153627241042626e-10,9.071270169473468e-07,9.074657964842133e-07,4.1789592717096665e-06
R3_GLYRS_HIGH,125,2.300430119772917,MetRS_AMP_MettRNAfMetCAU,1.7388043132215373e-07,1.9379876643629312e-07,0.0005383612136926623,0.0005385350941239845,0.0024810126999107018
R3_GLYRS_HIGH,125,2.300430119772917,MetRS_ATP,-1.6458129679531447e-06,-1.0123893239408221e-06,0.001393810894247549,0.0013921650812795958,0.34328914655111564
R3_GLYRS_HIGH,125,2.300430119772917,MetRS_ATP_tRNAfMetCAU,-3.200020851759958e-07,-5.365589041799276e-07,0.0004176072294044494,0.0004172872273192734,0.023123649604484205
R3_GLYRS_HIGH,125,2.300430119772917,MetRS_Met,-4.3448489454194807e-07,-4.477125810667562e-07,0.00031611932598913804,0.0003156848410945961,0.01588100179364712
R3_GLYRS_HIGH,125,2.300430119772917,MetRS_MetAMP_PPi,-3.580969377242312e-07,-4.381394177489226e-07,0.0002621799748817303,0.0002618218779440061,0.010584951240033133
R3_GLYRS_HIGH,125,2.300430119772917,MetRS_MetAMP_PPi_tRNAfMetCAU,-2.0385836864807638e-07,-4.2914431543876394e-07,0.00029499086612295305,0.000294787007754305,0.016716388946591373
R3_GLYRS_HIGH,125,2.300430119772917,MetRS_MetAMP_tRNAfMetCAU,1.0728715107453934e-05,1.1787561148604333e-05,0.03936265260654085,0.039373381321648304,0.18139623472764435
R3_GLYRS_HIGH,125,2.300430119772917,MetRS_Met_ATP,-6.482286150661688e-06,-6.700519215670235e-06,0.004710672333337389,0.004704190047186727,0.23721658513976285
R3_GLYRS_HIGH,125,2.300430119772917,MetRS_Met_ATP_tRNAfMetCAU,-1.2390819217242798e-06,-2.198784556758553e-06,0.0015692874861834977,0.0015680484042617734,0.09002882283952873
R3_GLYRS_HIGH,125,2.300430119772917,MetRS_Met_tRNAfMetCAU,-8.332392983817255e-08,-1.4785707495983159e-07,0.00010553308182105813,0.00010544975789121996,0.006048956951277485
R3_GLYRS_HIGH,125,2.300430119772917,MetRS_tRNAfMetCAU,-2.1426570697190224e-08,-3.5833162828205767e-08,2.7980077435448946e-05,2.7958650864751755e-05,0.0015462384879236899
R3_GLYRS_HIGH,126,2.4945081352303164,MetRS_AMP,3.686380308596125e-10,4.1252454291219367e-10,8.978386873735757e-07,8.982073254044353e-07,4.1789592717096665e-06
R3_GLYRS_HIGH,126,2.4945081352303164,MetRS_AMP_MettRNAfMetCAU,1.8929369464514966e-07,2.0971882532905872e-07,0.0005328487508369417,0.0005330380445315869,0.0024810126999107018
R3_GLYRS_HIGH,126,2.4945081352303164,MetRS_ATP,-1.8201855704843596e-06,-1.1334892383753018e-06,0.0014198916905953838,0.0014180715050248994,0.34328914655111564
R3_GLYRS_HIGH,126,2.4945081352303164,MetRS_ATP_tRNAfMetCAU,-3.3324425018630473e-07,-5.578404644269878e-07,0.00040397384523914215,0.00040364060098895584,0.023123649604484205
R3_GLYRS_HIGH,126,2.4945081352303164,MetRS_Met,-4.77199176951383e-07,-4.919764976514556e-07,0.00032358429252304574,0.00032310709334609436,0.01588100179364712
R3_GLYRS_HIGH,126,2.4945081352303164,MetRS_MetAMP_PPi,-3.916613584428676e-07,-4.779983188697054e-07,0.00026751549002706354,0.00026712382866862067,0.010584951240033133
R3_GLYRS_HIGH,126,2.4945081352303164,MetRS_MetAMP_PPi_tRNAfMetCAU,-2.1149548489553293e-07,-4.445927642312776e-07,0.0002854459505925425,0.000285234455107647,0.016716388946591373
R3_GLYRS_HIGH,126,2.4945081352303164,MetRS_MetAMP_tRNAfMetCAU,1.1687167940831189e-05,1.2771211161751118e-05,0.03895960507476755,0.03897129224270838,0.18139623472764435
R3_GLYRS_HIGH,126,2.4945081352303164,MetRS_Met_ATP,-7.119435126563128e-06,-7.362514923512119e-06,0.004822298494231686,0.004815179059105123,0.23721658513976285
R3_GLYRS_HIGH,126,2.4945081352303164,MetRS_Met_ATP_tRNAfMetCAU,-1.2874355902795474e-06,-2.28138613081543e-06,0.0015187542723488223,0.0015174668367585427,0.09002882283952873
R3_GLYRS_HIGH,126,2.4945081352303164,MetRS_Met_tRNAfMetCAU,-8.6572967057262e-08,-1.5340693496695782e-07,0.00010213138384813961,0.00010204481088108235,0.006048956951277485
R3_GLYRS_HIGH,126,2.4945081352303164,MetRS_tRNAfMetCAU,-2.2313926001470125e-08,-3.7255943829342933e-08,2.70648769837034e-05,2.704256305770193e-05,0.0015462384879236899
R3_GLYRS_HIGH,127,2.704959730463137,MetRS_AMP,4.048796427143535e-10,4.4998958972213726e-10,8.868606190203952e-07,8.872654986631095e-07,4.1789592717096665e-06
R3_GLYRS_HIGH,127,2.704959730463137,MetRS_AMP_MettRNAfMetCAU,2.0800742451133197e-07,2.2897895716253112e-07,0.0005263334558529135,0.0005265414632774248,0.0024810126999107018
R3_GLYRS_HIGH,127,2.704959730463137,MetRS_ATP,-2.0345478589996364e-06,-1.2834341881175813e-06,0.001448563315637194,0.0014465287677781944,0.34328914655111564
R3_GLYRS_HIGH,127,2.704959730463137,MetRS_ATP_tRNAfMetCAU,-3.4793717097145746e-07,-5.815121912144938e-07,0.0003885298333274924,0.00038818189615652093,0.023123649604484205
R3_GLYRS_HIGH,127,2.704959730463137,MetRS_Met,-5.294034901280088e-07,-5.46143086699907e-07,0.0003318388305385373,0.0003313094270484093,0.01588100179364712
R3_GLYRS_HIGH,127,2.704959730463137,MetRS_MetAMP_PPi,-4.32525624581917e-07,-5.264938142160945e-07,0.0002733941582915533,0.0002729616326669714,0.010584951240033133
R3_GLYRS_HIGH,127,2.704959730463137,MetRS_MetAMP_PPi_tRNAfMetCAU,-2.1990550616498303e-07,-4.6168982899885017e-07,0.00027462230372369726,0.0002744023982175323,0.016716388946591373
R3_GLYRS_HIGH,127,2.704959730463137,MetRS_MetAMP_tRNAfMetCAU,1.285131127942013e-05,1.3962301874617583e-05,0.03848323477897328,0.0384960860902527,0.18139623472764435
R3_GLYRS_HIGH,127,2.704959730463137,MetRS_Met_ATP,-7.898066715862108e-06,-8.172514500751714e-06,0.004945699053398004,0.004937800986682142,0.23721658513976285
R3_GLYRS_HIGH,127,2.704959730463137,MetRS_Met_ATP_tRNAfMetCAU,-1.3408901008704621e-06,-2.373009888971261e-06,0.0014614182127755165,0.001460077322674646,0.09002882283952873
R3_GLYRS_HIGH,127,2.704959730463137,MetRS_Met_tRNAfMetCAU,-9.016528982710753e-08,-1.5956399347804783e-07,9.827299966052668e-05,9.818283437069957e-05,0.006048956951277485
R3_GLYRS_HIGH,127,2.704959730463137,MetRS_tRNAfMetCAU,-2.3298724333870193e-08,-3.88388920658102e-08,2.6028580063215426e-05,2.6005281338881556e-05,0.0015462384879236899
R3_GLYRS_HIGH,128,2.9331662783900425,MetRS_AMP,4.493382497915661e-10,4.957530506641218e-10,8.737594963511577e-07,8.742088346009492e-07,4.1789592717096665e-06
R3_GLYRS_HIGH,128,2.9331662783900425,MetRS_AMP_MettRNAfMetCAU,2.309709312310745e-07,2.525218264501018e-07,0.0005185581632316288,0.0005187891341628598,0.0024810126999107018
R3_GLYRS_HIGH,128,2.9331662783900425,MetRS_ATP,-2.3011723689443306e-06,-1.4713668507945174e-06,0.00147993023573524,0.0014776290633662958,0.34328914655111564
R3_GLYRS_HIGH,128,2.9331662783900425,MetRS_ATP_tRNAfMetCAU,-3.640978584232269e-07,-6.076351483661706e-07,0.00037098222303691034,0.0003706181251784871,0.023123649604484205
R3_GLYRS_HIGH,128,2.9331662783900425,MetRS_Met,-5.939218762124787e-07,-6.131847417983313e-07,0.0003409341564738091,0.0003403402345975966,0.01588100179364712
R3_GLYRS_HIGH,128,2.9331662783900425,MetRS_MetAMP_PPi,-4.828166360283854e-07,-5.861408268054567e-07,0.0002798432884254106,0.00027936047178938223,0.010584951240033133
R3_GLYRS_HIGH,128,2.9331662783900425,MetRS_MetAMP_PPi_tRNAfMetCAU,-2.2906622495019345e-07,-4.804383701804426e-07,0.00026231103738848444,0.00026208197116353425,0.016716388946591373
R3_GLYRS_HIGH,128,2.9331662783900425,MetRS_MetAMP_tRNAfMetCAU,1.428039866762515e-05,1.5419651828736636e-05,0.03791473888525401,0.03792901928392164,0.18139623472764435
R3_GLYRS_HIGH,128,2.9331662783900425,MetRS_Met_ATP,-8.860270890061542e-06,-9.174925725356259e-06,0.005081638180064329,0.005072777909174268,0.23721658513976285
R3_GLYRS_HIGH,128,2.9331662783900425,MetRS_Met_ATP_tRNAfMetCAU,-1.3994166871106155e-06,-2.4737755522499283e-06,0.0013961626413692345,0.0013947632246821239,0.09002882283952873
R3_GLYRS_HIGH,128,2.9331662783900425,MetRS_Met_tRNAfMetCAU,-9.409902727440696e-08,-1.663364093683814e-07,9.388284370666032e-05,9.378874467938591e-05,0.006048956951277485
R3_GLYRS_HIGH,128,2.9331662783900425,MetRS_tRNAfMetCAU,-2.4382165548168095e-08,-4.058618116062862e-08,2.4851578936915907e-05,2.482719677136774e-05,0.0015462384879236899
R3_GLYRS_HIGH,129,3.180625692794119,MetRS_AMP,5.044859343924329e-10,5.522562722684587e-10,8.579548852516482e-07,8.584593711860406e-07,4.1789592717096665e-06
R3_GLYRS_HIGH,129,3.180625692794119,MetRS_AMP_MettRNAfMetCAU,2.5946402916845503e-07,2.8161178931647726e-07,0.0005091783952354844,0.0005094378592646529,0.0024810126999107018
R3_GLYRS_HIGH,129,3.180625692794119,MetRS_ATP,-2.636903518840345e-06,-1.7099374001673338e-06,0.0015139572083391233,0.001511320304820283,0.34328914655111564
R3_GLYRS_HIGH,129,3.180625692794119,MetRS_ATP_tRNAfMetCAU,-3.8159651830619494e-07,-6.360506452756884e-07,0.0003509904879590744,0.0003506088914407682,0.023123649604484205
R3_GLYRS_HIGH,129,3.180625692794119,MetRS_Met,-6.745954372178566e-07,-6.971560991527514e-07,0.0003508909756398769,0.00035021638020265905,0.01588100179364712
R3_GLYRS_HIGH,129,3.180625692794119,MetRS_MetAMP_PPi,-5.454093637602994e-07,-6.603412575128384e-07,0.0002868642370668529,0.0002863188277030926,0.010584951240033133
R3_GLYRS_HIGH,129,3.180625692794119,MetRS_MetAMP_PPi_tRNAfMetCAU,-2.388557085696019e-07,-5.006632646653854e-07,0.0002482689556045912,0.00024803009989602157,0.016716388946591373
R3_GLYRS_HIGH,129,3.180625692794119,MetRS_MetAMP_tRNAfMetCAU,1.6054324850044155e-05,1.722223593772913e-05,0.03722893066574716,0.0372449849905972,0.18139623472764435
R3_GLYRS_HIGH,129,3.180625692794119,MetRS_Met_ATP,-1.0063291588539164e-05,-1.0430319380843992e-05,0.005230425504739821,0.0052203622131512814,0.23721658513976285
R3_GLYRS_HIGH,129,3.180625692794119,MetRS_Met_ATP_tRNAfMetCAU,-1.4624123121458315e-06,-2.582900956822012e-06,0.0013216864897354138,0.001320224077423268,0.09002882283952873
R3_GLYRS_HIGH,129,3.180625692794119,MetRS_Met_tRNAfMetCAU,-9.833370000458439e-08,-1.736717086567987e-07,8.887340408006624e-05,8.877507038006166e-05,0.006048956951277485
R3_GLYRS_HIGH,129,3.180625692794119,MetRS_tRNAfMetCAU,-2.5555626148793183e-08,-4.248731201144819e-08,2.3511079183044655e-05,2.3485523556895862e-05,0.0015462384879236899
R3_GLYRS_HIGH,130,3.44896226040576,MetRS_AMP,5.736552631590365e-10,6.227675001524801e-10,8.386588826020805e-07,8.392325378652395e-07,4.1789592717096665e-06
R3_GLYRS_HIGH,130,3.44896226040576,MetRS_AMP_MettRNAfMetCAU,2.952120637163963e-07,3.1794290291666545e-07,0.0004977265451281178,0.0004980217571918342,0.0024810126999107018
R3_GLYRS_HIGH,130,3.44896226040576,MetRS_ATP,-3.0649314289089326e-06,-2.0167168153234626e-06,0.0015503381577318207,0.0015472732263029118,0.34328914655111564
R3_GLYRS_HIGH,130,3.44896226040576,MetRS_ATP_tRNAfMetCAU,-4.000145286858813e-07,-6.661591937344285e-07,0.0003281676544346814,0.0003277676399059955,0.023123649604484205
R3_GLYRS_HIGH,130,3.44896226040576,MetRS_Met,-7.766553715977237e-07,-8.03598190155138e-07,0.0003616667625962813,0.00036089010722468355,0.01588100179364712
R3_GLYRS_HIGH,130,3.44896226040576,MetRS_MetAMP_PPi,-6.24190098312701e-07,-7.536985529653148e-07,0.000294406902574074,0.0002937827124757613,0.010584951240033133
R3_GLYRS_HIGH,130,3.44896226040576,MetRS_MetAMP_PPi_tRNAfMetCAU,-2.4896258810642026e-07,-5.21842129947778e-07,0.0002322191585862911,0.00023197019599818469,0.016716388946591373
R3_GLYRS_HIGH,130,3.44896226040576,MetRS_MetAMP_tRNAfMetCAU,1.828080328957621e-05,1.947599125466697e-05,0.03639162073070948,0.036409901533999055,0.18139623472764435
R3_GLYRS_HIGH,130,3.44896226040576,MetRS_Met_ATP,-1.1585081850583323e-05,-1.2021461614880652e-05,0.005391428135696933,0.00537984305384635,0.23721658513976285
R3_GLYRS_HIGH,130,3.44896226040576,MetRS_Met_ATP_tRNAfMetCAU,-1.5281648444648906e-06,-2.697823683619246e-06,0.0012365070420233013,0.0012349788771788364,0.09002882283952873
R3_GLYRS_HIGH,130,3.44896226040576,MetRS_Met_tRNAfMetCAU,-1.0275425635549991e-07,-1.8139772100156718e-07,8.314492415626393e-05,8.304216989990843e-05,0.006048956951277485
R3_GLYRS_HIGH,130,3.44896226040576,MetRS_tRNAfMetCAU,-2.6791144377782158e-08,-4.4502336010681646e-08,2.198117446388959e-05,2.1954383319511807e-05,0.0015462384879236899
R3_GLYRS_HIGH,131,3.739937302478794,MetRS_AMP,6.612888335264983e-10,7.116048473528452e-10,8.147895973063759e-07,8.154508861399024e-07,4.1789592717096665e-06
R3_GLYRS_HIGH,131,3.739937302478794,MetRS_AMP_MettRNAfMetCAU,3.405148164980121e-07,3.6375552740314676e-07,0.00048356052999526855,0.00048390104481176656,0.0024810126999107018
R3_GLYRS_HIGH,131,3.739937302478794,MetRS_ATP,-3.6169787000625217e-06,-2.415983684732761e-06,0.0015882630064959938,0.0015846460277959312,0.34328914655111564
R3_GLYRS_HIGH,131,3.739937302478794,MetRS_ATP_tRNAfMetCAU,-4.183908976055392e-07,-6.965214342033404e-07,0.00030209329710450714,0.0003016749062069016,0.023123649604484205
R3_GLYRS_HIGH,131,3.739937302478794,MetRS_Met,-9.071595770829082e-07,-9.400183217491658e-07,0.00037309656856962607,0.00037218940899254316,0.01588100179364712
R3_GLYRS_HIGH,131,3.739937302478794,MetRS_MetAMP_PPi,-7.243524796047098e-07,-8.723743157399692e-07,0.00030232408607037893,0.0003015997335907742,0.010584951240033133
R3_GLYRS_HIGH,131,3.739937302478794,MetRS_MetAMP_PPi_tRNAfMetCAU,-2.5872837248452885e-07,-5.428030809818043e-07,0.00021386005541346024,0.0002136013270409757,0.016716388946591373
R3_GLYRS_HIGH,131,3.739937302478794,MetRS_MetAMP_tRNAfMetCAU,2.1103391341786848e-05,2.2321194760458722e-05,0.03535586274398358,0.035376966135325365,0.18139623472764435
R3_GLYRS_HIGH,131,3.739937302478794,MetRS_Met_ATP,-1.3530802086721139e-05,-1.4060472860702118e-05,0.005562187744066115,0.005548656941979394,0.23721658513976285
R3_GLYRS_HIGH,131,3.739937302478794,MetRS_Met_ATP_tRNAfMetCAU,-1.5929056782367466e-06,-2.812625171549167e-06,0.0011390074487521455,0.0011374145430739088,0.09002882283952873
R3_GLYRS_HIGH,131,3.739937302478794,MetRS_Met_tRNAfMetCAU,-1.0710736411901007e-07,-1.891166094158681e-07,7.658859438492858e-05,7.648148702080957e-05,0.006048956951277485
R3_GLYRS_HIGH,131,3.739937302478794,MetRS_tRNAfMetCAU,-2.8024429915596857e-08,-4.6535170771604624e-08,2.0233717636243888e-05,2.020569320632829e-05,0.0015462384879236899
R3_GLYRS_HIGH,132,4.0554607358408274,MetRS_AMP,7.731044674404356e-10,8.242553142899784e-10,7.848507701224088e-07,7.856238745898492e-07,4.1789592717096665e-06
R3_GLYRS_HIGH,132,4.0554607358408274,MetRS_AMP_MettRNAfMetCAU,3.98331085592514e-07,4.218996007197623e-07,0.00046579234785949054,0.00046619067894508305,0.0024810126999107018
R3_GLYRS_HIGH,132,4.0554607358408274,MetRS_ATP,-4.335320036293316e-06,-2.9404866916310084e-06,0.001626006423723157,0.0016216711036868637,0.34328914655111564
R3_GLYRS_HIGH,132,4.0554607358408274,MetRS_ATP_tRNAfMetCAU,-4.3478380344277997e-07,-7.241595452973619e-07,0.00027235223949672016,0.0002719174556932774,0.023123649604484205
R3_GLYRS_HIGH,132,4.0554607358408274,MetRS_Met,-1.075331649090527e-06,-1.1162806978621647e-06,0.00038478717473548404,0.0003837118430863935,0.01588100179364712
R3_GLYRS_HIGH,132,4.0554607358408274,MetRS_MetAMP_PPi,-8.52592856092477e-07,-1.0243316097444611e-06,0.0003102905930265821,0.00030943800017048964,0.010584951240033133
R3_GLYRS_HIGH,132,4.0554607358408274,MetRS_MetAMP_PPi_tRNAfMetCAU,-2.6687891630587895e-07,-5.612010129111619e-07,0.0001928926271474089,0.00019262574823110303,0.016716388946591373
R3_GLYRS_HIGH,132,4.0554607358408274,MetRS_MetAMP_tRNAfMetCAU,2.4706696319459764e-05,2.593655277234468e-05,0.03405672982697905,0.03408143652329851,0.18139623472764435
R3_GLYRS_HIGH,132,4.0554607358408274,MetRS_Met_ATP,-1.603785560958665e-05,-1.6694644628350167e-05,0.005736841632830186,0.0057208037772205995,0.23721658513976285
R3_GLYRS_HIGH,132,4.0554607358408274,MetRS_Met_ATP_tRNAfMetCAU,-1.6491834652671185e-06,-2.9152877921728613e-06,0.001027581555790836,0.0010259323723255688,0.09002882283952873
R3_GLYRS_HIGH,132,4.0554607358408274,MetRS_Met_tRNAfMetCAU,-1.1089204416157112e-07,-1.9602041438203682e-07,6.909628874994188e-05,6.89853967057803e-05,0.006048956951277485
R3_GLYRS_HIGH,132,4.0554607358408274,MetRS_tRNAfMetCAU,-2.9125475192426874e-08,-4.8386878564073454e-08,1.8240913379441283e-05,1.8211787904248856e-05,0.0015462384879236899
R3_GLYRS_HIGH,133,4.397603609302721,MetRS_AMP,9.158127690591566e-10,9.670156294189333e-10,7.467775096201189e-07,7.47693322389178e-07,4.1789592717096665e-06
R3_GLYRS_HIGH,133,4.397603609302721,MetRS_AMP_MettRNAfMetCAU,4.721298864854154e-07,4.956504999027737e-07,0.0004431965259356209,0.0004436686558221063,0.0024810126999107018
R3_GLYRS_HIGH,133,4.397603609302721,MetRS_ATP,-5.272434824086852e-06,-3.6315657754304483e-06,0.0016602153277217899,0.001654942892897703,0.34328914655111564
R3_GLYRS_HIGH,133,4.397603609302721,MetRS_ATP_tRNAfMetCAU,-4.455649588161795e-07,-7.434145237564624e-07,0.00023862515673838877,0.0002381795917795726,0.023123649604484205
R3_GLYRS_HIGH,133,4.397603609302721,MetRS_Met,-1.2922472117877842e-06,-1.344325722779601e-06,0.00039593156357259205,0.00039463931636080427,0.01588100179364712
R3_GLYRS_HIGH,133,4.397603609302721,MetRS_MetAMP_PPi,-1.0167680739754659e-06,-1.2189512542353304e-06,0.00031766248460203024,0.0003166457165280548,0.010584951240033133
R3_GLYRS_HIGH,133,4.397603609302721,MetRS_MetAMP_PPi_tRNAfMetCAU,-2.7110077001972726e-07,-5.7267071502382e-07,0.00016908462769101642,0.0001688135269209967,0.016716388946591373
R3_GLYRS_HIGH,133,4.397603609302721,MetRS_MetAMP_tRNAfMetCAU,2.930688178105073e-05,3.052785600818198e-05,0.03240462068943365,0.0324339275712147,0.18139623472764435
R3_GLYRS_HIGH,133,4.397603609302721,MetRS_Met_ATP,-1.927118205383594e-05,-2.0102212235758165e-05,0.005903355033578526,0.00588408385152469,0.23721658513976285
R3_GLYRS_HIGH,133,4.397603609302721,MetRS_Met_ATP_tRNAfMetCAU,-1.6832689964121038e-06,-2.9832351904246244e-06,0.0009009759148431982,0.0008992926458467861,0.09002882283952873
R3_GLYRS_HIGH,133,4.397603609302721,MetRS_Met_tRNAfMetCAU,-1.1318513902854206e-07,-2.005911349915401e-07,6.05835624711805e-05,6.0470377332151956e-05,0.006048956951277485
R3_GLYRS_HIGH,133,4.397603609302721,MetRS_tRNAfMetCAU,-2.985124581850274e-08,-4.9679223909040013e-08,1.5981386215699794e-05,1.595153496988129e-05,0.0015462384879236899
R3_GLYRS_HIGH,134,4.768611697714475,MetRS_AMP,1.0953803251051678e-09,1.1451421293652805e-09,6.97781652612352e-07,6.988770329374572e-07,4.1789592717096665e-06
R3_GLYRS_HIGH,134,4.768611697714475,MetRS_AMP_MettRNAfMetCAU,5.649851298860221e-07,5.877515343512517e-07,0.0004141183471669483,0.0004146833322968343,0.0024810126999107018
R3_GLYRS_HIGH,134,4.768611697714475,MetRS_ATP,-6.481717690061265e-06,-4.5326609266587135e-06,0.001684725693986952,0.0016782439762968908,0.34328914655111564
R3_GLYRS_HIGH,134,4.768611697714475,MetRS_ATP_tRNAfMetCAU,-4.4446554383926204e-07,-7.443543861702575e-07,0.0002008762275577911,0.00020043176201395185,0.023123649604484205
R3_GLYRS_HIGH,134,4.768611697714475,MetRS_Met,-1.568282041656871e-06,-1.6355344100306634e-06,0.0004049974724430657,0.00040342919040140885,0.01588100179364712
R3_GLYRS_HIGH,134,4.768611697714475,MetRS_MetAMP_PPi,-1.2238009395234293e-06,-1.4645841624279613e-06,0.00032324243998563593,0.0003220186390461125,0.010584951240033133
R3_GLYRS_HIGH,134,4.768611697714475,MetRS_MetAMP_PPi_tRNAfMetCAU,-2.67490070257815e-07,-5.696686886692185e-07,0.00014240397507333142,0.0001421364850030736,0.016716388946591373
R3_GLYRS_HIGH,134,4.768611697714475,MetRS_MetAMP_tRNAfMetCAU,3.509465836410916e-05,3.626822736466391e-05,0.030278549548873043,0.030313644207237152,0.18139623472764435
R3_GLYRS_HIGH,134,4.768611697714475,MetRS_Met_ATP,-2.3385167793842088e-05,-2.44529238908247e-05,0.006038874784683965,0.006015489616890123,0.23721658513976285
R3_GLYRS_HIGH,134,4.768611697714475,MetRS_Met_ATP_tRNAfMetCAU,-1.6716953980990944e-06,-2.977174379470133e-06,0.000759001469878874,0.0007573297744807749,0.09002882283952873
R3_GLYRS_HIGH,134,4.768611697714475,MetRS_Met_tRNAfMetCAU,-1.1240860641637012e-07,-2.0018656528406079e-07,5.103751303016555e-05,5.092510442374918e-05,0.006048956951277485
R3_GLYRS_HIGH,134,4.768611697714475,MetRS_tRNAfMetCAU,-2.978168557478858e-08,-4.974815399582844e-08,1.3452746308237565e-05,1.3422964622662776e-05,0.0015462384879236899
R3_GLYRS_HIGH,135,5.170920242896756,MetRS_AMP,1.3114468217858672e-09,1.3571526840001077e-09,6.343363409288881e-07,6.35647787750674e-07,4.1789592717096665e-06
R3_GLYRS_HIGH,135,5.170920242896756,MetRS_AMP_MettRNAfMetCAU,6.766733988916801e-07,6.974585146463436e-07,0.00037646470105595804,0.0003771413744548497,0.0024810126999107018
R3_GLYRS_HIGH,135,5.170920242896756,MetRS_ATP,-7.982715648361446e-06,-5.663496418860114e-06,0.0016887885237207641,0.0016808058080724027,0.34328914655111564
R3_GLYRS_HIGH,135,5.170920242896756,MetRS_ATP_tRNAfMetCAU,-4.2189410463911e-07,-7.114864471675307e-07,0.00015969980235332144,0.00015927790824868233,0.023123649604484205
R3_GLYRS_HIGH,135,5.170920242896756,MetRS_Met,-1.9044718055235242e-06,-1.9916109945074413e-06,0.00040925466213275586,0.00040735019032723234,0.01588100179364712
R3_GLYRS_HIGH,135,5.170920242896756,MetRS_MetAMP_PPi,-1.472947520205555e-06,-1.7606069940737491e-06,0.0003249264304627601,0.00032345348294255457,0.010584951240033133
R3_GLYRS_HIGH,135,5.170920242896756,MetRS_MetAMP_PPi_tRNAfMetCAU,-2.502303110654046e-07,-5.405989155484878e-07,0.0001132656989265022,0.0001130154686154368,0.016716388946591373
R3_GLYRS_HIGH,135,5.170920242896756,MetRS_MetAMP_tRNAfMetCAU,4.205315225797382e-05,4.31131484708865e-05,0.02752547718225452,0.027567530334512494,0.18139623472764435
R3_GLYRS_HIGH,135,5.170920242896756,MetRS_Met_ATP,-2.8394783797024842e-05,-2.9771751768063274e-05,0.006102676589029138,0.006074281805232114,0.23721658513976285
R3_GLYRS_HIGH,135,5.170920242896756,MetRS_Met_ATP_tRNAfMetCAU,-1.5789308247623384e-06,-2.8362596143463387e-06,0.00060385249308464,0.0006022735622598776,0.09002882283952873
R3_GLYRS_HIGH,135,5.170920242896756,MetRS_Met_tRNAfMetCAU,-1.0617292214196671e-07,-1.9071493419498894e-07,4.0605485939437596e-05,4.049931301729563e-05,0.006048956951277485
R3_GLYRS_HIGH,135,5.170920242896756,MetRS_tRNAfMetCAU,-2.8273873990127088e-08,-4.755752939135005e-08,1.0694801044919754e-05,1.0666527170929627e-05,0.0015462384879236899
R3_GLYRS_HIGH,136,5.607169938205458,MetRS_AMP,1.5436387928224292e-09,1.5812171860064805e-09,5.527078751124943e-07,5.542515139053168e-07,4.1789592717096665e-06
R3_GLYRS_HIGH,136,5.607169938205458,MetRS_AMP_MettRNAfMetCAU,7.965757184487279e-07,8.134773370140434e-07,0.0003280197355545169,0.00032881631127296563,0.0024810126999107018
R3_GLYRS_HIGH,136,5.607169938205458,MetRS_ATP,-9.669328099862077e-06,-6.950384132849587e-06,0.0016550689282185025,0.0016453996001186404,0.34328914655111564
R3_GLYRS_HIGH,136,5.607169938205458,MetRS_ATP_tRNAfMetCAU,-3.6650061229597777e-07,-6.258240647529307e-07,0.00011685552921701,0.00011648902860471402,0.023123649604484205
R3_GLYRS_HIGH,136,5.607169938205458,MetRS_Met,-2.2707831375411614e-06,-2.3814205490733404e-06,0.0004042293432607545,0.00040195856012321333,0.01588100179364712
R3_GLYRS_HIGH,136,5.607169938205458,MetRS_MetAMP_PPi,-1.7393375266138138e-06,-2.077893475132914e-06,0.0003193020130040403,0.0003175626754774265,0.010584951240033133
R3_GLYRS_HIGH,136,5.607169938205458,MetRS_MetAMP_PPi_tRNAfMetCAU,-2.127694428058068e-07,-4.715482423075971e-07,8.29138283786466e-05,8.270105893584079e-05,0.016716388946591373
R3_GLYRS_HIGH,136,5.607169938205458,MetRS_MetAMP_tRNAfMetCAU,4.951376399045179e-05,5.035814056509382e-05,0.02398339003135981,0.024032903795350263,0.18139623472764435
R3_GLYRS_HIGH,136,5.607169938205458,MetRS_Met_ATP,-3.3851653658545366e-05,-3.559279778244487e-05,0.006028024923636181,0.005994173269977636,0.23721658513976285
R3_GLYRS_HIGH,136,5.607169938205458,MetRS_Met_ATP_tRNAfMetCAU,-1.3635870437682992e-06,-2.4866045981222535e-06,0.00044214823957561034,0.00044078465253184204,0.09002882283952873
R3_GLYRS_HIGH,136,5.607169938205458,MetRS_Met_tRNAfMetCAU,-9.169445356916337e-08,-1.6720708251759868e-07,2.973239946402386e-05,2.9640705010454697e-05,0.006048956951277485
R3_GLYRS_HIGH,136,5.607169938205458,MetRS_tRNAfMetCAU,-2.4566604576066396e-08,-4.183707639459333e-08,7.825381976534975e-06,7.800815371958909e-06,0.0015462384879236899
R3_GLYRS_HIGH,137,6.080224261649427,MetRS_AMP,1.727847628411601e-09,1.752255160654005e-09,4.5090682858369256e-07,4.5263467621210416e-07,4.1789592717096665e-06
R3_GLYRS_HIGH,137,6.080224261649427,MetRS_AMP_MettRNAfMetCAU,8.914230194668289e-07,9.020932492711027e-07,0.00026760281257816234,0.00026849423559762917,0.0024810126999107018
R3_GLYRS_HIGH,137,6.080224261649427,MetRS_ATP,-1.1139302824680767e-05,-8.09529584973025e-06,0.0015595191409337077,0.001548379838109027,0.34328914655111564
R3_GLYRS_HIGH,137,6.080224261649427,MetRS_ATP_tRNAfMetCAU,-2.730930237529553e-07,-4.769703800040641e-07,7.580094744697028e-05,7.552785442321733e-05,0.023123649604484205
R3_GLYRS_HIGH,137,6.080224261649427,MetRS_Met,-2.5678122723697856e-06,-2.6998789771823383e-06,0.00038362728212179597,0.0003810594698494262,0.01588100179364712
R3_GLYRS_HIGH,137,6.080224261649427,MetRS_MetAMP_PPi,-1.945829811345718e-06,-2.325237038258971e-06,0.00030161196570578424,0.0002996661358944385,0.010584951240033133
R3_GLYRS_HIGH,137,6.080224261649427,MetRS_MetAMP_PPi_tRNAfMetCAU,-1.529989365723711e-07,-3.5559129086724584e-07,5.380264389857597e-05,5.36496449620036e-05,0.016716388946591373
R3_GLYRS_HIGH,137,6.080224261649427,MetRS_MetAMP_tRNAfMetCAU,5.5393300687461844e-05,5.589646696963527e-05,0.01956596492020044,0.0196213582208879,0.18139623472764435
R3_GLYRS_HIGH,137,6.080224261649427,MetRS_Met_ATP,-3.8273328495395074e-05,-4.034527221656312e-05,0.005721023626588463,0.005682750298093068,0.23721658513976285
R3_GLYRS_HIGH,137,6.080224261649427,MetRS_Met_ATP_tRNAfMetCAU,-1.008302328799136e-06,-1.8891543336345063e-06,0.00028697493432460033,0.0002859666319958012,0.09002882283952873
R3_GLYRS_HIGH,137,6.080224261649427,MetRS_Met_tRNAfMetCAU,-6.780493879764789e-08,-1.2703551206255503e-07,1.9298118296547444e-05,1.9230313357749797e-05,0.006048956951277485
R3_GLYRS_HIGH,137,6.080224261649427,MetRS_tRNAfMetCAU,-1.831066480317531e-08,-3.189024030756743e-08,5.07599743177536e-06,5.057686766972185e-06,0.0015462384879236899
R3_GLYRS_HIGH,138,6.593188271333542,MetRS_AMP,1.7432242715365909e-09,1.751121970266349e-09,3.329500539844435e-07,3.346932782559801e-07,4.1789592717096665e-06
R3_GLYRS_HIGH,138,6.593188271333542,MetRS_AMP_MettRNAfMetCAU,8.987294722969568e-07,9.016399737577055e-07,0.00019759791864017127,0.00019849664811246823,0.0024810126999107018
R3_GLYRS_HIGH,138,6.593188271333542,MetRS_ATP,-1.1572432469328419e-05,-8.480945074236453e-06,0.0013787863244206161,0.0013672138919512877,0.34328914655111564
R3_GLYRS_HIGH,138,6.593188271333542,MetRS_ATP_tRNAfMetCAU,-1.5776381197902324e-07,-2.8765149242345355e-07,4.146111014543422e-05,4.1303346333455195e-05,0.023123649604484205
R3_GLYRS_HIGH,138,6.593188271333542,MetRS_Met,-2.6051935659343107e-06,-2.7444459532776266e-06,0.00034120533114687145,0.00033860013758093714,0.01588100179364712
R3_GLYRS_HIGH,138,6.593188271333542,MetRS_MetAMP_PPi,-1.9494713094626533e-06,-2.332757914466581e-06,0.000267202901446974,0.00026525343013751135,0.010584951240033133
R3_GLYRS_HIGH,138,6.593188271333542,MetRS_MetAMP_PPi_tRNAfMetCAU,-8.247894693837033e-08,-2.111350192100513e-07,2.9435538509941004e-05,2.9353059563002634e-05,0.016716388946591373
R3_GLYRS_HIGH,138,6.593188271333542,MetRS_MetAMP_tRNAfMetCAU,5.579743706441223e-05,5.587945272323088e-05,0.014447508663806988,0.0145033061008714,0.18139623472764435
R3_GLYRS_HIGH,138,6.593188271333542,MetRS_Met_ATP,-3.8822328625200825e-05,-4.100305587828699e-05,0.005088531773094245,0.005049709444469044,0.23721658513976285
R3_GLYRS_HIGH,138,6.593188271333542,MetRS_Met_ATP_tRNAfMetCAU,-5.756742234306125e-07,-1.135787195120351e-06,0.00015703484394153212,0.0001564591697181015,0.09002882283952873
R3_GLYRS_HIGH,138,6.593188271333542,MetRS_Met_tRNAfMetCAU,-3.8713128116632544e-08,-7.637732110977112e-08,1.0560299809811579e-05,1.0521586681694946e-05,0.006048956951277485
R3_GLYRS_HIGH,138,6.593188271333542,MetRS_tRNAfMetCAU,-1.0582805617416864e-08,-1.9235085822903027e-08,2.7763962748684612e-06,2.7658134692510444e-06,0.0015462384879236899
R3_GLYRS_HIGH,139,7.149428986597577,MetRS_AMP,1.4773208892685015e-09,1.471536085110322e-09,2.1351099770349684e-07,2.1498831859276534e-07,4.1789592717096665e-06
R3_GLYRS_HIGH,139,7.149428986597577,MetRS_AMP_MettRNAfMetCAU,7.607746219807758e-07,7.573366438682243e-07,0.00012671348751837596,0.00012747426214035674,0.0024810126999107018
R3_GLYRS_HIGH,139,7.149428986597577,MetRS_ATP,-1.012420039588134e-05,-7.467400647331447e-06,0.0011113993615186157,0.0011012751611227344,0.34328914655111564
R3_GLYRS_HIGH,139,7.149428986597577,MetRS_ATP_tRNAfMetCAU,-6.101415124658581e-08,-1.218733405155372e-07,1.8104006652877012e-05,1.8042992501630426e-05,0.023123649604484205
R3_GLYRS_HIGH,139,7.149428986597577,MetRS_Met,-2.2057959690073635e-06,-2.326135992669971e-06,0.0002762461996399384,0.000274040403670931,0.01588100179364712
R3_GLYRS_HIGH,139,7.149428986597577,MetRS_MetAMP_PPi,-1.6241794822394108e-06,-1.9493310560990018e-06,0.00021569807762722494,0.00021407389814498553,0.010584951240033133
R3_GLYRS_HIGH,139,7.149428986597577,MetRS_MetAMP_PPi_tRNAfMetCAU,-2.6854119746112166e-08,-8.701930771614331e-08,1.2854297586769487e-05,1.2827443467023375e-05,0.016716388946591373
R3_GLYRS_HIGH,139,7.149428986597577,MetRS_MetAMP_tRNAfMetCAU,4.716281055275329e-05,4.690716480240187e-05,0.009264744417232077,0.00931190722778483,0.18139623472764435
R3_GLYRS_HIGH,139,7.149428986597577,MetRS_Met_ATP,-3.286087039564272e-05,-3.4744615246043576e-05,0.0041198318543550555,0.004086970983959413,0.23721658513976285
R3_GLYRS_HIGH,139,7.149428986597577,MetRS_Met_ATP_tRNAfMetCAU,-2.175592493081736e-07,-4.796322008702213e-07,6.858587798387414e-05,6.836831873456597e-05,0.09002882283952873
R3_GLYRS_HIGH,139,7.149428986597577,MetRS_Met_tRNAfMetCAU,-1.463090302847959e-08,-3.225412519687363e-08,4.612372656915883e-06,4.597741753887404e-06,0.006048956951277485
R3_GLYRS_HIGH,139,7.149428986597577,MetRS_tRNAfMetCAU,-4.096646291888612e-09,-8.151017242554927e-09,1.2123087561216382e-06,1.2082121098297496e-06,0.0015462384879236899
R3_GLYRS_HIGH,140,7.752597488629465,MetRS_AMP,9.838578082810193e-10,9.734513773019525e-10,1.1483719834800895e-07,1.1582105615628997e-07,4.1789592717096665e-06
R3_GLYRS_HIGH,140,7.752597488629465,MetRS_AMP_MettRNAfMetCAU,5.059704397132711e-07,5.005543629774172e-07,6.815292411649415e-05,6.865889455620742e-05,0.0024810126999107018
R3_GLYRS_HIGH,140,7.752597488629465,MetRS_ATP,-7.009233569560164e-06,-5.204745149071e-06,0.0008012698478252178,0.0007942606142556576,0.34328914655111564
R3_GLYRS_HIGH,140,7.752597488629465,MetRS_ATP_tRNAfMetCAU,-1.2398808168984763e-08,-3.172887517151592e-08,6.093120710522059e-06,6.080721902353074e-06,0.023123649604484205
R3_GLYRS_HIGH,140,7.752597488629465,MetRS_Met,-1.4564636734748808e-06,-1.5366454133859314e-06,0.0001996996454990585,0.0001982431818255836,0.01588100179364712
R3_GLYRS_HIGH,140,7.752597488629465,MetRS_MetAMP_PPi,-1.04812490938681e-06,-1.2651619688757792e-06,0.00015563941497921408,0.00015459129006982727,0.010584951240033133
R3_GLYRS_HIGH,140,7.752597488629465,MetRS_MetAMP_PPi_tRNAfMetCAU,-2.189815236658212e-09,-2.1281881438666253e-08,4.326157217524586e-06,4.323967402287927e-06,0.016716388946591373
R3_GLYRS_HIGH,140,7.752597488629465,MetRS_MetAMP_tRNAfMetCAU,3.13112986058111e-05,3.096593517356537e-05,0.0049830482711563625,0.0050143595697621736,0.18139623472764435
R3_GLYRS_HIGH,140,7.752597488629465,MetRS_Met_ATP,-2.1688139627753546e-05,-2.2944048248225594e-05,0.0029782417201871777,0.002956553580559424,0.23721658513976285
R3_GLYRS_HIGH,140,7.752597488629465,MetRS_Met_ATP_tRNAfMetCAU,-4.1182318420558787e-08,-1.2433164344420727e-07,2.3084906161950578e-05,2.304372384353002e-05,0.09002882283952873
R3_GLYRS_HIGH,140,7.752597488629465,MetRS_Met_tRNAfMetCAU,-2.769631030142358e-09,-8.361189174153971e-09,1.552488363920615e-06,1.5497187328904725e-06,0.006048956951277485
R3_GLYRS_HIGH,140,7.752597488629465,MetRS_tRNAfMetCAU,-8.348269597167293e-10,-2.122658341951621e-09,4.080201871454909e-07,4.0718536018577416e-07,0.0015462384879236899
R3_GLYRS_HIGH,141,8.406652885618316,MetRS_AMP,4.985571203496352e-10,4.910295969897002e-10,5.162473695130883e-08,5.212329407165846e-08,4.1789592717096665e-06
R3_GLYRS_HIGH,141,8.406652885618316,MetRS_AMP_MettRNAfMetCAU,2.5608187830221933e-07,2.522548993345105e-07,3.063791336789701e-05,3.089399524619923e-05,0.0024810126999107018
R3_GLYRS_HIGH,141,8.406652885618316,MetRS_ATP,-3.740726520389654e-06,-2.8058308281926385e-06,0.0005245809375197951,0.0005208402109994054,0.34328914655111564
R3_GLYRS_HIGH,141,8.406652885618316,MetRS_ATP_tRNAfMetCAU,-9.217037945168197e-11,-4.17354772973159e-09,1.6207453446241353e-06,1.6206531742446836e-06,0.023123649604484205
R3_GLYRS_HIGH,141,8.406652885618316,MetRS_Met,-7.260128713467763e-07,-7.664552413439571e-07,0.00013091629803074545,0.00013019028515939867,0.01588100179364712
R3_GLYRS_HIGH,141,8.406652885618316,MetRS_MetAMP_PPi,-5.045889671127178e-07,-6.152895372378833e-07,0.0001019315066592547,0.00010142691769214198,0.010584951240033133
R3_GLYRS_HIGH,141,8.406652885618316,MetRS_MetAMP_PPi_tRNAfMetCAU,1.8197341537326024e-09,-2.2090954757489715e-09,1.1506251142886338e-06,1.1524448484423664e-06,0.016716388946591373
R3_GLYRS_HIGH,141,8.406652885618316,MetRS_MetAMP_tRNAfMetCAU,1.5822036293708028e-05,1.5585520519021115e-05,0.0022401122704268847,0.0022559343067205927,0.18139623472764435
R3_GLYRS_HIGH,141,8.406652885618316,MetRS_Met_ATP,-1.0803783051882869e-05,-1.143787353769701e-05,0.001952397061568306,0.0019415932785164232,0.23721658513976285
R3_GLYRS_HIGH,141,8.406652885618316,MetRS_Met_ATP_tRNAfMetCAU,1.3177152994688004e-09,-1.621815306104205e-08,6.140170391665873e-06,6.141488106965342e-06,0.09002882283952873
R3_GLYRS_HIGH,141,8.406652885618316,MetRS_Met_tRNAfMetCAU,8.860017663665081e-11,-1.0906752486475729e-09,4.1294681124679906e-07,4.130354114234357e-07,0.006048956951277485
R3_GLYRS_HIGH,141,8.406652885618316,MetRS_tRNAfMetCAU,-7.475546853110357e-12,-2.794099037263278e-10,1.0853412340048121e-07,1.085266478536281e-07,0.0015462384879236899
R3_GLYRS_HIGH,142,9.115888299750818,MetRS_AMP,1.9475214081875412e-10,1.9130047182573115e-10,2.058556967539756e-08,2.0780321816216315e-08,4.1789592717096665e-06
R3_GLYRS_HIGH,142,9.115888299750818,MetRS_AMP_MettRNAfMetCAU,9.994960275917004e-08,9.820799066799777e-08,1.2216979300040862e-05,1.2316928902800032e-05,0.0024810126999107018
R3_GLYRS_HIGH,142,9.115888299750818,MetRS_ATP,-1.566252903904624e-06,-1.1926035963617044e-06,0.00033510438387272264,0.000333538130968818,0.34328914655111564
R3_GLYRS_HIGH,142,9.115888299750818,MetRS_ATP_tRNAfMetCAU,6.460106819624e-10,2.72728281091391e-11,3.8866367092320716e-07,3.8930968160516956e-07,0.023123649604484205
R3_GLYRS_HIGH,142,9.115888299750818,MetRS_Met,-2.7677388459225493e-07,-2.9261630374979713e-07,8.367408203562661e-05,8.339730815103435e-05,0.01588100179364712
R3_GLYRS_HIGH,142,9.115888299750818,MetRS_MetAMP_PPi,-1.8228985436996342e-07,-2.2609929656521615e-07,6.511940614144469e-05,6.493711628707473e-05,0.010584951240033133
R3_GLYRS_HIGH,142,9.115888299750818,MetRS_MetAMP_PPi_tRNAfMetCAU,8.687020638454098e-10,2.584785687241587e-10,2.7589245268051566e-07,2.7676115474436107e-07,0.016716388946591373
R3_GLYRS_HIGH,142,9.115888299750818,MetRS_MetAMP_tRNAfMetCAU,6.168596380866213e-06,6.062026277448404e-06,0.0008932529101982671,0.0008994215065791333,0.18139623472764435
R3_GLYRS_HIGH,142,9.115888299750818,MetRS_Met_ATP,-4.114553268870762e-06,-4.363132102890783e-06,0.0012478125008874219,0.001243697947618551,0.23721658513976285
R3_GLYRS_HIGH,142,9.115888299750818,MetRS_Met_ATP_tRNAfMetCAU,2.7926312408396858e-09,1.3876879911906734e-10,1.4722973104829914e-06,1.475089941723831e-06,0.09002882283952873
R3_GLYRS_HIGH,142,9.115888299750818,MetRS_Met_tRNAfMetCAU,1.8781806084228692e-10,9.339837482230697e-12,9.902105626314096e-08,9.920887432398325e-08,0.006048956951277485
R3_GLYRS_HIGH,142,9.115888299750818,MetRS_tRNAfMetCAU,4.298836121897906e-11,1.7586797397412232e-12,2.602807896938478e-08,2.607106733060376e-08,0.0015462384879236899
R3_GLYRS_HIGH,143,9.884959046625585,MetRS_AMP,6.055817855218392e-11,5.939724786425645e-11,8.63382024923688e-09,8.694378427789065e-09,4.1789592717096665e-06
R3_GLYRS_HIGH,143,9.884959046625585,MetRS_AMP_MettRNAfMetCAU,3.106501496382518e-08,3.048095995494502e-08,5.123936537444375e-06,5.1550015524082e-06,0.0024810126999107018
R3_GLYRS_HIGH,143,9.884959046625585,MetRS_ATP,-5.324777744003929e-07,-4.1339647807377373e-07,0.00023362407850409665,0.00023309160072969626,0.34328914655111564
R3_GLYRS_HIGH,143,9.884959046625585,MetRS_ATP_tRNAfMetCAU,2.2248543724171546e-10,1.4064156137875598e-10,1.102931137798113e-07,1.1051559921705301e-07,0.023123649604484205
R3_GLYRS_HIGH,143,9.884959046625585,MetRS_Met,-8.321114009669778e-08,-8.820682855209155e-08,5.8344217775138535e-05,5.826100663504184e-05,0.01588100179364712
R3_GLYRS_HIGH,143,9.884959046625585,MetRS_MetAMP_PPi,-5.0380194868298895e-08,-6.427802710644469e-08,4.53972946676591e-05,4.53469144727908e-05,0.010584951240033133
R3_GLYRS_HIGH,143,9.884959046625585,MetRS_MetAMP_PPi_tRNAfMetCAU,2.3753003977610566e-10,1.5692535036684192e-10,7.8282123581091e-08,7.85196536208671e-08,0.016716388946591373
R3_GLYRS_HIGH,143,9.884959046625585,MetRS_MetAMP_tRNAfMetCAU,1.916095250287502e-06,1.8804836897108284e-06,0.00037464017209442425,0.00037655626734471175,0.18139623472764435
R3_GLYRS_HIGH,143,9.884959046625585,MetRS_Met_ATP,-1.2352233748131507e-06,-1.3136379038702005e-06,0.0008700269993867239,0.0008687917760119107,0.23721658513976285
R3_GLYRS_HIGH,143,9.884959046625585,MetRS_Met_ATP_tRNAfMetCAU,9.044850197222408e-10,5.543087739933217e-10,4.177551409281429e-07,4.1865962594786516e-07,0.09002882283952873
R3_GLYRS_HIGH,143,9.884959046625585,MetRS_Met_tRNAfMetCAU,6.083516274252137e-11,3.7283663508062127e-11,2.8098180030295218e-08,2.815901519303774e-08,0.006048956951277485
R3_GLYRS_HIGH,143,9.884959046625585,MetRS_tRNAfMetCAU,1.4850037591446902e-11,9.395553082171976e-12,7.386525855834769e-09,7.401375893426216e-09,0.0015462384879236899
R3_GLYRS_HIGH,144,10.718913192051286,MetRS_AMP,1.4789848101625934e-11,1.4484830543821146e-11,4.952460423561933e-09,4.967250271663559e-09,4.1789592717096665e-06
R3_GLYRS_HIGH,144,10.718913192051286,MetRS_AMP_MettRNAfMetCAU,7.585098982195778e-09,7.431951230234619e-09,2.9391493652672327e-06,2.9467344642494285e-06,0.0024810126999107018
R3_GLYRS_HIGH,144,10.718913192051286,MetRS_ATP,-1.4717235359128916e-07,-1.171063627511989e-07,0.00019005804552120443,0.00018991087316761314,0.34328914655111564
R3_GLYRS_HIGH,144,10.718913192051286,MetRS_ATP_tRNAfMetCAU,5.364040212001051e-11,4.172769679994325e-11,5.0836140509379314e-08,5.0889780911499325e-08,0.023123649604484205
R3_GLYRS_HIGH,144,10.718913192051286,MetRS_Met,-1.9277435519972732e-08,-2.0522370039391567e-08,4.7465596677543156e-05,4.7446319242023183e-05,0.01588100179364712
R3_GLYRS_HIGH,144,10.718913192051286,MetRS_MetAMP_PPi,-9.958816076041123e-09,-1.3451089216521662e-08,3.692853544118055e-05,3.691857662510451e-05,0.010584951240033133
R3_GLYRS_HIGH,144,10.718913192051286,MetRS_MetAMP_PPi_tRNAfMetCAU,5.373173852208289e-11,4.2009826842871714e-11,3.607759457502608e-08,3.6131326313548164e-08,0.016716388946591373
R3_GLYRS_HIGH,144,10.718913192051286,MetRS_MetAMP_tRNAfMetCAU,4.677205844885973e-07,4.5839955263976763e-07,0.0002148979434810799,0.0002153656640655685,0.18139623472764435
R3_GLYRS_HIGH,144,10.718913192051286,MetRS_Met_ATP,-2.8547136937369724e-07,-3.0502147103033183e-07,0.0007077564563315266,0.0007074709849621529,0.23721658513976285
R3_GLYRS_HIGH,144,10.718913192051286,MetRS_Met_ATP_tRNAfMetCAU,2.1543081336299422e-10,1.6457105803438428e-10,1.925298602053092e-07,1.927452910186722e-07,0.09002882283952873
R3_GLYRS_HIGH,144,10.718913192051286,MetRS_Met_tRNAfMetCAU,1.449076441368447e-11,1.1069890032932574e-11,1.2950449577642805e-08,1.296494034205649e-08,0.006048956951277485
R3_GLYRS_HIGH,144,10.718913192051286,MetRS_tRNAfMetCAU,3.5826926870961075e-12,2.7886521227708135e-12,3.404822207245446e-09,3.408404899932542e-09,0.0015462384879236899
R3_GLYRS_HIGH,145,11.623224686798519,MetRS_AMP,1.935825096405841e-12,1.879926885709015e-12,4.122343773035154e-09,4.1242795981315595e-09,4.1789592717096665e-06
R3_GLYRS_HIGH,145,11.623224686798519,MetRS_AMP_MettRNAfMetCAU,9.92411244990061e-10,9.64525877036741e-10,2.446497678751424e-06,2.447490089996414e-06,0.0024810126999107018
R3_GLYRS_HIGH,145,11.623224686798519,MetRS_ATP,-2.7614654324174294e-08,-2.319373593087007e-08,0.00017493505367873141,0.00017490743902440724,0.34328914655111564
R3_GLYRS_HIGH,145,11.623224686798519,MetRS_ATP_tRNAfMetCAU,9.36473045678923e-12,7.920817914662258e-12,3.878569516443067e-08,3.8795059894887457e-08,0.023123649604484205
R3_GLYRS_HIGH,145,11.623224686798519,MetRS_Met,-2.019050504342484e-09,-2.182980752893804e-09,4.36883614898498e-05,4.3686342439345456e-05,0.01588100179364712
R3_GLYRS_HIGH,145,11.623224686798519,MetRS_MetAMP_PPi,-1.6518915232812802e-10,-6.591593961520004e-10,3.3986706028174424e-05,3.3986540839022096e-05,0.010584951240033133
R3_GLYRS_HIGH,145,11.623224686798519,MetRS_MetAMP_PPi_tRNAfMetCAU,9.227217906375679e-12,7.802354941304796e-12,2.752245479317362e-08,2.7531682011079994e-08,0.016716388946591373
R3_GLYRS_HIGH,145,11.623224686798519,MetRS_MetAMP_tRNAfMetCAU,6.117815697976757e-08,5.948844698120131e-08,0.00017887737390689484,0.0001789385520638746,0.18139623472764435
R3_GLYRS_HIGH,145,11.623224686798519,MetRS_Met_ATP,-2.955204059696022e-08,-3.2138916622317535e-08,0.0006513809893124707,0.0006513514372718738,0.23721658513976285
R3_GLYRS_HIGH,145,11.623224686798519,MetRS_Met_ATP_tRNAfMetCAU,3.8217472539097477e-11,3.205851391860712e-11,1.46875142227583e-07,1.469133597001221e-07,0.09002882283952873
R3_GLYRS_HIGH,145,11.623224686798519,MetRS_Met_tRNAfMetCAU,2.5708202933946097e-12,2.1565284813042094e-12,9.880315332088789e-09,9.882886152382183e-09,0.006048956951277485
R3_GLYRS_HIGH,145,11.623224686798519,MetRS_tRNAfMetCAU,6.252226317669703e-13,5.289673484820704e-13,2.5979392597080216e-09,2.5985644823397886e-09,0.0015462384879236899
R3_GLYRS_HIGH,146,12.603829296797274,MetRS_AMP,-1.0922008615937265e-12,-1.087924857282778e-12,4.121733967349989e-09,4.1206417664883956e-09,4.1789592717096665e-06
R3_GLYRS_HIGH,146,12.603829296797274,MetRS_AMP_MettRNAfMetCAU,-5.604854652190411e-10,-5.581341858948108e-10,2.446135660974792e-06,2.445575175509573e-06,0.0024810126999107018
R3_GLYRS_HIGH,146,12.603829296797274,MetRS_ATP,3.840858530556506e-09,2.0436734641140034e-09,0.00017093591171091845,0.000170939752569449,0.34328914655111564
R3_GLYRS_HIGH,146,12.603829296797274,MetRS_ATP_tRNAfMetCAU,-1.0650623512519932e-12,-4.512677740619367e-13,3.785330768143525e-08,3.7852242619084e-08,0.023123649604484205
R3_GLYRS_HIGH,146,12.603829296797274,MetRS_Met,1.847623435519976e-09,1.946566877923634e-09,4.268886581202154e-05,4.269071343545706e-05,0.01588100179364712
R3_GLYRS_HIGH,146,12.603829296797274,MetRS_MetAMP_PPi,1.6930185634024823e-09,1.9270760174580024e-09,3.320607737392846e-05,3.320777039249186e-05,0.010584951240033133
R3_GLYRS_HIGH,146,12.603829296797274,MetRS_MetAMP_PPi_tRNAfMetCAU,-1.1048592856572296e-12,-5.068837294968002e-13,2.685761077425525e-08,2.6856505914969593e-08,0.016716388946591373
R3_GLYRS_HIGH,146,12.603829296797274,MetRS_MetAMP_tRNAfMetCAU,-3.4571411842640454e-08,-3.442009911289575e-08,0.00017885090474030238,0.00017881633332845974,0.18139623472764435
R3_GLYRS_HIGH,146,12.603829296797274,MetRS_Met_ATP,2.7646404298460256e-08,2.9183422718007985e-08,0.0006364196854882748,0.0006364473318925733,0.23721658513976285
R3_GLYRS_HIGH,146,12.603829296797274,MetRS_Met_ATP_tRNAfMetCAU,-3.596829992280348e-12,-9.765586763689596e-13,1.4332730747746098e-07,1.433237106474687e-07,0.09002882283952873
R3_GLYRS_HIGH,146,12.603829296797274,MetRS_Met_tRNAfMetCAU,-2.4204121618750406e-13,-6.57686396652296e-14,9.642550618952941e-09,9.642308577736753e-09,0.006048956951277485
R3_GLYRS_HIGH,146,12.603829296797274,MetRS_tRNAfMetCAU,-7.151752723757755e-14,-3.059855255768289e-14,2.5357213969284257e-09,2.535649879401188e-09,0.0015462384879236899
R3_GLYRS_HIGH,147,13.667163564620074,MetRS_AMP,-1.6248846322094296e-12,-1.608958186015017e-12,4.331094020229772e-09,4.329469135597562e-09,4.1789592717096665e-06
R3_GLYRS_HIGH,147,13.667163564620074,MetRS_AMP_MettRNAfMetCAU,-8.3364238849242e-10,-8.254491034682454e-10,2.570385006495641e-06,2.5695513641071485e-06,0.0024810126999107018
R3_GLYRS_HIGH,147,13.667163564620074,MetRS_ATP,1.0440122015487573e-08,7.490437875233103e-09,0.0001705214943489789,0.0001705319344709944,0.34328914655111564
R3_GLYRS_HIGH,147,13.667163564620074,MetRS_ATP_tRNAfMetCAU,-3.1320554446649198e-12,-2.0906293572824258e-12,3.9677088301664736e-08,3.967395624622007e-08,0.023123649604484205
R3_GLYRS_HIGH,147,13.667163564620074,MetRS_Met,2.4638609646241588e-09,2.6106785403132012e-09,4.258452662695979e-05,4.2586990487924415e-05,0.01588100179364712
R3_GLYRS_HIGH,147,13.667163564620074,MetRS_MetAMP_PPi,1.8749077387682288e-09,2.243068984915777e-09,3.312159225439915e-05,3.312346716213792e-05,0.010584951240033133
R3_GLYRS_HIGH,147,13.667163564620074,MetRS_MetAMP_PPi_tRNAfMetCAU,-3.180204774295877e-12,-2.1616652441912903e-12,2.814798081612478e-08,2.8144800611350484e-08,0.016716388946591373
R3_GLYRS_HIGH,147,13.667163564620074,MetRS_MetAMP_tRNAfMetCAU,-5.1412868806325956e-08,-5.0906324749503956e-08,0.0001879354817894796,0.00018788406892067326,0.18139623472764435
R3_GLYRS_HIGH,147,13.667163564620074,MetRS_Met_ATP,3.671334042592428e-08,3.9001651973689266e-08,0.0006347989392504232,0.0006348356525908491,0.23721658513976285
R3_GLYRS_HIGH,147,13.667163564620074,MetRS_Met_ATP_tRNAfMetCAU,-1.201090409919498e-11,-7.565187635275756e-12,1.5021359174879965e-07,1.5020158084470045e-07,0.09002882283952873
R3_GLYRS_HIGH,147,13.667163564620074,MetRS_Met_tRNAfMetCAU,-8.081857042870101e-13,-5.090796326920857e-13,1.0106877051331581e-08,1.0106068865627294e-08,0.006048956951277485
R3_GLYRS_HIGH,147,13.667163564620074,MetRS_tRNAfMetCAU,-2.0955406666991034e-13,-1.4011950138348843e-13,2.6581657567798263e-09,2.6579562027131564e-09,0.0015462384879236899
R3_GLYRS_HIGH,148,14.82020705798857,MetRS_AMP,-1.6037137519844059e-12,-1.586886208849752e-12,4.586123860212292e-09,4.5845201464603075e-09,4.1789592717096665e-06
R3_GLYRS_HIGH,148,14.82020705798857,MetRS_AMP_MettRNAfMetCAU,-8.227594185170001e-10,-8.14128465986997e-10,2.7217381115295468e-06,2.7209153521110298e-06,0.0024810126999107018
R3_GLYRS_HIGH,148,14.82020705798857,MetRS_ATP,1.0962150895680277e-08,8.013144752222412e-09,0.00017107270071557145,0.00017108366286646713,0.34328914655111564
R3_GLYRS_HIGH,148,14.82020705798857,MetRS_ATP_tRNAfMetCAU,-3.243457438566358e-12,-2.1451787048797574e-12,4.215784949730138e-08,4.2154606039862816e-08,0.023123649604484205
R3_GLYRS_HIGH,148,14.82020705798857,MetRS_Met,2.3923130895505827e-09,2.537512300114838e-09,4.272126585064441e-05,4.272365816373396e-05,0.01588100179364712
R3_GLYRS_HIGH,148,14.82020705798857,MetRS_MetAMP_PPi,1.7609408595604644e-09,2.1273710230619905e-09,3.322431509526865e-05,3.322607603612821e-05,0.010584951240033133
R3_GLYRS_HIGH,148,14.82020705798857,MetRS_MetAMP_PPi_tRNAfMetCAU,-3.319776577642576e-12,-2.2450820202245247e-12,2.9903703384493304e-08,2.990038360791566e-08,0.016716388946591373
R3_GLYRS_HIGH,148,14.82020705798857,MetRS_MetAMP_tRNAfMetCAU,-5.074103448732747e-08,-5.020842630165345e-08,0.0001990017690065518,0.00019895102797206447,0.18139623472764435
R3_GLYRS_HIGH,148,14.82020705798857,MetRS_Met_ATP,3.5620038959420855e-08,3.788374973206339e-08,0.0006367658234238121,0.0006368014434627715,0.23721658513976285
R3_GLYRS_HIGH,148,14.82020705798857,MetRS_Met_ATP_tRNAfMetCAU,-1.2556162116830939e-11,-7.867082187195752e-12,1.5958328757357502e-07,1.595707314114582e-07,0.09002882283952873
R3_GLYRS_HIGH,148,14.82020705798857,MetRS_Met_tRNAfMetCAU,-8.44964758894491e-13,-5.29449804583744e-13,1.0738510684294982e-08,1.0737665719536088e-08,0.006048956951277485
R3_GLYRS_HIGH,148,14.82020705798857,MetRS_tRNAfMetCAU,-2.1696008110870697e-13,-1.437274854453801e-13,2.824680867253011e-09,2.8244639071719024e-09,0.0015462384879236899
R3_GLYRS_HIGH,149,16.070528182616385,MetRS_AMP,-1.4728842412304558e-12,-1.4572531267125055e-12,4.847103906147442e-09,4.845631021906212e-09,4.1789592717096665e-06
R3_GLYRS_HIGH,149,16.070528182616385,MetRS_AMP_MettRNAfMetCAU,-7.556377778027909e-10,-7.476241419600272e-10,2.8766224892729367e-06,2.875866851495134e-06,0.0024810126999107018
R3_GLYRS_HIGH,149,16.070528182616385,MetRS_ATP,1.0185201142719463e-08,7.470009693968435e-09,0.00017183677819923842,0.00017184696340038114,0.34328914655111564
R3_GLYRS_HIGH,149,16.070528182616385,MetRS_ATP_tRNAfMetCAU,-2.947335160570743e-12,-1.8811531374106727e-12,4.4767765333032585e-08,4.4764817997872014e-08,0.023123649604484205
R3_GLYRS_HIGH,149,16.070528182616385,MetRS_Met,2.190302827909834e-09,2.3237446772992018e-09,4.2911073723207196e-05,4.2913264026035105e-05,0.01588100179364712
R3_GLYRS_HIGH,149,16.070528182616385,MetRS_MetAMP_PPi,1.601392668698718e-09,1.9384837517239698e-09,3.336796403119601e-05,3.336956542386471e-05,0.010584951240033133
R3_GLYRS_HIGH,149,16.070528182616385,MetRS_MetAMP_PPi_tRNAfMetCAU,-3.0485746209033998e-12,-2.0051275426041856e-12,3.1750138539604815e-08,3.174708996498391e-08,0.016716388946591373
R3_GLYRS_HIGH,149,16.070528182616385,MetRS_MetAMP_tRNAfMetCAU,-4.660157700814402e-08,-4.610718506493446e-08,0.0002103262476773054,0.00021027964610029724,0.18139623472764435
R3_GLYRS_HIGH,149,16.070528182616385,MetRS_Met_ATP,3.2604191798442025e-08,3.4684483449696866e-08,0.000639517022525611,0.0006395496267174094,0.23721658513976285
R3_GLYRS_HIGH,149,16.070528182616385,MetRS_Met_ATP_tRNAfMetCAU,-1.1443678514291356e-11,-6.8910825940613905e-12,1.6943711439184205e-07,1.6942567071332776e-07,0.09002882283952873
R3_GLYRS_HIGH,149,16.070528182616385,MetRS_Met_tRNAfMetCAU,-7.701976063401572e-13,-4.638288822950896e-13,1.1402977615748226e-08,1.1402207418141886e-08,0.006048956951277485
R3_GLYRS_HIGH,149,16.070528182616385,MetRS_tRNAfMetCAU,-1.9714968914095634e-13,-1.2604933109950793e-13,2.9999166995647114e-09,2.9997195498755704e-09,0.0015462384879236899
R3_GLYRS_HIGH,150,17.42633386009651,MetRS_AMP,-1.3221099887820269e-12,-1.3080450418156462e-12,5.103681207651395e-09,5.102359097662613e-09,4.1789592717096665e-06
R3_GLYRS_HIGH,150,17.42633386009651,MetRS_AMP_MettRNAfMetCAU,-6.782867214167499e-10,-6.710765589951952e-10,3.0288939464226544e-06,3.0282156597012376e-06,0.0024810126999107018
R3_GLYRS_HIGH,150,17.42633386009651,MetRS_ATP,9.162603653312942e-09,6.72408319117685e-09,0.000172628101229669,0.0001726372638333223,0.34328914655111564
R3_GLYRS_HIGH,150,17.42633386009651,MetRS_ATP_tRNAfMetCAU,-2.587071743175261e-12,-1.5808056345089994e-12,4.7367541309505495e-08,4.736495423776232e-08,0.023123649604484205
R3_GLYRS_HIGH,150,17.42633386009651,MetRS_Met,1.965096988113652e-09,2.0848921070868563e-09,4.3107573507957405e-05,4.310953860494552e-05,0.01588100179364712
R3_GLYRS_HIGH,150,17.42633386009651,MetRS_MetAMP_PPi,1.4348184819630051e-09,1.7374717130959439e-09,3.351644230222837e-05,3.351787712071033e-05,0.010584951240033133
R3_GLYRS_HIGH,150,17.42633386009651,MetRS_MetAMP_PPi_tRNAfMetCAU,-2.706030184074342e-12,-1.7211591707536797e-12,3.358836255769182e-08,3.3585656527507744e-08,0.016716388946591373
R3_GLYRS_HIGH,150,17.42633386009651,MetRS_MetAMP_tRNAfMetCAU,-4.1831332515490606e-08,-4.138651178579971e-08,0.00022145968084892742,0.00022141784951641193,0.18139623472764435
R3_GLYRS_HIGH,150,17.42633386009651,MetRS_Met_ATP,2.9247433525406152e-08,3.1114759940731974e-08,0.0006423607929535877,0.0006423900403871131,0.23721658513976285
R3_GLYRS_HIGH,150,17.42633386009651,MetRS_Met_ATP_tRNAfMetCAU,-1.0062350685640692e-11,-5.7652445831587154e-12,1.7924716452530673e-07,1.792371021746211e-07,0.09002882283952873
R3_GLYRS_HIGH,150,17.42633386009651,MetRS_Met_tRNAfMetCAU,-6.773242021061482e-13,-3.8811054055651017e-13,1.2064782262983108e-08,1.2064104938781002e-08,0.006048956951277485
R3_GLYRS_HIGH,150,17.42633386009651,MetRS_tRNAfMetCAU,-1.7305735342776553e-13,-1.0594436144190437e-13,3.1745475029164076e-09,3.17437444556298e-09,0.0015462384879236899
R3_GLYRS_HIGH,151,18.896523396912077,MetRS_AMP,-1.1691019044125782e-12,-1.1566541570210322e-12,5.351512248113252e-09,5.3503431462088395e-09,4.1789592717096665e-06
R3_GLYRS_HIGH,151,18.896523396912077,MetRS_AMP_MettRNAfMetCAU,-5.997897389024361e-10,-5.934086690083871e-10,3.175974725014335e-06,3.1753749352754326e-06,0.0024810126999107018
R3_GLYRS_HIGH,151,18.896523396912077,MetRS_ATP,8.106215171766601e-09,5.949537969580566e-09,0.00017340235273477134,0.0001734104589499431,0.34328914655111564
R3_GLYRS_HIGH,151,18.896523396912077,MetRS_ATP_tRNAfMetCAU,-2.232845895193531e-12,-1.3012064406739118e-12,4.990391609730434e-08,4.990168325140915e-08,0.023123649604484205
R3_GLYRS_HIGH,151,18.896523396912077,MetRS_Met,1.737638934216218e-09,1.8435728188943855e-09,4.3299681432177436e-05,4.330141907111165e-05,0.01588100179364712
R3_GLYRS_HIGH,151,18.896523396912077,MetRS_MetAMP_PPi,1.2683023082292466e-09,1.5359211586994736e-09,3.3661102475032286e-05,3.3662370777340516e-05,0.010584951240033133
R3_GLYRS_HIGH,151,18.896523396912077,MetRS_MetAMP_PPi_tRNAfMetCAU,-2.3619417201877808e-12,-1.4500974959803576e-12,3.5380500922737646e-08,3.537813898101746e-08,0.016716388946591373
R3_GLYRS_HIGH,151,18.896523396912077,MetRS_MetAMP_tRNAfMetCAU,-3.6990394224447123e-08,-3.6596708894003247e-08,0.00023221359396076267,0.00023217660356653823,0.18139623472764435
R3_GLYRS_HIGH,151,18.896523396912077,MetRS_Met_ATP,2.5858421010666564e-08,2.7509455219109773e-08,0.0006451314347116343,0.0006451572931326449,0.23721658513976285
R3_GLYRS_HIGH,151,18.896523396912077,MetRS_Met_ATP_tRNAfMetCAU,-8.69728023065607e-12,-4.718700082507347e-12,1.8881132255906465e-07,1.88802625278834e-07,0.09002882283952873
R3_GLYRS_HIGH,151,18.896523396912077,MetRS_Met_tRNAfMetCAU,-5.855270010856787e-13,-3.1771321295902547e-13,1.2710346233942062e-08,1.2709760706940976e-08,0.006048956951277485
R3_GLYRS_HIGH,151,18.896523396912077,MetRS_tRNAfMetCAU,-1.4936997676918078e-13,-8.722585159680005e-14,3.3450104890126405e-09,3.3448611190358714e-09,0.0015462384879236899
R3_GLYRS_HIGH,152,20.49074689815846,MetRS_AMP,-1.0193844375445973e-12,-1.0085281006594579e-12,5.587487245220505e-09,5.586467860782961e-09,4.1789592717096665e-06
R3_GLYRS_HIGH,152,20.49074689815846,MetRS_AMP_MettRNAfMetCAU,-5.229806981670832e-10,-5.174153497962132e-10,3.3160192550850436e-06,3.3154962743868765e-06,0.0024810126999107018
R3_GLYRS_HIGH,152,20.49074689815846,MetRS_ATP,7.069340214263401e-09,5.188659414623593e-09,0.00017414470429371126,0.00017415177363392552,0.34328914655111564
R3_GLYRS_HIGH,152,20.49074689815846,MetRS_ATP_tRNAfMetCAU,-1.9009384862841016e-12,-1.053877229256143e-12,5.234122270573484e-08,5.2339321767248554e-08,0.023123649604484205
R3_GLYRS_HIGH,152,20.49074689815846,MetRS_Met,1.5152311594698225e-09,1.6076071647982332e-09,4.3483679603067964e-05,4.3485194834227434e-05,0.01588100179364712
R3_GLYRS_HIGH,152,20.49074689815846,MetRS_MetAMP_PPi,1.1057938205919935e-09,1.3391271465302935e-09,3.379902291777428e-05,3.380012871159487e-05,0.010584951240033133
R3_GLYRS_HIGH,152,20.49074689815846,MetRS_MetAMP_PPi_tRNAfMetCAU,-2.0331178468961018e-12,-1.2040785080209268e-12,3.710116919485173e-08,3.7099136077004834e-08,0.016716388946591373
R3_GLYRS_HIGH,152,20.49074689815846,MetRS_MetAMP_tRNAfMetCAU,-3.225352062394358e-08,-3.1910144784011e-08,0.00024245304688542073,0.0002424207933647968,0.18139623472764435
R3_GLYRS_HIGH,152,20.49074689815846,MetRS_Met_ATP,2.2545366988027324e-08,2.3984872145246995e-08,0.0006477729783210299,0.0006477955236880179,0.23721658513976285
R3_GLYRS_HIGH,152,20.49074689815846,MetRS_Met_ATP_tRNAfMetCAU,-7.414214885880444e-12,-3.7968387451109125e-12,1.9799412686738988e-07,1.97986712652504e-07,0.09002882283952873
R3_GLYRS_HIGH,152,20.49074689815846,MetRS_Met_tRNAfMetCAU,-4.992305323550695e-13,-2.556931527378941e-13,1.3330573791390024e-08,1.333007456085767e-08,0.006048956951277485
R3_GLYRS_HIGH,152,20.49074689815846,MetRS_tRNAfMetCAU,-1.2717518819972726e-13,-7.066445444600844e-14,3.508921081610904e-09,3.508793906422704e-09,0.0015462384879236899
R3_GLYRS_HIGH,153,22.21946860939524,MetRS_AMP,-8.769980110665264e-13,-8.676624998369677e-13,5.809100378129779e-09,5.808223380118712e-09,4.1789592717096665e-06
R3_GLYRS_HIGH,153,22.21946860939524,MetRS_AMP_MettRNAfMetCAU,-4.499324783028812e-10,-4.451465512583432e-10,3.4475404015799e-06,3.447090469101597e-06,0.0024810126999107018
R3_GLYRS_HIGH,153,22.21946860939524,MetRS_ATP,6.082046908830905e-09,4.4639526444181175e-09,0.00017484643876610696,0.0001748525208130158,0.34328914655111564
R3_GLYRS_HIGH,153,22.21946860939524,MetRS_ATP_tRNAfMetCAU,-1.5983671037086163e-12,-8.415346164548932e-13,5.465025388808868e-08,5.464865552098497e-08,0.023123649604484205
R3_GLYRS_HIGH,153,22.21946860939524,MetRS_Met,1.3037535343243182e-09,1.3832439129137184e-09,4.365737623335288e-05,4.3658679986887206e-05,0.01588100179364712
R3_GLYRS_HIGH,153,22.21946860939524,MetRS_MetAMP_PPi,9.513956850053349e-10,1.1521288680883916e-09,3.3928466662118214e-05,3.392941805780322e-05,0.010584951240033133
R3_GLYRS_HIGH,153,22.21946860939524,MetRS_MetAMP_PPi_tRNAfMetCAU,-1.7276534644894814e-12,-9.869765928414545e-13,3.8729574079800615e-08,3.8727846426336126e-08,0.016716388946591373
R3_GLYRS_HIGH,153,22.21946860939524,MetRS_MetAMP_tRNAfMetCAU,-2.7748553087453623e-08,-2.7453247131699032e-08,0.00025206930671226496,0.0002520415581591775,0.18139623472764435
R3_GLYRS_HIGH,153,22.21946860939524,MetRS_Met_ATP,1.93957276005104e-08,2.0634219982591903e-08,0.0006502521552038088,0.0006502715509314093,0.23721658513976285
R3_GLYRS_HIGH,153,22.21946860939524,MetRS_Met_ATP_tRNAfMetCAU,-6.241244851133375e-12,-3.0093357392684303e-12,2.0668461643605832e-07,2.0667837519120718e-07,0.09002882283952873
R3_GLYRS_HIGH,153,22.21946860939524,MetRS_Met_tRNAfMetCAU,-4.2032632508914526e-13,-2.0270388636719075e-13,1.391801523069225e-08,1.391759490436716e-08,0.006048956951277485
R3_GLYRS_HIGH,153,22.21946860939524,MetRS_tRNAfMetCAU,-1.0694205270982826e-13,-5.6442718867824235e-14,3.66432684745786e-09,3.66421990540515e-09,0.0015462384879236899
R3_GLYRS_HIGH,154,24.09403560239527,MetRS_AMP,-7.458729303038938e-13,-7.379453713471934e-13,6.014622446511929e-09,6.013876573581625e-09,4.1789592717096665e-06
R3_GLYRS_HIGH,154,24.09403560239527,MetRS_AMP_MettRNAfMetCAU,-3.8266151636454467e-10,-3.785970347133499e-10,3.5695119326588256e-06,3.569129271142461e-06,0.0024810126999107018
R3_GLYRS_HIGH,154,24.09403560239527,MetRS_ATP,5.171878076764289e-09,3.795693512901524e-09,0.00017550165663048487,0.00017550682850856164,0.34328914655111564
R3_GLYRS_HIGH,154,24.09403560239527,MetRS_ATP_tRNAfMetCAU,-1.3302084977956907e-12,-6.643554765219054e-13,5.680942618005759e-08,5.6808095971559796e-08,0.023123649604484205
R3_GLYRS_HIGH,154,24.09403560239527,MetRS_Met,1.1090317009131135e-09,1.1766643751141072e-09,4.3819281937239615e-05,4.382039096894053e-05,0.01588100179364712
R3_GLYRS_HIGH,154,24.09403560239527,MetRS_MetAMP_PPi,8.093317656137321e-10,9.800505707052316e-10,3.40482412618785e-05,3.4049050593644114e-05,0.010584951240033133
R3_GLYRS_HIGH,154,24.09403560239527,MetRS_MetAMP_PPi_tRNAfMetCAU,-1.4521399901472965e-12,-8.005767082456113e-13,4.025033697774383e-08,4.024888483775368e-08,0.016716388946591373
R3_GLYRS_HIGH,154,24.09403560239527,MetRS_MetAMP_tRNAfMetCAU,-2.3599855304733738e-08,-2.3349041724471263e-08,0.0002609873397887108,0.00026096373993340607,0.18139623472764435
R3_GLYRS_HIGH,154,24.09403560239527,MetRS_Met_ATP,1.6496158219904584e-08,1.7549696620233365e-08,0.0006525461273829338,0.0006525626235411537,0.23721658513976285
R3_GLYRS_HIGH,154,24.09403560239527,MetRS_Met_ATP_tRNAfMetCAU,-5.1988807950544865e-12,-2.3557261624872343e-12,2.1480072580999124e-07,2.147955269291962e-07,0.09002882283952873
R3_GLYRS_HIGH,154,24.09403560239527,MetRS_Met_tRNAfMetCAU,-3.5019692968833744e-13,-1.5871691384723805e-13,1.4467163081858889e-08,1.44668128849292e-08,0.006048956951277485
R3_GLYRS_HIGH,154,24.09403560239527,MetRS_tRNAfMetCAU,-8.900999817118792e-14,-4.457345754306173e-14,3.809785612597772e-09,3.809696602599601e-09,0.0015462384879236899
R3_GLYRS_HIGH,155,26.126752255633264,MetRS_AMP,-6.296053502725515e-13,-6.229334020821085e-13,6.2033801872376535e-09,6.202750581887381e-09,4.1789592717096665e-06
R3_GLYRS_HIGH,155,26.126752255633264,MetRS_AMP_MettRNAfMetCAU,-3.2301282186872286e-10,-3.195915935712137e-10,3.6815342863699267e-06,3.681211273548058e-06,0.0024810126999107018
R3_GLYRS_HIGH,155,26.126752255633264,MetRS_ATP,4.363956720591705e-09,3.2023547445502153e-09,0.00017610763217586442,0.000176111996132585,0.34328914655111564
R3_GLYRS_HIGH,155,26.126752255633264,MetRS_ATP_tRNAfMetCAU,-1.1001620840027806e-12,-5.208886122645503e-13,5.880798011331089e-08,5.880687995122689e-08,0.023123649604484205
R3_GLYRS_HIGH,155,26.126752255633264,MetRS_Met,9.36404574310135e-10,9.93531613731574e-10,4.396869776963783e-05,4.396963417421214e-05,0.01588100179364712
R3_GLYRS_HIGH,155,26.126752255633264,MetRS_MetAMP_PPi,6.834785955787698e-10,8.275906269782716e-10,3.415776717913783e-05,3.415845065773341e-05,0.010584951240033133
R3_GLYRS_HIGH,155,26.126752255633264,MetRS_MetAMP_PPi_tRNAfMetCAU,-1.2120591131150563e-12,-6.4530997935368e-13,4.165575790229005e-08,4.165454584317694e-08,0.016716388946591373
R3_GLYRS_HIGH,155,26.126752255633264,MetRS_MetAMP_tRNAfMetCAU,-1.9921219801695943e-08,-1.971007357081519e-08,0.00026917793186548647,0.0002691580106456848,0.18139623472764435
R3_GLYRS_HIGH,155,26.126752255633264,MetRS_Met_ATP,1.3926011177447899e-08,1.4815702181510916e-08,0.0006546437956757343,0.0006546577216869117,0.23721658513976285
R3_GLYRS_HIGH,155,26.126752255633264,MetRS_Met_ATP_tRNAfMetCAU,-4.3024267508307745e-12,-1.8292736787183918e-12,2.2230136683366296e-07,2.2229706440691213e-07,0.09002882283952873
R3_GLYRS_HIGH,155,26.126752255633264,MetRS_Met_tRNAfMetCAU,-2.898755557092077e-13,-1.2328179211501245e-13,1.497526673367298e-08,1.4974976858117272e-08,0.006048956951277485
R3_GLYRS_HIGH,155,26.126752255633264,MetRS_tRNAfMetCAU,-7.362642893868664e-14,-3.4960526870274636e-14,3.9445803147499035e-09,3.944506688320965e-09,0.0015462384879236899
R3_GLYRS_HIGH,156,28.330961018393243,MetRS_AMP,-5.309340353915234e-13,-5.253340444436803e-13,6.375963720063248e-09,6.375432786027856e-09,4.1789592717096665e-06
R3_GLYRS_HIGH,156,28.330961018393243,MetRS_AMP_MettRNAfMetCAU,-2.723915200211935e-10,-2.6951933854291657e-10,3.7839576838291644e-06,3.783685292309143e-06,0.0024810126999107018
R3_GLYRS_HIGH,156,28.330961018393243,MetRS_ATP,3.677550396315437e-09,2.698124945351403e-09,0.0001766654921131498,0.0001766691696635461,0.34328914655111564
R3_GLYRS_HIGH,156,28.330961018393243,MetRS_ATP_tRNAfMetCAU,-9.100721607275418e-13,-4.082937708527328e-13,6.064862741520085e-08,6.064771734304012e-08,0.023123649604484205
R3_GLYRS_HIGH,156,28.330961018393243,MetRS_Met,7.899347731311966e-10,8.381538166057489e-10,4.4105883841320165e-05,4.4106673776093296e-05,0.01588100179364712
R3_GLYRS_HIGH,156,28.330961018393243,MetRS_MetAMP_PPi,5.76771587298085e-10,6.98309140929098e-10,3.425720840583103e-05,3.425778517741833e-05,0.010584951240033133
R3_GLYRS_HIGH,156,28.330961018393243,MetRS_MetAMP_PPi_tRNAfMetCAU,-1.0110585460054385e-12,-5.202325177483465e-13,4.2947682852851646e-08,4.294667179430564e-08,0.016716388946591373
R3_GLYRS_HIGH,156,28.330961018393243,MetRS_MetAMP_tRNAfMetCAU,-1.6799310393136608e-08,-1.6622018934002542e-08,0.00027666668960213344,0.0002766498902917403,0.18139623472764435
R3_GLYRS_HIGH,156,28.330961018393243,MetRS_Met_ATP,1.174558370172201e-08,1.249635393572036e-08,0.0006565483011780301,0.0006565600467617318,0.23721658513976285
R3_GLYRS_HIGH,156,28.330961018393243,MetRS_Met_ATP_tRNAfMetCAU,-3.5600321286974684e-12,-1.4180913671296263e-12,2.2919639438365085e-07,2.2919283435152215e-07,0.09002882283952873
R3_GLYRS_HIGH,156,28.330961018393243,MetRS_Met_tRNAfMetCAU,-2.399147133481326e-13,-9.56012695735215e-14,1.5443005829292997e-08,1.544276591457965e-08,0.006048956951277485
R3_GLYRS_HIGH,156,28.330961018393243,MetRS_tRNAfMetCAU,-6.091479975543478e-14,-2.7414691560597207e-14,4.068897107335237e-09,4.0688361925354814e-09,0.0015462384879236899
R3_GLYRS_HIGH,157,30.72112998861759,MetRS_AMP,-4.5118755816372135e-13,-4.464587956576494e-13,6.534261586360949e-09,6.533810398802785e-09,4.1789592717096665e-06
R3_GLYRS_HIGH,157,30.72112998861759,MetRS_AMP_MettRNAfMetCAU,-2.3147923706669558e-10,-2.290531966257133e-10,3.877902923603708e-06,3.877671444366641e-06,0.0024810126999107018
R3_GLYRS_HIGH,157,30.72112998861759,MetRS_ATP,3.1222269557360394e-09,2.290085928503244e-09,0.00017718046903216663,0.00017718359125912237,0.34328914655111564
R3_GLYRS_HIGH,157,30.72112998861759,MetRS_ATP_tRNAfMetCAU,-7.593774522945022e-13,-3.2259512701411756e-13,6.234838297111623e-08,6.234762359366393e-08,0.023123649604484205
R3_GLYRS_HIGH,157,30.72112998861759,MetRS_Met,6.715864842460903e-10,7.126123398234777e-10,4.423212173976299e-05,4.423279332624724e-05,0.01588100179364712
R3_GLYRS_HIGH,157,30.72112998861759,MetRS_MetAMP_PPi,4.906066362897216e-10,5.939033531758532e-10,3.4347520225331625e-05,3.4348010831967915e-05,0.010584951240033133
R3_GLYRS_HIGH,157,30.72112998861759,MetRS_MetAMP_PPi_tRNAfMetCAU,-8.501209132778815e-13,-4.229820098958787e-13,4.413808048138692e-08,4.4137230360473645e-08,0.016716388946591373
R3_GLYRS_HIGH,157,30.72112998861759,MetRS_MetAMP_tRNAfMetCAU,-1.4276170009065552e-08,-1.4126385240484638e-08,0.00028353556096277874,0.0002835212847927697,0.18139623472764435
R3_GLYRS_HIGH,157,30.72112998861759,MetRS_Met_ATP,9.98390451236765e-09,1.0622497480712997e-08,0.000658277940045806,0.0006582879239503184,0.23721658513976285
R3_GLYRS_HIGH,157,30.72112998861759,MetRS_Met_ATP_tRNAfMetCAU,-2.9704086980826573e-12,-1.1062961420293133e-12,2.3554968432196782e-07,2.3554671391326974e-07,0.09002882283952873
R3_GLYRS_HIGH,157,30.72112998861759,MetRS_Met_tRNAfMetCAU,-2.0023204936855728e-13,-7.460868693846591e-14,1.5874700928810165e-08,1.5874500696760797e-08,0.006048956951277485
R3_GLYRS_HIGH,157,30.72112998861759,MetRS_tRNAfMetCAU,-5.08378040454057e-14,-2.1670475659237487e-14,4.183882036917412e-09,4.183831199113367e-09,0.0015462384879236899
R3_GLYRS_HIGH,158,33.3129478793467,MetRS_AMP,-3.8988717393036666e-13,-3.8583083510461713e-13,6.681249735651706e-09,6.6808598484777755e-09,4.1789592717096665e-06
R3_GLYRS_HIGH,158,33.3129478793467,MetRS_AMP_MettRNAfMetCAU,-2.000303596966883e-10,-1.9794860236045546e-10,3.965136150916224e-06,3.964936120556527e-06,0.0024810126999107018
R3_GLYRS_HIGH,158,33.3129478793467,MetRS_ATP,2.695040189929984e-09,1.97613734785528e-09,0.00017766142112433657,0.0001776641161645265,0.34328914655111564
R3_GLYRS_HIGH,158,33.3129478793467,MetRS_ATP_tRNAfMetCAU,-6.447881012322845e-13,-2.5901270717007296e-13,6.393668614816692e-08,6.393604136006569e-08,0.023123649604484205
R3_GLYRS_HIGH,158,33.3129478793467,MetRS_Met,5.806367024758694e-10,6.161375300296106e-10,4.434959371338636e-05,4.435017435008884e-05,0.01588100179364712
R3_GLYRS_HIGH,158,33.3129478793467,MetRS_MetAMP_PPi,4.2441695494291115e-10,5.136940886716166e-10,3.4430354409452205e-05,3.443077882640715e-05,0.010584951240033133
R3_GLYRS_HIGH,158,33.3129478793467,MetRS_MetAMP_PPi_tRNAfMetCAU,-7.269970592043137e-13,-3.498512660617628e-13,4.524769585008175e-08,4.5246968853022547e-08,0.016716388946591373
R3_GLYRS_HIGH,158,33.3129478793467,MetRS_MetAMP_tRNAfMetCAU,-1.2336654795321641e-08,-1.2208094986549239e-08,0.00028991367887969897,0.00028990134222490365,0.18139623472764435
R3_GLYRS_HIGH,158,33.3129478793467,MetRS_Met_ATP,8.630010809706351e-09,9.18243357068353e-09,0.0006598643479461243,0.000659872977956934,0.23721658513976285
R3_GLYRS_HIGH,158,33.3129478793467,MetRS_Met_ATP_tRNAfMetCAU,-2.5214412892229317e-12,-8.754127954019204e-13,2.414719497633096e-07,2.414694283220204e-07,0.09002882283952873
R3_GLYRS_HIGH,158,33.3129478793467,MetRS_Met_tRNAfMetCAU,-1.700161074544005e-13,-5.906222650631967e-14,1.6277833538498548e-08,1.6277663522391093e-08,0.006048956951277485
R3_GLYRS_HIGH,158,33.3129478793467,MetRS_tRNAfMetCAU,-4.3175713723807024e-14,-1.7408257386801773e-14,4.291516073301193e-09,4.291472897587469e-09,0.0015462384879236899
R3_GLYRS_HIGH,159,36.123426997094306,MetRS_AMP,-3.4469742051239863e-13,-3.4113688656349505e-13,6.820518425731369e-09,6.820173728310857e-09,4.1789592717096665e-06
R3_GLYRS_HIGH,159,36.123426997094306,MetRS_AMP_MettRNAfMetCAU,-1.7684669898989134e-10,-1.7501879379401318e-10,4.04778808585636e-06,4.04761123915737e-06,0.0024810126999107018
R3_GLYRS_HIGH,159,36.123426997094306,MetRS_ATP,2.380104188742663e-09,1.744670698753702e-09,0.00017811951252949396,0.0001781218926336827,0.34328914655111564
R3_GLYRS_HIGH,159,36.123426997094306,MetRS_ATP_tRNAfMetCAU,-5.604444463465748e-13,-2.1238194527692587e-13,6.54505531973019e-08,6.544999275285555e-08,0.023123649604484205
R3_GLYRS_HIGH,159,36.123426997094306,MetRS_Met,5.136042305564853e-10,5.450338996127578e-10,4.446105231749098e-05,4.446156592172153e-05,0.01588100179364712
R3_GLYRS_HIGH,159,36.123426997094306,MetRS_MetAMP_PPi,3.7563001092157404e-10,4.5457195850087784e-10,3.4507801670873355e-05,3.4508177300884277e-05,0.010584951240033133
R3_GLYRS_HIGH,159,36.123426997094306,MetRS_MetAMP_PPi_tRNAfMetCAU,-6.362335003657924e-13,-2.9606948686333016e-13,4.630260235108001e-08,4.6301966117579643e-08,0.016716388946591373
R3_GLYRS_HIGH,159,36.123426997094306,MetRS_MetAMP_tRNAfMetCAU,-1.0906871432923848e-08,-1.079396153747729e-08,0.00029595683242934973,0.0002959459255579168,0.18139623472764435
R3_GLYRS_HIGH,159,36.123426997094306,MetRS_Met_ATP,7.631938934884834e-09,8.120851414425594e-09,0.000661347567595553,0.0006613551995344879,0.23721658513976285
R3_GLYRS_HIGH,159,36.123426997094306,MetRS_Met_ATP_tRNAfMetCAU,-2.1907218789621354e-12,-7.060146275573873e-13,2.4710234061132014e-07,2.471001498894412e-07,0.09002882283952873
R3_GLYRS_HIGH,159,36.123426997094306,MetRS_Met_tRNAfMetCAU,-1.4776147205867682e-13,-4.765518241896088e-14,1.666181004850429e-08,1.666166228703223e-08,0.006048956951277485
R3_GLYRS_HIGH,159,36.123426997094306,MetRS_tRNAfMetCAU,-3.7536885067493736e-14,-1.4282315270771413e-14,4.394290874275227e-09,4.394253337390159e-09,0.0015462384879236899
R3_GLYRS_HIGH,160,39.17101490809261,MetRS_AMP,-3.118421321848969e-13,-3.0863947368885616e-13,6.9556141741817614e-09,6.9553023320495765e-09,4.1789592717096665e-06
R3_GLYRS_HIGH,160,39.17101490809261,MetRS_AMP_MettRNAfMetCAU,-1.5999093363056456e-10,-1.5834631407565402e-10,4.127963489785407e-06,4.127803498851777e-06,0.0024810126999107018
R3_GLYRS_HIGH,160,39.17101490809261,MetRS_ATP,2.1514022194063682e-09,1.57661856164481e-09,0.000178566235532256,0.00017856838693447542,0.34328914655111564
R3_GLYRS_HIGH,160,39.17101490809261,MetRS_ATP_tRNAfMetCAU,-4.987181620392486e-13,-1.7766865691341902e-13,6.692753341586584e-08,6.69270346977038e-08,0.023123649604484205
R3_GLYRS_HIGH,160,39.17101490809261,MetRS_Met,4.648703818535462e-10,4.933390834461238e-10,4.456932587767062e-05,4.456979074805247e-05,0.01588100179364712
R3_GLYRS_HIGH,160,39.17101490809261,MetRS_MetAMP_PPi,3.401283654139338e-10,4.1155389859622176e-10,3.458200690406532e-05,3.4582347032430734e-05,0.010584951240033133
R3_GLYRS_HIGH,160,39.17101490809261,MetRS_MetAMP_PPi_tRNAfMetCAU,-5.700014250102309e-13,-2.5634910057721707e-13,4.732920397794642e-08,4.732863397652141e-08,0.016716388946591373
R3_GLYRS_HIGH,160,39.17101490809261,MetRS_MetAMP_tRNAfMetCAU,-9.86734111644216e-09,-9.765732710727865e-09,0.00030181891269778023,0.0003018090453566638,0.18139623472764435
R3_GLYRS_HIGH,160,39.17101490809261,MetRS_Met_ATP,6.906000986025597e-09,7.348703388994657e-09,0.000662768679817635,0.000662775585818621,0.23721658513976285
R3_GLYRS_HIGH,160,39.17101490809261,MetRS_Met_ATP_tRNAfMetCAU,-1.948656786196324e-12,-5.795983388781902e-13,2.525817729747955e-07,2.525798243180093e-07,0.09002882283952873
R3_GLYRS_HIGH,160,39.17101490809261,MetRS_Met_tRNAfMetCAU,-1.314773077893791e-13,-3.914215726110747e-14,1.7036166780947e-08,1.7036035303639212e-08,0.006048956951277485
R3_GLYRS_HIGH,160,39.17101490809261,MetRS_tRNAfMetCAU,-3.3411216156236706e-14,-1.1955337333858288e-14,4.494736773399175e-09,4.4947033621830184e-09,0.0015462384879236899
R3_GLYRS_HIGH,161,42.47571552536894,MetRS_AMP,-2.869282603018387e-13,-2.839922853953528e-13,7.089367710750155e-09,7.089080782489853e-09,4.1789592717096665e-06
R3_GLYRS_HIGH,161,42.47571552536894,MetRS_AMP_MettRNAfMetCAU,-1.4720926990350008e-10,-1.457013301298222e-10,4.207342323736646e-06,4.207195114466742e-06,0.0024810126999107018
R3_GLYRS_HIGH,161,42.47571552536894,MetRS_ATP,1.9784652511667215e-09,1.4496169413164083e-09,0.0001790112711010862,0.00017901324956633738,0.34328914655111564
R3_GLYRS_HIGH,161,42.47571552536894,MetRS_ATP_tRNAfMetCAU,-4.515634981921549e-13,-1.505291108064699e-13,6.839829840129006e-08,6.839784683779187e-08,0.023123649604484205
R3_GLYRS_HIGH,161,42.47571552536894,MetRS_Met,4.279046816722419e-10,4.5412441125992824e-10,4.46767838197215e-05,4.467721172440317e-05,0.01588100179364712
R3_GLYRS_HIGH,161,42.47571552536894,MetRS_MetAMP_PPi,3.131475603997125e-10,3.788698111132169e-10,3.4654753798493674e-05,3.4655066946054074e-05,0.010584951240033133
R3_GLYRS_HIGH,161,42.47571552536894,MetRS_MetAMP_PPi_tRNAfMetCAU,-5.196273650009801e-13,-2.2564032512066772e-13,4.834898724157049e-08,4.834846761420549e-08,0.016716388946591373
R3_GLYRS_HIGH,161,42.47571552536894,MetRS_MetAMP_tRNAfMetCAU,-9.07906662486269e-09,-8.985889705112264e-09,0.0003076227512005398,0.0003076136721339149,0.18139623472764435
R3_GLYRS_HIGH,161,42.47571552536894,MetRS_Met_ATP,6.355039357274807e-09,6.7626271688836055e-09,0.0006641618478513876,0.0006641682028907449,0.23721658513976285
R3_GLYRS_HIGH,161,42.47571552536894,MetRS_Met_ATP_tRNAfMetCAU,-1.7637884195274385e-12,-4.805183831969049e-13,2.580249221301906e-07,2.5802315834177107e-07,0.09002882283952873
R3_GLYRS_HIGH,161,42.47571552536894,MetRS_Met_tRNAfMetCAU,-1.1904545808929505e-13,-3.246946543958749e-14,1.740868236802672e-08,1.740856332256863e-08,0.006048956951277485
R3_GLYRS_HIGH,161,42.47571552536894,MetRS_tRNAfMetCAU,-3.026045472968846e-14,-1.0136031328948827e-14,4.594925466724465e-09,4.594895206269735e-09,0.0015462384879236899
R3_GLYRS_HIGH,162,46.05922041145104,MetRS_AMP,-2.659197149015129e-13,-2.6320343289366133e-13,7.223417012388075e-09,7.223151092673174e-09,4.1789592717096665e-06
R3_GLYRS_HIGH,162,46.05922041145104,MetRS_AMP_MettRNAfMetCAU,-1.3643106133187936e-10,-1.3503582968136467e-10,4.286896683039971e-06,4.286760251978639e-06,0.0024810126999107018
R3_GLYRS_HIGH,162,46.05922041145104,MetRS_ATP,1.8331511125963072e-09,1.3429852400448717e-09,0.00017946085222299166,0.00017946268537410426,0.34328914655111564
R3_GLYRS_HIGH,162,46.05922041145104,MetRS_ATP_tRNAfMetCAU,-4.120140016653612e-13,-1.2776979675497692e-13,6.988116445071522e-08,6.988075243671355e-08,0.023123649604484205
R3_GLYRS_HIGH,162,46.05922041145104,MetRS_Met,3.967118005152319e-10,4.210298327050986e-10,4.478492776334923e-05,4.4785324475149744e-05,0.01588100179364712
R3_GLYRS_HIGH,162,46.05922041145104,MetRS_MetAMP_PPi,2.903291086681732e-10,3.5123823981531e-10,3.4727147704397204e-05,3.472743803350587e-05,0.010584951240033133
R3_GLYRS_HIGH,162,46.05922041145104,MetRS_MetAMP_PPi_tRNAfMetCAU,-4.773575536536722e-13,-1.9987984443277263e-13,4.937465184817216e-08,4.937417449061851e-08,0.016716388946591373
R3_GLYRS_HIGH,162,46.05922041145104,MetRS_MetAMP_tRNAfMetCAU,-8.414345727071528e-09,-8.328125962547397e-09,0.0003134394233614861,0.00031343100901575903,0.18139623472764435
R3_GLYRS_HIGH,162,46.05922041145104,MetRS_Met_ATP,5.889939347879236e-09,6.267828801606104e-09,0.000665548243288417,0.0006655541332277649,0.23721658513976285
R3_GLYRS_HIGH,162,46.05922041145104,MetRS_Met_ATP_tRNAfMetCAU,-1.6087326450219738e-12,-3.974924986009555e-13,2.634995729996498e-07,2.6349796426700477e-07,0.09002882283952873
R3_GLYRS_HIGH,162,46.05922041145104,MetRS_Met_tRNAfMetCAU,-1.0862059691789791e-13,-2.6876848899539445e-14,1.7783983272134037e-08,1.778387465153712e-08,0.006048956951277485
R3_GLYRS_HIGH,162,46.05922041145104,MetRS_tRNAfMetCAU,-2.7618339909096575e-14,-8.610074966050276e-15,4.696101712816771e-09,4.696074094476862e-09,0.0015462384879236899
R3_GLYRS_HIGH,163,49.9450511585514,MetRS_AMP,-2.4590611581756525e-13,-2.4339540473400086e-13,7.358076674074309e-09,7.357830767958492e-09,4.1789592717096665e-06
R3_GLYRS_HIGH,163,49.9450511585514,MetRS_AMP_MettRNAfMetCAU,-1.2616320145275052e-10,-1.248735174586189e-10,4.366813272652974e-06,4.366687109451521e-06,0.0024810126999107018
R3_GLYRS_HIGH,163,49.9450511585514,MetRS_ATP,1.695049633721737e-09,1.2417056285619205e-09,0.0001799171633997775,0.00017991885844941121,0.34328914655111564
R3_GLYRS_HIGH,163,49.9450511585514,MetRS_ATP_tRNAfMetCAU,-3.752710863406148e-13,-1.0752672882100136e-13,7.138028364006895e-08,7.13799083689826e-08,0.023123649604484205
R3_GLYRS_HIGH,163,49.9450511585514,MetRS_Met,3.669722395426879e-10,3.894737045597993e-10,4.489424142698792e-05,4.489460839922746e-05,0.01588100179364712
R3_GLYRS_HIGH,163,49.9450511585514,MetRS_MetAMP_PPi,2.685449799070595e-10,3.2486632894238266e-10,3.479949986244534e-05,3.4799768407425244e-05,0.010584951240033133
R3_GLYRS_HIGH,163,49.9450511585514,MetRS_MetAMP_PPi_tRNAfMetCAU,-4.3770723261802746e-13,-1.764508331484377e-13,5.0408845136604264e-08,5.0408407429371646e-08,0.016716388946591373
R3_GLYRS_HIGH,163,49.9450511585514,MetRS_MetAMP_tRNAfMetCAU,-7.781094717661773e-09,-7.701393684028668e-09,0.0003192825802428502,0.0003192747991481325,0.18139623472764435
R3_GLYRS_HIGH,163,49.9450511585514,MetRS_Met_ATP,5.446557872572887e-09,5.79608616925552e-09,0.0006669338285636037,0.0006669392751214762,0.23721658513976285
R3_GLYRS_HIGH,163,49.9450511585514,MetRS_Met_ATP_tRNAfMetCAU,-1.4645370664979178e-12,-3.240801437036363e-13,2.690198656625954e-07,2.690184011255289e-07,0.09002882283952873
R3_GLYRS_HIGH,163,49.9450511585514,MetRS_Met_tRNAfMetCAU,-9.8924526212967e-14,-2.193010153311716e-14,1.816308411703096e-08,1.8162985192504748e-08,0.006048956951277485
R3_GLYRS_HIGH,163,49.9450511585514,MetRS_tRNAfMetCAU,-2.516353537862008e-14,-7.252284066871611e-15,4.798560790341067e-09,4.798535626805688e-09,0.0015462384879236899
R3_GLYRS_HIGH,164,54.15871378079476,MetRS_AMP,-2.2540106132803334e-13,-2.230994531889953e-13,7.492565643387048e-09,7.49234024232572e-09,4.1789592717096665e-06
R3_GLYRS_HIGH,164,54.15871378079476,MetRS_AMP_MettRNAfMetCAU,-1.1564313938043733e-10,-1.1446085437288048e-10,4.4466285613981365e-06,4.446512918258756e-06,0.0024810126999107018
R3_GLYRS_HIGH,164,54.15871378079476,MetRS_ATP,1.5536360359574668e-09,1.138017497369724e-09,0.00018037889284806607,0.00018038044648410203,0.34328914655111564
R3_GLYRS_HIGH,164,54.15871378079476,MetRS_ATP_tRNAfMetCAU,-3.3899569201577567e-13,-8.908583953435783e-14,7.288776580611123e-08,7.288742681041921e-08,0.023123649604484205
R3_GLYRS_HIGH,164,54.15871378079476,MetRS_Met,3.364833354234744e-10,3.571202353523413e-10,4.5004328241564956e-05,4.500466472490038e-05,0.01588100179364712
R3_GLYRS_HIGH,164,54.15871378079476,MetRS_MetAMP_PPi,2.462104193551415e-10,2.9783038931364303e-10,3.487143506272103e-05,3.4871681273140385e-05,0.010584951240033133
R3_GLYRS_HIGH,164,54.15871378079476,MetRS_MetAMP_PPi_tRNAfMetCAU,-3.9791966858094455e-13,-1.5418220956846708e-13,5.1445679356225466e-08,5.1445281436556885e-08,0.016716388946591373
R3_GLYRS_HIGH,164,54.15871378079476,MetRS_MetAMP_tRNAfMetCAU,-7.132285459443815e-09,-7.0592193712979455e-09,0.00032511833044098713,0.0003251111981555277,0.18139623472764435
R3_GLYRS_HIGH,164,54.15871378079476,MetRS_Met_ATP,4.9922352273129925e-09,5.312670319796704e-09,0.0006683114187185217,0.000668316410953749,0.23721658513976285
R3_GLYRS_HIGH,164,54.15871378079476,MetRS_Met_ATP_tRNAfMetCAU,-1.3219069160334621e-12,-2.5790303746515853e-13,2.745543918705914e-07,2.7455306996367536e-07,0.09002882283952873
R3_GLYRS_HIGH,164,54.15871378079476,MetRS_Met_tRNAfMetCAU,-8.932962918305859e-14,-1.746888545437186e-14,1.854392904835688e-08,1.8543839718727697e-08,0.006048956951277485
R3_GLYRS_HIGH,164,54.15871378079476,MetRS_tRNAfMetCAU,-2.2739280581965778e-14,-6.014681128839475e-15,4.9017897792221815e-09,4.9017670399415996e-09,0.0015462384879236899
R3_GLYRS_HIGH,165,58.72786613189477,MetRS_AMP,-2.0414058577611472e-13,-2.0205573605927376e-13,7.625457972869057e-09,7.625253832283281e-09,4.1789592717096665e-06
R3_GLYRS_HIGH,165,58.72786613189477,MetRS_AMP_MettRNAfMetCAU,-1.047354746104852e-10,-1.0366452578224352e-10,4.525496290995252e-06,4.525391555520641e-06,0.0024810126999107018
R3_GLYRS_HIGH,165,58.72786613189477,MetRS_ATP,1.4069304049156746e-09,1.0304429147733842e-09,0.00018084256762868666,0.00018084397455909158,0.34328914655111564
R3_GLYRS_HIGH,165,58.72786613189477,MetRS_ATP_tRNAfMetCAU,-3.028180752700751e-13,-7.244988553820975e-14,7.438837170508537e-08,7.43880688870101e-08,0.023123649604484205
R3_GLYRS_HIGH,165,58.72786613189477,MetRS_Met,3.0485807828899494e-10,3.2355968102076113e-10,4.511424417740895e-05,4.511454903548724e-05,0.01588100179364712
R3_GLYRS_HIGH,165,58.72786613189477,MetRS_MetAMP_PPi,2.2305818612533904e-10,2.698036797198453e-10,3.4942150564646856e-05,3.494237362283298e-05,0.010584951240033133
R3_GLYRS_HIGH,165,58.72786613189477,MetRS_MetAMP_PPi_tRNAfMetCAU,-3.5750958888922876e-13,-1.3294946033930808e-13,5.247406331011893e-08,5.2473705800530044e-08,0.016716388946591373
R3_GLYRS_HIGH,165,58.72786613189477,MetRS_MetAMP_tRNAfMetCAU,-6.459568066313932e-09,-6.393380776692897e-09,0.0003308847991947534,0.00033087833962668707,0.18139623472764435
R3_GLYRS_HIGH,165,58.72786613189477,MetRS_Met_ATP,4.52128045137605e-09,4.811538962610064e-09,0.000669665640296185,0.0006696701615766363,0.23721658513976285
R3_GLYRS_HIGH,165,58.72786613189477,MetRS_Met_ATP_tRNAfMetCAU,-1.1793322315627937e-12,-1.9902332653366745e-13,2.800439744145295e-07,2.800427950822979e-07,0.09002882283952873
R3_GLYRS_HIGH,165,58.72786613189477,MetRS_Met_tRNAfMetCAU,-7.973333673254402e-14,-1.3497602409240458e-14,1.8922587344766564e-08,1.892250761142983e-08,0.006048956951277485
R3_GLYRS_HIGH,165,58.72786613189477,MetRS_tRNAfMetCAU,-2.0320691235489537e-14,-4.897493277241714e-15,5.004781821989146e-09,5.00476150129791e-09,0.0015462384879236899
R3_GLYRS_HIGH,166,63.68249944718586,MetRS_AMP,-1.8258615668607639e-13,-1.8072150118920412e-13,7.755152335895191e-09,7.754969749738505e-09,4.1789592717096665e-06
R3_GLYRS_HIGH,166,63.68249944718586,MetRS_AMP_MettRNAfMetCAU,-9.367697406305076e-11,-9.271912003146127e-11,4.602466120634319e-06,4.602372443660256e-06,0.0024810126999107018
R3_GLYRS_HIGH,166,63.68249944718586,MetRS_ATP,1.2580632762762209e-09,9.21267819070054e-10,0.00018130403500898738,0.00018130529307226365,0.34328914655111564
R3_GLYRS_HIGH,166,63.68249944718586,MetRS_ATP_tRNAfMetCAU,-2.6744675494404295e-13,-5.787378912628506e-14,7.58645888167846e-08,7.586432137002966e-08,0.023123649604484205
R3_GLYRS_HIGH,166,63.68249944718586,MetRS_Met,2.727859290652091e-10,2.8952403958879306e-10,4.522286676742934e-05,4.52231395533584e-05,0.01588100179364712
R3_GLYRS_HIGH,166,63.68249944718586,MetRS_MetAMP_PPi,1.99597971641376e-10,2.4140198937197034e-10,3.5010702667700825e-05,3.5010902265672466e-05,0.010584951240033133
R3_GLYRS_HIGH,166,63.68249944718586,MetRS_MetAMP_PPi_tRNAfMetCAU,-3.1729531930608973e-13,-1.131248244303036e-13,5.3481297017545745e-08,5.348097972222644e-08,0.016716388946591373
R3_GLYRS_HIGH,166,63.68249944718586,MetRS_MetAMP_tRNAfMetCAU,-5.777545348389923e-09,-5.718345650050734e-09,0.00033651250167665797,0.0003365067241313096,0.18139623472764435
R3_GLYRS_HIGH,166,63.68249944718586,MetRS_Met_ATP,4.043967139454041e-09,4.303628834852422e-09,0.0006709784199130273,0.0006709824638801668,0.23721658513976285
R3_GLYRS_HIGH,166,63.68249944718586,MetRS_Met_ATP_tRNAfMetCAU,-1.0396014430071748e-12,-1.4828153483097713e-13,2.8542085045929344e-07,2.8541981085785043e-07,0.09002882283952873
R3_GLYRS_HIGH,166,63.68249944718586,MetRS_Met_tRNAfMetCAU,-7.032343046416247e-14,-1.0073357115505233e-14,1.9294545770844943e-08,1.929447544741448e-08,0.006048956951277485
R3_GLYRS_HIGH,166,63.68249944718586,MetRS_tRNAfMetCAU,-1.7955162635139512e-14,-3.9179639190916554e-15,5.10637662124504e-09,5.106358666082405e-09,0.0015462384879236899
R3_GLYRS_HIGH,167,69.0551352016233,MetRS_AMP,-1.6142065976240528e-13,-1.5977260540958634e-13,7.880200771106218e-09,7.880039350446456e-09,4.1789592717096665e-06
R3_GLYRS_HIGH,167,69.0551352016233,MetRS_AMP_MettRNAfMetCAU,-8.281799483345938e-11,-8.197138489619966e-11,4.676678727562269e-06,4.6765959095674355e-06,0.0024810126999107018
R3_GLYRS_HIGH,167,69.0551352016233,MetRS_ATP,1.1117583246155957e-09,8.13956856059737e-10,0.0001817595513521677,0.00018176066311049232,0.34328914655111564
R3_GLYRS_HIGH,167,69.0551352016233,MetRS_ATP_tRNAfMetCAU,-2.33847703147012e-13,-4.5551110575909237e-14,7.730030044693721e-08,7.730006659923407e-08,0.023123649604484205
R3_GLYRS_HIGH,167,69.0551352016233,MetRS_Met,2.412840724541989e-10,2.560927738072724e-10,4.532916590540613e-05,4.5329407189478586e-05,0.01588100179364712
R3_GLYRS_HIGH,167,69.0551352016233,MetRS_MetAMP_PPi,1.7657245625487747e-10,2.1352446425026553e-10,3.5076216662802026e-05,3.507639323525828e-05,0.010584951240033133
R3_GLYRS_HIGH,167,69.0551352016233,MetRS_MetAMP_PPi_tRNAfMetCAU,-2.784582211432209e-13,-9.513310943885886e-14,5.4455664904571135e-08,5.445538644634999e-08,0.016716388946591373
R3_GLYRS_HIGH,167,69.0551352016233,MetRS_MetAMP_tRNAfMetCAU,-5.107825557697579e-09,-5.055499230042758e-09,0.00034193860790754566,0.00034193350008198797,0.18139623472764435
R3_GLYRS_HIGH,167,69.0551352016233,MetRS_Met_ATP,3.5754080814727127e-09,3.805021588360135e-09,0.0006722330054167069,0.0006722365808247883,0.23721658513976285
R3_GLYRS_HIGH,167,69.0551352016233,MetRS_Met_ATP_tRNAfMetCAU,-9.065605189749045e-13,-1.062214844413872e-13,2.90622510622477e-07,2.90621604061958e-07,0.09002882283952873
R3_GLYRS_HIGH,167,69.0551352016233,MetRS_Met_tRNAfMetCAU,-6.135951385970577e-14,-7.233370184088313e-15,1.9655642197930754e-08,1.9655580838416894e-08,0.006048956951277485
R3_GLYRS_HIGH,167,69.0551352016233,MetRS_tRNAfMetCAU,-1.5707411977563006e-14,-3.0892671952761056e-15,5.205506921583639e-09,5.2054912141716615e-09,0.0015462384879236899
R3_GLYRS_HIGH,168,74.88103857590015,MetRS_AMP,-1.4123133302126547e-13,-1.3979006169055984e-13,7.999450749718907e-09,7.999309518385886e-09,4.1789592717096665e-06
R3_GLYRS_HIGH,168,74.88103857590015,MetRS_AMP_MettRNAfMetCAU,-7.245982015272691e-11,-7.171941074875559e-11,4.747450119966924e-06,4.747377660146772e-06,0.0024810126999107018
R3_GLYRS_HIGH,168,74.88103857590015,MetRS_ATP,9.7210222637918e-10,7.115113723610657e-10,0.00018220628768669762,0.000182207259788924,0.34328914655111564
R3_GLYRS_HIGH,168,74.88103857590015,MetRS_ATP_tRNAfMetCAU,-2.0277032787184723e-13,-3.5497841713895325e-14,7.868246037017339e-08,7.868225759984551e-08,0.023123649604484205
R3_GLYRS_HIGH,168,74.88103857590015,MetRS_Met,2.112268428810832e-10,2.2419366846505082e-10,4.543232889919489e-05,4.543254012603777e-05,0.01588100179364712
R3_GLYRS_HIGH,168,74.88103857590015,MetRS_MetAMP_PPi,1.5461731255815266e-10,1.86941196509167e-10,3.5137983477202846e-05,3.5138138094515405e-05,0.010584951240033133
R3_GLYRS_HIGH,168,74.88103857590015,MetRS_MetAMP_PPi_tRNAfMetCAU,-2.419718296671411e-13,-7.92304497934552e-14,5.5387615404350936e-08,5.538737343252127e-08,0.016716388946591373
R3_GLYRS_HIGH,168,74.88103857590015,MetRS_MetAMP_tRNAfMetCAU,-4.468990398500284e-09,-4.4232260578940164e-09,0.00034711310735157985,0.00034710863836118135,0.18139623472764435
R3_GLYRS_HIGH,168,74.88103857590015,MetRS_Met_ATP,3.128574336012588e-09,3.3295187477335126e-09,0.0006734158169221151,0.0006734189454964512,0.23721658513976285
R3_GLYRS_HIGH,168,74.88103857590015,MetRS_Met_ATP_tRNAfMetCAU,-7.83224758056563e-13,-7.27274124254553e-14,2.955979943035589e-07,2.955972110788008e-07,0.09002882283952873
R3_GLYRS_HIGH,168,74.88103857590015,MetRS_Met_tRNAfMetCAU,-5.3045486510034324e-14,-4.97039112751811e-15,2.0002491175777065e-08,2.0002438130290555e-08,0.006048956951277485
R3_GLYRS_HIGH,168,74.88103857590015,MetRS_tRNAfMetCAU,-1.3627706404890683e-14,-2.412663150618088e-15,5.301311250674761e-09,5.301297622968356e-09,0.0015462384879236899
R3_GLYRS_HIGH,169,81.19844993184009,MetRS_AMP,-1.2240451038523698e-13,-1.211560704093037e-13,8.11205191583176e-09,8.111929511321375e-09,4.1789592717096665e-06
R3_GLYRS_HIGH,169,81.19844993184009,MetRS_AMP_MettRNAfMetCAU,-6.280066050608262e-11,-6.215928859091613e-11,4.814275637051603e-06,4.814212836391097e-06,0.0024810126999107018
R3_GLYRS_HIGH,169,81.19844993184009,MetRS_ATP,8.417929116082395e-10,6.159141137894163e-10,0.00018264238753319114,0.00018264322932610275,0.34328914655111564
R3_GLYRS_HIGH,169,81.19844993184009,MetRS_ATP_tRNAfMetCAU,-1.746193266773748e-13,-2.75693770781472e-14,8.000127107314442e-08,8.000109645381775e-08,0.023123649604484205
R3_GLYRS_HIGH,169,81.19844993184009,MetRS_Met,1.8318977622810637e-10,1.944374679977722e-10,4.5531773717632025e-05,4.553195690740825e-05,0.01588100179364712
R3_GLYRS_HIGH,169,81.19844993184009,MetRS_MetAMP_PPi,1.341497411541507e-10,1.621577886423353e-10,3.5195469510360364e-05,3.519560366010152e-05,0.010584951240033133
R3_GLYRS_HIGH,169,81.19844993184009,MetRS_MetAMP_PPi_tRNAfMetCAU,-2.0842685013073972e-13,-6.547080818564187e-14,5.626988223999027e-08,5.626967381314014e-08,0.016716388946591373
R3_GLYRS_HIGH,169,81.19844993184009,MetRS_MetAMP_tRNAfMetCAU,-3.87326471828868e-09,-3.833620102520709e-09,0.0003519991013844843,0.000351995228119766,0.18139623472764435
R3_GLYRS_HIGH,169,81.19844993184009,MetRS_Met_ATP,2.7119890969430974e-09,2.8861896053350443e-09,0.000674516635195528,0.000674519347184625,0.23721658513976285
R3_GLYRS_HIGH,169,81.19844993184009,MetRS_Met_ATP_tRNAfMetCAU,-6.712559538207915e-13,-4.7118422425035945e-14,3.0030853711364594e-07,3.003078658576921e-07,0.09002882283952873
R3_GLYRS_HIGH,169,81.19844993184009,MetRS_Met_tRNAfMetCAU,-4.549408676996583e-14,-3.2389906730829497e-15,2.0332528538276834e-08,2.0332483044190064e-08,0.006048956951277485
R3_GLYRS_HIGH,169,81.19844993184009,MetRS_tRNAfMetCAU,-1.1743249879902065e-14,-1.878609567643639e-15,5.393146161745643e-09,5.393134418495763e-09,0.0015462384879236899
R3_GLYRS_HIGH,170,88.04883581643465,MetRS_AMP,-1.0514697898380612e-13,-1.0407521086957468e-13,8.217407481229913e-09,8.217302334250929e-09,4.1789592717096665e-06
R3_GLYRS_HIGH,170,88.04883581643465,MetRS_AMP_MettRNAfMetCAU,-5.394661141868692e-11,-5.3395981551085125e-11,4.876801103109757e-06,4.876747156498338e-06,0.0024810126999107018
R3_GLYRS_HIGH,170,88.04883581643465,MetRS_ATP,7.22279463940146e-10,5.282305895351267e-10,0.00018306682851660668,0.00018306755079607062,0.34328914655111564
R3_GLYRS_HIGH,170,88.04883581643465,MetRS_ATP_tRNAfMetCAU,-1.495160364906584e-13,-2.1523543120966347e-14,8.124972255835808e-08,8.12495730423216e-08,0.023123649604484205
R3_GLYRS_HIGH,170,88.04883581643465,MetRS_Met,1.5748154543653373e-10,1.6715179697903527e-10,4.562711325096132e-05,4.5627270732506755e-05,0.01588100179364712
R3_GLYRS_HIGH,170,88.04883581643465,MetRS_MetAMP_PPi,1.1539264375027159e-10,1.3944446332197e-10,3.524828845124591e-05,3.524840384388966e-05,0.010584951240033133
R3_GLYRS_HIGH,170,88.04883581643465,MetRS_MetAMP_PPi_tRNAfMetCAU,-1.780845082625736e-13,-5.376072592736816e-14,5.7097154418781865e-08,5.70969763342736e-08,0.016716388946591373
R3_GLYRS_HIGH,170,88.04883581643465,MetRS_MetAMP_tRNAfMetCAU,-3.327192295656846e-09,-3.293155176276086e-09,0.0003565706942037217,0.00035656736701142604,0.18139623472764435
R3_GLYRS_HIGH,170,88.04883581643465,MetRS_Met_ATP,2.3302081729025675e-09,2.4798829035415945e-09,0.0006755280618562485,0.0006755303920644214,0.23721658513976285
R3_GLYRS_HIGH,170,88.04883581643465,MetRS_Met_ATP_tRNAfMetCAU,-5.711946082615075e-13,-2.8386733233951943e-14,3.047258098833495e-07,3.047252386887412e-07,0.09002882283952873
R3_GLYRS_HIGH,170,88.04883581643465,MetRS_Met_tRNAfMetCAU,-3.874243905133088e-14,-1.9715964608023987e-15,2.0643893310758946e-08,2.0643854568319895e-08,0.006048956951277485
R3_GLYRS_HIGH,170,88.04883581643465,MetRS_tRNAfMetCAU,-1.0062273611525401e-14,-1.470983204304885e-15,5.480555469587651e-09,5.48054540731404e-09,0.0015462384879236899
R3_GLYRS_HIGH,171,95.47716114208066,MetRS_AMP,-8.95420549628983e-14,-8.862992072585034e-14,8.315123602886501e-09,8.315034060831538e-09,4.1789592717096665e-06
R3_GLYRS_HIGH,171,95.47716114208066,MetRS_AMP_MettRNAfMetCAU,-4.594042250023918e-11,-4.547178806148625e-11,4.934792784405106e-06,4.934746843982606e-06,0.0024810126999107018
R3_GLYRS_HIGH,171,95.47716114208066,MetRS_ATP,6.141508904352559e-10,4.488943388786885e-10,0.00018347926721314902,0.00018347988136403946,0.34328914655111564
R3_GLYRS_HIGH,171,95.47716114208066,MetRS_ATP_tRNAfMetCAU,-1.274020266761256e-13,-1.7077526958268342e-14,8.242308469699981e-08,8.242295729497313e-08,0.023123649604484205
R3_GLYRS_HIGH,171,95.47716114208066,MetRS_Met,1.342273325163055e-10,1.4246959359174331e-10,4.571811537108042e-05,4.5718249598412934e-05,0.01588100179364712
R3_GLYRS_HIGH,171,95.47716114208066,MetRS_MetAMP_PPi,9.843548074090283e-11,1.189097414016864e-10,3.5296169786820016e-05,3.5296268222300756e-05,0.010584951240033133
R3_GLYRS_HIGH,171,95.47716114208066,MetRS_MetAMP_PPi_tRNAfMetCAU,-1.5098782426384631e-13,-4.392487392479349e-14,5.786571381824286e-08,5.78655628304186e-08,0.016716388946591373
R3_GLYRS_HIGH,171,95.47716114208066,MetRS_MetAMP_tRNAfMetCAU,-2.833410104523086e-09,-2.804440322326766e-09,0.00036081079620496295,0.0003608079627948584,0.18139623472764435
R3_GLYRS_HIGH,171,95.47716114208066,MetRS_Met_ATP,1.9850606973069104e-09,2.1125464484798275e-09,0.0006764449161953535,0.0006764469012560508,0.23721658513976285
R3_GLYRS_HIGH,171,95.47716114208066,MetRS_Met_ATP_tRNAfMetCAU,-4.828647334491392e-13,-1.5402983842057846e-14,3.0882998470028744e-07,3.08829501835554e-07,0.09002882283952873
R3_GLYRS_HIGH,171,95.47716114208066,MetRS_Met_tRNAfMetCAU,-3.277931325234843e-14,-1.0923342590174003e-15,2.0935297843062223e-08,2.093526506374897e-08,0.006048956951277485
R3_GLYRS_HIGH,171,95.47716114208066,MetRS_tRNAfMetCAU,-8.580967392446672e-15,-1.1709009333554053e-15,5.56323634347517e-09,5.563227762507778e-09,0.0015462384879236899
R3_GLYRS_HIGH,172,103.53218432956616,MetRS_AMP,-7.559529806810828e-14,-7.482571190922529e-14,8.404973595158354e-09,8.404897999860286e-09,4.1789592717096665e-06
R3_GLYRS_HIGH,172,103.53218432956616,MetRS_AMP_MettRNAfMetCAU,-3.878495050996147e-11,-3.838953959177598e-11,4.988116150051646e-06,4.988077365101136e-06,0.0024810126999107018
R3_GLYRS_HIGH,172,103.53218432956616,MetRS_ATP,5.174548729227572e-10,3.7794124162573264e-10,0.00018387992946478006,0.00018388044691965299,0.34328914655111564
R3_GLYRS_HIGH,172,103.53218432956616,MetRS_ATP_tRNAfMetCAU,-1.08118670025317e-13,-1.3944939947847679e-14,8.351854970250538e-08,8.351844158383536e-08,0.023123649604484205
R3_GLYRS_HIGH,172,103.53218432956616,MetRS_Met,1.1343670672388749e-10,1.2040114193241507e-10,4.5804674311388225e-05,4.580478774809495e-05,0.01588100179364712
R3_GLYRS_HIGH,172,103.53218432956616,MetRS_MetAMP_PPi,8.328361419019e-11,1.0056025824680097e-10,3.53389359858775e-05,3.533901926949169e-05,0.010584951240033133
R3_GLYRS_HIGH,172,103.53218432956616,MetRS_MetAMP_PPi_tRNAfMetCAU,-1.2704994521579607e-13,-3.57527817878549e-14,5.857317866186373e-08,5.8573051611918516e-08,0.016716388946591373
R3_GLYRS_HIGH,172,103.53218432956616,MetRS_MetAMP_tRNAfMetCAU,-2.3920947299794354e-09,-2.3676504829173323e-09,0.00036470957106910987,0.0003647071789743799,0.18139623472764435
R3_GLYRS_HIGH,172,103.53218432956616,MetRS_Met_ATP,1.676658131343628e-09,1.7843007869176828e-09,0.0006772637981534888,0.0006772654748116202,0.23721658513976285
R3_GLYRS_HIGH,172,103.53218432956616,MetRS_Met_ATP_tRNAfMetCAU,-4.056865385076644e-13,-7.047418557875435e-15,3.126083660583182e-07,3.126079603717797e-07,0.09002882283952873
R3_GLYRS_HIGH,172,103.53218432956616,MetRS_Met_tRNAfMetCAU,-2.7566202126961942e-14,-5.258815301154948e-16,2.1205936144510055e-08,2.120590857830793e-08,0.006048956951277485
R3_GLYRS_HIGH,172,103.53218432956616,MetRS_tRNAfMetCAU,-7.288807134426903e-15,-9.592104200876963e-16,5.641015510393857e-09,5.641008221586722e-09,0.0015462384879236899
R3_GLYRS_HIGH,173,112.26677735108136,MetRS_AMP,-6.326292454600704e-14,-6.261927221288322e-14,8.486874586945206e-09,8.48681132402066e-09,4.1789592717096665e-06
R3_GLYRS_HIGH,173,112.26677735108136,MetRS_AMP_MettRNAfMetCAU,-3.245773611938263e-11,-3.2127018015266226e-11,5.036722018658059e-06,5.036689560921939e-06,0.0024810126999107018
R3_GLYRS_HIGH,173,112.26677735108136,MetRS_ATP,4.318961389969487e-10,3.151553088021323e-10,0.00018426954192250484,0.00018426997381864384,0.34328914655111564
R3_GLYRS_HIGH,173,112.26677735108136,MetRS_ATP_tRNAfMetCAU,-9.145555608965677e-14,-1.1856863688204424e-14,8.45350041938276e-08,8.453491273827152e-08,0.023123649604484205
R3_GLYRS_HIGH,173,112.26677735108136,MetRS_Met,9.504582198865096e-11,1.0087882513617532e-10,4.5886792298473784e-05,4.588688734429577e-05,0.01588100179364712
R3_GLYRS_HIGH,173,112.26677735108136,MetRS_MetAMP_PPi,6.988897114978748e-11,8.43379161834927e-11,3.537648749164139e-05,3.537655738061254e-05,0.010584951240033133
R3_GLYRS_HIGH,173,112.26677735108136,MetRS_MetAMP_PPi_tRNAfMetCAU,-1.0610851543636575e-13,-2.902642541126897e-14,5.9218337977046654e-08,5.921823186853122e-08,0.016716388946591373
R3_GLYRS_HIGH,173,112.26677735108136,MetRS_MetAMP_tRNAfMetCAU,-2.001861353008623e-09,-1.981415660745484e-09,0.0003682634228645989,0.00036826142100324587,0.18139623472764435
R3_GLYRS_HIGH,173,112.26677735108136,MetRS_Met_ATP,1.4040215813972481e-09,1.494106335726969e-09,0.000677982800864151,0.0006779842048857324,0.23721658513976285
R3_GLYRS_HIGH,173,112.26677735108136,MetRS_Met_ATP_tRNAfMetCAU,-3.388670440032371e-13,-2.283626344005158e-15,3.160545075779484e-07,3.160541687109044e-07,0.09002882283952873
R3_GLYRS_HIGH,173,112.26677735108136,MetRS_Met_tRNAfMetCAU,-2.3050173841834948e-14,-2.0245107663150262e-16,2.1455425153230913e-08,2.145540210305707e-08,0.006048956951277485
R3_GLYRS_HIGH,173,112.26677735108136,MetRS_tRNAfMetCAU,-6.17179689269804e-15,-8.179062834541449e-16,5.7138342166682535e-09,5.713828044871361e-09,0.0015462384879236899
R3_GLYRS_HIGH,174,121.7382727739662,MetRS_AMP,-5.2468878524093377e-14,-5.193535326911968e-14,8.560870732274619e-09,8.560818263396095e-09,4.1789592717096665e-06
R3_GLYRS_HIGH,174,121.7382727739662,MetRS_AMP_MettRNAfMetCAU,-2.6919762044971536e-11,-2.6645619909020138e-11,5.080636594275509e-06,5.080609674513464e-06,0.0024810126999107018
R3_GLYRS_HIGH,174,121.7382727739662,MetRS_ATP,3.5695537427575183e-10,2.601560762486944e-10,0.00018464928644082592,0.0001846496433962002,0.34328914655111564
R3_GLYRS_HIGH,174,121.7382727739662,MetRS_ATP_tRNAfMetCAU,-7.717851159944813e-14,-1.057293999709619e-14,8.547286759244953e-08,8.547279041393793e-08,0.023123649604484205
R3_GLYRS_HIGH,174,121.7382727739662,MetRS_Met,7.894275763821327e-11,8.378401518814402e-11,4.5964566837119135e-05,4.5964645779876774e-05,0.01588100179364712
R3_GLYRS_HIGH,174,121.7382727739662,MetRS_MetAMP_PPi,5.8168485788734695e-11,7.014223764880566e-11,3.540879193739073e-05,3.540885010587652e-05,0.010584951240033133
R3_GLYRS_HIGH,174,121.7382727739662,MetRS_MetAMP_PPi_tRNAfMetCAU,-8.795769609246689e-14,-2.353561581727942e-14,5.980103217999096e-08,5.980094422229487e-08,0.016716388946591373
R3_GLYRS_HIGH,174,121.7382727739662,MetRS_MetAMP_tRNAfMetCAU,-1.6603038818460182e-09,-1.6433552734645685e-09,0.0003714742675188163,0.00037147260721493445,0.18139623472764435
R3_GLYRS_HIGH,174,121.7382727739662,MetRS_Met_ATP,1.1654588018402898e-09,1.2401645230006304e-09,0.0006786013040865745,0.0006786024695453764,0.23721658513976285
R3_GLYRS_HIGH,174,121.7382727739662,MetRS_Met_ATP_tRNAfMetCAU,-2.815107150350102e-13,-1.9666194991479656e-16,3.1916757492431735e-07,3.191672934136023e-07,0.09002882283952873
R3_GLYRS_HIGH,174,121.7382727739662,MetRS_Met_tRNAfMetCAU,-1.9171329416546063e-14,-6.037496027782166e-17,2.168376281543571e-08,2.1683743644106294e-08,0.006048956951277485
R3_GLYRS_HIGH,174,121.7382727739662,MetRS_tRNAfMetCAU,-5.214344640276983e-15,-7.308782931315185e-16,5.7817377069604825e-09,5.781732492615842e-09,0.0015462384879236899
R3_GLYRS_HIGH,175,132.00884008314168,MetRS_AMP,-4.3115737748587045e-14,-4.267755656987733e-14,8.627119081564067e-09,8.627075965826318e-09,4.1789592717096665e-06
R3_GLYRS_HIGH,175,132.00884008314168,MetRS_AMP_MettRNAfMetCAU,-2.2121048374991947e-11,-2.18958903018836e-11,5.119953081411817e-06,5.119930960363442e-06,0.0024810126999107018
R3_GLYRS_HIGH,175,132.00884008314168,MetRS_ATP,2.9196497492887594e-10,2.124542345890901e-10,0.0001850207647351091,0.00018502105670008403,0.34328914655111564
R3_GLYRS_HIGH,175,132.00884008314168,MetRS_ATP_tRNAfMetCAU,-6.504641797216887e-14,-9.886468181055202e-15,8.63339544102608e-08,8.633388936384282e-08,0.023123649604484205
R3_GLYRS_HIGH,175,132.00884008314168,MetRS_Met,6.498370462885376e-11,6.896424076142609e-11,4.603818048342637e-05,4.6038245467131e-05,0.01588100179364712
R3_GLYRS_HIGH,175,132.00884008314168,MetRS_MetAMP_PPi,4.801590436289294e-11,5.784466268069432e-11,3.543587512578646e-05,3.5435923141690825e-05,0.010584951240033133
R3_GLYRS_HIGH,175,132.00884008314168,MetRS_MetAMP_PPi_tRNAfMetCAU,-7.236798358718859e-14,-1.9086324354644622e-14,6.032204974438525e-08,6.032197737640167e-08,0.016716388946591373
R3_GLYRS_HIGH,175,132.00884008314168,MetRS_MetAMP_tRNAfMetCAU,-1.3643400592231944e-09,-1.3504194393276541e-09,0.00037434891974404236,0.00037434755540398314,0.18139623472764435
R3_GLYRS_HIGH,175,132.00884008314168,MetRS_Met_ATP,9.588052736746872e-10,1.020174176569007e-09,0.0006791198014246727,0.0006791207602299463,0.23721658513976285
R3_GLYRS_HIGH,175,132.00884008314168,MetRS_Met_ATP_tRNAfMetCAU,-2.326861683090452e-13,-9.5449462147709e-18,3.2195179459227724e-07,3.2195156190610893e-07,0.09002882283952873
R3_GLYRS_HIGH,175,132.00884008314168,MetRS_Met_tRNAfMetCAU,-1.5867300825880942e-14,-4.723176701095267e-17,2.189129214992709e-08,2.1891276282626263e-08,0.006048956951277485
R3_GLYRS_HIGH,175,132.00884008314168,MetRS_tRNAfMetCAU,-4.400388296525738e-15,-6.842575814807173e-16,5.844866369390701e-09,5.844861969002404e-09,0.0015462384879236899
R3_GLYRS_HIGH,176,143.14589375234786,MetRS_AMP,-3.50923353920289e-14,-3.473587498932006e-14,8.685876059085997e-09,8.685840966750605e-09,4.1789592717096665e-06
R3_GLYRS_HIGH,176,143.14589375234786,MetRS_AMP_MettRNAfMetCAU,-1.8004562950466583e-11,-1.7821391855991954e-11,5.154823659837064e-06,5.1548056552741135e-06,0.0024810126999107018
R3_GLYRS_HIGH,176,143.14589375234786,MetRS_ATP,2.361618617948303e-10,1.7149038027498002e-10,0.00018538596665000702,0.0001853862028118688,0.34328914655111564
R3_GLYRS_HIGH,176,143.14589375234786,MetRS_ATP_tRNAfMetCAU,-5.4821400642370736e-14,-9.625694189354711e-15,8.712133813907876e-08,8.712128331767812e-08,0.023123649604484205
R3_GLYRS_HIGH,176,143.14589375234786,MetRS_Met,5.300428418928988e-11,5.62451881363167e-11,4.610789140358214e-05,4.610794440786633e-05,0.01588100179364712
R3_GLYRS_HIGH,176,143.14589375234786,MetRS_MetAMP_PPi,3.931005760975884e-11,4.7298561695326366e-11,3.545781246242974e-05,3.545785177248735e-05,0.010584951240033133
R3_GLYRS_HIGH,176,143.14589375234786,MetRS_MetAMP_PPi_tRNAfMetCAU,-5.909913242383646e-14,-1.550479140251253e-14,6.0783024199537e-08,6.078296510040457e-08,0.016716388946591373
R3_GLYRS_HIGH,176,143.14589375234786,MetRS_MetAMP_tRNAfMetCAU,-1.1104526339254794e-09,-1.099127605559822e-09,0.000376898506269792,0.0003768973958171581,0.18139623472764435
R3_GLYRS_HIGH,176,143.14589375234786,MetRS_Met_ATP,7.815929347959258e-10,8.315109291318846e-10,0.0006795397362516268,0.0006795405178445616,0.23721658513976285
R3_GLYRS_HIGH,176,143.14589375234786,MetRS_Met_ATP_tRNAfMetCAU,-1.9146714778065196e-13,-1.0858441273153594e-15,3.2441590448066516e-07,3.244157130135174e-07,0.09002882283952873
R3_GLYRS_HIGH,176,143.14589375234786,MetRS_Met_tRNAfMetCAU,-1.3076009753054255e-14,-1.2003603144650081e-16,2.2078665597101326e-08,2.2078652521091572e-08,0.006048956951277485
R3_GLYRS_HIGH,176,143.14589375234786,MetRS_tRNAfMetCAU,-3.714076530709963e-15,-6.665073645773239e-16,5.903447044353183e-09,5.903443330276652e-09,0.0015462384879236899
R3_GLYRS_HIGH,177,155.2225357427048,MetRS_AMP,-2.827939126562625e-14,-2.799226837563384e-14,8.73748355866562e-09,8.737455279274355e-09,4.1789592717096665e-06
R3_GLYRS_HIGH,177,155.2225357427048,MetRS_AMP_MettRNAfMetCAU,-1.4509110265911425e-11,-1.4361565458751518e-11,5.185451232843255e-06,5.185436723732989e-06,0.0024810126999107018
R3_GLYRS_HIGH,177,155.2225357427048,MetRS_ATP,1.8872636577973133e-10,1.3666357444725636e-10,0.00018574723889826916,0.00018574742762463494,0.34328914655111564
R3_GLYRS_HIGH,177,155.2225357427048,MetRS_ATP_tRNAfMetCAU,-4.627524380100768e-14,-9.652616550941724e-15,8.783920636068226e-08,8.783916008543846e-08,0.023123649604484205
R3_GLYRS_HIGH,177,155.2225357427048,MetRS_Met,4.282790006698064e-11,4.543957166880759e-11,4.617402386667777e-05,4.6174066694577834e-05,0.01588100179364712
R3_GLYRS_HIGH,177,155.2225357427048,MetRS_MetAMP_PPi,3.192097542510045e-11,3.834664748168201e-11,3.547472021298418e-05,3.5474752133959606e-05,0.010584951240033133
R3_GLYRS_HIGH,177,155.2225357427048,MetRS_MetAMP_PPi_tRNAfMetCAU,-4.790906386833789e-14,-1.2638956221137115e-14,6.118632414960497e-08,6.11862762405411e-08,0.016716388946591373
R3_GLYRS_HIGH,177,155.2225357427048,MetRS_MetAMP_tRNAfMetCAU,-8.948675164050478e-10,-8.857449751242458e-10,0.00037913786251108907,0.00037913696764357266,0.18139623472764435
R3_GLYRS_HIGH,177,155.2225357427048,MetRS_Met_ATP,6.311748265968448e-10,6.713599415295001e-10,0.0006798633342605235,0.0006798639654353501,0.23721658513976285
R3_GLYRS_HIGH,177,155.2225357427048,MetRS_Met_ATP_tRNAfMetCAU,-1.5695869580193705e-13,-2.9231646500312124e-15,3.265725672500254e-07,3.265724102913296e-07,0.09002882283952873
R3_GLYRS_HIGH,177,155.2225357427048,MetRS_Met_tRNAfMetCAU,-1.0737434543451056e-14,-2.4481378680764625e-16,2.224680697324796e-08,2.2246796235813415e-08,0.006048956951277485
R3_GLYRS_HIGH,177,155.2225357427048,MetRS_tRNAfMetCAU,-3.1401983259900436e-15,-6.683468974941027e-16,5.957783789846197e-09,5.957780649647871e-09,0.0015462384879236899
R3_GLYRS_HIGH,178,168.31803533309548,MetRS_AMP,-2.255393073554474e-14,-2.232503395160723e-14,8.782354211043651e-09,8.782331657112916e-09,4.1789592717096665e-06
R3_GLYRS_HIGH,178,168.31803533309548,MetRS_AMP_MettRNAfMetCAU,-1.1571598938419031e-11,-1.1453972502473458e-11,5.212080683925385e-06,5.212069112326447e-06,0.0024810126999107018
R3_GLYRS_HIGH,178,168.31803533309548,MetRS_ATP,1.4881270231381118e-10,1.0735366832648778e-10,0.00018610725285270486,0.00018610740166540718,0.34328914655111564
R3_GLYRS_HIGH,178,168.31803533309548,MetRS_ATP_tRNAfMetCAU,-3.9193194208643764e-14,-9.860189096086096e-15,8.849270278010404e-08,8.849266358690984e-08,0.023123649604484205
R3_GLYRS_HIGH,178,168.31803533309548,MetRS_Met,3.427230415155129e-11,3.635408833151478e-11,4.6236958219486216e-05,4.623699249179037e-05,0.01588100179364712
R3_GLYRS_HIGH,178,168.31803533309548,MetRS_MetAMP_PPi,2.5714698884235672e-11,3.082679118668289e-11,3.5486746285868733e-05,3.548677200056762e-05,0.010584951240033133
R3_GLYRS_HIGH,178,168.31803533309548,MetRS_MetAMP_PPi_tRNAfMetCAU,-3.856013315263624e-14,-1.0358187966197294e-14,6.153493333734754e-08,6.153489477721439e-08,0.016716388946591373
R3_GLYRS_HIGH,178,168.31803533309548,MetRS_MetAMP_tRNAfMetCAU,-7.136936523537141e-10,-7.064208010787139e-10,0.00038108489329462985,0.0003810841796009775,0.18139623472764435
R3_GLYRS_HIGH,178,168.31803533309548,MetRS_Met_ATP,5.048230839431456e-10,5.368199889660701e-10,0.0006800934269328621,0.000680093931755946,0.23721658513976285
R3_GLYRS_HIGH,178,168.31803533309548,MetRS_Met_ATP_tRNAfMetCAU,-1.2831327152351514e-13,-5.140760358517863e-15,3.2843773057330056e-07,3.2843760226002903e-07,0.09002882283952873
R3_GLYRS_HIGH,178,168.31803533309548,MetRS_Met_tRNAfMetCAU,-8.794695541691068e-15,-3.957806344440774e-16,2.2396869888811044e-08,2.2396861094115502e-08,0.006048956951277485
R3_GLYRS_HIGH,178,168.31803533309548,MetRS_tRNAfMetCAU,-2.6644365888610073e-15,-6.825675176284254e-16,6.008247799507914e-09,6.008245135071325e-09,0.0015462384879236899
R3_GLYRS_HIGH,179,182.51834943190426,MetRS_AMP,-1.7792855451508884e-14,-1.7612343248599144e-14,8.820955797264328e-09,8.820938004408876e-09,4.1789592717096665e-06
R3_GLYRS_HIGH,179,182.51834943190426,MetRS_AMP_MettRNAfMetCAU,-9.128873531603454e-12,-9.036109561254174e-12,5.234989626658553e-06,5.234980497785021e-06,0.0024810126999107018
R3_GLYRS_HIGH,179,182.51834943190426,MetRS_ATP,1.1557351457152157e-10,8.29393327412624e-11,0.00018646897129549482,0.0001864690868690094,0.34328914655111564
R3_GLYRS_HIGH,179,182.51834943190426,MetRS_ATP_tRNAfMetCAU,-3.337615187411763e-14,-1.0168564194309961e-14,8.908775668455092e-08,8.908772330839904e-08,0.023123649604484205
R3_GLYRS_HIGH,179,182.51834943190426,MetRS_Met,2.7154893581676255e-11,2.8795050074823668e-11,4.6297120185636624e-05,4.6297147340530206e-05,0.01588100179364712
R3_GLYRS_HIGH,179,182.51834943190426,MetRS_MetAMP_PPi,2.0557162627710384e-11,2.457673321239654e-11,3.549406049588349e-05,3.549408105304612e-05,0.010584951240033133
R3_GLYRS_HIGH,179,182.51834943190426,MetRS_MetAMP_PPi_tRNAfMetCAU,-3.0823688655999216e-14,-8.551956029496e-15,6.18323211842894e-08,6.183229036060075e-08,0.016716388946591373
R3_GLYRS_HIGH,179,182.51834943190426,MetRS_MetAMP_tRNAfMetCAU,-5.630359896846224e-10,-5.573003097505655e-10,0.00038275989652962174,0.00038275933349363206,0.18139623472764435
R3_GLYRS_HIGH,179,182.51834943190426,MetRS_Met_ATP,3.998079634286861e-10,4.249877251598095e-10,0.0006802332650689126,0.000680233664876876,0.23721658513976285
R3_GLYRS_HIGH,179,182.51834943190426,MetRS_Met_ATP_tRNAfMetCAU,-1.0474058579405969e-13,-7.46368284637473e-15,3.300299365777408e-07,3.3002983183715503e-07,0.09002882283952873
R3_GLYRS_HIGH,179,182.51834943190426,MetRS_Met_tRNAfMetCAU,-7.194717521024271e-15,-5.542842747766049e-16,2.2530192697664635e-08,2.2530185502947114e-08,0.006048956951277485
R3_GLYRS_HIGH,179,182.51834943190426,MetRS_tRNAfMetCAU,-2.27351379084297e-15,-7.037838113423172e-16,6.05526648740139e-09,6.055264213887599e-09,0.0015462384879236899
R3_GLYRS_HIGH,180,197.91668678535575,MetRS_AMP,-1.3875921488174829e-14,-1.3735189649804665e-14,8.853795076089362e-09,8.853781200167874e-09,4.1789592717096665e-06
R3_GLYRS_HIGH,180,197.91668678535575,MetRS_AMP_MettRNAfMetCAU,-7.119242675881923e-12,-7.04692068646313e-12,5.2544788068123756e-06,5.2544716875697e-06,0.0024810126999107018
R3_GLYRS_HIGH,180,197.91668678535575,MetRS_ATP,8.818040354440122e-11,6.281307859539916e-11,0.0001868356149276726,0.00018683570310807615,0.34328914655111564
R3_GLYRS_HIGH,180,197.91668678535575,MetRS_ATP_tRNAfMetCAU,-2.8641904049197786e-14,-1.0520872942957772e-14,8.963090369250389e-08,8.963087505059984e-08,0.023123649604484205
R3_GLYRS_HIGH,180,197.91668678535575,MetRS_Met,2.1297152931443967e-11,2.2573084098650176e-11,4.6354969517844456e-05,4.635499081499739e-05,0.01588100179364712
R3_GLYRS_HIGH,180,197.91668678535575,MetRS_MetAMP_PPi,1.631744902635653e-11,1.94380097110387e-11,3.549684443426781e-05,3.549686075171684e-05,0.010584951240033133
R3_GLYRS_HIGH,180,197.91668678535575,MetRS_MetAMP_PPi_tRNAfMetCAU,-2.4483519051181514e-14,-7.12791496524844e-15,6.208230661728372e-08,6.208228213376466e-08,0.016716388946591373
R3_GLYRS_HIGH,180,197.91668678535575,MetRS_MetAMP_tRNAfMetCAU,-4.3908973923175235e-10,-4.34617975178532e-10,0.00038418486145171284,0.0003841844223619736,0.18139623472764435
R3_GLYRS_HIGH,180,197.91668678535575,MetRS_Met_ATP,3.134640328339086e-10,3.3302789784797754e-10,0.0006802863247821993,0.0006802866382462321,0.23721658513976285
R3_GLYRS_HIGH,180,197.91668678535575,MetRS_Met_ATP_tRNAfMetCAU,-8.551358142466875e-14,-9.705340108804066e-15,3.313695954665907e-07,3.3136950995300926e-07,0.09002882283952873
R3_GLYRS_HIGH,180,197.91668678535575,MetRS_Met_tRNAfMetCAU,-5.888636758762675e-15,-7.076373104065862e-16,2.2648250885196082e-08,2.2648244996559323e-08,0.006048956951277485
R3_GLYRS_HIGH,180,197.91668678535575,MetRS_tRNAfMetCAU,-1.955274689023935e-15,-7.281530983072797e-16,6.099311975719947e-09,6.099310020445258e-09,0.0015462384879236899
R3_GLYRS_HIGH,181,214.6141197858406,MetRS_AMP,-1.0688235867208903e-14,-1.0579857608359566e-14,8.881401574358797e-09,8.88139088612293e-09,4.1789592717096665e-06
R3_GLYRS_HIGH,181,214.6141197858406,MetRS_AMP_MettRNAfMetCAU,-5.483760181243611e-12,-5.428064297555037e-12,5.270862482462987e-06,5.270856998702806e-06,0.0024810126999107018
R3_GLYRS_HIGH,181,214.6141197858406,MetRS_ATP,6.584111446154839e-11,4.639384576688354e-11,0.0001872106303112051,0.00018721069615231957,0.34328914655111564
R3_GLYRS_HIGH,181,214.6141197858406,MetRS_ATP_tRNAfMetCAU,-2.4825666773803448e-14,-1.0878912628652186e-14,9.01291048911996e-08,9.012908006553282e-08,0.023123649604484205
R3_GLYRS_HIGH,181,214.6141197858406,MetRS_Met,1.6528377516471238e-11,1.750707953508787e-11,4.6410988208877465e-05,4.641100473725498e-05,0.01588100179364712
R3_GLYRS_HIGH,181,214.6141197858406,MetRS_MetAMP_PPi,1.2870508769803526e-11,1.525924204520754e-11,3.549528123235612e-05,3.549529410286489e-05,0.010584951240033133
R3_GLYRS_HIGH,181,214.6141197858406,MetRS_MetAMP_PPi_tRNAfMetCAU,-1.9338457930737618e-14,-6.009725232325747e-15,6.228892024636899e-08,6.228890090791106e-08,0.016716388946591373
R3_GLYRS_HIGH,181,214.6141197858406,MetRS_MetAMP_tRNAfMetCAU,-3.382194091309555e-10,-3.3477565843153854e-10,0.0003853827652582005,0.00038538242703879135,0.18139623472764435
R3_GLYRS_HIGH,181,214.6141197858406,MetRS_Met_ATP,2.4324548506069604e-10,2.582321500345576e-10,0.0006802561114564532,0.0006802563547019382,0.23721658513976285
R3_GLYRS_HIGH,181,214.6141197858406,MetRS_Met_ATP_tRNAfMetCAU,-6.997169204225041e-14,-1.174987621623048e-14,3.32478250343554e-07,3.3247818037186195e-07,0.09002882283952873
R3_GLYRS_HIGH,181,214.6141197858406,MetRS_Met_tRNAfMetCAU,-4.832022611496643e-15,-8.479352390656171e-16,2.27526086072908e-08,2.2752603775268188e-08,0.006048956951277485
R3_GLYRS_HIGH,181,214.6141197858406,MetRS_tRNAfMetCAU,-1.6987222033645025e-15,-7.530880177120949e-16,6.140889437105186e-09,6.140887738382983e-09,0.0015462384879236899
R3_GLYRS_HIGH,182,232.72024789604072,MetRS_AMP,-8.122299948172252e-15,-8.039949857954439e-15,8.904312059540485e-09,8.904303937240537e-09,4.1789592717096665e-06
R3_GLYRS_HIGH,182,232.72024789604072,MetRS_AMP_MettRNAfMetCAU,-4.1672731676770255e-12,-4.1249532954132964e-12,5.28445920894557e-06,5.2844550416724025e-06,0.0024810126999107018
R3_GLYRS_HIGH,182,232.72024789604072,MetRS_ATP,4.7813605017540256e-11,3.313736270117016e-11,0.00018759766146125538,0.0001875977092748604,0.34328914655111564
R3_GLYRS_HIGH,182,232.72024789604072,MetRS_ATP_tRNAfMetCAU,-2.1780184693543437e-14,-1.121903064644326e-14,9.058957342050141e-08,9.058955164031672e-08,0.023123649604484205
R3_GLYRS_HIGH,182,232.72024789604072,MetRS_Met,1.2688719182080057e-11,1.3427438208709945e-11,4.646566856217351e-05,4.646568125089269e-05,0.01588100179364712
R3_GLYRS_HIGH,182,232.72024789604072,MetRS_MetAMP_PPi,1.0099377050257728e-11,1.1898835923643451e-11,3.548954560214488e-05,3.548955570152193e-05,0.010584951240033133
R3_GLYRS_HIGH,182,232.72024789604072,MetRS_MetAMP_PPi_tRNAfMetCAU,-1.5204318800850246e-14,-5.134840402785178e-15,6.245627128581699e-08,6.245625608149819e-08,0.016716388946591373
R3_GLYRS_HIGH,182,232.72024789604072,MetRS_MetAMP_tRNAfMetCAU,-2.57023428039925e-10,-2.544067603357061e-10,0.0003863768993434388,0.0003863766423200108,0.18139623472764435
R3_GLYRS_HIGH,182,232.72024789604072,MetRS_Met_ATP,1.8677120689879895e-10,1.980672561968283e-10,0.0006801459690047186,0.0006801461557759255,0.23721658513976285
R3_GLYRS_HIGH,182,232.72024789604072,MetRS_Met_ATP_tRNAfMetCAU,-5.752225525811617e-14,-1.3535487674072398e-14,3.333778673465715e-07,3.3337780982431624e-07,0.09002882283952873
R3_GLYRS_HIGH,182,232.72024789604072,MetRS_Met_tRNAfMetCAU,-3.984975790769109e-15,-9.70934899032828e-16,2.2844871568913754e-08,2.2844867583937964e-08,0.006048956951277485
R3_GLYRS_HIGH,182,232.72024789604072,MetRS_tRNAfMetCAU,-1.4940238993123277e-15,-7.769816201051064e-16,6.180525874849061e-09,6.180524380825162e-09,0.0015462384879236899
R3_GLYRS_HIGH,183,252.3539170434766,MetRS_AMP,-6.079587492260605e-15,-6.01794557097813e-15,8.923056476219755e-09,8.923050396632263e-09,4.1789592717096665e-06
R3_GLYRS_HIGH,183,252.3539170434766,MetRS_AMP_MettRNAfMetCAU,-3.1192321293642823e-12,-3.087554525425754e-12,5.295583492591127e-06,5.2955803733589976e-06,0.0024810126999107018
R3_GLYRS_HIGH,183,252.3539170434766,MetRS_ATP,3.341703059015974e-11,2.2544149679782948e-11,0.00018800052755843323,0.00018800056097546382,0.34328914655111564
R3_GLYRS_HIGH,183,252.3539170434766,MetRS_ATP_tRNAfMetCAU,-1.9375562208992092e-14,-1.1528416886219436e-14,9.101961827982653e-08,9.101959890426432e-08,0.023123649604484205
R3_GLYRS_HIGH,183,252.3539170434766,MetRS_Met,9.63157077558301e-12,1.0178584541510456e-11,4.6519501444977365e-05,4.651951107654814e-05,0.01588100179364712
R3_GLYRS_HIGH,183,252.3539170434766,MetRS_MetAMP_PPi,7.896900825312206e-12,9.227052826473402e-12,3.5479794573545066e-05,3.547980247044589e-05,0.010584951240033133
R3_GLYRS_HIGH,183,252.3539170434766,MetRS_MetAMP_PPi_tRNAfMetCAU,-1.1915224526010851e-14,-4.452407260880135e-15,6.258842603291411e-08,6.258841411768959e-08,0.016716388946591373
R3_GLYRS_HIGH,183,252.3539170434766,MetRS_MetAMP_tRNAfMetCAU,-1.9238414198296735e-10,-1.9042553180695452e-10,0.00038719025905601073,0.00038719006667186875,0.18139623472764435
R3_GLYRS_HIGH,183,252.3539170434766,MetRS_Met_ATP,1.4185986120605204e-10,1.5021214140439338e-10,0.0006799589024686429,0.0006799590443285041,0.23721658513976285
R3_GLYRS_HIGH,183,252.3539170434766,MetRS_Met_ATP_tRNAfMetCAU,-4.764058937740224e-14,-1.5039506576107544e-14,3.3409018745580456e-07,3.340901398152152e-07,0.09002882283952873
R3_GLYRS_HIGH,183,252.3539170434766,MetRS_Met_tRNAfMetCAU,-3.312142153830748e-15,-1.0750496345390631e-15,2.292664358770783e-08,2.2926640275565677e-08,0.006048956951277485
R3_GLYRS_HIGH,183,252.3539170434766,MetRS_tRNAfMetCAU,-1.3325021526246395e-15,-7.989592468412871e-16,6.218759973908321e-09,6.2187586414061685e-09,0.0015462384879236899
R3_GLYRS_HIGH,184,273.6439997074672,MetRS_AMP,-4.4716233753062146e-15,-4.4262750523658245e-15,8.93814607465583e-09,8.938141603032455e-09,4.1789592717096665e-06
R3_GLYRS_HIGH,184,273.6439997074672,MetRS_AMP_MettRNAfMetCAU,-2.2942439175996213e-12,-2.270940189873328e-12,5.304538745369958e-06,5.30453645112604e-06,0.0024810126999107018
R3_GLYRS_HIGH,184,273.6439997074672,MetRS_ATP,2.2039228975883132e-11,1.416507489290111e-11,0.00018842320915222295,0.00018842323119145192,0.34328914655111564
R3_GLYRS_HIGH,184,273.6439997074672,MetRS_ATP_tRNAfMetCAU,-1.7498712692515322e-14,-1.1801920470372278e-14,9.142651449920417e-08,9.142649700049148e-08,0.023123649604484205
R3_GLYRS_HIGH,184,273.6439997074672,MetRS_Met,7.225183816582208e-12,7.620710696670963e-12,4.6572964981935674e-05,4.657297220711949e-05,0.01588100179364712
R3_GLYRS_HIGH,184,273.6439997074672,MetRS_MetAMP_PPi,6.1668965696841035e-12,7.127436801772913e-12,3.546615931386388e-05,3.546616548076045e-05,0.010584951240033133
R3_GLYRS_HIGH,184,273.6439997074672,MetRS_MetAMP_PPi_tRNAfMetCAU,-9.324275135089185e-15,-3.921354664822185e-15,6.268930416410356e-08,6.268929483982842e-08,0.016716388946591373
R3_GLYRS_HIGH,184,273.6439997074672,MetRS_MetAMP_tRNAfMetCAU,-1.4150188166377545e-10,-1.4006108523783617e-10,0.0003878450285725996,0.0003878448870707179,0.18139623472764435
R3_GLYRS_HIGH,184,273.6439997074672,MetRS_Met_ATP,1.0655342623858144e-10,1.125833586105543e-10,0.0006796974213405165,0.0006796975278939427,0.23721658513976285
R3_GLYRS_HIGH,184,273.6439997074672,MetRS_Met_ATP_tRNAfMetCAU,-3.9868525067455476e-14,-1.626569400099514e-14,3.3463617338289905e-07,3.34636133514374e-07,0.09002882283952873
R3_GLYRS_HIGH,184,273.6439997074672,MetRS_Met_tRNAfMetCAU,-2.7826175580171988e-15,-1.1604914950460448e-15,2.2999488996440447e-08,2.299948621382289e-08,0.006048956951277485
R3_GLYRS_HIGH,184,273.6439997074672,MetRS_tRNAfMetCAU,-1.206597512711729e-15,-8.186650672811912e-16,6.25613361524421e-09,6.2561324086466975e-09,0.0015462384879236899
R3_GLYRS_HIGH,185,296.73024081888667,MetRS_AMP,-3.2205317702959632e-15,-3.1878528476381065e-15,8.95006423147726e-09,8.950061010945489e-09,4.1789592717096665e-06
R3_GLYRS_HIGH,185,296.73024081888667,MetRS_AMP_MettRNAfMetCAU,-1.6523538341010609e-12,-1.635561393378522e-12,5.311611837223586e-06,5.311610184869752e-06,0.0024810126999107018
R3_GLYRS_HIGH,185,296.73024081888667,MetRS_ATP,1.3140689816663886e-11,7.604183225848077e-12,0.00018886984465408334,0.00018886985779477316,0.34328914655111564
R3_GLYRS_HIGH,185,296.73024081888667,MetRS_ATP_tRNAfMetCAU,-1.605260233931161e-14,-1.2039478525733458e-14,9.181740616618258e-08,9.181739011358024e-08,0.023123649604484205
R3_GLYRS_HIGH,185,296.73024081888667,MetRS_Met,5.353530891706072e-12,5.630658673626e-12,4.662651376659169e-05,4.6626519120122584e-05,0.01588100179364712
R3_GLYRS_HIGH,185,296.73024081888667,MetRS_MetAMP_PPi,4.824754955095028e-12,5.497516089450586e-12,3.544873828771697e-05,3.5448743112471924e-05,0.010584951240033133
R3_GLYRS_HIGH,185,296.73024081888667,MetRS_MetAMP_PPi_tRNAfMetCAU,-7.303588359800761e-15,-3.5087149183132877e-15,6.276259713753414e-08,6.276258983394578e-08,0.016716388946591373
R3_GLYRS_HIGH,185,296.73024081888667,MetRS_MetAMP_tRNAfMetCAU,-1.0191242999241928e-10,-1.0087426799056778e-10,0.0003883621825879608,0.0003883620806755308,0.18139623472764435
R3_GLYRS_HIGH,185,296.73024081888667,MetRS_Met_ATP,7.912943770279485e-11,8.334763036892744e-11,0.000679363408552083,0.0006793634876815207,0.23721658513976285
R3_GLYRS_HIGH,185,296.73024081888667,MetRS_Met_ATP_tRNAfMetCAU,-3.381180491374573e-14,-1.723409791998687e-14,3.350355744353444e-07,3.350355406235395e-07,0.09002882283952873
R3_GLYRS_HIGH,185,296.73024081888667,MetRS_Met_tRNAfMetCAU,-2.3697811640033005e-15,-1.2285850620695251e-15,2.306490233427216e-08,2.3064899964490995e-08,0.006048956951277485
R3_GLYRS_HIGH,185,296.73024081888667,MetRS_tRNAfMetCAU,-1.1098197732493563e-15,-8.360893035387287e-16,6.2931854695389284e-09,6.293184359719155e-09,0.0015462384879236899
R3_GLYRS_HIGH,186,321.76417502507354,MetRS_AMP,-2.2590386140239503e-15,-2.236093044193322e-15,8.959260146066096e-09,8.959257887027482e-09,4.1789592717096665e-06
R3_GLYRS_HIGH,186,321.76417502507354,MetRS_AMP_MettRNAfMetCAU,-1.1590459198486326e-12,-1.1472560173307576e-12,5.317069355022185e-06,5.317068195976265e-06,0.0024810126999107018
R3_GLYRS_HIGH,186,321.76417502507354,MetRS_ATP,6.254631144606004e-12,2.518861996058438e-12,0.00018934473806535445,0.0001893447443199856,0.34328914655111564
R3_GLYRS_HIGH,186,321.76417502507354,MetRS_ATP_tRNAfMetCAU,-1.4955097673208153e-14,-1.2244121885451675e-14,9.219924509772396e-08,9.219923014262628e-08,0.023123649604484205
R3_GLYRS_HIGH,186,321.76417502507354,MetRS_Met,3.916317045508412e-12,4.101976726201489e-12,4.668056842217224e-05,4.6680572338489285e-05,0.01588100179364712
R3_GLYRS_HIGH,186,321.76417502507354,MetRS_MetAMP_PPi,3.797421524367323e-12,4.248818123481311e-12,3.5427591833332665e-05,3.542759563075419e-05,0.010584951240033133
R3_GLYRS_HIGH,186,321.76417502507354,MetRS_MetAMP_PPi_tRNAfMetCAU,-5.743617032030487e-15,-3.188152961386014e-15,6.281171029625515e-08,6.281170455263812e-08,0.016716388946591373
R3_GLYRS_HIGH,186,321.76417502507354,MetRS_MetAMP_tRNAfMetCAU,-7.148696077371314e-11,-7.075815015489727e-11,0.00038876121278600377,0.000388761141299043,0.18139623472764435
R3_GLYRS_HIGH,186,321.76417502507354,MetRS_Met_ATP,5.810060364676989e-11,6.09220790780176e-11,0.0006789580165842452,0.0006789580746848488,0.23721658513976285
R3_GLYRS_HIGH,186,321.76417502507354,MetRS_Met_ATP_tRNAfMetCAU,-2.9135759316670126e-14,-1.797331273467696e-14,3.353066178705402e-07,3.3530658873478087e-07,0.09002882283952873
R3_GLYRS_HIGH,186,321.76417502507354,MetRS_Met_tRNAfMetCAU,-2.05101225879219e-15,-1.2812423795925376e-15,2.3124285807696923e-08,2.3124283756684664e-08,0.006048956951277485
R3_GLYRS_HIGH,186,321.76417502507354,MetRS_tRNAfMetCAU,-1.0366725341340657e-15,-8.514339019919535e-16,6.330446837782903e-09,6.3304458011103685e-09,0.0015462384879236899
R3_GLYRS_HIGH,187,348.9101213406774,MetRS_AMP,-1.5300173922909712e-15,-1.5144484812277992e-15,8.966145213045724e-09,8.966143683028332e-09,4.1789592717096665e-06
R3_GLYRS_HIGH,187,348.9101213406774,MetRS_AMP_MettRNAfMetCAU,-7.850108849974933e-13,-7.770123297393457e-13,5.32115544970589e-06,5.321154664695005e-06,0.0024810126999107018
R3_GLYRS_HIGH,187,348.9101213406774,MetRS_ATP,9.840410008111339e-13,-1.3824117121449498e-12,0.00018985237784689693,0.00018985237883093793,0.34328914655111564
R3_GLYRS_HIGH,187,348.9101213406774,MetRS_ATP_tRNAfMetCAU,-1.4137606627880792e-14,-1.2420547628604355e-14,9.257876344926701e-08,9.257874931166039e-08,0.023123649604484205
R3_GLYRS_HIGH,187,348.9101213406774,MetRS_Met,2.82834245932638e-12,2.9442101655372224e-12,4.6735505055132196e-05,4.6735507883474655e-05,0.01588100179364712
R3_GLYRS_HIGH,187,348.9101213406774,MetRS_MetAMP_PPi,3.0229072215770363e-12,3.3062481656335012e-12,3.540273801383296e-05,3.540274103674018e-05,0.010584951240033133
R3_GLYRS_HIGH,187,348.9101213406774,MetRS_MetAMP_PPi_tRNAfMetCAU,-4.551937575255183e-15,-2.93871949734782e-15,6.283972705549587e-08,6.283972250355829e-08,0.016716388946591373
R3_GLYRS_HIGH,187,348.9101213406774,MetRS_MetAMP_tRNAfMetCAU,-4.841780199427853e-11,-4.7923446876060705e-11,0.0003890599704320391,0.0003890599220142371,0.18139623472764435
R3_GLYRS_HIGH,187,348.9101213406774,MetRS_Met_ATP,4.220479553947859e-11,4.39631153745216e-11,0.0006784815879889925,0.0006784816301937881,0.23721658513976285
R3_GLYRS_HIGH,187,348.9101213406774,MetRS_Met_ATP_tRNAfMetCAU,-2.5560105550438255e-14,-1.8515089140006945e-14,3.3546581811920236e-07,3.354657925590968e-07,0.09002882283952873
R3_GLYRS_HIGH,187,348.9101213406774,MetRS_Met_tRNAfMetCAU,-1.8073424262677234e-15,-1.3205962939814836e-15,2.3178933837226358e-08,2.317893202988393e-08,0.006048956951277485
R3_GLYRS_HIGH,187,348.9101213406774,MetRS_tRNAfMetCAU,-9.825626789728513e-16,-8.650161427173398e-16,6.36843960142098e-09,6.368438618858301e-09,0.0015462384879236899
R3_GLYRS_HIGH,188,378.3462617131925,MetRS_AMP,-9.856294411677243e-16,-9.75568001244437e-16,8.971091527090406e-09,8.971090541460965e-09,4.1789592717096665e-06
R3_GLYRS_HIGH,188,378.3462617131925,MetRS_AMP_MettRNAfMetCAU,-5.057043879721948e-13,-5.005366232261008e-13,5.32409094889696e-06,5.324090443192572e-06,0.0024810126999107018
R3_GLYRS_HIGH,188,378.3462617131925,MetRS_ATP,-3.0042205160195345e-12,-4.344318946631149e-12,0.00019039746591457764,0.00019039746291035713,0.34328914655111564
R3_GLYRS_HIGH,188,378.3462617131925,MetRS_ATP_tRNAfMetCAU,-1.3543482525023134e-14,-1.2574144653530274e-14,9.296247447701589e-08,9.296246093353336e-08,0.023123649604484205
R3_GLYRS_HIGH,188,378.3462617131925,MetRS_Met,2.0182255321718294e-12,2.08157688613308e-12,4.6791643885295396e-05,4.679164590352093e-05,0.01588100179364712
R3_GLYRS_HIGH,188,378.3462617131925,MetRS_MetAMP_PPi,2.4493372892506367e-12,2.6069635814468345e-12,3.5374149407740415e-05,3.5374151857077704e-05,0.010584951240033133
R3_GLYRS_HIGH,188,378.3462617131925,MetRS_MetAMP_PPi_tRNAfMetCAU,-3.651515969281877e-15,-2.743775830856502e-15,6.284939069345658e-08,6.284938704194061e-08,0.016716388946591373
R3_GLYRS_HIGH,188,378.3462617131925,MetRS_MetAMP_tRNAfMetCAU,-3.119114379756746e-11,-3.087185373936138e-11,0.00038927460149080665,0.00038927457029966285,0.18139623472764435
R3_GLYRS_HIGH,188,378.3462617131925,MetRS_Met_ATP,3.038570371878546e-11,3.1346283713612456e-11,0.000677933593893345,0.0006779336242790487,0.23721658513976285
R3_GLYRS_HIGH,188,378.3462617131925,MetRS_Met_ATP_tRNAfMetCAU,-2.2852540276463532e-14,-1.889080905034674e-14,3.3552787997117756e-07,3.355278571186373e-07,0.09002882283952873
R3_GLYRS_HIGH,188,378.3462617131925,MetRS_Met_tRNAfMetCAU,-1.6230316799962706e-15,-1.3487597174122233e-15,2.32300229540672e-08,2.323002133103552e-08,0.006048956951277485
R3_GLYRS_HIGH,188,378.3462617131925,MetRS_tRNAfMetCAU,-9.436955671636435e-16,-8.772026174229608e-16,6.407675864579835e-09,6.407674920884268e-09,0.0015462384879236899
R3_GLYRS_HIGH,189,410.26581058271904,MetRS_AMP,-5.862548061269181e-16,-5.802311030822631e-16,8.97443178176093e-09,8.974431195506125e-09,4.1789592717096665e-06
R3_GLYRS_HIGH,189,410.26581058271904,MetRS_AMP_MettRNAfMetCAU,-3.007991161111268e-13,-2.9770664440350917e-13,5.326073296830016e-06,5.3260729960309e-06,0.0024810126999107018
R3_GLYRS_HIGH,189,410.26581058271904,MetRS_ATP,-5.98668502467016e-12,-6.5700972692836505e-12,0.00019098495524949208,0.00019098494926280706,0.34328914655111564
R3_GLYRS_HIGH,189,410.26581058271904,MetRS_ATP_tRNAfMetCAU,-1.3126354307709727e-14,-1.2710395078123616e-14,9.335669330796608e-08,9.335668018161178e-08,0.023123649604484205
R3_GLYRS_HIGH,189,410.26581058271904,MetRS_Met,1.4268387903484947e-12,1.4512796088508085e-12,4.684923617151056e-05,4.684923759834935e-05,0.01588100179364712
R3_GLYRS_HIGH,189,410.26581058271904,MetRS_MetAMP_PPi,2.0337966472614225e-12,2.0989516384908414e-12,3.534175039021075e-05,3.53417524240074e-05,0.010584951240033133
R3_GLYRS_HIGH,189,410.26581058271904,MetRS_MetAMP_PPi_tRNAfMetCAU,-2.9787570069004946e-15,-2.5901045890028266e-15,6.284309764062393e-08,6.284309466186693e-08,0.016716388946591373
R3_GLYRS_HIGH,189,410.26581058271904,MetRS_MetAMP_tRNAfMetCAU,-1.8553292203352806e-11,-1.8362338034687658e-11,0.00038941954223443634,0.00038941952368114414,0.18139623472764435
R3_GLYRS_HIGH,189,410.26581058271904,MetRS_Met_ATP,2.1769314215852598e-11,2.2140831731248786e-11,0.0006773125818959032,0.0006773126036652174,0.23721658513976285
R3_GLYRS_HIGH,189,410.26581058271904,MetRS_Met_ATP_tRNAfMetCAU,-2.0822113098737717e-14,-1.9129480399947116e-14,3.355056631439714e-07,3.355056423218583e-07,0.09002882283952873
R3_GLYRS_HIGH,189,410.26581058271904,MetRS_Met_tRNAfMetCAU,-1.4851223051653598e-15,-1.3676878956118373e-15,2.327860469413249e-08,2.3278603209010186e-08,0.006048956951277485
R3_GLYRS_HIGH,189,410.26581058271904,MetRS_tRNAfMetCAU,-9.169633272894866e-16,-8.883684872012276e-16,6.4486587021125125e-09,6.448657785149185e-09,0.0015462384879236899
R3_GLYRS_HIGH,190,444.87828311275854,MetRS_AMP,-2.993245707295349e-16,-2.962007437165102e-16,8.97645982723912e-09,8.97645952791455e-09,4.1789592717096665e-06
R3_GLYRS_HIGH,190,444.87828311275854,MetRS_AMP_MettRNAfMetCAU,-1.5358501773019223e-13,-1.5198302553741883e-13,5.32727688532602e-06,5.327276731741002e-06,0.0024810126999107018
R3_GLYRS_HIGH,190,444.87828311275854,MetRS_ATP,-8.19136812958525e-12,-8.227400215567895e-12,0.00019162009473738535,0.00019162008654601722,0.34328914655111564
R3_GLYRS_HIGH,190,444.87828311275854,MetRS_ATP_tRNAfMetCAU,-1.2848471173319324e-14,-1.2834529601111536e-14,9.376756953840783e-08,9.376755668993666e-08,0.023123649604484205
R3_GLYRS_HIGH,190,444.87828311275854,MetRS_Met,1.0055619328202571e-12,1.0016820741467842e-12,4.69084485148171e-05,4.6908449520379035e-05,0.01588100179364712
R3_GLYRS_HIGH,190,444.87828311275854,MetRS_MetAMP_PPi,1.7410464752841068e-12,1.7395021998073845e-12,3.5305414459422574e-05,3.530541620046905e-05,0.010584951240033133
R3_GLYRS_HIGH,190,444.87828311275854,MetRS_MetAMP_PPi_tRNAfMetCAU,-2.4814746044188947e-15,-2.467170343964181e-15,6.282289617535171e-08,6.282289369387711e-08,0.016716388946591373
R3_GLYRS_HIGH,190,444.87828311275854,MetRS_MetAMP_tRNAfMetCAU,-9.473621485813627e-12,-9.37483955225117e-12,0.0003895075434418438,0.0003895075339682223,0.18139623472764435
R3_GLYRS_HIGH,190,444.87828311275854,MetRS_Met_ATP,1.5637811033065996e-11,1.5582381204636652e-11,0.0006766161248227947,0.0006766161404606057,0.23721658513976285
R3_GLYRS_HIGH,190,444.87828311275854,MetRS_Met_ATP_tRNAfMetCAU,-1.9312569361321525e-14,-1.92567294262103e-14,3.3541017571816716e-07,3.354101564055978e-07,0.09002882283952873
R3_GLYRS_HIGH,190,444.87828311275854,MetRS_Met_tRNAfMetCAU,-1.3829915292345767e-15,-1.3791083588183405e-15,2.332559909941359e-08,2.3325597716422062e-08,0.006048956951277485
R3_GLYRS_HIGH,190,444.87828311275854,MetRS_tRNAfMetCAU,-8.99834520323811e-16,-8.988738391552138e-16,6.491883410975364e-09,6.491882511140843e-09,0.0015462384879236899
R3_GLYRS_HIGH,191,482.41087041653736,MetRS_AMP,-9.823946686642744e-17,-9.714792422969889e-17,8.977431372323983e-09,8.977431274084516e-09,4.1789592717096665e-06
R3_GLYRS_HIGH,191,482.41087041653736,MetRS_AMP_MettRNAfMetCAU,-5.041490720036771e-14,-4.985754313420802e-14,5.32785347038831e-06,5.327853419973403e-06,0.0024810126999107018
R3_GLYRS_HIGH,191,482.41087041653736,MetRS_ATP,-9.805207725399265e-12,-9.453792606967861e-12,0.0001923084806416937,0.00019230847083648599,0.34328914655111564
R3_GLYRS_HIGH,191,482.41087041653736,MetRS_ATP_tRNAfMetCAU,-1.2679285156541885e-14,-1.2951364606596982e-14,9.420112604712096e-08,9.420111336783581e-08,0.023123649604484205
R3_GLYRS_HIGH,191,482.41087041653736,MetRS_Met,7.146817927500444e-13,6.905958383049597e-13,4.696934370956994e-05,4.696934442425173e-05,0.01588100179364712
R3_GLYRS_HIGH,191,482.41087041653736,MetRS_MetAMP_PPi,1.5423523528766865e-12,1.4937753613270493e-12,3.526496128484111e-05,3.526496282719346e-05,0.010584951240033133
R3_GLYRS_HIGH,191,482.41087041653736,MetRS_MetAMP_PPi_tRNAfMetCAU,-2.117076835050028e-15,-2.3665446591842827e-15,6.27904862174772e-08,6.279048410040037e-08,0.016716388946591373
R3_GLYRS_HIGH,191,482.41087041653736,MetRS_MetAMP_tRNAfMetCAU,-3.1104184440751415e-12,-3.0762424810630914e-12,0.00038954970085844045,0.000389549697748022,0.18139623472764435
R3_GLYRS_HIGH,191,482.41087041653736,MetRS_Met_ATP,1.140572000995349e-11,1.1047316454771477e-11,0.0006758407641516041,0.0006758407755573241,0.23721658513976285
R3_GLYRS_HIGH,191,482.41087041653736,MetRS_Met_ATP_tRNAfMetCAU,-1.8196622035099265e-14,-1.9294467856488915e-14,3.35250573442515e-07,3.3525055524589297e-07,0.09002882283952873
R3_GLYRS_HIGH,191,482.41087041653736,MetRS_Met_tRNAfMetCAU,-1.3079654767436862e-15,-1.3844967688714e-15,2.337178703353614e-08,2.3371785725570663e-08,0.006048956951277485
R3_GLYRS_HIGH,191,482.41087041653736,MetRS_tRNAfMetCAU,-8.902593124721912e-16,-9.090523009724559e-16,6.5378388181682465e-09,6.537837927908934e-09,0.0015462384879236899
R3_GLYRS_HIGH,192,523.1099308056258,MetRS_AMP,3.8565656588310835e-17,3.8275704176860247e-17,8.97756466285465e-09,8.977564701420307e-09,4.1789592717096665e-06
R3_GLYRS_HIGH,192,523.1099308056258,MetRS_AMP_MettRNAfMetCAU,1.9775391922409978e-14,1.962268282156716e-14,5.327932574814973e-06,5.327932594590365e-06,0.0024810126999107018
R3_GLYRS_HIGH,192,523.1099308056258,MetRS_ATP,-1.0980504130736132e-11,-1.0361490429709624e-11,0.00019305611536221852,0.0001930561043817144,0.34328914655111564
R3_GLYRS_HIGH,192,523.1099308056258,MetRS_ATP_tRNAfMetCAU,-1.2594269121370461e-14,-1.3065248061501635e-14,9.466330258984617e-08,9.466328999557704e-08,0.023123649604484205
R3_GLYRS_HIGH,192,523.1099308056258,MetRS_Met,5.220062392324171e-13,4.838025907581562e-13,4.703185747068018e-05,4.703185799268642e-05,0.01588100179364712
R3_GLYRS_HIGH,192,523.1099308056258,MetRS_MetAMP_PPi,1.4144686127665757e-12,1.333566183490559e-12,3.5220153351108265e-05,3.522015476557688e-05,0.010584951240033133
R3_GLYRS_HIGH,192,523.1099308056258,MetRS_MetAMP_PPi_tRNAfMetCAU,-1.85101859824065e-15,-2.281471295600418e-15,6.274721873089164e-08,6.274721687987304e-08,0.016716388946591373
R3_GLYRS_HIGH,192,523.1099308056258,MetRS_MetAMP_tRNAfMetCAU,1.218705583498625e-12,1.2089692101731173e-12,0.00038955548463341807,0.00038955548585212365,0.18139623472764435
R3_GLYRS_HIGH,192,523.1099308056258,MetRS_Met_ATP,8.599242737154789e-12,8.030699444972923e-12,0.0006749819456852315,0.0006749819542844742,0.23721658513976285
R3_GLYRS_HIGH,192,523.1099308056258,MetRS_Met_ATP_tRNAfMetCAU,-1.7371128818056286e-14,-1.9260925537950955e-14,3.3503415695751595e-07,3.3503413958638713e-07,0.09002882283952873
R3_GLYRS_HIGH,192,523.1099308056258,MetRS_Met_tRNAfMetCAU,-1.2529944446739234e-15,-1.3850776093685352e-15,2.34178004899002e-08,2.3417799236905755e-08,0.006048956951277485
R3_GLYRS_HIGH,192,523.1099308056258,MetRS_tRNAfMetCAU,-8.865905067208062e-16,-9.192069859598754e-16,6.587008460901695e-09,6.5870075743111885e-09,0.0015462384879236899
R3_GLYRS_HIGH,193,567.2426068491977,MetRS_AMP,1.2838215172662516e-16,1.271850125505666e-16,8.977041308623751e-09,8.977041437005903e-09,4.1789592717096665e-06
R3_GLYRS_HIGH,193,567.2426068491977,MetRS_AMP_MettRNAfMetCAU,6.585759176636627e-14,6.523852729308908e-14,5.327621978941265e-06,5.327622044798857e-06,0.0024810126999107018
R3_GLYRS_HIGH,193,567.2426068491977,MetRS_ATP,-1.184021367821135e-11,-1.104117403723065e-11,0.00019386947544124963,0.00019386946360103595,0.34328914655111564
R3_GLYRS_HIGH,193,567.2426068491977,MetRS_ATP_tRNAfMetCAU,-1.257399530836859e-14,-1.3180065199475508e-14,9.516000700380475e-08,9.515999442980944e-08,0.023123649604484205
R3_GLYRS_HIGH,193,567.2426068491977,MetRS_Met,4.017185211866933e-13,3.538662431158093e-13,4.709577050561324e-05,4.709577090733176e-05,0.01588100179364712
R3_GLYRS_HIGH,193,567.2426068491977,MetRS_MetAMP_PPi,1.338795820894894e-12,1.2363093232236567e-12,3.517069226390868e-05,3.5170693602704504e-05,0.010584951240033133
R3_GLYRS_HIGH,193,567.2426068491977,MetRS_MetAMP_PPi_tRNAfMetCAU,-1.655570960208302e-15,-2.2065471857744185e-15,6.269409600576932e-08,6.269409435019836e-08,0.016716388946591373
R3_GLYRS_HIGH,193,567.2426068491977,MetRS_MetAMP_tRNAfMetCAU,4.060936211868621e-12,4.022353899649729e-12,0.0003895327752007218,0.000389532779261658,0.18139623472764435
R3_GLYRS_HIGH,193,567.2426068491977,MetRS_Met_ATP,6.839147304038562e-12,6.128467924699685e-12,0.0006740339487459483,0.0006740339555850956,0.23721658513976285
R3_GLYRS_HIGH,193,567.2426068491977,MetRS_Met_ATP_tRNAfMetCAU,-1.6753307856768446e-14,-1.9170845397857382e-14,3.3476637371930234e-07,3.347663569659945e-07,0.09002882283952873
R3_GLYRS_HIGH,193,567.2426068491977,MetRS_Met_tRNAfMetCAU,-1.2123977106115764e-15,-1.3818358016440218e-15,2.3464111029778217e-08,2.3464109817380507e-08,0.006048956951277485
R3_GLYRS_HIGH,193,567.2426068491977,MetRS_tRNAfMetCAU,-8.875218384714664e-16,-9.2961042984676e-16,6.639871721872855e-09,6.639870834351016e-09,0.0015462384879236899
R3_GLYRS_HIGH,194,615.0985788580505,MetRS_AMP,1.8482464546189114e-16,1.8305841753693723e-16,8.976007636795073e-09,8.976007821619718e-09,4.1789592717096665e-06
R3_GLYRS_HIGH,194,615.0985788580505,MetRS_AMP_MettRNAfMetCAU,9.481674868400082e-14,9.390516448262268e-14,5.327008523851117e-06,5.327008618667866e-06,0.0024810126999107018
R3_GLYRS_HIGH,194,615.0985788580505,MetRS_ATP,-1.2481924700638927e-11,-1.1564996393351423e-11,0.00019475559180419345,0.00019475557932226875,0.34328914655111564
R3_GLYRS_HIGH,194,615.0985788580505,MetRS_ATP_tRNAfMetCAU,-1.2603445743972116e-14,-1.3299303975772859e-14,9.569717971264056e-08,9.569716710919481e-08,0.023123649604484205
R3_GLYRS_HIGH,194,615.0985788580505,MetRS_Met,3.335189316020469e-13,2.7918563219919626e-13,4.716067547132742e-05,4.716067580484635e-05,0.01588100179364712
R3_GLYRS_HIGH,194,615.0985788580505,MetRS_MetAMP_PPi,1.3007468163011605e-12,1.1842796941718446e-12,3.511621490415721e-05,3.5116216204904024e-05,0.010584951240033133
R3_GLYRS_HIGH,194,615.0985788580505,MetRS_MetAMP_PPi_tRNAfMetCAU,-1.5088545040600328e-15,-2.137509002673487e-15,6.26317757680207e-08,6.26317742591662e-08,0.016716388946591373
R3_GLYRS_HIGH,194,615.0985788580505,MetRS_MetAMP_tRNAfMetCAU,5.847076945883489e-12,5.790403431853578e-12,0.00038948792200641695,0.0003894879278534939,0.18139623472764435
R3_GLYRS_HIGH,194,615.0985788580505,MetRS_Met_ATP,5.827859137115532e-12,5.023169480557254e-12,0.0006729898124579391,0.0006729898182857982,0.23721658513976285
R3_GLYRS_HIGH,194,615.0985788580505,MetRS_Met_ATP_tRNAfMetCAU,-1.6277810029959483e-14,-1.9035847496837147e-14,3.3445084036234053e-07,3.344508240845305e-07,0.09002882283952873
R3_GLYRS_HIGH,194,615.0985788580505,MetRS_Met_tRNAfMetCAU,-1.181667983942456e-15,-1.3755399133169024e-15,2.3511017075802378e-08,2.3511015894134394e-08,0.006048956951277485
R3_GLYRS_HIGH,194,615.0985788580505,MetRS_tRNAfMetCAU,-8.920422051567788e-16,-9.405085535504772e-16,6.696905176888804e-09,6.696904284846599e-09,0.0015462384879236899
R3_GLYRS_HIGH,195,666.9919663030115,MetRS_AMP,2.1834379886446906e-16,2.162402274376499e-16,8.974576947032065e-09,8.974577165375864e-09,4.1789592717096665e-06
R3_GLYRS_HIGH,195,666.9919663030115,MetRS_AMP_MettRNAfMetCAU,1.1201479298967015e-13,1.1092979841022029e-13,5.326159449730984e-06,5.326159561745777e-06,0.0024810126999107018
R3_GLYRS_HIGH,195,666.9919663030115,MetRS_ATP,-1.2981419108062942e-11,-1.1989108494319248e-11,0.00019572214573758637,0.00019572213275616726,0.34328914655111564
R3_GLYRS_HIGH,195,666.9919663030115,MetRS_ATP_tRNAfMetCAU,-1.2671483811044105e-14,-1.3426145603136027e-14,9.628087775762554e-08,9.628086508614173e-08,0.023123649604484205
R3_GLYRS_HIGH,195,666.9919663030115,MetRS_Met,3.0184517808406336e-13,2.4320051893011223e-13,4.722593836659226e-05,4.722593866843744e-05,0.01588100179364712
R3_GLYRS_HIGH,195,666.9919663030115,MetRS_MetAMP_PPi,1.289166981445402e-12,1.1639202102474992e-12,3.505628962135187e-05,3.505629091051885e-05,0.010584951240033133
R3_GLYRS_HIGH,195,666.9919663030115,MetRS_MetAMP_PPi_tRNAfMetCAU,-1.394051443567668e-15,-2.0710703119906403e-15,6.256058205648101e-08,6.256058066242957e-08,0.016716388946591373
R3_GLYRS_HIGH,195,666.9919663030115,MetRS_MetAMP_tRNAfMetCAU,6.907837800038119e-12,6.840438514023253e-12,0.0003894258413633589,0.0003894258482711967,0.18139623472764435
R3_GLYRS_HIGH,195,666.9919663030115,MetRS_Met_ATP,5.337713561079371e-12,4.4719478648679415e-12,0.0006718412627728152,0.0006718412681105287,0.23721658513976285
R3_GLYRS_HIGH,195,666.9919663030115,MetRS_Met_ATP_tRNAfMetCAU,-1.5894402631027633e-14,-1.886483328265366e-14,3.3408940121110384e-07,3.340893853167012e-07,0.09002882283952873
R3_GLYRS_HIGH,195,666.9919663030115,MetRS_Met_tRNAfMetCAU,-1.1573170043187565e-15,-1.3667681396391613e-15,2.3558630806011195e-08,2.355862964869419e-08,0.006048956951277485
R3_GLYRS_HIGH,195,666.9919663030115,MetRS_tRNAfMetCAU,-8.994006657468882e-16,-9.521262791108493e-16,6.758584435757212e-09,6.758583536356547e-09,0.0015462384879236899
R3_GLYRS_HIGH,196,723.2633896483534,MetRS_AMP,2.366916442327405e-16,2.3440357489387333e-16,8.97283285149489e-09,8.972833088186534e-09,4.1789592717096665e-06
R3_GLYRS_HIGH,196,723.2633896483534,MetRS_AMP_MettRNAfMetCAU,1.2142905936676513e-13,1.2024917194798566e-13,5.325124378064005e-06,5.325124499493065e-06,0.0024810126999107018
R3_GLYRS_HIGH,196,723.2633896483534,MetRS_ATP,-1.3395771660982755e-11,-1.235596326093877e-11,0.00019677758416564774,0.00019677757076987608,0.34328914655111564
R3_GLYRS_HIGH,196,723.2633896483534,MetRS_ATP_tRNAfMetCAU,-1.2770403521467794e-14,-1.3563602599013306e-14,9.691738295683572e-08,9.69173701864322e-08,0.023123649604484205
R3_GLYRS_HIGH,196,723.2633896483534,MetRS_Met,2.95193225061368e-13,2.336585894759164e-13,4.729065397462132e-05,4.7290654269814544e-05,0.01588100179364712
R3_GLYRS_HIGH,196,723.2633896483534,MetRS_MetAMP_PPi,1.2958294173478525e-12,1.1652197313729486e-12,3.49904125560117e-05,3.499041385184112e-05,0.010584951240033133
R3_GLYRS_HIGH,196,723.2633896483534,MetRS_MetAMP_PPi_tRNAfMetCAU,-1.2986917596817296e-15,-2.0048052016851824e-15,6.248052428406094e-08,6.248052298536918e-08,0.016716388946591373
R3_GLYRS_HIGH,196,723.2633896483534,MetRS_MetAMP_tRNAfMetCAU,7.488530032618429e-12,7.415256970483645e-12,0.0003893501613806934,0.00038935016886922346,0.18139623472764435
R3_GLYRS_HIGH,196,723.2633896483534,MetRS_Met_ATP,5.200705751468027e-12,4.2954491256106836e-12,0.0006705786419598716,0.0006705786471605773,0.23721658513976285
R3_GLYRS_HIGH,196,723.2633896483534,MetRS_Met_ATP_tRNAfMetCAU,-1.556590308411036e-14,-1.8664527925975724e-14,3.3368223052610804e-07,3.3368221496020496e-07,0.09002882283952873
R3_GLYRS_HIGH,196,723.2633896483534,MetRS_Met_tRNAfMetCAU,-1.1367393182470585e-15,-1.3559441614635152e-15,2.360686494558227e-08,2.3606863808842952e-08,0.006048956951277485
R3_GLYRS_HIGH,196,723.2633896483534,MetRS_tRNAfMetCAU,-9.090768905492743e-16,-9.646763966824419e-16,6.825386652241768e-09,6.825385743164877e-09,0.0015462384879236899
R3_GLYRS_HIGH,197,784.2822061337682,MetRS_AMP,2.453822882983533e-16,2.430076126383618e-16,8.97083359201375e-09,8.970833837396038e-09,4.1789592717096665e-06
R3_GLYRS_HIGH,197,784.2822061337682,MetRS_AMP_MettRNAfMetCAU,1.2588858195494062e-13,1.2466413325603792e-13,5.323937873751507e-06,5.323937999640089e-06,0.0024810126999107018
R3_GLYRS_HIGH,197,784.2822061337682,MetRS_ATP,-1.3766479113348079e-11,-1.269659837090466e-11,0.00019793125764648684,0.00019793124388000773,0.34328914655111564
R3_GLYRS_HIGH,197,784.2822061337682,MetRS_ATP_tRNAfMetCAU,-1.2895526103470567e-14,-1.3714692495588625e-14,9.76133360263105e-08,9.76133231307844e-08,0.023123649604484205
R3_GLYRS_HIGH,197,784.2822061337682,MetRS_Met,3.054291574430129e-13,2.4188825735025e-13,4.735359530500116e-05,4.735359561043032e-05,0.01588100179364712
R3_GLYRS_HIGH,197,784.2822061337682,MetRS_MetAMP_PPi,1.3149253279103046e-12,1.1810996784306311e-12,3.491800402255583e-05,3.4918005337481156e-05,0.010584951240033133
R3_GLYRS_HIGH,197,784.2822061337682,MetRS_MetAMP_PPi_tRNAfMetCAU,-1.2139754418247355e-15,-1.937050982324317e-15,6.239132359522053e-08,6.239132238124509e-08,0.016716388946591373
R3_GLYRS_HIGH,197,784.2822061337682,MetRS_MetAMP_tRNAfMetCAU,7.763633594511099e-12,7.687600525644345e-12,0.00038926340929514746,0.00038926341705878105,0.18139623472764435
R3_GLYRS_HIGH,197,784.2822061337682,MetRS_Met_ATP,5.298156227975803e-12,4.366875444435539e-12,0.000669190839246286,0.0006691908445444423,0.23721658513976285
R3_GLYRS_HIGH,197,784.2822061337682,MetRS_Met_ATP_tRNAfMetCAU,-1.5266290801765805e-14,-1.8440112119565057e-14,3.332279737862861e-07,3.332279585199953e-07,0.09002882283952873
R3_GLYRS_HIGH,197,784.2822061337682,MetRS_Met_tRNAfMetCAU,-1.1180868851249104e-15,-1.343379901302212e-15,2.365541917547261e-08,2.3655418057385724e-08,0.006048956951277485
R3_GLYRS_HIGH,197,784.2822061337682,MetRS_tRNAfMetCAU,-9.207544085333804e-16,-9.783709494470126e-16,6.897793733965892e-09,6.897792813211483e-09,0.0015462384879236899
R3_GLYRS_HIGH,198,850.4489341802686,MetRS_AMP,2.4815610944237433e-16,2.4575443108350888e-16,8.968616954115474e-09,8.968617202271583e-09,4.1789592717096665e-06
R3_GLYRS_HIGH,198,850.4489341802686,MetRS_AMP_MettRNAfMetCAU,1.2731245789180225e-13,1.26074059043923e-13,5.322622361450448e-06,5.3226224887629056e-06,0.0024810126999107018
R3_GLYRS_HIGH,198,850.4489341802686,MetRS_ATP,-1.4122580736146764e-11,-1.3032929028898405e-11,0.00019919358449130054,0.0001991935703687198,0.34328914655111564
R3_GLYRS_HIGH,198,850.4489341802686,MetRS_ATP_tRNAfMetCAU,-1.3044780548261495e-14,-1.3882651283085851e-14,9.837589595181669e-08,9.837588290703614e-08,0.023123649604484205
R3_GLYRS_HIGH,198,850.4489341802686,MetRS_Met,3.2710248762000613e-13,2.6206639705164906e-13,4.7413157876681775e-05,4.741315820378426e-05,0.01588100179364712
R3_GLYRS_HIGH,198,850.4489341802686,MetRS_MetAMP_PPi,1.3425613634601534e-12,1.2068021184574595e-12,3.483840472427056e-05,3.483840606683192e-05,0.010584951240033133
R3_GLYRS_HIGH,198,850.4489341802686,MetRS_MetAMP_PPi_tRNAfMetCAU,-1.1340728651465469e-15,-1.8668287360420133e-15,6.229244348881577e-08,6.22924423547429e-08,0.016716388946591373
R3_GLYRS_HIGH,198,850.4489341802686,MetRS_MetAMP_tRNAfMetCAU,7.85151446896365e-12,7.774612757923878e-12,0.00038916722470106304,0.0003891672325525775,0.18139623472764435
R3_GLYRS_HIGH,198,850.4489341802686,MetRS_Met_ATP,5.55050406678137e-12,4.601062090877999e-12,0.0006676652182337044,0.0006676652237842085,0.23721658513976285
R3_GLYRS_HIGH,198,850.4489341802686,MetRS_Met_ATP_tRNAfMetCAU,-1.4978702893261354e-14,-1.8195947666748366e-14,3.3272391188845596e-07,3.3272389690975307e-07,0.09002882283952873
R3_GLYRS_HIGH,198,850.4489341802686,MetRS_Met_tRNAfMetCAU,-1.1001369698795586e-15,-1.329325937885615e-15,2.3703765620350142e-08,2.3703764520213172e-08,0.006048956951277485
R3_GLYRS_HIGH,198,850.4489341802686,MetRS_tRNAfMetCAU,-9.342930605618542e-16,-9.934355268779913e-16,6.97629622507706e-09,6.976295290783999e-09,0.0015462384879236899
R3_GLYRS_HIGH,199,922.1978823334322,MetRS_AMP,2.4742266659119703e-16,2.4502938351431486e-16,8.966205234506077e-09,8.966205481928744e-09,4.1789592717096665e-06
R3_GLYRS_HIGH,199,922.1978823334322,MetRS_AMP_MettRNAfMetCAU,1.2693693261090063e-13,1.2570276523359866e-13,5.321191073635554e-06,5.321191200572487e-06,0.0024810126999107018
R3_GLYRS_HIGH,199,922.1978823334322,MetRS_ATP,-1.4483725227195168e-11,-1.3379977448017151e-11,0.00020057624473721788,0.00020057623025349265,0.34328914655111564
R3_GLYRS_HIGH,199,922.1978823334322,MetRS_ATP_tRNAfMetCAU,-1.3218394641528943e-14,-1.4071182894961325e-14,9.9212922684325e-08,9.921290946593036e-08,0.023123649604484205
R3_GLYRS_HIGH,199,922.1978823334322,MetRS_Met,3.5676995212285956e-13,2.905065380821263e-13,4.7467301452029515e-05,4.746730180879947e-05,0.01588100179364712
R3_GLYRS_HIGH,199,922.1978823334322,MetRS_MetAMP_PPi,1.3762702999811638e-12,1.2393027162889736e-12,3.475087144598116e-05,3.475087282225146e-05,0.010584951240033133
R3_GLYRS_HIGH,199,922.1978823334322,MetRS_MetAMP_PPi_tRNAfMetCAU,-1.0555083093574444e-15,-1.793780858253216e-15,6.218312041022735e-08,6.218311935471904e-08,0.016716388946591373
R3_GLYRS_HIGH,199,922.1978823334322,MetRS_MetAMP_tRNAfMetCAU,7.828419390596558e-12,7.751772039476415e-12,0.0003890625751000044,0.0003890625829284238,0.18139623472764435
R3_GLYRS_HIGH,199,922.1978823334322,MetRS_Met_ATP,5.907359779296073e-12,4.943976077311076e-12,0.0006659875343034057,0.0006659875402107655,0.23721658513976285
R3_GLYRS_HIGH,199,922.1978823334322,MetRS_Met_ATP_tRNAfMetCAU,-1.4693817549254237e-14,-1.7936359220749667e-14,3.321661254211112e-07,3.3216611072729363e-07,0.09002882283952873
R3_GLYRS_HIGH,199,922.1978823334322,MetRS_Met_tRNAfMetCAU,-1.0821861612791453e-15,-1.3140275380995682e-15,2.3751133348867667e-08,2.3751132266681505e-08,0.006048956951277485
R3_GLYRS_HIGH,199,922.1978823334322,MetRS_tRNAfMetCAU,-9.497088385174783e-16,-1.0101263879598023e-15,7.061397988270977e-09,7.061397038562138e-09,0.0015462384879236899
R3_GLYRS_HIGH,200,1000.0,MetRS_AMP,2.4466341209776307e-16,2.42299693621469e-16,8.963609697491795e-09,8.963609942155207e-09,4.1789592717096665e-06
R3_GLYRS_HIGH,200,1000.0,MetRS_AMP_MettRNAfMetCAU,1.2552201997668684e-13,1.2430301405484866e-13,5.319650695360749e-06,5.319650820882769e-06,0.0024810126999107018
R3_GLYRS_HIGH,200,1000.0,MetRS_ATP,-1.4862965811443876e-11,-1.3747909714013082e-11,0.00020209240836990326,0.00020209239350693745,0.34328914655111564
R3_GLYRS_HIGH,200,1000.0,MetRS_ATP_tRNAfMetCAU,-1.3418641502065985e-14,-1.428474772170836e-14,1.0013318177129381e-07,1.0013316835265231e-07,0.023123649604484205
R3_GLYRS_HIGH,200,1000.0,MetRS_Met,3.9238047761045586e-13,3.2500783224393425e-13,4.751349473795527e-05,4.751349513033575e-05,0.01588100179364712
R3_GLYRS_HIGH,200,1000.0,MetRS_MetAMP_PPi,1.414574098861695e-12,1.2767826000311934e-12,3.465457176763121e-05,3.465457318220531e-05,0.010584951240033133
R3_GLYRS_HIGH,200,1000.0,MetRS_MetAMP_PPi_tRNAfMetCAU,-9.766027301628434e-16,-1.7181326413381208e-15,6.206238984764441e-08,6.206238887104168e-08,0.016716388946591373
R3_GLYRS_HIGH,200,1000.0,MetRS_MetAMP_tRNAfMetCAU,7.741217606174744e-12,7.6655044107362e-12,0.00038894994927432416,0.00038894995701554177,0.18139623472764435
R3_GLYRS_HIGH,200,1000.0,MetRS_Met_ATP,6.338580376720471e-12,5.3632330006519105e-12,0.0006641418332593491,0.0006641418395979295,0.23721658513976285
R3_GLYRS_HIGH,200,1000.0,MetRS_Met_ATP_tRNAfMetCAU,-1.4408405562512164e-14,-1.766645155399126e-14,3.315496353129102e-07,3.3154962090450463e-07,0.09002882283952873
R3_GLYRS_HIGH,200,1000.0,MetRS_Met_tRNAfMetCAU,-1.0639565762686894e-15,-1.2977854840856335e-15,2.3796493250334333e-08,2.3796492186377756e-08,0.006048956951277485
R3_GLYRS_HIGH,200,1000.0,MetRS_tRNAfMetCAU,-9.671575575850587e-16,-1.028750865670145e-15,7.153622269058124e-09,7.1536213019005665e-09,0.0015462384879236899
